Sat Jul 18 00:02:39 2026       
+-----------------------------------------------------------------------------------------+
| NVIDIA-SMI 580.159.04             Driver Version: 580.159.04     CUDA Version: 13.0     |
+-----------------------------------------+------------------------+----------------------+
| GPU  Name                 Persistence-M | Bus-Id          Disp.A | Volatile Uncorr. ECC |
| Fan  Temp   Perf          Pwr:Usage/Cap |           Memory-Usage | GPU-Util  Compute M. |
|                                         |                        |               MIG M. |
|=========================================+========================+======================|
|   0  NVIDIA A100-SXM4-80GB          On  |   00000000:01:00.0 Off |                   On |
| N/A   38C    P0            135W /  500W |    2954MiB /  81920MiB |     N/A      Default |
|                                         |                        |              Enabled |
+-----------------------------------------+------------------------+----------------------+
|   1  NVIDIA A100-SXM4-80GB          On  |   00000000:41:00.0 Off |                   On |
| N/A   31C    P0             85W /  500W |    5340MiB /  81920MiB |     N/A      Default |
|                                         |                        |              Enabled |
+-----------------------------------------+------------------------+----------------------+
|   2  NVIDIA A100-SXM4-80GB          On  |   00000000:81:00.0 Off |                   On |
| N/A   40C    P0            147W /  500W |    9322MiB /  81920MiB |     N/A      Default |
|                                         |                        |              Enabled |
+-----------------------------------------+------------------------+----------------------+
|   3  NVIDIA A100-SXM4-80GB          On  |   00000000:C1:00.0 Off |                   On |
| N/A   29C    P0             50W /  500W |     249MiB /  81920MiB |     N/A      Default |
|                                         |                        |              Enabled |
+-----------------------------------------+------------------------+----------------------+

+-----------------------------------------------------------------------------------------+
| MIG devices:                                                                            |
+------------------+----------------------------------+-----------+-----------------------+
| GPU  GI  CI  MIG |              Shared Memory-Usage |        Vol|        Shared         |
|      ID  ID  Dev |                Shared BAR1-Usage | SM     Unc| CE ENC  DEC  OFA  JPG |
|                  |                                  |        ECC|                       |
|==================+==================================+===========+=======================|
|  3    5   0   0  |              71MiB / 19968MiB    | 28      0 |  2   0    1    0    0 |
|                  |               0MiB / 12271MiB    |           |                       |
+------------------+----------------------------------+-----------+-----------------------+

+-----------------------------------------------------------------------------------------+
| Processes:                                                                              |
|  GPU   GI   CI              PID   Type   Process name                        GPU Memory |
|        ID   ID                                                               Usage      |
|=========================================================================================|
|    0   13    0           242737      C   ...ftware/ase-new-env/bin/python        694MiB |
|    0   14    0           242738      C   ...ftware/ase-new-env/bin/python        710MiB |
|    0    5    0          1050086      C   python                                 1278MiB |
|    1   10    0           244604      C   ...ftware/ase-new-env/bin/python       2800MiB |
|    1    9    0           244605      C   ...ftware/ase-new-env/bin/python       1116MiB |
|    1    3    0          1050086      C   python                                 1152MiB |
|    2    9    0           246565      C   ...ftware/ase-new-env/bin/python       1906MiB |
|    2   10    0           246566      C   ...ftware/ase-new-env/bin/python       1926MiB |
|    2    3    0          1227014      C   python                                 5218MiB |
+-----------------------------------------------------------------------------------------+
run_gnn.sh contains 42 commands
python main.py --gnn sage --dataset minesweeper --hidden_channels 64 --epochs 2000 --lr 0.01 --runs 3 --local_layers 15 --weight_decay 0.0 --dropout 0.2 --metric rocauc --device 0 --bn --res --runs 10
==========================================================
Condition sweep: python main.py --gnn sage --dataset minesweeper --hidden_channels 64 --epochs 2000 --lr 0.01 --runs 3 --local_layers 15 --weight_decay 0.0 --dropout 0.2 --metric rocauc --device 0 --bn --res --runs 10
result_dir=results/unified transforms=[] oracle=1 baseline=0
==========================================================
--- oracle_reg | lambda=0.01 ---
Namespace(bn=True, cpu=False, data_dir='./data/', dataset='minesweeper', device=0, display_step=100, dropout=0.2, epochs=2000, gnn='sage', hidden_channels=64, jk=False, label_num_per_class=20, lambda_val=0.01, ln=False, local_layers=15, lr=0.01, metric='rocauc', mlp_epochs=500, mlp_reg=False, model='MPNN', model_dir='models', num_heads=1, oracle_reg=True, paired_seeds=True, penalty_transform='none', pre_linear=False, pre_ln=False, rand_split=False, rand_split_class=False, reg_start_epoch=10, reg_update_freq=5, res=True, result_dir='results/unified', runs=10, save_model=False, seed=42, test_num=1000, train_prop=0.5, use_reg=True, valid_num=500, valid_prop=0.25, weight_decay=0.0)
minesweeper
dataset minesweeper | num nodes 10000 | num edge 39402 | num node feats 7 | num classes 2
MODEL: MPNNs(
  (h_lins): ModuleList()
  (local_convs): ModuleList(
    (0): SAGEConv(7, 64, aggr=mean)
    (1): SAGEConv(64, 64, aggr=mean)
    (2): SAGEConv(64, 64, aggr=mean)
    (3): SAGEConv(64, 64, aggr=mean)
    (4): SAGEConv(64, 64, aggr=mean)
    (5): SAGEConv(64, 64, aggr=mean)
    (6): SAGEConv(64, 64, aggr=mean)
    (7): SAGEConv(64, 64, aggr=mean)
    (8): SAGEConv(64, 64, aggr=mean)
    (9): SAGEConv(64, 64, aggr=mean)
    (10): SAGEConv(64, 64, aggr=mean)
    (11): SAGEConv(64, 64, aggr=mean)
    (12): SAGEConv(64, 64, aggr=mean)
    (13): SAGEConv(64, 64, aggr=mean)
    (14): SAGEConv(64, 64, aggr=mean)
  )
  (lins): ModuleList(
    (0): Linear(in_features=7, out_features=64, bias=True)
    (1): Linear(in_features=64, out_features=64, bias=True)
    (2): Linear(in_features=64, out_features=64, bias=True)
    (3): Linear(in_features=64, out_features=64, bias=True)
    (4): Linear(in_features=64, out_features=64, bias=True)
    (5): Linear(in_features=64, out_features=64, bias=True)
    (6): Linear(in_features=64, out_features=64, bias=True)
    (7): Linear(in_features=64, out_features=64, bias=True)
    (8): Linear(in_features=64, out_features=64, bias=True)
    (9): Linear(in_features=64, out_features=64, bias=True)
    (10): Linear(in_features=64, out_features=64, bias=True)
    (11): Linear(in_features=64, out_features=64, bias=True)
    (12): Linear(in_features=64, out_features=64, bias=True)
    (13): Linear(in_features=64, out_features=64, bias=True)
    (14): Linear(in_features=64, out_features=64, bias=True)
  )
  (lns): ModuleList(
    (0): LayerNorm((64,), eps=1e-05, elementwise_affine=True)
    (1): LayerNorm((64,), eps=1e-05, elementwise_affine=True)
    (2): LayerNorm((64,), eps=1e-05, elementwise_affine=True)
    (3): LayerNorm((64,), eps=1e-05, elementwise_affine=True)
    (4): LayerNorm((64,), eps=1e-05, elementwise_affine=True)
    (5): LayerNorm((64,), eps=1e-05, elementwise_affine=True)
    (6): LayerNorm((64,), eps=1e-05, elementwise_affine=True)
    (7): LayerNorm((64,), eps=1e-05, elementwise_affine=True)
    (8): LayerNorm((64,), eps=1e-05, elementwise_affine=True)
    (9): LayerNorm((64,), eps=1e-05, elementwise_affine=True)
    (10): LayerNorm((64,), eps=1e-05, elementwise_affine=True)
    (11): LayerNorm((64,), eps=1e-05, elementwise_affine=True)
    (12): LayerNorm((64,), eps=1e-05, elementwise_affine=True)
    (13): LayerNorm((64,), eps=1e-05, elementwise_affine=True)
    (14): LayerNorm((64,), eps=1e-05, elementwise_affine=True)
  )
  (bns): ModuleList(
    (0): BatchNorm1d(64, eps=1e-05, momentum=0.1, affine=True, track_running_stats=True)
    (1): BatchNorm1d(64, eps=1e-05, momentum=0.1, affine=True, track_running_stats=True)
    (2): BatchNorm1d(64, eps=1e-05, momentum=0.1, affine=True, track_running_stats=True)
    (3): BatchNorm1d(64, eps=1e-05, momentum=0.1, affine=True, track_running_stats=True)
    (4): BatchNorm1d(64, eps=1e-05, momentum=0.1, affine=True, track_running_stats=True)
    (5): BatchNorm1d(64, eps=1e-05, momentum=0.1, affine=True, track_running_stats=True)
    (6): BatchNorm1d(64, eps=1e-05, momentum=0.1, affine=True, track_running_stats=True)
    (7): BatchNorm1d(64, eps=1e-05, momentum=0.1, affine=True, track_running_stats=True)
    (8): BatchNorm1d(64, eps=1e-05, momentum=0.1, affine=True, track_running_stats=True)
    (9): BatchNorm1d(64, eps=1e-05, momentum=0.1, affine=True, track_running_stats=True)
    (10): BatchNorm1d(64, eps=1e-05, momentum=0.1, affine=True, track_running_stats=True)
    (11): BatchNorm1d(64, eps=1e-05, momentum=0.1, affine=True, track_running_stats=True)
    (12): BatchNorm1d(64, eps=1e-05, momentum=0.1, affine=True, track_running_stats=True)
    (13): BatchNorm1d(64, eps=1e-05, momentum=0.1, affine=True, track_running_stats=True)
    (14): BatchNorm1d(64, eps=1e-05, momentum=0.1, affine=True, track_running_stats=True)
  )
  (lin_in): Linear(in_features=7, out_features=64, bias=True)
  (pred_local): Linear(in_features=64, out_features=2, bias=True)
)
Computing oracle penalty matrix from true labels...
Oracle penalty matrix frozen.
Epoch: 00, Loss: 0.6441, Train: 39.88%, Valid: 39.39%, Test: 41.27%, Best Valid: 39.39%, Best Test: 41.27%
Epoch: 100, Loss: 0.2462, Train: 95.66%, Valid: 93.11%, Test: 94.14%, Best Valid: 93.11%, Best Test: 94.14%
Epoch: 200, Loss: 0.1877, Train: 98.25%, Valid: 95.60%, Test: 96.26%, Best Valid: 95.63%, Best Test: 96.41%
Epoch: 300, Loss: 0.1592, Train: 99.07%, Valid: 96.27%, Test: 96.56%, Best Valid: 96.33%, Best Test: 96.91%
Epoch: 400, Loss: 0.1310, Train: 99.71%, Valid: 96.48%, Test: 97.13%, Best Valid: 96.76%, Best Test: 96.80%
Epoch: 500, Loss: 0.1123, Train: 99.82%, Valid: 96.86%, Test: 97.01%, Best Valid: 97.00%, Best Test: 97.14%
Epoch: 600, Loss: 0.1026, Train: 99.94%, Valid: 97.18%, Test: 97.20%, Best Valid: 97.44%, Best Test: 97.49%
Epoch: 700, Loss: 0.0928, Train: 99.98%, Valid: 97.46%, Test: 97.34%, Best Valid: 97.62%, Best Test: 97.23%
Epoch: 800, Loss: 0.0904, Train: 99.99%, Valid: 97.23%, Test: 97.36%, Best Valid: 97.62%, Best Test: 97.23%
Epoch: 900, Loss: 0.0737, Train: 99.99%, Valid: 97.83%, Test: 97.54%, Best Valid: 97.83%, Best Test: 97.54%
Epoch: 1000, Loss: 0.0726, Train: 100.00%, Valid: 97.58%, Test: 97.40%, Best Valid: 97.84%, Best Test: 97.57%
Epoch: 1100, Loss: 0.0571, Train: 100.00%, Valid: 98.04%, Test: 97.82%, Best Valid: 98.04%, Best Test: 97.82%
Epoch: 1200, Loss: 0.0575, Train: 100.00%, Valid: 97.69%, Test: 97.60%, Best Valid: 98.15%, Best Test: 98.05%
Epoch: 1300, Loss: 0.0569, Train: 100.00%, Valid: 98.03%, Test: 97.75%, Best Valid: 98.15%, Best Test: 98.05%
Epoch: 1400, Loss: 0.0535, Train: 100.00%, Valid: 97.70%, Test: 97.85%, Best Valid: 98.15%, Best Test: 98.05%
Epoch: 1500, Loss: 0.0431, Train: 100.00%, Valid: 97.86%, Test: 97.84%, Best Valid: 98.15%, Best Test: 98.05%
Epoch: 1600, Loss: 0.0470, Train: 100.00%, Valid: 98.08%, Test: 97.74%, Best Valid: 98.15%, Best Test: 98.05%
Epoch: 1700, Loss: 0.0368, Train: 100.00%, Valid: 98.05%, Test: 98.09%, Best Valid: 98.16%, Best Test: 98.00%
Epoch: 1800, Loss: 0.0360, Train: 100.00%, Valid: 98.13%, Test: 98.16%, Best Valid: 98.34%, Best Test: 98.01%
Epoch: 1900, Loss: 0.0479, Train: 100.00%, Valid: 98.14%, Test: 98.17%, Best Valid: 98.34%, Best Test: 98.01%
Run 01:
Highest Train: 100.00
Highest Valid: 98.34
Highest Test: 98.27
Chosen epoch: 1782
Final Train: 100.00
Final Test: 98.01
Computing oracle penalty matrix from true labels...
Oracle penalty matrix frozen.
Epoch: 00, Loss: 0.6966, Train: 67.68%, Valid: 68.62%, Test: 69.68%, Best Valid: 68.62%, Best Test: 69.68%
Epoch: 100, Loss: 0.2710, Train: 94.59%, Valid: 93.70%, Test: 93.61%, Best Valid: 93.73%, Best Test: 93.56%
Epoch: 200, Loss: 0.2004, Train: 97.96%, Valid: 96.06%, Test: 96.33%, Best Valid: 96.30%, Best Test: 96.21%
Epoch: 300, Loss: 0.1736, Train: 99.03%, Valid: 96.43%, Test: 96.78%, Best Valid: 96.74%, Best Test: 96.89%
Epoch: 400, Loss: 0.1524, Train: 99.43%, Valid: 96.61%, Test: 97.17%, Best Valid: 96.89%, Best Test: 97.28%
Epoch: 500, Loss: 0.1293, Train: 99.76%, Valid: 96.92%, Test: 97.52%, Best Valid: 97.07%, Best Test: 97.56%
Epoch: 600, Loss: 0.1160, Train: 99.93%, Valid: 96.90%, Test: 97.42%, Best Valid: 97.11%, Best Test: 97.28%
Epoch: 700, Loss: 0.1017, Train: 99.96%, Valid: 97.09%, Test: 97.56%, Best Valid: 97.33%, Best Test: 97.63%
Epoch: 800, Loss: 0.1021, Train: 99.95%, Valid: 97.39%, Test: 97.52%, Best Valid: 97.40%, Best Test: 97.52%
Epoch: 900, Loss: 0.0816, Train: 99.99%, Valid: 97.41%, Test: 97.67%, Best Valid: 97.44%, Best Test: 97.67%
Epoch: 1000, Loss: 0.0849, Train: 99.99%, Valid: 97.03%, Test: 97.48%, Best Valid: 97.44%, Best Test: 97.67%
Epoch: 1100, Loss: 0.0687, Train: 100.00%, Valid: 97.38%, Test: 97.49%, Best Valid: 97.55%, Best Test: 97.77%
Epoch: 1200, Loss: 0.0660, Train: 100.00%, Valid: 97.39%, Test: 97.56%, Best Valid: 97.55%, Best Test: 97.77%
Epoch: 1300, Loss: 0.0670, Train: 100.00%, Valid: 97.37%, Test: 97.54%, Best Valid: 97.55%, Best Test: 97.77%
Epoch: 1400, Loss: 0.0606, Train: 100.00%, Valid: 97.29%, Test: 97.60%, Best Valid: 97.55%, Best Test: 97.77%
Epoch: 1500, Loss: 0.0549, Train: 100.00%, Valid: 97.24%, Test: 97.37%, Best Valid: 97.55%, Best Test: 97.77%
Epoch: 1600, Loss: 0.0553, Train: 100.00%, Valid: 97.34%, Test: 97.53%, Best Valid: 97.60%, Best Test: 97.33%
Epoch: 1700, Loss: 0.0431, Train: 100.00%, Valid: 97.27%, Test: 97.51%, Best Valid: 97.74%, Best Test: 97.74%
Epoch: 1800, Loss: 0.0444, Train: 100.00%, Valid: 97.57%, Test: 97.68%, Best Valid: 97.74%, Best Test: 97.74%
Epoch: 1900, Loss: 0.0448, Train: 100.00%, Valid: 97.36%, Test: 97.56%, Best Valid: 97.74%, Best Test: 97.74%
Run 02:
Highest Train: 100.00
Highest Valid: 97.74
Highest Test: 97.82
Chosen epoch: 1638
Final Train: 100.00
Final Test: 97.74
Computing oracle penalty matrix from true labels...
Oracle penalty matrix frozen.
Epoch: 00, Loss: 0.9151, Train: 40.25%, Valid: 38.88%, Test: 38.88%, Best Valid: 38.88%, Best Test: 38.88%
Epoch: 100, Loss: 0.2454, Train: 95.63%, Valid: 94.13%, Test: 94.15%, Best Valid: 94.28%, Best Test: 94.52%
Epoch: 200, Loss: 0.1957, Train: 98.35%, Valid: 96.40%, Test: 96.89%, Best Valid: 96.49%, Best Test: 96.92%
Epoch: 300, Loss: 0.1554, Train: 99.06%, Valid: 96.97%, Test: 97.29%, Best Valid: 97.17%, Best Test: 97.46%
Epoch: 400, Loss: 0.1398, Train: 99.57%, Valid: 97.29%, Test: 97.79%, Best Valid: 97.62%, Best Test: 97.65%
Epoch: 500, Loss: 0.1199, Train: 99.74%, Valid: 97.41%, Test: 97.80%, Best Valid: 97.73%, Best Test: 97.89%
Epoch: 600, Loss: 0.1073, Train: 99.89%, Valid: 97.62%, Test: 98.05%, Best Valid: 97.91%, Best Test: 98.37%
Epoch: 700, Loss: 0.1016, Train: 99.94%, Valid: 97.92%, Test: 98.31%, Best Valid: 98.07%, Best Test: 98.32%
Epoch: 800, Loss: 0.0940, Train: 99.98%, Valid: 98.22%, Test: 98.38%, Best Valid: 98.22%, Best Test: 98.38%
Epoch: 900, Loss: 0.0895, Train: 99.99%, Valid: 98.08%, Test: 98.43%, Best Valid: 98.34%, Best Test: 98.37%
Epoch: 1000, Loss: 0.0647, Train: 100.00%, Valid: 98.21%, Test: 98.33%, Best Valid: 98.48%, Best Test: 98.56%
Epoch: 1100, Loss: 0.0599, Train: 100.00%, Valid: 98.20%, Test: 98.28%, Best Valid: 98.48%, Best Test: 98.56%
Epoch: 1200, Loss: 0.0566, Train: 100.00%, Valid: 98.39%, Test: 98.56%, Best Valid: 98.48%, Best Test: 98.56%
Epoch: 1300, Loss: 0.0583, Train: 100.00%, Valid: 98.25%, Test: 98.42%, Best Valid: 98.48%, Best Test: 98.56%
Epoch: 1400, Loss: 0.0532, Train: 100.00%, Valid: 98.22%, Test: 98.26%, Best Valid: 98.48%, Best Test: 98.56%
Epoch: 1500, Loss: 0.0516, Train: 100.00%, Valid: 98.33%, Test: 98.55%, Best Valid: 98.48%, Best Test: 98.56%
Epoch: 1600, Loss: 0.0493, Train: 100.00%, Valid: 98.37%, Test: 98.65%, Best Valid: 98.54%, Best Test: 98.64%
Epoch: 1700, Loss: 0.0507, Train: 100.00%, Valid: 98.27%, Test: 98.64%, Best Valid: 98.54%, Best Test: 98.64%
Epoch: 1800, Loss: 0.0473, Train: 100.00%, Valid: 98.21%, Test: 98.50%, Best Valid: 98.54%, Best Test: 98.64%
Epoch: 1900, Loss: 0.0395, Train: 100.00%, Valid: 98.29%, Test: 98.42%, Best Valid: 98.55%, Best Test: 98.64%
Run 03:
Highest Train: 100.00
Highest Valid: 98.55
Highest Test: 98.77
Chosen epoch: 1850
Final Train: 100.00
Final Test: 98.64
Computing oracle penalty matrix from true labels...
Oracle penalty matrix frozen.
Epoch: 00, Loss: 0.6509, Train: 45.40%, Valid: 44.71%, Test: 46.16%, Best Valid: 44.71%, Best Test: 46.16%
Epoch: 100, Loss: 0.2449, Train: 96.26%, Valid: 94.20%, Test: 94.16%, Best Valid: 94.20%, Best Test: 94.16%
Epoch: 200, Loss: 0.1874, Train: 98.50%, Valid: 96.05%, Test: 96.34%, Best Valid: 96.05%, Best Test: 96.29%
Epoch: 300, Loss: 0.1636, Train: 99.04%, Valid: 96.24%, Test: 96.58%, Best Valid: 96.57%, Best Test: 96.56%
Epoch: 400, Loss: 0.1324, Train: 99.61%, Valid: 96.75%, Test: 96.78%, Best Valid: 96.75%, Best Test: 96.74%
Epoch: 500, Loss: 0.1276, Train: 99.80%, Valid: 96.59%, Test: 96.51%, Best Valid: 96.75%, Best Test: 96.74%
Epoch: 600, Loss: 0.1024, Train: 99.92%, Valid: 96.20%, Test: 96.21%, Best Valid: 96.75%, Best Test: 96.74%
Epoch: 700, Loss: 0.0989, Train: 99.96%, Valid: 96.23%, Test: 96.34%, Best Valid: 96.75%, Best Test: 96.74%
Epoch: 800, Loss: 0.0982, Train: 99.98%, Valid: 96.39%, Test: 96.52%, Best Valid: 96.75%, Best Test: 96.74%
Epoch: 900, Loss: 0.0732, Train: 99.99%, Valid: 96.53%, Test: 96.62%, Best Valid: 96.75%, Best Test: 96.74%
Epoch: 1000, Loss: 0.0752, Train: 100.00%, Valid: 96.13%, Test: 96.46%, Best Valid: 96.75%, Best Test: 96.74%
Epoch: 1100, Loss: 0.0673, Train: 100.00%, Valid: 96.52%, Test: 96.67%, Best Valid: 96.75%, Best Test: 96.74%
Epoch: 1200, Loss: 0.0660, Train: 100.00%, Valid: 96.27%, Test: 96.67%, Best Valid: 96.75%, Best Test: 96.74%
Epoch: 1300, Loss: 0.0595, Train: 100.00%, Valid: 96.43%, Test: 96.65%, Best Valid: 96.75%, Best Test: 96.74%
Epoch: 1400, Loss: 0.0555, Train: 100.00%, Valid: 96.29%, Test: 96.43%, Best Valid: 96.75%, Best Test: 96.74%
Epoch: 1500, Loss: 0.0510, Train: 100.00%, Valid: 96.22%, Test: 96.37%, Best Valid: 96.75%, Best Test: 96.74%
Epoch: 1600, Loss: 0.0460, Train: 100.00%, Valid: 96.60%, Test: 96.47%, Best Valid: 96.75%, Best Test: 96.74%
Epoch: 1700, Loss: 0.0400, Train: 100.00%, Valid: 96.06%, Test: 95.89%, Best Valid: 96.75%, Best Test: 96.74%
Epoch: 1800, Loss: 0.0479, Train: 100.00%, Valid: 96.11%, Test: 96.13%, Best Valid: 96.75%, Best Test: 96.74%
Epoch: 1900, Loss: 0.0395, Train: 100.00%, Valid: 96.07%, Test: 96.23%, Best Valid: 96.75%, Best Test: 96.74%
Run 04:
Highest Train: 100.00
Highest Valid: 96.75
Highest Test: 96.99
Chosen epoch: 399
Final Train: 99.62
Final Test: 96.74
Computing oracle penalty matrix from true labels...
Oracle penalty matrix frozen.
Epoch: 00, Loss: 0.7848, Train: 64.32%, Valid: 63.63%, Test: 62.89%, Best Valid: 63.63%, Best Test: 62.89%
Epoch: 100, Loss: 0.2399, Train: 96.17%, Valid: 94.59%, Test: 94.55%, Best Valid: 94.64%, Best Test: 94.47%
Epoch: 200, Loss: 0.1866, Train: 98.41%, Valid: 96.12%, Test: 96.03%, Best Valid: 96.36%, Best Test: 96.20%
Epoch: 300, Loss: 0.1541, Train: 99.12%, Valid: 96.60%, Test: 96.39%, Best Valid: 96.86%, Best Test: 96.48%
Epoch: 400, Loss: 0.1364, Train: 99.49%, Valid: 96.91%, Test: 96.69%, Best Valid: 96.96%, Best Test: 96.61%
Epoch: 500, Loss: 0.1212, Train: 99.66%, Valid: 96.92%, Test: 96.71%, Best Valid: 96.96%, Best Test: 96.73%
Epoch: 600, Loss: 0.1312, Train: 99.86%, Valid: 96.97%, Test: 96.66%, Best Valid: 97.05%, Best Test: 96.87%
Epoch: 700, Loss: 0.0936, Train: 99.92%, Valid: 96.72%, Test: 96.52%, Best Valid: 97.09%, Best Test: 96.98%
Epoch: 800, Loss: 0.0960, Train: 99.95%, Valid: 96.37%, Test: 96.60%, Best Valid: 97.09%, Best Test: 96.98%
Epoch: 900, Loss: 0.0819, Train: 99.98%, Valid: 97.05%, Test: 96.75%, Best Valid: 97.09%, Best Test: 96.98%
Epoch: 1000, Loss: 0.0828, Train: 99.99%, Valid: 96.70%, Test: 96.40%, Best Valid: 97.09%, Best Test: 96.98%
Epoch: 1100, Loss: 0.0735, Train: 99.99%, Valid: 96.89%, Test: 96.54%, Best Valid: 97.09%, Best Test: 96.98%
Epoch: 1200, Loss: 0.0671, Train: 100.00%, Valid: 96.90%, Test: 96.70%, Best Valid: 97.09%, Best Test: 96.98%
Epoch: 1300, Loss: 0.0699, Train: 100.00%, Valid: 96.68%, Test: 96.51%, Best Valid: 97.09%, Best Test: 96.98%
Epoch: 1400, Loss: 0.0596, Train: 100.00%, Valid: 96.46%, Test: 96.26%, Best Valid: 97.15%, Best Test: 96.50%
Epoch: 1500, Loss: 0.0595, Train: 100.00%, Valid: 96.93%, Test: 96.55%, Best Valid: 97.15%, Best Test: 96.50%
Epoch: 1600, Loss: 0.0488, Train: 100.00%, Valid: 96.83%, Test: 96.49%, Best Valid: 97.15%, Best Test: 96.50%
Epoch: 1700, Loss: 0.0474, Train: 100.00%, Valid: 96.38%, Test: 96.44%, Best Valid: 97.15%, Best Test: 96.50%
Epoch: 1800, Loss: 0.0501, Train: 100.00%, Valid: 96.76%, Test: 96.46%, Best Valid: 97.15%, Best Test: 96.50%
Epoch: 1900, Loss: 0.0483, Train: 100.00%, Valid: 96.71%, Test: 96.61%, Best Valid: 97.15%, Best Test: 96.50%
Run 05:
Highest Train: 100.00
Highest Valid: 97.15
Highest Test: 97.02
Chosen epoch: 1345
Final Train: 100.00
Final Test: 96.50
Computing oracle penalty matrix from true labels...
Oracle penalty matrix frozen.
Epoch: 00, Loss: 0.7493, Train: 44.11%, Valid: 44.60%, Test: 41.79%, Best Valid: 44.60%, Best Test: 41.79%
Epoch: 100, Loss: 0.2460, Train: 95.95%, Valid: 93.90%, Test: 94.38%, Best Valid: 93.91%, Best Test: 94.29%
Epoch: 200, Loss: 0.1867, Train: 98.12%, Valid: 95.31%, Test: 95.81%, Best Valid: 95.38%, Best Test: 95.91%
Epoch: 300, Loss: 0.1681, Train: 99.01%, Valid: 95.34%, Test: 96.03%, Best Valid: 95.62%, Best Test: 96.17%
Epoch: 400, Loss: 0.1438, Train: 99.44%, Valid: 94.93%, Test: 95.85%, Best Valid: 95.62%, Best Test: 96.17%
Epoch: 500, Loss: 0.1255, Train: 99.75%, Valid: 95.21%, Test: 95.70%, Best Valid: 95.62%, Best Test: 96.17%
Epoch: 600, Loss: 0.1200, Train: 99.89%, Valid: 95.07%, Test: 95.86%, Best Valid: 95.62%, Best Test: 96.17%
Epoch: 700, Loss: 0.1011, Train: 99.97%, Valid: 94.91%, Test: 95.64%, Best Valid: 95.62%, Best Test: 96.17%
Epoch: 800, Loss: 0.0968, Train: 99.99%, Valid: 94.96%, Test: 95.48%, Best Valid: 95.62%, Best Test: 96.17%
Epoch: 900, Loss: 0.0798, Train: 99.99%, Valid: 94.86%, Test: 95.46%, Best Valid: 95.62%, Best Test: 96.17%
Epoch: 1000, Loss: 0.0684, Train: 100.00%, Valid: 94.60%, Test: 95.35%, Best Valid: 95.62%, Best Test: 96.17%
Epoch: 1100, Loss: 0.0730, Train: 100.00%, Valid: 94.73%, Test: 95.45%, Best Valid: 95.62%, Best Test: 96.17%
Epoch: 1200, Loss: 0.0665, Train: 100.00%, Valid: 94.81%, Test: 95.62%, Best Valid: 95.62%, Best Test: 96.17%
Epoch: 1300, Loss: 0.0623, Train: 100.00%, Valid: 94.79%, Test: 95.49%, Best Valid: 95.62%, Best Test: 96.17%
Epoch: 1400, Loss: 0.0625, Train: 100.00%, Valid: 94.95%, Test: 95.43%, Best Valid: 95.62%, Best Test: 96.17%
Epoch: 1500, Loss: 0.0505, Train: 100.00%, Valid: 94.70%, Test: 95.39%, Best Valid: 95.62%, Best Test: 96.17%
Epoch: 1600, Loss: 0.0404, Train: 100.00%, Valid: 94.76%, Test: 95.12%, Best Valid: 95.62%, Best Test: 96.17%
Epoch: 1700, Loss: 0.0410, Train: 100.00%, Valid: 94.68%, Test: 95.40%, Best Valid: 95.62%, Best Test: 96.17%
Epoch: 1800, Loss: 0.0426, Train: 100.00%, Valid: 94.66%, Test: 95.06%, Best Valid: 95.62%, Best Test: 96.17%
Epoch: 1900, Loss: 0.0418, Train: 100.00%, Valid: 94.66%, Test: 95.09%, Best Valid: 95.62%, Best Test: 96.17%
Run 06:
Highest Train: 100.00
Highest Valid: 95.62
Highest Test: 96.38
Chosen epoch: 286
Final Train: 99.01
Final Test: 96.17
Computing oracle penalty matrix from true labels...
Oracle penalty matrix frozen.
Epoch: 00, Loss: 0.8745, Train: 49.93%, Valid: 48.09%, Test: 49.05%, Best Valid: 48.09%, Best Test: 49.05%
Epoch: 100, Loss: 0.2498, Train: 95.77%, Valid: 95.53%, Test: 94.06%, Best Valid: 95.53%, Best Test: 94.06%
Epoch: 200, Loss: 0.1976, Train: 98.29%, Valid: 96.60%, Test: 95.66%, Best Valid: 96.91%, Best Test: 96.07%
Epoch: 300, Loss: 0.1532, Train: 99.20%, Valid: 97.23%, Test: 96.72%, Best Valid: 97.44%, Best Test: 96.91%
Epoch: 400, Loss: 0.1341, Train: 99.62%, Valid: 97.53%, Test: 97.10%, Best Valid: 97.65%, Best Test: 97.01%
Epoch: 500, Loss: 0.1158, Train: 99.84%, Valid: 97.52%, Test: 97.26%, Best Valid: 97.77%, Best Test: 97.26%
Epoch: 600, Loss: 0.1038, Train: 99.93%, Valid: 97.46%, Test: 97.21%, Best Valid: 97.89%, Best Test: 97.25%
Epoch: 700, Loss: 0.0884, Train: 99.95%, Valid: 97.61%, Test: 97.21%, Best Valid: 97.99%, Best Test: 97.47%
Epoch: 800, Loss: 0.0834, Train: 99.98%, Valid: 97.77%, Test: 97.15%, Best Valid: 98.08%, Best Test: 97.50%
Epoch: 900, Loss: 0.0786, Train: 99.99%, Valid: 97.57%, Test: 97.50%, Best Valid: 98.08%, Best Test: 97.50%
Epoch: 1000, Loss: 0.0714, Train: 100.00%, Valid: 97.70%, Test: 97.37%, Best Valid: 98.08%, Best Test: 97.50%
Epoch: 1100, Loss: 0.0708, Train: 100.00%, Valid: 97.77%, Test: 97.34%, Best Valid: 98.08%, Best Test: 97.50%
Epoch: 1200, Loss: 0.0590, Train: 100.00%, Valid: 98.19%, Test: 97.59%, Best Valid: 98.19%, Best Test: 97.59%
Epoch: 1300, Loss: 0.0677, Train: 100.00%, Valid: 98.10%, Test: 97.52%, Best Valid: 98.19%, Best Test: 97.59%
Epoch: 1400, Loss: 0.0497, Train: 100.00%, Valid: 97.90%, Test: 97.48%, Best Valid: 98.19%, Best Test: 97.59%
Epoch: 1500, Loss: 0.0518, Train: 100.00%, Valid: 97.81%, Test: 97.56%, Best Valid: 98.19%, Best Test: 97.59%
Epoch: 1600, Loss: 0.0518, Train: 100.00%, Valid: 97.61%, Test: 97.49%, Best Valid: 98.19%, Best Test: 97.59%
Epoch: 1700, Loss: 0.0473, Train: 100.00%, Valid: 97.93%, Test: 97.58%, Best Valid: 98.19%, Best Test: 97.59%
Epoch: 1800, Loss: 0.0469, Train: 100.00%, Valid: 97.84%, Test: 97.24%, Best Valid: 98.19%, Best Test: 97.59%
Epoch: 1900, Loss: 0.0434, Train: 100.00%, Valid: 97.92%, Test: 97.57%, Best Valid: 98.19%, Best Test: 97.59%
Run 07:
Highest Train: 100.00
Highest Valid: 98.19
Highest Test: 97.79
Chosen epoch: 1200
Final Train: 100.00
Final Test: 97.59
Computing oracle penalty matrix from true labels...
Oracle penalty matrix frozen.
Epoch: 00, Loss: 0.7447, Train: 64.62%, Valid: 62.65%, Test: 62.20%, Best Valid: 62.65%, Best Test: 62.20%
Epoch: 100, Loss: 0.2490, Train: 95.72%, Valid: 94.64%, Test: 94.88%, Best Valid: 94.70%, Best Test: 94.92%
Epoch: 200, Loss: 0.1993, Train: 97.97%, Valid: 96.44%, Test: 96.73%, Best Valid: 96.44%, Best Test: 96.73%
Epoch: 300, Loss: 0.1725, Train: 98.88%, Valid: 96.85%, Test: 97.17%, Best Valid: 96.91%, Best Test: 97.18%
Epoch: 400, Loss: 0.1512, Train: 99.34%, Valid: 97.27%, Test: 97.48%, Best Valid: 97.31%, Best Test: 97.26%
Epoch: 500, Loss: 0.1310, Train: 99.66%, Valid: 97.15%, Test: 97.39%, Best Valid: 97.39%, Best Test: 97.16%
Epoch: 600, Loss: 0.1191, Train: 99.83%, Valid: 97.37%, Test: 97.30%, Best Valid: 97.41%, Best Test: 97.30%
Epoch: 700, Loss: 0.1071, Train: 99.90%, Valid: 97.44%, Test: 97.06%, Best Valid: 97.50%, Best Test: 97.17%
Epoch: 800, Loss: 0.1041, Train: 99.95%, Valid: 97.00%, Test: 96.97%, Best Valid: 97.57%, Best Test: 97.18%
Epoch: 900, Loss: 0.0929, Train: 99.98%, Valid: 97.20%, Test: 96.96%, Best Valid: 97.57%, Best Test: 97.18%
Epoch: 1000, Loss: 0.0889, Train: 99.98%, Valid: 97.21%, Test: 96.62%, Best Valid: 97.57%, Best Test: 97.18%
Epoch: 1100, Loss: 0.0805, Train: 99.99%, Valid: 97.32%, Test: 97.26%, Best Valid: 97.57%, Best Test: 97.18%
Epoch: 1200, Loss: 0.0717, Train: 100.00%, Valid: 97.31%, Test: 97.02%, Best Valid: 97.57%, Best Test: 97.18%
Epoch: 1300, Loss: 0.0732, Train: 100.00%, Valid: 97.31%, Test: 96.97%, Best Valid: 97.57%, Best Test: 97.18%
Epoch: 1400, Loss: 0.0630, Train: 100.00%, Valid: 97.07%, Test: 97.11%, Best Valid: 97.57%, Best Test: 97.18%
Epoch: 1500, Loss: 0.0598, Train: 100.00%, Valid: 97.24%, Test: 97.00%, Best Valid: 97.57%, Best Test: 97.18%
Epoch: 1600, Loss: 0.0560, Train: 100.00%, Valid: 97.09%, Test: 97.12%, Best Valid: 97.57%, Best Test: 97.18%
Epoch: 1700, Loss: 0.0563, Train: 100.00%, Valid: 96.94%, Test: 96.78%, Best Valid: 97.57%, Best Test: 97.18%
Epoch: 1800, Loss: 0.0447, Train: 100.00%, Valid: 97.04%, Test: 97.01%, Best Valid: 97.57%, Best Test: 97.18%
Epoch: 1900, Loss: 0.0461, Train: 100.00%, Valid: 96.96%, Test: 97.06%, Best Valid: 97.57%, Best Test: 97.18%
Run 08:
Highest Train: 100.00
Highest Valid: 97.57
Highest Test: 97.48
Chosen epoch: 720
Final Train: 99.92
Final Test: 97.18
Computing oracle penalty matrix from true labels...
Oracle penalty matrix frozen.
Epoch: 00, Loss: 0.6740, Train: 34.04%, Valid: 34.57%, Test: 35.40%, Best Valid: 34.57%, Best Test: 35.40%
Epoch: 100, Loss: 0.2543, Train: 95.61%, Valid: 94.37%, Test: 94.68%, Best Valid: 94.74%, Best Test: 94.96%
Epoch: 200, Loss: 0.1956, Train: 98.08%, Valid: 96.28%, Test: 96.65%, Best Valid: 96.54%, Best Test: 96.37%
Epoch: 300, Loss: 0.1569, Train: 98.81%, Valid: 96.93%, Test: 96.85%, Best Valid: 96.94%, Best Test: 96.90%
Epoch: 400, Loss: 0.1519, Train: 99.36%, Valid: 96.95%, Test: 96.97%, Best Valid: 97.07%, Best Test: 97.06%
Epoch: 500, Loss: 0.1317, Train: 99.63%, Valid: 96.93%, Test: 96.85%, Best Valid: 97.07%, Best Test: 97.06%
Epoch: 600, Loss: 0.1289, Train: 99.80%, Valid: 96.70%, Test: 97.00%, Best Valid: 97.07%, Best Test: 97.06%
Epoch: 700, Loss: 0.1146, Train: 99.88%, Valid: 96.41%, Test: 96.67%, Best Valid: 97.07%, Best Test: 97.06%
Epoch: 800, Loss: 0.1054, Train: 99.95%, Valid: 96.58%, Test: 96.74%, Best Valid: 97.07%, Best Test: 97.06%
Epoch: 900, Loss: 0.0883, Train: 99.98%, Valid: 96.54%, Test: 96.84%, Best Valid: 97.07%, Best Test: 97.06%
Epoch: 1000, Loss: 0.0855, Train: 99.99%, Valid: 96.55%, Test: 96.73%, Best Valid: 97.07%, Best Test: 97.06%
Epoch: 1100, Loss: 0.0743, Train: 100.00%, Valid: 96.31%, Test: 96.60%, Best Valid: 97.07%, Best Test: 97.06%
Epoch: 1200, Loss: 0.0700, Train: 100.00%, Valid: 96.34%, Test: 96.73%, Best Valid: 97.07%, Best Test: 97.06%
Epoch: 1300, Loss: 0.0623, Train: 100.00%, Valid: 96.38%, Test: 96.46%, Best Valid: 97.07%, Best Test: 97.06%
Epoch: 1400, Loss: 0.0675, Train: 100.00%, Valid: 96.19%, Test: 96.46%, Best Valid: 97.07%, Best Test: 97.06%
Epoch: 1500, Loss: 0.0743, Train: 100.00%, Valid: 96.28%, Test: 96.42%, Best Valid: 97.07%, Best Test: 97.06%
Epoch: 1600, Loss: 0.0649, Train: 100.00%, Valid: 96.20%, Test: 96.23%, Best Valid: 97.07%, Best Test: 97.06%
Epoch: 1700, Loss: 0.0526, Train: 100.00%, Valid: 96.37%, Test: 96.50%, Best Valid: 97.07%, Best Test: 97.06%
Epoch: 1800, Loss: 0.0602, Train: 100.00%, Valid: 96.51%, Test: 96.38%, Best Valid: 97.07%, Best Test: 97.06%
Epoch: 1900, Loss: 0.0537, Train: 100.00%, Valid: 96.35%, Test: 96.22%, Best Valid: 97.07%, Best Test: 97.06%
Run 09:
Highest Train: 100.00
Highest Valid: 97.07
Highest Test: 97.21
Chosen epoch: 393
Final Train: 99.28
Final Test: 97.06
Computing oracle penalty matrix from true labels...
Oracle penalty matrix frozen.
Epoch: 00, Loss: 0.8256, Train: 58.02%, Valid: 60.57%, Test: 59.63%, Best Valid: 60.57%, Best Test: 59.63%
Epoch: 100, Loss: 0.2538, Train: 95.65%, Valid: 93.80%, Test: 94.89%, Best Valid: 93.80%, Best Test: 94.89%
Epoch: 200, Loss: 0.1987, Train: 98.13%, Valid: 95.86%, Test: 96.71%, Best Valid: 95.86%, Best Test: 96.71%
Epoch: 300, Loss: 0.1721, Train: 98.87%, Valid: 96.25%, Test: 97.23%, Best Valid: 96.28%, Best Test: 97.19%
Epoch: 400, Loss: 0.1476, Train: 99.18%, Valid: 96.23%, Test: 97.01%, Best Valid: 96.49%, Best Test: 97.06%
Epoch: 500, Loss: 0.1295, Train: 99.52%, Valid: 96.39%, Test: 96.97%, Best Valid: 96.52%, Best Test: 97.34%
Epoch: 600, Loss: 0.1221, Train: 99.79%, Valid: 96.41%, Test: 97.00%, Best Valid: 96.73%, Best Test: 97.16%
Epoch: 700, Loss: 0.1086, Train: 99.85%, Valid: 96.20%, Test: 96.97%, Best Valid: 96.73%, Best Test: 97.16%
Epoch: 800, Loss: 0.1040, Train: 99.93%, Valid: 96.47%, Test: 96.99%, Best Valid: 96.73%, Best Test: 97.16%
Epoch: 900, Loss: 0.0913, Train: 99.97%, Valid: 96.19%, Test: 97.03%, Best Valid: 96.73%, Best Test: 97.16%
Epoch: 1000, Loss: 0.0831, Train: 99.98%, Valid: 96.43%, Test: 97.01%, Best Valid: 96.73%, Best Test: 97.16%
Epoch: 1100, Loss: 0.0784, Train: 99.99%, Valid: 96.34%, Test: 97.11%, Best Valid: 96.73%, Best Test: 97.16%
Epoch: 1200, Loss: 0.0763, Train: 100.00%, Valid: 96.30%, Test: 96.96%, Best Valid: 96.73%, Best Test: 97.16%
Epoch: 1300, Loss: 0.0655, Train: 100.00%, Valid: 96.61%, Test: 97.12%, Best Valid: 96.73%, Best Test: 97.16%
Epoch: 1400, Loss: 0.0698, Train: 100.00%, Valid: 96.72%, Test: 97.22%, Best Valid: 96.74%, Best Test: 97.18%
Epoch: 1500, Loss: 0.0621, Train: 100.00%, Valid: 96.45%, Test: 97.25%, Best Valid: 96.74%, Best Test: 97.18%
Epoch: 1600, Loss: 0.0495, Train: 100.00%, Valid: 96.50%, Test: 97.03%, Best Valid: 96.74%, Best Test: 97.18%
Epoch: 1700, Loss: 0.0540, Train: 100.00%, Valid: 96.60%, Test: 97.05%, Best Valid: 96.74%, Best Test: 97.18%
Epoch: 1800, Loss: 0.0564, Train: 100.00%, Valid: 96.57%, Test: 96.96%, Best Valid: 96.74%, Best Test: 97.18%
Epoch: 1900, Loss: 0.0495, Train: 100.00%, Valid: 96.34%, Test: 97.00%, Best Valid: 96.79%, Best Test: 97.10%
Run 10:
Highest Train: 100.00
Highest Valid: 96.79
Highest Test: 97.50
Chosen epoch: 1824
Final Train: 100.00
Final Test: 97.10
All runs:
Highest Train: 100.00 ± 0.00
Highest Test: 97.52 ± 0.69
Highest Valid: 97.38 ± 0.89
  Final Train: 99.78 ± 0.36
   Final Test: 97.27 ± 0.74
Saving results to results/unified/minesweeper/MPNN_sage.csv
--- oracle_reg | lambda=0.05 ---
Namespace(bn=True, cpu=False, data_dir='./data/', dataset='minesweeper', device=0, display_step=100, dropout=0.2, epochs=2000, gnn='sage', hidden_channels=64, jk=False, label_num_per_class=20, lambda_val=0.05, ln=False, local_layers=15, lr=0.01, metric='rocauc', mlp_epochs=500, mlp_reg=False, model='MPNN', model_dir='models', num_heads=1, oracle_reg=True, paired_seeds=True, penalty_transform='none', pre_linear=False, pre_ln=False, rand_split=False, rand_split_class=False, reg_start_epoch=10, reg_update_freq=5, res=True, result_dir='results/unified', runs=10, save_model=False, seed=42, test_num=1000, train_prop=0.5, use_reg=True, valid_num=500, valid_prop=0.25, weight_decay=0.0)
minesweeper
dataset minesweeper | num nodes 10000 | num edge 39402 | num node feats 7 | num classes 2
MODEL: MPNNs(
  (h_lins): ModuleList()
  (local_convs): ModuleList(
    (0): SAGEConv(7, 64, aggr=mean)
    (1): SAGEConv(64, 64, aggr=mean)
    (2): SAGEConv(64, 64, aggr=mean)
    (3): SAGEConv(64, 64, aggr=mean)
    (4): SAGEConv(64, 64, aggr=mean)
    (5): SAGEConv(64, 64, aggr=mean)
    (6): SAGEConv(64, 64, aggr=mean)
    (7): SAGEConv(64, 64, aggr=mean)
    (8): SAGEConv(64, 64, aggr=mean)
    (9): SAGEConv(64, 64, aggr=mean)
    (10): SAGEConv(64, 64, aggr=mean)
    (11): SAGEConv(64, 64, aggr=mean)
    (12): SAGEConv(64, 64, aggr=mean)
    (13): SAGEConv(64, 64, aggr=mean)
    (14): SAGEConv(64, 64, aggr=mean)
  )
  (lins): ModuleList(
    (0): Linear(in_features=7, out_features=64, bias=True)
    (1): Linear(in_features=64, out_features=64, bias=True)
    (2): Linear(in_features=64, out_features=64, bias=True)
    (3): Linear(in_features=64, out_features=64, bias=True)
    (4): Linear(in_features=64, out_features=64, bias=True)
    (5): Linear(in_features=64, out_features=64, bias=True)
    (6): Linear(in_features=64, out_features=64, bias=True)
    (7): Linear(in_features=64, out_features=64, bias=True)
    (8): Linear(in_features=64, out_features=64, bias=True)
    (9): Linear(in_features=64, out_features=64, bias=True)
    (10): Linear(in_features=64, out_features=64, bias=True)
    (11): Linear(in_features=64, out_features=64, bias=True)
    (12): Linear(in_features=64, out_features=64, bias=True)
    (13): Linear(in_features=64, out_features=64, bias=True)
    (14): Linear(in_features=64, out_features=64, bias=True)
  )
  (lns): ModuleList(
    (0): LayerNorm((64,), eps=1e-05, elementwise_affine=True)
    (1): LayerNorm((64,), eps=1e-05, elementwise_affine=True)
    (2): LayerNorm((64,), eps=1e-05, elementwise_affine=True)
    (3): LayerNorm((64,), eps=1e-05, elementwise_affine=True)
    (4): LayerNorm((64,), eps=1e-05, elementwise_affine=True)
    (5): LayerNorm((64,), eps=1e-05, elementwise_affine=True)
    (6): LayerNorm((64,), eps=1e-05, elementwise_affine=True)
    (7): LayerNorm((64,), eps=1e-05, elementwise_affine=True)
    (8): LayerNorm((64,), eps=1e-05, elementwise_affine=True)
    (9): LayerNorm((64,), eps=1e-05, elementwise_affine=True)
    (10): LayerNorm((64,), eps=1e-05, elementwise_affine=True)
    (11): LayerNorm((64,), eps=1e-05, elementwise_affine=True)
    (12): LayerNorm((64,), eps=1e-05, elementwise_affine=True)
    (13): LayerNorm((64,), eps=1e-05, elementwise_affine=True)
    (14): LayerNorm((64,), eps=1e-05, elementwise_affine=True)
  )
  (bns): ModuleList(
    (0): BatchNorm1d(64, eps=1e-05, momentum=0.1, affine=True, track_running_stats=True)
    (1): BatchNorm1d(64, eps=1e-05, momentum=0.1, affine=True, track_running_stats=True)
    (2): BatchNorm1d(64, eps=1e-05, momentum=0.1, affine=True, track_running_stats=True)
    (3): BatchNorm1d(64, eps=1e-05, momentum=0.1, affine=True, track_running_stats=True)
    (4): BatchNorm1d(64, eps=1e-05, momentum=0.1, affine=True, track_running_stats=True)
    (5): BatchNorm1d(64, eps=1e-05, momentum=0.1, affine=True, track_running_stats=True)
    (6): BatchNorm1d(64, eps=1e-05, momentum=0.1, affine=True, track_running_stats=True)
    (7): BatchNorm1d(64, eps=1e-05, momentum=0.1, affine=True, track_running_stats=True)
    (8): BatchNorm1d(64, eps=1e-05, momentum=0.1, affine=True, track_running_stats=True)
    (9): BatchNorm1d(64, eps=1e-05, momentum=0.1, affine=True, track_running_stats=True)
    (10): BatchNorm1d(64, eps=1e-05, momentum=0.1, affine=True, track_running_stats=True)
    (11): BatchNorm1d(64, eps=1e-05, momentum=0.1, affine=True, track_running_stats=True)
    (12): BatchNorm1d(64, eps=1e-05, momentum=0.1, affine=True, track_running_stats=True)
    (13): BatchNorm1d(64, eps=1e-05, momentum=0.1, affine=True, track_running_stats=True)
    (14): BatchNorm1d(64, eps=1e-05, momentum=0.1, affine=True, track_running_stats=True)
  )
  (lin_in): Linear(in_features=7, out_features=64, bias=True)
  (pred_local): Linear(in_features=64, out_features=2, bias=True)
)
Computing oracle penalty matrix from true labels...
Oracle penalty matrix frozen.
Epoch: 00, Loss: 0.6696, Train: 38.44%, Valid: 38.10%, Test: 39.96%, Best Valid: 38.10%, Best Test: 39.96%
Epoch: 100, Loss: 0.2439, Train: 96.29%, Valid: 93.67%, Test: 94.82%, Best Valid: 93.75%, Best Test: 94.85%
Epoch: 200, Loss: 0.1944, Train: 98.16%, Valid: 95.49%, Test: 96.51%, Best Valid: 95.71%, Best Test: 96.54%
Epoch: 300, Loss: 0.1712, Train: 98.94%, Valid: 96.25%, Test: 96.78%, Best Valid: 96.50%, Best Test: 96.88%
Epoch: 400, Loss: 0.1556, Train: 99.42%, Valid: 96.49%, Test: 96.97%, Best Valid: 96.83%, Best Test: 97.36%
Epoch: 500, Loss: 0.1236, Train: 99.66%, Valid: 96.82%, Test: 97.25%, Best Valid: 97.07%, Best Test: 97.24%
Epoch: 600, Loss: 0.1110, Train: 99.89%, Valid: 97.31%, Test: 97.41%, Best Valid: 97.31%, Best Test: 97.41%
Epoch: 700, Loss: 0.1023, Train: 99.89%, Valid: 96.96%, Test: 97.42%, Best Valid: 97.36%, Best Test: 97.43%
Epoch: 800, Loss: 0.0928, Train: 99.97%, Valid: 96.94%, Test: 97.32%, Best Valid: 97.36%, Best Test: 97.43%
Epoch: 900, Loss: 0.0979, Train: 99.98%, Valid: 97.27%, Test: 97.51%, Best Valid: 97.36%, Best Test: 97.43%
Epoch: 1000, Loss: 0.0804, Train: 99.99%, Valid: 97.38%, Test: 97.72%, Best Valid: 97.38%, Best Test: 97.72%
Epoch: 1100, Loss: 0.0749, Train: 99.99%, Valid: 97.31%, Test: 97.58%, Best Valid: 97.47%, Best Test: 97.74%
Epoch: 1200, Loss: 0.0778, Train: 100.00%, Valid: 97.47%, Test: 97.66%, Best Valid: 97.53%, Best Test: 97.76%
Epoch: 1300, Loss: 0.0574, Train: 100.00%, Valid: 97.32%, Test: 97.71%, Best Valid: 97.53%, Best Test: 97.76%
Epoch: 1400, Loss: 0.0627, Train: 100.00%, Valid: 97.37%, Test: 97.78%, Best Valid: 97.55%, Best Test: 97.75%
Epoch: 1500, Loss: 0.0521, Train: 100.00%, Valid: 97.17%, Test: 97.76%, Best Valid: 97.59%, Best Test: 97.65%
Epoch: 1600, Loss: 0.0543, Train: 100.00%, Valid: 97.18%, Test: 97.74%, Best Valid: 97.59%, Best Test: 97.65%
Epoch: 1700, Loss: 0.0480, Train: 100.00%, Valid: 97.36%, Test: 98.00%, Best Valid: 97.59%, Best Test: 97.65%
Epoch: 1800, Loss: 0.0521, Train: 100.00%, Valid: 97.15%, Test: 97.91%, Best Valid: 97.59%, Best Test: 97.65%
Epoch: 1900, Loss: 0.0543, Train: 100.00%, Valid: 97.32%, Test: 97.78%, Best Valid: 97.59%, Best Test: 97.65%
Run 01:
Highest Train: 100.00
Highest Valid: 97.59
Highest Test: 98.05
Chosen epoch: 1431
Final Train: 100.00
Final Test: 97.65
Computing oracle penalty matrix from true labels...
Oracle penalty matrix frozen.
Epoch: 00, Loss: 0.7241, Train: 65.40%, Valid: 66.67%, Test: 67.85%, Best Valid: 66.67%, Best Test: 67.85%
Epoch: 100, Loss: 0.2827, Train: 95.00%, Valid: 94.03%, Test: 93.85%, Best Valid: 94.03%, Best Test: 93.85%
Epoch: 200, Loss: 0.2145, Train: 97.94%, Valid: 96.06%, Test: 96.28%, Best Valid: 96.49%, Best Test: 96.60%
Epoch: 300, Loss: 0.1787, Train: 98.98%, Valid: 96.61%, Test: 97.29%, Best Valid: 96.76%, Best Test: 97.18%
Epoch: 400, Loss: 0.1521, Train: 99.47%, Valid: 96.84%, Test: 97.33%, Best Valid: 97.01%, Best Test: 97.33%
Epoch: 500, Loss: 0.1285, Train: 99.73%, Valid: 96.85%, Test: 97.55%, Best Valid: 97.07%, Best Test: 97.42%
Epoch: 600, Loss: 0.1272, Train: 99.84%, Valid: 96.80%, Test: 97.35%, Best Valid: 97.08%, Best Test: 97.35%
Epoch: 700, Loss: 0.1121, Train: 99.95%, Valid: 96.71%, Test: 97.34%, Best Valid: 97.17%, Best Test: 97.51%
Epoch: 800, Loss: 0.0996, Train: 99.98%, Valid: 96.87%, Test: 97.43%, Best Valid: 97.17%, Best Test: 97.51%
Epoch: 900, Loss: 0.0897, Train: 99.99%, Valid: 96.93%, Test: 97.40%, Best Valid: 97.20%, Best Test: 97.29%
Epoch: 1000, Loss: 0.0848, Train: 100.00%, Valid: 96.71%, Test: 97.27%, Best Valid: 97.30%, Best Test: 97.37%
Epoch: 1100, Loss: 0.0758, Train: 99.99%, Valid: 96.73%, Test: 97.26%, Best Valid: 97.30%, Best Test: 97.37%
Epoch: 1200, Loss: 0.0719, Train: 100.00%, Valid: 97.01%, Test: 97.50%, Best Valid: 97.30%, Best Test: 97.37%
Epoch: 1300, Loss: 0.0621, Train: 100.00%, Valid: 96.79%, Test: 97.23%, Best Valid: 97.30%, Best Test: 97.37%
Epoch: 1400, Loss: 0.0590, Train: 100.00%, Valid: 96.91%, Test: 97.35%, Best Valid: 97.30%, Best Test: 97.37%
Epoch: 1500, Loss: 0.0543, Train: 100.00%, Valid: 96.95%, Test: 97.44%, Best Valid: 97.30%, Best Test: 97.37%
Epoch: 1600, Loss: 0.0525, Train: 100.00%, Valid: 97.03%, Test: 97.28%, Best Valid: 97.30%, Best Test: 97.37%
Epoch: 1700, Loss: 0.0489, Train: 100.00%, Valid: 96.82%, Test: 97.17%, Best Valid: 97.30%, Best Test: 97.37%
Epoch: 1800, Loss: 0.0666, Train: 100.00%, Valid: 96.74%, Test: 97.23%, Best Valid: 97.30%, Best Test: 97.37%
Epoch: 1900, Loss: 0.0463, Train: 100.00%, Valid: 96.57%, Test: 97.12%, Best Valid: 97.30%, Best Test: 97.37%
Run 02:
Highest Train: 100.00
Highest Valid: 97.30
Highest Test: 97.65
Chosen epoch: 930
Final Train: 100.00
Final Test: 97.37
Computing oracle penalty matrix from true labels...
Oracle penalty matrix frozen.
Epoch: 00, Loss: 0.9513, Train: 37.25%, Valid: 37.04%, Test: 36.41%, Best Valid: 37.04%, Best Test: 36.41%
Epoch: 100, Loss: 0.2574, Train: 95.85%, Valid: 94.24%, Test: 94.27%, Best Valid: 94.30%, Best Test: 94.25%
Epoch: 200, Loss: 0.2002, Train: 98.30%, Valid: 96.31%, Test: 96.93%, Best Valid: 96.40%, Best Test: 96.58%
Epoch: 300, Loss: 0.1608, Train: 99.10%, Valid: 96.73%, Test: 97.07%, Best Valid: 97.00%, Best Test: 97.66%
Epoch: 400, Loss: 0.1478, Train: 99.57%, Valid: 97.16%, Test: 97.82%, Best Valid: 97.37%, Best Test: 98.11%
Epoch: 500, Loss: 0.1262, Train: 99.79%, Valid: 97.37%, Test: 97.71%, Best Valid: 97.65%, Best Test: 97.91%
Epoch: 600, Loss: 0.1049, Train: 99.88%, Valid: 97.69%, Test: 98.25%, Best Valid: 97.72%, Best Test: 98.26%
Epoch: 700, Loss: 0.1029, Train: 99.94%, Valid: 97.42%, Test: 98.18%, Best Valid: 97.92%, Best Test: 98.32%
Epoch: 800, Loss: 0.0906, Train: 99.98%, Valid: 97.95%, Test: 98.26%, Best Valid: 98.08%, Best Test: 98.40%
Epoch: 900, Loss: 0.0868, Train: 99.98%, Valid: 97.98%, Test: 98.18%, Best Valid: 98.17%, Best Test: 98.52%
Epoch: 1000, Loss: 0.0742, Train: 99.99%, Valid: 98.18%, Test: 98.53%, Best Valid: 98.28%, Best Test: 98.48%
Epoch: 1100, Loss: 0.0751, Train: 100.00%, Valid: 98.12%, Test: 98.36%, Best Valid: 98.29%, Best Test: 98.53%
Epoch: 1200, Loss: 0.0747, Train: 100.00%, Valid: 98.18%, Test: 98.61%, Best Valid: 98.29%, Best Test: 98.53%
Epoch: 1300, Loss: 0.0518, Train: 100.00%, Valid: 97.87%, Test: 98.39%, Best Valid: 98.29%, Best Test: 98.53%
Epoch: 1400, Loss: 0.0598, Train: 100.00%, Valid: 98.15%, Test: 98.50%, Best Valid: 98.29%, Best Test: 98.53%
Epoch: 1500, Loss: 0.0563, Train: 100.00%, Valid: 98.18%, Test: 98.59%, Best Valid: 98.37%, Best Test: 98.81%
Epoch: 1600, Loss: 0.0478, Train: 100.00%, Valid: 98.22%, Test: 98.83%, Best Valid: 98.37%, Best Test: 98.81%
Epoch: 1700, Loss: 0.0495, Train: 100.00%, Valid: 98.37%, Test: 98.64%, Best Valid: 98.47%, Best Test: 98.82%
Epoch: 1800, Loss: 0.0444, Train: 100.00%, Valid: 98.35%, Test: 98.71%, Best Valid: 98.47%, Best Test: 98.82%
Epoch: 1900, Loss: 0.0500, Train: 100.00%, Valid: 98.25%, Test: 98.57%, Best Valid: 98.47%, Best Test: 98.82%
Run 03:
Highest Train: 100.00
Highest Valid: 98.47
Highest Test: 98.92
Chosen epoch: 1611
Final Train: 100.00
Final Test: 98.82
Computing oracle penalty matrix from true labels...
Oracle penalty matrix frozen.
Epoch: 00, Loss: 0.6767, Train: 44.55%, Valid: 44.28%, Test: 45.13%, Best Valid: 44.28%, Best Test: 45.13%
Epoch: 100, Loss: 0.2427, Train: 96.46%, Valid: 94.57%, Test: 94.18%, Best Valid: 94.57%, Best Test: 94.18%
Epoch: 200, Loss: 0.2013, Train: 98.40%, Valid: 95.91%, Test: 95.91%, Best Valid: 96.05%, Best Test: 96.02%
Epoch: 300, Loss: 0.1708, Train: 99.13%, Valid: 96.20%, Test: 96.47%, Best Valid: 96.65%, Best Test: 96.54%
Epoch: 400, Loss: 0.1423, Train: 99.58%, Valid: 96.32%, Test: 96.56%, Best Valid: 96.78%, Best Test: 96.97%
Epoch: 500, Loss: 0.1087, Train: 99.87%, Valid: 96.76%, Test: 96.94%, Best Valid: 97.14%, Best Test: 97.08%
Epoch: 600, Loss: 0.1058, Train: 99.94%, Valid: 97.16%, Test: 96.99%, Best Valid: 97.28%, Best Test: 97.22%
Epoch: 700, Loss: 0.0913, Train: 99.99%, Valid: 97.42%, Test: 97.20%, Best Valid: 97.47%, Best Test: 97.26%
Epoch: 800, Loss: 0.0926, Train: 99.98%, Valid: 97.22%, Test: 97.06%, Best Valid: 97.47%, Best Test: 97.26%
Epoch: 900, Loss: 0.0787, Train: 100.00%, Valid: 97.45%, Test: 97.42%, Best Valid: 97.52%, Best Test: 97.43%
Epoch: 1000, Loss: 0.0694, Train: 100.00%, Valid: 97.14%, Test: 97.22%, Best Valid: 97.55%, Best Test: 97.46%
Epoch: 1100, Loss: 0.0612, Train: 100.00%, Valid: 97.23%, Test: 97.42%, Best Valid: 97.55%, Best Test: 97.46%
Epoch: 1200, Loss: 0.0554, Train: 100.00%, Valid: 97.30%, Test: 97.28%, Best Valid: 97.55%, Best Test: 97.46%
Epoch: 1300, Loss: 0.0489, Train: 100.00%, Valid: 97.45%, Test: 97.56%, Best Valid: 97.60%, Best Test: 97.69%
Epoch: 1400, Loss: 0.0522, Train: 100.00%, Valid: 97.63%, Test: 97.76%, Best Valid: 97.66%, Best Test: 97.74%
Epoch: 1500, Loss: 0.0486, Train: 100.00%, Valid: 97.40%, Test: 97.74%, Best Valid: 97.66%, Best Test: 97.74%
Epoch: 1600, Loss: 0.0544, Train: 100.00%, Valid: 97.49%, Test: 97.55%, Best Valid: 97.66%, Best Test: 97.74%
Epoch: 1700, Loss: 0.0495, Train: 100.00%, Valid: 97.49%, Test: 97.81%, Best Valid: 97.66%, Best Test: 97.74%
Epoch: 1800, Loss: 0.0450, Train: 100.00%, Valid: 97.27%, Test: 97.58%, Best Valid: 97.66%, Best Test: 97.74%
Epoch: 1900, Loss: 0.0509, Train: 100.00%, Valid: 97.50%, Test: 97.75%, Best Valid: 97.72%, Best Test: 97.81%
Run 04:
Highest Train: 100.00
Highest Valid: 97.72
Highest Test: 97.93
Chosen epoch: 1818
Final Train: 100.00
Final Test: 97.81
Computing oracle penalty matrix from true labels...
Oracle penalty matrix frozen.
Epoch: 00, Loss: 0.8158, Train: 64.62%, Valid: 63.26%, Test: 63.40%, Best Valid: 63.26%, Best Test: 63.40%
Epoch: 100, Loss: 0.2518, Train: 96.07%, Valid: 94.68%, Test: 94.51%, Best Valid: 94.69%, Best Test: 94.58%
Epoch: 200, Loss: 0.1930, Train: 98.44%, Valid: 96.51%, Test: 96.19%, Best Valid: 96.54%, Best Test: 96.15%
Epoch: 300, Loss: 0.1609, Train: 99.14%, Valid: 97.02%, Test: 96.63%, Best Valid: 97.05%, Best Test: 96.71%
Epoch: 400, Loss: 0.1266, Train: 99.57%, Valid: 96.99%, Test: 96.89%, Best Valid: 97.09%, Best Test: 96.89%
Epoch: 500, Loss: 0.1224, Train: 99.78%, Valid: 96.99%, Test: 96.82%, Best Valid: 97.13%, Best Test: 96.88%
Epoch: 600, Loss: 0.1248, Train: 99.88%, Valid: 97.07%, Test: 96.86%, Best Valid: 97.20%, Best Test: 96.90%
Epoch: 700, Loss: 0.0989, Train: 99.95%, Valid: 97.24%, Test: 97.02%, Best Valid: 97.29%, Best Test: 97.23%
Epoch: 800, Loss: 0.0983, Train: 99.98%, Valid: 96.94%, Test: 97.06%, Best Valid: 97.29%, Best Test: 97.23%
Epoch: 900, Loss: 0.0850, Train: 99.98%, Valid: 96.76%, Test: 96.64%, Best Valid: 97.29%, Best Test: 97.23%
Epoch: 1000, Loss: 0.0606, Train: 99.99%, Valid: 96.89%, Test: 96.81%, Best Valid: 97.29%, Best Test: 97.23%
Epoch: 1100, Loss: 0.0770, Train: 100.00%, Valid: 97.13%, Test: 97.08%, Best Valid: 97.29%, Best Test: 97.23%
Epoch: 1200, Loss: 0.0672, Train: 100.00%, Valid: 97.10%, Test: 97.14%, Best Valid: 97.29%, Best Test: 97.23%
Epoch: 1300, Loss: 0.0611, Train: 100.00%, Valid: 96.98%, Test: 96.75%, Best Valid: 97.29%, Best Test: 96.96%
Epoch: 1400, Loss: 0.0542, Train: 100.00%, Valid: 97.21%, Test: 97.02%, Best Valid: 97.29%, Best Test: 96.96%
Epoch: 1500, Loss: 0.0573, Train: 100.00%, Valid: 97.09%, Test: 97.04%, Best Valid: 97.29%, Best Test: 96.96%
Epoch: 1600, Loss: 0.0577, Train: 100.00%, Valid: 97.27%, Test: 97.05%, Best Valid: 97.29%, Best Test: 96.96%
Epoch: 1700, Loss: 0.0535, Train: 100.00%, Valid: 97.13%, Test: 96.83%, Best Valid: 97.35%, Best Test: 96.97%
Epoch: 1800, Loss: 0.0535, Train: 100.00%, Valid: 96.86%, Test: 96.70%, Best Valid: 97.35%, Best Test: 96.97%
Epoch: 1900, Loss: 0.0453, Train: 100.00%, Valid: 96.95%, Test: 96.83%, Best Valid: 97.35%, Best Test: 96.97%
Run 05:
Highest Train: 100.00
Highest Valid: 97.49
Highest Test: 97.30
Chosen epoch: 1948
Final Train: 100.00
Final Test: 97.07
Computing oracle penalty matrix from true labels...
Oracle penalty matrix frozen.
Epoch: 00, Loss: 0.7790, Train: 47.45%, Valid: 47.91%, Test: 45.54%, Best Valid: 47.91%, Best Test: 45.54%
Epoch: 100, Loss: 0.2560, Train: 96.03%, Valid: 94.02%, Test: 94.73%, Best Valid: 94.02%, Best Test: 94.73%
Epoch: 200, Loss: 0.2037, Train: 97.82%, Valid: 95.39%, Test: 95.94%, Best Valid: 95.66%, Best Test: 95.93%
Epoch: 300, Loss: 0.1809, Train: 98.71%, Valid: 95.72%, Test: 96.04%, Best Valid: 96.04%, Best Test: 96.08%
Epoch: 400, Loss: 0.1550, Train: 99.15%, Valid: 95.41%, Test: 96.04%, Best Valid: 96.04%, Best Test: 96.08%
Epoch: 500, Loss: 0.1364, Train: 99.67%, Valid: 95.37%, Test: 96.23%, Best Valid: 96.04%, Best Test: 96.08%
Epoch: 600, Loss: 0.1242, Train: 99.83%, Valid: 95.75%, Test: 95.88%, Best Valid: 96.04%, Best Test: 96.08%
Epoch: 700, Loss: 0.1057, Train: 99.92%, Valid: 95.33%, Test: 95.93%, Best Valid: 96.04%, Best Test: 96.08%
Epoch: 800, Loss: 0.1003, Train: 99.97%, Valid: 95.60%, Test: 95.72%, Best Valid: 96.04%, Best Test: 96.08%
Epoch: 900, Loss: 0.0915, Train: 99.99%, Valid: 95.51%, Test: 95.66%, Best Valid: 96.04%, Best Test: 96.08%
Epoch: 1000, Loss: 0.0818, Train: 100.00%, Valid: 95.53%, Test: 95.56%, Best Valid: 96.04%, Best Test: 96.08%
Epoch: 1100, Loss: 0.0787, Train: 99.99%, Valid: 94.99%, Test: 95.34%, Best Valid: 96.04%, Best Test: 96.08%
Epoch: 1200, Loss: 0.0765, Train: 100.00%, Valid: 95.34%, Test: 95.77%, Best Valid: 96.04%, Best Test: 96.08%
Epoch: 1300, Loss: 0.0763, Train: 100.00%, Valid: 95.12%, Test: 95.64%, Best Valid: 96.04%, Best Test: 96.08%
Epoch: 1400, Loss: 0.0660, Train: 100.00%, Valid: 95.25%, Test: 95.43%, Best Valid: 96.04%, Best Test: 96.08%
Epoch: 1500, Loss: 0.0614, Train: 100.00%, Valid: 95.41%, Test: 95.51%, Best Valid: 96.04%, Best Test: 96.08%
Epoch: 1600, Loss: 0.0569, Train: 100.00%, Valid: 95.02%, Test: 95.24%, Best Valid: 96.04%, Best Test: 96.08%
Epoch: 1700, Loss: 0.0564, Train: 100.00%, Valid: 95.10%, Test: 95.54%, Best Valid: 96.04%, Best Test: 96.08%
Epoch: 1800, Loss: 0.0593, Train: 100.00%, Valid: 94.92%, Test: 95.58%, Best Valid: 96.04%, Best Test: 96.08%
Epoch: 1900, Loss: 0.0495, Train: 100.00%, Valid: 94.68%, Test: 95.04%, Best Valid: 96.04%, Best Test: 96.08%
Run 06:
Highest Train: 100.00
Highest Valid: 96.04
Highest Test: 96.35
Chosen epoch: 296
Final Train: 98.83
Final Test: 96.08
Computing oracle penalty matrix from true labels...
Oracle penalty matrix frozen.
Epoch: 00, Loss: 0.9091, Train: 46.61%, Valid: 44.29%, Test: 45.87%, Best Valid: 44.29%, Best Test: 45.87%
Epoch: 100, Loss: 0.2653, Train: 95.56%, Valid: 95.52%, Test: 93.57%, Best Valid: 95.57%, Best Test: 93.68%
Epoch: 200, Loss: 0.1973, Train: 98.29%, Valid: 96.58%, Test: 95.87%, Best Valid: 96.88%, Best Test: 96.05%
Epoch: 300, Loss: 0.1703, Train: 99.11%, Valid: 97.27%, Test: 96.58%, Best Valid: 97.31%, Best Test: 96.51%
Epoch: 400, Loss: 0.1464, Train: 99.50%, Valid: 97.12%, Test: 96.69%, Best Valid: 97.45%, Best Test: 96.80%
Epoch: 500, Loss: 0.1273, Train: 99.77%, Valid: 97.04%, Test: 96.66%, Best Valid: 97.45%, Best Test: 96.80%
Epoch: 600, Loss: 0.1139, Train: 99.93%, Valid: 97.54%, Test: 96.88%, Best Valid: 97.54%, Best Test: 96.88%
Epoch: 700, Loss: 0.1002, Train: 99.93%, Valid: 97.37%, Test: 96.99%, Best Valid: 97.54%, Best Test: 96.88%
Epoch: 800, Loss: 0.1036, Train: 99.97%, Valid: 97.58%, Test: 96.90%, Best Valid: 97.61%, Best Test: 96.99%
Epoch: 900, Loss: 0.0900, Train: 99.99%, Valid: 97.37%, Test: 97.00%, Best Valid: 97.65%, Best Test: 96.85%
Epoch: 1000, Loss: 0.0737, Train: 100.00%, Valid: 97.35%, Test: 97.05%, Best Valid: 97.65%, Best Test: 96.85%
Epoch: 1100, Loss: 0.0732, Train: 100.00%, Valid: 97.62%, Test: 97.00%, Best Valid: 97.66%, Best Test: 97.16%
Epoch: 1200, Loss: 0.0739, Train: 100.00%, Valid: 97.38%, Test: 97.09%, Best Valid: 97.72%, Best Test: 96.94%
Epoch: 1300, Loss: 0.0578, Train: 100.00%, Valid: 97.43%, Test: 96.86%, Best Valid: 97.72%, Best Test: 96.94%
Epoch: 1400, Loss: 0.0606, Train: 100.00%, Valid: 97.64%, Test: 97.02%, Best Valid: 97.72%, Best Test: 96.94%
Epoch: 1500, Loss: 0.0529, Train: 100.00%, Valid: 97.53%, Test: 96.82%, Best Valid: 97.72%, Best Test: 96.94%
Epoch: 1600, Loss: 0.0562, Train: 100.00%, Valid: 97.55%, Test: 96.85%, Best Valid: 97.72%, Best Test: 96.94%
Epoch: 1700, Loss: 0.0485, Train: 100.00%, Valid: 97.62%, Test: 96.90%, Best Valid: 97.72%, Best Test: 96.94%
Epoch: 1800, Loss: 0.0375, Train: 100.00%, Valid: 97.39%, Test: 96.81%, Best Valid: 97.72%, Best Test: 96.94%
Epoch: 1900, Loss: 0.0526, Train: 100.00%, Valid: 97.46%, Test: 96.89%, Best Valid: 97.72%, Best Test: 96.94%
Run 07:
Highest Train: 100.00
Highest Valid: 97.72
Highest Test: 97.27
Chosen epoch: 1159
Final Train: 100.00
Final Test: 96.94
Computing oracle penalty matrix from true labels...
Oracle penalty matrix frozen.
Epoch: 00, Loss: 0.7742, Train: 64.63%, Valid: 63.17%, Test: 63.11%, Best Valid: 63.17%, Best Test: 63.11%
Epoch: 100, Loss: 0.2614, Train: 95.88%, Valid: 94.79%, Test: 95.20%, Best Valid: 94.79%, Best Test: 95.20%
Epoch: 200, Loss: 0.2138, Train: 98.14%, Valid: 96.30%, Test: 96.69%, Best Valid: 96.41%, Best Test: 96.66%
Epoch: 300, Loss: 0.1745, Train: 98.92%, Valid: 96.80%, Test: 97.14%, Best Valid: 96.97%, Best Test: 96.96%
Epoch: 400, Loss: 0.1569, Train: 99.36%, Valid: 97.02%, Test: 97.39%, Best Valid: 97.16%, Best Test: 97.30%
Epoch: 500, Loss: 0.1308, Train: 99.69%, Valid: 97.19%, Test: 97.47%, Best Valid: 97.48%, Best Test: 97.33%
Epoch: 600, Loss: 0.1154, Train: 99.80%, Valid: 97.51%, Test: 97.41%, Best Valid: 97.66%, Best Test: 97.50%
Epoch: 700, Loss: 0.1146, Train: 99.85%, Valid: 97.56%, Test: 97.41%, Best Valid: 97.86%, Best Test: 97.76%
Epoch: 800, Loss: 0.0963, Train: 99.96%, Valid: 97.73%, Test: 97.61%, Best Valid: 98.01%, Best Test: 97.91%
Epoch: 900, Loss: 0.0914, Train: 99.98%, Valid: 97.52%, Test: 97.39%, Best Valid: 98.01%, Best Test: 97.91%
Epoch: 1000, Loss: 0.0800, Train: 99.99%, Valid: 97.83%, Test: 97.69%, Best Valid: 98.01%, Best Test: 97.91%
Epoch: 1100, Loss: 0.0808, Train: 100.00%, Valid: 97.95%, Test: 97.94%, Best Valid: 98.15%, Best Test: 97.98%
Epoch: 1200, Loss: 0.0729, Train: 100.00%, Valid: 97.94%, Test: 97.55%, Best Valid: 98.15%, Best Test: 97.98%
Epoch: 1300, Loss: 0.0720, Train: 100.00%, Valid: 97.80%, Test: 97.84%, Best Valid: 98.16%, Best Test: 98.12%
Epoch: 1400, Loss: 0.0549, Train: 100.00%, Valid: 98.01%, Test: 97.92%, Best Valid: 98.16%, Best Test: 98.12%
Epoch: 1500, Loss: 0.0582, Train: 100.00%, Valid: 97.91%, Test: 97.96%, Best Valid: 98.16%, Best Test: 98.12%
Epoch: 1600, Loss: 0.0496, Train: 100.00%, Valid: 97.89%, Test: 97.69%, Best Valid: 98.16%, Best Test: 98.12%
Epoch: 1700, Loss: 0.0484, Train: 100.00%, Valid: 97.90%, Test: 97.80%, Best Valid: 98.16%, Best Test: 97.99%
Epoch: 1800, Loss: 0.0422, Train: 100.00%, Valid: 97.79%, Test: 97.60%, Best Valid: 98.16%, Best Test: 97.99%
Epoch: 1900, Loss: 0.0476, Train: 100.00%, Valid: 97.79%, Test: 97.71%, Best Valid: 98.16%, Best Test: 97.99%
Run 08:
Highest Train: 100.00
Highest Valid: 98.16
Highest Test: 98.14
Chosen epoch: 1612
Final Train: 100.00
Final Test: 97.99
Computing oracle penalty matrix from true labels...
Oracle penalty matrix frozen.
Epoch: 00, Loss: 0.7007, Train: 32.57%, Valid: 32.92%, Test: 33.73%, Best Valid: 32.92%, Best Test: 33.73%
Epoch: 100, Loss: 0.2573, Train: 95.95%, Valid: 94.83%, Test: 95.33%, Best Valid: 94.83%, Best Test: 95.33%
Epoch: 200, Loss: 0.2006, Train: 98.29%, Valid: 96.56%, Test: 96.64%, Best Valid: 96.61%, Best Test: 96.55%
Epoch: 300, Loss: 0.1673, Train: 98.78%, Valid: 96.51%, Test: 96.72%, Best Valid: 96.78%, Best Test: 96.96%
Epoch: 400, Loss: 0.1483, Train: 99.38%, Valid: 96.36%, Test: 96.49%, Best Valid: 96.87%, Best Test: 96.81%
Epoch: 500, Loss: 0.1306, Train: 99.57%, Valid: 96.30%, Test: 96.50%, Best Valid: 96.87%, Best Test: 96.81%
Epoch: 600, Loss: 0.1234, Train: 99.82%, Valid: 96.65%, Test: 96.72%, Best Valid: 96.87%, Best Test: 96.81%
Epoch: 700, Loss: 0.1191, Train: 99.91%, Valid: 96.44%, Test: 96.58%, Best Valid: 96.87%, Best Test: 96.81%
Epoch: 800, Loss: 0.1097, Train: 99.95%, Valid: 96.42%, Test: 96.61%, Best Valid: 96.87%, Best Test: 96.81%
Epoch: 900, Loss: 0.0955, Train: 99.97%, Valid: 96.24%, Test: 96.57%, Best Valid: 96.87%, Best Test: 96.81%
Epoch: 1000, Loss: 0.0854, Train: 99.99%, Valid: 96.04%, Test: 96.54%, Best Valid: 96.87%, Best Test: 96.81%
Epoch: 1100, Loss: 0.0889, Train: 100.00%, Valid: 96.16%, Test: 96.50%, Best Valid: 96.87%, Best Test: 96.81%
Epoch: 1200, Loss: 0.0765, Train: 100.00%, Valid: 96.30%, Test: 96.64%, Best Valid: 96.87%, Best Test: 96.81%
Epoch: 1300, Loss: 0.0839, Train: 100.00%, Valid: 96.01%, Test: 96.10%, Best Valid: 96.87%, Best Test: 96.81%
Epoch: 1400, Loss: 0.0686, Train: 100.00%, Valid: 96.44%, Test: 96.58%, Best Valid: 96.87%, Best Test: 96.81%
Epoch: 1500, Loss: 0.0630, Train: 100.00%, Valid: 95.78%, Test: 96.29%, Best Valid: 96.87%, Best Test: 96.81%
Epoch: 1600, Loss: 0.0558, Train: 100.00%, Valid: 96.17%, Test: 96.22%, Best Valid: 96.87%, Best Test: 96.81%
Epoch: 1700, Loss: 0.0572, Train: 100.00%, Valid: 95.65%, Test: 96.15%, Best Valid: 96.87%, Best Test: 96.81%
Epoch: 1800, Loss: 0.0670, Train: 100.00%, Valid: 95.79%, Test: 96.17%, Best Valid: 96.87%, Best Test: 96.81%
Epoch: 1900, Loss: 0.0465, Train: 100.00%, Valid: 95.53%, Test: 96.00%, Best Valid: 96.87%, Best Test: 96.81%
Run 09:
Highest Train: 100.00
Highest Valid: 96.87
Highest Test: 97.01
Chosen epoch: 393
Final Train: 99.36
Final Test: 96.81
Computing oracle penalty matrix from true labels...
Oracle penalty matrix frozen.
Epoch: 00, Loss: 0.8583, Train: 58.10%, Valid: 60.71%, Test: 59.77%, Best Valid: 60.71%, Best Test: 59.77%
Epoch: 100, Loss: 0.2810, Train: 94.61%, Valid: 92.35%, Test: 93.87%, Best Valid: 92.65%, Best Test: 93.93%
Epoch: 200, Loss: 0.2180, Train: 97.98%, Valid: 95.26%, Test: 96.18%, Best Valid: 95.26%, Best Test: 96.18%
Epoch: 300, Loss: 0.1795, Train: 99.13%, Valid: 96.01%, Test: 96.58%, Best Valid: 96.39%, Best Test: 96.79%
Epoch: 400, Loss: 0.1519, Train: 99.64%, Valid: 96.70%, Test: 97.29%, Best Valid: 96.82%, Best Test: 97.41%
Epoch: 500, Loss: 0.1242, Train: 99.73%, Valid: 96.56%, Test: 97.24%, Best Valid: 97.11%, Best Test: 97.50%
Epoch: 600, Loss: 0.1080, Train: 99.90%, Valid: 97.09%, Test: 97.83%, Best Valid: 97.34%, Best Test: 97.74%
Epoch: 700, Loss: 0.1067, Train: 99.92%, Valid: 97.21%, Test: 97.92%, Best Valid: 97.63%, Best Test: 97.98%
Epoch: 800, Loss: 0.0934, Train: 99.97%, Valid: 97.67%, Test: 97.91%, Best Valid: 97.67%, Best Test: 97.91%
Epoch: 900, Loss: 0.0793, Train: 99.99%, Valid: 97.55%, Test: 97.88%, Best Valid: 97.79%, Best Test: 97.92%
Epoch: 1000, Loss: 0.0814, Train: 99.99%, Valid: 97.56%, Test: 98.02%, Best Valid: 97.79%, Best Test: 97.92%
Epoch: 1100, Loss: 0.0726, Train: 100.00%, Valid: 97.59%, Test: 98.02%, Best Valid: 97.80%, Best Test: 98.08%
Epoch: 1200, Loss: 0.0780, Train: 100.00%, Valid: 97.37%, Test: 97.99%, Best Valid: 97.84%, Best Test: 97.99%
Epoch: 1300, Loss: 0.0547, Train: 100.00%, Valid: 97.63%, Test: 97.91%, Best Valid: 97.88%, Best Test: 98.15%
Epoch: 1400, Loss: 0.0628, Train: 100.00%, Valid: 97.86%, Test: 98.15%, Best Valid: 97.90%, Best Test: 98.12%
Epoch: 1500, Loss: 0.0621, Train: 100.00%, Valid: 97.89%, Test: 98.33%, Best Valid: 97.93%, Best Test: 98.27%
Epoch: 1600, Loss: 0.0551, Train: 100.00%, Valid: 97.75%, Test: 98.08%, Best Valid: 97.97%, Best Test: 98.39%
Epoch: 1700, Loss: 0.0568, Train: 100.00%, Valid: 97.62%, Test: 98.30%, Best Valid: 97.99%, Best Test: 98.36%
Epoch: 1800, Loss: 0.0494, Train: 100.00%, Valid: 97.62%, Test: 98.07%, Best Valid: 98.08%, Best Test: 98.17%
Epoch: 1900, Loss: 0.0417, Train: 100.00%, Valid: 97.73%, Test: 98.12%, Best Valid: 98.08%, Best Test: 98.17%
Run 10:
Highest Train: 100.00
Highest Valid: 98.08
Highest Test: 98.39
Chosen epoch: 1767
Final Train: 100.00
Final Test: 98.17
All runs:
Highest Train: 100.00 ± 0.00
Highest Test: 97.70 ± 0.74
Highest Valid: 97.54 ± 0.69
  Final Train: 99.82 ± 0.40
   Final Test: 97.47 ± 0.79
Saving results to results/unified/minesweeper/MPNN_sage.csv
--- oracle_reg | lambda=0.1 ---
Namespace(bn=True, cpu=False, data_dir='./data/', dataset='minesweeper', device=0, display_step=100, dropout=0.2, epochs=2000, gnn='sage', hidden_channels=64, jk=False, label_num_per_class=20, lambda_val=0.1, ln=False, local_layers=15, lr=0.01, metric='rocauc', mlp_epochs=500, mlp_reg=False, model='MPNN', model_dir='models', num_heads=1, oracle_reg=True, paired_seeds=True, penalty_transform='none', pre_linear=False, pre_ln=False, rand_split=False, rand_split_class=False, reg_start_epoch=10, reg_update_freq=5, res=True, result_dir='results/unified', runs=10, save_model=False, seed=42, test_num=1000, train_prop=0.5, use_reg=True, valid_num=500, valid_prop=0.25, weight_decay=0.0)
minesweeper
dataset minesweeper | num nodes 10000 | num edge 39402 | num node feats 7 | num classes 2
MODEL: MPNNs(
  (h_lins): ModuleList()
  (local_convs): ModuleList(
    (0): SAGEConv(7, 64, aggr=mean)
    (1): SAGEConv(64, 64, aggr=mean)
    (2): SAGEConv(64, 64, aggr=mean)
    (3): SAGEConv(64, 64, aggr=mean)
    (4): SAGEConv(64, 64, aggr=mean)
    (5): SAGEConv(64, 64, aggr=mean)
    (6): SAGEConv(64, 64, aggr=mean)
    (7): SAGEConv(64, 64, aggr=mean)
    (8): SAGEConv(64, 64, aggr=mean)
    (9): SAGEConv(64, 64, aggr=mean)
    (10): SAGEConv(64, 64, aggr=mean)
    (11): SAGEConv(64, 64, aggr=mean)
    (12): SAGEConv(64, 64, aggr=mean)
    (13): SAGEConv(64, 64, aggr=mean)
    (14): SAGEConv(64, 64, aggr=mean)
  )
  (lins): ModuleList(
    (0): Linear(in_features=7, out_features=64, bias=True)
    (1): Linear(in_features=64, out_features=64, bias=True)
    (2): Linear(in_features=64, out_features=64, bias=True)
    (3): Linear(in_features=64, out_features=64, bias=True)
    (4): Linear(in_features=64, out_features=64, bias=True)
    (5): Linear(in_features=64, out_features=64, bias=True)
    (6): Linear(in_features=64, out_features=64, bias=True)
    (7): Linear(in_features=64, out_features=64, bias=True)
    (8): Linear(in_features=64, out_features=64, bias=True)
    (9): Linear(in_features=64, out_features=64, bias=True)
    (10): Linear(in_features=64, out_features=64, bias=True)
    (11): Linear(in_features=64, out_features=64, bias=True)
    (12): Linear(in_features=64, out_features=64, bias=True)
    (13): Linear(in_features=64, out_features=64, bias=True)
    (14): Linear(in_features=64, out_features=64, bias=True)
  )
  (lns): ModuleList(
    (0): LayerNorm((64,), eps=1e-05, elementwise_affine=True)
    (1): LayerNorm((64,), eps=1e-05, elementwise_affine=True)
    (2): LayerNorm((64,), eps=1e-05, elementwise_affine=True)
    (3): LayerNorm((64,), eps=1e-05, elementwise_affine=True)
    (4): LayerNorm((64,), eps=1e-05, elementwise_affine=True)
    (5): LayerNorm((64,), eps=1e-05, elementwise_affine=True)
    (6): LayerNorm((64,), eps=1e-05, elementwise_affine=True)
    (7): LayerNorm((64,), eps=1e-05, elementwise_affine=True)
    (8): LayerNorm((64,), eps=1e-05, elementwise_affine=True)
    (9): LayerNorm((64,), eps=1e-05, elementwise_affine=True)
    (10): LayerNorm((64,), eps=1e-05, elementwise_affine=True)
    (11): LayerNorm((64,), eps=1e-05, elementwise_affine=True)
    (12): LayerNorm((64,), eps=1e-05, elementwise_affine=True)
    (13): LayerNorm((64,), eps=1e-05, elementwise_affine=True)
    (14): LayerNorm((64,), eps=1e-05, elementwise_affine=True)
  )
  (bns): ModuleList(
    (0): BatchNorm1d(64, eps=1e-05, momentum=0.1, affine=True, track_running_stats=True)
    (1): BatchNorm1d(64, eps=1e-05, momentum=0.1, affine=True, track_running_stats=True)
    (2): BatchNorm1d(64, eps=1e-05, momentum=0.1, affine=True, track_running_stats=True)
    (3): BatchNorm1d(64, eps=1e-05, momentum=0.1, affine=True, track_running_stats=True)
    (4): BatchNorm1d(64, eps=1e-05, momentum=0.1, affine=True, track_running_stats=True)
    (5): BatchNorm1d(64, eps=1e-05, momentum=0.1, affine=True, track_running_stats=True)
    (6): BatchNorm1d(64, eps=1e-05, momentum=0.1, affine=True, track_running_stats=True)
    (7): BatchNorm1d(64, eps=1e-05, momentum=0.1, affine=True, track_running_stats=True)
    (8): BatchNorm1d(64, eps=1e-05, momentum=0.1, affine=True, track_running_stats=True)
    (9): BatchNorm1d(64, eps=1e-05, momentum=0.1, affine=True, track_running_stats=True)
    (10): BatchNorm1d(64, eps=1e-05, momentum=0.1, affine=True, track_running_stats=True)
    (11): BatchNorm1d(64, eps=1e-05, momentum=0.1, affine=True, track_running_stats=True)
    (12): BatchNorm1d(64, eps=1e-05, momentum=0.1, affine=True, track_running_stats=True)
    (13): BatchNorm1d(64, eps=1e-05, momentum=0.1, affine=True, track_running_stats=True)
    (14): BatchNorm1d(64, eps=1e-05, momentum=0.1, affine=True, track_running_stats=True)
  )
  (lin_in): Linear(in_features=7, out_features=64, bias=True)
  (pred_local): Linear(in_features=64, out_features=2, bias=True)
)
Computing oracle penalty matrix from true labels...
Oracle penalty matrix frozen.
Epoch: 00, Loss: 0.7015, Train: 38.64%, Valid: 38.17%, Test: 40.10%, Best Valid: 38.17%, Best Test: 40.10%
Epoch: 100, Loss: 0.2579, Train: 96.19%, Valid: 93.78%, Test: 94.77%, Best Valid: 94.00%, Best Test: 94.71%
Epoch: 200, Loss: 0.2061, Train: 98.29%, Valid: 95.72%, Test: 96.51%, Best Valid: 95.92%, Best Test: 96.71%
Epoch: 300, Loss: 0.1827, Train: 99.06%, Valid: 96.32%, Test: 96.56%, Best Valid: 96.53%, Best Test: 96.81%
Epoch: 400, Loss: 0.1459, Train: 99.57%, Valid: 96.88%, Test: 96.96%, Best Valid: 96.88%, Best Test: 96.96%
Epoch: 500, Loss: 0.1235, Train: 99.80%, Valid: 97.06%, Test: 97.14%, Best Valid: 97.07%, Best Test: 97.14%
Epoch: 600, Loss: 0.1132, Train: 99.94%, Valid: 97.07%, Test: 97.23%, Best Valid: 97.39%, Best Test: 97.30%
Epoch: 700, Loss: 0.1073, Train: 99.98%, Valid: 97.32%, Test: 97.60%, Best Valid: 97.44%, Best Test: 97.53%
Epoch: 800, Loss: 0.0992, Train: 99.99%, Valid: 97.22%, Test: 97.35%, Best Valid: 97.49%, Best Test: 97.60%
Epoch: 900, Loss: 0.0954, Train: 99.99%, Valid: 97.37%, Test: 97.48%, Best Valid: 97.63%, Best Test: 97.62%
Epoch: 1000, Loss: 0.0786, Train: 100.00%, Valid: 97.61%, Test: 97.89%, Best Valid: 97.73%, Best Test: 98.04%
Epoch: 1100, Loss: 0.0652, Train: 100.00%, Valid: 97.48%, Test: 97.86%, Best Valid: 97.81%, Best Test: 98.11%
Epoch: 1200, Loss: 0.0700, Train: 100.00%, Valid: 97.66%, Test: 97.79%, Best Valid: 97.88%, Best Test: 97.92%
Epoch: 1300, Loss: 0.0645, Train: 100.00%, Valid: 97.72%, Test: 98.04%, Best Valid: 97.88%, Best Test: 97.92%
Epoch: 1400, Loss: 0.0636, Train: 100.00%, Valid: 97.83%, Test: 98.20%, Best Valid: 98.00%, Best Test: 98.18%
Epoch: 1500, Loss: 0.0529, Train: 100.00%, Valid: 97.77%, Test: 97.96%, Best Valid: 98.00%, Best Test: 98.10%
Epoch: 1600, Loss: 0.0479, Train: 100.00%, Valid: 97.46%, Test: 97.89%, Best Valid: 98.00%, Best Test: 98.10%
Epoch: 1700, Loss: 0.0444, Train: 100.00%, Valid: 97.68%, Test: 98.05%, Best Valid: 98.02%, Best Test: 98.22%
Epoch: 1800, Loss: 0.0432, Train: 100.00%, Valid: 97.97%, Test: 98.21%, Best Valid: 98.07%, Best Test: 98.25%
Epoch: 1900, Loss: 0.0393, Train: 100.00%, Valid: 97.57%, Test: 97.98%, Best Valid: 98.07%, Best Test: 98.25%
Run 01:
Highest Train: 100.00
Highest Valid: 98.07
Highest Test: 98.27
Chosen epoch: 1794
Final Train: 100.00
Final Test: 98.25
Computing oracle penalty matrix from true labels...
Oracle penalty matrix frozen.
Epoch: 00, Loss: 0.7586, Train: 65.67%, Valid: 66.92%, Test: 67.83%, Best Valid: 66.92%, Best Test: 67.83%
Epoch: 100, Loss: 0.3036, Train: 94.29%, Valid: 93.45%, Test: 93.15%, Best Valid: 93.45%, Best Test: 93.15%
Epoch: 200, Loss: 0.2382, Train: 97.25%, Valid: 95.53%, Test: 95.61%, Best Valid: 95.66%, Best Test: 95.63%
Epoch: 300, Loss: 0.1981, Train: 98.82%, Valid: 96.74%, Test: 96.84%, Best Valid: 96.75%, Best Test: 96.83%
Epoch: 400, Loss: 0.1687, Train: 99.28%, Valid: 96.85%, Test: 97.18%, Best Valid: 97.08%, Best Test: 97.26%
Epoch: 500, Loss: 0.1380, Train: 99.63%, Valid: 96.99%, Test: 97.29%, Best Valid: 97.20%, Best Test: 97.39%
Epoch: 600, Loss: 0.1303, Train: 99.86%, Valid: 96.64%, Test: 97.33%, Best Valid: 97.20%, Best Test: 97.39%
Epoch: 700, Loss: 0.1243, Train: 99.93%, Valid: 97.17%, Test: 97.59%, Best Valid: 97.29%, Best Test: 97.73%
Epoch: 800, Loss: 0.1031, Train: 99.97%, Valid: 96.97%, Test: 97.21%, Best Valid: 97.44%, Best Test: 97.75%
Epoch: 900, Loss: 0.0942, Train: 99.98%, Valid: 96.94%, Test: 97.21%, Best Valid: 97.44%, Best Test: 97.75%
Epoch: 1000, Loss: 0.0943, Train: 99.99%, Valid: 96.96%, Test: 97.44%, Best Valid: 97.44%, Best Test: 97.75%
Epoch: 1100, Loss: 0.0826, Train: 100.00%, Valid: 97.19%, Test: 97.40%, Best Valid: 97.44%, Best Test: 97.75%
Epoch: 1200, Loss: 0.0838, Train: 100.00%, Valid: 97.03%, Test: 97.48%, Best Valid: 97.45%, Best Test: 97.41%
Epoch: 1300, Loss: 0.0692, Train: 100.00%, Valid: 96.94%, Test: 97.35%, Best Valid: 97.45%, Best Test: 97.41%
Epoch: 1400, Loss: 0.0605, Train: 100.00%, Valid: 97.25%, Test: 97.49%, Best Valid: 97.45%, Best Test: 97.41%
Epoch: 1500, Loss: 0.0588, Train: 100.00%, Valid: 97.09%, Test: 97.20%, Best Valid: 97.45%, Best Test: 97.41%
Epoch: 1600, Loss: 0.0602, Train: 100.00%, Valid: 97.16%, Test: 97.49%, Best Valid: 97.45%, Best Test: 97.41%
Epoch: 1700, Loss: 0.0594, Train: 100.00%, Valid: 97.18%, Test: 97.32%, Best Valid: 97.45%, Best Test: 97.41%
Epoch: 1800, Loss: 0.0573, Train: 100.00%, Valid: 97.25%, Test: 97.33%, Best Valid: 97.45%, Best Test: 97.41%
Epoch: 1900, Loss: 0.0553, Train: 100.00%, Valid: 96.95%, Test: 97.13%, Best Valid: 97.45%, Best Test: 97.41%
Run 02:
Highest Train: 100.00
Highest Valid: 97.45
Highest Test: 97.83
Chosen epoch: 1125
Final Train: 100.00
Final Test: 97.41
Computing oracle penalty matrix from true labels...
Oracle penalty matrix frozen.
Epoch: 00, Loss: 0.9966, Train: 36.68%, Valid: 35.72%, Test: 35.38%, Best Valid: 35.72%, Best Test: 35.38%
Epoch: 100, Loss: 0.2816, Train: 95.32%, Valid: 93.85%, Test: 93.55%, Best Valid: 93.90%, Best Test: 93.57%
Epoch: 200, Loss: 0.2256, Train: 97.99%, Valid: 95.81%, Test: 96.07%, Best Valid: 96.11%, Best Test: 96.40%
Epoch: 300, Loss: 0.1867, Train: 99.10%, Valid: 96.65%, Test: 96.86%, Best Valid: 96.75%, Best Test: 96.90%
Epoch: 400, Loss: 0.1524, Train: 99.60%, Valid: 97.23%, Test: 97.60%, Best Valid: 97.23%, Best Test: 97.60%
Epoch: 500, Loss: 0.1380, Train: 99.76%, Valid: 97.33%, Test: 97.62%, Best Valid: 97.58%, Best Test: 97.87%
Epoch: 600, Loss: 0.1207, Train: 99.90%, Valid: 97.65%, Test: 98.12%, Best Valid: 97.69%, Best Test: 97.91%
Epoch: 700, Loss: 0.1157, Train: 99.95%, Valid: 97.50%, Test: 97.93%, Best Valid: 97.75%, Best Test: 98.19%
Epoch: 800, Loss: 0.0964, Train: 99.98%, Valid: 97.79%, Test: 98.30%, Best Valid: 97.96%, Best Test: 98.04%
Epoch: 900, Loss: 0.0872, Train: 99.97%, Valid: 97.64%, Test: 98.11%, Best Valid: 98.02%, Best Test: 98.19%
Epoch: 1000, Loss: 0.0669, Train: 100.00%, Valid: 98.03%, Test: 98.47%, Best Valid: 98.27%, Best Test: 98.40%
Epoch: 1100, Loss: 0.0742, Train: 100.00%, Valid: 98.27%, Test: 98.41%, Best Valid: 98.31%, Best Test: 98.47%
Epoch: 1200, Loss: 0.0692, Train: 100.00%, Valid: 98.17%, Test: 98.56%, Best Valid: 98.31%, Best Test: 98.47%
Epoch: 1300, Loss: 0.0623, Train: 100.00%, Valid: 98.31%, Test: 98.41%, Best Valid: 98.40%, Best Test: 98.45%
Epoch: 1400, Loss: 0.0644, Train: 100.00%, Valid: 98.17%, Test: 98.46%, Best Valid: 98.42%, Best Test: 98.62%
Epoch: 1500, Loss: 0.0715, Train: 100.00%, Valid: 98.34%, Test: 98.57%, Best Valid: 98.47%, Best Test: 98.71%
Epoch: 1600, Loss: 0.0611, Train: 100.00%, Valid: 98.31%, Test: 98.60%, Best Valid: 98.47%, Best Test: 98.71%
Epoch: 1700, Loss: 0.0511, Train: 100.00%, Valid: 98.31%, Test: 98.58%, Best Valid: 98.47%, Best Test: 98.71%
Epoch: 1800, Loss: 0.0601, Train: 100.00%, Valid: 98.29%, Test: 98.69%, Best Valid: 98.47%, Best Test: 98.71%
Epoch: 1900, Loss: 0.0446, Train: 100.00%, Valid: 98.25%, Test: 98.53%, Best Valid: 98.50%, Best Test: 98.62%
Run 03:
Highest Train: 100.00
Highest Valid: 98.65
Highest Test: 98.85
Chosen epoch: 1944
Final Train: 100.00
Final Test: 98.83
Computing oracle penalty matrix from true labels...
Oracle penalty matrix frozen.
Epoch: 00, Loss: 0.7089, Train: 44.04%, Valid: 43.99%, Test: 45.17%, Best Valid: 43.99%, Best Test: 45.17%
Epoch: 100, Loss: 0.2782, Train: 95.58%, Valid: 93.36%, Test: 93.50%, Best Valid: 93.36%, Best Test: 93.50%
Epoch: 200, Loss: 0.2130, Train: 98.39%, Valid: 96.13%, Test: 96.06%, Best Valid: 96.18%, Best Test: 96.21%
Epoch: 300, Loss: 0.1746, Train: 99.19%, Valid: 96.72%, Test: 96.98%, Best Valid: 96.93%, Best Test: 97.05%
Epoch: 400, Loss: 0.1441, Train: 99.63%, Valid: 97.06%, Test: 97.05%, Best Valid: 97.16%, Best Test: 97.29%
Epoch: 500, Loss: 0.1247, Train: 99.83%, Valid: 97.05%, Test: 97.00%, Best Valid: 97.29%, Best Test: 97.52%
Epoch: 600, Loss: 0.1181, Train: 99.87%, Valid: 97.34%, Test: 97.51%, Best Valid: 97.48%, Best Test: 97.64%
Epoch: 700, Loss: 0.1015, Train: 99.94%, Valid: 97.45%, Test: 97.52%, Best Valid: 97.58%, Best Test: 97.63%
Epoch: 800, Loss: 0.0932, Train: 99.98%, Valid: 97.50%, Test: 97.67%, Best Valid: 97.58%, Best Test: 97.63%
Epoch: 900, Loss: 0.0858, Train: 99.99%, Valid: 97.24%, Test: 97.04%, Best Valid: 97.61%, Best Test: 97.51%
Epoch: 1000, Loss: 0.0877, Train: 100.00%, Valid: 97.46%, Test: 97.56%, Best Valid: 97.61%, Best Test: 97.51%
Epoch: 1100, Loss: 0.0696, Train: 100.00%, Valid: 97.33%, Test: 97.48%, Best Valid: 97.61%, Best Test: 97.51%
Epoch: 1200, Loss: 0.0669, Train: 100.00%, Valid: 97.37%, Test: 97.38%, Best Valid: 97.61%, Best Test: 97.60%
Epoch: 1300, Loss: 0.0657, Train: 100.00%, Valid: 97.57%, Test: 97.66%, Best Valid: 97.73%, Best Test: 97.59%
Epoch: 1400, Loss: 0.0475, Train: 100.00%, Valid: 97.28%, Test: 97.24%, Best Valid: 97.73%, Best Test: 97.59%
Epoch: 1500, Loss: 0.0521, Train: 100.00%, Valid: 97.40%, Test: 97.34%, Best Valid: 97.73%, Best Test: 97.59%
Epoch: 1600, Loss: 0.0503, Train: 100.00%, Valid: 97.74%, Test: 97.62%, Best Valid: 97.77%, Best Test: 97.48%
Epoch: 1700, Loss: 0.0580, Train: 100.00%, Valid: 97.40%, Test: 97.65%, Best Valid: 97.99%, Best Test: 97.79%
Epoch: 1800, Loss: 0.0485, Train: 100.00%, Valid: 97.22%, Test: 97.30%, Best Valid: 97.99%, Best Test: 97.79%
Epoch: 1900, Loss: 0.0403, Train: 100.00%, Valid: 97.50%, Test: 97.53%, Best Valid: 97.99%, Best Test: 97.79%
Run 04:
Highest Train: 100.00
Highest Valid: 97.99
Highest Test: 97.79
Chosen epoch: 1647
Final Train: 100.00
Final Test: 97.79
Computing oracle penalty matrix from true labels...
Oracle penalty matrix frozen.
Epoch: 00, Loss: 0.8547, Train: 67.00%, Valid: 64.86%, Test: 65.35%, Best Valid: 64.86%, Best Test: 65.35%
Epoch: 100, Loss: 0.2616, Train: 96.32%, Valid: 94.86%, Test: 94.68%, Best Valid: 94.86%, Best Test: 94.68%
Epoch: 200, Loss: 0.2116, Train: 98.43%, Valid: 96.17%, Test: 96.02%, Best Valid: 96.47%, Best Test: 96.23%
Epoch: 300, Loss: 0.1691, Train: 99.05%, Valid: 96.66%, Test: 96.51%, Best Valid: 96.89%, Best Test: 96.67%
Epoch: 400, Loss: 0.1485, Train: 99.52%, Valid: 96.84%, Test: 96.90%, Best Valid: 97.05%, Best Test: 96.79%
Epoch: 500, Loss: 0.1403, Train: 99.71%, Valid: 96.92%, Test: 96.87%, Best Valid: 97.05%, Best Test: 96.79%
Epoch: 600, Loss: 0.1277, Train: 99.83%, Valid: 97.23%, Test: 97.13%, Best Valid: 97.23%, Best Test: 97.13%
Epoch: 700, Loss: 0.1072, Train: 99.91%, Valid: 96.83%, Test: 96.87%, Best Valid: 97.23%, Best Test: 97.13%
Epoch: 800, Loss: 0.1003, Train: 99.92%, Valid: 96.81%, Test: 96.63%, Best Valid: 97.23%, Best Test: 97.13%
Epoch: 900, Loss: 0.0905, Train: 99.99%, Valid: 97.01%, Test: 97.13%, Best Valid: 97.23%, Best Test: 97.13%
Epoch: 1000, Loss: 0.0786, Train: 99.99%, Valid: 96.93%, Test: 96.90%, Best Valid: 97.23%, Best Test: 97.13%
Epoch: 1100, Loss: 0.0730, Train: 100.00%, Valid: 97.00%, Test: 96.98%, Best Valid: 97.23%, Best Test: 97.13%
Epoch: 1200, Loss: 0.0707, Train: 100.00%, Valid: 97.10%, Test: 96.95%, Best Valid: 97.23%, Best Test: 97.13%
Epoch: 1300, Loss: 0.0694, Train: 100.00%, Valid: 96.86%, Test: 96.89%, Best Valid: 97.23%, Best Test: 97.13%
Epoch: 1400, Loss: 0.0603, Train: 100.00%, Valid: 96.66%, Test: 96.84%, Best Valid: 97.23%, Best Test: 97.13%
Epoch: 1500, Loss: 0.0631, Train: 100.00%, Valid: 96.82%, Test: 96.87%, Best Valid: 97.23%, Best Test: 97.13%
Epoch: 1600, Loss: 0.0696, Train: 100.00%, Valid: 96.90%, Test: 96.73%, Best Valid: 97.23%, Best Test: 97.13%
Epoch: 1700, Loss: 0.0546, Train: 100.00%, Valid: 97.03%, Test: 96.88%, Best Valid: 97.36%, Best Test: 96.92%
Epoch: 1800, Loss: 0.0497, Train: 100.00%, Valid: 96.97%, Test: 96.89%, Best Valid: 97.36%, Best Test: 96.92%
Epoch: 1900, Loss: 0.0515, Train: 100.00%, Valid: 97.19%, Test: 97.02%, Best Valid: 97.36%, Best Test: 96.92%
Run 05:
Highest Train: 100.00
Highest Valid: 97.36
Highest Test: 97.22
Chosen epoch: 1616
Final Train: 100.00
Final Test: 96.92
Computing oracle penalty matrix from true labels...
Oracle penalty matrix frozen.
Epoch: 00, Loss: 0.8161, Train: 43.19%, Valid: 43.30%, Test: 40.51%, Best Valid: 43.30%, Best Test: 40.51%
Epoch: 100, Loss: 0.2680, Train: 95.56%, Valid: 93.73%, Test: 94.23%, Best Valid: 93.76%, Best Test: 94.19%
Epoch: 200, Loss: 0.2128, Train: 97.78%, Valid: 95.24%, Test: 95.64%, Best Valid: 95.44%, Best Test: 95.72%
Epoch: 300, Loss: 0.1901, Train: 98.73%, Valid: 95.48%, Test: 95.96%, Best Valid: 95.79%, Best Test: 96.01%
Epoch: 400, Loss: 0.1594, Train: 99.35%, Valid: 95.57%, Test: 96.32%, Best Valid: 95.90%, Best Test: 96.27%
Epoch: 500, Loss: 0.1394, Train: 99.61%, Valid: 95.26%, Test: 96.00%, Best Valid: 95.90%, Best Test: 96.27%
Epoch: 600, Loss: 0.1318, Train: 99.87%, Valid: 95.43%, Test: 96.14%, Best Valid: 95.90%, Best Test: 96.27%
Epoch: 700, Loss: 0.1295, Train: 99.94%, Valid: 95.29%, Test: 96.13%, Best Valid: 95.90%, Best Test: 96.27%
Epoch: 800, Loss: 0.1061, Train: 99.98%, Valid: 95.20%, Test: 95.85%, Best Valid: 95.90%, Best Test: 96.27%
Epoch: 900, Loss: 0.0942, Train: 99.99%, Valid: 95.20%, Test: 95.90%, Best Valid: 95.90%, Best Test: 96.27%
Epoch: 1000, Loss: 0.0851, Train: 100.00%, Valid: 95.19%, Test: 95.90%, Best Valid: 95.90%, Best Test: 96.27%
Epoch: 1100, Loss: 0.0839, Train: 100.00%, Valid: 95.46%, Test: 95.84%, Best Valid: 95.90%, Best Test: 96.27%
Epoch: 1200, Loss: 0.0757, Train: 100.00%, Valid: 95.36%, Test: 95.91%, Best Valid: 95.90%, Best Test: 96.27%
Epoch: 1300, Loss: 0.0623, Train: 100.00%, Valid: 95.49%, Test: 95.87%, Best Valid: 95.90%, Best Test: 96.27%
Epoch: 1400, Loss: 0.0650, Train: 100.00%, Valid: 95.13%, Test: 95.54%, Best Valid: 95.90%, Best Test: 96.27%
Epoch: 1500, Loss: 0.0557, Train: 100.00%, Valid: 95.54%, Test: 95.89%, Best Valid: 95.90%, Best Test: 96.27%
Epoch: 1600, Loss: 0.0579, Train: 100.00%, Valid: 95.64%, Test: 95.90%, Best Valid: 95.90%, Best Test: 96.27%
Epoch: 1700, Loss: 0.0607, Train: 100.00%, Valid: 95.14%, Test: 95.62%, Best Valid: 95.90%, Best Test: 96.27%
Epoch: 1800, Loss: 0.0633, Train: 100.00%, Valid: 95.48%, Test: 95.74%, Best Valid: 95.90%, Best Test: 96.27%
Epoch: 1900, Loss: 0.0604, Train: 100.00%, Valid: 95.14%, Test: 95.67%, Best Valid: 95.90%, Best Test: 96.27%
Run 06:
Highest Train: 100.00
Highest Valid: 95.90
Highest Test: 96.50
Chosen epoch: 336
Final Train: 98.92
Final Test: 96.27
Computing oracle penalty matrix from true labels...
Oracle penalty matrix frozen.
Epoch: 00, Loss: 0.9524, Train: 48.05%, Valid: 46.11%, Test: 47.41%, Best Valid: 46.11%, Best Test: 47.41%
Epoch: 100, Loss: 0.2722, Train: 95.34%, Valid: 94.99%, Test: 93.06%, Best Valid: 95.01%, Best Test: 93.15%
Epoch: 200, Loss: 0.2117, Train: 98.21%, Valid: 96.96%, Test: 96.03%, Best Valid: 96.96%, Best Test: 96.03%
Epoch: 300, Loss: 0.1776, Train: 99.13%, Valid: 97.22%, Test: 96.74%, Best Valid: 97.22%, Best Test: 96.73%
Epoch: 400, Loss: 0.1522, Train: 99.58%, Valid: 97.34%, Test: 96.84%, Best Valid: 97.39%, Best Test: 96.95%
Epoch: 500, Loss: 0.1294, Train: 99.84%, Valid: 97.46%, Test: 97.28%, Best Valid: 97.59%, Best Test: 97.31%
Epoch: 600, Loss: 0.1131, Train: 99.83%, Valid: 97.56%, Test: 97.31%, Best Valid: 97.64%, Best Test: 97.64%
Epoch: 700, Loss: 0.1001, Train: 99.98%, Valid: 97.59%, Test: 97.39%, Best Valid: 97.91%, Best Test: 97.67%
Epoch: 800, Loss: 0.0928, Train: 99.98%, Valid: 97.78%, Test: 97.27%, Best Valid: 97.97%, Best Test: 97.57%
Epoch: 900, Loss: 0.1006, Train: 99.99%, Valid: 97.61%, Test: 97.47%, Best Valid: 97.97%, Best Test: 97.57%
Epoch: 1000, Loss: 0.0756, Train: 100.00%, Valid: 97.88%, Test: 97.57%, Best Valid: 97.97%, Best Test: 97.57%
Epoch: 1100, Loss: 0.0798, Train: 100.00%, Valid: 97.62%, Test: 97.47%, Best Valid: 97.97%, Best Test: 97.57%
Epoch: 1200, Loss: 0.0694, Train: 100.00%, Valid: 97.80%, Test: 97.60%, Best Valid: 97.97%, Best Test: 97.57%
Epoch: 1300, Loss: 0.0657, Train: 100.00%, Valid: 97.77%, Test: 97.56%, Best Valid: 97.97%, Best Test: 97.57%
Epoch: 1400, Loss: 0.0619, Train: 100.00%, Valid: 97.85%, Test: 97.63%, Best Valid: 98.10%, Best Test: 97.75%
Epoch: 1500, Loss: 0.0563, Train: 100.00%, Valid: 97.44%, Test: 97.51%, Best Valid: 98.10%, Best Test: 97.75%
Epoch: 1600, Loss: 0.0636, Train: 100.00%, Valid: 97.55%, Test: 97.56%, Best Valid: 98.10%, Best Test: 97.75%
Epoch: 1700, Loss: 0.0464, Train: 100.00%, Valid: 97.77%, Test: 97.88%, Best Valid: 98.10%, Best Test: 97.75%
Epoch: 1800, Loss: 0.0421, Train: 100.00%, Valid: 97.83%, Test: 97.67%, Best Valid: 98.10%, Best Test: 97.75%
Epoch: 1900, Loss: 0.0519, Train: 100.00%, Valid: 97.83%, Test: 97.80%, Best Valid: 98.10%, Best Test: 97.75%
Run 07:
Highest Train: 100.00
Highest Valid: 98.10
Highest Test: 97.96
Chosen epoch: 1344
Final Train: 100.00
Final Test: 97.75
Computing oracle penalty matrix from true labels...
Oracle penalty matrix frozen.
Epoch: 00, Loss: 0.8110, Train: 65.67%, Valid: 64.43%, Test: 66.07%, Best Valid: 64.43%, Best Test: 66.07%
Epoch: 100, Loss: 0.2787, Train: 95.51%, Valid: 94.50%, Test: 94.43%, Best Valid: 94.50%, Best Test: 94.43%
Epoch: 200, Loss: 0.2151, Train: 98.06%, Valid: 96.38%, Test: 96.43%, Best Valid: 96.48%, Best Test: 96.54%
Epoch: 300, Loss: 0.1862, Train: 98.88%, Valid: 96.87%, Test: 96.99%, Best Valid: 96.88%, Best Test: 96.94%
Epoch: 400, Loss: 0.1570, Train: 99.34%, Valid: 97.05%, Test: 97.12%, Best Valid: 97.27%, Best Test: 97.13%
Epoch: 500, Loss: 0.1412, Train: 99.69%, Valid: 97.08%, Test: 97.32%, Best Valid: 97.39%, Best Test: 97.25%
Epoch: 600, Loss: 0.1139, Train: 99.83%, Valid: 97.04%, Test: 97.01%, Best Valid: 97.39%, Best Test: 97.25%
Epoch: 700, Loss: 0.1086, Train: 99.93%, Valid: 97.30%, Test: 97.16%, Best Valid: 97.40%, Best Test: 97.04%
Epoch: 800, Loss: 0.0954, Train: 99.97%, Valid: 97.16%, Test: 96.66%, Best Valid: 97.40%, Best Test: 97.04%
Epoch: 900, Loss: 0.1034, Train: 99.98%, Valid: 97.24%, Test: 96.93%, Best Valid: 97.40%, Best Test: 97.04%
Epoch: 1000, Loss: 0.0937, Train: 99.99%, Valid: 97.31%, Test: 97.01%, Best Valid: 97.40%, Best Test: 97.04%
Epoch: 1100, Loss: 0.0872, Train: 99.99%, Valid: 97.14%, Test: 96.93%, Best Valid: 97.40%, Best Test: 97.04%
Epoch: 1200, Loss: 0.0739, Train: 100.00%, Valid: 96.99%, Test: 96.92%, Best Valid: 97.40%, Best Test: 97.04%
Epoch: 1300, Loss: 0.0700, Train: 100.00%, Valid: 96.90%, Test: 96.53%, Best Valid: 97.40%, Best Test: 97.04%
Epoch: 1400, Loss: 0.0575, Train: 100.00%, Valid: 96.84%, Test: 96.54%, Best Valid: 97.40%, Best Test: 97.04%
Epoch: 1500, Loss: 0.0616, Train: 100.00%, Valid: 96.99%, Test: 96.72%, Best Valid: 97.40%, Best Test: 97.04%
Epoch: 1600, Loss: 0.0592, Train: 100.00%, Valid: 96.92%, Test: 96.70%, Best Valid: 97.40%, Best Test: 97.04%
Epoch: 1700, Loss: 0.0611, Train: 100.00%, Valid: 96.86%, Test: 96.62%, Best Valid: 97.40%, Best Test: 97.04%
Epoch: 1800, Loss: 0.0459, Train: 100.00%, Valid: 96.81%, Test: 96.47%, Best Valid: 97.40%, Best Test: 97.04%
Epoch: 1900, Loss: 0.0482, Train: 100.00%, Valid: 96.87%, Test: 96.98%, Best Valid: 97.40%, Best Test: 97.04%
Run 08:
Highest Train: 100.00
Highest Valid: 97.40
Highest Test: 97.33
Chosen epoch: 684
Final Train: 99.94
Final Test: 97.04
Computing oracle penalty matrix from true labels...
Oracle penalty matrix frozen.
Epoch: 00, Loss: 0.7341, Train: 33.88%, Valid: 34.60%, Test: 35.04%, Best Valid: 34.60%, Best Test: 35.04%
Epoch: 100, Loss: 0.2714, Train: 95.67%, Valid: 94.63%, Test: 95.12%, Best Valid: 94.63%, Best Test: 95.12%
Epoch: 200, Loss: 0.2158, Train: 98.19%, Valid: 96.67%, Test: 96.47%, Best Valid: 96.88%, Best Test: 96.78%
Epoch: 300, Loss: 0.1751, Train: 98.86%, Valid: 96.79%, Test: 96.86%, Best Valid: 97.02%, Best Test: 96.82%
Epoch: 400, Loss: 0.1600, Train: 99.20%, Valid: 97.02%, Test: 97.18%, Best Valid: 97.28%, Best Test: 97.16%
Epoch: 500, Loss: 0.1463, Train: 99.59%, Valid: 96.77%, Test: 97.13%, Best Valid: 97.28%, Best Test: 97.16%
Epoch: 600, Loss: 0.1294, Train: 99.85%, Valid: 97.40%, Test: 97.37%, Best Valid: 97.44%, Best Test: 97.34%
Epoch: 700, Loss: 0.1290, Train: 99.89%, Valid: 97.16%, Test: 97.03%, Best Valid: 97.44%, Best Test: 97.34%
Epoch: 800, Loss: 0.1190, Train: 99.95%, Valid: 96.88%, Test: 97.03%, Best Valid: 97.44%, Best Test: 97.34%
Epoch: 900, Loss: 0.1036, Train: 99.96%, Valid: 97.01%, Test: 96.99%, Best Valid: 97.44%, Best Test: 97.34%
Epoch: 1000, Loss: 0.0979, Train: 99.99%, Valid: 96.97%, Test: 97.04%, Best Valid: 97.44%, Best Test: 97.34%
Epoch: 1100, Loss: 0.0875, Train: 100.00%, Valid: 97.11%, Test: 97.17%, Best Valid: 97.44%, Best Test: 97.34%
Epoch: 1200, Loss: 0.0799, Train: 100.00%, Valid: 96.96%, Test: 97.24%, Best Valid: 97.44%, Best Test: 97.34%
Epoch: 1300, Loss: 0.0716, Train: 100.00%, Valid: 96.88%, Test: 97.10%, Best Valid: 97.44%, Best Test: 97.34%
Epoch: 1400, Loss: 0.0757, Train: 100.00%, Valid: 96.60%, Test: 97.12%, Best Valid: 97.44%, Best Test: 97.34%
Epoch: 1500, Loss: 0.0605, Train: 100.00%, Valid: 96.78%, Test: 97.24%, Best Valid: 97.44%, Best Test: 97.34%
Epoch: 1600, Loss: 0.0776, Train: 100.00%, Valid: 96.77%, Test: 97.09%, Best Valid: 97.44%, Best Test: 97.34%
Epoch: 1700, Loss: 0.0524, Train: 100.00%, Valid: 96.55%, Test: 96.86%, Best Valid: 97.44%, Best Test: 97.34%
Epoch: 1800, Loss: 0.0535, Train: 100.00%, Valid: 96.66%, Test: 97.11%, Best Valid: 97.44%, Best Test: 97.34%
Epoch: 1900, Loss: 0.0560, Train: 100.00%, Valid: 96.74%, Test: 97.16%, Best Valid: 97.44%, Best Test: 97.34%
Run 09:
Highest Train: 100.00
Highest Valid: 97.44
Highest Test: 97.49
Chosen epoch: 599
Final Train: 99.84
Final Test: 97.34
Computing oracle penalty matrix from true labels...
Oracle penalty matrix frozen.
Epoch: 00, Loss: 0.8992, Train: 60.54%, Valid: 63.00%, Test: 62.67%, Best Valid: 63.00%, Best Test: 62.67%
Epoch: 100, Loss: 0.2770, Train: 95.58%, Valid: 94.05%, Test: 95.07%, Best Valid: 94.08%, Best Test: 95.08%
Epoch: 200, Loss: 0.2044, Train: 98.02%, Valid: 95.92%, Test: 96.74%, Best Valid: 96.03%, Best Test: 96.87%
Epoch: 300, Loss: 0.1819, Train: 98.96%, Valid: 96.39%, Test: 96.95%, Best Valid: 96.46%, Best Test: 96.92%
Epoch: 400, Loss: 0.1637, Train: 99.44%, Valid: 96.27%, Test: 96.77%, Best Valid: 96.63%, Best Test: 97.05%
Epoch: 500, Loss: 0.1464, Train: 99.67%, Valid: 96.50%, Test: 96.94%, Best Valid: 96.64%, Best Test: 97.16%
Epoch: 600, Loss: 0.1260, Train: 99.86%, Valid: 96.23%, Test: 96.92%, Best Valid: 96.71%, Best Test: 97.01%
Epoch: 700, Loss: 0.1254, Train: 99.92%, Valid: 96.42%, Test: 96.92%, Best Valid: 96.71%, Best Test: 97.01%
Epoch: 800, Loss: 0.1125, Train: 99.97%, Valid: 96.27%, Test: 96.64%, Best Valid: 96.71%, Best Test: 97.01%
Epoch: 900, Loss: 0.0891, Train: 99.98%, Valid: 96.31%, Test: 96.90%, Best Valid: 96.71%, Best Test: 97.01%
Epoch: 1000, Loss: 0.0839, Train: 99.99%, Valid: 96.18%, Test: 96.99%, Best Valid: 96.82%, Best Test: 97.05%
Epoch: 1100, Loss: 0.0832, Train: 100.00%, Valid: 96.45%, Test: 97.05%, Best Valid: 96.82%, Best Test: 97.05%
Epoch: 1200, Loss: 0.0759, Train: 100.00%, Valid: 96.48%, Test: 97.23%, Best Valid: 96.82%, Best Test: 97.05%
Epoch: 1300, Loss: 0.0734, Train: 100.00%, Valid: 95.94%, Test: 96.57%, Best Valid: 96.82%, Best Test: 97.05%
Epoch: 1400, Loss: 0.0648, Train: 100.00%, Valid: 96.04%, Test: 96.86%, Best Valid: 96.82%, Best Test: 97.05%
Epoch: 1500, Loss: 0.0584, Train: 100.00%, Valid: 96.36%, Test: 97.00%, Best Valid: 96.82%, Best Test: 97.05%
Epoch: 1600, Loss: 0.0565, Train: 100.00%, Valid: 96.27%, Test: 96.68%, Best Valid: 96.82%, Best Test: 97.05%
Epoch: 1700, Loss: 0.0524, Train: 100.00%, Valid: 96.03%, Test: 96.79%, Best Valid: 96.82%, Best Test: 97.05%
Epoch: 1800, Loss: 0.0680, Train: 100.00%, Valid: 96.02%, Test: 96.41%, Best Valid: 96.82%, Best Test: 97.05%
Epoch: 1900, Loss: 0.0549, Train: 100.00%, Valid: 96.41%, Test: 96.96%, Best Valid: 96.82%, Best Test: 97.05%
Run 10:
Highest Train: 100.00
Highest Valid: 96.82
Highest Test: 97.28
Chosen epoch: 934
Final Train: 99.98
Final Test: 97.05
All runs:
Highest Train: 100.00 ± 0.00
Highest Test: 97.65 ± 0.64
Highest Valid: 97.52 ± 0.77
  Final Train: 99.87 ± 0.34
   Final Test: 97.47 ± 0.73
Saving results to results/unified/minesweeper/MPNN_sage.csv
--- oracle_reg | lambda=0.2 ---
Namespace(bn=True, cpu=False, data_dir='./data/', dataset='minesweeper', device=0, display_step=100, dropout=0.2, epochs=2000, gnn='sage', hidden_channels=64, jk=False, label_num_per_class=20, lambda_val=0.2, ln=False, local_layers=15, lr=0.01, metric='rocauc', mlp_epochs=500, mlp_reg=False, model='MPNN', model_dir='models', num_heads=1, oracle_reg=True, paired_seeds=True, penalty_transform='none', pre_linear=False, pre_ln=False, rand_split=False, rand_split_class=False, reg_start_epoch=10, reg_update_freq=5, res=True, result_dir='results/unified', runs=10, save_model=False, seed=42, test_num=1000, train_prop=0.5, use_reg=True, valid_num=500, valid_prop=0.25, weight_decay=0.0)
minesweeper
dataset minesweeper | num nodes 10000 | num edge 39402 | num node feats 7 | num classes 2
MODEL: MPNNs(
  (h_lins): ModuleList()
  (local_convs): ModuleList(
    (0): SAGEConv(7, 64, aggr=mean)
    (1): SAGEConv(64, 64, aggr=mean)
    (2): SAGEConv(64, 64, aggr=mean)
    (3): SAGEConv(64, 64, aggr=mean)
    (4): SAGEConv(64, 64, aggr=mean)
    (5): SAGEConv(64, 64, aggr=mean)
    (6): SAGEConv(64, 64, aggr=mean)
    (7): SAGEConv(64, 64, aggr=mean)
    (8): SAGEConv(64, 64, aggr=mean)
    (9): SAGEConv(64, 64, aggr=mean)
    (10): SAGEConv(64, 64, aggr=mean)
    (11): SAGEConv(64, 64, aggr=mean)
    (12): SAGEConv(64, 64, aggr=mean)
    (13): SAGEConv(64, 64, aggr=mean)
    (14): SAGEConv(64, 64, aggr=mean)
  )
  (lins): ModuleList(
    (0): Linear(in_features=7, out_features=64, bias=True)
    (1): Linear(in_features=64, out_features=64, bias=True)
    (2): Linear(in_features=64, out_features=64, bias=True)
    (3): Linear(in_features=64, out_features=64, bias=True)
    (4): Linear(in_features=64, out_features=64, bias=True)
    (5): Linear(in_features=64, out_features=64, bias=True)
    (6): Linear(in_features=64, out_features=64, bias=True)
    (7): Linear(in_features=64, out_features=64, bias=True)
    (8): Linear(in_features=64, out_features=64, bias=True)
    (9): Linear(in_features=64, out_features=64, bias=True)
    (10): Linear(in_features=64, out_features=64, bias=True)
    (11): Linear(in_features=64, out_features=64, bias=True)
    (12): Linear(in_features=64, out_features=64, bias=True)
    (13): Linear(in_features=64, out_features=64, bias=True)
    (14): Linear(in_features=64, out_features=64, bias=True)
  )
  (lns): ModuleList(
    (0): LayerNorm((64,), eps=1e-05, elementwise_affine=True)
    (1): LayerNorm((64,), eps=1e-05, elementwise_affine=True)
    (2): LayerNorm((64,), eps=1e-05, elementwise_affine=True)
    (3): LayerNorm((64,), eps=1e-05, elementwise_affine=True)
    (4): LayerNorm((64,), eps=1e-05, elementwise_affine=True)
    (5): LayerNorm((64,), eps=1e-05, elementwise_affine=True)
    (6): LayerNorm((64,), eps=1e-05, elementwise_affine=True)
    (7): LayerNorm((64,), eps=1e-05, elementwise_affine=True)
    (8): LayerNorm((64,), eps=1e-05, elementwise_affine=True)
    (9): LayerNorm((64,), eps=1e-05, elementwise_affine=True)
    (10): LayerNorm((64,), eps=1e-05, elementwise_affine=True)
    (11): LayerNorm((64,), eps=1e-05, elementwise_affine=True)
    (12): LayerNorm((64,), eps=1e-05, elementwise_affine=True)
    (13): LayerNorm((64,), eps=1e-05, elementwise_affine=True)
    (14): LayerNorm((64,), eps=1e-05, elementwise_affine=True)
  )
  (bns): ModuleList(
    (0): BatchNorm1d(64, eps=1e-05, momentum=0.1, affine=True, track_running_stats=True)
    (1): BatchNorm1d(64, eps=1e-05, momentum=0.1, affine=True, track_running_stats=True)
    (2): BatchNorm1d(64, eps=1e-05, momentum=0.1, affine=True, track_running_stats=True)
    (3): BatchNorm1d(64, eps=1e-05, momentum=0.1, affine=True, track_running_stats=True)
    (4): BatchNorm1d(64, eps=1e-05, momentum=0.1, affine=True, track_running_stats=True)
    (5): BatchNorm1d(64, eps=1e-05, momentum=0.1, affine=True, track_running_stats=True)
    (6): BatchNorm1d(64, eps=1e-05, momentum=0.1, affine=True, track_running_stats=True)
    (7): BatchNorm1d(64, eps=1e-05, momentum=0.1, affine=True, track_running_stats=True)
    (8): BatchNorm1d(64, eps=1e-05, momentum=0.1, affine=True, track_running_stats=True)
    (9): BatchNorm1d(64, eps=1e-05, momentum=0.1, affine=True, track_running_stats=True)
    (10): BatchNorm1d(64, eps=1e-05, momentum=0.1, affine=True, track_running_stats=True)
    (11): BatchNorm1d(64, eps=1e-05, momentum=0.1, affine=True, track_running_stats=True)
    (12): BatchNorm1d(64, eps=1e-05, momentum=0.1, affine=True, track_running_stats=True)
    (13): BatchNorm1d(64, eps=1e-05, momentum=0.1, affine=True, track_running_stats=True)
    (14): BatchNorm1d(64, eps=1e-05, momentum=0.1, affine=True, track_running_stats=True)
  )
  (lin_in): Linear(in_features=7, out_features=64, bias=True)
  (pred_local): Linear(in_features=64, out_features=2, bias=True)
)
Computing oracle penalty matrix from true labels...
Oracle penalty matrix frozen.
Epoch: 00, Loss: 0.7652, Train: 37.39%, Valid: 37.05%, Test: 38.98%, Best Valid: 37.05%, Best Test: 38.98%
Epoch: 100, Loss: 0.2927, Train: 95.88%, Valid: 93.16%, Test: 94.27%, Best Valid: 93.16%, Best Test: 94.27%
Epoch: 200, Loss: 0.2280, Train: 98.01%, Valid: 95.63%, Test: 96.22%, Best Valid: 95.83%, Best Test: 96.47%
Epoch: 300, Loss: 0.1903, Train: 98.99%, Valid: 96.30%, Test: 96.91%, Best Valid: 96.72%, Best Test: 96.74%
Epoch: 400, Loss: 0.1717, Train: 99.58%, Valid: 97.01%, Test: 97.10%, Best Valid: 97.01%, Best Test: 97.10%
Epoch: 500, Loss: 0.1510, Train: 99.74%, Valid: 96.61%, Test: 97.02%, Best Valid: 97.22%, Best Test: 97.41%
Epoch: 600, Loss: 0.1277, Train: 99.92%, Valid: 97.06%, Test: 97.26%, Best Valid: 97.22%, Best Test: 97.41%
Epoch: 700, Loss: 0.1251, Train: 99.96%, Valid: 97.18%, Test: 97.55%, Best Valid: 97.55%, Best Test: 97.64%
Epoch: 800, Loss: 0.1045, Train: 99.98%, Valid: 97.25%, Test: 97.34%, Best Valid: 97.61%, Best Test: 97.66%
Epoch: 900, Loss: 0.0874, Train: 99.99%, Valid: 97.50%, Test: 97.60%, Best Valid: 97.61%, Best Test: 97.66%
Epoch: 1000, Loss: 0.0890, Train: 100.00%, Valid: 97.58%, Test: 97.74%, Best Valid: 97.85%, Best Test: 97.93%
Epoch: 1100, Loss: 0.0750, Train: 100.00%, Valid: 97.60%, Test: 97.61%, Best Valid: 97.85%, Best Test: 97.93%
Epoch: 1200, Loss: 0.0644, Train: 100.00%, Valid: 97.49%, Test: 97.83%, Best Valid: 97.85%, Best Test: 97.93%
Epoch: 1300, Loss: 0.0633, Train: 100.00%, Valid: 97.76%, Test: 97.59%, Best Valid: 97.85%, Best Test: 97.93%
Epoch: 1400, Loss: 0.0509, Train: 100.00%, Valid: 97.65%, Test: 97.91%, Best Valid: 97.85%, Best Test: 97.93%
Epoch: 1500, Loss: 0.0539, Train: 100.00%, Valid: 97.40%, Test: 97.71%, Best Valid: 97.85%, Best Test: 97.93%
Epoch: 1600, Loss: 0.0507, Train: 100.00%, Valid: 97.76%, Test: 98.03%, Best Valid: 97.85%, Best Test: 97.93%
Epoch: 1700, Loss: 0.0533, Train: 100.00%, Valid: 97.73%, Test: 97.79%, Best Valid: 97.95%, Best Test: 97.96%
Epoch: 1800, Loss: 0.0463, Train: 100.00%, Valid: 97.56%, Test: 97.92%, Best Valid: 97.95%, Best Test: 97.96%
Epoch: 1900, Loss: 0.0452, Train: 100.00%, Valid: 97.76%, Test: 97.87%, Best Valid: 97.95%, Best Test: 97.96%
Run 01:
Highest Train: 100.00
Highest Valid: 97.95
Highest Test: 98.30
Chosen epoch: 1692
Final Train: 100.00
Final Test: 97.96
Computing oracle penalty matrix from true labels...
Oracle penalty matrix frozen.
Epoch: 00, Loss: 0.8276, Train: 67.62%, Valid: 68.74%, Test: 69.59%, Best Valid: 68.74%, Best Test: 69.59%
Epoch: 100, Loss: 0.3192, Train: 94.77%, Valid: 93.81%, Test: 93.80%, Best Valid: 93.81%, Best Test: 93.80%
Epoch: 200, Loss: 0.2523, Train: 97.54%, Valid: 95.86%, Test: 96.00%, Best Valid: 95.92%, Best Test: 95.78%
Epoch: 300, Loss: 0.2123, Train: 98.75%, Valid: 96.40%, Test: 96.52%, Best Valid: 96.68%, Best Test: 97.14%
Epoch: 400, Loss: 0.1726, Train: 99.35%, Valid: 96.64%, Test: 97.41%, Best Valid: 96.95%, Best Test: 97.32%
Epoch: 500, Loss: 0.1618, Train: 99.64%, Valid: 96.80%, Test: 97.25%, Best Valid: 97.13%, Best Test: 97.30%
Epoch: 600, Loss: 0.1370, Train: 99.85%, Valid: 96.84%, Test: 97.20%, Best Valid: 97.39%, Best Test: 97.57%
Epoch: 700, Loss: 0.1153, Train: 99.93%, Valid: 96.94%, Test: 97.28%, Best Valid: 97.39%, Best Test: 97.57%
Epoch: 800, Loss: 0.1177, Train: 99.97%, Valid: 96.86%, Test: 97.34%, Best Valid: 97.39%, Best Test: 97.57%
Epoch: 900, Loss: 0.1055, Train: 99.98%, Valid: 97.28%, Test: 97.62%, Best Valid: 97.39%, Best Test: 97.57%
Epoch: 1000, Loss: 0.0878, Train: 99.99%, Valid: 97.27%, Test: 97.60%, Best Valid: 97.41%, Best Test: 97.61%
Epoch: 1100, Loss: 0.0886, Train: 100.00%, Valid: 97.18%, Test: 97.49%, Best Valid: 97.44%, Best Test: 97.56%
Epoch: 1200, Loss: 0.0845, Train: 100.00%, Valid: 96.70%, Test: 97.28%, Best Valid: 97.48%, Best Test: 97.55%
Epoch: 1300, Loss: 0.0758, Train: 100.00%, Valid: 97.19%, Test: 97.43%, Best Valid: 97.48%, Best Test: 97.55%
Epoch: 1400, Loss: 0.0729, Train: 100.00%, Valid: 97.04%, Test: 97.33%, Best Valid: 97.48%, Best Test: 97.63%
Epoch: 1500, Loss: 0.0711, Train: 100.00%, Valid: 97.01%, Test: 97.12%, Best Valid: 97.51%, Best Test: 97.55%
Epoch: 1600, Loss: 0.0757, Train: 100.00%, Valid: 96.99%, Test: 97.33%, Best Valid: 97.51%, Best Test: 97.55%
Epoch: 1700, Loss: 0.0702, Train: 100.00%, Valid: 97.00%, Test: 97.37%, Best Valid: 97.51%, Best Test: 97.55%
Epoch: 1800, Loss: 0.0578, Train: 100.00%, Valid: 97.11%, Test: 97.41%, Best Valid: 97.51%, Best Test: 97.55%
Epoch: 1900, Loss: 0.0585, Train: 100.00%, Valid: 97.19%, Test: 97.35%, Best Valid: 97.51%, Best Test: 97.55%
Run 02:
Highest Train: 100.00
Highest Valid: 97.51
Highest Test: 97.83
Chosen epoch: 1454
Final Train: 100.00
Final Test: 97.55
Computing oracle penalty matrix from true labels...
Oracle penalty matrix frozen.
Epoch: 00, Loss: 1.0872, Train: 38.37%, Valid: 36.47%, Test: 36.66%, Best Valid: 36.47%, Best Test: 36.66%
Epoch: 100, Loss: 0.3063, Train: 95.45%, Valid: 93.80%, Test: 93.94%, Best Valid: 93.80%, Best Test: 93.94%
Epoch: 200, Loss: 0.2466, Train: 98.03%, Valid: 96.20%, Test: 96.55%, Best Valid: 96.20%, Best Test: 96.55%
Epoch: 300, Loss: 0.1980, Train: 98.86%, Valid: 96.39%, Test: 96.87%, Best Valid: 96.90%, Best Test: 97.31%
Epoch: 400, Loss: 0.1681, Train: 99.51%, Valid: 97.00%, Test: 97.54%, Best Valid: 97.26%, Best Test: 97.71%
Epoch: 500, Loss: 0.1519, Train: 99.69%, Valid: 97.45%, Test: 97.96%, Best Valid: 97.56%, Best Test: 98.01%
Epoch: 600, Loss: 0.1345, Train: 99.84%, Valid: 97.50%, Test: 97.98%, Best Valid: 97.79%, Best Test: 98.12%
Epoch: 700, Loss: 0.1228, Train: 99.87%, Valid: 97.40%, Test: 97.96%, Best Valid: 97.83%, Best Test: 98.24%
Epoch: 800, Loss: 0.1236, Train: 99.96%, Valid: 97.70%, Test: 98.15%, Best Valid: 97.96%, Best Test: 98.39%
Epoch: 900, Loss: 0.0944, Train: 99.99%, Valid: 98.01%, Test: 98.54%, Best Valid: 98.03%, Best Test: 98.57%
Epoch: 1000, Loss: 0.0904, Train: 99.99%, Valid: 98.02%, Test: 98.42%, Best Valid: 98.33%, Best Test: 98.45%
Epoch: 1100, Loss: 0.0886, Train: 99.99%, Valid: 97.75%, Test: 98.26%, Best Valid: 98.33%, Best Test: 98.45%
Epoch: 1200, Loss: 0.0700, Train: 100.00%, Valid: 98.04%, Test: 98.41%, Best Valid: 98.33%, Best Test: 98.45%
Epoch: 1300, Loss: 0.0707, Train: 100.00%, Valid: 98.13%, Test: 98.31%, Best Valid: 98.33%, Best Test: 98.45%
Epoch: 1400, Loss: 0.0609, Train: 100.00%, Valid: 97.86%, Test: 98.31%, Best Valid: 98.33%, Best Test: 98.45%
Epoch: 1500, Loss: 0.0752, Train: 100.00%, Valid: 98.07%, Test: 98.68%, Best Valid: 98.33%, Best Test: 98.45%
Epoch: 1600, Loss: 0.0632, Train: 100.00%, Valid: 97.94%, Test: 98.50%, Best Valid: 98.33%, Best Test: 98.45%
Epoch: 1700, Loss: 0.0585, Train: 100.00%, Valid: 98.01%, Test: 98.47%, Best Valid: 98.33%, Best Test: 98.45%
Epoch: 1800, Loss: 0.0603, Train: 100.00%, Valid: 98.10%, Test: 98.62%, Best Valid: 98.44%, Best Test: 98.65%
Epoch: 1900, Loss: 0.0549, Train: 100.00%, Valid: 98.02%, Test: 98.47%, Best Valid: 98.44%, Best Test: 98.65%
Run 03:
Highest Train: 100.00
Highest Valid: 98.44
Highest Test: 98.80
Chosen epoch: 1764
Final Train: 100.00
Final Test: 98.65
Computing oracle penalty matrix from true labels...
Oracle penalty matrix frozen.
Epoch: 00, Loss: 0.7733, Train: 44.56%, Valid: 43.94%, Test: 45.79%, Best Valid: 43.94%, Best Test: 45.79%
Epoch: 100, Loss: 0.2912, Train: 96.03%, Valid: 93.73%, Test: 93.71%, Best Valid: 93.73%, Best Test: 93.71%
Epoch: 200, Loss: 0.2325, Train: 98.28%, Valid: 95.96%, Test: 95.84%, Best Valid: 95.99%, Best Test: 96.00%
Epoch: 300, Loss: 0.1863, Train: 99.16%, Valid: 96.46%, Test: 96.91%, Best Valid: 96.68%, Best Test: 96.71%
Epoch: 400, Loss: 0.1656, Train: 99.55%, Valid: 96.80%, Test: 97.02%, Best Valid: 96.97%, Best Test: 96.83%
Epoch: 500, Loss: 0.1498, Train: 99.80%, Valid: 96.88%, Test: 97.18%, Best Valid: 96.97%, Best Test: 96.83%
Epoch: 600, Loss: 0.1300, Train: 99.86%, Valid: 96.55%, Test: 97.11%, Best Valid: 97.06%, Best Test: 97.26%
Epoch: 700, Loss: 0.1150, Train: 99.97%, Valid: 96.89%, Test: 97.35%, Best Valid: 97.11%, Best Test: 97.57%
Epoch: 800, Loss: 0.0998, Train: 99.98%, Valid: 96.92%, Test: 97.43%, Best Valid: 97.13%, Best Test: 97.11%
Epoch: 900, Loss: 0.0987, Train: 99.99%, Valid: 96.91%, Test: 97.11%, Best Valid: 97.13%, Best Test: 97.11%
Epoch: 1000, Loss: 0.0845, Train: 99.99%, Valid: 96.79%, Test: 97.06%, Best Valid: 97.18%, Best Test: 97.44%
Epoch: 1100, Loss: 0.0831, Train: 100.00%, Valid: 96.85%, Test: 97.30%, Best Valid: 97.28%, Best Test: 97.44%
Epoch: 1200, Loss: 0.0692, Train: 100.00%, Valid: 96.82%, Test: 97.18%, Best Valid: 97.28%, Best Test: 97.44%
Epoch: 1300, Loss: 0.0651, Train: 100.00%, Valid: 96.68%, Test: 97.26%, Best Valid: 97.28%, Best Test: 97.44%
Epoch: 1400, Loss: 0.0593, Train: 100.00%, Valid: 96.78%, Test: 97.26%, Best Valid: 97.28%, Best Test: 97.44%
Epoch: 1500, Loss: 0.0618, Train: 100.00%, Valid: 96.58%, Test: 97.02%, Best Valid: 97.28%, Best Test: 97.44%
Epoch: 1600, Loss: 0.0673, Train: 100.00%, Valid: 96.81%, Test: 97.21%, Best Valid: 97.28%, Best Test: 97.44%
Epoch: 1700, Loss: 0.0587, Train: 100.00%, Valid: 96.94%, Test: 97.20%, Best Valid: 97.28%, Best Test: 97.44%
Epoch: 1800, Loss: 0.0548, Train: 100.00%, Valid: 96.59%, Test: 97.19%, Best Valid: 97.28%, Best Test: 97.44%
Epoch: 1900, Loss: 0.0612, Train: 100.00%, Valid: 96.79%, Test: 97.38%, Best Valid: 97.28%, Best Test: 97.44%
Run 04:
Highest Train: 100.00
Highest Valid: 97.28
Highest Test: 97.57
Chosen epoch: 1085
Final Train: 100.00
Final Test: 97.44
Computing oracle penalty matrix from true labels...
Oracle penalty matrix frozen.
Epoch: 00, Loss: 0.9324, Train: 62.70%, Valid: 60.58%, Test: 61.70%, Best Valid: 60.58%, Best Test: 61.70%
Epoch: 100, Loss: 0.2833, Train: 96.54%, Valid: 94.92%, Test: 94.62%, Best Valid: 94.92%, Best Test: 94.62%
Epoch: 200, Loss: 0.2235, Train: 98.25%, Valid: 96.33%, Test: 95.83%, Best Valid: 96.50%, Best Test: 96.14%
Epoch: 300, Loss: 0.1845, Train: 99.07%, Valid: 96.83%, Test: 96.46%, Best Valid: 96.95%, Best Test: 96.69%
Epoch: 400, Loss: 0.1750, Train: 99.33%, Valid: 96.78%, Test: 96.80%, Best Valid: 97.29%, Best Test: 96.93%
Epoch: 500, Loss: 0.1558, Train: 99.66%, Valid: 97.16%, Test: 96.77%, Best Valid: 97.29%, Best Test: 96.93%
Epoch: 600, Loss: 0.1429, Train: 99.79%, Valid: 97.28%, Test: 96.90%, Best Valid: 97.31%, Best Test: 96.88%
Epoch: 700, Loss: 0.1181, Train: 99.84%, Valid: 97.09%, Test: 96.90%, Best Valid: 97.39%, Best Test: 97.05%
Epoch: 800, Loss: 0.1203, Train: 99.93%, Valid: 97.17%, Test: 96.86%, Best Valid: 97.39%, Best Test: 97.05%
Epoch: 900, Loss: 0.1094, Train: 99.97%, Valid: 97.13%, Test: 96.83%, Best Valid: 97.39%, Best Test: 97.05%
Epoch: 1000, Loss: 0.1021, Train: 99.99%, Valid: 97.08%, Test: 96.71%, Best Valid: 97.39%, Best Test: 97.05%
Epoch: 1100, Loss: 0.0848, Train: 100.00%, Valid: 97.17%, Test: 97.14%, Best Valid: 97.39%, Best Test: 97.05%
Epoch: 1200, Loss: 0.0768, Train: 100.00%, Valid: 97.05%, Test: 96.95%, Best Valid: 97.39%, Best Test: 97.05%
Epoch: 1300, Loss: 0.0806, Train: 100.00%, Valid: 96.88%, Test: 96.91%, Best Valid: 97.39%, Best Test: 97.05%
Epoch: 1400, Loss: 0.0770, Train: 100.00%, Valid: 96.86%, Test: 96.70%, Best Valid: 97.39%, Best Test: 97.05%
Epoch: 1500, Loss: 0.0610, Train: 100.00%, Valid: 96.97%, Test: 96.90%, Best Valid: 97.39%, Best Test: 97.05%
Epoch: 1600, Loss: 0.0716, Train: 100.00%, Valid: 97.10%, Test: 97.07%, Best Valid: 97.39%, Best Test: 97.05%
Epoch: 1700, Loss: 0.0451, Train: 100.00%, Valid: 96.96%, Test: 96.80%, Best Valid: 97.39%, Best Test: 97.05%
Epoch: 1800, Loss: 0.0638, Train: 100.00%, Valid: 97.22%, Test: 97.06%, Best Valid: 97.39%, Best Test: 97.05%
Epoch: 1900, Loss: 0.0589, Train: 100.00%, Valid: 97.05%, Test: 96.87%, Best Valid: 97.49%, Best Test: 97.32%
Run 05:
Highest Train: 100.00
Highest Valid: 97.49
Highest Test: 97.35
Chosen epoch: 1843
Final Train: 100.00
Final Test: 97.32
Computing oracle penalty matrix from true labels...
Oracle penalty matrix frozen.
Epoch: 00, Loss: 0.8902, Train: 46.64%, Valid: 46.90%, Test: 43.88%, Best Valid: 46.90%, Best Test: 43.88%
Epoch: 100, Loss: 0.2916, Train: 95.90%, Valid: 94.14%, Test: 94.49%, Best Valid: 94.14%, Best Test: 94.49%
Epoch: 200, Loss: 0.2360, Train: 97.86%, Valid: 95.03%, Test: 95.79%, Best Valid: 95.62%, Best Test: 95.79%
Epoch: 300, Loss: 0.2135, Train: 98.72%, Valid: 95.58%, Test: 96.00%, Best Valid: 95.81%, Best Test: 96.00%
Epoch: 400, Loss: 0.1841, Train: 99.39%, Valid: 95.65%, Test: 96.30%, Best Valid: 95.89%, Best Test: 96.36%
Epoch: 500, Loss: 0.1543, Train: 99.66%, Valid: 95.65%, Test: 96.17%, Best Valid: 95.89%, Best Test: 96.36%
Epoch: 600, Loss: 0.1406, Train: 99.82%, Valid: 95.54%, Test: 96.02%, Best Valid: 95.94%, Best Test: 96.31%
Epoch: 700, Loss: 0.1314, Train: 99.88%, Valid: 95.54%, Test: 96.27%, Best Valid: 95.94%, Best Test: 96.31%
Epoch: 800, Loss: 0.1038, Train: 99.96%, Valid: 95.46%, Test: 96.14%, Best Valid: 95.94%, Best Test: 96.31%
Epoch: 900, Loss: 0.1120, Train: 99.99%, Valid: 95.39%, Test: 95.72%, Best Valid: 95.94%, Best Test: 96.31%
Epoch: 1000, Loss: 0.1058, Train: 99.99%, Valid: 95.50%, Test: 95.97%, Best Valid: 95.94%, Best Test: 96.31%
Epoch: 1100, Loss: 0.0940, Train: 99.99%, Valid: 95.31%, Test: 95.64%, Best Valid: 95.94%, Best Test: 96.31%
Epoch: 1200, Loss: 0.0841, Train: 100.00%, Valid: 95.16%, Test: 95.54%, Best Valid: 95.94%, Best Test: 96.31%
Epoch: 1300, Loss: 0.0670, Train: 100.00%, Valid: 95.35%, Test: 95.90%, Best Valid: 95.94%, Best Test: 96.31%
Epoch: 1400, Loss: 0.0790, Train: 100.00%, Valid: 95.52%, Test: 95.99%, Best Valid: 95.94%, Best Test: 96.31%
Epoch: 1500, Loss: 0.0730, Train: 100.00%, Valid: 95.29%, Test: 95.54%, Best Valid: 95.94%, Best Test: 96.31%
Epoch: 1600, Loss: 0.0594, Train: 100.00%, Valid: 95.38%, Test: 95.63%, Best Valid: 95.94%, Best Test: 96.31%
Epoch: 1700, Loss: 0.0593, Train: 100.00%, Valid: 95.41%, Test: 95.81%, Best Valid: 95.94%, Best Test: 96.31%
Epoch: 1800, Loss: 0.0596, Train: 100.00%, Valid: 95.48%, Test: 95.85%, Best Valid: 95.94%, Best Test: 96.31%
Epoch: 1900, Loss: 0.0618, Train: 100.00%, Valid: 95.49%, Test: 95.67%, Best Valid: 95.94%, Best Test: 96.31%
Run 06:
Highest Train: 100.00
Highest Valid: 95.94
Highest Test: 96.51
Chosen epoch: 578
Final Train: 99.76
Final Test: 96.31
Computing oracle penalty matrix from true labels...
Oracle penalty matrix frozen.
Epoch: 00, Loss: 1.0390, Train: 45.81%, Valid: 43.39%, Test: 44.80%, Best Valid: 43.39%, Best Test: 44.80%
Epoch: 100, Loss: 0.2998, Train: 95.78%, Valid: 95.66%, Test: 93.81%, Best Valid: 95.66%, Best Test: 93.81%
Epoch: 200, Loss: 0.2222, Train: 98.30%, Valid: 96.82%, Test: 96.36%, Best Valid: 96.83%, Best Test: 96.28%
Epoch: 300, Loss: 0.1920, Train: 99.10%, Valid: 97.25%, Test: 96.88%, Best Valid: 97.28%, Best Test: 96.78%
Epoch: 400, Loss: 0.1630, Train: 99.59%, Valid: 97.42%, Test: 97.02%, Best Valid: 97.62%, Best Test: 97.12%
Epoch: 500, Loss: 0.1452, Train: 99.76%, Valid: 97.57%, Test: 97.21%, Best Valid: 97.66%, Best Test: 97.43%
Epoch: 600, Loss: 0.1322, Train: 99.88%, Valid: 97.59%, Test: 97.35%, Best Valid: 97.75%, Best Test: 97.35%
Epoch: 700, Loss: 0.1242, Train: 99.93%, Valid: 97.48%, Test: 97.37%, Best Valid: 97.98%, Best Test: 97.55%
Epoch: 800, Loss: 0.1043, Train: 99.98%, Valid: 97.72%, Test: 97.77%, Best Valid: 97.98%, Best Test: 97.55%
Epoch: 900, Loss: 0.0943, Train: 99.99%, Valid: 97.90%, Test: 97.77%, Best Valid: 98.03%, Best Test: 97.76%
Epoch: 1000, Loss: 0.0825, Train: 99.99%, Valid: 97.99%, Test: 97.87%, Best Valid: 98.11%, Best Test: 97.93%
Epoch: 1100, Loss: 0.0740, Train: 100.00%, Valid: 98.07%, Test: 98.03%, Best Valid: 98.27%, Best Test: 98.04%
Epoch: 1200, Loss: 0.0756, Train: 100.00%, Valid: 97.97%, Test: 97.88%, Best Valid: 98.29%, Best Test: 97.95%
Epoch: 1300, Loss: 0.0710, Train: 100.00%, Valid: 98.02%, Test: 97.68%, Best Valid: 98.29%, Best Test: 97.95%
Epoch: 1400, Loss: 0.0551, Train: 100.00%, Valid: 97.92%, Test: 97.89%, Best Valid: 98.32%, Best Test: 97.98%
Epoch: 1500, Loss: 0.0566, Train: 100.00%, Valid: 98.12%, Test: 97.90%, Best Valid: 98.32%, Best Test: 97.98%
Epoch: 1600, Loss: 0.0585, Train: 100.00%, Valid: 98.05%, Test: 97.76%, Best Valid: 98.32%, Best Test: 97.98%
Epoch: 1700, Loss: 0.0527, Train: 100.00%, Valid: 98.09%, Test: 97.87%, Best Valid: 98.32%, Best Test: 97.98%
Epoch: 1800, Loss: 0.0562, Train: 100.00%, Valid: 98.30%, Test: 97.97%, Best Valid: 98.32%, Best Test: 97.98%
Epoch: 1900, Loss: 0.0459, Train: 100.00%, Valid: 98.22%, Test: 98.02%, Best Valid: 98.32%, Best Test: 97.98%
Run 07:
Highest Train: 100.00
Highest Valid: 98.32
Highest Test: 98.14
Chosen epoch: 1324
Final Train: 100.00
Final Test: 97.98
Computing oracle penalty matrix from true labels...
Oracle penalty matrix frozen.
Epoch: 00, Loss: 0.8848, Train: 51.88%, Valid: 48.40%, Test: 49.39%, Best Valid: 48.40%, Best Test: 49.39%
Epoch: 100, Loss: 0.3117, Train: 94.56%, Valid: 93.59%, Test: 93.44%, Best Valid: 93.67%, Best Test: 93.58%
Epoch: 200, Loss: 0.2419, Train: 97.52%, Valid: 95.97%, Test: 96.13%, Best Valid: 96.20%, Best Test: 96.60%
Epoch: 300, Loss: 0.1966, Train: 98.70%, Valid: 96.65%, Test: 96.86%, Best Valid: 97.05%, Best Test: 97.07%
Epoch: 400, Loss: 0.1823, Train: 99.45%, Valid: 96.73%, Test: 96.93%, Best Valid: 97.09%, Best Test: 97.02%
Epoch: 500, Loss: 0.1550, Train: 99.59%, Valid: 96.49%, Test: 96.69%, Best Valid: 97.18%, Best Test: 97.03%
Epoch: 600, Loss: 0.1323, Train: 99.80%, Valid: 97.05%, Test: 97.04%, Best Valid: 97.28%, Best Test: 96.97%
Epoch: 700, Loss: 0.1391, Train: 99.93%, Valid: 97.30%, Test: 97.07%, Best Valid: 97.36%, Best Test: 97.05%
Epoch: 800, Loss: 0.1132, Train: 99.94%, Valid: 96.93%, Test: 97.09%, Best Valid: 97.49%, Best Test: 97.24%
Epoch: 900, Loss: 0.1108, Train: 99.98%, Valid: 96.88%, Test: 96.78%, Best Valid: 97.49%, Best Test: 97.24%
Epoch: 1000, Loss: 0.1003, Train: 99.98%, Valid: 97.05%, Test: 96.78%, Best Valid: 97.49%, Best Test: 97.24%
Epoch: 1100, Loss: 0.0933, Train: 100.00%, Valid: 97.27%, Test: 96.82%, Best Valid: 97.49%, Best Test: 97.24%
Epoch: 1200, Loss: 0.0847, Train: 100.00%, Valid: 97.03%, Test: 96.94%, Best Valid: 97.49%, Best Test: 97.24%
Epoch: 1300, Loss: 0.0788, Train: 100.00%, Valid: 97.05%, Test: 96.61%, Best Valid: 97.49%, Best Test: 97.24%
Epoch: 1400, Loss: 0.0656, Train: 100.00%, Valid: 97.01%, Test: 96.91%, Best Valid: 97.49%, Best Test: 97.24%
Epoch: 1500, Loss: 0.0649, Train: 100.00%, Valid: 97.12%, Test: 96.84%, Best Valid: 97.49%, Best Test: 97.24%
Epoch: 1600, Loss: 0.0740, Train: 100.00%, Valid: 97.08%, Test: 96.72%, Best Valid: 97.49%, Best Test: 97.24%
Epoch: 1700, Loss: 0.0704, Train: 100.00%, Valid: 96.61%, Test: 96.56%, Best Valid: 97.49%, Best Test: 97.24%
Epoch: 1800, Loss: 0.0598, Train: 100.00%, Valid: 96.85%, Test: 96.90%, Best Valid: 97.49%, Best Test: 97.24%
Epoch: 1900, Loss: 0.0572, Train: 100.00%, Valid: 97.01%, Test: 96.88%, Best Valid: 97.49%, Best Test: 97.24%
Run 08:
Highest Train: 100.00
Highest Valid: 97.49
Highest Test: 97.34
Chosen epoch: 733
Final Train: 99.92
Final Test: 97.24
Computing oracle penalty matrix from true labels...
Oracle penalty matrix frozen.
Epoch: 00, Loss: 0.8008, Train: 33.53%, Valid: 33.89%, Test: 34.57%, Best Valid: 33.89%, Best Test: 34.57%
Epoch: 100, Loss: 0.2984, Train: 95.65%, Valid: 94.37%, Test: 94.67%, Best Valid: 94.41%, Best Test: 94.79%
Epoch: 200, Loss: 0.2354, Train: 98.21%, Valid: 96.90%, Test: 96.82%, Best Valid: 96.90%, Best Test: 96.82%
Epoch: 300, Loss: 0.1905, Train: 98.94%, Valid: 97.14%, Test: 97.00%, Best Valid: 97.16%, Best Test: 96.93%
Epoch: 400, Loss: 0.1751, Train: 99.35%, Valid: 96.97%, Test: 96.88%, Best Valid: 97.24%, Best Test: 97.08%
Epoch: 500, Loss: 0.1615, Train: 99.65%, Valid: 97.05%, Test: 96.97%, Best Valid: 97.32%, Best Test: 97.07%
Epoch: 600, Loss: 0.1463, Train: 99.71%, Valid: 96.91%, Test: 96.92%, Best Valid: 97.32%, Best Test: 97.07%
Epoch: 700, Loss: 0.1412, Train: 99.89%, Valid: 96.86%, Test: 97.13%, Best Valid: 97.32%, Best Test: 97.07%
Epoch: 800, Loss: 0.1183, Train: 99.97%, Valid: 96.66%, Test: 97.00%, Best Valid: 97.32%, Best Test: 97.07%
Epoch: 900, Loss: 0.1169, Train: 99.97%, Valid: 96.50%, Test: 96.76%, Best Valid: 97.32%, Best Test: 97.07%
Epoch: 1000, Loss: 0.0956, Train: 99.98%, Valid: 96.79%, Test: 96.90%, Best Valid: 97.32%, Best Test: 97.07%
Epoch: 1100, Loss: 0.1016, Train: 99.99%, Valid: 96.85%, Test: 96.94%, Best Valid: 97.32%, Best Test: 97.07%
Epoch: 1200, Loss: 0.0916, Train: 99.99%, Valid: 96.18%, Test: 96.42%, Best Valid: 97.32%, Best Test: 97.07%
Epoch: 1300, Loss: 0.0801, Train: 100.00%, Valid: 96.47%, Test: 96.74%, Best Valid: 97.32%, Best Test: 97.07%
Epoch: 1400, Loss: 0.0784, Train: 100.00%, Valid: 96.58%, Test: 96.58%, Best Valid: 97.32%, Best Test: 97.07%
Epoch: 1500, Loss: 0.0752, Train: 100.00%, Valid: 96.57%, Test: 96.93%, Best Valid: 97.32%, Best Test: 97.07%
Epoch: 1600, Loss: 0.0663, Train: 100.00%, Valid: 96.60%, Test: 96.80%, Best Valid: 97.32%, Best Test: 97.07%
Epoch: 1700, Loss: 0.0669, Train: 100.00%, Valid: 96.55%, Test: 96.64%, Best Valid: 97.32%, Best Test: 97.07%
Epoch: 1800, Loss: 0.0640, Train: 100.00%, Valid: 96.61%, Test: 96.63%, Best Valid: 97.32%, Best Test: 97.07%
Epoch: 1900, Loss: 0.0661, Train: 100.00%, Valid: 96.16%, Test: 96.39%, Best Valid: 97.32%, Best Test: 97.07%
Run 09:
Highest Train: 100.00
Highest Valid: 97.32
Highest Test: 97.24
Chosen epoch: 406
Final Train: 99.40
Final Test: 97.07
Computing oracle penalty matrix from true labels...
Oracle penalty matrix frozen.
Epoch: 00, Loss: 0.9809, Train: 60.54%, Valid: 62.89%, Test: 62.79%, Best Valid: 62.89%, Best Test: 62.79%
Epoch: 100, Loss: 0.2992, Train: 95.93%, Valid: 94.16%, Test: 95.35%, Best Valid: 94.16%, Best Test: 95.35%
Epoch: 200, Loss: 0.2267, Train: 98.17%, Valid: 96.00%, Test: 96.88%, Best Valid: 96.04%, Best Test: 96.95%
Epoch: 300, Loss: 0.1895, Train: 98.93%, Valid: 96.29%, Test: 96.87%, Best Valid: 96.41%, Best Test: 96.96%
Epoch: 400, Loss: 0.1744, Train: 99.30%, Valid: 96.57%, Test: 97.01%, Best Valid: 96.60%, Best Test: 97.07%
Epoch: 500, Loss: 0.1548, Train: 99.67%, Valid: 96.49%, Test: 96.82%, Best Valid: 96.60%, Best Test: 97.07%
Epoch: 600, Loss: 0.1457, Train: 99.82%, Valid: 96.42%, Test: 96.70%, Best Valid: 96.60%, Best Test: 97.07%
Epoch: 700, Loss: 0.1234, Train: 99.93%, Valid: 96.27%, Test: 96.83%, Best Valid: 96.65%, Best Test: 97.08%
Epoch: 800, Loss: 0.1111, Train: 99.95%, Valid: 96.01%, Test: 96.77%, Best Valid: 96.65%, Best Test: 97.08%
Epoch: 900, Loss: 0.1034, Train: 99.97%, Valid: 96.30%, Test: 96.81%, Best Valid: 96.65%, Best Test: 97.08%
Epoch: 1000, Loss: 0.1040, Train: 99.99%, Valid: 95.97%, Test: 96.65%, Best Valid: 96.65%, Best Test: 97.08%
Epoch: 1100, Loss: 0.0894, Train: 99.99%, Valid: 96.03%, Test: 96.71%, Best Valid: 96.65%, Best Test: 97.08%
Epoch: 1200, Loss: 0.0922, Train: 99.99%, Valid: 96.32%, Test: 96.81%, Best Valid: 96.65%, Best Test: 97.08%
Epoch: 1300, Loss: 0.0803, Train: 100.00%, Valid: 96.30%, Test: 96.95%, Best Valid: 96.65%, Best Test: 97.08%
Epoch: 1400, Loss: 0.0732, Train: 100.00%, Valid: 96.04%, Test: 96.60%, Best Valid: 96.65%, Best Test: 97.08%
Epoch: 1500, Loss: 0.0680, Train: 100.00%, Valid: 96.36%, Test: 96.80%, Best Valid: 96.65%, Best Test: 97.08%
Epoch: 1600, Loss: 0.0629, Train: 100.00%, Valid: 96.05%, Test: 96.82%, Best Valid: 96.65%, Best Test: 97.08%
Epoch: 1700, Loss: 0.0567, Train: 100.00%, Valid: 96.10%, Test: 96.89%, Best Valid: 96.65%, Best Test: 97.08%
Epoch: 1800, Loss: 0.0640, Train: 100.00%, Valid: 96.35%, Test: 96.81%, Best Valid: 96.65%, Best Test: 97.08%
Epoch: 1900, Loss: 0.0630, Train: 100.00%, Valid: 96.10%, Test: 97.01%, Best Valid: 96.65%, Best Test: 97.08%
Run 10:
Highest Train: 100.00
Highest Valid: 96.65
Highest Test: 97.26
Chosen epoch: 674
Final Train: 99.91
Final Test: 97.08
All runs:
Highest Train: 100.00 ± 0.00
Highest Test: 97.63 ± 0.65
Highest Valid: 97.44 ± 0.74
  Final Train: 99.90 ± 0.19
   Final Test: 97.46 ± 0.64
Saving results to results/unified/minesweeper/MPNN_sage.csv
--- oracle_reg | lambda=0.4 ---
Namespace(bn=True, cpu=False, data_dir='./data/', dataset='minesweeper', device=0, display_step=100, dropout=0.2, epochs=2000, gnn='sage', hidden_channels=64, jk=False, label_num_per_class=20, lambda_val=0.4, ln=False, local_layers=15, lr=0.01, metric='rocauc', mlp_epochs=500, mlp_reg=False, model='MPNN', model_dir='models', num_heads=1, oracle_reg=True, paired_seeds=True, penalty_transform='none', pre_linear=False, pre_ln=False, rand_split=False, rand_split_class=False, reg_start_epoch=10, reg_update_freq=5, res=True, result_dir='results/unified', runs=10, save_model=False, seed=42, test_num=1000, train_prop=0.5, use_reg=True, valid_num=500, valid_prop=0.25, weight_decay=0.0)
minesweeper
dataset minesweeper | num nodes 10000 | num edge 39402 | num node feats 7 | num classes 2
MODEL: MPNNs(
  (h_lins): ModuleList()
  (local_convs): ModuleList(
    (0): SAGEConv(7, 64, aggr=mean)
    (1): SAGEConv(64, 64, aggr=mean)
    (2): SAGEConv(64, 64, aggr=mean)
    (3): SAGEConv(64, 64, aggr=mean)
    (4): SAGEConv(64, 64, aggr=mean)
    (5): SAGEConv(64, 64, aggr=mean)
    (6): SAGEConv(64, 64, aggr=mean)
    (7): SAGEConv(64, 64, aggr=mean)
    (8): SAGEConv(64, 64, aggr=mean)
    (9): SAGEConv(64, 64, aggr=mean)
    (10): SAGEConv(64, 64, aggr=mean)
    (11): SAGEConv(64, 64, aggr=mean)
    (12): SAGEConv(64, 64, aggr=mean)
    (13): SAGEConv(64, 64, aggr=mean)
    (14): SAGEConv(64, 64, aggr=mean)
  )
  (lins): ModuleList(
    (0): Linear(in_features=7, out_features=64, bias=True)
    (1): Linear(in_features=64, out_features=64, bias=True)
    (2): Linear(in_features=64, out_features=64, bias=True)
    (3): Linear(in_features=64, out_features=64, bias=True)
    (4): Linear(in_features=64, out_features=64, bias=True)
    (5): Linear(in_features=64, out_features=64, bias=True)
    (6): Linear(in_features=64, out_features=64, bias=True)
    (7): Linear(in_features=64, out_features=64, bias=True)
    (8): Linear(in_features=64, out_features=64, bias=True)
    (9): Linear(in_features=64, out_features=64, bias=True)
    (10): Linear(in_features=64, out_features=64, bias=True)
    (11): Linear(in_features=64, out_features=64, bias=True)
    (12): Linear(in_features=64, out_features=64, bias=True)
    (13): Linear(in_features=64, out_features=64, bias=True)
    (14): Linear(in_features=64, out_features=64, bias=True)
  )
  (lns): ModuleList(
    (0): LayerNorm((64,), eps=1e-05, elementwise_affine=True)
    (1): LayerNorm((64,), eps=1e-05, elementwise_affine=True)
    (2): LayerNorm((64,), eps=1e-05, elementwise_affine=True)
    (3): LayerNorm((64,), eps=1e-05, elementwise_affine=True)
    (4): LayerNorm((64,), eps=1e-05, elementwise_affine=True)
    (5): LayerNorm((64,), eps=1e-05, elementwise_affine=True)
    (6): LayerNorm((64,), eps=1e-05, elementwise_affine=True)
    (7): LayerNorm((64,), eps=1e-05, elementwise_affine=True)
    (8): LayerNorm((64,), eps=1e-05, elementwise_affine=True)
    (9): LayerNorm((64,), eps=1e-05, elementwise_affine=True)
    (10): LayerNorm((64,), eps=1e-05, elementwise_affine=True)
    (11): LayerNorm((64,), eps=1e-05, elementwise_affine=True)
    (12): LayerNorm((64,), eps=1e-05, elementwise_affine=True)
    (13): LayerNorm((64,), eps=1e-05, elementwise_affine=True)
    (14): LayerNorm((64,), eps=1e-05, elementwise_affine=True)
  )
  (bns): ModuleList(
    (0): BatchNorm1d(64, eps=1e-05, momentum=0.1, affine=True, track_running_stats=True)
    (1): BatchNorm1d(64, eps=1e-05, momentum=0.1, affine=True, track_running_stats=True)
    (2): BatchNorm1d(64, eps=1e-05, momentum=0.1, affine=True, track_running_stats=True)
    (3): BatchNorm1d(64, eps=1e-05, momentum=0.1, affine=True, track_running_stats=True)
    (4): BatchNorm1d(64, eps=1e-05, momentum=0.1, affine=True, track_running_stats=True)
    (5): BatchNorm1d(64, eps=1e-05, momentum=0.1, affine=True, track_running_stats=True)
    (6): BatchNorm1d(64, eps=1e-05, momentum=0.1, affine=True, track_running_stats=True)
    (7): BatchNorm1d(64, eps=1e-05, momentum=0.1, affine=True, track_running_stats=True)
    (8): BatchNorm1d(64, eps=1e-05, momentum=0.1, affine=True, track_running_stats=True)
    (9): BatchNorm1d(64, eps=1e-05, momentum=0.1, affine=True, track_running_stats=True)
    (10): BatchNorm1d(64, eps=1e-05, momentum=0.1, affine=True, track_running_stats=True)
    (11): BatchNorm1d(64, eps=1e-05, momentum=0.1, affine=True, track_running_stats=True)
    (12): BatchNorm1d(64, eps=1e-05, momentum=0.1, affine=True, track_running_stats=True)
    (13): BatchNorm1d(64, eps=1e-05, momentum=0.1, affine=True, track_running_stats=True)
    (14): BatchNorm1d(64, eps=1e-05, momentum=0.1, affine=True, track_running_stats=True)
  )
  (lin_in): Linear(in_features=7, out_features=64, bias=True)
  (pred_local): Linear(in_features=64, out_features=2, bias=True)
)
Computing oracle penalty matrix from true labels...
Oracle penalty matrix frozen.
Epoch: 00, Loss: 0.8928, Train: 42.05%, Valid: 41.74%, Test: 43.20%, Best Valid: 41.74%, Best Test: 43.20%
Epoch: 100, Loss: 0.3495, Train: 95.72%, Valid: 93.53%, Test: 94.41%, Best Valid: 93.53%, Best Test: 94.41%
Epoch: 200, Loss: 0.2787, Train: 98.19%, Valid: 95.59%, Test: 96.50%, Best Valid: 95.59%, Best Test: 96.50%
Epoch: 300, Loss: 0.2362, Train: 99.05%, Valid: 96.04%, Test: 96.36%, Best Valid: 96.32%, Best Test: 96.60%
Epoch: 400, Loss: 0.1943, Train: 99.47%, Valid: 96.37%, Test: 96.76%, Best Valid: 96.38%, Best Test: 96.80%
Epoch: 500, Loss: 0.1741, Train: 99.84%, Valid: 96.55%, Test: 96.71%, Best Valid: 96.60%, Best Test: 96.46%
Epoch: 600, Loss: 0.1458, Train: 99.92%, Valid: 96.50%, Test: 96.71%, Best Valid: 96.76%, Best Test: 96.72%
Epoch: 700, Loss: 0.1353, Train: 99.96%, Valid: 96.55%, Test: 96.66%, Best Valid: 96.90%, Best Test: 96.67%
Epoch: 800, Loss: 0.1188, Train: 99.97%, Valid: 96.69%, Test: 96.71%, Best Valid: 96.91%, Best Test: 96.98%
Epoch: 900, Loss: 0.1138, Train: 100.00%, Valid: 96.96%, Test: 96.69%, Best Valid: 96.99%, Best Test: 96.88%
Epoch: 1000, Loss: 0.0964, Train: 100.00%, Valid: 96.88%, Test: 96.73%, Best Valid: 97.10%, Best Test: 96.92%
Epoch: 1100, Loss: 0.0884, Train: 100.00%, Valid: 96.62%, Test: 96.70%, Best Valid: 97.10%, Best Test: 96.92%
Epoch: 1200, Loss: 0.1000, Train: 100.00%, Valid: 96.74%, Test: 96.67%, Best Valid: 97.10%, Best Test: 96.99%
Epoch: 1300, Loss: 0.0845, Train: 100.00%, Valid: 97.00%, Test: 96.92%, Best Valid: 97.13%, Best Test: 97.05%
Epoch: 1400, Loss: 0.0713, Train: 100.00%, Valid: 96.67%, Test: 96.54%, Best Valid: 97.13%, Best Test: 97.05%
Epoch: 1500, Loss: 0.0789, Train: 100.00%, Valid: 96.87%, Test: 96.83%, Best Valid: 97.17%, Best Test: 96.86%
Epoch: 1600, Loss: 0.0693, Train: 100.00%, Valid: 96.96%, Test: 96.85%, Best Valid: 97.17%, Best Test: 96.86%
Epoch: 1700, Loss: 0.0702, Train: 100.00%, Valid: 96.71%, Test: 96.71%, Best Valid: 97.25%, Best Test: 96.94%
Epoch: 1800, Loss: 0.0567, Train: 100.00%, Valid: 96.82%, Test: 96.78%, Best Valid: 97.25%, Best Test: 96.94%
Epoch: 1900, Loss: 0.0605, Train: 100.00%, Valid: 96.95%, Test: 96.82%, Best Valid: 97.25%, Best Test: 96.94%
Run 01:
Highest Train: 100.00
Highest Valid: 97.25
Highest Test: 97.09
Chosen epoch: 1661
Final Train: 100.00
Final Test: 96.94
Computing oracle penalty matrix from true labels...
Oracle penalty matrix frozen.
Epoch: 00, Loss: 0.9655, Train: 63.15%, Valid: 64.64%, Test: 65.59%, Best Valid: 64.64%, Best Test: 65.59%
Epoch: 100, Loss: 0.3866, Train: 94.00%, Valid: 92.87%, Test: 93.38%, Best Valid: 92.97%, Best Test: 93.01%
Epoch: 200, Loss: 0.3191, Train: 96.82%, Valid: 95.07%, Test: 94.74%, Best Valid: 95.07%, Best Test: 94.74%
Epoch: 300, Loss: 0.2553, Train: 98.63%, Valid: 96.37%, Test: 96.56%, Best Valid: 96.38%, Best Test: 96.29%
Epoch: 400, Loss: 0.2181, Train: 99.17%, Valid: 96.75%, Test: 96.72%, Best Valid: 96.75%, Best Test: 96.72%
Epoch: 500, Loss: 0.1899, Train: 99.64%, Valid: 96.88%, Test: 97.38%, Best Valid: 96.91%, Best Test: 97.33%
Epoch: 600, Loss: 0.1772, Train: 99.82%, Valid: 96.59%, Test: 97.16%, Best Valid: 96.93%, Best Test: 97.18%
Epoch: 700, Loss: 0.1554, Train: 99.93%, Valid: 96.36%, Test: 97.12%, Best Valid: 96.93%, Best Test: 97.18%
Epoch: 800, Loss: 0.1426, Train: 99.96%, Valid: 96.70%, Test: 97.23%, Best Valid: 96.93%, Best Test: 97.18%
Epoch: 900, Loss: 0.1297, Train: 99.99%, Valid: 96.90%, Test: 97.28%, Best Valid: 96.99%, Best Test: 97.31%
Epoch: 1000, Loss: 0.1122, Train: 100.00%, Valid: 96.55%, Test: 97.01%, Best Valid: 96.99%, Best Test: 97.31%
Epoch: 1100, Loss: 0.1051, Train: 100.00%, Valid: 96.33%, Test: 96.78%, Best Valid: 97.05%, Best Test: 97.21%
Epoch: 1200, Loss: 0.0958, Train: 100.00%, Valid: 96.65%, Test: 96.93%, Best Valid: 97.05%, Best Test: 97.21%
Epoch: 1300, Loss: 0.0927, Train: 100.00%, Valid: 96.93%, Test: 97.14%, Best Valid: 97.05%, Best Test: 97.21%
Epoch: 1400, Loss: 0.0906, Train: 100.00%, Valid: 96.70%, Test: 96.93%, Best Valid: 97.05%, Best Test: 97.21%
Epoch: 1500, Loss: 0.0854, Train: 100.00%, Valid: 96.65%, Test: 97.08%, Best Valid: 97.05%, Best Test: 97.21%
Epoch: 1600, Loss: 0.0610, Train: 100.00%, Valid: 96.66%, Test: 97.16%, Best Valid: 97.05%, Best Test: 97.21%
Epoch: 1700, Loss: 0.0729, Train: 100.00%, Valid: 96.70%, Test: 97.29%, Best Valid: 97.05%, Best Test: 97.21%
Epoch: 1800, Loss: 0.0634, Train: 100.00%, Valid: 96.75%, Test: 97.01%, Best Valid: 97.05%, Best Test: 97.21%
Epoch: 1900, Loss: 0.0600, Train: 100.00%, Valid: 96.70%, Test: 97.07%, Best Valid: 97.05%, Best Test: 97.21%
Run 02:
Highest Train: 100.00
Highest Valid: 97.05
Highest Test: 97.58
Chosen epoch: 1056
Final Train: 100.00
Final Test: 97.21
Computing oracle penalty matrix from true labels...
Oracle penalty matrix frozen.
Epoch: 00, Loss: 1.2684, Train: 43.44%, Valid: 40.82%, Test: 40.44%, Best Valid: 40.82%, Best Test: 40.44%
Epoch: 100, Loss: 0.3488, Train: 95.94%, Valid: 94.70%, Test: 94.69%, Best Valid: 94.93%, Best Test: 94.86%
Epoch: 200, Loss: 0.2747, Train: 98.38%, Valid: 96.32%, Test: 96.99%, Best Valid: 96.41%, Best Test: 96.73%
Epoch: 300, Loss: 0.2250, Train: 99.21%, Valid: 97.01%, Test: 97.57%, Best Valid: 97.08%, Best Test: 97.48%
Epoch: 400, Loss: 0.1974, Train: 99.53%, Valid: 96.98%, Test: 97.46%, Best Valid: 97.21%, Best Test: 97.73%
Epoch: 500, Loss: 0.1738, Train: 99.73%, Valid: 97.39%, Test: 97.96%, Best Valid: 97.46%, Best Test: 97.96%
Epoch: 600, Loss: 0.1543, Train: 99.87%, Valid: 97.38%, Test: 97.97%, Best Valid: 97.49%, Best Test: 97.98%
Epoch: 700, Loss: 0.1419, Train: 99.93%, Valid: 97.48%, Test: 98.16%, Best Valid: 97.54%, Best Test: 97.96%
Epoch: 800, Loss: 0.1200, Train: 99.96%, Valid: 97.51%, Test: 98.17%, Best Valid: 97.85%, Best Test: 98.15%
Epoch: 900, Loss: 0.1114, Train: 99.99%, Valid: 97.44%, Test: 98.16%, Best Valid: 97.85%, Best Test: 98.15%
Epoch: 1000, Loss: 0.0994, Train: 100.00%, Valid: 97.73%, Test: 98.13%, Best Valid: 97.85%, Best Test: 98.15%
Epoch: 1100, Loss: 0.0943, Train: 100.00%, Valid: 97.60%, Test: 98.15%, Best Valid: 97.87%, Best Test: 98.13%
Epoch: 1200, Loss: 0.0901, Train: 100.00%, Valid: 97.66%, Test: 98.33%, Best Valid: 97.93%, Best Test: 98.09%
Epoch: 1300, Loss: 0.0731, Train: 100.00%, Valid: 97.67%, Test: 98.18%, Best Valid: 97.93%, Best Test: 98.09%
Epoch: 1400, Loss: 0.0793, Train: 100.00%, Valid: 97.71%, Test: 98.18%, Best Valid: 97.93%, Best Test: 98.28%
Epoch: 1500, Loss: 0.0818, Train: 100.00%, Valid: 97.76%, Test: 98.20%, Best Valid: 97.93%, Best Test: 98.28%
Epoch: 1600, Loss: 0.0669, Train: 100.00%, Valid: 97.50%, Test: 97.99%, Best Valid: 97.93%, Best Test: 98.28%
Epoch: 1700, Loss: 0.0588, Train: 100.00%, Valid: 97.77%, Test: 98.24%, Best Valid: 97.95%, Best Test: 98.19%
Epoch: 1800, Loss: 0.0686, Train: 100.00%, Valid: 97.80%, Test: 98.03%, Best Valid: 97.95%, Best Test: 98.19%
Epoch: 1900, Loss: 0.0770, Train: 100.00%, Valid: 97.88%, Test: 98.26%, Best Valid: 97.95%, Best Test: 98.35%
Run 03:
Highest Train: 100.00
Highest Valid: 97.97
Highest Test: 98.41
Chosen epoch: 1973
Final Train: 100.00
Final Test: 98.15
Computing oracle penalty matrix from true labels...
Oracle penalty matrix frozen.
Epoch: 00, Loss: 0.9022, Train: 44.39%, Valid: 44.34%, Test: 46.22%, Best Valid: 44.34%, Best Test: 46.22%
Epoch: 100, Loss: 0.3417, Train: 96.44%, Valid: 94.12%, Test: 93.67%, Best Valid: 94.15%, Best Test: 93.69%
Epoch: 200, Loss: 0.2570, Train: 98.37%, Valid: 96.08%, Test: 95.92%, Best Valid: 96.15%, Best Test: 95.97%
Epoch: 300, Loss: 0.2182, Train: 99.11%, Valid: 96.60%, Test: 96.64%, Best Valid: 96.81%, Best Test: 96.55%
Epoch: 400, Loss: 0.1776, Train: 99.57%, Valid: 96.88%, Test: 96.77%, Best Valid: 96.96%, Best Test: 96.81%
Epoch: 500, Loss: 0.1669, Train: 99.77%, Valid: 96.73%, Test: 96.97%, Best Valid: 97.19%, Best Test: 97.02%
Epoch: 600, Loss: 0.1465, Train: 99.88%, Valid: 96.89%, Test: 97.02%, Best Valid: 97.22%, Best Test: 97.18%
Epoch: 700, Loss: 0.1285, Train: 99.96%, Valid: 96.87%, Test: 97.06%, Best Valid: 97.33%, Best Test: 97.28%
Epoch: 800, Loss: 0.1128, Train: 99.97%, Valid: 97.26%, Test: 97.04%, Best Valid: 97.35%, Best Test: 97.17%
Epoch: 900, Loss: 0.1060, Train: 99.98%, Valid: 97.23%, Test: 97.25%, Best Valid: 97.43%, Best Test: 97.30%
Epoch: 1000, Loss: 0.0942, Train: 99.99%, Valid: 97.18%, Test: 97.17%, Best Valid: 97.60%, Best Test: 97.49%
Epoch: 1100, Loss: 0.0854, Train: 100.00%, Valid: 97.30%, Test: 97.50%, Best Valid: 97.64%, Best Test: 97.50%
Epoch: 1200, Loss: 0.0766, Train: 100.00%, Valid: 97.20%, Test: 97.24%, Best Valid: 97.64%, Best Test: 97.50%
Epoch: 1300, Loss: 0.0857, Train: 100.00%, Valid: 97.43%, Test: 97.47%, Best Valid: 97.64%, Best Test: 97.50%
Epoch: 1400, Loss: 0.0724, Train: 100.00%, Valid: 97.20%, Test: 97.24%, Best Valid: 97.64%, Best Test: 97.50%
Epoch: 1500, Loss: 0.0671, Train: 100.00%, Valid: 97.59%, Test: 97.58%, Best Valid: 97.64%, Best Test: 97.50%
Epoch: 1600, Loss: 0.0664, Train: 100.00%, Valid: 97.54%, Test: 97.57%, Best Valid: 97.64%, Best Test: 97.50%
Epoch: 1700, Loss: 0.0562, Train: 100.00%, Valid: 97.36%, Test: 97.30%, Best Valid: 97.68%, Best Test: 97.48%
Epoch: 1800, Loss: 0.0553, Train: 100.00%, Valid: 97.38%, Test: 97.37%, Best Valid: 97.68%, Best Test: 97.48%
Epoch: 1900, Loss: 0.0571, Train: 100.00%, Valid: 97.13%, Test: 97.30%, Best Valid: 97.68%, Best Test: 97.48%
Run 04:
Highest Train: 100.00
Highest Valid: 97.68
Highest Test: 97.70
Chosen epoch: 1611
Final Train: 100.00
Final Test: 97.48
Computing oracle penalty matrix from true labels...
Oracle penalty matrix frozen.
Epoch: 00, Loss: 1.0878, Train: 55.71%, Valid: 54.96%, Test: 54.85%, Best Valid: 54.96%, Best Test: 54.85%
Epoch: 100, Loss: 0.3357, Train: 96.16%, Valid: 94.91%, Test: 94.80%, Best Valid: 94.91%, Best Test: 94.80%
Epoch: 200, Loss: 0.2674, Train: 98.12%, Valid: 96.27%, Test: 95.88%, Best Valid: 96.41%, Best Test: 95.95%
Epoch: 300, Loss: 0.2202, Train: 98.92%, Valid: 95.99%, Test: 96.16%, Best Valid: 96.73%, Best Test: 96.04%
Epoch: 400, Loss: 0.2044, Train: 99.40%, Valid: 96.14%, Test: 96.08%, Best Valid: 96.73%, Best Test: 96.04%
Epoch: 500, Loss: 0.1743, Train: 99.66%, Valid: 95.78%, Test: 95.93%, Best Valid: 96.73%, Best Test: 96.04%
Epoch: 600, Loss: 0.1561, Train: 99.80%, Valid: 95.88%, Test: 95.95%, Best Valid: 96.73%, Best Test: 96.04%
Epoch: 700, Loss: 0.1495, Train: 99.91%, Valid: 95.61%, Test: 95.80%, Best Valid: 96.73%, Best Test: 96.04%
Epoch: 800, Loss: 0.1332, Train: 99.96%, Valid: 96.04%, Test: 95.58%, Best Valid: 96.73%, Best Test: 96.04%
Epoch: 900, Loss: 0.1196, Train: 99.99%, Valid: 95.78%, Test: 95.54%, Best Valid: 96.73%, Best Test: 96.04%
Epoch: 1000, Loss: 0.1008, Train: 100.00%, Valid: 95.84%, Test: 95.73%, Best Valid: 96.73%, Best Test: 96.04%
Epoch: 1100, Loss: 0.1164, Train: 99.99%, Valid: 95.14%, Test: 95.35%, Best Valid: 96.73%, Best Test: 96.04%
Epoch: 1200, Loss: 0.0942, Train: 100.00%, Valid: 95.51%, Test: 95.30%, Best Valid: 96.73%, Best Test: 96.04%
Epoch: 1300, Loss: 0.1009, Train: 100.00%, Valid: 95.60%, Test: 95.36%, Best Valid: 96.73%, Best Test: 96.04%
Epoch: 1400, Loss: 0.0826, Train: 100.00%, Valid: 95.52%, Test: 95.63%, Best Valid: 96.73%, Best Test: 96.04%
Epoch: 1500, Loss: 0.0853, Train: 100.00%, Valid: 95.78%, Test: 95.49%, Best Valid: 96.73%, Best Test: 96.04%
Epoch: 1600, Loss: 0.0805, Train: 100.00%, Valid: 95.62%, Test: 95.39%, Best Valid: 96.73%, Best Test: 96.04%
Epoch: 1700, Loss: 0.0707, Train: 100.00%, Valid: 95.75%, Test: 95.30%, Best Valid: 96.73%, Best Test: 96.04%
Epoch: 1800, Loss: 0.0673, Train: 100.00%, Valid: 95.64%, Test: 95.15%, Best Valid: 96.73%, Best Test: 96.04%
Epoch: 1900, Loss: 0.0715, Train: 100.00%, Valid: 95.66%, Test: 95.32%, Best Valid: 96.73%, Best Test: 96.04%
Run 05:
Highest Train: 100.00
Highest Valid: 96.73
Highest Test: 96.30
Chosen epoch: 222
Final Train: 98.36
Final Test: 96.04
Computing oracle penalty matrix from true labels...
Oracle penalty matrix frozen.
Epoch: 00, Loss: 1.0386, Train: 48.40%, Valid: 48.52%, Test: 44.99%, Best Valid: 48.52%, Best Test: 44.99%
Epoch: 100, Loss: 0.3609, Train: 95.34%, Valid: 93.31%, Test: 94.04%, Best Valid: 93.31%, Best Test: 94.04%
Epoch: 200, Loss: 0.2779, Train: 97.88%, Valid: 95.35%, Test: 95.79%, Best Valid: 95.69%, Best Test: 96.02%
Epoch: 300, Loss: 0.2425, Train: 98.86%, Valid: 95.79%, Test: 96.35%, Best Valid: 96.18%, Best Test: 96.27%
Epoch: 400, Loss: 0.2074, Train: 99.33%, Valid: 95.99%, Test: 96.37%, Best Valid: 96.28%, Best Test: 96.43%
Epoch: 500, Loss: 0.1790, Train: 99.61%, Valid: 95.99%, Test: 96.32%, Best Valid: 96.34%, Best Test: 96.66%
Epoch: 600, Loss: 0.1547, Train: 99.84%, Valid: 95.55%, Test: 96.24%, Best Valid: 96.35%, Best Test: 96.51%
Epoch: 700, Loss: 0.1520, Train: 99.92%, Valid: 95.95%, Test: 96.54%, Best Valid: 96.35%, Best Test: 96.51%
Epoch: 800, Loss: 0.1245, Train: 99.96%, Valid: 95.90%, Test: 96.18%, Best Valid: 96.35%, Best Test: 96.51%
Epoch: 900, Loss: 0.1233, Train: 99.99%, Valid: 96.15%, Test: 96.45%, Best Valid: 96.35%, Best Test: 96.51%
Epoch: 1000, Loss: 0.1044, Train: 99.99%, Valid: 96.11%, Test: 96.44%, Best Valid: 96.35%, Best Test: 96.51%
Epoch: 1100, Loss: 0.1222, Train: 100.00%, Valid: 95.83%, Test: 96.55%, Best Valid: 96.35%, Best Test: 96.51%
Epoch: 1200, Loss: 0.0992, Train: 100.00%, Valid: 95.92%, Test: 96.41%, Best Valid: 96.35%, Best Test: 96.51%
Epoch: 1300, Loss: 0.0913, Train: 100.00%, Valid: 95.75%, Test: 96.48%, Best Valid: 96.38%, Best Test: 96.45%
Epoch: 1400, Loss: 0.0747, Train: 100.00%, Valid: 96.11%, Test: 96.32%, Best Valid: 96.38%, Best Test: 96.45%
Epoch: 1500, Loss: 0.0729, Train: 100.00%, Valid: 96.17%, Test: 96.40%, Best Valid: 96.41%, Best Test: 96.56%
Epoch: 1600, Loss: 0.0741, Train: 100.00%, Valid: 96.33%, Test: 96.37%, Best Valid: 96.41%, Best Test: 96.56%
Epoch: 1700, Loss: 0.0829, Train: 100.00%, Valid: 96.10%, Test: 96.49%, Best Valid: 96.41%, Best Test: 96.56%
Epoch: 1800, Loss: 0.0658, Train: 100.00%, Valid: 96.25%, Test: 96.73%, Best Valid: 96.41%, Best Test: 96.56%
Epoch: 1900, Loss: 0.0584, Train: 100.00%, Valid: 96.03%, Test: 96.32%, Best Valid: 96.41%, Best Test: 96.56%
Run 06:
Highest Train: 100.00
Highest Valid: 96.49
Highest Test: 96.79
Chosen epoch: 1961
Final Train: 100.00
Final Test: 96.57
Computing oracle penalty matrix from true labels...
Oracle penalty matrix frozen.
Epoch: 00, Loss: 1.2122, Train: 50.83%, Valid: 48.45%, Test: 49.20%, Best Valid: 48.45%, Best Test: 49.20%
Epoch: 100, Loss: 0.3625, Train: 95.05%, Valid: 95.01%, Test: 93.05%, Best Valid: 95.01%, Best Test: 93.05%
Epoch: 200, Loss: 0.2735, Train: 98.29%, Valid: 96.91%, Test: 96.21%, Best Valid: 96.91%, Best Test: 96.21%
Epoch: 300, Loss: 0.2328, Train: 99.07%, Valid: 96.84%, Test: 96.45%, Best Valid: 97.21%, Best Test: 96.49%
Epoch: 400, Loss: 0.1924, Train: 99.45%, Valid: 97.21%, Test: 96.94%, Best Valid: 97.41%, Best Test: 97.05%
Epoch: 500, Loss: 0.1728, Train: 99.82%, Valid: 97.38%, Test: 97.01%, Best Valid: 97.55%, Best Test: 97.25%
Epoch: 600, Loss: 0.1625, Train: 99.90%, Valid: 97.56%, Test: 97.10%, Best Valid: 97.79%, Best Test: 97.44%
Epoch: 700, Loss: 0.1492, Train: 99.96%, Valid: 97.77%, Test: 97.42%, Best Valid: 97.90%, Best Test: 97.66%
Epoch: 800, Loss: 0.1280, Train: 99.98%, Valid: 97.80%, Test: 97.37%, Best Valid: 97.96%, Best Test: 97.41%
Epoch: 900, Loss: 0.1066, Train: 99.99%, Valid: 97.94%, Test: 97.62%, Best Valid: 98.09%, Best Test: 97.93%
Epoch: 1000, Loss: 0.0999, Train: 100.00%, Valid: 98.13%, Test: 97.82%, Best Valid: 98.26%, Best Test: 97.80%
Epoch: 1100, Loss: 0.0901, Train: 100.00%, Valid: 98.18%, Test: 97.85%, Best Valid: 98.30%, Best Test: 97.90%
Epoch: 1200, Loss: 0.0892, Train: 100.00%, Valid: 98.10%, Test: 98.00%, Best Valid: 98.30%, Best Test: 97.90%
Epoch: 1300, Loss: 0.0870, Train: 100.00%, Valid: 98.06%, Test: 98.02%, Best Valid: 98.30%, Best Test: 97.90%
Epoch: 1400, Loss: 0.0825, Train: 100.00%, Valid: 98.18%, Test: 97.78%, Best Valid: 98.36%, Best Test: 97.99%
Epoch: 1500, Loss: 0.0616, Train: 100.00%, Valid: 98.21%, Test: 98.05%, Best Valid: 98.40%, Best Test: 98.12%
Epoch: 1600, Loss: 0.0777, Train: 100.00%, Valid: 98.25%, Test: 98.07%, Best Valid: 98.40%, Best Test: 98.12%
Epoch: 1700, Loss: 0.0629, Train: 100.00%, Valid: 98.13%, Test: 98.14%, Best Valid: 98.44%, Best Test: 98.33%
Epoch: 1800, Loss: 0.0666, Train: 100.00%, Valid: 98.20%, Test: 97.98%, Best Valid: 98.44%, Best Test: 98.33%
Epoch: 1900, Loss: 0.0573, Train: 100.00%, Valid: 98.37%, Test: 98.10%, Best Valid: 98.49%, Best Test: 98.33%
Run 07:
Highest Train: 100.00
Highest Valid: 98.57
Highest Test: 98.41
Chosen epoch: 1995
Final Train: 100.00
Final Test: 98.38
Computing oracle penalty matrix from true labels...
Oracle penalty matrix frozen.
Epoch: 00, Loss: 1.0322, Train: 44.50%, Valid: 41.35%, Test: 40.00%, Best Valid: 41.35%, Best Test: 40.00%
Epoch: 100, Loss: 0.3729, Train: 95.04%, Valid: 93.71%, Test: 93.78%, Best Valid: 94.12%, Best Test: 94.19%
Epoch: 200, Loss: 0.2883, Train: 97.83%, Valid: 95.98%, Test: 96.43%, Best Valid: 96.07%, Best Test: 96.49%
Epoch: 300, Loss: 0.2387, Train: 99.02%, Valid: 96.76%, Test: 97.11%, Best Valid: 96.76%, Best Test: 97.11%
Epoch: 400, Loss: 0.2013, Train: 99.46%, Valid: 97.04%, Test: 97.38%, Best Valid: 97.04%, Best Test: 97.28%
Epoch: 500, Loss: 0.1762, Train: 99.71%, Valid: 97.06%, Test: 97.33%, Best Valid: 97.41%, Best Test: 97.42%
Epoch: 600, Loss: 0.1633, Train: 99.84%, Valid: 97.31%, Test: 97.36%, Best Valid: 97.66%, Best Test: 97.57%
Epoch: 700, Loss: 0.1559, Train: 99.92%, Valid: 97.53%, Test: 97.50%, Best Valid: 97.66%, Best Test: 97.57%
Epoch: 800, Loss: 0.1249, Train: 99.97%, Valid: 97.77%, Test: 97.75%, Best Valid: 97.87%, Best Test: 97.72%
Epoch: 900, Loss: 0.1104, Train: 99.98%, Valid: 97.92%, Test: 97.93%, Best Valid: 97.93%, Best Test: 97.85%
Epoch: 1000, Loss: 0.1203, Train: 99.99%, Valid: 97.71%, Test: 97.76%, Best Valid: 97.98%, Best Test: 98.13%
Epoch: 1100, Loss: 0.1025, Train: 100.00%, Valid: 97.46%, Test: 97.59%, Best Valid: 98.14%, Best Test: 97.93%
Epoch: 1200, Loss: 0.0905, Train: 100.00%, Valid: 97.86%, Test: 97.78%, Best Valid: 98.23%, Best Test: 98.18%
Epoch: 1300, Loss: 0.0768, Train: 100.00%, Valid: 98.08%, Test: 98.12%, Best Valid: 98.23%, Best Test: 98.18%
Epoch: 1400, Loss: 0.0835, Train: 100.00%, Valid: 98.03%, Test: 98.12%, Best Valid: 98.23%, Best Test: 98.18%
Epoch: 1500, Loss: 0.0826, Train: 100.00%, Valid: 97.70%, Test: 97.94%, Best Valid: 98.23%, Best Test: 98.18%
Epoch: 1600, Loss: 0.0672, Train: 100.00%, Valid: 97.98%, Test: 97.92%, Best Valid: 98.23%, Best Test: 98.18%
Epoch: 1700, Loss: 0.0720, Train: 100.00%, Valid: 97.98%, Test: 98.09%, Best Valid: 98.23%, Best Test: 98.18%
Epoch: 1800, Loss: 0.0644, Train: 100.00%, Valid: 97.95%, Test: 98.12%, Best Valid: 98.30%, Best Test: 98.24%
Epoch: 1900, Loss: 0.0683, Train: 100.00%, Valid: 98.04%, Test: 98.03%, Best Valid: 98.30%, Best Test: 98.24%
Run 08:
Highest Train: 100.00
Highest Valid: 98.30
Highest Test: 98.29
Chosen epoch: 1710
Final Train: 100.00
Final Test: 98.24
Computing oracle penalty matrix from true labels...
Oracle penalty matrix frozen.
Epoch: 00, Loss: 0.9343, Train: 36.33%, Valid: 37.49%, Test: 37.33%, Best Valid: 37.49%, Best Test: 37.33%
Epoch: 100, Loss: 0.3397, Train: 96.12%, Valid: 94.90%, Test: 95.18%, Best Valid: 94.90%, Best Test: 95.18%
Epoch: 200, Loss: 0.2789, Train: 98.07%, Valid: 96.37%, Test: 96.31%, Best Valid: 96.75%, Best Test: 96.50%
Epoch: 300, Loss: 0.2291, Train: 98.73%, Valid: 96.93%, Test: 96.77%, Best Valid: 97.11%, Best Test: 96.84%
Epoch: 400, Loss: 0.2139, Train: 99.27%, Valid: 96.82%, Test: 96.78%, Best Valid: 97.11%, Best Test: 96.84%
Epoch: 500, Loss: 0.1834, Train: 99.58%, Valid: 96.76%, Test: 96.63%, Best Valid: 97.11%, Best Test: 96.86%
Epoch: 600, Loss: 0.1668, Train: 99.77%, Valid: 96.67%, Test: 96.92%, Best Valid: 97.11%, Best Test: 96.86%
Epoch: 700, Loss: 0.1595, Train: 99.88%, Valid: 96.64%, Test: 96.57%, Best Valid: 97.11%, Best Test: 96.86%
Epoch: 800, Loss: 0.1416, Train: 99.94%, Valid: 96.25%, Test: 96.59%, Best Valid: 97.11%, Best Test: 96.86%
Epoch: 900, Loss: 0.1384, Train: 99.98%, Valid: 96.46%, Test: 96.50%, Best Valid: 97.11%, Best Test: 96.86%
Epoch: 1000, Loss: 0.1192, Train: 99.98%, Valid: 96.20%, Test: 96.12%, Best Valid: 97.11%, Best Test: 96.86%
Epoch: 1100, Loss: 0.1213, Train: 99.99%, Valid: 96.37%, Test: 96.36%, Best Valid: 97.11%, Best Test: 96.86%
Epoch: 1200, Loss: 0.1032, Train: 100.00%, Valid: 96.23%, Test: 96.41%, Best Valid: 97.11%, Best Test: 96.86%
Epoch: 1300, Loss: 0.1208, Train: 100.00%, Valid: 96.13%, Test: 96.22%, Best Valid: 97.11%, Best Test: 96.86%
Epoch: 1400, Loss: 0.1012, Train: 100.00%, Valid: 95.79%, Test: 95.95%, Best Valid: 97.11%, Best Test: 96.86%
Epoch: 1500, Loss: 0.0906, Train: 100.00%, Valid: 95.98%, Test: 96.17%, Best Valid: 97.11%, Best Test: 96.86%
Epoch: 1600, Loss: 0.0889, Train: 100.00%, Valid: 96.00%, Test: 95.90%, Best Valid: 97.11%, Best Test: 96.86%
Epoch: 1700, Loss: 0.0747, Train: 100.00%, Valid: 95.91%, Test: 95.87%, Best Valid: 97.11%, Best Test: 96.86%
Epoch: 1800, Loss: 0.0835, Train: 100.00%, Valid: 96.22%, Test: 96.21%, Best Valid: 97.11%, Best Test: 96.86%
Epoch: 1900, Loss: 0.0649, Train: 100.00%, Valid: 95.91%, Test: 96.14%, Best Valid: 97.11%, Best Test: 96.86%
Run 09:
Highest Train: 100.00
Highest Valid: 97.11
Highest Test: 96.96
Chosen epoch: 422
Final Train: 99.32
Final Test: 96.86
Computing oracle penalty matrix from true labels...
Oracle penalty matrix frozen.
Epoch: 00, Loss: 1.1444, Train: 60.75%, Valid: 62.99%, Test: 63.00%, Best Valid: 62.99%, Best Test: 63.00%
Epoch: 100, Loss: 0.3567, Train: 95.58%, Valid: 93.36%, Test: 94.48%, Best Valid: 93.36%, Best Test: 94.48%
Epoch: 200, Loss: 0.2681, Train: 98.46%, Valid: 96.02%, Test: 96.82%, Best Valid: 96.11%, Best Test: 96.59%
Epoch: 300, Loss: 0.2206, Train: 99.29%, Valid: 96.42%, Test: 97.15%, Best Valid: 96.52%, Best Test: 97.01%
Epoch: 400, Loss: 0.1956, Train: 99.62%, Valid: 96.38%, Test: 97.13%, Best Valid: 96.60%, Best Test: 97.15%
Epoch: 500, Loss: 0.1909, Train: 99.66%, Valid: 96.62%, Test: 97.07%, Best Valid: 96.68%, Best Test: 97.26%
Epoch: 600, Loss: 0.1640, Train: 99.84%, Valid: 96.59%, Test: 97.34%, Best Valid: 96.83%, Best Test: 97.27%
Epoch: 700, Loss: 0.1383, Train: 99.97%, Valid: 96.73%, Test: 97.39%, Best Valid: 96.94%, Best Test: 97.45%
Epoch: 800, Loss: 0.1153, Train: 99.98%, Valid: 96.51%, Test: 97.09%, Best Valid: 96.98%, Best Test: 97.22%
Epoch: 900, Loss: 0.1042, Train: 99.99%, Valid: 97.04%, Test: 97.46%, Best Valid: 97.09%, Best Test: 97.55%
Epoch: 1000, Loss: 0.1186, Train: 99.99%, Valid: 96.50%, Test: 97.39%, Best Valid: 97.22%, Best Test: 97.61%
Epoch: 1100, Loss: 0.0935, Train: 100.00%, Valid: 96.74%, Test: 97.26%, Best Valid: 97.22%, Best Test: 97.61%
Epoch: 1200, Loss: 0.0825, Train: 100.00%, Valid: 97.03%, Test: 97.56%, Best Valid: 97.22%, Best Test: 97.61%
Epoch: 1300, Loss: 0.0786, Train: 100.00%, Valid: 96.60%, Test: 97.32%, Best Valid: 97.22%, Best Test: 97.61%
Epoch: 1400, Loss: 0.0936, Train: 100.00%, Valid: 96.79%, Test: 97.22%, Best Valid: 97.22%, Best Test: 97.61%
Epoch: 1500, Loss: 0.0766, Train: 100.00%, Valid: 96.89%, Test: 97.33%, Best Valid: 97.22%, Best Test: 97.61%
Epoch: 1600, Loss: 0.0682, Train: 100.00%, Valid: 96.98%, Test: 97.30%, Best Valid: 97.22%, Best Test: 97.61%
Epoch: 1700, Loss: 0.0749, Train: 100.00%, Valid: 96.74%, Test: 97.13%, Best Valid: 97.22%, Best Test: 97.61%
Epoch: 1800, Loss: 0.0519, Train: 100.00%, Valid: 96.90%, Test: 97.38%, Best Valid: 97.22%, Best Test: 97.61%
Epoch: 1900, Loss: 0.0592, Train: 100.00%, Valid: 96.81%, Test: 97.28%, Best Valid: 97.22%, Best Test: 97.61%
Run 10:
Highest Train: 100.00
Highest Valid: 97.22
Highest Test: 97.69
Chosen epoch: 980
Final Train: 99.99
Final Test: 97.61
All runs:
Highest Train: 100.00 ± 0.00
Highest Test: 97.52 ± 0.73
Highest Valid: 97.44 ± 0.68
  Final Train: 99.77 ± 0.54
   Final Test: 97.35 ± 0.77
Saving results to results/unified/minesweeper/MPNN_sage.csv
Condition sweep completed.
Task 57 done.
