Tue Sep  1 23:08:05 2026       
+-----------------------------------------------------------------------------------------+
| NVIDIA-SMI 580.159.04             Driver Version: 580.159.04     CUDA Version: 13.0     |
+-----------------------------------------+------------------------+----------------------+
| GPU  Name                 Persistence-M | Bus-Id          Disp.A | Volatile Uncorr. ECC |
| Fan  Temp   Perf          Pwr:Usage/Cap |           Memory-Usage | GPU-Util  Compute M. |
|                                         |                        |               MIG M. |
|=========================================+========================+======================|
|   0  NVIDIA A100-SXM4-80GB          On  |   00000000:01:00.0 Off |                   On |
| N/A   50C    P0            292W /  500W |   11955MiB /  81920MiB |     N/A      Default |
|                                         |                        |              Enabled |
+-----------------------------------------+------------------------+----------------------+
|   1  NVIDIA A100-SXM4-80GB          On  |   00000000:41:00.0 Off |                   On |
| N/A   46C    P0            195W /  500W |    4835MiB /  81920MiB |     N/A      Default |
|                                         |                        |              Enabled |
+-----------------------------------------+------------------------+----------------------+
|   2  NVIDIA A100-SXM4-80GB          On  |   00000000:81:00.0 Off |                   On |
| N/A   66C    P0            326W /  500W |   24427MiB /  81920MiB |     N/A      Default |
|                                         |                        |              Enabled |
+-----------------------------------------+------------------------+----------------------+
|   3  NVIDIA A100-SXM4-80GB          On  |   00000000:C1:00.0 Off |                   On |
| N/A   26C    P0             51W /  500W |     249MiB /  81920MiB |     N/A      Default |
|                                         |                        |              Enabled |
+-----------------------------------------+------------------------+----------------------+

+-----------------------------------------------------------------------------------------+
| MIG devices:                                                                            |
+------------------+----------------------------------+-----------+-----------------------+
| GPU  GI  CI  MIG |              Shared Memory-Usage |        Vol|        Shared         |
|      ID  ID  Dev |                Shared BAR1-Usage | SM     Unc| CE ENC  DEC  OFA  JPG |
|                  |                                  |        ECC|                       |
|==================+==================================+===========+=======================|
|  1    3   0   0  |              71MiB / 19968MiB    | 28      0 |  2   0    1    0    0 |
|                  |               0MiB / 12271MiB    |           |                       |
+------------------+----------------------------------+-----------+-----------------------+

+-----------------------------------------------------------------------------------------+
| Processes:                                                                              |
|  GPU   GI   CI              PID   Type   Process name                        GPU Memory |
|        ID   ID                                                               Usage      |
|=========================================================================================|
|    0   10    0            68816      C   ...ware/symmetrix-env/bin/python        654MiB |
|    0    9    0            68818      C   ...ware/symmetrix-env/bin/python        592MiB |
|    0    2    0           155728      C   python                                 3128MiB |
|    0    3    0           167809      C   .envs/sd/bin/python                    7236MiB |
|    2    9    0            68813      C   ...ware/symmetrix-env/bin/python        634MiB |
|    2   10    0            68814      C   ...ware/symmetrix-env/bin/python        716MiB |
|    2    2    0           150129      C   python                                21206MiB |
|    2    3    0           167986      C   python                                 1558MiB |
+-----------------------------------------------------------------------------------------+
Control cell: cora / polynormer / budget 20 per class / shuffle -> results/lowlabel
python main.py --model polynormer --dataset cora --lr 0.001 --hidden_channels 64 --dropout 0.5 --weight_decay 0.0005 --num_heads 8 --runs 10 --device 0 --result_dir ../results/lowlabel --model_dir models/lowlabel_ctrl_1214890_12 --paired_seeds --rand_split_class --valid_num 500 --test_num 1000 --seed 123 --local_layers 5 --global_layers 1 --local_epochs 100 --global_epochs 1000 --beta -1.0 --in_dropout 0.2 --save_model --label_num_per_class 20 --resample_split_per_run  --budget_tag 20
==========================================================
Low-label sweep: python main.py --model polynormer --dataset cora --lr 0.001 --hidden_channels 64 --dropout 0.5 --weight_decay 0.0005 --num_heads 8 --runs 10 --device 0 --result_dir ../results/lowlabel --model_dir models/lowlabel_ctrl_1214890_12 --paired_seeds --rand_split_class --valid_num 500 --test_num 1000 --seed 123 --local_layers 5 --global_layers 1 --local_epochs 100 --global_epochs 1000 --beta -1.0 --in_dropout 0.2 --save_model --label_num_per_class 20 --resample_split_per_run  --budget_tag 20
result_dir=../results/lowlabel conditions=[shuffle]
==========================================================
--- mlp_reg/shuffle placebo | lambda=0.01 ---
Namespace(aggregate='add', alpha=0.5, attention='gcn', beta=-1.0, bn=False, budget_tag='20', count_reg=False, count_smoothing=1.0, cpu=False, data_dir='../data/', dataset='cora', device=0, dim_inner=64, display_step=100, dropout=0.5, epochs=500, global_dropout=None, global_epochs=1000, global_layers=1, gnn='gcn', graph_weight=0.8, hidden_channels=64, hops=10, in_dropout=0.2, jk=False, label_num_per_class=20, lambda_val=0.01, layers=1, ln=False, local_epochs=100, local_gnn_type='GCN', local_layers=5, lr=0.001, metric='acc', mlp_epochs=500, mlp_reg=True, model='polynormer', model_dir='models/lowlabel_ctrl_1214890_12', n_heads=8, num_centroids=4096, num_heads=8, oracle_reg=False, paired_seeds=True, pe_types='RWSE', penalty_transform='shuffle', pre_linear=False, pre_ln=False, rand_split=False, rand_split_class=True, reg_start_epoch=10, reg_update_freq=5, res=False, resample_split_per_run=True, result_dir='../results/lowlabel', runs=10, save_model=True, save_result=False, seed=123, test_num=1000, tr_dropout=None, tr_layers=1, tr_weight_decay=None, train_per_class=0, train_prop=0.5, use_act=False, use_bn=False, use_graph=False, use_reg=True, use_residual=False, use_weight=False, valid_num=500, valid_per_class=0, valid_prop=0.25, weight_decay=0.0005)
cora
Num nodes: 2708
train:torch.Size([140]), valid:torch.Size([500]), test:torch.Size([1000])
dataset cora | num nodes 2708 | num edge 10556 | num node feats 1433 | num classes 7
MODEL: Polynormer(
  (h_lins): ModuleList(
    (0): Linear(in_features=512, out_features=512, bias=True)
    (1): Linear(in_features=512, out_features=512, bias=True)
    (2): Linear(in_features=512, out_features=512, bias=True)
    (3): Linear(in_features=512, out_features=512, bias=True)
    (4): Linear(in_features=512, out_features=512, bias=True)
  )
  (local_convs): ModuleList(
    (0): GATConv(512, 64, heads=8)
    (1): GATConv(512, 64, heads=8)
    (2): GATConv(512, 64, heads=8)
    (3): GATConv(512, 64, heads=8)
    (4): GATConv(512, 64, heads=8)
  )
  (lins): ModuleList(
    (0): Linear(in_features=512, out_features=512, bias=True)
    (1): Linear(in_features=512, out_features=512, bias=True)
    (2): Linear(in_features=512, out_features=512, bias=True)
    (3): Linear(in_features=512, out_features=512, bias=True)
    (4): Linear(in_features=512, out_features=512, bias=True)
  )
  (lns): ModuleList(
    (0): LayerNorm((512,), eps=1e-05, elementwise_affine=True)
    (1): LayerNorm((512,), eps=1e-05, elementwise_affine=True)
    (2): LayerNorm((512,), eps=1e-05, elementwise_affine=True)
    (3): LayerNorm((512,), eps=1e-05, elementwise_affine=True)
    (4): LayerNorm((512,), eps=1e-05, elementwise_affine=True)
  )
  (lin_in): Linear(in_features=1433, out_features=512, bias=True)
  (ln): LayerNorm((512,), eps=1e-05, elementwise_affine=True)
  (global_attn): GlobalAttn(
    (h_lins): ModuleList(
      (0): Linear(in_features=512, out_features=512, bias=True)
    )
    (k_lins): ModuleList(
      (0): Linear(in_features=512, out_features=512, bias=True)
    )
    (v_lins): ModuleList(
      (0): Linear(in_features=512, out_features=512, bias=True)
    )
    (lns): ModuleList(
      (0): LayerNorm((512,), eps=1e-05, elementwise_affine=True)
    )
    (lin_out): Linear(in_features=512, out_features=512, bias=True)
  )
  (pred_local): Linear(in_features=512, out_features=7, bias=True)
  (pred_global): Linear(in_features=512, out_features=7, bias=True)
)
train:torch.Size([140]), valid:torch.Size([500]), test:torch.Size([1000])
Pre-training MLP for 500 epochs to generate co-occurrence matrix...
Penalty transform 'shuffle': rel Frobenius dist to original = 0.1643, off-diag CV of original penalty = 0.0676
MLP pre-training complete. Penalty matrix frozen.
Epoch: 00, Loss: 2.3102, Train: 23.57%, Valid: 23.60%, Test: 23.60%, Best Valid: 23.60%, Best Test: 23.60%
Switching Polynormer to global attention phase.
Epoch: 100, Loss: 1.9794, Train: 100.00%, Valid: 80.40%, Test: 81.00%, Best Valid: 82.00%, Best Test: 83.20%
Epoch: 200, Loss: 0.0000, Train: 100.00%, Valid: 76.00%, Test: 79.20%, Best Valid: 82.00%, Best Test: 83.20%
Epoch: 300, Loss: 0.0002, Train: 100.00%, Valid: 76.40%, Test: 78.80%, Best Valid: 82.00%, Best Test: 83.20%
Epoch: 400, Loss: 0.0018, Train: 100.00%, Valid: 74.00%, Test: 76.10%, Best Valid: 82.00%, Best Test: 83.20%
Epoch: 500, Loss: 0.0011, Train: 100.00%, Valid: 76.80%, Test: 79.20%, Best Valid: 82.00%, Best Test: 83.20%
Epoch: 600, Loss: 0.0005, Train: 100.00%, Valid: 76.40%, Test: 79.30%, Best Valid: 82.00%, Best Test: 83.20%
Epoch: 700, Loss: 0.0005, Train: 100.00%, Valid: 76.80%, Test: 78.20%, Best Valid: 82.00%, Best Test: 83.20%
Epoch: 800, Loss: 0.0014, Train: 100.00%, Valid: 76.80%, Test: 79.60%, Best Valid: 82.00%, Best Test: 83.20%
Epoch: 900, Loss: 0.0002, Train: 100.00%, Valid: 72.60%, Test: 76.60%, Best Valid: 82.00%, Best Test: 83.20%
Epoch: 1000, Loss: 0.0536, Train: 100.00%, Valid: 76.20%, Test: 77.50%, Best Valid: 82.00%, Best Test: 83.20%
Run 01:
Highest Train: 100.00
Highest Valid: 82.00
Highest Test: 84.10
Chosen epoch: 38
Final Train: 100.00
Final Test: 83.20
train:torch.Size([140]), valid:torch.Size([500]), test:torch.Size([1000])
Pre-training MLP for 500 epochs to generate co-occurrence matrix...
Penalty transform 'shuffle': rel Frobenius dist to original = 0.1868, off-diag CV of original penalty = 0.0586
MLP pre-training complete. Penalty matrix frozen.
Epoch: 00, Loss: 2.1207, Train: 25.00%, Valid: 21.40%, Test: 21.50%, Best Valid: 21.40%, Best Test: 21.50%
Switching Polynormer to global attention phase.
Epoch: 100, Loss: 1.9654, Train: 14.29%, Valid: 16.60%, Test: 15.70%, Best Valid: 82.60%, Best Test: 79.00%
Epoch: 200, Loss: 0.0010, Train: 100.00%, Valid: 78.40%, Test: 73.50%, Best Valid: 82.60%, Best Test: 79.00%
Epoch: 300, Loss: 0.0001, Train: 100.00%, Valid: 72.60%, Test: 70.40%, Best Valid: 82.60%, Best Test: 79.00%
Epoch: 400, Loss: 0.0004, Train: 100.00%, Valid: 74.60%, Test: 72.20%, Best Valid: 82.60%, Best Test: 79.00%
Epoch: 500, Loss: 0.0010, Train: 100.00%, Valid: 76.80%, Test: 75.20%, Best Valid: 82.60%, Best Test: 79.00%
Epoch: 600, Loss: 0.0008, Train: 100.00%, Valid: 79.60%, Test: 77.50%, Best Valid: 82.60%, Best Test: 79.00%
Epoch: 700, Loss: 0.0005, Train: 100.00%, Valid: 78.00%, Test: 74.40%, Best Valid: 82.60%, Best Test: 79.00%
Epoch: 800, Loss: 0.0012, Train: 100.00%, Valid: 78.60%, Test: 75.10%, Best Valid: 82.60%, Best Test: 79.00%
Epoch: 900, Loss: 0.0216, Train: 100.00%, Valid: 76.40%, Test: 73.30%, Best Valid: 82.60%, Best Test: 79.00%
Epoch: 1000, Loss: 0.0036, Train: 100.00%, Valid: 73.80%, Test: 71.10%, Best Valid: 82.60%, Best Test: 79.00%
Run 02:
Highest Train: 100.00
Highest Valid: 82.60
Highest Test: 79.80
Chosen epoch: 59
Final Train: 100.00
Final Test: 79.00
train:torch.Size([140]), valid:torch.Size([500]), test:torch.Size([1000])
Pre-training MLP for 500 epochs to generate co-occurrence matrix...
Penalty transform 'shuffle': rel Frobenius dist to original = 0.1542, off-diag CV of original penalty = 0.0518
MLP pre-training complete. Penalty matrix frozen.
Epoch: 00, Loss: 2.2603, Train: 19.29%, Valid: 15.00%, Test: 16.00%, Best Valid: 15.00%, Best Test: 16.00%
Switching Polynormer to global attention phase.
Epoch: 100, Loss: 1.9655, Train: 14.29%, Valid: 16.00%, Test: 16.20%, Best Valid: 80.80%, Best Test: 78.90%
Epoch: 200, Loss: 0.0000, Train: 100.00%, Valid: 77.60%, Test: 76.10%, Best Valid: 80.80%, Best Test: 78.90%
Epoch: 300, Loss: 0.0002, Train: 100.00%, Valid: 78.80%, Test: 75.00%, Best Valid: 80.80%, Best Test: 78.90%
Epoch: 400, Loss: 0.0004, Train: 100.00%, Valid: 79.40%, Test: 75.50%, Best Valid: 80.80%, Best Test: 78.90%
Epoch: 500, Loss: 0.0012, Train: 100.00%, Valid: 79.60%, Test: 76.20%, Best Valid: 80.80%, Best Test: 78.90%
Epoch: 600, Loss: 0.0005, Train: 100.00%, Valid: 77.60%, Test: 73.80%, Best Valid: 80.80%, Best Test: 78.90%
Epoch: 700, Loss: 0.0005, Train: 100.00%, Valid: 76.20%, Test: 73.50%, Best Valid: 80.80%, Best Test: 78.90%
Epoch: 800, Loss: 0.0088, Train: 100.00%, Valid: 73.40%, Test: 73.80%, Best Valid: 80.80%, Best Test: 78.90%
Epoch: 900, Loss: 0.0032, Train: 100.00%, Valid: 75.00%, Test: 72.60%, Best Valid: 80.80%, Best Test: 78.90%
Epoch: 1000, Loss: 0.0006, Train: 100.00%, Valid: 72.20%, Test: 67.60%, Best Valid: 80.80%, Best Test: 78.90%
Run 03:
Highest Train: 100.00
Highest Valid: 80.80
Highest Test: 79.50
Chosen epoch: 36
Final Train: 100.00
Final Test: 78.90
train:torch.Size([140]), valid:torch.Size([500]), test:torch.Size([1000])
Pre-training MLP for 500 epochs to generate co-occurrence matrix...
Penalty transform 'shuffle': rel Frobenius dist to original = 0.1536, off-diag CV of original penalty = 0.0293
MLP pre-training complete. Penalty matrix frozen.
Epoch: 00, Loss: 2.3007, Train: 22.86%, Valid: 18.40%, Test: 17.00%, Best Valid: 18.40%, Best Test: 17.00%
Switching Polynormer to global attention phase.
Epoch: 100, Loss: 1.9654, Train: 14.29%, Valid: 8.00%, Test: 5.50%, Best Valid: 78.60%, Best Test: 79.20%
Epoch: 200, Loss: 0.0006, Train: 100.00%, Valid: 70.40%, Test: 73.20%, Best Valid: 78.60%, Best Test: 79.20%
Epoch: 300, Loss: 0.0005, Train: 100.00%, Valid: 72.40%, Test: 73.50%, Best Valid: 78.60%, Best Test: 79.20%
Epoch: 400, Loss: 0.0004, Train: 100.00%, Valid: 70.40%, Test: 72.80%, Best Valid: 78.60%, Best Test: 79.20%
Epoch: 500, Loss: 0.0007, Train: 100.00%, Valid: 71.20%, Test: 73.80%, Best Valid: 78.60%, Best Test: 79.20%
Epoch: 600, Loss: 0.0014, Train: 100.00%, Valid: 71.60%, Test: 73.00%, Best Valid: 78.60%, Best Test: 79.20%
Epoch: 700, Loss: 0.0003, Train: 100.00%, Valid: 74.80%, Test: 76.70%, Best Valid: 78.60%, Best Test: 79.20%
Epoch: 800, Loss: 0.0156, Train: 100.00%, Valid: 69.00%, Test: 71.30%, Best Valid: 78.60%, Best Test: 79.20%
Epoch: 900, Loss: 0.0013, Train: 100.00%, Valid: 67.40%, Test: 71.00%, Best Valid: 78.60%, Best Test: 79.20%
Epoch: 1000, Loss: 0.0007, Train: 100.00%, Valid: 72.20%, Test: 75.40%, Best Valid: 78.60%, Best Test: 79.20%
Run 04:
Highest Train: 100.00
Highest Valid: 78.60
Highest Test: 81.60
Chosen epoch: 97
Final Train: 100.00
Final Test: 79.20
train:torch.Size([140]), valid:torch.Size([500]), test:torch.Size([1000])
Pre-training MLP for 500 epochs to generate co-occurrence matrix...
Penalty transform 'shuffle': rel Frobenius dist to original = 0.1713, off-diag CV of original penalty = 0.0350
MLP pre-training complete. Penalty matrix frozen.
Epoch: 00, Loss: 2.3169, Train: 25.71%, Valid: 15.60%, Test: 14.90%, Best Valid: 15.60%, Best Test: 14.90%
Switching Polynormer to global attention phase.
Epoch: 100, Loss: 1.9654, Train: 14.29%, Valid: 7.80%, Test: 7.50%, Best Valid: 79.00%, Best Test: 77.40%
Epoch: 200, Loss: 0.0207, Train: 100.00%, Valid: 73.40%, Test: 74.10%, Best Valid: 79.00%, Best Test: 77.40%
Epoch: 300, Loss: 0.0003, Train: 100.00%, Valid: 70.20%, Test: 69.30%, Best Valid: 79.00%, Best Test: 77.40%
Epoch: 400, Loss: 0.0010, Train: 100.00%, Valid: 72.80%, Test: 72.20%, Best Valid: 79.00%, Best Test: 77.40%
Epoch: 500, Loss: 0.0004, Train: 100.00%, Valid: 71.80%, Test: 70.40%, Best Valid: 79.00%, Best Test: 77.40%
Epoch: 600, Loss: 0.0007, Train: 100.00%, Valid: 73.80%, Test: 72.20%, Best Valid: 79.00%, Best Test: 77.40%
Epoch: 700, Loss: 0.0003, Train: 100.00%, Valid: 70.60%, Test: 71.80%, Best Valid: 79.00%, Best Test: 77.40%
Epoch: 800, Loss: 0.0015, Train: 100.00%, Valid: 71.20%, Test: 70.10%, Best Valid: 79.00%, Best Test: 77.40%
Epoch: 900, Loss: 0.0077, Train: 100.00%, Valid: 71.00%, Test: 68.10%, Best Valid: 79.00%, Best Test: 77.40%
Epoch: 1000, Loss: 0.0003, Train: 100.00%, Valid: 69.00%, Test: 68.80%, Best Valid: 79.00%, Best Test: 77.40%
Run 05:
Highest Train: 100.00
Highest Valid: 79.00
Highest Test: 77.60
Chosen epoch: 47
Final Train: 100.00
Final Test: 77.40
train:torch.Size([140]), valid:torch.Size([500]), test:torch.Size([1000])
Pre-training MLP for 500 epochs to generate co-occurrence matrix...
Penalty transform 'shuffle': rel Frobenius dist to original = 0.1608, off-diag CV of original penalty = 0.0502
MLP pre-training complete. Penalty matrix frozen.
Epoch: 00, Loss: 2.1876, Train: 15.71%, Valid: 14.60%, Test: 14.70%, Best Valid: 14.60%, Best Test: 14.70%
Switching Polynormer to global attention phase.
Epoch: 100, Loss: 1.9654, Train: 14.29%, Valid: 12.60%, Test: 13.30%, Best Valid: 81.80%, Best Test: 79.00%
Epoch: 200, Loss: 0.0080, Train: 100.00%, Valid: 77.60%, Test: 75.10%, Best Valid: 81.80%, Best Test: 79.00%
Epoch: 300, Loss: 0.0002, Train: 100.00%, Valid: 80.60%, Test: 78.30%, Best Valid: 81.80%, Best Test: 79.00%
Epoch: 400, Loss: 0.0003, Train: 100.00%, Valid: 80.40%, Test: 77.10%, Best Valid: 81.80%, Best Test: 79.00%
Epoch: 500, Loss: 0.0004, Train: 100.00%, Valid: 81.20%, Test: 76.80%, Best Valid: 81.80%, Best Test: 79.00%
Epoch: 600, Loss: 0.0004, Train: 100.00%, Valid: 81.60%, Test: 77.30%, Best Valid: 82.00%, Best Test: 77.40%
Epoch: 700, Loss: 0.0007, Train: 100.00%, Valid: 81.20%, Test: 77.70%, Best Valid: 82.20%, Best Test: 77.60%
Epoch: 800, Loss: 0.0003, Train: 100.00%, Valid: 80.60%, Test: 76.50%, Best Valid: 82.20%, Best Test: 77.60%
Epoch: 900, Loss: 0.0007, Train: 100.00%, Valid: 79.00%, Test: 75.40%, Best Valid: 82.20%, Best Test: 77.60%
Epoch: 1000, Loss: 0.0012, Train: 100.00%, Valid: 81.60%, Test: 78.60%, Best Valid: 83.20%, Best Test: 78.50%
Run 06:
Highest Train: 100.00
Highest Valid: 83.20
Highest Test: 79.10
Chosen epoch: 965
Final Train: 100.00
Final Test: 78.50
train:torch.Size([140]), valid:torch.Size([500]), test:torch.Size([1000])
Pre-training MLP for 500 epochs to generate co-occurrence matrix...
Penalty transform 'shuffle': rel Frobenius dist to original = 0.1442, off-diag CV of original penalty = 0.0526
MLP pre-training complete. Penalty matrix frozen.
Epoch: 00, Loss: 2.1978, Train: 29.29%, Valid: 15.40%, Test: 19.10%, Best Valid: 15.40%, Best Test: 19.10%
Switching Polynormer to global attention phase.
Epoch: 100, Loss: 1.9654, Train: 14.29%, Valid: 4.20%, Test: 7.20%, Best Valid: 80.20%, Best Test: 81.60%
Epoch: 200, Loss: 0.0002, Train: 100.00%, Valid: 73.00%, Test: 75.00%, Best Valid: 80.20%, Best Test: 81.60%
Epoch: 300, Loss: 0.0477, Train: 100.00%, Valid: 75.00%, Test: 74.70%, Best Valid: 80.20%, Best Test: 81.60%
Epoch: 400, Loss: 0.0002, Train: 100.00%, Valid: 73.40%, Test: 77.40%, Best Valid: 80.20%, Best Test: 81.60%
Epoch: 500, Loss: 0.0006, Train: 100.00%, Valid: 73.80%, Test: 75.70%, Best Valid: 80.20%, Best Test: 81.60%
Epoch: 600, Loss: 0.0004, Train: 100.00%, Valid: 75.20%, Test: 74.90%, Best Valid: 80.20%, Best Test: 81.60%
Epoch: 700, Loss: 0.0003, Train: 100.00%, Valid: 73.00%, Test: 74.80%, Best Valid: 80.20%, Best Test: 81.60%
Epoch: 800, Loss: 0.0013, Train: 100.00%, Valid: 73.00%, Test: 74.80%, Best Valid: 80.20%, Best Test: 81.60%
Epoch: 900, Loss: 0.0026, Train: 100.00%, Valid: 72.60%, Test: 72.30%, Best Valid: 80.20%, Best Test: 81.60%
Epoch: 1000, Loss: 0.0001, Train: 100.00%, Valid: 68.60%, Test: 68.90%, Best Valid: 80.20%, Best Test: 81.60%
Run 07:
Highest Train: 100.00
Highest Valid: 80.20
Highest Test: 81.70
Chosen epoch: 44
Final Train: 100.00
Final Test: 81.60
train:torch.Size([140]), valid:torch.Size([500]), test:torch.Size([1000])
Pre-training MLP for 500 epochs to generate co-occurrence matrix...
Penalty transform 'shuffle': rel Frobenius dist to original = 0.1608, off-diag CV of original penalty = 0.0633
MLP pre-training complete. Penalty matrix frozen.
Epoch: 00, Loss: 2.2272, Train: 21.43%, Valid: 15.00%, Test: 17.10%, Best Valid: 15.00%, Best Test: 17.10%
Switching Polynormer to global attention phase.
Epoch: 100, Loss: 1.9659, Train: 14.29%, Valid: 31.60%, Test: 33.30%, Best Valid: 79.60%, Best Test: 80.50%
Epoch: 200, Loss: 0.0151, Train: 100.00%, Valid: 74.60%, Test: 77.30%, Best Valid: 79.60%, Best Test: 80.50%
Epoch: 300, Loss: 0.0002, Train: 100.00%, Valid: 72.00%, Test: 75.00%, Best Valid: 79.60%, Best Test: 80.50%
Epoch: 400, Loss: 0.0011, Train: 100.00%, Valid: 78.00%, Test: 79.00%, Best Valid: 79.60%, Best Test: 80.50%
Epoch: 500, Loss: 0.0004, Train: 100.00%, Valid: 70.40%, Test: 73.60%, Best Valid: 79.60%, Best Test: 80.50%
Epoch: 600, Loss: 0.0007, Train: 100.00%, Valid: 73.60%, Test: 75.60%, Best Valid: 79.60%, Best Test: 80.50%
Epoch: 700, Loss: 0.0006, Train: 100.00%, Valid: 72.00%, Test: 74.20%, Best Valid: 79.60%, Best Test: 80.50%
Epoch: 800, Loss: 0.0095, Train: 100.00%, Valid: 72.80%, Test: 75.60%, Best Valid: 79.60%, Best Test: 80.50%
Epoch: 900, Loss: 0.0016, Train: 100.00%, Valid: 72.00%, Test: 75.80%, Best Valid: 79.60%, Best Test: 80.50%
Epoch: 1000, Loss: 0.0003, Train: 100.00%, Valid: 72.60%, Test: 73.70%, Best Valid: 79.60%, Best Test: 80.50%
Run 08:
Highest Train: 100.00
Highest Valid: 79.60
Highest Test: 81.50
Chosen epoch: 33
Final Train: 100.00
Final Test: 80.50
train:torch.Size([140]), valid:torch.Size([500]), test:torch.Size([1000])
Pre-training MLP for 500 epochs to generate co-occurrence matrix...
Penalty transform 'shuffle': rel Frobenius dist to original = 0.1718, off-diag CV of original penalty = 0.0418
MLP pre-training complete. Penalty matrix frozen.
Epoch: 00, Loss: 2.1967, Train: 20.71%, Valid: 20.20%, Test: 17.30%, Best Valid: 20.20%, Best Test: 17.30%
Switching Polynormer to global attention phase.
Epoch: 100, Loss: 1.9654, Train: 14.29%, Valid: 7.60%, Test: 7.40%, Best Valid: 79.80%, Best Test: 81.70%
Epoch: 200, Loss: 0.0005, Train: 100.00%, Valid: 76.20%, Test: 78.10%, Best Valid: 79.80%, Best Test: 81.70%
Epoch: 300, Loss: 0.0019, Train: 100.00%, Valid: 75.80%, Test: 78.90%, Best Valid: 79.80%, Best Test: 81.70%
Epoch: 400, Loss: 0.0005, Train: 100.00%, Valid: 75.80%, Test: 79.00%, Best Valid: 79.80%, Best Test: 81.70%
Epoch: 500, Loss: 0.0059, Train: 100.00%, Valid: 75.20%, Test: 78.90%, Best Valid: 79.80%, Best Test: 81.70%
Epoch: 600, Loss: 0.0023, Train: 100.00%, Valid: 73.60%, Test: 74.60%, Best Valid: 79.80%, Best Test: 81.70%
Epoch: 700, Loss: 0.0170, Train: 100.00%, Valid: 73.60%, Test: 75.00%, Best Valid: 79.80%, Best Test: 81.70%
Epoch: 800, Loss: 0.0004, Train: 100.00%, Valid: 74.80%, Test: 78.00%, Best Valid: 79.80%, Best Test: 81.70%
Epoch: 900, Loss: 0.0048, Train: 100.00%, Valid: 71.60%, Test: 71.50%, Best Valid: 79.80%, Best Test: 81.70%
Epoch: 1000, Loss: 0.0004, Train: 100.00%, Valid: 77.00%, Test: 80.00%, Best Valid: 79.80%, Best Test: 81.70%
Run 09:
Highest Train: 100.00
Highest Valid: 79.80
Highest Test: 81.70
Chosen epoch: 61
Final Train: 100.00
Final Test: 81.70
train:torch.Size([140]), valid:torch.Size([500]), test:torch.Size([1000])
Pre-training MLP for 500 epochs to generate co-occurrence matrix...
Penalty transform 'shuffle': rel Frobenius dist to original = 0.1590, off-diag CV of original penalty = 0.0745
MLP pre-training complete. Penalty matrix frozen.
Epoch: 00, Loss: 2.3447, Train: 31.43%, Valid: 17.40%, Test: 19.40%, Best Valid: 17.40%, Best Test: 19.40%
Switching Polynormer to global attention phase.
Epoch: 100, Loss: 1.9653, Train: 14.29%, Valid: 15.20%, Test: 13.80%, Best Valid: 77.40%, Best Test: 78.70%
Epoch: 200, Loss: 0.0002, Train: 100.00%, Valid: 73.60%, Test: 77.40%, Best Valid: 77.40%, Best Test: 78.70%
Epoch: 300, Loss: 0.0005, Train: 100.00%, Valid: 73.80%, Test: 74.80%, Best Valid: 77.40%, Best Test: 78.70%
Epoch: 400, Loss: 0.0012, Train: 100.00%, Valid: 72.40%, Test: 74.30%, Best Valid: 77.40%, Best Test: 78.70%
Epoch: 500, Loss: 0.0005, Train: 100.00%, Valid: 73.40%, Test: 74.80%, Best Valid: 77.40%, Best Test: 78.70%
Epoch: 600, Loss: 0.0005, Train: 100.00%, Valid: 74.00%, Test: 75.00%, Best Valid: 77.40%, Best Test: 78.70%
Epoch: 700, Loss: 0.0004, Train: 100.00%, Valid: 74.00%, Test: 75.60%, Best Valid: 77.40%, Best Test: 78.70%
Epoch: 800, Loss: 0.0012, Train: 100.00%, Valid: 72.40%, Test: 73.20%, Best Valid: 77.40%, Best Test: 78.70%
Epoch: 900, Loss: 0.0003, Train: 100.00%, Valid: 74.80%, Test: 75.80%, Best Valid: 77.40%, Best Test: 78.70%
Epoch: 1000, Loss: 0.0013, Train: 100.00%, Valid: 70.00%, Test: 73.00%, Best Valid: 77.40%, Best Test: 78.70%
Run 10:
Highest Train: 100.00
Highest Valid: 77.40
Highest Test: 79.40
Chosen epoch: 41
Final Train: 100.00
Final Test: 78.70
All runs:
Highest Train: 100.00 ± 0.00
Highest Test: 80.60 ± 1.86
Highest Valid: 80.32 ± 1.84
  Final Train: 100.00 ± 0.00
   Final Test: 79.87 ± 1.80
Saving results to ../results/lowlabel/cora/polynormer.csv
--- mlp_reg/shuffle placebo | lambda=0.05 ---
Namespace(aggregate='add', alpha=0.5, attention='gcn', beta=-1.0, bn=False, budget_tag='20', count_reg=False, count_smoothing=1.0, cpu=False, data_dir='../data/', dataset='cora', device=0, dim_inner=64, display_step=100, dropout=0.5, epochs=500, global_dropout=None, global_epochs=1000, global_layers=1, gnn='gcn', graph_weight=0.8, hidden_channels=64, hops=10, in_dropout=0.2, jk=False, label_num_per_class=20, lambda_val=0.05, layers=1, ln=False, local_epochs=100, local_gnn_type='GCN', local_layers=5, lr=0.001, metric='acc', mlp_epochs=500, mlp_reg=True, model='polynormer', model_dir='models/lowlabel_ctrl_1214890_12', n_heads=8, num_centroids=4096, num_heads=8, oracle_reg=False, paired_seeds=True, pe_types='RWSE', penalty_transform='shuffle', pre_linear=False, pre_ln=False, rand_split=False, rand_split_class=True, reg_start_epoch=10, reg_update_freq=5, res=False, resample_split_per_run=True, result_dir='../results/lowlabel', runs=10, save_model=True, save_result=False, seed=123, test_num=1000, tr_dropout=None, tr_layers=1, tr_weight_decay=None, train_per_class=0, train_prop=0.5, use_act=False, use_bn=False, use_graph=False, use_reg=True, use_residual=False, use_weight=False, valid_num=500, valid_per_class=0, valid_prop=0.25, weight_decay=0.0005)
cora
Num nodes: 2708
train:torch.Size([140]), valid:torch.Size([500]), test:torch.Size([1000])
dataset cora | num nodes 2708 | num edge 10556 | num node feats 1433 | num classes 7
MODEL: Polynormer(
  (h_lins): ModuleList(
    (0): Linear(in_features=512, out_features=512, bias=True)
    (1): Linear(in_features=512, out_features=512, bias=True)
    (2): Linear(in_features=512, out_features=512, bias=True)
    (3): Linear(in_features=512, out_features=512, bias=True)
    (4): Linear(in_features=512, out_features=512, bias=True)
  )
  (local_convs): ModuleList(
    (0): GATConv(512, 64, heads=8)
    (1): GATConv(512, 64, heads=8)
    (2): GATConv(512, 64, heads=8)
    (3): GATConv(512, 64, heads=8)
    (4): GATConv(512, 64, heads=8)
  )
  (lins): ModuleList(
    (0): Linear(in_features=512, out_features=512, bias=True)
    (1): Linear(in_features=512, out_features=512, bias=True)
    (2): Linear(in_features=512, out_features=512, bias=True)
    (3): Linear(in_features=512, out_features=512, bias=True)
    (4): Linear(in_features=512, out_features=512, bias=True)
  )
  (lns): ModuleList(
    (0): LayerNorm((512,), eps=1e-05, elementwise_affine=True)
    (1): LayerNorm((512,), eps=1e-05, elementwise_affine=True)
    (2): LayerNorm((512,), eps=1e-05, elementwise_affine=True)
    (3): LayerNorm((512,), eps=1e-05, elementwise_affine=True)
    (4): LayerNorm((512,), eps=1e-05, elementwise_affine=True)
  )
  (lin_in): Linear(in_features=1433, out_features=512, bias=True)
  (ln): LayerNorm((512,), eps=1e-05, elementwise_affine=True)
  (global_attn): GlobalAttn(
    (h_lins): ModuleList(
      (0): Linear(in_features=512, out_features=512, bias=True)
    )
    (k_lins): ModuleList(
      (0): Linear(in_features=512, out_features=512, bias=True)
    )
    (v_lins): ModuleList(
      (0): Linear(in_features=512, out_features=512, bias=True)
    )
    (lns): ModuleList(
      (0): LayerNorm((512,), eps=1e-05, elementwise_affine=True)
    )
    (lin_out): Linear(in_features=512, out_features=512, bias=True)
  )
  (pred_local): Linear(in_features=512, out_features=7, bias=True)
  (pred_global): Linear(in_features=512, out_features=7, bias=True)
)
train:torch.Size([140]), valid:torch.Size([500]), test:torch.Size([1000])
Pre-training MLP for 500 epochs to generate co-occurrence matrix...
Penalty transform 'shuffle': rel Frobenius dist to original = 0.1643, off-diag CV of original penalty = 0.0676
MLP pre-training complete. Penalty matrix frozen.
Epoch: 00, Loss: 2.4017, Train: 23.57%, Valid: 23.20%, Test: 23.70%, Best Valid: 23.20%, Best Test: 23.70%
Switching Polynormer to global attention phase.
Epoch: 100, Loss: 2.0579, Train: 100.00%, Valid: 78.20%, Test: 80.90%, Best Valid: 80.60%, Best Test: 82.50%
Epoch: 200, Loss: 0.0014, Train: 100.00%, Valid: 79.40%, Test: 81.40%, Best Valid: 81.40%, Best Test: 81.80%
Epoch: 300, Loss: 0.0006, Train: 100.00%, Valid: 78.00%, Test: 79.50%, Best Valid: 81.40%, Best Test: 81.80%
Epoch: 400, Loss: 0.0109, Train: 100.00%, Valid: 74.00%, Test: 77.80%, Best Valid: 81.40%, Best Test: 81.80%
Epoch: 500, Loss: 0.0006, Train: 100.00%, Valid: 74.00%, Test: 77.70%, Best Valid: 81.40%, Best Test: 81.80%
Epoch: 600, Loss: 0.0004, Train: 100.00%, Valid: 75.00%, Test: 78.30%, Best Valid: 81.40%, Best Test: 81.80%
Epoch: 700, Loss: 0.0019, Train: 100.00%, Valid: 78.00%, Test: 80.20%, Best Valid: 81.40%, Best Test: 81.80%
Epoch: 800, Loss: 0.0040, Train: 100.00%, Valid: 77.20%, Test: 79.40%, Best Valid: 81.40%, Best Test: 81.80%
Epoch: 900, Loss: 0.0020, Train: 100.00%, Valid: 66.60%, Test: 71.00%, Best Valid: 81.40%, Best Test: 81.80%
Epoch: 1000, Loss: 0.0024, Train: 100.00%, Valid: 71.40%, Test: 74.40%, Best Valid: 81.40%, Best Test: 81.80%
Run 01:
Highest Train: 100.00
Highest Valid: 81.40
Highest Test: 83.30
Chosen epoch: 101
Final Train: 100.00
Final Test: 81.80
train:torch.Size([140]), valid:torch.Size([500]), test:torch.Size([1000])
Pre-training MLP for 500 epochs to generate co-occurrence matrix...
Penalty transform 'shuffle': rel Frobenius dist to original = 0.1868, off-diag CV of original penalty = 0.0586
MLP pre-training complete. Penalty matrix frozen.
Epoch: 00, Loss: 2.2046, Train: 25.00%, Valid: 21.00%, Test: 21.60%, Best Valid: 21.00%, Best Test: 21.60%
Switching Polynormer to global attention phase.
Epoch: 100, Loss: 2.0432, Train: 14.29%, Valid: 5.80%, Test: 6.70%, Best Valid: 82.40%, Best Test: 77.80%
Epoch: 200, Loss: 0.0125, Train: 100.00%, Valid: 78.20%, Test: 72.80%, Best Valid: 83.60%, Best Test: 75.80%
Epoch: 300, Loss: 0.0003, Train: 100.00%, Valid: 78.60%, Test: 79.20%, Best Valid: 83.60%, Best Test: 75.80%
Epoch: 400, Loss: 0.0004, Train: 100.00%, Valid: 77.80%, Test: 75.70%, Best Valid: 83.60%, Best Test: 75.80%
Epoch: 500, Loss: 0.0005, Train: 100.00%, Valid: 78.60%, Test: 76.20%, Best Valid: 83.60%, Best Test: 75.80%
Epoch: 600, Loss: 0.0012, Train: 100.00%, Valid: 81.20%, Test: 77.00%, Best Valid: 83.60%, Best Test: 75.80%
Epoch: 700, Loss: 0.0011, Train: 100.00%, Valid: 81.00%, Test: 78.10%, Best Valid: 83.60%, Best Test: 75.80%
Epoch: 800, Loss: 0.0007, Train: 100.00%, Valid: 80.20%, Test: 76.70%, Best Valid: 83.60%, Best Test: 75.80%
Epoch: 900, Loss: 0.0004, Train: 100.00%, Valid: 80.40%, Test: 77.10%, Best Valid: 83.60%, Best Test: 75.80%
Epoch: 1000, Loss: 0.0025, Train: 100.00%, Valid: 79.00%, Test: 76.40%, Best Valid: 83.60%, Best Test: 75.80%
Run 02:
Highest Train: 100.00
Highest Valid: 83.60
Highest Test: 80.30
Chosen epoch: 162
Final Train: 100.00
Final Test: 75.80
train:torch.Size([140]), valid:torch.Size([500]), test:torch.Size([1000])
Pre-training MLP for 500 epochs to generate co-occurrence matrix...
Penalty transform 'shuffle': rel Frobenius dist to original = 0.1542, off-diag CV of original penalty = 0.0518
MLP pre-training complete. Penalty matrix frozen.
Epoch: 00, Loss: 2.3498, Train: 18.57%, Valid: 14.80%, Test: 15.90%, Best Valid: 14.80%, Best Test: 15.90%
Switching Polynormer to global attention phase.
Epoch: 100, Loss: 2.0433, Train: 14.29%, Valid: 31.40%, Test: 31.70%, Best Valid: 82.20%, Best Test: 79.20%
Epoch: 200, Loss: 0.0102, Train: 100.00%, Valid: 78.80%, Test: 75.20%, Best Valid: 82.20%, Best Test: 79.20%
Epoch: 300, Loss: 0.0001, Train: 100.00%, Valid: 76.20%, Test: 74.40%, Best Valid: 82.20%, Best Test: 79.20%
Epoch: 400, Loss: 0.0148, Train: 100.00%, Valid: 76.20%, Test: 76.00%, Best Valid: 82.20%, Best Test: 79.20%
Epoch: 500, Loss: 0.0003, Train: 100.00%, Valid: 79.20%, Test: 78.20%, Best Valid: 82.20%, Best Test: 79.20%
Epoch: 600, Loss: 0.0012, Train: 100.00%, Valid: 79.00%, Test: 78.50%, Best Valid: 82.20%, Best Test: 79.20%
Epoch: 700, Loss: 0.0004, Train: 100.00%, Valid: 75.40%, Test: 75.70%, Best Valid: 82.20%, Best Test: 79.20%
Epoch: 800, Loss: 0.0722, Train: 100.00%, Valid: 76.20%, Test: 73.60%, Best Valid: 82.20%, Best Test: 79.20%
Epoch: 900, Loss: 0.0040, Train: 100.00%, Valid: 72.60%, Test: 70.90%, Best Valid: 82.20%, Best Test: 79.20%
Epoch: 1000, Loss: 0.0012, Train: 100.00%, Valid: 71.60%, Test: 69.00%, Best Valid: 82.20%, Best Test: 79.20%
Run 03:
Highest Train: 100.00
Highest Valid: 82.20
Highest Test: 79.70
Chosen epoch: 40
Final Train: 100.00
Final Test: 79.20
train:torch.Size([140]), valid:torch.Size([500]), test:torch.Size([1000])
Pre-training MLP for 500 epochs to generate co-occurrence matrix...
Penalty transform 'shuffle': rel Frobenius dist to original = 0.1536, off-diag CV of original penalty = 0.0293
MLP pre-training complete. Penalty matrix frozen.
Epoch: 00, Loss: 2.3918, Train: 21.43%, Valid: 18.00%, Test: 16.90%, Best Valid: 18.00%, Best Test: 16.90%
Switching Polynormer to global attention phase.
Epoch: 100, Loss: 2.0432, Train: 14.29%, Valid: 8.00%, Test: 5.50%, Best Valid: 78.60%, Best Test: 79.30%
Epoch: 200, Loss: 0.0051, Train: 100.00%, Valid: 68.80%, Test: 69.70%, Best Valid: 79.20%, Best Test: 80.90%
Epoch: 300, Loss: 0.0002, Train: 100.00%, Valid: 73.40%, Test: 76.30%, Best Valid: 79.20%, Best Test: 80.90%
Epoch: 400, Loss: 0.0006, Train: 100.00%, Valid: 74.20%, Test: 77.50%, Best Valid: 79.20%, Best Test: 80.90%
Epoch: 500, Loss: 0.0011, Train: 100.00%, Valid: 73.60%, Test: 76.50%, Best Valid: 79.20%, Best Test: 80.90%
Epoch: 600, Loss: 0.0005, Train: 100.00%, Valid: 74.20%, Test: 76.80%, Best Valid: 79.20%, Best Test: 80.90%
Epoch: 700, Loss: 0.0004, Train: 100.00%, Valid: 74.60%, Test: 77.10%, Best Valid: 79.20%, Best Test: 80.90%
Epoch: 800, Loss: 0.0003, Train: 100.00%, Valid: 72.60%, Test: 75.90%, Best Valid: 79.20%, Best Test: 80.90%
Epoch: 900, Loss: 0.0005, Train: 100.00%, Valid: 68.60%, Test: 72.80%, Best Valid: 79.20%, Best Test: 80.90%
Epoch: 1000, Loss: 0.0005, Train: 100.00%, Valid: 70.60%, Test: 73.90%, Best Valid: 79.20%, Best Test: 80.90%
Run 04:
Highest Train: 100.00
Highest Valid: 79.20
Highest Test: 82.40
Chosen epoch: 129
Final Train: 100.00
Final Test: 80.90
train:torch.Size([140]), valid:torch.Size([500]), test:torch.Size([1000])
Pre-training MLP for 500 epochs to generate co-occurrence matrix...
Penalty transform 'shuffle': rel Frobenius dist to original = 0.1713, off-diag CV of original penalty = 0.0350
MLP pre-training complete. Penalty matrix frozen.
Epoch: 00, Loss: 2.4086, Train: 25.71%, Valid: 15.80%, Test: 14.40%, Best Valid: 15.80%, Best Test: 14.40%
Switching Polynormer to global attention phase.
Epoch: 100, Loss: 2.0432, Train: 14.29%, Valid: 15.60%, Test: 15.40%, Best Valid: 78.00%, Best Test: 76.00%
Epoch: 200, Loss: 0.0036, Train: 100.00%, Valid: 74.00%, Test: 73.10%, Best Valid: 78.00%, Best Test: 76.00%
Epoch: 300, Loss: 0.0005, Train: 100.00%, Valid: 73.20%, Test: 72.90%, Best Valid: 78.00%, Best Test: 76.00%
Epoch: 400, Loss: 0.0003, Train: 100.00%, Valid: 71.80%, Test: 71.10%, Best Valid: 78.00%, Best Test: 76.00%
Epoch: 500, Loss: 0.0003, Train: 100.00%, Valid: 72.60%, Test: 71.00%, Best Valid: 78.00%, Best Test: 76.00%
Epoch: 600, Loss: 0.0537, Train: 100.00%, Valid: 74.20%, Test: 72.70%, Best Valid: 78.00%, Best Test: 76.00%
Epoch: 700, Loss: 0.0012, Train: 100.00%, Valid: 72.20%, Test: 71.40%, Best Valid: 78.00%, Best Test: 76.00%
Epoch: 800, Loss: 0.0015, Train: 100.00%, Valid: 74.60%, Test: 72.70%, Best Valid: 78.00%, Best Test: 76.00%
Epoch: 900, Loss: 0.0003, Train: 100.00%, Valid: 72.00%, Test: 71.10%, Best Valid: 78.00%, Best Test: 76.00%
Epoch: 1000, Loss: 0.0006, Train: 100.00%, Valid: 73.00%, Test: 72.50%, Best Valid: 78.00%, Best Test: 76.00%
Run 05:
Highest Train: 100.00
Highest Valid: 78.00
Highest Test: 76.40
Chosen epoch: 92
Final Train: 100.00
Final Test: 76.00
train:torch.Size([140]), valid:torch.Size([500]), test:torch.Size([1000])
Pre-training MLP for 500 epochs to generate co-occurrence matrix...
Penalty transform 'shuffle': rel Frobenius dist to original = 0.1608, off-diag CV of original penalty = 0.0502
MLP pre-training complete. Penalty matrix frozen.
Epoch: 00, Loss: 2.2742, Train: 16.43%, Valid: 14.40%, Test: 14.70%, Best Valid: 14.40%, Best Test: 14.70%
Switching Polynormer to global attention phase.
Epoch: 100, Loss: 2.0440, Train: 14.29%, Valid: 11.60%, Test: 11.30%, Best Valid: 80.80%, Best Test: 78.10%
Epoch: 200, Loss: 0.0012, Train: 100.00%, Valid: 79.80%, Test: 77.50%, Best Valid: 81.60%, Best Test: 78.20%
Epoch: 300, Loss: 0.0004, Train: 100.00%, Valid: 73.60%, Test: 74.60%, Best Valid: 81.80%, Best Test: 78.50%
Epoch: 400, Loss: 0.0007, Train: 100.00%, Valid: 75.60%, Test: 75.60%, Best Valid: 81.80%, Best Test: 78.50%
Epoch: 500, Loss: 0.0012, Train: 100.00%, Valid: 77.40%, Test: 75.90%, Best Valid: 81.80%, Best Test: 78.50%
Epoch: 600, Loss: 0.0002, Train: 100.00%, Valid: 79.60%, Test: 75.80%, Best Valid: 81.80%, Best Test: 78.50%
Epoch: 700, Loss: 0.0003, Train: 100.00%, Valid: 75.20%, Test: 74.70%, Best Valid: 81.80%, Best Test: 78.50%
Epoch: 800, Loss: 0.0014, Train: 100.00%, Valid: 75.00%, Test: 73.20%, Best Valid: 81.80%, Best Test: 78.50%
Epoch: 900, Loss: 0.0005, Train: 100.00%, Valid: 76.40%, Test: 73.20%, Best Valid: 81.80%, Best Test: 78.50%
Epoch: 1000, Loss: 0.0015, Train: 100.00%, Valid: 79.40%, Test: 75.40%, Best Valid: 81.80%, Best Test: 78.50%
Run 06:
Highest Train: 100.00
Highest Valid: 81.80
Highest Test: 79.60
Chosen epoch: 238
Final Train: 100.00
Final Test: 78.50
train:torch.Size([140]), valid:torch.Size([500]), test:torch.Size([1000])
Pre-training MLP for 500 epochs to generate co-occurrence matrix...
Penalty transform 'shuffle': rel Frobenius dist to original = 0.1442, off-diag CV of original penalty = 0.0526
MLP pre-training complete. Penalty matrix frozen.
Epoch: 00, Loss: 2.2848, Train: 28.57%, Valid: 15.20%, Test: 19.30%, Best Valid: 15.20%, Best Test: 19.30%
Switching Polynormer to global attention phase.
Epoch: 100, Loss: 2.0432, Train: 28.57%, Valid: 23.20%, Test: 21.80%, Best Valid: 78.60%, Best Test: 79.50%
Epoch: 200, Loss: 0.0010, Train: 100.00%, Valid: 72.40%, Test: 76.00%, Best Valid: 78.60%, Best Test: 79.50%
Epoch: 300, Loss: 0.0002, Train: 100.00%, Valid: 73.00%, Test: 73.00%, Best Valid: 78.60%, Best Test: 79.50%
Epoch: 400, Loss: 0.0036, Train: 100.00%, Valid: 72.00%, Test: 73.40%, Best Valid: 78.60%, Best Test: 79.50%
Epoch: 500, Loss: 0.0005, Train: 100.00%, Valid: 69.20%, Test: 70.90%, Best Valid: 78.60%, Best Test: 79.50%
Epoch: 600, Loss: 0.0008, Train: 100.00%, Valid: 71.80%, Test: 72.80%, Best Valid: 78.60%, Best Test: 79.50%
Epoch: 700, Loss: 0.0005, Train: 100.00%, Valid: 72.60%, Test: 74.60%, Best Valid: 78.60%, Best Test: 79.50%
Epoch: 800, Loss: 0.0433, Train: 100.00%, Valid: 70.20%, Test: 70.10%, Best Valid: 78.60%, Best Test: 79.50%
Epoch: 900, Loss: 0.0153, Train: 100.00%, Valid: 62.60%, Test: 66.10%, Best Valid: 78.60%, Best Test: 79.50%
Epoch: 1000, Loss: 0.0002, Train: 100.00%, Valid: 70.20%, Test: 70.40%, Best Valid: 78.60%, Best Test: 79.50%
Run 07:
Highest Train: 100.00
Highest Valid: 78.60
Highest Test: 80.60
Chosen epoch: 33
Final Train: 100.00
Final Test: 79.50
train:torch.Size([140]), valid:torch.Size([500]), test:torch.Size([1000])
Pre-training MLP for 500 epochs to generate co-occurrence matrix...
Penalty transform 'shuffle': rel Frobenius dist to original = 0.1608, off-diag CV of original penalty = 0.0633
MLP pre-training complete. Penalty matrix frozen.
Epoch: 00, Loss: 2.3154, Train: 22.14%, Valid: 15.20%, Test: 17.10%, Best Valid: 15.20%, Best Test: 17.10%
Switching Polynormer to global attention phase.
Epoch: 100, Loss: 2.0432, Train: 14.29%, Valid: 31.60%, Test: 33.30%, Best Valid: 80.20%, Best Test: 79.50%
Epoch: 200, Loss: 0.0011, Train: 100.00%, Valid: 71.00%, Test: 74.50%, Best Valid: 80.20%, Best Test: 79.50%
Epoch: 300, Loss: 0.0010, Train: 100.00%, Valid: 71.40%, Test: 74.90%, Best Valid: 80.20%, Best Test: 79.50%
Epoch: 400, Loss: 0.0002, Train: 100.00%, Valid: 70.20%, Test: 73.70%, Best Valid: 80.20%, Best Test: 79.50%
Epoch: 500, Loss: 0.0003, Train: 100.00%, Valid: 73.00%, Test: 75.10%, Best Valid: 80.20%, Best Test: 79.50%
Epoch: 600, Loss: 0.0003, Train: 100.00%, Valid: 73.00%, Test: 74.60%, Best Valid: 80.20%, Best Test: 79.50%
Epoch: 700, Loss: 0.0004, Train: 100.00%, Valid: 74.00%, Test: 75.00%, Best Valid: 80.20%, Best Test: 79.50%
Epoch: 800, Loss: 0.0015, Train: 100.00%, Valid: 69.20%, Test: 72.30%, Best Valid: 80.20%, Best Test: 79.50%
Epoch: 900, Loss: 0.0074, Train: 100.00%, Valid: 75.20%, Test: 77.70%, Best Valid: 80.20%, Best Test: 79.50%
Epoch: 1000, Loss: 0.0019, Train: 100.00%, Valid: 76.00%, Test: 77.00%, Best Valid: 80.20%, Best Test: 79.50%
Run 08:
Highest Train: 100.00
Highest Valid: 80.20
Highest Test: 81.10
Chosen epoch: 56
Final Train: 100.00
Final Test: 79.50
train:torch.Size([140]), valid:torch.Size([500]), test:torch.Size([1000])
Pre-training MLP for 500 epochs to generate co-occurrence matrix...
Penalty transform 'shuffle': rel Frobenius dist to original = 0.1718, off-diag CV of original penalty = 0.0418
MLP pre-training complete. Penalty matrix frozen.
Epoch: 00, Loss: 2.2837, Train: 20.71%, Valid: 20.40%, Test: 17.30%, Best Valid: 20.40%, Best Test: 17.30%
Switching Polynormer to global attention phase.
Epoch: 100, Loss: 2.0432, Train: 14.29%, Valid: 7.60%, Test: 7.40%, Best Valid: 80.40%, Best Test: 80.80%
Epoch: 200, Loss: 0.0056, Train: 100.00%, Valid: 78.20%, Test: 80.30%, Best Valid: 81.00%, Best Test: 81.60%
Epoch: 300, Loss: 0.0005, Train: 100.00%, Valid: 78.80%, Test: 80.00%, Best Valid: 81.00%, Best Test: 81.60%
Epoch: 400, Loss: 0.0004, Train: 100.00%, Valid: 77.80%, Test: 80.80%, Best Valid: 81.00%, Best Test: 81.60%
Epoch: 500, Loss: 0.0005, Train: 100.00%, Valid: 77.60%, Test: 78.00%, Best Valid: 81.00%, Best Test: 81.60%
Epoch: 600, Loss: 0.0008, Train: 100.00%, Valid: 77.60%, Test: 76.50%, Best Valid: 81.00%, Best Test: 81.60%
Epoch: 700, Loss: 0.0004, Train: 100.00%, Valid: 79.40%, Test: 79.20%, Best Valid: 81.00%, Best Test: 81.60%
Epoch: 800, Loss: 0.0005, Train: 100.00%, Valid: 75.40%, Test: 76.40%, Best Valid: 81.00%, Best Test: 81.60%
Epoch: 900, Loss: 0.0652, Train: 100.00%, Valid: 75.00%, Test: 75.10%, Best Valid: 81.00%, Best Test: 81.60%
Epoch: 1000, Loss: 0.0006, Train: 100.00%, Valid: 76.00%, Test: 76.10%, Best Valid: 81.00%, Best Test: 81.60%
Run 09:
Highest Train: 100.00
Highest Valid: 81.00
Highest Test: 82.30
Chosen epoch: 146
Final Train: 100.00
Final Test: 81.60
train:torch.Size([140]), valid:torch.Size([500]), test:torch.Size([1000])
Pre-training MLP for 500 epochs to generate co-occurrence matrix...
Penalty transform 'shuffle': rel Frobenius dist to original = 0.1590, off-diag CV of original penalty = 0.0745
MLP pre-training complete. Penalty matrix frozen.
Epoch: 00, Loss: 2.4375, Train: 30.71%, Valid: 17.00%, Test: 19.00%, Best Valid: 17.00%, Best Test: 19.00%
Switching Polynormer to global attention phase.
Epoch: 100, Loss: 2.0432, Train: 14.29%, Valid: 15.20%, Test: 13.80%, Best Valid: 77.20%, Best Test: 79.40%
Epoch: 200, Loss: 0.0005, Train: 100.00%, Valid: 70.80%, Test: 73.60%, Best Valid: 77.20%, Best Test: 79.40%
Epoch: 300, Loss: 0.0008, Train: 100.00%, Valid: 73.40%, Test: 76.00%, Best Valid: 77.20%, Best Test: 79.40%
Epoch: 400, Loss: 0.0004, Train: 100.00%, Valid: 74.60%, Test: 75.70%, Best Valid: 77.20%, Best Test: 79.40%
Epoch: 500, Loss: 0.0006, Train: 100.00%, Valid: 73.80%, Test: 74.20%, Best Valid: 77.20%, Best Test: 79.40%
Epoch: 600, Loss: 0.0005, Train: 100.00%, Valid: 74.40%, Test: 76.70%, Best Valid: 77.20%, Best Test: 79.40%
Epoch: 700, Loss: 0.0015, Train: 100.00%, Valid: 73.20%, Test: 76.10%, Best Valid: 77.20%, Best Test: 79.40%
Epoch: 800, Loss: 0.0013, Train: 100.00%, Valid: 71.60%, Test: 73.80%, Best Valid: 77.20%, Best Test: 79.40%
Epoch: 900, Loss: 0.0040, Train: 100.00%, Valid: 72.60%, Test: 74.10%, Best Valid: 77.20%, Best Test: 79.40%
Epoch: 1000, Loss: 0.0004, Train: 100.00%, Valid: 69.40%, Test: 72.90%, Best Valid: 77.20%, Best Test: 79.40%
Run 10:
Highest Train: 100.00
Highest Valid: 77.20
Highest Test: 80.50
Chosen epoch: 57
Final Train: 100.00
Final Test: 79.40
All runs:
Highest Train: 100.00 ± 0.00
Highest Test: 80.62 ± 1.92
Highest Valid: 80.32 ± 2.04
  Final Train: 100.00 ± 0.00
   Final Test: 79.22 ± 2.05
Saving results to ../results/lowlabel/cora/polynormer.csv
--- mlp_reg/shuffle placebo | lambda=0.1 ---
Namespace(aggregate='add', alpha=0.5, attention='gcn', beta=-1.0, bn=False, budget_tag='20', count_reg=False, count_smoothing=1.0, cpu=False, data_dir='../data/', dataset='cora', device=0, dim_inner=64, display_step=100, dropout=0.5, epochs=500, global_dropout=None, global_epochs=1000, global_layers=1, gnn='gcn', graph_weight=0.8, hidden_channels=64, hops=10, in_dropout=0.2, jk=False, label_num_per_class=20, lambda_val=0.1, layers=1, ln=False, local_epochs=100, local_gnn_type='GCN', local_layers=5, lr=0.001, metric='acc', mlp_epochs=500, mlp_reg=True, model='polynormer', model_dir='models/lowlabel_ctrl_1214890_12', n_heads=8, num_centroids=4096, num_heads=8, oracle_reg=False, paired_seeds=True, pe_types='RWSE', penalty_transform='shuffle', pre_linear=False, pre_ln=False, rand_split=False, rand_split_class=True, reg_start_epoch=10, reg_update_freq=5, res=False, resample_split_per_run=True, result_dir='../results/lowlabel', runs=10, save_model=True, save_result=False, seed=123, test_num=1000, tr_dropout=None, tr_layers=1, tr_weight_decay=None, train_per_class=0, train_prop=0.5, use_act=False, use_bn=False, use_graph=False, use_reg=True, use_residual=False, use_weight=False, valid_num=500, valid_per_class=0, valid_prop=0.25, weight_decay=0.0005)
cora
Num nodes: 2708
train:torch.Size([140]), valid:torch.Size([500]), test:torch.Size([1000])
dataset cora | num nodes 2708 | num edge 10556 | num node feats 1433 | num classes 7
MODEL: Polynormer(
  (h_lins): ModuleList(
    (0): Linear(in_features=512, out_features=512, bias=True)
    (1): Linear(in_features=512, out_features=512, bias=True)
    (2): Linear(in_features=512, out_features=512, bias=True)
    (3): Linear(in_features=512, out_features=512, bias=True)
    (4): Linear(in_features=512, out_features=512, bias=True)
  )
  (local_convs): ModuleList(
    (0): GATConv(512, 64, heads=8)
    (1): GATConv(512, 64, heads=8)
    (2): GATConv(512, 64, heads=8)
    (3): GATConv(512, 64, heads=8)
    (4): GATConv(512, 64, heads=8)
  )
  (lins): ModuleList(
    (0): Linear(in_features=512, out_features=512, bias=True)
    (1): Linear(in_features=512, out_features=512, bias=True)
    (2): Linear(in_features=512, out_features=512, bias=True)
    (3): Linear(in_features=512, out_features=512, bias=True)
    (4): Linear(in_features=512, out_features=512, bias=True)
  )
  (lns): ModuleList(
    (0): LayerNorm((512,), eps=1e-05, elementwise_affine=True)
    (1): LayerNorm((512,), eps=1e-05, elementwise_affine=True)
    (2): LayerNorm((512,), eps=1e-05, elementwise_affine=True)
    (3): LayerNorm((512,), eps=1e-05, elementwise_affine=True)
    (4): LayerNorm((512,), eps=1e-05, elementwise_affine=True)
  )
  (lin_in): Linear(in_features=1433, out_features=512, bias=True)
  (ln): LayerNorm((512,), eps=1e-05, elementwise_affine=True)
  (global_attn): GlobalAttn(
    (h_lins): ModuleList(
      (0): Linear(in_features=512, out_features=512, bias=True)
    )
    (k_lins): ModuleList(
      (0): Linear(in_features=512, out_features=512, bias=True)
    )
    (v_lins): ModuleList(
      (0): Linear(in_features=512, out_features=512, bias=True)
    )
    (lns): ModuleList(
      (0): LayerNorm((512,), eps=1e-05, elementwise_affine=True)
    )
    (lin_out): Linear(in_features=512, out_features=512, bias=True)
  )
  (pred_local): Linear(in_features=512, out_features=7, bias=True)
  (pred_global): Linear(in_features=512, out_features=7, bias=True)
)
train:torch.Size([140]), valid:torch.Size([500]), test:torch.Size([1000])
Pre-training MLP for 500 epochs to generate co-occurrence matrix...
Penalty transform 'shuffle': rel Frobenius dist to original = 0.1643, off-diag CV of original penalty = 0.0676
MLP pre-training complete. Penalty matrix frozen.
Epoch: 00, Loss: 2.5160, Train: 23.57%, Valid: 23.20%, Test: 23.90%, Best Valid: 23.20%, Best Test: 23.90%
Switching Polynormer to global attention phase.
Epoch: 100, Loss: 2.1816, Train: 100.00%, Valid: 76.60%, Test: 78.40%, Best Valid: 82.20%, Best Test: 83.00%
Epoch: 200, Loss: 0.0024, Train: 100.00%, Valid: 79.80%, Test: 80.60%, Best Valid: 82.20%, Best Test: 83.00%
Epoch: 300, Loss: 0.0004, Train: 100.00%, Valid: 78.20%, Test: 79.10%, Best Valid: 82.20%, Best Test: 83.00%
Epoch: 400, Loss: 0.0003, Train: 100.00%, Valid: 75.80%, Test: 79.40%, Best Valid: 82.20%, Best Test: 83.00%
Epoch: 500, Loss: 0.0005, Train: 100.00%, Valid: 75.00%, Test: 76.90%, Best Valid: 82.20%, Best Test: 83.00%
Epoch: 600, Loss: 0.0005, Train: 100.00%, Valid: 75.60%, Test: 77.10%, Best Valid: 82.20%, Best Test: 83.00%
Epoch: 700, Loss: 0.0004, Train: 100.00%, Valid: 77.60%, Test: 78.90%, Best Valid: 82.20%, Best Test: 83.00%
Epoch: 800, Loss: 0.0009, Train: 100.00%, Valid: 72.60%, Test: 73.00%, Best Valid: 82.20%, Best Test: 83.00%
Epoch: 900, Loss: 0.0003, Train: 100.00%, Valid: 77.00%, Test: 78.50%, Best Valid: 82.20%, Best Test: 83.00%
Epoch: 1000, Loss: 0.0010, Train: 100.00%, Valid: 74.00%, Test: 76.00%, Best Valid: 82.20%, Best Test: 83.00%
Run 01:
Highest Train: 100.00
Highest Valid: 82.20
Highest Test: 84.10
Chosen epoch: 39
Final Train: 100.00
Final Test: 83.00
train:torch.Size([140]), valid:torch.Size([500]), test:torch.Size([1000])
Pre-training MLP for 500 epochs to generate co-occurrence matrix...
Penalty transform 'shuffle': rel Frobenius dist to original = 0.1868, off-diag CV of original penalty = 0.0586
MLP pre-training complete. Penalty matrix frozen.
Epoch: 00, Loss: 2.3096, Train: 25.00%, Valid: 21.00%, Test: 21.20%, Best Valid: 21.00%, Best Test: 21.20%
Switching Polynormer to global attention phase.
Epoch: 100, Loss: 2.1405, Train: 14.29%, Valid: 5.80%, Test: 6.70%, Best Valid: 82.00%, Best Test: 79.30%
Epoch: 200, Loss: 0.0003, Train: 100.00%, Valid: 76.80%, Test: 73.20%, Best Valid: 82.00%, Best Test: 79.30%
Epoch: 300, Loss: 0.0002, Train: 100.00%, Valid: 77.40%, Test: 76.00%, Best Valid: 82.00%, Best Test: 79.30%
Epoch: 400, Loss: 0.0007, Train: 100.00%, Valid: 76.80%, Test: 73.50%, Best Valid: 82.00%, Best Test: 79.30%
Epoch: 500, Loss: 0.0034, Train: 100.00%, Valid: 73.40%, Test: 71.10%, Best Valid: 82.00%, Best Test: 79.30%
Epoch: 600, Loss: 0.0311, Train: 100.00%, Valid: 68.60%, Test: 65.00%, Best Valid: 82.00%, Best Test: 79.30%
Epoch: 700, Loss: 0.0019, Train: 100.00%, Valid: 71.40%, Test: 68.80%, Best Valid: 82.00%, Best Test: 79.30%
Epoch: 800, Loss: 0.0215, Train: 100.00%, Valid: 72.20%, Test: 66.70%, Best Valid: 82.00%, Best Test: 79.30%
Epoch: 900, Loss: 0.0015, Train: 100.00%, Valid: 72.40%, Test: 68.90%, Best Valid: 82.00%, Best Test: 79.30%
Epoch: 1000, Loss: 0.0004, Train: 100.00%, Valid: 76.40%, Test: 74.20%, Best Valid: 82.00%, Best Test: 79.30%
Run 02:
Highest Train: 100.00
Highest Valid: 82.00
Highest Test: 79.40
Chosen epoch: 45
Final Train: 100.00
Final Test: 79.30
train:torch.Size([140]), valid:torch.Size([500]), test:torch.Size([1000])
Pre-training MLP for 500 epochs to generate co-occurrence matrix...
Penalty transform 'shuffle': rel Frobenius dist to original = 0.1542, off-diag CV of original penalty = 0.0518
MLP pre-training complete. Penalty matrix frozen.
Epoch: 00, Loss: 2.4617, Train: 18.57%, Valid: 14.80%, Test: 15.80%, Best Valid: 14.80%, Best Test: 15.80%
Switching Polynormer to global attention phase.
Epoch: 100, Loss: 2.1412, Train: 28.57%, Valid: 21.80%, Test: 21.50%, Best Valid: 83.20%, Best Test: 81.30%
Epoch: 200, Loss: 0.0055, Train: 100.00%, Valid: 78.40%, Test: 76.10%, Best Valid: 83.20%, Best Test: 81.30%
Epoch: 300, Loss: 0.0010, Train: 100.00%, Valid: 78.20%, Test: 75.70%, Best Valid: 83.20%, Best Test: 81.30%
Epoch: 400, Loss: 0.0002, Train: 100.00%, Valid: 76.80%, Test: 75.20%, Best Valid: 83.20%, Best Test: 81.30%
Epoch: 500, Loss: 0.0004, Train: 100.00%, Valid: 79.00%, Test: 75.60%, Best Valid: 83.20%, Best Test: 81.30%
Epoch: 600, Loss: 0.0005, Train: 100.00%, Valid: 75.40%, Test: 72.30%, Best Valid: 83.20%, Best Test: 81.30%
Epoch: 700, Loss: 0.0007, Train: 100.00%, Valid: 77.00%, Test: 75.80%, Best Valid: 83.20%, Best Test: 81.30%
Epoch: 800, Loss: 0.0004, Train: 100.00%, Valid: 76.40%, Test: 74.40%, Best Valid: 83.20%, Best Test: 81.30%
Epoch: 900, Loss: 0.0459, Train: 100.00%, Valid: 71.00%, Test: 70.40%, Best Valid: 83.20%, Best Test: 81.30%
Epoch: 1000, Loss: 0.0005, Train: 100.00%, Valid: 70.20%, Test: 68.30%, Best Valid: 83.20%, Best Test: 81.30%
Run 03:
Highest Train: 100.00
Highest Valid: 83.20
Highest Test: 81.30
Chosen epoch: 31
Final Train: 100.00
Final Test: 81.30
train:torch.Size([140]), valid:torch.Size([500]), test:torch.Size([1000])
Pre-training MLP for 500 epochs to generate co-occurrence matrix...
Penalty transform 'shuffle': rel Frobenius dist to original = 0.1536, off-diag CV of original penalty = 0.0293
MLP pre-training complete. Penalty matrix frozen.
Epoch: 00, Loss: 2.5057, Train: 21.43%, Valid: 17.80%, Test: 17.00%, Best Valid: 17.80%, Best Test: 17.00%
Switching Polynormer to global attention phase.
Epoch: 100, Loss: 2.1405, Train: 14.29%, Valid: 8.00%, Test: 5.50%, Best Valid: 78.00%, Best Test: 79.80%
Epoch: 200, Loss: 0.0149, Train: 100.00%, Valid: 74.20%, Test: 76.40%, Best Valid: 78.00%, Best Test: 79.80%
Epoch: 300, Loss: 0.0047, Train: 100.00%, Valid: 71.40%, Test: 71.40%, Best Valid: 78.00%, Best Test: 79.80%
Epoch: 400, Loss: 0.0019, Train: 100.00%, Valid: 72.20%, Test: 74.70%, Best Valid: 78.00%, Best Test: 79.80%
Epoch: 500, Loss: 0.0009, Train: 100.00%, Valid: 74.00%, Test: 76.60%, Best Valid: 78.00%, Best Test: 79.80%
Epoch: 600, Loss: 0.0005, Train: 100.00%, Valid: 73.80%, Test: 75.70%, Best Valid: 78.00%, Best Test: 79.80%
Epoch: 700, Loss: 0.0018, Train: 100.00%, Valid: 70.80%, Test: 74.10%, Best Valid: 78.00%, Best Test: 79.80%
Epoch: 800, Loss: 0.0017, Train: 100.00%, Valid: 68.80%, Test: 72.60%, Best Valid: 78.00%, Best Test: 79.80%
Epoch: 900, Loss: 0.0004, Train: 100.00%, Valid: 69.40%, Test: 73.70%, Best Valid: 78.00%, Best Test: 79.80%
Epoch: 1000, Loss: 0.0249, Train: 100.00%, Valid: 72.80%, Test: 75.20%, Best Valid: 78.00%, Best Test: 79.80%
Run 04:
Highest Train: 100.00
Highest Valid: 78.00
Highest Test: 81.40
Chosen epoch: 65
Final Train: 100.00
Final Test: 79.80
train:torch.Size([140]), valid:torch.Size([500]), test:torch.Size([1000])
Pre-training MLP for 500 epochs to generate co-occurrence matrix...
Penalty transform 'shuffle': rel Frobenius dist to original = 0.1713, off-diag CV of original penalty = 0.0350
MLP pre-training complete. Penalty matrix frozen.
Epoch: 00, Loss: 2.5233, Train: 25.71%, Valid: 15.60%, Test: 14.50%, Best Valid: 15.60%, Best Test: 14.50%
Switching Polynormer to global attention phase.
Epoch: 100, Loss: 2.1405, Train: 14.29%, Valid: 16.60%, Test: 15.20%, Best Valid: 78.40%, Best Test: 76.60%
Epoch: 200, Loss: 0.0034, Train: 100.00%, Valid: 71.20%, Test: 71.90%, Best Valid: 78.40%, Best Test: 76.60%
Epoch: 300, Loss: 0.0004, Train: 100.00%, Valid: 72.40%, Test: 72.00%, Best Valid: 78.40%, Best Test: 76.60%
Epoch: 400, Loss: 0.0007, Train: 100.00%, Valid: 73.60%, Test: 73.70%, Best Valid: 78.40%, Best Test: 76.60%
Epoch: 500, Loss: 0.0015, Train: 100.00%, Valid: 73.20%, Test: 73.40%, Best Valid: 78.40%, Best Test: 76.60%
Epoch: 600, Loss: 0.0013, Train: 100.00%, Valid: 71.60%, Test: 72.80%, Best Valid: 78.40%, Best Test: 76.60%
Epoch: 700, Loss: 0.0054, Train: 100.00%, Valid: 71.60%, Test: 70.30%, Best Valid: 78.40%, Best Test: 76.60%
Epoch: 800, Loss: 0.0009, Train: 100.00%, Valid: 71.40%, Test: 70.90%, Best Valid: 78.40%, Best Test: 76.60%
Epoch: 900, Loss: 0.0003, Train: 100.00%, Valid: 70.20%, Test: 70.40%, Best Valid: 78.40%, Best Test: 76.60%
Epoch: 1000, Loss: 0.0015, Train: 100.00%, Valid: 71.80%, Test: 72.10%, Best Valid: 78.40%, Best Test: 76.60%
Run 05:
Highest Train: 100.00
Highest Valid: 78.40
Highest Test: 76.90
Chosen epoch: 74
Final Train: 100.00
Final Test: 76.60
train:torch.Size([140]), valid:torch.Size([500]), test:torch.Size([1000])
Pre-training MLP for 500 epochs to generate co-occurrence matrix...
Penalty transform 'shuffle': rel Frobenius dist to original = 0.1608, off-diag CV of original penalty = 0.0502
MLP pre-training complete. Penalty matrix frozen.
Epoch: 00, Loss: 2.3825, Train: 17.14%, Valid: 14.60%, Test: 15.00%, Best Valid: 14.60%, Best Test: 15.00%
Switching Polynormer to global attention phase.
Epoch: 100, Loss: 2.1406, Train: 14.29%, Valid: 12.60%, Test: 13.30%, Best Valid: 81.20%, Best Test: 78.60%
Epoch: 200, Loss: 0.0020, Train: 100.00%, Valid: 79.00%, Test: 78.10%, Best Valid: 82.60%, Best Test: 80.80%
Epoch: 300, Loss: 0.0021, Train: 100.00%, Valid: 78.40%, Test: 77.30%, Best Valid: 82.60%, Best Test: 80.80%
Epoch: 400, Loss: 0.0002, Train: 100.00%, Valid: 79.00%, Test: 79.00%, Best Valid: 82.60%, Best Test: 80.80%
Epoch: 500, Loss: 0.0006, Train: 100.00%, Valid: 75.00%, Test: 73.10%, Best Valid: 82.60%, Best Test: 80.80%
Epoch: 600, Loss: 0.0005, Train: 100.00%, Valid: 80.20%, Test: 78.60%, Best Valid: 82.60%, Best Test: 80.80%
Epoch: 700, Loss: 0.0008, Train: 100.00%, Valid: 75.00%, Test: 73.90%, Best Valid: 82.60%, Best Test: 80.80%
Epoch: 800, Loss: 0.0031, Train: 100.00%, Valid: 73.60%, Test: 73.00%, Best Valid: 82.60%, Best Test: 80.80%
Epoch: 900, Loss: 0.0008, Train: 100.00%, Valid: 70.80%, Test: 70.80%, Best Valid: 82.60%, Best Test: 80.80%
Epoch: 1000, Loss: 0.0005, Train: 100.00%, Valid: 75.40%, Test: 73.70%, Best Valid: 82.60%, Best Test: 80.80%
Run 06:
Highest Train: 100.00
Highest Valid: 82.60
Highest Test: 80.80
Chosen epoch: 146
Final Train: 100.00
Final Test: 80.80
train:torch.Size([140]), valid:torch.Size([500]), test:torch.Size([1000])
Pre-training MLP for 500 epochs to generate co-occurrence matrix...
Penalty transform 'shuffle': rel Frobenius dist to original = 0.1442, off-diag CV of original penalty = 0.0526
MLP pre-training complete. Penalty matrix frozen.
Epoch: 00, Loss: 2.3936, Train: 28.57%, Valid: 15.20%, Test: 19.10%, Best Valid: 15.20%, Best Test: 19.10%
Switching Polynormer to global attention phase.
Epoch: 100, Loss: 2.1406, Train: 42.14%, Valid: 26.80%, Test: 27.50%, Best Valid: 78.40%, Best Test: 80.20%
Epoch: 200, Loss: 0.0151, Train: 100.00%, Valid: 76.60%, Test: 76.80%, Best Valid: 78.40%, Best Test: 80.20%
Epoch: 300, Loss: 0.0005, Train: 100.00%, Valid: 74.00%, Test: 75.50%, Best Valid: 78.40%, Best Test: 80.20%
Epoch: 400, Loss: 0.0008, Train: 100.00%, Valid: 74.20%, Test: 75.10%, Best Valid: 78.40%, Best Test: 80.20%
Epoch: 500, Loss: 0.0016, Train: 100.00%, Valid: 76.00%, Test: 76.80%, Best Valid: 78.40%, Best Test: 80.20%
Epoch: 600, Loss: 0.0009, Train: 100.00%, Valid: 72.20%, Test: 71.60%, Best Valid: 78.40%, Best Test: 80.20%
Epoch: 700, Loss: 0.0019, Train: 100.00%, Valid: 65.00%, Test: 64.60%, Best Valid: 78.40%, Best Test: 80.20%
Epoch: 800, Loss: 0.0042, Train: 100.00%, Valid: 66.60%, Test: 68.80%, Best Valid: 78.40%, Best Test: 80.20%
Epoch: 900, Loss: 0.0438, Train: 100.00%, Valid: 65.40%, Test: 64.90%, Best Valid: 78.40%, Best Test: 80.20%
Epoch: 1000, Loss: 0.0010, Train: 100.00%, Valid: 70.60%, Test: 68.40%, Best Valid: 78.40%, Best Test: 80.20%
Run 07:
Highest Train: 100.00
Highest Valid: 78.40
Highest Test: 80.20
Chosen epoch: 33
Final Train: 99.29
Final Test: 80.20
train:torch.Size([140]), valid:torch.Size([500]), test:torch.Size([1000])
Pre-training MLP for 500 epochs to generate co-occurrence matrix...
Penalty transform 'shuffle': rel Frobenius dist to original = 0.1608, off-diag CV of original penalty = 0.0633
MLP pre-training complete. Penalty matrix frozen.
Epoch: 00, Loss: 2.4257, Train: 21.43%, Valid: 15.00%, Test: 17.50%, Best Valid: 15.00%, Best Test: 17.50%
Switching Polynormer to global attention phase.
Epoch: 100, Loss: 2.1410, Train: 34.29%, Valid: 46.00%, Test: 46.30%, Best Valid: 79.60%, Best Test: 81.00%
Epoch: 200, Loss: 0.0001, Train: 100.00%, Valid: 76.60%, Test: 77.80%, Best Valid: 80.20%, Best Test: 80.30%
Epoch: 300, Loss: 0.0021, Train: 100.00%, Valid: 76.60%, Test: 78.20%, Best Valid: 80.20%, Best Test: 80.30%
Epoch: 400, Loss: 0.0029, Train: 100.00%, Valid: 74.80%, Test: 75.90%, Best Valid: 80.20%, Best Test: 80.30%
Epoch: 500, Loss: 0.0003, Train: 100.00%, Valid: 75.20%, Test: 77.00%, Best Valid: 80.20%, Best Test: 80.30%
Epoch: 600, Loss: 0.0085, Train: 100.00%, Valid: 71.60%, Test: 75.80%, Best Valid: 80.20%, Best Test: 80.30%
Epoch: 700, Loss: 0.0005, Train: 100.00%, Valid: 72.60%, Test: 75.90%, Best Valid: 80.20%, Best Test: 80.30%
Epoch: 800, Loss: 0.0007, Train: 100.00%, Valid: 72.80%, Test: 75.80%, Best Valid: 80.20%, Best Test: 80.30%
Epoch: 900, Loss: 0.0089, Train: 100.00%, Valid: 72.20%, Test: 74.60%, Best Valid: 80.20%, Best Test: 80.30%
Epoch: 1000, Loss: 0.0025, Train: 100.00%, Valid: 65.40%, Test: 70.60%, Best Valid: 80.20%, Best Test: 80.30%
Run 08:
Highest Train: 100.00
Highest Valid: 80.20
Highest Test: 81.40
Chosen epoch: 105
Final Train: 99.29
Final Test: 80.30
train:torch.Size([140]), valid:torch.Size([500]), test:torch.Size([1000])
Pre-training MLP for 500 epochs to generate co-occurrence matrix...
Penalty transform 'shuffle': rel Frobenius dist to original = 0.1718, off-diag CV of original penalty = 0.0418
MLP pre-training complete. Penalty matrix frozen.
Epoch: 00, Loss: 2.3925, Train: 20.71%, Valid: 20.40%, Test: 17.30%, Best Valid: 20.40%, Best Test: 17.30%
Switching Polynormer to global attention phase.
Epoch: 100, Loss: 2.1411, Train: 47.14%, Valid: 53.60%, Test: 51.10%, Best Valid: 80.20%, Best Test: 80.70%
Epoch: 200, Loss: 0.0001, Train: 100.00%, Valid: 75.60%, Test: 80.10%, Best Valid: 80.20%, Best Test: 80.70%
Epoch: 300, Loss: 0.0003, Train: 100.00%, Valid: 78.00%, Test: 81.60%, Best Valid: 80.20%, Best Test: 80.70%
Epoch: 400, Loss: 0.0019, Train: 100.00%, Valid: 77.20%, Test: 81.00%, Best Valid: 80.20%, Best Test: 80.70%
Epoch: 500, Loss: 0.0009, Train: 100.00%, Valid: 78.00%, Test: 80.90%, Best Valid: 80.20%, Best Test: 80.70%
Epoch: 600, Loss: 0.0004, Train: 100.00%, Valid: 77.60%, Test: 80.30%, Best Valid: 80.20%, Best Test: 80.70%
Epoch: 700, Loss: 0.0005, Train: 100.00%, Valid: 73.20%, Test: 75.40%, Best Valid: 80.20%, Best Test: 80.70%
Epoch: 800, Loss: 0.0004, Train: 100.00%, Valid: 75.40%, Test: 75.60%, Best Valid: 80.20%, Best Test: 80.70%
Epoch: 900, Loss: 0.0013, Train: 100.00%, Valid: 74.20%, Test: 73.80%, Best Valid: 80.20%, Best Test: 80.70%
Epoch: 1000, Loss: 0.0007, Train: 100.00%, Valid: 74.20%, Test: 76.00%, Best Valid: 80.20%, Best Test: 80.70%
Run 09:
Highest Train: 100.00
Highest Valid: 80.20
Highest Test: 82.40
Chosen epoch: 30
Final Train: 100.00
Final Test: 80.70
train:torch.Size([140]), valid:torch.Size([500]), test:torch.Size([1000])
Pre-training MLP for 500 epochs to generate co-occurrence matrix...
Penalty transform 'shuffle': rel Frobenius dist to original = 0.1590, off-diag CV of original penalty = 0.0745
MLP pre-training complete. Penalty matrix frozen.
Epoch: 00, Loss: 2.5536, Train: 31.43%, Valid: 17.00%, Test: 19.20%, Best Valid: 17.00%, Best Test: 19.20%
Switching Polynormer to global attention phase.
Epoch: 100, Loss: 2.1405, Train: 14.29%, Valid: 15.20%, Test: 13.80%, Best Valid: 76.60%, Best Test: 78.60%
Epoch: 200, Loss: 0.0174, Train: 100.00%, Valid: 66.20%, Test: 70.00%, Best Valid: 76.60%, Best Test: 78.60%
Epoch: 300, Loss: 0.0010, Train: 100.00%, Valid: 71.40%, Test: 73.00%, Best Valid: 76.60%, Best Test: 78.60%
Epoch: 400, Loss: 0.0003, Train: 100.00%, Valid: 74.80%, Test: 75.90%, Best Valid: 76.60%, Best Test: 78.60%
Epoch: 500, Loss: 0.0008, Train: 100.00%, Valid: 71.40%, Test: 74.20%, Best Valid: 76.60%, Best Test: 78.60%
Epoch: 600, Loss: 0.0012, Train: 100.00%, Valid: 74.80%, Test: 76.90%, Best Valid: 76.60%, Best Test: 78.60%
Epoch: 700, Loss: 0.0005, Train: 100.00%, Valid: 73.40%, Test: 76.40%, Best Valid: 76.60%, Best Test: 78.60%
Epoch: 800, Loss: 0.0005, Train: 100.00%, Valid: 73.20%, Test: 75.90%, Best Valid: 76.60%, Best Test: 78.60%
Epoch: 900, Loss: 0.0007, Train: 100.00%, Valid: 72.00%, Test: 76.20%, Best Valid: 76.60%, Best Test: 78.60%
Epoch: 1000, Loss: 0.0013, Train: 100.00%, Valid: 69.40%, Test: 70.30%, Best Valid: 76.60%, Best Test: 78.60%
Run 10:
Highest Train: 100.00
Highest Valid: 76.60
Highest Test: 80.60
Chosen epoch: 87
Final Train: 100.00
Final Test: 78.60
All runs:
Highest Train: 100.00 ± 0.00
Highest Test: 80.85 ± 1.88
Highest Valid: 80.18 ± 2.27
  Final Train: 99.86 ± 0.30
   Final Test: 80.06 ± 1.70
Saving results to ../results/lowlabel/cora/polynormer.csv
--- mlp_reg/shuffle placebo | lambda=0.2 ---
Namespace(aggregate='add', alpha=0.5, attention='gcn', beta=-1.0, bn=False, budget_tag='20', count_reg=False, count_smoothing=1.0, cpu=False, data_dir='../data/', dataset='cora', device=0, dim_inner=64, display_step=100, dropout=0.5, epochs=500, global_dropout=None, global_epochs=1000, global_layers=1, gnn='gcn', graph_weight=0.8, hidden_channels=64, hops=10, in_dropout=0.2, jk=False, label_num_per_class=20, lambda_val=0.2, layers=1, ln=False, local_epochs=100, local_gnn_type='GCN', local_layers=5, lr=0.001, metric='acc', mlp_epochs=500, mlp_reg=True, model='polynormer', model_dir='models/lowlabel_ctrl_1214890_12', n_heads=8, num_centroids=4096, num_heads=8, oracle_reg=False, paired_seeds=True, pe_types='RWSE', penalty_transform='shuffle', pre_linear=False, pre_ln=False, rand_split=False, rand_split_class=True, reg_start_epoch=10, reg_update_freq=5, res=False, resample_split_per_run=True, result_dir='../results/lowlabel', runs=10, save_model=True, save_result=False, seed=123, test_num=1000, tr_dropout=None, tr_layers=1, tr_weight_decay=None, train_per_class=0, train_prop=0.5, use_act=False, use_bn=False, use_graph=False, use_reg=True, use_residual=False, use_weight=False, valid_num=500, valid_per_class=0, valid_prop=0.25, weight_decay=0.0005)
cora
Num nodes: 2708
train:torch.Size([140]), valid:torch.Size([500]), test:torch.Size([1000])
dataset cora | num nodes 2708 | num edge 10556 | num node feats 1433 | num classes 7
MODEL: Polynormer(
  (h_lins): ModuleList(
    (0): Linear(in_features=512, out_features=512, bias=True)
    (1): Linear(in_features=512, out_features=512, bias=True)
    (2): Linear(in_features=512, out_features=512, bias=True)
    (3): Linear(in_features=512, out_features=512, bias=True)
    (4): Linear(in_features=512, out_features=512, bias=True)
  )
  (local_convs): ModuleList(
    (0): GATConv(512, 64, heads=8)
    (1): GATConv(512, 64, heads=8)
    (2): GATConv(512, 64, heads=8)
    (3): GATConv(512, 64, heads=8)
    (4): GATConv(512, 64, heads=8)
  )
  (lins): ModuleList(
    (0): Linear(in_features=512, out_features=512, bias=True)
    (1): Linear(in_features=512, out_features=512, bias=True)
    (2): Linear(in_features=512, out_features=512, bias=True)
    (3): Linear(in_features=512, out_features=512, bias=True)
    (4): Linear(in_features=512, out_features=512, bias=True)
  )
  (lns): ModuleList(
    (0): LayerNorm((512,), eps=1e-05, elementwise_affine=True)
    (1): LayerNorm((512,), eps=1e-05, elementwise_affine=True)
    (2): LayerNorm((512,), eps=1e-05, elementwise_affine=True)
    (3): LayerNorm((512,), eps=1e-05, elementwise_affine=True)
    (4): LayerNorm((512,), eps=1e-05, elementwise_affine=True)
  )
  (lin_in): Linear(in_features=1433, out_features=512, bias=True)
  (ln): LayerNorm((512,), eps=1e-05, elementwise_affine=True)
  (global_attn): GlobalAttn(
    (h_lins): ModuleList(
      (0): Linear(in_features=512, out_features=512, bias=True)
    )
    (k_lins): ModuleList(
      (0): Linear(in_features=512, out_features=512, bias=True)
    )
    (v_lins): ModuleList(
      (0): Linear(in_features=512, out_features=512, bias=True)
    )
    (lns): ModuleList(
      (0): LayerNorm((512,), eps=1e-05, elementwise_affine=True)
    )
    (lin_out): Linear(in_features=512, out_features=512, bias=True)
  )
  (pred_local): Linear(in_features=512, out_features=7, bias=True)
  (pred_global): Linear(in_features=512, out_features=7, bias=True)
)
train:torch.Size([140]), valid:torch.Size([500]), test:torch.Size([1000])
Pre-training MLP for 500 epochs to generate co-occurrence matrix...
Penalty transform 'shuffle': rel Frobenius dist to original = 0.1643, off-diag CV of original penalty = 0.0676
MLP pre-training complete. Penalty matrix frozen.
Epoch: 00, Loss: 2.7448, Train: 23.57%, Valid: 22.80%, Test: 23.80%, Best Valid: 22.80%, Best Test: 23.80%
Switching Polynormer to global attention phase.
Epoch: 100, Loss: 2.3465, Train: 100.00%, Valid: 79.00%, Test: 80.60%, Best Valid: 81.40%, Best Test: 83.30%
Epoch: 200, Loss: 0.0003, Train: 100.00%, Valid: 76.80%, Test: 80.00%, Best Valid: 82.20%, Best Test: 81.60%
Epoch: 300, Loss: 0.0172, Train: 100.00%, Valid: 76.20%, Test: 80.10%, Best Valid: 82.20%, Best Test: 81.60%
Epoch: 400, Loss: 0.0004, Train: 100.00%, Valid: 74.40%, Test: 77.30%, Best Valid: 82.20%, Best Test: 81.60%
Epoch: 500, Loss: 0.0005, Train: 100.00%, Valid: 77.20%, Test: 80.60%, Best Valid: 82.20%, Best Test: 81.60%
Epoch: 600, Loss: 0.0007, Train: 100.00%, Valid: 76.80%, Test: 79.60%, Best Valid: 82.20%, Best Test: 81.60%
Epoch: 700, Loss: 0.0004, Train: 100.00%, Valid: 77.00%, Test: 79.00%, Best Valid: 82.20%, Best Test: 81.60%
Epoch: 800, Loss: 0.0020, Train: 100.00%, Valid: 75.80%, Test: 77.90%, Best Valid: 82.20%, Best Test: 81.60%
Epoch: 900, Loss: 0.0153, Train: 100.00%, Valid: 76.00%, Test: 77.90%, Best Valid: 82.20%, Best Test: 81.60%
Epoch: 1000, Loss: 0.0006, Train: 100.00%, Valid: 71.40%, Test: 76.60%, Best Valid: 82.20%, Best Test: 81.60%
Run 01:
Highest Train: 100.00
Highest Valid: 82.20
Highest Test: 83.90
Chosen epoch: 166
Final Train: 100.00
Final Test: 81.60
train:torch.Size([140]), valid:torch.Size([500]), test:torch.Size([1000])
Pre-training MLP for 500 epochs to generate co-occurrence matrix...
Penalty transform 'shuffle': rel Frobenius dist to original = 0.1868, off-diag CV of original penalty = 0.0586
MLP pre-training complete. Penalty matrix frozen.
Epoch: 00, Loss: 2.5196, Train: 25.00%, Valid: 21.40%, Test: 21.30%, Best Valid: 21.40%, Best Test: 21.30%
Switching Polynormer to global attention phase.
Epoch: 100, Loss: 2.3354, Train: 14.29%, Valid: 5.80%, Test: 6.70%, Best Valid: 83.60%, Best Test: 79.80%
Epoch: 200, Loss: 0.0007, Train: 100.00%, Valid: 78.20%, Test: 77.30%, Best Valid: 83.60%, Best Test: 79.80%
Epoch: 300, Loss: 0.0011, Train: 100.00%, Valid: 77.80%, Test: 75.40%, Best Valid: 83.60%, Best Test: 79.80%
Epoch: 400, Loss: 0.0047, Train: 100.00%, Valid: 76.60%, Test: 75.90%, Best Valid: 83.60%, Best Test: 79.80%
Epoch: 500, Loss: 0.0006, Train: 100.00%, Valid: 78.40%, Test: 77.80%, Best Valid: 83.60%, Best Test: 79.80%
Epoch: 600, Loss: 0.0013, Train: 100.00%, Valid: 79.20%, Test: 76.50%, Best Valid: 83.60%, Best Test: 79.80%
Epoch: 700, Loss: 0.0010, Train: 100.00%, Valid: 78.20%, Test: 76.30%, Best Valid: 83.60%, Best Test: 79.80%
Epoch: 800, Loss: 0.0004, Train: 100.00%, Valid: 78.40%, Test: 76.50%, Best Valid: 83.60%, Best Test: 79.80%
Epoch: 900, Loss: 0.0009, Train: 100.00%, Valid: 79.60%, Test: 76.20%, Best Valid: 83.60%, Best Test: 79.80%
Epoch: 1000, Loss: 0.0035, Train: 100.00%, Valid: 73.40%, Test: 72.50%, Best Valid: 83.60%, Best Test: 79.80%
Run 02:
Highest Train: 100.00
Highest Valid: 83.60
Highest Test: 80.40
Chosen epoch: 32
Final Train: 100.00
Final Test: 79.80
train:torch.Size([140]), valid:torch.Size([500]), test:torch.Size([1000])
Pre-training MLP for 500 epochs to generate co-occurrence matrix...
Penalty transform 'shuffle': rel Frobenius dist to original = 0.1542, off-diag CV of original penalty = 0.0518
MLP pre-training complete. Penalty matrix frozen.
Epoch: 00, Loss: 2.6855, Train: 18.57%, Valid: 15.20%, Test: 16.40%, Best Valid: 15.20%, Best Test: 16.40%
Switching Polynormer to global attention phase.
Epoch: 100, Loss: 2.3351, Train: 14.29%, Valid: 8.80%, Test: 10.40%, Best Valid: 81.80%, Best Test: 79.00%
Epoch: 200, Loss: 0.0791, Train: 100.00%, Valid: 77.00%, Test: 73.90%, Best Valid: 82.60%, Best Test: 79.70%
Epoch: 300, Loss: 0.0009, Train: 100.00%, Valid: 75.00%, Test: 72.60%, Best Valid: 82.60%, Best Test: 79.70%
Epoch: 400, Loss: 0.0045, Train: 100.00%, Valid: 75.60%, Test: 74.10%, Best Valid: 82.60%, Best Test: 79.70%
Epoch: 500, Loss: 0.0011, Train: 100.00%, Valid: 77.40%, Test: 74.40%, Best Valid: 82.60%, Best Test: 79.70%
Epoch: 600, Loss: 0.0007, Train: 100.00%, Valid: 75.20%, Test: 72.40%, Best Valid: 82.60%, Best Test: 79.70%
Epoch: 700, Loss: 0.0008, Train: 100.00%, Valid: 72.40%, Test: 68.70%, Best Valid: 82.60%, Best Test: 79.70%
Epoch: 800, Loss: 0.0014, Train: 100.00%, Valid: 73.00%, Test: 73.00%, Best Valid: 82.60%, Best Test: 79.70%
Epoch: 900, Loss: 0.0005, Train: 100.00%, Valid: 72.00%, Test: 68.10%, Best Valid: 82.60%, Best Test: 79.70%
Epoch: 1000, Loss: 0.0025, Train: 100.00%, Valid: 73.40%, Test: 70.90%, Best Valid: 82.60%, Best Test: 79.70%
Run 03:
Highest Train: 100.00
Highest Valid: 82.60
Highest Test: 80.00
Chosen epoch: 136
Final Train: 99.29
Final Test: 79.70
train:torch.Size([140]), valid:torch.Size([500]), test:torch.Size([1000])
Pre-training MLP for 500 epochs to generate co-occurrence matrix...
Penalty transform 'shuffle': rel Frobenius dist to original = 0.1536, off-diag CV of original penalty = 0.0293
MLP pre-training complete. Penalty matrix frozen.
Epoch: 00, Loss: 2.7335, Train: 21.43%, Valid: 17.40%, Test: 17.20%, Best Valid: 17.40%, Best Test: 17.20%
Switching Polynormer to global attention phase.
Epoch: 100, Loss: 2.3351, Train: 14.29%, Valid: 8.00%, Test: 5.50%, Best Valid: 78.40%, Best Test: 79.70%
Epoch: 200, Loss: 0.0012, Train: 100.00%, Valid: 74.80%, Test: 79.10%, Best Valid: 78.40%, Best Test: 79.70%
Epoch: 300, Loss: 0.0006, Train: 100.00%, Valid: 72.20%, Test: 75.10%, Best Valid: 79.00%, Best Test: 80.90%
Epoch: 400, Loss: 0.0011, Train: 100.00%, Valid: 75.40%, Test: 76.50%, Best Valid: 79.00%, Best Test: 80.90%
Epoch: 500, Loss: 0.0003, Train: 100.00%, Valid: 76.20%, Test: 77.40%, Best Valid: 79.00%, Best Test: 80.90%
Epoch: 600, Loss: 0.0009, Train: 100.00%, Valid: 76.40%, Test: 78.70%, Best Valid: 79.00%, Best Test: 80.90%
Epoch: 700, Loss: 0.0067, Train: 100.00%, Valid: 76.40%, Test: 76.60%, Best Valid: 79.00%, Best Test: 80.90%
Epoch: 800, Loss: 0.0003, Train: 100.00%, Valid: 74.20%, Test: 76.20%, Best Valid: 79.00%, Best Test: 80.90%
Epoch: 900, Loss: 0.0003, Train: 100.00%, Valid: 74.60%, Test: 78.30%, Best Valid: 79.00%, Best Test: 80.90%
Epoch: 1000, Loss: 0.0551, Train: 100.00%, Valid: 68.20%, Test: 74.20%, Best Valid: 79.00%, Best Test: 80.90%
Run 04:
Highest Train: 100.00
Highest Valid: 79.00
Highest Test: 82.40
Chosen epoch: 213
Final Train: 100.00
Final Test: 80.90
train:torch.Size([140]), valid:torch.Size([500]), test:torch.Size([1000])
Pre-training MLP for 500 epochs to generate co-occurrence matrix...
Penalty transform 'shuffle': rel Frobenius dist to original = 0.1713, off-diag CV of original penalty = 0.0350
MLP pre-training complete. Penalty matrix frozen.
Epoch: 00, Loss: 2.7527, Train: 25.00%, Valid: 15.00%, Test: 13.60%, Best Valid: 15.00%, Best Test: 13.60%
Switching Polynormer to global attention phase.
Epoch: 100, Loss: 2.3352, Train: 14.29%, Valid: 7.80%, Test: 7.50%, Best Valid: 76.60%, Best Test: 74.60%
Epoch: 200, Loss: 0.0096, Train: 100.00%, Valid: 70.20%, Test: 70.00%, Best Valid: 77.60%, Best Test: 77.90%
Epoch: 300, Loss: 0.0004, Train: 100.00%, Valid: 71.60%, Test: 71.90%, Best Valid: 77.60%, Best Test: 77.90%
Epoch: 400, Loss: 0.0005, Train: 100.00%, Valid: 70.00%, Test: 72.60%, Best Valid: 77.60%, Best Test: 77.90%
Epoch: 500, Loss: 0.0036, Train: 100.00%, Valid: 72.60%, Test: 72.10%, Best Valid: 77.60%, Best Test: 77.90%
Epoch: 600, Loss: 0.0005, Train: 100.00%, Valid: 73.40%, Test: 71.30%, Best Valid: 77.60%, Best Test: 77.90%
Epoch: 700, Loss: 0.0006, Train: 100.00%, Valid: 71.20%, Test: 70.50%, Best Valid: 77.60%, Best Test: 77.90%
Epoch: 800, Loss: 0.0013, Train: 100.00%, Valid: 71.80%, Test: 70.70%, Best Valid: 77.60%, Best Test: 77.90%
Epoch: 900, Loss: 0.0005, Train: 100.00%, Valid: 69.60%, Test: 70.30%, Best Valid: 77.60%, Best Test: 77.90%
Epoch: 1000, Loss: 0.0029, Train: 100.00%, Valid: 69.20%, Test: 69.70%, Best Valid: 77.60%, Best Test: 77.90%
Run 05:
Highest Train: 100.00
Highest Valid: 77.60
Highest Test: 77.90
Chosen epoch: 123
Final Train: 100.00
Final Test: 77.90
train:torch.Size([140]), valid:torch.Size([500]), test:torch.Size([1000])
Pre-training MLP for 500 epochs to generate co-occurrence matrix...
Penalty transform 'shuffle': rel Frobenius dist to original = 0.1608, off-diag CV of original penalty = 0.0502
MLP pre-training complete. Penalty matrix frozen.
Epoch: 00, Loss: 2.5991, Train: 17.86%, Valid: 14.60%, Test: 15.40%, Best Valid: 14.60%, Best Test: 15.40%
Switching Polynormer to global attention phase.
Epoch: 100, Loss: 2.3351, Train: 14.29%, Valid: 11.60%, Test: 11.30%, Best Valid: 81.60%, Best Test: 78.20%
Epoch: 200, Loss: 0.0109, Train: 100.00%, Valid: 78.40%, Test: 75.00%, Best Valid: 81.60%, Best Test: 78.20%
Epoch: 300, Loss: 0.0004, Train: 100.00%, Valid: 74.60%, Test: 75.10%, Best Valid: 81.60%, Best Test: 78.20%
Epoch: 400, Loss: 0.0065, Train: 100.00%, Valid: 76.00%, Test: 75.20%, Best Valid: 81.60%, Best Test: 78.20%
Epoch: 500, Loss: 0.0013, Train: 100.00%, Valid: 75.20%, Test: 73.70%, Best Valid: 81.60%, Best Test: 78.20%
Epoch: 600, Loss: 0.0441, Train: 100.00%, Valid: 77.60%, Test: 74.40%, Best Valid: 81.60%, Best Test: 78.20%
Epoch: 700, Loss: 0.0004, Train: 100.00%, Valid: 76.00%, Test: 74.40%, Best Valid: 81.60%, Best Test: 78.20%
Epoch: 800, Loss: 0.0006, Train: 100.00%, Valid: 78.20%, Test: 75.30%, Best Valid: 81.60%, Best Test: 78.20%
Epoch: 900, Loss: 0.0004, Train: 100.00%, Valid: 76.40%, Test: 74.70%, Best Valid: 81.60%, Best Test: 78.20%
Epoch: 1000, Loss: 0.0002, Train: 100.00%, Valid: 77.60%, Test: 75.20%, Best Valid: 81.60%, Best Test: 78.20%
Run 06:
Highest Train: 100.00
Highest Valid: 82.00
Highest Test: 79.00
Chosen epoch: 1081
Final Train: 100.00
Final Test: 77.50
train:torch.Size([140]), valid:torch.Size([500]), test:torch.Size([1000])
Pre-training MLP for 500 epochs to generate co-occurrence matrix...
Penalty transform 'shuffle': rel Frobenius dist to original = 0.1442, off-diag CV of original penalty = 0.0526
MLP pre-training complete. Penalty matrix frozen.
Epoch: 00, Loss: 2.6112, Train: 28.57%, Valid: 14.60%, Test: 18.70%, Best Valid: 14.60%, Best Test: 18.70%
Switching Polynormer to global attention phase.
Epoch: 100, Loss: 2.3351, Train: 14.29%, Valid: 4.20%, Test: 7.20%, Best Valid: 79.60%, Best Test: 82.40%
Epoch: 200, Loss: 0.0107, Train: 100.00%, Valid: 77.20%, Test: 77.60%, Best Valid: 79.60%, Best Test: 82.40%
Epoch: 300, Loss: 0.0001, Train: 100.00%, Valid: 79.00%, Test: 78.80%, Best Valid: 79.80%, Best Test: 79.70%
Epoch: 400, Loss: 0.0070, Train: 100.00%, Valid: 76.40%, Test: 77.70%, Best Valid: 80.20%, Best Test: 79.60%
Epoch: 500, Loss: 0.0008, Train: 100.00%, Valid: 72.00%, Test: 73.70%, Best Valid: 80.20%, Best Test: 79.60%
Epoch: 600, Loss: 0.0011, Train: 100.00%, Valid: 73.40%, Test: 74.40%, Best Valid: 80.20%, Best Test: 79.60%
Epoch: 700, Loss: 0.0006, Train: 100.00%, Valid: 70.80%, Test: 71.50%, Best Valid: 80.20%, Best Test: 79.60%
Epoch: 800, Loss: 0.0114, Train: 100.00%, Valid: 73.40%, Test: 78.20%, Best Valid: 80.20%, Best Test: 79.60%
Epoch: 900, Loss: 0.0026, Train: 100.00%, Valid: 68.00%, Test: 71.40%, Best Valid: 80.20%, Best Test: 79.60%
Epoch: 1000, Loss: 0.0021, Train: 100.00%, Valid: 62.20%, Test: 64.10%, Best Valid: 80.20%, Best Test: 79.60%
Run 07:
Highest Train: 100.00
Highest Valid: 80.20
Highest Test: 82.50
Chosen epoch: 303
Final Train: 100.00
Final Test: 79.60
train:torch.Size([140]), valid:torch.Size([500]), test:torch.Size([1000])
Pre-training MLP for 500 epochs to generate co-occurrence matrix...
Penalty transform 'shuffle': rel Frobenius dist to original = 0.1608, off-diag CV of original penalty = 0.0633
MLP pre-training complete. Penalty matrix frozen.
Epoch: 00, Loss: 2.6462, Train: 22.14%, Valid: 15.20%, Test: 17.20%, Best Valid: 15.20%, Best Test: 17.20%
Switching Polynormer to global attention phase.
Epoch: 100, Loss: 2.3372, Train: 14.29%, Valid: 31.60%, Test: 33.30%, Best Valid: 79.00%, Best Test: 80.00%
Epoch: 200, Loss: 0.0021, Train: 100.00%, Valid: 69.40%, Test: 73.10%, Best Valid: 79.60%, Best Test: 79.90%
Epoch: 300, Loss: 0.0032, Train: 100.00%, Valid: 73.40%, Test: 75.60%, Best Valid: 79.60%, Best Test: 79.90%
Epoch: 400, Loss: 0.0022, Train: 100.00%, Valid: 73.00%, Test: 75.90%, Best Valid: 79.60%, Best Test: 79.90%
Epoch: 500, Loss: 0.0004, Train: 100.00%, Valid: 73.60%, Test: 75.90%, Best Valid: 79.60%, Best Test: 79.90%
Epoch: 600, Loss: 0.0005, Train: 100.00%, Valid: 73.00%, Test: 76.40%, Best Valid: 79.60%, Best Test: 79.90%
Epoch: 700, Loss: 0.0006, Train: 100.00%, Valid: 73.80%, Test: 75.40%, Best Valid: 79.60%, Best Test: 79.90%
Epoch: 800, Loss: 0.0004, Train: 100.00%, Valid: 73.80%, Test: 75.40%, Best Valid: 79.60%, Best Test: 79.90%
Epoch: 900, Loss: 0.0072, Train: 100.00%, Valid: 76.40%, Test: 76.40%, Best Valid: 79.60%, Best Test: 79.90%
Epoch: 1000, Loss: 0.0001, Train: 100.00%, Valid: 73.20%, Test: 74.80%, Best Valid: 79.60%, Best Test: 79.90%
Run 08:
Highest Train: 100.00
Highest Valid: 79.60
Highest Test: 80.60
Chosen epoch: 126
Final Train: 100.00
Final Test: 79.90
train:torch.Size([140]), valid:torch.Size([500]), test:torch.Size([1000])
Pre-training MLP for 500 epochs to generate co-occurrence matrix...
Penalty transform 'shuffle': rel Frobenius dist to original = 0.1718, off-diag CV of original penalty = 0.0418
MLP pre-training complete. Penalty matrix frozen.
Epoch: 00, Loss: 2.6100, Train: 20.00%, Valid: 20.80%, Test: 17.40%, Best Valid: 20.80%, Best Test: 17.40%
Switching Polynormer to global attention phase.
Epoch: 100, Loss: 2.3360, Train: 55.00%, Valid: 40.80%, Test: 39.30%, Best Valid: 80.40%, Best Test: 79.70%
Epoch: 200, Loss: 0.0004, Train: 100.00%, Valid: 76.80%, Test: 78.80%, Best Valid: 80.40%, Best Test: 79.70%
Epoch: 300, Loss: 0.0126, Train: 100.00%, Valid: 72.60%, Test: 73.60%, Best Valid: 80.80%, Best Test: 81.20%
Epoch: 400, Loss: 0.0026, Train: 100.00%, Valid: 74.80%, Test: 75.30%, Best Valid: 80.80%, Best Test: 81.20%
Epoch: 500, Loss: 0.0015, Train: 100.00%, Valid: 75.40%, Test: 76.40%, Best Valid: 80.80%, Best Test: 81.20%
Epoch: 600, Loss: 0.0012, Train: 100.00%, Valid: 75.60%, Test: 75.90%, Best Valid: 80.80%, Best Test: 81.20%
Epoch: 700, Loss: 0.0425, Train: 100.00%, Valid: 73.60%, Test: 73.80%, Best Valid: 80.80%, Best Test: 81.20%
Epoch: 800, Loss: 0.0017, Train: 100.00%, Valid: 77.20%, Test: 76.00%, Best Valid: 80.80%, Best Test: 81.20%
Epoch: 900, Loss: 0.0435, Train: 100.00%, Valid: 76.60%, Test: 77.00%, Best Valid: 80.80%, Best Test: 81.20%
Epoch: 1000, Loss: 0.0002, Train: 100.00%, Valid: 74.60%, Test: 75.70%, Best Valid: 80.80%, Best Test: 81.20%
Run 09:
Highest Train: 100.00
Highest Valid: 80.80
Highest Test: 81.60
Chosen epoch: 239
Final Train: 100.00
Final Test: 81.20
train:torch.Size([140]), valid:torch.Size([500]), test:torch.Size([1000])
Pre-training MLP for 500 epochs to generate co-occurrence matrix...
Penalty transform 'shuffle': rel Frobenius dist to original = 0.1590, off-diag CV of original penalty = 0.0745
MLP pre-training complete. Penalty matrix frozen.
Epoch: 00, Loss: 2.7857, Train: 30.00%, Valid: 17.00%, Test: 19.10%, Best Valid: 17.00%, Best Test: 19.10%
Switching Polynormer to global attention phase.
Epoch: 100, Loss: 2.3351, Train: 14.29%, Valid: 15.20%, Test: 13.80%, Best Valid: 77.40%, Best Test: 79.20%
Epoch: 200, Loss: 0.0443, Train: 100.00%, Valid: 74.20%, Test: 78.20%, Best Valid: 78.20%, Best Test: 79.70%
Epoch: 300, Loss: 0.0002, Train: 100.00%, Valid: 72.80%, Test: 74.60%, Best Valid: 78.20%, Best Test: 79.70%
Epoch: 400, Loss: 0.0005, Train: 100.00%, Valid: 71.80%, Test: 74.70%, Best Valid: 78.20%, Best Test: 79.70%
Epoch: 500, Loss: 0.0009, Train: 100.00%, Valid: 73.80%, Test: 74.20%, Best Valid: 78.20%, Best Test: 79.70%
Epoch: 600, Loss: 0.0005, Train: 100.00%, Valid: 72.60%, Test: 74.30%, Best Valid: 78.20%, Best Test: 79.70%
Epoch: 700, Loss: 0.0011, Train: 100.00%, Valid: 70.60%, Test: 72.20%, Best Valid: 78.20%, Best Test: 79.70%
Epoch: 800, Loss: 0.0007, Train: 100.00%, Valid: 73.20%, Test: 76.40%, Best Valid: 78.20%, Best Test: 79.70%
Epoch: 900, Loss: 0.0039, Train: 100.00%, Valid: 69.60%, Test: 73.90%, Best Valid: 78.20%, Best Test: 79.70%
Epoch: 1000, Loss: 0.0024, Train: 100.00%, Valid: 71.40%, Test: 75.70%, Best Valid: 78.20%, Best Test: 79.70%
Run 10:
Highest Train: 100.00
Highest Valid: 78.20
Highest Test: 80.00
Chosen epoch: 188
Final Train: 100.00
Final Test: 79.70
All runs:
Highest Train: 100.00 ± 0.00
Highest Test: 80.83 ± 1.79
Highest Valid: 80.58 ± 2.00
  Final Train: 99.93 ± 0.23
   Final Test: 79.78 ± 1.31
Saving results to ../results/lowlabel/cora/polynormer.csv
--- mlp_reg/shuffle placebo | lambda=0.4 ---
Namespace(aggregate='add', alpha=0.5, attention='gcn', beta=-1.0, bn=False, budget_tag='20', count_reg=False, count_smoothing=1.0, cpu=False, data_dir='../data/', dataset='cora', device=0, dim_inner=64, display_step=100, dropout=0.5, epochs=500, global_dropout=None, global_epochs=1000, global_layers=1, gnn='gcn', graph_weight=0.8, hidden_channels=64, hops=10, in_dropout=0.2, jk=False, label_num_per_class=20, lambda_val=0.4, layers=1, ln=False, local_epochs=100, local_gnn_type='GCN', local_layers=5, lr=0.001, metric='acc', mlp_epochs=500, mlp_reg=True, model='polynormer', model_dir='models/lowlabel_ctrl_1214890_12', n_heads=8, num_centroids=4096, num_heads=8, oracle_reg=False, paired_seeds=True, pe_types='RWSE', penalty_transform='shuffle', pre_linear=False, pre_ln=False, rand_split=False, rand_split_class=True, reg_start_epoch=10, reg_update_freq=5, res=False, resample_split_per_run=True, result_dir='../results/lowlabel', runs=10, save_model=True, save_result=False, seed=123, test_num=1000, tr_dropout=None, tr_layers=1, tr_weight_decay=None, train_per_class=0, train_prop=0.5, use_act=False, use_bn=False, use_graph=False, use_reg=True, use_residual=False, use_weight=False, valid_num=500, valid_per_class=0, valid_prop=0.25, weight_decay=0.0005)
cora
Num nodes: 2708
train:torch.Size([140]), valid:torch.Size([500]), test:torch.Size([1000])
dataset cora | num nodes 2708 | num edge 10556 | num node feats 1433 | num classes 7
MODEL: Polynormer(
  (h_lins): ModuleList(
    (0): Linear(in_features=512, out_features=512, bias=True)
    (1): Linear(in_features=512, out_features=512, bias=True)
    (2): Linear(in_features=512, out_features=512, bias=True)
    (3): Linear(in_features=512, out_features=512, bias=True)
    (4): Linear(in_features=512, out_features=512, bias=True)
  )
  (local_convs): ModuleList(
    (0): GATConv(512, 64, heads=8)
    (1): GATConv(512, 64, heads=8)
    (2): GATConv(512, 64, heads=8)
    (3): GATConv(512, 64, heads=8)
    (4): GATConv(512, 64, heads=8)
  )
  (lins): ModuleList(
    (0): Linear(in_features=512, out_features=512, bias=True)
    (1): Linear(in_features=512, out_features=512, bias=True)
    (2): Linear(in_features=512, out_features=512, bias=True)
    (3): Linear(in_features=512, out_features=512, bias=True)
    (4): Linear(in_features=512, out_features=512, bias=True)
  )
  (lns): ModuleList(
    (0): LayerNorm((512,), eps=1e-05, elementwise_affine=True)
    (1): LayerNorm((512,), eps=1e-05, elementwise_affine=True)
    (2): LayerNorm((512,), eps=1e-05, elementwise_affine=True)
    (3): LayerNorm((512,), eps=1e-05, elementwise_affine=True)
    (4): LayerNorm((512,), eps=1e-05, elementwise_affine=True)
  )
  (lin_in): Linear(in_features=1433, out_features=512, bias=True)
  (ln): LayerNorm((512,), eps=1e-05, elementwise_affine=True)
  (global_attn): GlobalAttn(
    (h_lins): ModuleList(
      (0): Linear(in_features=512, out_features=512, bias=True)
    )
    (k_lins): ModuleList(
      (0): Linear(in_features=512, out_features=512, bias=True)
    )
    (v_lins): ModuleList(
      (0): Linear(in_features=512, out_features=512, bias=True)
    )
    (lns): ModuleList(
      (0): LayerNorm((512,), eps=1e-05, elementwise_affine=True)
    )
    (lin_out): Linear(in_features=512, out_features=512, bias=True)
  )
  (pred_local): Linear(in_features=512, out_features=7, bias=True)
  (pred_global): Linear(in_features=512, out_features=7, bias=True)
)
train:torch.Size([140]), valid:torch.Size([500]), test:torch.Size([1000])
Pre-training MLP for 500 epochs to generate co-occurrence matrix...
Penalty transform 'shuffle': rel Frobenius dist to original = 0.1643, off-diag CV of original penalty = 0.0676
MLP pre-training complete. Penalty matrix frozen.
Epoch: 00, Loss: 3.2022, Train: 23.57%, Valid: 23.40%, Test: 23.70%, Best Valid: 23.40%, Best Test: 23.70%
Switching Polynormer to global attention phase.
Epoch: 100, Loss: 2.7266, Train: 100.00%, Valid: 80.60%, Test: 82.60%, Best Valid: 82.00%, Best Test: 83.00%
Epoch: 200, Loss: 0.0001, Train: 100.00%, Valid: 75.40%, Test: 78.70%, Best Valid: 82.00%, Best Test: 83.00%
Epoch: 300, Loss: 0.0005, Train: 100.00%, Valid: 81.00%, Test: 79.60%, Best Valid: 82.00%, Best Test: 83.00%
Epoch: 400, Loss: 0.0007, Train: 100.00%, Valid: 79.00%, Test: 78.40%, Best Valid: 82.00%, Best Test: 83.00%
Epoch: 500, Loss: 0.0005, Train: 100.00%, Valid: 78.20%, Test: 77.60%, Best Valid: 82.00%, Best Test: 83.00%
Epoch: 600, Loss: 0.0007, Train: 100.00%, Valid: 74.60%, Test: 75.70%, Best Valid: 82.00%, Best Test: 83.00%
Epoch: 700, Loss: 0.0010, Train: 100.00%, Valid: 71.80%, Test: 74.50%, Best Valid: 82.00%, Best Test: 83.00%
Epoch: 800, Loss: 0.0059, Train: 100.00%, Valid: 74.00%, Test: 74.20%, Best Valid: 82.00%, Best Test: 83.00%
Epoch: 900, Loss: 0.0005, Train: 100.00%, Valid: 75.20%, Test: 74.80%, Best Valid: 82.00%, Best Test: 83.00%
Epoch: 1000, Loss: 0.0233, Train: 100.00%, Valid: 71.80%, Test: 72.30%, Best Valid: 82.00%, Best Test: 83.00%
Run 01:
Highest Train: 100.00
Highest Valid: 82.00
Highest Test: 83.40
Chosen epoch: 71
Final Train: 100.00
Final Test: 83.00
train:torch.Size([140]), valid:torch.Size([500]), test:torch.Size([1000])
Pre-training MLP for 500 epochs to generate co-occurrence matrix...
Penalty transform 'shuffle': rel Frobenius dist to original = 0.1868, off-diag CV of original penalty = 0.0586
MLP pre-training complete. Penalty matrix frozen.
Epoch: 00, Loss: 2.9395, Train: 25.00%, Valid: 20.60%, Test: 21.30%, Best Valid: 20.60%, Best Test: 21.30%
Switching Polynormer to global attention phase.
Epoch: 100, Loss: 2.7249, Train: 14.29%, Valid: 5.80%, Test: 6.70%, Best Valid: 82.00%, Best Test: 78.10%
Epoch: 200, Loss: 0.0005, Train: 100.00%, Valid: 74.20%, Test: 73.30%, Best Valid: 82.00%, Best Test: 78.10%
Epoch: 300, Loss: 0.0002, Train: 100.00%, Valid: 77.60%, Test: 74.10%, Best Valid: 82.00%, Best Test: 78.10%
Epoch: 400, Loss: 0.0003, Train: 100.00%, Valid: 80.80%, Test: 77.20%, Best Valid: 82.60%, Best Test: 78.70%
Epoch: 500, Loss: 0.0005, Train: 100.00%, Valid: 78.40%, Test: 75.80%, Best Valid: 82.60%, Best Test: 78.70%
Epoch: 600, Loss: 0.0011, Train: 100.00%, Valid: 78.40%, Test: 76.80%, Best Valid: 82.60%, Best Test: 78.70%
Epoch: 700, Loss: 0.0009, Train: 100.00%, Valid: 77.80%, Test: 75.10%, Best Valid: 82.60%, Best Test: 78.70%
Epoch: 800, Loss: 0.0146, Train: 100.00%, Valid: 78.60%, Test: 73.70%, Best Valid: 82.60%, Best Test: 78.70%
Epoch: 900, Loss: 0.0021, Train: 100.00%, Valid: 77.60%, Test: 74.80%, Best Valid: 82.60%, Best Test: 78.70%
Epoch: 1000, Loss: 0.0003, Train: 100.00%, Valid: 75.20%, Test: 71.50%, Best Valid: 82.60%, Best Test: 78.70%
Run 02:
Highest Train: 100.00
Highest Valid: 82.60
Highest Test: 79.20
Chosen epoch: 368
Final Train: 100.00
Final Test: 78.70
train:torch.Size([140]), valid:torch.Size([500]), test:torch.Size([1000])
Pre-training MLP for 500 epochs to generate co-occurrence matrix...
Penalty transform 'shuffle': rel Frobenius dist to original = 0.1542, off-diag CV of original penalty = 0.0518
MLP pre-training complete. Penalty matrix frozen.
Epoch: 00, Loss: 3.1331, Train: 18.57%, Valid: 14.60%, Test: 16.30%, Best Valid: 14.60%, Best Test: 16.30%
Switching Polynormer to global attention phase.
Epoch: 100, Loss: 2.7244, Train: 14.29%, Valid: 8.80%, Test: 10.40%, Best Valid: 82.40%, Best Test: 79.70%
Epoch: 200, Loss: 0.0780, Train: 100.00%, Valid: 78.80%, Test: 76.50%, Best Valid: 82.40%, Best Test: 79.70%
Epoch: 300, Loss: 0.0004, Train: 100.00%, Valid: 75.80%, Test: 72.50%, Best Valid: 82.40%, Best Test: 79.70%
Epoch: 400, Loss: 0.0003, Train: 100.00%, Valid: 73.60%, Test: 71.30%, Best Valid: 82.40%, Best Test: 79.70%
Epoch: 500, Loss: 0.0003, Train: 100.00%, Valid: 75.80%, Test: 73.50%, Best Valid: 82.40%, Best Test: 79.70%
Epoch: 600, Loss: 0.0006, Train: 100.00%, Valid: 77.60%, Test: 76.00%, Best Valid: 82.40%, Best Test: 79.70%
Epoch: 700, Loss: 0.0007, Train: 100.00%, Valid: 77.40%, Test: 76.10%, Best Valid: 82.40%, Best Test: 79.70%
Epoch: 800, Loss: 0.0003, Train: 100.00%, Valid: 75.40%, Test: 74.50%, Best Valid: 82.40%, Best Test: 79.70%
Epoch: 900, Loss: 0.0003, Train: 100.00%, Valid: 75.60%, Test: 72.50%, Best Valid: 82.40%, Best Test: 79.70%
Epoch: 1000, Loss: 0.0333, Train: 100.00%, Valid: 76.20%, Test: 74.50%, Best Valid: 82.40%, Best Test: 79.70%
Run 03:
Highest Train: 100.00
Highest Valid: 82.40
Highest Test: 80.10
Chosen epoch: 40
Final Train: 100.00
Final Test: 79.70
train:torch.Size([140]), valid:torch.Size([500]), test:torch.Size([1000])
Pre-training MLP for 500 epochs to generate co-occurrence matrix...
Penalty transform 'shuffle': rel Frobenius dist to original = 0.1536, off-diag CV of original penalty = 0.0293
MLP pre-training complete. Penalty matrix frozen.
Epoch: 00, Loss: 3.1891, Train: 21.43%, Valid: 17.60%, Test: 17.50%, Best Valid: 17.60%, Best Test: 17.50%
Switching Polynormer to global attention phase.
Epoch: 100, Loss: 2.7243, Train: 14.29%, Valid: 8.00%, Test: 5.50%, Best Valid: 76.80%, Best Test: 78.60%
Epoch: 200, Loss: 0.0174, Train: 100.00%, Valid: 74.80%, Test: 77.80%, Best Valid: 76.80%, Best Test: 78.60%
Epoch: 300, Loss: 0.0022, Train: 100.00%, Valid: 74.80%, Test: 77.20%, Best Valid: 76.80%, Best Test: 78.60%
Epoch: 400, Loss: 0.0007, Train: 100.00%, Valid: 70.00%, Test: 73.90%, Best Valid: 76.80%, Best Test: 78.60%
Epoch: 500, Loss: 0.0569, Train: 100.00%, Valid: 67.80%, Test: 70.20%, Best Valid: 76.80%, Best Test: 78.60%
Epoch: 600, Loss: 0.0008, Train: 100.00%, Valid: 71.40%, Test: 75.00%, Best Valid: 76.80%, Best Test: 78.60%
Epoch: 700, Loss: 0.0006, Train: 100.00%, Valid: 74.40%, Test: 75.70%, Best Valid: 76.80%, Best Test: 78.60%
Epoch: 800, Loss: 0.0016, Train: 100.00%, Valid: 73.60%, Test: 78.00%, Best Valid: 76.80%, Best Test: 78.60%
Epoch: 900, Loss: 0.0019, Train: 100.00%, Valid: 69.60%, Test: 72.20%, Best Valid: 76.80%, Best Test: 78.60%
Epoch: 1000, Loss: 0.0007, Train: 100.00%, Valid: 72.00%, Test: 75.60%, Best Valid: 76.80%, Best Test: 78.60%
Run 04:
Highest Train: 100.00
Highest Valid: 76.80
Highest Test: 81.10
Chosen epoch: 58
Final Train: 100.00
Final Test: 78.60
train:torch.Size([140]), valid:torch.Size([500]), test:torch.Size([1000])
Pre-training MLP for 500 epochs to generate co-occurrence matrix...
Penalty transform 'shuffle': rel Frobenius dist to original = 0.1713, off-diag CV of original penalty = 0.0350
MLP pre-training complete. Penalty matrix frozen.
Epoch: 00, Loss: 3.2115, Train: 25.71%, Valid: 15.40%, Test: 13.40%, Best Valid: 15.40%, Best Test: 13.40%
Switching Polynormer to global attention phase.
Epoch: 100, Loss: 2.7243, Train: 14.29%, Valid: 15.60%, Test: 15.40%, Best Valid: 76.80%, Best Test: 75.70%
Epoch: 200, Loss: 0.0028, Train: 100.00%, Valid: 72.40%, Test: 73.30%, Best Valid: 76.80%, Best Test: 75.70%
Epoch: 300, Loss: 0.0033, Train: 100.00%, Valid: 71.20%, Test: 69.00%, Best Valid: 76.80%, Best Test: 75.70%
Epoch: 400, Loss: 0.0004, Train: 100.00%, Valid: 76.80%, Test: 73.00%, Best Valid: 76.80%, Best Test: 75.70%
Epoch: 500, Loss: 0.0016, Train: 100.00%, Valid: 74.00%, Test: 71.10%, Best Valid: 76.80%, Best Test: 75.70%
Epoch: 600, Loss: 0.0007, Train: 100.00%, Valid: 72.60%, Test: 71.30%, Best Valid: 76.80%, Best Test: 75.70%
Epoch: 700, Loss: 0.0012, Train: 100.00%, Valid: 70.00%, Test: 68.10%, Best Valid: 76.80%, Best Test: 75.70%
Epoch: 800, Loss: 0.0012, Train: 100.00%, Valid: 70.20%, Test: 69.80%, Best Valid: 76.80%, Best Test: 75.70%
Epoch: 900, Loss: 0.0008, Train: 100.00%, Valid: 70.80%, Test: 71.30%, Best Valid: 76.80%, Best Test: 75.70%
Epoch: 1000, Loss: 0.0004, Train: 100.00%, Valid: 70.60%, Test: 68.30%, Best Valid: 76.80%, Best Test: 75.70%
Run 05:
Highest Train: 100.00
Highest Valid: 76.80
Highest Test: 76.80
Chosen epoch: 97
Final Train: 100.00
Final Test: 75.70
train:torch.Size([140]), valid:torch.Size([500]), test:torch.Size([1000])
Pre-training MLP for 500 epochs to generate co-occurrence matrix...
Penalty transform 'shuffle': rel Frobenius dist to original = 0.1608, off-diag CV of original penalty = 0.0502
MLP pre-training complete. Penalty matrix frozen.
Epoch: 00, Loss: 3.0323, Train: 18.57%, Valid: 14.80%, Test: 15.80%, Best Valid: 14.80%, Best Test: 15.80%
Switching Polynormer to global attention phase.
Epoch: 100, Loss: 2.7244, Train: 14.29%, Valid: 11.60%, Test: 11.30%, Best Valid: 82.20%, Best Test: 79.10%
Epoch: 200, Loss: 0.0473, Train: 100.00%, Valid: 77.60%, Test: 74.20%, Best Valid: 82.20%, Best Test: 79.10%
Epoch: 300, Loss: 0.0006, Train: 100.00%, Valid: 78.80%, Test: 76.10%, Best Valid: 82.20%, Best Test: 79.10%
Epoch: 400, Loss: 0.0006, Train: 100.00%, Valid: 77.00%, Test: 76.20%, Best Valid: 82.20%, Best Test: 79.10%
Epoch: 500, Loss: 0.0006, Train: 100.00%, Valid: 76.40%, Test: 74.50%, Best Valid: 82.20%, Best Test: 79.10%
Epoch: 600, Loss: 0.0007, Train: 100.00%, Valid: 78.20%, Test: 75.80%, Best Valid: 82.20%, Best Test: 79.10%
Epoch: 700, Loss: 0.0006, Train: 100.00%, Valid: 78.00%, Test: 76.80%, Best Valid: 82.20%, Best Test: 79.10%
Epoch: 800, Loss: 0.0004, Train: 100.00%, Valid: 78.00%, Test: 76.30%, Best Valid: 82.20%, Best Test: 79.10%
Epoch: 900, Loss: 0.0004, Train: 99.29%, Valid: 71.40%, Test: 71.40%, Best Valid: 82.20%, Best Test: 79.10%
Epoch: 1000, Loss: 0.0019, Train: 100.00%, Valid: 73.60%, Test: 73.10%, Best Valid: 82.20%, Best Test: 79.10%
Run 06:
Highest Train: 100.00
Highest Valid: 82.20
Highest Test: 81.00
Chosen epoch: 46
Final Train: 100.00
Final Test: 79.10
train:torch.Size([140]), valid:torch.Size([500]), test:torch.Size([1000])
Pre-training MLP for 500 epochs to generate co-occurrence matrix...
Penalty transform 'shuffle': rel Frobenius dist to original = 0.1442, off-diag CV of original penalty = 0.0526
MLP pre-training complete. Penalty matrix frozen.
Epoch: 00, Loss: 3.0464, Train: 27.86%, Valid: 14.60%, Test: 18.30%, Best Valid: 14.60%, Best Test: 18.30%
Switching Polynormer to global attention phase.
Epoch: 100, Loss: 2.7243, Train: 14.29%, Valid: 4.20%, Test: 7.20%, Best Valid: 78.40%, Best Test: 79.60%
Epoch: 200, Loss: 0.0577, Train: 100.00%, Valid: 71.20%, Test: 71.50%, Best Valid: 78.40%, Best Test: 79.60%
Epoch: 300, Loss: 0.0004, Train: 100.00%, Valid: 72.00%, Test: 71.00%, Best Valid: 78.40%, Best Test: 79.60%
Epoch: 400, Loss: 0.0005, Train: 100.00%, Valid: 74.60%, Test: 75.20%, Best Valid: 78.40%, Best Test: 79.60%
Epoch: 500, Loss: 0.0005, Train: 100.00%, Valid: 74.80%, Test: 75.10%, Best Valid: 78.40%, Best Test: 79.60%
Epoch: 600, Loss: 0.0005, Train: 100.00%, Valid: 75.20%, Test: 74.50%, Best Valid: 78.40%, Best Test: 79.60%
Epoch: 700, Loss: 0.0056, Train: 100.00%, Valid: 72.20%, Test: 72.10%, Best Valid: 78.40%, Best Test: 79.60%
Epoch: 800, Loss: 0.0009, Train: 100.00%, Valid: 71.40%, Test: 69.80%, Best Valid: 78.40%, Best Test: 79.60%
Epoch: 900, Loss: 0.0006, Train: 100.00%, Valid: 75.00%, Test: 72.40%, Best Valid: 78.40%, Best Test: 79.60%
Epoch: 1000, Loss: 0.0008, Train: 100.00%, Valid: 74.80%, Test: 72.50%, Best Valid: 78.40%, Best Test: 79.60%
Run 07:
Highest Train: 100.00
Highest Valid: 78.40
Highest Test: 80.00
Chosen epoch: 44
Final Train: 100.00
Final Test: 79.60
train:torch.Size([140]), valid:torch.Size([500]), test:torch.Size([1000])
Pre-training MLP for 500 epochs to generate co-occurrence matrix...
Penalty transform 'shuffle': rel Frobenius dist to original = 0.1608, off-diag CV of original penalty = 0.0633
MLP pre-training complete. Penalty matrix frozen.
Epoch: 00, Loss: 3.0873, Train: 24.29%, Valid: 15.40%, Test: 17.50%, Best Valid: 15.40%, Best Test: 17.50%
Switching Polynormer to global attention phase.
Epoch: 100, Loss: 2.7250, Train: 14.29%, Valid: 31.60%, Test: 33.30%, Best Valid: 79.60%, Best Test: 80.70%
Epoch: 200, Loss: 0.0174, Train: 100.00%, Valid: 75.20%, Test: 76.60%, Best Valid: 79.60%, Best Test: 80.70%
Epoch: 300, Loss: 0.0003, Train: 100.00%, Valid: 75.00%, Test: 77.50%, Best Valid: 79.60%, Best Test: 80.70%
Epoch: 400, Loss: 0.0053, Train: 100.00%, Valid: 74.80%, Test: 77.10%, Best Valid: 79.60%, Best Test: 80.70%
Epoch: 500, Loss: 0.0004, Train: 100.00%, Valid: 74.40%, Test: 76.10%, Best Valid: 79.60%, Best Test: 80.70%
Epoch: 600, Loss: 0.0014, Train: 100.00%, Valid: 74.00%, Test: 76.60%, Best Valid: 79.60%, Best Test: 80.70%
Epoch: 700, Loss: 0.0036, Train: 100.00%, Valid: 73.80%, Test: 76.80%, Best Valid: 79.60%, Best Test: 80.70%
Epoch: 800, Loss: 0.0007, Train: 100.00%, Valid: 76.00%, Test: 78.20%, Best Valid: 79.60%, Best Test: 80.70%
Epoch: 900, Loss: 0.0006, Train: 100.00%, Valid: 75.20%, Test: 76.80%, Best Valid: 79.60%, Best Test: 80.70%
Epoch: 1000, Loss: 0.0005, Train: 100.00%, Valid: 75.40%, Test: 77.00%, Best Valid: 79.60%, Best Test: 80.70%
Run 08:
Highest Train: 100.00
Highest Valid: 79.60
Highest Test: 81.30
Chosen epoch: 32
Final Train: 100.00
Final Test: 80.70
train:torch.Size([140]), valid:torch.Size([500]), test:torch.Size([1000])
Pre-training MLP for 500 epochs to generate co-occurrence matrix...
Penalty transform 'shuffle': rel Frobenius dist to original = 0.1718, off-diag CV of original penalty = 0.0418
MLP pre-training complete. Penalty matrix frozen.
Epoch: 00, Loss: 3.0450, Train: 20.00%, Valid: 20.40%, Test: 16.80%, Best Valid: 20.40%, Best Test: 16.80%
Switching Polynormer to global attention phase.
Epoch: 100, Loss: 2.7243, Train: 14.29%, Valid: 5.20%, Test: 6.60%, Best Valid: 80.20%, Best Test: 81.40%
Epoch: 200, Loss: 0.0010, Train: 100.00%, Valid: 76.20%, Test: 77.50%, Best Valid: 80.60%, Best Test: 80.30%
Epoch: 300, Loss: 0.0010, Train: 100.00%, Valid: 75.40%, Test: 75.70%, Best Valid: 80.60%, Best Test: 80.30%
Epoch: 400, Loss: 0.0002, Train: 100.00%, Valid: 77.60%, Test: 79.30%, Best Valid: 80.60%, Best Test: 80.30%
Epoch: 500, Loss: 0.0004, Train: 100.00%, Valid: 75.00%, Test: 76.50%, Best Valid: 80.60%, Best Test: 80.30%
Epoch: 600, Loss: 0.0007, Train: 100.00%, Valid: 76.40%, Test: 77.90%, Best Valid: 80.60%, Best Test: 80.30%
Epoch: 700, Loss: 0.0006, Train: 100.00%, Valid: 78.20%, Test: 80.20%, Best Valid: 80.60%, Best Test: 80.30%
Epoch: 800, Loss: 0.0010, Train: 100.00%, Valid: 78.00%, Test: 81.00%, Best Valid: 80.60%, Best Test: 80.30%
Epoch: 900, Loss: 0.0014, Train: 100.00%, Valid: 77.60%, Test: 79.40%, Best Valid: 80.60%, Best Test: 80.30%
Epoch: 1000, Loss: 0.0035, Train: 100.00%, Valid: 77.00%, Test: 78.90%, Best Valid: 80.60%, Best Test: 80.30%
Run 09:
Highest Train: 100.00
Highest Valid: 80.60
Highest Test: 81.60
Chosen epoch: 128
Final Train: 100.00
Final Test: 80.30
train:torch.Size([140]), valid:torch.Size([500]), test:torch.Size([1000])
Pre-training MLP for 500 epochs to generate co-occurrence matrix...
Penalty transform 'shuffle': rel Frobenius dist to original = 0.1590, off-diag CV of original penalty = 0.0745
MLP pre-training complete. Penalty matrix frozen.
Epoch: 00, Loss: 3.2500, Train: 29.29%, Valid: 16.60%, Test: 18.90%, Best Valid: 16.60%, Best Test: 18.90%
Switching Polynormer to global attention phase.
Epoch: 100, Loss: 2.7241, Train: 14.29%, Valid: 6.40%, Test: 7.00%, Best Valid: 77.20%, Best Test: 80.30%
Epoch: 200, Loss: 0.0026, Train: 100.00%, Valid: 71.40%, Test: 76.30%, Best Valid: 77.20%, Best Test: 80.30%
Epoch: 300, Loss: 0.0004, Train: 100.00%, Valid: 74.80%, Test: 76.80%, Best Valid: 77.20%, Best Test: 80.30%
Epoch: 400, Loss: 0.0032, Train: 100.00%, Valid: 73.20%, Test: 76.10%, Best Valid: 77.20%, Best Test: 80.30%
Epoch: 500, Loss: 0.0007, Train: 100.00%, Valid: 76.80%, Test: 79.30%, Best Valid: 77.20%, Best Test: 80.30%
Epoch: 600, Loss: 0.0006, Train: 100.00%, Valid: 75.40%, Test: 77.90%, Best Valid: 77.20%, Best Test: 80.30%
Epoch: 700, Loss: 0.0008, Train: 100.00%, Valid: 75.60%, Test: 77.40%, Best Valid: 77.20%, Best Test: 80.30%
Epoch: 800, Loss: 0.0004, Train: 100.00%, Valid: 76.00%, Test: 77.70%, Best Valid: 77.20%, Best Test: 80.30%
Epoch: 900, Loss: 0.0014, Train: 100.00%, Valid: 72.40%, Test: 74.70%, Best Valid: 77.20%, Best Test: 80.30%
Epoch: 1000, Loss: 0.0016, Train: 100.00%, Valid: 71.80%, Test: 73.50%, Best Valid: 77.20%, Best Test: 80.30%
Run 10:
Highest Train: 100.00
Highest Valid: 77.20
Highest Test: 80.70
Chosen epoch: 43
Final Train: 100.00
Final Test: 80.30
All runs:
Highest Train: 100.00 ± 0.00
Highest Test: 80.52 ± 1.72
Highest Valid: 79.86 ± 2.42
  Final Train: 100.00 ± 0.00
   Final Test: 79.57 ± 1.86
Saving results to ../results/lowlabel/cora/polynormer.csv
--- mlp_reg/shuffle placebo | lambda=0.8 ---
Namespace(aggregate='add', alpha=0.5, attention='gcn', beta=-1.0, bn=False, budget_tag='20', count_reg=False, count_smoothing=1.0, cpu=False, data_dir='../data/', dataset='cora', device=0, dim_inner=64, display_step=100, dropout=0.5, epochs=500, global_dropout=None, global_epochs=1000, global_layers=1, gnn='gcn', graph_weight=0.8, hidden_channels=64, hops=10, in_dropout=0.2, jk=False, label_num_per_class=20, lambda_val=0.8, layers=1, ln=False, local_epochs=100, local_gnn_type='GCN', local_layers=5, lr=0.001, metric='acc', mlp_epochs=500, mlp_reg=True, model='polynormer', model_dir='models/lowlabel_ctrl_1214890_12', n_heads=8, num_centroids=4096, num_heads=8, oracle_reg=False, paired_seeds=True, pe_types='RWSE', penalty_transform='shuffle', pre_linear=False, pre_ln=False, rand_split=False, rand_split_class=True, reg_start_epoch=10, reg_update_freq=5, res=False, resample_split_per_run=True, result_dir='../results/lowlabel', runs=10, save_model=True, save_result=False, seed=123, test_num=1000, tr_dropout=None, tr_layers=1, tr_weight_decay=None, train_per_class=0, train_prop=0.5, use_act=False, use_bn=False, use_graph=False, use_reg=True, use_residual=False, use_weight=False, valid_num=500, valid_per_class=0, valid_prop=0.25, weight_decay=0.0005)
cora
Num nodes: 2708
train:torch.Size([140]), valid:torch.Size([500]), test:torch.Size([1000])
dataset cora | num nodes 2708 | num edge 10556 | num node feats 1433 | num classes 7
MODEL: Polynormer(
  (h_lins): ModuleList(
    (0): Linear(in_features=512, out_features=512, bias=True)
    (1): Linear(in_features=512, out_features=512, bias=True)
    (2): Linear(in_features=512, out_features=512, bias=True)
    (3): Linear(in_features=512, out_features=512, bias=True)
    (4): Linear(in_features=512, out_features=512, bias=True)
  )
  (local_convs): ModuleList(
    (0): GATConv(512, 64, heads=8)
    (1): GATConv(512, 64, heads=8)
    (2): GATConv(512, 64, heads=8)
    (3): GATConv(512, 64, heads=8)
    (4): GATConv(512, 64, heads=8)
  )
  (lins): ModuleList(
    (0): Linear(in_features=512, out_features=512, bias=True)
    (1): Linear(in_features=512, out_features=512, bias=True)
    (2): Linear(in_features=512, out_features=512, bias=True)
    (3): Linear(in_features=512, out_features=512, bias=True)
    (4): Linear(in_features=512, out_features=512, bias=True)
  )
  (lns): ModuleList(
    (0): LayerNorm((512,), eps=1e-05, elementwise_affine=True)
    (1): LayerNorm((512,), eps=1e-05, elementwise_affine=True)
    (2): LayerNorm((512,), eps=1e-05, elementwise_affine=True)
    (3): LayerNorm((512,), eps=1e-05, elementwise_affine=True)
    (4): LayerNorm((512,), eps=1e-05, elementwise_affine=True)
  )
  (lin_in): Linear(in_features=1433, out_features=512, bias=True)
  (ln): LayerNorm((512,), eps=1e-05, elementwise_affine=True)
  (global_attn): GlobalAttn(
    (h_lins): ModuleList(
      (0): Linear(in_features=512, out_features=512, bias=True)
    )
    (k_lins): ModuleList(
      (0): Linear(in_features=512, out_features=512, bias=True)
    )
    (v_lins): ModuleList(
      (0): Linear(in_features=512, out_features=512, bias=True)
    )
    (lns): ModuleList(
      (0): LayerNorm((512,), eps=1e-05, elementwise_affine=True)
    )
    (lin_out): Linear(in_features=512, out_features=512, bias=True)
  )
  (pred_local): Linear(in_features=512, out_features=7, bias=True)
  (pred_global): Linear(in_features=512, out_features=7, bias=True)
)
train:torch.Size([140]), valid:torch.Size([500]), test:torch.Size([1000])
Pre-training MLP for 500 epochs to generate co-occurrence matrix...
Penalty transform 'shuffle': rel Frobenius dist to original = 0.1643, off-diag CV of original penalty = 0.0676
MLP pre-training complete. Penalty matrix frozen.
Epoch: 00, Loss: 4.1172, Train: 22.14%, Valid: 24.20%, Test: 23.50%, Best Valid: 24.20%, Best Test: 23.50%
Switching Polynormer to global attention phase.
Epoch: 100, Loss: 3.5682, Train: 100.00%, Valid: 81.40%, Test: 81.50%, Best Valid: 82.00%, Best Test: 82.70%
Epoch: 200, Loss: 0.0193, Train: 100.00%, Valid: 77.00%, Test: 78.80%, Best Valid: 82.60%, Best Test: 82.80%
Epoch: 300, Loss: 0.0046, Train: 100.00%, Valid: 73.40%, Test: 77.00%, Best Valid: 82.60%, Best Test: 82.80%
Epoch: 400, Loss: 0.0019, Train: 100.00%, Valid: 75.20%, Test: 78.20%, Best Valid: 82.60%, Best Test: 82.80%
Epoch: 500, Loss: 0.0513, Train: 100.00%, Valid: 76.20%, Test: 79.30%, Best Valid: 82.60%, Best Test: 82.80%
Epoch: 600, Loss: 0.0006, Train: 100.00%, Valid: 76.60%, Test: 80.60%, Best Valid: 82.60%, Best Test: 82.80%
Epoch: 700, Loss: 0.0026, Train: 100.00%, Valid: 74.80%, Test: 78.90%, Best Valid: 82.60%, Best Test: 82.80%
Epoch: 800, Loss: 0.0005, Train: 100.00%, Valid: 74.20%, Test: 76.60%, Best Valid: 82.60%, Best Test: 82.80%
Epoch: 900, Loss: 0.0032, Train: 100.00%, Valid: 72.80%, Test: 76.40%, Best Valid: 82.60%, Best Test: 82.80%
Epoch: 1000, Loss: 0.0004, Train: 100.00%, Valid: 74.40%, Test: 75.90%, Best Valid: 82.60%, Best Test: 82.80%
Run 01:
Highest Train: 100.00
Highest Valid: 82.60
Highest Test: 84.30
Chosen epoch: 105
Final Train: 100.00
Final Test: 82.80
train:torch.Size([140]), valid:torch.Size([500]), test:torch.Size([1000])
Pre-training MLP for 500 epochs to generate co-occurrence matrix...
Penalty transform 'shuffle': rel Frobenius dist to original = 0.1868, off-diag CV of original penalty = 0.0586
MLP pre-training complete. Penalty matrix frozen.
Epoch: 00, Loss: 3.7794, Train: 25.00%, Valid: 18.80%, Test: 21.10%, Best Valid: 18.80%, Best Test: 21.10%
Switching Polynormer to global attention phase.
Epoch: 100, Loss: 3.5026, Train: 14.29%, Valid: 5.80%, Test: 6.70%, Best Valid: 82.80%, Best Test: 80.50%
Epoch: 200, Loss: 0.0014, Train: 100.00%, Valid: 75.40%, Test: 74.50%, Best Valid: 82.80%, Best Test: 80.50%
Epoch: 300, Loss: 0.0001, Train: 100.00%, Valid: 76.40%, Test: 75.20%, Best Valid: 82.80%, Best Test: 80.50%
Epoch: 400, Loss: 0.0007, Train: 100.00%, Valid: 75.80%, Test: 74.90%, Best Valid: 82.80%, Best Test: 80.50%
Epoch: 500, Loss: 0.0013, Train: 100.00%, Valid: 76.20%, Test: 74.60%, Best Valid: 82.80%, Best Test: 80.50%
Epoch: 600, Loss: 0.0067, Train: 100.00%, Valid: 75.80%, Test: 73.30%, Best Valid: 82.80%, Best Test: 80.50%
Epoch: 700, Loss: 0.0012, Train: 100.00%, Valid: 76.20%, Test: 75.40%, Best Valid: 82.80%, Best Test: 80.50%
Epoch: 800, Loss: 0.0007, Train: 100.00%, Valid: 78.00%, Test: 74.90%, Best Valid: 82.80%, Best Test: 80.50%
Epoch: 900, Loss: 0.0018, Train: 100.00%, Valid: 68.00%, Test: 67.70%, Best Valid: 82.80%, Best Test: 80.50%
Epoch: 1000, Loss: 0.0047, Train: 100.00%, Valid: 73.00%, Test: 72.50%, Best Valid: 82.80%, Best Test: 80.50%
Run 02:
Highest Train: 100.00
Highest Valid: 82.80
Highest Test: 80.50
Chosen epoch: 48
Final Train: 100.00
Final Test: 80.50
train:torch.Size([140]), valid:torch.Size([500]), test:torch.Size([1000])
Pre-training MLP for 500 epochs to generate co-occurrence matrix...
Penalty transform 'shuffle': rel Frobenius dist to original = 0.1542, off-diag CV of original penalty = 0.0518
MLP pre-training complete. Penalty matrix frozen.
Epoch: 00, Loss: 4.0282, Train: 18.57%, Valid: 14.60%, Test: 16.30%, Best Valid: 14.60%, Best Test: 16.30%
Switching Polynormer to global attention phase.
Epoch: 100, Loss: 3.5033, Train: 21.43%, Valid: 18.60%, Test: 19.20%, Best Valid: 81.80%, Best Test: 78.30%
Epoch: 200, Loss: 0.0996, Train: 100.00%, Valid: 76.60%, Test: 72.30%, Best Valid: 81.80%, Best Test: 78.30%
Epoch: 300, Loss: 0.0019, Train: 100.00%, Valid: 77.60%, Test: 71.90%, Best Valid: 81.80%, Best Test: 78.30%
Epoch: 400, Loss: 0.0009, Train: 100.00%, Valid: 79.40%, Test: 75.50%, Best Valid: 81.80%, Best Test: 78.30%
Epoch: 500, Loss: 0.0008, Train: 100.00%, Valid: 79.00%, Test: 75.80%, Best Valid: 81.80%, Best Test: 78.30%
Epoch: 600, Loss: 0.0010, Train: 100.00%, Valid: 78.40%, Test: 76.10%, Best Valid: 81.80%, Best Test: 78.30%
Epoch: 700, Loss: 0.0018, Train: 100.00%, Valid: 78.20%, Test: 74.30%, Best Valid: 81.80%, Best Test: 78.30%
Epoch: 800, Loss: 0.0515, Train: 100.00%, Valid: 75.80%, Test: 71.80%, Best Valid: 81.80%, Best Test: 78.30%
Epoch: 900, Loss: 0.0121, Train: 100.00%, Valid: 75.40%, Test: 73.80%, Best Valid: 81.80%, Best Test: 78.30%
Epoch: 1000, Loss: 0.0008, Train: 100.00%, Valid: 72.00%, Test: 71.70%, Best Valid: 81.80%, Best Test: 78.30%
Run 03:
Highest Train: 100.00
Highest Valid: 81.80
Highest Test: 79.50
Chosen epoch: 35
Final Train: 100.00
Final Test: 78.30
train:torch.Size([140]), valid:torch.Size([500]), test:torch.Size([1000])
Pre-training MLP for 500 epochs to generate co-occurrence matrix...
Penalty transform 'shuffle': rel Frobenius dist to original = 0.1536, off-diag CV of original penalty = 0.0293
MLP pre-training complete. Penalty matrix frozen.
Epoch: 00, Loss: 4.1003, Train: 20.71%, Valid: 17.80%, Test: 17.30%, Best Valid: 17.80%, Best Test: 17.30%
Switching Polynormer to global attention phase.
Epoch: 100, Loss: 3.5021, Train: 20.71%, Valid: 10.60%, Test: 10.40%, Best Valid: 76.40%, Best Test: 80.00%
Epoch: 200, Loss: 0.0074, Train: 100.00%, Valid: 74.60%, Test: 76.90%, Best Valid: 77.40%, Best Test: 82.30%
Epoch: 300, Loss: 0.0004, Train: 100.00%, Valid: 74.00%, Test: 77.90%, Best Valid: 77.40%, Best Test: 82.30%
Epoch: 400, Loss: 0.0025, Train: 100.00%, Valid: 71.60%, Test: 76.00%, Best Valid: 77.40%, Best Test: 82.30%
Epoch: 500, Loss: 0.0007, Train: 100.00%, Valid: 72.80%, Test: 76.60%, Best Valid: 77.40%, Best Test: 82.30%
Epoch: 600, Loss: 0.0015, Train: 100.00%, Valid: 71.00%, Test: 75.10%, Best Valid: 77.40%, Best Test: 82.30%
Epoch: 700, Loss: 0.0005, Train: 100.00%, Valid: 71.60%, Test: 75.80%, Best Valid: 77.40%, Best Test: 82.30%
Epoch: 800, Loss: 0.0010, Train: 100.00%, Valid: 73.60%, Test: 76.20%, Best Valid: 77.40%, Best Test: 82.30%
Epoch: 900, Loss: 0.0021, Train: 100.00%, Valid: 65.00%, Test: 68.60%, Best Valid: 77.40%, Best Test: 82.30%
Epoch: 1000, Loss: 0.0007, Train: 100.00%, Valid: 72.60%, Test: 73.60%, Best Valid: 77.40%, Best Test: 82.30%
Run 04:
Highest Train: 100.00
Highest Valid: 77.40
Highest Test: 82.60
Chosen epoch: 155
Final Train: 100.00
Final Test: 82.30
train:torch.Size([140]), valid:torch.Size([500]), test:torch.Size([1000])
Pre-training MLP for 500 epochs to generate co-occurrence matrix...
Penalty transform 'shuffle': rel Frobenius dist to original = 0.1713, off-diag CV of original penalty = 0.0350
MLP pre-training complete. Penalty matrix frozen.
Epoch: 00, Loss: 4.1290, Train: 24.29%, Valid: 14.00%, Test: 11.40%, Best Valid: 14.00%, Best Test: 11.40%
Switching Polynormer to global attention phase.
Epoch: 100, Loss: 3.5026, Train: 14.29%, Valid: 16.60%, Test: 15.20%, Best Valid: 76.60%, Best Test: 75.90%
Epoch: 200, Loss: 0.0042, Train: 100.00%, Valid: 73.20%, Test: 74.30%, Best Valid: 76.60%, Best Test: 75.90%
Epoch: 300, Loss: 0.0076, Train: 100.00%, Valid: 68.20%, Test: 67.50%, Best Valid: 76.60%, Best Test: 75.90%
Epoch: 400, Loss: 0.0008, Train: 100.00%, Valid: 71.20%, Test: 72.30%, Best Valid: 76.60%, Best Test: 75.90%
Epoch: 500, Loss: 0.0007, Train: 100.00%, Valid: 71.80%, Test: 72.30%, Best Valid: 76.60%, Best Test: 75.90%
Epoch: 600, Loss: 0.0036, Train: 100.00%, Valid: 72.20%, Test: 74.20%, Best Valid: 76.60%, Best Test: 75.90%
Epoch: 700, Loss: 0.0016, Train: 100.00%, Valid: 69.60%, Test: 71.00%, Best Valid: 76.60%, Best Test: 75.90%
Epoch: 800, Loss: 0.0013, Train: 100.00%, Valid: 72.60%, Test: 73.90%, Best Valid: 76.60%, Best Test: 75.90%
Epoch: 900, Loss: 0.0006, Train: 100.00%, Valid: 73.00%, Test: 73.00%, Best Valid: 76.60%, Best Test: 75.90%
Epoch: 1000, Loss: 0.0078, Train: 100.00%, Valid: 65.00%, Test: 67.30%, Best Valid: 76.60%, Best Test: 75.90%
Run 05:
Highest Train: 100.00
Highest Valid: 76.60
Highest Test: 76.60
Chosen epoch: 71
Final Train: 100.00
Final Test: 75.90
train:torch.Size([140]), valid:torch.Size([500]), test:torch.Size([1000])
Pre-training MLP for 500 epochs to generate co-occurrence matrix...
Penalty transform 'shuffle': rel Frobenius dist to original = 0.1608, off-diag CV of original penalty = 0.0502
MLP pre-training complete. Penalty matrix frozen.
Epoch: 00, Loss: 3.8986, Train: 19.29%, Valid: 14.60%, Test: 16.30%, Best Valid: 14.60%, Best Test: 16.30%
Switching Polynormer to global attention phase.
Epoch: 100, Loss: 3.5026, Train: 14.29%, Valid: 11.60%, Test: 11.30%, Best Valid: 81.40%, Best Test: 79.30%
Epoch: 200, Loss: 0.1629, Train: 100.00%, Valid: 66.80%, Test: 67.10%, Best Valid: 81.40%, Best Test: 79.30%
Epoch: 300, Loss: 0.0007, Train: 100.00%, Valid: 74.80%, Test: 74.40%, Best Valid: 81.40%, Best Test: 79.30%
Epoch: 400, Loss: 0.0039, Train: 100.00%, Valid: 77.00%, Test: 77.40%, Best Valid: 81.40%, Best Test: 79.30%
Epoch: 500, Loss: 0.0007, Train: 100.00%, Valid: 78.60%, Test: 75.00%, Best Valid: 81.40%, Best Test: 79.30%
Epoch: 600, Loss: 0.0010, Train: 100.00%, Valid: 75.20%, Test: 72.40%, Best Valid: 81.40%, Best Test: 79.30%
Epoch: 700, Loss: 0.0006, Train: 100.00%, Valid: 74.20%, Test: 72.70%, Best Valid: 81.40%, Best Test: 79.30%
Epoch: 800, Loss: 0.0010, Train: 100.00%, Valid: 76.00%, Test: 72.80%, Best Valid: 81.40%, Best Test: 79.30%
Epoch: 900, Loss: 0.0005, Train: 100.00%, Valid: 75.40%, Test: 72.90%, Best Valid: 81.40%, Best Test: 79.30%
Epoch: 1000, Loss: 0.0009, Train: 100.00%, Valid: 78.60%, Test: 73.90%, Best Valid: 81.40%, Best Test: 79.30%
Run 06:
Highest Train: 100.00
Highest Valid: 81.40
Highest Test: 79.60
Chosen epoch: 98
Final Train: 100.00
Final Test: 79.30
train:torch.Size([140]), valid:torch.Size([500]), test:torch.Size([1000])
Pre-training MLP for 500 epochs to generate co-occurrence matrix...
Penalty transform 'shuffle': rel Frobenius dist to original = 0.1442, off-diag CV of original penalty = 0.0526
MLP pre-training complete. Penalty matrix frozen.
Epoch: 00, Loss: 3.9168, Train: 27.86%, Valid: 13.40%, Test: 18.60%, Best Valid: 13.40%, Best Test: 18.60%
Switching Polynormer to global attention phase.
Epoch: 100, Loss: 3.5026, Train: 14.29%, Valid: 15.80%, Test: 14.80%, Best Valid: 78.80%, Best Test: 81.20%
Epoch: 200, Loss: 0.0387, Train: 100.00%, Valid: 73.00%, Test: 71.80%, Best Valid: 79.40%, Best Test: 79.90%
Epoch: 300, Loss: 0.0016, Train: 100.00%, Valid: 70.40%, Test: 71.20%, Best Valid: 79.40%, Best Test: 79.90%
Epoch: 400, Loss: 0.0005, Train: 100.00%, Valid: 73.60%, Test: 72.30%, Best Valid: 79.40%, Best Test: 79.90%
Epoch: 500, Loss: 0.0251, Train: 100.00%, Valid: 75.20%, Test: 73.40%, Best Valid: 79.40%, Best Test: 79.90%
Epoch: 600, Loss: 0.0047, Train: 100.00%, Valid: 72.20%, Test: 71.60%, Best Valid: 79.40%, Best Test: 79.90%
Epoch: 700, Loss: 0.0013, Train: 100.00%, Valid: 69.40%, Test: 68.90%, Best Valid: 79.40%, Best Test: 79.90%
Epoch: 800, Loss: 0.0036, Train: 100.00%, Valid: 72.60%, Test: 74.10%, Best Valid: 79.40%, Best Test: 79.90%
Epoch: 900, Loss: 0.0013, Train: 100.00%, Valid: 72.60%, Test: 74.80%, Best Valid: 79.40%, Best Test: 79.90%
Epoch: 1000, Loss: 0.0010, Train: 100.00%, Valid: 64.60%, Test: 65.90%, Best Valid: 79.40%, Best Test: 79.90%
Run 07:
Highest Train: 100.00
Highest Valid: 79.40
Highest Test: 81.80
Chosen epoch: 151
Final Train: 100.00
Final Test: 79.90
train:torch.Size([140]), valid:torch.Size([500]), test:torch.Size([1000])
Pre-training MLP for 500 epochs to generate co-occurrence matrix...
Penalty transform 'shuffle': rel Frobenius dist to original = 0.1608, off-diag CV of original penalty = 0.0633
MLP pre-training complete. Penalty matrix frozen.
Epoch: 00, Loss: 3.9693, Train: 24.29%, Valid: 16.40%, Test: 17.40%, Best Valid: 16.40%, Best Test: 17.40%
Switching Polynormer to global attention phase.
Epoch: 100, Loss: 3.5031, Train: 14.29%, Valid: 31.60%, Test: 33.30%, Best Valid: 79.60%, Best Test: 80.00%
Epoch: 200, Loss: 0.0869, Train: 100.00%, Valid: 74.80%, Test: 76.70%, Best Valid: 79.60%, Best Test: 80.00%
Epoch: 300, Loss: 0.0006, Train: 100.00%, Valid: 72.00%, Test: 75.80%, Best Valid: 79.60%, Best Test: 80.00%
Epoch: 400, Loss: 0.0030, Train: 100.00%, Valid: 74.20%, Test: 75.90%, Best Valid: 79.60%, Best Test: 80.00%
Epoch: 500, Loss: 0.0029, Train: 100.00%, Valid: 74.80%, Test: 77.60%, Best Valid: 79.60%, Best Test: 80.00%
Epoch: 600, Loss: 0.0008, Train: 100.00%, Valid: 74.20%, Test: 75.70%, Best Valid: 79.60%, Best Test: 80.00%
Epoch: 700, Loss: 0.0008, Train: 100.00%, Valid: 74.60%, Test: 76.80%, Best Valid: 79.60%, Best Test: 80.00%
Epoch: 800, Loss: 0.0007, Train: 100.00%, Valid: 74.20%, Test: 77.80%, Best Valid: 79.60%, Best Test: 80.00%
Epoch: 900, Loss: 0.0006, Train: 100.00%, Valid: 73.20%, Test: 75.90%, Best Valid: 79.60%, Best Test: 80.00%
Epoch: 1000, Loss: 0.0007, Train: 100.00%, Valid: 69.20%, Test: 73.70%, Best Valid: 79.60%, Best Test: 80.00%
Run 08:
Highest Train: 100.00
Highest Valid: 79.60
Highest Test: 81.40
Chosen epoch: 35
Final Train: 100.00
Final Test: 80.00
train:torch.Size([140]), valid:torch.Size([500]), test:torch.Size([1000])
Pre-training MLP for 500 epochs to generate co-occurrence matrix...
Penalty transform 'shuffle': rel Frobenius dist to original = 0.1718, off-diag CV of original penalty = 0.0418
MLP pre-training complete. Penalty matrix frozen.
Epoch: 00, Loss: 3.9150, Train: 20.71%, Valid: 19.20%, Test: 16.70%, Best Valid: 19.20%, Best Test: 16.70%
Switching Polynormer to global attention phase.
Epoch: 100, Loss: 3.5026, Train: 14.29%, Valid: 7.60%, Test: 7.40%, Best Valid: 81.60%, Best Test: 81.30%
Epoch: 200, Loss: 0.0026, Train: 100.00%, Valid: 75.40%, Test: 75.90%, Best Valid: 81.60%, Best Test: 81.30%
Epoch: 300, Loss: 0.0004, Train: 100.00%, Valid: 75.60%, Test: 77.30%, Best Valid: 81.60%, Best Test: 81.30%
Epoch: 400, Loss: 0.0015, Train: 100.00%, Valid: 77.20%, Test: 77.70%, Best Valid: 81.60%, Best Test: 81.30%
Epoch: 500, Loss: 0.0655, Train: 100.00%, Valid: 75.00%, Test: 76.60%, Best Valid: 81.60%, Best Test: 81.30%
Epoch: 600, Loss: 0.0013, Train: 100.00%, Valid: 75.60%, Test: 79.40%, Best Valid: 81.60%, Best Test: 81.30%
Epoch: 700, Loss: 0.0007, Train: 100.00%, Valid: 76.20%, Test: 79.90%, Best Valid: 81.60%, Best Test: 81.30%
Epoch: 800, Loss: 0.0682, Train: 100.00%, Valid: 73.80%, Test: 75.30%, Best Valid: 81.60%, Best Test: 81.30%
Epoch: 900, Loss: 0.0007, Train: 100.00%, Valid: 75.80%, Test: 75.40%, Best Valid: 81.60%, Best Test: 81.30%
Epoch: 1000, Loss: 0.0012, Train: 100.00%, Valid: 73.80%, Test: 74.10%, Best Valid: 81.60%, Best Test: 81.30%
Run 09:
Highest Train: 100.00
Highest Valid: 81.60
Highest Test: 81.60
Chosen epoch: 71
Final Train: 100.00
Final Test: 81.30
train:torch.Size([140]), valid:torch.Size([500]), test:torch.Size([1000])
Pre-training MLP for 500 epochs to generate co-occurrence matrix...
Penalty transform 'shuffle': rel Frobenius dist to original = 0.1590, off-diag CV of original penalty = 0.0745
MLP pre-training complete. Penalty matrix frozen.
Epoch: 00, Loss: 4.1786, Train: 26.43%, Valid: 16.20%, Test: 19.40%, Best Valid: 16.20%, Best Test: 19.40%
Switching Polynormer to global attention phase.
Epoch: 100, Loss: 3.5026, Train: 14.29%, Valid: 15.20%, Test: 13.80%, Best Valid: 76.80%, Best Test: 79.70%
Epoch: 200, Loss: 0.0272, Train: 100.00%, Valid: 76.40%, Test: 79.80%, Best Valid: 76.80%, Best Test: 79.70%
Epoch: 300, Loss: 0.0003, Train: 100.00%, Valid: 75.80%, Test: 78.60%, Best Valid: 77.00%, Best Test: 79.50%
Epoch: 400, Loss: 0.0005, Train: 100.00%, Valid: 74.00%, Test: 76.60%, Best Valid: 77.00%, Best Test: 79.50%
Epoch: 500, Loss: 0.0011, Train: 100.00%, Valid: 72.80%, Test: 76.20%, Best Valid: 77.00%, Best Test: 79.50%
Epoch: 600, Loss: 0.0007, Train: 100.00%, Valid: 72.80%, Test: 75.20%, Best Valid: 77.00%, Best Test: 79.50%
Epoch: 700, Loss: 0.0005, Train: 100.00%, Valid: 76.00%, Test: 77.30%, Best Valid: 77.00%, Best Test: 79.50%
Epoch: 800, Loss: 0.0023, Train: 100.00%, Valid: 71.60%, Test: 75.20%, Best Valid: 77.00%, Best Test: 79.50%
Epoch: 900, Loss: 0.0101, Train: 100.00%, Valid: 70.80%, Test: 73.40%, Best Valid: 77.00%, Best Test: 79.50%
Epoch: 1000, Loss: 0.0004, Train: 100.00%, Valid: 67.00%, Test: 71.20%, Best Valid: 77.00%, Best Test: 79.50%
Run 10:
Highest Train: 100.00
Highest Valid: 77.00
Highest Test: 80.90
Chosen epoch: 207
Final Train: 100.00
Final Test: 79.50
All runs:
Highest Train: 100.00 ± 0.00
Highest Test: 80.88 ± 2.06
Highest Valid: 80.02 ± 2.36
  Final Train: 100.00 ± 0.00
   Final Test: 79.98 ± 1.99
Saving results to ../results/lowlabel/cora/polynormer.csv
--- mlp_reg/shuffle placebo | lambda=1.6 ---
Namespace(aggregate='add', alpha=0.5, attention='gcn', beta=-1.0, bn=False, budget_tag='20', count_reg=False, count_smoothing=1.0, cpu=False, data_dir='../data/', dataset='cora', device=0, dim_inner=64, display_step=100, dropout=0.5, epochs=500, global_dropout=None, global_epochs=1000, global_layers=1, gnn='gcn', graph_weight=0.8, hidden_channels=64, hops=10, in_dropout=0.2, jk=False, label_num_per_class=20, lambda_val=1.6, layers=1, ln=False, local_epochs=100, local_gnn_type='GCN', local_layers=5, lr=0.001, metric='acc', mlp_epochs=500, mlp_reg=True, model='polynormer', model_dir='models/lowlabel_ctrl_1214890_12', n_heads=8, num_centroids=4096, num_heads=8, oracle_reg=False, paired_seeds=True, pe_types='RWSE', penalty_transform='shuffle', pre_linear=False, pre_ln=False, rand_split=False, rand_split_class=True, reg_start_epoch=10, reg_update_freq=5, res=False, resample_split_per_run=True, result_dir='../results/lowlabel', runs=10, save_model=True, save_result=False, seed=123, test_num=1000, tr_dropout=None, tr_layers=1, tr_weight_decay=None, train_per_class=0, train_prop=0.5, use_act=False, use_bn=False, use_graph=False, use_reg=True, use_residual=False, use_weight=False, valid_num=500, valid_per_class=0, valid_prop=0.25, weight_decay=0.0005)
cora
Num nodes: 2708
train:torch.Size([140]), valid:torch.Size([500]), test:torch.Size([1000])
dataset cora | num nodes 2708 | num edge 10556 | num node feats 1433 | num classes 7
MODEL: Polynormer(
  (h_lins): ModuleList(
    (0): Linear(in_features=512, out_features=512, bias=True)
    (1): Linear(in_features=512, out_features=512, bias=True)
    (2): Linear(in_features=512, out_features=512, bias=True)
    (3): Linear(in_features=512, out_features=512, bias=True)
    (4): Linear(in_features=512, out_features=512, bias=True)
  )
  (local_convs): ModuleList(
    (0): GATConv(512, 64, heads=8)
    (1): GATConv(512, 64, heads=8)
    (2): GATConv(512, 64, heads=8)
    (3): GATConv(512, 64, heads=8)
    (4): GATConv(512, 64, heads=8)
  )
  (lins): ModuleList(
    (0): Linear(in_features=512, out_features=512, bias=True)
    (1): Linear(in_features=512, out_features=512, bias=True)
    (2): Linear(in_features=512, out_features=512, bias=True)
    (3): Linear(in_features=512, out_features=512, bias=True)
    (4): Linear(in_features=512, out_features=512, bias=True)
  )
  (lns): ModuleList(
    (0): LayerNorm((512,), eps=1e-05, elementwise_affine=True)
    (1): LayerNorm((512,), eps=1e-05, elementwise_affine=True)
    (2): LayerNorm((512,), eps=1e-05, elementwise_affine=True)
    (3): LayerNorm((512,), eps=1e-05, elementwise_affine=True)
    (4): LayerNorm((512,), eps=1e-05, elementwise_affine=True)
  )
  (lin_in): Linear(in_features=1433, out_features=512, bias=True)
  (ln): LayerNorm((512,), eps=1e-05, elementwise_affine=True)
  (global_attn): GlobalAttn(
    (h_lins): ModuleList(
      (0): Linear(in_features=512, out_features=512, bias=True)
    )
    (k_lins): ModuleList(
      (0): Linear(in_features=512, out_features=512, bias=True)
    )
    (v_lins): ModuleList(
      (0): Linear(in_features=512, out_features=512, bias=True)
    )
    (lns): ModuleList(
      (0): LayerNorm((512,), eps=1e-05, elementwise_affine=True)
    )
    (lin_out): Linear(in_features=512, out_features=512, bias=True)
  )
  (pred_local): Linear(in_features=512, out_features=7, bias=True)
  (pred_global): Linear(in_features=512, out_features=7, bias=True)
)
train:torch.Size([140]), valid:torch.Size([500]), test:torch.Size([1000])
Pre-training MLP for 500 epochs to generate co-occurrence matrix...
Penalty transform 'shuffle': rel Frobenius dist to original = 0.1643, off-diag CV of original penalty = 0.0676
MLP pre-training complete. Penalty matrix frozen.
Epoch: 00, Loss: 5.9470, Train: 20.71%, Valid: 25.20%, Test: 23.00%, Best Valid: 25.20%, Best Test: 23.00%
Switching Polynormer to global attention phase.
Epoch: 100, Loss: 5.1633, Train: 100.00%, Valid: 79.00%, Test: 80.90%, Best Valid: 81.60%, Best Test: 82.80%
Epoch: 200, Loss: 0.0005, Train: 100.00%, Valid: 74.20%, Test: 79.70%, Best Valid: 81.60%, Best Test: 82.80%
Epoch: 300, Loss: 0.0006, Train: 100.00%, Valid: 78.20%, Test: 80.90%, Best Valid: 81.60%, Best Test: 82.80%
Epoch: 400, Loss: 0.0010, Train: 100.00%, Valid: 76.60%, Test: 80.60%, Best Valid: 81.60%, Best Test: 82.80%
Epoch: 500, Loss: 0.0009, Train: 100.00%, Valid: 77.60%, Test: 80.40%, Best Valid: 81.60%, Best Test: 82.80%
Epoch: 600, Loss: 0.0009, Train: 100.00%, Valid: 78.60%, Test: 82.80%, Best Valid: 81.60%, Best Test: 82.80%
Epoch: 700, Loss: 0.0016, Train: 100.00%, Valid: 75.60%, Test: 79.70%, Best Valid: 81.60%, Best Test: 82.80%
Epoch: 800, Loss: 0.1121, Train: 100.00%, Valid: 77.20%, Test: 77.30%, Best Valid: 81.60%, Best Test: 82.80%
Epoch: 900, Loss: 0.0014, Train: 100.00%, Valid: 74.20%, Test: 79.00%, Best Valid: 81.60%, Best Test: 82.80%
Epoch: 1000, Loss: 0.0010, Train: 100.00%, Valid: 76.20%, Test: 79.10%, Best Valid: 81.60%, Best Test: 82.80%
Run 01:
Highest Train: 100.00
Highest Valid: 81.60
Highest Test: 83.40
Chosen epoch: 41
Final Train: 100.00
Final Test: 82.80
train:torch.Size([140]), valid:torch.Size([500]), test:torch.Size([1000])
Pre-training MLP for 500 epochs to generate co-occurrence matrix...
Penalty transform 'shuffle': rel Frobenius dist to original = 0.1868, off-diag CV of original penalty = 0.0586
MLP pre-training complete. Penalty matrix frozen.
Epoch: 00, Loss: 5.4591, Train: 23.57%, Valid: 17.80%, Test: 18.00%, Best Valid: 17.80%, Best Test: 18.00%
Switching Polynormer to global attention phase.
Epoch: 100, Loss: 5.0615, Train: 14.29%, Valid: 5.80%, Test: 6.70%, Best Valid: 83.60%, Best Test: 79.10%
Epoch: 200, Loss: 0.0285, Train: 100.00%, Valid: 71.00%, Test: 67.90%, Best Valid: 83.60%, Best Test: 79.10%
Epoch: 300, Loss: 0.0007, Train: 100.00%, Valid: 75.60%, Test: 73.50%, Best Valid: 83.60%, Best Test: 79.10%
Epoch: 400, Loss: 0.0032, Train: 100.00%, Valid: 77.20%, Test: 75.00%, Best Valid: 83.60%, Best Test: 79.10%
Epoch: 500, Loss: 0.0055, Train: 100.00%, Valid: 74.40%, Test: 72.70%, Best Valid: 83.60%, Best Test: 79.10%
Epoch: 600, Loss: 0.0014, Train: 100.00%, Valid: 75.60%, Test: 72.90%, Best Valid: 83.60%, Best Test: 79.10%
Epoch: 700, Loss: 0.0044, Train: 100.00%, Valid: 71.00%, Test: 67.60%, Best Valid: 83.60%, Best Test: 79.10%
Epoch: 800, Loss: 0.0111, Train: 100.00%, Valid: 73.80%, Test: 71.00%, Best Valid: 83.60%, Best Test: 79.10%
Epoch: 900, Loss: 0.0009, Train: 100.00%, Valid: 64.80%, Test: 66.50%, Best Valid: 83.60%, Best Test: 79.10%
Epoch: 1000, Loss: 0.0005, Train: 100.00%, Valid: 72.60%, Test: 72.50%, Best Valid: 83.60%, Best Test: 79.10%
Run 02:
Highest Train: 100.00
Highest Valid: 83.60
Highest Test: 80.00
Chosen epoch: 27
Final Train: 100.00
Final Test: 79.10
train:torch.Size([140]), valid:torch.Size([500]), test:torch.Size([1000])
Pre-training MLP for 500 epochs to generate co-occurrence matrix...
Penalty transform 'shuffle': rel Frobenius dist to original = 0.1542, off-diag CV of original penalty = 0.0518
MLP pre-training complete. Penalty matrix frozen.
Epoch: 00, Loss: 5.8185, Train: 20.00%, Valid: 14.40%, Test: 15.90%, Best Valid: 14.40%, Best Test: 15.90%
Switching Polynormer to global attention phase.
Epoch: 100, Loss: 5.0596, Train: 14.29%, Valid: 13.20%, Test: 12.70%, Best Valid: 81.80%, Best Test: 79.10%
Epoch: 200, Loss: 0.0001, Train: 100.00%, Valid: 74.40%, Test: 70.80%, Best Valid: 81.80%, Best Test: 79.10%
Epoch: 300, Loss: 0.0008, Train: 100.00%, Valid: 74.80%, Test: 71.90%, Best Valid: 81.80%, Best Test: 79.10%
Epoch: 400, Loss: 0.0033, Train: 100.00%, Valid: 73.80%, Test: 69.50%, Best Valid: 81.80%, Best Test: 79.10%
Epoch: 500, Loss: 0.0014, Train: 100.00%, Valid: 75.20%, Test: 72.40%, Best Valid: 81.80%, Best Test: 79.10%
Epoch: 600, Loss: 0.0043, Train: 100.00%, Valid: 74.60%, Test: 72.20%, Best Valid: 81.80%, Best Test: 79.10%
Epoch: 700, Loss: 0.0008, Train: 100.00%, Valid: 78.40%, Test: 74.80%, Best Valid: 81.80%, Best Test: 79.10%
Epoch: 800, Loss: 0.0024, Train: 100.00%, Valid: 78.00%, Test: 72.80%, Best Valid: 81.80%, Best Test: 79.10%
Epoch: 900, Loss: 0.0016, Train: 100.00%, Valid: 72.00%, Test: 71.30%, Best Valid: 81.80%, Best Test: 79.10%
Epoch: 1000, Loss: 0.0005, Train: 100.00%, Valid: 72.60%, Test: 71.10%, Best Valid: 81.80%, Best Test: 79.10%
Run 03:
Highest Train: 100.00
Highest Valid: 81.80
Highest Test: 79.20
Chosen epoch: 41
Final Train: 100.00
Final Test: 79.10
train:torch.Size([140]), valid:torch.Size([500]), test:torch.Size([1000])
Pre-training MLP for 500 epochs to generate co-occurrence matrix...
Penalty transform 'shuffle': rel Frobenius dist to original = 0.1536, off-diag CV of original penalty = 0.0293
MLP pre-training complete. Penalty matrix frozen.
Epoch: 00, Loss: 5.9226, Train: 23.57%, Valid: 16.60%, Test: 16.00%, Best Valid: 16.60%, Best Test: 16.00%
Switching Polynormer to global attention phase.
Epoch: 100, Loss: 5.0594, Train: 14.29%, Valid: 14.20%, Test: 15.90%, Best Valid: 77.00%, Best Test: 79.50%
Epoch: 200, Loss: 0.0032, Train: 100.00%, Valid: 72.40%, Test: 76.10%, Best Valid: 77.20%, Best Test: 80.70%
Epoch: 300, Loss: 0.0008, Train: 100.00%, Valid: 69.80%, Test: 73.50%, Best Valid: 77.20%, Best Test: 80.70%
Epoch: 400, Loss: 0.0009, Train: 100.00%, Valid: 72.20%, Test: 76.90%, Best Valid: 77.20%, Best Test: 80.70%
Epoch: 500, Loss: 0.0009, Train: 100.00%, Valid: 74.40%, Test: 76.60%, Best Valid: 77.20%, Best Test: 80.70%
Epoch: 600, Loss: 0.0012, Train: 100.00%, Valid: 75.60%, Test: 75.90%, Best Valid: 77.20%, Best Test: 80.70%
Epoch: 700, Loss: 0.0010, Train: 100.00%, Valid: 75.20%, Test: 76.30%, Best Valid: 77.20%, Best Test: 80.70%
Epoch: 800, Loss: 0.0009, Train: 100.00%, Valid: 74.00%, Test: 75.20%, Best Valid: 77.20%, Best Test: 80.70%
Epoch: 900, Loss: 0.0015, Train: 100.00%, Valid: 72.00%, Test: 74.00%, Best Valid: 77.20%, Best Test: 80.70%
Epoch: 1000, Loss: 0.0556, Train: 100.00%, Valid: 72.00%, Test: 76.00%, Best Valid: 77.20%, Best Test: 80.70%
Run 04:
Highest Train: 100.00
Highest Valid: 77.20
Highest Test: 80.70
Chosen epoch: 165
Final Train: 100.00
Final Test: 80.70
train:torch.Size([140]), valid:torch.Size([500]), test:torch.Size([1000])
Pre-training MLP for 500 epochs to generate co-occurrence matrix...
Penalty transform 'shuffle': rel Frobenius dist to original = 0.1713, off-diag CV of original penalty = 0.0350
MLP pre-training complete. Penalty matrix frozen.
Epoch: 00, Loss: 5.9642, Train: 23.57%, Valid: 11.00%, Test: 10.50%, Best Valid: 11.00%, Best Test: 10.50%
Switching Polynormer to global attention phase.
Epoch: 100, Loss: 5.0594, Train: 14.29%, Valid: 7.80%, Test: 7.50%, Best Valid: 78.60%, Best Test: 77.20%
Epoch: 200, Loss: 0.0046, Train: 100.00%, Valid: 70.80%, Test: 69.60%, Best Valid: 78.60%, Best Test: 77.20%
Epoch: 300, Loss: 0.0008, Train: 100.00%, Valid: 71.40%, Test: 72.40%, Best Valid: 78.60%, Best Test: 77.20%
Epoch: 400, Loss: 0.0013, Train: 100.00%, Valid: 72.60%, Test: 72.90%, Best Valid: 78.60%, Best Test: 77.20%
Epoch: 500, Loss: 0.0019, Train: 100.00%, Valid: 72.20%, Test: 72.70%, Best Valid: 78.60%, Best Test: 77.20%
Epoch: 600, Loss: 0.0016, Train: 100.00%, Valid: 73.80%, Test: 74.50%, Best Valid: 78.60%, Best Test: 77.20%
Epoch: 700, Loss: 0.0018, Train: 100.00%, Valid: 71.80%, Test: 72.80%, Best Valid: 78.60%, Best Test: 77.20%
Epoch: 800, Loss: 0.0305, Train: 100.00%, Valid: 71.40%, Test: 71.60%, Best Valid: 78.60%, Best Test: 77.20%
Epoch: 900, Loss: 0.0115, Train: 100.00%, Valid: 68.00%, Test: 68.50%, Best Valid: 78.60%, Best Test: 77.20%
Epoch: 1000, Loss: 0.0079, Train: 100.00%, Valid: 73.80%, Test: 71.90%, Best Valid: 78.60%, Best Test: 77.20%
Run 05:
Highest Train: 100.00
Highest Valid: 78.60
Highest Test: 77.90
Chosen epoch: 53
Final Train: 100.00
Final Test: 77.20
train:torch.Size([140]), valid:torch.Size([500]), test:torch.Size([1000])
Pre-training MLP for 500 epochs to generate co-occurrence matrix...
Penalty transform 'shuffle': rel Frobenius dist to original = 0.1608, off-diag CV of original penalty = 0.0502
MLP pre-training complete. Penalty matrix frozen.
Epoch: 00, Loss: 5.6314, Train: 19.29%, Valid: 15.80%, Test: 15.80%, Best Valid: 15.80%, Best Test: 15.80%
Switching Polynormer to global attention phase.
Epoch: 100, Loss: 5.0594, Train: 14.29%, Valid: 11.60%, Test: 11.30%, Best Valid: 81.00%, Best Test: 77.70%
Epoch: 200, Loss: 0.0014, Train: 100.00%, Valid: 77.60%, Test: 73.70%, Best Valid: 81.80%, Best Test: 76.80%
Epoch: 300, Loss: 0.0007, Train: 100.00%, Valid: 79.40%, Test: 77.10%, Best Valid: 81.80%, Best Test: 76.80%
Epoch: 400, Loss: 0.0017, Train: 100.00%, Valid: 80.00%, Test: 77.10%, Best Valid: 81.80%, Best Test: 76.80%
Epoch: 500, Loss: 0.0024, Train: 100.00%, Valid: 78.00%, Test: 73.30%, Best Valid: 81.80%, Best Test: 76.80%
Epoch: 600, Loss: 0.0018, Train: 100.00%, Valid: 80.40%, Test: 74.70%, Best Valid: 81.80%, Best Test: 76.80%
Epoch: 700, Loss: 0.0013, Train: 100.00%, Valid: 76.60%, Test: 72.60%, Best Valid: 81.80%, Best Test: 76.80%
Epoch: 800, Loss: 0.0007, Train: 100.00%, Valid: 80.40%, Test: 78.70%, Best Valid: 81.80%, Best Test: 76.80%
Epoch: 900, Loss: 0.0005, Train: 100.00%, Valid: 79.40%, Test: 75.90%, Best Valid: 81.80%, Best Test: 76.80%
Epoch: 1000, Loss: 0.3004, Train: 100.00%, Valid: 69.80%, Test: 69.80%, Best Valid: 81.80%, Best Test: 76.80%
Run 06:
Highest Train: 100.00
Highest Valid: 81.80
Highest Test: 79.00
Chosen epoch: 174
Final Train: 100.00
Final Test: 76.80
train:torch.Size([140]), valid:torch.Size([500]), test:torch.Size([1000])
Pre-training MLP for 500 epochs to generate co-occurrence matrix...
Penalty transform 'shuffle': rel Frobenius dist to original = 0.1442, off-diag CV of original penalty = 0.0526
MLP pre-training complete. Penalty matrix frozen.
Epoch: 00, Loss: 5.6577, Train: 27.14%, Valid: 11.80%, Test: 17.50%, Best Valid: 11.80%, Best Test: 17.50%
Switching Polynormer to global attention phase.
Epoch: 100, Loss: 5.0590, Train: 14.29%, Valid: 15.80%, Test: 14.80%, Best Valid: 79.00%, Best Test: 80.00%
Epoch: 200, Loss: 0.0309, Train: 100.00%, Valid: 72.60%, Test: 72.60%, Best Valid: 80.00%, Best Test: 81.40%
Epoch: 300, Loss: 0.0032, Train: 100.00%, Valid: 70.60%, Test: 69.80%, Best Valid: 80.00%, Best Test: 81.40%
Epoch: 400, Loss: 0.0026, Train: 100.00%, Valid: 75.80%, Test: 75.20%, Best Valid: 80.00%, Best Test: 81.40%
Epoch: 500, Loss: 0.0014, Train: 100.00%, Valid: 72.60%, Test: 71.30%, Best Valid: 80.00%, Best Test: 81.40%
Epoch: 600, Loss: 0.0019, Train: 100.00%, Valid: 67.20%, Test: 67.10%, Best Valid: 80.00%, Best Test: 81.40%
Epoch: 700, Loss: 0.0028, Train: 100.00%, Valid: 65.00%, Test: 65.60%, Best Valid: 80.00%, Best Test: 81.40%
Epoch: 800, Loss: 0.0011, Train: 100.00%, Valid: 75.40%, Test: 74.40%, Best Valid: 80.00%, Best Test: 81.40%
Epoch: 900, Loss: 0.0030, Train: 100.00%, Valid: 65.80%, Test: 68.00%, Best Valid: 80.00%, Best Test: 81.40%
Epoch: 1000, Loss: 0.0263, Train: 100.00%, Valid: 74.40%, Test: 74.00%, Best Valid: 80.00%, Best Test: 81.40%
Run 07:
Highest Train: 100.00
Highest Valid: 80.00
Highest Test: 81.60
Chosen epoch: 124
Final Train: 100.00
Final Test: 81.40
train:torch.Size([140]), valid:torch.Size([500]), test:torch.Size([1000])
Pre-training MLP for 500 epochs to generate co-occurrence matrix...
Penalty transform 'shuffle': rel Frobenius dist to original = 0.1608, off-diag CV of original penalty = 0.0633
MLP pre-training complete. Penalty matrix frozen.
Epoch: 00, Loss: 5.7335, Train: 26.43%, Valid: 16.20%, Test: 17.30%, Best Valid: 16.20%, Best Test: 17.30%
Switching Polynormer to global attention phase.
Epoch: 100, Loss: 5.0605, Train: 14.29%, Valid: 31.60%, Test: 33.30%, Best Valid: 80.80%, Best Test: 81.50%
Epoch: 200, Loss: 0.0003, Train: 100.00%, Valid: 71.80%, Test: 76.10%, Best Valid: 80.80%, Best Test: 81.50%
Epoch: 300, Loss: 0.0835, Train: 100.00%, Valid: 76.60%, Test: 78.30%, Best Valid: 80.80%, Best Test: 81.50%
Epoch: 400, Loss: 0.0034, Train: 100.00%, Valid: 77.60%, Test: 77.60%, Best Valid: 80.80%, Best Test: 81.50%
Epoch: 500, Loss: 0.0016, Train: 100.00%, Valid: 75.00%, Test: 75.60%, Best Valid: 80.80%, Best Test: 81.50%
Epoch: 600, Loss: 0.0012, Train: 100.00%, Valid: 75.00%, Test: 77.50%, Best Valid: 80.80%, Best Test: 81.50%
Epoch: 700, Loss: 0.0118, Train: 100.00%, Valid: 73.80%, Test: 76.20%, Best Valid: 80.80%, Best Test: 81.50%
Epoch: 800, Loss: 0.0018, Train: 100.00%, Valid: 70.80%, Test: 73.70%, Best Valid: 80.80%, Best Test: 81.50%
Epoch: 900, Loss: 0.0012, Train: 100.00%, Valid: 72.80%, Test: 75.10%, Best Valid: 80.80%, Best Test: 81.50%
Epoch: 1000, Loss: 0.1067, Train: 100.00%, Valid: 65.20%, Test: 69.60%, Best Valid: 80.80%, Best Test: 81.50%
Run 08:
Highest Train: 100.00
Highest Valid: 80.80
Highest Test: 81.80
Chosen epoch: 35
Final Train: 100.00
Final Test: 81.50
train:torch.Size([140]), valid:torch.Size([500]), test:torch.Size([1000])
Pre-training MLP for 500 epochs to generate co-occurrence matrix...
Penalty transform 'shuffle': rel Frobenius dist to original = 0.1718, off-diag CV of original penalty = 0.0418
MLP pre-training complete. Penalty matrix frozen.
Epoch: 00, Loss: 5.6550, Train: 21.43%, Valid: 15.80%, Test: 15.60%, Best Valid: 15.80%, Best Test: 15.60%
Switching Polynormer to global attention phase.
Epoch: 100, Loss: 5.0594, Train: 14.29%, Valid: 7.60%, Test: 7.40%, Best Valid: 80.40%, Best Test: 81.70%
Epoch: 200, Loss: 0.0217, Train: 100.00%, Valid: 77.20%, Test: 79.80%, Best Valid: 80.40%, Best Test: 81.70%
Epoch: 300, Loss: 0.0007, Train: 100.00%, Valid: 76.60%, Test: 78.30%, Best Valid: 80.40%, Best Test: 81.70%
Epoch: 400, Loss: 0.0028, Train: 100.00%, Valid: 77.00%, Test: 78.00%, Best Valid: 80.40%, Best Test: 81.70%
Epoch: 500, Loss: 0.0276, Train: 100.00%, Valid: 74.60%, Test: 75.50%, Best Valid: 80.40%, Best Test: 81.70%
Epoch: 600, Loss: 0.0010, Train: 100.00%, Valid: 75.80%, Test: 78.50%, Best Valid: 80.40%, Best Test: 81.70%
Epoch: 700, Loss: 0.0017, Train: 100.00%, Valid: 74.20%, Test: 77.30%, Best Valid: 80.40%, Best Test: 81.70%
Epoch: 800, Loss: 0.0013, Train: 100.00%, Valid: 75.00%, Test: 78.90%, Best Valid: 80.40%, Best Test: 81.70%
Epoch: 900, Loss: 0.0009, Train: 100.00%, Valid: 74.80%, Test: 78.50%, Best Valid: 80.40%, Best Test: 81.70%
Epoch: 1000, Loss: 0.0109, Train: 100.00%, Valid: 78.00%, Test: 80.20%, Best Valid: 80.40%, Best Test: 81.70%
Run 09:
Highest Train: 100.00
Highest Valid: 80.40
Highest Test: 81.80
Chosen epoch: 71
Final Train: 100.00
Final Test: 81.70
train:torch.Size([140]), valid:torch.Size([500]), test:torch.Size([1000])
Pre-training MLP for 500 epochs to generate co-occurrence matrix...
Penalty transform 'shuffle': rel Frobenius dist to original = 0.1590, off-diag CV of original penalty = 0.0745
MLP pre-training complete. Penalty matrix frozen.
Epoch: 00, Loss: 6.0357, Train: 27.14%, Valid: 16.20%, Test: 19.40%, Best Valid: 16.20%, Best Test: 19.40%
Switching Polynormer to global attention phase.
Epoch: 100, Loss: 5.0594, Train: 14.29%, Valid: 15.20%, Test: 13.80%, Best Valid: 77.40%, Best Test: 80.40%
Epoch: 200, Loss: 0.0276, Train: 100.00%, Valid: 72.80%, Test: 76.20%, Best Valid: 77.40%, Best Test: 80.40%
Epoch: 300, Loss: 0.0023, Train: 100.00%, Valid: 72.80%, Test: 76.00%, Best Valid: 77.40%, Best Test: 80.40%
Epoch: 400, Loss: 0.0021, Train: 100.00%, Valid: 74.40%, Test: 76.30%, Best Valid: 77.40%, Best Test: 80.40%
Epoch: 500, Loss: 0.0017, Train: 100.00%, Valid: 74.00%, Test: 76.50%, Best Valid: 77.40%, Best Test: 80.40%
Epoch: 600, Loss: 0.0045, Train: 100.00%, Valid: 72.00%, Test: 75.50%, Best Valid: 77.40%, Best Test: 80.40%
Epoch: 700, Loss: 0.0009, Train: 100.00%, Valid: 72.60%, Test: 76.20%, Best Valid: 77.40%, Best Test: 80.40%
Epoch: 800, Loss: 0.0011, Train: 100.00%, Valid: 72.40%, Test: 74.90%, Best Valid: 77.40%, Best Test: 80.40%
Epoch: 900, Loss: 0.0058, Train: 100.00%, Valid: 71.80%, Test: 76.00%, Best Valid: 77.40%, Best Test: 80.40%
Epoch: 1000, Loss: 0.0007, Train: 100.00%, Valid: 71.60%, Test: 75.10%, Best Valid: 77.40%, Best Test: 80.40%
Run 10:
Highest Train: 100.00
Highest Valid: 77.40
Highest Test: 81.00
Chosen epoch: 70
Final Train: 100.00
Final Test: 80.40
All runs:
Highest Train: 100.00 ± 0.00
Highest Test: 80.64 ± 1.63
Highest Valid: 80.32 ± 2.06
  Final Train: 100.00 ± 0.00
   Final Test: 80.07 ± 1.98
Saving results to ../results/lowlabel/cora/polynormer.csv
Low-label sweep completed.
Task 12 done.
