Wed Sep  2 13:39:25 2026       
+-----------------------------------------------------------------------------------------+
| NVIDIA-SMI 580.159.04             Driver Version: 580.159.04     CUDA Version: 13.0     |
+-----------------------------------------+------------------------+----------------------+
| GPU  Name                 Persistence-M | Bus-Id          Disp.A | Volatile Uncorr. ECC |
| Fan  Temp   Perf          Pwr:Usage/Cap |           Memory-Usage | GPU-Util  Compute M. |
|                                         |                        |               MIG M. |
|=========================================+========================+======================|
|   0  NVIDIA A100-SXM4-80GB          On  |   00000000:01:00.0 Off |                   On |
| N/A   39C    P0            147W /  500W |   16621MiB /  81920MiB |     N/A      Default |
|                                         |                        |              Enabled |
+-----------------------------------------+------------------------+----------------------+
|   1  NVIDIA A100-SXM4-80GB          On  |   00000000:41:00.0 Off |                   On |
| N/A   34C    P0            127W /  500W |   11531MiB /  81920MiB |     N/A      Default |
|                                         |                        |              Enabled |
+-----------------------------------------+------------------------+----------------------+
|   2  NVIDIA A100-SXM4-80GB          On  |   00000000:81:00.0 Off |                   On |
| N/A   35C    P0             53W /  500W |     249MiB /  81920MiB |     N/A      Default |
|                                         |                        |              Enabled |
+-----------------------------------------+------------------------+----------------------+
|   3  NVIDIA A100-SXM4-80GB          On  |   00000000:C1:00.0 Off |                   On |
| N/A   34C    P0            142W /  500W |   11537MiB /  81920MiB |     N/A      Default |
|                                         |                        |              Enabled |
+-----------------------------------------+------------------------+----------------------+

+-----------------------------------------------------------------------------------------+
| MIG devices:                                                                            |
+------------------+----------------------------------+-----------+-----------------------+
| GPU  GI  CI  MIG |              Shared Memory-Usage |        Vol|        Shared         |
|      ID  ID  Dev |                Shared BAR1-Usage | SM     Unc| CE ENC  DEC  OFA  JPG |
|                  |                                  |        ECC|                       |
|==================+==================================+===========+=======================|
|  2    3   0   0  |              71MiB / 19968MiB    | 28      0 |  2   0    1    0    0 |
|                  |               0MiB / 12271MiB    |           |                       |
+------------------+----------------------------------+-----------+-----------------------+

+-----------------------------------------------------------------------------------------+
| Processes:                                                                              |
|  GPU   GI   CI              PID   Type   Process name                        GPU Memory |
|        ID   ID                                                               Usage      |
|=========================================================================================|
|    0    5    0           153493      C   python                                16364MiB |
|    1    5    0           252731      C   python                                11274MiB |
|    3    5    0           249895      C   python                                11280MiB |
+-----------------------------------------------------------------------------------------+
Control cell: coauthor-cs / polynormer / budget 20 per class / homophily -> results/lowlabel
python main.py --model polynormer --dataset coauthor-cs --hidden_channels 64 --local_epochs 100 --global_epochs 1500 --lr 0.001 --runs 10 --local_layers 5 --global_layers 2 --weight_decay 5e-4 --dropout 0.3 --in_dropout 0.1 --num_heads 8 --save_model --device 0 --model_dir models/lowlabel_ctrl_1214890_77 --train_per_class 20  --budget_tag 20
==========================================================
Low-label sweep: python main.py --model polynormer --dataset coauthor-cs --hidden_channels 64 --local_epochs 100 --global_epochs 1500 --lr 0.001 --runs 10 --local_layers 5 --global_layers 2 --weight_decay 5e-4 --dropout 0.3 --in_dropout 0.1 --num_heads 8 --save_model --device 0 --model_dir models/lowlabel_ctrl_1214890_77 --train_per_class 20  --budget_tag 20
result_dir=../results/lowlabel conditions=[homophily]
==========================================================
--- mlp_reg/homophily control | lambda=0.01 ---
Namespace(aggregate='add', alpha=0.5, attention='gcn', beta=-1.0, bn=False, budget_tag='20', count_reg=False, count_smoothing=1.0, cpu=False, data_dir='../data/', dataset='coauthor-cs', device=0, dim_inner=64, display_step=100, dropout=0.3, epochs=500, global_dropout=None, global_epochs=1500, global_layers=2, gnn='gcn', graph_weight=0.8, hidden_channels=64, hops=10, in_dropout=0.1, jk=False, label_num_per_class=20, lambda_val=0.01, layers=1, ln=False, local_epochs=100, local_gnn_type='GCN', local_layers=5, lr=0.001, metric='acc', mlp_epochs=500, mlp_reg=True, model='polynormer', model_dir='models/lowlabel_ctrl_1214890_77', n_heads=8, num_centroids=4096, num_heads=8, oracle_reg=False, paired_seeds=True, pe_types='RWSE', penalty_transform='homophily', pre_linear=False, pre_ln=False, rand_split=False, rand_split_class=False, reg_start_epoch=10, reg_update_freq=5, res=False, resample_split_per_run=False, result_dir='../results/lowlabel', runs=10, save_model=True, save_result=False, seed=42, test_num=1000, tr_dropout=None, tr_layers=1, tr_weight_decay=None, train_per_class=20, train_prop=0.5, use_act=False, use_bn=False, use_graph=False, use_reg=True, use_residual=False, use_weight=False, valid_num=500, valid_per_class=0, valid_prop=0.25, weight_decay=0.0005)
coauthor-cs
dataset coauthor-cs | num nodes 18333 | num edge 163788 | num node feats 6805 | num classes 15
MODEL: Polynormer(
  (h_lins): ModuleList(
    (0): Linear(in_features=512, out_features=512, bias=True)
    (1): Linear(in_features=512, out_features=512, bias=True)
    (2): Linear(in_features=512, out_features=512, bias=True)
    (3): Linear(in_features=512, out_features=512, bias=True)
    (4): Linear(in_features=512, out_features=512, bias=True)
  )
  (local_convs): ModuleList(
    (0): GATConv(512, 64, heads=8)
    (1): GATConv(512, 64, heads=8)
    (2): GATConv(512, 64, heads=8)
    (3): GATConv(512, 64, heads=8)
    (4): GATConv(512, 64, heads=8)
  )
  (lins): ModuleList(
    (0): Linear(in_features=512, out_features=512, bias=True)
    (1): Linear(in_features=512, out_features=512, bias=True)
    (2): Linear(in_features=512, out_features=512, bias=True)
    (3): Linear(in_features=512, out_features=512, bias=True)
    (4): Linear(in_features=512, out_features=512, bias=True)
  )
  (lns): ModuleList(
    (0): LayerNorm((512,), eps=1e-05, elementwise_affine=True)
    (1): LayerNorm((512,), eps=1e-05, elementwise_affine=True)
    (2): LayerNorm((512,), eps=1e-05, elementwise_affine=True)
    (3): LayerNorm((512,), eps=1e-05, elementwise_affine=True)
    (4): LayerNorm((512,), eps=1e-05, elementwise_affine=True)
  )
  (lin_in): Linear(in_features=6805, out_features=512, bias=True)
  (ln): LayerNorm((512,), eps=1e-05, elementwise_affine=True)
  (global_attn): GlobalAttn(
    (h_lins): ModuleList(
      (0): Linear(in_features=512, out_features=512, bias=True)
      (1): Linear(in_features=512, out_features=512, bias=True)
    )
    (k_lins): ModuleList(
      (0): Linear(in_features=512, out_features=512, bias=True)
      (1): Linear(in_features=512, out_features=512, bias=True)
    )
    (v_lins): ModuleList(
      (0): Linear(in_features=512, out_features=512, bias=True)
      (1): Linear(in_features=512, out_features=512, bias=True)
    )
    (lns): ModuleList(
      (0): LayerNorm((512,), eps=1e-05, elementwise_affine=True)
      (1): LayerNorm((512,), eps=1e-05, elementwise_affine=True)
    )
    (lin_out): Linear(in_features=512, out_features=512, bias=True)
  )
  (pred_local): Linear(in_features=512, out_features=15, bias=True)
  (pred_global): Linear(in_features=512, out_features=15, bias=True)
)
Label budget: 20/class -> 300 train nodes
Pre-training MLP for 500 epochs to generate co-occurrence matrix...
Penalty transform 'homophily': rel Frobenius dist to original = 0.0449, off-diag CV of original penalty = 0.0488
MLP pre-training complete. Penalty matrix frozen.
Epoch: 00, Loss: 2.8698, Train: 14.36%, Valid: 14.10%, Test: 13.25%, Best Valid: 14.10%, Best Test: 13.25%
Switching Polynormer to global attention phase.
Epoch: 100, Loss: 2.7411, Train: 12.37%, Valid: 12.11%, Test: 10.99%, Best Valid: 91.76%, Best Test: 92.28%
Epoch: 200, Loss: 0.0070, Train: 90.39%, Valid: 89.23%, Test: 89.99%, Best Valid: 91.76%, Best Test: 92.28%
Epoch: 300, Loss: 0.0038, Train: 90.56%, Valid: 89.80%, Test: 90.70%, Best Valid: 91.76%, Best Test: 92.28%
Epoch: 400, Loss: 0.0012, Train: 91.42%, Valid: 90.56%, Test: 91.52%, Best Valid: 91.76%, Best Test: 92.28%
Epoch: 500, Loss: 0.0012, Train: 90.53%, Valid: 90.10%, Test: 90.84%, Best Valid: 91.76%, Best Test: 92.28%
Epoch: 600, Loss: 0.0009, Train: 90.38%, Valid: 88.71%, Test: 90.59%, Best Valid: 91.76%, Best Test: 92.28%
Epoch: 700, Loss: 0.1374, Train: 91.25%, Valid: 90.21%, Test: 91.36%, Best Valid: 91.76%, Best Test: 92.28%
Epoch: 800, Loss: 0.0007, Train: 91.00%, Valid: 90.23%, Test: 91.17%, Best Valid: 91.76%, Best Test: 92.28%
Epoch: 900, Loss: 0.0006, Train: 91.73%, Valid: 90.15%, Test: 91.30%, Best Valid: 91.76%, Best Test: 92.28%
Epoch: 1000, Loss: 0.0004, Train: 91.86%, Valid: 90.97%, Test: 92.04%, Best Valid: 91.76%, Best Test: 92.28%
Epoch: 1100, Loss: 0.0333, Train: 90.13%, Valid: 89.74%, Test: 90.59%, Best Valid: 91.76%, Best Test: 92.28%
Epoch: 1200, Loss: 0.0006, Train: 89.12%, Valid: 88.98%, Test: 89.83%, Best Valid: 91.76%, Best Test: 92.28%
Epoch: 1300, Loss: 0.0005, Train: 90.18%, Valid: 89.36%, Test: 91.19%, Best Valid: 91.76%, Best Test: 92.28%
Epoch: 1400, Loss: 0.0013, Train: 90.44%, Valid: 89.55%, Test: 91.00%, Best Valid: 91.76%, Best Test: 92.28%
Epoch: 1500, Loss: 0.0053, Train: 91.22%, Valid: 89.66%, Test: 91.03%, Best Valid: 91.76%, Best Test: 92.28%
Run 01:
Highest Train: 92.11
Highest Valid: 91.76
Highest Test: 92.56
Chosen epoch: 37
Final Train: 92.07
Final Test: 92.28
Label budget: 20/class -> 300 train nodes
Pre-training MLP for 500 epochs to generate co-occurrence matrix...
Penalty transform 'homophily': rel Frobenius dist to original = 0.0526, off-diag CV of original penalty = 0.0568
MLP pre-training complete. Penalty matrix frozen.
Epoch: 00, Loss: 2.8627, Train: 12.29%, Valid: 11.97%, Test: 10.96%, Best Valid: 11.97%, Best Test: 10.96%
Switching Polynormer to global attention phase.
Epoch: 100, Loss: 2.7351, Train: 7.68%, Valid: 7.26%, Test: 7.72%, Best Valid: 90.89%, Best Test: 91.71%
Epoch: 200, Loss: 0.0420, Train: 85.82%, Valid: 83.52%, Test: 84.98%, Best Valid: 90.89%, Best Test: 91.71%
Epoch: 300, Loss: 0.0037, Train: 87.21%, Valid: 86.28%, Test: 85.93%, Best Valid: 90.89%, Best Test: 91.71%
Epoch: 400, Loss: 0.0051, Train: 88.55%, Valid: 86.91%, Test: 88.00%, Best Valid: 90.89%, Best Test: 91.71%
Epoch: 500, Loss: 0.0017, Train: 89.49%, Valid: 87.51%, Test: 88.66%, Best Valid: 90.89%, Best Test: 91.71%
Epoch: 600, Loss: 0.0086, Train: 88.32%, Valid: 86.91%, Test: 87.49%, Best Valid: 90.89%, Best Test: 91.71%
Epoch: 700, Loss: 0.0065, Train: 87.76%, Valid: 86.39%, Test: 87.10%, Best Valid: 90.89%, Best Test: 91.71%
Epoch: 800, Loss: 0.0004, Train: 89.49%, Valid: 88.68%, Test: 88.63%, Best Valid: 90.89%, Best Test: 91.71%
Epoch: 900, Loss: 0.0011, Train: 89.34%, Valid: 88.00%, Test: 88.74%, Best Valid: 90.89%, Best Test: 91.71%
Epoch: 1000, Loss: 0.0083, Train: 89.41%, Valid: 88.79%, Test: 89.72%, Best Valid: 90.89%, Best Test: 91.71%
Epoch: 1100, Loss: 0.0004, Train: 90.66%, Valid: 89.80%, Test: 90.29%, Best Valid: 90.89%, Best Test: 91.71%
Epoch: 1200, Loss: 0.0012, Train: 89.56%, Valid: 88.60%, Test: 88.58%, Best Valid: 90.89%, Best Test: 91.71%
Epoch: 1300, Loss: 0.0005, Train: 89.94%, Valid: 88.73%, Test: 89.20%, Best Valid: 90.89%, Best Test: 91.71%
Epoch: 1400, Loss: 0.0006, Train: 89.09%, Valid: 86.93%, Test: 87.57%, Best Valid: 90.89%, Best Test: 91.71%
Epoch: 1500, Loss: 0.0005, Train: 88.93%, Valid: 88.22%, Test: 88.85%, Best Valid: 90.89%, Best Test: 91.71%
Run 02:
Highest Train: 92.11
Highest Valid: 90.89
Highest Test: 92.15
Chosen epoch: 44
Final Train: 92.10
Final Test: 91.71
Label budget: 20/class -> 300 train nodes
Pre-training MLP for 500 epochs to generate co-occurrence matrix...
Penalty transform 'homophily': rel Frobenius dist to original = 0.0601, off-diag CV of original penalty = 0.0630
MLP pre-training complete. Penalty matrix frozen.
Epoch: 00, Loss: 2.9248, Train: 4.15%, Valid: 4.50%, Test: 4.20%, Best Valid: 4.50%, Best Test: 4.20%
Switching Polynormer to global attention phase.
Epoch: 100, Loss: 2.7351, Train: 8.03%, Valid: 7.69%, Test: 7.61%, Best Valid: 90.94%, Best Test: 91.85%
Epoch: 200, Loss: 2.3538, Train: 9.80%, Valid: 9.38%, Test: 9.27%, Best Valid: 90.94%, Best Test: 91.85%
Epoch: 300, Loss: 0.5053, Train: 55.59%, Valid: 52.78%, Test: 52.81%, Best Valid: 90.94%, Best Test: 91.85%
Epoch: 400, Loss: 0.2081, Train: 62.66%, Valid: 60.50%, Test: 61.10%, Best Valid: 90.94%, Best Test: 91.85%
Epoch: 500, Loss: 0.0839, Train: 68.98%, Valid: 68.28%, Test: 68.32%, Best Valid: 90.94%, Best Test: 91.85%
Epoch: 600, Loss: 0.0459, Train: 72.76%, Valid: 70.92%, Test: 72.16%, Best Valid: 90.94%, Best Test: 91.85%
Epoch: 700, Loss: 0.0547, Train: 74.71%, Valid: 73.21%, Test: 75.30%, Best Valid: 90.94%, Best Test: 91.85%
Epoch: 800, Loss: 0.0894, Train: 77.08%, Valid: 75.91%, Test: 77.97%, Best Valid: 90.94%, Best Test: 91.85%
Epoch: 900, Loss: 0.0128, Train: 80.61%, Valid: 79.00%, Test: 80.94%, Best Valid: 90.94%, Best Test: 91.85%
Epoch: 1000, Loss: 0.0241, Train: 78.53%, Valid: 78.04%, Test: 79.44%, Best Valid: 90.94%, Best Test: 91.85%
Epoch: 1100, Loss: 0.0392, Train: 82.12%, Valid: 80.77%, Test: 82.96%, Best Valid: 90.94%, Best Test: 91.85%
Epoch: 1200, Loss: 0.0613, Train: 82.63%, Valid: 82.27%, Test: 84.02%, Best Valid: 90.94%, Best Test: 91.85%
Epoch: 1300, Loss: 0.0365, Train: 84.80%, Valid: 83.22%, Test: 84.95%, Best Valid: 90.94%, Best Test: 91.85%
Epoch: 1400, Loss: 0.0073, Train: 82.38%, Valid: 81.01%, Test: 82.63%, Best Valid: 90.94%, Best Test: 91.85%
Epoch: 1500, Loss: 0.0008, Train: 85.52%, Valid: 83.85%, Test: 85.55%, Best Valid: 90.94%, Best Test: 91.85%
Run 03:
Highest Train: 91.76
Highest Valid: 90.94
Highest Test: 92.23
Chosen epoch: 99
Final Train: 91.47
Final Test: 91.85
Label budget: 20/class -> 300 train nodes
Pre-training MLP for 500 epochs to generate co-occurrence matrix...
Penalty transform 'homophily': rel Frobenius dist to original = 0.0606, off-diag CV of original penalty = 0.0644
MLP pre-training complete. Penalty matrix frozen.
Epoch: 00, Loss: 2.8824, Train: 4.60%, Valid: 4.80%, Test: 5.29%, Best Valid: 4.80%, Best Test: 5.29%
Switching Polynormer to global attention phase.
Epoch: 100, Loss: 2.7351, Train: 2.55%, Valid: 2.15%, Test: 2.81%, Best Valid: 90.83%, Best Test: 91.90%
Epoch: 200, Loss: 0.2401, Train: 84.50%, Valid: 82.73%, Test: 83.97%, Best Valid: 90.83%, Best Test: 91.90%
Epoch: 300, Loss: 0.0048, Train: 85.56%, Valid: 84.10%, Test: 84.65%, Best Valid: 90.83%, Best Test: 91.90%
Epoch: 400, Loss: 0.0383, Train: 88.56%, Valid: 86.85%, Test: 87.90%, Best Valid: 90.83%, Best Test: 91.90%
Epoch: 500, Loss: 0.0114, Train: 88.90%, Valid: 87.37%, Test: 89.07%, Best Valid: 90.83%, Best Test: 91.90%
Epoch: 600, Loss: 0.0183, Train: 89.51%, Valid: 87.89%, Test: 89.26%, Best Valid: 90.83%, Best Test: 91.90%
Epoch: 700, Loss: 0.0004, Train: 89.00%, Valid: 87.59%, Test: 89.31%, Best Valid: 90.83%, Best Test: 91.90%
Epoch: 800, Loss: 0.0252, Train: 88.42%, Valid: 86.93%, Test: 88.47%, Best Valid: 90.83%, Best Test: 91.90%
Epoch: 900, Loss: 0.0005, Train: 86.59%, Valid: 85.16%, Test: 85.47%, Best Valid: 90.83%, Best Test: 91.90%
Epoch: 1000, Loss: 0.0023, Train: 88.44%, Valid: 86.61%, Test: 87.51%, Best Valid: 90.83%, Best Test: 91.90%
Epoch: 1100, Loss: 0.0008, Train: 89.09%, Valid: 88.22%, Test: 89.23%, Best Valid: 90.83%, Best Test: 91.90%
Epoch: 1200, Loss: 0.0017, Train: 87.58%, Valid: 86.50%, Test: 87.30%, Best Valid: 90.83%, Best Test: 91.90%
Epoch: 1300, Loss: 0.0192, Train: 88.70%, Valid: 87.94%, Test: 88.69%, Best Valid: 90.83%, Best Test: 91.90%
Epoch: 1400, Loss: 0.0138, Train: 86.33%, Valid: 85.22%, Test: 86.40%, Best Valid: 90.83%, Best Test: 91.90%
Epoch: 1500, Loss: 0.0018, Train: 89.02%, Valid: 88.16%, Test: 88.93%, Best Valid: 90.83%, Best Test: 91.90%
Run 04:
Highest Train: 91.97
Highest Valid: 90.83
Highest Test: 92.04
Chosen epoch: 98
Final Train: 91.84
Final Test: 91.90
Label budget: 20/class -> 300 train nodes
Pre-training MLP for 500 epochs to generate co-occurrence matrix...
Penalty transform 'homophily': rel Frobenius dist to original = 0.0515, off-diag CV of original penalty = 0.0544
MLP pre-training complete. Penalty matrix frozen.
Epoch: 00, Loss: 2.9319, Train: 5.76%, Valid: 5.21%, Test: 5.97%, Best Valid: 5.21%, Best Test: 5.97%
Switching Polynormer to global attention phase.
Epoch: 100, Loss: 2.7351, Train: 12.29%, Valid: 11.97%, Test: 10.96%, Best Valid: 90.92%, Best Test: 90.81%
Epoch: 200, Loss: 0.0834, Train: 85.84%, Valid: 84.29%, Test: 86.48%, Best Valid: 90.92%, Best Test: 90.81%
Epoch: 300, Loss: 0.0110, Train: 88.60%, Valid: 87.59%, Test: 88.41%, Best Valid: 90.92%, Best Test: 90.81%
Epoch: 400, Loss: 0.0017, Train: 88.94%, Valid: 88.79%, Test: 89.01%, Best Valid: 90.92%, Best Test: 90.81%
Epoch: 500, Loss: 0.0004, Train: 88.77%, Valid: 88.24%, Test: 89.31%, Best Valid: 90.92%, Best Test: 90.81%
Epoch: 600, Loss: 0.0195, Train: 85.49%, Valid: 84.02%, Test: 85.22%, Best Valid: 90.92%, Best Test: 90.81%
Epoch: 700, Loss: 0.0010, Train: 90.45%, Valid: 89.53%, Test: 90.35%, Best Valid: 90.92%, Best Test: 90.81%
Epoch: 800, Loss: 0.0275, Train: 87.90%, Valid: 86.80%, Test: 87.98%, Best Valid: 90.92%, Best Test: 90.81%
Epoch: 900, Loss: 0.0014, Train: 89.80%, Valid: 88.79%, Test: 90.62%, Best Valid: 90.92%, Best Test: 90.81%
Epoch: 1000, Loss: 0.0004, Train: 90.44%, Valid: 89.03%, Test: 90.40%, Best Valid: 90.92%, Best Test: 90.81%
Epoch: 1100, Loss: 0.0006, Train: 89.90%, Valid: 88.68%, Test: 90.05%, Best Valid: 90.92%, Best Test: 90.81%
Epoch: 1200, Loss: 0.0379, Train: 89.00%, Valid: 87.67%, Test: 89.45%, Best Valid: 90.92%, Best Test: 90.81%
Epoch: 1300, Loss: 0.0002, Train: 90.22%, Valid: 89.06%, Test: 90.19%, Best Valid: 90.92%, Best Test: 90.81%
Epoch: 1400, Loss: 0.0057, Train: 85.99%, Valid: 84.34%, Test: 86.31%, Best Valid: 90.92%, Best Test: 90.81%
Epoch: 1500, Loss: 0.0150, Train: 90.82%, Valid: 89.80%, Test: 91.19%, Best Valid: 90.92%, Best Test: 90.81%
Run 05:
Highest Train: 91.75
Highest Valid: 90.92
Highest Test: 91.90
Chosen epoch: 94
Final Train: 91.03
Final Test: 90.81
Label budget: 20/class -> 300 train nodes
Pre-training MLP for 500 epochs to generate co-occurrence matrix...
Penalty transform 'homophily': rel Frobenius dist to original = 0.0654, off-diag CV of original penalty = 0.0683
MLP pre-training complete. Penalty matrix frozen.
Epoch: 00, Loss: 2.9947, Train: 8.18%, Valid: 7.77%, Test: 7.80%, Best Valid: 7.77%, Best Test: 7.80%
Switching Polynormer to global attention phase.
Epoch: 100, Loss: 2.7351, Train: 4.15%, Valid: 4.50%, Test: 4.20%, Best Valid: 90.51%, Best Test: 90.89%
Epoch: 200, Loss: 0.2218, Train: 73.42%, Valid: 70.62%, Test: 73.31%, Best Valid: 90.51%, Best Test: 90.89%
Epoch: 300, Loss: 0.0296, Train: 85.38%, Valid: 83.42%, Test: 84.71%, Best Valid: 90.51%, Best Test: 90.89%
Epoch: 400, Loss: 0.0042, Train: 84.83%, Valid: 83.58%, Test: 84.38%, Best Valid: 90.51%, Best Test: 90.89%
Epoch: 500, Loss: 0.0034, Train: 83.44%, Valid: 81.42%, Test: 84.21%, Best Valid: 90.51%, Best Test: 90.89%
Epoch: 600, Loss: 0.0019, Train: 85.59%, Valid: 84.40%, Test: 86.45%, Best Valid: 90.51%, Best Test: 90.89%
Epoch: 700, Loss: 0.0006, Train: 86.88%, Valid: 85.82%, Test: 87.51%, Best Valid: 90.51%, Best Test: 90.89%
Epoch: 800, Loss: 0.0010, Train: 87.84%, Valid: 86.28%, Test: 88.00%, Best Valid: 90.51%, Best Test: 90.89%
Epoch: 900, Loss: 0.0008, Train: 88.06%, Valid: 87.15%, Test: 88.77%, Best Valid: 90.51%, Best Test: 90.89%
Epoch: 1000, Loss: 0.0052, Train: 88.01%, Valid: 87.42%, Test: 87.65%, Best Valid: 90.51%, Best Test: 90.89%
Epoch: 1100, Loss: 0.0037, Train: 89.02%, Valid: 87.18%, Test: 88.90%, Best Valid: 90.51%, Best Test: 90.89%
Epoch: 1200, Loss: 0.0007, Train: 87.12%, Valid: 85.79%, Test: 87.38%, Best Valid: 90.51%, Best Test: 90.89%
Epoch: 1300, Loss: 0.0024, Train: 88.35%, Valid: 86.20%, Test: 87.35%, Best Valid: 90.51%, Best Test: 90.89%
Epoch: 1400, Loss: 0.0070, Train: 83.99%, Valid: 82.54%, Test: 83.02%, Best Valid: 90.51%, Best Test: 90.89%
Epoch: 1500, Loss: 0.0122, Train: 87.94%, Valid: 86.06%, Test: 87.90%, Best Valid: 90.51%, Best Test: 90.89%
Run 06:
Highest Train: 91.31
Highest Valid: 90.51
Highest Test: 91.63
Chosen epoch: 89
Final Train: 91.31
Final Test: 90.89
Label budget: 20/class -> 300 train nodes
Pre-training MLP for 500 epochs to generate co-occurrence matrix...
Penalty transform 'homophily': rel Frobenius dist to original = 0.0502, off-diag CV of original penalty = 0.0536
MLP pre-training complete. Penalty matrix frozen.
Epoch: 00, Loss: 2.9876, Train: 11.01%, Valid: 11.29%, Test: 11.59%, Best Valid: 11.29%, Best Test: 11.59%
Switching Polynormer to global attention phase.
Epoch: 100, Loss: 2.7351, Train: 7.68%, Valid: 7.26%, Test: 7.72%, Best Valid: 91.24%, Best Test: 92.53%
Epoch: 200, Loss: 0.0800, Train: 81.40%, Valid: 80.22%, Test: 81.95%, Best Valid: 91.24%, Best Test: 92.53%
Epoch: 300, Loss: 0.0009, Train: 88.14%, Valid: 86.93%, Test: 88.93%, Best Valid: 91.24%, Best Test: 92.53%
Epoch: 400, Loss: 0.0008, Train: 89.97%, Valid: 89.31%, Test: 90.38%, Best Valid: 91.24%, Best Test: 92.53%
Epoch: 500, Loss: 0.0009, Train: 88.68%, Valid: 87.73%, Test: 89.72%, Best Valid: 91.24%, Best Test: 92.53%
Epoch: 600, Loss: 0.0693, Train: 88.10%, Valid: 87.07%, Test: 88.74%, Best Valid: 91.24%, Best Test: 92.53%
Epoch: 700, Loss: 0.0008, Train: 87.37%, Valid: 86.55%, Test: 87.95%, Best Valid: 91.24%, Best Test: 92.53%
Epoch: 800, Loss: 0.0006, Train: 87.98%, Valid: 86.99%, Test: 88.55%, Best Valid: 91.24%, Best Test: 92.53%
Epoch: 900, Loss: 0.0169, Train: 90.05%, Valid: 90.02%, Test: 90.92%, Best Valid: 91.24%, Best Test: 92.53%
Epoch: 1000, Loss: 0.0023, Train: 89.80%, Valid: 89.20%, Test: 90.05%, Best Valid: 91.24%, Best Test: 92.53%
Epoch: 1100, Loss: 0.0518, Train: 89.41%, Valid: 88.52%, Test: 90.24%, Best Valid: 91.24%, Best Test: 92.53%
Epoch: 1200, Loss: 0.0056, Train: 90.37%, Valid: 89.99%, Test: 91.30%, Best Valid: 91.24%, Best Test: 92.53%
Epoch: 1300, Loss: 0.0011, Train: 90.32%, Valid: 89.85%, Test: 91.22%, Best Valid: 91.24%, Best Test: 92.53%
Epoch: 1400, Loss: 0.0005, Train: 89.21%, Valid: 88.46%, Test: 90.32%, Best Valid: 91.24%, Best Test: 92.53%
Epoch: 1500, Loss: 0.0132, Train: 89.31%, Valid: 88.52%, Test: 90.40%, Best Valid: 91.24%, Best Test: 92.53%
Run 07:
Highest Train: 92.04
Highest Valid: 91.24
Highest Test: 92.72
Chosen epoch: 47
Final Train: 92.04
Final Test: 92.53
Label budget: 20/class -> 300 train nodes
Pre-training MLP for 500 epochs to generate co-occurrence matrix...
Penalty transform 'homophily': rel Frobenius dist to original = 0.0592, off-diag CV of original penalty = 0.0618
MLP pre-training complete. Penalty matrix frozen.
Epoch: 00, Loss: 2.9575, Train: 8.13%, Valid: 8.40%, Test: 8.32%, Best Valid: 8.40%, Best Test: 8.32%
Switching Polynormer to global attention phase.
Epoch: 100, Loss: 2.7351, Train: 4.15%, Valid: 4.50%, Test: 4.20%, Best Valid: 90.83%, Best Test: 91.77%
Epoch: 200, Loss: 0.2067, Train: 84.13%, Valid: 83.17%, Test: 84.05%, Best Valid: 90.83%, Best Test: 91.77%
Epoch: 300, Loss: 0.0137, Train: 89.08%, Valid: 87.94%, Test: 88.82%, Best Valid: 90.83%, Best Test: 91.77%
Epoch: 400, Loss: 0.0015, Train: 88.84%, Valid: 87.75%, Test: 88.58%, Best Valid: 90.83%, Best Test: 91.77%
Epoch: 500, Loss: 0.0016, Train: 89.75%, Valid: 88.27%, Test: 89.48%, Best Valid: 90.83%, Best Test: 91.77%
Epoch: 600, Loss: 0.0017, Train: 90.04%, Valid: 89.33%, Test: 89.69%, Best Valid: 90.83%, Best Test: 91.77%
Epoch: 700, Loss: 0.0034, Train: 89.43%, Valid: 88.93%, Test: 89.37%, Best Valid: 90.83%, Best Test: 91.77%
Epoch: 800, Loss: 0.0345, Train: 90.34%, Valid: 88.73%, Test: 89.31%, Best Valid: 90.83%, Best Test: 91.77%
Epoch: 900, Loss: 0.0008, Train: 90.07%, Valid: 88.79%, Test: 89.86%, Best Valid: 90.83%, Best Test: 91.77%
Epoch: 1000, Loss: 0.0061, Train: 86.33%, Valid: 85.62%, Test: 85.82%, Best Valid: 90.83%, Best Test: 91.77%
Epoch: 1100, Loss: 0.0194, Train: 89.79%, Valid: 88.49%, Test: 89.61%, Best Valid: 90.83%, Best Test: 91.77%
Epoch: 1200, Loss: 0.0037, Train: 88.89%, Valid: 87.64%, Test: 88.55%, Best Valid: 90.83%, Best Test: 91.77%
Epoch: 1300, Loss: 0.0013, Train: 90.10%, Valid: 88.90%, Test: 89.94%, Best Valid: 90.83%, Best Test: 91.77%
Epoch: 1400, Loss: 0.0018, Train: 89.84%, Valid: 88.95%, Test: 89.94%, Best Valid: 90.83%, Best Test: 91.77%
Epoch: 1500, Loss: 0.0065, Train: 89.68%, Valid: 88.68%, Test: 89.04%, Best Valid: 90.83%, Best Test: 91.77%
Run 08:
Highest Train: 91.92
Highest Valid: 90.83
Highest Test: 91.77
Chosen epoch: 88
Final Train: 91.83
Final Test: 91.77
Label budget: 20/class -> 300 train nodes
Pre-training MLP for 500 epochs to generate co-occurrence matrix...
Penalty transform 'homophily': rel Frobenius dist to original = 0.0518, off-diag CV of original penalty = 0.0547
MLP pre-training complete. Penalty matrix frozen.
Epoch: 00, Loss: 2.9335, Train: 7.76%, Valid: 7.31%, Test: 7.77%, Best Valid: 7.31%, Best Test: 7.77%
Switching Polynormer to global attention phase.
Epoch: 100, Loss: 2.7351, Train: 2.55%, Valid: 2.15%, Test: 2.81%, Best Valid: 90.73%, Best Test: 92.15%
Epoch: 200, Loss: 0.3423, Train: 80.49%, Valid: 79.49%, Test: 80.97%, Best Valid: 90.73%, Best Test: 92.15%
Epoch: 300, Loss: 0.0008, Train: 90.27%, Valid: 89.80%, Test: 89.72%, Best Valid: 90.78%, Best Test: 91.28%
Epoch: 400, Loss: 0.0016, Train: 90.38%, Valid: 88.95%, Test: 90.38%, Best Valid: 90.78%, Best Test: 91.28%
Epoch: 500, Loss: 0.0005, Train: 89.45%, Valid: 88.30%, Test: 89.31%, Best Valid: 90.78%, Best Test: 91.28%
Epoch: 600, Loss: 0.0010, Train: 90.42%, Valid: 89.58%, Test: 90.29%, Best Valid: 90.78%, Best Test: 91.28%
Epoch: 700, Loss: 0.0021, Train: 90.50%, Valid: 89.25%, Test: 90.19%, Best Valid: 90.78%, Best Test: 91.28%
Epoch: 800, Loss: 0.0017, Train: 89.34%, Valid: 87.86%, Test: 89.09%, Best Valid: 90.78%, Best Test: 91.28%
Epoch: 900, Loss: 0.0010, Train: 90.86%, Valid: 89.80%, Test: 91.00%, Best Valid: 90.78%, Best Test: 91.28%
Epoch: 1000, Loss: 0.0010, Train: 92.08%, Valid: 90.83%, Test: 91.44%, Best Valid: 90.89%, Best Test: 91.41%
Epoch: 1100, Loss: 0.0013, Train: 91.07%, Valid: 89.83%, Test: 91.06%, Best Valid: 90.89%, Best Test: 91.41%
Epoch: 1200, Loss: 0.0009, Train: 90.04%, Valid: 88.63%, Test: 90.57%, Best Valid: 90.89%, Best Test: 91.41%
Epoch: 1300, Loss: 0.0040, Train: 89.04%, Valid: 88.33%, Test: 89.56%, Best Valid: 90.89%, Best Test: 91.41%
Epoch: 1400, Loss: 0.0013, Train: 89.95%, Valid: 89.20%, Test: 90.84%, Best Valid: 90.89%, Best Test: 91.41%
Epoch: 1500, Loss: 0.0015, Train: 90.23%, Valid: 88.68%, Test: 89.97%, Best Valid: 90.89%, Best Test: 91.41%
Run 09:
Highest Train: 92.15
Highest Valid: 90.89
Highest Test: 92.23
Chosen epoch: 998
Final Train: 92.14
Final Test: 91.41
Label budget: 20/class -> 300 train nodes
Pre-training MLP for 500 epochs to generate co-occurrence matrix...
Penalty transform 'homophily': rel Frobenius dist to original = 0.0549, off-diag CV of original penalty = 0.0579
MLP pre-training complete. Penalty matrix frozen.
Epoch: 00, Loss: 2.9111, Train: 8.03%, Valid: 7.69%, Test: 7.61%, Best Valid: 7.69%, Best Test: 7.61%
Switching Polynormer to global attention phase.
Epoch: 100, Loss: 2.7350, Train: 7.68%, Valid: 7.26%, Test: 7.72%, Best Valid: 90.83%, Best Test: 92.31%
Epoch: 200, Loss: 0.0217, Train: 89.00%, Valid: 88.41%, Test: 89.23%, Best Valid: 90.83%, Best Test: 92.31%
Epoch: 300, Loss: 0.0130, Train: 89.91%, Valid: 89.25%, Test: 90.46%, Best Valid: 90.83%, Best Test: 92.31%
Epoch: 400, Loss: 0.0007, Train: 89.28%, Valid: 88.52%, Test: 88.79%, Best Valid: 90.83%, Best Test: 92.31%
Epoch: 500, Loss: 0.0013, Train: 90.71%, Valid: 89.39%, Test: 90.51%, Best Valid: 90.83%, Best Test: 92.31%
Epoch: 600, Loss: 0.0008, Train: 90.93%, Valid: 89.44%, Test: 90.79%, Best Valid: 90.83%, Best Test: 92.31%
Epoch: 700, Loss: 0.0008, Train: 90.77%, Valid: 89.58%, Test: 90.32%, Best Valid: 90.83%, Best Test: 92.31%
Epoch: 800, Loss: 0.0147, Train: 88.93%, Valid: 87.45%, Test: 89.04%, Best Valid: 90.83%, Best Test: 92.31%
Epoch: 900, Loss: 0.0036, Train: 87.90%, Valid: 86.99%, Test: 87.24%, Best Valid: 90.83%, Best Test: 92.31%
Epoch: 1000, Loss: 0.0021, Train: 88.32%, Valid: 87.12%, Test: 87.57%, Best Valid: 90.83%, Best Test: 92.31%
Epoch: 1100, Loss: 0.0024, Train: 89.62%, Valid: 89.33%, Test: 89.42%, Best Valid: 90.83%, Best Test: 92.31%
Epoch: 1200, Loss: 0.0026, Train: 87.77%, Valid: 86.77%, Test: 88.14%, Best Valid: 90.83%, Best Test: 92.31%
Epoch: 1300, Loss: 0.0005, Train: 90.33%, Valid: 90.62%, Test: 90.54%, Best Valid: 91.03%, Best Test: 90.70%
Epoch: 1400, Loss: 0.0117, Train: 89.31%, Valid: 88.46%, Test: 89.31%, Best Valid: 91.03%, Best Test: 90.70%
Epoch: 1500, Loss: 0.0081, Train: 90.41%, Valid: 89.28%, Test: 89.59%, Best Valid: 91.03%, Best Test: 90.70%
Run 10:
Highest Train: 91.69
Highest Valid: 91.03
Highest Test: 92.42
Chosen epoch: 1232
Final Train: 90.84
Final Test: 90.70
All runs:
Highest Train: 91.88 ± 0.26
Highest Test: 92.16 ± 0.34
Highest Valid: 90.98 ± 0.33
  Final Train: 91.67 ± 0.47
   Final Test: 91.59 ± 0.62
Saving results to ../results/lowlabel/coauthor-cs/polynormer.csv
--- mlp_reg/homophily control | lambda=0.05 ---
Namespace(aggregate='add', alpha=0.5, attention='gcn', beta=-1.0, bn=False, budget_tag='20', count_reg=False, count_smoothing=1.0, cpu=False, data_dir='../data/', dataset='coauthor-cs', device=0, dim_inner=64, display_step=100, dropout=0.3, epochs=500, global_dropout=None, global_epochs=1500, global_layers=2, gnn='gcn', graph_weight=0.8, hidden_channels=64, hops=10, in_dropout=0.1, jk=False, label_num_per_class=20, lambda_val=0.05, layers=1, ln=False, local_epochs=100, local_gnn_type='GCN', local_layers=5, lr=0.001, metric='acc', mlp_epochs=500, mlp_reg=True, model='polynormer', model_dir='models/lowlabel_ctrl_1214890_77', n_heads=8, num_centroids=4096, num_heads=8, oracle_reg=False, paired_seeds=True, pe_types='RWSE', penalty_transform='homophily', pre_linear=False, pre_ln=False, rand_split=False, rand_split_class=False, reg_start_epoch=10, reg_update_freq=5, res=False, resample_split_per_run=False, result_dir='../results/lowlabel', runs=10, save_model=True, save_result=False, seed=42, test_num=1000, tr_dropout=None, tr_layers=1, tr_weight_decay=None, train_per_class=20, train_prop=0.5, use_act=False, use_bn=False, use_graph=False, use_reg=True, use_residual=False, use_weight=False, valid_num=500, valid_per_class=0, valid_prop=0.25, weight_decay=0.0005)
coauthor-cs
dataset coauthor-cs | num nodes 18333 | num edge 163788 | num node feats 6805 | num classes 15
MODEL: Polynormer(
  (h_lins): ModuleList(
    (0): Linear(in_features=512, out_features=512, bias=True)
    (1): Linear(in_features=512, out_features=512, bias=True)
    (2): Linear(in_features=512, out_features=512, bias=True)
    (3): Linear(in_features=512, out_features=512, bias=True)
    (4): Linear(in_features=512, out_features=512, bias=True)
  )
  (local_convs): ModuleList(
    (0): GATConv(512, 64, heads=8)
    (1): GATConv(512, 64, heads=8)
    (2): GATConv(512, 64, heads=8)
    (3): GATConv(512, 64, heads=8)
    (4): GATConv(512, 64, heads=8)
  )
  (lins): ModuleList(
    (0): Linear(in_features=512, out_features=512, bias=True)
    (1): Linear(in_features=512, out_features=512, bias=True)
    (2): Linear(in_features=512, out_features=512, bias=True)
    (3): Linear(in_features=512, out_features=512, bias=True)
    (4): Linear(in_features=512, out_features=512, bias=True)
  )
  (lns): ModuleList(
    (0): LayerNorm((512,), eps=1e-05, elementwise_affine=True)
    (1): LayerNorm((512,), eps=1e-05, elementwise_affine=True)
    (2): LayerNorm((512,), eps=1e-05, elementwise_affine=True)
    (3): LayerNorm((512,), eps=1e-05, elementwise_affine=True)
    (4): LayerNorm((512,), eps=1e-05, elementwise_affine=True)
  )
  (lin_in): Linear(in_features=6805, out_features=512, bias=True)
  (ln): LayerNorm((512,), eps=1e-05, elementwise_affine=True)
  (global_attn): GlobalAttn(
    (h_lins): ModuleList(
      (0): Linear(in_features=512, out_features=512, bias=True)
      (1): Linear(in_features=512, out_features=512, bias=True)
    )
    (k_lins): ModuleList(
      (0): Linear(in_features=512, out_features=512, bias=True)
      (1): Linear(in_features=512, out_features=512, bias=True)
    )
    (v_lins): ModuleList(
      (0): Linear(in_features=512, out_features=512, bias=True)
      (1): Linear(in_features=512, out_features=512, bias=True)
    )
    (lns): ModuleList(
      (0): LayerNorm((512,), eps=1e-05, elementwise_affine=True)
      (1): LayerNorm((512,), eps=1e-05, elementwise_affine=True)
    )
    (lin_out): Linear(in_features=512, out_features=512, bias=True)
  )
  (pred_local): Linear(in_features=512, out_features=15, bias=True)
  (pred_global): Linear(in_features=512, out_features=15, bias=True)
)
Label budget: 20/class -> 300 train nodes
Pre-training MLP for 500 epochs to generate co-occurrence matrix...
Penalty transform 'homophily': rel Frobenius dist to original = 0.0449, off-diag CV of original penalty = 0.0488
MLP pre-training complete. Penalty matrix frozen.
Epoch: 00, Loss: 2.9834, Train: 14.16%, Valid: 13.86%, Test: 13.00%, Best Valid: 13.86%, Best Test: 13.00%
Switching Polynormer to global attention phase.
Epoch: 100, Loss: 2.8546, Train: 26.13%, Valid: 25.50%, Test: 25.30%, Best Valid: 91.65%, Best Test: 92.48%
Epoch: 200, Loss: 0.0008, Train: 90.97%, Valid: 89.36%, Test: 90.95%, Best Valid: 91.65%, Best Test: 92.48%
Epoch: 300, Loss: 0.0013, Train: 88.68%, Valid: 88.11%, Test: 89.45%, Best Valid: 91.65%, Best Test: 92.48%
Epoch: 400, Loss: 0.0014, Train: 89.49%, Valid: 88.71%, Test: 89.91%, Best Valid: 91.65%, Best Test: 92.48%
Epoch: 500, Loss: 0.0043, Train: 90.13%, Valid: 89.06%, Test: 91.09%, Best Valid: 91.65%, Best Test: 92.48%
Epoch: 600, Loss: 0.0182, Train: 89.23%, Valid: 87.81%, Test: 89.94%, Best Valid: 91.65%, Best Test: 92.48%
Epoch: 700, Loss: 0.0009, Train: 88.26%, Valid: 86.99%, Test: 88.77%, Best Valid: 91.65%, Best Test: 92.48%
Epoch: 800, Loss: 0.0003, Train: 91.29%, Valid: 89.39%, Test: 91.38%, Best Valid: 91.65%, Best Test: 92.48%
Epoch: 900, Loss: 0.0006, Train: 90.87%, Valid: 89.53%, Test: 91.41%, Best Valid: 91.65%, Best Test: 92.48%
Epoch: 1000, Loss: 0.0004, Train: 90.92%, Valid: 89.74%, Test: 91.77%, Best Valid: 91.65%, Best Test: 92.48%
Epoch: 1100, Loss: 0.0015, Train: 91.28%, Valid: 89.61%, Test: 91.47%, Best Valid: 91.65%, Best Test: 92.48%
Epoch: 1200, Loss: 0.0664, Train: 91.19%, Valid: 90.02%, Test: 91.09%, Best Valid: 91.65%, Best Test: 92.48%
Epoch: 1300, Loss: 0.0065, Train: 86.08%, Valid: 85.24%, Test: 87.13%, Best Valid: 91.65%, Best Test: 92.48%
Epoch: 1400, Loss: 0.0033, Train: 90.89%, Valid: 89.63%, Test: 91.28%, Best Valid: 91.65%, Best Test: 92.48%
Epoch: 1500, Loss: 0.0172, Train: 88.75%, Valid: 87.51%, Test: 89.45%, Best Valid: 91.65%, Best Test: 92.48%
Run 01:
Highest Train: 92.24
Highest Valid: 91.65
Highest Test: 92.72
Chosen epoch: 66
Final Train: 92.18
Final Test: 92.48
Label budget: 20/class -> 300 train nodes
Pre-training MLP for 500 epochs to generate co-occurrence matrix...
Penalty transform 'homophily': rel Frobenius dist to original = 0.0526, off-diag CV of original penalty = 0.0568
MLP pre-training complete. Penalty matrix frozen.
Epoch: 00, Loss: 2.9760, Train: 12.29%, Valid: 11.97%, Test: 10.96%, Best Valid: 11.97%, Best Test: 10.96%
Switching Polynormer to global attention phase.
Epoch: 100, Loss: 2.8435, Train: 7.68%, Valid: 7.26%, Test: 7.72%, Best Valid: 91.49%, Best Test: 92.37%
Epoch: 200, Loss: 0.0472, Train: 85.71%, Valid: 84.32%, Test: 85.17%, Best Valid: 91.49%, Best Test: 92.37%
Epoch: 300, Loss: 0.0458, Train: 86.64%, Valid: 85.57%, Test: 86.07%, Best Valid: 91.49%, Best Test: 92.37%
Epoch: 400, Loss: 0.0004, Train: 90.09%, Valid: 88.60%, Test: 90.05%, Best Valid: 91.49%, Best Test: 92.37%
Epoch: 500, Loss: 0.0889, Train: 84.02%, Valid: 82.95%, Test: 83.48%, Best Valid: 91.49%, Best Test: 92.37%
Epoch: 600, Loss: 0.0008, Train: 87.34%, Valid: 85.82%, Test: 87.08%, Best Valid: 91.49%, Best Test: 92.37%
Epoch: 700, Loss: 0.0012, Train: 87.63%, Valid: 85.87%, Test: 87.38%, Best Valid: 91.49%, Best Test: 92.37%
Epoch: 800, Loss: 0.0377, Train: 89.19%, Valid: 87.94%, Test: 88.71%, Best Valid: 91.49%, Best Test: 92.37%
Epoch: 900, Loss: 0.0058, Train: 89.65%, Valid: 88.93%, Test: 89.20%, Best Valid: 91.49%, Best Test: 92.37%
Epoch: 1000, Loss: 0.0266, Train: 88.98%, Valid: 87.92%, Test: 88.44%, Best Valid: 91.49%, Best Test: 92.37%
Epoch: 1100, Loss: 0.0028, Train: 90.61%, Valid: 89.20%, Test: 90.13%, Best Valid: 91.49%, Best Test: 92.37%
Epoch: 1200, Loss: 0.0014, Train: 89.59%, Valid: 88.84%, Test: 89.72%, Best Valid: 91.49%, Best Test: 92.37%
Epoch: 1300, Loss: 0.0448, Train: 86.58%, Valid: 85.22%, Test: 85.77%, Best Valid: 91.49%, Best Test: 92.37%
Epoch: 1400, Loss: 0.0203, Train: 88.04%, Valid: 86.61%, Test: 87.81%, Best Valid: 91.49%, Best Test: 92.37%
Epoch: 1500, Loss: 0.0372, Train: 84.89%, Valid: 82.73%, Test: 84.05%, Best Valid: 91.49%, Best Test: 92.37%
Run 02:
Highest Train: 92.15
Highest Valid: 91.49
Highest Test: 92.37
Chosen epoch: 44
Final Train: 92.15
Final Test: 92.37
Label budget: 20/class -> 300 train nodes
Pre-training MLP for 500 epochs to generate co-occurrence matrix...
Penalty transform 'homophily': rel Frobenius dist to original = 0.0601, off-diag CV of original penalty = 0.0630
MLP pre-training complete. Penalty matrix frozen.
Epoch: 00, Loss: 3.0406, Train: 4.15%, Valid: 4.50%, Test: 4.20%, Best Valid: 4.50%, Best Test: 4.20%
Switching Polynormer to global attention phase.
Epoch: 100, Loss: 2.8435, Train: 2.37%, Valid: 2.51%, Test: 2.07%, Best Valid: 91.11%, Best Test: 91.38%
Epoch: 200, Loss: 0.4381, Train: 76.67%, Valid: 74.39%, Test: 76.42%, Best Valid: 91.11%, Best Test: 91.38%
Epoch: 300, Loss: 0.1240, Train: 80.54%, Valid: 79.00%, Test: 81.30%, Best Valid: 91.11%, Best Test: 91.38%
Epoch: 400, Loss: 0.0202, Train: 84.23%, Valid: 83.47%, Test: 84.81%, Best Valid: 91.11%, Best Test: 91.38%
Epoch: 500, Loss: 0.0266, Train: 85.35%, Valid: 83.74%, Test: 86.23%, Best Valid: 91.11%, Best Test: 91.38%
Epoch: 600, Loss: 0.0032, Train: 85.84%, Valid: 84.04%, Test: 85.96%, Best Valid: 91.11%, Best Test: 91.38%
Epoch: 700, Loss: 0.0162, Train: 89.33%, Valid: 87.94%, Test: 89.56%, Best Valid: 91.11%, Best Test: 91.38%
Epoch: 800, Loss: 0.1455, Train: 86.99%, Valid: 85.76%, Test: 87.57%, Best Valid: 91.11%, Best Test: 91.38%
Epoch: 900, Loss: 0.0008, Train: 88.40%, Valid: 87.37%, Test: 89.45%, Best Valid: 91.11%, Best Test: 91.38%
Epoch: 1000, Loss: 0.0031, Train: 85.15%, Valid: 83.47%, Test: 86.31%, Best Valid: 91.11%, Best Test: 91.38%
Epoch: 1100, Loss: 0.0010, Train: 88.42%, Valid: 87.45%, Test: 89.23%, Best Valid: 91.11%, Best Test: 91.38%
Epoch: 1200, Loss: 0.0016, Train: 85.82%, Valid: 84.92%, Test: 86.48%, Best Valid: 91.11%, Best Test: 91.38%
Epoch: 1300, Loss: 0.0287, Train: 87.28%, Valid: 86.09%, Test: 88.09%, Best Valid: 91.11%, Best Test: 91.38%
Epoch: 1400, Loss: 0.0006, Train: 89.47%, Valid: 87.94%, Test: 90.21%, Best Valid: 91.11%, Best Test: 91.38%
Epoch: 1500, Loss: 0.0189, Train: 87.75%, Valid: 85.92%, Test: 87.92%, Best Valid: 91.11%, Best Test: 91.38%
Run 03:
Highest Train: 91.56
Highest Valid: 91.11
Highest Test: 92.48
Chosen epoch: 37
Final Train: 91.31
Final Test: 91.38
Label budget: 20/class -> 300 train nodes
Pre-training MLP for 500 epochs to generate co-occurrence matrix...
Penalty transform 'homophily': rel Frobenius dist to original = 0.0606, off-diag CV of original penalty = 0.0644
MLP pre-training complete. Penalty matrix frozen.
Epoch: 00, Loss: 2.9965, Train: 4.60%, Valid: 4.80%, Test: 5.29%, Best Valid: 4.80%, Best Test: 5.29%
Switching Polynormer to global attention phase.
Epoch: 100, Loss: 2.8439, Train: 11.11%, Valid: 10.91%, Test: 11.21%, Best Valid: 90.64%, Best Test: 91.71%
Epoch: 200, Loss: 0.0243, Train: 87.34%, Valid: 85.22%, Test: 87.08%, Best Valid: 90.64%, Best Test: 91.71%
Epoch: 300, Loss: 0.0026, Train: 88.82%, Valid: 87.75%, Test: 88.52%, Best Valid: 90.64%, Best Test: 91.71%
Epoch: 400, Loss: 0.0008, Train: 89.23%, Valid: 88.13%, Test: 89.37%, Best Valid: 90.64%, Best Test: 91.71%
Epoch: 500, Loss: 0.4218, Train: 83.93%, Valid: 82.05%, Test: 83.97%, Best Valid: 90.64%, Best Test: 91.71%
Epoch: 600, Loss: 0.0005, Train: 89.63%, Valid: 87.94%, Test: 90.27%, Best Valid: 90.64%, Best Test: 91.71%
Epoch: 700, Loss: 0.0035, Train: 88.19%, Valid: 86.31%, Test: 88.22%, Best Valid: 90.64%, Best Test: 91.71%
Epoch: 800, Loss: 0.0029, Train: 88.64%, Valid: 86.77%, Test: 88.71%, Best Valid: 90.64%, Best Test: 91.71%
Epoch: 900, Loss: 0.0005, Train: 89.15%, Valid: 87.75%, Test: 89.78%, Best Valid: 90.64%, Best Test: 91.71%
Epoch: 1000, Loss: 0.0026, Train: 89.26%, Valid: 88.19%, Test: 89.18%, Best Valid: 90.64%, Best Test: 91.71%
Epoch: 1100, Loss: 0.0030, Train: 88.94%, Valid: 86.74%, Test: 88.25%, Best Valid: 90.64%, Best Test: 91.71%
Epoch: 1200, Loss: 0.0048, Train: 86.94%, Valid: 84.81%, Test: 87.51%, Best Valid: 90.64%, Best Test: 91.71%
Epoch: 1300, Loss: 0.0074, Train: 89.74%, Valid: 87.37%, Test: 89.89%, Best Valid: 90.64%, Best Test: 91.71%
Epoch: 1400, Loss: 0.0042, Train: 89.53%, Valid: 88.16%, Test: 90.19%, Best Valid: 90.64%, Best Test: 91.71%
Epoch: 1500, Loss: 0.0149, Train: 89.95%, Valid: 88.27%, Test: 89.64%, Best Valid: 90.64%, Best Test: 91.71%
Run 04:
Highest Train: 91.83
Highest Valid: 90.64
Highest Test: 92.09
Chosen epoch: 28
Final Train: 91.83
Final Test: 91.71
Label budget: 20/class -> 300 train nodes
Pre-training MLP for 500 epochs to generate co-occurrence matrix...
Penalty transform 'homophily': rel Frobenius dist to original = 0.0515, off-diag CV of original penalty = 0.0544
MLP pre-training complete. Penalty matrix frozen.
Epoch: 00, Loss: 3.0480, Train: 4.58%, Valid: 3.82%, Test: 4.66%, Best Valid: 3.82%, Best Test: 4.66%
Switching Polynormer to global attention phase.
Epoch: 100, Loss: 2.8435, Train: 12.29%, Valid: 11.97%, Test: 10.96%, Best Valid: 90.97%, Best Test: 91.03%
Epoch: 200, Loss: 0.0368, Train: 84.77%, Valid: 83.06%, Test: 84.11%, Best Valid: 90.97%, Best Test: 91.03%
Epoch: 300, Loss: 0.0838, Train: 88.44%, Valid: 87.75%, Test: 88.30%, Best Valid: 90.97%, Best Test: 91.03%
Epoch: 400, Loss: 0.0008, Train: 89.80%, Valid: 88.30%, Test: 89.72%, Best Valid: 90.97%, Best Test: 91.03%
Epoch: 500, Loss: 0.0155, Train: 87.83%, Valid: 86.12%, Test: 87.62%, Best Valid: 90.97%, Best Test: 91.03%
Epoch: 600, Loss: 0.0021, Train: 88.21%, Valid: 85.87%, Test: 88.09%, Best Valid: 90.97%, Best Test: 91.03%
Epoch: 700, Loss: 0.0005, Train: 87.85%, Valid: 85.92%, Test: 87.49%, Best Valid: 90.97%, Best Test: 91.03%
Epoch: 800, Loss: 0.0040, Train: 88.08%, Valid: 86.28%, Test: 87.54%, Best Valid: 90.97%, Best Test: 91.03%
Epoch: 900, Loss: 0.0007, Train: 89.86%, Valid: 88.79%, Test: 90.21%, Best Valid: 90.97%, Best Test: 91.03%
Epoch: 1000, Loss: 0.0036, Train: 87.82%, Valid: 86.39%, Test: 87.73%, Best Valid: 90.97%, Best Test: 91.03%
Epoch: 1100, Loss: 0.0093, Train: 88.45%, Valid: 87.48%, Test: 88.71%, Best Valid: 90.97%, Best Test: 91.03%
Epoch: 1200, Loss: 0.0017, Train: 87.74%, Valid: 86.31%, Test: 87.62%, Best Valid: 90.97%, Best Test: 91.03%
Epoch: 1300, Loss: 0.0004, Train: 90.10%, Valid: 89.12%, Test: 90.32%, Best Valid: 90.97%, Best Test: 91.03%
Epoch: 1400, Loss: 0.0071, Train: 89.66%, Valid: 88.52%, Test: 89.64%, Best Valid: 90.97%, Best Test: 91.03%
Epoch: 1500, Loss: 0.0047, Train: 89.74%, Valid: 88.65%, Test: 89.72%, Best Valid: 90.97%, Best Test: 91.03%
Run 05:
Highest Train: 91.26
Highest Valid: 90.97
Highest Test: 91.19
Chosen epoch: 74
Final Train: 91.15
Final Test: 91.03
Label budget: 20/class -> 300 train nodes
Pre-training MLP for 500 epochs to generate co-occurrence matrix...
Penalty transform 'homophily': rel Frobenius dist to original = 0.0654, off-diag CV of original penalty = 0.0683
MLP pre-training complete. Penalty matrix frozen.
Epoch: 00, Loss: 3.1133, Train: 8.25%, Valid: 7.83%, Test: 7.85%, Best Valid: 7.83%, Best Test: 7.85%
Switching Polynormer to global attention phase.
Epoch: 100, Loss: 2.8435, Train: 4.15%, Valid: 4.50%, Test: 4.20%, Best Valid: 90.86%, Best Test: 91.49%
Epoch: 200, Loss: 0.1806, Train: 80.24%, Valid: 79.16%, Test: 81.19%, Best Valid: 90.86%, Best Test: 91.49%
Epoch: 300, Loss: 0.0019, Train: 87.41%, Valid: 86.03%, Test: 87.16%, Best Valid: 90.86%, Best Test: 91.49%
Epoch: 400, Loss: 0.0030, Train: 86.95%, Valid: 85.19%, Test: 86.37%, Best Valid: 90.86%, Best Test: 91.49%
Epoch: 500, Loss: 0.0255, Train: 88.42%, Valid: 86.31%, Test: 88.11%, Best Valid: 90.86%, Best Test: 91.49%
Epoch: 600, Loss: 0.0024, Train: 85.91%, Valid: 84.97%, Test: 85.36%, Best Valid: 90.86%, Best Test: 91.49%
Epoch: 700, Loss: 0.0034, Train: 86.24%, Valid: 85.05%, Test: 85.66%, Best Valid: 90.86%, Best Test: 91.49%
Epoch: 800, Loss: 0.0430, Train: 87.30%, Valid: 85.82%, Test: 86.94%, Best Valid: 90.86%, Best Test: 91.49%
Epoch: 900, Loss: 0.0027, Train: 87.44%, Valid: 86.36%, Test: 87.73%, Best Valid: 90.86%, Best Test: 91.49%
Epoch: 1000, Loss: 0.0007, Train: 88.84%, Valid: 87.78%, Test: 88.69%, Best Valid: 90.86%, Best Test: 91.49%
Epoch: 1100, Loss: 0.0007, Train: 88.92%, Valid: 87.75%, Test: 89.18%, Best Valid: 90.86%, Best Test: 91.49%
Epoch: 1200, Loss: 0.0057, Train: 87.22%, Valid: 85.68%, Test: 86.42%, Best Valid: 90.86%, Best Test: 91.49%
Epoch: 1300, Loss: 0.0130, Train: 89.84%, Valid: 88.41%, Test: 89.67%, Best Valid: 90.86%, Best Test: 91.49%
Epoch: 1400, Loss: 0.0023, Train: 82.26%, Valid: 80.93%, Test: 81.84%, Best Valid: 90.86%, Best Test: 91.49%
Epoch: 1500, Loss: 0.0108, Train: 89.55%, Valid: 88.63%, Test: 89.23%, Best Valid: 90.86%, Best Test: 91.49%
Run 06:
Highest Train: 91.42
Highest Valid: 90.86
Highest Test: 91.63
Chosen epoch: 94
Final Train: 91.42
Final Test: 91.49
Label budget: 20/class -> 300 train nodes
Pre-training MLP for 500 epochs to generate co-occurrence matrix...
Penalty transform 'homophily': rel Frobenius dist to original = 0.0502, off-diag CV of original penalty = 0.0536
MLP pre-training complete. Penalty matrix frozen.
Epoch: 00, Loss: 3.1059, Train: 11.01%, Valid: 11.29%, Test: 11.59%, Best Valid: 11.29%, Best Test: 11.59%
Switching Polynormer to global attention phase.
Epoch: 100, Loss: 2.8435, Train: 2.45%, Valid: 1.91%, Test: 2.18%, Best Valid: 90.92%, Best Test: 92.23%
Epoch: 200, Loss: 0.0095, Train: 90.24%, Valid: 89.69%, Test: 90.92%, Best Valid: 90.92%, Best Test: 92.23%
Epoch: 300, Loss: 0.0018, Train: 88.58%, Valid: 87.73%, Test: 89.56%, Best Valid: 90.92%, Best Test: 92.23%
Epoch: 400, Loss: 0.0318, Train: 85.59%, Valid: 84.18%, Test: 86.48%, Best Valid: 90.92%, Best Test: 92.23%
Epoch: 500, Loss: 0.0010, Train: 89.29%, Valid: 88.43%, Test: 89.04%, Best Valid: 90.92%, Best Test: 92.23%
Epoch: 600, Loss: 0.0043, Train: 88.89%, Valid: 87.29%, Test: 89.01%, Best Valid: 90.92%, Best Test: 92.23%
Epoch: 700, Loss: 0.0027, Train: 86.39%, Valid: 84.86%, Test: 86.01%, Best Valid: 90.92%, Best Test: 92.23%
Epoch: 800, Loss: 0.0005, Train: 90.46%, Valid: 89.53%, Test: 91.55%, Best Valid: 90.92%, Best Test: 92.23%
Epoch: 900, Loss: 0.0006, Train: 91.04%, Valid: 89.66%, Test: 91.44%, Best Valid: 90.92%, Best Test: 92.23%
Epoch: 1000, Loss: 0.0024, Train: 89.11%, Valid: 87.75%, Test: 89.26%, Best Valid: 90.92%, Best Test: 92.23%
Epoch: 1100, Loss: 0.0008, Train: 86.18%, Valid: 84.53%, Test: 85.96%, Best Valid: 91.00%, Best Test: 91.82%
Epoch: 1200, Loss: 0.0026, Train: 91.04%, Valid: 90.02%, Test: 91.47%, Best Valid: 91.00%, Best Test: 91.82%
Epoch: 1300, Loss: 0.0011, Train: 89.17%, Valid: 87.15%, Test: 88.69%, Best Valid: 91.00%, Best Test: 91.82%
Epoch: 1400, Loss: 0.0193, Train: 90.89%, Valid: 90.13%, Test: 90.92%, Best Valid: 91.05%, Best Test: 91.88%
Epoch: 1500, Loss: 0.0007, Train: 90.57%, Valid: 89.74%, Test: 91.17%, Best Valid: 91.05%, Best Test: 91.88%
Run 07:
Highest Train: 92.14
Highest Valid: 91.05
Highest Test: 92.26
Chosen epoch: 1391
Final Train: 91.95
Final Test: 91.88
Label budget: 20/class -> 300 train nodes
Pre-training MLP for 500 epochs to generate co-occurrence matrix...
Penalty transform 'homophily': rel Frobenius dist to original = 0.0592, off-diag CV of original penalty = 0.0618
MLP pre-training complete. Penalty matrix frozen.
Epoch: 00, Loss: 3.0746, Train: 5.53%, Valid: 5.21%, Test: 5.34%, Best Valid: 5.21%, Best Test: 5.34%
Switching Polynormer to global attention phase.
Epoch: 100, Loss: 2.8435, Train: 4.15%, Valid: 4.50%, Test: 4.20%, Best Valid: 91.38%, Best Test: 92.34%
Epoch: 200, Loss: 2.5644, Train: 2.02%, Valid: 2.10%, Test: 2.07%, Best Valid: 91.38%, Best Test: 92.34%
Epoch: 300, Loss: 0.9310, Train: 42.49%, Valid: 40.86%, Test: 41.58%, Best Valid: 91.38%, Best Test: 92.34%
Epoch: 400, Loss: 0.3203, Train: 61.60%, Valid: 60.53%, Test: 62.08%, Best Valid: 91.38%, Best Test: 92.34%
Epoch: 500, Loss: 0.2883, Train: 68.22%, Valid: 66.56%, Test: 67.91%, Best Valid: 91.38%, Best Test: 92.34%
Epoch: 600, Loss: 0.0729, Train: 75.76%, Valid: 74.63%, Test: 76.01%, Best Valid: 91.38%, Best Test: 92.34%
Epoch: 700, Loss: 0.3173, Train: 75.70%, Valid: 73.98%, Test: 75.55%, Best Valid: 91.38%, Best Test: 92.34%
Epoch: 800, Loss: 0.0236, Train: 77.65%, Valid: 75.94%, Test: 78.71%, Best Valid: 91.38%, Best Test: 92.34%
Epoch: 900, Loss: 0.0687, Train: 80.69%, Valid: 78.56%, Test: 81.03%, Best Valid: 91.38%, Best Test: 92.34%
Epoch: 1000, Loss: 0.0150, Train: 80.01%, Valid: 77.99%, Test: 80.43%, Best Valid: 91.38%, Best Test: 92.34%
Epoch: 1100, Loss: 0.0100, Train: 81.41%, Valid: 79.87%, Test: 81.19%, Best Valid: 91.38%, Best Test: 92.34%
Epoch: 1200, Loss: 0.0151, Train: 82.61%, Valid: 80.99%, Test: 82.58%, Best Valid: 91.38%, Best Test: 92.34%
Epoch: 1300, Loss: 0.1179, Train: 83.03%, Valid: 81.12%, Test: 83.12%, Best Valid: 91.38%, Best Test: 92.34%
Epoch: 1400, Loss: 0.0135, Train: 82.83%, Valid: 81.23%, Test: 82.77%, Best Valid: 91.38%, Best Test: 92.34%
Epoch: 1500, Loss: 0.0563, Train: 81.08%, Valid: 79.65%, Test: 81.73%, Best Valid: 91.38%, Best Test: 92.34%
Run 08:
Highest Train: 92.29
Highest Valid: 91.38
Highest Test: 92.67
Chosen epoch: 86
Final Train: 92.29
Final Test: 92.34
Label budget: 20/class -> 300 train nodes
Pre-training MLP for 500 epochs to generate co-occurrence matrix...
Penalty transform 'homophily': rel Frobenius dist to original = 0.0518, off-diag CV of original penalty = 0.0547
MLP pre-training complete. Penalty matrix frozen.
Epoch: 00, Loss: 3.0497, Train: 7.75%, Valid: 7.39%, Test: 7.77%, Best Valid: 7.39%, Best Test: 7.77%
Switching Polynormer to global attention phase.
Epoch: 100, Loss: 2.8435, Train: 2.55%, Valid: 2.15%, Test: 2.81%, Best Valid: 91.11%, Best Test: 91.90%
Epoch: 200, Loss: 0.1138, Train: 85.68%, Valid: 83.52%, Test: 85.14%, Best Valid: 91.11%, Best Test: 91.90%
Epoch: 300, Loss: 0.0019, Train: 89.63%, Valid: 88.38%, Test: 90.35%, Best Valid: 91.11%, Best Test: 91.90%
Epoch: 400, Loss: 0.0333, Train: 89.50%, Valid: 88.60%, Test: 89.67%, Best Valid: 91.11%, Best Test: 91.90%
Epoch: 500, Loss: 0.0058, Train: 89.88%, Valid: 88.87%, Test: 89.50%, Best Valid: 91.11%, Best Test: 91.90%
Epoch: 600, Loss: 0.0822, Train: 89.77%, Valid: 88.27%, Test: 90.19%, Best Valid: 91.11%, Best Test: 91.90%
Epoch: 700, Loss: 0.0070, Train: 89.46%, Valid: 87.64%, Test: 89.31%, Best Valid: 91.11%, Best Test: 91.90%
Epoch: 800, Loss: 0.0017, Train: 90.49%, Valid: 89.28%, Test: 91.03%, Best Valid: 91.11%, Best Test: 91.90%
Epoch: 900, Loss: 0.0050, Train: 89.57%, Valid: 88.79%, Test: 90.16%, Best Valid: 91.11%, Best Test: 91.90%
Epoch: 1000, Loss: 0.0103, Train: 85.62%, Valid: 84.34%, Test: 85.82%, Best Valid: 91.11%, Best Test: 91.90%
Epoch: 1100, Loss: 0.0020, Train: 90.33%, Valid: 89.47%, Test: 90.32%, Best Valid: 91.11%, Best Test: 91.90%
Epoch: 1200, Loss: 0.0008, Train: 88.44%, Valid: 87.40%, Test: 89.15%, Best Valid: 91.11%, Best Test: 91.90%
Epoch: 1300, Loss: 0.0007, Train: 89.48%, Valid: 88.82%, Test: 89.39%, Best Valid: 91.11%, Best Test: 91.90%
Epoch: 1400, Loss: 0.0006, Train: 89.80%, Valid: 88.19%, Test: 89.07%, Best Valid: 91.11%, Best Test: 91.90%
Epoch: 1500, Loss: 0.0028, Train: 90.43%, Valid: 89.42%, Test: 90.87%, Best Valid: 91.11%, Best Test: 91.90%
Run 09:
Highest Train: 91.76
Highest Valid: 91.11
Highest Test: 92.07
Chosen epoch: 57
Final Train: 91.33
Final Test: 91.90
Label budget: 20/class -> 300 train nodes
Pre-training MLP for 500 epochs to generate co-occurrence matrix...
Penalty transform 'homophily': rel Frobenius dist to original = 0.0549, off-diag CV of original penalty = 0.0579
MLP pre-training complete. Penalty matrix frozen.
Epoch: 00, Loss: 3.0263, Train: 8.03%, Valid: 7.69%, Test: 7.61%, Best Valid: 7.69%, Best Test: 7.61%
Switching Polynormer to global attention phase.
Epoch: 100, Loss: 2.8435, Train: 8.03%, Valid: 7.69%, Test: 7.61%, Best Valid: 90.83%, Best Test: 92.01%
Epoch: 200, Loss: 0.0381, Train: 84.39%, Valid: 83.66%, Test: 84.19%, Best Valid: 90.83%, Best Test: 92.01%
Epoch: 300, Loss: 0.0005, Train: 88.74%, Valid: 87.83%, Test: 89.50%, Best Valid: 90.83%, Best Test: 92.01%
Epoch: 400, Loss: 0.0009, Train: 88.33%, Valid: 87.48%, Test: 89.09%, Best Valid: 90.83%, Best Test: 92.01%
Epoch: 500, Loss: 0.0260, Train: 88.88%, Valid: 87.59%, Test: 88.71%, Best Valid: 90.83%, Best Test: 92.01%
Epoch: 600, Loss: 0.0008, Train: 87.82%, Valid: 86.22%, Test: 88.09%, Best Valid: 90.83%, Best Test: 92.01%
Epoch: 700, Loss: 0.0038, Train: 88.11%, Valid: 86.74%, Test: 88.39%, Best Valid: 90.83%, Best Test: 92.01%
Epoch: 800, Loss: 0.0012, Train: 90.34%, Valid: 89.06%, Test: 90.32%, Best Valid: 90.83%, Best Test: 92.01%
Epoch: 900, Loss: 0.0005, Train: 89.53%, Valid: 88.68%, Test: 90.32%, Best Valid: 90.83%, Best Test: 92.01%
Epoch: 1000, Loss: 0.0172, Train: 90.48%, Valid: 89.61%, Test: 90.57%, Best Valid: 90.83%, Best Test: 92.01%
Epoch: 1100, Loss: 0.0381, Train: 90.39%, Valid: 89.14%, Test: 90.16%, Best Valid: 90.83%, Best Test: 92.01%
Epoch: 1200, Loss: 0.0004, Train: 88.81%, Valid: 87.89%, Test: 89.12%, Best Valid: 90.83%, Best Test: 92.01%
Epoch: 1300, Loss: 0.0682, Train: 89.70%, Valid: 89.23%, Test: 90.49%, Best Valid: 90.83%, Best Test: 92.01%
Epoch: 1400, Loss: 0.0005, Train: 91.49%, Valid: 90.23%, Test: 91.71%, Best Valid: 90.83%, Best Test: 92.01%
Epoch: 1500, Loss: 0.0004, Train: 90.90%, Valid: 89.77%, Test: 90.79%, Best Valid: 90.83%, Best Test: 92.01%
Run 10:
Highest Train: 91.78
Highest Valid: 90.83
Highest Test: 92.26
Chosen epoch: 76
Final Train: 91.44
Final Test: 92.01
All runs:
Highest Train: 91.84 ± 0.36
Highest Test: 92.17 ± 0.47
Highest Valid: 91.11 ± 0.31
  Final Train: 91.70 ± 0.42
   Final Test: 91.86 ± 0.47
Saving results to ../results/lowlabel/coauthor-cs/polynormer.csv
--- mlp_reg/homophily control | lambda=0.1 ---
Namespace(aggregate='add', alpha=0.5, attention='gcn', beta=-1.0, bn=False, budget_tag='20', count_reg=False, count_smoothing=1.0, cpu=False, data_dir='../data/', dataset='coauthor-cs', device=0, dim_inner=64, display_step=100, dropout=0.3, epochs=500, global_dropout=None, global_epochs=1500, global_layers=2, gnn='gcn', graph_weight=0.8, hidden_channels=64, hops=10, in_dropout=0.1, jk=False, label_num_per_class=20, lambda_val=0.1, layers=1, ln=False, local_epochs=100, local_gnn_type='GCN', local_layers=5, lr=0.001, metric='acc', mlp_epochs=500, mlp_reg=True, model='polynormer', model_dir='models/lowlabel_ctrl_1214890_77', n_heads=8, num_centroids=4096, num_heads=8, oracle_reg=False, paired_seeds=True, pe_types='RWSE', penalty_transform='homophily', pre_linear=False, pre_ln=False, rand_split=False, rand_split_class=False, reg_start_epoch=10, reg_update_freq=5, res=False, resample_split_per_run=False, result_dir='../results/lowlabel', runs=10, save_model=True, save_result=False, seed=42, test_num=1000, tr_dropout=None, tr_layers=1, tr_weight_decay=None, train_per_class=20, train_prop=0.5, use_act=False, use_bn=False, use_graph=False, use_reg=True, use_residual=False, use_weight=False, valid_num=500, valid_per_class=0, valid_prop=0.25, weight_decay=0.0005)
coauthor-cs
dataset coauthor-cs | num nodes 18333 | num edge 163788 | num node feats 6805 | num classes 15
MODEL: Polynormer(
  (h_lins): ModuleList(
    (0): Linear(in_features=512, out_features=512, bias=True)
    (1): Linear(in_features=512, out_features=512, bias=True)
    (2): Linear(in_features=512, out_features=512, bias=True)
    (3): Linear(in_features=512, out_features=512, bias=True)
    (4): Linear(in_features=512, out_features=512, bias=True)
  )
  (local_convs): ModuleList(
    (0): GATConv(512, 64, heads=8)
    (1): GATConv(512, 64, heads=8)
    (2): GATConv(512, 64, heads=8)
    (3): GATConv(512, 64, heads=8)
    (4): GATConv(512, 64, heads=8)
  )
  (lins): ModuleList(
    (0): Linear(in_features=512, out_features=512, bias=True)
    (1): Linear(in_features=512, out_features=512, bias=True)
    (2): Linear(in_features=512, out_features=512, bias=True)
    (3): Linear(in_features=512, out_features=512, bias=True)
    (4): Linear(in_features=512, out_features=512, bias=True)
  )
  (lns): ModuleList(
    (0): LayerNorm((512,), eps=1e-05, elementwise_affine=True)
    (1): LayerNorm((512,), eps=1e-05, elementwise_affine=True)
    (2): LayerNorm((512,), eps=1e-05, elementwise_affine=True)
    (3): LayerNorm((512,), eps=1e-05, elementwise_affine=True)
    (4): LayerNorm((512,), eps=1e-05, elementwise_affine=True)
  )
  (lin_in): Linear(in_features=6805, out_features=512, bias=True)
  (ln): LayerNorm((512,), eps=1e-05, elementwise_affine=True)
  (global_attn): GlobalAttn(
    (h_lins): ModuleList(
      (0): Linear(in_features=512, out_features=512, bias=True)
      (1): Linear(in_features=512, out_features=512, bias=True)
    )
    (k_lins): ModuleList(
      (0): Linear(in_features=512, out_features=512, bias=True)
      (1): Linear(in_features=512, out_features=512, bias=True)
    )
    (v_lins): ModuleList(
      (0): Linear(in_features=512, out_features=512, bias=True)
      (1): Linear(in_features=512, out_features=512, bias=True)
    )
    (lns): ModuleList(
      (0): LayerNorm((512,), eps=1e-05, elementwise_affine=True)
      (1): LayerNorm((512,), eps=1e-05, elementwise_affine=True)
    )
    (lin_out): Linear(in_features=512, out_features=512, bias=True)
  )
  (pred_local): Linear(in_features=512, out_features=15, bias=True)
  (pred_global): Linear(in_features=512, out_features=15, bias=True)
)
Label budget: 20/class -> 300 train nodes
Pre-training MLP for 500 epochs to generate co-occurrence matrix...
Penalty transform 'homophily': rel Frobenius dist to original = 0.0449, off-diag CV of original penalty = 0.0488
MLP pre-training complete. Penalty matrix frozen.
Epoch: 00, Loss: 3.1255, Train: 15.45%, Valid: 14.81%, Test: 14.12%, Best Valid: 14.81%, Best Test: 14.12%
Switching Polynormer to global attention phase.
Epoch: 100, Loss: 2.9880, Train: 24.02%, Valid: 23.68%, Test: 24.86%, Best Valid: 91.95%, Best Test: 92.56%
Epoch: 200, Loss: 0.0006, Train: 90.36%, Valid: 89.55%, Test: 91.28%, Best Valid: 91.95%, Best Test: 92.56%
Epoch: 300, Loss: 0.0006, Train: 90.83%, Valid: 90.10%, Test: 91.71%, Best Valid: 91.95%, Best Test: 92.56%
Epoch: 400, Loss: 0.0004, Train: 90.86%, Valid: 89.99%, Test: 91.68%, Best Valid: 91.95%, Best Test: 92.56%
Epoch: 500, Loss: 0.0087, Train: 90.84%, Valid: 90.62%, Test: 91.36%, Best Valid: 91.95%, Best Test: 92.56%
Epoch: 600, Loss: 0.0011, Train: 91.12%, Valid: 90.37%, Test: 91.85%, Best Valid: 91.95%, Best Test: 92.56%
Epoch: 700, Loss: 0.0147, Train: 90.90%, Valid: 90.02%, Test: 91.58%, Best Valid: 91.95%, Best Test: 92.56%
Epoch: 800, Loss: 0.0036, Train: 91.42%, Valid: 90.37%, Test: 91.60%, Best Valid: 91.95%, Best Test: 92.56%
Epoch: 900, Loss: 0.0214, Train: 86.88%, Valid: 85.43%, Test: 87.46%, Best Valid: 91.95%, Best Test: 92.56%
Epoch: 1000, Loss: 0.0006, Train: 89.55%, Valid: 88.11%, Test: 90.49%, Best Valid: 91.95%, Best Test: 92.56%
Epoch: 1100, Loss: 0.0006, Train: 87.20%, Valid: 86.20%, Test: 87.79%, Best Valid: 91.95%, Best Test: 92.56%
Epoch: 1200, Loss: 0.0217, Train: 89.61%, Valid: 88.57%, Test: 90.21%, Best Valid: 91.95%, Best Test: 92.56%
Epoch: 1300, Loss: 0.0016, Train: 89.44%, Valid: 88.24%, Test: 89.61%, Best Valid: 91.95%, Best Test: 92.56%
Epoch: 1400, Loss: 0.0064, Train: 90.27%, Valid: 89.39%, Test: 90.51%, Best Valid: 91.95%, Best Test: 92.56%
Epoch: 1500, Loss: 0.0231, Train: 90.74%, Valid: 89.93%, Test: 91.09%, Best Valid: 91.95%, Best Test: 92.56%
Run 01:
Highest Train: 92.26
Highest Valid: 91.95
Highest Test: 92.61
Chosen epoch: 92
Final Train: 92.13
Final Test: 92.56
Label budget: 20/class -> 300 train nodes
Pre-training MLP for 500 epochs to generate co-occurrence matrix...
Penalty transform 'homophily': rel Frobenius dist to original = 0.0526, off-diag CV of original penalty = 0.0568
MLP pre-training complete. Penalty matrix frozen.
Epoch: 00, Loss: 3.1178, Train: 12.29%, Valid: 11.97%, Test: 10.96%, Best Valid: 11.97%, Best Test: 10.96%
Switching Polynormer to global attention phase.
Epoch: 100, Loss: 2.9789, Train: 7.68%, Valid: 7.26%, Test: 7.72%, Best Valid: 90.94%, Best Test: 91.90%
Epoch: 200, Loss: 0.1223, Train: 85.02%, Valid: 83.12%, Test: 84.49%, Best Valid: 90.94%, Best Test: 91.90%
Epoch: 300, Loss: 0.0013, Train: 86.93%, Valid: 86.09%, Test: 85.74%, Best Valid: 90.94%, Best Test: 91.90%
Epoch: 400, Loss: 0.0091, Train: 85.68%, Valid: 84.89%, Test: 84.41%, Best Valid: 90.94%, Best Test: 91.90%
Epoch: 500, Loss: 0.0012, Train: 88.38%, Valid: 87.56%, Test: 87.73%, Best Valid: 91.08%, Best Test: 91.55%
Epoch: 600, Loss: 0.0008, Train: 90.15%, Valid: 89.03%, Test: 89.69%, Best Valid: 91.08%, Best Test: 91.55%
Epoch: 700, Loss: 0.0013, Train: 90.86%, Valid: 90.32%, Test: 90.65%, Best Valid: 91.08%, Best Test: 91.55%
Epoch: 800, Loss: 0.0052, Train: 89.59%, Valid: 88.38%, Test: 89.15%, Best Valid: 91.08%, Best Test: 91.55%
Epoch: 900, Loss: 0.1412, Train: 88.53%, Valid: 87.26%, Test: 87.81%, Best Valid: 91.08%, Best Test: 91.55%
Epoch: 1000, Loss: 0.0463, Train: 87.38%, Valid: 86.58%, Test: 86.34%, Best Valid: 91.08%, Best Test: 91.55%
Epoch: 1100, Loss: 0.0005, Train: 91.39%, Valid: 90.37%, Test: 90.54%, Best Valid: 91.08%, Best Test: 91.55%
Epoch: 1200, Loss: 0.0057, Train: 90.04%, Valid: 88.95%, Test: 88.99%, Best Valid: 91.08%, Best Test: 91.55%
Epoch: 1300, Loss: 0.0177, Train: 87.10%, Valid: 86.14%, Test: 85.80%, Best Valid: 91.08%, Best Test: 91.55%
Epoch: 1400, Loss: 0.0101, Train: 89.93%, Valid: 89.47%, Test: 89.45%, Best Valid: 91.08%, Best Test: 91.55%
Epoch: 1500, Loss: 0.0133, Train: 89.14%, Valid: 88.60%, Test: 89.20%, Best Valid: 91.08%, Best Test: 91.55%
Run 02:
Highest Train: 92.05
Highest Valid: 91.08
Highest Test: 91.98
Chosen epoch: 485
Final Train: 91.40
Final Test: 91.55
Label budget: 20/class -> 300 train nodes
Pre-training MLP for 500 epochs to generate co-occurrence matrix...
Penalty transform 'homophily': rel Frobenius dist to original = 0.0601, off-diag CV of original penalty = 0.0630
MLP pre-training complete. Penalty matrix frozen.
Epoch: 00, Loss: 3.1854, Train: 4.15%, Valid: 4.50%, Test: 4.20%, Best Valid: 4.50%, Best Test: 4.20%
Switching Polynormer to global attention phase.
Epoch: 100, Loss: 2.9789, Train: 12.29%, Valid: 11.97%, Test: 10.96%, Best Valid: 90.56%, Best Test: 92.20%
Epoch: 200, Loss: 0.0189, Train: 86.53%, Valid: 85.16%, Test: 86.72%, Best Valid: 90.56%, Best Test: 92.20%
Epoch: 300, Loss: 0.0015, Train: 89.65%, Valid: 88.16%, Test: 89.61%, Best Valid: 90.56%, Best Test: 92.20%
Epoch: 400, Loss: 0.0005, Train: 89.88%, Valid: 88.33%, Test: 89.86%, Best Valid: 90.56%, Best Test: 92.20%
Epoch: 500, Loss: 0.0414, Train: 88.25%, Valid: 86.39%, Test: 88.30%, Best Valid: 90.56%, Best Test: 92.20%
Epoch: 600, Loss: 0.0008, Train: 89.21%, Valid: 87.64%, Test: 89.45%, Best Valid: 90.56%, Best Test: 92.20%
Epoch: 700, Loss: 0.0006, Train: 89.59%, Valid: 88.24%, Test: 90.51%, Best Valid: 90.56%, Best Test: 92.20%
Epoch: 800, Loss: 0.0041, Train: 90.56%, Valid: 89.28%, Test: 90.95%, Best Valid: 90.56%, Best Test: 92.20%
Epoch: 900, Loss: 0.0005, Train: 90.90%, Valid: 89.99%, Test: 91.38%, Best Valid: 90.67%, Best Test: 91.96%
Epoch: 1000, Loss: 0.0013, Train: 91.09%, Valid: 89.74%, Test: 91.44%, Best Valid: 90.67%, Best Test: 91.96%
Epoch: 1100, Loss: 0.0011, Train: 90.44%, Valid: 88.79%, Test: 90.10%, Best Valid: 90.67%, Best Test: 91.96%
Epoch: 1200, Loss: 0.0008, Train: 90.52%, Valid: 89.31%, Test: 90.81%, Best Valid: 90.67%, Best Test: 91.96%
Epoch: 1300, Loss: 0.0022, Train: 89.66%, Valid: 88.19%, Test: 90.40%, Best Valid: 90.67%, Best Test: 91.96%
Epoch: 1400, Loss: 0.0008, Train: 90.08%, Valid: 88.00%, Test: 90.76%, Best Valid: 90.67%, Best Test: 91.96%
Epoch: 1500, Loss: 0.0009, Train: 89.83%, Valid: 88.08%, Test: 89.78%, Best Valid: 90.67%, Best Test: 91.96%
Run 03:
Highest Train: 92.09
Highest Valid: 90.67
Highest Test: 92.56
Chosen epoch: 859
Final Train: 91.64
Final Test: 91.96
Label budget: 20/class -> 300 train nodes
Pre-training MLP for 500 epochs to generate co-occurrence matrix...
Penalty transform 'homophily': rel Frobenius dist to original = 0.0606, off-diag CV of original penalty = 0.0644
MLP pre-training complete. Penalty matrix frozen.
Epoch: 00, Loss: 3.1392, Train: 4.60%, Valid: 4.80%, Test: 5.29%, Best Valid: 4.80%, Best Test: 5.29%
Switching Polynormer to global attention phase.
Epoch: 100, Loss: 2.9789, Train: 11.11%, Valid: 10.91%, Test: 11.21%, Best Valid: 90.48%, Best Test: 91.66%
Epoch: 200, Loss: 0.2189, Train: 81.42%, Valid: 79.81%, Test: 81.71%, Best Valid: 90.48%, Best Test: 91.66%
Epoch: 300, Loss: 0.0609, Train: 85.99%, Valid: 84.29%, Test: 85.74%, Best Valid: 90.48%, Best Test: 91.66%
Epoch: 400, Loss: 0.0352, Train: 87.40%, Valid: 85.57%, Test: 86.83%, Best Valid: 90.48%, Best Test: 91.66%
Epoch: 500, Loss: 0.0015, Train: 89.07%, Valid: 87.32%, Test: 89.23%, Best Valid: 90.48%, Best Test: 91.66%
Epoch: 600, Loss: 0.0043, Train: 89.89%, Valid: 88.43%, Test: 89.94%, Best Valid: 90.48%, Best Test: 91.66%
Epoch: 700, Loss: 0.0027, Train: 90.05%, Valid: 88.30%, Test: 90.19%, Best Valid: 90.48%, Best Test: 91.66%
Epoch: 800, Loss: 0.0036, Train: 90.36%, Valid: 88.57%, Test: 90.21%, Best Valid: 90.48%, Best Test: 91.66%
Epoch: 900, Loss: 0.0008, Train: 89.74%, Valid: 87.45%, Test: 89.37%, Best Valid: 90.48%, Best Test: 91.66%
Epoch: 1000, Loss: 0.0032, Train: 88.76%, Valid: 87.32%, Test: 88.82%, Best Valid: 90.48%, Best Test: 91.66%
Epoch: 1100, Loss: 0.0019, Train: 90.14%, Valid: 88.30%, Test: 90.16%, Best Valid: 90.48%, Best Test: 91.66%
Epoch: 1200, Loss: 0.0011, Train: 87.28%, Valid: 85.62%, Test: 87.76%, Best Valid: 90.48%, Best Test: 91.66%
Epoch: 1300, Loss: 0.0339, Train: 89.70%, Valid: 87.75%, Test: 89.31%, Best Valid: 90.48%, Best Test: 91.66%
Epoch: 1400, Loss: 0.0034, Train: 89.50%, Valid: 88.60%, Test: 89.67%, Best Valid: 90.48%, Best Test: 91.66%
Epoch: 1500, Loss: 0.0030, Train: 88.92%, Valid: 88.30%, Test: 89.37%, Best Valid: 90.48%, Best Test: 91.66%
Run 04:
Highest Train: 91.74
Highest Valid: 90.48
Highest Test: 91.74
Chosen epoch: 44
Final Train: 91.48
Final Test: 91.66
Label budget: 20/class -> 300 train nodes
Pre-training MLP for 500 epochs to generate co-occurrence matrix...
Penalty transform 'homophily': rel Frobenius dist to original = 0.0515, off-diag CV of original penalty = 0.0544
MLP pre-training complete. Penalty matrix frozen.
Epoch: 00, Loss: 3.1932, Train: 3.77%, Valid: 3.03%, Test: 3.52%, Best Valid: 3.03%, Best Test: 3.52%
Switching Polynormer to global attention phase.
Epoch: 100, Loss: 2.9789, Train: 12.29%, Valid: 11.97%, Test: 10.96%, Best Valid: 90.81%, Best Test: 90.95%
Epoch: 200, Loss: 2.9782, Train: 4.15%, Valid: 4.50%, Test: 4.20%, Best Valid: 90.81%, Best Test: 90.95%
Epoch: 300, Loss: 2.9788, Train: 8.03%, Valid: 7.69%, Test: 7.61%, Best Valid: 90.81%, Best Test: 90.95%
Epoch: 400, Loss: 2.9791, Train: 2.55%, Valid: 2.15%, Test: 2.81%, Best Valid: 90.81%, Best Test: 90.95%
Epoch: 500, Loss: 2.9790, Train: 2.55%, Valid: 2.15%, Test: 2.81%, Best Valid: 90.81%, Best Test: 90.95%
Epoch: 600, Loss: 2.9785, Train: 4.15%, Valid: 4.50%, Test: 4.20%, Best Valid: 90.81%, Best Test: 90.95%
Epoch: 700, Loss: 2.9789, Train: 1.99%, Valid: 2.07%, Test: 2.07%, Best Valid: 90.81%, Best Test: 90.95%
Epoch: 800, Loss: 2.9785, Train: 1.99%, Valid: 2.07%, Test: 2.07%, Best Valid: 90.81%, Best Test: 90.95%
Epoch: 900, Loss: 2.9789, Train: 2.45%, Valid: 1.91%, Test: 2.18%, Best Valid: 90.81%, Best Test: 90.95%
Epoch: 1000, Loss: 2.9789, Train: 4.15%, Valid: 4.50%, Test: 4.20%, Best Valid: 90.81%, Best Test: 90.95%
Epoch: 1100, Loss: 2.9789, Train: 2.37%, Valid: 2.51%, Test: 2.07%, Best Valid: 90.81%, Best Test: 90.95%
Epoch: 1200, Loss: 2.9788, Train: 8.03%, Valid: 7.69%, Test: 7.61%, Best Valid: 90.81%, Best Test: 90.95%
Epoch: 1300, Loss: 2.9789, Train: 2.37%, Valid: 2.51%, Test: 2.07%, Best Valid: 90.81%, Best Test: 90.95%
Epoch: 1400, Loss: 2.9789, Train: 1.99%, Valid: 2.07%, Test: 2.07%, Best Valid: 90.81%, Best Test: 90.95%
Epoch: 1500, Loss: 2.9788, Train: 4.15%, Valid: 4.50%, Test: 4.20%, Best Valid: 90.81%, Best Test: 90.95%
Run 05:
Highest Train: 91.65
Highest Valid: 90.81
Highest Test: 91.49
Chosen epoch: 67
Final Train: 91.21
Final Test: 90.95
Label budget: 20/class -> 300 train nodes
Pre-training MLP for 500 epochs to generate co-occurrence matrix...
Penalty transform 'homophily': rel Frobenius dist to original = 0.0654, off-diag CV of original penalty = 0.0683
MLP pre-training complete. Penalty matrix frozen.
Epoch: 00, Loss: 3.2615, Train: 8.22%, Valid: 7.80%, Test: 7.80%, Best Valid: 7.80%, Best Test: 7.80%
Switching Polynormer to global attention phase.
Epoch: 100, Loss: 2.9789, Train: 12.29%, Valid: 11.97%, Test: 10.96%, Best Valid: 90.89%, Best Test: 92.15%
Epoch: 200, Loss: 0.6268, Train: 70.06%, Valid: 68.11%, Test: 68.35%, Best Valid: 90.89%, Best Test: 92.15%
Epoch: 300, Loss: 0.0035, Train: 89.36%, Valid: 87.78%, Test: 89.01%, Best Valid: 90.89%, Best Test: 92.15%
Epoch: 400, Loss: 0.0076, Train: 86.15%, Valid: 84.67%, Test: 86.15%, Best Valid: 90.89%, Best Test: 92.15%
Epoch: 500, Loss: 0.0046, Train: 89.01%, Valid: 88.05%, Test: 89.34%, Best Valid: 90.89%, Best Test: 92.15%
Epoch: 600, Loss: 0.0009, Train: 88.79%, Valid: 88.13%, Test: 88.79%, Best Valid: 90.89%, Best Test: 92.15%
Epoch: 700, Loss: 0.0013, Train: 89.30%, Valid: 88.71%, Test: 89.09%, Best Valid: 90.89%, Best Test: 92.15%
Epoch: 800, Loss: 0.0131, Train: 85.19%, Valid: 84.02%, Test: 84.95%, Best Valid: 90.89%, Best Test: 92.15%
Epoch: 900, Loss: 0.0022, Train: 87.58%, Valid: 86.47%, Test: 87.40%, Best Valid: 90.89%, Best Test: 92.15%
Epoch: 1000, Loss: 0.0006, Train: 89.51%, Valid: 88.27%, Test: 90.29%, Best Valid: 90.89%, Best Test: 92.15%
Epoch: 1100, Loss: 0.0005, Train: 85.51%, Valid: 84.34%, Test: 85.80%, Best Valid: 90.89%, Best Test: 92.15%
Epoch: 1200, Loss: 0.0054, Train: 84.34%, Valid: 83.42%, Test: 85.41%, Best Valid: 90.89%, Best Test: 92.15%
Epoch: 1300, Loss: 0.0345, Train: 89.56%, Valid: 88.65%, Test: 89.69%, Best Valid: 90.89%, Best Test: 92.15%
Epoch: 1400, Loss: 0.0023, Train: 87.38%, Valid: 86.85%, Test: 87.92%, Best Valid: 90.89%, Best Test: 92.15%
Epoch: 1500, Loss: 0.0020, Train: 89.41%, Valid: 87.51%, Test: 89.56%, Best Valid: 90.89%, Best Test: 92.15%
Run 06:
Highest Train: 91.71
Highest Valid: 90.89
Highest Test: 92.15
Chosen epoch: 75
Final Train: 91.71
Final Test: 92.15
Label budget: 20/class -> 300 train nodes
Pre-training MLP for 500 epochs to generate co-occurrence matrix...
Penalty transform 'homophily': rel Frobenius dist to original = 0.0502, off-diag CV of original penalty = 0.0536
MLP pre-training complete. Penalty matrix frozen.
Epoch: 00, Loss: 3.2538, Train: 11.01%, Valid: 11.29%, Test: 11.59%, Best Valid: 11.29%, Best Test: 11.59%
Switching Polynormer to global attention phase.
Epoch: 100, Loss: 2.9789, Train: 2.45%, Valid: 1.91%, Test: 2.18%, Best Valid: 90.64%, Best Test: 92.15%
Epoch: 200, Loss: 0.0141, Train: 80.86%, Valid: 79.41%, Test: 81.73%, Best Valid: 90.64%, Best Test: 92.15%
Epoch: 300, Loss: 0.0009, Train: 89.91%, Valid: 89.17%, Test: 90.19%, Best Valid: 90.64%, Best Test: 92.15%
Epoch: 400, Loss: 0.0008, Train: 90.36%, Valid: 88.84%, Test: 90.70%, Best Valid: 90.64%, Best Test: 92.15%
Epoch: 500, Loss: 0.0040, Train: 89.58%, Valid: 88.65%, Test: 90.05%, Best Valid: 90.64%, Best Test: 92.15%
Epoch: 600, Loss: 0.0026, Train: 89.50%, Valid: 88.22%, Test: 90.02%, Best Valid: 90.64%, Best Test: 92.15%
Epoch: 700, Loss: 0.0518, Train: 87.60%, Valid: 86.12%, Test: 88.71%, Best Valid: 90.64%, Best Test: 92.15%
Epoch: 800, Loss: 0.0018, Train: 89.26%, Valid: 88.57%, Test: 90.08%, Best Valid: 90.64%, Best Test: 92.15%
Epoch: 900, Loss: 0.0007, Train: 88.37%, Valid: 86.52%, Test: 89.15%, Best Valid: 90.64%, Best Test: 92.15%
Epoch: 1000, Loss: 0.0006, Train: 90.15%, Valid: 88.19%, Test: 90.68%, Best Valid: 90.64%, Best Test: 92.15%
Epoch: 1100, Loss: 0.0012, Train: 86.18%, Valid: 84.48%, Test: 86.42%, Best Valid: 90.64%, Best Test: 92.15%
Epoch: 1200, Loss: 0.0008, Train: 88.84%, Valid: 88.38%, Test: 89.15%, Best Valid: 90.64%, Best Test: 92.15%
Epoch: 1300, Loss: 0.0004, Train: 87.03%, Valid: 85.84%, Test: 87.32%, Best Valid: 90.64%, Best Test: 92.15%
Epoch: 1400, Loss: 0.0132, Train: 89.46%, Valid: 88.38%, Test: 90.08%, Best Valid: 90.64%, Best Test: 92.15%
Epoch: 1500, Loss: 0.0005, Train: 89.15%, Valid: 88.63%, Test: 90.08%, Best Valid: 90.64%, Best Test: 92.15%
Run 07:
Highest Train: 91.41
Highest Valid: 90.64
Highest Test: 92.31
Chosen epoch: 44
Final Train: 91.41
Final Test: 92.15
Label budget: 20/class -> 300 train nodes
Pre-training MLP for 500 epochs to generate co-occurrence matrix...
Penalty transform 'homophily': rel Frobenius dist to original = 0.0592, off-diag CV of original penalty = 0.0618
MLP pre-training complete. Penalty matrix frozen.
Epoch: 00, Loss: 3.2210, Train: 4.25%, Valid: 3.93%, Test: 4.66%, Best Valid: 3.93%, Best Test: 4.66%
Switching Polynormer to global attention phase.
Epoch: 100, Loss: 2.9793, Train: 2.45%, Valid: 1.91%, Test: 2.18%, Best Valid: 90.67%, Best Test: 92.23%
Epoch: 200, Loss: 0.1004, Train: 86.59%, Valid: 85.32%, Test: 86.67%, Best Valid: 90.67%, Best Test: 92.23%
Epoch: 300, Loss: 0.0007, Train: 90.02%, Valid: 88.87%, Test: 89.39%, Best Valid: 90.67%, Best Test: 92.23%
Epoch: 400, Loss: 0.0105, Train: 90.00%, Valid: 88.27%, Test: 89.20%, Best Valid: 90.67%, Best Test: 92.23%
Epoch: 500, Loss: 0.0176, Train: 90.72%, Valid: 89.28%, Test: 90.40%, Best Valid: 90.67%, Best Test: 92.23%
Epoch: 600, Loss: 0.0024, Train: 88.82%, Valid: 87.73%, Test: 88.82%, Best Valid: 90.67%, Best Test: 92.23%
Epoch: 700, Loss: 0.0204, Train: 90.44%, Valid: 88.19%, Test: 89.75%, Best Valid: 90.67%, Best Test: 92.23%
Epoch: 800, Loss: 0.0481, Train: 90.18%, Valid: 89.03%, Test: 90.02%, Best Valid: 90.73%, Best Test: 91.33%
Epoch: 900, Loss: 0.0013, Train: 89.13%, Valid: 87.81%, Test: 89.18%, Best Valid: 90.83%, Best Test: 91.77%
Epoch: 1000, Loss: 0.0009, Train: 90.46%, Valid: 88.84%, Test: 90.35%, Best Valid: 90.83%, Best Test: 91.77%
Epoch: 1100, Loss: 0.0011, Train: 87.40%, Valid: 86.47%, Test: 86.94%, Best Valid: 90.83%, Best Test: 91.77%
Epoch: 1200, Loss: 0.0004, Train: 90.82%, Valid: 89.28%, Test: 90.10%, Best Valid: 90.83%, Best Test: 91.77%
Epoch: 1300, Loss: 0.0067, Train: 86.94%, Valid: 85.92%, Test: 86.40%, Best Valid: 90.83%, Best Test: 91.77%
Epoch: 1400, Loss: 0.0004, Train: 89.14%, Valid: 87.89%, Test: 89.01%, Best Valid: 90.83%, Best Test: 91.77%
Epoch: 1500, Loss: 0.0010, Train: 90.78%, Valid: 89.17%, Test: 90.13%, Best Valid: 90.83%, Best Test: 91.77%
Run 08:
Highest Train: 92.31
Highest Valid: 90.83
Highest Test: 92.23
Chosen epoch: 812
Final Train: 91.95
Final Test: 91.77
Label budget: 20/class -> 300 train nodes
Pre-training MLP for 500 epochs to generate co-occurrence matrix...
Penalty transform 'homophily': rel Frobenius dist to original = 0.0518, off-diag CV of original penalty = 0.0547
MLP pre-training complete. Penalty matrix frozen.
Epoch: 00, Loss: 3.1950, Train: 7.74%, Valid: 7.36%, Test: 7.80%, Best Valid: 7.36%, Best Test: 7.80%
Switching Polynormer to global attention phase.
Epoch: 100, Loss: 2.9789, Train: 4.15%, Valid: 4.50%, Test: 4.20%, Best Valid: 90.70%, Best Test: 91.98%
Epoch: 200, Loss: 0.1123, Train: 81.35%, Valid: 80.52%, Test: 80.89%, Best Valid: 90.70%, Best Test: 91.98%
Epoch: 300, Loss: 0.0301, Train: 88.27%, Valid: 86.39%, Test: 88.17%, Best Valid: 90.70%, Best Test: 91.98%
Epoch: 400, Loss: 0.0022, Train: 88.84%, Valid: 87.86%, Test: 89.42%, Best Valid: 90.70%, Best Test: 91.98%
Epoch: 500, Loss: 0.0097, Train: 87.51%, Valid: 86.44%, Test: 87.76%, Best Valid: 90.70%, Best Test: 91.98%
Epoch: 600, Loss: 0.0006, Train: 90.87%, Valid: 89.20%, Test: 91.03%, Best Valid: 90.70%, Best Test: 91.98%
Epoch: 700, Loss: 0.0059, Train: 89.01%, Valid: 87.42%, Test: 89.39%, Best Valid: 90.70%, Best Test: 91.98%
Epoch: 800, Loss: 0.0014, Train: 89.68%, Valid: 87.78%, Test: 89.42%, Best Valid: 90.70%, Best Test: 91.98%
Epoch: 900, Loss: 0.0352, Train: 90.43%, Valid: 88.90%, Test: 90.49%, Best Valid: 90.70%, Best Test: 91.98%
Epoch: 1000, Loss: 0.0010, Train: 89.89%, Valid: 88.27%, Test: 89.99%, Best Valid: 90.70%, Best Test: 91.98%
Epoch: 1100, Loss: 0.0172, Train: 89.14%, Valid: 87.97%, Test: 88.96%, Best Valid: 90.70%, Best Test: 91.98%
Epoch: 1200, Loss: 0.0116, Train: 89.94%, Valid: 88.38%, Test: 89.39%, Best Valid: 90.70%, Best Test: 91.98%
Epoch: 1300, Loss: 0.0018, Train: 90.63%, Valid: 88.82%, Test: 90.19%, Best Valid: 90.70%, Best Test: 91.98%
Epoch: 1400, Loss: 0.0028, Train: 90.84%, Valid: 89.20%, Test: 90.02%, Best Valid: 90.70%, Best Test: 91.98%
Epoch: 1500, Loss: 0.0024, Train: 90.25%, Valid: 88.27%, Test: 89.78%, Best Valid: 90.70%, Best Test: 91.98%
Run 09:
Highest Train: 91.51
Highest Valid: 90.70
Highest Test: 91.98
Chosen epoch: 62
Final Train: 91.14
Final Test: 91.98
Label budget: 20/class -> 300 train nodes
Pre-training MLP for 500 epochs to generate co-occurrence matrix...
Penalty transform 'homophily': rel Frobenius dist to original = 0.0549, off-diag CV of original penalty = 0.0579
MLP pre-training complete. Penalty matrix frozen.
Epoch: 00, Loss: 3.1705, Train: 8.03%, Valid: 7.69%, Test: 7.61%, Best Valid: 7.69%, Best Test: 7.61%
Switching Polynormer to global attention phase.
Epoch: 100, Loss: 2.9788, Train: 2.55%, Valid: 2.15%, Test: 2.81%, Best Valid: 90.73%, Best Test: 92.26%
Epoch: 200, Loss: 0.1064, Train: 87.44%, Valid: 87.21%, Test: 87.16%, Best Valid: 90.73%, Best Test: 92.26%
Epoch: 300, Loss: 0.0509, Train: 90.69%, Valid: 89.69%, Test: 90.79%, Best Valid: 90.73%, Best Test: 92.26%
Epoch: 400, Loss: 0.0010, Train: 89.84%, Valid: 88.76%, Test: 89.29%, Best Valid: 91.19%, Best Test: 90.87%
Epoch: 500, Loss: 0.0039, Train: 89.67%, Valid: 88.35%, Test: 90.40%, Best Valid: 91.19%, Best Test: 90.87%
Epoch: 600, Loss: 0.0039, Train: 89.37%, Valid: 88.03%, Test: 89.91%, Best Valid: 91.19%, Best Test: 90.87%
Epoch: 700, Loss: 0.2317, Train: 89.90%, Valid: 88.98%, Test: 90.19%, Best Valid: 91.19%, Best Test: 90.87%
Epoch: 800, Loss: 0.0154, Train: 90.94%, Valid: 89.88%, Test: 90.95%, Best Valid: 91.19%, Best Test: 90.87%
Epoch: 900, Loss: 0.0017, Train: 89.44%, Valid: 88.41%, Test: 88.71%, Best Valid: 91.19%, Best Test: 90.87%
Epoch: 1000, Loss: 0.0015, Train: 88.49%, Valid: 87.81%, Test: 88.11%, Best Valid: 91.19%, Best Test: 90.87%
Epoch: 1100, Loss: 0.0008, Train: 90.64%, Valid: 89.96%, Test: 91.14%, Best Valid: 91.19%, Best Test: 90.87%
Epoch: 1200, Loss: 0.0262, Train: 89.34%, Valid: 88.22%, Test: 89.72%, Best Valid: 91.19%, Best Test: 90.87%
Epoch: 1300, Loss: 0.0007, Train: 88.84%, Valid: 87.73%, Test: 88.22%, Best Valid: 91.19%, Best Test: 90.87%
Epoch: 1400, Loss: 0.0004, Train: 91.11%, Valid: 90.56%, Test: 91.28%, Best Valid: 91.19%, Best Test: 90.87%
Epoch: 1500, Loss: 0.0012, Train: 90.21%, Valid: 89.80%, Test: 90.49%, Best Valid: 91.19%, Best Test: 90.87%
Run 10:
Highest Train: 91.64
Highest Valid: 91.19
Highest Test: 92.26
Chosen epoch: 341
Final Train: 91.08
Final Test: 90.87
All runs:
Highest Train: 91.84 ± 0.32
Highest Test: 92.13 ± 0.35
Highest Valid: 90.92 ± 0.42
  Final Train: 91.52 ± 0.34
   Final Test: 91.76 ± 0.53
Saving results to ../results/lowlabel/coauthor-cs/polynormer.csv
--- mlp_reg/homophily control | lambda=0.2 ---
Namespace(aggregate='add', alpha=0.5, attention='gcn', beta=-1.0, bn=False, budget_tag='20', count_reg=False, count_smoothing=1.0, cpu=False, data_dir='../data/', dataset='coauthor-cs', device=0, dim_inner=64, display_step=100, dropout=0.3, epochs=500, global_dropout=None, global_epochs=1500, global_layers=2, gnn='gcn', graph_weight=0.8, hidden_channels=64, hops=10, in_dropout=0.1, jk=False, label_num_per_class=20, lambda_val=0.2, layers=1, ln=False, local_epochs=100, local_gnn_type='GCN', local_layers=5, lr=0.001, metric='acc', mlp_epochs=500, mlp_reg=True, model='polynormer', model_dir='models/lowlabel_ctrl_1214890_77', n_heads=8, num_centroids=4096, num_heads=8, oracle_reg=False, paired_seeds=True, pe_types='RWSE', penalty_transform='homophily', pre_linear=False, pre_ln=False, rand_split=False, rand_split_class=False, reg_start_epoch=10, reg_update_freq=5, res=False, resample_split_per_run=False, result_dir='../results/lowlabel', runs=10, save_model=True, save_result=False, seed=42, test_num=1000, tr_dropout=None, tr_layers=1, tr_weight_decay=None, train_per_class=20, train_prop=0.5, use_act=False, use_bn=False, use_graph=False, use_reg=True, use_residual=False, use_weight=False, valid_num=500, valid_per_class=0, valid_prop=0.25, weight_decay=0.0005)
coauthor-cs
dataset coauthor-cs | num nodes 18333 | num edge 163788 | num node feats 6805 | num classes 15
MODEL: Polynormer(
  (h_lins): ModuleList(
    (0): Linear(in_features=512, out_features=512, bias=True)
    (1): Linear(in_features=512, out_features=512, bias=True)
    (2): Linear(in_features=512, out_features=512, bias=True)
    (3): Linear(in_features=512, out_features=512, bias=True)
    (4): Linear(in_features=512, out_features=512, bias=True)
  )
  (local_convs): ModuleList(
    (0): GATConv(512, 64, heads=8)
    (1): GATConv(512, 64, heads=8)
    (2): GATConv(512, 64, heads=8)
    (3): GATConv(512, 64, heads=8)
    (4): GATConv(512, 64, heads=8)
  )
  (lins): ModuleList(
    (0): Linear(in_features=512, out_features=512, bias=True)
    (1): Linear(in_features=512, out_features=512, bias=True)
    (2): Linear(in_features=512, out_features=512, bias=True)
    (3): Linear(in_features=512, out_features=512, bias=True)
    (4): Linear(in_features=512, out_features=512, bias=True)
  )
  (lns): ModuleList(
    (0): LayerNorm((512,), eps=1e-05, elementwise_affine=True)
    (1): LayerNorm((512,), eps=1e-05, elementwise_affine=True)
    (2): LayerNorm((512,), eps=1e-05, elementwise_affine=True)
    (3): LayerNorm((512,), eps=1e-05, elementwise_affine=True)
    (4): LayerNorm((512,), eps=1e-05, elementwise_affine=True)
  )
  (lin_in): Linear(in_features=6805, out_features=512, bias=True)
  (ln): LayerNorm((512,), eps=1e-05, elementwise_affine=True)
  (global_attn): GlobalAttn(
    (h_lins): ModuleList(
      (0): Linear(in_features=512, out_features=512, bias=True)
      (1): Linear(in_features=512, out_features=512, bias=True)
    )
    (k_lins): ModuleList(
      (0): Linear(in_features=512, out_features=512, bias=True)
      (1): Linear(in_features=512, out_features=512, bias=True)
    )
    (v_lins): ModuleList(
      (0): Linear(in_features=512, out_features=512, bias=True)
      (1): Linear(in_features=512, out_features=512, bias=True)
    )
    (lns): ModuleList(
      (0): LayerNorm((512,), eps=1e-05, elementwise_affine=True)
      (1): LayerNorm((512,), eps=1e-05, elementwise_affine=True)
    )
    (lin_out): Linear(in_features=512, out_features=512, bias=True)
  )
  (pred_local): Linear(in_features=512, out_features=15, bias=True)
  (pred_global): Linear(in_features=512, out_features=15, bias=True)
)
Label budget: 20/class -> 300 train nodes
Pre-training MLP for 500 epochs to generate co-occurrence matrix...
Penalty transform 'homophily': rel Frobenius dist to original = 0.0449, off-diag CV of original penalty = 0.0488
MLP pre-training complete. Penalty matrix frozen.
Epoch: 00, Loss: 3.4096, Train: 14.95%, Valid: 14.51%, Test: 13.69%, Best Valid: 14.51%, Best Test: 13.69%
Switching Polynormer to global attention phase.
Epoch: 100, Loss: 3.2621, Train: 39.59%, Valid: 40.97%, Test: 40.21%, Best Valid: 91.93%, Best Test: 92.53%
Epoch: 200, Loss: 0.0054, Train: 90.29%, Valid: 89.58%, Test: 91.38%, Best Valid: 91.93%, Best Test: 92.53%
Epoch: 300, Loss: 0.0007, Train: 90.44%, Valid: 90.15%, Test: 91.55%, Best Valid: 91.93%, Best Test: 92.53%
Epoch: 400, Loss: 0.0054, Train: 89.34%, Valid: 88.57%, Test: 89.86%, Best Valid: 91.93%, Best Test: 92.53%
Epoch: 500, Loss: 0.0006, Train: 88.71%, Valid: 86.99%, Test: 89.12%, Best Valid: 91.93%, Best Test: 92.53%
Epoch: 600, Loss: 0.0032, Train: 89.53%, Valid: 88.90%, Test: 89.53%, Best Valid: 91.93%, Best Test: 92.53%
Epoch: 700, Loss: 0.0052, Train: 91.26%, Valid: 89.93%, Test: 91.25%, Best Valid: 91.93%, Best Test: 92.53%
Epoch: 800, Loss: 0.0006, Train: 91.77%, Valid: 90.53%, Test: 91.38%, Best Valid: 91.93%, Best Test: 92.53%
Epoch: 900, Loss: 0.0233, Train: 89.55%, Valid: 89.06%, Test: 89.42%, Best Valid: 91.93%, Best Test: 92.53%
Epoch: 1000, Loss: 0.0016, Train: 90.63%, Valid: 89.72%, Test: 91.11%, Best Valid: 91.93%, Best Test: 92.53%
Epoch: 1100, Loss: 0.0003, Train: 89.21%, Valid: 88.13%, Test: 89.91%, Best Valid: 91.93%, Best Test: 92.53%
Epoch: 1200, Loss: 0.0009, Train: 90.59%, Valid: 89.42%, Test: 90.98%, Best Valid: 91.93%, Best Test: 92.53%
Epoch: 1300, Loss: 0.0314, Train: 91.21%, Valid: 90.34%, Test: 91.47%, Best Valid: 91.93%, Best Test: 92.53%
Epoch: 1400, Loss: 0.0005, Train: 89.96%, Valid: 88.63%, Test: 90.35%, Best Valid: 91.93%, Best Test: 92.53%
Epoch: 1500, Loss: 0.0017, Train: 90.34%, Valid: 89.01%, Test: 89.89%, Best Valid: 91.93%, Best Test: 92.53%
Run 01:
Highest Train: 92.27
Highest Valid: 91.93
Highest Test: 92.69
Chosen epoch: 36
Final Train: 92.11
Final Test: 92.53
Label budget: 20/class -> 300 train nodes
Pre-training MLP for 500 epochs to generate co-occurrence matrix...
Penalty transform 'homophily': rel Frobenius dist to original = 0.0526, off-diag CV of original penalty = 0.0568
MLP pre-training complete. Penalty matrix frozen.
Epoch: 00, Loss: 3.4012, Train: 12.29%, Valid: 11.97%, Test: 10.96%, Best Valid: 11.97%, Best Test: 10.96%
Switching Polynormer to global attention phase.
Epoch: 100, Loss: 3.2497, Train: 22.05%, Valid: 23.92%, Test: 22.74%, Best Valid: 91.49%, Best Test: 92.09%
Epoch: 200, Loss: 0.0794, Train: 81.97%, Valid: 80.85%, Test: 81.24%, Best Valid: 91.49%, Best Test: 92.09%
Epoch: 300, Loss: 0.0114, Train: 85.73%, Valid: 84.62%, Test: 85.33%, Best Valid: 91.49%, Best Test: 92.09%
Epoch: 400, Loss: 0.0010, Train: 90.12%, Valid: 89.28%, Test: 89.42%, Best Valid: 91.49%, Best Test: 92.09%
Epoch: 500, Loss: 0.0124, Train: 90.55%, Valid: 90.13%, Test: 90.29%, Best Valid: 91.49%, Best Test: 92.09%
Epoch: 600, Loss: 0.0010, Train: 89.69%, Valid: 88.79%, Test: 89.23%, Best Valid: 91.49%, Best Test: 92.09%
Epoch: 700, Loss: 0.0174, Train: 89.31%, Valid: 88.63%, Test: 89.01%, Best Valid: 91.49%, Best Test: 92.09%
Epoch: 800, Loss: 0.0095, Train: 88.56%, Valid: 88.13%, Test: 87.76%, Best Valid: 91.49%, Best Test: 92.09%
Epoch: 900, Loss: 0.0017, Train: 87.66%, Valid: 86.93%, Test: 87.90%, Best Valid: 91.49%, Best Test: 92.09%
Epoch: 1000, Loss: 0.0016, Train: 89.19%, Valid: 87.83%, Test: 89.01%, Best Valid: 91.49%, Best Test: 92.09%
Epoch: 1100, Loss: 0.0034, Train: 88.50%, Valid: 87.53%, Test: 88.41%, Best Valid: 91.49%, Best Test: 92.09%
Epoch: 1200, Loss: 0.1124, Train: 88.30%, Valid: 87.51%, Test: 87.65%, Best Valid: 91.49%, Best Test: 92.09%
Epoch: 1300, Loss: 0.0004, Train: 91.09%, Valid: 90.43%, Test: 90.92%, Best Valid: 91.49%, Best Test: 92.09%
Epoch: 1400, Loss: 0.0003, Train: 90.10%, Valid: 89.83%, Test: 89.18%, Best Valid: 91.49%, Best Test: 92.09%
Epoch: 1500, Loss: 0.0615, Train: 87.37%, Valid: 86.42%, Test: 86.34%, Best Valid: 91.49%, Best Test: 92.09%
Run 02:
Highest Train: 92.16
Highest Valid: 91.49
Highest Test: 92.58
Chosen epoch: 71
Final Train: 92.16
Final Test: 92.09
Label budget: 20/class -> 300 train nodes
Pre-training MLP for 500 epochs to generate co-occurrence matrix...
Penalty transform 'homophily': rel Frobenius dist to original = 0.0601, off-diag CV of original penalty = 0.0630
MLP pre-training complete. Penalty matrix frozen.
Epoch: 00, Loss: 3.4750, Train: 4.15%, Valid: 4.50%, Test: 4.20%, Best Valid: 4.50%, Best Test: 4.20%
Switching Polynormer to global attention phase.
Epoch: 100, Loss: 3.2497, Train: 2.37%, Valid: 2.51%, Test: 2.07%, Best Valid: 90.62%, Best Test: 91.55%
Epoch: 200, Loss: 0.0153, Train: 88.84%, Valid: 88.00%, Test: 89.59%, Best Valid: 90.62%, Best Test: 91.55%
Epoch: 300, Loss: 0.0021, Train: 89.50%, Valid: 88.65%, Test: 88.79%, Best Valid: 90.62%, Best Test: 91.55%
Epoch: 400, Loss: 0.0008, Train: 89.71%, Valid: 88.76%, Test: 90.35%, Best Valid: 90.62%, Best Test: 91.55%
Epoch: 500, Loss: 0.2308, Train: 84.90%, Valid: 84.37%, Test: 85.28%, Best Valid: 90.73%, Best Test: 92.09%
Epoch: 600, Loss: 0.0133, Train: 88.73%, Valid: 87.23%, Test: 88.79%, Best Valid: 90.75%, Best Test: 92.07%
Epoch: 700, Loss: 0.0155, Train: 89.26%, Valid: 88.68%, Test: 90.57%, Best Valid: 90.75%, Best Test: 92.07%
Epoch: 800, Loss: 0.0012, Train: 89.41%, Valid: 88.27%, Test: 89.29%, Best Valid: 91.38%, Best Test: 92.50%
Epoch: 900, Loss: 0.0446, Train: 91.49%, Valid: 90.29%, Test: 91.58%, Best Valid: 91.38%, Best Test: 92.50%
Epoch: 1000, Loss: 0.0116, Train: 90.96%, Valid: 89.47%, Test: 90.98%, Best Valid: 91.38%, Best Test: 92.50%
Epoch: 1100, Loss: 0.0082, Train: 89.38%, Valid: 87.73%, Test: 89.15%, Best Valid: 91.38%, Best Test: 92.50%
Epoch: 1200, Loss: 0.3201, Train: 87.50%, Valid: 86.20%, Test: 87.08%, Best Valid: 91.38%, Best Test: 92.50%
Epoch: 1300, Loss: 0.0007, Train: 90.51%, Valid: 89.36%, Test: 90.68%, Best Valid: 91.38%, Best Test: 92.50%
Epoch: 1400, Loss: 0.0060, Train: 91.30%, Valid: 90.02%, Test: 91.49%, Best Valid: 91.38%, Best Test: 92.50%
Epoch: 1500, Loss: 0.0015, Train: 91.22%, Valid: 89.66%, Test: 90.79%, Best Valid: 91.38%, Best Test: 92.50%
Run 03:
Highest Train: 92.04
Highest Valid: 91.38
Highest Test: 92.53
Chosen epoch: 740
Final Train: 91.73
Final Test: 92.50
Label budget: 20/class -> 300 train nodes
Pre-training MLP for 500 epochs to generate co-occurrence matrix...
Penalty transform 'homophily': rel Frobenius dist to original = 0.0606, off-diag CV of original penalty = 0.0644
MLP pre-training complete. Penalty matrix frozen.
Epoch: 00, Loss: 3.4246, Train: 4.60%, Valid: 4.80%, Test: 5.29%, Best Valid: 4.80%, Best Test: 5.29%
Switching Polynormer to global attention phase.
Epoch: 100, Loss: 3.2497, Train: 8.03%, Valid: 7.69%, Test: 7.61%, Best Valid: 90.48%, Best Test: 91.03%
Epoch: 200, Loss: 3.2503, Train: 4.15%, Valid: 4.50%, Test: 4.20%, Best Valid: 90.48%, Best Test: 91.03%
Epoch: 300, Loss: 3.2502, Train: 4.15%, Valid: 4.50%, Test: 4.20%, Best Valid: 90.48%, Best Test: 91.03%
Epoch: 400, Loss: 3.2496, Train: 1.99%, Valid: 2.07%, Test: 2.07%, Best Valid: 90.48%, Best Test: 91.03%
Epoch: 500, Loss: 3.2496, Train: 5.16%, Valid: 4.88%, Test: 4.83%, Best Valid: 90.48%, Best Test: 91.03%
Epoch: 600, Loss: 3.2499, Train: 12.29%, Valid: 11.97%, Test: 10.96%, Best Valid: 90.48%, Best Test: 91.03%
Epoch: 700, Loss: 3.2497, Train: 12.29%, Valid: 11.97%, Test: 10.96%, Best Valid: 90.48%, Best Test: 91.03%
Epoch: 800, Loss: 3.2496, Train: 12.29%, Valid: 11.97%, Test: 10.96%, Best Valid: 90.48%, Best Test: 91.03%
Epoch: 900, Loss: 3.2497, Train: 4.15%, Valid: 4.50%, Test: 4.20%, Best Valid: 90.48%, Best Test: 91.03%
Epoch: 1000, Loss: 3.2497, Train: 1.99%, Valid: 2.07%, Test: 2.07%, Best Valid: 90.48%, Best Test: 91.03%
Epoch: 1100, Loss: 3.2496, Train: 1.99%, Valid: 2.07%, Test: 2.07%, Best Valid: 90.48%, Best Test: 91.03%
Epoch: 1200, Loss: 3.2511, Train: 5.16%, Valid: 4.88%, Test: 4.83%, Best Valid: 90.48%, Best Test: 91.03%
Epoch: 1300, Loss: 3.2492, Train: 1.99%, Valid: 2.07%, Test: 2.07%, Best Valid: 90.48%, Best Test: 91.03%
Epoch: 1400, Loss: 3.2498, Train: 12.29%, Valid: 11.97%, Test: 10.96%, Best Valid: 90.48%, Best Test: 91.03%
Epoch: 1500, Loss: 3.2498, Train: 8.03%, Valid: 7.69%, Test: 7.61%, Best Valid: 90.48%, Best Test: 91.03%
Run 04:
Highest Train: 91.64
Highest Valid: 90.48
Highest Test: 91.82
Chosen epoch: 98
Final Train: 91.23
Final Test: 91.03
Label budget: 20/class -> 300 train nodes
Pre-training MLP for 500 epochs to generate co-occurrence matrix...
Penalty transform 'homophily': rel Frobenius dist to original = 0.0515, off-diag CV of original penalty = 0.0544
MLP pre-training complete. Penalty matrix frozen.
Epoch: 00, Loss: 3.4834, Train: 2.69%, Valid: 2.21%, Test: 2.40%, Best Valid: 2.21%, Best Test: 2.40%
Switching Polynormer to global attention phase.
Epoch: 100, Loss: 3.2497, Train: 2.55%, Valid: 2.15%, Test: 2.81%, Best Valid: 91.08%, Best Test: 91.19%
Epoch: 200, Loss: 0.1180, Train: 86.26%, Valid: 84.97%, Test: 86.56%, Best Valid: 91.08%, Best Test: 91.19%
Epoch: 300, Loss: 0.0152, Train: 89.12%, Valid: 88.19%, Test: 89.48%, Best Valid: 91.08%, Best Test: 91.19%
Epoch: 400, Loss: 0.0032, Train: 90.05%, Valid: 89.09%, Test: 90.68%, Best Valid: 91.08%, Best Test: 91.19%
Epoch: 500, Loss: 0.0019, Train: 89.34%, Valid: 87.75%, Test: 89.78%, Best Valid: 91.08%, Best Test: 91.19%
Epoch: 600, Loss: 0.0009, Train: 90.42%, Valid: 89.47%, Test: 90.40%, Best Valid: 91.08%, Best Test: 91.19%
Epoch: 700, Loss: 0.0054, Train: 88.14%, Valid: 87.10%, Test: 88.52%, Best Valid: 91.08%, Best Test: 91.19%
Epoch: 800, Loss: 0.0011, Train: 89.70%, Valid: 88.60%, Test: 89.94%, Best Valid: 91.08%, Best Test: 91.19%
Epoch: 900, Loss: 0.0178, Train: 89.50%, Valid: 88.52%, Test: 90.24%, Best Valid: 91.08%, Best Test: 91.19%
Epoch: 1000, Loss: 0.0028, Train: 90.55%, Valid: 89.33%, Test: 90.68%, Best Valid: 91.08%, Best Test: 91.19%
Epoch: 1100, Loss: 0.0009, Train: 91.09%, Valid: 89.77%, Test: 91.03%, Best Valid: 91.08%, Best Test: 91.19%
Epoch: 1200, Loss: 0.0010, Train: 90.38%, Valid: 88.54%, Test: 90.38%, Best Valid: 91.08%, Best Test: 91.19%
Epoch: 1300, Loss: 0.0010, Train: 90.64%, Valid: 88.57%, Test: 90.79%, Best Valid: 91.08%, Best Test: 91.19%
Epoch: 1400, Loss: 0.0015, Train: 90.91%, Valid: 89.83%, Test: 91.17%, Best Valid: 91.08%, Best Test: 91.19%
Epoch: 1500, Loss: 0.0007, Train: 90.72%, Valid: 89.31%, Test: 91.33%, Best Valid: 91.08%, Best Test: 91.19%
Run 05:
Highest Train: 91.70
Highest Valid: 91.08
Highest Test: 91.98
Chosen epoch: 81
Final Train: 91.53
Final Test: 91.19
Label budget: 20/class -> 300 train nodes
Pre-training MLP for 500 epochs to generate co-occurrence matrix...
Penalty transform 'homophily': rel Frobenius dist to original = 0.0654, off-diag CV of original penalty = 0.0683
MLP pre-training complete. Penalty matrix frozen.
Epoch: 00, Loss: 3.5580, Train: 8.32%, Valid: 7.86%, Test: 7.85%, Best Valid: 7.86%, Best Test: 7.85%
Switching Polynormer to global attention phase.
Epoch: 100, Loss: 3.2497, Train: 12.29%, Valid: 11.97%, Test: 10.96%, Best Valid: 90.29%, Best Test: 91.30%
Epoch: 200, Loss: 0.2255, Train: 84.53%, Valid: 82.95%, Test: 84.11%, Best Valid: 90.29%, Best Test: 91.30%
Epoch: 300, Loss: 0.0211, Train: 87.74%, Valid: 86.44%, Test: 87.54%, Best Valid: 90.29%, Best Test: 91.30%
Epoch: 400, Loss: 0.0043, Train: 88.44%, Valid: 87.53%, Test: 88.06%, Best Valid: 90.29%, Best Test: 91.30%
Epoch: 500, Loss: 0.0031, Train: 88.15%, Valid: 87.21%, Test: 88.39%, Best Valid: 90.29%, Best Test: 91.30%
Epoch: 600, Loss: 0.0013, Train: 87.91%, Valid: 86.99%, Test: 88.17%, Best Valid: 90.29%, Best Test: 91.30%
Epoch: 700, Loss: 0.0078, Train: 84.73%, Valid: 83.47%, Test: 84.24%, Best Valid: 90.29%, Best Test: 91.30%
Epoch: 800, Loss: 0.0028, Train: 88.35%, Valid: 87.64%, Test: 88.79%, Best Valid: 90.29%, Best Test: 91.30%
Epoch: 900, Loss: 0.0014, Train: 87.94%, Valid: 87.62%, Test: 88.52%, Best Valid: 90.29%, Best Test: 91.30%
Epoch: 1000, Loss: 0.0015, Train: 89.34%, Valid: 88.98%, Test: 89.67%, Best Valid: 90.29%, Best Test: 91.30%
Epoch: 1100, Loss: 0.0048, Train: 88.45%, Valid: 88.24%, Test: 89.23%, Best Valid: 90.29%, Best Test: 91.30%
Epoch: 1200, Loss: 0.0310, Train: 89.29%, Valid: 88.84%, Test: 89.61%, Best Valid: 90.29%, Best Test: 91.30%
Epoch: 1300, Loss: 0.0023, Train: 89.61%, Valid: 88.03%, Test: 89.64%, Best Valid: 90.29%, Best Test: 91.30%
Epoch: 1400, Loss: 0.0267, Train: 87.68%, Valid: 85.95%, Test: 87.92%, Best Valid: 90.29%, Best Test: 91.30%
Epoch: 1500, Loss: 0.0054, Train: 87.54%, Valid: 86.58%, Test: 87.24%, Best Valid: 90.29%, Best Test: 91.30%
Run 06:
Highest Train: 91.14
Highest Valid: 90.29
Highest Test: 91.30
Chosen epoch: 52
Final Train: 90.95
Final Test: 91.30
Label budget: 20/class -> 300 train nodes
Pre-training MLP for 500 epochs to generate co-occurrence matrix...
Penalty transform 'homophily': rel Frobenius dist to original = 0.0502, off-diag CV of original penalty = 0.0536
MLP pre-training complete. Penalty matrix frozen.
Epoch: 00, Loss: 3.5496, Train: 11.01%, Valid: 11.29%, Test: 11.59%, Best Valid: 11.29%, Best Test: 11.59%
Switching Polynormer to global attention phase.
Epoch: 100, Loss: 3.2497, Train: 1.99%, Valid: 2.07%, Test: 2.07%, Best Valid: 91.11%, Best Test: 92.42%
Epoch: 200, Loss: 0.0216, Train: 76.04%, Valid: 74.69%, Test: 77.10%, Best Valid: 91.11%, Best Test: 92.42%
Epoch: 300, Loss: 0.0004, Train: 88.93%, Valid: 87.94%, Test: 89.50%, Best Valid: 91.11%, Best Test: 92.42%
Epoch: 400, Loss: 0.0005, Train: 89.75%, Valid: 89.09%, Test: 90.29%, Best Valid: 91.11%, Best Test: 92.42%
Epoch: 500, Loss: 0.0010, Train: 87.25%, Valid: 85.46%, Test: 87.76%, Best Valid: 91.11%, Best Test: 92.42%
Epoch: 600, Loss: 0.0039, Train: 87.27%, Valid: 86.28%, Test: 87.76%, Best Valid: 91.11%, Best Test: 92.42%
Epoch: 700, Loss: 0.1112, Train: 89.81%, Valid: 88.71%, Test: 89.97%, Best Valid: 91.11%, Best Test: 92.42%
Epoch: 800, Loss: 0.0068, Train: 88.75%, Valid: 87.83%, Test: 88.96%, Best Valid: 91.11%, Best Test: 92.42%
Epoch: 900, Loss: 0.0009, Train: 90.04%, Valid: 88.93%, Test: 90.02%, Best Valid: 91.11%, Best Test: 92.42%
Epoch: 1000, Loss: 0.0022, Train: 88.14%, Valid: 86.33%, Test: 88.66%, Best Valid: 91.11%, Best Test: 92.42%
Epoch: 1100, Loss: 0.0009, Train: 89.33%, Valid: 88.46%, Test: 90.40%, Best Valid: 91.11%, Best Test: 92.42%
Epoch: 1200, Loss: 0.0254, Train: 86.46%, Valid: 84.59%, Test: 86.01%, Best Valid: 91.11%, Best Test: 92.42%
Epoch: 1300, Loss: 0.0003, Train: 89.97%, Valid: 88.41%, Test: 90.54%, Best Valid: 91.11%, Best Test: 92.42%
Epoch: 1400, Loss: 0.0007, Train: 90.17%, Valid: 88.93%, Test: 90.59%, Best Valid: 91.11%, Best Test: 92.42%
Epoch: 1500, Loss: 0.0092, Train: 87.00%, Valid: 85.92%, Test: 87.68%, Best Valid: 91.11%, Best Test: 92.42%
Run 07:
Highest Train: 91.74
Highest Valid: 91.11
Highest Test: 92.48
Chosen epoch: 49
Final Train: 91.71
Final Test: 92.42
Label budget: 20/class -> 300 train nodes
Pre-training MLP for 500 epochs to generate co-occurrence matrix...
Penalty transform 'homophily': rel Frobenius dist to original = 0.0592, off-diag CV of original penalty = 0.0618
MLP pre-training complete. Penalty matrix frozen.
Epoch: 00, Loss: 3.5139, Train: 3.85%, Valid: 3.49%, Test: 4.06%, Best Valid: 3.49%, Best Test: 4.06%
Switching Polynormer to global attention phase.
Epoch: 100, Loss: 3.2497, Train: 0.67%, Valid: 0.55%, Test: 0.65%, Best Valid: 90.59%, Best Test: 91.90%
Epoch: 200, Loss: 0.1183, Train: 82.99%, Valid: 81.59%, Test: 83.10%, Best Valid: 90.59%, Best Test: 91.90%
Epoch: 300, Loss: 0.0100, Train: 89.54%, Valid: 88.46%, Test: 89.80%, Best Valid: 90.59%, Best Test: 91.90%
Epoch: 400, Loss: 0.0035, Train: 87.64%, Valid: 86.33%, Test: 87.65%, Best Valid: 90.59%, Best Test: 91.90%
Epoch: 500, Loss: 0.0085, Train: 88.48%, Valid: 86.74%, Test: 88.36%, Best Valid: 90.59%, Best Test: 91.90%
Epoch: 600, Loss: 0.0073, Train: 89.24%, Valid: 87.92%, Test: 88.93%, Best Valid: 90.59%, Best Test: 91.90%
Epoch: 700, Loss: 0.7435, Train: 57.16%, Valid: 55.37%, Test: 56.13%, Best Valid: 90.59%, Best Test: 91.90%
Epoch: 800, Loss: 0.0005, Train: 89.87%, Valid: 88.16%, Test: 89.07%, Best Valid: 90.59%, Best Test: 91.90%
Epoch: 900, Loss: 0.0028, Train: 89.76%, Valid: 88.79%, Test: 89.78%, Best Valid: 90.59%, Best Test: 91.90%
Epoch: 1000, Loss: 0.0014, Train: 89.89%, Valid: 88.49%, Test: 89.42%, Best Valid: 90.59%, Best Test: 91.90%
Epoch: 1100, Loss: 0.0008, Train: 89.80%, Valid: 88.11%, Test: 89.01%, Best Valid: 90.59%, Best Test: 91.90%
Epoch: 1200, Loss: 0.0015, Train: 89.53%, Valid: 87.89%, Test: 89.15%, Best Valid: 90.59%, Best Test: 91.90%
Epoch: 1300, Loss: 0.0087, Train: 87.93%, Valid: 87.21%, Test: 87.95%, Best Valid: 90.59%, Best Test: 91.90%
Epoch: 1400, Loss: 0.0023, Train: 88.61%, Valid: 87.53%, Test: 88.52%, Best Valid: 90.59%, Best Test: 91.90%
Epoch: 1500, Loss: 0.0037, Train: 90.16%, Valid: 89.50%, Test: 90.19%, Best Valid: 90.59%, Best Test: 91.90%
Run 08:
Highest Train: 91.84
Highest Valid: 90.59
Highest Test: 92.20
Chosen epoch: 46
Final Train: 91.60
Final Test: 91.90
Label budget: 20/class -> 300 train nodes
Pre-training MLP for 500 epochs to generate co-occurrence matrix...
Penalty transform 'homophily': rel Frobenius dist to original = 0.0518, off-diag CV of original penalty = 0.0547
MLP pre-training complete. Penalty matrix frozen.
Epoch: 00, Loss: 3.4854, Train: 7.76%, Valid: 7.36%, Test: 7.80%, Best Valid: 7.36%, Best Test: 7.80%
Switching Polynormer to global attention phase.
Epoch: 100, Loss: 3.2495, Train: 1.99%, Valid: 2.07%, Test: 2.07%, Best Valid: 91.08%, Best Test: 91.68%
Epoch: 200, Loss: 0.0250, Train: 87.64%, Valid: 86.55%, Test: 88.22%, Best Valid: 91.08%, Best Test: 91.68%
Epoch: 300, Loss: 0.1488, Train: 88.69%, Valid: 87.42%, Test: 89.07%, Best Valid: 91.08%, Best Test: 91.68%
Epoch: 400, Loss: 0.0010, Train: 90.43%, Valid: 89.42%, Test: 90.73%, Best Valid: 91.08%, Best Test: 91.68%
Epoch: 500, Loss: 0.0272, Train: 89.33%, Valid: 88.22%, Test: 88.74%, Best Valid: 91.08%, Best Test: 91.68%
Epoch: 600, Loss: 0.0015, Train: 90.16%, Valid: 89.77%, Test: 90.35%, Best Valid: 91.08%, Best Test: 91.68%
Epoch: 700, Loss: 0.0844, Train: 85.56%, Valid: 83.93%, Test: 83.86%, Best Valid: 91.08%, Best Test: 91.68%
Epoch: 800, Loss: 0.0003, Train: 91.22%, Valid: 90.45%, Test: 91.68%, Best Valid: 91.08%, Best Test: 91.68%
Epoch: 900, Loss: 0.0005, Train: 91.05%, Valid: 90.34%, Test: 91.41%, Best Valid: 91.08%, Best Test: 91.68%
Epoch: 1000, Loss: 0.0045, Train: 85.88%, Valid: 84.34%, Test: 85.39%, Best Valid: 91.08%, Best Test: 91.68%
Epoch: 1100, Loss: 0.0048, Train: 89.32%, Valid: 88.95%, Test: 89.45%, Best Valid: 91.08%, Best Test: 91.68%
Epoch: 1200, Loss: 0.0065, Train: 87.47%, Valid: 86.31%, Test: 88.63%, Best Valid: 91.08%, Best Test: 91.68%
Epoch: 1300, Loss: 0.0003, Train: 90.89%, Valid: 90.15%, Test: 91.38%, Best Valid: 91.08%, Best Test: 91.68%
Epoch: 1400, Loss: 0.0298, Train: 86.23%, Valid: 84.34%, Test: 86.23%, Best Valid: 91.08%, Best Test: 91.68%
Epoch: 1500, Loss: 0.0004, Train: 88.65%, Valid: 87.81%, Test: 89.18%, Best Valid: 91.08%, Best Test: 91.68%
Run 09:
Highest Train: 91.57
Highest Valid: 91.08
Highest Test: 92.07
Chosen epoch: 38
Final Train: 91.33
Final Test: 91.68
Label budget: 20/class -> 300 train nodes
Pre-training MLP for 500 epochs to generate co-occurrence matrix...
Penalty transform 'homophily': rel Frobenius dist to original = 0.0549, off-diag CV of original penalty = 0.0579
MLP pre-training complete. Penalty matrix frozen.
Epoch: 00, Loss: 3.4587, Train: 8.03%, Valid: 7.69%, Test: 7.61%, Best Valid: 7.69%, Best Test: 7.61%
Switching Polynormer to global attention phase.
Epoch: 100, Loss: 3.2496, Train: 2.55%, Valid: 2.15%, Test: 2.81%, Best Valid: 90.86%, Best Test: 92.26%
Epoch: 200, Loss: 0.1188, Train: 83.18%, Valid: 81.91%, Test: 83.12%, Best Valid: 90.86%, Best Test: 92.26%
Epoch: 300, Loss: 0.0313, Train: 88.86%, Valid: 88.63%, Test: 88.79%, Best Valid: 90.97%, Best Test: 90.89%
Epoch: 400, Loss: 0.0229, Train: 86.80%, Valid: 85.30%, Test: 85.96%, Best Valid: 90.97%, Best Test: 90.89%
Epoch: 500, Loss: 0.0013, Train: 90.34%, Valid: 89.93%, Test: 90.27%, Best Valid: 90.97%, Best Test: 90.89%
Epoch: 600, Loss: 0.0011, Train: 87.78%, Valid: 87.37%, Test: 88.44%, Best Valid: 90.97%, Best Test: 90.89%
Epoch: 700, Loss: 0.0044, Train: 88.14%, Valid: 87.15%, Test: 88.20%, Best Valid: 90.97%, Best Test: 90.89%
Epoch: 800, Loss: 0.0007, Train: 89.84%, Valid: 89.33%, Test: 90.05%, Best Valid: 90.97%, Best Test: 90.89%
Epoch: 900, Loss: 0.0031, Train: 89.94%, Valid: 89.44%, Test: 89.86%, Best Valid: 90.97%, Best Test: 90.89%
Epoch: 1000, Loss: 0.1774, Train: 88.81%, Valid: 87.67%, Test: 88.85%, Best Valid: 90.97%, Best Test: 90.89%
Epoch: 1100, Loss: 0.0254, Train: 88.77%, Valid: 87.64%, Test: 88.50%, Best Valid: 90.97%, Best Test: 90.89%
Epoch: 1200, Loss: 0.0134, Train: 89.04%, Valid: 87.89%, Test: 88.77%, Best Valid: 90.97%, Best Test: 90.89%
Epoch: 1300, Loss: 0.0003, Train: 91.34%, Valid: 90.02%, Test: 90.62%, Best Valid: 90.97%, Best Test: 90.89%
Epoch: 1400, Loss: 0.0015, Train: 89.29%, Valid: 88.03%, Test: 89.31%, Best Valid: 91.24%, Best Test: 91.28%
Epoch: 1500, Loss: 0.0799, Train: 87.31%, Valid: 86.69%, Test: 88.03%, Best Valid: 91.24%, Best Test: 91.28%
Run 10:
Highest Train: 92.01
Highest Valid: 91.24
Highest Test: 92.28
Chosen epoch: 1305
Final Train: 92.01
Final Test: 91.28
All runs:
Highest Train: 91.81 ± 0.33
Highest Test: 92.19 ± 0.42
Highest Valid: 91.07 ± 0.50
  Final Train: 91.63 ± 0.39
   Final Test: 91.79 ± 0.58
Saving results to ../results/lowlabel/coauthor-cs/polynormer.csv
--- mlp_reg/homophily control | lambda=0.4 ---
Namespace(aggregate='add', alpha=0.5, attention='gcn', beta=-1.0, bn=False, budget_tag='20', count_reg=False, count_smoothing=1.0, cpu=False, data_dir='../data/', dataset='coauthor-cs', device=0, dim_inner=64, display_step=100, dropout=0.3, epochs=500, global_dropout=None, global_epochs=1500, global_layers=2, gnn='gcn', graph_weight=0.8, hidden_channels=64, hops=10, in_dropout=0.1, jk=False, label_num_per_class=20, lambda_val=0.4, layers=1, ln=False, local_epochs=100, local_gnn_type='GCN', local_layers=5, lr=0.001, metric='acc', mlp_epochs=500, mlp_reg=True, model='polynormer', model_dir='models/lowlabel_ctrl_1214890_77', n_heads=8, num_centroids=4096, num_heads=8, oracle_reg=False, paired_seeds=True, pe_types='RWSE', penalty_transform='homophily', pre_linear=False, pre_ln=False, rand_split=False, rand_split_class=False, reg_start_epoch=10, reg_update_freq=5, res=False, resample_split_per_run=False, result_dir='../results/lowlabel', runs=10, save_model=True, save_result=False, seed=42, test_num=1000, tr_dropout=None, tr_layers=1, tr_weight_decay=None, train_per_class=20, train_prop=0.5, use_act=False, use_bn=False, use_graph=False, use_reg=True, use_residual=False, use_weight=False, valid_num=500, valid_per_class=0, valid_prop=0.25, weight_decay=0.0005)
coauthor-cs
dataset coauthor-cs | num nodes 18333 | num edge 163788 | num node feats 6805 | num classes 15
MODEL: Polynormer(
  (h_lins): ModuleList(
    (0): Linear(in_features=512, out_features=512, bias=True)
    (1): Linear(in_features=512, out_features=512, bias=True)
    (2): Linear(in_features=512, out_features=512, bias=True)
    (3): Linear(in_features=512, out_features=512, bias=True)
    (4): Linear(in_features=512, out_features=512, bias=True)
  )
  (local_convs): ModuleList(
    (0): GATConv(512, 64, heads=8)
    (1): GATConv(512, 64, heads=8)
    (2): GATConv(512, 64, heads=8)
    (3): GATConv(512, 64, heads=8)
    (4): GATConv(512, 64, heads=8)
  )
  (lins): ModuleList(
    (0): Linear(in_features=512, out_features=512, bias=True)
    (1): Linear(in_features=512, out_features=512, bias=True)
    (2): Linear(in_features=512, out_features=512, bias=True)
    (3): Linear(in_features=512, out_features=512, bias=True)
    (4): Linear(in_features=512, out_features=512, bias=True)
  )
  (lns): ModuleList(
    (0): LayerNorm((512,), eps=1e-05, elementwise_affine=True)
    (1): LayerNorm((512,), eps=1e-05, elementwise_affine=True)
    (2): LayerNorm((512,), eps=1e-05, elementwise_affine=True)
    (3): LayerNorm((512,), eps=1e-05, elementwise_affine=True)
    (4): LayerNorm((512,), eps=1e-05, elementwise_affine=True)
  )
  (lin_in): Linear(in_features=6805, out_features=512, bias=True)
  (ln): LayerNorm((512,), eps=1e-05, elementwise_affine=True)
  (global_attn): GlobalAttn(
    (h_lins): ModuleList(
      (0): Linear(in_features=512, out_features=512, bias=True)
      (1): Linear(in_features=512, out_features=512, bias=True)
    )
    (k_lins): ModuleList(
      (0): Linear(in_features=512, out_features=512, bias=True)
      (1): Linear(in_features=512, out_features=512, bias=True)
    )
    (v_lins): ModuleList(
      (0): Linear(in_features=512, out_features=512, bias=True)
      (1): Linear(in_features=512, out_features=512, bias=True)
    )
    (lns): ModuleList(
      (0): LayerNorm((512,), eps=1e-05, elementwise_affine=True)
      (1): LayerNorm((512,), eps=1e-05, elementwise_affine=True)
    )
    (lin_out): Linear(in_features=512, out_features=512, bias=True)
  )
  (pred_local): Linear(in_features=512, out_features=15, bias=True)
  (pred_global): Linear(in_features=512, out_features=15, bias=True)
)
Label budget: 20/class -> 300 train nodes
Pre-training MLP for 500 epochs to generate co-occurrence matrix...
Penalty transform 'homophily': rel Frobenius dist to original = 0.0449, off-diag CV of original penalty = 0.0488
MLP pre-training complete. Penalty matrix frozen.
Epoch: 00, Loss: 3.9779, Train: 14.51%, Valid: 14.24%, Test: 13.28%, Best Valid: 14.24%, Best Test: 13.28%
Switching Polynormer to global attention phase.
Epoch: 100, Loss: 3.8011, Train: 24.87%, Valid: 24.80%, Test: 24.54%, Best Valid: 92.42%, Best Test: 92.48%
Epoch: 200, Loss: 0.0014, Train: 89.74%, Valid: 88.93%, Test: 89.86%, Best Valid: 92.42%, Best Test: 92.48%
Epoch: 300, Loss: 0.0003, Train: 90.45%, Valid: 89.58%, Test: 90.70%, Best Valid: 92.42%, Best Test: 92.48%
Epoch: 400, Loss: 0.0007, Train: 91.20%, Valid: 91.16%, Test: 91.36%, Best Valid: 92.42%, Best Test: 92.48%
Epoch: 500, Loss: 0.0019, Train: 90.60%, Valid: 89.93%, Test: 90.95%, Best Valid: 92.42%, Best Test: 92.48%
Epoch: 600, Loss: 0.0046, Train: 91.74%, Valid: 90.86%, Test: 91.88%, Best Valid: 92.42%, Best Test: 92.48%
Epoch: 700, Loss: 0.0008, Train: 92.05%, Valid: 91.00%, Test: 92.28%, Best Valid: 92.42%, Best Test: 92.48%
Epoch: 800, Loss: 0.0015, Train: 91.61%, Valid: 90.64%, Test: 92.26%, Best Valid: 92.42%, Best Test: 92.48%
Epoch: 900, Loss: 0.0008, Train: 92.35%, Valid: 90.92%, Test: 92.48%, Best Valid: 92.42%, Best Test: 92.48%
Epoch: 1000, Loss: 0.0201, Train: 90.87%, Valid: 90.21%, Test: 90.84%, Best Valid: 92.42%, Best Test: 92.48%
Epoch: 1100, Loss: 0.0017, Train: 88.88%, Valid: 87.29%, Test: 89.09%, Best Valid: 92.42%, Best Test: 92.48%
Epoch: 1200, Loss: 0.0030, Train: 89.20%, Valid: 87.83%, Test: 89.42%, Best Valid: 92.42%, Best Test: 92.48%
Epoch: 1300, Loss: 0.0130, Train: 90.81%, Valid: 89.96%, Test: 91.36%, Best Valid: 92.42%, Best Test: 92.48%
Epoch: 1400, Loss: 0.0464, Train: 89.86%, Valid: 88.13%, Test: 89.69%, Best Valid: 92.42%, Best Test: 92.48%
Epoch: 1500, Loss: 0.0224, Train: 92.52%, Valid: 92.01%, Test: 92.83%, Best Valid: 92.42%, Best Test: 92.48%
Run 01:
Highest Train: 92.65
Highest Valid: 92.42
Highest Test: 92.97
Chosen epoch: 86
Final Train: 92.50
Final Test: 92.48
Label budget: 20/class -> 300 train nodes
Pre-training MLP for 500 epochs to generate co-occurrence matrix...
Penalty transform 'homophily': rel Frobenius dist to original = 0.0526, off-diag CV of original penalty = 0.0568
MLP pre-training complete. Penalty matrix frozen.
Epoch: 00, Loss: 3.9681, Train: 12.29%, Valid: 11.97%, Test: 10.96%, Best Valid: 11.97%, Best Test: 10.96%
Switching Polynormer to global attention phase.
Epoch: 100, Loss: 3.7908, Train: 4.15%, Valid: 4.50%, Test: 4.20%, Best Valid: 91.22%, Best Test: 92.28%
Epoch: 200, Loss: 0.0482, Train: 84.55%, Valid: 83.74%, Test: 84.76%, Best Valid: 91.22%, Best Test: 92.28%
Epoch: 300, Loss: 0.0015, Train: 89.15%, Valid: 88.65%, Test: 88.85%, Best Valid: 91.22%, Best Test: 92.28%
Epoch: 400, Loss: 0.0045, Train: 90.78%, Valid: 90.13%, Test: 90.21%, Best Valid: 91.22%, Best Test: 92.28%
Epoch: 500, Loss: 0.0005, Train: 90.20%, Valid: 89.53%, Test: 89.97%, Best Valid: 91.22%, Best Test: 92.28%
Epoch: 600, Loss: 0.0007, Train: 90.71%, Valid: 90.23%, Test: 90.32%, Best Valid: 91.22%, Best Test: 92.28%
Epoch: 700, Loss: 0.0049, Train: 89.07%, Valid: 88.03%, Test: 89.04%, Best Valid: 91.22%, Best Test: 92.28%
Epoch: 800, Loss: 0.0013, Train: 90.63%, Valid: 89.31%, Test: 90.08%, Best Valid: 91.22%, Best Test: 92.28%
Epoch: 900, Loss: 0.0194, Train: 86.88%, Valid: 86.12%, Test: 87.10%, Best Valid: 91.22%, Best Test: 92.28%
Epoch: 1000, Loss: 0.0009, Train: 90.59%, Valid: 89.72%, Test: 90.43%, Best Valid: 91.22%, Best Test: 92.28%
Epoch: 1100, Loss: 0.0012, Train: 90.39%, Valid: 89.36%, Test: 89.61%, Best Valid: 91.22%, Best Test: 92.28%
Epoch: 1200, Loss: 0.0202, Train: 87.24%, Valid: 85.24%, Test: 86.78%, Best Valid: 91.22%, Best Test: 92.28%
Epoch: 1300, Loss: 0.0019, Train: 89.84%, Valid: 88.11%, Test: 89.34%, Best Valid: 91.22%, Best Test: 92.28%
Epoch: 1400, Loss: 0.0006, Train: 90.53%, Valid: 89.25%, Test: 90.02%, Best Valid: 91.22%, Best Test: 92.28%
Epoch: 1500, Loss: 0.0016, Train: 89.53%, Valid: 88.63%, Test: 89.04%, Best Valid: 91.22%, Best Test: 92.28%
Run 02:
Highest Train: 92.15
Highest Valid: 91.22
Highest Test: 92.28
Chosen epoch: 29
Final Train: 92.15
Final Test: 92.28
Label budget: 20/class -> 300 train nodes
Pre-training MLP for 500 epochs to generate co-occurrence matrix...
Penalty transform 'homophily': rel Frobenius dist to original = 0.0601, off-diag CV of original penalty = 0.0630
MLP pre-training complete. Penalty matrix frozen.
Epoch: 00, Loss: 4.0541, Train: 4.15%, Valid: 4.50%, Test: 4.20%, Best Valid: 4.50%, Best Test: 4.20%
Switching Polynormer to global attention phase.
Epoch: 100, Loss: 3.7913, Train: 12.29%, Valid: 11.97%, Test: 10.96%, Best Valid: 90.97%, Best Test: 91.74%
Epoch: 200, Loss: 0.0632, Train: 87.63%, Valid: 85.35%, Test: 88.14%, Best Valid: 90.97%, Best Test: 91.74%
Epoch: 300, Loss: 0.0090, Train: 87.16%, Valid: 85.32%, Test: 86.91%, Best Valid: 90.97%, Best Test: 91.74%
Epoch: 400, Loss: 0.0635, Train: 88.39%, Valid: 86.74%, Test: 88.00%, Best Valid: 90.97%, Best Test: 91.74%
Epoch: 500, Loss: 0.0094, Train: 89.48%, Valid: 88.38%, Test: 89.23%, Best Valid: 90.97%, Best Test: 91.74%
Epoch: 600, Loss: 0.0125, Train: 88.19%, Valid: 86.36%, Test: 88.25%, Best Valid: 90.97%, Best Test: 91.74%
Epoch: 700, Loss: 0.0011, Train: 90.60%, Valid: 89.12%, Test: 90.81%, Best Valid: 90.97%, Best Test: 91.74%
Epoch: 800, Loss: 0.1069, Train: 84.74%, Valid: 82.57%, Test: 85.74%, Best Valid: 90.97%, Best Test: 91.74%
Epoch: 900, Loss: 0.0010, Train: 91.61%, Valid: 90.07%, Test: 91.71%, Best Valid: 90.97%, Best Test: 91.74%
Epoch: 1000, Loss: 0.0026, Train: 89.16%, Valid: 87.45%, Test: 89.09%, Best Valid: 90.97%, Best Test: 91.74%
Epoch: 1100, Loss: 0.0006, Train: 90.33%, Valid: 88.90%, Test: 90.81%, Best Valid: 90.97%, Best Test: 91.74%
Epoch: 1200, Loss: 0.0229, Train: 89.73%, Valid: 88.49%, Test: 90.70%, Best Valid: 90.97%, Best Test: 91.74%
Epoch: 1300, Loss: 0.0005, Train: 90.10%, Valid: 88.82%, Test: 90.81%, Best Valid: 90.97%, Best Test: 91.74%
Epoch: 1400, Loss: 0.0024, Train: 89.20%, Valid: 87.34%, Test: 89.59%, Best Valid: 90.97%, Best Test: 91.74%
Epoch: 1500, Loss: 0.0131, Train: 89.04%, Valid: 87.53%, Test: 88.50%, Best Valid: 90.97%, Best Test: 91.74%
Run 03:
Highest Train: 92.07
Highest Valid: 90.97
Highest Test: 92.28
Chosen epoch: 37
Final Train: 91.63
Final Test: 91.74
Label budget: 20/class -> 300 train nodes
Pre-training MLP for 500 epochs to generate co-occurrence matrix...
Penalty transform 'homophily': rel Frobenius dist to original = 0.0606, off-diag CV of original penalty = 0.0644
MLP pre-training complete. Penalty matrix frozen.
Epoch: 00, Loss: 3.9953, Train: 4.63%, Valid: 4.80%, Test: 5.29%, Best Valid: 4.80%, Best Test: 5.29%
Switching Polynormer to global attention phase.
Epoch: 100, Loss: 3.7913, Train: 11.11%, Valid: 10.91%, Test: 11.21%, Best Valid: 90.13%, Best Test: 91.33%
Epoch: 200, Loss: 0.1810, Train: 89.19%, Valid: 87.37%, Test: 88.99%, Best Valid: 90.13%, Best Test: 91.33%
Epoch: 300, Loss: 0.0135, Train: 88.21%, Valid: 86.12%, Test: 88.11%, Best Valid: 90.13%, Best Test: 91.33%
Epoch: 400, Loss: 0.0192, Train: 86.08%, Valid: 84.21%, Test: 86.26%, Best Valid: 90.13%, Best Test: 91.33%
Epoch: 500, Loss: 0.0010, Train: 90.63%, Valid: 87.97%, Test: 90.08%, Best Valid: 90.13%, Best Test: 91.33%
Epoch: 600, Loss: 0.0013, Train: 90.57%, Valid: 88.93%, Test: 90.32%, Best Valid: 90.13%, Best Test: 91.33%
Epoch: 700, Loss: 0.0236, Train: 88.06%, Valid: 86.80%, Test: 88.00%, Best Valid: 90.13%, Best Test: 91.33%
Epoch: 800, Loss: 0.0067, Train: 86.84%, Valid: 85.41%, Test: 87.02%, Best Valid: 90.13%, Best Test: 91.33%
Epoch: 900, Loss: 0.0303, Train: 89.13%, Valid: 87.89%, Test: 89.26%, Best Valid: 90.13%, Best Test: 91.33%
Epoch: 1000, Loss: 0.0007, Train: 89.70%, Valid: 88.49%, Test: 89.50%, Best Valid: 90.13%, Best Test: 91.33%
Epoch: 1100, Loss: 0.0064, Train: 89.16%, Valid: 87.94%, Test: 88.96%, Best Valid: 90.13%, Best Test: 91.33%
Epoch: 1200, Loss: 0.0036, Train: 90.46%, Valid: 88.93%, Test: 90.35%, Best Valid: 90.13%, Best Test: 91.33%
Epoch: 1300, Loss: 0.0010, Train: 90.93%, Valid: 89.01%, Test: 90.43%, Best Valid: 90.21%, Best Test: 90.73%
Epoch: 1400, Loss: 0.0015, Train: 90.98%, Valid: 89.66%, Test: 90.62%, Best Valid: 90.21%, Best Test: 90.73%
Epoch: 1500, Loss: 0.0146, Train: 88.36%, Valid: 86.33%, Test: 88.11%, Best Valid: 90.21%, Best Test: 90.73%
Run 04:
Highest Train: 91.52
Highest Valid: 90.21
Highest Test: 91.74
Chosen epoch: 1225
Final Train: 91.14
Final Test: 90.73
Label budget: 20/class -> 300 train nodes
Pre-training MLP for 500 epochs to generate co-occurrence matrix...
Penalty transform 'homophily': rel Frobenius dist to original = 0.0515, off-diag CV of original penalty = 0.0544
MLP pre-training complete. Penalty matrix frozen.
Epoch: 00, Loss: 4.0640, Train: 2.49%, Valid: 1.99%, Test: 2.18%, Best Valid: 1.99%, Best Test: 2.18%
Switching Polynormer to global attention phase.
Epoch: 100, Loss: 3.7913, Train: 1.99%, Valid: 2.07%, Test: 2.07%, Best Valid: 90.92%, Best Test: 91.68%
Epoch: 200, Loss: 0.0339, Train: 87.51%, Valid: 86.25%, Test: 88.20%, Best Valid: 90.92%, Best Test: 91.68%
Epoch: 300, Loss: 0.0057, Train: 85.05%, Valid: 84.42%, Test: 85.33%, Best Valid: 90.92%, Best Test: 91.68%
Epoch: 400, Loss: 0.5388, Train: 82.09%, Valid: 79.76%, Test: 81.43%, Best Valid: 90.92%, Best Test: 91.68%
Epoch: 500, Loss: 0.0013, Train: 88.40%, Valid: 86.96%, Test: 88.60%, Best Valid: 90.92%, Best Test: 91.68%
Epoch: 600, Loss: 0.0022, Train: 86.99%, Valid: 85.00%, Test: 87.27%, Best Valid: 90.92%, Best Test: 91.68%
Epoch: 700, Loss: 0.0004, Train: 89.23%, Valid: 87.53%, Test: 89.29%, Best Valid: 90.92%, Best Test: 91.68%
Epoch: 800, Loss: 0.0006, Train: 89.43%, Valid: 88.00%, Test: 89.39%, Best Valid: 90.92%, Best Test: 91.68%
Epoch: 900, Loss: 0.0040, Train: 87.82%, Valid: 86.91%, Test: 87.62%, Best Valid: 90.92%, Best Test: 91.68%
Epoch: 1000, Loss: 0.0006, Train: 87.46%, Valid: 86.03%, Test: 86.97%, Best Valid: 90.92%, Best Test: 91.68%
Epoch: 1100, Loss: 0.0054, Train: 89.76%, Valid: 89.39%, Test: 89.91%, Best Valid: 90.92%, Best Test: 91.68%
Epoch: 1200, Loss: 0.0020, Train: 89.59%, Valid: 88.35%, Test: 89.59%, Best Valid: 90.92%, Best Test: 91.68%
Epoch: 1300, Loss: 0.0669, Train: 85.80%, Valid: 83.72%, Test: 84.84%, Best Valid: 90.92%, Best Test: 91.68%
Epoch: 1400, Loss: 0.0022, Train: 90.32%, Valid: 88.76%, Test: 89.89%, Best Valid: 90.92%, Best Test: 91.68%
Epoch: 1500, Loss: 0.0011, Train: 90.25%, Valid: 89.28%, Test: 90.19%, Best Valid: 90.92%, Best Test: 91.68%
Run 05:
Highest Train: 91.79
Highest Valid: 90.92
Highest Test: 91.79
Chosen epoch: 53
Final Train: 91.79
Final Test: 91.68
Label budget: 20/class -> 300 train nodes
Pre-training MLP for 500 epochs to generate co-occurrence matrix...
Penalty transform 'homophily': rel Frobenius dist to original = 0.0654, off-diag CV of original penalty = 0.0683
MLP pre-training complete. Penalty matrix frozen.
Epoch: 00, Loss: 4.1510, Train: 8.42%, Valid: 8.18%, Test: 7.72%, Best Valid: 8.18%, Best Test: 7.72%
Switching Polynormer to global attention phase.
Epoch: 100, Loss: 3.7912, Train: 11.11%, Valid: 10.91%, Test: 11.21%, Best Valid: 90.78%, Best Test: 91.38%
Epoch: 200, Loss: 0.0166, Train: 86.03%, Valid: 84.83%, Test: 86.01%, Best Valid: 90.78%, Best Test: 91.38%
Epoch: 300, Loss: 0.0045, Train: 86.43%, Valid: 85.24%, Test: 87.02%, Best Valid: 90.78%, Best Test: 91.38%
Epoch: 400, Loss: 0.0224, Train: 89.62%, Valid: 88.33%, Test: 90.51%, Best Valid: 90.78%, Best Test: 91.38%
Epoch: 500, Loss: 0.0006, Train: 89.30%, Valid: 88.13%, Test: 89.59%, Best Valid: 90.78%, Best Test: 91.38%
Epoch: 600, Loss: 0.0043, Train: 90.56%, Valid: 89.91%, Test: 90.32%, Best Valid: 90.78%, Best Test: 91.38%
Epoch: 700, Loss: 0.0011, Train: 90.34%, Valid: 89.77%, Test: 89.64%, Best Valid: 90.78%, Best Test: 91.38%
Epoch: 800, Loss: 0.0117, Train: 89.20%, Valid: 87.78%, Test: 88.82%, Best Valid: 90.78%, Best Test: 91.38%
Epoch: 900, Loss: 0.0006, Train: 89.81%, Valid: 88.82%, Test: 90.49%, Best Valid: 90.78%, Best Test: 91.38%
Epoch: 1000, Loss: 0.0044, Train: 89.48%, Valid: 89.09%, Test: 89.89%, Best Valid: 90.78%, Best Test: 91.38%
Epoch: 1100, Loss: 0.1565, Train: 87.36%, Valid: 87.04%, Test: 87.08%, Best Valid: 90.78%, Best Test: 91.38%
Epoch: 1200, Loss: 0.1137, Train: 89.18%, Valid: 87.86%, Test: 88.71%, Best Valid: 90.78%, Best Test: 91.38%
Epoch: 1300, Loss: 0.0021, Train: 91.28%, Valid: 90.32%, Test: 90.54%, Best Valid: 90.78%, Best Test: 91.38%
Epoch: 1400, Loss: 0.0371, Train: 88.00%, Valid: 86.96%, Test: 88.33%, Best Valid: 90.78%, Best Test: 91.38%
Epoch: 1500, Loss: 0.0041, Train: 88.67%, Valid: 88.38%, Test: 88.77%, Best Valid: 90.78%, Best Test: 91.38%
Run 06:
Highest Train: 91.52
Highest Valid: 90.78
Highest Test: 91.66
Chosen epoch: 35
Final Train: 91.38
Final Test: 91.38
Label budget: 20/class -> 300 train nodes
Pre-training MLP for 500 epochs to generate co-occurrence matrix...
Penalty transform 'homophily': rel Frobenius dist to original = 0.0502, off-diag CV of original penalty = 0.0536
MLP pre-training complete. Penalty matrix frozen.
Epoch: 00, Loss: 4.1412, Train: 11.01%, Valid: 11.29%, Test: 11.59%, Best Valid: 11.29%, Best Test: 11.59%
Switching Polynormer to global attention phase.
Epoch: 100, Loss: 3.7913, Train: 22.05%, Valid: 23.92%, Test: 22.74%, Best Valid: 90.78%, Best Test: 92.07%
Epoch: 200, Loss: 0.1043, Train: 86.76%, Valid: 85.43%, Test: 87.00%, Best Valid: 90.78%, Best Test: 92.07%
Epoch: 300, Loss: 0.0399, Train: 87.28%, Valid: 86.39%, Test: 87.54%, Best Valid: 90.78%, Best Test: 92.07%
Epoch: 400, Loss: 0.0269, Train: 88.63%, Valid: 87.29%, Test: 87.92%, Best Valid: 90.78%, Best Test: 92.07%
Epoch: 500, Loss: 0.0010, Train: 90.34%, Valid: 89.06%, Test: 90.70%, Best Valid: 90.78%, Best Test: 92.07%
Epoch: 600, Loss: 0.0008, Train: 90.61%, Valid: 89.53%, Test: 90.70%, Best Valid: 90.78%, Best Test: 92.07%
Epoch: 700, Loss: 0.0032, Train: 89.72%, Valid: 89.39%, Test: 90.49%, Best Valid: 90.78%, Best Test: 92.07%
Epoch: 800, Loss: 0.0007, Train: 87.44%, Valid: 86.63%, Test: 87.95%, Best Valid: 90.78%, Best Test: 92.07%
Epoch: 900, Loss: 0.0011, Train: 89.40%, Valid: 89.72%, Test: 90.13%, Best Valid: 90.78%, Best Test: 92.07%
Epoch: 1000, Loss: 0.0020, Train: 90.35%, Valid: 90.23%, Test: 90.46%, Best Valid: 90.78%, Best Test: 92.07%
Epoch: 1100, Loss: 0.0008, Train: 90.65%, Valid: 90.56%, Test: 91.52%, Best Valid: 91.13%, Best Test: 91.19%
Epoch: 1200, Loss: 0.0098, Train: 87.14%, Valid: 86.20%, Test: 88.30%, Best Valid: 91.13%, Best Test: 91.19%
Epoch: 1300, Loss: 0.0219, Train: 89.16%, Valid: 88.87%, Test: 89.56%, Best Valid: 91.13%, Best Test: 91.19%
Epoch: 1400, Loss: 0.0014, Train: 88.53%, Valid: 87.92%, Test: 89.09%, Best Valid: 91.13%, Best Test: 91.19%
Epoch: 1500, Loss: 0.0010, Train: 89.49%, Valid: 88.95%, Test: 90.65%, Best Valid: 91.13%, Best Test: 91.19%
Run 07:
Highest Train: 91.69
Highest Valid: 91.13
Highest Test: 92.37
Chosen epoch: 1005
Final Train: 91.04
Final Test: 91.19
Label budget: 20/class -> 300 train nodes
Pre-training MLP for 500 epochs to generate co-occurrence matrix...
Penalty transform 'homophily': rel Frobenius dist to original = 0.0592, off-diag CV of original penalty = 0.0618
MLP pre-training complete. Penalty matrix frozen.
Epoch: 00, Loss: 4.0995, Train: 3.88%, Valid: 3.57%, Test: 4.09%, Best Valid: 3.57%, Best Test: 4.09%
Switching Polynormer to global attention phase.
Epoch: 100, Loss: 3.7913, Train: 22.05%, Valid: 23.92%, Test: 22.74%, Best Valid: 91.22%, Best Test: 92.34%
Epoch: 200, Loss: 0.2192, Train: 85.88%, Valid: 84.37%, Test: 85.96%, Best Valid: 91.22%, Best Test: 92.34%
Epoch: 300, Loss: 0.0008, Train: 88.79%, Valid: 87.48%, Test: 88.41%, Best Valid: 91.22%, Best Test: 92.34%
Epoch: 400, Loss: 0.0048, Train: 88.87%, Valid: 87.18%, Test: 88.33%, Best Valid: 91.22%, Best Test: 92.34%
Epoch: 500, Loss: 0.0012, Train: 89.57%, Valid: 87.70%, Test: 89.09%, Best Valid: 91.22%, Best Test: 92.34%
Epoch: 600, Loss: 0.0101, Train: 88.05%, Valid: 86.33%, Test: 87.46%, Best Valid: 91.22%, Best Test: 92.34%
Epoch: 700, Loss: 0.0180, Train: 87.36%, Valid: 86.63%, Test: 87.49%, Best Valid: 91.22%, Best Test: 92.34%
Epoch: 800, Loss: 0.0009, Train: 88.82%, Valid: 87.51%, Test: 88.71%, Best Valid: 91.22%, Best Test: 92.34%
Epoch: 900, Loss: 0.0010, Train: 89.98%, Valid: 88.38%, Test: 89.80%, Best Valid: 91.22%, Best Test: 92.34%
Epoch: 1000, Loss: 0.0010, Train: 89.99%, Valid: 88.43%, Test: 90.08%, Best Valid: 91.22%, Best Test: 92.34%
Epoch: 1100, Loss: 0.0014, Train: 90.83%, Valid: 89.14%, Test: 90.79%, Best Valid: 91.22%, Best Test: 92.34%
Epoch: 1200, Loss: 0.0018, Train: 89.30%, Valid: 87.51%, Test: 88.25%, Best Valid: 91.22%, Best Test: 92.34%
Epoch: 1300, Loss: 0.0289, Train: 90.01%, Valid: 88.24%, Test: 89.67%, Best Valid: 91.22%, Best Test: 92.34%
Epoch: 1400, Loss: 0.0015, Train: 89.19%, Valid: 87.92%, Test: 88.63%, Best Valid: 91.22%, Best Test: 92.34%
Epoch: 1500, Loss: 0.0008, Train: 90.45%, Valid: 89.03%, Test: 90.40%, Best Valid: 91.22%, Best Test: 92.34%
Run 08:
Highest Train: 92.04
Highest Valid: 91.22
Highest Test: 92.45
Chosen epoch: 97
Final Train: 91.91
Final Test: 92.34
Label budget: 20/class -> 300 train nodes
Pre-training MLP for 500 epochs to generate co-occurrence matrix...
Penalty transform 'homophily': rel Frobenius dist to original = 0.0518, off-diag CV of original penalty = 0.0547
MLP pre-training complete. Penalty matrix frozen.
Epoch: 00, Loss: 4.0663, Train: 7.70%, Valid: 7.23%, Test: 7.61%, Best Valid: 7.23%, Best Test: 7.61%
Switching Polynormer to global attention phase.
Epoch: 100, Loss: 3.7912, Train: 1.99%, Valid: 2.07%, Test: 2.07%, Best Valid: 90.89%, Best Test: 91.90%
Epoch: 200, Loss: 0.3472, Train: 84.82%, Valid: 83.72%, Test: 85.39%, Best Valid: 90.89%, Best Test: 91.90%
Epoch: 300, Loss: 0.0226, Train: 89.59%, Valid: 88.35%, Test: 89.78%, Best Valid: 90.89%, Best Test: 91.90%
Epoch: 400, Loss: 0.0028, Train: 88.25%, Valid: 86.66%, Test: 88.39%, Best Valid: 90.89%, Best Test: 91.90%
Epoch: 500, Loss: 0.0125, Train: 88.62%, Valid: 87.86%, Test: 89.01%, Best Valid: 90.89%, Best Test: 91.90%
Epoch: 600, Loss: 0.0010, Train: 91.65%, Valid: 90.73%, Test: 91.33%, Best Valid: 90.89%, Best Test: 91.90%
Epoch: 700, Loss: 0.0031, Train: 90.70%, Valid: 89.74%, Test: 91.19%, Best Valid: 90.94%, Best Test: 91.96%
Epoch: 800, Loss: 0.0007, Train: 91.53%, Valid: 90.75%, Test: 91.68%, Best Valid: 91.03%, Best Test: 91.68%
Epoch: 900, Loss: 0.0113, Train: 89.51%, Valid: 88.98%, Test: 89.39%, Best Valid: 91.43%, Best Test: 92.04%
Epoch: 1000, Loss: 0.0127, Train: 89.53%, Valid: 88.60%, Test: 89.78%, Best Valid: 91.43%, Best Test: 92.04%
Epoch: 1100, Loss: 0.0011, Train: 90.57%, Valid: 89.25%, Test: 90.89%, Best Valid: 91.43%, Best Test: 92.04%
Epoch: 1200, Loss: 0.0012, Train: 89.78%, Valid: 88.46%, Test: 90.08%, Best Valid: 91.43%, Best Test: 92.04%
Epoch: 1300, Loss: 0.0036, Train: 90.14%, Valid: 89.03%, Test: 90.54%, Best Valid: 91.43%, Best Test: 92.04%
Epoch: 1400, Loss: 0.0338, Train: 87.64%, Valid: 86.44%, Test: 87.73%, Best Valid: 91.43%, Best Test: 92.04%
Epoch: 1500, Loss: 0.0045, Train: 88.06%, Valid: 86.82%, Test: 88.41%, Best Valid: 91.43%, Best Test: 92.04%
Run 09:
Highest Train: 92.17
Highest Valid: 91.43
Highest Test: 92.12
Chosen epoch: 872
Final Train: 91.96
Final Test: 92.04
Label budget: 20/class -> 300 train nodes
Pre-training MLP for 500 epochs to generate co-occurrence matrix...
Penalty transform 'homophily': rel Frobenius dist to original = 0.0549, off-diag CV of original penalty = 0.0579
MLP pre-training complete. Penalty matrix frozen.
Epoch: 00, Loss: 4.0351, Train: 8.03%, Valid: 7.69%, Test: 7.61%, Best Valid: 7.69%, Best Test: 7.61%
Switching Polynormer to global attention phase.
Epoch: 100, Loss: 3.7913, Train: 11.11%, Valid: 10.91%, Test: 11.21%, Best Valid: 90.97%, Best Test: 91.98%
Epoch: 200, Loss: 0.1200, Train: 84.05%, Valid: 83.14%, Test: 83.07%, Best Valid: 90.97%, Best Test: 91.98%
Epoch: 300, Loss: 0.0196, Train: 90.63%, Valid: 89.88%, Test: 90.51%, Best Valid: 90.97%, Best Test: 91.98%
Epoch: 400, Loss: 0.0043, Train: 90.40%, Valid: 89.12%, Test: 90.16%, Best Valid: 90.97%, Best Test: 91.98%
Epoch: 500, Loss: 0.0179, Train: 88.71%, Valid: 86.88%, Test: 88.00%, Best Valid: 90.97%, Best Test: 91.98%
Epoch: 600, Loss: 0.0021, Train: 89.65%, Valid: 87.92%, Test: 88.69%, Best Valid: 90.97%, Best Test: 91.98%
Epoch: 700, Loss: 0.0063, Train: 89.32%, Valid: 87.56%, Test: 89.26%, Best Valid: 90.97%, Best Test: 91.98%
Epoch: 800, Loss: 0.0481, Train: 87.04%, Valid: 85.02%, Test: 86.72%, Best Valid: 90.97%, Best Test: 91.98%
Epoch: 900, Loss: 0.0015, Train: 90.33%, Valid: 88.46%, Test: 90.51%, Best Valid: 90.97%, Best Test: 91.98%
Epoch: 1000, Loss: 0.0122, Train: 87.42%, Valid: 87.62%, Test: 87.30%, Best Valid: 90.97%, Best Test: 91.98%
Epoch: 1100, Loss: 0.0011, Train: 89.36%, Valid: 88.98%, Test: 89.09%, Best Valid: 90.97%, Best Test: 91.98%
Epoch: 1200, Loss: 0.0071, Train: 91.00%, Valid: 90.32%, Test: 90.87%, Best Valid: 90.97%, Best Test: 91.98%
Epoch: 1300, Loss: 0.0027, Train: 88.92%, Valid: 88.22%, Test: 89.39%, Best Valid: 90.97%, Best Test: 91.98%
Epoch: 1400, Loss: 0.0186, Train: 90.36%, Valid: 89.77%, Test: 90.49%, Best Valid: 90.97%, Best Test: 91.98%
Epoch: 1500, Loss: 0.0007, Train: 88.79%, Valid: 88.43%, Test: 89.37%, Best Valid: 90.97%, Best Test: 91.98%
Run 10:
Highest Train: 91.72
Highest Valid: 90.97
Highest Test: 92.18
Chosen epoch: 76
Final Train: 91.55
Final Test: 91.98
All runs:
Highest Train: 91.93 ± 0.35
Highest Test: 92.18 ± 0.39
Highest Valid: 91.13 ± 0.56
  Final Train: 91.71 ± 0.45
   Final Test: 91.79 ± 0.55
Saving results to ../results/lowlabel/coauthor-cs/polynormer.csv
--- mlp_reg/homophily control | lambda=0.8 ---
Namespace(aggregate='add', alpha=0.5, attention='gcn', beta=-1.0, bn=False, budget_tag='20', count_reg=False, count_smoothing=1.0, cpu=False, data_dir='../data/', dataset='coauthor-cs', device=0, dim_inner=64, display_step=100, dropout=0.3, epochs=500, global_dropout=None, global_epochs=1500, global_layers=2, gnn='gcn', graph_weight=0.8, hidden_channels=64, hops=10, in_dropout=0.1, jk=False, label_num_per_class=20, lambda_val=0.8, layers=1, ln=False, local_epochs=100, local_gnn_type='GCN', local_layers=5, lr=0.001, metric='acc', mlp_epochs=500, mlp_reg=True, model='polynormer', model_dir='models/lowlabel_ctrl_1214890_77', n_heads=8, num_centroids=4096, num_heads=8, oracle_reg=False, paired_seeds=True, pe_types='RWSE', penalty_transform='homophily', pre_linear=False, pre_ln=False, rand_split=False, rand_split_class=False, reg_start_epoch=10, reg_update_freq=5, res=False, resample_split_per_run=False, result_dir='../results/lowlabel', runs=10, save_model=True, save_result=False, seed=42, test_num=1000, tr_dropout=None, tr_layers=1, tr_weight_decay=None, train_per_class=20, train_prop=0.5, use_act=False, use_bn=False, use_graph=False, use_reg=True, use_residual=False, use_weight=False, valid_num=500, valid_per_class=0, valid_prop=0.25, weight_decay=0.0005)
coauthor-cs
dataset coauthor-cs | num nodes 18333 | num edge 163788 | num node feats 6805 | num classes 15
MODEL: Polynormer(
  (h_lins): ModuleList(
    (0): Linear(in_features=512, out_features=512, bias=True)
    (1): Linear(in_features=512, out_features=512, bias=True)
    (2): Linear(in_features=512, out_features=512, bias=True)
    (3): Linear(in_features=512, out_features=512, bias=True)
    (4): Linear(in_features=512, out_features=512, bias=True)
  )
  (local_convs): ModuleList(
    (0): GATConv(512, 64, heads=8)
    (1): GATConv(512, 64, heads=8)
    (2): GATConv(512, 64, heads=8)
    (3): GATConv(512, 64, heads=8)
    (4): GATConv(512, 64, heads=8)
  )
  (lins): ModuleList(
    (0): Linear(in_features=512, out_features=512, bias=True)
    (1): Linear(in_features=512, out_features=512, bias=True)
    (2): Linear(in_features=512, out_features=512, bias=True)
    (3): Linear(in_features=512, out_features=512, bias=True)
    (4): Linear(in_features=512, out_features=512, bias=True)
  )
  (lns): ModuleList(
    (0): LayerNorm((512,), eps=1e-05, elementwise_affine=True)
    (1): LayerNorm((512,), eps=1e-05, elementwise_affine=True)
    (2): LayerNorm((512,), eps=1e-05, elementwise_affine=True)
    (3): LayerNorm((512,), eps=1e-05, elementwise_affine=True)
    (4): LayerNorm((512,), eps=1e-05, elementwise_affine=True)
  )
  (lin_in): Linear(in_features=6805, out_features=512, bias=True)
  (ln): LayerNorm((512,), eps=1e-05, elementwise_affine=True)
  (global_attn): GlobalAttn(
    (h_lins): ModuleList(
      (0): Linear(in_features=512, out_features=512, bias=True)
      (1): Linear(in_features=512, out_features=512, bias=True)
    )
    (k_lins): ModuleList(
      (0): Linear(in_features=512, out_features=512, bias=True)
      (1): Linear(in_features=512, out_features=512, bias=True)
    )
    (v_lins): ModuleList(
      (0): Linear(in_features=512, out_features=512, bias=True)
      (1): Linear(in_features=512, out_features=512, bias=True)
    )
    (lns): ModuleList(
      (0): LayerNorm((512,), eps=1e-05, elementwise_affine=True)
      (1): LayerNorm((512,), eps=1e-05, elementwise_affine=True)
    )
    (lin_out): Linear(in_features=512, out_features=512, bias=True)
  )
  (pred_local): Linear(in_features=512, out_features=15, bias=True)
  (pred_global): Linear(in_features=512, out_features=15, bias=True)
)
Label budget: 20/class -> 300 train nodes
Pre-training MLP for 500 epochs to generate co-occurrence matrix...
Penalty transform 'homophily': rel Frobenius dist to original = 0.0449, off-diag CV of original penalty = 0.0488
MLP pre-training complete. Penalty matrix frozen.
Epoch: 00, Loss: 5.1145, Train: 18.90%, Valid: 18.33%, Test: 17.58%, Best Valid: 18.33%, Best Test: 17.58%
Switching Polynormer to global attention phase.
Epoch: 100, Loss: 4.8667, Train: 30.35%, Valid: 29.92%, Test: 31.16%, Best Valid: 92.12%, Best Test: 92.80%
Epoch: 200, Loss: 0.0014, Train: 91.33%, Valid: 90.34%, Test: 91.60%, Best Valid: 92.12%, Best Test: 92.80%
Epoch: 300, Loss: 0.0005, Train: 91.52%, Valid: 90.51%, Test: 91.88%, Best Valid: 92.12%, Best Test: 92.80%
Epoch: 400, Loss: 0.0009, Train: 91.37%, Valid: 90.26%, Test: 92.26%, Best Valid: 92.12%, Best Test: 92.80%
Epoch: 500, Loss: 0.0006, Train: 91.75%, Valid: 90.75%, Test: 92.07%, Best Valid: 92.12%, Best Test: 92.80%
Epoch: 600, Loss: 0.2094, Train: 90.21%, Valid: 89.36%, Test: 90.87%, Best Valid: 92.12%, Best Test: 92.80%
Epoch: 700, Loss: 0.0189, Train: 90.45%, Valid: 89.28%, Test: 90.81%, Best Valid: 92.12%, Best Test: 92.80%
Epoch: 800, Loss: 0.0054, Train: 89.59%, Valid: 87.73%, Test: 89.64%, Best Valid: 92.12%, Best Test: 92.80%
Epoch: 900, Loss: 0.0013, Train: 90.70%, Valid: 90.40%, Test: 91.30%, Best Valid: 92.12%, Best Test: 92.80%
Epoch: 1000, Loss: 0.0033, Train: 90.67%, Valid: 89.69%, Test: 91.33%, Best Valid: 92.12%, Best Test: 92.80%
Epoch: 1100, Loss: 0.0427, Train: 89.74%, Valid: 89.25%, Test: 90.49%, Best Valid: 92.12%, Best Test: 92.80%
Epoch: 1200, Loss: 0.0054, Train: 89.35%, Valid: 88.87%, Test: 89.86%, Best Valid: 92.12%, Best Test: 92.80%
Epoch: 1300, Loss: 0.0074, Train: 90.25%, Valid: 89.53%, Test: 90.95%, Best Valid: 92.12%, Best Test: 92.80%
Epoch: 1400, Loss: 0.0013, Train: 91.43%, Valid: 90.29%, Test: 91.25%, Best Valid: 92.12%, Best Test: 92.80%
Epoch: 1500, Loss: 0.0634, Train: 90.77%, Valid: 89.12%, Test: 91.03%, Best Valid: 92.12%, Best Test: 92.80%
Run 01:
Highest Train: 92.49
Highest Valid: 92.12
Highest Test: 92.88
Chosen epoch: 77
Final Train: 92.43
Final Test: 92.80
Label budget: 20/class -> 300 train nodes
Pre-training MLP for 500 epochs to generate co-occurrence matrix...
Penalty transform 'homophily': rel Frobenius dist to original = 0.0526, off-diag CV of original penalty = 0.0568
MLP pre-training complete. Penalty matrix frozen.
Epoch: 00, Loss: 5.1018, Train: 12.29%, Valid: 11.97%, Test: 10.96%, Best Valid: 11.97%, Best Test: 10.96%
Switching Polynormer to global attention phase.
Epoch: 100, Loss: 4.8745, Train: 11.01%, Valid: 11.29%, Test: 11.59%, Best Valid: 90.78%, Best Test: 91.58%
Epoch: 200, Loss: 0.0823, Train: 86.54%, Valid: 85.60%, Test: 87.27%, Best Valid: 90.78%, Best Test: 91.58%
Epoch: 300, Loss: 0.1114, Train: 89.04%, Valid: 88.54%, Test: 89.48%, Best Valid: 90.78%, Best Test: 91.58%
Epoch: 400, Loss: 0.0009, Train: 90.00%, Valid: 89.85%, Test: 90.65%, Best Valid: 90.78%, Best Test: 91.58%
Epoch: 500, Loss: 0.0022, Train: 90.48%, Valid: 90.02%, Test: 90.57%, Best Valid: 90.78%, Best Test: 91.58%
Epoch: 600, Loss: 0.0070, Train: 90.30%, Valid: 89.80%, Test: 90.02%, Best Valid: 90.78%, Best Test: 91.58%
Epoch: 700, Loss: 0.0021, Train: 89.81%, Valid: 89.14%, Test: 89.45%, Best Valid: 90.78%, Best Test: 91.58%
Epoch: 800, Loss: 0.0039, Train: 89.44%, Valid: 88.30%, Test: 89.07%, Best Valid: 90.78%, Best Test: 91.58%
Epoch: 900, Loss: 0.0015, Train: 88.15%, Valid: 86.74%, Test: 86.78%, Best Valid: 90.78%, Best Test: 91.58%
Epoch: 1000, Loss: 0.0119, Train: 90.24%, Valid: 89.91%, Test: 89.91%, Best Valid: 90.78%, Best Test: 91.58%
Epoch: 1100, Loss: 0.0011, Train: 85.03%, Valid: 83.96%, Test: 84.49%, Best Valid: 90.78%, Best Test: 91.58%
Epoch: 1200, Loss: 0.0240, Train: 88.95%, Valid: 88.19%, Test: 87.76%, Best Valid: 90.78%, Best Test: 91.58%
Epoch: 1300, Loss: 0.0007, Train: 91.04%, Valid: 89.99%, Test: 90.87%, Best Valid: 90.78%, Best Test: 91.58%
Epoch: 1400, Loss: 0.0015, Train: 91.20%, Valid: 89.99%, Test: 90.46%, Best Valid: 90.78%, Best Test: 91.58%
Epoch: 1500, Loss: 0.1290, Train: 88.33%, Valid: 87.42%, Test: 88.09%, Best Valid: 90.78%, Best Test: 91.58%
Run 02:
Highest Train: 91.92
Highest Valid: 90.78
Highest Test: 91.82
Chosen epoch: 58
Final Train: 91.92
Final Test: 91.58
Label budget: 20/class -> 300 train nodes
Pre-training MLP for 500 epochs to generate co-occurrence matrix...
Penalty transform 'homophily': rel Frobenius dist to original = 0.0601, off-diag CV of original penalty = 0.0630
MLP pre-training complete. Penalty matrix frozen.
Epoch: 00, Loss: 5.2124, Train: 4.15%, Valid: 4.50%, Test: 4.20%, Best Valid: 4.50%, Best Test: 4.20%
Switching Polynormer to global attention phase.
Epoch: 100, Loss: 4.8747, Train: 7.68%, Valid: 7.26%, Test: 7.72%, Best Valid: 90.78%, Best Test: 92.34%
Epoch: 200, Loss: 0.0333, Train: 88.03%, Valid: 87.15%, Test: 88.93%, Best Valid: 90.78%, Best Test: 92.34%
Epoch: 300, Loss: 0.0025, Train: 88.87%, Valid: 87.45%, Test: 89.50%, Best Valid: 90.78%, Best Test: 92.34%
Epoch: 400, Loss: 0.0413, Train: 84.46%, Valid: 83.44%, Test: 83.81%, Best Valid: 90.78%, Best Test: 92.34%
Epoch: 500, Loss: 0.0032, Train: 88.90%, Valid: 87.32%, Test: 89.07%, Best Valid: 90.78%, Best Test: 92.34%
Epoch: 600, Loss: 0.0050, Train: 89.08%, Valid: 87.97%, Test: 88.63%, Best Valid: 90.78%, Best Test: 92.34%
Epoch: 700, Loss: 0.0011, Train: 89.93%, Valid: 88.87%, Test: 90.19%, Best Valid: 90.78%, Best Test: 92.34%
Epoch: 800, Loss: 0.0087, Train: 89.16%, Valid: 87.78%, Test: 88.93%, Best Valid: 90.78%, Best Test: 92.34%
Epoch: 900, Loss: 0.0267, Train: 90.86%, Valid: 89.31%, Test: 90.10%, Best Valid: 90.78%, Best Test: 92.34%
Epoch: 1000, Loss: 0.0026, Train: 87.59%, Valid: 85.82%, Test: 87.54%, Best Valid: 90.78%, Best Test: 92.34%
Epoch: 1100, Loss: 0.0006, Train: 90.41%, Valid: 88.52%, Test: 90.05%, Best Valid: 90.78%, Best Test: 92.34%
Epoch: 1200, Loss: 0.0010, Train: 89.96%, Valid: 87.89%, Test: 89.01%, Best Valid: 90.78%, Best Test: 92.34%
Epoch: 1300, Loss: 0.0124, Train: 86.43%, Valid: 83.74%, Test: 87.92%, Best Valid: 90.78%, Best Test: 92.34%
Epoch: 1400, Loss: 0.0024, Train: 89.80%, Valid: 88.22%, Test: 89.31%, Best Valid: 90.78%, Best Test: 92.34%
Epoch: 1500, Loss: 0.0038, Train: 88.42%, Valid: 86.09%, Test: 89.15%, Best Valid: 90.78%, Best Test: 92.34%
Run 03:
Highest Train: 91.90
Highest Valid: 90.78
Highest Test: 92.34
Chosen epoch: 35
Final Train: 91.90
Final Test: 92.34
Label budget: 20/class -> 300 train nodes
Pre-training MLP for 500 epochs to generate co-occurrence matrix...
Penalty transform 'homophily': rel Frobenius dist to original = 0.0606, off-diag CV of original penalty = 0.0644
MLP pre-training complete. Penalty matrix frozen.
Epoch: 00, Loss: 5.1369, Train: 4.86%, Valid: 5.02%, Test: 5.56%, Best Valid: 5.02%, Best Test: 5.56%
Switching Polynormer to global attention phase.
Epoch: 100, Loss: 4.8747, Train: 11.11%, Valid: 10.91%, Test: 11.21%, Best Valid: 90.92%, Best Test: 91.77%
Epoch: 200, Loss: 0.3820, Train: 87.65%, Valid: 86.55%, Test: 87.27%, Best Valid: 90.92%, Best Test: 91.77%
Epoch: 300, Loss: 0.0769, Train: 87.09%, Valid: 85.49%, Test: 86.48%, Best Valid: 90.92%, Best Test: 91.77%
Epoch: 400, Loss: 0.0077, Train: 86.76%, Valid: 85.11%, Test: 86.26%, Best Valid: 90.92%, Best Test: 91.77%
Epoch: 500, Loss: 0.0264, Train: 86.77%, Valid: 85.11%, Test: 86.12%, Best Valid: 90.92%, Best Test: 91.77%
Epoch: 600, Loss: 0.0052, Train: 88.79%, Valid: 87.78%, Test: 89.20%, Best Valid: 90.92%, Best Test: 91.77%
Epoch: 700, Loss: 0.0231, Train: 88.56%, Valid: 87.53%, Test: 88.74%, Best Valid: 90.92%, Best Test: 91.77%
Epoch: 800, Loss: 0.0040, Train: 90.30%, Valid: 89.53%, Test: 90.32%, Best Valid: 90.92%, Best Test: 91.77%
Epoch: 900, Loss: 0.0042, Train: 90.05%, Valid: 88.82%, Test: 90.29%, Best Valid: 90.92%, Best Test: 91.77%
Epoch: 1000, Loss: 0.0009, Train: 90.82%, Valid: 89.61%, Test: 90.98%, Best Valid: 90.92%, Best Test: 91.77%
Epoch: 1100, Loss: 0.0025, Train: 89.48%, Valid: 88.13%, Test: 88.96%, Best Valid: 90.92%, Best Test: 91.77%
Epoch: 1200, Loss: 0.0020, Train: 85.87%, Valid: 84.62%, Test: 85.91%, Best Valid: 90.92%, Best Test: 91.77%
Epoch: 1300, Loss: 0.0019, Train: 90.48%, Valid: 89.25%, Test: 91.00%, Best Valid: 90.92%, Best Test: 91.77%
Epoch: 1400, Loss: 0.0014, Train: 90.25%, Valid: 89.17%, Test: 90.59%, Best Valid: 90.92%, Best Test: 91.77%
Epoch: 1500, Loss: 0.0015, Train: 89.53%, Valid: 87.92%, Test: 89.48%, Best Valid: 90.92%, Best Test: 91.77%
Run 04:
Highest Train: 91.94
Highest Valid: 90.92
Highest Test: 92.15
Chosen epoch: 36
Final Train: 91.84
Final Test: 91.77
Label budget: 20/class -> 300 train nodes
Pre-training MLP for 500 epochs to generate co-occurrence matrix...
Penalty transform 'homophily': rel Frobenius dist to original = 0.0515, off-diag CV of original penalty = 0.0544
MLP pre-training complete. Penalty matrix frozen.
Epoch: 00, Loss: 5.2252, Train: 2.45%, Valid: 1.91%, Test: 2.18%, Best Valid: 1.91%, Best Test: 2.18%
Switching Polynormer to global attention phase.
Epoch: 100, Loss: 4.8745, Train: 2.45%, Valid: 1.91%, Test: 2.18%, Best Valid: 90.81%, Best Test: 91.06%
Epoch: 200, Loss: 0.2586, Train: 86.99%, Valid: 85.95%, Test: 86.56%, Best Valid: 90.81%, Best Test: 91.06%
Epoch: 300, Loss: 0.0808, Train: 87.82%, Valid: 86.33%, Test: 87.46%, Best Valid: 90.81%, Best Test: 91.06%
Epoch: 400, Loss: 0.0198, Train: 87.68%, Valid: 86.66%, Test: 87.73%, Best Valid: 90.81%, Best Test: 91.06%
Epoch: 500, Loss: 0.0244, Train: 90.34%, Valid: 89.28%, Test: 90.70%, Best Valid: 90.81%, Best Test: 91.06%
Epoch: 600, Loss: 0.0012, Train: 89.44%, Valid: 88.46%, Test: 89.69%, Best Valid: 90.81%, Best Test: 91.06%
Epoch: 700, Loss: 0.0233, Train: 88.19%, Valid: 87.42%, Test: 87.62%, Best Valid: 90.81%, Best Test: 91.06%
Epoch: 800, Loss: 0.1290, Train: 85.25%, Valid: 84.64%, Test: 85.63%, Best Valid: 90.81%, Best Test: 91.06%
Epoch: 900, Loss: 0.0021, Train: 90.34%, Valid: 89.61%, Test: 90.08%, Best Valid: 90.81%, Best Test: 91.06%
Epoch: 1000, Loss: 0.0018, Train: 88.86%, Valid: 87.89%, Test: 88.88%, Best Valid: 90.81%, Best Test: 91.06%
Epoch: 1100, Loss: 0.0019, Train: 88.37%, Valid: 86.91%, Test: 87.90%, Best Valid: 90.81%, Best Test: 91.06%
Epoch: 1200, Loss: 0.0016, Train: 89.11%, Valid: 87.42%, Test: 89.07%, Best Valid: 90.81%, Best Test: 91.06%
Epoch: 1300, Loss: 0.0007, Train: 89.20%, Valid: 88.03%, Test: 89.99%, Best Valid: 90.81%, Best Test: 91.06%
Epoch: 1400, Loss: 0.0022, Train: 89.58%, Valid: 88.60%, Test: 89.99%, Best Valid: 90.81%, Best Test: 91.06%
Epoch: 1500, Loss: 0.0815, Train: 88.06%, Valid: 86.91%, Test: 88.77%, Best Valid: 90.81%, Best Test: 91.06%
Run 05:
Highest Train: 91.34
Highest Valid: 90.81
Highest Test: 91.63
Chosen epoch: 81
Final Train: 90.93
Final Test: 91.06
Label budget: 20/class -> 300 train nodes
Pre-training MLP for 500 epochs to generate co-occurrence matrix...
Penalty transform 'homophily': rel Frobenius dist to original = 0.0654, off-diag CV of original penalty = 0.0683
MLP pre-training complete. Penalty matrix frozen.
Epoch: 00, Loss: 5.3370, Train: 3.01%, Valid: 2.76%, Test: 2.54%, Best Valid: 2.76%, Best Test: 2.54%
Switching Polynormer to global attention phase.
Epoch: 100, Loss: 4.8745, Train: 8.03%, Valid: 7.69%, Test: 7.61%, Best Valid: 91.05%, Best Test: 91.93%
Epoch: 200, Loss: 0.0553, Train: 87.86%, Valid: 86.74%, Test: 88.60%, Best Valid: 91.05%, Best Test: 91.93%
Epoch: 300, Loss: 0.2060, Train: 88.44%, Valid: 87.89%, Test: 88.52%, Best Valid: 91.05%, Best Test: 91.93%
Epoch: 400, Loss: 0.0010, Train: 90.03%, Valid: 89.23%, Test: 90.19%, Best Valid: 91.05%, Best Test: 91.93%
Epoch: 500, Loss: 0.0064, Train: 88.06%, Valid: 87.04%, Test: 88.52%, Best Valid: 91.05%, Best Test: 91.93%
Epoch: 600, Loss: 0.0014, Train: 89.95%, Valid: 89.42%, Test: 89.80%, Best Valid: 91.05%, Best Test: 91.93%
Epoch: 700, Loss: 0.0024, Train: 89.93%, Valid: 89.39%, Test: 89.94%, Best Valid: 91.05%, Best Test: 91.93%
Epoch: 800, Loss: 0.0121, Train: 90.60%, Valid: 90.07%, Test: 90.68%, Best Valid: 91.05%, Best Test: 91.93%
Epoch: 900, Loss: 0.0716, Train: 89.47%, Valid: 88.52%, Test: 89.39%, Best Valid: 91.05%, Best Test: 91.93%
Epoch: 1000, Loss: 0.0104, Train: 86.86%, Valid: 85.57%, Test: 86.18%, Best Valid: 91.05%, Best Test: 91.93%
Epoch: 1100, Loss: 0.0296, Train: 86.63%, Valid: 85.82%, Test: 86.45%, Best Valid: 91.05%, Best Test: 91.93%
Epoch: 1200, Loss: 0.0043, Train: 88.85%, Valid: 88.24%, Test: 88.52%, Best Valid: 91.05%, Best Test: 91.93%
Epoch: 1300, Loss: 0.0011, Train: 88.01%, Valid: 88.03%, Test: 88.44%, Best Valid: 91.05%, Best Test: 91.93%
Epoch: 1400, Loss: 0.0018, Train: 90.03%, Valid: 89.36%, Test: 89.78%, Best Valid: 91.05%, Best Test: 91.93%
Epoch: 1500, Loss: 0.0214, Train: 88.15%, Valid: 86.93%, Test: 88.11%, Best Valid: 91.05%, Best Test: 91.93%
Run 06:
Highest Train: 91.65
Highest Valid: 91.05
Highest Test: 91.96
Chosen epoch: 78
Final Train: 91.54
Final Test: 91.93
Label budget: 20/class -> 300 train nodes
Pre-training MLP for 500 epochs to generate co-occurrence matrix...
Penalty transform 'homophily': rel Frobenius dist to original = 0.0502, off-diag CV of original penalty = 0.0536
MLP pre-training complete. Penalty matrix frozen.
Epoch: 00, Loss: 5.3244, Train: 11.01%, Valid: 11.29%, Test: 11.61%, Best Valid: 11.29%, Best Test: 11.61%
Switching Polynormer to global attention phase.
Epoch: 100, Loss: 4.8745, Train: 2.45%, Valid: 1.91%, Test: 2.18%, Best Valid: 91.41%, Best Test: 93.13%
Epoch: 200, Loss: 0.5117, Train: 83.37%, Valid: 81.26%, Test: 84.08%, Best Valid: 91.41%, Best Test: 93.13%
Epoch: 300, Loss: 0.0198, Train: 88.84%, Valid: 87.40%, Test: 89.78%, Best Valid: 91.41%, Best Test: 93.13%
Epoch: 400, Loss: 0.0013, Train: 90.64%, Valid: 89.12%, Test: 90.54%, Best Valid: 91.41%, Best Test: 93.13%
Epoch: 500, Loss: 0.0106, Train: 89.92%, Valid: 88.38%, Test: 90.65%, Best Valid: 91.41%, Best Test: 93.13%
Epoch: 600, Loss: 0.0008, Train: 89.54%, Valid: 88.63%, Test: 91.33%, Best Valid: 91.41%, Best Test: 93.13%
Epoch: 700, Loss: 0.0035, Train: 90.69%, Valid: 89.42%, Test: 90.79%, Best Valid: 91.41%, Best Test: 93.13%
Epoch: 800, Loss: 0.0012, Train: 90.52%, Valid: 88.82%, Test: 90.57%, Best Valid: 91.41%, Best Test: 93.13%
Epoch: 900, Loss: 0.0065, Train: 88.70%, Valid: 87.40%, Test: 89.50%, Best Valid: 91.41%, Best Test: 93.13%
Epoch: 1000, Loss: 0.0015, Train: 90.03%, Valid: 89.09%, Test: 90.49%, Best Valid: 91.41%, Best Test: 93.13%
Epoch: 1100, Loss: 0.0093, Train: 89.51%, Valid: 88.35%, Test: 89.83%, Best Valid: 91.41%, Best Test: 93.13%
Epoch: 1200, Loss: 0.0058, Train: 90.37%, Valid: 89.47%, Test: 91.17%, Best Valid: 91.41%, Best Test: 93.13%
Epoch: 1300, Loss: 0.0006, Train: 91.01%, Valid: 89.88%, Test: 91.88%, Best Valid: 91.41%, Best Test: 93.13%
Epoch: 1400, Loss: 0.0010, Train: 90.37%, Valid: 89.88%, Test: 91.36%, Best Valid: 91.41%, Best Test: 93.13%
Epoch: 1500, Loss: 0.0057, Train: 90.31%, Valid: 90.04%, Test: 90.57%, Best Valid: 91.41%, Best Test: 93.13%
Run 07:
Highest Train: 92.00
Highest Valid: 91.41
Highest Test: 93.27
Chosen epoch: 43
Final Train: 91.95
Final Test: 93.13
Label budget: 20/class -> 300 train nodes
Pre-training MLP for 500 epochs to generate co-occurrence matrix...
Penalty transform 'homophily': rel Frobenius dist to original = 0.0592, off-diag CV of original penalty = 0.0618
MLP pre-training complete. Penalty matrix frozen.
Epoch: 00, Loss: 5.2708, Train: 3.88%, Valid: 3.57%, Test: 4.09%, Best Valid: 3.57%, Best Test: 4.09%
Switching Polynormer to global attention phase.
Epoch: 100, Loss: 4.8745, Train: 2.37%, Valid: 2.51%, Test: 2.07%, Best Valid: 90.83%, Best Test: 91.58%
Epoch: 200, Loss: 0.1802, Train: 83.63%, Valid: 82.90%, Test: 82.50%, Best Valid: 90.83%, Best Test: 91.58%
Epoch: 300, Loss: 0.0303, Train: 88.72%, Valid: 87.73%, Test: 88.71%, Best Valid: 90.83%, Best Test: 91.58%
Epoch: 400, Loss: 0.0180, Train: 85.54%, Valid: 84.94%, Test: 85.31%, Best Valid: 90.83%, Best Test: 91.58%
Epoch: 500, Loss: 0.0050, Train: 89.86%, Valid: 88.84%, Test: 89.20%, Best Valid: 90.83%, Best Test: 91.58%
Epoch: 600, Loss: 0.0159, Train: 88.37%, Valid: 86.55%, Test: 87.16%, Best Valid: 90.83%, Best Test: 91.58%
Epoch: 700, Loss: 0.0535, Train: 88.02%, Valid: 86.52%, Test: 87.62%, Best Valid: 90.83%, Best Test: 91.58%
Epoch: 800, Loss: 0.0006, Train: 88.82%, Valid: 88.16%, Test: 89.18%, Best Valid: 90.83%, Best Test: 91.58%
Epoch: 900, Loss: 0.0057, Train: 87.63%, Valid: 86.36%, Test: 88.17%, Best Valid: 90.83%, Best Test: 91.58%
Epoch: 1000, Loss: 0.0009, Train: 90.78%, Valid: 89.58%, Test: 90.68%, Best Valid: 90.83%, Best Test: 91.58%
Epoch: 1100, Loss: 0.0286, Train: 90.45%, Valid: 88.95%, Test: 90.24%, Best Valid: 90.83%, Best Test: 91.58%
Epoch: 1200, Loss: 0.0008, Train: 90.08%, Valid: 89.36%, Test: 90.59%, Best Valid: 90.83%, Best Test: 91.58%
Epoch: 1300, Loss: 0.0084, Train: 88.90%, Valid: 88.00%, Test: 88.90%, Best Valid: 90.83%, Best Test: 91.58%
Epoch: 1400, Loss: 0.0008, Train: 90.49%, Valid: 89.14%, Test: 90.43%, Best Valid: 90.83%, Best Test: 91.58%
Epoch: 1500, Loss: 0.0010, Train: 89.71%, Valid: 88.11%, Test: 89.20%, Best Valid: 90.83%, Best Test: 91.58%
Run 08:
Highest Train: 92.12
Highest Valid: 90.83
Highest Test: 91.98
Chosen epoch: 76
Final Train: 91.94
Final Test: 91.58
Label budget: 20/class -> 300 train nodes
Pre-training MLP for 500 epochs to generate co-occurrence matrix...
Penalty transform 'homophily': rel Frobenius dist to original = 0.0518, off-diag CV of original penalty = 0.0547
MLP pre-training complete. Penalty matrix frozen.
Epoch: 00, Loss: 5.2281, Train: 7.73%, Valid: 7.34%, Test: 7.72%, Best Valid: 7.34%, Best Test: 7.72%
Switching Polynormer to global attention phase.
Epoch: 100, Loss: 4.8745, Train: 2.55%, Valid: 2.15%, Test: 2.81%, Best Valid: 90.86%, Best Test: 91.77%
Epoch: 200, Loss: 0.0855, Train: 86.55%, Valid: 85.30%, Test: 86.10%, Best Valid: 90.86%, Best Test: 91.77%
Epoch: 300, Loss: 0.0489, Train: 88.42%, Valid: 86.88%, Test: 88.79%, Best Valid: 90.86%, Best Test: 91.77%
Epoch: 400, Loss: 0.0014, Train: 91.10%, Valid: 90.34%, Test: 91.28%, Best Valid: 90.86%, Best Test: 91.77%
Epoch: 500, Loss: 0.0012, Train: 89.38%, Valid: 88.38%, Test: 89.64%, Best Valid: 90.86%, Best Test: 91.77%
Epoch: 600, Loss: 0.0188, Train: 90.34%, Valid: 89.12%, Test: 90.08%, Best Valid: 90.86%, Best Test: 91.77%
Epoch: 700, Loss: 0.0013, Train: 91.41%, Valid: 90.56%, Test: 90.87%, Best Valid: 91.05%, Best Test: 91.28%
Epoch: 800, Loss: 0.0303, Train: 90.35%, Valid: 89.33%, Test: 89.99%, Best Valid: 91.05%, Best Test: 91.28%
Epoch: 900, Loss: 0.0076, Train: 90.80%, Valid: 89.63%, Test: 90.54%, Best Valid: 91.05%, Best Test: 91.28%
Epoch: 1000, Loss: 0.0150, Train: 90.51%, Valid: 89.63%, Test: 90.35%, Best Valid: 91.05%, Best Test: 91.28%
Epoch: 1100, Loss: 0.0019, Train: 87.46%, Valid: 86.09%, Test: 87.87%, Best Valid: 91.05%, Best Test: 91.28%
Epoch: 1200, Loss: 0.0021, Train: 87.95%, Valid: 86.06%, Test: 88.00%, Best Valid: 91.05%, Best Test: 91.28%
Epoch: 1300, Loss: 0.0016, Train: 89.31%, Valid: 88.52%, Test: 89.94%, Best Valid: 91.05%, Best Test: 91.28%
Epoch: 1400, Loss: 0.0047, Train: 86.21%, Valid: 84.92%, Test: 85.58%, Best Valid: 91.05%, Best Test: 91.28%
Epoch: 1500, Loss: 0.0032, Train: 90.95%, Valid: 89.80%, Test: 90.49%, Best Valid: 91.05%, Best Test: 91.28%
Run 09:
Highest Train: 91.81
Highest Valid: 91.05
Highest Test: 92.04
Chosen epoch: 636
Final Train: 91.33
Final Test: 91.28
Label budget: 20/class -> 300 train nodes
Pre-training MLP for 500 epochs to generate co-occurrence matrix...
Penalty transform 'homophily': rel Frobenius dist to original = 0.0549, off-diag CV of original penalty = 0.0579
MLP pre-training complete. Penalty matrix frozen.
Epoch: 00, Loss: 5.1880, Train: 8.03%, Valid: 7.69%, Test: 7.61%, Best Valid: 7.69%, Best Test: 7.61%
Switching Polynormer to global attention phase.
Epoch: 100, Loss: 4.8744, Train: 2.55%, Valid: 2.15%, Test: 2.81%, Best Valid: 90.92%, Best Test: 91.98%
Epoch: 200, Loss: 0.0854, Train: 72.02%, Valid: 69.31%, Test: 71.76%, Best Valid: 90.92%, Best Test: 91.98%
Epoch: 300, Loss: 0.0009, Train: 90.90%, Valid: 90.23%, Test: 91.60%, Best Valid: 90.92%, Best Test: 91.98%
Epoch: 400, Loss: 0.0085, Train: 89.64%, Valid: 88.73%, Test: 90.13%, Best Valid: 90.92%, Best Test: 91.98%
Epoch: 500, Loss: 0.0078, Train: 90.62%, Valid: 89.74%, Test: 91.09%, Best Valid: 91.08%, Best Test: 91.52%
Epoch: 600, Loss: 0.0009, Train: 90.56%, Valid: 89.77%, Test: 91.11%, Best Valid: 91.08%, Best Test: 91.52%
Epoch: 700, Loss: 0.0299, Train: 88.57%, Valid: 86.52%, Test: 88.20%, Best Valid: 91.08%, Best Test: 91.52%
Epoch: 800, Loss: 0.0019, Train: 89.77%, Valid: 89.25%, Test: 89.53%, Best Valid: 91.08%, Best Test: 91.52%
Epoch: 900, Loss: 0.0006, Train: 91.01%, Valid: 90.07%, Test: 90.98%, Best Valid: 91.08%, Best Test: 91.52%
Epoch: 1000, Loss: 0.0288, Train: 88.18%, Valid: 87.04%, Test: 87.54%, Best Valid: 91.08%, Best Test: 91.52%
Epoch: 1100, Loss: 0.0366, Train: 89.24%, Valid: 88.79%, Test: 89.26%, Best Valid: 91.08%, Best Test: 91.52%
Epoch: 1200, Loss: 0.0075, Train: 90.18%, Valid: 89.14%, Test: 90.05%, Best Valid: 91.08%, Best Test: 91.52%
Epoch: 1300, Loss: 0.0021, Train: 89.44%, Valid: 88.63%, Test: 89.67%, Best Valid: 91.08%, Best Test: 91.52%
Epoch: 1400, Loss: 0.0763, Train: 87.79%, Valid: 85.84%, Test: 87.38%, Best Valid: 91.08%, Best Test: 91.52%
Epoch: 1500, Loss: 0.0005, Train: 90.27%, Valid: 89.66%, Test: 89.78%, Best Valid: 91.08%, Best Test: 91.52%
Run 10:
Highest Train: 91.67
Highest Valid: 91.08
Highest Test: 92.31
Chosen epoch: 475
Final Train: 91.32
Final Test: 91.52
All runs:
Highest Train: 91.88 ± 0.31
Highest Test: 92.24 ± 0.50
Highest Valid: 91.08 ± 0.41
  Final Train: 91.71 ± 0.43
   Final Test: 91.90 ± 0.67
Saving results to ../results/lowlabel/coauthor-cs/polynormer.csv
--- mlp_reg/homophily control | lambda=1.6 ---
Namespace(aggregate='add', alpha=0.5, attention='gcn', beta=-1.0, bn=False, budget_tag='20', count_reg=False, count_smoothing=1.0, cpu=False, data_dir='../data/', dataset='coauthor-cs', device=0, dim_inner=64, display_step=100, dropout=0.3, epochs=500, global_dropout=None, global_epochs=1500, global_layers=2, gnn='gcn', graph_weight=0.8, hidden_channels=64, hops=10, in_dropout=0.1, jk=False, label_num_per_class=20, lambda_val=1.6, layers=1, ln=False, local_epochs=100, local_gnn_type='GCN', local_layers=5, lr=0.001, metric='acc', mlp_epochs=500, mlp_reg=True, model='polynormer', model_dir='models/lowlabel_ctrl_1214890_77', n_heads=8, num_centroids=4096, num_heads=8, oracle_reg=False, paired_seeds=True, pe_types='RWSE', penalty_transform='homophily', pre_linear=False, pre_ln=False, rand_split=False, rand_split_class=False, reg_start_epoch=10, reg_update_freq=5, res=False, resample_split_per_run=False, result_dir='../results/lowlabel', runs=10, save_model=True, save_result=False, seed=42, test_num=1000, tr_dropout=None, tr_layers=1, tr_weight_decay=None, train_per_class=20, train_prop=0.5, use_act=False, use_bn=False, use_graph=False, use_reg=True, use_residual=False, use_weight=False, valid_num=500, valid_per_class=0, valid_prop=0.25, weight_decay=0.0005)
coauthor-cs
dataset coauthor-cs | num nodes 18333 | num edge 163788 | num node feats 6805 | num classes 15
MODEL: Polynormer(
  (h_lins): ModuleList(
    (0): Linear(in_features=512, out_features=512, bias=True)
    (1): Linear(in_features=512, out_features=512, bias=True)
    (2): Linear(in_features=512, out_features=512, bias=True)
    (3): Linear(in_features=512, out_features=512, bias=True)
    (4): Linear(in_features=512, out_features=512, bias=True)
  )
  (local_convs): ModuleList(
    (0): GATConv(512, 64, heads=8)
    (1): GATConv(512, 64, heads=8)
    (2): GATConv(512, 64, heads=8)
    (3): GATConv(512, 64, heads=8)
    (4): GATConv(512, 64, heads=8)
  )
  (lins): ModuleList(
    (0): Linear(in_features=512, out_features=512, bias=True)
    (1): Linear(in_features=512, out_features=512, bias=True)
    (2): Linear(in_features=512, out_features=512, bias=True)
    (3): Linear(in_features=512, out_features=512, bias=True)
    (4): Linear(in_features=512, out_features=512, bias=True)
  )
  (lns): ModuleList(
    (0): LayerNorm((512,), eps=1e-05, elementwise_affine=True)
    (1): LayerNorm((512,), eps=1e-05, elementwise_affine=True)
    (2): LayerNorm((512,), eps=1e-05, elementwise_affine=True)
    (3): LayerNorm((512,), eps=1e-05, elementwise_affine=True)
    (4): LayerNorm((512,), eps=1e-05, elementwise_affine=True)
  )
  (lin_in): Linear(in_features=6805, out_features=512, bias=True)
  (ln): LayerNorm((512,), eps=1e-05, elementwise_affine=True)
  (global_attn): GlobalAttn(
    (h_lins): ModuleList(
      (0): Linear(in_features=512, out_features=512, bias=True)
      (1): Linear(in_features=512, out_features=512, bias=True)
    )
    (k_lins): ModuleList(
      (0): Linear(in_features=512, out_features=512, bias=True)
      (1): Linear(in_features=512, out_features=512, bias=True)
    )
    (v_lins): ModuleList(
      (0): Linear(in_features=512, out_features=512, bias=True)
      (1): Linear(in_features=512, out_features=512, bias=True)
    )
    (lns): ModuleList(
      (0): LayerNorm((512,), eps=1e-05, elementwise_affine=True)
      (1): LayerNorm((512,), eps=1e-05, elementwise_affine=True)
    )
    (lin_out): Linear(in_features=512, out_features=512, bias=True)
  )
  (pred_local): Linear(in_features=512, out_features=15, bias=True)
  (pred_global): Linear(in_features=512, out_features=15, bias=True)
)
Label budget: 20/class -> 300 train nodes
Pre-training MLP for 500 epochs to generate co-occurrence matrix...
Penalty transform 'homophily': rel Frobenius dist to original = 0.0449, off-diag CV of original penalty = 0.0488
MLP pre-training complete. Penalty matrix frozen.
Epoch: 00, Loss: 7.3875, Train: 12.89%, Valid: 12.52%, Test: 12.87%, Best Valid: 12.52%, Best Test: 12.87%
Switching Polynormer to global attention phase.
Epoch: 100, Loss: 7.0772, Train: 18.24%, Valid: 18.28%, Test: 18.38%, Best Valid: 91.98%, Best Test: 92.39%
Epoch: 200, Loss: 0.0053, Train: 91.83%, Valid: 91.60%, Test: 91.66%, Best Valid: 91.98%, Best Test: 92.39%
Epoch: 300, Loss: 0.0012, Train: 91.10%, Valid: 90.18%, Test: 91.25%, Best Valid: 91.98%, Best Test: 92.39%
Epoch: 400, Loss: 0.0111, Train: 89.66%, Valid: 88.38%, Test: 90.21%, Best Valid: 92.36%, Best Test: 92.72%
Epoch: 500, Loss: 0.0027, Train: 91.89%, Valid: 91.08%, Test: 92.18%, Best Valid: 92.36%, Best Test: 92.72%
Epoch: 600, Loss: 0.0050, Train: 90.64%, Valid: 89.53%, Test: 90.46%, Best Valid: 92.36%, Best Test: 92.72%
Epoch: 700, Loss: 0.0113, Train: 90.58%, Valid: 89.28%, Test: 90.68%, Best Valid: 92.36%, Best Test: 92.72%
Epoch: 800, Loss: 0.0015, Train: 89.58%, Valid: 88.57%, Test: 90.13%, Best Valid: 92.36%, Best Test: 92.72%
Epoch: 900, Loss: 0.0025, Train: 90.31%, Valid: 89.36%, Test: 91.41%, Best Valid: 92.36%, Best Test: 92.72%
Epoch: 1000, Loss: 0.0067, Train: 90.83%, Valid: 89.39%, Test: 91.00%, Best Valid: 92.36%, Best Test: 92.72%
Epoch: 1100, Loss: 0.0027, Train: 89.70%, Valid: 88.43%, Test: 89.64%, Best Valid: 92.36%, Best Test: 92.72%
Epoch: 1200, Loss: 0.0024, Train: 91.39%, Valid: 90.26%, Test: 91.17%, Best Valid: 92.36%, Best Test: 92.72%
Epoch: 1300, Loss: 0.0147, Train: 89.82%, Valid: 88.05%, Test: 90.27%, Best Valid: 92.36%, Best Test: 92.72%
Epoch: 1400, Loss: 0.0688, Train: 89.34%, Valid: 87.86%, Test: 90.08%, Best Valid: 92.36%, Best Test: 92.72%
Epoch: 1500, Loss: 0.0066, Train: 87.37%, Valid: 86.17%, Test: 87.27%, Best Valid: 92.36%, Best Test: 92.72%
Run 01:
Highest Train: 92.61
Highest Valid: 92.36
Highest Test: 92.88
Chosen epoch: 329
Final Train: 92.27
Final Test: 92.72
Label budget: 20/class -> 300 train nodes
Pre-training MLP for 500 epochs to generate co-occurrence matrix...
Penalty transform 'homophily': rel Frobenius dist to original = 0.0526, off-diag CV of original penalty = 0.0568
MLP pre-training complete. Penalty matrix frozen.
Epoch: 00, Loss: 7.3692, Train: 12.29%, Valid: 11.97%, Test: 10.96%, Best Valid: 11.97%, Best Test: 10.96%
Switching Polynormer to global attention phase.
Epoch: 100, Loss: 7.0409, Train: 22.05%, Valid: 23.92%, Test: 22.74%, Best Valid: 91.08%, Best Test: 91.88%
Epoch: 200, Loss: 0.1906, Train: 85.14%, Valid: 84.56%, Test: 84.73%, Best Valid: 91.08%, Best Test: 91.88%
Epoch: 300, Loss: 0.0189, Train: 86.29%, Valid: 85.49%, Test: 86.53%, Best Valid: 91.08%, Best Test: 91.88%
Epoch: 400, Loss: 0.0513, Train: 86.10%, Valid: 85.19%, Test: 85.77%, Best Valid: 91.08%, Best Test: 91.88%
Epoch: 500, Loss: 0.0801, Train: 86.45%, Valid: 85.65%, Test: 86.34%, Best Valid: 91.08%, Best Test: 91.88%
Epoch: 600, Loss: 0.0088, Train: 88.77%, Valid: 88.65%, Test: 88.52%, Best Valid: 91.08%, Best Test: 91.88%
Epoch: 700, Loss: 0.0022, Train: 89.04%, Valid: 88.46%, Test: 88.33%, Best Valid: 91.08%, Best Test: 91.88%
Epoch: 800, Loss: 0.0072, Train: 90.68%, Valid: 89.85%, Test: 89.53%, Best Valid: 91.08%, Best Test: 91.88%
Epoch: 900, Loss: 0.0592, Train: 86.02%, Valid: 85.52%, Test: 84.51%, Best Valid: 91.08%, Best Test: 91.88%
Epoch: 1000, Loss: 0.0061, Train: 89.25%, Valid: 88.33%, Test: 89.39%, Best Valid: 91.08%, Best Test: 91.88%
Epoch: 1100, Loss: 0.0038, Train: 87.42%, Valid: 86.85%, Test: 87.30%, Best Valid: 91.08%, Best Test: 91.88%
Epoch: 1200, Loss: 0.1210, Train: 88.37%, Valid: 87.40%, Test: 87.40%, Best Valid: 91.08%, Best Test: 91.88%
Epoch: 1300, Loss: 0.0019, Train: 91.75%, Valid: 90.21%, Test: 91.11%, Best Valid: 91.08%, Best Test: 91.88%
Epoch: 1400, Loss: 0.0099, Train: 89.28%, Valid: 88.43%, Test: 88.66%, Best Valid: 91.08%, Best Test: 91.88%
Epoch: 1500, Loss: 0.0275, Train: 89.92%, Valid: 88.98%, Test: 89.15%, Best Valid: 91.08%, Best Test: 91.88%
Run 02:
Highest Train: 92.32
Highest Valid: 91.08
Highest Test: 92.37
Chosen epoch: 80
Final Train: 92.32
Final Test: 91.88
Label budget: 20/class -> 300 train nodes
Pre-training MLP for 500 epochs to generate co-occurrence matrix...
Penalty transform 'homophily': rel Frobenius dist to original = 0.0601, off-diag CV of original penalty = 0.0630
MLP pre-training complete. Penalty matrix frozen.
Epoch: 00, Loss: 7.5291, Train: 4.15%, Valid: 4.50%, Test: 4.20%, Best Valid: 4.50%, Best Test: 4.20%
Switching Polynormer to global attention phase.
Epoch: 100, Loss: 7.0411, Train: 2.37%, Valid: 2.51%, Test: 2.07%, Best Valid: 90.97%, Best Test: 92.20%
Epoch: 200, Loss: 0.1375, Train: 82.41%, Valid: 81.42%, Test: 82.09%, Best Valid: 90.97%, Best Test: 92.20%
Epoch: 300, Loss: 0.0139, Train: 88.50%, Valid: 86.47%, Test: 88.25%, Best Valid: 90.97%, Best Test: 92.20%
Epoch: 400, Loss: 0.0048, Train: 85.67%, Valid: 83.42%, Test: 84.87%, Best Valid: 90.97%, Best Test: 92.20%
Epoch: 500, Loss: 0.0063, Train: 87.34%, Valid: 85.35%, Test: 87.08%, Best Valid: 90.97%, Best Test: 92.20%
Epoch: 600, Loss: 0.0025, Train: 88.85%, Valid: 87.10%, Test: 88.63%, Best Valid: 90.97%, Best Test: 92.20%
Epoch: 700, Loss: 0.0035, Train: 89.54%, Valid: 87.97%, Test: 89.50%, Best Valid: 90.97%, Best Test: 92.20%
Epoch: 800, Loss: 0.0035, Train: 88.94%, Valid: 87.75%, Test: 88.74%, Best Valid: 90.97%, Best Test: 92.20%
Epoch: 900, Loss: 0.0026, Train: 90.12%, Valid: 88.57%, Test: 89.83%, Best Valid: 90.97%, Best Test: 92.20%
Epoch: 1000, Loss: 0.5754, Train: 83.90%, Valid: 81.81%, Test: 82.72%, Best Valid: 90.97%, Best Test: 92.20%
Epoch: 1100, Loss: 0.0014, Train: 90.89%, Valid: 88.63%, Test: 90.73%, Best Valid: 90.97%, Best Test: 92.20%
Epoch: 1200, Loss: 0.0156, Train: 89.84%, Valid: 88.08%, Test: 89.42%, Best Valid: 90.97%, Best Test: 92.20%
Epoch: 1300, Loss: 0.0015, Train: 89.77%, Valid: 88.54%, Test: 89.37%, Best Valid: 90.97%, Best Test: 92.20%
Epoch: 1400, Loss: 0.0096, Train: 90.92%, Valid: 89.63%, Test: 90.87%, Best Valid: 90.97%, Best Test: 92.20%
Epoch: 1500, Loss: 0.0009, Train: 90.96%, Valid: 89.85%, Test: 91.06%, Best Valid: 90.97%, Best Test: 92.20%
Run 03:
Highest Train: 91.92
Highest Valid: 90.97
Highest Test: 92.26
Chosen epoch: 33
Final Train: 91.92
Final Test: 92.20
Label budget: 20/class -> 300 train nodes
Pre-training MLP for 500 epochs to generate co-occurrence matrix...
Penalty transform 'homophily': rel Frobenius dist to original = 0.0606, off-diag CV of original penalty = 0.0644
MLP pre-training complete. Penalty matrix frozen.
Epoch: 00, Loss: 7.4199, Train: 13.73%, Valid: 13.20%, Test: 11.97%, Best Valid: 13.20%, Best Test: 11.97%
Switching Polynormer to global attention phase.
Epoch: 100, Loss: 7.0410, Train: 11.11%, Valid: 10.91%, Test: 11.21%, Best Valid: 90.67%, Best Test: 91.71%
Epoch: 200, Loss: 0.8412, Train: 67.82%, Valid: 65.14%, Test: 65.84%, Best Valid: 90.67%, Best Test: 91.71%
Epoch: 300, Loss: 0.1383, Train: 66.21%, Valid: 64.46%, Test: 65.46%, Best Valid: 90.67%, Best Test: 91.71%
Epoch: 400, Loss: 0.0021, Train: 83.39%, Valid: 82.52%, Test: 83.10%, Best Valid: 90.67%, Best Test: 91.71%
Epoch: 500, Loss: 0.0020, Train: 87.74%, Valid: 86.39%, Test: 87.13%, Best Valid: 90.67%, Best Test: 91.71%
Epoch: 600, Loss: 0.0021, Train: 87.97%, Valid: 86.74%, Test: 87.24%, Best Valid: 90.67%, Best Test: 91.71%
Epoch: 700, Loss: 0.0020, Train: 90.39%, Valid: 88.76%, Test: 89.89%, Best Valid: 90.67%, Best Test: 91.71%
Epoch: 800, Loss: 0.0027, Train: 88.24%, Valid: 86.52%, Test: 88.09%, Best Valid: 90.67%, Best Test: 91.71%
Epoch: 900, Loss: 0.5163, Train: 90.60%, Valid: 88.54%, Test: 90.19%, Best Valid: 90.67%, Best Test: 91.71%
Epoch: 1000, Loss: 0.0019, Train: 88.37%, Valid: 86.66%, Test: 88.41%, Best Valid: 90.67%, Best Test: 91.71%
Epoch: 1100, Loss: 0.0012, Train: 90.75%, Valid: 89.85%, Test: 90.46%, Best Valid: 90.67%, Best Test: 91.71%
Epoch: 1200, Loss: 0.2429, Train: 88.45%, Valid: 87.81%, Test: 87.49%, Best Valid: 90.67%, Best Test: 91.71%
Epoch: 1300, Loss: 0.0224, Train: 89.29%, Valid: 88.95%, Test: 89.37%, Best Valid: 90.67%, Best Test: 91.71%
Epoch: 1400, Loss: 0.0025, Train: 89.23%, Valid: 87.92%, Test: 89.04%, Best Valid: 90.67%, Best Test: 91.71%
Epoch: 1500, Loss: 0.0109, Train: 88.91%, Valid: 88.22%, Test: 89.15%, Best Valid: 90.67%, Best Test: 91.71%
Run 04:
Highest Train: 91.88
Highest Valid: 90.67
Highest Test: 92.04
Chosen epoch: 41
Final Train: 91.57
Final Test: 91.71
Label budget: 20/class -> 300 train nodes
Pre-training MLP for 500 epochs to generate co-occurrence matrix...
Penalty transform 'homophily': rel Frobenius dist to original = 0.0515, off-diag CV of original penalty = 0.0544
MLP pre-training complete. Penalty matrix frozen.
Epoch: 00, Loss: 7.5475, Train: 2.45%, Valid: 1.91%, Test: 2.18%, Best Valid: 1.91%, Best Test: 2.18%
Switching Polynormer to global attention phase.
Epoch: 100, Loss: 7.0409, Train: 2.37%, Valid: 2.51%, Test: 2.07%, Best Valid: 91.49%, Best Test: 91.66%
Epoch: 200, Loss: 0.0308, Train: 89.13%, Valid: 89.14%, Test: 89.18%, Best Valid: 91.49%, Best Test: 91.66%
Epoch: 300, Loss: 0.0932, Train: 88.89%, Valid: 88.30%, Test: 89.94%, Best Valid: 91.49%, Best Test: 91.66%
Epoch: 400, Loss: 0.0021, Train: 88.11%, Valid: 87.29%, Test: 89.18%, Best Valid: 91.49%, Best Test: 91.66%
Epoch: 500, Loss: 0.0024, Train: 88.22%, Valid: 87.64%, Test: 88.93%, Best Valid: 91.49%, Best Test: 91.66%
Epoch: 600, Loss: 0.3994, Train: 84.76%, Valid: 83.74%, Test: 85.55%, Best Valid: 91.49%, Best Test: 91.66%
Epoch: 700, Loss: 0.0102, Train: 89.28%, Valid: 88.65%, Test: 89.37%, Best Valid: 91.49%, Best Test: 91.66%
Epoch: 800, Loss: 0.0387, Train: 89.74%, Valid: 89.36%, Test: 90.38%, Best Valid: 91.49%, Best Test: 91.66%
Epoch: 900, Loss: 0.0073, Train: 88.52%, Valid: 87.78%, Test: 88.36%, Best Valid: 91.49%, Best Test: 91.66%
Epoch: 1000, Loss: 0.0010, Train: 90.10%, Valid: 89.50%, Test: 90.13%, Best Valid: 91.49%, Best Test: 91.66%
Epoch: 1100, Loss: 0.0266, Train: 88.68%, Valid: 87.62%, Test: 88.17%, Best Valid: 91.49%, Best Test: 91.66%
Epoch: 1200, Loss: 0.0211, Train: 91.13%, Valid: 90.26%, Test: 91.88%, Best Valid: 91.49%, Best Test: 91.66%
Epoch: 1300, Loss: 0.0028, Train: 90.70%, Valid: 89.17%, Test: 90.70%, Best Valid: 91.49%, Best Test: 91.66%
Epoch: 1400, Loss: 0.0011, Train: 91.29%, Valid: 89.74%, Test: 90.92%, Best Valid: 91.49%, Best Test: 91.66%
Epoch: 1500, Loss: 0.0911, Train: 89.84%, Valid: 88.87%, Test: 89.45%, Best Valid: 91.49%, Best Test: 91.66%
Run 05:
Highest Train: 91.82
Highest Valid: 91.49
Highest Test: 91.93
Chosen epoch: 62
Final Train: 91.73
Final Test: 91.66
Label budget: 20/class -> 300 train nodes
Pre-training MLP for 500 epochs to generate co-occurrence matrix...
Penalty transform 'homophily': rel Frobenius dist to original = 0.0654, off-diag CV of original penalty = 0.0683
MLP pre-training complete. Penalty matrix frozen.
Epoch: 00, Loss: 7.7090, Train: 2.58%, Valid: 2.65%, Test: 2.26%, Best Valid: 2.65%, Best Test: 2.26%
Switching Polynormer to global attention phase.
Epoch: 100, Loss: 7.0409, Train: 22.05%, Valid: 23.92%, Test: 22.74%, Best Valid: 90.97%, Best Test: 91.11%
Epoch: 200, Loss: 0.0499, Train: 74.18%, Valid: 73.35%, Test: 74.67%, Best Valid: 90.97%, Best Test: 91.11%
Epoch: 300, Loss: 0.0742, Train: 83.47%, Valid: 82.92%, Test: 84.02%, Best Valid: 90.97%, Best Test: 91.11%
Epoch: 400, Loss: 0.0021, Train: 87.59%, Valid: 87.34%, Test: 88.14%, Best Valid: 90.97%, Best Test: 91.11%
Epoch: 500, Loss: 0.1357, Train: 86.15%, Valid: 85.49%, Test: 87.27%, Best Valid: 90.97%, Best Test: 91.11%
Epoch: 600, Loss: 0.0394, Train: 90.44%, Valid: 89.17%, Test: 90.35%, Best Valid: 90.97%, Best Test: 91.11%
Epoch: 700, Loss: 0.0039, Train: 90.15%, Valid: 89.36%, Test: 89.99%, Best Valid: 90.97%, Best Test: 91.11%
Epoch: 800, Loss: 0.1297, Train: 90.12%, Valid: 89.09%, Test: 90.10%, Best Valid: 90.97%, Best Test: 91.11%
Epoch: 900, Loss: 0.0245, Train: 89.51%, Valid: 88.84%, Test: 90.08%, Best Valid: 90.97%, Best Test: 91.11%
Epoch: 1000, Loss: 0.0024, Train: 89.86%, Valid: 89.58%, Test: 90.38%, Best Valid: 90.97%, Best Test: 91.11%
Epoch: 1100, Loss: 0.0013, Train: 90.56%, Valid: 89.80%, Test: 90.76%, Best Valid: 90.97%, Best Test: 91.11%
Epoch: 1200, Loss: 0.0034, Train: 88.70%, Valid: 87.45%, Test: 88.41%, Best Valid: 90.97%, Best Test: 91.11%
Epoch: 1300, Loss: 0.0035, Train: 88.16%, Valid: 87.34%, Test: 89.01%, Best Valid: 90.97%, Best Test: 91.11%
Epoch: 1400, Loss: 0.1444, Train: 85.30%, Valid: 83.66%, Test: 85.50%, Best Valid: 90.97%, Best Test: 91.11%
Epoch: 1500, Loss: 0.0012, Train: 89.73%, Valid: 88.52%, Test: 89.94%, Best Valid: 90.97%, Best Test: 91.11%
Run 06:
Highest Train: 91.30
Highest Valid: 90.97
Highest Test: 91.60
Chosen epoch: 94
Final Train: 91.25
Final Test: 91.11
Label budget: 20/class -> 300 train nodes
Pre-training MLP for 500 epochs to generate co-occurrence matrix...
Penalty transform 'homophily': rel Frobenius dist to original = 0.0502, off-diag CV of original penalty = 0.0536
MLP pre-training complete. Penalty matrix frozen.
Epoch: 00, Loss: 7.6908, Train: 11.01%, Valid: 11.29%, Test: 11.64%, Best Valid: 11.29%, Best Test: 11.64%
Switching Polynormer to global attention phase.
Epoch: 100, Loss: 7.0410, Train: 2.45%, Valid: 1.91%, Test: 2.18%, Best Valid: 91.52%, Best Test: 93.02%
Epoch: 200, Loss: 0.8175, Train: 67.40%, Valid: 64.40%, Test: 66.82%, Best Valid: 91.52%, Best Test: 93.02%
Epoch: 300, Loss: 0.0869, Train: 82.50%, Valid: 80.31%, Test: 82.36%, Best Valid: 91.52%, Best Test: 93.02%
Epoch: 400, Loss: 0.2610, Train: 86.36%, Valid: 84.97%, Test: 86.64%, Best Valid: 91.52%, Best Test: 93.02%
Epoch: 500, Loss: 0.0018, Train: 87.72%, Valid: 85.73%, Test: 88.47%, Best Valid: 91.52%, Best Test: 93.02%
Epoch: 600, Loss: 0.0019, Train: 88.23%, Valid: 86.66%, Test: 88.93%, Best Valid: 91.52%, Best Test: 93.02%
Epoch: 700, Loss: 0.0168, Train: 88.74%, Valid: 87.40%, Test: 89.67%, Best Valid: 91.52%, Best Test: 93.02%
Epoch: 800, Loss: 0.0105, Train: 89.77%, Valid: 88.16%, Test: 90.76%, Best Valid: 91.52%, Best Test: 93.02%
Epoch: 900, Loss: 0.0011, Train: 90.74%, Valid: 89.74%, Test: 91.49%, Best Valid: 91.52%, Best Test: 93.02%
Epoch: 1000, Loss: 0.0662, Train: 89.88%, Valid: 88.68%, Test: 90.27%, Best Valid: 91.52%, Best Test: 93.02%
Epoch: 1100, Loss: 0.0215, Train: 88.57%, Valid: 87.40%, Test: 89.12%, Best Valid: 91.52%, Best Test: 93.02%
Epoch: 1200, Loss: 0.0249, Train: 89.74%, Valid: 88.84%, Test: 90.70%, Best Valid: 91.52%, Best Test: 93.02%
Epoch: 1300, Loss: 0.0038, Train: 90.16%, Valid: 89.80%, Test: 90.59%, Best Valid: 91.52%, Best Test: 93.02%
Epoch: 1400, Loss: 0.0388, Train: 88.61%, Valid: 88.13%, Test: 89.34%, Best Valid: 91.52%, Best Test: 93.02%
Epoch: 1500, Loss: 0.0026, Train: 89.68%, Valid: 89.03%, Test: 90.27%, Best Valid: 91.52%, Best Test: 93.02%
Run 07:
Highest Train: 92.15
Highest Valid: 91.52
Highest Test: 93.13
Chosen epoch: 44
Final Train: 92.14
Final Test: 93.02
Label budget: 20/class -> 300 train nodes
Pre-training MLP for 500 epochs to generate co-occurrence matrix...
Penalty transform 'homophily': rel Frobenius dist to original = 0.0592, off-diag CV of original penalty = 0.0618
MLP pre-training complete. Penalty matrix frozen.
Epoch: 00, Loss: 7.6134, Train: 3.88%, Valid: 3.57%, Test: 4.09%, Best Valid: 3.57%, Best Test: 4.09%
Switching Polynormer to global attention phase.
Epoch: 100, Loss: 7.0409, Train: 22.05%, Valid: 23.92%, Test: 22.74%, Best Valid: 91.27%, Best Test: 91.88%
Epoch: 200, Loss: 5.7157, Train: 24.34%, Valid: 26.02%, Test: 25.11%, Best Valid: 91.27%, Best Test: 91.88%
Epoch: 300, Loss: 0.4004, Train: 46.26%, Valid: 42.36%, Test: 44.96%, Best Valid: 91.27%, Best Test: 91.88%
Epoch: 400, Loss: 0.5479, Train: 58.89%, Valid: 56.11%, Test: 57.50%, Best Valid: 91.27%, Best Test: 91.88%
Epoch: 500, Loss: 0.0899, Train: 64.91%, Valid: 62.52%, Test: 64.50%, Best Valid: 91.27%, Best Test: 91.88%
Epoch: 600, Loss: 0.0264, Train: 83.55%, Valid: 81.40%, Test: 83.21%, Best Valid: 91.27%, Best Test: 91.88%
Epoch: 700, Loss: 0.0166, Train: 80.04%, Valid: 77.36%, Test: 79.93%, Best Valid: 91.27%, Best Test: 91.88%
Epoch: 800, Loss: 0.0381, Train: 85.01%, Valid: 82.68%, Test: 84.79%, Best Valid: 91.27%, Best Test: 91.88%
Epoch: 900, Loss: 0.0028, Train: 87.97%, Valid: 86.28%, Test: 87.32%, Best Valid: 91.27%, Best Test: 91.88%
Epoch: 1000, Loss: 0.0052, Train: 88.93%, Valid: 87.51%, Test: 88.74%, Best Valid: 91.27%, Best Test: 91.88%
Epoch: 1100, Loss: 0.0043, Train: 88.64%, Valid: 87.40%, Test: 88.11%, Best Valid: 91.27%, Best Test: 91.88%
Epoch: 1200, Loss: 0.0022, Train: 88.93%, Valid: 87.29%, Test: 88.99%, Best Valid: 91.27%, Best Test: 91.88%
Epoch: 1300, Loss: 0.0019, Train: 89.32%, Valid: 87.81%, Test: 89.50%, Best Valid: 91.27%, Best Test: 91.88%
Epoch: 1400, Loss: 0.2043, Train: 87.41%, Valid: 85.13%, Test: 86.42%, Best Valid: 91.27%, Best Test: 91.88%
Epoch: 1500, Loss: 0.0052, Train: 89.59%, Valid: 88.27%, Test: 89.61%, Best Valid: 91.27%, Best Test: 91.88%
Run 08:
Highest Train: 91.85
Highest Valid: 91.27
Highest Test: 92.04
Chosen epoch: 99
Final Train: 91.85
Final Test: 91.88
Label budget: 20/class -> 300 train nodes
Pre-training MLP for 500 epochs to generate co-occurrence matrix...
Penalty transform 'homophily': rel Frobenius dist to original = 0.0518, off-diag CV of original penalty = 0.0547
MLP pre-training complete. Penalty matrix frozen.
Epoch: 00, Loss: 7.5517, Train: 7.70%, Valid: 7.31%, Test: 7.72%, Best Valid: 7.31%, Best Test: 7.72%
Switching Polynormer to global attention phase.
Epoch: 100, Loss: 7.0409, Train: 2.55%, Valid: 2.15%, Test: 2.81%, Best Valid: 91.38%, Best Test: 92.34%
Epoch: 200, Loss: 0.0973, Train: 40.91%, Valid: 38.84%, Test: 39.37%, Best Valid: 91.38%, Best Test: 92.34%
Epoch: 300, Loss: 0.0016, Train: 75.59%, Valid: 74.17%, Test: 75.93%, Best Valid: 91.38%, Best Test: 92.34%
Epoch: 400, Loss: 0.0525, Train: 87.24%, Valid: 86.58%, Test: 87.57%, Best Valid: 91.38%, Best Test: 92.34%
Epoch: 500, Loss: 0.0132, Train: 87.62%, Valid: 86.06%, Test: 87.57%, Best Valid: 91.38%, Best Test: 92.34%
Epoch: 600, Loss: 0.0021, Train: 90.36%, Valid: 89.47%, Test: 90.38%, Best Valid: 91.38%, Best Test: 92.34%
Epoch: 700, Loss: 0.3165, Train: 90.25%, Valid: 90.13%, Test: 90.79%, Best Valid: 91.38%, Best Test: 92.34%
Epoch: 800, Loss: 0.0141, Train: 87.89%, Valid: 86.17%, Test: 88.28%, Best Valid: 91.38%, Best Test: 92.34%
Epoch: 900, Loss: 0.0074, Train: 88.48%, Valid: 88.03%, Test: 89.26%, Best Valid: 91.38%, Best Test: 92.34%
Epoch: 1000, Loss: 0.0019, Train: 90.72%, Valid: 89.93%, Test: 91.22%, Best Valid: 91.38%, Best Test: 92.34%
Epoch: 1100, Loss: 0.0069, Train: 88.42%, Valid: 87.51%, Test: 89.83%, Best Valid: 91.38%, Best Test: 92.34%
Epoch: 1200, Loss: 0.0009, Train: 88.27%, Valid: 87.21%, Test: 88.63%, Best Valid: 91.38%, Best Test: 92.34%
Epoch: 1300, Loss: 0.0039, Train: 90.38%, Valid: 88.98%, Test: 90.16%, Best Valid: 91.38%, Best Test: 92.34%
Epoch: 1400, Loss: 0.0016, Train: 90.37%, Valid: 89.63%, Test: 90.84%, Best Valid: 91.38%, Best Test: 92.34%
Epoch: 1500, Loss: 0.0959, Train: 86.15%, Valid: 84.92%, Test: 86.01%, Best Valid: 91.38%, Best Test: 92.34%
Run 09:
Highest Train: 92.16
Highest Valid: 91.38
Highest Test: 92.45
Chosen epoch: 62
Final Train: 92.12
Final Test: 92.34
Label budget: 20/class -> 300 train nodes
Pre-training MLP for 500 epochs to generate co-occurrence matrix...
Penalty transform 'homophily': rel Frobenius dist to original = 0.0549, off-diag CV of original penalty = 0.0579
MLP pre-training complete. Penalty matrix frozen.
Epoch: 00, Loss: 7.4938, Train: 8.03%, Valid: 7.69%, Test: 7.61%, Best Valid: 7.69%, Best Test: 7.61%
Switching Polynormer to global attention phase.
Epoch: 100, Loss: 7.0410, Train: 7.68%, Valid: 7.26%, Test: 7.72%, Best Valid: 90.78%, Best Test: 91.88%
Epoch: 200, Loss: 0.0340, Train: 56.03%, Valid: 53.11%, Test: 55.51%, Best Valid: 90.78%, Best Test: 91.88%
Epoch: 300, Loss: 0.0487, Train: 87.90%, Valid: 87.12%, Test: 87.95%, Best Valid: 90.78%, Best Test: 91.88%
Epoch: 400, Loss: 0.0013, Train: 82.58%, Valid: 81.01%, Test: 82.63%, Best Valid: 90.78%, Best Test: 91.88%
Epoch: 500, Loss: 0.0752, Train: 85.14%, Valid: 83.72%, Test: 84.71%, Best Valid: 90.78%, Best Test: 91.88%
Epoch: 600, Loss: 0.0023, Train: 88.48%, Valid: 87.12%, Test: 87.79%, Best Valid: 90.78%, Best Test: 91.88%
Epoch: 700, Loss: 0.0386, Train: 89.26%, Valid: 88.84%, Test: 89.29%, Best Valid: 90.78%, Best Test: 91.88%
Epoch: 800, Loss: 0.0011, Train: 89.95%, Valid: 89.63%, Test: 90.27%, Best Valid: 90.78%, Best Test: 91.88%
Epoch: 900, Loss: 0.0024, Train: 90.90%, Valid: 90.32%, Test: 90.81%, Best Valid: 90.78%, Best Test: 91.88%
Epoch: 1000, Loss: 0.0015, Train: 90.59%, Valid: 89.61%, Test: 90.38%, Best Valid: 90.78%, Best Test: 91.88%
Epoch: 1100, Loss: 0.0981, Train: 88.98%, Valid: 87.45%, Test: 87.68%, Best Valid: 90.78%, Best Test: 91.88%
Epoch: 1200, Loss: 0.0017, Train: 87.40%, Valid: 86.82%, Test: 87.00%, Best Valid: 90.78%, Best Test: 91.88%
Epoch: 1300, Loss: 0.0042, Train: 88.29%, Valid: 86.58%, Test: 87.70%, Best Valid: 90.78%, Best Test: 91.88%
Epoch: 1400, Loss: 0.0026, Train: 89.39%, Valid: 87.83%, Test: 88.41%, Best Valid: 90.78%, Best Test: 91.88%
Epoch: 1500, Loss: 0.0006, Train: 90.10%, Valid: 89.20%, Test: 89.78%, Best Valid: 90.78%, Best Test: 91.88%
Run 10:
Highest Train: 91.47
Highest Valid: 90.78
Highest Test: 92.01
Chosen epoch: 32
Final Train: 91.32
Final Test: 91.88
All runs:
Highest Train: 91.95 ± 0.39
Highest Test: 92.27 ± 0.46
Highest Valid: 91.25 ± 0.49
  Final Train: 91.85 ± 0.38
   Final Test: 92.04 ± 0.55
Saving results to ../results/lowlabel/coauthor-cs/polynormer.csv
Low-label sweep completed.
Task 77 done.
