Wed Sep  2 01:14:47 2026       
+-----------------------------------------------------------------------------------------+
| NVIDIA-SMI 580.159.04             Driver Version: 580.159.04     CUDA Version: 13.0     |
+-----------------------------------------+------------------------+----------------------+
| GPU  Name                 Persistence-M | Bus-Id          Disp.A | Volatile Uncorr. ECC |
| Fan  Temp   Perf          Pwr:Usage/Cap |           Memory-Usage | GPU-Util  Compute M. |
|                                         |                        |               MIG M. |
|=========================================+========================+======================|
|   0  NVIDIA A100-SXM4-80GB          On  |   00000000:01:00.0 Off |                   On |
| N/A   57C    P0            271W /  500W |    8577MiB /  81920MiB |     N/A      Default |
|                                         |                        |              Enabled |
+-----------------------------------------+------------------------+----------------------+
|   1  NVIDIA A100-SXM4-80GB          On  |   00000000:41:00.0 Off |                   On |
| N/A   55C    P0            303W /  500W |   27771MiB /  81920MiB |     N/A      Default |
|                                         |                        |              Enabled |
+-----------------------------------------+------------------------+----------------------+
|   2  NVIDIA A100-SXM4-80GB          On  |   00000000:81:00.0 Off |                   On |
| N/A   48C    P0            137W /  500W |    1372MiB /  81920MiB |     N/A      Default |
|                                         |                        |              Enabled |
+-----------------------------------------+------------------------+----------------------+
|   3  NVIDIA A100-SXM4-80GB          On  |   00000000:C1:00.0 Off |                   On |
| N/A   47C    P0            245W /  500W |   22675MiB /  81920MiB |     N/A      Default |
|                                         |                        |              Enabled |
+-----------------------------------------+------------------------+----------------------+

+-----------------------------------------------------------------------------------------+
| MIG devices:                                                                            |
+------------------+----------------------------------+-----------+-----------------------+
| GPU  GI  CI  MIG |              Shared Memory-Usage |        Vol|        Shared         |
|      ID  ID  Dev |                Shared BAR1-Usage | SM     Unc| CE ENC  DEC  OFA  JPG |
|                  |                                  |        ECC|                       |
|==================+==================================+===========+=======================|
|  2    3   0   0  |              71MiB / 19968MiB    | 28      0 |  2   0    1    0    0 |
|                  |               0MiB / 12271MiB    |           |                       |
+------------------+----------------------------------+-----------+-----------------------+

+-----------------------------------------------------------------------------------------+
| Processes:                                                                              |
|  GPU   GI   CI              PID   Type   Process name                        GPU Memory |
|        ID   ID                                                               Usage      |
|=========================================================================================|
|    0   13    0            69936      C   ...ware/symmetrix-env/bin/python        508MiB |
|    0   14    0            69944      C   ...ware/symmetrix-env/bin/python        508MiB |
|    0    1    0           279640      C   python                                 3114MiB |
|    0    5    0           311033      C   python                                 4134MiB |
|    1   10    0            69947      C   ...ware/symmetrix-env/bin/python        528MiB |
|    1    9    0            69948      C   ...ware/symmetrix-env/bin/python        508MiB |
|    1    3    0           246577      C   ...9/.conda/envs/BSRD/bin/python       5236MiB |
|    1    2    0           287090      C   python                                21186MiB |
|    3   14    0            69943      C   ...ware/symmetrix-env/bin/python        592MiB |
|    3   13    0            69946      C   ...ware/symmetrix-env/bin/python        570MiB |
|    3    1    0           166948      C   python                                21208MiB |
+-----------------------------------------------------------------------------------------+
Control cell: amazon-computer / gcn / budget 10 per class / homophily -> results/lowlabel
python main.py --gnn gcn --dataset amazon-computer --hidden_channels 512 --epochs 1000 --lr 0.001 --runs 3 --local_layers 3 --weight_decay 5e-5 --dropout 0.5 --device 0 --ln --runs 10 --train_per_class 10  --budget_tag 10
==========================================================
Low-label sweep: python main.py --gnn gcn --dataset amazon-computer --hidden_channels 512 --epochs 1000 --lr 0.001 --runs 3 --local_layers 3 --weight_decay 5e-5 --dropout 0.5 --device 0 --ln --runs 10 --train_per_class 10  --budget_tag 10
result_dir=results/lowlabel conditions=[homophily]
==========================================================
--- mlp_reg/homophily control | lambda=0.01 ---
Namespace(bn=False, budget_tag='10', cooc_file='', count_reg=False, count_smoothing=1.0, cpu=False, data_dir='./data/', dataset='amazon-computer', device=0, display_step=100, dropout=0.5, epochs=1000, gnn='gcn', hidden_channels=512, jk=False, label_num_per_class=20, lambda_val=0.01, ln=True, local_layers=3, lr=0.001, metric='acc', mlp_epochs=500, mlp_reg=True, model='MPNN', model_dir='models', num_heads=1, oracle_reg=False, paired_seeds=True, penalty_transform='homophily', pre_linear=False, pre_ln=False, rand_split=False, rand_split_class=False, reg_start_epoch=10, reg_update_freq=5, res=False, resample_split_per_run=False, result_dir='results/lowlabel', runs=10, save_model=False, seed=42, source_mode='keep', test_num=1000, train_per_class=10, train_prop=0.5, use_reg=True, valid_num=500, valid_per_class=0, valid_prop=0.25, weight_decay=5e-05, year_split=0)
amazon-computer
dataset amazon-computer | num nodes 13752 | num edge 491722 | num node feats 767 | num classes 10
MODEL: MPNNs(
  (h_lins): ModuleList()
  (local_convs): ModuleList(
    (0): GCNConv(767, 512)
    (1): GCNConv(512, 512)
    (2): GCNConv(512, 512)
  )
  (lins): ModuleList(
    (0): Linear(in_features=767, out_features=512, bias=True)
    (1): Linear(in_features=512, out_features=512, bias=True)
    (2): Linear(in_features=512, out_features=512, bias=True)
  )
  (lns): ModuleList(
    (0): LayerNorm((512,), eps=1e-05, elementwise_affine=True)
    (1): LayerNorm((512,), eps=1e-05, elementwise_affine=True)
    (2): LayerNorm((512,), eps=1e-05, elementwise_affine=True)
  )
  (bns): ModuleList(
    (0): BatchNorm1d(512, eps=1e-05, momentum=0.1, affine=True, track_running_stats=True)
    (1): BatchNorm1d(512, eps=1e-05, momentum=0.1, affine=True, track_running_stats=True)
    (2): BatchNorm1d(512, eps=1e-05, momentum=0.1, affine=True, track_running_stats=True)
  )
  (lin_in): Linear(in_features=767, out_features=512, bias=True)
  (pred_local): Linear(in_features=512, out_features=10, bias=True)
)
Label budget: 10/class -> 100 train nodes
Pre-training MLP for 500 epochs to generate co-occurrence matrix...
Penalty transform 'homophily': rel Frobenius dist to original = 0.1945, off-diag CV of original penalty = 0.1994
MLP pre-training complete. Penalty matrix frozen.
Epoch: 00, Loss: 2.5399, Train: 8.21%, Valid: 8.69%, Test: 9.01%, Best Valid: 8.69%, Best Test: 9.01%
Epoch: 100, Loss: 0.0639, Train: 73.23%, Valid: 75.42%, Test: 75.79%, Best Valid: 81.67%, Best Test: 82.62%
Epoch: 200, Loss: 0.0123, Train: 77.28%, Valid: 78.73%, Test: 78.66%, Best Valid: 83.20%, Best Test: 84.62%
Epoch: 300, Loss: 0.0015, Train: 77.42%, Valid: 78.95%, Test: 78.70%, Best Valid: 83.20%, Best Test: 84.62%
Epoch: 400, Loss: 0.0006, Train: 76.88%, Valid: 78.62%, Test: 78.01%, Best Valid: 83.20%, Best Test: 84.62%
Epoch: 500, Loss: 0.0004, Train: 76.38%, Valid: 78.22%, Test: 77.57%, Best Valid: 83.20%, Best Test: 84.62%
Epoch: 600, Loss: 0.0003, Train: 76.91%, Valid: 78.58%, Test: 78.41%, Best Valid: 83.20%, Best Test: 84.62%
Epoch: 700, Loss: 0.0003, Train: 76.91%, Valid: 78.65%, Test: 78.52%, Best Valid: 83.20%, Best Test: 84.62%
Epoch: 800, Loss: 0.0004, Train: 76.91%, Valid: 78.65%, Test: 78.30%, Best Valid: 83.20%, Best Test: 84.62%
Epoch: 900, Loss: 0.0002, Train: 77.02%, Valid: 78.73%, Test: 78.59%, Best Valid: 83.20%, Best Test: 84.62%
Run 01:
Highest Train: 82.20
Highest Valid: 83.20
Highest Test: 84.62
Chosen epoch: 126
Final Train: 82.20
Final Test: 84.62
Label budget: 10/class -> 100 train nodes
Pre-training MLP for 500 epochs to generate co-occurrence matrix...
Penalty transform 'homophily': rel Frobenius dist to original = 0.1940, off-diag CV of original penalty = 0.1962
MLP pre-training complete. Penalty matrix frozen.
Epoch: 00, Loss: 2.3530, Train: 17.37%, Valid: 17.53%, Test: 17.45%, Best Valid: 17.53%, Best Test: 17.45%
Epoch: 100, Loss: 0.0280, Train: 62.19%, Valid: 62.98%, Test: 62.41%, Best Valid: 81.02%, Best Test: 81.57%
Epoch: 200, Loss: 0.0084, Train: 75.54%, Valid: 76.33%, Test: 75.32%, Best Valid: 81.02%, Best Test: 81.57%
Epoch: 300, Loss: 0.0109, Train: 76.96%, Valid: 77.05%, Test: 77.46%, Best Valid: 81.02%, Best Test: 81.57%
Epoch: 400, Loss: 0.0018, Train: 75.09%, Valid: 75.96%, Test: 74.70%, Best Valid: 81.02%, Best Test: 81.57%
Epoch: 500, Loss: 0.0004, Train: 75.72%, Valid: 76.29%, Test: 75.72%, Best Valid: 81.02%, Best Test: 81.57%
Epoch: 600, Loss: 0.0004, Train: 76.15%, Valid: 76.29%, Test: 75.94%, Best Valid: 81.02%, Best Test: 81.57%
Epoch: 700, Loss: 0.0002, Train: 75.68%, Valid: 76.07%, Test: 75.65%, Best Valid: 81.02%, Best Test: 81.57%
Epoch: 800, Loss: 0.0003, Train: 75.53%, Valid: 76.15%, Test: 75.10%, Best Valid: 81.02%, Best Test: 81.57%
Epoch: 900, Loss: 0.0002, Train: 76.48%, Valid: 76.36%, Test: 76.15%, Best Valid: 81.02%, Best Test: 81.57%
Run 02:
Highest Train: 81.21
Highest Valid: 81.02
Highest Test: 81.86
Chosen epoch: 63
Final Train: 81.21
Final Test: 81.57
Label budget: 10/class -> 100 train nodes
Pre-training MLP for 500 epochs to generate co-occurrence matrix...
Penalty transform 'homophily': rel Frobenius dist to original = 0.1754, off-diag CV of original penalty = 0.1815
MLP pre-training complete. Penalty matrix frozen.
Epoch: 00, Loss: 2.4076, Train: 15.74%, Valid: 16.25%, Test: 14.65%, Best Valid: 16.25%, Best Test: 14.65%
Epoch: 100, Loss: 0.0150, Train: 77.52%, Valid: 77.82%, Test: 78.34%, Best Valid: 82.87%, Best Test: 83.61%
Epoch: 200, Loss: 0.0015, Train: 80.29%, Valid: 80.76%, Test: 81.17%, Best Valid: 82.87%, Best Test: 83.61%
Epoch: 300, Loss: 0.0007, Train: 81.18%, Valid: 81.53%, Test: 82.33%, Best Valid: 82.87%, Best Test: 83.61%
Epoch: 400, Loss: 0.0006, Train: 80.81%, Valid: 81.45%, Test: 81.86%, Best Valid: 82.87%, Best Test: 83.61%
Epoch: 500, Loss: 0.0004, Train: 80.71%, Valid: 81.45%, Test: 81.86%, Best Valid: 82.87%, Best Test: 83.61%
Epoch: 600, Loss: 0.0003, Train: 81.30%, Valid: 81.85%, Test: 82.52%, Best Valid: 82.87%, Best Test: 83.61%
Epoch: 700, Loss: 0.0004, Train: 80.97%, Valid: 81.45%, Test: 81.79%, Best Valid: 82.87%, Best Test: 83.61%
Epoch: 800, Loss: 0.0003, Train: 81.11%, Valid: 81.71%, Test: 82.04%, Best Valid: 82.87%, Best Test: 83.61%
Epoch: 900, Loss: 0.0003, Train: 81.37%, Valid: 81.27%, Test: 82.30%, Best Valid: 82.87%, Best Test: 83.61%
Run 03:
Highest Train: 82.51
Highest Valid: 82.87
Highest Test: 83.79
Chosen epoch: 80
Final Train: 82.47
Final Test: 83.61
Label budget: 10/class -> 100 train nodes
Pre-training MLP for 500 epochs to generate co-occurrence matrix...
Penalty transform 'homophily': rel Frobenius dist to original = 0.1918, off-diag CV of original penalty = 0.1927
MLP pre-training complete. Penalty matrix frozen.
Epoch: 00, Loss: 2.5232, Train: 6.25%, Valid: 6.76%, Test: 6.72%, Best Valid: 6.76%, Best Test: 6.72%
Epoch: 100, Loss: 0.0318, Train: 79.83%, Valid: 79.45%, Test: 80.55%, Best Valid: 81.64%, Best Test: 82.48%
Epoch: 200, Loss: 0.0015, Train: 78.68%, Valid: 79.16%, Test: 79.43%, Best Valid: 81.64%, Best Test: 82.48%
Epoch: 300, Loss: 0.0013, Train: 79.03%, Valid: 79.20%, Test: 79.53%, Best Valid: 81.64%, Best Test: 82.48%
Epoch: 400, Loss: 0.0006, Train: 78.56%, Valid: 78.51%, Test: 79.39%, Best Valid: 81.64%, Best Test: 82.48%
Epoch: 500, Loss: 0.0005, Train: 79.43%, Valid: 79.20%, Test: 79.64%, Best Valid: 81.64%, Best Test: 82.48%
Epoch: 600, Loss: 0.0003, Train: 79.26%, Valid: 79.31%, Test: 79.61%, Best Valid: 81.64%, Best Test: 82.48%
Epoch: 700, Loss: 0.0004, Train: 78.92%, Valid: 78.69%, Test: 79.46%, Best Valid: 81.64%, Best Test: 82.48%
Epoch: 800, Loss: 0.0004, Train: 79.35%, Valid: 79.16%, Test: 79.64%, Best Valid: 81.64%, Best Test: 82.48%
Epoch: 900, Loss: 0.0003, Train: 79.41%, Valid: 79.49%, Test: 79.53%, Best Valid: 81.64%, Best Test: 82.48%
Run 04:
Highest Train: 81.94
Highest Valid: 81.64
Highest Test: 82.48
Chosen epoch: 37
Final Train: 81.94
Final Test: 82.48
Label budget: 10/class -> 100 train nodes
Pre-training MLP for 500 epochs to generate co-occurrence matrix...
Penalty transform 'homophily': rel Frobenius dist to original = 0.2144, off-diag CV of original penalty = 0.2185
MLP pre-training complete. Penalty matrix frozen.
Epoch: 00, Loss: 2.5223, Train: 12.00%, Valid: 11.31%, Test: 11.85%, Best Valid: 11.31%, Best Test: 11.85%
Epoch: 100, Loss: 0.0854, Train: 77.77%, Valid: 77.49%, Test: 77.50%, Best Valid: 79.71%, Best Test: 80.55%
Epoch: 200, Loss: 0.0066, Train: 76.14%, Valid: 76.62%, Test: 77.75%, Best Valid: 80.15%, Best Test: 81.35%
Epoch: 300, Loss: 0.0349, Train: 77.47%, Valid: 78.33%, Test: 78.52%, Best Valid: 80.15%, Best Test: 81.35%
Epoch: 400, Loss: 0.0401, Train: 77.07%, Valid: 76.98%, Test: 78.19%, Best Valid: 80.15%, Best Test: 81.35%
Epoch: 500, Loss: 0.0007, Train: 77.23%, Valid: 77.24%, Test: 78.63%, Best Valid: 80.15%, Best Test: 81.35%
Epoch: 600, Loss: 0.0007, Train: 77.59%, Valid: 77.85%, Test: 79.13%, Best Valid: 80.15%, Best Test: 81.35%
Epoch: 700, Loss: 0.0157, Train: 76.46%, Valid: 76.95%, Test: 78.19%, Best Valid: 80.15%, Best Test: 81.35%
Epoch: 800, Loss: 0.0011, Train: 77.80%, Valid: 78.40%, Test: 80.01%, Best Valid: 80.15%, Best Test: 81.35%
Epoch: 900, Loss: 0.0005, Train: 78.22%, Valid: 78.15%, Test: 79.50%, Best Valid: 80.15%, Best Test: 81.35%
Run 05:
Highest Train: 79.80
Highest Valid: 80.15
Highest Test: 81.35
Chosen epoch: 149
Final Train: 79.63
Final Test: 81.35
Label budget: 10/class -> 100 train nodes
Pre-training MLP for 500 epochs to generate co-occurrence matrix...
Penalty transform 'homophily': rel Frobenius dist to original = 0.2316, off-diag CV of original penalty = 0.2360
MLP pre-training complete. Penalty matrix frozen.
Epoch: 00, Loss: 2.5107, Train: 15.51%, Valid: 16.04%, Test: 15.38%, Best Valid: 16.04%, Best Test: 15.38%
Epoch: 100, Loss: 0.1050, Train: 78.48%, Valid: 79.49%, Test: 80.30%, Best Valid: 83.35%, Best Test: 84.55%
Epoch: 200, Loss: 0.1041, Train: 76.34%, Valid: 77.64%, Test: 79.06%, Best Valid: 83.35%, Best Test: 84.55%
Epoch: 300, Loss: 0.0014, Train: 79.87%, Valid: 80.40%, Test: 82.19%, Best Valid: 83.35%, Best Test: 84.55%
Epoch: 400, Loss: 0.0047, Train: 81.00%, Valid: 80.69%, Test: 82.66%, Best Valid: 83.35%, Best Test: 84.55%
Epoch: 500, Loss: 0.0014, Train: 81.03%, Valid: 81.38%, Test: 83.46%, Best Valid: 83.35%, Best Test: 84.55%
Epoch: 600, Loss: 0.0004, Train: 80.51%, Valid: 81.13%, Test: 83.02%, Best Valid: 83.35%, Best Test: 84.55%
Epoch: 700, Loss: 0.0005, Train: 81.06%, Valid: 81.27%, Test: 83.61%, Best Valid: 83.35%, Best Test: 84.55%
Epoch: 800, Loss: 0.0003, Train: 80.88%, Valid: 81.31%, Test: 83.68%, Best Valid: 83.35%, Best Test: 84.55%
Epoch: 900, Loss: 0.0002, Train: 81.19%, Valid: 81.82%, Test: 83.90%, Best Valid: 83.35%, Best Test: 84.55%
Run 06:
Highest Train: 83.38
Highest Valid: 83.35
Highest Test: 84.77
Chosen epoch: 93
Final Train: 82.81
Final Test: 84.55
Label budget: 10/class -> 100 train nodes
Pre-training MLP for 500 epochs to generate co-occurrence matrix...
Penalty transform 'homophily': rel Frobenius dist to original = 0.1755, off-diag CV of original penalty = 0.1824
MLP pre-training complete. Penalty matrix frozen.
Epoch: 00, Loss: 2.4073, Train: 36.02%, Valid: 34.36%, Test: 37.77%, Best Valid: 34.36%, Best Test: 37.77%
Epoch: 100, Loss: 0.1159, Train: 78.50%, Valid: 79.02%, Test: 79.50%, Best Valid: 80.84%, Best Test: 82.01%
Epoch: 200, Loss: 0.0201, Train: 78.46%, Valid: 78.73%, Test: 79.64%, Best Valid: 81.67%, Best Test: 82.81%
Epoch: 300, Loss: 0.2856, Train: 76.94%, Valid: 77.35%, Test: 77.86%, Best Valid: 81.67%, Best Test: 82.81%
Epoch: 400, Loss: 0.0028, Train: 77.09%, Valid: 77.02%, Test: 78.41%, Best Valid: 81.67%, Best Test: 82.81%
Epoch: 500, Loss: 0.0014, Train: 78.79%, Valid: 79.16%, Test: 80.33%, Best Valid: 81.67%, Best Test: 82.81%
Epoch: 600, Loss: 0.0225, Train: 81.09%, Valid: 81.42%, Test: 82.44%, Best Valid: 81.93%, Best Test: 84.37%
Epoch: 700, Loss: 0.0011, Train: 78.94%, Valid: 78.76%, Test: 80.77%, Best Valid: 81.93%, Best Test: 84.37%
Epoch: 800, Loss: 0.0004, Train: 77.95%, Valid: 78.22%, Test: 79.64%, Best Valid: 81.93%, Best Test: 84.37%
Epoch: 900, Loss: 0.0005, Train: 78.65%, Valid: 78.36%, Test: 80.15%, Best Valid: 81.93%, Best Test: 84.37%
Run 07:
Highest Train: 82.32
Highest Valid: 81.93
Highest Test: 84.37
Chosen epoch: 555
Final Train: 82.32
Final Test: 84.37
Label budget: 10/class -> 100 train nodes
Pre-training MLP for 500 epochs to generate co-occurrence matrix...
Penalty transform 'homophily': rel Frobenius dist to original = 0.2174, off-diag CV of original penalty = 0.2226
MLP pre-training complete. Penalty matrix frozen.
Epoch: 00, Loss: 2.4674, Train: 40.03%, Valid: 38.76%, Test: 41.58%, Best Valid: 38.76%, Best Test: 41.58%
Epoch: 100, Loss: 0.1017, Train: 82.14%, Valid: 81.56%, Test: 84.11%, Best Valid: 83.13%, Best Test: 84.91%
Epoch: 200, Loss: 0.1213, Train: 80.81%, Valid: 81.27%, Test: 82.33%, Best Valid: 83.71%, Best Test: 86.30%
Epoch: 300, Loss: 0.0464, Train: 81.36%, Valid: 81.60%, Test: 84.48%, Best Valid: 83.89%, Best Test: 85.68%
Epoch: 400, Loss: 0.0593, Train: 82.80%, Valid: 83.24%, Test: 85.42%, Best Valid: 83.89%, Best Test: 85.68%
Epoch: 500, Loss: 0.0137, Train: 82.06%, Valid: 81.96%, Test: 85.13%, Best Valid: 83.89%, Best Test: 85.68%
Epoch: 600, Loss: 0.0300, Train: 82.96%, Valid: 82.73%, Test: 85.82%, Best Valid: 83.89%, Best Test: 85.68%
Epoch: 700, Loss: 0.1024, Train: 82.74%, Valid: 82.25%, Test: 85.17%, Best Valid: 83.89%, Best Test: 85.68%
Epoch: 800, Loss: 0.0038, Train: 82.06%, Valid: 82.07%, Test: 84.91%, Best Valid: 83.89%, Best Test: 85.68%
Epoch: 900, Loss: 0.0015, Train: 81.98%, Valid: 81.85%, Test: 85.31%, Best Valid: 83.89%, Best Test: 85.68%
Run 08:
Highest Train: 83.64
Highest Valid: 83.89
Highest Test: 86.48
Chosen epoch: 244
Final Train: 82.89
Final Test: 85.68
Label budget: 10/class -> 100 train nodes
Pre-training MLP for 500 epochs to generate co-occurrence matrix...
Penalty transform 'homophily': rel Frobenius dist to original = 0.2148, off-diag CV of original penalty = 0.2205
MLP pre-training complete. Penalty matrix frozen.
Epoch: 00, Loss: 2.5478, Train: 2.39%, Valid: 2.51%, Test: 2.47%, Best Valid: 2.51%, Best Test: 2.47%
Epoch: 100, Loss: 0.1039, Train: 70.43%, Valid: 71.27%, Test: 71.03%, Best Valid: 78.00%, Best Test: 77.06%
Epoch: 200, Loss: 0.0190, Train: 71.81%, Valid: 72.58%, Test: 72.01%, Best Valid: 78.00%, Best Test: 77.06%
Epoch: 300, Loss: 0.0072, Train: 75.32%, Valid: 76.36%, Test: 76.15%, Best Valid: 78.00%, Best Test: 77.06%
Epoch: 400, Loss: 0.0007, Train: 74.83%, Valid: 75.60%, Test: 75.72%, Best Valid: 78.00%, Best Test: 77.06%
Epoch: 500, Loss: 0.0003, Train: 74.96%, Valid: 75.85%, Test: 75.97%, Best Valid: 78.00%, Best Test: 77.06%
Epoch: 600, Loss: 0.0003, Train: 75.00%, Valid: 75.89%, Test: 75.79%, Best Valid: 78.00%, Best Test: 77.06%
Epoch: 700, Loss: 0.0002, Train: 74.88%, Valid: 75.75%, Test: 76.08%, Best Valid: 78.00%, Best Test: 77.06%
Epoch: 800, Loss: 0.0003, Train: 74.98%, Valid: 75.78%, Test: 75.94%, Best Valid: 78.00%, Best Test: 77.06%
Epoch: 900, Loss: 0.0003, Train: 75.00%, Valid: 75.75%, Test: 75.86%, Best Valid: 78.00%, Best Test: 77.06%
Run 09:
Highest Train: 76.44
Highest Valid: 78.00
Highest Test: 77.06
Chosen epoch: 68
Final Train: 76.44
Final Test: 77.06
Label budget: 10/class -> 100 train nodes
Pre-training MLP for 500 epochs to generate co-occurrence matrix...
Penalty transform 'homophily': rel Frobenius dist to original = 0.2276, off-diag CV of original penalty = 0.2267
MLP pre-training complete. Penalty matrix frozen.
Epoch: 00, Loss: 2.5090, Train: 2.11%, Valid: 2.65%, Test: 2.33%, Best Valid: 2.65%, Best Test: 2.33%
Epoch: 100, Loss: 0.1445, Train: 70.94%, Valid: 71.71%, Test: 71.36%, Best Valid: 75.42%, Best Test: 76.23%
Epoch: 200, Loss: 0.0368, Train: 71.14%, Valid: 72.04%, Test: 71.21%, Best Valid: 76.15%, Best Test: 75.94%
Epoch: 300, Loss: 0.0584, Train: 71.77%, Valid: 72.36%, Test: 72.12%, Best Valid: 76.15%, Best Test: 75.94%
Epoch: 400, Loss: 0.0072, Train: 73.31%, Valid: 74.22%, Test: 73.43%, Best Valid: 76.15%, Best Test: 75.94%
Epoch: 500, Loss: 0.0016, Train: 72.11%, Valid: 73.13%, Test: 72.63%, Best Valid: 76.15%, Best Test: 75.94%
Epoch: 600, Loss: 0.0006, Train: 73.08%, Valid: 74.29%, Test: 73.43%, Best Valid: 76.15%, Best Test: 75.94%
Epoch: 700, Loss: 0.0004, Train: 73.09%, Valid: 74.15%, Test: 73.39%, Best Valid: 76.15%, Best Test: 75.94%
Epoch: 800, Loss: 0.0002, Train: 73.30%, Valid: 74.29%, Test: 73.50%, Best Valid: 76.15%, Best Test: 75.94%
Epoch: 900, Loss: 0.0002, Train: 73.41%, Valid: 74.51%, Test: 73.39%, Best Valid: 76.15%, Best Test: 75.94%
Run 10:
Highest Train: 75.03
Highest Valid: 76.15
Highest Test: 76.30
Chosen epoch: 128
Final Train: 74.96
Final Test: 75.94
All runs:
Highest Train: 80.85 ± 2.92
Highest Test: 82.31 ± 3.33
Highest Valid: 81.22 ± 2.50
  Final Train: 80.69 ± 2.81
   Final Test: 82.12 ± 3.28
Saving results to results/lowlabel/amazon-computer/MPNN_gcn.csv
--- mlp_reg/homophily control | lambda=0.05 ---
Namespace(bn=False, budget_tag='10', cooc_file='', count_reg=False, count_smoothing=1.0, cpu=False, data_dir='./data/', dataset='amazon-computer', device=0, display_step=100, dropout=0.5, epochs=1000, gnn='gcn', hidden_channels=512, jk=False, label_num_per_class=20, lambda_val=0.05, ln=True, local_layers=3, lr=0.001, metric='acc', mlp_epochs=500, mlp_reg=True, model='MPNN', model_dir='models', num_heads=1, oracle_reg=False, paired_seeds=True, penalty_transform='homophily', pre_linear=False, pre_ln=False, rand_split=False, rand_split_class=False, reg_start_epoch=10, reg_update_freq=5, res=False, resample_split_per_run=False, result_dir='results/lowlabel', runs=10, save_model=False, seed=42, source_mode='keep', test_num=1000, train_per_class=10, train_prop=0.5, use_reg=True, valid_num=500, valid_per_class=0, valid_prop=0.25, weight_decay=5e-05, year_split=0)
amazon-computer
dataset amazon-computer | num nodes 13752 | num edge 491722 | num node feats 767 | num classes 10
MODEL: MPNNs(
  (h_lins): ModuleList()
  (local_convs): ModuleList(
    (0): GCNConv(767, 512)
    (1): GCNConv(512, 512)
    (2): GCNConv(512, 512)
  )
  (lins): ModuleList(
    (0): Linear(in_features=767, out_features=512, bias=True)
    (1): Linear(in_features=512, out_features=512, bias=True)
    (2): Linear(in_features=512, out_features=512, bias=True)
  )
  (lns): ModuleList(
    (0): LayerNorm((512,), eps=1e-05, elementwise_affine=True)
    (1): LayerNorm((512,), eps=1e-05, elementwise_affine=True)
    (2): LayerNorm((512,), eps=1e-05, elementwise_affine=True)
  )
  (bns): ModuleList(
    (0): BatchNorm1d(512, eps=1e-05, momentum=0.1, affine=True, track_running_stats=True)
    (1): BatchNorm1d(512, eps=1e-05, momentum=0.1, affine=True, track_running_stats=True)
    (2): BatchNorm1d(512, eps=1e-05, momentum=0.1, affine=True, track_running_stats=True)
  )
  (lin_in): Linear(in_features=767, out_features=512, bias=True)
  (pred_local): Linear(in_features=512, out_features=10, bias=True)
)
Label budget: 10/class -> 100 train nodes
Pre-training MLP for 500 epochs to generate co-occurrence matrix...
Penalty transform 'homophily': rel Frobenius dist to original = 0.1945, off-diag CV of original penalty = 0.1994
MLP pre-training complete. Penalty matrix frozen.
Epoch: 00, Loss: 2.6405, Train: 8.22%, Valid: 8.73%, Test: 8.91%, Best Valid: 8.73%, Best Test: 8.91%
Epoch: 100, Loss: 0.1252, Train: 75.31%, Valid: 77.24%, Test: 77.35%, Best Valid: 82.33%, Best Test: 83.53%
Epoch: 200, Loss: 0.0189, Train: 75.07%, Valid: 77.02%, Test: 76.88%, Best Valid: 82.33%, Best Test: 83.53%
Epoch: 300, Loss: 0.0020, Train: 75.29%, Valid: 76.98%, Test: 76.74%, Best Valid: 82.33%, Best Test: 83.53%
Epoch: 400, Loss: 0.0009, Train: 76.96%, Valid: 78.76%, Test: 78.59%, Best Valid: 82.47%, Best Test: 83.02%
Epoch: 500, Loss: 0.0007, Train: 77.00%, Valid: 78.62%, Test: 78.70%, Best Valid: 82.47%, Best Test: 83.02%
Epoch: 600, Loss: 0.0004, Train: 76.91%, Valid: 78.44%, Test: 78.66%, Best Valid: 82.47%, Best Test: 83.02%
Epoch: 700, Loss: 0.0003, Train: 77.05%, Valid: 78.58%, Test: 78.81%, Best Valid: 82.47%, Best Test: 83.02%
Epoch: 800, Loss: 0.0003, Train: 77.03%, Valid: 78.51%, Test: 78.77%, Best Valid: 82.47%, Best Test: 83.02%
Epoch: 900, Loss: 0.0002, Train: 77.09%, Valid: 78.65%, Test: 78.84%, Best Valid: 82.47%, Best Test: 83.02%
Run 01:
Highest Train: 81.83
Highest Valid: 82.47
Highest Test: 83.61
Chosen epoch: 345
Final Train: 81.02
Final Test: 83.02
Label budget: 10/class -> 100 train nodes
Pre-training MLP for 500 epochs to generate co-occurrence matrix...
Penalty transform 'homophily': rel Frobenius dist to original = 0.1940, off-diag CV of original penalty = 0.1962
MLP pre-training complete. Penalty matrix frozen.
Epoch: 00, Loss: 2.4462, Train: 17.39%, Valid: 17.53%, Test: 17.48%, Best Valid: 17.53%, Best Test: 17.48%
Epoch: 100, Loss: 0.0339, Train: 73.59%, Valid: 74.07%, Test: 73.46%, Best Valid: 79.78%, Best Test: 81.79%
Epoch: 200, Loss: 0.0186, Train: 72.31%, Valid: 72.98%, Test: 72.41%, Best Valid: 81.93%, Best Test: 82.99%
Epoch: 300, Loss: 0.0168, Train: 75.80%, Valid: 76.76%, Test: 75.21%, Best Valid: 81.93%, Best Test: 82.99%
Epoch: 400, Loss: 0.0008, Train: 76.34%, Valid: 76.95%, Test: 76.59%, Best Valid: 81.93%, Best Test: 82.99%
Epoch: 500, Loss: 0.0004, Train: 77.26%, Valid: 77.27%, Test: 77.57%, Best Valid: 81.93%, Best Test: 82.99%
Epoch: 600, Loss: 0.0005, Train: 77.25%, Valid: 77.27%, Test: 77.57%, Best Valid: 81.93%, Best Test: 82.99%
Epoch: 700, Loss: 0.0002, Train: 76.43%, Valid: 76.98%, Test: 76.70%, Best Valid: 81.93%, Best Test: 82.99%
Epoch: 800, Loss: 0.0003, Train: 76.61%, Valid: 77.09%, Test: 76.88%, Best Valid: 81.93%, Best Test: 82.99%
Epoch: 900, Loss: 0.0002, Train: 77.46%, Valid: 77.53%, Test: 78.26%, Best Valid: 81.93%, Best Test: 82.99%
Run 02:
Highest Train: 81.77
Highest Valid: 81.93
Highest Test: 82.99
Chosen epoch: 126
Final Train: 81.77
Final Test: 82.99
Label budget: 10/class -> 100 train nodes
Pre-training MLP for 500 epochs to generate co-occurrence matrix...
Penalty transform 'homophily': rel Frobenius dist to original = 0.1754, off-diag CV of original penalty = 0.1815
MLP pre-training complete. Penalty matrix frozen.
Epoch: 00, Loss: 2.5029, Train: 15.74%, Valid: 16.25%, Test: 14.65%, Best Valid: 16.25%, Best Test: 14.65%
Epoch: 100, Loss: 0.0084, Train: 77.78%, Valid: 77.71%, Test: 78.66%, Best Valid: 82.04%, Best Test: 82.62%
Epoch: 200, Loss: 0.0016, Train: 80.52%, Valid: 80.44%, Test: 81.42%, Best Valid: 82.04%, Best Test: 82.62%
Epoch: 300, Loss: 0.0010, Train: 80.39%, Valid: 80.40%, Test: 81.32%, Best Valid: 82.04%, Best Test: 82.62%
Epoch: 400, Loss: 0.0005, Train: 80.80%, Valid: 81.31%, Test: 82.04%, Best Valid: 82.18%, Best Test: 82.77%
Epoch: 500, Loss: 0.0004, Train: 80.92%, Valid: 81.13%, Test: 82.12%, Best Valid: 82.18%, Best Test: 82.77%
Epoch: 600, Loss: 0.0004, Train: 81.20%, Valid: 82.00%, Test: 82.77%, Best Valid: 82.18%, Best Test: 82.77%
Epoch: 700, Loss: 0.0004, Train: 81.01%, Valid: 81.49%, Test: 82.26%, Best Valid: 82.18%, Best Test: 82.77%
Epoch: 800, Loss: 0.0003, Train: 81.13%, Valid: 81.38%, Test: 82.26%, Best Valid: 82.18%, Best Test: 82.77%
Epoch: 900, Loss: 0.0003, Train: 81.08%, Valid: 80.98%, Test: 81.86%, Best Valid: 82.18%, Best Test: 82.77%
Run 03:
Highest Train: 81.89
Highest Valid: 82.18
Highest Test: 83.13
Chosen epoch: 308
Final Train: 81.29
Final Test: 82.77
Label budget: 10/class -> 100 train nodes
Pre-training MLP for 500 epochs to generate co-occurrence matrix...
Penalty transform 'homophily': rel Frobenius dist to original = 0.1918, off-diag CV of original penalty = 0.1927
MLP pre-training complete. Penalty matrix frozen.
Epoch: 00, Loss: 2.6231, Train: 6.35%, Valid: 6.76%, Test: 6.72%, Best Valid: 6.76%, Best Test: 6.72%
Epoch: 100, Loss: 0.0695, Train: 78.32%, Valid: 78.51%, Test: 78.63%, Best Valid: 81.71%, Best Test: 82.37%
Epoch: 200, Loss: 0.0017, Train: 78.38%, Valid: 78.62%, Test: 79.03%, Best Valid: 81.71%, Best Test: 82.37%
Epoch: 300, Loss: 0.0015, Train: 79.08%, Valid: 79.27%, Test: 79.68%, Best Valid: 81.71%, Best Test: 82.37%
Epoch: 400, Loss: 0.0006, Train: 78.98%, Valid: 79.20%, Test: 79.43%, Best Valid: 81.71%, Best Test: 82.37%
Epoch: 500, Loss: 0.0006, Train: 79.17%, Valid: 79.24%, Test: 79.57%, Best Valid: 81.71%, Best Test: 82.37%
Epoch: 600, Loss: 0.0003, Train: 78.78%, Valid: 79.02%, Test: 79.24%, Best Valid: 81.71%, Best Test: 82.37%
Epoch: 700, Loss: 0.0004, Train: 79.14%, Valid: 79.24%, Test: 79.72%, Best Valid: 81.71%, Best Test: 82.37%
Epoch: 800, Loss: 0.0003, Train: 79.23%, Valid: 79.42%, Test: 79.68%, Best Valid: 81.71%, Best Test: 82.37%
Epoch: 900, Loss: 0.0003, Train: 79.43%, Valid: 79.82%, Test: 79.35%, Best Valid: 81.71%, Best Test: 82.37%
Run 04:
Highest Train: 82.00
Highest Valid: 81.71
Highest Test: 83.32
Chosen epoch: 37
Final Train: 82.00
Final Test: 82.37
Label budget: 10/class -> 100 train nodes
Pre-training MLP for 500 epochs to generate co-occurrence matrix...
Penalty transform 'homophily': rel Frobenius dist to original = 0.2144, off-diag CV of original penalty = 0.2185
MLP pre-training complete. Penalty matrix frozen.
Epoch: 00, Loss: 2.6222, Train: 11.95%, Valid: 11.27%, Test: 11.74%, Best Valid: 11.27%, Best Test: 11.74%
Epoch: 100, Loss: 0.0545, Train: 77.05%, Valid: 76.95%, Test: 77.46%, Best Valid: 79.31%, Best Test: 79.83%
Epoch: 200, Loss: 0.0020, Train: 77.26%, Valid: 78.04%, Test: 78.77%, Best Valid: 80.04%, Best Test: 81.06%
Epoch: 300, Loss: 0.0009, Train: 77.61%, Valid: 78.51%, Test: 79.53%, Best Valid: 80.04%, Best Test: 81.06%
Epoch: 400, Loss: 0.0008, Train: 77.66%, Valid: 78.36%, Test: 79.43%, Best Valid: 80.04%, Best Test: 81.06%
Epoch: 500, Loss: 0.0005, Train: 77.59%, Valid: 78.51%, Test: 79.17%, Best Valid: 80.04%, Best Test: 81.06%
Epoch: 600, Loss: 0.0005, Train: 77.64%, Valid: 78.47%, Test: 79.28%, Best Valid: 80.04%, Best Test: 81.06%
Epoch: 700, Loss: 0.0003, Train: 77.86%, Valid: 78.80%, Test: 79.53%, Best Valid: 80.04%, Best Test: 81.06%
Epoch: 800, Loss: 0.0003, Train: 77.86%, Valid: 78.73%, Test: 79.17%, Best Valid: 80.04%, Best Test: 81.06%
Epoch: 900, Loss: 0.0005, Train: 77.98%, Valid: 78.95%, Test: 79.46%, Best Valid: 80.04%, Best Test: 81.06%
Run 05:
Highest Train: 79.65
Highest Valid: 80.04
Highest Test: 81.06
Chosen epoch: 159
Final Train: 79.30
Final Test: 81.06
Label budget: 10/class -> 100 train nodes
Pre-training MLP for 500 epochs to generate co-occurrence matrix...
Penalty transform 'homophily': rel Frobenius dist to original = 0.2316, off-diag CV of original penalty = 0.2360
MLP pre-training complete. Penalty matrix frozen.
Epoch: 00, Loss: 2.6101, Train: 15.51%, Valid: 16.00%, Test: 15.38%, Best Valid: 16.00%, Best Test: 15.38%
Epoch: 100, Loss: 0.0420, Train: 75.34%, Valid: 75.20%, Test: 76.59%, Best Valid: 82.58%, Best Test: 83.86%
Epoch: 200, Loss: 0.5746, Train: 71.47%, Valid: 72.04%, Test: 73.25%, Best Valid: 83.24%, Best Test: 84.37%
Epoch: 300, Loss: 0.0816, Train: 78.03%, Valid: 78.22%, Test: 79.10%, Best Valid: 83.24%, Best Test: 84.37%
Epoch: 400, Loss: 0.0013, Train: 79.86%, Valid: 79.96%, Test: 82.52%, Best Valid: 83.24%, Best Test: 84.37%
Epoch: 500, Loss: 0.0006, Train: 80.80%, Valid: 80.95%, Test: 83.06%, Best Valid: 83.24%, Best Test: 84.37%
Epoch: 600, Loss: 0.0003, Train: 80.88%, Valid: 81.05%, Test: 83.10%, Best Valid: 83.24%, Best Test: 84.37%
Epoch: 700, Loss: 0.0004, Train: 80.74%, Valid: 81.02%, Test: 83.02%, Best Valid: 83.24%, Best Test: 84.37%
Epoch: 800, Loss: 0.0002, Train: 80.91%, Valid: 81.05%, Test: 83.13%, Best Valid: 83.24%, Best Test: 84.37%
Epoch: 900, Loss: 0.0002, Train: 80.84%, Valid: 81.09%, Test: 83.24%, Best Valid: 83.24%, Best Test: 84.37%
Run 06:
Highest Train: 83.31
Highest Valid: 83.24
Highest Test: 85.06
Chosen epoch: 127
Final Train: 82.90
Final Test: 84.37
Label budget: 10/class -> 100 train nodes
Pre-training MLP for 500 epochs to generate co-occurrence matrix...
Penalty transform 'homophily': rel Frobenius dist to original = 0.1755, off-diag CV of original penalty = 0.1824
MLP pre-training complete. Penalty matrix frozen.
Epoch: 00, Loss: 2.5026, Train: 35.87%, Valid: 34.51%, Test: 37.99%, Best Valid: 34.51%, Best Test: 37.99%
Epoch: 100, Loss: 0.0455, Train: 77.71%, Valid: 78.00%, Test: 79.28%, Best Valid: 80.87%, Best Test: 82.52%
Epoch: 200, Loss: 0.0198, Train: 81.13%, Valid: 80.87%, Test: 82.81%, Best Valid: 82.44%, Best Test: 83.90%
Epoch: 300, Loss: 0.0358, Train: 80.78%, Valid: 80.58%, Test: 81.97%, Best Valid: 82.44%, Best Test: 83.90%
Epoch: 400, Loss: 0.0025, Train: 79.66%, Valid: 79.82%, Test: 81.64%, Best Valid: 82.44%, Best Test: 83.90%
Epoch: 500, Loss: 0.0028, Train: 79.37%, Valid: 79.85%, Test: 81.53%, Best Valid: 82.44%, Best Test: 83.90%
Epoch: 600, Loss: 0.0048, Train: 78.88%, Valid: 78.55%, Test: 79.83%, Best Valid: 82.44%, Best Test: 83.90%
Epoch: 700, Loss: 0.0028, Train: 79.25%, Valid: 79.49%, Test: 81.24%, Best Valid: 82.44%, Best Test: 83.90%
Epoch: 800, Loss: 0.0004, Train: 78.95%, Valid: 78.91%, Test: 80.44%, Best Valid: 82.44%, Best Test: 83.90%
Epoch: 900, Loss: 0.0011, Train: 78.35%, Valid: 78.65%, Test: 80.15%, Best Valid: 82.44%, Best Test: 83.90%
Run 07:
Highest Train: 82.79
Highest Valid: 82.44
Highest Test: 84.44
Chosen epoch: 171
Final Train: 82.71
Final Test: 83.90
Label budget: 10/class -> 100 train nodes
Pre-training MLP for 500 epochs to generate co-occurrence matrix...
Penalty transform 'homophily': rel Frobenius dist to original = 0.2174, off-diag CV of original penalty = 0.2226
MLP pre-training complete. Penalty matrix frozen.
Epoch: 00, Loss: 2.5651, Train: 40.04%, Valid: 38.76%, Test: 41.58%, Best Valid: 38.76%, Best Test: 41.58%
Epoch: 100, Loss: 0.1473, Train: 73.62%, Valid: 74.04%, Test: 76.59%, Best Valid: 83.38%, Best Test: 85.75%
Epoch: 200, Loss: 0.1073, Train: 79.70%, Valid: 81.02%, Test: 82.52%, Best Valid: 83.64%, Best Test: 86.51%
Epoch: 300, Loss: 0.1095, Train: 79.63%, Valid: 80.40%, Test: 81.68%, Best Valid: 83.75%, Best Test: 86.15%
Epoch: 400, Loss: 0.0576, Train: 83.31%, Valid: 82.51%, Test: 85.64%, Best Valid: 83.75%, Best Test: 86.15%
Epoch: 500, Loss: 0.0647, Train: 83.20%, Valid: 83.45%, Test: 86.26%, Best Valid: 84.25%, Best Test: 86.30%
Epoch: 600, Loss: 0.0230, Train: 82.27%, Valid: 82.00%, Test: 85.35%, Best Valid: 84.25%, Best Test: 86.30%
Epoch: 700, Loss: 0.0228, Train: 82.06%, Valid: 82.29%, Test: 84.84%, Best Valid: 84.25%, Best Test: 86.30%
Epoch: 800, Loss: 0.0171, Train: 81.34%, Valid: 81.20%, Test: 84.41%, Best Valid: 84.25%, Best Test: 86.30%
Epoch: 900, Loss: 0.0013, Train: 82.22%, Valid: 82.00%, Test: 84.81%, Best Valid: 84.25%, Best Test: 86.30%
Run 08:
Highest Train: 84.30
Highest Valid: 84.25
Highest Test: 86.66
Chosen epoch: 484
Final Train: 84.30
Final Test: 86.30
Label budget: 10/class -> 100 train nodes
Pre-training MLP for 500 epochs to generate co-occurrence matrix...
Penalty transform 'homophily': rel Frobenius dist to original = 0.2148, off-diag CV of original penalty = 0.2205
MLP pre-training complete. Penalty matrix frozen.
Epoch: 00, Loss: 2.6487, Train: 2.55%, Valid: 2.62%, Test: 2.54%, Best Valid: 2.62%, Best Test: 2.54%
Epoch: 100, Loss: 0.0830, Train: 73.85%, Valid: 73.93%, Test: 73.28%, Best Valid: 77.64%, Best Test: 77.61%
Epoch: 200, Loss: 0.0245, Train: 73.14%, Valid: 74.62%, Test: 74.99%, Best Valid: 78.44%, Best Test: 77.68%
Epoch: 300, Loss: 0.0509, Train: 72.11%, Valid: 72.55%, Test: 72.74%, Best Valid: 78.44%, Best Test: 77.68%
Epoch: 400, Loss: 0.0014, Train: 74.79%, Valid: 75.60%, Test: 75.17%, Best Valid: 78.95%, Best Test: 78.74%
Epoch: 500, Loss: 0.0004, Train: 75.17%, Valid: 76.44%, Test: 76.23%, Best Valid: 78.95%, Best Test: 78.74%
Epoch: 600, Loss: 0.0004, Train: 75.00%, Valid: 76.00%, Test: 75.72%, Best Valid: 78.95%, Best Test: 78.74%
Epoch: 700, Loss: 0.0002, Train: 74.97%, Valid: 76.00%, Test: 75.72%, Best Valid: 78.95%, Best Test: 78.74%
Epoch: 800, Loss: 0.0003, Train: 74.61%, Valid: 75.64%, Test: 75.17%, Best Valid: 78.95%, Best Test: 78.74%
Epoch: 900, Loss: 0.0003, Train: 74.73%, Valid: 75.85%, Test: 75.83%, Best Valid: 78.95%, Best Test: 78.74%
Run 09:
Highest Train: 77.93
Highest Valid: 78.95
Highest Test: 79.32
Chosen epoch: 372
Final Train: 77.66
Final Test: 78.74
Label budget: 10/class -> 100 train nodes
Pre-training MLP for 500 epochs to generate co-occurrence matrix...
Penalty transform 'homophily': rel Frobenius dist to original = 0.2276, off-diag CV of original penalty = 0.2267
MLP pre-training complete. Penalty matrix frozen.
Epoch: 00, Loss: 2.6084, Train: 2.11%, Valid: 2.65%, Test: 2.33%, Best Valid: 2.65%, Best Test: 2.33%
Epoch: 100, Loss: 0.1458, Train: 74.42%, Valid: 74.62%, Test: 75.17%, Best Valid: 75.45%, Best Test: 76.44%
Epoch: 200, Loss: 0.0673, Train: 73.40%, Valid: 73.93%, Test: 73.94%, Best Valid: 76.15%, Best Test: 75.72%
Epoch: 300, Loss: 0.0137, Train: 72.46%, Valid: 73.38%, Test: 72.92%, Best Valid: 76.15%, Best Test: 75.72%
Epoch: 400, Loss: 0.0564, Train: 71.49%, Valid: 72.07%, Test: 71.72%, Best Valid: 76.47%, Best Test: 77.17%
Epoch: 500, Loss: 0.0381, Train: 73.49%, Valid: 74.33%, Test: 74.05%, Best Valid: 76.47%, Best Test: 77.17%
Epoch: 600, Loss: 0.0005, Train: 73.55%, Valid: 74.11%, Test: 73.65%, Best Valid: 76.47%, Best Test: 77.17%
Epoch: 700, Loss: 0.0004, Train: 73.49%, Valid: 74.15%, Test: 74.01%, Best Valid: 76.47%, Best Test: 77.17%
Epoch: 800, Loss: 0.0003, Train: 74.21%, Valid: 74.95%, Test: 74.70%, Best Valid: 76.47%, Best Test: 77.17%
Epoch: 900, Loss: 0.0003, Train: 73.70%, Valid: 74.44%, Test: 74.45%, Best Valid: 76.47%, Best Test: 77.17%
Run 10:
Highest Train: 76.22
Highest Valid: 76.47
Highest Test: 77.17
Chosen epoch: 331
Final Train: 76.22
Final Test: 77.17
All runs:
Highest Train: 81.17 ± 2.50
Highest Test: 82.68 ± 2.80
Highest Valid: 81.37 ± 2.28
  Final Train: 80.92 ± 2.49
   Final Test: 82.27 ± 2.68
Saving results to results/lowlabel/amazon-computer/MPNN_gcn.csv
--- mlp_reg/homophily control | lambda=0.1 ---
Namespace(bn=False, budget_tag='10', cooc_file='', count_reg=False, count_smoothing=1.0, cpu=False, data_dir='./data/', dataset='amazon-computer', device=0, display_step=100, dropout=0.5, epochs=1000, gnn='gcn', hidden_channels=512, jk=False, label_num_per_class=20, lambda_val=0.1, ln=True, local_layers=3, lr=0.001, metric='acc', mlp_epochs=500, mlp_reg=True, model='MPNN', model_dir='models', num_heads=1, oracle_reg=False, paired_seeds=True, penalty_transform='homophily', pre_linear=False, pre_ln=False, rand_split=False, rand_split_class=False, reg_start_epoch=10, reg_update_freq=5, res=False, resample_split_per_run=False, result_dir='results/lowlabel', runs=10, save_model=False, seed=42, source_mode='keep', test_num=1000, train_per_class=10, train_prop=0.5, use_reg=True, valid_num=500, valid_per_class=0, valid_prop=0.25, weight_decay=5e-05, year_split=0)
amazon-computer
dataset amazon-computer | num nodes 13752 | num edge 491722 | num node feats 767 | num classes 10
MODEL: MPNNs(
  (h_lins): ModuleList()
  (local_convs): ModuleList(
    (0): GCNConv(767, 512)
    (1): GCNConv(512, 512)
    (2): GCNConv(512, 512)
  )
  (lins): ModuleList(
    (0): Linear(in_features=767, out_features=512, bias=True)
    (1): Linear(in_features=512, out_features=512, bias=True)
    (2): Linear(in_features=512, out_features=512, bias=True)
  )
  (lns): ModuleList(
    (0): LayerNorm((512,), eps=1e-05, elementwise_affine=True)
    (1): LayerNorm((512,), eps=1e-05, elementwise_affine=True)
    (2): LayerNorm((512,), eps=1e-05, elementwise_affine=True)
  )
  (bns): ModuleList(
    (0): BatchNorm1d(512, eps=1e-05, momentum=0.1, affine=True, track_running_stats=True)
    (1): BatchNorm1d(512, eps=1e-05, momentum=0.1, affine=True, track_running_stats=True)
    (2): BatchNorm1d(512, eps=1e-05, momentum=0.1, affine=True, track_running_stats=True)
  )
  (lin_in): Linear(in_features=767, out_features=512, bias=True)
  (pred_local): Linear(in_features=512, out_features=10, bias=True)
)
Label budget: 10/class -> 100 train nodes
Pre-training MLP for 500 epochs to generate co-occurrence matrix...
Penalty transform 'homophily': rel Frobenius dist to original = 0.1945, off-diag CV of original penalty = 0.1994
MLP pre-training complete. Penalty matrix frozen.
Epoch: 00, Loss: 2.7662, Train: 8.47%, Valid: 9.13%, Test: 9.31%, Best Valid: 9.13%, Best Test: 9.31%
Epoch: 100, Loss: 0.0569, Train: 74.78%, Valid: 76.55%, Test: 76.84%, Best Valid: 83.38%, Best Test: 84.66%
Epoch: 200, Loss: 0.0098, Train: 77.92%, Valid: 79.45%, Test: 79.86%, Best Valid: 83.38%, Best Test: 84.66%
Epoch: 300, Loss: 0.0018, Train: 77.43%, Valid: 79.38%, Test: 78.74%, Best Valid: 83.38%, Best Test: 84.66%
Epoch: 400, Loss: 0.0006, Train: 77.12%, Valid: 79.05%, Test: 78.52%, Best Valid: 83.38%, Best Test: 84.66%
Epoch: 500, Loss: 0.0005, Train: 76.97%, Valid: 78.58%, Test: 78.34%, Best Valid: 83.38%, Best Test: 84.66%
Epoch: 600, Loss: 0.0004, Train: 77.23%, Valid: 78.84%, Test: 78.66%, Best Valid: 83.38%, Best Test: 84.66%
Epoch: 700, Loss: 0.0003, Train: 77.31%, Valid: 79.05%, Test: 78.81%, Best Valid: 83.38%, Best Test: 84.66%
Epoch: 800, Loss: 0.0005, Train: 77.13%, Valid: 78.65%, Test: 78.52%, Best Valid: 83.38%, Best Test: 84.66%
Epoch: 900, Loss: 0.0003, Train: 77.43%, Valid: 79.16%, Test: 79.10%, Best Valid: 83.38%, Best Test: 84.66%
Run 01:
Highest Train: 82.54
Highest Valid: 83.38
Highest Test: 84.66
Chosen epoch: 80
Final Train: 82.54
Final Test: 84.66
Label budget: 10/class -> 100 train nodes
Pre-training MLP for 500 epochs to generate co-occurrence matrix...
Penalty transform 'homophily': rel Frobenius dist to original = 0.1940, off-diag CV of original penalty = 0.1962
MLP pre-training complete. Penalty matrix frozen.
Epoch: 00, Loss: 2.5626, Train: 17.42%, Valid: 17.56%, Test: 17.45%, Best Valid: 17.56%, Best Test: 17.45%
Epoch: 100, Loss: 0.0170, Train: 78.33%, Valid: 78.25%, Test: 78.66%, Best Valid: 80.25%, Best Test: 80.59%
Epoch: 200, Loss: 0.0013, Train: 77.89%, Valid: 77.93%, Test: 77.72%, Best Valid: 80.55%, Best Test: 80.73%
Epoch: 300, Loss: 0.0011, Train: 77.51%, Valid: 77.64%, Test: 77.28%, Best Valid: 80.55%, Best Test: 80.73%
Epoch: 400, Loss: 0.0010, Train: 77.18%, Valid: 77.45%, Test: 77.03%, Best Valid: 80.55%, Best Test: 80.73%
Epoch: 500, Loss: 0.0004, Train: 77.37%, Valid: 77.45%, Test: 77.43%, Best Valid: 80.55%, Best Test: 80.73%
Epoch: 600, Loss: 0.0005, Train: 77.55%, Valid: 77.64%, Test: 77.72%, Best Valid: 80.55%, Best Test: 80.73%
Epoch: 700, Loss: 0.0002, Train: 77.69%, Valid: 77.75%, Test: 78.04%, Best Valid: 80.55%, Best Test: 80.73%
Epoch: 800, Loss: 0.0004, Train: 77.74%, Valid: 77.82%, Test: 77.86%, Best Valid: 80.55%, Best Test: 80.73%
Epoch: 900, Loss: 0.0002, Train: 77.87%, Valid: 77.82%, Test: 78.15%, Best Valid: 80.55%, Best Test: 80.73%
Run 02:
Highest Train: 80.67
Highest Valid: 80.55
Highest Test: 81.42
Chosen epoch: 130
Final Train: 80.57
Final Test: 80.73
Label budget: 10/class -> 100 train nodes
Pre-training MLP for 500 epochs to generate co-occurrence matrix...
Penalty transform 'homophily': rel Frobenius dist to original = 0.1754, off-diag CV of original penalty = 0.1815
MLP pre-training complete. Penalty matrix frozen.
Epoch: 00, Loss: 2.6221, Train: 15.74%, Valid: 16.25%, Test: 14.65%, Best Valid: 16.25%, Best Test: 14.65%
Epoch: 100, Loss: 0.0125, Train: 78.15%, Valid: 77.49%, Test: 78.81%, Best Valid: 81.60%, Best Test: 82.66%
Epoch: 200, Loss: 0.0014, Train: 80.35%, Valid: 80.36%, Test: 81.21%, Best Valid: 82.44%, Best Test: 83.32%
Epoch: 300, Loss: 0.0008, Train: 81.20%, Valid: 81.82%, Test: 82.01%, Best Valid: 82.44%, Best Test: 83.32%
Epoch: 400, Loss: 0.0006, Train: 80.71%, Valid: 81.20%, Test: 81.72%, Best Valid: 82.44%, Best Test: 83.32%
Epoch: 500, Loss: 0.0004, Train: 81.11%, Valid: 81.67%, Test: 81.97%, Best Valid: 82.44%, Best Test: 83.32%
Epoch: 600, Loss: 0.0004, Train: 81.27%, Valid: 81.49%, Test: 82.48%, Best Valid: 82.44%, Best Test: 83.32%
Epoch: 700, Loss: 0.0004, Train: 81.27%, Valid: 81.75%, Test: 82.19%, Best Valid: 82.44%, Best Test: 83.32%
Epoch: 800, Loss: 0.0003, Train: 81.18%, Valid: 81.38%, Test: 82.15%, Best Valid: 82.44%, Best Test: 83.32%
Epoch: 900, Loss: 0.0003, Train: 81.00%, Valid: 81.45%, Test: 82.01%, Best Valid: 82.44%, Best Test: 83.32%
Run 03:
Highest Train: 82.12
Highest Valid: 82.44
Highest Test: 83.32
Chosen epoch: 133
Final Train: 82.12
Final Test: 83.32
Label budget: 10/class -> 100 train nodes
Pre-training MLP for 500 epochs to generate co-occurrence matrix...
Penalty transform 'homophily': rel Frobenius dist to original = 0.1918, off-diag CV of original penalty = 0.1927
MLP pre-training complete. Penalty matrix frozen.
Epoch: 00, Loss: 2.7480, Train: 6.36%, Valid: 6.76%, Test: 6.76%, Best Valid: 6.76%, Best Test: 6.76%
Epoch: 100, Loss: 0.0472, Train: 74.35%, Valid: 74.55%, Test: 75.06%, Best Valid: 81.27%, Best Test: 82.33%
Epoch: 200, Loss: 0.0015, Train: 79.17%, Valid: 79.60%, Test: 80.01%, Best Valid: 81.27%, Best Test: 82.33%
Epoch: 300, Loss: 0.0012, Train: 79.26%, Valid: 79.49%, Test: 79.83%, Best Valid: 81.27%, Best Test: 82.33%
Epoch: 400, Loss: 0.0006, Train: 78.78%, Valid: 79.13%, Test: 79.10%, Best Valid: 81.27%, Best Test: 82.33%
Epoch: 500, Loss: 0.0006, Train: 79.42%, Valid: 79.35%, Test: 79.93%, Best Valid: 81.27%, Best Test: 82.33%
Epoch: 600, Loss: 0.0003, Train: 79.11%, Valid: 79.49%, Test: 79.61%, Best Valid: 81.27%, Best Test: 82.33%
Epoch: 700, Loss: 0.0004, Train: 79.12%, Valid: 79.09%, Test: 79.57%, Best Valid: 81.27%, Best Test: 82.33%
Epoch: 800, Loss: 0.0004, Train: 79.47%, Valid: 79.75%, Test: 79.79%, Best Valid: 81.27%, Best Test: 82.33%
Epoch: 900, Loss: 0.0003, Train: 79.51%, Valid: 79.64%, Test: 79.68%, Best Valid: 81.27%, Best Test: 82.33%
Run 04:
Highest Train: 81.58
Highest Valid: 81.27
Highest Test: 82.33
Chosen epoch: 84
Final Train: 81.58
Final Test: 82.33
Label budget: 10/class -> 100 train nodes
Pre-training MLP for 500 epochs to generate co-occurrence matrix...
Penalty transform 'homophily': rel Frobenius dist to original = 0.2144, off-diag CV of original penalty = 0.2185
MLP pre-training complete. Penalty matrix frozen.
Epoch: 00, Loss: 2.7470, Train: 14.20%, Valid: 14.00%, Test: 14.76%, Best Valid: 14.00%, Best Test: 14.76%
Epoch: 100, Loss: 0.0530, Train: 77.38%, Valid: 77.45%, Test: 77.83%, Best Valid: 79.96%, Best Test: 80.59%
Epoch: 200, Loss: 0.0276, Train: 74.29%, Valid: 74.51%, Test: 74.77%, Best Valid: 80.73%, Best Test: 81.03%
Epoch: 300, Loss: 0.0053, Train: 76.43%, Valid: 76.47%, Test: 77.32%, Best Valid: 80.73%, Best Test: 81.03%
Epoch: 400, Loss: 0.0013, Train: 77.15%, Valid: 77.45%, Test: 78.48%, Best Valid: 80.73%, Best Test: 81.03%
Epoch: 500, Loss: 0.0007, Train: 76.85%, Valid: 77.16%, Test: 78.12%, Best Valid: 80.73%, Best Test: 81.03%
Epoch: 600, Loss: 0.0008, Train: 77.17%, Valid: 77.56%, Test: 78.44%, Best Valid: 80.73%, Best Test: 81.03%
Epoch: 700, Loss: 0.0003, Train: 77.17%, Valid: 77.56%, Test: 78.34%, Best Valid: 80.73%, Best Test: 81.03%
Epoch: 800, Loss: 0.0004, Train: 76.98%, Valid: 77.53%, Test: 78.19%, Best Valid: 80.73%, Best Test: 81.03%
Epoch: 900, Loss: 0.0005, Train: 77.68%, Valid: 78.36%, Test: 78.81%, Best Valid: 80.73%, Best Test: 81.03%
Run 05:
Highest Train: 79.87
Highest Valid: 80.73
Highest Test: 81.03
Chosen epoch: 143
Final Train: 79.01
Final Test: 81.03
Label budget: 10/class -> 100 train nodes
Pre-training MLP for 500 epochs to generate co-occurrence matrix...
Penalty transform 'homophily': rel Frobenius dist to original = 0.2316, off-diag CV of original penalty = 0.2360
MLP pre-training complete. Penalty matrix frozen.
Epoch: 00, Loss: 2.7344, Train: 15.51%, Valid: 16.04%, Test: 15.34%, Best Valid: 16.04%, Best Test: 15.34%
Epoch: 100, Loss: 0.0632, Train: 80.94%, Valid: 81.53%, Test: 82.70%, Best Valid: 83.31%, Best Test: 84.59%
Epoch: 200, Loss: 0.5069, Train: 77.51%, Valid: 77.38%, Test: 77.94%, Best Valid: 83.67%, Best Test: 84.88%
Epoch: 300, Loss: 0.0011, Train: 80.34%, Valid: 80.95%, Test: 83.02%, Best Valid: 83.67%, Best Test: 84.88%
Epoch: 400, Loss: 0.0005, Train: 80.95%, Valid: 81.42%, Test: 83.35%, Best Valid: 83.67%, Best Test: 84.88%
Epoch: 500, Loss: 0.0006, Train: 80.68%, Valid: 81.13%, Test: 83.06%, Best Valid: 83.67%, Best Test: 84.88%
Epoch: 600, Loss: 0.0003, Train: 80.48%, Valid: 81.27%, Test: 83.17%, Best Valid: 83.67%, Best Test: 84.88%
Epoch: 700, Loss: 0.0003, Train: 80.74%, Valid: 81.27%, Test: 83.17%, Best Valid: 83.67%, Best Test: 84.88%
Epoch: 800, Loss: 0.0003, Train: 80.50%, Valid: 81.02%, Test: 83.10%, Best Valid: 83.67%, Best Test: 84.88%
Epoch: 900, Loss: 0.0002, Train: 80.92%, Valid: 81.78%, Test: 83.57%, Best Valid: 83.67%, Best Test: 84.88%
Run 06:
Highest Train: 83.72
Highest Valid: 83.67
Highest Test: 84.91
Chosen epoch: 133
Final Train: 83.72
Final Test: 84.88
Label budget: 10/class -> 100 train nodes
Pre-training MLP for 500 epochs to generate co-occurrence matrix...
Penalty transform 'homophily': rel Frobenius dist to original = 0.1755, off-diag CV of original penalty = 0.1824
MLP pre-training complete. Penalty matrix frozen.
Epoch: 00, Loss: 2.6218, Train: 35.94%, Valid: 34.51%, Test: 38.02%, Best Valid: 34.51%, Best Test: 38.02%
Epoch: 100, Loss: 0.1111, Train: 79.49%, Valid: 79.96%, Test: 80.81%, Best Valid: 80.84%, Best Test: 82.95%
Epoch: 200, Loss: 0.0116, Train: 78.68%, Valid: 78.84%, Test: 80.08%, Best Valid: 81.78%, Best Test: 83.53%
Epoch: 300, Loss: 0.0030, Train: 78.40%, Valid: 78.76%, Test: 80.33%, Best Valid: 81.78%, Best Test: 83.53%
Epoch: 400, Loss: 0.0499, Train: 80.38%, Valid: 80.18%, Test: 81.61%, Best Valid: 81.78%, Best Test: 83.53%
Epoch: 500, Loss: 0.0047, Train: 76.89%, Valid: 77.09%, Test: 78.41%, Best Valid: 81.78%, Best Test: 83.53%
Epoch: 600, Loss: 0.0012, Train: 77.34%, Valid: 77.49%, Test: 79.06%, Best Valid: 81.78%, Best Test: 83.53%
Epoch: 700, Loss: 0.0006, Train: 77.31%, Valid: 77.64%, Test: 78.95%, Best Valid: 81.78%, Best Test: 83.53%
Epoch: 800, Loss: 0.0005, Train: 77.09%, Valid: 77.13%, Test: 78.74%, Best Valid: 81.78%, Best Test: 83.53%
Epoch: 900, Loss: 0.0007, Train: 77.69%, Valid: 77.82%, Test: 79.28%, Best Valid: 81.78%, Best Test: 83.53%
Run 07:
Highest Train: 82.63
Highest Valid: 81.78
Highest Test: 83.53
Chosen epoch: 124
Final Train: 82.63
Final Test: 83.53
Label budget: 10/class -> 100 train nodes
Pre-training MLP for 500 epochs to generate co-occurrence matrix...
Penalty transform 'homophily': rel Frobenius dist to original = 0.2174, off-diag CV of original penalty = 0.2226
MLP pre-training complete. Penalty matrix frozen.
Epoch: 00, Loss: 2.6873, Train: 40.01%, Valid: 38.80%, Test: 41.55%, Best Valid: 38.80%, Best Test: 41.55%
Epoch: 100, Loss: 0.1202, Train: 82.01%, Valid: 82.11%, Test: 84.08%, Best Valid: 83.42%, Best Test: 85.35%
Epoch: 200, Loss: 0.1115, Train: 83.24%, Valid: 83.35%, Test: 85.31%, Best Valid: 83.96%, Best Test: 85.97%
Epoch: 300, Loss: 0.0969, Train: 80.52%, Valid: 81.02%, Test: 83.28%, Best Valid: 83.96%, Best Test: 85.97%
Epoch: 400, Loss: 0.0417, Train: 82.68%, Valid: 82.36%, Test: 85.28%, Best Valid: 83.96%, Best Test: 85.97%
Epoch: 500, Loss: 0.0910, Train: 81.65%, Valid: 81.85%, Test: 84.77%, Best Valid: 83.96%, Best Test: 85.97%
Epoch: 600, Loss: 0.1655, Train: 79.34%, Valid: 79.60%, Test: 82.15%, Best Valid: 83.96%, Best Test: 85.97%
Epoch: 700, Loss: 0.0042, Train: 82.22%, Valid: 82.00%, Test: 85.10%, Best Valid: 83.96%, Best Test: 85.97%
Epoch: 800, Loss: 0.0145, Train: 82.20%, Valid: 82.22%, Test: 85.64%, Best Valid: 83.96%, Best Test: 85.97%
Epoch: 900, Loss: 0.0009, Train: 82.07%, Valid: 81.82%, Test: 85.06%, Best Valid: 83.96%, Best Test: 85.97%
Run 08:
Highest Train: 83.69
Highest Valid: 83.96
Highest Test: 86.40
Chosen epoch: 185
Final Train: 83.63
Final Test: 85.97
Label budget: 10/class -> 100 train nodes
Pre-training MLP for 500 epochs to generate co-occurrence matrix...
Penalty transform 'homophily': rel Frobenius dist to original = 0.2148, off-diag CV of original penalty = 0.2205
MLP pre-training complete. Penalty matrix frozen.
Epoch: 00, Loss: 2.7748, Train: 2.59%, Valid: 2.58%, Test: 2.62%, Best Valid: 2.58%, Best Test: 2.62%
Epoch: 100, Loss: 0.0526, Train: 72.06%, Valid: 72.80%, Test: 71.65%, Best Valid: 77.82%, Best Test: 77.54%
Epoch: 200, Loss: 0.1076, Train: 75.66%, Valid: 76.80%, Test: 75.94%, Best Valid: 77.82%, Best Test: 77.54%
Epoch: 300, Loss: 0.0212, Train: 71.64%, Valid: 72.29%, Test: 72.48%, Best Valid: 77.82%, Best Test: 77.54%
Epoch: 400, Loss: 0.0010, Train: 74.55%, Valid: 75.27%, Test: 74.52%, Best Valid: 77.82%, Best Test: 77.54%
Epoch: 500, Loss: 0.0004, Train: 74.68%, Valid: 75.31%, Test: 74.81%, Best Valid: 77.82%, Best Test: 77.54%
Epoch: 600, Loss: 0.0004, Train: 74.69%, Valid: 75.38%, Test: 74.66%, Best Valid: 77.82%, Best Test: 77.54%
Epoch: 700, Loss: 0.0002, Train: 74.69%, Valid: 75.31%, Test: 74.81%, Best Valid: 77.82%, Best Test: 77.54%
Epoch: 800, Loss: 0.0003, Train: 74.77%, Valid: 75.53%, Test: 74.92%, Best Valid: 77.82%, Best Test: 77.54%
Epoch: 900, Loss: 0.0003, Train: 74.74%, Valid: 75.42%, Test: 75.03%, Best Valid: 77.82%, Best Test: 77.54%
Run 09:
Highest Train: 76.69
Highest Valid: 77.82
Highest Test: 77.54
Chosen epoch: 52
Final Train: 76.69
Final Test: 77.54
Label budget: 10/class -> 100 train nodes
Pre-training MLP for 500 epochs to generate co-occurrence matrix...
Penalty transform 'homophily': rel Frobenius dist to original = 0.2276, off-diag CV of original penalty = 0.2267
MLP pre-training complete. Penalty matrix frozen.
Epoch: 00, Loss: 2.7326, Train: 2.10%, Valid: 2.65%, Test: 2.33%, Best Valid: 2.65%, Best Test: 2.33%
Epoch: 100, Loss: 0.2153, Train: 60.97%, Valid: 60.80%, Test: 60.20%, Best Valid: 76.18%, Best Test: 77.54%
Epoch: 200, Loss: 0.0682, Train: 73.29%, Valid: 73.49%, Test: 73.36%, Best Valid: 76.18%, Best Test: 77.54%
Epoch: 300, Loss: 0.0214, Train: 73.68%, Valid: 74.80%, Test: 74.15%, Best Valid: 76.18%, Best Test: 77.54%
Epoch: 400, Loss: 0.0026, Train: 72.02%, Valid: 72.87%, Test: 72.30%, Best Valid: 76.18%, Best Test: 77.54%
Epoch: 500, Loss: 0.0042, Train: 72.67%, Valid: 73.53%, Test: 73.06%, Best Valid: 79.05%, Best Test: 79.10%
Epoch: 600, Loss: 0.0038, Train: 74.34%, Valid: 75.67%, Test: 74.74%, Best Valid: 79.05%, Best Test: 79.10%
Epoch: 700, Loss: 0.0003, Train: 73.82%, Valid: 75.02%, Test: 74.12%, Best Valid: 79.05%, Best Test: 79.10%
Epoch: 800, Loss: 0.0003, Train: 74.32%, Valid: 75.27%, Test: 74.70%, Best Valid: 79.05%, Best Test: 79.10%
Epoch: 900, Loss: 0.0003, Train: 74.46%, Valid: 75.67%, Test: 74.70%, Best Valid: 79.05%, Best Test: 79.10%
Run 10:
Highest Train: 78.22
Highest Valid: 79.05
Highest Test: 79.10
Chosen epoch: 438
Final Train: 78.22
Final Test: 79.10
All runs:
Highest Train: 81.17 ± 2.32
Highest Test: 82.42 ± 2.73
Highest Valid: 81.47 ± 2.01
  Final Train: 81.07 ± 2.39
   Final Test: 82.31 ± 2.69
Saving results to results/lowlabel/amazon-computer/MPNN_gcn.csv
--- mlp_reg/homophily control | lambda=0.2 ---
Namespace(bn=False, budget_tag='10', cooc_file='', count_reg=False, count_smoothing=1.0, cpu=False, data_dir='./data/', dataset='amazon-computer', device=0, display_step=100, dropout=0.5, epochs=1000, gnn='gcn', hidden_channels=512, jk=False, label_num_per_class=20, lambda_val=0.2, ln=True, local_layers=3, lr=0.001, metric='acc', mlp_epochs=500, mlp_reg=True, model='MPNN', model_dir='models', num_heads=1, oracle_reg=False, paired_seeds=True, penalty_transform='homophily', pre_linear=False, pre_ln=False, rand_split=False, rand_split_class=False, reg_start_epoch=10, reg_update_freq=5, res=False, resample_split_per_run=False, result_dir='results/lowlabel', runs=10, save_model=False, seed=42, source_mode='keep', test_num=1000, train_per_class=10, train_prop=0.5, use_reg=True, valid_num=500, valid_per_class=0, valid_prop=0.25, weight_decay=5e-05, year_split=0)
amazon-computer
dataset amazon-computer | num nodes 13752 | num edge 491722 | num node feats 767 | num classes 10
MODEL: MPNNs(
  (h_lins): ModuleList()
  (local_convs): ModuleList(
    (0): GCNConv(767, 512)
    (1): GCNConv(512, 512)
    (2): GCNConv(512, 512)
  )
  (lins): ModuleList(
    (0): Linear(in_features=767, out_features=512, bias=True)
    (1): Linear(in_features=512, out_features=512, bias=True)
    (2): Linear(in_features=512, out_features=512, bias=True)
  )
  (lns): ModuleList(
    (0): LayerNorm((512,), eps=1e-05, elementwise_affine=True)
    (1): LayerNorm((512,), eps=1e-05, elementwise_affine=True)
    (2): LayerNorm((512,), eps=1e-05, elementwise_affine=True)
  )
  (bns): ModuleList(
    (0): BatchNorm1d(512, eps=1e-05, momentum=0.1, affine=True, track_running_stats=True)
    (1): BatchNorm1d(512, eps=1e-05, momentum=0.1, affine=True, track_running_stats=True)
    (2): BatchNorm1d(512, eps=1e-05, momentum=0.1, affine=True, track_running_stats=True)
  )
  (lin_in): Linear(in_features=767, out_features=512, bias=True)
  (pred_local): Linear(in_features=512, out_features=10, bias=True)
)
Label budget: 10/class -> 100 train nodes
Pre-training MLP for 500 epochs to generate co-occurrence matrix...
Penalty transform 'homophily': rel Frobenius dist to original = 0.1945, off-diag CV of original penalty = 0.1994
MLP pre-training complete. Penalty matrix frozen.
Epoch: 00, Loss: 3.0177, Train: 8.61%, Valid: 9.24%, Test: 9.52%, Best Valid: 9.24%, Best Test: 9.52%
Epoch: 100, Loss: 0.0788, Train: 75.69%, Valid: 77.42%, Test: 77.17%, Best Valid: 81.13%, Best Test: 81.39%
Epoch: 200, Loss: 0.0415, Train: 74.29%, Valid: 75.96%, Test: 76.23%, Best Valid: 82.73%, Best Test: 83.97%
Epoch: 300, Loss: 0.0010, Train: 77.19%, Valid: 78.76%, Test: 78.66%, Best Valid: 82.73%, Best Test: 83.97%
Epoch: 400, Loss: 0.0006, Train: 77.14%, Valid: 78.91%, Test: 78.77%, Best Valid: 82.73%, Best Test: 83.97%
Epoch: 500, Loss: 0.0005, Train: 76.94%, Valid: 78.76%, Test: 78.48%, Best Valid: 82.73%, Best Test: 83.97%
Epoch: 600, Loss: 0.0004, Train: 77.20%, Valid: 78.87%, Test: 78.74%, Best Valid: 82.73%, Best Test: 83.97%
Epoch: 700, Loss: 0.0004, Train: 77.19%, Valid: 79.02%, Test: 78.81%, Best Valid: 82.73%, Best Test: 83.97%
Epoch: 800, Loss: 0.0004, Train: 77.06%, Valid: 78.84%, Test: 78.66%, Best Valid: 82.73%, Best Test: 83.97%
Epoch: 900, Loss: 0.0003, Train: 77.29%, Valid: 79.16%, Test: 79.03%, Best Valid: 82.73%, Best Test: 83.97%
Run 01:
Highest Train: 82.29
Highest Valid: 82.73
Highest Test: 83.97
Chosen epoch: 138
Final Train: 82.29
Final Test: 83.97
Label budget: 10/class -> 100 train nodes
Pre-training MLP for 500 epochs to generate co-occurrence matrix...
Penalty transform 'homophily': rel Frobenius dist to original = 0.1940, off-diag CV of original penalty = 0.1962
MLP pre-training complete. Penalty matrix frozen.
Epoch: 00, Loss: 2.7956, Train: 17.38%, Valid: 17.45%, Test: 17.56%, Best Valid: 17.45%, Best Test: 17.56%
Epoch: 100, Loss: 0.0994, Train: 70.23%, Valid: 71.45%, Test: 70.34%, Best Valid: 80.29%, Best Test: 81.10%
Epoch: 200, Loss: 0.0043, Train: 78.31%, Valid: 78.11%, Test: 78.88%, Best Valid: 81.78%, Best Test: 82.62%
Epoch: 300, Loss: 0.0010, Train: 77.35%, Valid: 77.45%, Test: 77.17%, Best Valid: 81.78%, Best Test: 82.62%
Epoch: 400, Loss: 0.0012, Train: 77.17%, Valid: 77.13%, Test: 76.77%, Best Valid: 81.78%, Best Test: 82.62%
Epoch: 500, Loss: 0.0004, Train: 77.23%, Valid: 77.45%, Test: 77.03%, Best Valid: 81.78%, Best Test: 82.62%
Epoch: 600, Loss: 0.0005, Train: 76.91%, Valid: 76.91%, Test: 76.59%, Best Valid: 81.78%, Best Test: 82.62%
Epoch: 700, Loss: 0.0003, Train: 76.74%, Valid: 76.76%, Test: 76.48%, Best Valid: 81.78%, Best Test: 82.62%
Epoch: 800, Loss: 0.0005, Train: 76.77%, Valid: 77.09%, Test: 76.48%, Best Valid: 81.78%, Best Test: 82.62%
Epoch: 900, Loss: 0.0002, Train: 77.36%, Valid: 77.49%, Test: 77.35%, Best Valid: 81.78%, Best Test: 82.62%
Run 02:
Highest Train: 81.49
Highest Valid: 81.78
Highest Test: 82.62
Chosen epoch: 111
Final Train: 81.49
Final Test: 82.62
Label budget: 10/class -> 100 train nodes
Pre-training MLP for 500 epochs to generate co-occurrence matrix...
Penalty transform 'homophily': rel Frobenius dist to original = 0.1754, off-diag CV of original penalty = 0.1815
MLP pre-training complete. Penalty matrix frozen.
Epoch: 00, Loss: 2.8605, Train: 15.74%, Valid: 16.25%, Test: 14.65%, Best Valid: 16.25%, Best Test: 14.65%
Epoch: 100, Loss: 0.0148, Train: 80.67%, Valid: 80.36%, Test: 81.75%, Best Valid: 82.95%, Best Test: 84.11%
Epoch: 200, Loss: 0.0016, Train: 80.52%, Valid: 80.47%, Test: 81.39%, Best Valid: 82.95%, Best Test: 84.11%
Epoch: 300, Loss: 0.0010, Train: 81.24%, Valid: 81.27%, Test: 82.08%, Best Valid: 82.95%, Best Test: 84.11%
Epoch: 400, Loss: 0.0006, Train: 80.95%, Valid: 81.45%, Test: 81.82%, Best Valid: 82.95%, Best Test: 84.11%
Epoch: 500, Loss: 0.0005, Train: 81.07%, Valid: 81.45%, Test: 82.08%, Best Valid: 82.95%, Best Test: 84.11%
Epoch: 600, Loss: 0.0004, Train: 81.42%, Valid: 81.67%, Test: 82.52%, Best Valid: 82.95%, Best Test: 84.11%
Epoch: 700, Loss: 0.0004, Train: 81.07%, Valid: 81.60%, Test: 82.01%, Best Valid: 82.95%, Best Test: 84.11%
Epoch: 800, Loss: 0.0004, Train: 81.34%, Valid: 81.56%, Test: 82.59%, Best Valid: 82.95%, Best Test: 84.11%
Epoch: 900, Loss: 0.0003, Train: 81.23%, Valid: 81.20%, Test: 82.19%, Best Valid: 82.95%, Best Test: 84.11%
Run 03:
Highest Train: 82.71
Highest Valid: 82.95
Highest Test: 84.11
Chosen epoch: 61
Final Train: 82.71
Final Test: 84.11
Label budget: 10/class -> 100 train nodes
Pre-training MLP for 500 epochs to generate co-occurrence matrix...
Penalty transform 'homophily': rel Frobenius dist to original = 0.1918, off-diag CV of original penalty = 0.1927
MLP pre-training complete. Penalty matrix frozen.
Epoch: 00, Loss: 2.9978, Train: 6.47%, Valid: 6.91%, Test: 6.91%, Best Valid: 6.91%, Best Test: 6.91%
Epoch: 100, Loss: 0.0308, Train: 77.30%, Valid: 77.38%, Test: 77.86%, Best Valid: 81.78%, Best Test: 82.41%
Epoch: 200, Loss: 0.0020, Train: 79.00%, Valid: 78.91%, Test: 79.72%, Best Valid: 81.78%, Best Test: 82.41%
Epoch: 300, Loss: 0.0014, Train: 78.97%, Valid: 79.16%, Test: 79.97%, Best Valid: 81.78%, Best Test: 82.41%
Epoch: 400, Loss: 0.0006, Train: 78.97%, Valid: 79.16%, Test: 79.83%, Best Valid: 81.78%, Best Test: 82.41%
Epoch: 500, Loss: 0.0007, Train: 79.01%, Valid: 78.91%, Test: 79.72%, Best Valid: 81.78%, Best Test: 82.41%
Epoch: 600, Loss: 0.0003, Train: 78.71%, Valid: 78.84%, Test: 79.39%, Best Valid: 81.78%, Best Test: 82.41%
Epoch: 700, Loss: 0.0005, Train: 78.51%, Valid: 78.40%, Test: 79.32%, Best Valid: 81.78%, Best Test: 82.41%
Epoch: 800, Loss: 0.0004, Train: 78.77%, Valid: 78.91%, Test: 79.61%, Best Valid: 81.78%, Best Test: 82.41%
Epoch: 900, Loss: 0.0003, Train: 79.02%, Valid: 79.16%, Test: 79.61%, Best Valid: 81.78%, Best Test: 82.41%
Run 04:
Highest Train: 82.45
Highest Valid: 81.78
Highest Test: 82.41
Chosen epoch: 50
Final Train: 82.45
Final Test: 82.41
Label budget: 10/class -> 100 train nodes
Pre-training MLP for 500 epochs to generate co-occurrence matrix...
Penalty transform 'homophily': rel Frobenius dist to original = 0.2144, off-diag CV of original penalty = 0.2185
MLP pre-training complete. Penalty matrix frozen.
Epoch: 00, Loss: 2.9968, Train: 23.83%, Valid: 24.44%, Test: 24.35%, Best Valid: 24.44%, Best Test: 24.35%
Epoch: 100, Loss: 0.1268, Train: 75.43%, Valid: 76.18%, Test: 77.14%, Best Valid: 78.80%, Best Test: 80.15%
Epoch: 200, Loss: 0.0125, Train: 76.78%, Valid: 76.95%, Test: 77.79%, Best Valid: 79.27%, Best Test: 79.35%
Epoch: 300, Loss: 0.0016, Train: 77.72%, Valid: 78.07%, Test: 79.43%, Best Valid: 79.49%, Best Test: 80.37%
Epoch: 400, Loss: 0.0010, Train: 77.63%, Valid: 78.33%, Test: 79.50%, Best Valid: 79.49%, Best Test: 80.37%
Epoch: 500, Loss: 0.0005, Train: 77.53%, Valid: 78.07%, Test: 79.68%, Best Valid: 79.49%, Best Test: 80.37%
Epoch: 600, Loss: 0.0008, Train: 77.87%, Valid: 78.62%, Test: 79.68%, Best Valid: 79.49%, Best Test: 80.37%
Epoch: 700, Loss: 0.0003, Train: 77.85%, Valid: 78.69%, Test: 79.61%, Best Valid: 79.49%, Best Test: 80.37%
Epoch: 800, Loss: 0.0004, Train: 77.57%, Valid: 78.36%, Test: 79.64%, Best Valid: 79.49%, Best Test: 80.37%
Epoch: 900, Loss: 0.0006, Train: 78.01%, Valid: 78.84%, Test: 80.01%, Best Valid: 79.49%, Best Test: 80.37%
Run 05:
Highest Train: 79.20
Highest Valid: 79.49
Highest Test: 80.37
Chosen epoch: 249
Final Train: 79.01
Final Test: 80.37
Label budget: 10/class -> 100 train nodes
Pre-training MLP for 500 epochs to generate co-occurrence matrix...
Penalty transform 'homophily': rel Frobenius dist to original = 0.2316, off-diag CV of original penalty = 0.2360
MLP pre-training complete. Penalty matrix frozen.
Epoch: 00, Loss: 2.9830, Train: 15.51%, Valid: 16.04%, Test: 15.34%, Best Valid: 16.04%, Best Test: 15.34%
Epoch: 100, Loss: 0.0798, Train: 79.54%, Valid: 79.20%, Test: 81.10%, Best Valid: 82.62%, Best Test: 84.11%
Epoch: 200, Loss: 0.1367, Train: 69.42%, Valid: 69.49%, Test: 70.23%, Best Valid: 83.20%, Best Test: 84.22%
Epoch: 300, Loss: 0.0119, Train: 82.64%, Valid: 82.73%, Test: 84.33%, Best Valid: 83.35%, Best Test: 84.51%
Epoch: 400, Loss: 0.0005, Train: 81.00%, Valid: 81.64%, Test: 83.64%, Best Valid: 83.35%, Best Test: 84.51%
Epoch: 500, Loss: 0.0006, Train: 81.17%, Valid: 81.71%, Test: 83.61%, Best Valid: 83.35%, Best Test: 84.51%
Epoch: 600, Loss: 0.0003, Train: 81.26%, Valid: 81.75%, Test: 83.75%, Best Valid: 83.35%, Best Test: 84.51%
Epoch: 700, Loss: 0.0003, Train: 81.12%, Valid: 81.38%, Test: 83.64%, Best Valid: 83.35%, Best Test: 84.51%
Epoch: 800, Loss: 0.0002, Train: 81.31%, Valid: 81.64%, Test: 83.75%, Best Valid: 83.35%, Best Test: 84.51%
Epoch: 900, Loss: 0.0002, Train: 80.95%, Valid: 81.20%, Test: 83.53%, Best Valid: 83.35%, Best Test: 84.51%
Run 06:
Highest Train: 83.34
Highest Valid: 83.35
Highest Test: 85.02
Chosen epoch: 262
Final Train: 82.85
Final Test: 84.51
Label budget: 10/class -> 100 train nodes
Pre-training MLP for 500 epochs to generate co-occurrence matrix...
Penalty transform 'homophily': rel Frobenius dist to original = 0.1755, off-diag CV of original penalty = 0.1824
MLP pre-training complete. Penalty matrix frozen.
Epoch: 00, Loss: 2.8602, Train: 36.47%, Valid: 35.31%, Test: 38.28%, Best Valid: 35.31%, Best Test: 38.28%
Epoch: 100, Loss: 0.0475, Train: 79.21%, Valid: 79.16%, Test: 80.88%, Best Valid: 81.42%, Best Test: 83.39%
Epoch: 200, Loss: 0.0376, Train: 78.12%, Valid: 79.09%, Test: 79.10%, Best Valid: 81.56%, Best Test: 83.46%
Epoch: 300, Loss: 0.0018, Train: 78.45%, Valid: 78.55%, Test: 79.90%, Best Valid: 81.56%, Best Test: 83.46%
Epoch: 400, Loss: 0.0011, Train: 77.57%, Valid: 77.78%, Test: 78.92%, Best Valid: 81.56%, Best Test: 83.46%
Epoch: 500, Loss: 0.0615, Train: 79.49%, Valid: 79.82%, Test: 80.08%, Best Valid: 81.56%, Best Test: 83.46%
Epoch: 600, Loss: 0.0169, Train: 77.81%, Valid: 78.73%, Test: 79.43%, Best Valid: 81.56%, Best Test: 83.46%
Epoch: 700, Loss: 0.0015, Train: 76.58%, Valid: 76.95%, Test: 78.26%, Best Valid: 81.56%, Best Test: 83.46%
Epoch: 800, Loss: 0.0200, Train: 78.37%, Valid: 78.87%, Test: 79.83%, Best Valid: 81.56%, Best Test: 83.46%
Epoch: 900, Loss: 0.0221, Train: 79.20%, Valid: 79.49%, Test: 80.30%, Best Valid: 81.56%, Best Test: 83.46%
Run 07:
Highest Train: 81.70
Highest Valid: 81.56
Highest Test: 83.50
Chosen epoch: 104
Final Train: 81.61
Final Test: 83.46
Label budget: 10/class -> 100 train nodes
Pre-training MLP for 500 epochs to generate co-occurrence matrix...
Penalty transform 'homophily': rel Frobenius dist to original = 0.2174, off-diag CV of original penalty = 0.2226
MLP pre-training complete. Penalty matrix frozen.
Epoch: 00, Loss: 2.9316, Train: 40.04%, Valid: 38.76%, Test: 41.62%, Best Valid: 38.76%, Best Test: 41.62%
Epoch: 100, Loss: 0.1205, Train: 82.75%, Valid: 82.62%, Test: 84.48%, Best Valid: 83.71%, Best Test: 85.61%
Epoch: 200, Loss: 0.1261, Train: 83.11%, Valid: 83.05%, Test: 85.17%, Best Valid: 83.71%, Best Test: 85.61%
Epoch: 300, Loss: 0.0925, Train: 79.53%, Valid: 80.76%, Test: 82.48%, Best Valid: 83.71%, Best Test: 85.61%
Epoch: 400, Loss: 0.0457, Train: 82.66%, Valid: 82.36%, Test: 85.17%, Best Valid: 83.71%, Best Test: 85.61%
Epoch: 500, Loss: 0.0500, Train: 82.00%, Valid: 82.29%, Test: 85.17%, Best Valid: 83.71%, Best Test: 85.61%
Epoch: 600, Loss: 0.0277, Train: 81.91%, Valid: 81.45%, Test: 84.48%, Best Valid: 83.71%, Best Test: 85.61%
Epoch: 700, Loss: 0.0031, Train: 80.73%, Valid: 80.80%, Test: 83.86%, Best Valid: 83.71%, Best Test: 85.61%
Epoch: 800, Loss: 0.0008, Train: 81.87%, Valid: 81.93%, Test: 84.95%, Best Valid: 83.71%, Best Test: 85.61%
Epoch: 900, Loss: 0.0003, Train: 81.78%, Valid: 82.07%, Test: 84.77%, Best Valid: 83.71%, Best Test: 85.61%
Run 08:
Highest Train: 83.75
Highest Valid: 83.71
Highest Test: 86.08
Chosen epoch: 89
Final Train: 83.43
Final Test: 85.61
Label budget: 10/class -> 100 train nodes
Pre-training MLP for 500 epochs to generate co-occurrence matrix...
Penalty transform 'homophily': rel Frobenius dist to original = 0.2148, off-diag CV of original penalty = 0.2205
MLP pre-training complete. Penalty matrix frozen.
Epoch: 00, Loss: 3.0270, Train: 2.85%, Valid: 2.73%, Test: 2.87%, Best Valid: 2.73%, Best Test: 2.87%
Epoch: 100, Loss: 0.0801, Train: 73.12%, Valid: 74.25%, Test: 72.26%, Best Valid: 77.09%, Best Test: 77.46%
Epoch: 200, Loss: 0.0056, Train: 72.61%, Valid: 73.35%, Test: 72.77%, Best Valid: 78.04%, Best Test: 76.92%
Epoch: 300, Loss: 0.0018, Train: 74.37%, Valid: 74.80%, Test: 74.70%, Best Valid: 78.04%, Best Test: 76.92%
Epoch: 400, Loss: 0.0010, Train: 74.90%, Valid: 75.93%, Test: 75.75%, Best Valid: 78.04%, Best Test: 76.92%
Epoch: 500, Loss: 0.0004, Train: 75.03%, Valid: 76.11%, Test: 76.15%, Best Valid: 78.04%, Best Test: 76.92%
Epoch: 600, Loss: 0.0004, Train: 75.12%, Valid: 76.00%, Test: 75.90%, Best Valid: 78.04%, Best Test: 76.92%
Epoch: 700, Loss: 0.0002, Train: 75.09%, Valid: 76.11%, Test: 75.94%, Best Valid: 78.04%, Best Test: 76.92%
Epoch: 800, Loss: 0.0004, Train: 74.91%, Valid: 76.07%, Test: 75.61%, Best Valid: 78.04%, Best Test: 76.92%
Epoch: 900, Loss: 0.0004, Train: 74.89%, Valid: 75.82%, Test: 75.68%, Best Valid: 78.04%, Best Test: 76.92%
Run 09:
Highest Train: 76.55
Highest Valid: 78.04
Highest Test: 77.46
Chosen epoch: 127
Final Train: 76.55
Final Test: 76.92
Label budget: 10/class -> 100 train nodes
Pre-training MLP for 500 epochs to generate co-occurrence matrix...
Penalty transform 'homophily': rel Frobenius dist to original = 0.2276, off-diag CV of original penalty = 0.2267
MLP pre-training complete. Penalty matrix frozen.
Epoch: 00, Loss: 2.9810, Train: 2.08%, Valid: 2.65%, Test: 2.33%, Best Valid: 2.65%, Best Test: 2.33%
Epoch: 100, Loss: 0.1366, Train: 75.38%, Valid: 74.44%, Test: 75.83%, Best Valid: 75.35%, Best Test: 75.79%
Epoch: 200, Loss: 0.0733, Train: 73.66%, Valid: 74.18%, Test: 73.68%, Best Valid: 75.96%, Best Test: 76.95%
Epoch: 300, Loss: 0.0082, Train: 73.15%, Valid: 74.44%, Test: 73.83%, Best Valid: 75.96%, Best Test: 76.95%
Epoch: 400, Loss: 0.0211, Train: 72.05%, Valid: 72.69%, Test: 72.19%, Best Valid: 75.96%, Best Test: 76.95%
Epoch: 500, Loss: 0.0085, Train: 74.18%, Valid: 75.45%, Test: 74.95%, Best Valid: 75.96%, Best Test: 76.95%
Epoch: 600, Loss: 0.0067, Train: 73.53%, Valid: 74.29%, Test: 73.57%, Best Valid: 76.36%, Best Test: 75.32%
Epoch: 700, Loss: 0.0003, Train: 73.18%, Valid: 73.93%, Test: 73.43%, Best Valid: 76.36%, Best Test: 75.32%
Epoch: 800, Loss: 0.0003, Train: 73.62%, Valid: 74.44%, Test: 73.68%, Best Valid: 76.36%, Best Test: 75.32%
Epoch: 900, Loss: 0.0003, Train: 73.81%, Valid: 74.44%, Test: 73.90%, Best Valid: 76.36%, Best Test: 75.32%
Run 10:
Highest Train: 75.78
Highest Valid: 76.36
Highest Test: 76.95
Chosen epoch: 514
Final Train: 75.19
Final Test: 75.32
All runs:
Highest Train: 80.93 ± 2.80
Highest Test: 82.25 ± 3.07
Highest Valid: 81.17 ± 2.44
  Final Train: 80.76 ± 2.86
   Final Test: 81.93 ± 3.39
Saving results to results/lowlabel/amazon-computer/MPNN_gcn.csv
--- mlp_reg/homophily control | lambda=0.4 ---
Namespace(bn=False, budget_tag='10', cooc_file='', count_reg=False, count_smoothing=1.0, cpu=False, data_dir='./data/', dataset='amazon-computer', device=0, display_step=100, dropout=0.5, epochs=1000, gnn='gcn', hidden_channels=512, jk=False, label_num_per_class=20, lambda_val=0.4, ln=True, local_layers=3, lr=0.001, metric='acc', mlp_epochs=500, mlp_reg=True, model='MPNN', model_dir='models', num_heads=1, oracle_reg=False, paired_seeds=True, penalty_transform='homophily', pre_linear=False, pre_ln=False, rand_split=False, rand_split_class=False, reg_start_epoch=10, reg_update_freq=5, res=False, resample_split_per_run=False, result_dir='results/lowlabel', runs=10, save_model=False, seed=42, source_mode='keep', test_num=1000, train_per_class=10, train_prop=0.5, use_reg=True, valid_num=500, valid_per_class=0, valid_prop=0.25, weight_decay=5e-05, year_split=0)
amazon-computer
dataset amazon-computer | num nodes 13752 | num edge 491722 | num node feats 767 | num classes 10
MODEL: MPNNs(
  (h_lins): ModuleList()
  (local_convs): ModuleList(
    (0): GCNConv(767, 512)
    (1): GCNConv(512, 512)
    (2): GCNConv(512, 512)
  )
  (lins): ModuleList(
    (0): Linear(in_features=767, out_features=512, bias=True)
    (1): Linear(in_features=512, out_features=512, bias=True)
    (2): Linear(in_features=512, out_features=512, bias=True)
  )
  (lns): ModuleList(
    (0): LayerNorm((512,), eps=1e-05, elementwise_affine=True)
    (1): LayerNorm((512,), eps=1e-05, elementwise_affine=True)
    (2): LayerNorm((512,), eps=1e-05, elementwise_affine=True)
  )
  (bns): ModuleList(
    (0): BatchNorm1d(512, eps=1e-05, momentum=0.1, affine=True, track_running_stats=True)
    (1): BatchNorm1d(512, eps=1e-05, momentum=0.1, affine=True, track_running_stats=True)
    (2): BatchNorm1d(512, eps=1e-05, momentum=0.1, affine=True, track_running_stats=True)
  )
  (lin_in): Linear(in_features=767, out_features=512, bias=True)
  (pred_local): Linear(in_features=512, out_features=10, bias=True)
)
Label budget: 10/class -> 100 train nodes
Pre-training MLP for 500 epochs to generate co-occurrence matrix...
Penalty transform 'homophily': rel Frobenius dist to original = 0.1945, off-diag CV of original penalty = 0.1994
MLP pre-training complete. Penalty matrix frozen.
Epoch: 00, Loss: 3.5206, Train: 8.77%, Valid: 9.56%, Test: 9.67%, Best Valid: 9.56%, Best Test: 9.67%
Epoch: 100, Loss: 0.0882, Train: 80.75%, Valid: 81.38%, Test: 82.77%, Best Valid: 83.45%, Best Test: 85.02%
Epoch: 200, Loss: 0.0425, Train: 79.15%, Valid: 79.75%, Test: 80.73%, Best Valid: 83.45%, Best Test: 85.02%
Epoch: 300, Loss: 0.0016, Train: 77.77%, Valid: 79.09%, Test: 79.24%, Best Valid: 83.45%, Best Test: 85.02%
Epoch: 400, Loss: 0.0007, Train: 77.40%, Valid: 79.13%, Test: 78.88%, Best Valid: 83.45%, Best Test: 85.02%
Epoch: 500, Loss: 0.0007, Train: 76.91%, Valid: 78.62%, Test: 78.44%, Best Valid: 83.45%, Best Test: 85.02%
Epoch: 600, Loss: 0.0004, Train: 77.21%, Valid: 78.84%, Test: 78.52%, Best Valid: 83.45%, Best Test: 85.02%
Epoch: 700, Loss: 0.0004, Train: 77.21%, Valid: 78.98%, Test: 78.66%, Best Valid: 83.45%, Best Test: 85.02%
Epoch: 800, Loss: 0.0005, Train: 76.78%, Valid: 78.44%, Test: 77.83%, Best Valid: 83.45%, Best Test: 85.02%
Epoch: 900, Loss: 0.0004, Train: 77.17%, Valid: 78.76%, Test: 78.26%, Best Valid: 83.45%, Best Test: 85.02%
Run 01:
Highest Train: 83.14
Highest Valid: 83.45
Highest Test: 85.02
Chosen epoch: 78
Final Train: 83.14
Final Test: 85.02
Label budget: 10/class -> 100 train nodes
Pre-training MLP for 500 epochs to generate co-occurrence matrix...
Penalty transform 'homophily': rel Frobenius dist to original = 0.1940, off-diag CV of original penalty = 0.1962
MLP pre-training complete. Penalty matrix frozen.
Epoch: 00, Loss: 3.2616, Train: 17.34%, Valid: 17.45%, Test: 17.48%, Best Valid: 17.45%, Best Test: 17.48%
Epoch: 100, Loss: 0.0267, Train: 80.03%, Valid: 79.20%, Test: 80.30%, Best Valid: 79.85%, Best Test: 80.26%
Epoch: 200, Loss: 0.0373, Train: 72.74%, Valid: 73.82%, Test: 72.45%, Best Valid: 80.95%, Best Test: 80.04%
Epoch: 300, Loss: 0.0019, Train: 74.90%, Valid: 75.42%, Test: 74.41%, Best Valid: 80.95%, Best Test: 80.04%
Epoch: 400, Loss: 0.0009, Train: 77.32%, Valid: 77.56%, Test: 76.95%, Best Valid: 80.95%, Best Test: 80.04%
Epoch: 500, Loss: 0.0004, Train: 77.03%, Valid: 77.02%, Test: 76.77%, Best Valid: 80.95%, Best Test: 80.04%
Epoch: 600, Loss: 0.0006, Train: 77.00%, Valid: 76.76%, Test: 76.81%, Best Valid: 80.95%, Best Test: 80.04%
Epoch: 700, Loss: 0.0002, Train: 76.58%, Valid: 76.44%, Test: 76.34%, Best Valid: 80.95%, Best Test: 80.04%
Epoch: 800, Loss: 0.0004, Train: 76.58%, Valid: 77.02%, Test: 76.55%, Best Valid: 80.95%, Best Test: 80.04%
Epoch: 900, Loss: 0.0003, Train: 77.23%, Valid: 77.38%, Test: 77.24%, Best Valid: 80.95%, Best Test: 80.04%
Run 02:
Highest Train: 80.78
Highest Valid: 80.95
Highest Test: 81.61
Chosen epoch: 155
Final Train: 80.33
Final Test: 80.04
Label budget: 10/class -> 100 train nodes
Pre-training MLP for 500 epochs to generate co-occurrence matrix...
Penalty transform 'homophily': rel Frobenius dist to original = 0.1754, off-diag CV of original penalty = 0.1815
MLP pre-training complete. Penalty matrix frozen.
Epoch: 00, Loss: 3.3372, Train: 15.74%, Valid: 16.25%, Test: 14.65%, Best Valid: 16.25%, Best Test: 14.65%
Epoch: 100, Loss: 0.1161, Train: 74.34%, Valid: 73.78%, Test: 73.39%, Best Valid: 82.69%, Best Test: 82.44%
Epoch: 200, Loss: 0.0022, Train: 81.19%, Valid: 80.69%, Test: 81.90%, Best Valid: 82.69%, Best Test: 82.44%
Epoch: 300, Loss: 0.0010, Train: 81.65%, Valid: 81.49%, Test: 82.59%, Best Valid: 82.69%, Best Test: 82.44%
Epoch: 400, Loss: 0.0007, Train: 81.40%, Valid: 81.35%, Test: 82.37%, Best Valid: 82.69%, Best Test: 82.44%
Epoch: 500, Loss: 0.0006, Train: 81.48%, Valid: 81.42%, Test: 82.55%, Best Valid: 82.69%, Best Test: 82.44%
Epoch: 600, Loss: 0.0005, Train: 81.65%, Valid: 81.75%, Test: 82.84%, Best Valid: 82.69%, Best Test: 82.44%
Epoch: 700, Loss: 0.0006, Train: 81.67%, Valid: 81.82%, Test: 82.59%, Best Valid: 82.69%, Best Test: 82.44%
Epoch: 800, Loss: 0.0004, Train: 81.66%, Valid: 81.60%, Test: 82.70%, Best Valid: 82.69%, Best Test: 82.44%
Epoch: 900, Loss: 0.0004, Train: 81.31%, Valid: 81.49%, Test: 82.33%, Best Valid: 82.69%, Best Test: 82.44%
Run 03:
Highest Train: 82.28
Highest Valid: 82.69
Highest Test: 83.72
Chosen epoch: 52
Final Train: 82.24
Final Test: 82.44
Label budget: 10/class -> 100 train nodes
Pre-training MLP for 500 epochs to generate co-occurrence matrix...
Penalty transform 'homophily': rel Frobenius dist to original = 0.1918, off-diag CV of original penalty = 0.1927
MLP pre-training complete. Penalty matrix frozen.
Epoch: 00, Loss: 3.4975, Train: 6.79%, Valid: 7.31%, Test: 7.23%, Best Valid: 7.31%, Best Test: 7.23%
Epoch: 100, Loss: 0.0509, Train: 75.28%, Valid: 75.85%, Test: 76.01%, Best Valid: 81.85%, Best Test: 82.33%
Epoch: 200, Loss: 0.0023, Train: 79.06%, Valid: 79.05%, Test: 79.53%, Best Valid: 81.85%, Best Test: 82.33%
Epoch: 300, Loss: 0.0013, Train: 79.18%, Valid: 79.20%, Test: 79.83%, Best Valid: 81.85%, Best Test: 82.33%
Epoch: 400, Loss: 0.0007, Train: 78.86%, Valid: 79.13%, Test: 79.53%, Best Valid: 81.85%, Best Test: 82.33%
Epoch: 500, Loss: 0.0008, Train: 79.24%, Valid: 79.09%, Test: 79.75%, Best Valid: 81.85%, Best Test: 82.33%
Epoch: 600, Loss: 0.0004, Train: 78.95%, Valid: 79.31%, Test: 79.43%, Best Valid: 81.85%, Best Test: 82.33%
Epoch: 700, Loss: 0.0006, Train: 78.77%, Valid: 79.13%, Test: 79.24%, Best Valid: 81.85%, Best Test: 82.33%
Epoch: 800, Loss: 0.0005, Train: 78.96%, Valid: 79.24%, Test: 79.57%, Best Valid: 81.85%, Best Test: 82.33%
Epoch: 900, Loss: 0.0004, Train: 79.20%, Valid: 79.24%, Test: 79.50%, Best Valid: 81.85%, Best Test: 82.33%
Run 04:
Highest Train: 81.97
Highest Valid: 81.85
Highest Test: 82.52
Chosen epoch: 44
Final Train: 81.78
Final Test: 82.33
Label budget: 10/class -> 100 train nodes
Pre-training MLP for 500 epochs to generate co-occurrence matrix...
Penalty transform 'homophily': rel Frobenius dist to original = 0.2144, off-diag CV of original penalty = 0.2185
MLP pre-training complete. Penalty matrix frozen.
Epoch: 00, Loss: 3.4962, Train: 21.21%, Valid: 21.78%, Test: 21.52%, Best Valid: 21.78%, Best Test: 21.52%
Epoch: 100, Loss: 0.1042, Train: 74.06%, Valid: 74.65%, Test: 74.52%, Best Valid: 79.75%, Best Test: 80.95%
Epoch: 200, Loss: 0.0132, Train: 75.76%, Valid: 76.91%, Test: 77.10%, Best Valid: 80.65%, Best Test: 81.68%
Epoch: 300, Loss: 0.1903, Train: 77.59%, Valid: 77.42%, Test: 78.01%, Best Valid: 80.65%, Best Test: 81.68%
Epoch: 400, Loss: 0.0132, Train: 78.43%, Valid: 78.95%, Test: 80.55%, Best Valid: 80.65%, Best Test: 81.68%
Epoch: 500, Loss: 0.0013, Train: 78.37%, Valid: 78.69%, Test: 79.83%, Best Valid: 80.65%, Best Test: 81.68%
Epoch: 600, Loss: 0.0019, Train: 78.34%, Valid: 78.95%, Test: 79.79%, Best Valid: 80.65%, Best Test: 81.68%
Epoch: 700, Loss: 0.0003, Train: 78.17%, Valid: 78.84%, Test: 79.61%, Best Valid: 80.65%, Best Test: 81.68%
Epoch: 800, Loss: 0.0005, Train: 77.82%, Valid: 78.44%, Test: 79.39%, Best Valid: 80.65%, Best Test: 81.68%
Epoch: 900, Loss: 0.0005, Train: 78.32%, Valid: 78.98%, Test: 79.79%, Best Valid: 80.65%, Best Test: 81.68%
Run 05:
Highest Train: 80.39
Highest Valid: 80.65
Highest Test: 81.68
Chosen epoch: 144
Final Train: 79.93
Final Test: 81.68
Label budget: 10/class -> 100 train nodes
Pre-training MLP for 500 epochs to generate co-occurrence matrix...
Penalty transform 'homophily': rel Frobenius dist to original = 0.2316, off-diag CV of original penalty = 0.2360
MLP pre-training complete. Penalty matrix frozen.
Epoch: 00, Loss: 3.4801, Train: 15.51%, Valid: 16.00%, Test: 15.38%, Best Valid: 16.00%, Best Test: 15.38%
Epoch: 100, Loss: 0.1023, Train: 76.39%, Valid: 76.84%, Test: 78.08%, Best Valid: 83.24%, Best Test: 84.99%
Epoch: 200, Loss: 0.0038, Train: 79.92%, Valid: 80.69%, Test: 82.48%, Best Valid: 84.04%, Best Test: 84.81%
Epoch: 300, Loss: 0.0011, Train: 80.64%, Valid: 81.20%, Test: 83.35%, Best Valid: 84.04%, Best Test: 84.81%
Epoch: 400, Loss: 0.0664, Train: 76.79%, Valid: 76.98%, Test: 77.90%, Best Valid: 84.04%, Best Test: 84.81%
Epoch: 500, Loss: 0.0068, Train: 80.21%, Valid: 80.95%, Test: 82.66%, Best Valid: 84.04%, Best Test: 84.81%
Epoch: 600, Loss: 0.0011, Train: 81.00%, Valid: 81.42%, Test: 83.46%, Best Valid: 84.04%, Best Test: 84.81%
Epoch: 700, Loss: 0.0020, Train: 79.97%, Valid: 80.55%, Test: 82.66%, Best Valid: 84.04%, Best Test: 84.81%
Epoch: 800, Loss: 0.0007, Train: 80.58%, Valid: 81.31%, Test: 83.17%, Best Valid: 84.04%, Best Test: 84.81%
Epoch: 900, Loss: 0.0005, Train: 80.58%, Valid: 81.35%, Test: 82.84%, Best Valid: 84.04%, Best Test: 84.81%
Run 06:
Highest Train: 83.47
Highest Valid: 84.04
Highest Test: 85.06
Chosen epoch: 146
Final Train: 83.18
Final Test: 84.81
Label budget: 10/class -> 100 train nodes
Pre-training MLP for 500 epochs to generate co-occurrence matrix...
Penalty transform 'homophily': rel Frobenius dist to original = 0.1755, off-diag CV of original penalty = 0.1824
MLP pre-training complete. Penalty matrix frozen.
Epoch: 00, Loss: 3.3369, Train: 37.77%, Valid: 36.98%, Test: 39.69%, Best Valid: 36.98%, Best Test: 39.69%
Epoch: 100, Loss: 0.0380, Train: 78.90%, Valid: 79.13%, Test: 80.30%, Best Valid: 82.69%, Best Test: 84.62%
Epoch: 200, Loss: 0.0171, Train: 79.13%, Valid: 79.53%, Test: 80.99%, Best Valid: 82.69%, Best Test: 84.62%
Epoch: 300, Loss: 0.0094, Train: 80.92%, Valid: 81.31%, Test: 82.55%, Best Valid: 82.69%, Best Test: 84.62%
Epoch: 400, Loss: 0.0018, Train: 79.63%, Valid: 79.93%, Test: 81.79%, Best Valid: 82.69%, Best Test: 84.62%
Epoch: 500, Loss: 0.0055, Train: 79.53%, Valid: 80.04%, Test: 81.72%, Best Valid: 82.69%, Best Test: 84.62%
Epoch: 600, Loss: 0.0011, Train: 79.00%, Valid: 79.71%, Test: 81.13%, Best Valid: 82.69%, Best Test: 84.62%
Epoch: 700, Loss: 0.0007, Train: 79.00%, Valid: 79.82%, Test: 81.13%, Best Valid: 82.69%, Best Test: 84.62%
Epoch: 800, Loss: 0.0006, Train: 79.25%, Valid: 79.75%, Test: 81.21%, Best Valid: 82.69%, Best Test: 84.62%
Epoch: 900, Loss: 0.0005, Train: 79.20%, Valid: 79.78%, Test: 81.24%, Best Valid: 82.69%, Best Test: 84.62%
Run 07:
Highest Train: 83.12
Highest Valid: 82.69
Highest Test: 84.62
Chosen epoch: 58
Final Train: 83.07
Final Test: 84.62
Label budget: 10/class -> 100 train nodes
Pre-training MLP for 500 epochs to generate co-occurrence matrix...
Penalty transform 'homophily': rel Frobenius dist to original = 0.2174, off-diag CV of original penalty = 0.2226
MLP pre-training complete. Penalty matrix frozen.
Epoch: 00, Loss: 3.4202, Train: 39.80%, Valid: 38.65%, Test: 41.48%, Best Valid: 38.65%, Best Test: 41.48%
Epoch: 100, Loss: 0.1735, Train: 80.67%, Valid: 80.51%, Test: 82.01%, Best Valid: 83.31%, Best Test: 85.64%
Epoch: 200, Loss: 0.1214, Train: 79.86%, Valid: 80.76%, Test: 82.99%, Best Valid: 83.78%, Best Test: 85.68%
Epoch: 300, Loss: 0.3840, Train: 82.80%, Valid: 82.91%, Test: 85.39%, Best Valid: 83.78%, Best Test: 85.68%
Epoch: 400, Loss: 0.0692, Train: 83.00%, Valid: 82.51%, Test: 85.71%, Best Valid: 83.89%, Best Test: 85.50%
Epoch: 500, Loss: 0.0297, Train: 82.61%, Valid: 82.25%, Test: 85.39%, Best Valid: 83.89%, Best Test: 85.50%
Epoch: 600, Loss: 0.0093, Train: 82.27%, Valid: 81.67%, Test: 85.50%, Best Valid: 83.89%, Best Test: 85.50%
Epoch: 700, Loss: 0.0389, Train: 82.84%, Valid: 83.05%, Test: 85.93%, Best Valid: 83.89%, Best Test: 85.50%
Epoch: 800, Loss: 0.0175, Train: 82.20%, Valid: 81.42%, Test: 85.10%, Best Valid: 83.89%, Best Test: 85.50%
Epoch: 900, Loss: 0.0010, Train: 82.46%, Valid: 82.15%, Test: 85.21%, Best Valid: 83.89%, Best Test: 85.50%
Run 08:
Highest Train: 83.66
Highest Valid: 83.89
Highest Test: 86.26
Chosen epoch: 363
Final Train: 83.43
Final Test: 85.50
Label budget: 10/class -> 100 train nodes
Pre-training MLP for 500 epochs to generate co-occurrence matrix...
Penalty transform 'homophily': rel Frobenius dist to original = 0.2148, off-diag CV of original penalty = 0.2205
MLP pre-training complete. Penalty matrix frozen.
Epoch: 00, Loss: 3.5315, Train: 3.48%, Valid: 3.16%, Test: 3.64%, Best Valid: 3.16%, Best Test: 3.64%
Epoch: 100, Loss: 0.1183, Train: 74.15%, Valid: 74.00%, Test: 73.86%, Best Valid: 77.31%, Best Test: 76.99%
Epoch: 200, Loss: 0.0095, Train: 73.32%, Valid: 73.67%, Test: 73.46%, Best Valid: 77.35%, Best Test: 77.43%
Epoch: 300, Loss: 0.0011, Train: 74.73%, Valid: 75.60%, Test: 76.01%, Best Valid: 77.35%, Best Test: 77.43%
Epoch: 400, Loss: 0.0019, Train: 74.60%, Valid: 75.67%, Test: 75.90%, Best Valid: 77.35%, Best Test: 77.43%
Epoch: 500, Loss: 0.0005, Train: 74.88%, Valid: 75.60%, Test: 76.01%, Best Valid: 77.35%, Best Test: 77.43%
Epoch: 600, Loss: 0.0005, Train: 74.84%, Valid: 75.67%, Test: 76.15%, Best Valid: 77.35%, Best Test: 77.43%
Epoch: 700, Loss: 0.0003, Train: 74.86%, Valid: 75.71%, Test: 76.12%, Best Valid: 77.35%, Best Test: 77.43%
Epoch: 800, Loss: 0.0005, Train: 74.31%, Valid: 75.49%, Test: 76.12%, Best Valid: 77.35%, Best Test: 77.43%
Epoch: 900, Loss: 0.0005, Train: 74.77%, Valid: 75.53%, Test: 76.23%, Best Valid: 77.35%, Best Test: 77.43%
Run 09:
Highest Train: 76.72
Highest Valid: 77.35
Highest Test: 77.43
Chosen epoch: 187
Final Train: 76.04
Final Test: 77.43
Label budget: 10/class -> 100 train nodes
Pre-training MLP for 500 epochs to generate co-occurrence matrix...
Penalty transform 'homophily': rel Frobenius dist to original = 0.2276, off-diag CV of original penalty = 0.2267
MLP pre-training complete. Penalty matrix frozen.
Epoch: 00, Loss: 3.4778, Train: 2.06%, Valid: 2.62%, Test: 2.25%, Best Valid: 2.62%, Best Test: 2.25%
Epoch: 100, Loss: 0.1872, Train: 71.34%, Valid: 71.78%, Test: 71.61%, Best Valid: 77.13%, Best Test: 77.75%
Epoch: 200, Loss: 0.1816, Train: 72.03%, Valid: 72.76%, Test: 71.97%, Best Valid: 77.13%, Best Test: 77.75%
Epoch: 300, Loss: 0.0096, Train: 75.24%, Valid: 75.45%, Test: 76.05%, Best Valid: 77.13%, Best Test: 77.75%
Epoch: 400, Loss: 0.0915, Train: 73.02%, Valid: 73.93%, Test: 73.10%, Best Valid: 77.13%, Best Test: 77.75%
Epoch: 500, Loss: 0.2534, Train: 65.57%, Valid: 66.36%, Test: 64.70%, Best Valid: 77.38%, Best Test: 77.50%
Epoch: 600, Loss: 0.0259, Train: 73.49%, Valid: 74.47%, Test: 73.94%, Best Valid: 77.78%, Best Test: 78.19%
Epoch: 700, Loss: 0.0009, Train: 74.92%, Valid: 75.78%, Test: 75.43%, Best Valid: 77.78%, Best Test: 78.19%
Epoch: 800, Loss: 0.0007, Train: 75.08%, Valid: 75.96%, Test: 75.65%, Best Valid: 77.78%, Best Test: 78.19%
Epoch: 900, Loss: 0.0006, Train: 75.06%, Valid: 75.71%, Test: 75.68%, Best Valid: 77.78%, Best Test: 78.19%
Run 10:
Highest Train: 77.30
Highest Valid: 77.78
Highest Test: 78.70
Chosen epoch: 538
Final Train: 76.67
Final Test: 78.19
All runs:
Highest Train: 81.28 ± 2.51
Highest Test: 82.66 ± 2.88
Highest Valid: 81.53 ± 2.38
  Final Train: 80.98 ± 2.72
   Final Test: 82.21 ± 2.89
Saving results to results/lowlabel/amazon-computer/MPNN_gcn.csv
--- mlp_reg/homophily control | lambda=0.8 ---
Namespace(bn=False, budget_tag='10', cooc_file='', count_reg=False, count_smoothing=1.0, cpu=False, data_dir='./data/', dataset='amazon-computer', device=0, display_step=100, dropout=0.5, epochs=1000, gnn='gcn', hidden_channels=512, jk=False, label_num_per_class=20, lambda_val=0.8, ln=True, local_layers=3, lr=0.001, metric='acc', mlp_epochs=500, mlp_reg=True, model='MPNN', model_dir='models', num_heads=1, oracle_reg=False, paired_seeds=True, penalty_transform='homophily', pre_linear=False, pre_ln=False, rand_split=False, rand_split_class=False, reg_start_epoch=10, reg_update_freq=5, res=False, resample_split_per_run=False, result_dir='results/lowlabel', runs=10, save_model=False, seed=42, source_mode='keep', test_num=1000, train_per_class=10, train_prop=0.5, use_reg=True, valid_num=500, valid_per_class=0, valid_prop=0.25, weight_decay=5e-05, year_split=0)
amazon-computer
dataset amazon-computer | num nodes 13752 | num edge 491722 | num node feats 767 | num classes 10
MODEL: MPNNs(
  (h_lins): ModuleList()
  (local_convs): ModuleList(
    (0): GCNConv(767, 512)
    (1): GCNConv(512, 512)
    (2): GCNConv(512, 512)
  )
  (lins): ModuleList(
    (0): Linear(in_features=767, out_features=512, bias=True)
    (1): Linear(in_features=512, out_features=512, bias=True)
    (2): Linear(in_features=512, out_features=512, bias=True)
  )
  (lns): ModuleList(
    (0): LayerNorm((512,), eps=1e-05, elementwise_affine=True)
    (1): LayerNorm((512,), eps=1e-05, elementwise_affine=True)
    (2): LayerNorm((512,), eps=1e-05, elementwise_affine=True)
  )
  (bns): ModuleList(
    (0): BatchNorm1d(512, eps=1e-05, momentum=0.1, affine=True, track_running_stats=True)
    (1): BatchNorm1d(512, eps=1e-05, momentum=0.1, affine=True, track_running_stats=True)
    (2): BatchNorm1d(512, eps=1e-05, momentum=0.1, affine=True, track_running_stats=True)
  )
  (lin_in): Linear(in_features=767, out_features=512, bias=True)
  (pred_local): Linear(in_features=512, out_features=10, bias=True)
)
Label budget: 10/class -> 100 train nodes
Pre-training MLP for 500 epochs to generate co-occurrence matrix...
Penalty transform 'homophily': rel Frobenius dist to original = 0.1945, off-diag CV of original penalty = 0.1994
MLP pre-training complete. Penalty matrix frozen.
Epoch: 00, Loss: 4.5265, Train: 8.81%, Valid: 9.60%, Test: 9.78%, Best Valid: 9.60%, Best Test: 9.78%
Epoch: 100, Loss: 0.0778, Train: 77.92%, Valid: 79.42%, Test: 80.19%, Best Valid: 82.69%, Best Test: 84.11%
Epoch: 200, Loss: 0.2956, Train: 76.45%, Valid: 77.85%, Test: 78.95%, Best Valid: 82.69%, Best Test: 84.11%
Epoch: 300, Loss: 0.0015, Train: 77.87%, Valid: 79.71%, Test: 79.75%, Best Valid: 82.69%, Best Test: 84.11%
Epoch: 400, Loss: 0.0009, Train: 78.11%, Valid: 80.22%, Test: 80.08%, Best Valid: 82.69%, Best Test: 84.11%
Epoch: 500, Loss: 0.0007, Train: 77.81%, Valid: 79.78%, Test: 79.79%, Best Valid: 82.69%, Best Test: 84.11%
Epoch: 600, Loss: 0.0006, Train: 77.83%, Valid: 79.85%, Test: 79.86%, Best Valid: 82.69%, Best Test: 84.11%
Epoch: 700, Loss: 0.0005, Train: 78.01%, Valid: 79.93%, Test: 79.97%, Best Valid: 82.69%, Best Test: 84.11%
Epoch: 800, Loss: 0.0006, Train: 77.98%, Valid: 79.85%, Test: 79.72%, Best Valid: 82.69%, Best Test: 84.11%
Epoch: 900, Loss: 0.0005, Train: 78.09%, Valid: 80.00%, Test: 80.01%, Best Valid: 82.69%, Best Test: 84.11%
Run 01:
Highest Train: 82.68
Highest Valid: 82.69
Highest Test: 84.15
Chosen epoch: 50
Final Train: 82.68
Final Test: 84.11
Label budget: 10/class -> 100 train nodes
Pre-training MLP for 500 epochs to generate co-occurrence matrix...
Penalty transform 'homophily': rel Frobenius dist to original = 0.1940, off-diag CV of original penalty = 0.1962
MLP pre-training complete. Penalty matrix frozen.
Epoch: 00, Loss: 4.1934, Train: 23.68%, Valid: 23.24%, Test: 23.34%, Best Valid: 23.24%, Best Test: 23.34%
Epoch: 100, Loss: 0.0268, Train: 70.52%, Valid: 70.62%, Test: 70.08%, Best Valid: 80.40%, Best Test: 81.57%
Epoch: 200, Loss: 0.0122, Train: 77.75%, Valid: 77.96%, Test: 78.01%, Best Valid: 80.58%, Best Test: 81.32%
Epoch: 300, Loss: 0.0019, Train: 77.47%, Valid: 77.82%, Test: 77.28%, Best Valid: 80.58%, Best Test: 81.32%
Epoch: 400, Loss: 0.0011, Train: 77.24%, Valid: 77.64%, Test: 77.17%, Best Valid: 80.58%, Best Test: 81.32%
Epoch: 500, Loss: 0.0006, Train: 77.25%, Valid: 77.60%, Test: 77.28%, Best Valid: 80.58%, Best Test: 81.32%
Epoch: 600, Loss: 0.0008, Train: 77.61%, Valid: 77.85%, Test: 77.17%, Best Valid: 80.58%, Best Test: 81.32%
Epoch: 700, Loss: 0.0004, Train: 77.97%, Valid: 78.29%, Test: 77.75%, Best Valid: 80.58%, Best Test: 81.32%
Epoch: 800, Loss: 0.0006, Train: 77.26%, Valid: 77.71%, Test: 77.03%, Best Valid: 80.58%, Best Test: 81.32%
Epoch: 900, Loss: 0.0004, Train: 77.65%, Valid: 78.00%, Test: 77.35%, Best Valid: 80.58%, Best Test: 81.32%
Run 02:
Highest Train: 81.00
Highest Valid: 80.58
Highest Test: 81.57
Chosen epoch: 124
Final Train: 80.61
Final Test: 81.32
Label budget: 10/class -> 100 train nodes
Pre-training MLP for 500 epochs to generate co-occurrence matrix...
Penalty transform 'homophily': rel Frobenius dist to original = 0.1754, off-diag CV of original penalty = 0.1815
MLP pre-training complete. Penalty matrix frozen.
Epoch: 00, Loss: 4.2907, Train: 15.76%, Valid: 16.29%, Test: 14.65%, Best Valid: 16.29%, Best Test: 14.65%
Epoch: 100, Loss: 0.1182, Train: 78.14%, Valid: 79.13%, Test: 79.39%, Best Valid: 82.07%, Best Test: 83.24%
Epoch: 200, Loss: 0.0048, Train: 81.31%, Valid: 81.05%, Test: 82.41%, Best Valid: 82.62%, Best Test: 83.64%
Epoch: 300, Loss: 0.0017, Train: 81.86%, Valid: 81.78%, Test: 83.39%, Best Valid: 82.62%, Best Test: 83.64%
Epoch: 400, Loss: 0.0009, Train: 81.57%, Valid: 81.45%, Test: 82.99%, Best Valid: 82.62%, Best Test: 83.64%
Epoch: 500, Loss: 0.0008, Train: 81.51%, Valid: 81.49%, Test: 82.81%, Best Valid: 82.62%, Best Test: 83.64%
Epoch: 600, Loss: 0.0006, Train: 81.93%, Valid: 81.89%, Test: 83.13%, Best Valid: 82.62%, Best Test: 83.64%
Epoch: 700, Loss: 0.0007, Train: 81.59%, Valid: 81.85%, Test: 83.10%, Best Valid: 82.62%, Best Test: 83.64%
Epoch: 800, Loss: 0.0005, Train: 81.93%, Valid: 82.04%, Test: 83.13%, Best Valid: 82.62%, Best Test: 83.64%
Epoch: 900, Loss: 0.0004, Train: 81.74%, Valid: 81.96%, Test: 83.10%, Best Valid: 82.62%, Best Test: 83.64%
Run 03:
Highest Train: 82.57
Highest Valid: 82.62
Highest Test: 83.82
Chosen epoch: 194
Final Train: 82.37
Final Test: 83.64
Label budget: 10/class -> 100 train nodes
Pre-training MLP for 500 epochs to generate co-occurrence matrix...
Penalty transform 'homophily': rel Frobenius dist to original = 0.1918, off-diag CV of original penalty = 0.1927
MLP pre-training complete. Penalty matrix frozen.
Epoch: 00, Loss: 4.4967, Train: 8.02%, Valid: 8.36%, Test: 8.14%, Best Valid: 8.36%, Best Test: 8.14%
Epoch: 100, Loss: 0.0166, Train: 76.95%, Valid: 77.16%, Test: 77.72%, Best Valid: 81.35%, Best Test: 81.93%
Epoch: 200, Loss: 0.0024, Train: 79.24%, Valid: 79.42%, Test: 79.90%, Best Valid: 81.35%, Best Test: 81.93%
Epoch: 300, Loss: 0.0021, Train: 79.66%, Valid: 79.56%, Test: 80.48%, Best Valid: 81.35%, Best Test: 81.93%
Epoch: 400, Loss: 0.0009, Train: 78.80%, Valid: 78.69%, Test: 79.57%, Best Valid: 81.35%, Best Test: 81.93%
Epoch: 500, Loss: 0.0010, Train: 79.48%, Valid: 79.31%, Test: 80.01%, Best Valid: 81.35%, Best Test: 81.93%
Epoch: 600, Loss: 0.0005, Train: 79.15%, Valid: 79.42%, Test: 79.68%, Best Valid: 81.35%, Best Test: 81.93%
Epoch: 700, Loss: 0.0007, Train: 79.38%, Valid: 79.42%, Test: 79.90%, Best Valid: 81.35%, Best Test: 81.93%
Epoch: 800, Loss: 0.0006, Train: 79.32%, Valid: 79.31%, Test: 79.93%, Best Valid: 81.35%, Best Test: 81.93%
Epoch: 900, Loss: 0.0005, Train: 79.49%, Valid: 79.56%, Test: 80.15%, Best Valid: 81.35%, Best Test: 81.93%
Run 04:
Highest Train: 81.87
Highest Valid: 81.35
Highest Test: 82.04
Chosen epoch: 50
Final Train: 81.87
Final Test: 81.93
Label budget: 10/class -> 100 train nodes
Pre-training MLP for 500 epochs to generate co-occurrence matrix...
Penalty transform 'homophily': rel Frobenius dist to original = 0.2144, off-diag CV of original penalty = 0.2185
MLP pre-training complete. Penalty matrix frozen.
Epoch: 00, Loss: 4.4952, Train: 27.03%, Valid: 27.13%, Test: 27.88%, Best Valid: 27.13%, Best Test: 27.88%
Epoch: 100, Loss: 0.0792, Train: 77.29%, Valid: 77.67%, Test: 77.64%, Best Valid: 80.07%, Best Test: 80.63%
Epoch: 200, Loss: 0.0286, Train: 78.27%, Valid: 78.87%, Test: 79.03%, Best Valid: 80.55%, Best Test: 81.28%
Epoch: 300, Loss: 0.0993, Train: 77.12%, Valid: 77.82%, Test: 78.52%, Best Valid: 80.69%, Best Test: 81.35%
Epoch: 400, Loss: 0.0022, Train: 78.68%, Valid: 79.53%, Test: 80.41%, Best Valid: 80.69%, Best Test: 81.35%
Epoch: 500, Loss: 0.0008, Train: 78.68%, Valid: 79.64%, Test: 80.48%, Best Valid: 80.69%, Best Test: 81.35%
Epoch: 600, Loss: 0.0013, Train: 78.88%, Valid: 80.07%, Test: 80.66%, Best Valid: 80.69%, Best Test: 81.35%
Epoch: 700, Loss: 0.0004, Train: 78.74%, Valid: 79.67%, Test: 80.37%, Best Valid: 80.69%, Best Test: 81.35%
Epoch: 800, Loss: 0.0005, Train: 78.72%, Valid: 79.93%, Test: 80.44%, Best Valid: 80.69%, Best Test: 81.35%
Epoch: 900, Loss: 0.0005, Train: 78.90%, Valid: 80.04%, Test: 80.77%, Best Valid: 80.69%, Best Test: 81.35%
Run 05:
Highest Train: 80.52
Highest Valid: 80.69
Highest Test: 81.57
Chosen epoch: 222
Final Train: 79.92
Final Test: 81.35
Label budget: 10/class -> 100 train nodes
Pre-training MLP for 500 epochs to generate co-occurrence matrix...
Penalty transform 'homophily': rel Frobenius dist to original = 0.2316, off-diag CV of original penalty = 0.2360
MLP pre-training complete. Penalty matrix frozen.
Epoch: 00, Loss: 4.4745, Train: 15.62%, Valid: 16.00%, Test: 15.49%, Best Valid: 16.00%, Best Test: 15.49%
Epoch: 100, Loss: 0.0731, Train: 83.03%, Valid: 83.02%, Test: 84.48%, Best Valid: 83.09%, Best Test: 84.30%
Epoch: 200, Loss: 0.0147, Train: 75.00%, Valid: 74.44%, Test: 75.50%, Best Valid: 83.64%, Best Test: 85.35%
Epoch: 300, Loss: 0.0020, Train: 80.16%, Valid: 81.02%, Test: 82.84%, Best Valid: 83.64%, Best Test: 85.35%
Epoch: 400, Loss: 0.0784, Train: 76.74%, Valid: 77.71%, Test: 78.23%, Best Valid: 83.64%, Best Test: 85.35%
Epoch: 500, Loss: 0.0015, Train: 81.26%, Valid: 81.78%, Test: 83.46%, Best Valid: 83.64%, Best Test: 85.35%
Epoch: 600, Loss: 0.0005, Train: 81.46%, Valid: 81.85%, Test: 84.26%, Best Valid: 83.64%, Best Test: 85.35%
Epoch: 700, Loss: 0.0006, Train: 81.40%, Valid: 81.85%, Test: 83.97%, Best Valid: 83.64%, Best Test: 85.35%
Epoch: 800, Loss: 0.0004, Train: 81.34%, Valid: 81.89%, Test: 83.93%, Best Valid: 83.64%, Best Test: 85.35%
Epoch: 900, Loss: 0.0003, Train: 81.36%, Valid: 81.93%, Test: 84.01%, Best Valid: 83.64%, Best Test: 85.35%
Run 06:
Highest Train: 83.46
Highest Valid: 83.64
Highest Test: 85.46
Chosen epoch: 124
Final Train: 83.46
Final Test: 85.35
Label budget: 10/class -> 100 train nodes
Pre-training MLP for 500 epochs to generate co-occurrence matrix...
Penalty transform 'homophily': rel Frobenius dist to original = 0.1755, off-diag CV of original penalty = 0.1824
MLP pre-training complete. Penalty matrix frozen.
Epoch: 00, Loss: 4.2902, Train: 40.96%, Valid: 40.18%, Test: 41.62%, Best Valid: 40.18%, Best Test: 41.62%
Epoch: 100, Loss: 0.0728, Train: 81.81%, Valid: 82.25%, Test: 83.24%, Best Valid: 83.35%, Best Test: 84.95%
Epoch: 200, Loss: 0.0333, Train: 82.56%, Valid: 82.87%, Test: 84.11%, Best Valid: 83.35%, Best Test: 84.95%
Epoch: 300, Loss: 0.0034, Train: 81.98%, Valid: 82.47%, Test: 83.75%, Best Valid: 83.42%, Best Test: 83.86%
Epoch: 400, Loss: 0.0021, Train: 80.80%, Valid: 81.64%, Test: 82.33%, Best Valid: 83.42%, Best Test: 83.86%
Epoch: 500, Loss: 0.0010, Train: 81.07%, Valid: 81.93%, Test: 82.92%, Best Valid: 83.42%, Best Test: 83.86%
Epoch: 600, Loss: 0.0007, Train: 80.91%, Valid: 81.60%, Test: 82.52%, Best Valid: 83.42%, Best Test: 83.86%
Epoch: 700, Loss: 0.0007, Train: 80.95%, Valid: 81.60%, Test: 82.52%, Best Valid: 83.42%, Best Test: 83.86%
Epoch: 800, Loss: 0.0004, Train: 80.92%, Valid: 81.67%, Test: 82.70%, Best Valid: 83.42%, Best Test: 83.86%
Epoch: 900, Loss: 0.0006, Train: 81.00%, Valid: 81.85%, Test: 82.88%, Best Valid: 83.42%, Best Test: 83.86%
Run 07:
Highest Train: 83.24
Highest Valid: 83.42
Highest Test: 85.24
Chosen epoch: 259
Final Train: 82.50
Final Test: 83.86
Label budget: 10/class -> 100 train nodes
Pre-training MLP for 500 epochs to generate co-occurrence matrix...
Penalty transform 'homophily': rel Frobenius dist to original = 0.2174, off-diag CV of original penalty = 0.2226
MLP pre-training complete. Penalty matrix frozen.
Epoch: 00, Loss: 4.3974, Train: 39.83%, Valid: 38.69%, Test: 41.33%, Best Valid: 38.69%, Best Test: 41.33%
Epoch: 100, Loss: 0.5022, Train: 75.11%, Valid: 75.56%, Test: 77.54%, Best Valid: 83.60%, Best Test: 85.68%
Epoch: 200, Loss: 0.1919, Train: 80.39%, Valid: 81.31%, Test: 83.28%, Best Valid: 83.78%, Best Test: 85.79%
Epoch: 300, Loss: 0.1728, Train: 82.22%, Valid: 81.89%, Test: 84.62%, Best Valid: 83.78%, Best Test: 85.79%
Epoch: 400, Loss: 0.1389, Train: 80.91%, Valid: 81.09%, Test: 84.41%, Best Valid: 83.78%, Best Test: 85.79%
Epoch: 500, Loss: 0.0609, Train: 82.80%, Valid: 82.58%, Test: 85.10%, Best Valid: 83.78%, Best Test: 85.79%
Epoch: 600, Loss: 0.0317, Train: 82.50%, Valid: 82.15%, Test: 85.17%, Best Valid: 83.78%, Best Test: 85.79%
Epoch: 700, Loss: 0.0047, Train: 81.66%, Valid: 81.42%, Test: 84.66%, Best Valid: 83.78%, Best Test: 85.79%
Epoch: 800, Loss: 0.0031, Train: 82.17%, Valid: 81.45%, Test: 85.10%, Best Valid: 83.78%, Best Test: 85.79%
Epoch: 900, Loss: 0.0037, Train: 81.75%, Valid: 81.02%, Test: 84.37%, Best Valid: 83.78%, Best Test: 85.79%
Run 08:
Highest Train: 83.93
Highest Valid: 83.78
Highest Test: 86.33
Chosen epoch: 141
Final Train: 83.83
Final Test: 85.79
Label budget: 10/class -> 100 train nodes
Pre-training MLP for 500 epochs to generate co-occurrence matrix...
Penalty transform 'homophily': rel Frobenius dist to original = 0.2148, off-diag CV of original penalty = 0.2205
MLP pre-training complete. Penalty matrix frozen.
Epoch: 00, Loss: 4.5406, Train: 4.33%, Valid: 4.25%, Test: 4.43%, Best Valid: 4.25%, Best Test: 4.43%
Epoch: 100, Loss: 0.1289, Train: 70.88%, Valid: 70.65%, Test: 69.54%, Best Valid: 78.44%, Best Test: 78.04%
Epoch: 200, Loss: 0.0344, Train: 74.96%, Valid: 76.55%, Test: 76.52%, Best Valid: 78.44%, Best Test: 78.04%
Epoch: 300, Loss: 0.0116, Train: 75.22%, Valid: 76.47%, Test: 76.15%, Best Valid: 78.44%, Best Test: 78.04%
Epoch: 400, Loss: 0.0017, Train: 75.06%, Valid: 76.25%, Test: 76.59%, Best Valid: 78.44%, Best Test: 78.04%
Epoch: 500, Loss: 0.0006, Train: 75.35%, Valid: 76.36%, Test: 76.92%, Best Valid: 78.44%, Best Test: 78.04%
Epoch: 600, Loss: 0.0009, Train: 75.30%, Valid: 76.40%, Test: 76.52%, Best Valid: 78.44%, Best Test: 78.04%
Epoch: 700, Loss: 0.0004, Train: 75.24%, Valid: 76.25%, Test: 76.41%, Best Valid: 78.44%, Best Test: 78.04%
Epoch: 800, Loss: 0.0006, Train: 75.08%, Valid: 76.40%, Test: 76.15%, Best Valid: 78.44%, Best Test: 78.04%
Epoch: 900, Loss: 0.0008, Train: 75.15%, Valid: 76.22%, Test: 76.52%, Best Valid: 78.44%, Best Test: 78.04%
Run 09:
Highest Train: 77.25
Highest Valid: 78.44
Highest Test: 78.04
Chosen epoch: 68
Final Train: 77.25
Final Test: 78.04
Label budget: 10/class -> 100 train nodes
Pre-training MLP for 500 epochs to generate co-occurrence matrix...
Penalty transform 'homophily': rel Frobenius dist to original = 0.2276, off-diag CV of original penalty = 0.2267
MLP pre-training complete. Penalty matrix frozen.
Epoch: 00, Loss: 4.4715, Train: 2.04%, Valid: 2.62%, Test: 2.22%, Best Valid: 2.62%, Best Test: 2.22%
Epoch: 100, Loss: 0.1695, Train: 74.21%, Valid: 74.33%, Test: 74.01%, Best Valid: 75.53%, Best Test: 74.45%
Epoch: 200, Loss: 0.1780, Train: 71.09%, Valid: 71.67%, Test: 70.77%, Best Valid: 75.56%, Best Test: 75.39%
Epoch: 300, Loss: 0.2234, Train: 71.76%, Valid: 71.93%, Test: 72.63%, Best Valid: 76.47%, Best Test: 76.12%
Epoch: 400, Loss: 0.0070, Train: 73.32%, Valid: 74.98%, Test: 73.79%, Best Valid: 77.60%, Best Test: 77.17%
Epoch: 500, Loss: 0.0872, Train: 73.26%, Valid: 73.71%, Test: 73.65%, Best Valid: 77.60%, Best Test: 77.17%
Epoch: 600, Loss: 0.0012, Train: 73.77%, Valid: 74.62%, Test: 74.30%, Best Valid: 77.60%, Best Test: 77.17%
Epoch: 700, Loss: 0.0006, Train: 73.83%, Valid: 74.69%, Test: 74.37%, Best Valid: 77.60%, Best Test: 77.17%
Epoch: 800, Loss: 0.0005, Train: 73.89%, Valid: 74.91%, Test: 74.37%, Best Valid: 77.60%, Best Test: 77.17%
Epoch: 900, Loss: 0.0005, Train: 73.81%, Valid: 74.95%, Test: 74.41%, Best Valid: 77.60%, Best Test: 77.17%
Run 10:
Highest Train: 76.34
Highest Valid: 77.60
Highest Test: 77.17
Chosen epoch: 335
Final Train: 76.25
Final Test: 77.17
All runs:
Highest Train: 81.29 ± 2.60
Highest Test: 82.54 ± 3.08
Highest Valid: 81.48 ± 2.17
  Final Train: 81.07 ± 2.58
   Final Test: 82.26 ± 2.89
Saving results to results/lowlabel/amazon-computer/MPNN_gcn.csv
--- mlp_reg/homophily control | lambda=1.6 ---
Namespace(bn=False, budget_tag='10', cooc_file='', count_reg=False, count_smoothing=1.0, cpu=False, data_dir='./data/', dataset='amazon-computer', device=0, display_step=100, dropout=0.5, epochs=1000, gnn='gcn', hidden_channels=512, jk=False, label_num_per_class=20, lambda_val=1.6, ln=True, local_layers=3, lr=0.001, metric='acc', mlp_epochs=500, mlp_reg=True, model='MPNN', model_dir='models', num_heads=1, oracle_reg=False, paired_seeds=True, penalty_transform='homophily', pre_linear=False, pre_ln=False, rand_split=False, rand_split_class=False, reg_start_epoch=10, reg_update_freq=5, res=False, resample_split_per_run=False, result_dir='results/lowlabel', runs=10, save_model=False, seed=42, source_mode='keep', test_num=1000, train_per_class=10, train_prop=0.5, use_reg=True, valid_num=500, valid_per_class=0, valid_prop=0.25, weight_decay=5e-05, year_split=0)
amazon-computer
dataset amazon-computer | num nodes 13752 | num edge 491722 | num node feats 767 | num classes 10
MODEL: MPNNs(
  (h_lins): ModuleList()
  (local_convs): ModuleList(
    (0): GCNConv(767, 512)
    (1): GCNConv(512, 512)
    (2): GCNConv(512, 512)
  )
  (lins): ModuleList(
    (0): Linear(in_features=767, out_features=512, bias=True)
    (1): Linear(in_features=512, out_features=512, bias=True)
    (2): Linear(in_features=512, out_features=512, bias=True)
  )
  (lns): ModuleList(
    (0): LayerNorm((512,), eps=1e-05, elementwise_affine=True)
    (1): LayerNorm((512,), eps=1e-05, elementwise_affine=True)
    (2): LayerNorm((512,), eps=1e-05, elementwise_affine=True)
  )
  (bns): ModuleList(
    (0): BatchNorm1d(512, eps=1e-05, momentum=0.1, affine=True, track_running_stats=True)
    (1): BatchNorm1d(512, eps=1e-05, momentum=0.1, affine=True, track_running_stats=True)
    (2): BatchNorm1d(512, eps=1e-05, momentum=0.1, affine=True, track_running_stats=True)
  )
  (lin_in): Linear(in_features=767, out_features=512, bias=True)
  (pred_local): Linear(in_features=512, out_features=10, bias=True)
)
Label budget: 10/class -> 100 train nodes
Pre-training MLP for 500 epochs to generate co-occurrence matrix...
Penalty transform 'homophily': rel Frobenius dist to original = 0.1945, off-diag CV of original penalty = 0.1994
MLP pre-training complete. Penalty matrix frozen.
Epoch: 00, Loss: 6.5383, Train: 5.16%, Valid: 5.49%, Test: 5.89%, Best Valid: 5.49%, Best Test: 5.89%
Epoch: 100, Loss: 0.2753, Train: 75.24%, Valid: 75.82%, Test: 77.21%, Best Valid: 83.60%, Best Test: 84.33%
Epoch: 200, Loss: 0.1135, Train: 79.11%, Valid: 79.27%, Test: 80.66%, Best Valid: 83.60%, Best Test: 84.33%
Epoch: 300, Loss: 0.0029, Train: 79.38%, Valid: 80.51%, Test: 80.95%, Best Valid: 83.60%, Best Test: 84.33%
Epoch: 400, Loss: 0.0015, Train: 79.48%, Valid: 80.80%, Test: 81.13%, Best Valid: 83.60%, Best Test: 84.33%
Epoch: 500, Loss: 0.0011, Train: 79.04%, Valid: 80.44%, Test: 80.77%, Best Valid: 83.60%, Best Test: 84.33%
Epoch: 600, Loss: 0.0009, Train: 79.11%, Valid: 80.40%, Test: 80.92%, Best Valid: 83.60%, Best Test: 84.33%
Epoch: 700, Loss: 0.0008, Train: 79.41%, Valid: 80.69%, Test: 81.35%, Best Valid: 83.60%, Best Test: 84.33%
Epoch: 800, Loss: 0.0010, Train: 79.11%, Valid: 80.58%, Test: 81.10%, Best Valid: 83.60%, Best Test: 84.33%
Epoch: 900, Loss: 0.0007, Train: 79.24%, Valid: 80.76%, Test: 81.28%, Best Valid: 83.60%, Best Test: 84.33%
Run 01:
Highest Train: 83.38
Highest Valid: 83.60
Highest Test: 84.91
Chosen epoch: 95
Final Train: 82.63
Final Test: 84.33
Label budget: 10/class -> 100 train nodes
Pre-training MLP for 500 epochs to generate co-occurrence matrix...
Penalty transform 'homophily': rel Frobenius dist to original = 0.1940, off-diag CV of original penalty = 0.1962
MLP pre-training complete. Penalty matrix frozen.
Epoch: 00, Loss: 6.0572, Train: 27.57%, Valid: 26.22%, Test: 26.72%, Best Valid: 26.22%, Best Test: 26.72%
Epoch: 100, Loss: 0.0746, Train: 79.14%, Valid: 78.76%, Test: 79.75%, Best Valid: 80.58%, Best Test: 81.50%
Epoch: 200, Loss: 1.1885, Train: 77.81%, Valid: 77.13%, Test: 78.23%, Best Valid: 80.58%, Best Test: 81.50%
Epoch: 300, Loss: 0.0233, Train: 79.38%, Valid: 78.80%, Test: 80.23%, Best Valid: 81.05%, Best Test: 80.92%
Epoch: 400, Loss: 0.0023, Train: 75.47%, Valid: 76.36%, Test: 75.86%, Best Valid: 81.05%, Best Test: 80.92%
Epoch: 500, Loss: 0.0011, Train: 76.80%, Valid: 77.35%, Test: 77.21%, Best Valid: 81.05%, Best Test: 80.92%
Epoch: 600, Loss: 0.0013, Train: 76.97%, Valid: 77.38%, Test: 77.28%, Best Valid: 81.05%, Best Test: 80.92%
Epoch: 700, Loss: 0.0006, Train: 76.57%, Valid: 76.95%, Test: 76.81%, Best Valid: 81.05%, Best Test: 80.92%
Epoch: 800, Loss: 0.0009, Train: 76.10%, Valid: 76.58%, Test: 76.41%, Best Valid: 81.05%, Best Test: 80.92%
Epoch: 900, Loss: 0.0005, Train: 76.65%, Valid: 77.13%, Test: 76.74%, Best Valid: 81.05%, Best Test: 80.92%
Run 02:
Highest Train: 81.00
Highest Valid: 81.05
Highest Test: 81.50
Chosen epoch: 262
Final Train: 80.69
Final Test: 80.92
Label budget: 10/class -> 100 train nodes
Pre-training MLP for 500 epochs to generate co-occurrence matrix...
Penalty transform 'homophily': rel Frobenius dist to original = 0.1754, off-diag CV of original penalty = 0.1815
MLP pre-training complete. Penalty matrix frozen.
Epoch: 00, Loss: 6.1977, Train: 15.74%, Valid: 16.22%, Test: 14.69%, Best Valid: 16.22%, Best Test: 14.69%
Epoch: 100, Loss: 0.0301, Train: 80.49%, Valid: 80.15%, Test: 81.72%, Best Valid: 82.55%, Best Test: 83.72%
Epoch: 200, Loss: 0.0041, Train: 81.07%, Valid: 80.84%, Test: 82.12%, Best Valid: 82.55%, Best Test: 83.72%
Epoch: 300, Loss: 0.0024, Train: 81.15%, Valid: 81.02%, Test: 82.33%, Best Valid: 82.55%, Best Test: 83.72%
Epoch: 400, Loss: 0.0014, Train: 81.69%, Valid: 81.49%, Test: 82.73%, Best Valid: 82.55%, Best Test: 83.72%
Epoch: 500, Loss: 0.0011, Train: 81.25%, Valid: 81.71%, Test: 82.22%, Best Valid: 82.55%, Best Test: 83.72%
Epoch: 600, Loss: 0.0009, Train: 82.16%, Valid: 82.15%, Test: 83.21%, Best Valid: 82.55%, Best Test: 83.72%
Epoch: 700, Loss: 0.0011, Train: 82.01%, Valid: 81.93%, Test: 82.92%, Best Valid: 82.55%, Best Test: 83.72%
Epoch: 800, Loss: 0.0009, Train: 81.89%, Valid: 81.85%, Test: 82.77%, Best Valid: 82.55%, Best Test: 83.72%
Epoch: 900, Loss: 0.0007, Train: 82.12%, Valid: 81.85%, Test: 83.06%, Best Valid: 82.55%, Best Test: 83.72%
Run 03:
Highest Train: 82.62
Highest Valid: 82.55
Highest Test: 83.75
Chosen epoch: 61
Final Train: 82.62
Final Test: 83.72
Label budget: 10/class -> 100 train nodes
Pre-training MLP for 500 epochs to generate co-occurrence matrix...
Penalty transform 'homophily': rel Frobenius dist to original = 0.1918, off-diag CV of original penalty = 0.1927
MLP pre-training complete. Penalty matrix frozen.
Epoch: 00, Loss: 6.4953, Train: 18.94%, Valid: 19.31%, Test: 19.59%, Best Valid: 19.31%, Best Test: 19.59%
Epoch: 100, Loss: 0.0353, Train: 75.82%, Valid: 76.07%, Test: 77.06%, Best Valid: 81.60%, Best Test: 81.90%
Epoch: 200, Loss: 0.0037, Train: 78.97%, Valid: 78.47%, Test: 79.86%, Best Valid: 81.60%, Best Test: 81.90%
Epoch: 300, Loss: 0.0025, Train: 79.31%, Valid: 78.98%, Test: 79.97%, Best Valid: 81.60%, Best Test: 81.90%
Epoch: 400, Loss: 0.0012, Train: 78.11%, Valid: 77.96%, Test: 79.03%, Best Valid: 81.60%, Best Test: 81.90%
Epoch: 500, Loss: 0.0011, Train: 78.51%, Valid: 77.93%, Test: 79.39%, Best Valid: 81.60%, Best Test: 81.90%
Epoch: 600, Loss: 0.0007, Train: 78.39%, Valid: 78.33%, Test: 79.21%, Best Valid: 81.60%, Best Test: 81.90%
Epoch: 700, Loss: 0.0009, Train: 78.32%, Valid: 78.33%, Test: 79.46%, Best Valid: 81.60%, Best Test: 81.90%
Epoch: 800, Loss: 0.0009, Train: 78.49%, Valid: 78.55%, Test: 79.39%, Best Valid: 81.60%, Best Test: 81.90%
Epoch: 900, Loss: 0.0007, Train: 78.65%, Valid: 78.62%, Test: 79.28%, Best Valid: 81.60%, Best Test: 81.90%
Run 04:
Highest Train: 81.81
Highest Valid: 81.60
Highest Test: 83.50
Chosen epoch: 77
Final Train: 81.42
Final Test: 81.90
Label budget: 10/class -> 100 train nodes
Pre-training MLP for 500 epochs to generate co-occurrence matrix...
Penalty transform 'homophily': rel Frobenius dist to original = 0.2144, off-diag CV of original penalty = 0.2185
MLP pre-training complete. Penalty matrix frozen.
Epoch: 00, Loss: 6.4930, Train: 24.62%, Valid: 24.98%, Test: 24.68%, Best Valid: 24.98%, Best Test: 24.68%
Epoch: 100, Loss: 0.1492, Train: 77.30%, Valid: 78.15%, Test: 79.50%, Best Valid: 80.80%, Best Test: 81.06%
Epoch: 200, Loss: 0.0035, Train: 79.47%, Valid: 80.47%, Test: 81.21%, Best Valid: 81.13%, Best Test: 82.19%
Epoch: 300, Loss: 0.0026, Train: 79.35%, Valid: 80.15%, Test: 80.99%, Best Valid: 81.60%, Best Test: 82.41%
Epoch: 400, Loss: 13.8337, Train: 10.62%, Valid: 9.53%, Test: 10.03%, Best Valid: 81.60%, Best Test: 82.41%
Epoch: 500, Loss: 0.1818, Train: 77.49%, Valid: 78.18%, Test: 79.10%, Best Valid: 81.60%, Best Test: 82.41%
Epoch: 600, Loss: 0.2827, Train: 79.88%, Valid: 79.35%, Test: 80.81%, Best Valid: 81.60%, Best Test: 82.41%
Epoch: 700, Loss: 0.5339, Train: 78.61%, Valid: 79.82%, Test: 80.48%, Best Valid: 81.60%, Best Test: 82.41%
Epoch: 800, Loss: 0.0158, Train: 79.43%, Valid: 79.85%, Test: 81.61%, Best Valid: 81.60%, Best Test: 82.41%
Epoch: 900, Loss: 0.0026, Train: 79.88%, Valid: 80.11%, Test: 81.75%, Best Valid: 81.60%, Best Test: 82.41%
Run 05:
Highest Train: 81.03
Highest Valid: 81.60
Highest Test: 82.52
Chosen epoch: 276
Final Train: 81.03
Final Test: 82.41
Label budget: 10/class -> 100 train nodes
Pre-training MLP for 500 epochs to generate co-occurrence matrix...
Penalty transform 'homophily': rel Frobenius dist to original = 0.2316, off-diag CV of original penalty = 0.2360
MLP pre-training complete. Penalty matrix frozen.
Epoch: 00, Loss: 6.4631, Train: 15.55%, Valid: 16.00%, Test: 15.41%, Best Valid: 16.00%, Best Test: 15.41%
Epoch: 100, Loss: 0.1542, Train: 80.46%, Valid: 80.95%, Test: 82.66%, Best Valid: 83.56%, Best Test: 83.93%
Epoch: 200, Loss: 0.0048, Train: 81.35%, Valid: 82.00%, Test: 83.75%, Best Valid: 83.85%, Best Test: 84.22%
Epoch: 300, Loss: 0.0535, Train: 79.20%, Valid: 79.82%, Test: 81.06%, Best Valid: 83.85%, Best Test: 84.22%
Epoch: 400, Loss: 0.0265, Train: 81.67%, Valid: 82.65%, Test: 83.86%, Best Valid: 84.29%, Best Test: 86.19%
Epoch: 500, Loss: 0.0022, Train: 81.30%, Valid: 81.71%, Test: 84.15%, Best Valid: 84.29%, Best Test: 86.19%
Epoch: 600, Loss: 0.0009, Train: 81.63%, Valid: 82.07%, Test: 84.37%, Best Valid: 84.29%, Best Test: 86.19%
Epoch: 700, Loss: 0.0017, Train: 81.36%, Valid: 81.56%, Test: 84.30%, Best Valid: 84.29%, Best Test: 86.19%
Epoch: 800, Loss: 0.0007, Train: 81.58%, Valid: 81.96%, Test: 84.48%, Best Valid: 84.29%, Best Test: 86.19%
Epoch: 900, Loss: 0.0007, Train: 81.58%, Valid: 81.96%, Test: 84.51%, Best Valid: 84.29%, Best Test: 86.19%
Run 06:
Highest Train: 84.40
Highest Valid: 84.29
Highest Test: 86.40
Chosen epoch: 338
Final Train: 84.12
Final Test: 86.19
Label budget: 10/class -> 100 train nodes
Pre-training MLP for 500 epochs to generate co-occurrence matrix...
Penalty transform 'homophily': rel Frobenius dist to original = 0.1755, off-diag CV of original penalty = 0.1824
MLP pre-training complete. Penalty matrix frozen.
Epoch: 00, Loss: 6.1970, Train: 46.39%, Valid: 45.45%, Test: 46.89%, Best Valid: 45.45%, Best Test: 46.89%
Epoch: 100, Loss: 0.1023, Train: 80.88%, Valid: 81.60%, Test: 82.99%, Best Valid: 83.75%, Best Test: 85.13%
Epoch: 200, Loss: 0.0498, Train: 82.51%, Valid: 82.76%, Test: 83.50%, Best Valid: 83.75%, Best Test: 85.13%
Epoch: 300, Loss: 0.0905, Train: 82.07%, Valid: 82.76%, Test: 83.61%, Best Valid: 83.75%, Best Test: 85.13%
Epoch: 400, Loss: 0.0049, Train: 81.57%, Valid: 82.15%, Test: 83.39%, Best Valid: 83.75%, Best Test: 85.13%
Epoch: 500, Loss: 0.0019, Train: 81.77%, Valid: 82.07%, Test: 83.46%, Best Valid: 83.75%, Best Test: 85.13%
Epoch: 600, Loss: 0.0013, Train: 81.23%, Valid: 81.85%, Test: 82.88%, Best Valid: 83.75%, Best Test: 85.13%
Epoch: 700, Loss: 0.0009, Train: 81.41%, Valid: 81.89%, Test: 83.10%, Best Valid: 83.75%, Best Test: 85.13%
Epoch: 800, Loss: 0.0008, Train: 81.52%, Valid: 82.07%, Test: 83.17%, Best Valid: 83.75%, Best Test: 85.13%
Epoch: 900, Loss: 0.0007, Train: 81.46%, Valid: 81.82%, Test: 83.06%, Best Valid: 83.75%, Best Test: 85.13%
Run 07:
Highest Train: 83.53
Highest Valid: 83.75
Highest Test: 85.57
Chosen epoch: 71
Final Train: 83.17
Final Test: 85.13
Label budget: 10/class -> 100 train nodes
Pre-training MLP for 500 epochs to generate co-occurrence matrix...
Penalty transform 'homophily': rel Frobenius dist to original = 0.2174, off-diag CV of original penalty = 0.2226
MLP pre-training complete. Penalty matrix frozen.
Epoch: 00, Loss: 6.3518, Train: 40.08%, Valid: 38.87%, Test: 41.55%, Best Valid: 38.87%, Best Test: 41.55%
Epoch: 100, Loss: 0.2375, Train: 83.34%, Valid: 82.40%, Test: 85.17%, Best Valid: 84.00%, Best Test: 86.19%
Epoch: 200, Loss: 0.1996, Train: 82.55%, Valid: 82.80%, Test: 85.13%, Best Valid: 84.00%, Best Test: 86.19%
Epoch: 300, Loss: 0.2074, Train: 83.53%, Valid: 83.60%, Test: 85.75%, Best Valid: 84.00%, Best Test: 86.19%
Epoch: 400, Loss: 0.1367, Train: 82.58%, Valid: 82.07%, Test: 85.06%, Best Valid: 84.00%, Best Test: 86.19%
Epoch: 500, Loss: 0.1117, Train: 81.42%, Valid: 81.67%, Test: 84.08%, Best Valid: 84.00%, Best Test: 86.19%
Epoch: 600, Loss: 0.0577, Train: 82.27%, Valid: 81.49%, Test: 84.19%, Best Valid: 84.00%, Best Test: 86.19%
Epoch: 700, Loss: 0.0405, Train: 82.11%, Valid: 82.25%, Test: 84.51%, Best Valid: 84.00%, Best Test: 86.19%
Epoch: 800, Loss: 0.0079, Train: 82.09%, Valid: 81.24%, Test: 84.95%, Best Valid: 84.00%, Best Test: 86.19%
Epoch: 900, Loss: 0.0016, Train: 82.50%, Valid: 82.29%, Test: 84.88%, Best Valid: 84.00%, Best Test: 86.19%
Run 08:
Highest Train: 84.26
Highest Valid: 84.00
Highest Test: 86.26
Chosen epoch: 77
Final Train: 84.26
Final Test: 86.19
Label budget: 10/class -> 100 train nodes
Pre-training MLP for 500 epochs to generate co-occurrence matrix...
Penalty transform 'homophily': rel Frobenius dist to original = 0.2148, off-diag CV of original penalty = 0.2205
MLP pre-training complete. Penalty matrix frozen.
Epoch: 00, Loss: 6.5586, Train: 5.19%, Valid: 5.16%, Test: 5.60%, Best Valid: 5.16%, Best Test: 5.60%
Epoch: 100, Loss: 0.1090, Train: 75.99%, Valid: 77.71%, Test: 76.66%, Best Valid: 79.96%, Best Test: 80.41%
Epoch: 200, Loss: 0.0382, Train: 76.40%, Valid: 77.24%, Test: 78.04%, Best Valid: 79.96%, Best Test: 80.41%
Epoch: 300, Loss: 0.0100, Train: 76.06%, Valid: 77.20%, Test: 77.43%, Best Valid: 79.96%, Best Test: 80.41%
Epoch: 400, Loss: 0.0019, Train: 76.43%, Valid: 77.89%, Test: 78.23%, Best Valid: 79.96%, Best Test: 80.41%
Epoch: 500, Loss: 0.0007, Train: 76.63%, Valid: 77.82%, Test: 78.44%, Best Valid: 79.96%, Best Test: 80.41%
Epoch: 600, Loss: 0.0008, Train: 76.60%, Valid: 77.82%, Test: 78.37%, Best Valid: 79.96%, Best Test: 80.41%
Epoch: 700, Loss: 0.0004, Train: 76.58%, Valid: 77.85%, Test: 78.66%, Best Valid: 79.96%, Best Test: 80.41%
Epoch: 800, Loss: 0.0008, Train: 76.62%, Valid: 77.67%, Test: 78.37%, Best Valid: 79.96%, Best Test: 80.41%
Epoch: 900, Loss: 0.0012, Train: 76.52%, Valid: 77.67%, Test: 78.19%, Best Valid: 79.96%, Best Test: 80.41%
Run 09:
Highest Train: 78.66
Highest Valid: 79.96
Highest Test: 80.41
Chosen epoch: 42
Final Train: 78.66
Final Test: 80.41
Label budget: 10/class -> 100 train nodes
Pre-training MLP for 500 epochs to generate co-occurrence matrix...
Penalty transform 'homophily': rel Frobenius dist to original = 0.2276, off-diag CV of original penalty = 0.2267
MLP pre-training complete. Penalty matrix frozen.
Epoch: 00, Loss: 6.4588, Train: 1.98%, Valid: 2.55%, Test: 2.18%, Best Valid: 2.55%, Best Test: 2.18%
Epoch: 100, Loss: 0.1965, Train: 73.25%, Valid: 74.04%, Test: 72.85%, Best Valid: 74.04%, Best Test: 73.83%
Epoch: 200, Loss: 0.3539, Train: 68.40%, Valid: 68.98%, Test: 68.63%, Best Valid: 76.18%, Best Test: 76.01%
Epoch: 300, Loss: 0.5079, Train: 73.98%, Valid: 74.22%, Test: 73.68%, Best Valid: 76.18%, Best Test: 76.01%
Epoch: 400, Loss: 0.0365, Train: 72.83%, Valid: 73.05%, Test: 72.45%, Best Valid: 76.18%, Best Test: 76.01%
Epoch: 500, Loss: 0.0126, Train: 73.17%, Valid: 74.00%, Test: 73.10%, Best Valid: 76.18%, Best Test: 76.01%
Epoch: 600, Loss: 0.0018, Train: 73.45%, Valid: 74.00%, Test: 73.54%, Best Valid: 76.18%, Best Test: 76.01%
Epoch: 700, Loss: 0.0013, Train: 73.39%, Valid: 74.18%, Test: 73.68%, Best Valid: 76.18%, Best Test: 76.01%
Epoch: 800, Loss: 0.0009, Train: 73.59%, Valid: 74.11%, Test: 73.65%, Best Valid: 76.18%, Best Test: 76.01%
Epoch: 900, Loss: 0.0008, Train: 73.43%, Valid: 73.82%, Test: 73.72%, Best Valid: 76.18%, Best Test: 76.01%
Run 10:
Highest Train: 75.83
Highest Valid: 76.18
Highest Test: 76.84
Chosen epoch: 127
Final Train: 75.64
Final Test: 76.01
All runs:
Highest Train: 81.65 ± 2.70
Highest Test: 83.17 ± 2.98
Highest Valid: 81.86 ± 2.45
  Final Train: 81.42 ± 2.65
   Final Test: 82.72 ± 3.12
Saving results to results/lowlabel/amazon-computer/MPNN_gcn.csv
Low-label sweep completed.
Task 49 done.
