Sat Aug  8 01:24:05 2026       
+-----------------------------------------------------------------------------------------+
| NVIDIA-SMI 580.159.04             Driver Version: 580.159.04     CUDA Version: 13.0     |
+-----------------------------------------+------------------------+----------------------+
| GPU  Name                 Persistence-M | Bus-Id          Disp.A | Volatile Uncorr. ECC |
| Fan  Temp   Perf          Pwr:Usage/Cap |           Memory-Usage | GPU-Util  Compute M. |
|                                         |                        |               MIG M. |
|=========================================+========================+======================|
|   0  NVIDIA A100-SXM4-80GB          On  |   00000000:01:00.0 Off |                   On |
| N/A   55C    P0            254W /  500W |   43843MiB /  81920MiB |     N/A      Default |
|                                         |                        |              Enabled |
+-----------------------------------------+------------------------+----------------------+
|   1  NVIDIA A100-SXM4-80GB          On  |   00000000:41:00.0 Off |                   On |
| N/A   39C    P0            147W /  500W |   28757MiB /  81920MiB |     N/A      Default |
|                                         |                        |              Enabled |
+-----------------------------------------+------------------------+----------------------+
|   2  NVIDIA A100-SXM4-80GB          On  |   00000000:81:00.0 Off |                   On |
| N/A   45C    P0            181W /  500W |   37221MiB /  81920MiB |     N/A      Default |
|                                         |                        |              Enabled |
+-----------------------------------------+------------------------+----------------------+
|   3  NVIDIA A100-SXM4-80GB          On  |   00000000:C1:00.0 Off |                   On |
| N/A   47C    P0            255W /  500W |   46076MiB /  81920MiB |     N/A      Default |
|                                         |                        |              Enabled |
+-----------------------------------------+------------------------+----------------------+

+-----------------------------------------------------------------------------------------+
| MIG devices:                                                                            |
+------------------+----------------------------------+-----------+-----------------------+
| GPU  GI  CI  MIG |              Shared Memory-Usage |        Vol|        Shared         |
|      ID  ID  Dev |                Shared BAR1-Usage | SM     Unc| CE ENC  DEC  OFA  JPG |
|                  |                                  |        ECC|                       |
|==================+==================================+===========+=======================|
|  1    3   0   0  |              71MiB / 19968MiB    | 28      0 |  2   0    1    0    0 |
|                  |               0MiB / 12271MiB    |           |                       |
+------------------+----------------------------------+-----------+-----------------------+

+-----------------------------------------------------------------------------------------+
| Processes:                                                                              |
|  GPU   GI   CI              PID   Type   Process name                        GPU Memory |
|        ID   ID                                                               Usage      |
|=========================================================================================|
|    0    1    0           802667      C   ....conda/envs/lmflow/bin/python      30432MiB |
|    0   14    0           826223      C   ...ware/symmetrix-env/bin/python        754MiB |
|    0   13    0           826227      C   ...ware/symmetrix-env/bin/python        722MiB |
|    0    5    0          1480773      C   python                                11654MiB |
|    2    2    0           802664      C   ....conda/envs/lmflow/bin/python      34908MiB |
|    2    9    0           826228      C   ...ware/symmetrix-env/bin/python        962MiB |
|    2   10    0           826229      C   ...ware/symmetrix-env/bin/python       1046MiB |
|    3    1    0          1364789      C   python                                39270MiB |
|    3    5    0          1463018      C   python                                 6540MiB |
+-----------------------------------------------------------------------------------------+
Cell: wikics / polynormer / budget 20 per class / group 3
python main.py --model polynormer --dataset wikics --hidden_channels 512 --local_epochs 100 --global_epochs 1000 --lr 0.001 --runs 10 --local_layers 7 --global_layers 2 --weight_decay 0.0 --dropout 0.5 --in_dropout 0.5 --num_heads 1 --save_model --device 0 --model_dir models/lowlabel_1161133_293 --train_per_class 20 --budget_tag 20
==========================================================
Low-label sweep: python main.py --model polynormer --dataset wikics --hidden_channels 512 --local_epochs 100 --global_epochs 1000 --lr 0.001 --runs 10 --local_layers 7 --global_layers 2 --weight_decay 0.0 --dropout 0.5 --in_dropout 0.5 --num_heads 1 --save_model --device 0 --model_dir models/lowlabel_1161133_293 --train_per_class 20 --budget_tag 20
result_dir=../results/lowlabel conditions=[oracle]
==========================================================
--- oracle_reg | lambda=0.01 ---
Namespace(aggregate='add', alpha=0.5, attention='gcn', beta=-1.0, bn=False, budget_tag='20', count_reg=False, count_smoothing=1.0, cpu=False, data_dir='../data/', dataset='wikics', device=0, dim_inner=512, display_step=100, dropout=0.5, epochs=500, global_dropout=None, global_epochs=1000, global_layers=2, gnn='gcn', graph_weight=0.8, hidden_channels=512, hops=10, in_dropout=0.5, jk=False, label_num_per_class=20, lambda_val=0.01, layers=1, ln=False, local_epochs=100, local_gnn_type='GCN', local_layers=7, lr=0.001, metric='acc', mlp_epochs=500, mlp_reg=False, model='polynormer', model_dir='models/lowlabel_1161133_293', n_heads=1, num_centroids=4096, num_heads=1, oracle_reg=True, paired_seeds=True, pe_types='RWSE', penalty_transform='none', pre_linear=False, pre_ln=False, rand_split=False, rand_split_class=False, reg_start_epoch=10, reg_update_freq=5, res=False, resample_split_per_run=False, result_dir='../results/lowlabel', runs=10, save_model=True, save_result=False, seed=42, test_num=1000, tr_dropout=None, tr_layers=1, tr_weight_decay=None, train_per_class=20, train_prop=0.5, use_act=False, use_bn=False, use_graph=False, use_reg=True, use_residual=False, use_weight=False, valid_num=500, valid_per_class=0, valid_prop=0.25, weight_decay=0.0)
wikics
dataset wikics | num nodes 11701 | num edge 431726 | num node feats 300 | num classes 10
MODEL: Polynormer(
  (h_lins): ModuleList(
    (0): Linear(in_features=512, out_features=512, bias=True)
    (1): Linear(in_features=512, out_features=512, bias=True)
    (2): Linear(in_features=512, out_features=512, bias=True)
    (3): Linear(in_features=512, out_features=512, bias=True)
    (4): Linear(in_features=512, out_features=512, bias=True)
    (5): Linear(in_features=512, out_features=512, bias=True)
    (6): Linear(in_features=512, out_features=512, bias=True)
  )
  (local_convs): ModuleList(
    (0): GATConv(512, 512, heads=1)
    (1): GATConv(512, 512, heads=1)
    (2): GATConv(512, 512, heads=1)
    (3): GATConv(512, 512, heads=1)
    (4): GATConv(512, 512, heads=1)
    (5): GATConv(512, 512, heads=1)
    (6): GATConv(512, 512, heads=1)
  )
  (lins): ModuleList(
    (0): Linear(in_features=512, out_features=512, bias=True)
    (1): Linear(in_features=512, out_features=512, bias=True)
    (2): Linear(in_features=512, out_features=512, bias=True)
    (3): Linear(in_features=512, out_features=512, bias=True)
    (4): Linear(in_features=512, out_features=512, bias=True)
    (5): Linear(in_features=512, out_features=512, bias=True)
    (6): Linear(in_features=512, out_features=512, bias=True)
  )
  (lns): ModuleList(
    (0): LayerNorm((512,), eps=1e-05, elementwise_affine=True)
    (1): LayerNorm((512,), eps=1e-05, elementwise_affine=True)
    (2): LayerNorm((512,), eps=1e-05, elementwise_affine=True)
    (3): LayerNorm((512,), eps=1e-05, elementwise_affine=True)
    (4): LayerNorm((512,), eps=1e-05, elementwise_affine=True)
    (5): LayerNorm((512,), eps=1e-05, elementwise_affine=True)
    (6): LayerNorm((512,), eps=1e-05, elementwise_affine=True)
  )
  (lin_in): Linear(in_features=300, out_features=512, bias=True)
  (ln): LayerNorm((512,), eps=1e-05, elementwise_affine=True)
  (global_attn): GlobalAttn(
    (h_lins): ModuleList(
      (0): Linear(in_features=512, out_features=512, bias=True)
      (1): Linear(in_features=512, out_features=512, bias=True)
    )
    (k_lins): ModuleList(
      (0): Linear(in_features=512, out_features=512, bias=True)
      (1): Linear(in_features=512, out_features=512, bias=True)
    )
    (v_lins): ModuleList(
      (0): Linear(in_features=512, out_features=512, bias=True)
      (1): Linear(in_features=512, out_features=512, bias=True)
    )
    (lns): ModuleList(
      (0): LayerNorm((512,), eps=1e-05, elementwise_affine=True)
      (1): LayerNorm((512,), eps=1e-05, elementwise_affine=True)
    )
    (lin_out): Linear(in_features=512, out_features=512, bias=True)
  )
  (pred_local): Linear(in_features=512, out_features=10, bias=True)
  (pred_global): Linear(in_features=512, out_features=10, bias=True)
)
Label budget: 20/class -> 194 train nodes
Computing oracle penalty matrix from true labels...
Oracle penalty matrix frozen.
Epoch: 00, Loss: 2.8789, Train: 16.21%, Valid: 16.80%, Test: 16.91%, Best Valid: 16.80%, Best Test: 16.91%
Switching Polynormer to global attention phase.
Epoch: 100, Loss: 2.3403, Train: 7.59%, Valid: 8.49%, Test: 9.03%, Best Valid: 75.41%, Best Test: 74.38%
Epoch: 200, Loss: 0.1905, Train: 79.14%, Valid: 71.90%, Test: 71.42%, Best Valid: 76.11%, Best Test: 75.00%
Epoch: 300, Loss: 0.1799, Train: 81.38%, Valid: 72.45%, Test: 72.26%, Best Valid: 77.04%, Best Test: 77.08%
Epoch: 400, Loss: 0.1523, Train: 81.21%, Valid: 72.41%, Test: 71.80%, Best Valid: 77.04%, Best Test: 77.08%
Epoch: 500, Loss: 0.0274, Train: 80.17%, Valid: 73.00%, Test: 72.70%, Best Valid: 77.04%, Best Test: 77.08%
Epoch: 600, Loss: 0.0379, Train: 82.59%, Valid: 73.40%, Test: 73.03%, Best Valid: 77.04%, Best Test: 77.08%
Epoch: 700, Loss: 0.0412, Train: 81.90%, Valid: 72.85%, Test: 72.38%, Best Valid: 77.04%, Best Test: 77.08%
Epoch: 800, Loss: 0.0563, Train: 80.86%, Valid: 72.34%, Test: 72.02%, Best Valid: 77.04%, Best Test: 77.08%
Epoch: 900, Loss: 0.0414, Train: 82.59%, Valid: 73.40%, Test: 73.82%, Best Valid: 77.04%, Best Test: 77.08%
Epoch: 1000, Loss: 0.0061, Train: 82.24%, Valid: 74.90%, Test: 74.93%, Best Valid: 77.04%, Best Test: 77.08%
Run 01:
Highest Train: 85.86
Highest Valid: 77.04
Highest Test: 77.08
Chosen epoch: 238
Final Train: 83.97
Final Test: 77.08
Label budget: 20/class -> 194 train nodes
Computing oracle penalty matrix from true labels...
Oracle penalty matrix frozen.
Epoch: 00, Loss: 2.7653, Train: 23.10%, Valid: 23.02%, Test: 23.14%, Best Valid: 23.02%, Best Test: 23.14%
Switching Polynormer to global attention phase.
Epoch: 100, Loss: 2.3454, Train: 10.34%, Valid: 9.78%, Test: 9.83%, Best Valid: 74.18%, Best Test: 72.76%
Epoch: 200, Loss: 0.2107, Train: 80.86%, Valid: 75.67%, Test: 74.19%, Best Valid: 76.77%, Best Test: 75.30%
Epoch: 300, Loss: 0.1066, Train: 79.31%, Valid: 74.06%, Test: 73.05%, Best Valid: 76.77%, Best Test: 75.30%
Epoch: 400, Loss: 0.1512, Train: 79.83%, Valid: 72.85%, Test: 71.78%, Best Valid: 76.77%, Best Test: 75.30%
Epoch: 500, Loss: 0.2512, Train: 81.72%, Valid: 75.12%, Test: 73.75%, Best Valid: 76.77%, Best Test: 75.30%
Epoch: 600, Loss: 0.1530, Train: 80.00%, Valid: 71.14%, Test: 70.48%, Best Valid: 76.77%, Best Test: 75.30%
Epoch: 700, Loss: 0.0326, Train: 81.72%, Valid: 74.52%, Test: 73.92%, Best Valid: 76.77%, Best Test: 75.30%
Epoch: 800, Loss: 0.0759, Train: 80.86%, Valid: 74.91%, Test: 73.64%, Best Valid: 76.77%, Best Test: 75.30%
Epoch: 900, Loss: 0.1055, Train: 80.00%, Valid: 72.47%, Test: 71.44%, Best Valid: 76.77%, Best Test: 75.30%
Epoch: 1000, Loss: 0.0192, Train: 77.93%, Valid: 70.50%, Test: 70.46%, Best Valid: 76.77%, Best Test: 75.30%
Run 02:
Highest Train: 83.79
Highest Valid: 76.77
Highest Test: 75.77
Chosen epoch: 125
Final Train: 80.86
Final Test: 75.30
Label budget: 20/class -> 194 train nodes
Computing oracle penalty matrix from true labels...
Oracle penalty matrix frozen.
Epoch: 00, Loss: 2.7039, Train: 17.24%, Valid: 18.51%, Test: 17.77%, Best Valid: 18.51%, Best Test: 17.77%
Switching Polynormer to global attention phase.
Epoch: 100, Loss: 2.3493, Train: 20.86%, Valid: 19.04%, Test: 18.23%, Best Valid: 77.32%, Best Test: 76.33%
Epoch: 200, Loss: 0.2439, Train: 78.10%, Valid: 71.31%, Test: 70.38%, Best Valid: 77.32%, Best Test: 76.33%
Epoch: 300, Loss: 0.0939, Train: 84.14%, Valid: 76.05%, Test: 75.54%, Best Valid: 78.14%, Best Test: 76.96%
Epoch: 400, Loss: 0.0460, Train: 80.52%, Valid: 72.60%, Test: 71.93%, Best Valid: 78.14%, Best Test: 76.96%
Epoch: 500, Loss: 0.0392, Train: 82.76%, Valid: 74.46%, Test: 73.22%, Best Valid: 78.14%, Best Test: 76.96%
Epoch: 600, Loss: 0.0544, Train: 80.52%, Valid: 73.83%, Test: 73.41%, Best Valid: 78.14%, Best Test: 76.96%
Epoch: 700, Loss: 0.0057, Train: 82.24%, Valid: 74.50%, Test: 73.70%, Best Valid: 78.14%, Best Test: 76.96%
Epoch: 800, Loss: 0.0080, Train: 80.00%, Valid: 72.43%, Test: 71.81%, Best Valid: 78.14%, Best Test: 76.96%
Epoch: 900, Loss: 0.1890, Train: 77.76%, Valid: 70.91%, Test: 69.88%, Best Valid: 78.14%, Best Test: 76.96%
Epoch: 1000, Loss: 0.0657, Train: 79.66%, Valid: 72.75%, Test: 72.40%, Best Valid: 78.14%, Best Test: 76.96%
Run 03:
Highest Train: 85.86
Highest Valid: 78.14
Highest Test: 76.96
Chosen epoch: 250
Final Train: 84.83
Final Test: 76.96
Label budget: 20/class -> 194 train nodes
Computing oracle penalty matrix from true labels...
Oracle penalty matrix frozen.
Epoch: 00, Loss: 2.7045, Train: 13.10%, Valid: 14.20%, Test: 14.09%, Best Valid: 14.20%, Best Test: 14.09%
Switching Polynormer to global attention phase.
Epoch: 100, Loss: 2.3564, Train: 31.90%, Valid: 31.06%, Test: 30.75%, Best Valid: 77.02%, Best Test: 76.02%
Epoch: 200, Loss: 0.3140, Train: 82.41%, Valid: 74.23%, Test: 73.10%, Best Valid: 77.11%, Best Test: 75.46%
Epoch: 300, Loss: 0.0898, Train: 80.52%, Valid: 72.90%, Test: 72.02%, Best Valid: 77.11%, Best Test: 75.46%
Epoch: 400, Loss: 0.0537, Train: 80.17%, Valid: 72.75%, Test: 72.45%, Best Valid: 77.11%, Best Test: 75.46%
Epoch: 500, Loss: 0.0383, Train: 80.52%, Valid: 73.00%, Test: 72.46%, Best Valid: 77.11%, Best Test: 75.46%
Epoch: 600, Loss: 0.0270, Train: 78.79%, Valid: 71.05%, Test: 71.08%, Best Valid: 77.11%, Best Test: 75.46%
Epoch: 700, Loss: 0.0473, Train: 81.03%, Valid: 73.42%, Test: 72.86%, Best Valid: 77.11%, Best Test: 75.46%
Epoch: 800, Loss: 0.0893, Train: 80.17%, Valid: 73.02%, Test: 72.60%, Best Valid: 77.11%, Best Test: 75.46%
Epoch: 900, Loss: 0.0522, Train: 79.14%, Valid: 70.25%, Test: 70.28%, Best Valid: 77.11%, Best Test: 75.46%
Epoch: 1000, Loss: 0.0608, Train: 81.03%, Valid: 72.98%, Test: 72.19%, Best Valid: 77.11%, Best Test: 75.46%
Run 04:
Highest Train: 84.14
Highest Valid: 77.11
Highest Test: 76.02
Chosen epoch: 137
Final Train: 81.55
Final Test: 75.46
Label budget: 20/class -> 194 train nodes
Computing oracle penalty matrix from true labels...
Oracle penalty matrix frozen.
Epoch: 00, Loss: 2.7446, Train: 7.07%, Valid: 7.13%, Test: 6.67%, Best Valid: 7.13%, Best Test: 6.67%
Switching Polynormer to global attention phase.
Epoch: 100, Loss: 2.3456, Train: 18.97%, Valid: 19.66%, Test: 19.99%, Best Valid: 74.67%, Best Test: 73.58%
Epoch: 200, Loss: 0.2184, Train: 79.66%, Valid: 72.17%, Test: 71.40%, Best Valid: 74.97%, Best Test: 74.64%
Epoch: 300, Loss: 0.1850, Train: 78.79%, Valid: 70.74%, Test: 70.07%, Best Valid: 75.48%, Best Test: 74.16%
Epoch: 400, Loss: 0.0831, Train: 79.83%, Valid: 71.12%, Test: 70.02%, Best Valid: 75.48%, Best Test: 74.16%
Epoch: 500, Loss: 0.0282, Train: 77.76%, Valid: 69.80%, Test: 68.87%, Best Valid: 75.48%, Best Test: 74.16%
Epoch: 600, Loss: 0.0198, Train: 82.59%, Valid: 74.18%, Test: 73.68%, Best Valid: 75.48%, Best Test: 74.16%
Epoch: 700, Loss: 0.0271, Train: 80.69%, Valid: 71.67%, Test: 70.40%, Best Valid: 75.48%, Best Test: 74.16%
Epoch: 800, Loss: 0.0572, Train: 75.86%, Valid: 67.16%, Test: 65.67%, Best Valid: 75.48%, Best Test: 74.16%
Epoch: 900, Loss: 0.0722, Train: 81.55%, Valid: 72.47%, Test: 71.64%, Best Valid: 75.48%, Best Test: 74.16%
Epoch: 1000, Loss: 0.1171, Train: 81.38%, Valid: 72.79%, Test: 72.43%, Best Valid: 75.48%, Best Test: 74.16%
Run 05:
Highest Train: 84.48
Highest Valid: 75.48
Highest Test: 74.64
Chosen epoch: 286
Final Train: 84.31
Final Test: 74.16
Label budget: 20/class -> 194 train nodes
Computing oracle penalty matrix from true labels...
Oracle penalty matrix frozen.
Epoch: 00, Loss: 2.8149, Train: 5.52%, Valid: 4.84%, Test: 4.58%, Best Valid: 4.84%, Best Test: 4.58%
Switching Polynormer to global attention phase.
Epoch: 100, Loss: 2.3254, Train: 19.48%, Valid: 19.15%, Test: 19.33%, Best Valid: 74.82%, Best Test: 73.97%
Epoch: 200, Loss: 0.2135, Train: 80.52%, Valid: 73.63%, Test: 72.60%, Best Valid: 75.48%, Best Test: 74.41%
Epoch: 300, Loss: 0.1089, Train: 81.03%, Valid: 72.53%, Test: 71.52%, Best Valid: 75.48%, Best Test: 74.41%
Epoch: 400, Loss: 0.0584, Train: 80.00%, Valid: 71.56%, Test: 70.67%, Best Valid: 75.48%, Best Test: 74.41%
Epoch: 500, Loss: 0.0443, Train: 81.03%, Valid: 72.51%, Test: 71.66%, Best Valid: 75.48%, Best Test: 74.41%
Epoch: 600, Loss: 0.0256, Train: 80.00%, Valid: 72.70%, Test: 70.96%, Best Valid: 75.48%, Best Test: 74.41%
Epoch: 700, Loss: 0.0128, Train: 83.97%, Valid: 74.23%, Test: 72.99%, Best Valid: 75.48%, Best Test: 74.41%
Epoch: 800, Loss: 0.0146, Train: 80.69%, Valid: 72.53%, Test: 71.49%, Best Valid: 75.64%, Best Test: 74.02%
Epoch: 900, Loss: 0.0280, Train: 81.21%, Valid: 71.39%, Test: 70.51%, Best Valid: 75.64%, Best Test: 74.02%
Epoch: 1000, Loss: 0.0165, Train: 80.52%, Valid: 71.63%, Test: 70.89%, Best Valid: 75.64%, Best Test: 74.02%
Run 06:
Highest Train: 84.83
Highest Valid: 75.64
Highest Test: 74.48
Chosen epoch: 790
Final Train: 84.66
Final Test: 74.02
Label budget: 20/class -> 194 train nodes
Computing oracle penalty matrix from true labels...
Oracle penalty matrix frozen.
Epoch: 00, Loss: 2.7087, Train: 19.14%, Valid: 16.36%, Test: 17.03%, Best Valid: 16.36%, Best Test: 17.03%
Switching Polynormer to global attention phase.
Epoch: 100, Loss: 2.3640, Train: 40.86%, Valid: 40.80%, Test: 39.63%, Best Valid: 75.33%, Best Test: 74.60%
Epoch: 200, Loss: 0.1796, Train: 83.62%, Valid: 74.00%, Test: 73.70%, Best Valid: 77.11%, Best Test: 76.42%
Epoch: 300, Loss: 0.0931, Train: 83.10%, Valid: 72.56%, Test: 71.39%, Best Valid: 77.11%, Best Test: 76.42%
Epoch: 400, Loss: 0.1430, Train: 84.31%, Valid: 72.70%, Test: 71.97%, Best Valid: 77.11%, Best Test: 76.42%
Epoch: 500, Loss: 0.0664, Train: 84.31%, Valid: 74.78%, Test: 74.24%, Best Valid: 77.11%, Best Test: 76.42%
Epoch: 600, Loss: 0.0584, Train: 83.10%, Valid: 73.87%, Test: 73.70%, Best Valid: 77.11%, Best Test: 76.42%
Epoch: 700, Loss: 0.0241, Train: 84.31%, Valid: 73.87%, Test: 72.76%, Best Valid: 77.11%, Best Test: 76.42%
Epoch: 800, Loss: 0.0464, Train: 84.48%, Valid: 73.47%, Test: 72.55%, Best Valid: 77.11%, Best Test: 76.42%
Epoch: 900, Loss: 0.0154, Train: 81.72%, Valid: 72.17%, Test: 70.86%, Best Valid: 77.11%, Best Test: 76.42%
Epoch: 1000, Loss: 0.0391, Train: 83.10%, Valid: 72.77%, Test: 71.11%, Best Valid: 77.11%, Best Test: 76.42%
Run 07:
Highest Train: 86.21
Highest Valid: 77.11
Highest Test: 76.47
Chosen epoch: 185
Final Train: 85.52
Final Test: 76.42
Label budget: 20/class -> 194 train nodes
Computing oracle penalty matrix from true labels...
Oracle penalty matrix frozen.
Epoch: 00, Loss: 2.8014, Train: 9.83%, Valid: 9.37%, Test: 9.30%, Best Valid: 9.37%, Best Test: 9.30%
Switching Polynormer to global attention phase.
Epoch: 100, Loss: 2.3355, Train: 11.72%, Valid: 11.02%, Test: 11.12%, Best Valid: 72.98%, Best Test: 72.17%
Epoch: 200, Loss: 0.2141, Train: 77.93%, Valid: 68.66%, Test: 67.95%, Best Valid: 72.98%, Best Test: 72.17%
Epoch: 300, Loss: 0.1339, Train: 78.97%, Valid: 71.33%, Test: 71.06%, Best Valid: 73.70%, Best Test: 73.10%
Epoch: 400, Loss: 0.0568, Train: 76.21%, Valid: 69.17%, Test: 68.45%, Best Valid: 73.70%, Best Test: 73.10%
Epoch: 500, Loss: 0.2349, Train: 74.66%, Valid: 67.88%, Test: 67.45%, Best Valid: 73.70%, Best Test: 73.10%
Epoch: 600, Loss: 0.1124, Train: 78.97%, Valid: 69.02%, Test: 68.98%, Best Valid: 73.70%, Best Test: 73.10%
Epoch: 700, Loss: 0.0890, Train: 79.83%, Valid: 69.06%, Test: 68.91%, Best Valid: 73.70%, Best Test: 73.10%
Epoch: 800, Loss: 0.0317, Train: 78.10%, Valid: 69.81%, Test: 69.73%, Best Valid: 73.70%, Best Test: 73.10%
Epoch: 900, Loss: 0.0415, Train: 78.79%, Valid: 70.76%, Test: 71.08%, Best Valid: 73.70%, Best Test: 73.10%
Epoch: 1000, Loss: 0.0292, Train: 76.90%, Valid: 68.87%, Test: 69.01%, Best Valid: 73.70%, Best Test: 73.10%
Run 08:
Highest Train: 82.24
Highest Valid: 75.03
Highest Test: 74.53
Chosen epoch: 1095
Final Train: 82.24
Final Test: 74.45
Label budget: 20/class -> 194 train nodes
Computing oracle penalty matrix from true labels...
Oracle penalty matrix frozen.
Epoch: 00, Loss: 2.7711, Train: 16.90%, Valid: 15.19%, Test: 15.07%, Best Valid: 15.19%, Best Test: 15.07%
Switching Polynormer to global attention phase.
Epoch: 100, Loss: 2.3574, Train: 7.41%, Valid: 7.39%, Test: 7.39%, Best Valid: 76.56%, Best Test: 75.70%
Epoch: 200, Loss: 0.1499, Train: 84.83%, Valid: 73.21%, Test: 72.74%, Best Valid: 77.80%, Best Test: 77.00%
Epoch: 300, Loss: 0.0301, Train: 87.93%, Valid: 75.96%, Test: 75.82%, Best Valid: 77.80%, Best Test: 77.00%
Epoch: 400, Loss: 0.0348, Train: 85.52%, Valid: 74.33%, Test: 74.09%, Best Valid: 77.80%, Best Test: 77.00%
Epoch: 500, Loss: 0.1319, Train: 83.28%, Valid: 72.87%, Test: 73.15%, Best Valid: 77.80%, Best Test: 77.00%
Epoch: 600, Loss: 0.0883, Train: 84.83%, Valid: 73.61%, Test: 72.96%, Best Valid: 77.80%, Best Test: 77.00%
Epoch: 700, Loss: 0.0240, Train: 85.17%, Valid: 73.91%, Test: 73.83%, Best Valid: 77.80%, Best Test: 77.00%
Epoch: 800, Loss: 0.0154, Train: 85.52%, Valid: 73.42%, Test: 73.30%, Best Valid: 77.80%, Best Test: 77.00%
Epoch: 900, Loss: 0.1094, Train: 81.21%, Valid: 70.55%, Test: 70.69%, Best Valid: 77.80%, Best Test: 77.00%
Epoch: 1000, Loss: 0.0067, Train: 85.86%, Valid: 75.16%, Test: 75.18%, Best Valid: 77.80%, Best Test: 77.00%
Run 09:
Highest Train: 89.48
Highest Valid: 77.80
Highest Test: 77.03
Chosen epoch: 194
Final Train: 89.48
Final Test: 77.00
Label budget: 20/class -> 194 train nodes
Computing oracle penalty matrix from true labels...
Oracle penalty matrix frozen.
Epoch: 00, Loss: 2.7033, Train: 5.86%, Valid: 5.40%, Test: 5.47%, Best Valid: 5.40%, Best Test: 5.47%
Switching Polynormer to global attention phase.
Epoch: 100, Loss: 2.3244, Train: 25.00%, Valid: 24.35%, Test: 23.82%, Best Valid: 74.46%, Best Test: 72.55%
Epoch: 200, Loss: 0.2041, Train: 82.07%, Valid: 74.10%, Test: 72.70%, Best Valid: 75.37%, Best Test: 73.85%
Epoch: 300, Loss: 0.0989, Train: 81.90%, Valid: 74.73%, Test: 73.66%, Best Valid: 75.37%, Best Test: 73.85%
Epoch: 400, Loss: 0.0414, Train: 82.24%, Valid: 72.72%, Test: 71.78%, Best Valid: 75.37%, Best Test: 73.85%
Epoch: 500, Loss: 0.0551, Train: 80.17%, Valid: 71.07%, Test: 70.04%, Best Valid: 75.37%, Best Test: 73.85%
Epoch: 600, Loss: 0.0836, Train: 79.66%, Valid: 71.90%, Test: 70.86%, Best Valid: 75.37%, Best Test: 73.85%
Epoch: 700, Loss: 0.0194, Train: 80.69%, Valid: 73.00%, Test: 71.93%, Best Valid: 75.37%, Best Test: 73.85%
Epoch: 800, Loss: 0.0349, Train: 81.03%, Valid: 71.88%, Test: 71.15%, Best Valid: 75.37%, Best Test: 73.85%
Epoch: 900, Loss: 0.0284, Train: 81.55%, Valid: 72.96%, Test: 72.34%, Best Valid: 75.37%, Best Test: 73.85%
Epoch: 1000, Loss: 0.0072, Train: 81.72%, Valid: 72.92%, Test: 72.16%, Best Valid: 75.37%, Best Test: 73.85%
Run 10:
Highest Train: 83.62
Highest Valid: 75.37
Highest Test: 74.29
Chosen epoch: 146
Final Train: 80.52
Final Test: 73.85
All runs:
Highest Train: 85.05 ± 1.97
Highest Test: 75.73 ± 1.15
Highest Valid: 76.55 ± 1.09
  Final Train: 83.79 ± 2.67
   Final Test: 75.47 ± 1.32
Saving results to ../results/lowlabel/wikics/polynormer.csv
--- oracle_reg | lambda=0.05 ---
Namespace(aggregate='add', alpha=0.5, attention='gcn', beta=-1.0, bn=False, budget_tag='20', count_reg=False, count_smoothing=1.0, cpu=False, data_dir='../data/', dataset='wikics', device=0, dim_inner=512, display_step=100, dropout=0.5, epochs=500, global_dropout=None, global_epochs=1000, global_layers=2, gnn='gcn', graph_weight=0.8, hidden_channels=512, hops=10, in_dropout=0.5, jk=False, label_num_per_class=20, lambda_val=0.05, layers=1, ln=False, local_epochs=100, local_gnn_type='GCN', local_layers=7, lr=0.001, metric='acc', mlp_epochs=500, mlp_reg=False, model='polynormer', model_dir='models/lowlabel_1161133_293', n_heads=1, num_centroids=4096, num_heads=1, oracle_reg=True, paired_seeds=True, pe_types='RWSE', penalty_transform='none', pre_linear=False, pre_ln=False, rand_split=False, rand_split_class=False, reg_start_epoch=10, reg_update_freq=5, res=False, resample_split_per_run=False, result_dir='../results/lowlabel', runs=10, save_model=True, save_result=False, seed=42, test_num=1000, tr_dropout=None, tr_layers=1, tr_weight_decay=None, train_per_class=20, train_prop=0.5, use_act=False, use_bn=False, use_graph=False, use_reg=True, use_residual=False, use_weight=False, valid_num=500, valid_per_class=0, valid_prop=0.25, weight_decay=0.0)
wikics
dataset wikics | num nodes 11701 | num edge 431726 | num node feats 300 | num classes 10
MODEL: Polynormer(
  (h_lins): ModuleList(
    (0): Linear(in_features=512, out_features=512, bias=True)
    (1): Linear(in_features=512, out_features=512, bias=True)
    (2): Linear(in_features=512, out_features=512, bias=True)
    (3): Linear(in_features=512, out_features=512, bias=True)
    (4): Linear(in_features=512, out_features=512, bias=True)
    (5): Linear(in_features=512, out_features=512, bias=True)
    (6): Linear(in_features=512, out_features=512, bias=True)
  )
  (local_convs): ModuleList(
    (0): GATConv(512, 512, heads=1)
    (1): GATConv(512, 512, heads=1)
    (2): GATConv(512, 512, heads=1)
    (3): GATConv(512, 512, heads=1)
    (4): GATConv(512, 512, heads=1)
    (5): GATConv(512, 512, heads=1)
    (6): GATConv(512, 512, heads=1)
  )
  (lins): ModuleList(
    (0): Linear(in_features=512, out_features=512, bias=True)
    (1): Linear(in_features=512, out_features=512, bias=True)
    (2): Linear(in_features=512, out_features=512, bias=True)
    (3): Linear(in_features=512, out_features=512, bias=True)
    (4): Linear(in_features=512, out_features=512, bias=True)
    (5): Linear(in_features=512, out_features=512, bias=True)
    (6): Linear(in_features=512, out_features=512, bias=True)
  )
  (lns): ModuleList(
    (0): LayerNorm((512,), eps=1e-05, elementwise_affine=True)
    (1): LayerNorm((512,), eps=1e-05, elementwise_affine=True)
    (2): LayerNorm((512,), eps=1e-05, elementwise_affine=True)
    (3): LayerNorm((512,), eps=1e-05, elementwise_affine=True)
    (4): LayerNorm((512,), eps=1e-05, elementwise_affine=True)
    (5): LayerNorm((512,), eps=1e-05, elementwise_affine=True)
    (6): LayerNorm((512,), eps=1e-05, elementwise_affine=True)
  )
  (lin_in): Linear(in_features=300, out_features=512, bias=True)
  (ln): LayerNorm((512,), eps=1e-05, elementwise_affine=True)
  (global_attn): GlobalAttn(
    (h_lins): ModuleList(
      (0): Linear(in_features=512, out_features=512, bias=True)
      (1): Linear(in_features=512, out_features=512, bias=True)
    )
    (k_lins): ModuleList(
      (0): Linear(in_features=512, out_features=512, bias=True)
      (1): Linear(in_features=512, out_features=512, bias=True)
    )
    (v_lins): ModuleList(
      (0): Linear(in_features=512, out_features=512, bias=True)
      (1): Linear(in_features=512, out_features=512, bias=True)
    )
    (lns): ModuleList(
      (0): LayerNorm((512,), eps=1e-05, elementwise_affine=True)
      (1): LayerNorm((512,), eps=1e-05, elementwise_affine=True)
    )
    (lin_out): Linear(in_features=512, out_features=512, bias=True)
  )
  (pred_local): Linear(in_features=512, out_features=10, bias=True)
  (pred_global): Linear(in_features=512, out_features=10, bias=True)
)
Label budget: 20/class -> 194 train nodes
Computing oracle penalty matrix from true labels...
Oracle penalty matrix frozen.
Epoch: 00, Loss: 2.9929, Train: 17.07%, Valid: 17.14%, Test: 17.43%, Best Valid: 17.14%, Best Test: 17.43%
Switching Polynormer to global attention phase.
Epoch: 100, Loss: 2.4236, Train: 18.62%, Valid: 18.47%, Test: 18.45%, Best Valid: 75.86%, Best Test: 74.82%
Epoch: 200, Loss: 0.2086, Train: 81.72%, Valid: 73.91%, Test: 73.11%, Best Valid: 76.09%, Best Test: 75.85%
Epoch: 300, Loss: 0.0872, Train: 83.10%, Valid: 76.01%, Test: 75.08%, Best Valid: 76.94%, Best Test: 76.23%
Epoch: 400, Loss: 0.0869, Train: 84.48%, Valid: 76.07%, Test: 75.44%, Best Valid: 77.00%, Best Test: 77.01%
Epoch: 500, Loss: 0.0400, Train: 82.07%, Valid: 74.90%, Test: 74.65%, Best Valid: 77.00%, Best Test: 77.01%
Epoch: 600, Loss: 0.0252, Train: 81.72%, Valid: 73.38%, Test: 73.46%, Best Valid: 77.23%, Best Test: 76.53%
Epoch: 700, Loss: 0.0778, Train: 81.21%, Valid: 73.34%, Test: 73.59%, Best Valid: 77.23%, Best Test: 76.53%
Epoch: 800, Loss: 0.0522, Train: 80.34%, Valid: 72.32%, Test: 71.85%, Best Valid: 77.44%, Best Test: 77.24%
Epoch: 900, Loss: 0.0890, Train: 81.55%, Valid: 74.40%, Test: 74.40%, Best Valid: 77.44%, Best Test: 77.24%
Epoch: 1000, Loss: 0.0159, Train: 84.14%, Valid: 75.45%, Test: 75.25%, Best Valid: 77.44%, Best Test: 77.24%
Run 01:
Highest Train: 86.38
Highest Valid: 77.44
Highest Test: 77.24
Chosen epoch: 785
Final Train: 84.14
Final Test: 77.24
Label budget: 20/class -> 194 train nodes
Computing oracle penalty matrix from true labels...
Oracle penalty matrix frozen.
Epoch: 00, Loss: 2.8748, Train: 22.93%, Valid: 23.17%, Test: 23.16%, Best Valid: 23.17%, Best Test: 23.16%
Switching Polynormer to global attention phase.
Epoch: 100, Loss: 2.4517, Train: 25.00%, Valid: 24.16%, Test: 24.29%, Best Valid: 76.53%, Best Test: 75.24%
Epoch: 200, Loss: 0.3450, Train: 80.52%, Valid: 73.72%, Test: 72.33%, Best Valid: 77.57%, Best Test: 76.12%
Epoch: 300, Loss: 0.0980, Train: 81.21%, Valid: 73.59%, Test: 72.19%, Best Valid: 77.57%, Best Test: 76.12%
Epoch: 400, Loss: 0.0989, Train: 79.48%, Valid: 73.93%, Test: 71.97%, Best Valid: 77.57%, Best Test: 76.12%
Epoch: 500, Loss: 0.0713, Train: 82.93%, Valid: 75.20%, Test: 73.29%, Best Valid: 77.57%, Best Test: 76.12%
Epoch: 600, Loss: 0.1295, Train: 79.83%, Valid: 73.49%, Test: 72.24%, Best Valid: 77.57%, Best Test: 76.12%
Epoch: 700, Loss: 0.0344, Train: 82.41%, Valid: 74.74%, Test: 73.61%, Best Valid: 77.57%, Best Test: 76.12%
Epoch: 800, Loss: 0.0075, Train: 83.79%, Valid: 75.48%, Test: 74.16%, Best Valid: 77.57%, Best Test: 76.12%
Epoch: 900, Loss: 0.2067, Train: 80.86%, Valid: 73.78%, Test: 72.50%, Best Valid: 77.57%, Best Test: 76.12%
Epoch: 1000, Loss: 0.0214, Train: 80.69%, Valid: 73.42%, Test: 71.18%, Best Valid: 77.57%, Best Test: 76.12%
Run 02:
Highest Train: 86.38
Highest Valid: 77.57
Highest Test: 76.23
Chosen epoch: 140
Final Train: 81.38
Final Test: 76.12
Label budget: 20/class -> 194 train nodes
Computing oracle penalty matrix from true labels...
Oracle penalty matrix frozen.
Epoch: 00, Loss: 2.8110, Train: 16.38%, Valid: 18.30%, Test: 17.27%, Best Valid: 18.30%, Best Test: 17.27%
Switching Polynormer to global attention phase.
Epoch: 100, Loss: 2.4460, Train: 32.76%, Valid: 31.80%, Test: 31.52%, Best Valid: 77.36%, Best Test: 76.26%
Epoch: 200, Loss: 0.2899, Train: 83.28%, Valid: 76.30%, Test: 75.47%, Best Valid: 77.47%, Best Test: 76.40%
Epoch: 300, Loss: 0.1947, Train: 84.48%, Valid: 75.50%, Test: 74.07%, Best Valid: 77.47%, Best Test: 76.40%
Epoch: 400, Loss: 0.1734, Train: 82.41%, Valid: 74.57%, Test: 73.29%, Best Valid: 77.47%, Best Test: 76.40%
Epoch: 500, Loss: 0.0751, Train: 83.62%, Valid: 75.45%, Test: 74.76%, Best Valid: 77.47%, Best Test: 76.40%
Epoch: 600, Loss: 0.0261, Train: 81.55%, Valid: 75.27%, Test: 74.35%, Best Valid: 77.47%, Best Test: 76.40%
Epoch: 700, Loss: 0.0929, Train: 81.55%, Valid: 73.76%, Test: 72.79%, Best Valid: 77.47%, Best Test: 76.40%
Epoch: 800, Loss: 0.0329, Train: 82.59%, Valid: 74.52%, Test: 74.26%, Best Valid: 77.47%, Best Test: 76.40%
Epoch: 900, Loss: 0.0047, Train: 81.72%, Valid: 73.68%, Test: 73.56%, Best Valid: 77.87%, Best Test: 77.03%
Epoch: 1000, Loss: 0.0223, Train: 83.62%, Valid: 73.95%, Test: 72.94%, Best Valid: 77.87%, Best Test: 77.03%
Run 03:
Highest Train: 85.86
Highest Valid: 77.87
Highest Test: 77.18
Chosen epoch: 809
Final Train: 85.00
Final Test: 77.03
Label budget: 20/class -> 194 train nodes
Computing oracle penalty matrix from true labels...
Oracle penalty matrix frozen.
Epoch: 00, Loss: 2.8116, Train: 12.93%, Valid: 14.83%, Test: 14.59%, Best Valid: 14.83%, Best Test: 14.59%
Switching Polynormer to global attention phase.
Epoch: 100, Loss: 2.4466, Train: 36.03%, Valid: 36.69%, Test: 35.92%, Best Valid: 75.37%, Best Test: 73.90%
Epoch: 200, Loss: 0.2178, Train: 82.76%, Valid: 74.50%, Test: 73.34%, Best Valid: 76.17%, Best Test: 74.74%
Epoch: 300, Loss: 0.0230, Train: 79.83%, Valid: 72.72%, Test: 71.69%, Best Valid: 76.34%, Best Test: 74.79%
Epoch: 400, Loss: 0.0322, Train: 80.17%, Valid: 72.60%, Test: 71.88%, Best Valid: 76.34%, Best Test: 74.79%
Epoch: 500, Loss: 0.0726, Train: 77.76%, Valid: 71.50%, Test: 70.93%, Best Valid: 76.34%, Best Test: 74.79%
Epoch: 600, Loss: 0.0296, Train: 81.21%, Valid: 73.08%, Test: 72.50%, Best Valid: 76.34%, Best Test: 74.79%
Epoch: 700, Loss: 0.0127, Train: 77.41%, Valid: 71.07%, Test: 70.77%, Best Valid: 76.34%, Best Test: 74.79%
Epoch: 800, Loss: 0.0299, Train: 80.17%, Valid: 72.83%, Test: 72.98%, Best Valid: 76.34%, Best Test: 74.79%
Epoch: 900, Loss: 0.0230, Train: 81.38%, Valid: 73.87%, Test: 73.10%, Best Valid: 76.34%, Best Test: 74.79%
Epoch: 1000, Loss: 0.0901, Train: 83.10%, Valid: 74.23%, Test: 73.78%, Best Valid: 76.34%, Best Test: 74.79%
Run 04:
Highest Train: 84.48
Highest Valid: 76.34
Highest Test: 75.22
Chosen epoch: 214
Final Train: 84.48
Final Test: 74.79
Label budget: 20/class -> 194 train nodes
Computing oracle penalty matrix from true labels...
Oracle penalty matrix frozen.
Epoch: 00, Loss: 2.8533, Train: 6.72%, Valid: 7.00%, Test: 6.43%, Best Valid: 7.00%, Best Test: 6.43%
Switching Polynormer to global attention phase.
Epoch: 100, Loss: 2.4506, Train: 28.97%, Valid: 28.29%, Test: 28.85%, Best Valid: 72.72%, Best Test: 71.49%
Epoch: 200, Loss: 0.3777, Train: 77.41%, Valid: 71.07%, Test: 70.21%, Best Valid: 76.47%, Best Test: 75.29%
Epoch: 300, Loss: 0.1996, Train: 81.21%, Valid: 74.27%, Test: 72.87%, Best Valid: 76.47%, Best Test: 75.29%
Epoch: 400, Loss: 0.0684, Train: 82.41%, Valid: 74.16%, Test: 73.68%, Best Valid: 76.47%, Best Test: 75.29%
Epoch: 500, Loss: 0.0398, Train: 81.03%, Valid: 71.71%, Test: 71.16%, Best Valid: 76.47%, Best Test: 75.29%
Epoch: 600, Loss: 0.0480, Train: 80.34%, Valid: 72.96%, Test: 72.40%, Best Valid: 76.47%, Best Test: 75.29%
Epoch: 700, Loss: 0.0606, Train: 80.52%, Valid: 72.64%, Test: 71.10%, Best Valid: 76.47%, Best Test: 75.29%
Epoch: 800, Loss: 0.0278, Train: 80.17%, Valid: 72.32%, Test: 71.13%, Best Valid: 76.47%, Best Test: 75.29%
Epoch: 900, Loss: 0.0283, Train: 83.10%, Valid: 74.25%, Test: 72.86%, Best Valid: 76.47%, Best Test: 75.29%
Epoch: 1000, Loss: 0.0700, Train: 80.86%, Valid: 71.08%, Test: 70.00%, Best Valid: 76.47%, Best Test: 75.29%
Run 05:
Highest Train: 85.00
Highest Valid: 76.47
Highest Test: 75.61
Chosen epoch: 181
Final Train: 83.79
Final Test: 75.29
Label budget: 20/class -> 194 train nodes
Computing oracle penalty matrix from true labels...
Oracle penalty matrix frozen.
Epoch: 00, Loss: 2.9263, Train: 5.69%, Valid: 4.97%, Test: 4.60%, Best Valid: 4.97%, Best Test: 4.60%
Switching Polynormer to global attention phase.
Epoch: 100, Loss: 2.4161, Train: 33.62%, Valid: 32.37%, Test: 32.94%, Best Valid: 74.40%, Best Test: 73.15%
Epoch: 200, Loss: 0.1837, Train: 82.24%, Valid: 73.61%, Test: 72.26%, Best Valid: 76.13%, Best Test: 75.49%
Epoch: 300, Loss: 0.1073, Train: 82.76%, Valid: 73.23%, Test: 72.65%, Best Valid: 76.13%, Best Test: 75.49%
Epoch: 400, Loss: 0.0184, Train: 83.45%, Valid: 74.78%, Test: 74.00%, Best Valid: 76.13%, Best Test: 75.49%
Epoch: 500, Loss: 0.0298, Train: 81.72%, Valid: 73.99%, Test: 73.27%, Best Valid: 76.13%, Best Test: 75.49%
Epoch: 600, Loss: 0.0080, Train: 82.41%, Valid: 74.29%, Test: 73.01%, Best Valid: 76.13%, Best Test: 75.49%
Epoch: 700, Loss: 0.0793, Train: 82.76%, Valid: 73.11%, Test: 72.02%, Best Valid: 76.13%, Best Test: 75.49%
Epoch: 800, Loss: 0.0278, Train: 82.76%, Valid: 73.21%, Test: 72.07%, Best Valid: 76.13%, Best Test: 75.49%
Epoch: 900, Loss: 0.0088, Train: 81.55%, Valid: 72.98%, Test: 71.71%, Best Valid: 76.13%, Best Test: 75.49%
Epoch: 1000, Loss: 0.0514, Train: 83.28%, Valid: 73.85%, Test: 72.79%, Best Valid: 76.13%, Best Test: 75.49%
Run 06:
Highest Train: 85.17
Highest Valid: 76.13
Highest Test: 75.63
Chosen epoch: 149
Final Train: 83.79
Final Test: 75.49
Label budget: 20/class -> 194 train nodes
Computing oracle penalty matrix from true labels...
Oracle penalty matrix frozen.
Epoch: 00, Loss: 2.8160, Train: 19.14%, Valid: 16.40%, Test: 16.74%, Best Valid: 16.40%, Best Test: 16.74%
Switching Polynormer to global attention phase.
Epoch: 100, Loss: 2.4516, Train: 21.90%, Valid: 20.88%, Test: 21.21%, Best Valid: 74.76%, Best Test: 73.61%
Epoch: 200, Loss: 0.1996, Train: 82.93%, Valid: 73.51%, Test: 72.86%, Best Valid: 76.36%, Best Test: 75.30%
Epoch: 300, Loss: 0.1368, Train: 81.90%, Valid: 71.41%, Test: 70.99%, Best Valid: 76.36%, Best Test: 75.30%
Epoch: 400, Loss: 0.0598, Train: 81.55%, Valid: 72.28%, Test: 71.71%, Best Valid: 76.36%, Best Test: 75.30%
Epoch: 500, Loss: 0.0789, Train: 82.41%, Valid: 74.00%, Test: 73.59%, Best Valid: 76.36%, Best Test: 75.30%
Epoch: 600, Loss: 0.0107, Train: 78.45%, Valid: 69.25%, Test: 68.21%, Best Valid: 76.36%, Best Test: 75.30%
Epoch: 700, Loss: 0.0183, Train: 83.10%, Valid: 73.38%, Test: 72.55%, Best Valid: 76.36%, Best Test: 75.30%
Epoch: 800, Loss: 0.0668, Train: 83.62%, Valid: 72.96%, Test: 72.57%, Best Valid: 76.36%, Best Test: 75.30%
Epoch: 900, Loss: 0.0377, Train: 82.93%, Valid: 72.51%, Test: 71.66%, Best Valid: 76.36%, Best Test: 75.30%
Epoch: 1000, Loss: 0.0218, Train: 83.79%, Valid: 72.92%, Test: 72.33%, Best Valid: 76.36%, Best Test: 75.30%
Run 07:
Highest Train: 86.03
Highest Valid: 76.36
Highest Test: 75.30
Chosen epoch: 160
Final Train: 84.31
Final Test: 75.30
Label budget: 20/class -> 194 train nodes
Computing oracle penalty matrix from true labels...
Oracle penalty matrix frozen.
Epoch: 00, Loss: 2.9123, Train: 10.00%, Valid: 9.65%, Test: 9.77%, Best Valid: 9.65%, Best Test: 9.77%
Switching Polynormer to global attention phase.
Epoch: 100, Loss: 2.4414, Train: 12.41%, Valid: 11.79%, Test: 11.90%, Best Valid: 74.06%, Best Test: 72.79%
Epoch: 200, Loss: 0.1966, Train: 79.83%, Valid: 73.59%, Test: 72.00%, Best Valid: 74.06%, Best Test: 72.79%
Epoch: 300, Loss: 0.2359, Train: 77.76%, Valid: 68.49%, Test: 67.54%, Best Valid: 75.07%, Best Test: 73.39%
Epoch: 400, Loss: 0.0809, Train: 77.76%, Valid: 69.57%, Test: 68.53%, Best Valid: 75.07%, Best Test: 73.39%
Epoch: 500, Loss: 0.0912, Train: 79.14%, Valid: 71.03%, Test: 70.24%, Best Valid: 75.07%, Best Test: 73.39%
Epoch: 600, Loss: 0.0449, Train: 78.62%, Valid: 70.35%, Test: 69.66%, Best Valid: 75.07%, Best Test: 73.39%
Epoch: 700, Loss: 0.1315, Train: 79.66%, Valid: 71.62%, Test: 71.15%, Best Valid: 75.07%, Best Test: 73.39%
Epoch: 800, Loss: 0.0279, Train: 80.69%, Valid: 72.72%, Test: 71.61%, Best Valid: 75.07%, Best Test: 73.39%
Epoch: 900, Loss: 0.1289, Train: 80.17%, Valid: 71.84%, Test: 71.13%, Best Valid: 75.07%, Best Test: 73.39%
Epoch: 1000, Loss: 0.0154, Train: 81.21%, Valid: 72.53%, Test: 71.56%, Best Valid: 75.07%, Best Test: 73.39%
Run 08:
Highest Train: 82.59
Highest Valid: 75.07
Highest Test: 73.82
Chosen epoch: 292
Final Train: 82.07
Final Test: 73.39
Label budget: 20/class -> 194 train nodes
Computing oracle penalty matrix from true labels...
Oracle penalty matrix frozen.
Epoch: 00, Loss: 2.8809, Train: 18.10%, Valid: 15.70%, Test: 15.80%, Best Valid: 15.70%, Best Test: 15.80%
Switching Polynormer to global attention phase.
Epoch: 100, Loss: 2.4711, Train: 7.41%, Valid: 7.39%, Test: 7.39%, Best Valid: 76.55%, Best Test: 75.94%
Epoch: 200, Loss: 0.2616, Train: 84.48%, Valid: 72.30%, Test: 72.82%, Best Valid: 77.36%, Best Test: 77.13%
Epoch: 300, Loss: 0.1146, Train: 85.34%, Valid: 74.74%, Test: 75.06%, Best Valid: 77.36%, Best Test: 77.13%
Epoch: 400, Loss: 0.0508, Train: 87.93%, Valid: 75.52%, Test: 76.09%, Best Valid: 77.36%, Best Test: 77.13%
Epoch: 500, Loss: 0.0813, Train: 86.38%, Valid: 74.44%, Test: 74.91%, Best Valid: 77.36%, Best Test: 77.13%
Epoch: 600, Loss: 0.0447, Train: 85.34%, Valid: 75.14%, Test: 75.42%, Best Valid: 77.36%, Best Test: 77.13%
Epoch: 700, Loss: 0.0688, Train: 85.52%, Valid: 74.69%, Test: 73.85%, Best Valid: 77.36%, Best Test: 77.13%
Epoch: 800, Loss: 0.0157, Train: 86.03%, Valid: 75.05%, Test: 75.05%, Best Valid: 77.36%, Best Test: 77.13%
Epoch: 900, Loss: 0.0093, Train: 86.55%, Valid: 73.04%, Test: 72.50%, Best Valid: 77.36%, Best Test: 77.13%
Epoch: 1000, Loss: 0.0833, Train: 87.24%, Valid: 74.67%, Test: 74.45%, Best Valid: 77.36%, Best Test: 77.13%
Run 09:
Highest Train: 88.79
Highest Valid: 77.36
Highest Test: 77.13
Chosen epoch: 165
Final Train: 88.62
Final Test: 77.13
Label budget: 20/class -> 194 train nodes
Computing oracle penalty matrix from true labels...
Oracle penalty matrix frozen.
Epoch: 00, Loss: 2.8104, Train: 5.69%, Valid: 5.75%, Test: 5.81%, Best Valid: 5.75%, Best Test: 5.81%
Switching Polynormer to global attention phase.
Epoch: 100, Loss: 2.4198, Train: 32.41%, Valid: 32.82%, Test: 32.05%, Best Valid: 74.19%, Best Test: 73.06%
Epoch: 200, Loss: 0.1353, Train: 80.17%, Valid: 73.21%, Test: 72.60%, Best Valid: 75.12%, Best Test: 74.53%
Epoch: 300, Loss: 0.2381, Train: 81.21%, Valid: 74.19%, Test: 73.35%, Best Valid: 75.12%, Best Test: 74.53%
Epoch: 400, Loss: 0.0555, Train: 80.17%, Valid: 72.35%, Test: 72.33%, Best Valid: 75.12%, Best Test: 74.53%
Epoch: 500, Loss: 0.0139, Train: 80.52%, Valid: 73.72%, Test: 72.52%, Best Valid: 75.12%, Best Test: 74.53%
Epoch: 600, Loss: 0.0436, Train: 79.66%, Valid: 71.75%, Test: 71.35%, Best Valid: 75.12%, Best Test: 74.53%
Epoch: 700, Loss: 0.1541, Train: 77.41%, Valid: 69.98%, Test: 69.13%, Best Valid: 75.12%, Best Test: 74.53%
Epoch: 800, Loss: 0.0098, Train: 78.97%, Valid: 71.43%, Test: 70.22%, Best Valid: 75.12%, Best Test: 74.53%
Epoch: 900, Loss: 0.1237, Train: 80.00%, Valid: 72.89%, Test: 72.55%, Best Valid: 75.12%, Best Test: 74.53%
Epoch: 1000, Loss: 0.0239, Train: 80.69%, Valid: 73.42%, Test: 72.74%, Best Valid: 75.12%, Best Test: 74.53%
Run 10:
Highest Train: 82.93
Highest Valid: 75.12
Highest Test: 74.53
Chosen epoch: 145
Final Train: 82.76
Final Test: 74.53
All runs:
Highest Train: 85.36 ± 1.80
Highest Test: 75.79 ± 1.16
Highest Valid: 76.57 ± 0.98
  Final Train: 84.03 ± 1.97
   Final Test: 75.63 ± 1.26
Saving results to ../results/lowlabel/wikics/polynormer.csv
--- oracle_reg | lambda=0.1 ---
Namespace(aggregate='add', alpha=0.5, attention='gcn', beta=-1.0, bn=False, budget_tag='20', count_reg=False, count_smoothing=1.0, cpu=False, data_dir='../data/', dataset='wikics', device=0, dim_inner=512, display_step=100, dropout=0.5, epochs=500, global_dropout=None, global_epochs=1000, global_layers=2, gnn='gcn', graph_weight=0.8, hidden_channels=512, hops=10, in_dropout=0.5, jk=False, label_num_per_class=20, lambda_val=0.1, layers=1, ln=False, local_epochs=100, local_gnn_type='GCN', local_layers=7, lr=0.001, metric='acc', mlp_epochs=500, mlp_reg=False, model='polynormer', model_dir='models/lowlabel_1161133_293', n_heads=1, num_centroids=4096, num_heads=1, oracle_reg=True, paired_seeds=True, pe_types='RWSE', penalty_transform='none', pre_linear=False, pre_ln=False, rand_split=False, rand_split_class=False, reg_start_epoch=10, reg_update_freq=5, res=False, resample_split_per_run=False, result_dir='../results/lowlabel', runs=10, save_model=True, save_result=False, seed=42, test_num=1000, tr_dropout=None, tr_layers=1, tr_weight_decay=None, train_per_class=20, train_prop=0.5, use_act=False, use_bn=False, use_graph=False, use_reg=True, use_residual=False, use_weight=False, valid_num=500, valid_per_class=0, valid_prop=0.25, weight_decay=0.0)
wikics
dataset wikics | num nodes 11701 | num edge 431726 | num node feats 300 | num classes 10
MODEL: Polynormer(
  (h_lins): ModuleList(
    (0): Linear(in_features=512, out_features=512, bias=True)
    (1): Linear(in_features=512, out_features=512, bias=True)
    (2): Linear(in_features=512, out_features=512, bias=True)
    (3): Linear(in_features=512, out_features=512, bias=True)
    (4): Linear(in_features=512, out_features=512, bias=True)
    (5): Linear(in_features=512, out_features=512, bias=True)
    (6): Linear(in_features=512, out_features=512, bias=True)
  )
  (local_convs): ModuleList(
    (0): GATConv(512, 512, heads=1)
    (1): GATConv(512, 512, heads=1)
    (2): GATConv(512, 512, heads=1)
    (3): GATConv(512, 512, heads=1)
    (4): GATConv(512, 512, heads=1)
    (5): GATConv(512, 512, heads=1)
    (6): GATConv(512, 512, heads=1)
  )
  (lins): ModuleList(
    (0): Linear(in_features=512, out_features=512, bias=True)
    (1): Linear(in_features=512, out_features=512, bias=True)
    (2): Linear(in_features=512, out_features=512, bias=True)
    (3): Linear(in_features=512, out_features=512, bias=True)
    (4): Linear(in_features=512, out_features=512, bias=True)
    (5): Linear(in_features=512, out_features=512, bias=True)
    (6): Linear(in_features=512, out_features=512, bias=True)
  )
  (lns): ModuleList(
    (0): LayerNorm((512,), eps=1e-05, elementwise_affine=True)
    (1): LayerNorm((512,), eps=1e-05, elementwise_affine=True)
    (2): LayerNorm((512,), eps=1e-05, elementwise_affine=True)
    (3): LayerNorm((512,), eps=1e-05, elementwise_affine=True)
    (4): LayerNorm((512,), eps=1e-05, elementwise_affine=True)
    (5): LayerNorm((512,), eps=1e-05, elementwise_affine=True)
    (6): LayerNorm((512,), eps=1e-05, elementwise_affine=True)
  )
  (lin_in): Linear(in_features=300, out_features=512, bias=True)
  (ln): LayerNorm((512,), eps=1e-05, elementwise_affine=True)
  (global_attn): GlobalAttn(
    (h_lins): ModuleList(
      (0): Linear(in_features=512, out_features=512, bias=True)
      (1): Linear(in_features=512, out_features=512, bias=True)
    )
    (k_lins): ModuleList(
      (0): Linear(in_features=512, out_features=512, bias=True)
      (1): Linear(in_features=512, out_features=512, bias=True)
    )
    (v_lins): ModuleList(
      (0): Linear(in_features=512, out_features=512, bias=True)
      (1): Linear(in_features=512, out_features=512, bias=True)
    )
    (lns): ModuleList(
      (0): LayerNorm((512,), eps=1e-05, elementwise_affine=True)
      (1): LayerNorm((512,), eps=1e-05, elementwise_affine=True)
    )
    (lin_out): Linear(in_features=512, out_features=512, bias=True)
  )
  (pred_local): Linear(in_features=512, out_features=10, bias=True)
  (pred_global): Linear(in_features=512, out_features=10, bias=True)
)
Label budget: 20/class -> 194 train nodes
Computing oracle penalty matrix from true labels...
Oracle penalty matrix frozen.
Epoch: 00, Loss: 3.1355, Train: 17.24%, Valid: 17.80%, Test: 17.86%, Best Valid: 17.80%, Best Test: 17.86%
Switching Polynormer to global attention phase.
Epoch: 100, Loss: 2.5433, Train: 18.45%, Valid: 18.39%, Test: 18.40%, Best Valid: 76.09%, Best Test: 75.49%
Epoch: 200, Loss: 0.1851, Train: 79.14%, Valid: 73.32%, Test: 72.89%, Best Valid: 76.30%, Best Test: 75.39%
Epoch: 300, Loss: 0.1804, Train: 81.55%, Valid: 74.35%, Test: 73.97%, Best Valid: 77.66%, Best Test: 77.34%
Epoch: 400, Loss: 0.1763, Train: 83.97%, Valid: 77.10%, Test: 76.88%, Best Valid: 77.66%, Best Test: 77.34%
Epoch: 500, Loss: 0.0223, Train: 82.41%, Valid: 74.78%, Test: 75.17%, Best Valid: 77.66%, Best Test: 77.34%
Epoch: 600, Loss: 0.0140, Train: 83.10%, Valid: 75.81%, Test: 76.04%, Best Valid: 77.66%, Best Test: 77.34%
Epoch: 700, Loss: 0.0473, Train: 83.45%, Valid: 73.68%, Test: 74.23%, Best Valid: 77.66%, Best Test: 77.34%
Epoch: 800, Loss: 0.0551, Train: 82.76%, Valid: 73.23%, Test: 73.94%, Best Valid: 77.66%, Best Test: 77.34%
Epoch: 900, Loss: 0.0855, Train: 82.59%, Valid: 74.82%, Test: 75.75%, Best Valid: 77.66%, Best Test: 77.34%
Epoch: 1000, Loss: 0.0196, Train: 82.59%, Valid: 75.94%, Test: 76.04%, Best Valid: 77.66%, Best Test: 77.34%
Run 01:
Highest Train: 85.34
Highest Valid: 77.66
Highest Test: 77.44
Chosen epoch: 204
Final Train: 84.66
Final Test: 77.34
Label budget: 20/class -> 194 train nodes
Computing oracle penalty matrix from true labels...
Oracle penalty matrix frozen.
Epoch: 00, Loss: 3.0117, Train: 22.76%, Valid: 23.19%, Test: 23.16%, Best Valid: 23.19%, Best Test: 23.16%
Switching Polynormer to global attention phase.
Epoch: 100, Loss: 2.5598, Train: 24.83%, Valid: 24.25%, Test: 24.10%, Best Valid: 75.94%, Best Test: 74.36%
Epoch: 200, Loss: 0.2375, Train: 80.34%, Valid: 75.18%, Test: 73.99%, Best Valid: 77.17%, Best Test: 75.44%
Epoch: 300, Loss: 0.2059, Train: 82.24%, Valid: 75.64%, Test: 74.57%, Best Valid: 77.38%, Best Test: 75.77%
Epoch: 400, Loss: 0.0700, Train: 81.55%, Valid: 74.84%, Test: 73.76%, Best Valid: 77.38%, Best Test: 75.77%
Epoch: 500, Loss: 0.0792, Train: 81.72%, Valid: 73.91%, Test: 71.78%, Best Valid: 77.38%, Best Test: 75.77%
Epoch: 600, Loss: 0.0254, Train: 82.07%, Valid: 75.03%, Test: 73.97%, Best Valid: 77.38%, Best Test: 75.77%
Epoch: 700, Loss: 0.1066, Train: 79.66%, Valid: 72.83%, Test: 72.38%, Best Valid: 77.38%, Best Test: 75.77%
Epoch: 800, Loss: 0.1322, Train: 81.21%, Valid: 74.42%, Test: 73.32%, Best Valid: 77.38%, Best Test: 75.77%
Epoch: 900, Loss: 0.0089, Train: 83.97%, Valid: 75.88%, Test: 74.35%, Best Valid: 77.38%, Best Test: 75.77%
Epoch: 1000, Loss: 0.0227, Train: 83.10%, Valid: 75.10%, Test: 73.85%, Best Valid: 77.38%, Best Test: 75.77%
Run 02:
Highest Train: 84.48
Highest Valid: 77.38
Highest Test: 76.12
Chosen epoch: 219
Final Train: 83.45
Final Test: 75.77
Label budget: 20/class -> 194 train nodes
Computing oracle penalty matrix from true labels...
Oracle penalty matrix frozen.
Epoch: 00, Loss: 2.9449, Train: 16.03%, Valid: 17.16%, Test: 16.09%, Best Valid: 17.16%, Best Test: 16.09%
Switching Polynormer to global attention phase.
Epoch: 100, Loss: 2.5679, Train: 12.24%, Valid: 12.15%, Test: 12.18%, Best Valid: 77.15%, Best Test: 75.92%
Epoch: 200, Loss: 0.2726, Train: 84.83%, Valid: 76.15%, Test: 75.30%, Best Valid: 77.34%, Best Test: 76.42%
Epoch: 300, Loss: 0.1388, Train: 79.14%, Valid: 72.62%, Test: 72.04%, Best Valid: 77.34%, Best Test: 76.42%
Epoch: 400, Loss: 0.1185, Train: 81.72%, Valid: 73.97%, Test: 73.61%, Best Valid: 77.34%, Best Test: 76.42%
Epoch: 500, Loss: 0.0431, Train: 82.24%, Valid: 74.40%, Test: 73.47%, Best Valid: 77.34%, Best Test: 76.42%
Epoch: 600, Loss: 0.1676, Train: 79.83%, Valid: 71.81%, Test: 70.70%, Best Valid: 77.34%, Best Test: 76.42%
Epoch: 700, Loss: 0.0096, Train: 81.38%, Valid: 74.14%, Test: 73.41%, Best Valid: 77.34%, Best Test: 76.42%
Epoch: 800, Loss: 0.0058, Train: 82.76%, Valid: 74.69%, Test: 74.06%, Best Valid: 77.34%, Best Test: 76.42%
Epoch: 900, Loss: 0.0108, Train: 83.79%, Valid: 75.84%, Test: 75.13%, Best Valid: 77.34%, Best Test: 76.42%
Epoch: 1000, Loss: 0.0541, Train: 82.93%, Valid: 74.73%, Test: 73.73%, Best Valid: 77.34%, Best Test: 76.42%
Run 03:
Highest Train: 86.38
Highest Valid: 77.34
Highest Test: 76.62
Chosen epoch: 197
Final Train: 84.66
Final Test: 76.42
Label budget: 20/class -> 194 train nodes
Computing oracle penalty matrix from true labels...
Oracle penalty matrix frozen.
Epoch: 00, Loss: 2.9455, Train: 14.14%, Valid: 15.13%, Test: 14.91%, Best Valid: 15.13%, Best Test: 14.91%
Switching Polynormer to global attention phase.
Epoch: 100, Loss: 2.5679, Train: 18.45%, Valid: 18.39%, Test: 18.40%, Best Valid: 76.37%, Best Test: 74.77%
Epoch: 200, Loss: 0.1137, Train: 84.31%, Valid: 76.17%, Test: 74.67%, Best Valid: 77.36%, Best Test: 75.94%
Epoch: 300, Loss: 0.1469, Train: 80.86%, Valid: 72.22%, Test: 71.90%, Best Valid: 77.36%, Best Test: 75.94%
Epoch: 400, Loss: 0.1167, Train: 80.17%, Valid: 74.06%, Test: 72.70%, Best Valid: 77.36%, Best Test: 75.94%
Epoch: 500, Loss: 0.0770, Train: 78.45%, Valid: 69.74%, Test: 68.67%, Best Valid: 77.36%, Best Test: 75.94%
Epoch: 600, Loss: 0.0718, Train: 77.41%, Valid: 70.44%, Test: 70.04%, Best Valid: 77.36%, Best Test: 75.94%
Epoch: 700, Loss: 0.0090, Train: 78.62%, Valid: 70.46%, Test: 70.84%, Best Valid: 77.36%, Best Test: 75.94%
Epoch: 800, Loss: 0.1305, Train: 78.62%, Valid: 71.63%, Test: 71.59%, Best Valid: 77.36%, Best Test: 75.94%
Epoch: 900, Loss: 0.0405, Train: 79.14%, Valid: 70.46%, Test: 70.51%, Best Valid: 77.36%, Best Test: 75.94%
Epoch: 1000, Loss: 0.0421, Train: 80.17%, Valid: 73.95%, Test: 72.23%, Best Valid: 77.36%, Best Test: 75.94%
Run 04:
Highest Train: 84.48
Highest Valid: 77.36
Highest Test: 75.97
Chosen epoch: 150
Final Train: 83.79
Final Test: 75.94
Label budget: 20/class -> 194 train nodes
Computing oracle penalty matrix from true labels...
Oracle penalty matrix frozen.
Epoch: 00, Loss: 2.9892, Train: 5.86%, Valid: 6.33%, Test: 6.46%, Best Valid: 6.33%, Best Test: 6.46%
Switching Polynormer to global attention phase.
Epoch: 100, Loss: 2.5662, Train: 26.55%, Valid: 26.00%, Test: 25.77%, Best Valid: 76.62%, Best Test: 75.03%
Epoch: 200, Loss: 0.3175, Train: 79.48%, Valid: 71.90%, Test: 71.11%, Best Valid: 77.76%, Best Test: 76.62%
Epoch: 300, Loss: 0.1465, Train: 79.66%, Valid: 73.02%, Test: 72.46%, Best Valid: 77.76%, Best Test: 76.62%
Epoch: 400, Loss: 0.1020, Train: 79.48%, Valid: 71.77%, Test: 71.27%, Best Valid: 77.76%, Best Test: 76.62%
Epoch: 500, Loss: 0.0982, Train: 79.83%, Valid: 71.81%, Test: 70.57%, Best Valid: 77.76%, Best Test: 76.62%
Epoch: 600, Loss: 0.1000, Train: 79.66%, Valid: 71.94%, Test: 70.98%, Best Valid: 77.76%, Best Test: 76.62%
Epoch: 700, Loss: 0.0164, Train: 80.52%, Valid: 73.32%, Test: 72.23%, Best Valid: 77.76%, Best Test: 76.62%
Epoch: 800, Loss: 0.0262, Train: 80.17%, Valid: 73.34%, Test: 72.14%, Best Valid: 77.76%, Best Test: 76.62%
Epoch: 900, Loss: 0.0495, Train: 81.03%, Valid: 73.36%, Test: 72.45%, Best Valid: 77.76%, Best Test: 76.62%
Epoch: 1000, Loss: 0.0112, Train: 80.17%, Valid: 72.83%, Test: 71.49%, Best Valid: 77.76%, Best Test: 76.62%
Run 05:
Highest Train: 83.79
Highest Valid: 77.76
Highest Test: 76.62
Chosen epoch: 174
Final Train: 82.24
Final Test: 76.62
Label budget: 20/class -> 194 train nodes
Computing oracle penalty matrix from true labels...
Oracle penalty matrix frozen.
Epoch: 00, Loss: 3.0657, Train: 5.86%, Valid: 4.87%, Test: 4.60%, Best Valid: 4.87%, Best Test: 4.60%
Switching Polynormer to global attention phase.
Epoch: 100, Loss: 2.5383, Train: 41.38%, Valid: 40.71%, Test: 40.47%, Best Valid: 73.95%, Best Test: 73.54%
Epoch: 200, Loss: 0.1712, Train: 81.21%, Valid: 72.73%, Test: 72.26%, Best Valid: 74.97%, Best Test: 74.43%
Epoch: 300, Loss: 0.1127, Train: 84.14%, Valid: 74.65%, Test: 73.97%, Best Valid: 75.56%, Best Test: 75.00%
Epoch: 400, Loss: 0.1405, Train: 82.24%, Valid: 73.85%, Test: 72.67%, Best Valid: 75.56%, Best Test: 75.00%
Epoch: 500, Loss: 0.0152, Train: 84.14%, Valid: 74.36%, Test: 73.56%, Best Valid: 75.56%, Best Test: 75.00%
Epoch: 600, Loss: 0.0873, Train: 83.28%, Valid: 74.14%, Test: 73.90%, Best Valid: 75.56%, Best Test: 75.00%
Epoch: 700, Loss: 0.0269, Train: 83.45%, Valid: 73.97%, Test: 73.25%, Best Valid: 76.15%, Best Test: 75.34%
Epoch: 800, Loss: 0.0786, Train: 82.07%, Valid: 72.87%, Test: 71.32%, Best Valid: 76.15%, Best Test: 75.34%
Epoch: 900, Loss: 0.0627, Train: 80.52%, Valid: 71.77%, Test: 70.67%, Best Valid: 76.15%, Best Test: 75.34%
Epoch: 1000, Loss: 0.3714, Train: 83.45%, Valid: 73.89%, Test: 73.68%, Best Valid: 76.15%, Best Test: 75.34%
Run 06:
Highest Train: 85.52
Highest Valid: 76.15
Highest Test: 75.34
Chosen epoch: 603
Final Train: 85.52
Final Test: 75.34
Label budget: 20/class -> 194 train nodes
Computing oracle penalty matrix from true labels...
Oracle penalty matrix frozen.
Epoch: 00, Loss: 2.9501, Train: 18.62%, Valid: 16.10%, Test: 16.45%, Best Valid: 16.10%, Best Test: 16.45%
Switching Polynormer to global attention phase.
Epoch: 100, Loss: 2.5784, Train: 18.45%, Valid: 18.39%, Test: 18.40%, Best Valid: 76.03%, Best Test: 74.79%
Epoch: 200, Loss: 0.1886, Train: 81.72%, Valid: 73.97%, Test: 72.64%, Best Valid: 77.38%, Best Test: 77.05%
Epoch: 300, Loss: 0.0866, Train: 82.41%, Valid: 72.34%, Test: 71.13%, Best Valid: 77.38%, Best Test: 77.05%
Epoch: 400, Loss: 0.0624, Train: 84.83%, Valid: 75.86%, Test: 74.93%, Best Valid: 77.38%, Best Test: 77.05%
Epoch: 500, Loss: 0.0372, Train: 84.66%, Valid: 74.67%, Test: 74.28%, Best Valid: 77.38%, Best Test: 77.05%
Epoch: 600, Loss: 0.0690, Train: 79.14%, Valid: 69.78%, Test: 68.07%, Best Valid: 77.38%, Best Test: 77.05%
Epoch: 700, Loss: 0.0967, Train: 83.45%, Valid: 72.89%, Test: 71.75%, Best Valid: 77.38%, Best Test: 77.05%
Epoch: 800, Loss: 0.0056, Train: 81.38%, Valid: 71.46%, Test: 70.38%, Best Valid: 77.38%, Best Test: 77.05%
Epoch: 900, Loss: 0.0675, Train: 81.90%, Valid: 71.73%, Test: 70.79%, Best Valid: 77.38%, Best Test: 77.05%
Epoch: 1000, Loss: 0.0103, Train: 83.28%, Valid: 74.12%, Test: 73.41%, Best Valid: 77.38%, Best Test: 77.05%
Run 07:
Highest Train: 86.38
Highest Valid: 77.38
Highest Test: 77.05
Chosen epoch: 183
Final Train: 85.52
Final Test: 77.05
Label budget: 20/class -> 194 train nodes
Computing oracle penalty matrix from true labels...
Oracle penalty matrix frozen.
Epoch: 00, Loss: 3.0510, Train: 10.34%, Valid: 9.99%, Test: 10.28%, Best Valid: 9.99%, Best Test: 10.28%
Switching Polynormer to global attention phase.
Epoch: 100, Loss: 2.5302, Train: 26.21%, Valid: 26.45%, Test: 26.30%, Best Valid: 74.46%, Best Test: 73.54%
Epoch: 200, Loss: 0.2140, Train: 79.48%, Valid: 70.29%, Test: 69.37%, Best Valid: 74.46%, Best Test: 73.54%
Epoch: 300, Loss: 0.2096, Train: 78.97%, Valid: 70.97%, Test: 70.02%, Best Valid: 74.46%, Best Test: 73.54%
Epoch: 400, Loss: 0.1020, Train: 77.59%, Valid: 70.42%, Test: 68.99%, Best Valid: 74.46%, Best Test: 73.54%
Epoch: 500, Loss: 0.1070, Train: 79.66%, Valid: 71.03%, Test: 69.75%, Best Valid: 74.46%, Best Test: 73.54%
Epoch: 600, Loss: 0.0956, Train: 79.83%, Valid: 72.51%, Test: 71.68%, Best Valid: 74.46%, Best Test: 73.54%
Epoch: 700, Loss: 0.1342, Train: 77.07%, Valid: 69.25%, Test: 68.79%, Best Valid: 74.46%, Best Test: 73.54%
Epoch: 800, Loss: 0.0237, Train: 80.69%, Valid: 71.46%, Test: 70.70%, Best Valid: 74.46%, Best Test: 73.54%
Epoch: 900, Loss: 0.0814, Train: 77.07%, Valid: 69.62%, Test: 68.98%, Best Valid: 74.46%, Best Test: 73.54%
Epoch: 1000, Loss: 0.0161, Train: 77.59%, Valid: 71.20%, Test: 70.67%, Best Valid: 74.46%, Best Test: 73.54%
Run 08:
Highest Train: 82.76
Highest Valid: 74.46
Highest Test: 73.92
Chosen epoch: 89
Final Train: 80.86
Final Test: 73.54
Label budget: 20/class -> 194 train nodes
Computing oracle penalty matrix from true labels...
Oracle penalty matrix frozen.
Epoch: 00, Loss: 3.0181, Train: 16.90%, Valid: 16.82%, Test: 16.26%, Best Valid: 16.82%, Best Test: 16.26%
Switching Polynormer to global attention phase.
Epoch: 100, Loss: 2.5662, Train: 21.38%, Valid: 20.36%, Test: 19.92%, Best Valid: 76.75%, Best Test: 76.30%
Epoch: 200, Loss: 0.1447, Train: 85.34%, Valid: 76.11%, Test: 75.73%, Best Valid: 77.15%, Best Test: 76.71%
Epoch: 300, Loss: 0.1140, Train: 87.24%, Valid: 75.46%, Test: 75.10%, Best Valid: 77.15%, Best Test: 76.71%
Epoch: 400, Loss: 0.0319, Train: 84.31%, Valid: 74.82%, Test: 74.86%, Best Valid: 77.21%, Best Test: 76.79%
Epoch: 500, Loss: 0.0416, Train: 87.76%, Valid: 76.09%, Test: 75.80%, Best Valid: 77.21%, Best Test: 76.79%
Epoch: 600, Loss: 0.0489, Train: 85.86%, Valid: 75.69%, Test: 75.08%, Best Valid: 77.21%, Best Test: 76.79%
Epoch: 700, Loss: 0.0416, Train: 87.41%, Valid: 75.90%, Test: 75.35%, Best Valid: 77.21%, Best Test: 76.79%
Epoch: 800, Loss: 0.0064, Train: 85.86%, Valid: 74.57%, Test: 73.95%, Best Valid: 77.21%, Best Test: 76.79%
Epoch: 900, Loss: 0.0121, Train: 85.69%, Valid: 75.22%, Test: 75.22%, Best Valid: 77.21%, Best Test: 76.79%
Epoch: 1000, Loss: 0.0191, Train: 85.86%, Valid: 74.12%, Test: 73.51%, Best Valid: 77.21%, Best Test: 76.79%
Run 09:
Highest Train: 88.79
Highest Valid: 77.21
Highest Test: 76.79
Chosen epoch: 303
Final Train: 87.41
Final Test: 76.79
Label budget: 20/class -> 194 train nodes
Computing oracle penalty matrix from true labels...
Oracle penalty matrix frozen.
Epoch: 00, Loss: 2.9442, Train: 6.21%, Valid: 5.97%, Test: 6.19%, Best Valid: 5.97%, Best Test: 6.19%
Switching Polynormer to global attention phase.
Epoch: 100, Loss: 2.5341, Train: 17.93%, Valid: 17.94%, Test: 17.72%, Best Valid: 75.41%, Best Test: 73.90%
Epoch: 200, Loss: 0.2107, Train: 78.79%, Valid: 70.65%, Test: 69.21%, Best Valid: 75.41%, Best Test: 73.90%
Epoch: 300, Loss: 0.2392, Train: 80.69%, Valid: 72.32%, Test: 71.25%, Best Valid: 75.41%, Best Test: 73.90%
Epoch: 400, Loss: 0.0437, Train: 79.48%, Valid: 71.39%, Test: 70.36%, Best Valid: 75.41%, Best Test: 73.90%
Epoch: 500, Loss: 0.2832, Train: 80.17%, Valid: 72.51%, Test: 71.42%, Best Valid: 75.41%, Best Test: 73.90%
Epoch: 600, Loss: 0.0307, Train: 79.66%, Valid: 71.05%, Test: 70.93%, Best Valid: 75.41%, Best Test: 73.90%
Epoch: 700, Loss: 0.0135, Train: 78.10%, Valid: 70.52%, Test: 69.83%, Best Valid: 75.41%, Best Test: 73.90%
Epoch: 800, Loss: 0.0148, Train: 80.86%, Valid: 71.52%, Test: 70.46%, Best Valid: 75.41%, Best Test: 73.90%
Epoch: 900, Loss: 0.0600, Train: 78.45%, Valid: 71.50%, Test: 71.13%, Best Valid: 75.41%, Best Test: 73.90%
Epoch: 1000, Loss: 0.0190, Train: 81.21%, Valid: 72.60%, Test: 71.63%, Best Valid: 75.41%, Best Test: 73.90%
Run 10:
Highest Train: 82.76
Highest Valid: 75.41
Highest Test: 74.09
Chosen epoch: 88
Final Train: 80.17
Final Test: 73.90
All runs:
Highest Train: 85.07 ± 1.84
Highest Test: 76.00 ± 1.20
Highest Valid: 76.81 ± 1.10
  Final Train: 83.83 ± 2.23
   Final Test: 75.87 ± 1.28
Saving results to ../results/lowlabel/wikics/polynormer.csv
--- oracle_reg | lambda=0.2 ---
Namespace(aggregate='add', alpha=0.5, attention='gcn', beta=-1.0, bn=False, budget_tag='20', count_reg=False, count_smoothing=1.0, cpu=False, data_dir='../data/', dataset='wikics', device=0, dim_inner=512, display_step=100, dropout=0.5, epochs=500, global_dropout=None, global_epochs=1000, global_layers=2, gnn='gcn', graph_weight=0.8, hidden_channels=512, hops=10, in_dropout=0.5, jk=False, label_num_per_class=20, lambda_val=0.2, layers=1, ln=False, local_epochs=100, local_gnn_type='GCN', local_layers=7, lr=0.001, metric='acc', mlp_epochs=500, mlp_reg=False, model='polynormer', model_dir='models/lowlabel_1161133_293', n_heads=1, num_centroids=4096, num_heads=1, oracle_reg=True, paired_seeds=True, pe_types='RWSE', penalty_transform='none', pre_linear=False, pre_ln=False, rand_split=False, rand_split_class=False, reg_start_epoch=10, reg_update_freq=5, res=False, resample_split_per_run=False, result_dir='../results/lowlabel', runs=10, save_model=True, save_result=False, seed=42, test_num=1000, tr_dropout=None, tr_layers=1, tr_weight_decay=None, train_per_class=20, train_prop=0.5, use_act=False, use_bn=False, use_graph=False, use_reg=True, use_residual=False, use_weight=False, valid_num=500, valid_per_class=0, valid_prop=0.25, weight_decay=0.0)
wikics
dataset wikics | num nodes 11701 | num edge 431726 | num node feats 300 | num classes 10
MODEL: Polynormer(
  (h_lins): ModuleList(
    (0): Linear(in_features=512, out_features=512, bias=True)
    (1): Linear(in_features=512, out_features=512, bias=True)
    (2): Linear(in_features=512, out_features=512, bias=True)
    (3): Linear(in_features=512, out_features=512, bias=True)
    (4): Linear(in_features=512, out_features=512, bias=True)
    (5): Linear(in_features=512, out_features=512, bias=True)
    (6): Linear(in_features=512, out_features=512, bias=True)
  )
  (local_convs): ModuleList(
    (0): GATConv(512, 512, heads=1)
    (1): GATConv(512, 512, heads=1)
    (2): GATConv(512, 512, heads=1)
    (3): GATConv(512, 512, heads=1)
    (4): GATConv(512, 512, heads=1)
    (5): GATConv(512, 512, heads=1)
    (6): GATConv(512, 512, heads=1)
  )
  (lins): ModuleList(
    (0): Linear(in_features=512, out_features=512, bias=True)
    (1): Linear(in_features=512, out_features=512, bias=True)
    (2): Linear(in_features=512, out_features=512, bias=True)
    (3): Linear(in_features=512, out_features=512, bias=True)
    (4): Linear(in_features=512, out_features=512, bias=True)
    (5): Linear(in_features=512, out_features=512, bias=True)
    (6): Linear(in_features=512, out_features=512, bias=True)
  )
  (lns): ModuleList(
    (0): LayerNorm((512,), eps=1e-05, elementwise_affine=True)
    (1): LayerNorm((512,), eps=1e-05, elementwise_affine=True)
    (2): LayerNorm((512,), eps=1e-05, elementwise_affine=True)
    (3): LayerNorm((512,), eps=1e-05, elementwise_affine=True)
    (4): LayerNorm((512,), eps=1e-05, elementwise_affine=True)
    (5): LayerNorm((512,), eps=1e-05, elementwise_affine=True)
    (6): LayerNorm((512,), eps=1e-05, elementwise_affine=True)
  )
  (lin_in): Linear(in_features=300, out_features=512, bias=True)
  (ln): LayerNorm((512,), eps=1e-05, elementwise_affine=True)
  (global_attn): GlobalAttn(
    (h_lins): ModuleList(
      (0): Linear(in_features=512, out_features=512, bias=True)
      (1): Linear(in_features=512, out_features=512, bias=True)
    )
    (k_lins): ModuleList(
      (0): Linear(in_features=512, out_features=512, bias=True)
      (1): Linear(in_features=512, out_features=512, bias=True)
    )
    (v_lins): ModuleList(
      (0): Linear(in_features=512, out_features=512, bias=True)
      (1): Linear(in_features=512, out_features=512, bias=True)
    )
    (lns): ModuleList(
      (0): LayerNorm((512,), eps=1e-05, elementwise_affine=True)
      (1): LayerNorm((512,), eps=1e-05, elementwise_affine=True)
    )
    (lin_out): Linear(in_features=512, out_features=512, bias=True)
  )
  (pred_local): Linear(in_features=512, out_features=10, bias=True)
  (pred_global): Linear(in_features=512, out_features=10, bias=True)
)
Label budget: 20/class -> 194 train nodes
Computing oracle penalty matrix from true labels...
Oracle penalty matrix frozen.
Epoch: 00, Loss: 3.4205, Train: 18.45%, Valid: 18.01%, Test: 17.99%, Best Valid: 18.01%, Best Test: 17.99%
Switching Polynormer to global attention phase.
Epoch: 100, Loss: 2.7760, Train: 21.21%, Valid: 20.53%, Test: 20.85%, Best Valid: 75.77%, Best Test: 75.42%
Epoch: 200, Loss: 0.2751, Train: 81.38%, Valid: 73.76%, Test: 73.85%, Best Valid: 76.96%, Best Test: 76.16%
Epoch: 300, Loss: 0.1640, Train: 82.76%, Valid: 74.52%, Test: 74.53%, Best Valid: 77.46%, Best Test: 76.45%
Epoch: 400, Loss: 0.1514, Train: 84.48%, Valid: 76.66%, Test: 76.60%, Best Valid: 77.68%, Best Test: 76.76%
Epoch: 500, Loss: 0.0706, Train: 82.76%, Valid: 76.11%, Test: 75.82%, Best Valid: 77.68%, Best Test: 76.76%
Epoch: 600, Loss: 0.0964, Train: 84.83%, Valid: 77.21%, Test: 76.65%, Best Valid: 78.10%, Best Test: 78.19%
Epoch: 700, Loss: 0.0331, Train: 82.93%, Valid: 75.31%, Test: 75.20%, Best Valid: 78.10%, Best Test: 78.19%
Epoch: 800, Loss: 0.0978, Train: 84.48%, Valid: 75.90%, Test: 75.94%, Best Valid: 78.10%, Best Test: 78.19%
Epoch: 900, Loss: 0.0367, Train: 82.07%, Valid: 72.87%, Test: 73.25%, Best Valid: 78.10%, Best Test: 78.19%
Epoch: 1000, Loss: 0.1018, Train: 81.38%, Valid: 74.06%, Test: 74.14%, Best Valid: 78.10%, Best Test: 78.19%
Run 01:
Highest Train: 86.21
Highest Valid: 78.10
Highest Test: 78.23
Chosen epoch: 585
Final Train: 85.86
Final Test: 78.19
Label budget: 20/class -> 194 train nodes
Computing oracle penalty matrix from true labels...
Oracle penalty matrix frozen.
Epoch: 00, Loss: 3.2855, Train: 22.93%, Valid: 23.81%, Test: 23.70%, Best Valid: 23.81%, Best Test: 23.70%
Switching Polynormer to global attention phase.
Epoch: 100, Loss: 2.7881, Train: 37.93%, Valid: 37.50%, Test: 37.13%, Best Valid: 76.56%, Best Test: 75.47%
Epoch: 200, Loss: 0.2448, Train: 79.83%, Valid: 73.13%, Test: 72.23%, Best Valid: 77.32%, Best Test: 76.57%
Epoch: 300, Loss: 0.1460, Train: 82.07%, Valid: 74.95%, Test: 73.76%, Best Valid: 77.32%, Best Test: 76.57%
Epoch: 400, Loss: 0.1221, Train: 81.03%, Valid: 73.49%, Test: 72.67%, Best Valid: 77.32%, Best Test: 76.57%
Epoch: 500, Loss: 0.2580, Train: 82.76%, Valid: 74.40%, Test: 74.52%, Best Valid: 77.32%, Best Test: 76.57%
Epoch: 600, Loss: 0.0534, Train: 81.72%, Valid: 74.48%, Test: 73.06%, Best Valid: 77.32%, Best Test: 76.57%
Epoch: 700, Loss: 0.0118, Train: 78.62%, Valid: 71.75%, Test: 71.06%, Best Valid: 77.32%, Best Test: 76.57%
Epoch: 800, Loss: 0.0530, Train: 82.76%, Valid: 74.02%, Test: 73.52%, Best Valid: 77.32%, Best Test: 76.57%
Epoch: 900, Loss: 0.0752, Train: 81.72%, Valid: 74.08%, Test: 73.47%, Best Valid: 77.32%, Best Test: 76.57%
Epoch: 1000, Loss: 0.0367, Train: 78.97%, Valid: 70.95%, Test: 70.17%, Best Valid: 77.32%, Best Test: 76.57%
Run 02:
Highest Train: 84.48
Highest Valid: 77.32
Highest Test: 76.57
Chosen epoch: 195
Final Train: 82.59
Final Test: 76.57
Label budget: 20/class -> 194 train nodes
Computing oracle penalty matrix from true labels...
Oracle penalty matrix frozen.
Epoch: 00, Loss: 3.2126, Train: 12.76%, Valid: 13.75%, Test: 13.51%, Best Valid: 13.75%, Best Test: 13.51%
Switching Polynormer to global attention phase.
Epoch: 100, Loss: 2.7883, Train: 34.48%, Valid: 33.69%, Test: 33.57%, Best Valid: 77.53%, Best Test: 75.65%
Epoch: 200, Loss: 0.2654, Train: 82.24%, Valid: 74.18%, Test: 73.44%, Best Valid: 77.53%, Best Test: 75.65%
Epoch: 300, Loss: 0.1965, Train: 83.10%, Valid: 75.18%, Test: 74.31%, Best Valid: 77.53%, Best Test: 75.65%
Epoch: 400, Loss: 0.1140, Train: 85.69%, Valid: 77.27%, Test: 76.57%, Best Valid: 78.19%, Best Test: 77.01%
Epoch: 500, Loss: 0.0277, Train: 83.28%, Valid: 75.03%, Test: 74.57%, Best Valid: 78.19%, Best Test: 77.01%
Epoch: 600, Loss: 0.0710, Train: 85.34%, Valid: 77.13%, Test: 76.40%, Best Valid: 78.19%, Best Test: 77.01%
Epoch: 700, Loss: 0.1158, Train: 83.45%, Valid: 75.03%, Test: 74.52%, Best Valid: 78.19%, Best Test: 77.01%
Epoch: 800, Loss: 0.0057, Train: 81.90%, Valid: 73.53%, Test: 73.95%, Best Valid: 78.19%, Best Test: 77.01%
Epoch: 900, Loss: 0.0433, Train: 82.24%, Valid: 73.89%, Test: 73.49%, Best Valid: 78.19%, Best Test: 77.01%
Epoch: 1000, Loss: 0.0222, Train: 81.38%, Valid: 72.54%, Test: 72.84%, Best Valid: 78.19%, Best Test: 77.01%
Run 03:
Highest Train: 85.69
Highest Valid: 78.19
Highest Test: 77.29
Chosen epoch: 318
Final Train: 85.34
Final Test: 77.01
Label budget: 20/class -> 194 train nodes
Computing oracle penalty matrix from true labels...
Oracle penalty matrix frozen.
Epoch: 00, Loss: 3.2133, Train: 15.34%, Valid: 14.98%, Test: 15.08%, Best Valid: 14.98%, Best Test: 15.08%
Switching Polynormer to global attention phase.
Epoch: 100, Loss: 2.8007, Train: 18.45%, Valid: 18.39%, Test: 18.40%, Best Valid: 76.72%, Best Test: 75.73%
Epoch: 200, Loss: 0.2286, Train: 84.66%, Valid: 77.10%, Test: 75.83%, Best Valid: 78.42%, Best Test: 76.96%
Epoch: 300, Loss: 0.0693, Train: 82.07%, Valid: 74.14%, Test: 73.03%, Best Valid: 78.42%, Best Test: 76.96%
Epoch: 400, Loss: 0.0395, Train: 82.41%, Valid: 73.81%, Test: 73.03%, Best Valid: 78.42%, Best Test: 76.96%
Epoch: 500, Loss: 0.0427, Train: 80.69%, Valid: 73.63%, Test: 73.18%, Best Valid: 78.42%, Best Test: 76.96%
Epoch: 600, Loss: 0.1256, Train: 78.62%, Valid: 69.81%, Test: 70.04%, Best Valid: 78.42%, Best Test: 76.96%
Epoch: 700, Loss: 0.0134, Train: 81.03%, Valid: 73.47%, Test: 72.65%, Best Valid: 78.42%, Best Test: 76.96%
Epoch: 800, Loss: 0.0337, Train: 81.72%, Valid: 73.70%, Test: 73.17%, Best Valid: 78.42%, Best Test: 76.96%
Epoch: 900, Loss: 0.0579, Train: 80.34%, Valid: 72.66%, Test: 71.90%, Best Valid: 78.42%, Best Test: 76.96%
Epoch: 1000, Loss: 0.0589, Train: 79.83%, Valid: 72.03%, Test: 71.92%, Best Valid: 78.42%, Best Test: 76.96%
Run 04:
Highest Train: 85.86
Highest Valid: 78.42
Highest Test: 76.96
Chosen epoch: 133
Final Train: 84.66
Final Test: 76.96
Label budget: 20/class -> 194 train nodes
Computing oracle penalty matrix from true labels...
Oracle penalty matrix frozen.
Epoch: 00, Loss: 3.2609, Train: 5.17%, Valid: 5.65%, Test: 5.76%, Best Valid: 5.65%, Best Test: 5.76%
Switching Polynormer to global attention phase.
Epoch: 100, Loss: 2.8005, Train: 18.45%, Valid: 18.39%, Test: 18.40%, Best Valid: 75.90%, Best Test: 75.06%
Epoch: 200, Loss: 0.2730, Train: 81.03%, Valid: 76.20%, Test: 74.41%, Best Valid: 76.79%, Best Test: 75.17%
Epoch: 300, Loss: 0.2540, Train: 82.07%, Valid: 72.98%, Test: 71.69%, Best Valid: 76.79%, Best Test: 75.17%
Epoch: 400, Loss: 0.2001, Train: 79.83%, Valid: 72.15%, Test: 71.11%, Best Valid: 76.79%, Best Test: 75.17%
Epoch: 500, Loss: 0.0564, Train: 79.14%, Valid: 71.84%, Test: 70.14%, Best Valid: 76.79%, Best Test: 75.17%
Epoch: 600, Loss: 0.0362, Train: 78.62%, Valid: 70.65%, Test: 69.83%, Best Valid: 76.79%, Best Test: 75.17%
Epoch: 700, Loss: 0.0614, Train: 79.31%, Valid: 70.67%, Test: 70.28%, Best Valid: 76.79%, Best Test: 75.17%
Epoch: 800, Loss: 0.0931, Train: 78.45%, Valid: 70.57%, Test: 69.23%, Best Valid: 76.79%, Best Test: 75.17%
Epoch: 900, Loss: 0.0444, Train: 80.34%, Valid: 71.84%, Test: 71.44%, Best Valid: 76.79%, Best Test: 75.17%
Epoch: 1000, Loss: 0.0251, Train: 78.79%, Valid: 70.80%, Test: 69.92%, Best Valid: 76.79%, Best Test: 75.17%
Run 05:
Highest Train: 84.31
Highest Valid: 76.79
Highest Test: 75.17
Chosen epoch: 192
Final Train: 81.38
Final Test: 75.17
Label budget: 20/class -> 194 train nodes
Computing oracle penalty matrix from true labels...
Oracle penalty matrix frozen.
Epoch: 00, Loss: 3.3444, Train: 5.52%, Valid: 5.12%, Test: 4.94%, Best Valid: 5.12%, Best Test: 4.94%
Switching Polynormer to global attention phase.
Epoch: 100, Loss: 2.7584, Train: 18.79%, Valid: 18.77%, Test: 18.69%, Best Valid: 74.21%, Best Test: 73.41%
Epoch: 200, Loss: 0.1985, Train: 80.86%, Valid: 72.89%, Test: 72.41%, Best Valid: 75.60%, Best Test: 74.77%
Epoch: 300, Loss: 0.1089, Train: 84.83%, Valid: 74.02%, Test: 73.27%, Best Valid: 75.75%, Best Test: 74.40%
Epoch: 400, Loss: 0.0504, Train: 83.79%, Valid: 74.40%, Test: 73.94%, Best Valid: 75.75%, Best Test: 74.40%
Epoch: 500, Loss: 0.0289, Train: 82.07%, Valid: 72.60%, Test: 72.05%, Best Valid: 75.75%, Best Test: 74.40%
Epoch: 600, Loss: 0.0597, Train: 82.24%, Valid: 72.98%, Test: 72.50%, Best Valid: 75.75%, Best Test: 74.40%
Epoch: 700, Loss: 0.0537, Train: 82.41%, Valid: 74.21%, Test: 72.84%, Best Valid: 75.75%, Best Test: 74.40%
Epoch: 800, Loss: 0.0056, Train: 81.03%, Valid: 72.49%, Test: 71.25%, Best Valid: 75.75%, Best Test: 74.40%
Epoch: 900, Loss: 0.0249, Train: 82.93%, Valid: 73.97%, Test: 72.96%, Best Valid: 75.75%, Best Test: 74.40%
Epoch: 1000, Loss: 0.0124, Train: 83.10%, Valid: 74.63%, Test: 73.30%, Best Valid: 75.96%, Best Test: 75.08%
Run 06:
Highest Train: 85.00
Highest Valid: 75.96
Highest Test: 75.08
Chosen epoch: 994
Final Train: 84.14
Final Test: 75.08
Label budget: 20/class -> 194 train nodes
Computing oracle penalty matrix from true labels...
Oracle penalty matrix frozen.
Epoch: 00, Loss: 3.2182, Train: 18.10%, Valid: 16.38%, Test: 17.00%, Best Valid: 16.38%, Best Test: 17.00%
Switching Polynormer to global attention phase.
Epoch: 100, Loss: 2.8115, Train: 18.45%, Valid: 18.39%, Test: 18.40%, Best Valid: 76.20%, Best Test: 75.83%
Epoch: 200, Loss: 0.3599, Train: 85.52%, Valid: 74.91%, Test: 74.76%, Best Valid: 77.04%, Best Test: 76.62%
Epoch: 300, Loss: 0.1189, Train: 83.28%, Valid: 73.63%, Test: 73.11%, Best Valid: 77.04%, Best Test: 76.62%
Epoch: 400, Loss: 0.1164, Train: 83.62%, Valid: 74.48%, Test: 73.82%, Best Valid: 77.04%, Best Test: 76.62%
Epoch: 500, Loss: 0.0674, Train: 83.10%, Valid: 72.89%, Test: 71.61%, Best Valid: 77.04%, Best Test: 76.62%
Epoch: 600, Loss: 0.0576, Train: 81.90%, Valid: 72.32%, Test: 70.81%, Best Valid: 77.04%, Best Test: 76.62%
Epoch: 700, Loss: 0.0673, Train: 83.62%, Valid: 73.80%, Test: 73.08%, Best Valid: 77.04%, Best Test: 76.62%
Epoch: 800, Loss: 0.0043, Train: 86.03%, Valid: 75.56%, Test: 75.08%, Best Valid: 77.04%, Best Test: 76.62%
Epoch: 900, Loss: 0.0043, Train: 85.00%, Valid: 74.99%, Test: 74.36%, Best Valid: 77.04%, Best Test: 76.62%
Epoch: 1000, Loss: 0.0037, Train: 85.69%, Valid: 75.12%, Test: 74.45%, Best Valid: 77.04%, Best Test: 76.62%
Run 07:
Highest Train: 86.72
Highest Valid: 77.04
Highest Test: 76.62
Chosen epoch: 165
Final Train: 86.55
Final Test: 76.62
Label budget: 20/class -> 194 train nodes
Computing oracle penalty matrix from true labels...
Oracle penalty matrix frozen.
Epoch: 00, Loss: 3.3284, Train: 11.21%, Valid: 10.77%, Test: 10.60%, Best Valid: 10.77%, Best Test: 10.60%
Switching Polynormer to global attention phase.
Epoch: 100, Loss: 2.7769, Train: 23.62%, Valid: 23.30%, Test: 23.69%, Best Valid: 74.04%, Best Test: 72.84%
Epoch: 200, Loss: 0.2557, Train: 79.66%, Valid: 71.43%, Test: 70.40%, Best Valid: 75.09%, Best Test: 73.54%
Epoch: 300, Loss: 0.1487, Train: 78.28%, Valid: 70.99%, Test: 70.41%, Best Valid: 75.09%, Best Test: 73.54%
Epoch: 400, Loss: 0.0687, Train: 79.48%, Valid: 71.16%, Test: 70.67%, Best Valid: 75.09%, Best Test: 73.54%
Epoch: 500, Loss: 0.0866, Train: 80.34%, Valid: 73.21%, Test: 72.52%, Best Valid: 75.09%, Best Test: 73.54%
Epoch: 600, Loss: 0.0500, Train: 78.97%, Valid: 71.24%, Test: 70.17%, Best Valid: 75.09%, Best Test: 73.54%
Epoch: 700, Loss: 0.1355, Train: 78.79%, Valid: 70.59%, Test: 70.48%, Best Valid: 75.09%, Best Test: 73.54%
Epoch: 800, Loss: 0.0833, Train: 80.17%, Valid: 72.09%, Test: 70.82%, Best Valid: 75.09%, Best Test: 73.54%
Epoch: 900, Loss: 0.0309, Train: 77.76%, Valid: 69.36%, Test: 68.84%, Best Valid: 75.09%, Best Test: 73.54%
Epoch: 1000, Loss: 0.0172, Train: 80.52%, Valid: 70.84%, Test: 70.33%, Best Valid: 75.09%, Best Test: 73.54%
Run 08:
Highest Train: 82.07
Highest Valid: 75.09
Highest Test: 74.02
Chosen epoch: 129
Final Train: 79.66
Final Test: 73.54
Label budget: 20/class -> 194 train nodes
Computing oracle penalty matrix from true labels...
Oracle penalty matrix frozen.
Epoch: 00, Loss: 3.2924, Train: 16.90%, Valid: 17.01%, Test: 16.25%, Best Valid: 17.01%, Best Test: 16.25%
Switching Polynormer to global attention phase.
Epoch: 100, Loss: 2.8106, Train: 18.45%, Valid: 18.39%, Test: 18.40%, Best Valid: 76.03%, Best Test: 75.27%
Epoch: 200, Loss: 0.1666, Train: 86.21%, Valid: 73.83%, Test: 74.12%, Best Valid: 77.83%, Best Test: 77.42%
Epoch: 300, Loss: 0.1601, Train: 85.17%, Valid: 73.00%, Test: 72.87%, Best Valid: 77.83%, Best Test: 77.42%
Epoch: 400, Loss: 0.1528, Train: 86.21%, Valid: 74.65%, Test: 74.59%, Best Valid: 77.83%, Best Test: 77.42%
Epoch: 500, Loss: 0.1744, Train: 86.03%, Valid: 73.91%, Test: 73.76%, Best Valid: 77.83%, Best Test: 77.42%
Epoch: 600, Loss: 0.0809, Train: 88.45%, Valid: 76.83%, Test: 76.07%, Best Valid: 77.83%, Best Test: 77.42%
Epoch: 700, Loss: 0.0158, Train: 87.76%, Valid: 76.24%, Test: 76.02%, Best Valid: 77.83%, Best Test: 77.42%
Epoch: 800, Loss: 0.1118, Train: 86.72%, Valid: 74.46%, Test: 74.24%, Best Valid: 77.83%, Best Test: 77.42%
Epoch: 900, Loss: 0.0317, Train: 84.48%, Valid: 74.08%, Test: 73.92%, Best Valid: 77.83%, Best Test: 77.42%
Epoch: 1000, Loss: 0.0563, Train: 86.21%, Valid: 74.91%, Test: 74.48%, Best Valid: 77.83%, Best Test: 77.42%
Run 09:
Highest Train: 89.14
Highest Valid: 77.83
Highest Test: 77.48
Chosen epoch: 152
Final Train: 88.79
Final Test: 77.42
Label budget: 20/class -> 194 train nodes
Computing oracle penalty matrix from true labels...
Oracle penalty matrix frozen.
Epoch: 00, Loss: 3.2119, Train: 6.55%, Valid: 6.09%, Test: 6.43%, Best Valid: 6.09%, Best Test: 6.43%
Switching Polynormer to global attention phase.
Epoch: 100, Loss: 2.7790, Train: 18.45%, Valid: 18.39%, Test: 18.40%, Best Valid: 75.64%, Best Test: 73.99%
Epoch: 200, Loss: 0.3282, Train: 79.14%, Valid: 71.37%, Test: 70.53%, Best Valid: 76.28%, Best Test: 74.47%
Epoch: 300, Loss: 0.1818, Train: 78.97%, Valid: 71.39%, Test: 69.85%, Best Valid: 76.28%, Best Test: 74.47%
Epoch: 400, Loss: 0.0916, Train: 77.76%, Valid: 71.05%, Test: 70.19%, Best Valid: 76.28%, Best Test: 74.47%
Epoch: 500, Loss: 0.1489, Train: 76.72%, Valid: 70.44%, Test: 70.28%, Best Valid: 76.28%, Best Test: 74.47%
Epoch: 600, Loss: 0.1255, Train: 81.03%, Valid: 72.17%, Test: 71.01%, Best Valid: 76.28%, Best Test: 74.47%
Epoch: 700, Loss: 0.0389, Train: 81.38%, Valid: 73.49%, Test: 73.08%, Best Valid: 76.28%, Best Test: 74.47%
Epoch: 800, Loss: 0.0192, Train: 80.52%, Valid: 71.35%, Test: 70.53%, Best Valid: 76.28%, Best Test: 74.47%
Epoch: 900, Loss: 0.0405, Train: 80.34%, Valid: 72.89%, Test: 71.83%, Best Valid: 76.28%, Best Test: 74.47%
Epoch: 1000, Loss: 0.0040, Train: 78.28%, Valid: 70.65%, Test: 69.71%, Best Valid: 76.28%, Best Test: 74.47%
Run 10:
Highest Train: 83.45
Highest Valid: 76.28
Highest Test: 74.47
Chosen epoch: 127
Final Train: 79.14
Final Test: 74.47
All runs:
Highest Train: 85.29 ± 1.93
Highest Test: 76.19 ± 1.41
Highest Valid: 77.10 ± 1.09
  Final Train: 83.81 ± 3.10
   Final Test: 76.10 ± 1.47
Saving results to ../results/lowlabel/wikics/polynormer.csv
--- oracle_reg | lambda=0.4 ---
Namespace(aggregate='add', alpha=0.5, attention='gcn', beta=-1.0, bn=False, budget_tag='20', count_reg=False, count_smoothing=1.0, cpu=False, data_dir='../data/', dataset='wikics', device=0, dim_inner=512, display_step=100, dropout=0.5, epochs=500, global_dropout=None, global_epochs=1000, global_layers=2, gnn='gcn', graph_weight=0.8, hidden_channels=512, hops=10, in_dropout=0.5, jk=False, label_num_per_class=20, lambda_val=0.4, layers=1, ln=False, local_epochs=100, local_gnn_type='GCN', local_layers=7, lr=0.001, metric='acc', mlp_epochs=500, mlp_reg=False, model='polynormer', model_dir='models/lowlabel_1161133_293', n_heads=1, num_centroids=4096, num_heads=1, oracle_reg=True, paired_seeds=True, pe_types='RWSE', penalty_transform='none', pre_linear=False, pre_ln=False, rand_split=False, rand_split_class=False, reg_start_epoch=10, reg_update_freq=5, res=False, resample_split_per_run=False, result_dir='../results/lowlabel', runs=10, save_model=True, save_result=False, seed=42, test_num=1000, tr_dropout=None, tr_layers=1, tr_weight_decay=None, train_per_class=20, train_prop=0.5, use_act=False, use_bn=False, use_graph=False, use_reg=True, use_residual=False, use_weight=False, valid_num=500, valid_per_class=0, valid_prop=0.25, weight_decay=0.0)
wikics
dataset wikics | num nodes 11701 | num edge 431726 | num node feats 300 | num classes 10
MODEL: Polynormer(
  (h_lins): ModuleList(
    (0): Linear(in_features=512, out_features=512, bias=True)
    (1): Linear(in_features=512, out_features=512, bias=True)
    (2): Linear(in_features=512, out_features=512, bias=True)
    (3): Linear(in_features=512, out_features=512, bias=True)
    (4): Linear(in_features=512, out_features=512, bias=True)
    (5): Linear(in_features=512, out_features=512, bias=True)
    (6): Linear(in_features=512, out_features=512, bias=True)
  )
  (local_convs): ModuleList(
    (0): GATConv(512, 512, heads=1)
    (1): GATConv(512, 512, heads=1)
    (2): GATConv(512, 512, heads=1)
    (3): GATConv(512, 512, heads=1)
    (4): GATConv(512, 512, heads=1)
    (5): GATConv(512, 512, heads=1)
    (6): GATConv(512, 512, heads=1)
  )
  (lins): ModuleList(
    (0): Linear(in_features=512, out_features=512, bias=True)
    (1): Linear(in_features=512, out_features=512, bias=True)
    (2): Linear(in_features=512, out_features=512, bias=True)
    (3): Linear(in_features=512, out_features=512, bias=True)
    (4): Linear(in_features=512, out_features=512, bias=True)
    (5): Linear(in_features=512, out_features=512, bias=True)
    (6): Linear(in_features=512, out_features=512, bias=True)
  )
  (lns): ModuleList(
    (0): LayerNorm((512,), eps=1e-05, elementwise_affine=True)
    (1): LayerNorm((512,), eps=1e-05, elementwise_affine=True)
    (2): LayerNorm((512,), eps=1e-05, elementwise_affine=True)
    (3): LayerNorm((512,), eps=1e-05, elementwise_affine=True)
    (4): LayerNorm((512,), eps=1e-05, elementwise_affine=True)
    (5): LayerNorm((512,), eps=1e-05, elementwise_affine=True)
    (6): LayerNorm((512,), eps=1e-05, elementwise_affine=True)
  )
  (lin_in): Linear(in_features=300, out_features=512, bias=True)
  (ln): LayerNorm((512,), eps=1e-05, elementwise_affine=True)
  (global_attn): GlobalAttn(
    (h_lins): ModuleList(
      (0): Linear(in_features=512, out_features=512, bias=True)
      (1): Linear(in_features=512, out_features=512, bias=True)
    )
    (k_lins): ModuleList(
      (0): Linear(in_features=512, out_features=512, bias=True)
      (1): Linear(in_features=512, out_features=512, bias=True)
    )
    (v_lins): ModuleList(
      (0): Linear(in_features=512, out_features=512, bias=True)
      (1): Linear(in_features=512, out_features=512, bias=True)
    )
    (lns): ModuleList(
      (0): LayerNorm((512,), eps=1e-05, elementwise_affine=True)
      (1): LayerNorm((512,), eps=1e-05, elementwise_affine=True)
    )
    (lin_out): Linear(in_features=512, out_features=512, bias=True)
  )
  (pred_local): Linear(in_features=512, out_features=10, bias=True)
  (pred_global): Linear(in_features=512, out_features=10, bias=True)
)
Label budget: 20/class -> 194 train nodes
Computing oracle penalty matrix from true labels...
Oracle penalty matrix frozen.
Epoch: 00, Loss: 3.9906, Train: 13.45%, Valid: 13.54%, Test: 12.91%, Best Valid: 13.54%, Best Test: 12.91%
Switching Polynormer to global attention phase.
Epoch: 100, Loss: 3.2279, Train: 12.07%, Valid: 12.14%, Test: 12.09%, Best Valid: 77.02%, Best Test: 75.70%
Epoch: 200, Loss: 0.2344, Train: 82.41%, Valid: 76.26%, Test: 75.15%, Best Valid: 77.38%, Best Test: 76.16%
Epoch: 300, Loss: 0.2192, Train: 83.10%, Valid: 76.30%, Test: 75.68%, Best Valid: 77.74%, Best Test: 76.69%
Epoch: 400, Loss: 0.1327, Train: 83.62%, Valid: 74.12%, Test: 73.49%, Best Valid: 77.74%, Best Test: 76.69%
Epoch: 500, Loss: 0.0867, Train: 83.79%, Valid: 76.66%, Test: 76.42%, Best Valid: 77.74%, Best Test: 76.69%
Epoch: 600, Loss: 0.0945, Train: 83.62%, Valid: 76.64%, Test: 76.11%, Best Valid: 77.74%, Best Test: 76.69%
Epoch: 700, Loss: 0.1373, Train: 81.55%, Valid: 72.03%, Test: 71.52%, Best Valid: 77.74%, Best Test: 76.69%
Epoch: 800, Loss: 0.0974, Train: 82.59%, Valid: 76.87%, Test: 76.21%, Best Valid: 77.74%, Best Test: 76.69%
Epoch: 900, Loss: 0.0776, Train: 80.17%, Valid: 70.63%, Test: 71.23%, Best Valid: 77.74%, Best Test: 76.69%
Epoch: 1000, Loss: 0.1283, Train: 86.21%, Valid: 77.72%, Test: 77.13%, Best Valid: 78.27%, Best Test: 77.49%
Run 01:
Highest Train: 86.72
Highest Valid: 78.27
Highest Test: 77.49
Chosen epoch: 999
Final Train: 86.55
Final Test: 77.49
Label budget: 20/class -> 194 train nodes
Computing oracle penalty matrix from true labels...
Oracle penalty matrix frozen.
Epoch: 00, Loss: 3.8331, Train: 24.31%, Valid: 23.68%, Test: 24.65%, Best Valid: 23.68%, Best Test: 24.65%
Switching Polynormer to global attention phase.
Epoch: 100, Loss: 3.2581, Train: 18.45%, Valid: 18.39%, Test: 18.40%, Best Valid: 75.62%, Best Test: 74.77%
Epoch: 200, Loss: 0.3935, Train: 81.03%, Valid: 76.49%, Test: 75.35%, Best Valid: 78.93%, Best Test: 77.05%
Epoch: 300, Loss: 0.1605, Train: 82.41%, Valid: 76.91%, Test: 75.18%, Best Valid: 78.93%, Best Test: 77.05%
Epoch: 400, Loss: 0.1037, Train: 81.72%, Valid: 75.22%, Test: 73.63%, Best Valid: 78.93%, Best Test: 77.05%
Epoch: 500, Loss: 0.1335, Train: 80.17%, Valid: 74.71%, Test: 73.68%, Best Valid: 78.93%, Best Test: 77.05%
Epoch: 600, Loss: 0.0621, Train: 82.93%, Valid: 76.17%, Test: 75.37%, Best Valid: 78.93%, Best Test: 77.05%
Epoch: 700, Loss: 0.0313, Train: 84.14%, Valid: 75.92%, Test: 75.29%, Best Valid: 78.93%, Best Test: 77.05%
Epoch: 800, Loss: 0.1297, Train: 83.45%, Valid: 75.43%, Test: 74.64%, Best Valid: 78.93%, Best Test: 77.05%
Epoch: 900, Loss: 0.0838, Train: 81.38%, Valid: 73.51%, Test: 72.38%, Best Valid: 78.93%, Best Test: 77.05%
Epoch: 1000, Loss: 0.1486, Train: 82.41%, Valid: 73.87%, Test: 72.67%, Best Valid: 78.93%, Best Test: 77.05%
Run 02:
Highest Train: 86.21
Highest Valid: 78.93
Highest Test: 77.24
Chosen epoch: 146
Final Train: 80.86
Final Test: 77.05
Label budget: 20/class -> 194 train nodes
Computing oracle penalty matrix from true labels...
Oracle penalty matrix frozen.
Epoch: 00, Loss: 3.7480, Train: 12.41%, Valid: 11.91%, Test: 11.75%, Best Valid: 11.91%, Best Test: 11.75%
Switching Polynormer to global attention phase.
Epoch: 100, Loss: 3.2784, Train: 27.07%, Valid: 26.36%, Test: 26.13%, Best Valid: 77.61%, Best Test: 76.65%
Epoch: 200, Loss: 0.2898, Train: 83.45%, Valid: 75.33%, Test: 74.81%, Best Valid: 77.89%, Best Test: 77.17%
Epoch: 300, Loss: 0.1947, Train: 85.52%, Valid: 77.46%, Test: 76.84%, Best Valid: 78.80%, Best Test: 78.23%
Epoch: 400, Loss: 0.1504, Train: 84.31%, Valid: 77.02%, Test: 76.18%, Best Valid: 78.80%, Best Test: 78.23%
Epoch: 500, Loss: 0.0575, Train: 83.62%, Valid: 76.85%, Test: 76.35%, Best Valid: 78.80%, Best Test: 78.23%
Epoch: 600, Loss: 0.0426, Train: 85.52%, Valid: 79.11%, Test: 77.99%, Best Valid: 79.11%, Best Test: 77.99%
Epoch: 700, Loss: 0.0159, Train: 85.00%, Valid: 75.52%, Test: 75.59%, Best Valid: 79.11%, Best Test: 77.99%
Epoch: 800, Loss: 0.0419, Train: 81.90%, Valid: 74.18%, Test: 73.87%, Best Valid: 79.11%, Best Test: 77.99%
Epoch: 900, Loss: 0.0624, Train: 85.17%, Valid: 77.85%, Test: 77.60%, Best Valid: 79.11%, Best Test: 77.99%
Epoch: 1000, Loss: 0.0440, Train: 84.83%, Valid: 77.25%, Test: 76.62%, Best Valid: 79.11%, Best Test: 77.99%
Run 03:
Highest Train: 87.24
Highest Valid: 79.11
Highest Test: 78.23
Chosen epoch: 600
Final Train: 85.52
Final Test: 77.99
Label budget: 20/class -> 194 train nodes
Computing oracle penalty matrix from true labels...
Oracle penalty matrix frozen.
Epoch: 00, Loss: 3.7488, Train: 15.86%, Valid: 15.83%, Test: 16.25%, Best Valid: 15.83%, Best Test: 16.25%
Switching Polynormer to global attention phase.
Epoch: 100, Loss: 3.2638, Train: 18.45%, Valid: 18.39%, Test: 18.40%, Best Valid: 77.44%, Best Test: 76.11%
Epoch: 200, Loss: 0.3258, Train: 83.97%, Valid: 77.40%, Test: 75.58%, Best Valid: 77.44%, Best Test: 76.11%
Epoch: 300, Loss: 0.0911, Train: 76.38%, Valid: 69.78%, Test: 69.76%, Best Valid: 77.46%, Best Test: 75.71%
Epoch: 400, Loss: 0.0700, Train: 82.59%, Valid: 74.97%, Test: 74.84%, Best Valid: 77.46%, Best Test: 75.71%
Epoch: 500, Loss: 0.1404, Train: 82.76%, Valid: 73.72%, Test: 72.82%, Best Valid: 77.46%, Best Test: 75.71%
Epoch: 600, Loss: 0.0458, Train: 78.97%, Valid: 70.50%, Test: 70.63%, Best Valid: 77.46%, Best Test: 75.71%
Epoch: 700, Loss: 0.0426, Train: 78.79%, Valid: 72.13%, Test: 71.03%, Best Valid: 77.46%, Best Test: 75.71%
Epoch: 800, Loss: 0.1039, Train: 79.31%, Valid: 70.76%, Test: 70.81%, Best Valid: 77.46%, Best Test: 75.71%
Epoch: 900, Loss: 0.0530, Train: 78.45%, Valid: 71.60%, Test: 71.18%, Best Valid: 77.46%, Best Test: 75.71%
Epoch: 1000, Loss: 0.1192, Train: 79.48%, Valid: 72.37%, Test: 72.19%, Best Valid: 77.46%, Best Test: 75.71%
Run 04:
Highest Train: 85.34
Highest Valid: 77.46
Highest Test: 76.52
Chosen epoch: 201
Final Train: 85.34
Final Test: 75.71
Label budget: 20/class -> 194 train nodes
Computing oracle penalty matrix from true labels...
Oracle penalty matrix frozen.
Epoch: 00, Loss: 3.8044, Train: 3.62%, Valid: 4.66%, Test: 4.43%, Best Valid: 4.66%, Best Test: 4.43%
Switching Polynormer to global attention phase.
Epoch: 100, Loss: 3.2403, Train: 18.45%, Valid: 18.39%, Test: 18.40%, Best Valid: 75.16%, Best Test: 74.41%
Epoch: 200, Loss: 0.5529, Train: 81.72%, Valid: 75.81%, Test: 74.09%, Best Valid: 76.11%, Best Test: 74.53%
Epoch: 300, Loss: 0.1671, Train: 75.69%, Valid: 69.61%, Test: 68.12%, Best Valid: 76.30%, Best Test: 75.00%
Epoch: 400, Loss: 0.2541, Train: 79.48%, Valid: 71.96%, Test: 70.53%, Best Valid: 76.30%, Best Test: 75.00%
Epoch: 500, Loss: 0.0819, Train: 82.76%, Valid: 73.45%, Test: 72.62%, Best Valid: 76.34%, Best Test: 74.69%
Epoch: 600, Loss: 0.0950, Train: 80.52%, Valid: 72.89%, Test: 71.61%, Best Valid: 76.34%, Best Test: 74.69%
Epoch: 700, Loss: 0.0456, Train: 82.07%, Valid: 72.89%, Test: 71.90%, Best Valid: 76.34%, Best Test: 74.69%
Epoch: 800, Loss: 0.0478, Train: 81.55%, Valid: 73.45%, Test: 72.23%, Best Valid: 76.34%, Best Test: 74.69%
Epoch: 900, Loss: 0.1275, Train: 82.41%, Valid: 73.47%, Test: 72.17%, Best Valid: 76.34%, Best Test: 74.69%
Epoch: 1000, Loss: 0.0464, Train: 83.45%, Valid: 74.38%, Test: 73.18%, Best Valid: 76.34%, Best Test: 74.69%
Run 05:
Highest Train: 85.34
Highest Valid: 76.34
Highest Test: 75.39
Chosen epoch: 448
Final Train: 83.10
Final Test: 74.69
Label budget: 20/class -> 194 train nodes
Computing oracle penalty matrix from true labels...
Oracle penalty matrix frozen.
Epoch: 00, Loss: 3.9018, Train: 7.59%, Valid: 6.52%, Test: 5.78%, Best Valid: 6.52%, Best Test: 5.78%
Switching Polynormer to global attention phase.
Epoch: 100, Loss: 3.2237, Train: 18.10%, Valid: 18.47%, Test: 18.21%, Best Valid: 74.52%, Best Test: 73.23%
Epoch: 200, Loss: 0.2950, Train: 84.48%, Valid: 74.35%, Test: 73.92%, Best Valid: 75.64%, Best Test: 74.65%
Epoch: 300, Loss: 0.2421, Train: 84.31%, Valid: 74.00%, Test: 72.43%, Best Valid: 76.05%, Best Test: 74.79%
Epoch: 400, Loss: 0.0614, Train: 84.14%, Valid: 75.62%, Test: 74.26%, Best Valid: 76.05%, Best Test: 74.79%
Epoch: 500, Loss: 0.0147, Train: 85.86%, Valid: 74.86%, Test: 74.07%, Best Valid: 76.05%, Best Test: 74.79%
Epoch: 600, Loss: 0.0276, Train: 81.03%, Valid: 71.92%, Test: 70.82%, Best Valid: 76.05%, Best Test: 74.79%
Epoch: 700, Loss: 0.0509, Train: 83.62%, Valid: 74.91%, Test: 73.87%, Best Valid: 76.05%, Best Test: 74.79%
Epoch: 800, Loss: 0.0164, Train: 83.79%, Valid: 73.49%, Test: 72.29%, Best Valid: 76.15%, Best Test: 74.69%
Epoch: 900, Loss: 0.0034, Train: 80.52%, Valid: 70.97%, Test: 70.82%, Best Valid: 76.15%, Best Test: 74.69%
Epoch: 1000, Loss: 0.1208, Train: 83.10%, Valid: 73.23%, Test: 72.98%, Best Valid: 76.15%, Best Test: 74.69%
Run 06:
Highest Train: 85.86
Highest Valid: 76.15
Highest Test: 75.22
Chosen epoch: 734
Final Train: 84.66
Final Test: 74.69
Label budget: 20/class -> 194 train nodes
Computing oracle penalty matrix from true labels...
Oracle penalty matrix frozen.
Epoch: 00, Loss: 3.7546, Train: 18.62%, Valid: 17.58%, Test: 17.82%, Best Valid: 17.58%, Best Test: 17.82%
Switching Polynormer to global attention phase.
Epoch: 100, Loss: 3.2914, Train: 18.45%, Valid: 18.39%, Test: 18.40%, Best Valid: 76.36%, Best Test: 75.24%
Epoch: 200, Loss: 0.2252, Train: 83.10%, Valid: 75.90%, Test: 74.81%, Best Valid: 76.36%, Best Test: 75.24%
Epoch: 300, Loss: 0.0956, Train: 84.31%, Valid: 74.57%, Test: 73.83%, Best Valid: 76.81%, Best Test: 75.99%
Epoch: 400, Loss: 0.0530, Train: 83.45%, Valid: 74.86%, Test: 74.35%, Best Valid: 76.81%, Best Test: 75.99%
Epoch: 500, Loss: 0.0720, Train: 82.59%, Valid: 73.78%, Test: 72.53%, Best Valid: 76.81%, Best Test: 75.99%
Epoch: 600, Loss: 0.1042, Train: 83.62%, Valid: 74.40%, Test: 74.02%, Best Valid: 76.81%, Best Test: 75.99%
Epoch: 700, Loss: 0.0347, Train: 80.69%, Valid: 70.76%, Test: 69.92%, Best Valid: 76.81%, Best Test: 75.99%
Epoch: 800, Loss: 0.0820, Train: 83.97%, Valid: 73.74%, Test: 72.57%, Best Valid: 76.81%, Best Test: 75.99%
Epoch: 900, Loss: 0.1007, Train: 82.59%, Valid: 72.70%, Test: 70.86%, Best Valid: 76.81%, Best Test: 75.99%
Epoch: 1000, Loss: 0.0440, Train: 84.48%, Valid: 75.39%, Test: 75.05%, Best Valid: 76.81%, Best Test: 75.99%
Run 07:
Highest Train: 85.69
Highest Valid: 76.81
Highest Test: 76.12
Chosen epoch: 251
Final Train: 84.83
Final Test: 75.99
Label budget: 20/class -> 194 train nodes
Computing oracle penalty matrix from true labels...
Oracle penalty matrix frozen.
Epoch: 00, Loss: 3.8831, Train: 13.79%, Valid: 14.18%, Test: 13.82%, Best Valid: 14.18%, Best Test: 13.82%
Switching Polynormer to global attention phase.
Epoch: 100, Loss: 3.2371, Train: 18.45%, Valid: 18.39%, Test: 18.40%, Best Valid: 75.37%, Best Test: 73.83%
Epoch: 200, Loss: 0.2083, Train: 79.48%, Valid: 73.64%, Test: 72.36%, Best Valid: 76.09%, Best Test: 74.88%
Epoch: 300, Loss: 0.3039, Train: 80.86%, Valid: 72.35%, Test: 70.98%, Best Valid: 76.09%, Best Test: 74.88%
Epoch: 400, Loss: 0.0959, Train: 80.00%, Valid: 72.09%, Test: 71.39%, Best Valid: 76.09%, Best Test: 74.88%
Epoch: 500, Loss: 0.0442, Train: 80.00%, Valid: 71.44%, Test: 71.10%, Best Valid: 76.09%, Best Test: 74.88%
Epoch: 600, Loss: 0.0304, Train: 80.86%, Valid: 71.90%, Test: 71.83%, Best Valid: 76.09%, Best Test: 74.88%
Epoch: 700, Loss: 0.0959, Train: 79.83%, Valid: 70.99%, Test: 70.75%, Best Valid: 76.09%, Best Test: 74.88%
Epoch: 800, Loss: 0.1085, Train: 81.72%, Valid: 72.32%, Test: 72.24%, Best Valid: 76.09%, Best Test: 74.88%
Epoch: 900, Loss: 0.0341, Train: 80.00%, Valid: 71.99%, Test: 70.81%, Best Valid: 76.09%, Best Test: 74.88%
Epoch: 1000, Loss: 0.0312, Train: 78.97%, Valid: 71.10%, Test: 70.43%, Best Valid: 76.09%, Best Test: 74.88%
Run 08:
Highest Train: 83.79
Highest Valid: 76.09
Highest Test: 75.25
Chosen epoch: 157
Final Train: 81.03
Final Test: 74.88
Label budget: 20/class -> 194 train nodes
Computing oracle penalty matrix from true labels...
Oracle penalty matrix frozen.
Epoch: 00, Loss: 3.8412, Train: 17.41%, Valid: 18.47%, Test: 17.82%, Best Valid: 18.47%, Best Test: 17.82%
Switching Polynormer to global attention phase.
Epoch: 100, Loss: 3.2534, Train: 18.45%, Valid: 18.39%, Test: 18.40%, Best Valid: 76.91%, Best Test: 76.35%
Epoch: 200, Loss: 0.1610, Train: 86.03%, Valid: 74.82%, Test: 74.62%, Best Valid: 77.40%, Best Test: 77.25%
Epoch: 300, Loss: 0.1912, Train: 87.07%, Valid: 74.91%, Test: 74.55%, Best Valid: 77.66%, Best Test: 77.32%
Epoch: 400, Loss: 0.0684, Train: 87.59%, Valid: 76.07%, Test: 76.06%, Best Valid: 77.66%, Best Test: 77.32%
Epoch: 500, Loss: 0.1672, Train: 88.28%, Valid: 76.34%, Test: 75.78%, Best Valid: 77.66%, Best Test: 77.32%
Epoch: 600, Loss: 0.0408, Train: 88.62%, Valid: 77.44%, Test: 77.00%, Best Valid: 77.70%, Best Test: 77.20%
Epoch: 700, Loss: 0.0875, Train: 88.45%, Valid: 76.89%, Test: 76.36%, Best Valid: 77.70%, Best Test: 77.20%
Epoch: 800, Loss: 0.0587, Train: 86.90%, Valid: 75.69%, Test: 75.30%, Best Valid: 77.70%, Best Test: 77.20%
Epoch: 900, Loss: 0.0371, Train: 86.72%, Valid: 74.63%, Test: 74.43%, Best Valid: 77.70%, Best Test: 77.20%
Epoch: 1000, Loss: 0.0780, Train: 87.24%, Valid: 75.64%, Test: 75.22%, Best Valid: 77.70%, Best Test: 77.20%
Run 09:
Highest Train: 89.83
Highest Valid: 77.70
Highest Test: 77.66
Chosen epoch: 599
Final Train: 89.31
Final Test: 77.20
Label budget: 20/class -> 194 train nodes
Computing oracle penalty matrix from true labels...
Oracle penalty matrix frozen.
Epoch: 00, Loss: 3.7472, Train: 8.10%, Valid: 9.37%, Test: 9.95%, Best Valid: 9.37%, Best Test: 9.95%
Switching Polynormer to global attention phase.
Epoch: 100, Loss: 3.2470, Train: 18.45%, Valid: 18.39%, Test: 18.40%, Best Valid: 75.81%, Best Test: 74.81%
Epoch: 200, Loss: 0.1332, Train: 84.31%, Valid: 76.05%, Test: 74.96%, Best Valid: 76.83%, Best Test: 75.63%
Epoch: 300, Loss: 0.2032, Train: 81.72%, Valid: 73.53%, Test: 72.69%, Best Valid: 76.83%, Best Test: 75.63%
Epoch: 400, Loss: 0.1191, Train: 81.55%, Valid: 73.21%, Test: 71.95%, Best Valid: 76.83%, Best Test: 75.63%
Epoch: 500, Loss: 0.1261, Train: 81.55%, Valid: 72.85%, Test: 72.04%, Best Valid: 76.83%, Best Test: 75.63%
Epoch: 600, Loss: 0.2232, Train: 82.41%, Valid: 72.49%, Test: 71.92%, Best Valid: 76.83%, Best Test: 75.63%
Epoch: 700, Loss: 0.1417, Train: 79.83%, Valid: 72.03%, Test: 71.39%, Best Valid: 76.83%, Best Test: 75.63%
Epoch: 800, Loss: 0.1335, Train: 79.83%, Valid: 70.14%, Test: 69.92%, Best Valid: 76.83%, Best Test: 75.63%
Epoch: 900, Loss: 0.0847, Train: 80.69%, Valid: 72.34%, Test: 71.83%, Best Valid: 76.83%, Best Test: 75.63%
Epoch: 1000, Loss: 0.0249, Train: 81.21%, Valid: 73.17%, Test: 72.93%, Best Valid: 76.83%, Best Test: 75.63%
Run 10:
Highest Train: 84.83
Highest Valid: 76.83
Highest Test: 75.63
Chosen epoch: 152
Final Train: 81.72
Final Test: 75.63
All runs:
Highest Train: 86.09 ± 1.63
Highest Test: 76.48 ± 1.12
Highest Valid: 77.37 ± 1.12
  Final Train: 84.29 ± 2.66
   Final Test: 76.13 ± 1.22
Saving results to ../results/lowlabel/wikics/polynormer.csv
--- oracle_reg | lambda=0.8 ---
Namespace(aggregate='add', alpha=0.5, attention='gcn', beta=-1.0, bn=False, budget_tag='20', count_reg=False, count_smoothing=1.0, cpu=False, data_dir='../data/', dataset='wikics', device=0, dim_inner=512, display_step=100, dropout=0.5, epochs=500, global_dropout=None, global_epochs=1000, global_layers=2, gnn='gcn', graph_weight=0.8, hidden_channels=512, hops=10, in_dropout=0.5, jk=False, label_num_per_class=20, lambda_val=0.8, layers=1, ln=False, local_epochs=100, local_gnn_type='GCN', local_layers=7, lr=0.001, metric='acc', mlp_epochs=500, mlp_reg=False, model='polynormer', model_dir='models/lowlabel_1161133_293', n_heads=1, num_centroids=4096, num_heads=1, oracle_reg=True, paired_seeds=True, pe_types='RWSE', penalty_transform='none', pre_linear=False, pre_ln=False, rand_split=False, rand_split_class=False, reg_start_epoch=10, reg_update_freq=5, res=False, resample_split_per_run=False, result_dir='../results/lowlabel', runs=10, save_model=True, save_result=False, seed=42, test_num=1000, tr_dropout=None, tr_layers=1, tr_weight_decay=None, train_per_class=20, train_prop=0.5, use_act=False, use_bn=False, use_graph=False, use_reg=True, use_residual=False, use_weight=False, valid_num=500, valid_per_class=0, valid_prop=0.25, weight_decay=0.0)
wikics
dataset wikics | num nodes 11701 | num edge 431726 | num node feats 300 | num classes 10
MODEL: Polynormer(
  (h_lins): ModuleList(
    (0): Linear(in_features=512, out_features=512, bias=True)
    (1): Linear(in_features=512, out_features=512, bias=True)
    (2): Linear(in_features=512, out_features=512, bias=True)
    (3): Linear(in_features=512, out_features=512, bias=True)
    (4): Linear(in_features=512, out_features=512, bias=True)
    (5): Linear(in_features=512, out_features=512, bias=True)
    (6): Linear(in_features=512, out_features=512, bias=True)
  )
  (local_convs): ModuleList(
    (0): GATConv(512, 512, heads=1)
    (1): GATConv(512, 512, heads=1)
    (2): GATConv(512, 512, heads=1)
    (3): GATConv(512, 512, heads=1)
    (4): GATConv(512, 512, heads=1)
    (5): GATConv(512, 512, heads=1)
    (6): GATConv(512, 512, heads=1)
  )
  (lins): ModuleList(
    (0): Linear(in_features=512, out_features=512, bias=True)
    (1): Linear(in_features=512, out_features=512, bias=True)
    (2): Linear(in_features=512, out_features=512, bias=True)
    (3): Linear(in_features=512, out_features=512, bias=True)
    (4): Linear(in_features=512, out_features=512, bias=True)
    (5): Linear(in_features=512, out_features=512, bias=True)
    (6): Linear(in_features=512, out_features=512, bias=True)
  )
  (lns): ModuleList(
    (0): LayerNorm((512,), eps=1e-05, elementwise_affine=True)
    (1): LayerNorm((512,), eps=1e-05, elementwise_affine=True)
    (2): LayerNorm((512,), eps=1e-05, elementwise_affine=True)
    (3): LayerNorm((512,), eps=1e-05, elementwise_affine=True)
    (4): LayerNorm((512,), eps=1e-05, elementwise_affine=True)
    (5): LayerNorm((512,), eps=1e-05, elementwise_affine=True)
    (6): LayerNorm((512,), eps=1e-05, elementwise_affine=True)
  )
  (lin_in): Linear(in_features=300, out_features=512, bias=True)
  (ln): LayerNorm((512,), eps=1e-05, elementwise_affine=True)
  (global_attn): GlobalAttn(
    (h_lins): ModuleList(
      (0): Linear(in_features=512, out_features=512, bias=True)
      (1): Linear(in_features=512, out_features=512, bias=True)
    )
    (k_lins): ModuleList(
      (0): Linear(in_features=512, out_features=512, bias=True)
      (1): Linear(in_features=512, out_features=512, bias=True)
    )
    (v_lins): ModuleList(
      (0): Linear(in_features=512, out_features=512, bias=True)
      (1): Linear(in_features=512, out_features=512, bias=True)
    )
    (lns): ModuleList(
      (0): LayerNorm((512,), eps=1e-05, elementwise_affine=True)
      (1): LayerNorm((512,), eps=1e-05, elementwise_affine=True)
    )
    (lin_out): Linear(in_features=512, out_features=512, bias=True)
  )
  (pred_local): Linear(in_features=512, out_features=10, bias=True)
  (pred_global): Linear(in_features=512, out_features=10, bias=True)
)
Label budget: 20/class -> 194 train nodes
Computing oracle penalty matrix from true labels...
Oracle penalty matrix frozen.
Epoch: 00, Loss: 5.1308, Train: 12.59%, Valid: 10.85%, Test: 11.15%, Best Valid: 10.85%, Best Test: 11.15%
Switching Polynormer to global attention phase.
Epoch: 100, Loss: 4.1600, Train: 12.24%, Valid: 12.15%, Test: 12.18%, Best Valid: 76.11%, Best Test: 75.25%
Epoch: 200, Loss: 0.4717, Train: 82.93%, Valid: 76.07%, Test: 75.34%, Best Valid: 76.70%, Best Test: 75.61%
Epoch: 300, Loss: 0.4357, Train: 84.14%, Valid: 75.50%, Test: 74.67%, Best Valid: 78.02%, Best Test: 76.76%
Epoch: 400, Loss: 0.1133, Train: 81.03%, Valid: 71.90%, Test: 70.89%, Best Valid: 78.02%, Best Test: 76.76%
Epoch: 500, Loss: 0.1173, Train: 84.83%, Valid: 76.11%, Test: 75.47%, Best Valid: 78.02%, Best Test: 76.76%
Epoch: 600, Loss: 0.1164, Train: 82.07%, Valid: 72.58%, Test: 72.52%, Best Valid: 78.02%, Best Test: 76.76%
Epoch: 700, Loss: 0.0771, Train: 81.55%, Valid: 73.32%, Test: 73.20%, Best Valid: 78.02%, Best Test: 76.76%
Epoch: 800, Loss: 0.1659, Train: 83.45%, Valid: 74.82%, Test: 74.65%, Best Valid: 78.02%, Best Test: 76.76%
Epoch: 900, Loss: 0.0223, Train: 82.76%, Valid: 75.18%, Test: 75.27%, Best Valid: 78.08%, Best Test: 77.03%
Epoch: 1000, Loss: 0.0524, Train: 83.45%, Valid: 74.27%, Test: 74.24%, Best Valid: 78.08%, Best Test: 77.03%
Run 01:
Highest Train: 86.03
Highest Valid: 78.08
Highest Test: 77.41
Chosen epoch: 872
Final Train: 84.66
Final Test: 77.03
Label budget: 20/class -> 194 train nodes
Computing oracle penalty matrix from true labels...
Oracle penalty matrix frozen.
Epoch: 00, Loss: 4.9282, Train: 21.72%, Valid: 19.87%, Test: 21.31%, Best Valid: 19.87%, Best Test: 21.31%
Switching Polynormer to global attention phase.
Epoch: 100, Loss: 4.2035, Train: 18.45%, Valid: 18.39%, Test: 18.40%, Best Valid: 76.28%, Best Test: 75.10%
Epoch: 200, Loss: 0.5817, Train: 79.66%, Valid: 75.82%, Test: 74.89%, Best Valid: 78.61%, Best Test: 77.24%
Epoch: 300, Loss: 0.2638, Train: 79.48%, Valid: 74.40%, Test: 72.98%, Best Valid: 78.82%, Best Test: 77.53%
Epoch: 400, Loss: 0.2190, Train: 81.72%, Valid: 74.35%, Test: 73.27%, Best Valid: 78.82%, Best Test: 77.53%
Epoch: 500, Loss: 0.3077, Train: 83.28%, Valid: 76.28%, Test: 74.45%, Best Valid: 78.82%, Best Test: 77.53%
Epoch: 600, Loss: 0.0933, Train: 83.97%, Valid: 75.73%, Test: 74.91%, Best Valid: 78.82%, Best Test: 77.53%
Epoch: 700, Loss: 0.2323, Train: 82.24%, Valid: 75.18%, Test: 73.42%, Best Valid: 78.82%, Best Test: 77.53%
Epoch: 800, Loss: 0.1343, Train: 83.10%, Valid: 75.71%, Test: 74.65%, Best Valid: 78.82%, Best Test: 77.53%
Epoch: 900, Loss: 0.0088, Train: 82.07%, Valid: 74.91%, Test: 73.99%, Best Valid: 78.82%, Best Test: 77.53%
Epoch: 1000, Loss: 0.0810, Train: 82.76%, Valid: 73.89%, Test: 72.77%, Best Valid: 78.82%, Best Test: 77.53%
Run 02:
Highest Train: 85.52
Highest Valid: 78.82
Highest Test: 77.53
Chosen epoch: 218
Final Train: 84.14
Final Test: 77.53
Label budget: 20/class -> 194 train nodes
Computing oracle penalty matrix from true labels...
Oracle penalty matrix frozen.
Epoch: 00, Loss: 4.8189, Train: 18.62%, Valid: 17.77%, Test: 17.86%, Best Valid: 17.77%, Best Test: 17.86%
Switching Polynormer to global attention phase.
Epoch: 100, Loss: 4.2136, Train: 12.24%, Valid: 12.15%, Test: 12.18%, Best Valid: 77.78%, Best Test: 76.83%
Epoch: 200, Loss: 0.4753, Train: 82.24%, Valid: 76.19%, Test: 75.39%, Best Valid: 77.78%, Best Test: 76.83%
Epoch: 300, Loss: 0.1631, Train: 84.83%, Valid: 75.46%, Test: 75.35%, Best Valid: 78.18%, Best Test: 77.56%
Epoch: 400, Loss: 0.1956, Train: 86.03%, Valid: 77.19%, Test: 76.62%, Best Valid: 79.12%, Best Test: 78.33%
Epoch: 500, Loss: 0.0413, Train: 84.48%, Valid: 74.95%, Test: 75.41%, Best Valid: 79.12%, Best Test: 78.33%
Epoch: 600, Loss: 0.0470, Train: 84.66%, Valid: 77.08%, Test: 76.40%, Best Valid: 79.12%, Best Test: 78.33%
Epoch: 700, Loss: 0.0361, Train: 85.69%, Valid: 77.38%, Test: 76.77%, Best Valid: 79.12%, Best Test: 78.33%
Epoch: 800, Loss: 0.0135, Train: 83.62%, Valid: 75.12%, Test: 75.46%, Best Valid: 79.12%, Best Test: 78.33%
Epoch: 900, Loss: 0.0507, Train: 84.83%, Valid: 76.53%, Test: 75.94%, Best Valid: 79.12%, Best Test: 78.33%
Epoch: 1000, Loss: 0.2715, Train: 84.14%, Valid: 77.00%, Test: 76.47%, Best Valid: 79.12%, Best Test: 78.33%
Run 03:
Highest Train: 87.24
Highest Valid: 79.12
Highest Test: 78.45
Chosen epoch: 389
Final Train: 87.07
Final Test: 78.33
Label budget: 20/class -> 194 train nodes
Computing oracle penalty matrix from true labels...
Oracle penalty matrix frozen.
Epoch: 00, Loss: 4.8199, Train: 18.62%, Valid: 18.45%, Test: 18.42%, Best Valid: 18.45%, Best Test: 18.42%
Switching Polynormer to global attention phase.
Epoch: 100, Loss: 4.1874, Train: 18.45%, Valid: 18.39%, Test: 18.40%, Best Valid: 78.21%, Best Test: 77.05%
Epoch: 200, Loss: 0.3294, Train: 83.97%, Valid: 79.14%, Test: 77.80%, Best Valid: 79.16%, Best Test: 77.90%
Epoch: 300, Loss: 0.2677, Train: 83.79%, Valid: 76.81%, Test: 75.30%, Best Valid: 79.24%, Best Test: 77.83%
Epoch: 400, Loss: 0.0605, Train: 83.79%, Valid: 75.73%, Test: 75.34%, Best Valid: 79.24%, Best Test: 77.83%
Epoch: 500, Loss: 0.1297, Train: 83.79%, Valid: 76.49%, Test: 76.19%, Best Valid: 79.24%, Best Test: 77.83%
Epoch: 600, Loss: 0.1617, Train: 80.86%, Valid: 73.38%, Test: 73.25%, Best Valid: 79.24%, Best Test: 77.83%
Epoch: 700, Loss: 0.0924, Train: 85.17%, Valid: 77.61%, Test: 76.93%, Best Valid: 79.24%, Best Test: 77.83%
Epoch: 800, Loss: 0.0694, Train: 83.45%, Valid: 76.26%, Test: 75.80%, Best Valid: 79.24%, Best Test: 77.83%
Epoch: 900, Loss: 0.0310, Train: 81.72%, Valid: 74.99%, Test: 74.55%, Best Valid: 79.24%, Best Test: 77.83%
Epoch: 1000, Loss: 0.0051, Train: 82.59%, Valid: 75.03%, Test: 74.69%, Best Valid: 79.24%, Best Test: 77.83%
Run 04:
Highest Train: 86.03
Highest Valid: 79.24
Highest Test: 78.06
Chosen epoch: 201
Final Train: 85.34
Final Test: 77.83
Label budget: 20/class -> 194 train nodes
Computing oracle penalty matrix from true labels...
Oracle penalty matrix frozen.
Epoch: 00, Loss: 4.8914, Train: 3.28%, Valid: 4.11%, Test: 4.33%, Best Valid: 4.11%, Best Test: 4.33%
Switching Polynormer to global attention phase.
Epoch: 100, Loss: 4.1924, Train: 18.45%, Valid: 18.39%, Test: 18.40%, Best Valid: 72.18%, Best Test: 71.34%
Epoch: 200, Loss: 0.6087, Train: 75.00%, Valid: 68.96%, Test: 68.55%, Best Valid: 72.18%, Best Test: 71.34%
Epoch: 300, Loss: 0.3371, Train: 80.17%, Valid: 73.81%, Test: 72.70%, Best Valid: 77.06%, Best Test: 75.83%
Epoch: 400, Loss: 0.1875, Train: 78.97%, Valid: 71.24%, Test: 70.41%, Best Valid: 77.06%, Best Test: 75.83%
Epoch: 500, Loss: 0.0967, Train: 78.97%, Valid: 70.71%, Test: 69.61%, Best Valid: 77.06%, Best Test: 75.83%
Epoch: 600, Loss: 0.0566, Train: 80.00%, Valid: 72.66%, Test: 70.89%, Best Valid: 77.06%, Best Test: 75.83%
Epoch: 700, Loss: 0.0986, Train: 83.62%, Valid: 74.86%, Test: 74.31%, Best Valid: 77.06%, Best Test: 75.83%
Epoch: 800, Loss: 0.0383, Train: 81.21%, Valid: 71.88%, Test: 70.84%, Best Valid: 77.06%, Best Test: 75.83%
Epoch: 900, Loss: 0.1238, Train: 81.03%, Valid: 72.77%, Test: 71.58%, Best Valid: 77.06%, Best Test: 75.83%
Epoch: 1000, Loss: 0.0787, Train: 82.41%, Valid: 74.00%, Test: 72.98%, Best Valid: 77.06%, Best Test: 75.83%
Run 05:
Highest Train: 84.66
Highest Valid: 77.06
Highest Test: 75.83
Chosen epoch: 288
Final Train: 83.79
Final Test: 75.83
Label budget: 20/class -> 194 train nodes
Computing oracle penalty matrix from true labels...
Oracle penalty matrix frozen.
Epoch: 00, Loss: 5.0166, Train: 10.86%, Valid: 11.34%, Test: 10.47%, Best Valid: 11.34%, Best Test: 10.47%
Switching Polynormer to global attention phase.
Epoch: 100, Loss: 4.1538, Train: 18.45%, Valid: 18.39%, Test: 18.40%, Best Valid: 75.27%, Best Test: 74.62%
Epoch: 200, Loss: 0.2458, Train: 84.31%, Valid: 75.35%, Test: 74.12%, Best Valid: 76.70%, Best Test: 75.47%
Epoch: 300, Loss: 0.1669, Train: 83.62%, Valid: 73.78%, Test: 73.63%, Best Valid: 76.70%, Best Test: 75.47%
Epoch: 400, Loss: 0.1347, Train: 85.86%, Valid: 75.56%, Test: 75.18%, Best Valid: 76.70%, Best Test: 75.47%
Epoch: 500, Loss: 0.1205, Train: 83.97%, Valid: 74.46%, Test: 73.97%, Best Valid: 76.70%, Best Test: 75.47%
Epoch: 600, Loss: 0.1325, Train: 84.31%, Valid: 74.95%, Test: 74.28%, Best Valid: 76.70%, Best Test: 75.47%
Epoch: 700, Loss: 0.1287, Train: 83.10%, Valid: 73.02%, Test: 72.41%, Best Valid: 76.70%, Best Test: 75.47%
Epoch: 800, Loss: 0.0050, Train: 83.28%, Valid: 73.78%, Test: 73.27%, Best Valid: 76.70%, Best Test: 75.47%
Epoch: 900, Loss: 0.0289, Train: 83.62%, Valid: 74.10%, Test: 72.82%, Best Valid: 76.70%, Best Test: 75.47%
Epoch: 1000, Loss: 0.0960, Train: 83.79%, Valid: 74.82%, Test: 73.92%, Best Valid: 76.70%, Best Test: 75.47%
Run 06:
Highest Train: 85.86
Highest Valid: 76.70
Highest Test: 76.14
Chosen epoch: 138
Final Train: 82.76
Final Test: 75.47
Label budget: 20/class -> 194 train nodes
Computing oracle penalty matrix from true labels...
Oracle penalty matrix frozen.
Epoch: 00, Loss: 4.8274, Train: 18.28%, Valid: 18.34%, Test: 18.33%, Best Valid: 18.34%, Best Test: 18.33%
Switching Polynormer to global attention phase.
Epoch: 100, Loss: 4.2215, Train: 18.45%, Valid: 18.39%, Test: 18.40%, Best Valid: 76.64%, Best Test: 76.00%
Epoch: 200, Loss: 0.4508, Train: 85.34%, Valid: 76.56%, Test: 75.87%, Best Valid: 77.04%, Best Test: 77.05%
Epoch: 300, Loss: 0.1453, Train: 83.79%, Valid: 74.74%, Test: 74.17%, Best Valid: 77.15%, Best Test: 76.69%
Epoch: 400, Loss: 0.0941, Train: 85.34%, Valid: 75.20%, Test: 74.47%, Best Valid: 77.15%, Best Test: 76.69%
Epoch: 500, Loss: 0.1201, Train: 83.97%, Valid: 73.28%, Test: 73.29%, Best Valid: 77.15%, Best Test: 76.69%
Epoch: 600, Loss: 0.0472, Train: 84.83%, Valid: 75.12%, Test: 74.16%, Best Valid: 77.15%, Best Test: 76.69%
Epoch: 700, Loss: 0.0661, Train: 83.97%, Valid: 74.38%, Test: 73.75%, Best Valid: 77.15%, Best Test: 76.69%
Epoch: 800, Loss: 0.1135, Train: 85.17%, Valid: 75.84%, Test: 75.17%, Best Valid: 77.15%, Best Test: 76.69%
Epoch: 900, Loss: 0.0724, Train: 83.10%, Valid: 72.75%, Test: 72.19%, Best Valid: 77.15%, Best Test: 76.69%
Epoch: 1000, Loss: 0.0387, Train: 84.14%, Valid: 73.76%, Test: 73.90%, Best Valid: 77.15%, Best Test: 76.69%
Run 07:
Highest Train: 87.41
Highest Valid: 77.15
Highest Test: 77.05
Chosen epoch: 230
Final Train: 86.72
Final Test: 76.69
Label budget: 20/class -> 194 train nodes
Computing oracle penalty matrix from true labels...
Oracle penalty matrix frozen.
Epoch: 00, Loss: 4.9926, Train: 18.45%, Valid: 18.39%, Test: 18.47%, Best Valid: 18.39%, Best Test: 18.47%
Switching Polynormer to global attention phase.
Epoch: 100, Loss: 4.1445, Train: 18.45%, Valid: 18.39%, Test: 18.40%, Best Valid: 72.54%, Best Test: 71.28%
Epoch: 200, Loss: 0.9822, Train: 80.34%, Valid: 74.46%, Test: 73.34%, Best Valid: 76.85%, Best Test: 75.54%
Epoch: 300, Loss: 0.4864, Train: 81.72%, Valid: 74.35%, Test: 73.01%, Best Valid: 76.85%, Best Test: 75.54%
Epoch: 400, Loss: 0.1533, Train: 80.86%, Valid: 72.66%, Test: 72.09%, Best Valid: 76.85%, Best Test: 75.54%
Epoch: 500, Loss: 0.1646, Train: 79.66%, Valid: 73.32%, Test: 72.24%, Best Valid: 76.85%, Best Test: 75.54%
Epoch: 600, Loss: 0.0864, Train: 80.69%, Valid: 72.92%, Test: 72.00%, Best Valid: 76.85%, Best Test: 75.54%
Epoch: 700, Loss: 0.1327, Train: 78.28%, Valid: 71.14%, Test: 70.02%, Best Valid: 76.85%, Best Test: 75.54%
Epoch: 800, Loss: 0.0664, Train: 82.24%, Valid: 74.91%, Test: 73.92%, Best Valid: 76.85%, Best Test: 75.54%
Epoch: 900, Loss: 0.0747, Train: 81.21%, Valid: 74.27%, Test: 73.92%, Best Valid: 76.85%, Best Test: 75.54%
Epoch: 1000, Loss: 0.0421, Train: 80.69%, Valid: 73.55%, Test: 72.94%, Best Valid: 76.85%, Best Test: 75.54%
Run 08:
Highest Train: 83.79
Highest Valid: 76.85
Highest Test: 75.58
Chosen epoch: 188
Final Train: 80.52
Final Test: 75.54
Label budget: 20/class -> 194 train nodes
Computing oracle penalty matrix from true labels...
Oracle penalty matrix frozen.
Epoch: 00, Loss: 4.9387, Train: 19.48%, Valid: 19.45%, Test: 19.27%, Best Valid: 19.45%, Best Test: 19.27%
Switching Polynormer to global attention phase.
Epoch: 100, Loss: 4.2036, Train: 19.83%, Valid: 19.47%, Test: 18.92%, Best Valid: 76.96%, Best Test: 76.43%
Epoch: 200, Loss: 0.2789, Train: 86.90%, Valid: 74.10%, Test: 74.41%, Best Valid: 77.57%, Best Test: 76.95%
Epoch: 300, Loss: 0.1114, Train: 86.21%, Valid: 75.33%, Test: 75.70%, Best Valid: 77.82%, Best Test: 77.51%
Epoch: 400, Loss: 0.0949, Train: 87.24%, Valid: 75.31%, Test: 75.00%, Best Valid: 77.82%, Best Test: 77.51%
Epoch: 500, Loss: 0.0238, Train: 86.55%, Valid: 75.96%, Test: 75.90%, Best Valid: 77.82%, Best Test: 77.51%
Epoch: 600, Loss: 0.1059, Train: 86.90%, Valid: 75.77%, Test: 75.68%, Best Valid: 77.82%, Best Test: 77.51%
Epoch: 700, Loss: 0.0807, Train: 85.69%, Valid: 74.54%, Test: 74.45%, Best Valid: 77.82%, Best Test: 77.51%
Epoch: 800, Loss: 0.0695, Train: 88.97%, Valid: 76.98%, Test: 76.28%, Best Valid: 77.82%, Best Test: 77.51%
Epoch: 900, Loss: 0.0268, Train: 86.72%, Valid: 74.69%, Test: 74.47%, Best Valid: 77.82%, Best Test: 77.51%
Epoch: 1000, Loss: 0.1182, Train: 86.21%, Valid: 75.09%, Test: 74.89%, Best Valid: 77.82%, Best Test: 77.51%
Run 09:
Highest Train: 90.17
Highest Valid: 77.82
Highest Test: 77.61
Chosen epoch: 276
Final Train: 88.97
Final Test: 77.51
Label budget: 20/class -> 194 train nodes
Computing oracle penalty matrix from true labels...
Oracle penalty matrix frozen.
Epoch: 00, Loss: 4.8178, Train: 11.03%, Valid: 8.65%, Test: 9.68%, Best Valid: 8.65%, Best Test: 9.68%
Switching Polynormer to global attention phase.
Epoch: 100, Loss: 4.1619, Train: 18.45%, Valid: 18.39%, Test: 18.40%, Best Valid: 75.24%, Best Test: 73.90%
Epoch: 200, Loss: 0.4573, Train: 83.28%, Valid: 76.68%, Test: 74.84%, Best Valid: 76.94%, Best Test: 75.12%
Epoch: 300, Loss: 0.3131, Train: 82.76%, Valid: 75.12%, Test: 73.20%, Best Valid: 76.94%, Best Test: 75.12%
Epoch: 400, Loss: 0.2399, Train: 79.83%, Valid: 72.20%, Test: 70.69%, Best Valid: 76.94%, Best Test: 75.12%
Epoch: 500, Loss: 0.1367, Train: 82.76%, Valid: 75.41%, Test: 73.85%, Best Valid: 76.94%, Best Test: 75.12%
Epoch: 600, Loss: 0.1128, Train: 81.21%, Valid: 74.04%, Test: 73.05%, Best Valid: 76.94%, Best Test: 75.12%
Epoch: 700, Loss: 0.0772, Train: 82.59%, Valid: 74.95%, Test: 73.92%, Best Valid: 76.94%, Best Test: 75.12%
Epoch: 800, Loss: 0.0080, Train: 80.00%, Valid: 73.27%, Test: 72.72%, Best Valid: 76.94%, Best Test: 75.12%
Epoch: 900, Loss: 0.0398, Train: 80.86%, Valid: 72.94%, Test: 72.21%, Best Valid: 76.94%, Best Test: 75.12%
Epoch: 1000, Loss: 0.0332, Train: 79.83%, Valid: 73.51%, Test: 72.40%, Best Valid: 76.94%, Best Test: 75.12%
Run 10:
Highest Train: 84.83
Highest Valid: 76.94
Highest Test: 75.90
Chosen epoch: 167
Final Train: 83.79
Final Test: 75.12
All runs:
Highest Train: 86.16 ± 1.80
Highest Test: 76.96 ± 1.02
Highest Valid: 77.78 ± 0.99
  Final Train: 84.78 ± 2.39
   Final Test: 76.69 ± 1.13
Saving results to ../results/lowlabel/wikics/polynormer.csv
--- oracle_reg | lambda=1.6 ---
Namespace(aggregate='add', alpha=0.5, attention='gcn', beta=-1.0, bn=False, budget_tag='20', count_reg=False, count_smoothing=1.0, cpu=False, data_dir='../data/', dataset='wikics', device=0, dim_inner=512, display_step=100, dropout=0.5, epochs=500, global_dropout=None, global_epochs=1000, global_layers=2, gnn='gcn', graph_weight=0.8, hidden_channels=512, hops=10, in_dropout=0.5, jk=False, label_num_per_class=20, lambda_val=1.6, layers=1, ln=False, local_epochs=100, local_gnn_type='GCN', local_layers=7, lr=0.001, metric='acc', mlp_epochs=500, mlp_reg=False, model='polynormer', model_dir='models/lowlabel_1161133_293', n_heads=1, num_centroids=4096, num_heads=1, oracle_reg=True, paired_seeds=True, pe_types='RWSE', penalty_transform='none', pre_linear=False, pre_ln=False, rand_split=False, rand_split_class=False, reg_start_epoch=10, reg_update_freq=5, res=False, resample_split_per_run=False, result_dir='../results/lowlabel', runs=10, save_model=True, save_result=False, seed=42, test_num=1000, tr_dropout=None, tr_layers=1, tr_weight_decay=None, train_per_class=20, train_prop=0.5, use_act=False, use_bn=False, use_graph=False, use_reg=True, use_residual=False, use_weight=False, valid_num=500, valid_per_class=0, valid_prop=0.25, weight_decay=0.0)
wikics
dataset wikics | num nodes 11701 | num edge 431726 | num node feats 300 | num classes 10
MODEL: Polynormer(
  (h_lins): ModuleList(
    (0): Linear(in_features=512, out_features=512, bias=True)
    (1): Linear(in_features=512, out_features=512, bias=True)
    (2): Linear(in_features=512, out_features=512, bias=True)
    (3): Linear(in_features=512, out_features=512, bias=True)
    (4): Linear(in_features=512, out_features=512, bias=True)
    (5): Linear(in_features=512, out_features=512, bias=True)
    (6): Linear(in_features=512, out_features=512, bias=True)
  )
  (local_convs): ModuleList(
    (0): GATConv(512, 512, heads=1)
    (1): GATConv(512, 512, heads=1)
    (2): GATConv(512, 512, heads=1)
    (3): GATConv(512, 512, heads=1)
    (4): GATConv(512, 512, heads=1)
    (5): GATConv(512, 512, heads=1)
    (6): GATConv(512, 512, heads=1)
  )
  (lins): ModuleList(
    (0): Linear(in_features=512, out_features=512, bias=True)
    (1): Linear(in_features=512, out_features=512, bias=True)
    (2): Linear(in_features=512, out_features=512, bias=True)
    (3): Linear(in_features=512, out_features=512, bias=True)
    (4): Linear(in_features=512, out_features=512, bias=True)
    (5): Linear(in_features=512, out_features=512, bias=True)
    (6): Linear(in_features=512, out_features=512, bias=True)
  )
  (lns): ModuleList(
    (0): LayerNorm((512,), eps=1e-05, elementwise_affine=True)
    (1): LayerNorm((512,), eps=1e-05, elementwise_affine=True)
    (2): LayerNorm((512,), eps=1e-05, elementwise_affine=True)
    (3): LayerNorm((512,), eps=1e-05, elementwise_affine=True)
    (4): LayerNorm((512,), eps=1e-05, elementwise_affine=True)
    (5): LayerNorm((512,), eps=1e-05, elementwise_affine=True)
    (6): LayerNorm((512,), eps=1e-05, elementwise_affine=True)
  )
  (lin_in): Linear(in_features=300, out_features=512, bias=True)
  (ln): LayerNorm((512,), eps=1e-05, elementwise_affine=True)
  (global_attn): GlobalAttn(
    (h_lins): ModuleList(
      (0): Linear(in_features=512, out_features=512, bias=True)
      (1): Linear(in_features=512, out_features=512, bias=True)
    )
    (k_lins): ModuleList(
      (0): Linear(in_features=512, out_features=512, bias=True)
      (1): Linear(in_features=512, out_features=512, bias=True)
    )
    (v_lins): ModuleList(
      (0): Linear(in_features=512, out_features=512, bias=True)
      (1): Linear(in_features=512, out_features=512, bias=True)
    )
    (lns): ModuleList(
      (0): LayerNorm((512,), eps=1e-05, elementwise_affine=True)
      (1): LayerNorm((512,), eps=1e-05, elementwise_affine=True)
    )
    (lin_out): Linear(in_features=512, out_features=512, bias=True)
  )
  (pred_local): Linear(in_features=512, out_features=10, bias=True)
  (pred_global): Linear(in_features=512, out_features=10, bias=True)
)
Label budget: 20/class -> 194 train nodes
Computing oracle penalty matrix from true labels...
Oracle penalty matrix frozen.
Epoch: 00, Loss: 7.4111, Train: 10.86%, Valid: 8.74%, Test: 9.82%, Best Valid: 8.74%, Best Test: 9.82%
Switching Polynormer to global attention phase.
Epoch: 100, Loss: 6.0257, Train: 18.45%, Valid: 18.39%, Test: 18.40%, Best Valid: 38.09%, Best Test: 38.09%
Epoch: 200, Loss: 3.6764, Train: 61.03%, Valid: 48.33%, Test: 48.85%, Best Valid: 49.41%, Best Test: 49.07%
Epoch: 300, Loss: 0.4322, Train: 82.24%, Valid: 73.51%, Test: 72.87%, Best Valid: 74.00%, Best Test: 72.60%
Epoch: 400, Loss: 0.3591, Train: 83.62%, Valid: 74.59%, Test: 74.24%, Best Valid: 75.98%, Best Test: 75.24%
Epoch: 500, Loss: 0.1861, Train: 81.72%, Valid: 72.64%, Test: 71.95%, Best Valid: 75.98%, Best Test: 75.24%
Epoch: 600, Loss: 0.0337, Train: 82.07%, Valid: 73.64%, Test: 72.46%, Best Valid: 75.98%, Best Test: 75.24%
Epoch: 700, Loss: 0.0984, Train: 82.59%, Valid: 73.32%, Test: 72.43%, Best Valid: 75.98%, Best Test: 75.24%
Epoch: 800, Loss: 0.1842, Train: 83.62%, Valid: 74.78%, Test: 74.84%, Best Valid: 75.98%, Best Test: 75.24%
Epoch: 900, Loss: 0.3109, Train: 81.55%, Valid: 71.84%, Test: 71.25%, Best Valid: 75.98%, Best Test: 75.24%
Epoch: 1000, Loss: 0.1228, Train: 83.28%, Valid: 74.90%, Test: 73.92%, Best Valid: 75.98%, Best Test: 75.24%
Run 01:
Highest Train: 84.48
Highest Valid: 75.98
Highest Test: 75.83
Chosen epoch: 397
Final Train: 81.90
Final Test: 75.24
Label budget: 20/class -> 194 train nodes
Computing oracle penalty matrix from true labels...
Oracle penalty matrix frozen.
Epoch: 00, Loss: 7.1186, Train: 18.45%, Valid: 18.47%, Test: 18.51%, Best Valid: 18.47%, Best Test: 18.51%
Switching Polynormer to global attention phase.
Epoch: 100, Loss: 6.0443, Train: 18.45%, Valid: 18.39%, Test: 18.40%, Best Valid: 39.06%, Best Test: 38.62%
Epoch: 200, Loss: 6.6361, Train: 41.55%, Valid: 34.30%, Test: 34.63%, Best Valid: 42.09%, Best Test: 41.49%
Epoch: 300, Loss: 3.0180, Train: 53.97%, Valid: 39.97%, Test: 40.40%, Best Valid: 49.89%, Best Test: 49.51%
Epoch: 400, Loss: 0.4635, Train: 75.69%, Valid: 66.04%, Test: 65.61%, Best Valid: 71.24%, Best Test: 69.54%
Epoch: 500, Loss: 0.3212, Train: 78.97%, Valid: 72.18%, Test: 71.51%, Best Valid: 73.72%, Best Test: 72.86%
Epoch: 600, Loss: 0.1295, Train: 80.86%, Valid: 73.97%, Test: 72.41%, Best Valid: 74.65%, Best Test: 73.34%
Epoch: 700, Loss: 0.0983, Train: 80.86%, Valid: 73.72%, Test: 72.70%, Best Valid: 74.93%, Best Test: 73.61%
Epoch: 800, Loss: 0.0590, Train: 82.24%, Valid: 74.61%, Test: 73.30%, Best Valid: 75.79%, Best Test: 74.70%
Epoch: 900, Loss: 0.1349, Train: 81.72%, Valid: 73.59%, Test: 72.36%, Best Valid: 75.79%, Best Test: 74.70%
Epoch: 1000, Loss: 0.0887, Train: 81.90%, Valid: 74.65%, Test: 72.98%, Best Valid: 76.15%, Best Test: 74.31%
Run 02:
Highest Train: 84.83
Highest Valid: 76.15
Highest Test: 75.17
Chosen epoch: 966
Final Train: 82.93
Final Test: 74.31
Label budget: 20/class -> 194 train nodes
Computing oracle penalty matrix from true labels...
Oracle penalty matrix frozen.
Epoch: 00, Loss: 6.9606, Train: 21.03%, Valid: 20.74%, Test: 20.35%, Best Valid: 20.74%, Best Test: 20.35%
Switching Polynormer to global attention phase.
Epoch: 100, Loss: 6.0236, Train: 4.14%, Valid: 4.21%, Test: 4.21%, Best Valid: 44.96%, Best Test: 44.42%
Epoch: 200, Loss: 7.2925, Train: 35.00%, Valid: 30.85%, Test: 30.96%, Best Valid: 44.96%, Best Test: 44.42%
Epoch: 300, Loss: 4.2582, Train: 52.76%, Valid: 40.90%, Test: 40.43%, Best Valid: 50.27%, Best Test: 49.29%
Epoch: 400, Loss: 0.5495, Train: 80.52%, Valid: 73.28%, Test: 72.67%, Best Valid: 73.97%, Best Test: 73.05%
Epoch: 500, Loss: 0.2018, Train: 83.10%, Valid: 73.97%, Test: 73.49%, Best Valid: 76.60%, Best Test: 76.06%
Epoch: 600, Loss: 0.2365, Train: 85.00%, Valid: 76.60%, Test: 76.71%, Best Valid: 77.17%, Best Test: 76.74%
Epoch: 700, Loss: 0.0785, Train: 83.45%, Valid: 74.25%, Test: 74.11%, Best Valid: 77.17%, Best Test: 76.74%
Epoch: 800, Loss: 0.0909, Train: 84.66%, Valid: 77.02%, Test: 76.12%, Best Valid: 77.17%, Best Test: 76.74%
Epoch: 900, Loss: 0.0587, Train: 83.97%, Valid: 75.88%, Test: 75.54%, Best Valid: 77.66%, Best Test: 77.25%
Epoch: 1000, Loss: 0.1045, Train: 83.45%, Valid: 75.50%, Test: 74.62%, Best Valid: 77.66%, Best Test: 77.25%
Run 03:
Highest Train: 87.07
Highest Valid: 78.04
Highest Test: 77.42
Chosen epoch: 1058
Final Train: 87.07
Final Test: 77.42
Label budget: 20/class -> 194 train nodes
Computing oracle penalty matrix from true labels...
Oracle penalty matrix frozen.
Epoch: 00, Loss: 6.9621, Train: 18.45%, Valid: 18.39%, Test: 18.40%, Best Valid: 18.39%, Best Test: 18.40%
Switching Polynormer to global attention phase.
Epoch: 100, Loss: 6.0613, Train: 18.45%, Valid: 18.39%, Test: 18.40%, Best Valid: 35.84%, Best Test: 35.45%
Epoch: 200, Loss: 5.0489, Train: 52.59%, Valid: 41.64%, Test: 41.17%, Best Valid: 41.64%, Best Test: 41.17%
Epoch: 300, Loss: 0.4723, Train: 79.83%, Valid: 73.81%, Test: 73.78%, Best Valid: 75.84%, Best Test: 75.46%
Epoch: 400, Loss: 0.2156, Train: 82.41%, Valid: 76.11%, Test: 75.51%, Best Valid: 76.68%, Best Test: 76.24%
Epoch: 500, Loss: 0.0335, Train: 82.24%, Valid: 76.24%, Test: 75.73%, Best Valid: 77.83%, Best Test: 76.96%
Epoch: 600, Loss: 0.0447, Train: 81.72%, Valid: 75.54%, Test: 74.28%, Best Valid: 77.87%, Best Test: 76.91%
Epoch: 700, Loss: 0.0693, Train: 82.93%, Valid: 76.49%, Test: 75.18%, Best Valid: 77.87%, Best Test: 76.91%
Epoch: 800, Loss: 0.1289, Train: 83.28%, Valid: 76.68%, Test: 75.65%, Best Valid: 78.02%, Best Test: 76.74%
Epoch: 900, Loss: 0.1429, Train: 83.62%, Valid: 76.58%, Test: 75.05%, Best Valid: 78.02%, Best Test: 76.74%
Epoch: 1000, Loss: 0.0773, Train: 82.59%, Valid: 76.58%, Test: 76.12%, Best Valid: 78.02%, Best Test: 76.74%
Run 04:
Highest Train: 85.17
Highest Valid: 78.02
Highest Test: 77.22
Chosen epoch: 753
Final Train: 83.28
Final Test: 76.74
Label budget: 20/class -> 194 train nodes
Computing oracle penalty matrix from true labels...
Oracle penalty matrix frozen.
Epoch: 00, Loss: 7.0653, Train: 4.14%, Valid: 3.45%, Test: 3.88%, Best Valid: 3.45%, Best Test: 3.88%
Switching Polynormer to global attention phase.
Epoch: 100, Loss: 6.0958, Train: 12.24%, Valid: 12.17%, Test: 12.26%, Best Valid: 26.32%, Best Test: 25.98%
Epoch: 200, Loss: 5.4494, Train: 39.83%, Valid: 32.14%, Test: 31.95%, Best Valid: 34.76%, Best Test: 34.48%
Epoch: 300, Loss: 1.7048, Train: 72.76%, Valid: 64.60%, Test: 63.74%, Best Valid: 71.73%, Best Test: 70.45%
Epoch: 400, Loss: 0.3975, Train: 77.59%, Valid: 69.78%, Test: 68.62%, Best Valid: 72.09%, Best Test: 71.44%
Epoch: 500, Loss: 0.2211, Train: 79.14%, Valid: 69.91%, Test: 69.73%, Best Valid: 72.20%, Best Test: 71.44%
Epoch: 600, Loss: 0.1023, Train: 81.90%, Valid: 73.55%, Test: 72.41%, Best Valid: 74.29%, Best Test: 73.22%
Epoch: 700, Loss: 0.2079, Train: 81.21%, Valid: 74.46%, Test: 74.00%, Best Valid: 74.46%, Best Test: 74.00%
Epoch: 800, Loss: 0.2496, Train: 77.41%, Valid: 69.21%, Test: 69.16%, Best Valid: 74.93%, Best Test: 74.53%
Epoch: 900, Loss: 0.0757, Train: 78.62%, Valid: 71.05%, Test: 70.81%, Best Valid: 74.93%, Best Test: 74.53%
Epoch: 1000, Loss: 0.0721, Train: 80.52%, Valid: 73.80%, Test: 72.98%, Best Valid: 76.07%, Best Test: 75.46%
Run 05:
Highest Train: 83.62
Highest Valid: 76.07
Highest Test: 75.47
Chosen epoch: 968
Final Train: 83.28
Final Test: 75.46
Label budget: 20/class -> 194 train nodes
Computing oracle penalty matrix from true labels...
Oracle penalty matrix frozen.
Epoch: 00, Loss: 7.2462, Train: 8.79%, Valid: 8.04%, Test: 8.06%, Best Valid: 8.04%, Best Test: 8.06%
Switching Polynormer to global attention phase.
Epoch: 100, Loss: 5.9728, Train: 4.31%, Valid: 4.76%, Test: 4.96%, Best Valid: 51.25%, Best Test: 50.86%
Epoch: 200, Loss: 6.1377, Train: 37.76%, Valid: 33.09%, Test: 33.16%, Best Valid: 51.25%, Best Test: 50.86%
Epoch: 300, Loss: 1.8150, Train: 70.52%, Valid: 60.03%, Test: 58.35%, Best Valid: 65.87%, Best Test: 64.51%
Epoch: 400, Loss: 0.1134, Train: 85.69%, Valid: 76.26%, Test: 75.78%, Best Valid: 77.06%, Best Test: 76.64%
Epoch: 500, Loss: 0.1827, Train: 85.34%, Valid: 75.12%, Test: 74.43%, Best Valid: 77.13%, Best Test: 76.16%
Epoch: 600, Loss: 0.1592, Train: 83.79%, Valid: 75.43%, Test: 74.94%, Best Valid: 77.13%, Best Test: 76.16%
Epoch: 700, Loss: 0.1728, Train: 86.21%, Valid: 76.92%, Test: 76.28%, Best Valid: 77.63%, Best Test: 76.09%
Epoch: 800, Loss: 0.0236, Train: 83.79%, Valid: 74.16%, Test: 73.06%, Best Valid: 77.63%, Best Test: 76.09%
Epoch: 900, Loss: 0.1694, Train: 85.34%, Valid: 76.11%, Test: 74.82%, Best Valid: 77.63%, Best Test: 76.09%
Epoch: 1000, Loss: 0.2632, Train: 84.66%, Valid: 75.52%, Test: 74.35%, Best Valid: 77.63%, Best Test: 76.09%
Run 06:
Highest Train: 87.24
Highest Valid: 77.63
Highest Test: 76.76
Chosen epoch: 629
Final Train: 85.86
Final Test: 76.09
Label budget: 20/class -> 194 train nodes
Computing oracle penalty matrix from true labels...
Oracle penalty matrix frozen.
Epoch: 00, Loss: 6.9729, Train: 18.79%, Valid: 18.83%, Test: 18.59%, Best Valid: 18.83%, Best Test: 18.59%
Switching Polynormer to global attention phase.
Epoch: 100, Loss: 6.0861, Train: 18.45%, Valid: 18.39%, Test: 18.40%, Best Valid: 42.89%, Best Test: 43.48%
Epoch: 200, Loss: 2.3246, Train: 73.10%, Valid: 62.40%, Test: 62.05%, Best Valid: 62.40%, Best Test: 62.05%
Epoch: 300, Loss: 0.3882, Train: 81.21%, Valid: 70.69%, Test: 69.71%, Best Valid: 72.66%, Best Test: 72.19%
Epoch: 400, Loss: 0.1893, Train: 82.93%, Valid: 74.52%, Test: 74.19%, Best Valid: 75.05%, Best Test: 74.94%
Epoch: 500, Loss: 0.1204, Train: 85.00%, Valid: 74.50%, Test: 74.31%, Best Valid: 75.05%, Best Test: 74.94%
Epoch: 600, Loss: 0.2652, Train: 83.79%, Valid: 74.42%, Test: 74.43%, Best Valid: 75.58%, Best Test: 75.25%
Epoch: 700, Loss: 0.1366, Train: 85.52%, Valid: 74.00%, Test: 73.42%, Best Valid: 76.00%, Best Test: 75.61%
Epoch: 800, Loss: 0.0117, Train: 84.31%, Valid: 73.95%, Test: 74.00%, Best Valid: 76.00%, Best Test: 75.61%
Epoch: 900, Loss: 0.0822, Train: 82.76%, Valid: 71.90%, Test: 71.56%, Best Valid: 76.58%, Best Test: 76.07%
Epoch: 1000, Loss: 0.0488, Train: 84.66%, Valid: 74.82%, Test: 73.80%, Best Valid: 76.58%, Best Test: 76.07%
Run 07:
Highest Train: 86.90
Highest Valid: 76.58
Highest Test: 76.07
Chosen epoch: 891
Final Train: 85.86
Final Test: 76.07
Label budget: 20/class -> 194 train nodes
Computing oracle penalty matrix from true labels...
Oracle penalty matrix frozen.
Epoch: 00, Loss: 7.2115, Train: 18.45%, Valid: 18.39%, Test: 18.40%, Best Valid: 18.39%, Best Test: 18.40%
Switching Polynormer to global attention phase.
Epoch: 100, Loss: 5.9903, Train: 18.45%, Valid: 18.39%, Test: 18.40%, Best Valid: 27.34%, Best Test: 27.23%
Epoch: 200, Loss: 5.6388, Train: 45.00%, Valid: 34.81%, Test: 35.01%, Best Valid: 35.51%, Best Test: 35.83%
Epoch: 300, Loss: 3.0435, Train: 61.21%, Valid: 46.99%, Test: 47.19%, Best Valid: 50.42%, Best Test: 50.64%
Epoch: 400, Loss: 0.5637, Train: 80.69%, Valid: 71.60%, Test: 70.29%, Best Valid: 71.60%, Best Test: 70.29%
Epoch: 500, Loss: 0.2146, Train: 80.00%, Valid: 72.15%, Test: 71.25%, Best Valid: 73.55%, Best Test: 72.48%
Epoch: 600, Loss: 0.2100, Train: 81.38%, Valid: 72.92%, Test: 72.69%, Best Valid: 74.97%, Best Test: 73.95%
Epoch: 700, Loss: 0.0611, Train: 81.21%, Valid: 74.00%, Test: 73.08%, Best Valid: 76.09%, Best Test: 74.98%
Epoch: 800, Loss: 0.1097, Train: 79.66%, Valid: 73.30%, Test: 72.29%, Best Valid: 76.09%, Best Test: 74.98%
Epoch: 900, Loss: 0.0520, Train: 78.28%, Valid: 70.02%, Test: 69.47%, Best Valid: 76.09%, Best Test: 74.98%
Epoch: 1000, Loss: 0.0589, Train: 81.72%, Valid: 73.28%, Test: 73.01%, Best Valid: 76.09%, Best Test: 74.98%
Run 08:
Highest Train: 83.28
Highest Valid: 76.09
Highest Test: 75.15
Chosen epoch: 692
Final Train: 82.76
Final Test: 74.98
Label budget: 20/class -> 194 train nodes
Computing oracle penalty matrix from true labels...
Oracle penalty matrix frozen.
Epoch: 00, Loss: 7.1336, Train: 19.66%, Valid: 18.43%, Test: 18.42%, Best Valid: 18.43%, Best Test: 18.42%
Switching Polynormer to global attention phase.
Epoch: 100, Loss: 6.0696, Train: 12.24%, Valid: 12.08%, Test: 12.09%, Best Valid: 29.16%, Best Test: 28.54%
Epoch: 200, Loss: 3.4312, Train: 63.79%, Valid: 51.23%, Test: 51.09%, Best Valid: 53.55%, Best Test: 53.53%
Epoch: 300, Loss: 0.6089, Train: 86.55%, Valid: 74.33%, Test: 74.06%, Best Valid: 75.60%, Best Test: 75.10%
Epoch: 400, Loss: 0.0923, Train: 86.55%, Valid: 74.73%, Test: 74.41%, Best Valid: 76.03%, Best Test: 75.32%
Epoch: 500, Loss: 0.1563, Train: 86.55%, Valid: 74.97%, Test: 74.29%, Best Valid: 77.08%, Best Test: 76.35%
Epoch: 600, Loss: 0.2085, Train: 87.59%, Valid: 76.41%, Test: 75.68%, Best Valid: 77.15%, Best Test: 76.12%
Epoch: 700, Loss: 0.6743, Train: 83.62%, Valid: 72.89%, Test: 72.40%, Best Valid: 77.36%, Best Test: 76.79%
Epoch: 800, Loss: 0.0455, Train: 87.59%, Valid: 74.67%, Test: 74.41%, Best Valid: 77.36%, Best Test: 76.79%
Epoch: 900, Loss: 0.0371, Train: 86.72%, Valid: 75.35%, Test: 74.45%, Best Valid: 77.40%, Best Test: 76.43%
Epoch: 1000, Loss: 0.0782, Train: 86.21%, Valid: 76.11%, Test: 75.03%, Best Valid: 77.40%, Best Test: 76.43%
Run 09:
Highest Train: 88.97
Highest Valid: 77.83
Highest Test: 76.84
Chosen epoch: 1047
Final Train: 88.62
Final Test: 76.84
Label budget: 20/class -> 194 train nodes
Computing oracle penalty matrix from true labels...
Oracle penalty matrix frozen.
Epoch: 00, Loss: 6.9591, Train: 18.45%, Valid: 18.37%, Test: 18.39%, Best Valid: 18.37%, Best Test: 18.39%
Switching Polynormer to global attention phase.
Epoch: 100, Loss: 6.0229, Train: 18.45%, Valid: 18.39%, Test: 18.40%, Best Valid: 31.59%, Best Test: 31.85%
Epoch: 200, Loss: 5.1407, Train: 44.48%, Valid: 32.88%, Test: 34.33%, Best Valid: 41.41%, Best Test: 42.24%
Epoch: 300, Loss: 1.1708, Train: 78.97%, Valid: 67.22%, Test: 66.48%, Best Valid: 68.77%, Best Test: 68.33%
Epoch: 400, Loss: 0.1317, Train: 80.34%, Valid: 72.41%, Test: 71.81%, Best Valid: 75.07%, Best Test: 73.73%
Epoch: 500, Loss: 0.0691, Train: 81.38%, Valid: 73.78%, Test: 72.65%, Best Valid: 76.66%, Best Test: 74.96%
Epoch: 600, Loss: 0.1733, Train: 81.21%, Valid: 73.93%, Test: 72.70%, Best Valid: 76.75%, Best Test: 75.42%
Epoch: 700, Loss: 0.0205, Train: 79.83%, Valid: 73.13%, Test: 72.19%, Best Valid: 76.75%, Best Test: 75.42%
Epoch: 800, Loss: 0.1697, Train: 83.45%, Valid: 75.12%, Test: 74.35%, Best Valid: 76.75%, Best Test: 75.42%
Epoch: 900, Loss: 0.0495, Train: 80.86%, Valid: 72.34%, Test: 71.08%, Best Valid: 76.83%, Best Test: 75.42%
Epoch: 1000, Loss: 0.0504, Train: 83.10%, Valid: 74.48%, Test: 73.94%, Best Valid: 76.83%, Best Test: 75.42%
Run 10:
Highest Train: 85.86
Highest Valid: 76.83
Highest Test: 75.63
Chosen epoch: 853
Final Train: 83.62
Final Test: 75.42
All runs:
Highest Train: 85.74 ± 1.80
Highest Test: 76.16 ± 0.84
Highest Valid: 76.92 ± 0.87
  Final Train: 84.52 ± 2.19
   Final Test: 75.86 ± 0.95
Saving results to ../results/lowlabel/wikics/polynormer.csv
Low-label sweep completed.
Task 293 done.
