Sat Aug  8 01:22:06 2026       
+-----------------------------------------------------------------------------------------+
| NVIDIA-SMI 580.159.04             Driver Version: 580.159.04     CUDA Version: 13.0     |
+-----------------------------------------+------------------------+----------------------+
| GPU  Name                 Persistence-M | Bus-Id          Disp.A | Volatile Uncorr. ECC |
| Fan  Temp   Perf          Pwr:Usage/Cap |           Memory-Usage | GPU-Util  Compute M. |
|                                         |                        |               MIG M. |
|=========================================+========================+======================|
|   0  NVIDIA A100-SXM4-80GB          On  |   00000000:01:00.0 Off |                   On |
| N/A   49C    P0            165W /  500W |   32213MiB /  81920MiB |     N/A      Default |
|                                         |                        |              Enabled |
+-----------------------------------------+------------------------+----------------------+
|   1  NVIDIA A100-SXM4-80GB          On  |   00000000:41:00.0 Off |                   On |
| N/A   41C    P0            161W /  500W |   29163MiB /  81920MiB |     N/A      Default |
|                                         |                        |              Enabled |
+-----------------------------------------+------------------------+----------------------+
|   2  NVIDIA A100-SXM4-80GB          On  |   00000000:81:00.0 Off |                   On |
| N/A   46C    P0            191W /  500W |   35137MiB /  81920MiB |     N/A      Default |
|                                         |                        |              Enabled |
+-----------------------------------------+------------------------+----------------------+
|   3  NVIDIA A100-SXM4-80GB          On  |   00000000:C1:00.0 Off |                   On |
| N/A   46C    P0            250W /  500W |   46076MiB /  81920MiB |     N/A      Default |
|                                         |                        |              Enabled |
+-----------------------------------------+------------------------+----------------------+

+-----------------------------------------------------------------------------------------+
| MIG devices:                                                                            |
+------------------+----------------------------------+-----------+-----------------------+
| GPU  GI  CI  MIG |              Shared Memory-Usage |        Vol|        Shared         |
|      ID  ID  Dev |                Shared BAR1-Usage | SM     Unc| CE ENC  DEC  OFA  JPG |
|                  |                                  |        ECC|                       |
|==================+==================================+===========+=======================|
|  0    5   0   0  |              71MiB / 19968MiB    | 28      0 |  2   0    1    0    0 |
|                  |               0MiB / 12271MiB    |           |                       |
+------------------+----------------------------------+-----------+-----------------------+

+-----------------------------------------------------------------------------------------+
| Processes:                                                                              |
|  GPU   GI   CI              PID   Type   Process name                        GPU Memory |
|        ID   ID                                                               Usage      |
|=========================================================================================|
|    1    2    0           802657      C   ....conda/envs/lmflow/bin/python      26724MiB |
|    1   10    0           826220      C   ...ware/symmetrix-env/bin/python        880MiB |
|    1    9    0           826222      C   ...ware/symmetrix-env/bin/python        880MiB |
|    1    3    0          1473467      C   ...envs/torch-cuda-mm/bin/python        398MiB |
|    2    2    0           802664      C   ....conda/envs/lmflow/bin/python      32856MiB |
|    2    9    0           826228      C   ...ware/symmetrix-env/bin/python        962MiB |
|    2   10    0           826229      C   ...ware/symmetrix-env/bin/python       1078MiB |
|    3    1    0          1364789      C   python                                39270MiB |
|    3    5    0          1463018      C   python                                 6540MiB |
+-----------------------------------------------------------------------------------------+
Cell: wikics / polynormer / budget 20 per class / group 2
python main.py --model polynormer --dataset wikics --hidden_channels 512 --local_epochs 100 --global_epochs 1000 --lr 0.001 --runs 10 --local_layers 7 --global_layers 2 --weight_decay 0.0 --dropout 0.5 --in_dropout 0.5 --num_heads 1 --save_model --device 0 --model_dir models/lowlabel_1161133_292 --train_per_class 20 --budget_tag 20
==========================================================
Low-label sweep: python main.py --model polynormer --dataset wikics --hidden_channels 512 --local_epochs 100 --global_epochs 1000 --lr 0.001 --runs 10 --local_layers 7 --global_layers 2 --weight_decay 0.0 --dropout 0.5 --in_dropout 0.5 --num_heads 1 --save_model --device 0 --model_dir models/lowlabel_1161133_292 --train_per_class 20 --budget_tag 20
result_dir=../results/lowlabel conditions=[mlp]
==========================================================
--- mlp_reg | lambda=0.01 ---
Namespace(aggregate='add', alpha=0.5, attention='gcn', beta=-1.0, bn=False, budget_tag='20', count_reg=False, count_smoothing=1.0, cpu=False, data_dir='../data/', dataset='wikics', device=0, dim_inner=512, display_step=100, dropout=0.5, epochs=500, global_dropout=None, global_epochs=1000, global_layers=2, gnn='gcn', graph_weight=0.8, hidden_channels=512, hops=10, in_dropout=0.5, jk=False, label_num_per_class=20, lambda_val=0.01, layers=1, ln=False, local_epochs=100, local_gnn_type='GCN', local_layers=7, lr=0.001, metric='acc', mlp_epochs=500, mlp_reg=True, model='polynormer', model_dir='models/lowlabel_1161133_292', n_heads=1, num_centroids=4096, num_heads=1, oracle_reg=False, paired_seeds=True, pe_types='RWSE', penalty_transform='none', pre_linear=False, pre_ln=False, rand_split=False, rand_split_class=False, reg_start_epoch=10, reg_update_freq=5, res=False, resample_split_per_run=False, result_dir='../results/lowlabel', runs=10, save_model=True, save_result=False, seed=42, test_num=1000, tr_dropout=None, tr_layers=1, tr_weight_decay=None, train_per_class=20, train_prop=0.5, use_act=False, use_bn=False, use_graph=False, use_reg=True, use_residual=False, use_weight=False, valid_num=500, valid_per_class=0, valid_prop=0.25, weight_decay=0.0)
wikics
dataset wikics | num nodes 11701 | num edge 431726 | num node feats 300 | num classes 10
MODEL: Polynormer(
  (h_lins): ModuleList(
    (0): Linear(in_features=512, out_features=512, bias=True)
    (1): Linear(in_features=512, out_features=512, bias=True)
    (2): Linear(in_features=512, out_features=512, bias=True)
    (3): Linear(in_features=512, out_features=512, bias=True)
    (4): Linear(in_features=512, out_features=512, bias=True)
    (5): Linear(in_features=512, out_features=512, bias=True)
    (6): Linear(in_features=512, out_features=512, bias=True)
  )
  (local_convs): ModuleList(
    (0): GATConv(512, 512, heads=1)
    (1): GATConv(512, 512, heads=1)
    (2): GATConv(512, 512, heads=1)
    (3): GATConv(512, 512, heads=1)
    (4): GATConv(512, 512, heads=1)
    (5): GATConv(512, 512, heads=1)
    (6): GATConv(512, 512, heads=1)
  )
  (lins): ModuleList(
    (0): Linear(in_features=512, out_features=512, bias=True)
    (1): Linear(in_features=512, out_features=512, bias=True)
    (2): Linear(in_features=512, out_features=512, bias=True)
    (3): Linear(in_features=512, out_features=512, bias=True)
    (4): Linear(in_features=512, out_features=512, bias=True)
    (5): Linear(in_features=512, out_features=512, bias=True)
    (6): Linear(in_features=512, out_features=512, bias=True)
  )
  (lns): ModuleList(
    (0): LayerNorm((512,), eps=1e-05, elementwise_affine=True)
    (1): LayerNorm((512,), eps=1e-05, elementwise_affine=True)
    (2): LayerNorm((512,), eps=1e-05, elementwise_affine=True)
    (3): LayerNorm((512,), eps=1e-05, elementwise_affine=True)
    (4): LayerNorm((512,), eps=1e-05, elementwise_affine=True)
    (5): LayerNorm((512,), eps=1e-05, elementwise_affine=True)
    (6): LayerNorm((512,), eps=1e-05, elementwise_affine=True)
  )
  (lin_in): Linear(in_features=300, out_features=512, bias=True)
  (ln): LayerNorm((512,), eps=1e-05, elementwise_affine=True)
  (global_attn): GlobalAttn(
    (h_lins): ModuleList(
      (0): Linear(in_features=512, out_features=512, bias=True)
      (1): Linear(in_features=512, out_features=512, bias=True)
    )
    (k_lins): ModuleList(
      (0): Linear(in_features=512, out_features=512, bias=True)
      (1): Linear(in_features=512, out_features=512, bias=True)
    )
    (v_lins): ModuleList(
      (0): Linear(in_features=512, out_features=512, bias=True)
      (1): Linear(in_features=512, out_features=512, bias=True)
    )
    (lns): ModuleList(
      (0): LayerNorm((512,), eps=1e-05, elementwise_affine=True)
      (1): LayerNorm((512,), eps=1e-05, elementwise_affine=True)
    )
    (lin_out): Linear(in_features=512, out_features=512, bias=True)
  )
  (pred_local): Linear(in_features=512, out_features=10, bias=True)
  (pred_global): Linear(in_features=512, out_features=10, bias=True)
)
Label budget: 20/class -> 194 train nodes
Pre-training MLP for 500 epochs to generate co-occurrence matrix...
MLP pre-training complete. Penalty matrix frozen.
Epoch: 00, Loss: 2.8789, Train: 16.03%, Valid: 16.78%, Test: 16.57%, Best Valid: 16.78%, Best Test: 16.57%
Switching Polynormer to global attention phase.
Epoch: 100, Loss: 2.3414, Train: 3.45%, Valid: 3.55%, Test: 3.52%, Best Valid: 75.37%, Best Test: 74.43%
Epoch: 200, Loss: 0.2818, Train: 81.90%, Valid: 73.28%, Test: 72.94%, Best Valid: 75.79%, Best Test: 74.98%
Epoch: 300, Loss: 0.2920, Train: 80.52%, Valid: 72.87%, Test: 72.12%, Best Valid: 75.79%, Best Test: 74.98%
Epoch: 400, Loss: 0.1522, Train: 81.21%, Valid: 72.60%, Test: 72.62%, Best Valid: 76.96%, Best Test: 76.30%
Epoch: 500, Loss: 0.1287, Train: 82.24%, Valid: 75.29%, Test: 74.59%, Best Valid: 76.96%, Best Test: 76.30%
Epoch: 600, Loss: 0.0482, Train: 82.41%, Valid: 74.61%, Test: 74.23%, Best Valid: 76.96%, Best Test: 76.30%
Epoch: 700, Loss: 0.0037, Train: 82.24%, Valid: 74.80%, Test: 75.13%, Best Valid: 76.96%, Best Test: 76.30%
Epoch: 800, Loss: 0.1016, Train: 83.10%, Valid: 75.37%, Test: 75.08%, Best Valid: 76.96%, Best Test: 76.30%
Epoch: 900, Loss: 0.0371, Train: 79.31%, Valid: 71.29%, Test: 71.46%, Best Valid: 77.10%, Best Test: 76.36%
Epoch: 1000, Loss: 0.0755, Train: 83.97%, Valid: 76.96%, Test: 76.35%, Best Valid: 77.10%, Best Test: 76.36%
Run 01:
Highest Train: 85.17
Highest Valid: 77.10
Highest Test: 76.81
Chosen epoch: 810
Final Train: 83.45
Final Test: 76.36
Label budget: 20/class -> 194 train nodes
Pre-training MLP for 500 epochs to generate co-occurrence matrix...
MLP pre-training complete. Penalty matrix frozen.
Epoch: 00, Loss: 2.7653, Train: 22.93%, Valid: 23.02%, Test: 23.12%, Best Valid: 23.02%, Best Test: 23.12%
Switching Polynormer to global attention phase.
Epoch: 100, Loss: 2.3452, Train: 6.03%, Valid: 5.42%, Test: 5.27%, Best Valid: 75.35%, Best Test: 73.78%
Epoch: 200, Loss: 0.2275, Train: 82.76%, Valid: 75.48%, Test: 74.55%, Best Valid: 77.34%, Best Test: 75.73%
Epoch: 300, Loss: 0.2501, Train: 78.10%, Valid: 71.60%, Test: 70.72%, Best Valid: 77.34%, Best Test: 75.73%
Epoch: 400, Loss: 0.0455, Train: 81.38%, Valid: 72.79%, Test: 71.42%, Best Valid: 77.34%, Best Test: 75.73%
Epoch: 500, Loss: 0.0894, Train: 81.03%, Valid: 73.89%, Test: 73.18%, Best Valid: 77.34%, Best Test: 75.73%
Epoch: 600, Loss: 0.0372, Train: 81.38%, Valid: 73.42%, Test: 73.10%, Best Valid: 77.34%, Best Test: 75.73%
Epoch: 700, Loss: 0.0405, Train: 81.21%, Valid: 71.81%, Test: 71.47%, Best Valid: 77.34%, Best Test: 75.73%
Epoch: 800, Loss: 0.0562, Train: 81.21%, Valid: 73.63%, Test: 72.16%, Best Valid: 77.34%, Best Test: 75.73%
Epoch: 900, Loss: 0.0884, Train: 82.59%, Valid: 73.80%, Test: 73.05%, Best Valid: 77.34%, Best Test: 75.73%
Epoch: 1000, Loss: 0.0631, Train: 83.10%, Valid: 74.88%, Test: 73.61%, Best Valid: 77.34%, Best Test: 75.73%
Run 02:
Highest Train: 84.83
Highest Valid: 77.34
Highest Test: 75.82
Chosen epoch: 199
Final Train: 83.10
Final Test: 75.73
Label budget: 20/class -> 194 train nodes
Pre-training MLP for 500 epochs to generate co-occurrence matrix...
MLP pre-training complete. Penalty matrix frozen.
Epoch: 00, Loss: 2.7039, Train: 17.41%, Valid: 18.51%, Test: 17.89%, Best Valid: 18.51%, Best Test: 17.89%
Switching Polynormer to global attention phase.
Epoch: 100, Loss: 2.3448, Train: 13.97%, Valid: 12.68%, Test: 12.95%, Best Valid: 77.53%, Best Test: 76.52%
Epoch: 200, Loss: 0.2743, Train: 83.97%, Valid: 77.32%, Test: 76.47%, Best Valid: 77.63%, Best Test: 77.00%
Epoch: 300, Loss: 0.0595, Train: 83.62%, Valid: 75.71%, Test: 74.57%, Best Valid: 77.80%, Best Test: 76.83%
Epoch: 400, Loss: 0.0733, Train: 83.10%, Valid: 72.05%, Test: 71.92%, Best Valid: 77.80%, Best Test: 76.83%
Epoch: 500, Loss: 0.0178, Train: 84.83%, Valid: 75.48%, Test: 74.91%, Best Valid: 77.80%, Best Test: 76.83%
Epoch: 600, Loss: 0.0912, Train: 82.07%, Valid: 73.30%, Test: 72.55%, Best Valid: 77.80%, Best Test: 76.83%
Epoch: 700, Loss: 0.0412, Train: 81.03%, Valid: 72.43%, Test: 72.11%, Best Valid: 77.80%, Best Test: 76.83%
Epoch: 800, Loss: 0.0583, Train: 83.62%, Valid: 74.29%, Test: 74.09%, Best Valid: 77.80%, Best Test: 76.83%
Epoch: 900, Loss: 0.0632, Train: 83.97%, Valid: 75.10%, Test: 74.65%, Best Valid: 77.80%, Best Test: 76.83%
Epoch: 1000, Loss: 0.0269, Train: 81.55%, Valid: 72.64%, Test: 71.99%, Best Valid: 77.80%, Best Test: 76.83%
Run 03:
Highest Train: 86.21
Highest Valid: 77.80
Highest Test: 77.05
Chosen epoch: 267
Final Train: 85.52
Final Test: 76.83
Label budget: 20/class -> 194 train nodes
Pre-training MLP for 500 epochs to generate co-occurrence matrix...
MLP pre-training complete. Penalty matrix frozen.
Epoch: 00, Loss: 2.7045, Train: 13.28%, Valid: 13.97%, Test: 13.96%, Best Valid: 13.97%, Best Test: 13.96%
Switching Polynormer to global attention phase.
Epoch: 100, Loss: 2.3578, Train: 41.72%, Valid: 43.31%, Test: 42.77%, Best Valid: 76.60%, Best Test: 75.24%
Epoch: 200, Loss: 0.1281, Train: 81.90%, Valid: 76.15%, Test: 74.43%, Best Valid: 77.13%, Best Test: 75.54%
Epoch: 300, Loss: 0.1397, Train: 79.14%, Valid: 72.96%, Test: 71.28%, Best Valid: 77.13%, Best Test: 75.54%
Epoch: 400, Loss: 0.1003, Train: 80.34%, Valid: 73.08%, Test: 71.78%, Best Valid: 77.13%, Best Test: 75.54%
Epoch: 500, Loss: 0.0247, Train: 80.52%, Valid: 74.02%, Test: 72.57%, Best Valid: 77.13%, Best Test: 75.54%
Epoch: 600, Loss: 0.0144, Train: 81.03%, Valid: 73.78%, Test: 72.55%, Best Valid: 77.13%, Best Test: 75.54%
Epoch: 700, Loss: 0.0040, Train: 79.66%, Valid: 71.71%, Test: 71.66%, Best Valid: 77.13%, Best Test: 75.54%
Epoch: 800, Loss: 0.0350, Train: 80.52%, Valid: 72.89%, Test: 72.48%, Best Valid: 77.13%, Best Test: 75.54%
Epoch: 900, Loss: 0.0335, Train: 80.52%, Valid: 72.85%, Test: 71.75%, Best Valid: 77.13%, Best Test: 75.54%
Epoch: 1000, Loss: 0.0309, Train: 80.17%, Valid: 72.45%, Test: 71.58%, Best Valid: 77.13%, Best Test: 75.54%
Run 04:
Highest Train: 84.48
Highest Valid: 77.13
Highest Test: 75.54
Chosen epoch: 130
Final Train: 82.41
Final Test: 75.54
Label budget: 20/class -> 194 train nodes
Pre-training MLP for 500 epochs to generate co-occurrence matrix...
MLP pre-training complete. Penalty matrix frozen.
Epoch: 00, Loss: 2.7446, Train: 7.24%, Valid: 7.22%, Test: 6.70%, Best Valid: 7.22%, Best Test: 6.70%
Switching Polynormer to global attention phase.
Epoch: 100, Loss: 2.3665, Train: 4.14%, Valid: 4.21%, Test: 4.26%, Best Valid: 72.34%, Best Test: 70.77%
Epoch: 200, Loss: 0.3079, Train: 80.00%, Valid: 73.23%, Test: 72.19%, Best Valid: 75.43%, Best Test: 73.97%
Epoch: 300, Loss: 0.3031, Train: 81.55%, Valid: 72.18%, Test: 71.40%, Best Valid: 76.15%, Best Test: 74.23%
Epoch: 400, Loss: 0.2377, Train: 80.69%, Valid: 71.98%, Test: 71.15%, Best Valid: 76.22%, Best Test: 75.32%
Epoch: 500, Loss: 0.0398, Train: 82.07%, Valid: 74.50%, Test: 73.66%, Best Valid: 76.22%, Best Test: 75.32%
Epoch: 600, Loss: 0.0406, Train: 78.97%, Valid: 70.80%, Test: 69.06%, Best Valid: 76.22%, Best Test: 75.32%
Epoch: 700, Loss: 0.0353, Train: 81.90%, Valid: 73.38%, Test: 72.09%, Best Valid: 76.22%, Best Test: 75.32%
Epoch: 800, Loss: 0.0353, Train: 78.62%, Valid: 70.88%, Test: 69.75%, Best Valid: 76.22%, Best Test: 75.32%
Epoch: 900, Loss: 0.1385, Train: 80.17%, Valid: 72.32%, Test: 71.08%, Best Valid: 76.22%, Best Test: 75.32%
Epoch: 1000, Loss: 0.1442, Train: 81.21%, Valid: 72.49%, Test: 72.00%, Best Valid: 76.22%, Best Test: 75.32%
Run 05:
Highest Train: 84.14
Highest Valid: 76.22
Highest Test: 75.42
Chosen epoch: 324
Final Train: 84.14
Final Test: 75.32
Label budget: 20/class -> 194 train nodes
Pre-training MLP for 500 epochs to generate co-occurrence matrix...
MLP pre-training complete. Penalty matrix frozen.
Epoch: 00, Loss: 2.8149, Train: 5.52%, Valid: 4.80%, Test: 4.60%, Best Valid: 4.80%, Best Test: 4.60%
Switching Polynormer to global attention phase.
Epoch: 100, Loss: 2.3199, Train: 4.14%, Valid: 4.21%, Test: 4.21%, Best Valid: 74.36%, Best Test: 74.02%
Epoch: 200, Loss: 0.1535, Train: 82.07%, Valid: 73.53%, Test: 73.17%, Best Valid: 76.05%, Best Test: 75.00%
Epoch: 300, Loss: 0.0852, Train: 81.90%, Valid: 71.92%, Test: 72.09%, Best Valid: 76.05%, Best Test: 75.00%
Epoch: 400, Loss: 0.1475, Train: 81.03%, Valid: 72.45%, Test: 71.39%, Best Valid: 76.05%, Best Test: 75.00%
Epoch: 500, Loss: 0.0492, Train: 82.41%, Valid: 73.17%, Test: 72.60%, Best Valid: 76.05%, Best Test: 75.00%
Epoch: 600, Loss: 0.0779, Train: 83.28%, Valid: 74.69%, Test: 73.71%, Best Valid: 76.05%, Best Test: 75.00%
Epoch: 700, Loss: 0.0744, Train: 81.21%, Valid: 71.86%, Test: 70.70%, Best Valid: 76.05%, Best Test: 75.00%
Epoch: 800, Loss: 0.0101, Train: 80.86%, Valid: 71.94%, Test: 70.82%, Best Valid: 76.05%, Best Test: 75.00%
Epoch: 900, Loss: 0.0222, Train: 81.90%, Valid: 73.80%, Test: 72.58%, Best Valid: 76.05%, Best Test: 75.00%
Epoch: 1000, Loss: 0.0769, Train: 81.03%, Valid: 71.31%, Test: 70.89%, Best Valid: 76.05%, Best Test: 75.00%
Run 06:
Highest Train: 85.52
Highest Valid: 76.05
Highest Test: 75.00
Chosen epoch: 143
Final Train: 83.28
Final Test: 75.00
Label budget: 20/class -> 194 train nodes
Pre-training MLP for 500 epochs to generate co-occurrence matrix...
MLP pre-training complete. Penalty matrix frozen.
Epoch: 00, Loss: 2.7087, Train: 19.31%, Valid: 16.31%, Test: 16.95%, Best Valid: 16.31%, Best Test: 16.95%
Switching Polynormer to global attention phase.
Epoch: 100, Loss: 2.3532, Train: 18.79%, Valid: 17.22%, Test: 17.38%, Best Valid: 74.25%, Best Test: 74.21%
Epoch: 200, Loss: 0.1375, Train: 83.62%, Valid: 75.39%, Test: 74.94%, Best Valid: 76.62%, Best Test: 76.02%
Epoch: 300, Loss: 0.1815, Train: 81.90%, Valid: 74.04%, Test: 72.70%, Best Valid: 76.62%, Best Test: 76.02%
Epoch: 400, Loss: 0.0775, Train: 81.21%, Valid: 72.51%, Test: 71.42%, Best Valid: 76.62%, Best Test: 76.02%
Epoch: 500, Loss: 0.1302, Train: 83.45%, Valid: 73.89%, Test: 72.62%, Best Valid: 76.62%, Best Test: 76.02%
Epoch: 600, Loss: 0.0346, Train: 84.31%, Valid: 74.27%, Test: 73.13%, Best Valid: 76.62%, Best Test: 76.02%
Epoch: 700, Loss: 0.1282, Train: 82.76%, Valid: 72.20%, Test: 71.44%, Best Valid: 76.62%, Best Test: 76.02%
Epoch: 800, Loss: 0.0472, Train: 83.10%, Valid: 74.18%, Test: 72.82%, Best Valid: 76.62%, Best Test: 76.02%
Epoch: 900, Loss: 0.0386, Train: 83.62%, Valid: 73.04%, Test: 72.33%, Best Valid: 76.62%, Best Test: 76.02%
Epoch: 1000, Loss: 0.0388, Train: 82.76%, Valid: 74.23%, Test: 74.00%, Best Valid: 76.62%, Best Test: 76.02%
Run 07:
Highest Train: 85.86
Highest Valid: 76.62
Highest Test: 76.07
Chosen epoch: 176
Final Train: 85.00
Final Test: 76.02
Label budget: 20/class -> 194 train nodes
Pre-training MLP for 500 epochs to generate co-occurrence matrix...
MLP pre-training complete. Penalty matrix frozen.
Epoch: 00, Loss: 2.8014, Train: 9.83%, Valid: 9.33%, Test: 9.30%, Best Valid: 9.33%, Best Test: 9.30%
Switching Polynormer to global attention phase.
Epoch: 100, Loss: 2.3420, Train: 5.69%, Valid: 5.71%, Test: 5.70%, Best Valid: 73.09%, Best Test: 72.40%
Epoch: 200, Loss: 0.2184, Train: 77.59%, Valid: 69.57%, Test: 68.98%, Best Valid: 74.63%, Best Test: 73.17%
Epoch: 300, Loss: 0.2238, Train: 78.45%, Valid: 69.80%, Test: 68.58%, Best Valid: 74.63%, Best Test: 73.17%
Epoch: 400, Loss: 0.0661, Train: 79.83%, Valid: 70.12%, Test: 70.09%, Best Valid: 74.63%, Best Test: 73.17%
Epoch: 500, Loss: 0.0418, Train: 78.62%, Valid: 69.80%, Test: 69.93%, Best Valid: 74.63%, Best Test: 73.17%
Epoch: 600, Loss: 0.0818, Train: 81.03%, Valid: 72.60%, Test: 72.02%, Best Valid: 74.90%, Best Test: 73.97%
Epoch: 700, Loss: 0.0475, Train: 78.45%, Valid: 70.23%, Test: 68.75%, Best Valid: 74.90%, Best Test: 73.97%
Epoch: 800, Loss: 0.0136, Train: 81.03%, Valid: 71.99%, Test: 71.66%, Best Valid: 74.90%, Best Test: 73.97%
Epoch: 900, Loss: 0.0099, Train: 77.59%, Valid: 69.68%, Test: 69.42%, Best Valid: 74.90%, Best Test: 73.97%
Epoch: 1000, Loss: 0.0526, Train: 79.66%, Valid: 71.20%, Test: 70.63%, Best Valid: 74.90%, Best Test: 73.97%
Run 08:
Highest Train: 83.28
Highest Valid: 74.90
Highest Test: 73.97
Chosen epoch: 559
Final Train: 82.76
Final Test: 73.97
Label budget: 20/class -> 194 train nodes
Pre-training MLP for 500 epochs to generate co-occurrence matrix...
MLP pre-training complete. Penalty matrix frozen.
Epoch: 00, Loss: 2.7711, Train: 16.90%, Valid: 15.19%, Test: 14.95%, Best Valid: 15.19%, Best Test: 14.95%
Switching Polynormer to global attention phase.
Epoch: 100, Loss: 2.3701, Train: 10.86%, Valid: 10.14%, Test: 9.70%, Best Valid: 77.00%, Best Test: 76.40%
Epoch: 200, Loss: 0.1919, Train: 85.86%, Valid: 75.20%, Test: 75.18%, Best Valid: 77.00%, Best Test: 76.40%
Epoch: 300, Loss: 0.1023, Train: 87.93%, Valid: 76.64%, Test: 76.74%, Best Valid: 77.00%, Best Test: 76.40%
Epoch: 400, Loss: 0.0622, Train: 87.07%, Valid: 74.27%, Test: 74.65%, Best Valid: 77.00%, Best Test: 76.40%
Epoch: 500, Loss: 0.0750, Train: 87.07%, Valid: 75.45%, Test: 75.18%, Best Valid: 77.00%, Best Test: 76.40%
Epoch: 600, Loss: 0.0698, Train: 87.59%, Valid: 75.27%, Test: 74.81%, Best Valid: 77.00%, Best Test: 76.40%
Epoch: 700, Loss: 0.0726, Train: 86.72%, Valid: 74.25%, Test: 74.16%, Best Valid: 77.00%, Best Test: 76.40%
Epoch: 800, Loss: 0.0115, Train: 84.31%, Valid: 72.83%, Test: 72.60%, Best Valid: 77.00%, Best Test: 76.40%
Epoch: 900, Loss: 0.0336, Train: 86.72%, Valid: 74.73%, Test: 74.26%, Best Valid: 77.00%, Best Test: 76.40%
Epoch: 1000, Loss: 0.1205, Train: 86.72%, Valid: 74.40%, Test: 74.96%, Best Valid: 77.00%, Best Test: 76.40%
Run 09:
Highest Train: 89.83
Highest Valid: 77.00
Highest Test: 77.36
Chosen epoch: 94
Final Train: 87.41
Final Test: 76.40
Label budget: 20/class -> 194 train nodes
Pre-training MLP for 500 epochs to generate co-occurrence matrix...
MLP pre-training complete. Penalty matrix frozen.
Epoch: 00, Loss: 2.7033, Train: 5.69%, Valid: 5.38%, Test: 5.47%, Best Valid: 5.38%, Best Test: 5.47%
Switching Polynormer to global attention phase.
Epoch: 100, Loss: 2.3272, Train: 6.72%, Valid: 6.67%, Test: 6.67%, Best Valid: 74.02%, Best Test: 72.14%
Epoch: 200, Loss: 0.3195, Train: 77.93%, Valid: 69.85%, Test: 68.55%, Best Valid: 74.95%, Best Test: 73.73%
Epoch: 300, Loss: 0.1762, Train: 78.62%, Valid: 71.67%, Test: 70.28%, Best Valid: 74.95%, Best Test: 73.73%
Epoch: 400, Loss: 0.1396, Train: 79.14%, Valid: 72.17%, Test: 70.98%, Best Valid: 74.95%, Best Test: 73.73%
Epoch: 500, Loss: 0.0238, Train: 77.07%, Valid: 70.23%, Test: 69.30%, Best Valid: 74.95%, Best Test: 73.73%
Epoch: 600, Loss: 0.0110, Train: 80.86%, Valid: 72.96%, Test: 72.40%, Best Valid: 74.95%, Best Test: 73.73%
Epoch: 700, Loss: 0.1342, Train: 79.14%, Valid: 71.33%, Test: 70.48%, Best Valid: 74.95%, Best Test: 73.73%
Epoch: 800, Loss: 0.0249, Train: 80.17%, Valid: 70.95%, Test: 70.57%, Best Valid: 74.95%, Best Test: 73.73%
Epoch: 900, Loss: 0.0311, Train: 77.76%, Valid: 70.91%, Test: 69.18%, Best Valid: 74.95%, Best Test: 73.73%
Epoch: 1000, Loss: 0.0326, Train: 79.14%, Valid: 71.14%, Test: 70.40%, Best Valid: 74.95%, Best Test: 73.73%
Run 10:
Highest Train: 83.10
Highest Valid: 74.95
Highest Test: 73.73
Chosen epoch: 170
Final Train: 81.55
Final Test: 73.73
All runs:
Highest Train: 85.24 ± 1.91
Highest Test: 75.68 ± 1.22
Highest Valid: 76.51 ± 0.98
  Final Train: 83.86 ± 1.71
   Final Test: 75.49 ± 1.02
Saving results to ../results/lowlabel/wikics/polynormer.csv
--- mlp_reg | lambda=0.05 ---
Namespace(aggregate='add', alpha=0.5, attention='gcn', beta=-1.0, bn=False, budget_tag='20', count_reg=False, count_smoothing=1.0, cpu=False, data_dir='../data/', dataset='wikics', device=0, dim_inner=512, display_step=100, dropout=0.5, epochs=500, global_dropout=None, global_epochs=1000, global_layers=2, gnn='gcn', graph_weight=0.8, hidden_channels=512, hops=10, in_dropout=0.5, jk=False, label_num_per_class=20, lambda_val=0.05, layers=1, ln=False, local_epochs=100, local_gnn_type='GCN', local_layers=7, lr=0.001, metric='acc', mlp_epochs=500, mlp_reg=True, model='polynormer', model_dir='models/lowlabel_1161133_292', n_heads=1, num_centroids=4096, num_heads=1, oracle_reg=False, paired_seeds=True, pe_types='RWSE', penalty_transform='none', pre_linear=False, pre_ln=False, rand_split=False, rand_split_class=False, reg_start_epoch=10, reg_update_freq=5, res=False, resample_split_per_run=False, result_dir='../results/lowlabel', runs=10, save_model=True, save_result=False, seed=42, test_num=1000, tr_dropout=None, tr_layers=1, tr_weight_decay=None, train_per_class=20, train_prop=0.5, use_act=False, use_bn=False, use_graph=False, use_reg=True, use_residual=False, use_weight=False, valid_num=500, valid_per_class=0, valid_prop=0.25, weight_decay=0.0)
wikics
dataset wikics | num nodes 11701 | num edge 431726 | num node feats 300 | num classes 10
MODEL: Polynormer(
  (h_lins): ModuleList(
    (0): Linear(in_features=512, out_features=512, bias=True)
    (1): Linear(in_features=512, out_features=512, bias=True)
    (2): Linear(in_features=512, out_features=512, bias=True)
    (3): Linear(in_features=512, out_features=512, bias=True)
    (4): Linear(in_features=512, out_features=512, bias=True)
    (5): Linear(in_features=512, out_features=512, bias=True)
    (6): Linear(in_features=512, out_features=512, bias=True)
  )
  (local_convs): ModuleList(
    (0): GATConv(512, 512, heads=1)
    (1): GATConv(512, 512, heads=1)
    (2): GATConv(512, 512, heads=1)
    (3): GATConv(512, 512, heads=1)
    (4): GATConv(512, 512, heads=1)
    (5): GATConv(512, 512, heads=1)
    (6): GATConv(512, 512, heads=1)
  )
  (lins): ModuleList(
    (0): Linear(in_features=512, out_features=512, bias=True)
    (1): Linear(in_features=512, out_features=512, bias=True)
    (2): Linear(in_features=512, out_features=512, bias=True)
    (3): Linear(in_features=512, out_features=512, bias=True)
    (4): Linear(in_features=512, out_features=512, bias=True)
    (5): Linear(in_features=512, out_features=512, bias=True)
    (6): Linear(in_features=512, out_features=512, bias=True)
  )
  (lns): ModuleList(
    (0): LayerNorm((512,), eps=1e-05, elementwise_affine=True)
    (1): LayerNorm((512,), eps=1e-05, elementwise_affine=True)
    (2): LayerNorm((512,), eps=1e-05, elementwise_affine=True)
    (3): LayerNorm((512,), eps=1e-05, elementwise_affine=True)
    (4): LayerNorm((512,), eps=1e-05, elementwise_affine=True)
    (5): LayerNorm((512,), eps=1e-05, elementwise_affine=True)
    (6): LayerNorm((512,), eps=1e-05, elementwise_affine=True)
  )
  (lin_in): Linear(in_features=300, out_features=512, bias=True)
  (ln): LayerNorm((512,), eps=1e-05, elementwise_affine=True)
  (global_attn): GlobalAttn(
    (h_lins): ModuleList(
      (0): Linear(in_features=512, out_features=512, bias=True)
      (1): Linear(in_features=512, out_features=512, bias=True)
    )
    (k_lins): ModuleList(
      (0): Linear(in_features=512, out_features=512, bias=True)
      (1): Linear(in_features=512, out_features=512, bias=True)
    )
    (v_lins): ModuleList(
      (0): Linear(in_features=512, out_features=512, bias=True)
      (1): Linear(in_features=512, out_features=512, bias=True)
    )
    (lns): ModuleList(
      (0): LayerNorm((512,), eps=1e-05, elementwise_affine=True)
      (1): LayerNorm((512,), eps=1e-05, elementwise_affine=True)
    )
    (lin_out): Linear(in_features=512, out_features=512, bias=True)
  )
  (pred_local): Linear(in_features=512, out_features=10, bias=True)
  (pred_global): Linear(in_features=512, out_features=10, bias=True)
)
Label budget: 20/class -> 194 train nodes
Pre-training MLP for 500 epochs to generate co-occurrence matrix...
MLP pre-training complete. Penalty matrix frozen.
Epoch: 00, Loss: 2.9929, Train: 16.21%, Valid: 16.72%, Test: 16.59%, Best Valid: 16.72%, Best Test: 16.59%
Switching Polynormer to global attention phase.
Epoch: 100, Loss: 2.4354, Train: 12.24%, Valid: 12.15%, Test: 12.18%, Best Valid: 76.32%, Best Test: 75.46%
Epoch: 200, Loss: 0.0983, Train: 82.24%, Valid: 74.18%, Test: 74.12%, Best Valid: 76.75%, Best Test: 75.82%
Epoch: 300, Loss: 0.1932, Train: 82.93%, Valid: 74.00%, Test: 73.63%, Best Valid: 76.75%, Best Test: 75.82%
Epoch: 400, Loss: 0.0924, Train: 81.55%, Valid: 74.69%, Test: 74.29%, Best Valid: 76.75%, Best Test: 75.82%
Epoch: 500, Loss: 0.0937, Train: 81.90%, Valid: 73.04%, Test: 72.94%, Best Valid: 77.10%, Best Test: 76.62%
Epoch: 600, Loss: 0.0573, Train: 85.17%, Valid: 76.17%, Test: 75.75%, Best Valid: 77.10%, Best Test: 76.62%
Epoch: 700, Loss: 0.0067, Train: 82.41%, Valid: 73.61%, Test: 73.18%, Best Valid: 77.10%, Best Test: 76.62%
Epoch: 800, Loss: 0.0955, Train: 83.62%, Valid: 77.15%, Test: 76.77%, Best Valid: 77.25%, Best Test: 76.69%
Epoch: 900, Loss: 0.0453, Train: 82.07%, Valid: 75.58%, Test: 74.93%, Best Valid: 77.25%, Best Test: 76.69%
Epoch: 1000, Loss: 0.0076, Train: 83.97%, Valid: 76.41%, Test: 76.28%, Best Valid: 77.46%, Best Test: 76.88%
Run 01:
Highest Train: 85.52
Highest Valid: 77.46
Highest Test: 77.42
Chosen epoch: 938
Final Train: 85.52
Final Test: 76.88
Label budget: 20/class -> 194 train nodes
Pre-training MLP for 500 epochs to generate co-occurrence matrix...
MLP pre-training complete. Penalty matrix frozen.
Epoch: 00, Loss: 2.8748, Train: 22.76%, Valid: 23.04%, Test: 23.14%, Best Valid: 23.04%, Best Test: 23.14%
Switching Polynormer to global attention phase.
Epoch: 100, Loss: 2.4345, Train: 38.62%, Valid: 39.10%, Test: 39.11%, Best Valid: 76.45%, Best Test: 75.27%
Epoch: 200, Loss: 0.2562, Train: 79.66%, Valid: 72.77%, Test: 71.64%, Best Valid: 76.91%, Best Test: 75.35%
Epoch: 300, Loss: 0.1546, Train: 82.24%, Valid: 74.71%, Test: 73.76%, Best Valid: 76.91%, Best Test: 75.35%
Epoch: 400, Loss: 0.0328, Train: 80.52%, Valid: 72.98%, Test: 71.69%, Best Valid: 76.91%, Best Test: 75.35%
Epoch: 500, Loss: 0.1027, Train: 81.55%, Valid: 73.51%, Test: 72.40%, Best Valid: 76.91%, Best Test: 75.35%
Epoch: 600, Loss: 0.0095, Train: 81.55%, Valid: 74.16%, Test: 72.93%, Best Valid: 76.91%, Best Test: 75.35%
Epoch: 700, Loss: 0.0692, Train: 82.76%, Valid: 73.93%, Test: 72.65%, Best Valid: 76.91%, Best Test: 75.35%
Epoch: 800, Loss: 0.0373, Train: 79.83%, Valid: 72.18%, Test: 71.18%, Best Valid: 76.91%, Best Test: 75.35%
Epoch: 900, Loss: 0.0647, Train: 82.24%, Valid: 73.95%, Test: 73.42%, Best Valid: 76.91%, Best Test: 75.35%
Epoch: 1000, Loss: 0.0046, Train: 81.55%, Valid: 72.64%, Test: 71.59%, Best Valid: 76.91%, Best Test: 75.35%
Run 02:
Highest Train: 84.66
Highest Valid: 76.91
Highest Test: 76.30
Chosen epoch: 124
Final Train: 82.41
Final Test: 75.35
Label budget: 20/class -> 194 train nodes
Pre-training MLP for 500 epochs to generate co-occurrence matrix...
MLP pre-training complete. Penalty matrix frozen.
Epoch: 00, Loss: 2.8110, Train: 16.72%, Valid: 18.49%, Test: 17.58%, Best Valid: 18.49%, Best Test: 17.58%
Switching Polynormer to global attention phase.
Epoch: 100, Loss: 2.4477, Train: 6.72%, Valid: 6.75%, Test: 6.82%, Best Valid: 77.49%, Best Test: 76.02%
Epoch: 200, Loss: 0.2375, Train: 80.69%, Valid: 74.36%, Test: 72.69%, Best Valid: 78.25%, Best Test: 77.54%
Epoch: 300, Loss: 0.0390, Train: 84.83%, Valid: 76.34%, Test: 75.42%, Best Valid: 78.25%, Best Test: 77.54%
Epoch: 400, Loss: 0.1150, Train: 82.41%, Valid: 75.67%, Test: 74.88%, Best Valid: 78.25%, Best Test: 77.54%
Epoch: 500, Loss: 0.0307, Train: 82.41%, Valid: 71.98%, Test: 71.69%, Best Valid: 78.25%, Best Test: 77.54%
Epoch: 600, Loss: 0.0206, Train: 81.03%, Valid: 73.19%, Test: 72.09%, Best Valid: 78.25%, Best Test: 77.54%
Epoch: 700, Loss: 0.0398, Train: 80.69%, Valid: 71.46%, Test: 70.99%, Best Valid: 78.25%, Best Test: 77.54%
Epoch: 800, Loss: 0.0157, Train: 82.76%, Valid: 74.67%, Test: 74.48%, Best Valid: 78.25%, Best Test: 77.54%
Epoch: 900, Loss: 0.0114, Train: 81.38%, Valid: 72.18%, Test: 71.87%, Best Valid: 78.25%, Best Test: 77.54%
Epoch: 1000, Loss: 0.0350, Train: 80.69%, Valid: 72.64%, Test: 71.97%, Best Valid: 78.25%, Best Test: 77.54%
Run 03:
Highest Train: 85.86
Highest Valid: 78.25
Highest Test: 77.54
Chosen epoch: 188
Final Train: 84.31
Final Test: 77.54
Label budget: 20/class -> 194 train nodes
Pre-training MLP for 500 epochs to generate co-occurrence matrix...
MLP pre-training complete. Penalty matrix frozen.
Epoch: 00, Loss: 2.8116, Train: 12.76%, Valid: 13.84%, Test: 13.70%, Best Valid: 13.84%, Best Test: 13.70%
Switching Polynormer to global attention phase.
Epoch: 100, Loss: 2.4520, Train: 43.97%, Valid: 41.70%, Test: 41.30%, Best Valid: 75.29%, Best Test: 74.35%
Epoch: 200, Loss: 0.1758, Train: 79.83%, Valid: 73.42%, Test: 72.72%, Best Valid: 76.72%, Best Test: 75.37%
Epoch: 300, Loss: 0.0870, Train: 81.90%, Valid: 74.04%, Test: 72.79%, Best Valid: 77.11%, Best Test: 75.65%
Epoch: 400, Loss: 0.1139, Train: 81.21%, Valid: 73.08%, Test: 72.46%, Best Valid: 77.11%, Best Test: 75.65%
Epoch: 500, Loss: 0.0166, Train: 80.00%, Valid: 72.39%, Test: 71.04%, Best Valid: 77.11%, Best Test: 75.65%
Epoch: 600, Loss: 0.0132, Train: 80.17%, Valid: 72.51%, Test: 71.93%, Best Valid: 77.11%, Best Test: 75.65%
Epoch: 700, Loss: 0.0409, Train: 79.83%, Valid: 71.46%, Test: 70.65%, Best Valid: 77.11%, Best Test: 75.65%
Epoch: 800, Loss: 0.0584, Train: 78.45%, Valid: 71.31%, Test: 70.22%, Best Valid: 77.11%, Best Test: 75.65%
Epoch: 900, Loss: 0.0588, Train: 80.00%, Valid: 72.07%, Test: 71.81%, Best Valid: 77.11%, Best Test: 75.65%
Epoch: 1000, Loss: 0.0595, Train: 80.69%, Valid: 73.80%, Test: 72.91%, Best Valid: 77.11%, Best Test: 75.65%
Run 04:
Highest Train: 84.31
Highest Valid: 77.11
Highest Test: 75.78
Chosen epoch: 227
Final Train: 84.14
Final Test: 75.65
Label budget: 20/class -> 194 train nodes
Pre-training MLP for 500 epochs to generate co-occurrence matrix...
MLP pre-training complete. Penalty matrix frozen.
Epoch: 00, Loss: 2.8533, Train: 6.90%, Valid: 7.30%, Test: 6.91%, Best Valid: 7.30%, Best Test: 6.91%
Switching Polynormer to global attention phase.
Epoch: 100, Loss: 2.4621, Train: 18.45%, Valid: 18.39%, Test: 18.40%, Best Valid: 74.76%, Best Test: 73.70%
Epoch: 200, Loss: 0.1952, Train: 80.69%, Valid: 71.63%, Test: 71.18%, Best Valid: 77.66%, Best Test: 76.69%
Epoch: 300, Loss: 0.2110, Train: 78.28%, Valid: 71.46%, Test: 70.51%, Best Valid: 77.66%, Best Test: 76.69%
Epoch: 400, Loss: 0.1041, Train: 78.62%, Valid: 71.18%, Test: 70.16%, Best Valid: 77.66%, Best Test: 76.69%
Epoch: 500, Loss: 0.0944, Train: 78.45%, Valid: 72.49%, Test: 71.32%, Best Valid: 77.66%, Best Test: 76.69%
Epoch: 600, Loss: 0.3317, Train: 79.83%, Valid: 71.37%, Test: 70.12%, Best Valid: 77.66%, Best Test: 76.69%
Epoch: 700, Loss: 0.0216, Train: 80.17%, Valid: 73.40%, Test: 72.64%, Best Valid: 77.66%, Best Test: 76.69%
Epoch: 800, Loss: 0.0370, Train: 80.34%, Valid: 72.26%, Test: 71.40%, Best Valid: 77.66%, Best Test: 76.69%
Epoch: 900, Loss: 0.0845, Train: 78.79%, Valid: 71.37%, Test: 70.81%, Best Valid: 77.66%, Best Test: 76.69%
Epoch: 1000, Loss: 0.0555, Train: 79.66%, Valid: 69.45%, Test: 69.28%, Best Valid: 77.66%, Best Test: 76.69%
Run 05:
Highest Train: 84.83
Highest Valid: 77.66
Highest Test: 76.69
Chosen epoch: 166
Final Train: 83.97
Final Test: 76.69
Label budget: 20/class -> 194 train nodes
Pre-training MLP for 500 epochs to generate co-occurrence matrix...
MLP pre-training complete. Penalty matrix frozen.
Epoch: 00, Loss: 2.9263, Train: 5.86%, Valid: 4.99%, Test: 4.60%, Best Valid: 4.99%, Best Test: 4.60%
Switching Polynormer to global attention phase.
Epoch: 100, Loss: 2.4290, Train: 36.38%, Valid: 35.95%, Test: 36.22%, Best Valid: 74.99%, Best Test: 74.04%
Epoch: 200, Loss: 0.1178, Train: 81.55%, Valid: 72.83%, Test: 71.49%, Best Valid: 75.79%, Best Test: 74.64%
Epoch: 300, Loss: 0.1513, Train: 81.38%, Valid: 71.14%, Test: 70.77%, Best Valid: 75.79%, Best Test: 74.64%
Epoch: 400, Loss: 0.0518, Train: 81.21%, Valid: 72.32%, Test: 71.22%, Best Valid: 75.79%, Best Test: 74.64%
Epoch: 500, Loss: 0.0747, Train: 79.31%, Valid: 70.72%, Test: 69.66%, Best Valid: 75.79%, Best Test: 74.64%
Epoch: 600, Loss: 0.0552, Train: 82.59%, Valid: 72.45%, Test: 71.49%, Best Valid: 75.79%, Best Test: 74.64%
Epoch: 700, Loss: 0.0342, Train: 83.45%, Valid: 72.62%, Test: 71.93%, Best Valid: 75.79%, Best Test: 74.64%
Epoch: 800, Loss: 0.0152, Train: 83.10%, Valid: 72.77%, Test: 71.63%, Best Valid: 75.79%, Best Test: 74.64%
Epoch: 900, Loss: 0.0242, Train: 82.76%, Valid: 72.92%, Test: 72.24%, Best Valid: 75.79%, Best Test: 74.64%
Epoch: 1000, Loss: 0.1289, Train: 81.38%, Valid: 71.88%, Test: 70.63%, Best Valid: 75.92%, Best Test: 74.57%
Run 06:
Highest Train: 85.00
Highest Valid: 75.92
Highest Test: 75.15
Chosen epoch: 988
Final Train: 84.48
Final Test: 74.57
Label budget: 20/class -> 194 train nodes
Pre-training MLP for 500 epochs to generate co-occurrence matrix...
MLP pre-training complete. Penalty matrix frozen.
Epoch: 00, Loss: 2.8160, Train: 19.48%, Valid: 16.72%, Test: 17.22%, Best Valid: 16.72%, Best Test: 17.22%
Switching Polynormer to global attention phase.
Epoch: 100, Loss: 2.4476, Train: 27.07%, Valid: 26.34%, Test: 25.96%, Best Valid: 74.35%, Best Test: 74.09%
Epoch: 200, Loss: 0.1526, Train: 85.00%, Valid: 76.03%, Test: 75.65%, Best Valid: 76.34%, Best Test: 75.59%
Epoch: 300, Loss: 0.1195, Train: 82.76%, Valid: 72.66%, Test: 71.10%, Best Valid: 76.34%, Best Test: 75.59%
Epoch: 400, Loss: 0.1220, Train: 81.72%, Valid: 72.30%, Test: 71.51%, Best Valid: 76.34%, Best Test: 75.59%
Epoch: 500, Loss: 0.0200, Train: 84.83%, Valid: 75.33%, Test: 74.47%, Best Valid: 76.34%, Best Test: 75.59%
Epoch: 600, Loss: 0.1431, Train: 82.41%, Valid: 72.13%, Test: 70.72%, Best Valid: 76.34%, Best Test: 75.59%
Epoch: 700, Loss: 0.0098, Train: 80.34%, Valid: 68.81%, Test: 68.24%, Best Valid: 76.34%, Best Test: 75.59%
Epoch: 800, Loss: 0.0875, Train: 83.28%, Valid: 73.34%, Test: 73.11%, Best Valid: 76.34%, Best Test: 75.59%
Epoch: 900, Loss: 0.0112, Train: 82.93%, Valid: 73.85%, Test: 73.37%, Best Valid: 76.34%, Best Test: 75.59%
Epoch: 1000, Loss: 0.0022, Train: 85.52%, Valid: 74.95%, Test: 74.53%, Best Valid: 76.34%, Best Test: 75.59%
Run 07:
Highest Train: 87.07
Highest Valid: 76.34
Highest Test: 75.94
Chosen epoch: 199
Final Train: 83.97
Final Test: 75.59
Label budget: 20/class -> 194 train nodes
Pre-training MLP for 500 epochs to generate co-occurrence matrix...
MLP pre-training complete. Penalty matrix frozen.
Epoch: 00, Loss: 2.9123, Train: 9.83%, Valid: 9.40%, Test: 9.53%, Best Valid: 9.40%, Best Test: 9.53%
Switching Polynormer to global attention phase.
Epoch: 100, Loss: 2.4199, Train: 8.62%, Valid: 8.65%, Test: 8.83%, Best Valid: 73.87%, Best Test: 72.94%
Epoch: 200, Loss: 0.2989, Train: 78.10%, Valid: 71.54%, Test: 70.57%, Best Valid: 74.93%, Best Test: 73.47%
Epoch: 300, Loss: 0.1773, Train: 79.14%, Valid: 72.24%, Test: 72.12%, Best Valid: 74.93%, Best Test: 73.47%
Epoch: 400, Loss: 0.0488, Train: 77.41%, Valid: 69.62%, Test: 69.28%, Best Valid: 74.93%, Best Test: 73.47%
Epoch: 500, Loss: 0.0859, Train: 80.00%, Valid: 72.49%, Test: 71.90%, Best Valid: 74.93%, Best Test: 73.47%
Epoch: 600, Loss: 0.0658, Train: 79.48%, Valid: 70.74%, Test: 70.50%, Best Valid: 74.93%, Best Test: 73.47%
Epoch: 700, Loss: 0.0479, Train: 81.03%, Valid: 72.94%, Test: 72.38%, Best Valid: 74.93%, Best Test: 73.47%
Epoch: 800, Loss: 0.0509, Train: 81.55%, Valid: 73.53%, Test: 72.74%, Best Valid: 74.93%, Best Test: 73.47%
Epoch: 900, Loss: 0.0608, Train: 81.21%, Valid: 73.51%, Test: 73.08%, Best Valid: 74.93%, Best Test: 73.47%
Epoch: 1000, Loss: 0.0160, Train: 81.21%, Valid: 72.51%, Test: 72.14%, Best Valid: 74.93%, Best Test: 73.47%
Run 08:
Highest Train: 83.10
Highest Valid: 74.93
Highest Test: 74.31
Chosen epoch: 184
Final Train: 82.24
Final Test: 73.47
Label budget: 20/class -> 194 train nodes
Pre-training MLP for 500 epochs to generate co-occurrence matrix...
MLP pre-training complete. Penalty matrix frozen.
Epoch: 00, Loss: 2.8809, Train: 17.59%, Valid: 15.93%, Test: 15.82%, Best Valid: 15.93%, Best Test: 15.82%
Switching Polynormer to global attention phase.
Epoch: 100, Loss: 2.4359, Train: 10.69%, Valid: 9.88%, Test: 9.95%, Best Valid: 76.11%, Best Test: 75.34%
Epoch: 200, Loss: 0.1550, Train: 83.28%, Valid: 72.89%, Test: 72.58%, Best Valid: 76.53%, Best Test: 76.30%
Epoch: 300, Loss: 0.0645, Train: 86.21%, Valid: 75.27%, Test: 75.37%, Best Valid: 76.53%, Best Test: 76.30%
Epoch: 400, Loss: 0.0289, Train: 86.55%, Valid: 75.03%, Test: 75.15%, Best Valid: 76.53%, Best Test: 76.30%
Epoch: 500, Loss: 0.0237, Train: 85.00%, Valid: 73.27%, Test: 72.77%, Best Valid: 76.70%, Best Test: 76.65%
Epoch: 600, Loss: 0.1064, Train: 85.34%, Valid: 73.44%, Test: 73.25%, Best Valid: 76.70%, Best Test: 76.65%
Epoch: 700, Loss: 0.0490, Train: 85.86%, Valid: 75.33%, Test: 75.32%, Best Valid: 76.70%, Best Test: 76.65%
Epoch: 800, Loss: 0.0122, Train: 84.31%, Valid: 72.37%, Test: 72.82%, Best Valid: 76.92%, Best Test: 76.93%
Epoch: 900, Loss: 0.0450, Train: 85.86%, Valid: 73.25%, Test: 72.69%, Best Valid: 76.92%, Best Test: 76.93%
Epoch: 1000, Loss: 0.0044, Train: 86.55%, Valid: 72.85%, Test: 72.89%, Best Valid: 76.92%, Best Test: 76.93%
Run 09:
Highest Train: 88.28
Highest Valid: 76.92
Highest Test: 77.03
Chosen epoch: 794
Final Train: 87.59
Final Test: 76.93
Label budget: 20/class -> 194 train nodes
Pre-training MLP for 500 epochs to generate co-occurrence matrix...
MLP pre-training complete. Penalty matrix frozen.
Epoch: 00, Loss: 2.8104, Train: 5.69%, Valid: 5.38%, Test: 5.46%, Best Valid: 5.38%, Best Test: 5.46%
Switching Polynormer to global attention phase.
Epoch: 100, Loss: 2.4198, Train: 16.72%, Valid: 16.23%, Test: 16.20%, Best Valid: 74.90%, Best Test: 73.17%
Epoch: 200, Loss: 0.1958, Train: 80.69%, Valid: 73.59%, Test: 72.69%, Best Valid: 75.96%, Best Test: 74.76%
Epoch: 300, Loss: 0.1215, Train: 79.14%, Valid: 72.64%, Test: 71.75%, Best Valid: 75.96%, Best Test: 74.76%
Epoch: 400, Loss: 0.1091, Train: 80.17%, Valid: 72.77%, Test: 72.43%, Best Valid: 75.96%, Best Test: 74.76%
Epoch: 500, Loss: 0.0238, Train: 79.14%, Valid: 71.29%, Test: 70.93%, Best Valid: 75.96%, Best Test: 74.76%
Epoch: 600, Loss: 0.0594, Train: 79.48%, Valid: 71.99%, Test: 71.37%, Best Valid: 75.96%, Best Test: 74.76%
Epoch: 700, Loss: 0.0061, Train: 77.24%, Valid: 71.35%, Test: 70.65%, Best Valid: 75.96%, Best Test: 74.76%
Epoch: 800, Loss: 0.1184, Train: 78.28%, Valid: 71.96%, Test: 71.35%, Best Valid: 75.96%, Best Test: 74.76%
Epoch: 900, Loss: 0.0316, Train: 81.03%, Valid: 73.97%, Test: 73.46%, Best Valid: 75.96%, Best Test: 74.76%
Epoch: 1000, Loss: 0.0150, Train: 77.76%, Valid: 71.52%, Test: 71.34%, Best Valid: 75.96%, Best Test: 74.76%
Run 10:
Highest Train: 83.45
Highest Valid: 75.96
Highest Test: 74.76
Chosen epoch: 150
Final Train: 82.76
Final Test: 74.76
All runs:
Highest Train: 85.21 ± 1.57
Highest Test: 76.09 ± 1.11
Highest Valid: 76.75 ± 0.98
  Final Train: 84.14 ± 1.58
   Final Test: 75.74 ± 1.27
Saving results to ../results/lowlabel/wikics/polynormer.csv
--- mlp_reg | lambda=0.1 ---
Namespace(aggregate='add', alpha=0.5, attention='gcn', beta=-1.0, bn=False, budget_tag='20', count_reg=False, count_smoothing=1.0, cpu=False, data_dir='../data/', dataset='wikics', device=0, dim_inner=512, display_step=100, dropout=0.5, epochs=500, global_dropout=None, global_epochs=1000, global_layers=2, gnn='gcn', graph_weight=0.8, hidden_channels=512, hops=10, in_dropout=0.5, jk=False, label_num_per_class=20, lambda_val=0.1, layers=1, ln=False, local_epochs=100, local_gnn_type='GCN', local_layers=7, lr=0.001, metric='acc', mlp_epochs=500, mlp_reg=True, model='polynormer', model_dir='models/lowlabel_1161133_292', n_heads=1, num_centroids=4096, num_heads=1, oracle_reg=False, paired_seeds=True, pe_types='RWSE', penalty_transform='none', pre_linear=False, pre_ln=False, rand_split=False, rand_split_class=False, reg_start_epoch=10, reg_update_freq=5, res=False, resample_split_per_run=False, result_dir='../results/lowlabel', runs=10, save_model=True, save_result=False, seed=42, test_num=1000, tr_dropout=None, tr_layers=1, tr_weight_decay=None, train_per_class=20, train_prop=0.5, use_act=False, use_bn=False, use_graph=False, use_reg=True, use_residual=False, use_weight=False, valid_num=500, valid_per_class=0, valid_prop=0.25, weight_decay=0.0)
wikics
dataset wikics | num nodes 11701 | num edge 431726 | num node feats 300 | num classes 10
MODEL: Polynormer(
  (h_lins): ModuleList(
    (0): Linear(in_features=512, out_features=512, bias=True)
    (1): Linear(in_features=512, out_features=512, bias=True)
    (2): Linear(in_features=512, out_features=512, bias=True)
    (3): Linear(in_features=512, out_features=512, bias=True)
    (4): Linear(in_features=512, out_features=512, bias=True)
    (5): Linear(in_features=512, out_features=512, bias=True)
    (6): Linear(in_features=512, out_features=512, bias=True)
  )
  (local_convs): ModuleList(
    (0): GATConv(512, 512, heads=1)
    (1): GATConv(512, 512, heads=1)
    (2): GATConv(512, 512, heads=1)
    (3): GATConv(512, 512, heads=1)
    (4): GATConv(512, 512, heads=1)
    (5): GATConv(512, 512, heads=1)
    (6): GATConv(512, 512, heads=1)
  )
  (lins): ModuleList(
    (0): Linear(in_features=512, out_features=512, bias=True)
    (1): Linear(in_features=512, out_features=512, bias=True)
    (2): Linear(in_features=512, out_features=512, bias=True)
    (3): Linear(in_features=512, out_features=512, bias=True)
    (4): Linear(in_features=512, out_features=512, bias=True)
    (5): Linear(in_features=512, out_features=512, bias=True)
    (6): Linear(in_features=512, out_features=512, bias=True)
  )
  (lns): ModuleList(
    (0): LayerNorm((512,), eps=1e-05, elementwise_affine=True)
    (1): LayerNorm((512,), eps=1e-05, elementwise_affine=True)
    (2): LayerNorm((512,), eps=1e-05, elementwise_affine=True)
    (3): LayerNorm((512,), eps=1e-05, elementwise_affine=True)
    (4): LayerNorm((512,), eps=1e-05, elementwise_affine=True)
    (5): LayerNorm((512,), eps=1e-05, elementwise_affine=True)
    (6): LayerNorm((512,), eps=1e-05, elementwise_affine=True)
  )
  (lin_in): Linear(in_features=300, out_features=512, bias=True)
  (ln): LayerNorm((512,), eps=1e-05, elementwise_affine=True)
  (global_attn): GlobalAttn(
    (h_lins): ModuleList(
      (0): Linear(in_features=512, out_features=512, bias=True)
      (1): Linear(in_features=512, out_features=512, bias=True)
    )
    (k_lins): ModuleList(
      (0): Linear(in_features=512, out_features=512, bias=True)
      (1): Linear(in_features=512, out_features=512, bias=True)
    )
    (v_lins): ModuleList(
      (0): Linear(in_features=512, out_features=512, bias=True)
      (1): Linear(in_features=512, out_features=512, bias=True)
    )
    (lns): ModuleList(
      (0): LayerNorm((512,), eps=1e-05, elementwise_affine=True)
      (1): LayerNorm((512,), eps=1e-05, elementwise_affine=True)
    )
    (lin_out): Linear(in_features=512, out_features=512, bias=True)
  )
  (pred_local): Linear(in_features=512, out_features=10, bias=True)
  (pred_global): Linear(in_features=512, out_features=10, bias=True)
)
Label budget: 20/class -> 194 train nodes
Pre-training MLP for 500 epochs to generate co-occurrence matrix...
MLP pre-training complete. Penalty matrix frozen.
Epoch: 00, Loss: 3.1355, Train: 15.86%, Valid: 16.40%, Test: 16.15%, Best Valid: 16.40%, Best Test: 16.15%
Switching Polynormer to global attention phase.
Epoch: 100, Loss: 2.5485, Train: 12.24%, Valid: 12.15%, Test: 12.18%, Best Valid: 76.11%, Best Test: 75.77%
Epoch: 200, Loss: 0.2520, Train: 79.31%, Valid: 71.35%, Test: 70.87%, Best Valid: 76.11%, Best Test: 75.77%
Epoch: 300, Loss: 0.0576, Train: 82.41%, Valid: 76.73%, Test: 75.99%, Best Valid: 77.34%, Best Test: 76.91%
Epoch: 400, Loss: 0.1281, Train: 81.38%, Valid: 72.05%, Test: 71.59%, Best Valid: 77.34%, Best Test: 76.91%
Epoch: 500, Loss: 0.0202, Train: 80.00%, Valid: 71.62%, Test: 71.83%, Best Valid: 77.34%, Best Test: 76.91%
Epoch: 600, Loss: 0.1041, Train: 83.28%, Valid: 75.37%, Test: 75.12%, Best Valid: 77.34%, Best Test: 76.91%
Epoch: 700, Loss: 0.0063, Train: 82.59%, Valid: 74.08%, Test: 73.71%, Best Valid: 77.34%, Best Test: 76.91%
Epoch: 800, Loss: 0.0346, Train: 82.93%, Valid: 73.80%, Test: 73.80%, Best Valid: 77.34%, Best Test: 76.91%
Epoch: 900, Loss: 0.0421, Train: 83.28%, Valid: 74.08%, Test: 73.95%, Best Valid: 77.34%, Best Test: 76.91%
Epoch: 1000, Loss: 0.0898, Train: 79.31%, Valid: 71.20%, Test: 70.81%, Best Valid: 77.53%, Best Test: 76.50%
Run 01:
Highest Train: 85.34
Highest Valid: 77.53
Highest Test: 77.13
Chosen epoch: 922
Final Train: 82.76
Final Test: 76.50
Label budget: 20/class -> 194 train nodes
Pre-training MLP for 500 epochs to generate co-occurrence matrix...
MLP pre-training complete. Penalty matrix frozen.
Epoch: 00, Loss: 3.0117, Train: 22.76%, Valid: 23.08%, Test: 23.12%, Best Valid: 23.08%, Best Test: 23.12%
Switching Polynormer to global attention phase.
Epoch: 100, Loss: 2.5514, Train: 29.14%, Valid: 26.98%, Test: 26.29%, Best Valid: 75.88%, Best Test: 74.53%
Epoch: 200, Loss: 0.2827, Train: 80.17%, Valid: 75.24%, Test: 73.82%, Best Valid: 77.66%, Best Test: 76.11%
Epoch: 300, Loss: 0.0954, Train: 81.72%, Valid: 76.00%, Test: 75.05%, Best Valid: 77.66%, Best Test: 76.11%
Epoch: 400, Loss: 0.0848, Train: 76.38%, Valid: 70.55%, Test: 69.47%, Best Valid: 77.66%, Best Test: 76.11%
Epoch: 500, Loss: 0.1873, Train: 81.72%, Valid: 73.25%, Test: 72.48%, Best Valid: 77.66%, Best Test: 76.11%
Epoch: 600, Loss: 0.0335, Train: 78.62%, Valid: 70.69%, Test: 69.35%, Best Valid: 77.66%, Best Test: 76.11%
Epoch: 700, Loss: 0.0257, Train: 80.34%, Valid: 73.68%, Test: 72.52%, Best Valid: 77.66%, Best Test: 76.11%
Epoch: 800, Loss: 0.0275, Train: 79.66%, Valid: 72.47%, Test: 72.17%, Best Valid: 77.66%, Best Test: 76.11%
Epoch: 900, Loss: 0.0447, Train: 82.93%, Valid: 74.42%, Test: 73.22%, Best Valid: 77.66%, Best Test: 76.11%
Epoch: 1000, Loss: 0.0991, Train: 81.21%, Valid: 73.36%, Test: 72.57%, Best Valid: 77.66%, Best Test: 76.11%
Run 02:
Highest Train: 85.86
Highest Valid: 77.66
Highest Test: 76.11
Chosen epoch: 188
Final Train: 83.62
Final Test: 76.11
Label budget: 20/class -> 194 train nodes
Pre-training MLP for 500 epochs to generate co-occurrence matrix...
MLP pre-training complete. Penalty matrix frozen.
Epoch: 00, Loss: 2.9449, Train: 16.72%, Valid: 18.16%, Test: 17.48%, Best Valid: 18.16%, Best Test: 17.48%
Switching Polynormer to global attention phase.
Epoch: 100, Loss: 2.5610, Train: 6.72%, Valid: 6.66%, Test: 6.67%, Best Valid: 78.46%, Best Test: 76.98%
Epoch: 200, Loss: 0.2477, Train: 82.76%, Valid: 74.50%, Test: 73.23%, Best Valid: 78.46%, Best Test: 76.98%
Epoch: 300, Loss: 0.1841, Train: 84.14%, Valid: 76.47%, Test: 75.47%, Best Valid: 78.46%, Best Test: 76.98%
Epoch: 400, Loss: 0.0817, Train: 84.48%, Valid: 75.71%, Test: 75.17%, Best Valid: 78.46%, Best Test: 76.98%
Epoch: 500, Loss: 0.1748, Train: 79.14%, Valid: 71.79%, Test: 70.94%, Best Valid: 78.46%, Best Test: 76.98%
Epoch: 600, Loss: 0.0548, Train: 82.24%, Valid: 73.53%, Test: 72.82%, Best Valid: 78.46%, Best Test: 76.98%
Epoch: 700, Loss: 0.0556, Train: 83.79%, Valid: 76.94%, Test: 75.73%, Best Valid: 78.46%, Best Test: 76.98%
Epoch: 800, Loss: 0.0136, Train: 81.55%, Valid: 73.97%, Test: 73.30%, Best Valid: 78.46%, Best Test: 76.98%
Epoch: 900, Loss: 0.0346, Train: 82.07%, Valid: 73.49%, Test: 73.01%, Best Valid: 78.46%, Best Test: 76.98%
Epoch: 1000, Loss: 0.0362, Train: 84.31%, Valid: 74.93%, Test: 74.65%, Best Valid: 78.46%, Best Test: 76.98%
Run 03:
Highest Train: 86.72
Highest Valid: 78.46
Highest Test: 77.36
Chosen epoch: 80
Final Train: 82.41
Final Test: 76.98
Label budget: 20/class -> 194 train nodes
Pre-training MLP for 500 epochs to generate co-occurrence matrix...
MLP pre-training complete. Penalty matrix frozen.
Epoch: 00, Loss: 2.9455, Train: 12.93%, Valid: 13.31%, Test: 13.36%, Best Valid: 13.31%, Best Test: 13.36%
Switching Polynormer to global attention phase.
Epoch: 100, Loss: 2.5746, Train: 31.38%, Valid: 30.58%, Test: 30.65%, Best Valid: 75.81%, Best Test: 74.69%
Epoch: 200, Loss: 0.3371, Train: 79.83%, Valid: 73.89%, Test: 73.15%, Best Valid: 76.56%, Best Test: 75.25%
Epoch: 300, Loss: 0.0967, Train: 78.62%, Valid: 70.40%, Test: 69.92%, Best Valid: 76.56%, Best Test: 75.25%
Epoch: 400, Loss: 0.0370, Train: 80.17%, Valid: 72.58%, Test: 72.23%, Best Valid: 76.56%, Best Test: 75.25%
Epoch: 500, Loss: 0.0793, Train: 77.59%, Valid: 69.81%, Test: 68.89%, Best Valid: 76.56%, Best Test: 75.25%
Epoch: 600, Loss: 0.0591, Train: 79.66%, Valid: 71.94%, Test: 71.59%, Best Valid: 76.56%, Best Test: 75.25%
Epoch: 700, Loss: 0.0204, Train: 80.00%, Valid: 71.79%, Test: 71.61%, Best Valid: 76.56%, Best Test: 75.25%
Epoch: 800, Loss: 0.0803, Train: 83.10%, Valid: 75.86%, Test: 74.88%, Best Valid: 76.56%, Best Test: 75.25%
Epoch: 900, Loss: 0.0334, Train: 78.97%, Valid: 71.16%, Test: 70.55%, Best Valid: 76.56%, Best Test: 75.25%
Epoch: 1000, Loss: 0.0024, Train: 78.10%, Valid: 71.05%, Test: 70.72%, Best Valid: 76.56%, Best Test: 75.25%
Run 04:
Highest Train: 83.62
Highest Valid: 76.56
Highest Test: 75.37
Chosen epoch: 170
Final Train: 82.76
Final Test: 75.25
Label budget: 20/class -> 194 train nodes
Pre-training MLP for 500 epochs to generate co-occurrence matrix...
MLP pre-training complete. Penalty matrix frozen.
Epoch: 00, Loss: 2.9892, Train: 7.24%, Valid: 7.57%, Test: 7.22%, Best Valid: 7.57%, Best Test: 7.22%
Switching Polynormer to global attention phase.
Epoch: 100, Loss: 2.5558, Train: 18.45%, Valid: 18.41%, Test: 18.42%, Best Valid: 75.79%, Best Test: 74.64%
Epoch: 200, Loss: 0.3185, Train: 81.55%, Valid: 74.44%, Test: 73.27%, Best Valid: 76.20%, Best Test: 74.74%
Epoch: 300, Loss: 0.2307, Train: 78.10%, Valid: 70.52%, Test: 68.63%, Best Valid: 76.20%, Best Test: 74.74%
Epoch: 400, Loss: 0.1532, Train: 79.31%, Valid: 71.10%, Test: 70.14%, Best Valid: 76.20%, Best Test: 74.74%
Epoch: 500, Loss: 0.1185, Train: 80.52%, Valid: 71.52%, Test: 70.84%, Best Valid: 76.20%, Best Test: 74.74%
Epoch: 600, Loss: 0.0299, Train: 80.52%, Valid: 73.32%, Test: 71.39%, Best Valid: 76.20%, Best Test: 74.74%
Epoch: 700, Loss: 0.1068, Train: 80.34%, Valid: 71.73%, Test: 70.99%, Best Valid: 76.20%, Best Test: 74.74%
Epoch: 800, Loss: 0.0947, Train: 80.52%, Valid: 71.39%, Test: 70.87%, Best Valid: 76.20%, Best Test: 74.74%
Epoch: 900, Loss: 0.0756, Train: 81.03%, Valid: 72.26%, Test: 70.50%, Best Valid: 76.20%, Best Test: 74.74%
Epoch: 1000, Loss: 0.0312, Train: 80.00%, Valid: 71.10%, Test: 69.61%, Best Valid: 76.20%, Best Test: 74.74%
Run 05:
Highest Train: 83.79
Highest Valid: 76.20
Highest Test: 74.74
Chosen epoch: 159
Final Train: 82.24
Final Test: 74.74
Label budget: 20/class -> 194 train nodes
Pre-training MLP for 500 epochs to generate co-occurrence matrix...
MLP pre-training complete. Penalty matrix frozen.
Epoch: 00, Loss: 3.0657, Train: 5.69%, Valid: 4.97%, Test: 4.81%, Best Valid: 4.97%, Best Test: 4.81%
Switching Polynormer to global attention phase.
Epoch: 100, Loss: 2.5365, Train: 4.14%, Valid: 4.21%, Test: 4.21%, Best Valid: 74.48%, Best Test: 74.35%
Epoch: 200, Loss: 0.2354, Train: 80.17%, Valid: 71.99%, Test: 70.79%, Best Valid: 75.58%, Best Test: 74.52%
Epoch: 300, Loss: 0.1689, Train: 81.21%, Valid: 73.17%, Test: 72.87%, Best Valid: 75.58%, Best Test: 74.52%
Epoch: 400, Loss: 0.0620, Train: 81.03%, Valid: 72.28%, Test: 71.34%, Best Valid: 75.58%, Best Test: 74.52%
Epoch: 500, Loss: 0.0751, Train: 82.93%, Valid: 74.21%, Test: 73.30%, Best Valid: 75.69%, Best Test: 74.86%
Epoch: 600, Loss: 0.1304, Train: 83.79%, Valid: 74.35%, Test: 73.10%, Best Valid: 75.69%, Best Test: 74.86%
Epoch: 700, Loss: 0.1266, Train: 82.59%, Valid: 72.70%, Test: 71.87%, Best Valid: 75.69%, Best Test: 74.86%
Epoch: 800, Loss: 0.0346, Train: 82.07%, Valid: 72.17%, Test: 70.96%, Best Valid: 75.69%, Best Test: 74.86%
Epoch: 900, Loss: 0.0075, Train: 78.79%, Valid: 71.71%, Test: 71.28%, Best Valid: 75.69%, Best Test: 74.86%
Epoch: 1000, Loss: 0.0028, Train: 83.79%, Valid: 74.46%, Test: 73.59%, Best Valid: 75.69%, Best Test: 74.86%
Run 06:
Highest Train: 85.69
Highest Valid: 75.69
Highest Test: 75.01
Chosen epoch: 420
Final Train: 85.34
Final Test: 74.86
Label budget: 20/class -> 194 train nodes
Pre-training MLP for 500 epochs to generate co-occurrence matrix...
MLP pre-training complete. Penalty matrix frozen.
Epoch: 00, Loss: 2.9501, Train: 19.14%, Valid: 16.95%, Test: 17.63%, Best Valid: 16.95%, Best Test: 17.63%
Switching Polynormer to global attention phase.
Epoch: 100, Loss: 2.5693, Train: 18.45%, Valid: 18.39%, Test: 18.40%, Best Valid: 75.12%, Best Test: 74.31%
Epoch: 200, Loss: 0.1591, Train: 81.90%, Valid: 72.89%, Test: 71.88%, Best Valid: 76.45%, Best Test: 75.83%
Epoch: 300, Loss: 0.1914, Train: 83.28%, Valid: 73.28%, Test: 71.99%, Best Valid: 76.72%, Best Test: 75.54%
Epoch: 400, Loss: 0.0698, Train: 84.66%, Valid: 74.52%, Test: 74.04%, Best Valid: 76.72%, Best Test: 75.54%
Epoch: 500, Loss: 0.0922, Train: 82.07%, Valid: 72.66%, Test: 71.39%, Best Valid: 76.72%, Best Test: 75.54%
Epoch: 600, Loss: 0.0158, Train: 82.24%, Valid: 72.94%, Test: 71.56%, Best Valid: 76.72%, Best Test: 75.54%
Epoch: 700, Loss: 0.0422, Train: 78.97%, Valid: 69.64%, Test: 69.37%, Best Valid: 76.72%, Best Test: 75.54%
Epoch: 800, Loss: 0.0868, Train: 82.24%, Valid: 72.07%, Test: 70.96%, Best Valid: 76.72%, Best Test: 75.54%
Epoch: 900, Loss: 0.0065, Train: 82.07%, Valid: 71.79%, Test: 69.78%, Best Valid: 76.72%, Best Test: 75.54%
Epoch: 1000, Loss: 0.1223, Train: 82.76%, Valid: 73.51%, Test: 72.46%, Best Valid: 76.72%, Best Test: 75.54%
Run 07:
Highest Train: 86.38
Highest Valid: 76.72
Highest Test: 76.23
Chosen epoch: 217
Final Train: 86.38
Final Test: 75.54
Label budget: 20/class -> 194 train nodes
Pre-training MLP for 500 epochs to generate co-occurrence matrix...
MLP pre-training complete. Penalty matrix frozen.
Epoch: 00, Loss: 3.0510, Train: 10.17%, Valid: 9.73%, Test: 9.94%, Best Valid: 9.73%, Best Test: 9.94%
Switching Polynormer to global attention phase.
Epoch: 100, Loss: 2.5597, Train: 9.66%, Valid: 10.35%, Test: 10.04%, Best Valid: 72.51%, Best Test: 71.68%
Epoch: 200, Loss: 0.3898, Train: 77.93%, Valid: 68.94%, Test: 68.55%, Best Valid: 73.32%, Best Test: 72.45%
Epoch: 300, Loss: 0.2515, Train: 79.48%, Valid: 69.43%, Test: 68.94%, Best Valid: 73.68%, Best Test: 72.40%
Epoch: 400, Loss: 0.0596, Train: 79.83%, Valid: 72.15%, Test: 71.35%, Best Valid: 73.99%, Best Test: 73.37%
Epoch: 500, Loss: 0.2307, Train: 79.31%, Valid: 70.06%, Test: 69.56%, Best Valid: 73.99%, Best Test: 73.37%
Epoch: 600, Loss: 0.1856, Train: 75.69%, Valid: 68.03%, Test: 67.28%, Best Valid: 73.99%, Best Test: 73.37%
Epoch: 700, Loss: 0.1314, Train: 78.62%, Valid: 71.71%, Test: 71.47%, Best Valid: 74.18%, Best Test: 72.53%
Epoch: 800, Loss: 0.0104, Train: 79.83%, Valid: 72.72%, Test: 71.11%, Best Valid: 74.18%, Best Test: 72.53%
Epoch: 900, Loss: 0.0378, Train: 79.66%, Valid: 71.48%, Test: 70.26%, Best Valid: 74.18%, Best Test: 72.53%
Epoch: 1000, Loss: 0.0336, Train: 78.10%, Valid: 71.14%, Test: 70.36%, Best Valid: 74.18%, Best Test: 72.53%
Run 08:
Highest Train: 81.90
Highest Valid: 74.18
Highest Test: 73.37
Chosen epoch: 634
Final Train: 80.34
Final Test: 72.53
Label budget: 20/class -> 194 train nodes
Pre-training MLP for 500 epochs to generate co-occurrence matrix...
MLP pre-training complete. Penalty matrix frozen.
Epoch: 00, Loss: 3.0181, Train: 17.07%, Valid: 17.25%, Test: 16.78%, Best Valid: 17.25%, Best Test: 16.78%
Switching Polynormer to global attention phase.
Epoch: 100, Loss: 2.5476, Train: 20.34%, Valid: 19.04%, Test: 18.80%, Best Valid: 76.30%, Best Test: 76.04%
Epoch: 200, Loss: 0.1144, Train: 83.45%, Valid: 74.42%, Test: 74.06%, Best Valid: 76.66%, Best Test: 76.50%
Epoch: 300, Loss: 0.0829, Train: 86.55%, Valid: 75.18%, Test: 74.91%, Best Valid: 76.68%, Best Test: 75.59%
Epoch: 400, Loss: 0.0217, Train: 84.66%, Valid: 74.97%, Test: 74.48%, Best Valid: 76.83%, Best Test: 76.91%
Epoch: 500, Loss: 0.0486, Train: 84.83%, Valid: 74.73%, Test: 73.90%, Best Valid: 76.83%, Best Test: 76.91%
Epoch: 600, Loss: 0.0548, Train: 85.34%, Valid: 74.36%, Test: 74.21%, Best Valid: 76.83%, Best Test: 76.91%
Epoch: 700, Loss: 0.0482, Train: 86.03%, Valid: 74.21%, Test: 74.40%, Best Valid: 76.83%, Best Test: 76.91%
Epoch: 800, Loss: 0.0061, Train: 85.17%, Valid: 73.21%, Test: 73.22%, Best Valid: 76.83%, Best Test: 76.91%
Epoch: 900, Loss: 0.0212, Train: 83.62%, Valid: 72.58%, Test: 72.23%, Best Valid: 76.83%, Best Test: 76.91%
Epoch: 1000, Loss: 0.0407, Train: 87.41%, Valid: 74.80%, Test: 75.06%, Best Valid: 76.83%, Best Test: 76.91%
Run 09:
Highest Train: 88.97
Highest Valid: 76.83
Highest Test: 76.96
Chosen epoch: 378
Final Train: 88.28
Final Test: 76.91
Label budget: 20/class -> 194 train nodes
Pre-training MLP for 500 epochs to generate co-occurrence matrix...
MLP pre-training complete. Penalty matrix frozen.
Epoch: 00, Loss: 2.9442, Train: 5.86%, Valid: 5.37%, Test: 5.44%, Best Valid: 5.37%, Best Test: 5.44%
Switching Polynormer to global attention phase.
Epoch: 100, Loss: 2.5186, Train: 31.03%, Valid: 30.51%, Test: 31.01%, Best Valid: 75.69%, Best Test: 74.14%
Epoch: 200, Loss: 0.2224, Train: 78.62%, Valid: 71.07%, Test: 69.75%, Best Valid: 75.69%, Best Test: 74.14%
Epoch: 300, Loss: 0.2471, Train: 77.93%, Valid: 68.15%, Test: 67.47%, Best Valid: 75.69%, Best Test: 74.14%
Epoch: 400, Loss: 0.0491, Train: 78.79%, Valid: 70.80%, Test: 69.85%, Best Valid: 75.69%, Best Test: 74.14%
Epoch: 500, Loss: 0.0523, Train: 78.62%, Valid: 71.05%, Test: 69.78%, Best Valid: 75.69%, Best Test: 74.14%
Epoch: 600, Loss: 0.0653, Train: 79.83%, Valid: 71.41%, Test: 70.51%, Best Valid: 75.69%, Best Test: 74.14%
Epoch: 700, Loss: 0.0585, Train: 80.00%, Valid: 72.66%, Test: 72.12%, Best Valid: 75.69%, Best Test: 74.14%
Epoch: 800, Loss: 0.0207, Train: 78.10%, Valid: 70.88%, Test: 69.90%, Best Valid: 75.69%, Best Test: 74.14%
Epoch: 900, Loss: 0.0402, Train: 80.00%, Valid: 72.41%, Test: 71.11%, Best Valid: 75.69%, Best Test: 74.14%
Epoch: 1000, Loss: 0.0031, Train: 77.41%, Valid: 69.09%, Test: 68.75%, Best Valid: 75.69%, Best Test: 74.14%
Run 10:
Highest Train: 83.62
Highest Valid: 75.69
Highest Test: 74.14
Chosen epoch: 79
Final Train: 79.31
Final Test: 74.14
All runs:
Highest Train: 85.19 ± 2.01
Highest Test: 75.64 ± 1.34
Highest Valid: 76.55 ± 1.21
  Final Train: 83.34 ± 2.70
   Final Test: 75.36 ± 1.38
Saving results to ../results/lowlabel/wikics/polynormer.csv
--- mlp_reg | lambda=0.2 ---
Namespace(aggregate='add', alpha=0.5, attention='gcn', beta=-1.0, bn=False, budget_tag='20', count_reg=False, count_smoothing=1.0, cpu=False, data_dir='../data/', dataset='wikics', device=0, dim_inner=512, display_step=100, dropout=0.5, epochs=500, global_dropout=None, global_epochs=1000, global_layers=2, gnn='gcn', graph_weight=0.8, hidden_channels=512, hops=10, in_dropout=0.5, jk=False, label_num_per_class=20, lambda_val=0.2, layers=1, ln=False, local_epochs=100, local_gnn_type='GCN', local_layers=7, lr=0.001, metric='acc', mlp_epochs=500, mlp_reg=True, model='polynormer', model_dir='models/lowlabel_1161133_292', n_heads=1, num_centroids=4096, num_heads=1, oracle_reg=False, paired_seeds=True, pe_types='RWSE', penalty_transform='none', pre_linear=False, pre_ln=False, rand_split=False, rand_split_class=False, reg_start_epoch=10, reg_update_freq=5, res=False, resample_split_per_run=False, result_dir='../results/lowlabel', runs=10, save_model=True, save_result=False, seed=42, test_num=1000, tr_dropout=None, tr_layers=1, tr_weight_decay=None, train_per_class=20, train_prop=0.5, use_act=False, use_bn=False, use_graph=False, use_reg=True, use_residual=False, use_weight=False, valid_num=500, valid_per_class=0, valid_prop=0.25, weight_decay=0.0)
wikics
dataset wikics | num nodes 11701 | num edge 431726 | num node feats 300 | num classes 10
MODEL: Polynormer(
  (h_lins): ModuleList(
    (0): Linear(in_features=512, out_features=512, bias=True)
    (1): Linear(in_features=512, out_features=512, bias=True)
    (2): Linear(in_features=512, out_features=512, bias=True)
    (3): Linear(in_features=512, out_features=512, bias=True)
    (4): Linear(in_features=512, out_features=512, bias=True)
    (5): Linear(in_features=512, out_features=512, bias=True)
    (6): Linear(in_features=512, out_features=512, bias=True)
  )
  (local_convs): ModuleList(
    (0): GATConv(512, 512, heads=1)
    (1): GATConv(512, 512, heads=1)
    (2): GATConv(512, 512, heads=1)
    (3): GATConv(512, 512, heads=1)
    (4): GATConv(512, 512, heads=1)
    (5): GATConv(512, 512, heads=1)
    (6): GATConv(512, 512, heads=1)
  )
  (lins): ModuleList(
    (0): Linear(in_features=512, out_features=512, bias=True)
    (1): Linear(in_features=512, out_features=512, bias=True)
    (2): Linear(in_features=512, out_features=512, bias=True)
    (3): Linear(in_features=512, out_features=512, bias=True)
    (4): Linear(in_features=512, out_features=512, bias=True)
    (5): Linear(in_features=512, out_features=512, bias=True)
    (6): Linear(in_features=512, out_features=512, bias=True)
  )
  (lns): ModuleList(
    (0): LayerNorm((512,), eps=1e-05, elementwise_affine=True)
    (1): LayerNorm((512,), eps=1e-05, elementwise_affine=True)
    (2): LayerNorm((512,), eps=1e-05, elementwise_affine=True)
    (3): LayerNorm((512,), eps=1e-05, elementwise_affine=True)
    (4): LayerNorm((512,), eps=1e-05, elementwise_affine=True)
    (5): LayerNorm((512,), eps=1e-05, elementwise_affine=True)
    (6): LayerNorm((512,), eps=1e-05, elementwise_affine=True)
  )
  (lin_in): Linear(in_features=300, out_features=512, bias=True)
  (ln): LayerNorm((512,), eps=1e-05, elementwise_affine=True)
  (global_attn): GlobalAttn(
    (h_lins): ModuleList(
      (0): Linear(in_features=512, out_features=512, bias=True)
      (1): Linear(in_features=512, out_features=512, bias=True)
    )
    (k_lins): ModuleList(
      (0): Linear(in_features=512, out_features=512, bias=True)
      (1): Linear(in_features=512, out_features=512, bias=True)
    )
    (v_lins): ModuleList(
      (0): Linear(in_features=512, out_features=512, bias=True)
      (1): Linear(in_features=512, out_features=512, bias=True)
    )
    (lns): ModuleList(
      (0): LayerNorm((512,), eps=1e-05, elementwise_affine=True)
      (1): LayerNorm((512,), eps=1e-05, elementwise_affine=True)
    )
    (lin_out): Linear(in_features=512, out_features=512, bias=True)
  )
  (pred_local): Linear(in_features=512, out_features=10, bias=True)
  (pred_global): Linear(in_features=512, out_features=10, bias=True)
)
Label budget: 20/class -> 194 train nodes
Pre-training MLP for 500 epochs to generate co-occurrence matrix...
MLP pre-training complete. Penalty matrix frozen.
Epoch: 00, Loss: 3.4205, Train: 16.72%, Valid: 15.98%, Test: 15.94%, Best Valid: 15.98%, Best Test: 15.94%
Switching Polynormer to global attention phase.
Epoch: 100, Loss: 2.7648, Train: 28.28%, Valid: 26.94%, Test: 26.53%, Best Valid: 76.89%, Best Test: 76.00%
Epoch: 200, Loss: 0.1895, Train: 80.86%, Valid: 72.37%, Test: 72.11%, Best Valid: 76.89%, Best Test: 76.00%
Epoch: 300, Loss: 0.1057, Train: 82.24%, Valid: 74.36%, Test: 73.73%, Best Valid: 77.00%, Best Test: 76.74%
Epoch: 400, Loss: 0.1770, Train: 83.10%, Valid: 75.50%, Test: 74.77%, Best Valid: 77.46%, Best Test: 77.13%
Epoch: 500, Loss: 0.0344, Train: 82.24%, Valid: 75.12%, Test: 75.08%, Best Valid: 77.46%, Best Test: 77.13%
Epoch: 600, Loss: 0.0585, Train: 83.10%, Valid: 75.05%, Test: 74.53%, Best Valid: 77.46%, Best Test: 77.13%
Epoch: 700, Loss: 0.0070, Train: 81.55%, Valid: 73.25%, Test: 72.99%, Best Valid: 77.46%, Best Test: 77.13%
Epoch: 800, Loss: 0.0623, Train: 83.45%, Valid: 74.69%, Test: 74.62%, Best Valid: 77.46%, Best Test: 77.13%
Epoch: 900, Loss: 0.0228, Train: 81.03%, Valid: 74.29%, Test: 74.35%, Best Valid: 77.46%, Best Test: 77.13%
Epoch: 1000, Loss: 0.0187, Train: 82.93%, Valid: 74.76%, Test: 74.26%, Best Valid: 77.46%, Best Test: 77.13%
Run 01:
Highest Train: 85.34
Highest Valid: 77.46
Highest Test: 77.25
Chosen epoch: 373
Final Train: 84.48
Final Test: 77.13
Label budget: 20/class -> 194 train nodes
Pre-training MLP for 500 epochs to generate co-occurrence matrix...
MLP pre-training complete. Penalty matrix frozen.
Epoch: 00, Loss: 3.2855, Train: 22.59%, Valid: 23.36%, Test: 23.07%, Best Valid: 23.36%, Best Test: 23.07%
Switching Polynormer to global attention phase.
Epoch: 100, Loss: 2.8004, Train: 39.48%, Valid: 37.83%, Test: 38.87%, Best Valid: 76.68%, Best Test: 75.13%
Epoch: 200, Loss: 0.4250, Train: 80.52%, Valid: 74.10%, Test: 72.94%, Best Valid: 77.70%, Best Test: 76.35%
Epoch: 300, Loss: 0.0770, Train: 80.69%, Valid: 73.80%, Test: 71.95%, Best Valid: 78.12%, Best Test: 76.93%
Epoch: 400, Loss: 0.0911, Train: 83.62%, Valid: 75.50%, Test: 74.47%, Best Valid: 78.12%, Best Test: 76.93%
Epoch: 500, Loss: 0.0599, Train: 83.62%, Valid: 75.01%, Test: 73.82%, Best Valid: 78.12%, Best Test: 76.93%
Epoch: 600, Loss: 0.1415, Train: 83.45%, Valid: 74.65%, Test: 74.29%, Best Valid: 78.12%, Best Test: 76.93%
Epoch: 700, Loss: 0.1155, Train: 83.45%, Valid: 75.22%, Test: 74.74%, Best Valid: 78.12%, Best Test: 76.93%
Epoch: 800, Loss: 0.0288, Train: 82.41%, Valid: 74.78%, Test: 73.63%, Best Valid: 78.12%, Best Test: 76.93%
Epoch: 900, Loss: 0.1210, Train: 81.90%, Valid: 74.02%, Test: 73.82%, Best Valid: 78.12%, Best Test: 76.93%
Epoch: 1000, Loss: 0.0386, Train: 81.90%, Valid: 74.08%, Test: 72.98%, Best Valid: 78.12%, Best Test: 76.93%
Run 02:
Highest Train: 86.21
Highest Valid: 78.12
Highest Test: 77.18
Chosen epoch: 226
Final Train: 83.79
Final Test: 76.93
Label budget: 20/class -> 194 train nodes
Pre-training MLP for 500 epochs to generate co-occurrence matrix...
MLP pre-training complete. Penalty matrix frozen.
Epoch: 00, Loss: 3.2126, Train: 17.93%, Valid: 16.50%, Test: 16.91%, Best Valid: 16.50%, Best Test: 16.91%
Switching Polynormer to global attention phase.
Epoch: 100, Loss: 2.7932, Train: 18.45%, Valid: 18.39%, Test: 18.40%, Best Valid: 77.65%, Best Test: 76.79%
Epoch: 200, Loss: 0.2779, Train: 84.14%, Valid: 77.38%, Test: 76.24%, Best Valid: 77.99%, Best Test: 76.83%
Epoch: 300, Loss: 0.1358, Train: 83.10%, Valid: 74.71%, Test: 73.61%, Best Valid: 77.99%, Best Test: 76.83%
Epoch: 400, Loss: 0.0753, Train: 81.03%, Valid: 73.42%, Test: 72.17%, Best Valid: 77.99%, Best Test: 76.83%
Epoch: 500, Loss: 0.0832, Train: 81.90%, Valid: 73.91%, Test: 73.51%, Best Valid: 77.99%, Best Test: 76.83%
Epoch: 600, Loss: 0.0065, Train: 83.45%, Valid: 76.13%, Test: 74.91%, Best Valid: 77.99%, Best Test: 76.83%
Epoch: 700, Loss: 0.0340, Train: 80.69%, Valid: 73.40%, Test: 72.45%, Best Valid: 77.99%, Best Test: 76.83%
Epoch: 800, Loss: 0.0176, Train: 82.76%, Valid: 74.91%, Test: 74.47%, Best Valid: 77.99%, Best Test: 76.83%
Epoch: 900, Loss: 0.0255, Train: 83.28%, Valid: 75.07%, Test: 74.67%, Best Valid: 77.99%, Best Test: 76.83%
Epoch: 1000, Loss: 0.0530, Train: 82.24%, Valid: 74.06%, Test: 73.18%, Best Valid: 77.99%, Best Test: 76.83%
Run 03:
Highest Train: 86.38
Highest Valid: 77.99
Highest Test: 76.88
Chosen epoch: 179
Final Train: 84.48
Final Test: 76.83
Label budget: 20/class -> 194 train nodes
Pre-training MLP for 500 epochs to generate co-occurrence matrix...
MLP pre-training complete. Penalty matrix frozen.
Epoch: 00, Loss: 3.2133, Train: 12.24%, Valid: 12.59%, Test: 12.74%, Best Valid: 12.59%, Best Test: 12.74%
Switching Polynormer to global attention phase.
Epoch: 100, Loss: 2.7836, Train: 18.45%, Valid: 18.39%, Test: 18.40%, Best Valid: 76.09%, Best Test: 74.57%
Epoch: 200, Loss: 0.2162, Train: 81.90%, Valid: 74.10%, Test: 72.11%, Best Valid: 76.83%, Best Test: 74.98%
Epoch: 300, Loss: 0.0728, Train: 78.62%, Valid: 70.36%, Test: 69.44%, Best Valid: 77.13%, Best Test: 75.20%
Epoch: 400, Loss: 0.0852, Train: 80.52%, Valid: 72.62%, Test: 71.81%, Best Valid: 77.13%, Best Test: 75.20%
Epoch: 500, Loss: 0.0763, Train: 79.14%, Valid: 71.99%, Test: 71.04%, Best Valid: 77.13%, Best Test: 75.20%
Epoch: 600, Loss: 0.0512, Train: 76.90%, Valid: 70.53%, Test: 69.52%, Best Valid: 77.13%, Best Test: 75.20%
Epoch: 700, Loss: 0.0312, Train: 79.66%, Valid: 71.81%, Test: 70.75%, Best Valid: 77.13%, Best Test: 75.20%
Epoch: 800, Loss: 0.1128, Train: 78.79%, Valid: 70.99%, Test: 70.75%, Best Valid: 77.13%, Best Test: 75.20%
Epoch: 900, Loss: 0.0169, Train: 77.93%, Valid: 70.36%, Test: 69.75%, Best Valid: 77.13%, Best Test: 75.20%
Epoch: 1000, Loss: 0.0215, Train: 76.55%, Valid: 70.44%, Test: 69.83%, Best Valid: 77.13%, Best Test: 75.20%
Run 04:
Highest Train: 84.48
Highest Valid: 77.13
Highest Test: 75.87
Chosen epoch: 247
Final Train: 84.48
Final Test: 75.20
Label budget: 20/class -> 194 train nodes
Pre-training MLP for 500 epochs to generate co-occurrence matrix...
MLP pre-training complete. Penalty matrix frozen.
Epoch: 00, Loss: 3.2609, Train: 7.24%, Valid: 7.62%, Test: 7.85%, Best Valid: 7.62%, Best Test: 7.85%
Switching Polynormer to global attention phase.
Epoch: 100, Loss: 2.7914, Train: 18.45%, Valid: 18.39%, Test: 18.40%, Best Valid: 75.39%, Best Test: 74.69%
Epoch: 200, Loss: 0.1660, Train: 81.21%, Valid: 72.05%, Test: 71.03%, Best Valid: 75.92%, Best Test: 74.47%
Epoch: 300, Loss: 0.2038, Train: 78.45%, Valid: 69.78%, Test: 68.75%, Best Valid: 75.92%, Best Test: 74.47%
Epoch: 400, Loss: 0.1016, Train: 78.28%, Valid: 70.80%, Test: 69.95%, Best Valid: 75.92%, Best Test: 74.47%
Epoch: 500, Loss: 0.0342, Train: 79.66%, Valid: 71.94%, Test: 70.91%, Best Valid: 75.92%, Best Test: 74.47%
Epoch: 600, Loss: 0.0441, Train: 82.07%, Valid: 73.27%, Test: 72.64%, Best Valid: 75.92%, Best Test: 74.47%
Epoch: 700, Loss: 0.1116, Train: 81.72%, Valid: 72.77%, Test: 72.24%, Best Valid: 75.92%, Best Test: 74.47%
Epoch: 800, Loss: 0.0454, Train: 79.66%, Valid: 71.01%, Test: 69.76%, Best Valid: 75.92%, Best Test: 74.47%
Epoch: 900, Loss: 0.0153, Train: 80.86%, Valid: 71.88%, Test: 70.09%, Best Valid: 75.92%, Best Test: 74.47%
Epoch: 1000, Loss: 0.0380, Train: 79.48%, Valid: 71.69%, Test: 70.43%, Best Valid: 75.92%, Best Test: 74.47%
Run 05:
Highest Train: 85.17
Highest Valid: 75.96
Highest Test: 74.86
Chosen epoch: 1015
Final Train: 83.62
Final Test: 74.65
Label budget: 20/class -> 194 train nodes
Pre-training MLP for 500 epochs to generate co-occurrence matrix...
MLP pre-training complete. Penalty matrix frozen.
Epoch: 00, Loss: 3.3444, Train: 7.07%, Valid: 5.42%, Test: 5.40%, Best Valid: 5.42%, Best Test: 5.40%
Switching Polynormer to global attention phase.
Epoch: 100, Loss: 2.7593, Train: 18.45%, Valid: 18.39%, Test: 18.40%, Best Valid: 74.33%, Best Test: 73.90%
Epoch: 200, Loss: 0.1959, Train: 80.00%, Valid: 70.46%, Test: 69.45%, Best Valid: 75.37%, Best Test: 74.91%
Epoch: 300, Loss: 0.1116, Train: 82.41%, Valid: 72.83%, Test: 72.28%, Best Valid: 75.64%, Best Test: 74.48%
Epoch: 400, Loss: 0.0669, Train: 83.62%, Valid: 74.23%, Test: 74.19%, Best Valid: 75.64%, Best Test: 74.48%
Epoch: 500, Loss: 0.1030, Train: 77.76%, Valid: 68.68%, Test: 68.03%, Best Valid: 75.64%, Best Test: 74.48%
Epoch: 600, Loss: 0.0858, Train: 83.62%, Valid: 73.95%, Test: 72.67%, Best Valid: 75.64%, Best Test: 74.48%
Epoch: 700, Loss: 0.0649, Train: 85.86%, Valid: 76.09%, Test: 74.89%, Best Valid: 76.11%, Best Test: 75.00%
Epoch: 800, Loss: 0.0268, Train: 82.93%, Valid: 74.10%, Test: 73.61%, Best Valid: 76.43%, Best Test: 75.15%
Epoch: 900, Loss: 0.0021, Train: 83.28%, Valid: 74.10%, Test: 72.81%, Best Valid: 76.43%, Best Test: 75.15%
Epoch: 1000, Loss: 0.0616, Train: 82.41%, Valid: 72.54%, Test: 71.78%, Best Valid: 76.43%, Best Test: 75.15%
Run 06:
Highest Train: 86.21
Highest Valid: 76.43
Highest Test: 75.24
Chosen epoch: 701
Final Train: 86.21
Final Test: 75.15
Label budget: 20/class -> 194 train nodes
Pre-training MLP for 500 epochs to generate co-occurrence matrix...
MLP pre-training complete. Penalty matrix frozen.
Epoch: 00, Loss: 3.2182, Train: 18.62%, Valid: 17.61%, Test: 18.20%, Best Valid: 17.61%, Best Test: 18.20%
Switching Polynormer to global attention phase.
Epoch: 100, Loss: 2.8111, Train: 18.45%, Valid: 18.39%, Test: 18.40%, Best Valid: 74.80%, Best Test: 75.18%
Epoch: 200, Loss: 0.2931, Train: 80.86%, Valid: 73.02%, Test: 72.82%, Best Valid: 75.37%, Best Test: 75.49%
Epoch: 300, Loss: 0.1463, Train: 83.97%, Valid: 74.55%, Test: 74.06%, Best Valid: 75.84%, Best Test: 75.54%
Epoch: 400, Loss: 0.0611, Train: 82.41%, Valid: 73.49%, Test: 72.84%, Best Valid: 75.84%, Best Test: 75.54%
Epoch: 500, Loss: 0.0717, Train: 82.07%, Valid: 72.58%, Test: 71.68%, Best Valid: 75.86%, Best Test: 75.30%
Epoch: 600, Loss: 0.0138, Train: 80.34%, Valid: 72.26%, Test: 71.49%, Best Valid: 75.86%, Best Test: 75.30%
Epoch: 700, Loss: 0.0913, Train: 78.28%, Valid: 69.34%, Test: 68.34%, Best Valid: 75.86%, Best Test: 75.30%
Epoch: 800, Loss: 0.0328, Train: 81.90%, Valid: 71.81%, Test: 70.93%, Best Valid: 75.86%, Best Test: 75.30%
Epoch: 900, Loss: 0.0370, Train: 83.62%, Valid: 74.69%, Test: 73.58%, Best Valid: 75.86%, Best Test: 75.30%
Epoch: 1000, Loss: 0.0514, Train: 82.59%, Valid: 72.28%, Test: 71.92%, Best Valid: 75.86%, Best Test: 75.30%
Run 07:
Highest Train: 85.69
Highest Valid: 76.07
Highest Test: 75.83
Chosen epoch: 1020
Final Train: 85.69
Final Test: 74.74
Label budget: 20/class -> 194 train nodes
Pre-training MLP for 500 epochs to generate co-occurrence matrix...
MLP pre-training complete. Penalty matrix frozen.
Epoch: 00, Loss: 3.3284, Train: 10.52%, Valid: 10.54%, Test: 10.57%, Best Valid: 10.54%, Best Test: 10.57%
Switching Polynormer to global attention phase.
Epoch: 100, Loss: 2.7751, Train: 22.24%, Valid: 22.60%, Test: 21.93%, Best Valid: 73.66%, Best Test: 72.21%
Epoch: 200, Loss: 0.3040, Train: 77.93%, Valid: 70.17%, Test: 69.47%, Best Valid: 75.07%, Best Test: 73.90%
Epoch: 300, Loss: 0.3426, Train: 80.17%, Valid: 71.88%, Test: 71.32%, Best Valid: 75.07%, Best Test: 73.90%
Epoch: 400, Loss: 0.1180, Train: 81.55%, Valid: 73.02%, Test: 71.75%, Best Valid: 75.07%, Best Test: 73.90%
Epoch: 500, Loss: 0.1678, Train: 79.48%, Valid: 70.21%, Test: 69.54%, Best Valid: 75.07%, Best Test: 73.90%
Epoch: 600, Loss: 0.1388, Train: 81.03%, Valid: 72.32%, Test: 71.34%, Best Valid: 75.07%, Best Test: 73.90%
Epoch: 700, Loss: 0.0474, Train: 76.90%, Valid: 69.87%, Test: 69.18%, Best Valid: 75.07%, Best Test: 73.90%
Epoch: 800, Loss: 0.0441, Train: 79.14%, Valid: 72.72%, Test: 71.87%, Best Valid: 75.07%, Best Test: 73.90%
Epoch: 900, Loss: 0.0981, Train: 80.52%, Valid: 72.72%, Test: 71.23%, Best Valid: 75.07%, Best Test: 73.90%
Epoch: 1000, Loss: 0.1011, Train: 79.66%, Valid: 70.63%, Test: 70.57%, Best Valid: 75.07%, Best Test: 73.90%
Run 08:
Highest Train: 82.76
Highest Valid: 75.07
Highest Test: 74.19
Chosen epoch: 159
Final Train: 80.17
Final Test: 73.90
Label budget: 20/class -> 194 train nodes
Pre-training MLP for 500 epochs to generate co-occurrence matrix...
MLP pre-training complete. Penalty matrix frozen.
Epoch: 00, Loss: 3.2924, Train: 18.10%, Valid: 18.98%, Test: 18.03%, Best Valid: 18.98%, Best Test: 18.03%
Switching Polynormer to global attention phase.
Epoch: 100, Loss: 2.7949, Train: 7.41%, Valid: 7.39%, Test: 7.39%, Best Valid: 76.37%, Best Test: 75.78%
Epoch: 200, Loss: 0.2163, Train: 85.69%, Valid: 73.66%, Test: 73.58%, Best Valid: 77.13%, Best Test: 76.24%
Epoch: 300, Loss: 0.1429, Train: 85.17%, Valid: 74.23%, Test: 74.38%, Best Valid: 77.13%, Best Test: 76.24%
Epoch: 400, Loss: 0.0835, Train: 87.24%, Valid: 76.19%, Test: 75.75%, Best Valid: 77.13%, Best Test: 76.24%
Epoch: 500, Loss: 0.0239, Train: 85.34%, Valid: 74.59%, Test: 74.24%, Best Valid: 77.13%, Best Test: 76.24%
Epoch: 600, Loss: 0.1305, Train: 87.59%, Valid: 75.64%, Test: 75.66%, Best Valid: 77.13%, Best Test: 76.24%
Epoch: 700, Loss: 0.0161, Train: 85.17%, Valid: 74.63%, Test: 74.38%, Best Valid: 77.13%, Best Test: 76.24%
Epoch: 800, Loss: 0.0394, Train: 86.03%, Valid: 75.03%, Test: 75.17%, Best Valid: 77.13%, Best Test: 76.24%
Epoch: 900, Loss: 0.0344, Train: 86.03%, Valid: 73.23%, Test: 73.44%, Best Valid: 77.13%, Best Test: 76.24%
Epoch: 1000, Loss: 0.0098, Train: 86.21%, Valid: 76.03%, Test: 75.61%, Best Valid: 77.13%, Best Test: 76.24%
Run 09:
Highest Train: 88.97
Highest Valid: 77.13
Highest Test: 77.20
Chosen epoch: 183
Final Train: 88.45
Final Test: 76.24
Label budget: 20/class -> 194 train nodes
Pre-training MLP for 500 epochs to generate co-occurrence matrix...
MLP pre-training complete. Penalty matrix frozen.
Epoch: 00, Loss: 3.2119, Train: 6.03%, Valid: 5.44%, Test: 5.56%, Best Valid: 5.44%, Best Test: 5.56%
Switching Polynormer to global attention phase.
Epoch: 100, Loss: 2.7685, Train: 16.55%, Valid: 16.51%, Test: 16.52%, Best Valid: 74.48%, Best Test: 73.58%
Epoch: 200, Loss: 0.2123, Train: 80.00%, Valid: 74.10%, Test: 72.52%, Best Valid: 75.90%, Best Test: 75.05%
Epoch: 300, Loss: 0.2239, Train: 79.14%, Valid: 70.71%, Test: 69.61%, Best Valid: 75.90%, Best Test: 75.05%
Epoch: 400, Loss: 0.1020, Train: 80.34%, Valid: 72.22%, Test: 71.63%, Best Valid: 75.90%, Best Test: 75.05%
Epoch: 500, Loss: 0.1013, Train: 81.03%, Valid: 72.87%, Test: 71.81%, Best Valid: 75.90%, Best Test: 75.05%
Epoch: 600, Loss: 0.0375, Train: 77.93%, Valid: 70.35%, Test: 69.73%, Best Valid: 75.90%, Best Test: 75.05%
Epoch: 700, Loss: 0.0761, Train: 80.17%, Valid: 72.34%, Test: 71.97%, Best Valid: 75.90%, Best Test: 75.05%
Epoch: 800, Loss: 0.0559, Train: 79.66%, Valid: 71.48%, Test: 70.82%, Best Valid: 75.90%, Best Test: 75.05%
Epoch: 900, Loss: 0.0162, Train: 79.66%, Valid: 70.78%, Test: 70.63%, Best Valid: 75.90%, Best Test: 75.05%
Epoch: 1000, Loss: 0.0082, Train: 81.72%, Valid: 73.51%, Test: 72.53%, Best Valid: 75.90%, Best Test: 75.05%
Run 10:
Highest Train: 84.66
Highest Valid: 75.90
Highest Test: 75.05
Chosen epoch: 140
Final Train: 81.72
Final Test: 75.05
All runs:
Highest Train: 85.59 ± 1.60
Highest Test: 75.96 ± 1.12
Highest Valid: 76.73 ± 1.00
  Final Train: 84.31 ± 2.29
   Final Test: 75.58 ± 1.12
Saving results to ../results/lowlabel/wikics/polynormer.csv
--- mlp_reg | lambda=0.4 ---
Namespace(aggregate='add', alpha=0.5, attention='gcn', beta=-1.0, bn=False, budget_tag='20', count_reg=False, count_smoothing=1.0, cpu=False, data_dir='../data/', dataset='wikics', device=0, dim_inner=512, display_step=100, dropout=0.5, epochs=500, global_dropout=None, global_epochs=1000, global_layers=2, gnn='gcn', graph_weight=0.8, hidden_channels=512, hops=10, in_dropout=0.5, jk=False, label_num_per_class=20, lambda_val=0.4, layers=1, ln=False, local_epochs=100, local_gnn_type='GCN', local_layers=7, lr=0.001, metric='acc', mlp_epochs=500, mlp_reg=True, model='polynormer', model_dir='models/lowlabel_1161133_292', n_heads=1, num_centroids=4096, num_heads=1, oracle_reg=False, paired_seeds=True, pe_types='RWSE', penalty_transform='none', pre_linear=False, pre_ln=False, rand_split=False, rand_split_class=False, reg_start_epoch=10, reg_update_freq=5, res=False, resample_split_per_run=False, result_dir='../results/lowlabel', runs=10, save_model=True, save_result=False, seed=42, test_num=1000, tr_dropout=None, tr_layers=1, tr_weight_decay=None, train_per_class=20, train_prop=0.5, use_act=False, use_bn=False, use_graph=False, use_reg=True, use_residual=False, use_weight=False, valid_num=500, valid_per_class=0, valid_prop=0.25, weight_decay=0.0)
wikics
dataset wikics | num nodes 11701 | num edge 431726 | num node feats 300 | num classes 10
MODEL: Polynormer(
  (h_lins): ModuleList(
    (0): Linear(in_features=512, out_features=512, bias=True)
    (1): Linear(in_features=512, out_features=512, bias=True)
    (2): Linear(in_features=512, out_features=512, bias=True)
    (3): Linear(in_features=512, out_features=512, bias=True)
    (4): Linear(in_features=512, out_features=512, bias=True)
    (5): Linear(in_features=512, out_features=512, bias=True)
    (6): Linear(in_features=512, out_features=512, bias=True)
  )
  (local_convs): ModuleList(
    (0): GATConv(512, 512, heads=1)
    (1): GATConv(512, 512, heads=1)
    (2): GATConv(512, 512, heads=1)
    (3): GATConv(512, 512, heads=1)
    (4): GATConv(512, 512, heads=1)
    (5): GATConv(512, 512, heads=1)
    (6): GATConv(512, 512, heads=1)
  )
  (lins): ModuleList(
    (0): Linear(in_features=512, out_features=512, bias=True)
    (1): Linear(in_features=512, out_features=512, bias=True)
    (2): Linear(in_features=512, out_features=512, bias=True)
    (3): Linear(in_features=512, out_features=512, bias=True)
    (4): Linear(in_features=512, out_features=512, bias=True)
    (5): Linear(in_features=512, out_features=512, bias=True)
    (6): Linear(in_features=512, out_features=512, bias=True)
  )
  (lns): ModuleList(
    (0): LayerNorm((512,), eps=1e-05, elementwise_affine=True)
    (1): LayerNorm((512,), eps=1e-05, elementwise_affine=True)
    (2): LayerNorm((512,), eps=1e-05, elementwise_affine=True)
    (3): LayerNorm((512,), eps=1e-05, elementwise_affine=True)
    (4): LayerNorm((512,), eps=1e-05, elementwise_affine=True)
    (5): LayerNorm((512,), eps=1e-05, elementwise_affine=True)
    (6): LayerNorm((512,), eps=1e-05, elementwise_affine=True)
  )
  (lin_in): Linear(in_features=300, out_features=512, bias=True)
  (ln): LayerNorm((512,), eps=1e-05, elementwise_affine=True)
  (global_attn): GlobalAttn(
    (h_lins): ModuleList(
      (0): Linear(in_features=512, out_features=512, bias=True)
      (1): Linear(in_features=512, out_features=512, bias=True)
    )
    (k_lins): ModuleList(
      (0): Linear(in_features=512, out_features=512, bias=True)
      (1): Linear(in_features=512, out_features=512, bias=True)
    )
    (v_lins): ModuleList(
      (0): Linear(in_features=512, out_features=512, bias=True)
      (1): Linear(in_features=512, out_features=512, bias=True)
    )
    (lns): ModuleList(
      (0): LayerNorm((512,), eps=1e-05, elementwise_affine=True)
      (1): LayerNorm((512,), eps=1e-05, elementwise_affine=True)
    )
    (lin_out): Linear(in_features=512, out_features=512, bias=True)
  )
  (pred_local): Linear(in_features=512, out_features=10, bias=True)
  (pred_global): Linear(in_features=512, out_features=10, bias=True)
)
Label budget: 20/class -> 194 train nodes
Pre-training MLP for 500 epochs to generate co-occurrence matrix...
MLP pre-training complete. Penalty matrix frozen.
Epoch: 00, Loss: 3.9906, Train: 15.52%, Valid: 14.92%, Test: 14.04%, Best Valid: 14.92%, Best Test: 14.04%
Switching Polynormer to global attention phase.
Epoch: 100, Loss: 3.2379, Train: 12.24%, Valid: 12.15%, Test: 12.18%, Best Valid: 77.00%, Best Test: 75.71%
Epoch: 200, Loss: 0.2059, Train: 82.41%, Valid: 75.20%, Test: 75.03%, Best Valid: 77.10%, Best Test: 76.76%
Epoch: 300, Loss: 0.1234, Train: 81.90%, Valid: 74.76%, Test: 74.23%, Best Valid: 77.10%, Best Test: 76.76%
Epoch: 400, Loss: 0.1038, Train: 82.59%, Valid: 75.01%, Test: 74.36%, Best Valid: 77.78%, Best Test: 77.39%
Epoch: 500, Loss: 0.0222, Train: 82.76%, Valid: 74.88%, Test: 74.93%, Best Valid: 77.78%, Best Test: 77.39%
Epoch: 600, Loss: 0.0619, Train: 82.24%, Valid: 73.87%, Test: 73.51%, Best Valid: 77.78%, Best Test: 77.39%
Epoch: 700, Loss: 0.0115, Train: 84.48%, Valid: 75.77%, Test: 75.89%, Best Valid: 77.78%, Best Test: 77.39%
Epoch: 800, Loss: 0.1291, Train: 84.14%, Valid: 75.03%, Test: 75.41%, Best Valid: 77.78%, Best Test: 77.39%
Epoch: 900, Loss: 0.0365, Train: 81.55%, Valid: 73.76%, Test: 73.95%, Best Valid: 77.78%, Best Test: 77.39%
Epoch: 1000, Loss: 0.2845, Train: 82.41%, Valid: 74.23%, Test: 73.82%, Best Valid: 77.78%, Best Test: 77.39%
Run 01:
Highest Train: 85.86
Highest Valid: 77.78
Highest Test: 77.39
Chosen epoch: 382
Final Train: 85.52
Final Test: 77.39
Label budget: 20/class -> 194 train nodes
Pre-training MLP for 500 epochs to generate co-occurrence matrix...
MLP pre-training complete. Penalty matrix frozen.
Epoch: 00, Loss: 3.8331, Train: 22.59%, Valid: 23.85%, Test: 23.84%, Best Valid: 23.85%, Best Test: 23.84%
Switching Polynormer to global attention phase.
Epoch: 100, Loss: 3.2531, Train: 18.45%, Valid: 18.41%, Test: 18.47%, Best Valid: 76.94%, Best Test: 75.10%
Epoch: 200, Loss: 0.4270, Train: 81.72%, Valid: 75.71%, Test: 74.04%, Best Valid: 77.08%, Best Test: 75.61%
Epoch: 300, Loss: 0.0869, Train: 80.86%, Valid: 74.46%, Test: 72.72%, Best Valid: 77.63%, Best Test: 76.26%
Epoch: 400, Loss: 0.1432, Train: 83.45%, Valid: 75.69%, Test: 74.65%, Best Valid: 77.63%, Best Test: 76.26%
Epoch: 500, Loss: 0.0986, Train: 81.03%, Valid: 73.87%, Test: 72.43%, Best Valid: 77.63%, Best Test: 76.26%
Epoch: 600, Loss: 0.1355, Train: 82.24%, Valid: 76.19%, Test: 75.32%, Best Valid: 77.63%, Best Test: 76.26%
Epoch: 700, Loss: 0.0619, Train: 83.10%, Valid: 74.91%, Test: 74.45%, Best Valid: 77.63%, Best Test: 76.26%
Epoch: 800, Loss: 0.0994, Train: 81.90%, Valid: 74.35%, Test: 73.15%, Best Valid: 77.63%, Best Test: 76.26%
Epoch: 900, Loss: 0.2594, Train: 83.10%, Valid: 74.63%, Test: 74.36%, Best Valid: 77.63%, Best Test: 76.26%
Epoch: 1000, Loss: 0.0810, Train: 84.66%, Valid: 74.73%, Test: 75.08%, Best Valid: 77.63%, Best Test: 76.26%
Run 02:
Highest Train: 85.34
Highest Valid: 77.63
Highest Test: 76.79
Chosen epoch: 210
Final Train: 85.17
Final Test: 76.26
Label budget: 20/class -> 194 train nodes
Pre-training MLP for 500 epochs to generate co-occurrence matrix...
MLP pre-training complete. Penalty matrix frozen.
Epoch: 00, Loss: 3.7480, Train: 15.00%, Valid: 14.81%, Test: 14.66%, Best Valid: 14.81%, Best Test: 14.66%
Switching Polynormer to global attention phase.
Epoch: 100, Loss: 3.2774, Train: 12.24%, Valid: 12.15%, Test: 12.18%, Best Valid: 77.55%, Best Test: 76.55%
Epoch: 200, Loss: 0.2704, Train: 84.83%, Valid: 77.66%, Test: 76.65%, Best Valid: 78.61%, Best Test: 77.65%
Epoch: 300, Loss: 0.1639, Train: 81.38%, Valid: 73.66%, Test: 72.79%, Best Valid: 78.61%, Best Test: 77.65%
Epoch: 400, Loss: 0.2330, Train: 84.66%, Valid: 76.98%, Test: 76.33%, Best Valid: 78.61%, Best Test: 77.65%
Epoch: 500, Loss: 0.1192, Train: 82.76%, Valid: 74.42%, Test: 73.61%, Best Valid: 78.61%, Best Test: 77.65%
Epoch: 600, Loss: 0.0244, Train: 86.03%, Valid: 75.84%, Test: 74.74%, Best Valid: 78.61%, Best Test: 77.65%
Epoch: 700, Loss: 0.0104, Train: 84.48%, Valid: 75.98%, Test: 75.10%, Best Valid: 78.61%, Best Test: 77.65%
Epoch: 800, Loss: 0.0266, Train: 85.86%, Valid: 76.77%, Test: 76.57%, Best Valid: 78.61%, Best Test: 77.65%
Epoch: 900, Loss: 0.0634, Train: 84.83%, Valid: 74.80%, Test: 74.07%, Best Valid: 78.61%, Best Test: 77.65%
Epoch: 1000, Loss: 0.3485, Train: 82.76%, Valid: 74.25%, Test: 73.39%, Best Valid: 78.61%, Best Test: 77.65%
Run 03:
Highest Train: 86.55
Highest Valid: 78.61
Highest Test: 77.65
Chosen epoch: 176
Final Train: 85.52
Final Test: 77.65
Label budget: 20/class -> 194 train nodes
Pre-training MLP for 500 epochs to generate co-occurrence matrix...
MLP pre-training complete. Penalty matrix frozen.
Epoch: 00, Loss: 3.7488, Train: 11.21%, Valid: 11.02%, Test: 11.53%, Best Valid: 11.02%, Best Test: 11.53%
Switching Polynormer to global attention phase.
Epoch: 100, Loss: 3.2665, Train: 18.45%, Valid: 18.39%, Test: 18.40%, Best Valid: 76.70%, Best Test: 75.22%
Epoch: 200, Loss: 0.2968, Train: 83.62%, Valid: 76.70%, Test: 76.12%, Best Valid: 78.06%, Best Test: 76.35%
Epoch: 300, Loss: 0.1394, Train: 81.03%, Valid: 73.61%, Test: 72.67%, Best Valid: 78.06%, Best Test: 76.35%
Epoch: 400, Loss: 0.0732, Train: 82.93%, Valid: 75.90%, Test: 74.88%, Best Valid: 78.06%, Best Test: 76.35%
Epoch: 500, Loss: 0.1611, Train: 80.17%, Valid: 71.81%, Test: 71.95%, Best Valid: 78.06%, Best Test: 76.35%
Epoch: 600, Loss: 0.0577, Train: 79.31%, Valid: 71.69%, Test: 72.02%, Best Valid: 78.06%, Best Test: 76.35%
Epoch: 700, Loss: 0.1510, Train: 81.55%, Valid: 72.98%, Test: 72.19%, Best Valid: 78.06%, Best Test: 76.35%
Epoch: 800, Loss: 0.0615, Train: 81.38%, Valid: 73.89%, Test: 73.49%, Best Valid: 78.06%, Best Test: 76.35%
Epoch: 900, Loss: 0.0580, Train: 81.03%, Valid: 73.06%, Test: 72.12%, Best Valid: 78.06%, Best Test: 76.35%
Epoch: 1000, Loss: 0.0634, Train: 80.00%, Valid: 72.79%, Test: 71.15%, Best Valid: 78.06%, Best Test: 76.35%
Run 04:
Highest Train: 84.66
Highest Valid: 78.06
Highest Test: 76.35
Chosen epoch: 152
Final Train: 83.28
Final Test: 76.35
Label budget: 20/class -> 194 train nodes
Pre-training MLP for 500 epochs to generate co-occurrence matrix...
MLP pre-training complete. Penalty matrix frozen.
Epoch: 00, Loss: 3.8044, Train: 7.41%, Valid: 7.64%, Test: 7.64%, Best Valid: 7.64%, Best Test: 7.64%
Switching Polynormer to global attention phase.
Epoch: 100, Loss: 3.2717, Train: 18.45%, Valid: 18.39%, Test: 18.40%, Best Valid: 76.98%, Best Test: 75.15%
Epoch: 200, Loss: 0.3416, Train: 79.66%, Valid: 73.30%, Test: 72.38%, Best Valid: 76.98%, Best Test: 75.15%
Epoch: 300, Loss: 0.3184, Train: 77.76%, Valid: 71.26%, Test: 70.50%, Best Valid: 76.98%, Best Test: 75.15%
Epoch: 400, Loss: 0.0789, Train: 82.24%, Valid: 73.99%, Test: 73.10%, Best Valid: 76.98%, Best Test: 75.15%
Epoch: 500, Loss: 0.0701, Train: 81.03%, Valid: 72.35%, Test: 71.08%, Best Valid: 76.98%, Best Test: 75.15%
Epoch: 600, Loss: 0.0776, Train: 79.48%, Valid: 71.69%, Test: 70.48%, Best Valid: 76.98%, Best Test: 75.15%
Epoch: 700, Loss: 0.0412, Train: 81.90%, Valid: 72.09%, Test: 71.39%, Best Valid: 76.98%, Best Test: 75.15%
Epoch: 800, Loss: 0.0287, Train: 80.52%, Valid: 71.73%, Test: 70.86%, Best Valid: 76.98%, Best Test: 75.15%
Epoch: 900, Loss: 0.1804, Train: 79.14%, Valid: 70.84%, Test: 69.23%, Best Valid: 76.98%, Best Test: 75.15%
Epoch: 1000, Loss: 0.0381, Train: 80.17%, Valid: 72.56%, Test: 70.79%, Best Valid: 76.98%, Best Test: 75.15%
Run 05:
Highest Train: 83.79
Highest Valid: 76.98
Highest Test: 75.29
Chosen epoch: 87
Final Train: 80.52
Final Test: 75.15
Label budget: 20/class -> 194 train nodes
Pre-training MLP for 500 epochs to generate co-occurrence matrix...
MLP pre-training complete. Penalty matrix frozen.
Epoch: 00, Loss: 3.9018, Train: 8.10%, Valid: 7.47%, Test: 7.08%, Best Valid: 7.47%, Best Test: 7.08%
Switching Polynormer to global attention phase.
Epoch: 100, Loss: 3.2237, Train: 25.00%, Valid: 25.58%, Test: 25.28%, Best Valid: 74.97%, Best Test: 74.09%
Epoch: 200, Loss: 0.3206, Train: 81.72%, Valid: 73.21%, Test: 72.19%, Best Valid: 76.51%, Best Test: 74.86%
Epoch: 300, Loss: 0.2728, Train: 83.28%, Valid: 75.22%, Test: 74.11%, Best Valid: 76.51%, Best Test: 74.86%
Epoch: 400, Loss: 0.0447, Train: 83.28%, Valid: 74.33%, Test: 74.04%, Best Valid: 76.51%, Best Test: 74.86%
Epoch: 500, Loss: 0.0816, Train: 82.93%, Valid: 73.76%, Test: 73.10%, Best Valid: 76.51%, Best Test: 74.86%
Epoch: 600, Loss: 0.0516, Train: 82.59%, Valid: 74.50%, Test: 73.75%, Best Valid: 76.51%, Best Test: 74.86%
Epoch: 700, Loss: 0.0148, Train: 82.93%, Valid: 74.19%, Test: 72.86%, Best Valid: 76.51%, Best Test: 74.86%
Epoch: 800, Loss: 0.0592, Train: 78.97%, Valid: 71.01%, Test: 70.05%, Best Valid: 76.51%, Best Test: 74.86%
Epoch: 900, Loss: 0.2115, Train: 79.83%, Valid: 71.71%, Test: 71.28%, Best Valid: 76.51%, Best Test: 74.86%
Epoch: 1000, Loss: 0.0137, Train: 81.90%, Valid: 73.04%, Test: 71.92%, Best Valid: 76.51%, Best Test: 74.86%
Run 06:
Highest Train: 85.34
Highest Valid: 76.51
Highest Test: 75.13
Chosen epoch: 169
Final Train: 83.45
Final Test: 74.86
Label budget: 20/class -> 194 train nodes
Pre-training MLP for 500 epochs to generate co-occurrence matrix...
MLP pre-training complete. Penalty matrix frozen.
Epoch: 00, Loss: 3.7546, Train: 18.97%, Valid: 18.09%, Test: 18.37%, Best Valid: 18.09%, Best Test: 18.37%
Switching Polynormer to global attention phase.
Epoch: 100, Loss: 3.2681, Train: 18.45%, Valid: 18.39%, Test: 18.40%, Best Valid: 76.45%, Best Test: 76.52%
Epoch: 200, Loss: 0.2311, Train: 84.66%, Valid: 75.29%, Test: 74.65%, Best Valid: 76.45%, Best Test: 76.52%
Epoch: 300, Loss: 0.0637, Train: 84.66%, Valid: 75.10%, Test: 74.59%, Best Valid: 76.70%, Best Test: 75.92%
Epoch: 400, Loss: 0.0586, Train: 83.62%, Valid: 75.98%, Test: 74.50%, Best Valid: 76.70%, Best Test: 75.92%
Epoch: 500, Loss: 0.0160, Train: 82.76%, Valid: 73.08%, Test: 72.00%, Best Valid: 76.70%, Best Test: 75.92%
Epoch: 600, Loss: 0.0082, Train: 82.24%, Valid: 73.61%, Test: 72.87%, Best Valid: 76.70%, Best Test: 75.92%
Epoch: 700, Loss: 0.0066, Train: 83.10%, Valid: 73.70%, Test: 73.29%, Best Valid: 76.70%, Best Test: 75.92%
Epoch: 800, Loss: 0.1062, Train: 84.83%, Valid: 75.09%, Test: 74.11%, Best Valid: 76.70%, Best Test: 75.92%
Epoch: 900, Loss: 0.0407, Train: 82.07%, Valid: 72.68%, Test: 72.14%, Best Valid: 76.70%, Best Test: 75.92%
Epoch: 1000, Loss: 0.1943, Train: 82.24%, Valid: 72.98%, Test: 72.48%, Best Valid: 76.70%, Best Test: 75.92%
Run 07:
Highest Train: 86.21
Highest Valid: 76.70
Highest Test: 76.79
Chosen epoch: 239
Final Train: 85.69
Final Test: 75.92
Label budget: 20/class -> 194 train nodes
Pre-training MLP for 500 epochs to generate co-occurrence matrix...
MLP pre-training complete. Penalty matrix frozen.
Epoch: 00, Loss: 3.8831, Train: 12.07%, Valid: 11.98%, Test: 11.65%, Best Valid: 11.98%, Best Test: 11.65%
Switching Polynormer to global attention phase.
Epoch: 100, Loss: 3.2526, Train: 18.45%, Valid: 18.39%, Test: 18.40%, Best Valid: 73.85%, Best Test: 72.67%
Epoch: 200, Loss: 0.3600, Train: 77.76%, Valid: 71.50%, Test: 70.09%, Best Valid: 74.63%, Best Test: 73.76%
Epoch: 300, Loss: 0.2476, Train: 78.62%, Valid: 71.60%, Test: 70.28%, Best Valid: 74.63%, Best Test: 73.76%
Epoch: 400, Loss: 0.0969, Train: 80.69%, Valid: 71.88%, Test: 71.39%, Best Valid: 74.63%, Best Test: 73.76%
Epoch: 500, Loss: 0.1366, Train: 76.03%, Valid: 68.98%, Test: 68.36%, Best Valid: 74.63%, Best Test: 73.76%
Epoch: 600, Loss: 0.1142, Train: 79.31%, Valid: 71.56%, Test: 70.58%, Best Valid: 74.63%, Best Test: 73.76%
Epoch: 700, Loss: 0.0947, Train: 80.34%, Valid: 72.58%, Test: 72.29%, Best Valid: 75.01%, Best Test: 74.40%
Epoch: 800, Loss: 0.0392, Train: 81.21%, Valid: 71.96%, Test: 70.70%, Best Valid: 75.01%, Best Test: 74.40%
Epoch: 900, Loss: 0.0366, Train: 78.28%, Valid: 70.14%, Test: 69.18%, Best Valid: 75.01%, Best Test: 74.40%
Epoch: 1000, Loss: 0.0397, Train: 80.34%, Valid: 71.75%, Test: 71.34%, Best Valid: 75.01%, Best Test: 74.40%
Run 08:
Highest Train: 82.41
Highest Valid: 75.01
Highest Test: 74.40
Chosen epoch: 673
Final Train: 81.90
Final Test: 74.40
Label budget: 20/class -> 194 train nodes
Pre-training MLP for 500 epochs to generate co-occurrence matrix...
MLP pre-training complete. Penalty matrix frozen.
Epoch: 00, Loss: 3.8412, Train: 20.34%, Valid: 20.29%, Test: 20.06%, Best Valid: 20.29%, Best Test: 20.06%
Switching Polynormer to global attention phase.
Epoch: 100, Loss: 3.2668, Train: 18.45%, Valid: 18.39%, Test: 18.40%, Best Valid: 76.62%, Best Test: 76.00%
Epoch: 200, Loss: 0.1683, Train: 84.66%, Valid: 74.23%, Test: 74.16%, Best Valid: 77.74%, Best Test: 77.20%
Epoch: 300, Loss: 0.1529, Train: 87.93%, Valid: 75.77%, Test: 75.59%, Best Valid: 77.74%, Best Test: 77.20%
Epoch: 400, Loss: 0.0192, Train: 85.86%, Valid: 74.50%, Test: 74.53%, Best Valid: 77.74%, Best Test: 77.20%
Epoch: 500, Loss: 0.1987, Train: 84.14%, Valid: 74.04%, Test: 74.12%, Best Valid: 77.74%, Best Test: 77.20%
Epoch: 600, Loss: 0.0858, Train: 86.03%, Valid: 74.73%, Test: 74.33%, Best Valid: 77.74%, Best Test: 77.20%
Epoch: 700, Loss: 0.1054, Train: 88.28%, Valid: 76.47%, Test: 76.50%, Best Valid: 77.74%, Best Test: 77.20%
Epoch: 800, Loss: 0.0354, Train: 85.52%, Valid: 74.44%, Test: 73.87%, Best Valid: 77.74%, Best Test: 77.20%
Epoch: 900, Loss: 0.0375, Train: 85.34%, Valid: 73.23%, Test: 73.27%, Best Valid: 77.74%, Best Test: 77.20%
Epoch: 1000, Loss: 0.0604, Train: 85.86%, Valid: 75.56%, Test: 75.30%, Best Valid: 77.74%, Best Test: 77.20%
Run 09:
Highest Train: 88.97
Highest Valid: 77.74
Highest Test: 77.20
Chosen epoch: 184
Final Train: 88.10
Final Test: 77.20
Label budget: 20/class -> 194 train nodes
Pre-training MLP for 500 epochs to generate co-occurrence matrix...
MLP pre-training complete. Penalty matrix frozen.
Epoch: 00, Loss: 3.7472, Train: 6.21%, Valid: 5.38%, Test: 5.27%, Best Valid: 5.38%, Best Test: 5.27%
Switching Polynormer to global attention phase.
Epoch: 100, Loss: 3.2271, Train: 18.45%, Valid: 18.39%, Test: 18.40%, Best Valid: 74.90%, Best Test: 74.12%
Epoch: 200, Loss: 0.3723, Train: 78.62%, Valid: 73.11%, Test: 72.07%, Best Valid: 75.65%, Best Test: 73.76%
Epoch: 300, Loss: 0.3345, Train: 82.07%, Valid: 73.15%, Test: 71.39%, Best Valid: 75.94%, Best Test: 75.25%
Epoch: 400, Loss: 0.2041, Train: 81.38%, Valid: 73.68%, Test: 72.65%, Best Valid: 75.94%, Best Test: 75.25%
Epoch: 500, Loss: 0.0767, Train: 80.17%, Valid: 72.62%, Test: 71.25%, Best Valid: 75.94%, Best Test: 75.25%
Epoch: 600, Loss: 0.0729, Train: 80.86%, Valid: 72.07%, Test: 71.32%, Best Valid: 75.94%, Best Test: 75.25%
Epoch: 700, Loss: 0.0378, Train: 78.97%, Valid: 71.73%, Test: 70.81%, Best Valid: 75.94%, Best Test: 75.25%
Epoch: 800, Loss: 0.0125, Train: 81.38%, Valid: 72.34%, Test: 71.22%, Best Valid: 75.94%, Best Test: 75.25%
Epoch: 900, Loss: 0.0058, Train: 80.86%, Valid: 71.44%, Test: 71.18%, Best Valid: 75.94%, Best Test: 75.25%
Epoch: 1000, Loss: 0.0186, Train: 81.03%, Valid: 72.07%, Test: 71.13%, Best Valid: 75.94%, Best Test: 75.25%
Run 10:
Highest Train: 84.31
Highest Valid: 75.94
Highest Test: 75.25
Chosen epoch: 263
Final Train: 83.62
Final Test: 75.25
All runs:
Highest Train: 85.34 ± 1.77
Highest Test: 76.22 ± 1.12
Highest Valid: 77.10 ± 1.09
  Final Train: 84.28 ± 2.17
   Final Test: 76.04 ± 1.13
Saving results to ../results/lowlabel/wikics/polynormer.csv
--- mlp_reg | lambda=0.8 ---
Namespace(aggregate='add', alpha=0.5, attention='gcn', beta=-1.0, bn=False, budget_tag='20', count_reg=False, count_smoothing=1.0, cpu=False, data_dir='../data/', dataset='wikics', device=0, dim_inner=512, display_step=100, dropout=0.5, epochs=500, global_dropout=None, global_epochs=1000, global_layers=2, gnn='gcn', graph_weight=0.8, hidden_channels=512, hops=10, in_dropout=0.5, jk=False, label_num_per_class=20, lambda_val=0.8, layers=1, ln=False, local_epochs=100, local_gnn_type='GCN', local_layers=7, lr=0.001, metric='acc', mlp_epochs=500, mlp_reg=True, model='polynormer', model_dir='models/lowlabel_1161133_292', n_heads=1, num_centroids=4096, num_heads=1, oracle_reg=False, paired_seeds=True, pe_types='RWSE', penalty_transform='none', pre_linear=False, pre_ln=False, rand_split=False, rand_split_class=False, reg_start_epoch=10, reg_update_freq=5, res=False, resample_split_per_run=False, result_dir='../results/lowlabel', runs=10, save_model=True, save_result=False, seed=42, test_num=1000, tr_dropout=None, tr_layers=1, tr_weight_decay=None, train_per_class=20, train_prop=0.5, use_act=False, use_bn=False, use_graph=False, use_reg=True, use_residual=False, use_weight=False, valid_num=500, valid_per_class=0, valid_prop=0.25, weight_decay=0.0)
wikics
dataset wikics | num nodes 11701 | num edge 431726 | num node feats 300 | num classes 10
MODEL: Polynormer(
  (h_lins): ModuleList(
    (0): Linear(in_features=512, out_features=512, bias=True)
    (1): Linear(in_features=512, out_features=512, bias=True)
    (2): Linear(in_features=512, out_features=512, bias=True)
    (3): Linear(in_features=512, out_features=512, bias=True)
    (4): Linear(in_features=512, out_features=512, bias=True)
    (5): Linear(in_features=512, out_features=512, bias=True)
    (6): Linear(in_features=512, out_features=512, bias=True)
  )
  (local_convs): ModuleList(
    (0): GATConv(512, 512, heads=1)
    (1): GATConv(512, 512, heads=1)
    (2): GATConv(512, 512, heads=1)
    (3): GATConv(512, 512, heads=1)
    (4): GATConv(512, 512, heads=1)
    (5): GATConv(512, 512, heads=1)
    (6): GATConv(512, 512, heads=1)
  )
  (lins): ModuleList(
    (0): Linear(in_features=512, out_features=512, bias=True)
    (1): Linear(in_features=512, out_features=512, bias=True)
    (2): Linear(in_features=512, out_features=512, bias=True)
    (3): Linear(in_features=512, out_features=512, bias=True)
    (4): Linear(in_features=512, out_features=512, bias=True)
    (5): Linear(in_features=512, out_features=512, bias=True)
    (6): Linear(in_features=512, out_features=512, bias=True)
  )
  (lns): ModuleList(
    (0): LayerNorm((512,), eps=1e-05, elementwise_affine=True)
    (1): LayerNorm((512,), eps=1e-05, elementwise_affine=True)
    (2): LayerNorm((512,), eps=1e-05, elementwise_affine=True)
    (3): LayerNorm((512,), eps=1e-05, elementwise_affine=True)
    (4): LayerNorm((512,), eps=1e-05, elementwise_affine=True)
    (5): LayerNorm((512,), eps=1e-05, elementwise_affine=True)
    (6): LayerNorm((512,), eps=1e-05, elementwise_affine=True)
  )
  (lin_in): Linear(in_features=300, out_features=512, bias=True)
  (ln): LayerNorm((512,), eps=1e-05, elementwise_affine=True)
  (global_attn): GlobalAttn(
    (h_lins): ModuleList(
      (0): Linear(in_features=512, out_features=512, bias=True)
      (1): Linear(in_features=512, out_features=512, bias=True)
    )
    (k_lins): ModuleList(
      (0): Linear(in_features=512, out_features=512, bias=True)
      (1): Linear(in_features=512, out_features=512, bias=True)
    )
    (v_lins): ModuleList(
      (0): Linear(in_features=512, out_features=512, bias=True)
      (1): Linear(in_features=512, out_features=512, bias=True)
    )
    (lns): ModuleList(
      (0): LayerNorm((512,), eps=1e-05, elementwise_affine=True)
      (1): LayerNorm((512,), eps=1e-05, elementwise_affine=True)
    )
    (lin_out): Linear(in_features=512, out_features=512, bias=True)
  )
  (pred_local): Linear(in_features=512, out_features=10, bias=True)
  (pred_global): Linear(in_features=512, out_features=10, bias=True)
)
Label budget: 20/class -> 194 train nodes
Pre-training MLP for 500 epochs to generate co-occurrence matrix...
MLP pre-training complete. Penalty matrix frozen.
Epoch: 00, Loss: 5.1308, Train: 8.45%, Valid: 7.28%, Test: 7.70%, Best Valid: 7.28%, Best Test: 7.70%
Switching Polynormer to global attention phase.
Epoch: 100, Loss: 4.1541, Train: 20.52%, Valid: 19.49%, Test: 19.22%, Best Valid: 77.17%, Best Test: 76.42%
Epoch: 200, Loss: 0.2583, Train: 82.76%, Valid: 74.65%, Test: 74.67%, Best Valid: 77.65%, Best Test: 76.62%
Epoch: 300, Loss: 0.1583, Train: 83.62%, Valid: 75.14%, Test: 74.09%, Best Valid: 77.65%, Best Test: 76.62%
Epoch: 400, Loss: 0.1101, Train: 85.17%, Valid: 77.61%, Test: 76.77%, Best Valid: 78.16%, Best Test: 77.78%
Epoch: 500, Loss: 0.1095, Train: 81.55%, Valid: 74.91%, Test: 75.22%, Best Valid: 78.16%, Best Test: 77.78%
Epoch: 600, Loss: 0.0029, Train: 83.45%, Valid: 75.77%, Test: 75.17%, Best Valid: 78.16%, Best Test: 77.78%
Epoch: 700, Loss: 0.1374, Train: 85.00%, Valid: 77.08%, Test: 76.95%, Best Valid: 78.16%, Best Test: 77.78%
Epoch: 800, Loss: 0.1718, Train: 83.45%, Valid: 74.31%, Test: 74.23%, Best Valid: 78.16%, Best Test: 77.78%
Epoch: 900, Loss: 0.0893, Train: 83.10%, Valid: 76.11%, Test: 75.58%, Best Valid: 78.16%, Best Test: 77.78%
Epoch: 1000, Loss: 0.1895, Train: 83.97%, Valid: 75.33%, Test: 75.37%, Best Valid: 78.16%, Best Test: 77.78%
Run 01:
Highest Train: 86.38
Highest Valid: 78.16
Highest Test: 77.87
Chosen epoch: 373
Final Train: 84.66
Final Test: 77.78
Label budget: 20/class -> 194 train nodes
Pre-training MLP for 500 epochs to generate co-occurrence matrix...
MLP pre-training complete. Penalty matrix frozen.
Epoch: 00, Loss: 4.9282, Train: 24.31%, Valid: 22.51%, Test: 23.45%, Best Valid: 22.51%, Best Test: 23.45%
Switching Polynormer to global attention phase.
Epoch: 100, Loss: 4.2029, Train: 18.45%, Valid: 18.39%, Test: 18.40%, Best Valid: 77.04%, Best Test: 75.82%
Epoch: 200, Loss: 0.4065, Train: 84.14%, Valid: 76.96%, Test: 75.66%, Best Valid: 77.70%, Best Test: 75.59%
Epoch: 300, Loss: 0.1797, Train: 81.90%, Valid: 75.39%, Test: 74.38%, Best Valid: 77.70%, Best Test: 75.59%
Epoch: 400, Loss: 0.1326, Train: 81.38%, Valid: 74.21%, Test: 73.49%, Best Valid: 77.70%, Best Test: 75.59%
Epoch: 500, Loss: 0.2218, Train: 81.55%, Valid: 74.73%, Test: 73.94%, Best Valid: 77.70%, Best Test: 75.59%
Epoch: 600, Loss: 0.1445, Train: 81.21%, Valid: 74.38%, Test: 73.01%, Best Valid: 77.70%, Best Test: 75.59%
Epoch: 700, Loss: 0.0164, Train: 80.86%, Valid: 73.27%, Test: 71.87%, Best Valid: 77.70%, Best Test: 75.59%
Epoch: 800, Loss: 0.0643, Train: 82.76%, Valid: 74.48%, Test: 73.44%, Best Valid: 77.70%, Best Test: 75.59%
Epoch: 900, Loss: 0.0744, Train: 82.41%, Valid: 73.93%, Test: 72.86%, Best Valid: 77.70%, Best Test: 75.59%
Epoch: 1000, Loss: 0.0326, Train: 82.93%, Valid: 75.24%, Test: 73.20%, Best Valid: 77.70%, Best Test: 75.59%
Run 02:
Highest Train: 85.17
Highest Valid: 77.70
Highest Test: 76.48
Chosen epoch: 143
Final Train: 82.24
Final Test: 75.59
Label budget: 20/class -> 194 train nodes
Pre-training MLP for 500 epochs to generate co-occurrence matrix...
MLP pre-training complete. Penalty matrix frozen.
Epoch: 00, Loss: 4.8189, Train: 20.86%, Valid: 20.76%, Test: 20.15%, Best Valid: 20.76%, Best Test: 20.15%
Switching Polynormer to global attention phase.
Epoch: 100, Loss: 4.1865, Train: 12.24%, Valid: 12.31%, Test: 12.23%, Best Valid: 77.30%, Best Test: 76.06%
Epoch: 200, Loss: 0.5080, Train: 85.00%, Valid: 78.04%, Test: 77.85%, Best Valid: 78.33%, Best Test: 77.32%
Epoch: 300, Loss: 0.4295, Train: 84.48%, Valid: 76.81%, Test: 76.04%, Best Valid: 78.33%, Best Test: 77.32%
Epoch: 400, Loss: 0.3205, Train: 84.14%, Valid: 76.39%, Test: 75.80%, Best Valid: 78.86%, Best Test: 77.29%
Epoch: 500, Loss: 0.0620, Train: 83.79%, Valid: 75.62%, Test: 75.24%, Best Valid: 78.86%, Best Test: 77.29%
Epoch: 600, Loss: 0.0266, Train: 85.17%, Valid: 76.05%, Test: 75.51%, Best Valid: 78.86%, Best Test: 77.29%
Epoch: 700, Loss: 0.0877, Train: 84.48%, Valid: 75.73%, Test: 75.08%, Best Valid: 79.35%, Best Test: 78.36%
Epoch: 800, Loss: 0.1214, Train: 82.93%, Valid: 73.63%, Test: 73.35%, Best Valid: 79.35%, Best Test: 78.36%
Epoch: 900, Loss: 0.0161, Train: 84.66%, Valid: 75.50%, Test: 75.06%, Best Valid: 79.35%, Best Test: 78.36%
Epoch: 1000, Loss: 0.2550, Train: 85.69%, Valid: 77.61%, Test: 76.60%, Best Valid: 79.35%, Best Test: 78.36%
Run 03:
Highest Train: 87.93
Highest Valid: 79.35
Highest Test: 78.36
Chosen epoch: 694
Final Train: 87.41
Final Test: 78.36
Label budget: 20/class -> 194 train nodes
Pre-training MLP for 500 epochs to generate co-occurrence matrix...
MLP pre-training complete. Penalty matrix frozen.
Epoch: 00, Loss: 4.8199, Train: 17.76%, Valid: 17.54%, Test: 17.53%, Best Valid: 17.54%, Best Test: 17.53%
Switching Polynormer to global attention phase.
Epoch: 100, Loss: 4.1889, Train: 18.45%, Valid: 18.39%, Test: 18.40%, Best Valid: 77.28%, Best Test: 75.83%
Epoch: 200, Loss: 0.6247, Train: 83.79%, Valid: 76.66%, Test: 75.92%, Best Valid: 77.28%, Best Test: 75.83%
Epoch: 300, Loss: 0.1780, Train: 81.38%, Valid: 73.97%, Test: 73.47%, Best Valid: 77.80%, Best Test: 76.09%
Epoch: 400, Loss: 0.1078, Train: 83.10%, Valid: 76.15%, Test: 75.22%, Best Valid: 77.80%, Best Test: 76.09%
Epoch: 500, Loss: 0.1258, Train: 81.90%, Valid: 75.45%, Test: 74.29%, Best Valid: 77.80%, Best Test: 76.09%
Epoch: 600, Loss: 0.1072, Train: 80.86%, Valid: 73.59%, Test: 73.27%, Best Valid: 77.80%, Best Test: 76.09%
Epoch: 700, Loss: 0.0154, Train: 81.21%, Valid: 75.43%, Test: 75.17%, Best Valid: 77.83%, Best Test: 76.57%
Epoch: 800, Loss: 0.0614, Train: 81.90%, Valid: 74.46%, Test: 73.75%, Best Valid: 77.83%, Best Test: 76.57%
Epoch: 900, Loss: 0.0597, Train: 78.45%, Valid: 71.26%, Test: 71.20%, Best Valid: 77.83%, Best Test: 76.57%
Epoch: 1000, Loss: 0.0204, Train: 81.03%, Valid: 74.00%, Test: 73.46%, Best Valid: 77.83%, Best Test: 76.57%
Run 04:
Highest Train: 85.52
Highest Valid: 77.83
Highest Test: 76.71
Chosen epoch: 629
Final Train: 83.79
Final Test: 76.57
Label budget: 20/class -> 194 train nodes
Pre-training MLP for 500 epochs to generate co-occurrence matrix...
MLP pre-training complete. Penalty matrix frozen.
Epoch: 00, Loss: 4.8914, Train: 5.86%, Valid: 6.20%, Test: 5.95%, Best Valid: 6.20%, Best Test: 5.95%
Switching Polynormer to global attention phase.
Epoch: 100, Loss: 4.2068, Train: 17.07%, Valid: 17.12%, Test: 17.15%, Best Valid: 77.30%, Best Test: 75.70%
Epoch: 200, Loss: 0.6553, Train: 78.79%, Valid: 72.37%, Test: 71.28%, Best Valid: 77.30%, Best Test: 75.70%
Epoch: 300, Loss: 0.6567, Train: 80.69%, Valid: 73.04%, Test: 71.69%, Best Valid: 77.30%, Best Test: 75.70%
Epoch: 400, Loss: 0.0864, Train: 81.72%, Valid: 74.19%, Test: 72.60%, Best Valid: 77.30%, Best Test: 75.70%
Epoch: 500, Loss: 0.1001, Train: 83.45%, Valid: 73.70%, Test: 72.77%, Best Valid: 77.30%, Best Test: 75.70%
Epoch: 600, Loss: 0.2278, Train: 81.90%, Valid: 74.33%, Test: 72.45%, Best Valid: 77.30%, Best Test: 75.70%
Epoch: 700, Loss: 0.0827, Train: 81.55%, Valid: 72.56%, Test: 71.28%, Best Valid: 77.30%, Best Test: 75.70%
Epoch: 800, Loss: 0.0344, Train: 81.03%, Valid: 72.03%, Test: 71.32%, Best Valid: 77.30%, Best Test: 75.70%
Epoch: 900, Loss: 0.0266, Train: 80.69%, Valid: 72.17%, Test: 71.16%, Best Valid: 77.30%, Best Test: 75.70%
Epoch: 1000, Loss: 0.1018, Train: 83.10%, Valid: 73.11%, Test: 72.11%, Best Valid: 77.30%, Best Test: 75.70%
Run 05:
Highest Train: 84.66
Highest Valid: 77.30
Highest Test: 76.09
Chosen epoch: 99
Final Train: 78.45
Final Test: 75.70
Label budget: 20/class -> 194 train nodes
Pre-training MLP for 500 epochs to generate co-occurrence matrix...
MLP pre-training complete. Penalty matrix frozen.
Epoch: 00, Loss: 5.0166, Train: 11.55%, Valid: 11.36%, Test: 10.84%, Best Valid: 11.36%, Best Test: 10.84%
Switching Polynormer to global attention phase.
Epoch: 100, Loss: 4.1611, Train: 18.45%, Valid: 18.39%, Test: 18.40%, Best Valid: 75.98%, Best Test: 74.60%
Epoch: 200, Loss: 0.2147, Train: 82.76%, Valid: 73.36%, Test: 72.74%, Best Valid: 75.98%, Best Test: 74.60%
Epoch: 300, Loss: 0.1189, Train: 83.45%, Valid: 74.80%, Test: 73.88%, Best Valid: 76.24%, Best Test: 74.88%
Epoch: 400, Loss: 0.1047, Train: 82.76%, Valid: 74.55%, Test: 73.54%, Best Valid: 76.24%, Best Test: 74.88%
Epoch: 500, Loss: 0.0593, Train: 84.14%, Valid: 74.29%, Test: 73.03%, Best Valid: 76.60%, Best Test: 75.51%
Epoch: 600, Loss: 0.0202, Train: 83.45%, Valid: 75.07%, Test: 73.68%, Best Valid: 76.60%, Best Test: 75.51%
Epoch: 700, Loss: 0.0769, Train: 83.45%, Valid: 73.40%, Test: 72.57%, Best Valid: 76.60%, Best Test: 75.51%
Epoch: 800, Loss: 0.0628, Train: 83.97%, Valid: 74.19%, Test: 73.54%, Best Valid: 76.60%, Best Test: 75.51%
Epoch: 900, Loss: 0.0062, Train: 84.31%, Valid: 74.19%, Test: 73.51%, Best Valid: 76.60%, Best Test: 75.51%
Epoch: 1000, Loss: 0.0168, Train: 82.41%, Valid: 73.08%, Test: 71.97%, Best Valid: 76.60%, Best Test: 75.51%
Run 06:
Highest Train: 86.03
Highest Valid: 76.60
Highest Test: 75.51
Chosen epoch: 428
Final Train: 86.03
Final Test: 75.51
Label budget: 20/class -> 194 train nodes
Pre-training MLP for 500 epochs to generate co-occurrence matrix...
MLP pre-training complete. Penalty matrix frozen.
Epoch: 00, Loss: 4.8274, Train: 18.45%, Valid: 18.60%, Test: 18.68%, Best Valid: 18.60%, Best Test: 18.68%
Switching Polynormer to global attention phase.
Epoch: 100, Loss: 4.2134, Train: 18.45%, Valid: 18.39%, Test: 18.40%, Best Valid: 76.55%, Best Test: 76.24%
Epoch: 200, Loss: 0.2676, Train: 84.83%, Valid: 76.91%, Test: 76.07%, Best Valid: 76.98%, Best Test: 76.62%
Epoch: 300, Loss: 0.2744, Train: 84.83%, Valid: 75.09%, Test: 74.07%, Best Valid: 76.98%, Best Test: 76.62%
Epoch: 400, Loss: 0.1041, Train: 84.31%, Valid: 75.37%, Test: 74.11%, Best Valid: 76.98%, Best Test: 76.62%
Epoch: 500, Loss: 0.0741, Train: 83.10%, Valid: 74.29%, Test: 73.39%, Best Valid: 77.19%, Best Test: 75.83%
Epoch: 600, Loss: 0.0633, Train: 81.90%, Valid: 72.34%, Test: 71.87%, Best Valid: 77.19%, Best Test: 75.83%
Epoch: 700, Loss: 0.0905, Train: 84.66%, Valid: 75.48%, Test: 74.59%, Best Valid: 77.19%, Best Test: 75.83%
Epoch: 800, Loss: 0.0128, Train: 83.45%, Valid: 74.52%, Test: 73.27%, Best Valid: 77.19%, Best Test: 75.83%
Epoch: 900, Loss: 0.0379, Train: 85.34%, Valid: 76.62%, Test: 75.77%, Best Valid: 77.19%, Best Test: 75.83%
Epoch: 1000, Loss: 0.0197, Train: 82.07%, Valid: 73.45%, Test: 73.23%, Best Valid: 77.19%, Best Test: 75.83%
Run 07:
Highest Train: 86.38
Highest Valid: 77.19
Highest Test: 76.62
Chosen epoch: 404
Final Train: 86.21
Final Test: 75.83
Label budget: 20/class -> 194 train nodes
Pre-training MLP for 500 epochs to generate co-occurrence matrix...
MLP pre-training complete. Penalty matrix frozen.
Epoch: 00, Loss: 4.9926, Train: 18.62%, Valid: 18.64%, Test: 18.73%, Best Valid: 18.64%, Best Test: 18.73%
Switching Polynormer to global attention phase.
Epoch: 100, Loss: 4.1468, Train: 18.45%, Valid: 18.39%, Test: 18.40%, Best Valid: 73.36%, Best Test: 72.86%
Epoch: 200, Loss: 0.4481, Train: 78.45%, Valid: 70.19%, Test: 69.85%, Best Valid: 74.59%, Best Test: 73.34%
Epoch: 300, Loss: 0.2938, Train: 78.79%, Valid: 70.71%, Test: 69.51%, Best Valid: 74.86%, Best Test: 73.61%
Epoch: 400, Loss: 0.1022, Train: 78.97%, Valid: 71.16%, Test: 70.40%, Best Valid: 74.86%, Best Test: 73.61%
Epoch: 500, Loss: 0.0272, Train: 80.17%, Valid: 71.94%, Test: 71.49%, Best Valid: 74.86%, Best Test: 73.61%
Epoch: 600, Loss: 0.1463, Train: 78.28%, Valid: 70.55%, Test: 69.98%, Best Valid: 74.86%, Best Test: 73.61%
Epoch: 700, Loss: 0.0490, Train: 75.69%, Valid: 68.56%, Test: 67.98%, Best Valid: 74.86%, Best Test: 73.61%
Epoch: 800, Loss: 0.2727, Train: 80.52%, Valid: 73.57%, Test: 72.38%, Best Valid: 75.33%, Best Test: 73.95%
Epoch: 900, Loss: 0.1710, Train: 78.97%, Valid: 71.39%, Test: 70.86%, Best Valid: 75.33%, Best Test: 73.95%
Epoch: 1000, Loss: 0.0311, Train: 79.48%, Valid: 70.88%, Test: 70.04%, Best Valid: 75.33%, Best Test: 73.95%
Run 08:
Highest Train: 83.10
Highest Valid: 75.33
Highest Test: 74.40
Chosen epoch: 745
Final Train: 82.59
Final Test: 73.95
Label budget: 20/class -> 194 train nodes
Pre-training MLP for 500 epochs to generate co-occurrence matrix...
MLP pre-training complete. Penalty matrix frozen.
Epoch: 00, Loss: 4.9387, Train: 18.79%, Valid: 19.76%, Test: 19.41%, Best Valid: 19.76%, Best Test: 19.41%
Switching Polynormer to global attention phase.
Epoch: 100, Loss: 4.1790, Train: 18.45%, Valid: 18.39%, Test: 18.40%, Best Valid: 77.17%, Best Test: 76.81%
Epoch: 200, Loss: 0.2531, Train: 87.93%, Valid: 77.59%, Test: 76.95%, Best Valid: 77.59%, Best Test: 76.95%
Epoch: 300, Loss: 0.1369, Train: 86.03%, Valid: 74.99%, Test: 74.84%, Best Valid: 77.59%, Best Test: 76.95%
Epoch: 400, Loss: 0.0850, Train: 86.90%, Valid: 75.90%, Test: 76.11%, Best Valid: 77.59%, Best Test: 76.95%
Epoch: 500, Loss: 0.1928, Train: 87.41%, Valid: 75.69%, Test: 75.27%, Best Valid: 77.59%, Best Test: 76.95%
Epoch: 600, Loss: 0.0099, Train: 87.76%, Valid: 75.39%, Test: 75.18%, Best Valid: 77.59%, Best Test: 76.95%
Epoch: 700, Loss: 0.0082, Train: 88.79%, Valid: 75.96%, Test: 75.41%, Best Valid: 77.59%, Best Test: 76.95%
Epoch: 800, Loss: 0.0056, Train: 86.72%, Valid: 75.01%, Test: 74.93%, Best Valid: 77.59%, Best Test: 76.95%
Epoch: 900, Loss: 0.0188, Train: 86.21%, Valid: 73.89%, Test: 73.66%, Best Valid: 77.59%, Best Test: 76.95%
Epoch: 1000, Loss: 0.0255, Train: 86.21%, Valid: 74.48%, Test: 73.82%, Best Valid: 77.59%, Best Test: 76.95%
Run 09:
Highest Train: 89.48
Highest Valid: 77.59
Highest Test: 77.41
Chosen epoch: 200
Final Train: 87.93
Final Test: 76.95
Label budget: 20/class -> 194 train nodes
Pre-training MLP for 500 epochs to generate co-occurrence matrix...
MLP pre-training complete. Penalty matrix frozen.
Epoch: 00, Loss: 4.8178, Train: 7.24%, Valid: 6.18%, Test: 6.88%, Best Valid: 6.18%, Best Test: 6.88%
Switching Polynormer to global attention phase.
Epoch: 100, Loss: 4.1475, Train: 18.45%, Valid: 18.39%, Test: 18.40%, Best Valid: 75.98%, Best Test: 74.31%
Epoch: 200, Loss: 0.4477, Train: 80.17%, Valid: 72.81%, Test: 72.14%, Best Valid: 77.76%, Best Test: 76.79%
Epoch: 300, Loss: 0.1315, Train: 81.03%, Valid: 73.66%, Test: 72.84%, Best Valid: 77.76%, Best Test: 76.79%
Epoch: 400, Loss: 0.1092, Train: 82.41%, Valid: 74.40%, Test: 74.19%, Best Valid: 77.76%, Best Test: 76.79%
Epoch: 500, Loss: 0.0364, Train: 79.66%, Valid: 71.88%, Test: 71.69%, Best Valid: 77.76%, Best Test: 76.79%
Epoch: 600, Loss: 0.0475, Train: 82.07%, Valid: 74.18%, Test: 73.58%, Best Valid: 77.76%, Best Test: 76.79%
Epoch: 700, Loss: 0.1332, Train: 81.38%, Valid: 73.51%, Test: 72.74%, Best Valid: 77.76%, Best Test: 76.79%
Epoch: 800, Loss: 0.0907, Train: 81.72%, Valid: 74.19%, Test: 73.46%, Best Valid: 77.76%, Best Test: 76.79%
Epoch: 900, Loss: 0.1755, Train: 80.52%, Valid: 72.64%, Test: 71.80%, Best Valid: 77.76%, Best Test: 76.79%
Epoch: 1000, Loss: 0.0265, Train: 80.69%, Valid: 72.92%, Test: 71.68%, Best Valid: 77.76%, Best Test: 76.79%
Run 10:
Highest Train: 84.14
Highest Valid: 77.76
Highest Test: 76.79
Chosen epoch: 145
Final Train: 81.90
Final Test: 76.79
All runs:
Highest Train: 85.88 ± 1.84
Highest Test: 76.62 ± 1.14
Highest Valid: 77.48 ± 1.04
  Final Train: 84.12 ± 2.92
   Final Test: 76.30 ± 1.27
Saving results to ../results/lowlabel/wikics/polynormer.csv
--- mlp_reg | lambda=1.6 ---
Namespace(aggregate='add', alpha=0.5, attention='gcn', beta=-1.0, bn=False, budget_tag='20', count_reg=False, count_smoothing=1.0, cpu=False, data_dir='../data/', dataset='wikics', device=0, dim_inner=512, display_step=100, dropout=0.5, epochs=500, global_dropout=None, global_epochs=1000, global_layers=2, gnn='gcn', graph_weight=0.8, hidden_channels=512, hops=10, in_dropout=0.5, jk=False, label_num_per_class=20, lambda_val=1.6, layers=1, ln=False, local_epochs=100, local_gnn_type='GCN', local_layers=7, lr=0.001, metric='acc', mlp_epochs=500, mlp_reg=True, model='polynormer', model_dir='models/lowlabel_1161133_292', n_heads=1, num_centroids=4096, num_heads=1, oracle_reg=False, paired_seeds=True, pe_types='RWSE', penalty_transform='none', pre_linear=False, pre_ln=False, rand_split=False, rand_split_class=False, reg_start_epoch=10, reg_update_freq=5, res=False, resample_split_per_run=False, result_dir='../results/lowlabel', runs=10, save_model=True, save_result=False, seed=42, test_num=1000, tr_dropout=None, tr_layers=1, tr_weight_decay=None, train_per_class=20, train_prop=0.5, use_act=False, use_bn=False, use_graph=False, use_reg=True, use_residual=False, use_weight=False, valid_num=500, valid_per_class=0, valid_prop=0.25, weight_decay=0.0)
wikics
dataset wikics | num nodes 11701 | num edge 431726 | num node feats 300 | num classes 10
MODEL: Polynormer(
  (h_lins): ModuleList(
    (0): Linear(in_features=512, out_features=512, bias=True)
    (1): Linear(in_features=512, out_features=512, bias=True)
    (2): Linear(in_features=512, out_features=512, bias=True)
    (3): Linear(in_features=512, out_features=512, bias=True)
    (4): Linear(in_features=512, out_features=512, bias=True)
    (5): Linear(in_features=512, out_features=512, bias=True)
    (6): Linear(in_features=512, out_features=512, bias=True)
  )
  (local_convs): ModuleList(
    (0): GATConv(512, 512, heads=1)
    (1): GATConv(512, 512, heads=1)
    (2): GATConv(512, 512, heads=1)
    (3): GATConv(512, 512, heads=1)
    (4): GATConv(512, 512, heads=1)
    (5): GATConv(512, 512, heads=1)
    (6): GATConv(512, 512, heads=1)
  )
  (lins): ModuleList(
    (0): Linear(in_features=512, out_features=512, bias=True)
    (1): Linear(in_features=512, out_features=512, bias=True)
    (2): Linear(in_features=512, out_features=512, bias=True)
    (3): Linear(in_features=512, out_features=512, bias=True)
    (4): Linear(in_features=512, out_features=512, bias=True)
    (5): Linear(in_features=512, out_features=512, bias=True)
    (6): Linear(in_features=512, out_features=512, bias=True)
  )
  (lns): ModuleList(
    (0): LayerNorm((512,), eps=1e-05, elementwise_affine=True)
    (1): LayerNorm((512,), eps=1e-05, elementwise_affine=True)
    (2): LayerNorm((512,), eps=1e-05, elementwise_affine=True)
    (3): LayerNorm((512,), eps=1e-05, elementwise_affine=True)
    (4): LayerNorm((512,), eps=1e-05, elementwise_affine=True)
    (5): LayerNorm((512,), eps=1e-05, elementwise_affine=True)
    (6): LayerNorm((512,), eps=1e-05, elementwise_affine=True)
  )
  (lin_in): Linear(in_features=300, out_features=512, bias=True)
  (ln): LayerNorm((512,), eps=1e-05, elementwise_affine=True)
  (global_attn): GlobalAttn(
    (h_lins): ModuleList(
      (0): Linear(in_features=512, out_features=512, bias=True)
      (1): Linear(in_features=512, out_features=512, bias=True)
    )
    (k_lins): ModuleList(
      (0): Linear(in_features=512, out_features=512, bias=True)
      (1): Linear(in_features=512, out_features=512, bias=True)
    )
    (v_lins): ModuleList(
      (0): Linear(in_features=512, out_features=512, bias=True)
      (1): Linear(in_features=512, out_features=512, bias=True)
    )
    (lns): ModuleList(
      (0): LayerNorm((512,), eps=1e-05, elementwise_affine=True)
      (1): LayerNorm((512,), eps=1e-05, elementwise_affine=True)
    )
    (lin_out): Linear(in_features=512, out_features=512, bias=True)
  )
  (pred_local): Linear(in_features=512, out_features=10, bias=True)
  (pred_global): Linear(in_features=512, out_features=10, bias=True)
)
Label budget: 20/class -> 194 train nodes
Pre-training MLP for 500 epochs to generate co-occurrence matrix...
MLP pre-training complete. Penalty matrix frozen.
Epoch: 00, Loss: 7.4111, Train: 10.00%, Valid: 8.70%, Test: 9.15%, Best Valid: 8.70%, Best Test: 9.15%
Switching Polynormer to global attention phase.
Epoch: 100, Loss: 5.9854, Train: 18.45%, Valid: 18.39%, Test: 18.40%, Best Valid: 78.27%, Best Test: 76.96%
Epoch: 200, Loss: 0.5352, Train: 83.28%, Valid: 75.73%, Test: 75.17%, Best Valid: 78.27%, Best Test: 76.96%
Epoch: 300, Loss: 0.4446, Train: 84.83%, Valid: 76.07%, Test: 75.89%, Best Valid: 78.27%, Best Test: 76.96%
Epoch: 400, Loss: 0.2809, Train: 82.59%, Valid: 74.93%, Test: 74.12%, Best Valid: 78.27%, Best Test: 76.96%
Epoch: 500, Loss: 0.1308, Train: 83.10%, Valid: 71.62%, Test: 71.27%, Best Valid: 78.27%, Best Test: 76.96%
Epoch: 600, Loss: 0.0490, Train: 81.72%, Valid: 73.66%, Test: 72.99%, Best Valid: 78.27%, Best Test: 76.96%
Epoch: 700, Loss: 0.0982, Train: 83.10%, Valid: 75.07%, Test: 75.30%, Best Valid: 78.27%, Best Test: 76.96%
Epoch: 800, Loss: 0.2116, Train: 84.31%, Valid: 75.65%, Test: 75.87%, Best Valid: 78.27%, Best Test: 76.96%
Epoch: 900, Loss: 0.3915, Train: 82.76%, Valid: 74.36%, Test: 73.63%, Best Valid: 78.27%, Best Test: 76.96%
Epoch: 1000, Loss: 0.0904, Train: 85.17%, Valid: 76.87%, Test: 76.62%, Best Valid: 78.27%, Best Test: 76.96%
Run 01:
Highest Train: 87.24
Highest Valid: 78.27
Highest Test: 77.63
Chosen epoch: 96
Final Train: 81.38
Final Test: 76.96
Label budget: 20/class -> 194 train nodes
Pre-training MLP for 500 epochs to generate co-occurrence matrix...
MLP pre-training complete. Penalty matrix frozen.
Epoch: 00, Loss: 7.1186, Train: 19.31%, Valid: 18.70%, Test: 19.34%, Best Valid: 18.70%, Best Test: 19.34%
Switching Polynormer to global attention phase.
Epoch: 100, Loss: 6.0733, Train: 18.45%, Valid: 18.39%, Test: 18.40%, Best Valid: 75.69%, Best Test: 74.35%
Epoch: 200, Loss: 0.9768, Train: 75.00%, Valid: 71.01%, Test: 69.98%, Best Valid: 77.17%, Best Test: 75.53%
Epoch: 300, Loss: 0.4030, Train: 82.24%, Valid: 76.79%, Test: 75.63%, Best Valid: 77.87%, Best Test: 76.38%
Epoch: 400, Loss: 0.3054, Train: 82.24%, Valid: 75.41%, Test: 73.90%, Best Valid: 77.87%, Best Test: 76.38%
Epoch: 500, Loss: 0.3201, Train: 84.48%, Valid: 77.10%, Test: 76.04%, Best Valid: 77.91%, Best Test: 76.83%
Epoch: 600, Loss: 0.1995, Train: 84.83%, Valid: 76.34%, Test: 75.34%, Best Valid: 77.91%, Best Test: 76.83%
Epoch: 700, Loss: 0.1587, Train: 82.59%, Valid: 76.43%, Test: 75.20%, Best Valid: 77.91%, Best Test: 76.83%
Epoch: 800, Loss: 0.0364, Train: 80.86%, Valid: 74.06%, Test: 73.18%, Best Valid: 77.91%, Best Test: 76.83%
Epoch: 900, Loss: 0.0144, Train: 82.59%, Valid: 75.48%, Test: 74.12%, Best Valid: 77.91%, Best Test: 76.83%
Epoch: 1000, Loss: 0.0560, Train: 82.41%, Valid: 75.39%, Test: 74.16%, Best Valid: 77.91%, Best Test: 76.83%
Run 02:
Highest Train: 85.34
Highest Valid: 77.91
Highest Test: 76.84
Chosen epoch: 427
Final Train: 84.31
Final Test: 76.83
Label budget: 20/class -> 194 train nodes
Pre-training MLP for 500 epochs to generate co-occurrence matrix...
MLP pre-training complete. Penalty matrix frozen.
Epoch: 00, Loss: 6.9606, Train: 18.79%, Valid: 18.94%, Test: 18.78%, Best Valid: 18.94%, Best Test: 18.78%
Switching Polynormer to global attention phase.
Epoch: 100, Loss: 6.0622, Train: 18.45%, Valid: 18.39%, Test: 18.40%, Best Valid: 77.63%, Best Test: 76.64%
Epoch: 200, Loss: 0.8544, Train: 82.59%, Valid: 74.44%, Test: 73.78%, Best Valid: 77.63%, Best Test: 76.64%
Epoch: 300, Loss: 0.6171, Train: 86.72%, Valid: 77.15%, Test: 76.21%, Best Valid: 78.90%, Best Test: 77.97%
Epoch: 400, Loss: 0.2115, Train: 86.21%, Valid: 77.00%, Test: 76.69%, Best Valid: 78.90%, Best Test: 77.97%
Epoch: 500, Loss: 0.2870, Train: 85.52%, Valid: 74.76%, Test: 74.57%, Best Valid: 78.90%, Best Test: 77.97%
Epoch: 600, Loss: 0.0842, Train: 83.10%, Valid: 74.88%, Test: 74.79%, Best Valid: 78.90%, Best Test: 77.97%
Epoch: 700, Loss: 0.0523, Train: 87.59%, Valid: 77.00%, Test: 76.67%, Best Valid: 78.90%, Best Test: 77.97%
Epoch: 800, Loss: 0.1126, Train: 84.14%, Valid: 75.20%, Test: 74.65%, Best Valid: 78.90%, Best Test: 77.97%
Epoch: 900, Loss: 0.1137, Train: 85.69%, Valid: 76.96%, Test: 76.47%, Best Valid: 78.90%, Best Test: 77.97%
Epoch: 1000, Loss: 0.0756, Train: 85.52%, Valid: 76.05%, Test: 75.53%, Best Valid: 78.90%, Best Test: 77.97%
Run 03:
Highest Train: 87.76
Highest Valid: 78.90
Highest Test: 78.40
Chosen epoch: 252
Final Train: 86.38
Final Test: 77.97
Label budget: 20/class -> 194 train nodes
Pre-training MLP for 500 epochs to generate co-occurrence matrix...
MLP pre-training complete. Penalty matrix frozen.
Epoch: 00, Loss: 6.9621, Train: 18.45%, Valid: 18.39%, Test: 18.40%, Best Valid: 18.39%, Best Test: 18.40%
Switching Polynormer to global attention phase.
Epoch: 100, Loss: 6.0813, Train: 18.45%, Valid: 18.39%, Test: 18.40%, Best Valid: 78.29%, Best Test: 76.59%
Epoch: 200, Loss: 0.4615, Train: 83.28%, Valid: 77.02%, Test: 75.89%, Best Valid: 78.86%, Best Test: 77.22%
Epoch: 300, Loss: 0.1698, Train: 82.07%, Valid: 76.22%, Test: 75.37%, Best Valid: 79.11%, Best Test: 77.51%
Epoch: 400, Loss: 0.2006, Train: 83.62%, Valid: 77.27%, Test: 76.04%, Best Valid: 79.11%, Best Test: 77.51%
Epoch: 500, Loss: 0.0961, Train: 82.24%, Valid: 76.15%, Test: 75.01%, Best Valid: 79.11%, Best Test: 77.51%
Epoch: 600, Loss: 0.0904, Train: 83.45%, Valid: 76.15%, Test: 75.90%, Best Valid: 79.11%, Best Test: 77.51%
Epoch: 700, Loss: 0.0862, Train: 82.93%, Valid: 76.17%, Test: 75.58%, Best Valid: 79.11%, Best Test: 77.51%
Epoch: 800, Loss: 0.1923, Train: 79.48%, Valid: 72.13%, Test: 72.33%, Best Valid: 79.11%, Best Test: 77.51%
Epoch: 900, Loss: 0.0596, Train: 83.28%, Valid: 76.30%, Test: 75.51%, Best Valid: 79.11%, Best Test: 77.51%
Epoch: 1000, Loss: 0.0534, Train: 81.90%, Valid: 74.23%, Test: 74.31%, Best Valid: 79.11%, Best Test: 77.51%
Run 04:
Highest Train: 85.69
Highest Valid: 79.11
Highest Test: 77.60
Chosen epoch: 225
Final Train: 83.97
Final Test: 77.51
Label budget: 20/class -> 194 train nodes
Pre-training MLP for 500 epochs to generate co-occurrence matrix...
MLP pre-training complete. Penalty matrix frozen.
Epoch: 00, Loss: 7.0653, Train: 5.17%, Valid: 5.21%, Test: 5.34%, Best Valid: 5.21%, Best Test: 5.34%
Switching Polynormer to global attention phase.
Epoch: 100, Loss: 6.0763, Train: 16.38%, Valid: 16.48%, Test: 16.73%, Best Valid: 73.23%, Best Test: 72.34%
Epoch: 200, Loss: 0.9888, Train: 76.55%, Valid: 70.84%, Test: 70.46%, Best Valid: 73.64%, Best Test: 72.72%
Epoch: 300, Loss: 0.5794, Train: 77.07%, Valid: 69.66%, Test: 69.95%, Best Valid: 73.64%, Best Test: 72.72%
Epoch: 400, Loss: 0.4767, Train: 81.72%, Valid: 72.83%, Test: 72.31%, Best Valid: 74.50%, Best Test: 73.73%
Epoch: 500, Loss: 0.1359, Train: 81.90%, Valid: 73.13%, Test: 72.02%, Best Valid: 75.39%, Best Test: 74.52%
Epoch: 600, Loss: 0.1024, Train: 80.52%, Valid: 70.84%, Test: 70.53%, Best Valid: 75.50%, Best Test: 74.29%
Epoch: 700, Loss: 0.2156, Train: 80.00%, Valid: 70.53%, Test: 68.87%, Best Valid: 75.50%, Best Test: 74.29%
Epoch: 800, Loss: 0.1216, Train: 79.31%, Valid: 73.04%, Test: 71.92%, Best Valid: 75.50%, Best Test: 74.29%
Epoch: 900, Loss: 0.0216, Train: 81.03%, Valid: 73.61%, Test: 72.72%, Best Valid: 75.50%, Best Test: 74.29%
Epoch: 1000, Loss: 0.2411, Train: 82.93%, Valid: 73.78%, Test: 72.87%, Best Valid: 75.50%, Best Test: 74.29%
Run 05:
Highest Train: 84.14
Highest Valid: 75.50
Highest Test: 74.52
Chosen epoch: 521
Final Train: 82.93
Final Test: 74.29
Label budget: 20/class -> 194 train nodes
Pre-training MLP for 500 epochs to generate co-occurrence matrix...
MLP pre-training complete. Penalty matrix frozen.
Epoch: 00, Loss: 7.2462, Train: 13.62%, Valid: 13.77%, Test: 12.52%, Best Valid: 13.77%, Best Test: 12.52%
Switching Polynormer to global attention phase.
Epoch: 100, Loss: 5.9890, Train: 18.45%, Valid: 18.39%, Test: 18.40%, Best Valid: 52.01%, Best Test: 50.57%
Epoch: 200, Loss: 0.8866, Train: 84.66%, Valid: 75.82%, Test: 74.59%, Best Valid: 75.82%, Best Test: 74.59%
Epoch: 300, Loss: 0.4339, Train: 83.10%, Valid: 73.55%, Test: 72.84%, Best Valid: 76.36%, Best Test: 75.46%
Epoch: 400, Loss: 0.0840, Train: 83.45%, Valid: 74.16%, Test: 73.73%, Best Valid: 76.36%, Best Test: 75.46%
Epoch: 500, Loss: 0.1589, Train: 83.79%, Valid: 73.68%, Test: 73.22%, Best Valid: 76.36%, Best Test: 75.46%
Epoch: 600, Loss: 0.0378, Train: 83.79%, Valid: 74.36%, Test: 73.58%, Best Valid: 76.36%, Best Test: 75.46%
Epoch: 700, Loss: 0.1001, Train: 84.48%, Valid: 73.80%, Test: 73.42%, Best Valid: 76.36%, Best Test: 75.46%
Epoch: 800, Loss: 0.0048, Train: 83.45%, Valid: 72.96%, Test: 72.16%, Best Valid: 76.36%, Best Test: 75.46%
Epoch: 900, Loss: 0.1543, Train: 83.79%, Valid: 74.42%, Test: 73.78%, Best Valid: 76.36%, Best Test: 75.46%
Epoch: 1000, Loss: 0.0219, Train: 84.14%, Valid: 73.27%, Test: 72.79%, Best Valid: 76.36%, Best Test: 75.46%
Run 06:
Highest Train: 86.90
Highest Valid: 76.36
Highest Test: 75.46
Chosen epoch: 222
Final Train: 85.00
Final Test: 75.46
Label budget: 20/class -> 194 train nodes
Pre-training MLP for 500 epochs to generate co-occurrence matrix...
MLP pre-training complete. Penalty matrix frozen.
Epoch: 00, Loss: 6.9729, Train: 18.10%, Valid: 18.39%, Test: 18.35%, Best Valid: 18.39%, Best Test: 18.35%
Switching Polynormer to global attention phase.
Epoch: 100, Loss: 6.0588, Train: 18.45%, Valid: 18.39%, Test: 18.40%, Best Valid: 75.48%, Best Test: 74.88%
Epoch: 200, Loss: 0.4110, Train: 85.34%, Valid: 76.01%, Test: 75.29%, Best Valid: 77.04%, Best Test: 76.11%
Epoch: 300, Loss: 0.2883, Train: 84.31%, Valid: 74.02%, Test: 74.11%, Best Valid: 77.04%, Best Test: 76.11%
Epoch: 400, Loss: 0.5378, Train: 81.21%, Valid: 72.85%, Test: 71.97%, Best Valid: 77.08%, Best Test: 76.69%
Epoch: 500, Loss: 0.1302, Train: 85.00%, Valid: 76.22%, Test: 74.59%, Best Valid: 77.51%, Best Test: 77.22%
Epoch: 600, Loss: 0.1677, Train: 86.03%, Valid: 76.09%, Test: 75.49%, Best Valid: 77.51%, Best Test: 77.22%
Epoch: 700, Loss: 0.1214, Train: 83.45%, Valid: 73.08%, Test: 72.70%, Best Valid: 77.51%, Best Test: 77.22%
Epoch: 800, Loss: 0.2070, Train: 85.34%, Valid: 74.99%, Test: 74.35%, Best Valid: 77.51%, Best Test: 77.22%
Epoch: 900, Loss: 0.0512, Train: 85.00%, Valid: 74.38%, Test: 73.34%, Best Valid: 77.51%, Best Test: 77.22%
Epoch: 1000, Loss: 0.1591, Train: 84.83%, Valid: 75.90%, Test: 75.80%, Best Valid: 77.51%, Best Test: 77.22%
Run 07:
Highest Train: 86.90
Highest Valid: 77.51
Highest Test: 77.22
Chosen epoch: 479
Final Train: 86.03
Final Test: 77.22
Label budget: 20/class -> 194 train nodes
Pre-training MLP for 500 epochs to generate co-occurrence matrix...
MLP pre-training complete. Penalty matrix frozen.
Epoch: 00, Loss: 7.2115, Train: 18.45%, Valid: 18.39%, Test: 18.40%, Best Valid: 18.39%, Best Test: 18.40%
Switching Polynormer to global attention phase.
Epoch: 100, Loss: 6.0096, Train: 18.45%, Valid: 18.39%, Test: 18.40%, Best Valid: 70.95%, Best Test: 69.51%
Epoch: 200, Loss: 1.0482, Train: 76.03%, Valid: 71.41%, Test: 70.34%, Best Valid: 71.71%, Best Test: 70.98%
Epoch: 300, Loss: 0.7049, Train: 77.93%, Valid: 72.11%, Test: 71.20%, Best Valid: 74.54%, Best Test: 73.47%
Epoch: 400, Loss: 0.1492, Train: 81.72%, Valid: 73.59%, Test: 73.10%, Best Valid: 74.54%, Best Test: 73.47%
Epoch: 500, Loss: 0.2087, Train: 81.03%, Valid: 73.63%, Test: 73.68%, Best Valid: 74.55%, Best Test: 73.82%
Epoch: 600, Loss: 0.2104, Train: 81.03%, Valid: 74.04%, Test: 73.06%, Best Valid: 75.26%, Best Test: 74.21%
Epoch: 700, Loss: 0.3944, Train: 81.38%, Valid: 74.19%, Test: 73.06%, Best Valid: 75.26%, Best Test: 74.21%
Epoch: 800, Loss: 0.0854, Train: 80.69%, Valid: 72.53%, Test: 71.73%, Best Valid: 75.90%, Best Test: 74.91%
Epoch: 900, Loss: 0.0159, Train: 80.86%, Valid: 72.53%, Test: 71.66%, Best Valid: 75.90%, Best Test: 74.91%
Epoch: 1000, Loss: 0.0808, Train: 81.90%, Valid: 74.48%, Test: 73.68%, Best Valid: 75.90%, Best Test: 74.91%
Run 08:
Highest Train: 83.28
Highest Valid: 75.90
Highest Test: 74.91
Chosen epoch: 765
Final Train: 83.10
Final Test: 74.91
Label budget: 20/class -> 194 train nodes
Pre-training MLP for 500 epochs to generate co-occurrence matrix...
MLP pre-training complete. Penalty matrix frozen.
Epoch: 00, Loss: 7.1336, Train: 19.14%, Valid: 19.53%, Test: 19.75%, Best Valid: 19.53%, Best Test: 19.75%
Switching Polynormer to global attention phase.
Epoch: 100, Loss: 6.0647, Train: 18.45%, Valid: 18.39%, Test: 18.40%, Best Valid: 76.60%, Best Test: 75.49%
Epoch: 200, Loss: 0.9353, Train: 86.55%, Valid: 75.18%, Test: 75.94%, Best Valid: 76.75%, Best Test: 76.42%
Epoch: 300, Loss: 0.1301, Train: 88.10%, Valid: 77.06%, Test: 76.96%, Best Valid: 77.51%, Best Test: 77.49%
Epoch: 400, Loss: 0.2217, Train: 85.86%, Valid: 75.14%, Test: 75.01%, Best Valid: 77.51%, Best Test: 77.49%
Epoch: 500, Loss: 0.1775, Train: 86.55%, Valid: 74.71%, Test: 75.22%, Best Valid: 77.51%, Best Test: 77.49%
Epoch: 600, Loss: 0.1765, Train: 87.07%, Valid: 75.62%, Test: 75.30%, Best Valid: 77.51%, Best Test: 77.49%
Epoch: 700, Loss: 0.0974, Train: 88.10%, Valid: 75.62%, Test: 76.09%, Best Valid: 77.51%, Best Test: 77.49%
Epoch: 800, Loss: 0.0295, Train: 88.28%, Valid: 75.35%, Test: 75.51%, Best Valid: 77.51%, Best Test: 77.49%
Epoch: 900, Loss: 0.2877, Train: 87.24%, Valid: 75.56%, Test: 75.44%, Best Valid: 77.51%, Best Test: 77.49%
Epoch: 1000, Loss: 0.2075, Train: 86.55%, Valid: 75.64%, Test: 75.56%, Best Valid: 77.51%, Best Test: 77.49%
Run 09:
Highest Train: 90.17
Highest Valid: 77.51
Highest Test: 77.97
Chosen epoch: 244
Final Train: 88.28
Final Test: 77.49
Label budget: 20/class -> 194 train nodes
Pre-training MLP for 500 epochs to generate co-occurrence matrix...
MLP pre-training complete. Penalty matrix frozen.
Epoch: 00, Loss: 6.9591, Train: 10.17%, Valid: 9.08%, Test: 9.95%, Best Valid: 9.08%, Best Test: 9.95%
Switching Polynormer to global attention phase.
Epoch: 100, Loss: 5.9877, Train: 18.45%, Valid: 18.39%, Test: 18.40%, Best Valid: 75.58%, Best Test: 74.23%
Epoch: 200, Loss: 0.7080, Train: 81.03%, Valid: 74.02%, Test: 72.57%, Best Valid: 77.00%, Best Test: 75.25%
Epoch: 300, Loss: 0.4993, Train: 80.86%, Valid: 74.50%, Test: 74.00%, Best Valid: 77.89%, Best Test: 76.16%
Epoch: 400, Loss: 0.3073, Train: 84.14%, Valid: 75.52%, Test: 75.05%, Best Valid: 77.89%, Best Test: 76.16%
Epoch: 500, Loss: 0.0930, Train: 83.62%, Valid: 74.80%, Test: 74.06%, Best Valid: 77.89%, Best Test: 76.16%
Epoch: 600, Loss: 0.2341, Train: 81.55%, Valid: 73.23%, Test: 73.10%, Best Valid: 77.89%, Best Test: 76.16%
Epoch: 700, Loss: 0.0844, Train: 81.55%, Valid: 73.53%, Test: 73.05%, Best Valid: 77.89%, Best Test: 76.16%
Epoch: 800, Loss: 0.1691, Train: 81.55%, Valid: 72.87%, Test: 72.48%, Best Valid: 77.89%, Best Test: 76.16%
Epoch: 900, Loss: 0.1844, Train: 81.72%, Valid: 75.14%, Test: 74.62%, Best Valid: 77.89%, Best Test: 76.16%
Epoch: 1000, Loss: 0.0845, Train: 80.86%, Valid: 72.60%, Test: 71.97%, Best Valid: 77.89%, Best Test: 76.16%
Run 10:
Highest Train: 85.52
Highest Valid: 77.89
Highest Test: 76.16
Chosen epoch: 213
Final Train: 85.00
Final Test: 76.16
All runs:
Highest Train: 86.29 ± 1.96
Highest Test: 76.67 ± 1.34
Highest Valid: 77.49 ± 1.22
  Final Train: 84.64 ± 1.97
   Final Test: 76.48 ± 1.23
Saving results to ../results/lowlabel/wikics/polynormer.csv
Low-label sweep completed.
Task 292 done.
