Wed Aug  5 15:49:45 2026       
+-----------------------------------------------------------------------------------------+
| NVIDIA-SMI 580.159.04             Driver Version: 580.159.04     CUDA Version: 13.0     |
+-----------------------------------------+------------------------+----------------------+
| GPU  Name                 Persistence-M | Bus-Id          Disp.A | Volatile Uncorr. ECC |
| Fan  Temp   Perf          Pwr:Usage/Cap |           Memory-Usage | GPU-Util  Compute M. |
|                                         |                        |               MIG M. |
|=========================================+========================+======================|
|   0  NVIDIA A100-SXM4-80GB          On  |   00000000:01:00.0 Off |                   On |
| N/A   44C    P0            200W /  500W |   21464MiB /  81920MiB |     N/A      Default |
|                                         |                        |              Enabled |
+-----------------------------------------+------------------------+----------------------+
|   1  NVIDIA A100-SXM4-80GB          On  |   00000000:41:00.0 Off |                   On |
| N/A   49C    P0            239W /  500W |   22502MiB /  81920MiB |     N/A      Default |
|                                         |                        |              Enabled |
+-----------------------------------------+------------------------+----------------------+
|   2  NVIDIA A100-SXM4-80GB          On  |   00000000:81:00.0 Off |                   On |
| N/A   60C    P0            264W /  500W |   23022MiB /  81920MiB |     N/A      Default |
|                                         |                        |              Enabled |
+-----------------------------------------+------------------------+----------------------+
|   3  NVIDIA A100-SXM4-80GB          On  |   00000000:C1:00.0 Off |                   On |
| N/A   30C    P0             52W /  500W |     249MiB /  81920MiB |     N/A      Default |
|                                         |                        |              Enabled |
+-----------------------------------------+------------------------+----------------------+

+-----------------------------------------------------------------------------------------+
| MIG devices:                                                                            |
+------------------+----------------------------------+-----------+-----------------------+
| GPU  GI  CI  MIG |              Shared Memory-Usage |        Vol|        Shared         |
|      ID  ID  Dev |                Shared BAR1-Usage | SM     Unc| CE ENC  DEC  OFA  JPG |
|                  |                                  |        ECC|                       |
|==================+==================================+===========+=======================|
|  3    5   0   0  |              71MiB / 19968MiB    | 28      0 |  2   0    1    0    0 |
|                  |               0MiB / 12271MiB    |           |                       |
+------------------+----------------------------------+-----------+-----------------------+

+-----------------------------------------------------------------------------------------+
| Processes:                                                                              |
|  GPU   GI   CI              PID   Type   Process name                        GPU Memory |
|        ID   ID                                                               Usage      |
|=========================================================================================|
|    0    2    0            31584      C   python                                21206MiB |
|    1    2    0            31582      C   python                                21206MiB |
|    1    3    0            57679      C   python                                 1030MiB |
|    2    2    0            31583      C   python                                21206MiB |
|    2    3    0            57092      C   python                                 1550MiB |
+-----------------------------------------------------------------------------------------+
Cell: cora / polynormer / budget 2 per class / group 2
python main.py --model polynormer --dataset cora --lr 0.001 --hidden_channels 64 --dropout 0.5 --weight_decay 0.0005 --num_heads 8 --runs 10 --device 0 --result_dir ../results/lowlabel --model_dir models/lowlabel_1161133_27 --paired_seeds --rand_split_class --valid_num 500 --test_num 1000 --seed 123 --local_layers 5 --global_layers 1 --local_epochs 100 --global_epochs 1000 --beta -1.0 --in_dropout 0.2 --save_model --label_num_per_class 2 --resample_split_per_run --budget_tag 2
==========================================================
Low-label sweep: python main.py --model polynormer --dataset cora --lr 0.001 --hidden_channels 64 --dropout 0.5 --weight_decay 0.0005 --num_heads 8 --runs 10 --device 0 --result_dir ../results/lowlabel --model_dir models/lowlabel_1161133_27 --paired_seeds --rand_split_class --valid_num 500 --test_num 1000 --seed 123 --local_layers 5 --global_layers 1 --local_epochs 100 --global_epochs 1000 --beta -1.0 --in_dropout 0.2 --save_model --label_num_per_class 2 --resample_split_per_run --budget_tag 2
result_dir=../results/lowlabel conditions=[mlp]
==========================================================
--- mlp_reg | lambda=0.01 ---
Namespace(aggregate='add', alpha=0.5, attention='gcn', beta=-1.0, bn=False, budget_tag='2', count_reg=False, count_smoothing=1.0, cpu=False, data_dir='../data/', dataset='cora', device=0, dim_inner=64, display_step=100, dropout=0.5, epochs=500, global_dropout=None, global_epochs=1000, global_layers=1, gnn='gcn', graph_weight=0.8, hidden_channels=64, hops=10, in_dropout=0.2, jk=False, label_num_per_class=2, lambda_val=0.01, layers=1, ln=False, local_epochs=100, local_gnn_type='GCN', local_layers=5, lr=0.001, metric='acc', mlp_epochs=500, mlp_reg=True, model='polynormer', model_dir='models/lowlabel_1161133_27', n_heads=8, num_centroids=4096, num_heads=8, oracle_reg=False, paired_seeds=True, pe_types='RWSE', penalty_transform='none', pre_linear=False, pre_ln=False, rand_split=False, rand_split_class=True, reg_start_epoch=10, reg_update_freq=5, res=False, resample_split_per_run=True, result_dir='../results/lowlabel', runs=10, save_model=True, save_result=False, seed=123, test_num=1000, tr_dropout=None, tr_layers=1, tr_weight_decay=None, train_per_class=0, train_prop=0.5, use_act=False, use_bn=False, use_graph=False, use_reg=True, use_residual=False, use_weight=False, valid_num=500, valid_per_class=0, valid_prop=0.25, weight_decay=0.0005)
cora
Num nodes: 2708
train:torch.Size([14]), valid:torch.Size([500]), test:torch.Size([1000])
dataset cora | num nodes 2708 | num edge 10556 | num node feats 1433 | num classes 7
MODEL: Polynormer(
  (h_lins): ModuleList(
    (0): Linear(in_features=512, out_features=512, bias=True)
    (1): Linear(in_features=512, out_features=512, bias=True)
    (2): Linear(in_features=512, out_features=512, bias=True)
    (3): Linear(in_features=512, out_features=512, bias=True)
    (4): Linear(in_features=512, out_features=512, bias=True)
  )
  (local_convs): ModuleList(
    (0): GATConv(512, 64, heads=8)
    (1): GATConv(512, 64, heads=8)
    (2): GATConv(512, 64, heads=8)
    (3): GATConv(512, 64, heads=8)
    (4): GATConv(512, 64, heads=8)
  )
  (lins): ModuleList(
    (0): Linear(in_features=512, out_features=512, bias=True)
    (1): Linear(in_features=512, out_features=512, bias=True)
    (2): Linear(in_features=512, out_features=512, bias=True)
    (3): Linear(in_features=512, out_features=512, bias=True)
    (4): Linear(in_features=512, out_features=512, bias=True)
  )
  (lns): ModuleList(
    (0): LayerNorm((512,), eps=1e-05, elementwise_affine=True)
    (1): LayerNorm((512,), eps=1e-05, elementwise_affine=True)
    (2): LayerNorm((512,), eps=1e-05, elementwise_affine=True)
    (3): LayerNorm((512,), eps=1e-05, elementwise_affine=True)
    (4): LayerNorm((512,), eps=1e-05, elementwise_affine=True)
  )
  (lin_in): Linear(in_features=1433, out_features=512, bias=True)
  (ln): LayerNorm((512,), eps=1e-05, elementwise_affine=True)
  (global_attn): GlobalAttn(
    (h_lins): ModuleList(
      (0): Linear(in_features=512, out_features=512, bias=True)
    )
    (k_lins): ModuleList(
      (0): Linear(in_features=512, out_features=512, bias=True)
    )
    (v_lins): ModuleList(
      (0): Linear(in_features=512, out_features=512, bias=True)
    )
    (lns): ModuleList(
      (0): LayerNorm((512,), eps=1e-05, elementwise_affine=True)
    )
    (lin_out): Linear(in_features=512, out_features=512, bias=True)
  )
  (pred_local): Linear(in_features=512, out_features=7, bias=True)
  (pred_global): Linear(in_features=512, out_features=7, bias=True)
)
train:torch.Size([14]), valid:torch.Size([500]), test:torch.Size([1000])
Pre-training MLP for 500 epochs to generate co-occurrence matrix...
MLP pre-training complete. Penalty matrix frozen.
Epoch: 00, Loss: 2.5651, Train: 28.57%, Valid: 22.60%, Test: 22.20%, Best Valid: 22.60%, Best Test: 22.20%
Switching Polynormer to global attention phase.
Epoch: 100, Loss: 2.0431, Train: 85.71%, Valid: 38.20%, Test: 36.70%, Best Valid: 56.60%, Best Test: 50.50%
Epoch: 200, Loss: 0.0001, Train: 100.00%, Valid: 51.00%, Test: 47.00%, Best Valid: 56.60%, Best Test: 50.50%
Epoch: 300, Loss: 0.0006, Train: 100.00%, Valid: 50.60%, Test: 46.30%, Best Valid: 56.60%, Best Test: 50.50%
Epoch: 400, Loss: 0.0008, Train: 100.00%, Valid: 52.40%, Test: 48.80%, Best Valid: 56.60%, Best Test: 50.50%
Epoch: 500, Loss: 0.0009, Train: 100.00%, Valid: 53.00%, Test: 50.20%, Best Valid: 56.60%, Best Test: 50.50%
Epoch: 600, Loss: 0.0006, Train: 100.00%, Valid: 55.20%, Test: 51.20%, Best Valid: 56.60%, Best Test: 50.50%
Epoch: 700, Loss: 0.0002, Train: 100.00%, Valid: 52.00%, Test: 46.90%, Best Valid: 56.60%, Best Test: 50.50%
Epoch: 800, Loss: 0.0004, Train: 100.00%, Valid: 53.80%, Test: 50.90%, Best Valid: 56.60%, Best Test: 50.50%
Epoch: 900, Loss: 0.0005, Train: 100.00%, Valid: 52.80%, Test: 51.10%, Best Valid: 56.60%, Best Test: 50.50%
Epoch: 1000, Loss: 0.0005, Train: 100.00%, Valid: 53.00%, Test: 50.40%, Best Valid: 56.60%, Best Test: 50.50%
Run 01:
Highest Train: 100.00
Highest Valid: 56.60
Highest Test: 53.50
Chosen epoch: 56
Final Train: 100.00
Final Test: 50.50
train:torch.Size([14]), valid:torch.Size([500]), test:torch.Size([1000])
Pre-training MLP for 500 epochs to generate co-occurrence matrix...
MLP pre-training complete. Penalty matrix frozen.
Epoch: 00, Loss: 2.2408, Train: 7.14%, Valid: 11.80%, Test: 12.70%, Best Valid: 11.80%, Best Test: 12.70%
Switching Polynormer to global attention phase.
Epoch: 100, Loss: 1.9654, Train: 14.29%, Valid: 10.20%, Test: 11.80%, Best Valid: 44.80%, Best Test: 42.90%
Epoch: 200, Loss: 0.0002, Train: 100.00%, Valid: 31.40%, Test: 32.70%, Best Valid: 47.80%, Best Test: 48.10%
Epoch: 300, Loss: 0.0011, Train: 100.00%, Valid: 36.40%, Test: 36.90%, Best Valid: 49.80%, Best Test: 47.70%
Epoch: 400, Loss: 0.0001, Train: 100.00%, Valid: 41.00%, Test: 40.90%, Best Valid: 50.60%, Best Test: 51.40%
Epoch: 500, Loss: 0.0009, Train: 100.00%, Valid: 38.80%, Test: 39.50%, Best Valid: 50.60%, Best Test: 51.40%
Epoch: 600, Loss: 0.0000, Train: 100.00%, Valid: 47.60%, Test: 46.50%, Best Valid: 53.40%, Best Test: 51.40%
Epoch: 700, Loss: 0.0000, Train: 100.00%, Valid: 55.20%, Test: 54.60%, Best Valid: 55.20%, Best Test: 54.80%
Epoch: 800, Loss: 0.0000, Train: 100.00%, Valid: 54.60%, Test: 54.70%, Best Valid: 55.40%, Best Test: 54.60%
Epoch: 900, Loss: 0.0000, Train: 100.00%, Valid: 54.40%, Test: 55.30%, Best Valid: 55.40%, Best Test: 54.60%
Epoch: 1000, Loss: 0.0000, Train: 100.00%, Valid: 53.20%, Test: 55.00%, Best Valid: 55.40%, Best Test: 54.60%
Run 02:
Highest Train: 100.00
Highest Valid: 55.40
Highest Test: 55.70
Chosen epoch: 706
Final Train: 100.00
Final Test: 54.60
train:torch.Size([14]), valid:torch.Size([500]), test:torch.Size([1000])
Pre-training MLP for 500 epochs to generate co-occurrence matrix...
MLP pre-training complete. Penalty matrix frozen.
Epoch: 00, Loss: 2.1994, Train: 21.43%, Valid: 19.60%, Test: 16.60%, Best Valid: 19.60%, Best Test: 16.60%
Switching Polynormer to global attention phase.
Epoch: 100, Loss: 1.9654, Train: 14.29%, Valid: 13.60%, Test: 15.40%, Best Valid: 56.80%, Best Test: 57.20%
Epoch: 200, Loss: 0.0859, Train: 100.00%, Valid: 54.80%, Test: 52.50%, Best Valid: 57.00%, Best Test: 56.80%
Epoch: 300, Loss: 0.0000, Train: 100.00%, Valid: 48.40%, Test: 46.80%, Best Valid: 57.20%, Best Test: 55.60%
Epoch: 400, Loss: 0.0000, Train: 100.00%, Valid: 46.20%, Test: 43.50%, Best Valid: 57.20%, Best Test: 55.60%
Epoch: 500, Loss: 0.0000, Train: 100.00%, Valid: 60.60%, Test: 60.10%, Best Valid: 60.80%, Best Test: 60.00%
Epoch: 600, Loss: 0.0000, Train: 100.00%, Valid: 55.20%, Test: 51.90%, Best Valid: 60.80%, Best Test: 60.00%
Epoch: 700, Loss: 0.0000, Train: 100.00%, Valid: 56.60%, Test: 54.70%, Best Valid: 60.80%, Best Test: 60.00%
Epoch: 800, Loss: 0.0000, Train: 100.00%, Valid: 56.20%, Test: 55.00%, Best Valid: 60.80%, Best Test: 60.00%
Epoch: 900, Loss: 0.0000, Train: 100.00%, Valid: 56.00%, Test: 54.80%, Best Valid: 60.80%, Best Test: 60.00%
Epoch: 1000, Loss: 0.0000, Train: 100.00%, Valid: 56.20%, Test: 55.10%, Best Valid: 60.80%, Best Test: 60.00%
Run 03:
Highest Train: 100.00
Highest Valid: 60.80
Highest Test: 60.50
Chosen epoch: 499
Final Train: 100.00
Final Test: 60.00
train:torch.Size([14]), valid:torch.Size([500]), test:torch.Size([1000])
Pre-training MLP for 500 epochs to generate co-occurrence matrix...
MLP pre-training complete. Penalty matrix frozen.
Epoch: 00, Loss: 2.6040, Train: 42.86%, Valid: 12.40%, Test: 14.00%, Best Valid: 12.40%, Best Test: 14.00%
Switching Polynormer to global attention phase.
Epoch: 100, Loss: 1.9662, Train: 14.29%, Valid: 13.00%, Test: 15.90%, Best Valid: 47.80%, Best Test: 44.80%
Epoch: 200, Loss: 0.0001, Train: 100.00%, Valid: 44.20%, Test: 43.80%, Best Valid: 53.60%, Best Test: 51.00%
Epoch: 300, Loss: 0.0000, Train: 100.00%, Valid: 42.60%, Test: 40.20%, Best Valid: 53.60%, Best Test: 51.00%
Epoch: 400, Loss: 0.0000, Train: 100.00%, Valid: 41.60%, Test: 37.50%, Best Valid: 53.60%, Best Test: 51.00%
Epoch: 500, Loss: 0.0000, Train: 100.00%, Valid: 45.00%, Test: 43.80%, Best Valid: 53.60%, Best Test: 51.00%
Epoch: 600, Loss: 0.0000, Train: 100.00%, Valid: 40.00%, Test: 39.10%, Best Valid: 53.60%, Best Test: 51.00%
Epoch: 700, Loss: 0.0000, Train: 100.00%, Valid: 35.80%, Test: 34.90%, Best Valid: 53.60%, Best Test: 51.00%
Epoch: 800, Loss: 0.0000, Train: 100.00%, Valid: 45.60%, Test: 43.10%, Best Valid: 53.60%, Best Test: 51.00%
Epoch: 900, Loss: 0.0000, Train: 100.00%, Valid: 47.00%, Test: 45.80%, Best Valid: 53.60%, Best Test: 51.00%
Epoch: 1000, Loss: 0.0000, Train: 100.00%, Valid: 40.40%, Test: 41.30%, Best Valid: 53.60%, Best Test: 51.00%
Run 04:
Highest Train: 100.00
Highest Valid: 53.60
Highest Test: 52.50
Chosen epoch: 168
Final Train: 100.00
Final Test: 51.00
train:torch.Size([14]), valid:torch.Size([500]), test:torch.Size([1000])
Pre-training MLP for 500 epochs to generate co-occurrence matrix...
MLP pre-training complete. Penalty matrix frozen.
Epoch: 00, Loss: 2.1565, Train: 28.57%, Valid: 13.80%, Test: 14.10%, Best Valid: 13.80%, Best Test: 14.10%
Switching Polynormer to global attention phase.
Epoch: 100, Loss: 1.9650, Train: 14.29%, Valid: 32.60%, Test: 30.60%, Best Valid: 54.20%, Best Test: 53.90%
Epoch: 200, Loss: 0.0000, Train: 100.00%, Valid: 26.00%, Test: 29.20%, Best Valid: 54.20%, Best Test: 53.90%
Epoch: 300, Loss: 0.0021, Train: 100.00%, Valid: 37.60%, Test: 41.60%, Best Valid: 54.20%, Best Test: 53.90%
Epoch: 400, Loss: 0.0000, Train: 100.00%, Valid: 41.80%, Test: 42.00%, Best Valid: 54.20%, Best Test: 53.90%
Epoch: 500, Loss: 2.3865, Train: 100.00%, Valid: 37.60%, Test: 38.50%, Best Valid: 54.20%, Best Test: 53.90%
Epoch: 600, Loss: 0.0006, Train: 100.00%, Valid: 43.40%, Test: 44.90%, Best Valid: 54.20%, Best Test: 53.90%
Epoch: 700, Loss: 0.0000, Train: 100.00%, Valid: 43.00%, Test: 46.30%, Best Valid: 54.20%, Best Test: 53.90%
Epoch: 800, Loss: 0.0000, Train: 100.00%, Valid: 42.80%, Test: 45.70%, Best Valid: 54.20%, Best Test: 53.90%
Epoch: 900, Loss: 0.0000, Train: 100.00%, Valid: 44.20%, Test: 48.10%, Best Valid: 54.20%, Best Test: 53.90%
Epoch: 1000, Loss: 0.0000, Train: 100.00%, Valid: 43.40%, Test: 47.20%, Best Valid: 54.20%, Best Test: 53.90%
Run 05:
Highest Train: 100.00
Highest Valid: 54.20
Highest Test: 54.90
Chosen epoch: 42
Final Train: 100.00
Final Test: 53.90
train:torch.Size([14]), valid:torch.Size([500]), test:torch.Size([1000])
Pre-training MLP for 500 epochs to generate co-occurrence matrix...
MLP pre-training complete. Penalty matrix frozen.
Epoch: 00, Loss: 2.2362, Train: 35.71%, Valid: 15.60%, Test: 14.90%, Best Valid: 15.60%, Best Test: 14.90%
Switching Polynormer to global attention phase.
Epoch: 100, Loss: 1.9654, Train: 14.29%, Valid: 14.40%, Test: 16.00%, Best Valid: 47.40%, Best Test: 51.40%
Epoch: 200, Loss: 0.0093, Train: 100.00%, Valid: 46.40%, Test: 47.40%, Best Valid: 59.40%, Best Test: 63.80%
Epoch: 300, Loss: 0.0028, Train: 100.00%, Valid: 59.40%, Test: 59.20%, Best Valid: 62.60%, Best Test: 64.30%
Epoch: 400, Loss: 0.0000, Train: 100.00%, Valid: 48.40%, Test: 47.50%, Best Valid: 63.20%, Best Test: 63.20%
Epoch: 500, Loss: 0.0001, Train: 100.00%, Valid: 42.00%, Test: 42.80%, Best Valid: 63.20%, Best Test: 63.20%
Epoch: 600, Loss: 0.0001, Train: 100.00%, Valid: 60.60%, Test: 61.30%, Best Valid: 64.80%, Best Test: 64.50%
Epoch: 700, Loss: 0.0000, Train: 100.00%, Valid: 52.20%, Test: 57.10%, Best Valid: 64.80%, Best Test: 64.50%
Epoch: 800, Loss: 0.0000, Train: 100.00%, Valid: 53.00%, Test: 56.50%, Best Valid: 64.80%, Best Test: 64.50%
Epoch: 900, Loss: 0.0000, Train: 100.00%, Valid: 52.80%, Test: 56.40%, Best Valid: 64.80%, Best Test: 64.50%
Epoch: 1000, Loss: 0.0000, Train: 100.00%, Valid: 53.40%, Test: 56.30%, Best Valid: 64.80%, Best Test: 64.50%
Run 06:
Highest Train: 100.00
Highest Valid: 64.80
Highest Test: 64.50
Chosen epoch: 590
Final Train: 100.00
Final Test: 64.50
train:torch.Size([14]), valid:torch.Size([500]), test:torch.Size([1000])
Pre-training MLP for 500 epochs to generate co-occurrence matrix...
MLP pre-training complete. Penalty matrix frozen.
Epoch: 00, Loss: 2.0883, Train: 35.71%, Valid: 10.00%, Test: 11.90%, Best Valid: 10.00%, Best Test: 11.90%
Switching Polynormer to global attention phase.
Epoch: 100, Loss: 1.9654, Train: 14.29%, Valid: 12.40%, Test: 10.00%, Best Valid: 52.20%, Best Test: 49.10%
Epoch: 200, Loss: 0.0001, Train: 100.00%, Valid: 44.20%, Test: 47.80%, Best Valid: 52.60%, Best Test: 50.90%
Epoch: 300, Loss: 0.0006, Train: 100.00%, Valid: 19.40%, Test: 22.50%, Best Valid: 52.60%, Best Test: 50.90%
Epoch: 400, Loss: 0.0000, Train: 100.00%, Valid: 53.20%, Test: 54.50%, Best Valid: 54.00%, Best Test: 55.40%
Epoch: 500, Loss: 0.0002, Train: 100.00%, Valid: 54.20%, Test: 54.70%, Best Valid: 54.60%, Best Test: 54.80%
Epoch: 600, Loss: 0.0000, Train: 100.00%, Valid: 56.00%, Test: 55.70%, Best Valid: 56.00%, Best Test: 55.60%
Epoch: 700, Loss: 0.0000, Train: 100.00%, Valid: 56.60%, Test: 56.40%, Best Valid: 56.80%, Best Test: 56.60%
Epoch: 800, Loss: 0.0000, Train: 100.00%, Valid: 56.20%, Test: 56.00%, Best Valid: 56.80%, Best Test: 56.60%
Epoch: 900, Loss: 0.0000, Train: 100.00%, Valid: 57.80%, Test: 57.80%, Best Valid: 58.00%, Best Test: 57.80%
Epoch: 1000, Loss: 0.0000, Train: 100.00%, Valid: 57.20%, Test: 56.90%, Best Valid: 58.00%, Best Test: 57.80%
Run 07:
Highest Train: 100.00
Highest Valid: 58.00
Highest Test: 58.00
Chosen epoch: 885
Final Train: 100.00
Final Test: 57.80
train:torch.Size([14]), valid:torch.Size([500]), test:torch.Size([1000])
Pre-training MLP for 500 epochs to generate co-occurrence matrix...
MLP pre-training complete. Penalty matrix frozen.
Epoch: 00, Loss: 2.2365, Train: 21.43%, Valid: 12.20%, Test: 13.00%, Best Valid: 12.20%, Best Test: 13.00%
Switching Polynormer to global attention phase.
Epoch: 100, Loss: 1.9654, Train: 14.29%, Valid: 14.20%, Test: 12.40%, Best Valid: 55.40%, Best Test: 53.90%
Epoch: 200, Loss: 0.0869, Train: 100.00%, Valid: 55.60%, Test: 53.80%, Best Valid: 61.20%, Best Test: 58.10%
Epoch: 300, Loss: 0.0000, Train: 100.00%, Valid: 59.80%, Test: 59.10%, Best Valid: 61.20%, Best Test: 58.10%
Epoch: 400, Loss: 0.0000, Train: 100.00%, Valid: 46.20%, Test: 47.10%, Best Valid: 61.20%, Best Test: 58.10%
Epoch: 500, Loss: 0.0000, Train: 100.00%, Valid: 46.00%, Test: 44.80%, Best Valid: 61.20%, Best Test: 58.10%
Epoch: 600, Loss: 0.0000, Train: 100.00%, Valid: 46.00%, Test: 43.80%, Best Valid: 61.20%, Best Test: 58.10%
Epoch: 700, Loss: 0.0000, Train: 100.00%, Valid: 51.80%, Test: 51.60%, Best Valid: 61.20%, Best Test: 58.10%
Epoch: 800, Loss: 0.0000, Train: 100.00%, Valid: 54.20%, Test: 52.00%, Best Valid: 61.20%, Best Test: 58.10%
Epoch: 900, Loss: 0.0000, Train: 100.00%, Valid: 53.80%, Test: 52.00%, Best Valid: 61.20%, Best Test: 58.10%
Epoch: 1000, Loss: 0.0000, Train: 100.00%, Valid: 51.80%, Test: 48.60%, Best Valid: 61.20%, Best Test: 58.10%
Run 08:
Highest Train: 100.00
Highest Valid: 61.20
Highest Test: 63.00
Chosen epoch: 182
Final Train: 100.00
Final Test: 58.10
train:torch.Size([14]), valid:torch.Size([500]), test:torch.Size([1000])
Pre-training MLP for 500 epochs to generate co-occurrence matrix...
MLP pre-training complete. Penalty matrix frozen.
Epoch: 00, Loss: 2.2727, Train: 28.57%, Valid: 20.00%, Test: 20.40%, Best Valid: 20.00%, Best Test: 20.40%
Switching Polynormer to global attention phase.
Epoch: 100, Loss: 1.9654, Train: 14.29%, Valid: 7.60%, Test: 8.40%, Best Valid: 46.60%, Best Test: 49.80%
Epoch: 200, Loss: 0.0810, Train: 100.00%, Valid: 51.40%, Test: 56.20%, Best Valid: 52.00%, Best Test: 54.80%
Epoch: 300, Loss: 0.0001, Train: 100.00%, Valid: 33.60%, Test: 37.30%, Best Valid: 52.00%, Best Test: 54.80%
Epoch: 400, Loss: 0.0000, Train: 100.00%, Valid: 36.80%, Test: 40.00%, Best Valid: 52.00%, Best Test: 54.80%
Epoch: 500, Loss: 0.0001, Train: 100.00%, Valid: 37.20%, Test: 40.70%, Best Valid: 52.00%, Best Test: 54.80%
Epoch: 600, Loss: 0.0001, Train: 100.00%, Valid: 37.20%, Test: 41.40%, Best Valid: 52.00%, Best Test: 54.80%
Epoch: 700, Loss: 0.0001, Train: 100.00%, Valid: 37.80%, Test: 40.90%, Best Valid: 52.00%, Best Test: 54.80%
Epoch: 800, Loss: 0.0002, Train: 100.00%, Valid: 39.40%, Test: 41.70%, Best Valid: 52.00%, Best Test: 54.80%
Epoch: 900, Loss: 0.0002, Train: 100.00%, Valid: 39.40%, Test: 42.20%, Best Valid: 52.00%, Best Test: 54.80%
Epoch: 1000, Loss: 0.0005, Train: 100.00%, Valid: 40.80%, Test: 43.70%, Best Valid: 52.00%, Best Test: 54.80%
Run 09:
Highest Train: 100.00
Highest Valid: 52.00
Highest Test: 56.20
Chosen epoch: 184
Final Train: 100.00
Final Test: 54.80
train:torch.Size([14]), valid:torch.Size([500]), test:torch.Size([1000])
Pre-training MLP for 500 epochs to generate co-occurrence matrix...
MLP pre-training complete. Penalty matrix frozen.
Epoch: 00, Loss: 2.3224, Train: 35.71%, Valid: 11.80%, Test: 12.50%, Best Valid: 11.80%, Best Test: 12.50%
Switching Polynormer to global attention phase.
Epoch: 100, Loss: 1.9654, Train: 14.29%, Valid: 12.40%, Test: 13.80%, Best Valid: 43.60%, Best Test: 50.10%
Epoch: 200, Loss: 0.7275, Train: 100.00%, Valid: 35.60%, Test: 37.60%, Best Valid: 52.80%, Best Test: 53.20%
Epoch: 300, Loss: 0.0001, Train: 100.00%, Valid: 38.40%, Test: 45.50%, Best Valid: 52.80%, Best Test: 53.20%
Epoch: 400, Loss: 0.0000, Train: 100.00%, Valid: 27.00%, Test: 31.30%, Best Valid: 52.80%, Best Test: 53.20%
Epoch: 500, Loss: 0.0000, Train: 100.00%, Valid: 33.40%, Test: 38.10%, Best Valid: 52.80%, Best Test: 53.20%
Epoch: 600, Loss: 0.0000, Train: 100.00%, Valid: 33.60%, Test: 38.40%, Best Valid: 52.80%, Best Test: 53.20%
Epoch: 700, Loss: 0.0058, Train: 100.00%, Valid: 33.60%, Test: 37.40%, Best Valid: 52.80%, Best Test: 53.20%
Epoch: 800, Loss: 0.0000, Train: 100.00%, Valid: 33.00%, Test: 36.40%, Best Valid: 52.80%, Best Test: 53.20%
Epoch: 900, Loss: 0.0000, Train: 100.00%, Valid: 30.20%, Test: 35.90%, Best Valid: 52.80%, Best Test: 53.20%
Epoch: 1000, Loss: 0.2754, Train: 100.00%, Valid: 31.80%, Test: 38.80%, Best Valid: 52.80%, Best Test: 53.20%
Run 10:
Highest Train: 100.00
Highest Valid: 52.80
Highest Test: 56.00
Chosen epoch: 166
Final Train: 100.00
Final Test: 53.20
All runs:
Highest Train: 100.00 ± 0.00
Highest Test: 57.48 ± 3.99
Highest Valid: 56.94 ± 4.20
  Final Train: 100.00 ± 0.00
   Final Test: 55.84 ± 4.30
Saving results to ../results/lowlabel/cora/polynormer.csv
--- mlp_reg | lambda=0.05 ---
Namespace(aggregate='add', alpha=0.5, attention='gcn', beta=-1.0, bn=False, budget_tag='2', count_reg=False, count_smoothing=1.0, cpu=False, data_dir='../data/', dataset='cora', device=0, dim_inner=64, display_step=100, dropout=0.5, epochs=500, global_dropout=None, global_epochs=1000, global_layers=1, gnn='gcn', graph_weight=0.8, hidden_channels=64, hops=10, in_dropout=0.2, jk=False, label_num_per_class=2, lambda_val=0.05, layers=1, ln=False, local_epochs=100, local_gnn_type='GCN', local_layers=5, lr=0.001, metric='acc', mlp_epochs=500, mlp_reg=True, model='polynormer', model_dir='models/lowlabel_1161133_27', n_heads=8, num_centroids=4096, num_heads=8, oracle_reg=False, paired_seeds=True, pe_types='RWSE', penalty_transform='none', pre_linear=False, pre_ln=False, rand_split=False, rand_split_class=True, reg_start_epoch=10, reg_update_freq=5, res=False, resample_split_per_run=True, result_dir='../results/lowlabel', runs=10, save_model=True, save_result=False, seed=123, test_num=1000, tr_dropout=None, tr_layers=1, tr_weight_decay=None, train_per_class=0, train_prop=0.5, use_act=False, use_bn=False, use_graph=False, use_reg=True, use_residual=False, use_weight=False, valid_num=500, valid_per_class=0, valid_prop=0.25, weight_decay=0.0005)
cora
Num nodes: 2708
train:torch.Size([14]), valid:torch.Size([500]), test:torch.Size([1000])
dataset cora | num nodes 2708 | num edge 10556 | num node feats 1433 | num classes 7
MODEL: Polynormer(
  (h_lins): ModuleList(
    (0): Linear(in_features=512, out_features=512, bias=True)
    (1): Linear(in_features=512, out_features=512, bias=True)
    (2): Linear(in_features=512, out_features=512, bias=True)
    (3): Linear(in_features=512, out_features=512, bias=True)
    (4): Linear(in_features=512, out_features=512, bias=True)
  )
  (local_convs): ModuleList(
    (0): GATConv(512, 64, heads=8)
    (1): GATConv(512, 64, heads=8)
    (2): GATConv(512, 64, heads=8)
    (3): GATConv(512, 64, heads=8)
    (4): GATConv(512, 64, heads=8)
  )
  (lins): ModuleList(
    (0): Linear(in_features=512, out_features=512, bias=True)
    (1): Linear(in_features=512, out_features=512, bias=True)
    (2): Linear(in_features=512, out_features=512, bias=True)
    (3): Linear(in_features=512, out_features=512, bias=True)
    (4): Linear(in_features=512, out_features=512, bias=True)
  )
  (lns): ModuleList(
    (0): LayerNorm((512,), eps=1e-05, elementwise_affine=True)
    (1): LayerNorm((512,), eps=1e-05, elementwise_affine=True)
    (2): LayerNorm((512,), eps=1e-05, elementwise_affine=True)
    (3): LayerNorm((512,), eps=1e-05, elementwise_affine=True)
    (4): LayerNorm((512,), eps=1e-05, elementwise_affine=True)
  )
  (lin_in): Linear(in_features=1433, out_features=512, bias=True)
  (ln): LayerNorm((512,), eps=1e-05, elementwise_affine=True)
  (global_attn): GlobalAttn(
    (h_lins): ModuleList(
      (0): Linear(in_features=512, out_features=512, bias=True)
    )
    (k_lins): ModuleList(
      (0): Linear(in_features=512, out_features=512, bias=True)
    )
    (v_lins): ModuleList(
      (0): Linear(in_features=512, out_features=512, bias=True)
    )
    (lns): ModuleList(
      (0): LayerNorm((512,), eps=1e-05, elementwise_affine=True)
    )
    (lin_out): Linear(in_features=512, out_features=512, bias=True)
  )
  (pred_local): Linear(in_features=512, out_features=7, bias=True)
  (pred_global): Linear(in_features=512, out_features=7, bias=True)
)
train:torch.Size([14]), valid:torch.Size([500]), test:torch.Size([1000])
Pre-training MLP for 500 epochs to generate co-occurrence matrix...
MLP pre-training complete. Penalty matrix frozen.
Epoch: 00, Loss: 2.6667, Train: 28.57%, Valid: 22.80%, Test: 22.00%, Best Valid: 22.80%, Best Test: 22.00%
Switching Polynormer to global attention phase.
Epoch: 100, Loss: 2.1466, Train: 78.57%, Valid: 33.20%, Test: 27.80%, Best Valid: 53.80%, Best Test: 47.10%
Epoch: 200, Loss: 0.0001, Train: 100.00%, Valid: 49.60%, Test: 46.20%, Best Valid: 53.80%, Best Test: 47.10%
Epoch: 300, Loss: 0.0015, Train: 100.00%, Valid: 51.00%, Test: 47.70%, Best Valid: 53.80%, Best Test: 47.10%
Epoch: 400, Loss: 0.0008, Train: 100.00%, Valid: 54.20%, Test: 50.10%, Best Valid: 54.20%, Best Test: 49.90%
Epoch: 500, Loss: 0.0003, Train: 100.00%, Valid: 53.60%, Test: 50.40%, Best Valid: 54.20%, Best Test: 49.90%
Epoch: 600, Loss: 0.0011, Train: 100.00%, Valid: 56.60%, Test: 52.90%, Best Valid: 56.60%, Best Test: 52.80%
Epoch: 700, Loss: 0.0006, Train: 100.00%, Valid: 55.20%, Test: 52.30%, Best Valid: 56.80%, Best Test: 53.30%
Epoch: 800, Loss: 0.0008, Train: 100.00%, Valid: 54.20%, Test: 51.60%, Best Valid: 56.80%, Best Test: 53.30%
Epoch: 900, Loss: 0.0007, Train: 100.00%, Valid: 54.80%, Test: 51.80%, Best Valid: 56.80%, Best Test: 53.30%
Epoch: 1000, Loss: 0.0013, Train: 100.00%, Valid: 55.20%, Test: 51.80%, Best Valid: 56.80%, Best Test: 53.30%
Run 01:
Highest Train: 100.00
Highest Valid: 56.80
Highest Test: 53.90
Chosen epoch: 606
Final Train: 100.00
Final Test: 53.30
train:torch.Size([14]), valid:torch.Size([500]), test:torch.Size([1000])
Pre-training MLP for 500 epochs to generate co-occurrence matrix...
MLP pre-training complete. Penalty matrix frozen.
Epoch: 00, Loss: 2.3295, Train: 7.14%, Valid: 11.80%, Test: 12.70%, Best Valid: 11.80%, Best Test: 12.70%
Switching Polynormer to global attention phase.
Epoch: 100, Loss: 2.0432, Train: 14.29%, Valid: 10.20%, Test: 11.80%, Best Valid: 44.40%, Best Test: 41.80%
Epoch: 200, Loss: 0.0001, Train: 100.00%, Valid: 44.20%, Test: 46.60%, Best Valid: 47.00%, Best Test: 43.80%
Epoch: 300, Loss: 0.0000, Train: 100.00%, Valid: 35.40%, Test: 37.60%, Best Valid: 50.00%, Best Test: 44.80%
Epoch: 400, Loss: 0.0000, Train: 100.00%, Valid: 42.60%, Test: 40.30%, Best Valid: 50.00%, Best Test: 44.80%
Epoch: 500, Loss: 0.0000, Train: 100.00%, Valid: 41.60%, Test: 41.20%, Best Valid: 50.00%, Best Test: 44.80%
Epoch: 600, Loss: 0.0000, Train: 100.00%, Valid: 41.80%, Test: 40.30%, Best Valid: 50.00%, Best Test: 44.80%
Epoch: 700, Loss: 0.0025, Train: 100.00%, Valid: 45.40%, Test: 48.40%, Best Valid: 50.00%, Best Test: 44.80%
Epoch: 800, Loss: 0.0000, Train: 100.00%, Valid: 37.40%, Test: 35.50%, Best Valid: 50.00%, Best Test: 44.80%
Epoch: 900, Loss: 0.0000, Train: 100.00%, Valid: 42.80%, Test: 39.20%, Best Valid: 50.00%, Best Test: 44.80%
Epoch: 1000, Loss: 0.0000, Train: 100.00%, Valid: 43.60%, Test: 43.90%, Best Valid: 50.00%, Best Test: 44.80%
Run 02:
Highest Train: 100.00
Highest Valid: 50.00
Highest Test: 52.80
Chosen epoch: 248
Final Train: 100.00
Final Test: 44.80
train:torch.Size([14]), valid:torch.Size([500]), test:torch.Size([1000])
Pre-training MLP for 500 epochs to generate co-occurrence matrix...
MLP pre-training complete. Penalty matrix frozen.
Epoch: 00, Loss: 2.2865, Train: 21.43%, Valid: 19.20%, Test: 15.90%, Best Valid: 19.20%, Best Test: 15.90%
Switching Polynormer to global attention phase.
Epoch: 100, Loss: 2.0418, Train: 14.29%, Valid: 7.00%, Test: 8.30%, Best Valid: 57.40%, Best Test: 55.30%
Epoch: 200, Loss: 0.0008, Train: 100.00%, Valid: 52.40%, Test: 51.80%, Best Valid: 62.60%, Best Test: 60.90%
Epoch: 300, Loss: 0.0000, Train: 100.00%, Valid: 52.00%, Test: 49.00%, Best Valid: 62.60%, Best Test: 60.90%
Epoch: 400, Loss: 0.0000, Train: 100.00%, Valid: 48.80%, Test: 44.60%, Best Valid: 62.60%, Best Test: 60.90%
Epoch: 500, Loss: 0.0000, Train: 100.00%, Valid: 49.00%, Test: 45.90%, Best Valid: 62.60%, Best Test: 60.90%
Epoch: 600, Loss: 0.0000, Train: 100.00%, Valid: 48.60%, Test: 46.20%, Best Valid: 62.60%, Best Test: 60.90%
Epoch: 700, Loss: 0.0000, Train: 100.00%, Valid: 49.80%, Test: 46.50%, Best Valid: 62.60%, Best Test: 60.90%
Epoch: 800, Loss: 0.0000, Train: 100.00%, Valid: 48.80%, Test: 46.70%, Best Valid: 62.60%, Best Test: 60.90%
Epoch: 900, Loss: 0.0001, Train: 100.00%, Valid: 47.00%, Test: 44.70%, Best Valid: 62.60%, Best Test: 60.90%
Epoch: 1000, Loss: 0.0001, Train: 100.00%, Valid: 47.40%, Test: 45.20%, Best Valid: 62.60%, Best Test: 60.90%
Run 03:
Highest Train: 100.00
Highest Valid: 62.60
Highest Test: 61.70
Chosen epoch: 131
Final Train: 100.00
Final Test: 60.90
train:torch.Size([14]), valid:torch.Size([500]), test:torch.Size([1000])
Pre-training MLP for 500 epochs to generate co-occurrence matrix...
MLP pre-training complete. Penalty matrix frozen.
Epoch: 00, Loss: 2.7071, Train: 42.86%, Valid: 12.60%, Test: 13.90%, Best Valid: 12.60%, Best Test: 13.90%
Switching Polynormer to global attention phase.
Epoch: 100, Loss: 2.0434, Train: 14.29%, Valid: 7.40%, Test: 5.80%, Best Valid: 47.80%, Best Test: 46.80%
Epoch: 200, Loss: 0.0750, Train: 100.00%, Valid: 32.20%, Test: 33.30%, Best Valid: 49.80%, Best Test: 48.50%
Epoch: 300, Loss: 0.0000, Train: 100.00%, Valid: 42.40%, Test: 42.20%, Best Valid: 52.60%, Best Test: 51.00%
Epoch: 400, Loss: 0.0002, Train: 100.00%, Valid: 52.60%, Test: 56.30%, Best Valid: 52.60%, Best Test: 51.00%
Epoch: 500, Loss: 0.0611, Train: 100.00%, Valid: 45.00%, Test: 49.90%, Best Valid: 52.60%, Best Test: 51.00%
Epoch: 600, Loss: 0.0000, Train: 100.00%, Valid: 52.00%, Test: 54.10%, Best Valid: 52.60%, Best Test: 51.00%
Epoch: 700, Loss: 0.0000, Train: 100.00%, Valid: 38.60%, Test: 38.40%, Best Valid: 53.60%, Best Test: 55.70%
Epoch: 800, Loss: 0.0007, Train: 100.00%, Valid: 34.60%, Test: 34.40%, Best Valid: 53.60%, Best Test: 55.70%
Epoch: 900, Loss: 0.0000, Train: 100.00%, Valid: 44.20%, Test: 48.30%, Best Valid: 53.60%, Best Test: 55.70%
Epoch: 1000, Loss: 0.0000, Train: 100.00%, Valid: 43.20%, Test: 48.70%, Best Valid: 53.60%, Best Test: 55.70%
Run 04:
Highest Train: 100.00
Highest Valid: 53.60
Highest Test: 56.30
Chosen epoch: 612
Final Train: 100.00
Final Test: 55.70
train:torch.Size([14]), valid:torch.Size([500]), test:torch.Size([1000])
Pre-training MLP for 500 epochs to generate co-occurrence matrix...
MLP pre-training complete. Penalty matrix frozen.
Epoch: 00, Loss: 2.2419, Train: 28.57%, Valid: 13.80%, Test: 14.10%, Best Valid: 13.80%, Best Test: 14.10%
Switching Polynormer to global attention phase.
Epoch: 100, Loss: 2.0432, Train: 14.29%, Valid: 5.00%, Test: 7.00%, Best Valid: 54.40%, Best Test: 56.60%
Epoch: 200, Loss: 0.0016, Train: 100.00%, Valid: 47.00%, Test: 47.60%, Best Valid: 54.40%, Best Test: 56.60%
Epoch: 300, Loss: 0.0000, Train: 100.00%, Valid: 47.80%, Test: 50.80%, Best Valid: 54.40%, Best Test: 56.60%
Epoch: 400, Loss: 0.0002, Train: 100.00%, Valid: 46.40%, Test: 46.40%, Best Valid: 54.40%, Best Test: 56.60%
Epoch: 500, Loss: 0.0065, Train: 100.00%, Valid: 49.80%, Test: 51.60%, Best Valid: 54.40%, Best Test: 56.60%
Epoch: 600, Loss: 0.0000, Train: 100.00%, Valid: 45.00%, Test: 44.30%, Best Valid: 54.40%, Best Test: 56.60%
Epoch: 700, Loss: 0.0000, Train: 100.00%, Valid: 46.00%, Test: 46.70%, Best Valid: 54.40%, Best Test: 56.60%
Epoch: 800, Loss: 0.0001, Train: 100.00%, Valid: 46.20%, Test: 48.20%, Best Valid: 54.40%, Best Test: 56.60%
Epoch: 900, Loss: 0.0000, Train: 100.00%, Valid: 47.40%, Test: 48.70%, Best Valid: 54.40%, Best Test: 56.60%
Epoch: 1000, Loss: 0.0002, Train: 100.00%, Valid: 47.00%, Test: 49.20%, Best Valid: 54.40%, Best Test: 56.60%
Run 05:
Highest Train: 100.00
Highest Valid: 54.40
Highest Test: 57.40
Chosen epoch: 76
Final Train: 100.00
Final Test: 56.60
train:torch.Size([14]), valid:torch.Size([500]), test:torch.Size([1000])
Pre-training MLP for 500 epochs to generate co-occurrence matrix...
MLP pre-training complete. Penalty matrix frozen.
Epoch: 00, Loss: 2.3248, Train: 35.71%, Valid: 15.60%, Test: 15.00%, Best Valid: 15.60%, Best Test: 15.00%
Switching Polynormer to global attention phase.
Epoch: 100, Loss: 2.0432, Train: 14.29%, Valid: 14.40%, Test: 16.00%, Best Valid: 48.80%, Best Test: 52.50%
Epoch: 200, Loss: 0.0030, Train: 100.00%, Valid: 46.20%, Test: 45.50%, Best Valid: 59.00%, Best Test: 59.60%
Epoch: 300, Loss: 0.0006, Train: 100.00%, Valid: 45.80%, Test: 46.50%, Best Valid: 59.00%, Best Test: 59.60%
Epoch: 400, Loss: 0.0015, Train: 100.00%, Valid: 51.00%, Test: 53.30%, Best Valid: 59.00%, Best Test: 59.60%
Epoch: 500, Loss: 0.0002, Train: 100.00%, Valid: 44.80%, Test: 47.90%, Best Valid: 59.00%, Best Test: 59.60%
Epoch: 600, Loss: 0.0000, Train: 100.00%, Valid: 48.40%, Test: 50.60%, Best Valid: 59.00%, Best Test: 59.60%
Epoch: 700, Loss: 0.0000, Train: 100.00%, Valid: 50.20%, Test: 51.60%, Best Valid: 59.00%, Best Test: 59.60%
Epoch: 800, Loss: 0.0000, Train: 100.00%, Valid: 51.40%, Test: 53.50%, Best Valid: 59.00%, Best Test: 59.60%
Epoch: 900, Loss: 0.0001, Train: 100.00%, Valid: 52.20%, Test: 53.60%, Best Valid: 59.00%, Best Test: 59.60%
Epoch: 1000, Loss: 0.0000, Train: 100.00%, Valid: 53.20%, Test: 54.00%, Best Valid: 59.00%, Best Test: 59.60%
Run 06:
Highest Train: 100.00
Highest Valid: 59.00
Highest Test: 59.60
Chosen epoch: 182
Final Train: 100.00
Final Test: 59.60
train:torch.Size([14]), valid:torch.Size([500]), test:torch.Size([1000])
Pre-training MLP for 500 epochs to generate co-occurrence matrix...
MLP pre-training complete. Penalty matrix frozen.
Epoch: 00, Loss: 2.1710, Train: 35.71%, Valid: 9.60%, Test: 11.70%, Best Valid: 9.60%, Best Test: 11.70%
Switching Polynormer to global attention phase.
Epoch: 100, Loss: 2.0432, Train: 14.29%, Valid: 15.20%, Test: 16.80%, Best Valid: 57.20%, Best Test: 56.40%
Epoch: 200, Loss: 0.0008, Train: 100.00%, Valid: 31.80%, Test: 31.40%, Best Valid: 60.60%, Best Test: 62.80%
Epoch: 300, Loss: 0.0000, Train: 100.00%, Valid: 54.20%, Test: 56.00%, Best Valid: 60.60%, Best Test: 62.80%
Epoch: 400, Loss: 0.0000, Train: 100.00%, Valid: 51.00%, Test: 49.60%, Best Valid: 60.60%, Best Test: 62.80%
Epoch: 500, Loss: 0.0000, Train: 100.00%, Valid: 51.60%, Test: 48.50%, Best Valid: 60.60%, Best Test: 62.80%
Epoch: 600, Loss: 0.0000, Train: 100.00%, Valid: 51.40%, Test: 49.10%, Best Valid: 60.60%, Best Test: 62.80%
Epoch: 700, Loss: 0.0001, Train: 100.00%, Valid: 52.20%, Test: 50.60%, Best Valid: 60.60%, Best Test: 62.80%
Epoch: 800, Loss: 0.0021, Train: 100.00%, Valid: 35.60%, Test: 33.00%, Best Valid: 60.60%, Best Test: 62.80%
Epoch: 900, Loss: 0.0000, Train: 100.00%, Valid: 40.40%, Test: 38.90%, Best Valid: 60.60%, Best Test: 62.80%
Epoch: 1000, Loss: 0.0009, Train: 100.00%, Valid: 35.60%, Test: 34.10%, Best Valid: 60.60%, Best Test: 62.80%
Run 07:
Highest Train: 100.00
Highest Valid: 60.60
Highest Test: 63.00
Chosen epoch: 167
Final Train: 100.00
Final Test: 62.80
train:torch.Size([14]), valid:torch.Size([500]), test:torch.Size([1000])
Pre-training MLP for 500 epochs to generate co-occurrence matrix...
MLP pre-training complete. Penalty matrix frozen.
Epoch: 00, Loss: 2.3251, Train: 21.43%, Valid: 12.80%, Test: 12.80%, Best Valid: 12.80%, Best Test: 12.80%
Switching Polynormer to global attention phase.
Epoch: 100, Loss: 2.0432, Train: 14.29%, Valid: 14.20%, Test: 12.40%, Best Valid: 57.80%, Best Test: 52.90%
Epoch: 200, Loss: 0.0005, Train: 100.00%, Valid: 57.20%, Test: 55.10%, Best Valid: 57.80%, Best Test: 52.90%
Epoch: 300, Loss: 0.0001, Train: 100.00%, Valid: 50.80%, Test: 49.20%, Best Valid: 57.80%, Best Test: 52.90%
Epoch: 400, Loss: 0.0001, Train: 100.00%, Valid: 56.20%, Test: 53.30%, Best Valid: 57.80%, Best Test: 52.90%
Epoch: 500, Loss: 0.0000, Train: 100.00%, Valid: 41.80%, Test: 43.00%, Best Valid: 57.80%, Best Test: 52.90%
Epoch: 600, Loss: 0.0562, Train: 100.00%, Valid: 41.40%, Test: 42.60%, Best Valid: 57.80%, Best Test: 52.90%
Epoch: 700, Loss: 0.0000, Train: 100.00%, Valid: 45.20%, Test: 45.20%, Best Valid: 57.80%, Best Test: 52.90%
Epoch: 800, Loss: 0.0000, Train: 100.00%, Valid: 42.20%, Test: 41.30%, Best Valid: 57.80%, Best Test: 52.90%
Epoch: 900, Loss: 0.0003, Train: 100.00%, Valid: 44.00%, Test: 43.20%, Best Valid: 57.80%, Best Test: 52.90%
Epoch: 1000, Loss: 0.0009, Train: 100.00%, Valid: 44.60%, Test: 43.10%, Best Valid: 57.80%, Best Test: 52.90%
Run 08:
Highest Train: 100.00
Highest Valid: 57.80
Highest Test: 55.60
Chosen epoch: 82
Final Train: 100.00
Final Test: 52.90
train:torch.Size([14]), valid:torch.Size([500]), test:torch.Size([1000])
Pre-training MLP for 500 epochs to generate co-occurrence matrix...
MLP pre-training complete. Penalty matrix frozen.
Epoch: 00, Loss: 2.3627, Train: 28.57%, Valid: 20.00%, Test: 20.20%, Best Valid: 20.00%, Best Test: 20.20%
Switching Polynormer to global attention phase.
Epoch: 100, Loss: 2.0432, Train: 14.29%, Valid: 7.60%, Test: 8.40%, Best Valid: 45.00%, Best Test: 49.70%
Epoch: 200, Loss: 0.0321, Train: 100.00%, Valid: 38.60%, Test: 42.60%, Best Valid: 45.00%, Best Test: 49.70%
Epoch: 300, Loss: 0.0011, Train: 100.00%, Valid: 47.60%, Test: 52.10%, Best Valid: 58.20%, Best Test: 61.00%
Epoch: 400, Loss: 0.0000, Train: 100.00%, Valid: 50.80%, Test: 56.60%, Best Valid: 58.20%, Best Test: 61.00%
Epoch: 500, Loss: 0.0001, Train: 100.00%, Valid: 51.00%, Test: 55.20%, Best Valid: 58.20%, Best Test: 61.00%
Epoch: 600, Loss: 0.0000, Train: 100.00%, Valid: 51.20%, Test: 53.50%, Best Valid: 58.20%, Best Test: 61.00%
Epoch: 700, Loss: 0.0000, Train: 100.00%, Valid: 51.60%, Test: 53.90%, Best Valid: 58.20%, Best Test: 61.00%
Epoch: 800, Loss: 0.0000, Train: 100.00%, Valid: 52.00%, Test: 54.90%, Best Valid: 58.20%, Best Test: 61.00%
Epoch: 900, Loss: 0.0001, Train: 100.00%, Valid: 51.80%, Test: 54.80%, Best Valid: 58.20%, Best Test: 61.00%
Epoch: 1000, Loss: 0.0001, Train: 100.00%, Valid: 52.40%, Test: 54.30%, Best Valid: 58.20%, Best Test: 61.00%
Run 09:
Highest Train: 100.00
Highest Valid: 58.20
Highest Test: 61.60
Chosen epoch: 219
Final Train: 100.00
Final Test: 61.00
train:torch.Size([14]), valid:torch.Size([500]), test:torch.Size([1000])
Pre-training MLP for 500 epochs to generate co-occurrence matrix...
MLP pre-training complete. Penalty matrix frozen.
Epoch: 00, Loss: 2.4144, Train: 35.71%, Valid: 11.40%, Test: 12.60%, Best Valid: 11.40%, Best Test: 12.60%
Switching Polynormer to global attention phase.
Epoch: 100, Loss: 2.0431, Train: 14.29%, Valid: 12.40%, Test: 13.80%, Best Valid: 47.00%, Best Test: 52.40%
Epoch: 200, Loss: 0.0023, Train: 100.00%, Valid: 45.20%, Test: 53.10%, Best Valid: 50.40%, Best Test: 52.80%
Epoch: 300, Loss: 0.1600, Train: 100.00%, Valid: 33.80%, Test: 38.40%, Best Valid: 50.40%, Best Test: 52.80%
Epoch: 400, Loss: 0.0000, Train: 100.00%, Valid: 42.60%, Test: 48.60%, Best Valid: 50.40%, Best Test: 52.80%
Epoch: 500, Loss: 0.0000, Train: 100.00%, Valid: 42.60%, Test: 49.40%, Best Valid: 50.40%, Best Test: 52.80%
Epoch: 600, Loss: 0.0000, Train: 100.00%, Valid: 43.40%, Test: 50.10%, Best Valid: 50.40%, Best Test: 52.80%
Epoch: 700, Loss: 0.0000, Train: 100.00%, Valid: 43.00%, Test: 49.70%, Best Valid: 50.40%, Best Test: 52.80%
Epoch: 800, Loss: 0.0000, Train: 100.00%, Valid: 42.60%, Test: 48.60%, Best Valid: 50.40%, Best Test: 52.80%
Epoch: 900, Loss: 0.0005, Train: 100.00%, Valid: 43.60%, Test: 48.40%, Best Valid: 50.40%, Best Test: 52.80%
Epoch: 1000, Loss: 0.0001, Train: 100.00%, Valid: 44.80%, Test: 49.20%, Best Valid: 50.40%, Best Test: 52.80%
Run 10:
Highest Train: 100.00
Highest Valid: 50.40
Highest Test: 54.20
Chosen epoch: 153
Final Train: 100.00
Final Test: 52.80
All runs:
Highest Train: 100.00 ± 0.00
Highest Test: 57.61 ± 3.65
Highest Valid: 56.34 ± 4.18
  Final Train: 100.00 ± 0.00
   Final Test: 56.04 ± 5.39
Saving results to ../results/lowlabel/cora/polynormer.csv
--- mlp_reg | lambda=0.1 ---
Namespace(aggregate='add', alpha=0.5, attention='gcn', beta=-1.0, bn=False, budget_tag='2', count_reg=False, count_smoothing=1.0, cpu=False, data_dir='../data/', dataset='cora', device=0, dim_inner=64, display_step=100, dropout=0.5, epochs=500, global_dropout=None, global_epochs=1000, global_layers=1, gnn='gcn', graph_weight=0.8, hidden_channels=64, hops=10, in_dropout=0.2, jk=False, label_num_per_class=2, lambda_val=0.1, layers=1, ln=False, local_epochs=100, local_gnn_type='GCN', local_layers=5, lr=0.001, metric='acc', mlp_epochs=500, mlp_reg=True, model='polynormer', model_dir='models/lowlabel_1161133_27', n_heads=8, num_centroids=4096, num_heads=8, oracle_reg=False, paired_seeds=True, pe_types='RWSE', penalty_transform='none', pre_linear=False, pre_ln=False, rand_split=False, rand_split_class=True, reg_start_epoch=10, reg_update_freq=5, res=False, resample_split_per_run=True, result_dir='../results/lowlabel', runs=10, save_model=True, save_result=False, seed=123, test_num=1000, tr_dropout=None, tr_layers=1, tr_weight_decay=None, train_per_class=0, train_prop=0.5, use_act=False, use_bn=False, use_graph=False, use_reg=True, use_residual=False, use_weight=False, valid_num=500, valid_per_class=0, valid_prop=0.25, weight_decay=0.0005)
cora
Num nodes: 2708
train:torch.Size([14]), valid:torch.Size([500]), test:torch.Size([1000])
dataset cora | num nodes 2708 | num edge 10556 | num node feats 1433 | num classes 7
MODEL: Polynormer(
  (h_lins): ModuleList(
    (0): Linear(in_features=512, out_features=512, bias=True)
    (1): Linear(in_features=512, out_features=512, bias=True)
    (2): Linear(in_features=512, out_features=512, bias=True)
    (3): Linear(in_features=512, out_features=512, bias=True)
    (4): Linear(in_features=512, out_features=512, bias=True)
  )
  (local_convs): ModuleList(
    (0): GATConv(512, 64, heads=8)
    (1): GATConv(512, 64, heads=8)
    (2): GATConv(512, 64, heads=8)
    (3): GATConv(512, 64, heads=8)
    (4): GATConv(512, 64, heads=8)
  )
  (lins): ModuleList(
    (0): Linear(in_features=512, out_features=512, bias=True)
    (1): Linear(in_features=512, out_features=512, bias=True)
    (2): Linear(in_features=512, out_features=512, bias=True)
    (3): Linear(in_features=512, out_features=512, bias=True)
    (4): Linear(in_features=512, out_features=512, bias=True)
  )
  (lns): ModuleList(
    (0): LayerNorm((512,), eps=1e-05, elementwise_affine=True)
    (1): LayerNorm((512,), eps=1e-05, elementwise_affine=True)
    (2): LayerNorm((512,), eps=1e-05, elementwise_affine=True)
    (3): LayerNorm((512,), eps=1e-05, elementwise_affine=True)
    (4): LayerNorm((512,), eps=1e-05, elementwise_affine=True)
  )
  (lin_in): Linear(in_features=1433, out_features=512, bias=True)
  (ln): LayerNorm((512,), eps=1e-05, elementwise_affine=True)
  (global_attn): GlobalAttn(
    (h_lins): ModuleList(
      (0): Linear(in_features=512, out_features=512, bias=True)
    )
    (k_lins): ModuleList(
      (0): Linear(in_features=512, out_features=512, bias=True)
    )
    (v_lins): ModuleList(
      (0): Linear(in_features=512, out_features=512, bias=True)
    )
    (lns): ModuleList(
      (0): LayerNorm((512,), eps=1e-05, elementwise_affine=True)
    )
    (lin_out): Linear(in_features=512, out_features=512, bias=True)
  )
  (pred_local): Linear(in_features=512, out_features=7, bias=True)
  (pred_global): Linear(in_features=512, out_features=7, bias=True)
)
train:torch.Size([14]), valid:torch.Size([500]), test:torch.Size([1000])
Pre-training MLP for 500 epochs to generate co-occurrence matrix...
MLP pre-training complete. Penalty matrix frozen.
Epoch: 00, Loss: 2.7936, Train: 28.57%, Valid: 23.00%, Test: 21.90%, Best Valid: 23.00%, Best Test: 21.90%
Switching Polynormer to global attention phase.
Epoch: 100, Loss: 2.2424, Train: 92.86%, Valid: 42.00%, Test: 35.60%, Best Valid: 55.00%, Best Test: 48.70%
Epoch: 200, Loss: 0.0003, Train: 100.00%, Valid: 52.60%, Test: 48.50%, Best Valid: 55.80%, Best Test: 49.30%
Epoch: 300, Loss: 0.0005, Train: 100.00%, Valid: 59.40%, Test: 57.40%, Best Valid: 62.20%, Best Test: 55.70%
Epoch: 400, Loss: 0.0326, Train: 100.00%, Valid: 42.00%, Test: 38.20%, Best Valid: 62.20%, Best Test: 55.70%
Epoch: 500, Loss: 0.0000, Train: 100.00%, Valid: 51.00%, Test: 47.10%, Best Valid: 62.20%, Best Test: 55.70%
Epoch: 600, Loss: 0.0000, Train: 100.00%, Valid: 51.60%, Test: 47.90%, Best Valid: 62.20%, Best Test: 55.70%
Epoch: 700, Loss: 0.0000, Train: 100.00%, Valid: 52.40%, Test: 49.20%, Best Valid: 62.20%, Best Test: 55.70%
Epoch: 800, Loss: 0.0010, Train: 100.00%, Valid: 55.60%, Test: 51.70%, Best Valid: 62.20%, Best Test: 55.70%
Epoch: 900, Loss: 0.0001, Train: 100.00%, Valid: 55.00%, Test: 51.80%, Best Valid: 62.20%, Best Test: 55.70%
Epoch: 1000, Loss: 0.0002, Train: 100.00%, Valid: 54.80%, Test: 52.00%, Best Valid: 62.20%, Best Test: 55.70%
Run 01:
Highest Train: 100.00
Highest Valid: 62.20
Highest Test: 58.60
Chosen epoch: 276
Final Train: 100.00
Final Test: 55.70
train:torch.Size([14]), valid:torch.Size([500]), test:torch.Size([1000])
Pre-training MLP for 500 epochs to generate co-occurrence matrix...
MLP pre-training complete. Penalty matrix frozen.
Epoch: 00, Loss: 2.4404, Train: 7.14%, Valid: 11.40%, Test: 12.70%, Best Valid: 11.40%, Best Test: 12.70%
Switching Polynormer to global attention phase.
Epoch: 100, Loss: 2.1405, Train: 14.29%, Valid: 10.20%, Test: 11.80%, Best Valid: 47.80%, Best Test: 46.30%
Epoch: 200, Loss: 0.0022, Train: 100.00%, Valid: 27.40%, Test: 26.60%, Best Valid: 47.80%, Best Test: 46.30%
Epoch: 300, Loss: 0.0001, Train: 100.00%, Valid: 26.00%, Test: 23.30%, Best Valid: 47.80%, Best Test: 46.30%
Epoch: 400, Loss: 0.0000, Train: 100.00%, Valid: 30.80%, Test: 28.30%, Best Valid: 47.80%, Best Test: 46.30%
Epoch: 500, Loss: 0.0098, Train: 100.00%, Valid: 34.80%, Test: 33.30%, Best Valid: 47.80%, Best Test: 46.30%
Epoch: 600, Loss: 0.0000, Train: 100.00%, Valid: 34.00%, Test: 33.90%, Best Valid: 47.80%, Best Test: 46.30%
Epoch: 700, Loss: 0.0000, Train: 100.00%, Valid: 35.40%, Test: 34.80%, Best Valid: 47.80%, Best Test: 46.30%
Epoch: 800, Loss: 0.0000, Train: 100.00%, Valid: 36.20%, Test: 34.60%, Best Valid: 47.80%, Best Test: 46.30%
Epoch: 900, Loss: 0.0000, Train: 100.00%, Valid: 36.40%, Test: 35.70%, Best Valid: 47.80%, Best Test: 46.30%
Epoch: 1000, Loss: 0.0000, Train: 100.00%, Valid: 37.20%, Test: 35.80%, Best Valid: 47.80%, Best Test: 46.30%
Run 02:
Highest Train: 100.00
Highest Valid: 47.80
Highest Test: 46.30
Chosen epoch: 99
Final Train: 100.00
Final Test: 46.30
train:torch.Size([14]), valid:torch.Size([500]), test:torch.Size([1000])
Pre-training MLP for 500 epochs to generate co-occurrence matrix...
MLP pre-training complete. Penalty matrix frozen.
Epoch: 00, Loss: 2.3954, Train: 21.43%, Valid: 19.20%, Test: 16.50%, Best Valid: 19.20%, Best Test: 16.50%
Switching Polynormer to global attention phase.
Epoch: 100, Loss: 2.1401, Train: 14.29%, Valid: 7.00%, Test: 8.30%, Best Valid: 58.00%, Best Test: 60.50%
Epoch: 200, Loss: 0.0002, Train: 100.00%, Valid: 55.00%, Test: 55.90%, Best Valid: 58.40%, Best Test: 58.20%
Epoch: 300, Loss: 0.0003, Train: 100.00%, Valid: 57.20%, Test: 58.60%, Best Valid: 59.60%, Best Test: 59.70%
Epoch: 400, Loss: 0.0004, Train: 100.00%, Valid: 57.80%, Test: 58.80%, Best Valid: 59.60%, Best Test: 59.70%
Epoch: 500, Loss: 0.0001, Train: 100.00%, Valid: 55.20%, Test: 58.00%, Best Valid: 59.60%, Best Test: 59.70%
Epoch: 600, Loss: 0.0003, Train: 100.00%, Valid: 57.40%, Test: 56.90%, Best Valid: 59.60%, Best Test: 59.70%
Epoch: 700, Loss: 0.0003, Train: 100.00%, Valid: 57.40%, Test: 58.10%, Best Valid: 59.60%, Best Test: 59.70%
Epoch: 800, Loss: 0.0001, Train: 100.00%, Valid: 58.00%, Test: 58.70%, Best Valid: 59.60%, Best Test: 59.70%
Epoch: 900, Loss: 0.0002, Train: 100.00%, Valid: 58.60%, Test: 58.30%, Best Valid: 59.60%, Best Test: 59.70%
Epoch: 1000, Loss: 0.0005, Train: 100.00%, Valid: 57.80%, Test: 57.80%, Best Valid: 59.60%, Best Test: 59.70%
Run 03:
Highest Train: 100.00
Highest Valid: 59.60
Highest Test: 60.50
Chosen epoch: 264
Final Train: 100.00
Final Test: 59.70
train:torch.Size([14]), valid:torch.Size([500]), test:torch.Size([1000])
Pre-training MLP for 500 epochs to generate co-occurrence matrix...
MLP pre-training complete. Penalty matrix frozen.
Epoch: 00, Loss: 2.8360, Train: 42.86%, Valid: 12.60%, Test: 14.00%, Best Valid: 12.60%, Best Test: 14.00%
Switching Polynormer to global attention phase.
Epoch: 100, Loss: 2.1421, Train: 14.29%, Valid: 13.00%, Test: 15.90%, Best Valid: 52.80%, Best Test: 50.50%
Epoch: 200, Loss: 0.0004, Train: 100.00%, Valid: 51.20%, Test: 53.80%, Best Valid: 54.60%, Best Test: 55.10%
Epoch: 300, Loss: 0.0065, Train: 100.00%, Valid: 36.00%, Test: 35.60%, Best Valid: 55.80%, Best Test: 55.70%
Epoch: 400, Loss: 0.0000, Train: 100.00%, Valid: 42.00%, Test: 38.40%, Best Valid: 55.80%, Best Test: 55.70%
Epoch: 500, Loss: 0.0000, Train: 100.00%, Valid: 39.80%, Test: 37.20%, Best Valid: 55.80%, Best Test: 55.70%
Epoch: 600, Loss: 0.0000, Train: 100.00%, Valid: 39.40%, Test: 38.00%, Best Valid: 55.80%, Best Test: 55.70%
Epoch: 700, Loss: 0.0001, Train: 100.00%, Valid: 42.40%, Test: 40.00%, Best Valid: 55.80%, Best Test: 55.70%
Epoch: 800, Loss: 0.0000, Train: 100.00%, Valid: 52.40%, Test: 48.80%, Best Valid: 55.80%, Best Test: 55.70%
Epoch: 900, Loss: 0.0002, Train: 100.00%, Valid: 53.00%, Test: 49.50%, Best Valid: 55.80%, Best Test: 55.70%
Epoch: 1000, Loss: 0.0000, Train: 100.00%, Valid: 53.00%, Test: 50.80%, Best Valid: 55.80%, Best Test: 55.70%
Run 04:
Highest Train: 100.00
Highest Valid: 55.80
Highest Test: 55.90
Chosen epoch: 233
Final Train: 100.00
Final Test: 55.70
train:torch.Size([14]), valid:torch.Size([500]), test:torch.Size([1000])
Pre-training MLP for 500 epochs to generate co-occurrence matrix...
MLP pre-training complete. Penalty matrix frozen.
Epoch: 00, Loss: 2.3487, Train: 28.57%, Valid: 14.20%, Test: 14.10%, Best Valid: 14.20%, Best Test: 14.10%
Switching Polynormer to global attention phase.
Epoch: 100, Loss: 2.1417, Train: 35.71%, Valid: 11.00%, Test: 9.10%, Best Valid: 52.20%, Best Test: 53.90%
Epoch: 200, Loss: 0.0002, Train: 100.00%, Valid: 45.80%, Test: 51.20%, Best Valid: 56.80%, Best Test: 55.10%
Epoch: 300, Loss: 0.0206, Train: 100.00%, Valid: 51.80%, Test: 51.10%, Best Valid: 56.80%, Best Test: 55.10%
Epoch: 400, Loss: 0.0164, Train: 100.00%, Valid: 44.60%, Test: 47.10%, Best Valid: 61.40%, Best Test: 58.70%
Epoch: 500, Loss: 0.1993, Train: 100.00%, Valid: 40.20%, Test: 42.50%, Best Valid: 61.40%, Best Test: 58.70%
Epoch: 600, Loss: 0.0000, Train: 100.00%, Valid: 37.20%, Test: 36.30%, Best Valid: 61.40%, Best Test: 58.70%
Epoch: 700, Loss: 0.0000, Train: 100.00%, Valid: 41.60%, Test: 42.80%, Best Valid: 61.40%, Best Test: 58.70%
Epoch: 800, Loss: 0.0002, Train: 100.00%, Valid: 36.40%, Test: 36.30%, Best Valid: 61.40%, Best Test: 58.70%
Epoch: 900, Loss: 0.0000, Train: 100.00%, Valid: 33.80%, Test: 31.30%, Best Valid: 61.40%, Best Test: 58.70%
Epoch: 1000, Loss: 0.0000, Train: 100.00%, Valid: 34.40%, Test: 35.20%, Best Valid: 61.40%, Best Test: 58.70%
Run 05:
Highest Train: 100.00
Highest Valid: 61.40
Highest Test: 58.80
Chosen epoch: 366
Final Train: 100.00
Final Test: 58.70
train:torch.Size([14]), valid:torch.Size([500]), test:torch.Size([1000])
Pre-training MLP for 500 epochs to generate co-occurrence matrix...
MLP pre-training complete. Penalty matrix frozen.
Epoch: 00, Loss: 2.4355, Train: 35.71%, Valid: 16.00%, Test: 14.80%, Best Valid: 16.00%, Best Test: 14.80%
Switching Polynormer to global attention phase.
Epoch: 100, Loss: 2.1413, Train: 28.57%, Valid: 21.80%, Test: 25.10%, Best Valid: 52.20%, Best Test: 55.30%
Epoch: 200, Loss: 0.0265, Train: 100.00%, Valid: 39.40%, Test: 43.30%, Best Valid: 54.60%, Best Test: 57.40%
Epoch: 300, Loss: 0.0002, Train: 100.00%, Valid: 40.80%, Test: 44.10%, Best Valid: 54.60%, Best Test: 57.40%
Epoch: 400, Loss: 0.0001, Train: 100.00%, Valid: 42.80%, Test: 45.60%, Best Valid: 54.60%, Best Test: 57.40%
Epoch: 500, Loss: 0.0009, Train: 100.00%, Valid: 45.80%, Test: 49.10%, Best Valid: 54.60%, Best Test: 57.40%
Epoch: 600, Loss: 0.0005, Train: 100.00%, Valid: 46.20%, Test: 50.80%, Best Valid: 54.60%, Best Test: 57.40%
Epoch: 700, Loss: 0.0004, Train: 100.00%, Valid: 47.80%, Test: 50.40%, Best Valid: 54.60%, Best Test: 57.40%
Epoch: 800, Loss: 0.0003, Train: 100.00%, Valid: 50.00%, Test: 52.40%, Best Valid: 54.60%, Best Test: 57.40%
Epoch: 900, Loss: 0.0003, Train: 100.00%, Valid: 51.80%, Test: 54.90%, Best Valid: 54.60%, Best Test: 57.40%
Epoch: 1000, Loss: 0.0002, Train: 100.00%, Valid: 52.20%, Test: 56.40%, Best Valid: 54.60%, Best Test: 57.40%
Run 06:
Highest Train: 100.00
Highest Valid: 55.20
Highest Test: 59.30
Chosen epoch: 1054
Final Train: 100.00
Final Test: 59.20
train:torch.Size([14]), valid:torch.Size([500]), test:torch.Size([1000])
Pre-training MLP for 500 epochs to generate co-occurrence matrix...
MLP pre-training complete. Penalty matrix frozen.
Epoch: 00, Loss: 2.2744, Train: 35.71%, Valid: 10.40%, Test: 12.10%, Best Valid: 10.40%, Best Test: 12.10%
Switching Polynormer to global attention phase.
Epoch: 100, Loss: 2.1405, Train: 14.29%, Valid: 12.40%, Test: 10.00%, Best Valid: 58.80%, Best Test: 56.20%
Epoch: 200, Loss: 0.0054, Train: 100.00%, Valid: 51.60%, Test: 51.10%, Best Valid: 58.80%, Best Test: 56.20%
Epoch: 300, Loss: 0.0000, Train: 100.00%, Valid: 62.60%, Test: 62.30%, Best Valid: 63.60%, Best Test: 63.30%
Epoch: 400, Loss: 0.0000, Train: 100.00%, Valid: 62.20%, Test: 61.70%, Best Valid: 63.60%, Best Test: 63.30%
Epoch: 500, Loss: 0.0000, Train: 100.00%, Valid: 59.00%, Test: 60.20%, Best Valid: 64.20%, Best Test: 64.20%
Epoch: 600, Loss: 0.0000, Train: 100.00%, Valid: 60.00%, Test: 60.40%, Best Valid: 64.20%, Best Test: 64.20%
Epoch: 700, Loss: 0.0003, Train: 100.00%, Valid: 60.20%, Test: 60.50%, Best Valid: 64.20%, Best Test: 64.20%
Epoch: 800, Loss: 0.0002, Train: 100.00%, Valid: 63.00%, Test: 63.10%, Best Valid: 64.20%, Best Test: 64.20%
Epoch: 900, Loss: 0.0001, Train: 100.00%, Valid: 61.60%, Test: 61.70%, Best Valid: 64.20%, Best Test: 64.20%
Epoch: 1000, Loss: 0.0004, Train: 100.00%, Valid: 61.40%, Test: 61.20%, Best Valid: 64.20%, Best Test: 64.20%
Run 07:
Highest Train: 100.00
Highest Valid: 64.20
Highest Test: 64.20
Chosen epoch: 458
Final Train: 100.00
Final Test: 64.20
train:torch.Size([14]), valid:torch.Size([500]), test:torch.Size([1000])
Pre-training MLP for 500 epochs to generate co-occurrence matrix...
MLP pre-training complete. Penalty matrix frozen.
Epoch: 00, Loss: 2.4358, Train: 28.57%, Valid: 12.40%, Test: 12.50%, Best Valid: 12.40%, Best Test: 12.50%
Switching Polynormer to global attention phase.
Epoch: 100, Loss: 2.1405, Train: 14.29%, Valid: 14.20%, Test: 12.40%, Best Valid: 59.00%, Best Test: 54.40%
Epoch: 200, Loss: 0.0000, Train: 100.00%, Valid: 47.40%, Test: 43.20%, Best Valid: 59.00%, Best Test: 54.40%
Epoch: 300, Loss: 0.0000, Train: 100.00%, Valid: 41.80%, Test: 38.50%, Best Valid: 59.00%, Best Test: 54.40%
Epoch: 400, Loss: 0.0000, Train: 100.00%, Valid: 53.60%, Test: 51.30%, Best Valid: 59.00%, Best Test: 54.40%
Epoch: 500, Loss: 0.0001, Train: 100.00%, Valid: 53.80%, Test: 50.60%, Best Valid: 59.00%, Best Test: 54.40%
Epoch: 600, Loss: 0.0000, Train: 100.00%, Valid: 54.80%, Test: 48.90%, Best Valid: 59.00%, Best Test: 54.40%
Epoch: 700, Loss: 0.0000, Train: 100.00%, Valid: 56.20%, Test: 49.90%, Best Valid: 59.00%, Best Test: 54.40%
Epoch: 800, Loss: 0.0000, Train: 100.00%, Valid: 56.80%, Test: 49.60%, Best Valid: 59.00%, Best Test: 54.40%
Epoch: 900, Loss: 0.0004, Train: 100.00%, Valid: 55.40%, Test: 49.00%, Best Valid: 59.00%, Best Test: 54.40%
Epoch: 1000, Loss: 0.0001, Train: 100.00%, Valid: 55.00%, Test: 49.00%, Best Valid: 59.00%, Best Test: 54.40%
Run 08:
Highest Train: 100.00
Highest Valid: 59.00
Highest Test: 55.30
Chosen epoch: 94
Final Train: 100.00
Final Test: 54.40
train:torch.Size([14]), valid:torch.Size([500]), test:torch.Size([1000])
Pre-training MLP for 500 epochs to generate co-occurrence matrix...
MLP pre-training complete. Penalty matrix frozen.
Epoch: 00, Loss: 2.4752, Train: 28.57%, Valid: 19.60%, Test: 20.50%, Best Valid: 19.60%, Best Test: 20.50%
Switching Polynormer to global attention phase.
Epoch: 100, Loss: 2.1405, Train: 14.29%, Valid: 16.20%, Test: 12.00%, Best Valid: 41.00%, Best Test: 44.60%
Epoch: 200, Loss: 0.0137, Train: 100.00%, Valid: 34.20%, Test: 41.10%, Best Valid: 49.20%, Best Test: 50.20%
Epoch: 300, Loss: 0.0000, Train: 100.00%, Valid: 32.00%, Test: 37.50%, Best Valid: 49.20%, Best Test: 50.20%
Epoch: 400, Loss: 0.0000, Train: 100.00%, Valid: 34.00%, Test: 39.10%, Best Valid: 49.20%, Best Test: 50.20%
Epoch: 500, Loss: 0.0000, Train: 100.00%, Valid: 35.00%, Test: 40.30%, Best Valid: 49.20%, Best Test: 50.20%
Epoch: 600, Loss: 0.0002, Train: 100.00%, Valid: 36.00%, Test: 41.60%, Best Valid: 49.20%, Best Test: 50.20%
Epoch: 700, Loss: 0.0003, Train: 100.00%, Valid: 36.40%, Test: 42.10%, Best Valid: 49.20%, Best Test: 50.20%
Epoch: 800, Loss: 0.0062, Train: 100.00%, Valid: 41.80%, Test: 43.60%, Best Valid: 49.20%, Best Test: 50.20%
Epoch: 900, Loss: 0.0030, Train: 100.00%, Valid: 40.40%, Test: 42.90%, Best Valid: 49.20%, Best Test: 50.20%
Epoch: 1000, Loss: 0.0001, Train: 100.00%, Valid: 41.60%, Test: 44.10%, Best Valid: 49.20%, Best Test: 50.20%
Run 09:
Highest Train: 100.00
Highest Valid: 49.20
Highest Test: 50.20
Chosen epoch: 136
Final Train: 100.00
Final Test: 50.20
train:torch.Size([14]), valid:torch.Size([500]), test:torch.Size([1000])
Pre-training MLP for 500 epochs to generate co-occurrence matrix...
MLP pre-training complete. Penalty matrix frozen.
Epoch: 00, Loss: 2.5294, Train: 35.71%, Valid: 11.60%, Test: 12.70%, Best Valid: 11.60%, Best Test: 12.70%
Switching Polynormer to global attention phase.
Epoch: 100, Loss: 2.1404, Train: 14.29%, Valid: 12.40%, Test: 13.80%, Best Valid: 47.80%, Best Test: 54.40%
Epoch: 200, Loss: 0.0052, Train: 100.00%, Valid: 39.00%, Test: 40.70%, Best Valid: 55.40%, Best Test: 57.30%
Epoch: 300, Loss: 0.0000, Train: 100.00%, Valid: 39.40%, Test: 45.30%, Best Valid: 55.40%, Best Test: 57.30%
Epoch: 400, Loss: 0.5001, Train: 100.00%, Valid: 41.20%, Test: 46.70%, Best Valid: 55.40%, Best Test: 57.30%
Epoch: 500, Loss: 0.0000, Train: 100.00%, Valid: 44.60%, Test: 51.40%, Best Valid: 55.40%, Best Test: 57.30%
Epoch: 600, Loss: 0.0000, Train: 100.00%, Valid: 44.40%, Test: 51.00%, Best Valid: 55.40%, Best Test: 57.30%
Epoch: 700, Loss: 0.0000, Train: 100.00%, Valid: 45.00%, Test: 50.90%, Best Valid: 55.40%, Best Test: 57.30%
Epoch: 800, Loss: 0.0000, Train: 100.00%, Valid: 44.40%, Test: 50.90%, Best Valid: 55.40%, Best Test: 57.30%
Epoch: 900, Loss: 0.0000, Train: 100.00%, Valid: 43.20%, Test: 50.50%, Best Valid: 55.40%, Best Test: 57.30%
Epoch: 1000, Loss: 0.0000, Train: 100.00%, Valid: 45.20%, Test: 51.90%, Best Valid: 55.40%, Best Test: 57.30%
Run 10:
Highest Train: 100.00
Highest Valid: 55.40
Highest Test: 57.30
Chosen epoch: 168
Final Train: 100.00
Final Test: 57.30
All runs:
Highest Train: 100.00 ± 0.00
Highest Test: 56.64 ± 5.15
Highest Valid: 56.98 ± 5.39
  Final Train: 100.00 ± 0.00
   Final Test: 56.14 ± 5.06
Saving results to ../results/lowlabel/cora/polynormer.csv
--- mlp_reg | lambda=0.2 ---
Namespace(aggregate='add', alpha=0.5, attention='gcn', beta=-1.0, bn=False, budget_tag='2', count_reg=False, count_smoothing=1.0, cpu=False, data_dir='../data/', dataset='cora', device=0, dim_inner=64, display_step=100, dropout=0.5, epochs=500, global_dropout=None, global_epochs=1000, global_layers=1, gnn='gcn', graph_weight=0.8, hidden_channels=64, hops=10, in_dropout=0.2, jk=False, label_num_per_class=2, lambda_val=0.2, layers=1, ln=False, local_epochs=100, local_gnn_type='GCN', local_layers=5, lr=0.001, metric='acc', mlp_epochs=500, mlp_reg=True, model='polynormer', model_dir='models/lowlabel_1161133_27', n_heads=8, num_centroids=4096, num_heads=8, oracle_reg=False, paired_seeds=True, pe_types='RWSE', penalty_transform='none', pre_linear=False, pre_ln=False, rand_split=False, rand_split_class=True, reg_start_epoch=10, reg_update_freq=5, res=False, resample_split_per_run=True, result_dir='../results/lowlabel', runs=10, save_model=True, save_result=False, seed=123, test_num=1000, tr_dropout=None, tr_layers=1, tr_weight_decay=None, train_per_class=0, train_prop=0.5, use_act=False, use_bn=False, use_graph=False, use_reg=True, use_residual=False, use_weight=False, valid_num=500, valid_per_class=0, valid_prop=0.25, weight_decay=0.0005)
cora
Num nodes: 2708
train:torch.Size([14]), valid:torch.Size([500]), test:torch.Size([1000])
dataset cora | num nodes 2708 | num edge 10556 | num node feats 1433 | num classes 7
MODEL: Polynormer(
  (h_lins): ModuleList(
    (0): Linear(in_features=512, out_features=512, bias=True)
    (1): Linear(in_features=512, out_features=512, bias=True)
    (2): Linear(in_features=512, out_features=512, bias=True)
    (3): Linear(in_features=512, out_features=512, bias=True)
    (4): Linear(in_features=512, out_features=512, bias=True)
  )
  (local_convs): ModuleList(
    (0): GATConv(512, 64, heads=8)
    (1): GATConv(512, 64, heads=8)
    (2): GATConv(512, 64, heads=8)
    (3): GATConv(512, 64, heads=8)
    (4): GATConv(512, 64, heads=8)
  )
  (lins): ModuleList(
    (0): Linear(in_features=512, out_features=512, bias=True)
    (1): Linear(in_features=512, out_features=512, bias=True)
    (2): Linear(in_features=512, out_features=512, bias=True)
    (3): Linear(in_features=512, out_features=512, bias=True)
    (4): Linear(in_features=512, out_features=512, bias=True)
  )
  (lns): ModuleList(
    (0): LayerNorm((512,), eps=1e-05, elementwise_affine=True)
    (1): LayerNorm((512,), eps=1e-05, elementwise_affine=True)
    (2): LayerNorm((512,), eps=1e-05, elementwise_affine=True)
    (3): LayerNorm((512,), eps=1e-05, elementwise_affine=True)
    (4): LayerNorm((512,), eps=1e-05, elementwise_affine=True)
  )
  (lin_in): Linear(in_features=1433, out_features=512, bias=True)
  (ln): LayerNorm((512,), eps=1e-05, elementwise_affine=True)
  (global_attn): GlobalAttn(
    (h_lins): ModuleList(
      (0): Linear(in_features=512, out_features=512, bias=True)
    )
    (k_lins): ModuleList(
      (0): Linear(in_features=512, out_features=512, bias=True)
    )
    (v_lins): ModuleList(
      (0): Linear(in_features=512, out_features=512, bias=True)
    )
    (lns): ModuleList(
      (0): LayerNorm((512,), eps=1e-05, elementwise_affine=True)
    )
    (lin_out): Linear(in_features=512, out_features=512, bias=True)
  )
  (pred_local): Linear(in_features=512, out_features=7, bias=True)
  (pred_global): Linear(in_features=512, out_features=7, bias=True)
)
train:torch.Size([14]), valid:torch.Size([500]), test:torch.Size([1000])
Pre-training MLP for 500 epochs to generate co-occurrence matrix...
MLP pre-training complete. Penalty matrix frozen.
Epoch: 00, Loss: 3.0476, Train: 28.57%, Valid: 23.40%, Test: 21.90%, Best Valid: 23.40%, Best Test: 21.90%
Switching Polynormer to global attention phase.
Epoch: 100, Loss: 2.4788, Train: 92.86%, Valid: 47.20%, Test: 40.50%, Best Valid: 52.40%, Best Test: 46.40%
Epoch: 200, Loss: 0.0001, Train: 100.00%, Valid: 52.60%, Test: 47.30%, Best Valid: 55.60%, Best Test: 49.90%
Epoch: 300, Loss: 0.0026, Train: 100.00%, Valid: 51.00%, Test: 45.30%, Best Valid: 60.20%, Best Test: 56.00%
Epoch: 400, Loss: 0.0010, Train: 100.00%, Valid: 48.80%, Test: 43.60%, Best Valid: 60.20%, Best Test: 56.00%
Epoch: 500, Loss: 0.0005, Train: 100.00%, Valid: 50.00%, Test: 45.00%, Best Valid: 60.20%, Best Test: 56.00%
Epoch: 600, Loss: 0.0006, Train: 100.00%, Valid: 52.00%, Test: 45.30%, Best Valid: 60.20%, Best Test: 56.00%
Epoch: 700, Loss: 0.0008, Train: 100.00%, Valid: 55.00%, Test: 50.20%, Best Valid: 60.20%, Best Test: 56.00%
Epoch: 800, Loss: 0.0009, Train: 100.00%, Valid: 54.00%, Test: 48.60%, Best Valid: 60.20%, Best Test: 56.00%
Epoch: 900, Loss: 0.0005, Train: 100.00%, Valid: 54.00%, Test: 48.80%, Best Valid: 60.20%, Best Test: 56.00%
Epoch: 1000, Loss: 0.0003, Train: 100.00%, Valid: 54.40%, Test: 48.80%, Best Valid: 60.20%, Best Test: 56.00%
Run 01:
Highest Train: 100.00
Highest Valid: 60.20
Highest Test: 56.30
Chosen epoch: 264
Final Train: 100.00
Final Test: 56.00
train:torch.Size([14]), valid:torch.Size([500]), test:torch.Size([1000])
Pre-training MLP for 500 epochs to generate co-occurrence matrix...
MLP pre-training complete. Penalty matrix frozen.
Epoch: 00, Loss: 2.6623, Train: 7.14%, Valid: 11.60%, Test: 12.50%, Best Valid: 11.60%, Best Test: 12.50%
Switching Polynormer to global attention phase.
Epoch: 100, Loss: 2.3351, Train: 14.29%, Valid: 10.20%, Test: 11.80%, Best Valid: 43.80%, Best Test: 39.90%
Epoch: 200, Loss: 0.0001, Train: 100.00%, Valid: 38.40%, Test: 35.80%, Best Valid: 46.20%, Best Test: 44.70%
Epoch: 300, Loss: 0.0000, Train: 100.00%, Valid: 31.20%, Test: 32.60%, Best Valid: 46.20%, Best Test: 44.70%
Epoch: 400, Loss: 0.0000, Train: 100.00%, Valid: 28.00%, Test: 29.60%, Best Valid: 46.20%, Best Test: 44.70%
Epoch: 500, Loss: 0.0000, Train: 100.00%, Valid: 28.20%, Test: 30.00%, Best Valid: 46.20%, Best Test: 44.70%
Epoch: 600, Loss: 0.0000, Train: 100.00%, Valid: 38.80%, Test: 38.90%, Best Valid: 49.60%, Best Test: 52.40%
Epoch: 700, Loss: 0.0001, Train: 100.00%, Valid: 39.00%, Test: 39.40%, Best Valid: 49.60%, Best Test: 52.40%
Epoch: 800, Loss: 0.0001, Train: 100.00%, Valid: 38.60%, Test: 38.80%, Best Valid: 49.60%, Best Test: 52.40%
Epoch: 900, Loss: 0.0001, Train: 100.00%, Valid: 38.60%, Test: 39.20%, Best Valid: 49.60%, Best Test: 52.40%
Epoch: 1000, Loss: 0.0001, Train: 100.00%, Valid: 36.00%, Test: 35.80%, Best Valid: 49.60%, Best Test: 52.40%
Run 02:
Highest Train: 100.00
Highest Valid: 49.60
Highest Test: 52.40
Chosen epoch: 550
Final Train: 100.00
Final Test: 52.40
train:torch.Size([14]), valid:torch.Size([500]), test:torch.Size([1000])
Pre-training MLP for 500 epochs to generate co-occurrence matrix...
MLP pre-training complete. Penalty matrix frozen.
Epoch: 00, Loss: 2.6131, Train: 21.43%, Valid: 19.00%, Test: 15.80%, Best Valid: 19.00%, Best Test: 15.80%
Switching Polynormer to global attention phase.
Epoch: 100, Loss: 2.3351, Train: 14.29%, Valid: 13.60%, Test: 15.40%, Best Valid: 59.00%, Best Test: 59.40%
Epoch: 200, Loss: 0.0001, Train: 100.00%, Valid: 45.20%, Test: 42.00%, Best Valid: 59.00%, Best Test: 59.40%
Epoch: 300, Loss: 0.0000, Train: 100.00%, Valid: 41.60%, Test: 38.20%, Best Valid: 59.00%, Best Test: 59.40%
Epoch: 400, Loss: 0.0001, Train: 100.00%, Valid: 49.80%, Test: 51.40%, Best Valid: 59.00%, Best Test: 59.40%
Epoch: 500, Loss: 0.0000, Train: 100.00%, Valid: 54.00%, Test: 53.70%, Best Valid: 59.00%, Best Test: 59.40%
Epoch: 600, Loss: 0.0000, Train: 100.00%, Valid: 56.00%, Test: 54.10%, Best Valid: 59.00%, Best Test: 59.40%
Epoch: 700, Loss: 0.0000, Train: 100.00%, Valid: 56.60%, Test: 54.60%, Best Valid: 59.00%, Best Test: 59.40%
Epoch: 800, Loss: 0.0000, Train: 100.00%, Valid: 56.20%, Test: 54.80%, Best Valid: 59.00%, Best Test: 59.40%
Epoch: 900, Loss: 0.0006, Train: 100.00%, Valid: 55.60%, Test: 54.80%, Best Valid: 59.00%, Best Test: 59.40%
Epoch: 1000, Loss: 0.0001, Train: 100.00%, Valid: 55.80%, Test: 55.00%, Best Valid: 59.00%, Best Test: 59.40%
Run 03:
Highest Train: 100.00
Highest Valid: 59.00
Highest Test: 59.60
Chosen epoch: 89
Final Train: 100.00
Final Test: 59.40
train:torch.Size([14]), valid:torch.Size([500]), test:torch.Size([1000])
Pre-training MLP for 500 epochs to generate co-occurrence matrix...
MLP pre-training complete. Penalty matrix frozen.
Epoch: 00, Loss: 3.0938, Train: 42.86%, Valid: 11.80%, Test: 13.60%, Best Valid: 11.80%, Best Test: 13.60%
Switching Polynormer to global attention phase.
Epoch: 100, Loss: 2.3354, Train: 14.29%, Valid: 8.20%, Test: 8.10%, Best Valid: 46.20%, Best Test: 43.90%
Epoch: 200, Loss: 0.0000, Train: 100.00%, Valid: 41.00%, Test: 39.80%, Best Valid: 50.80%, Best Test: 50.20%
Epoch: 300, Loss: 0.0000, Train: 100.00%, Valid: 44.80%, Test: 42.60%, Best Valid: 50.80%, Best Test: 50.20%
Epoch: 400, Loss: 0.0000, Train: 100.00%, Valid: 48.00%, Test: 45.80%, Best Valid: 50.80%, Best Test: 50.20%
Epoch: 500, Loss: 0.0074, Train: 100.00%, Valid: 49.20%, Test: 46.40%, Best Valid: 50.80%, Best Test: 50.20%
Epoch: 600, Loss: 0.0000, Train: 100.00%, Valid: 49.40%, Test: 47.30%, Best Valid: 50.80%, Best Test: 50.20%
Epoch: 700, Loss: 0.0000, Train: 100.00%, Valid: 50.00%, Test: 48.30%, Best Valid: 50.80%, Best Test: 50.20%
Epoch: 800, Loss: 0.0004, Train: 100.00%, Valid: 50.80%, Test: 49.50%, Best Valid: 51.00%, Best Test: 49.20%
Epoch: 900, Loss: 0.0001, Train: 100.00%, Valid: 52.40%, Test: 53.00%, Best Valid: 52.40%, Best Test: 52.70%
Epoch: 1000, Loss: 0.0003, Train: 100.00%, Valid: 54.00%, Test: 52.60%, Best Valid: 55.00%, Best Test: 53.40%
Run 04:
Highest Train: 100.00
Highest Valid: 55.60
Highest Test: 54.60
Chosen epoch: 1091
Final Train: 100.00
Final Test: 54.50
train:torch.Size([14]), valid:torch.Size([500]), test:torch.Size([1000])
Pre-training MLP for 500 epochs to generate co-occurrence matrix...
MLP pre-training complete. Penalty matrix frozen.
Epoch: 00, Loss: 2.5622, Train: 28.57%, Valid: 15.20%, Test: 14.30%, Best Valid: 15.20%, Best Test: 14.30%
Switching Polynormer to global attention phase.
Epoch: 100, Loss: 2.3351, Train: 14.29%, Valid: 5.00%, Test: 7.00%, Best Valid: 52.00%, Best Test: 54.90%
Epoch: 200, Loss: 0.0021, Train: 100.00%, Valid: 49.80%, Test: 49.90%, Best Valid: 52.00%, Best Test: 54.90%
Epoch: 300, Loss: 0.0000, Train: 100.00%, Valid: 49.00%, Test: 49.40%, Best Valid: 52.00%, Best Test: 54.90%
Epoch: 400, Loss: 0.0000, Train: 100.00%, Valid: 49.80%, Test: 49.60%, Best Valid: 57.80%, Best Test: 53.40%
Epoch: 500, Loss: 0.0000, Train: 100.00%, Valid: 50.20%, Test: 50.20%, Best Valid: 57.80%, Best Test: 53.40%
Epoch: 600, Loss: 0.0012, Train: 100.00%, Valid: 48.80%, Test: 49.90%, Best Valid: 57.80%, Best Test: 53.40%
Epoch: 700, Loss: 0.0016, Train: 100.00%, Valid: 48.20%, Test: 49.30%, Best Valid: 59.40%, Best Test: 55.80%
Epoch: 800, Loss: 0.0004, Train: 100.00%, Valid: 53.60%, Test: 51.10%, Best Valid: 59.40%, Best Test: 55.80%
Epoch: 900, Loss: 0.0000, Train: 100.00%, Valid: 53.80%, Test: 52.10%, Best Valid: 59.40%, Best Test: 55.80%
Epoch: 1000, Loss: 0.0000, Train: 100.00%, Valid: 53.20%, Test: 52.00%, Best Valid: 59.40%, Best Test: 55.80%
Run 05:
Highest Train: 100.00
Highest Valid: 59.40
Highest Test: 57.00
Chosen epoch: 620
Final Train: 100.00
Final Test: 55.80
train:torch.Size([14]), valid:torch.Size([500]), test:torch.Size([1000])
Pre-training MLP for 500 epochs to generate co-occurrence matrix...
MLP pre-training complete. Penalty matrix frozen.
Epoch: 00, Loss: 2.6569, Train: 35.71%, Valid: 16.00%, Test: 14.90%, Best Valid: 16.00%, Best Test: 14.90%
Switching Polynormer to global attention phase.
Epoch: 100, Loss: 2.3351, Train: 14.29%, Valid: 30.00%, Test: 30.50%, Best Valid: 51.80%, Best Test: 56.20%
Epoch: 200, Loss: 0.0003, Train: 100.00%, Valid: 51.80%, Test: 52.20%, Best Valid: 51.80%, Best Test: 56.20%
Epoch: 300, Loss: 0.0011, Train: 100.00%, Valid: 47.20%, Test: 48.70%, Best Valid: 54.20%, Best Test: 54.40%
Epoch: 400, Loss: 0.0000, Train: 100.00%, Valid: 52.40%, Test: 54.10%, Best Valid: 54.20%, Best Test: 54.40%
Epoch: 500, Loss: 0.0007, Train: 100.00%, Valid: 54.00%, Test: 55.20%, Best Valid: 54.20%, Best Test: 54.40%
Epoch: 600, Loss: 0.0003, Train: 100.00%, Valid: 53.80%, Test: 55.60%, Best Valid: 54.20%, Best Test: 54.40%
Epoch: 700, Loss: 0.0006, Train: 100.00%, Valid: 53.80%, Test: 55.70%, Best Valid: 54.20%, Best Test: 54.40%
Epoch: 800, Loss: 0.0005, Train: 100.00%, Valid: 54.20%, Test: 57.20%, Best Valid: 54.20%, Best Test: 54.40%
Epoch: 900, Loss: 0.0007, Train: 100.00%, Valid: 55.20%, Test: 58.60%, Best Valid: 55.20%, Best Test: 58.30%
Epoch: 1000, Loss: 0.0004, Train: 100.00%, Valid: 55.40%, Test: 59.20%, Best Valid: 55.80%, Best Test: 59.50%
Run 06:
Highest Train: 100.00
Highest Valid: 56.00
Highest Test: 59.60
Chosen epoch: 1076
Final Train: 100.00
Final Test: 59.30
train:torch.Size([14]), valid:torch.Size([500]), test:torch.Size([1000])
Pre-training MLP for 500 epochs to generate co-occurrence matrix...
MLP pre-training complete. Penalty matrix frozen.
Epoch: 00, Loss: 2.4812, Train: 28.57%, Valid: 10.60%, Test: 12.00%, Best Valid: 10.60%, Best Test: 12.00%
Switching Polynormer to global attention phase.
Epoch: 100, Loss: 2.3349, Train: 14.29%, Valid: 15.20%, Test: 16.80%, Best Valid: 61.20%, Best Test: 58.90%
Epoch: 200, Loss: 0.0024, Train: 100.00%, Valid: 47.40%, Test: 51.40%, Best Valid: 64.20%, Best Test: 61.50%
Epoch: 300, Loss: 0.0007, Train: 100.00%, Valid: 39.20%, Test: 39.50%, Best Valid: 64.20%, Best Test: 61.50%
Epoch: 400, Loss: 0.0005, Train: 100.00%, Valid: 38.60%, Test: 38.20%, Best Valid: 64.20%, Best Test: 61.50%
Epoch: 500, Loss: 0.0001, Train: 100.00%, Valid: 43.80%, Test: 46.40%, Best Valid: 64.20%, Best Test: 61.50%
Epoch: 600, Loss: 0.0000, Train: 100.00%, Valid: 41.40%, Test: 43.40%, Best Valid: 64.20%, Best Test: 61.50%
Epoch: 700, Loss: 0.0000, Train: 100.00%, Valid: 45.80%, Test: 48.40%, Best Valid: 64.20%, Best Test: 61.50%
Epoch: 800, Loss: 0.0000, Train: 100.00%, Valid: 40.20%, Test: 43.50%, Best Valid: 64.20%, Best Test: 61.50%
Epoch: 900, Loss: 0.0000, Train: 100.00%, Valid: 36.00%, Test: 39.00%, Best Valid: 64.20%, Best Test: 61.50%
Epoch: 1000, Loss: 0.0000, Train: 100.00%, Valid: 36.80%, Test: 38.60%, Best Valid: 64.20%, Best Test: 61.50%
Run 07:
Highest Train: 100.00
Highest Valid: 64.20
Highest Test: 62.00
Chosen epoch: 162
Final Train: 100.00
Final Test: 61.50
train:torch.Size([14]), valid:torch.Size([500]), test:torch.Size([1000])
Pre-training MLP for 500 epochs to generate co-occurrence matrix...
MLP pre-training complete. Penalty matrix frozen.
Epoch: 00, Loss: 2.6572, Train: 28.57%, Valid: 12.20%, Test: 12.40%, Best Valid: 12.20%, Best Test: 12.40%
Switching Polynormer to global attention phase.
Epoch: 100, Loss: 2.3351, Train: 14.29%, Valid: 14.20%, Test: 12.40%, Best Valid: 54.00%, Best Test: 49.10%
Epoch: 200, Loss: 0.0005, Train: 100.00%, Valid: 39.40%, Test: 35.30%, Best Valid: 54.40%, Best Test: 52.40%
Epoch: 300, Loss: 0.0001, Train: 100.00%, Valid: 46.60%, Test: 44.30%, Best Valid: 54.40%, Best Test: 52.40%
Epoch: 400, Loss: 0.0000, Train: 100.00%, Valid: 46.20%, Test: 41.10%, Best Valid: 54.40%, Best Test: 52.40%
Epoch: 500, Loss: 0.0000, Train: 100.00%, Valid: 47.40%, Test: 43.00%, Best Valid: 54.40%, Best Test: 52.40%
Epoch: 600, Loss: 0.0000, Train: 100.00%, Valid: 49.60%, Test: 44.40%, Best Valid: 54.40%, Best Test: 52.40%
Epoch: 700, Loss: 0.0001, Train: 100.00%, Valid: 43.60%, Test: 43.60%, Best Valid: 54.40%, Best Test: 52.40%
Epoch: 800, Loss: 0.0000, Train: 100.00%, Valid: 45.60%, Test: 44.70%, Best Valid: 54.40%, Best Test: 52.40%
Epoch: 900, Loss: 0.0000, Train: 100.00%, Valid: 46.40%, Test: 45.40%, Best Valid: 54.40%, Best Test: 52.40%
Epoch: 1000, Loss: 0.0000, Train: 100.00%, Valid: 46.80%, Test: 46.20%, Best Valid: 54.40%, Best Test: 52.40%
Run 08:
Highest Train: 100.00
Highest Valid: 54.40
Highest Test: 52.40
Chosen epoch: 151
Final Train: 100.00
Final Test: 52.40
train:torch.Size([14]), valid:torch.Size([500]), test:torch.Size([1000])
Pre-training MLP for 500 epochs to generate co-occurrence matrix...
MLP pre-training complete. Penalty matrix frozen.
Epoch: 00, Loss: 2.7002, Train: 28.57%, Valid: 20.00%, Test: 20.60%, Best Valid: 20.00%, Best Test: 20.60%
Switching Polynormer to global attention phase.
Epoch: 100, Loss: 2.3352, Train: 14.29%, Valid: 7.60%, Test: 8.40%, Best Valid: 47.00%, Best Test: 50.50%
Epoch: 200, Loss: 0.0003, Train: 100.00%, Valid: 30.20%, Test: 36.30%, Best Valid: 54.00%, Best Test: 52.30%
Epoch: 300, Loss: 0.0000, Train: 100.00%, Valid: 42.40%, Test: 48.30%, Best Valid: 54.00%, Best Test: 52.30%
Epoch: 400, Loss: 0.0000, Train: 100.00%, Valid: 42.20%, Test: 48.70%, Best Valid: 54.00%, Best Test: 52.30%
Epoch: 500, Loss: 0.0002, Train: 100.00%, Valid: 42.80%, Test: 48.30%, Best Valid: 54.00%, Best Test: 52.30%
Epoch: 600, Loss: 0.0000, Train: 100.00%, Valid: 44.60%, Test: 49.70%, Best Valid: 54.00%, Best Test: 52.30%
Epoch: 700, Loss: 0.0000, Train: 100.00%, Valid: 44.60%, Test: 49.10%, Best Valid: 54.00%, Best Test: 52.30%
Epoch: 800, Loss: 0.0001, Train: 100.00%, Valid: 44.40%, Test: 49.10%, Best Valid: 54.00%, Best Test: 52.30%
Epoch: 900, Loss: 0.0001, Train: 100.00%, Valid: 44.60%, Test: 50.30%, Best Valid: 54.00%, Best Test: 52.30%
Epoch: 1000, Loss: 0.0001, Train: 100.00%, Valid: 43.80%, Test: 49.30%, Best Valid: 54.00%, Best Test: 52.30%
Run 09:
Highest Train: 100.00
Highest Valid: 54.00
Highest Test: 54.40
Chosen epoch: 170
Final Train: 100.00
Final Test: 52.30
train:torch.Size([14]), valid:torch.Size([500]), test:torch.Size([1000])
Pre-training MLP for 500 epochs to generate co-occurrence matrix...
MLP pre-training complete. Penalty matrix frozen.
Epoch: 00, Loss: 2.7593, Train: 35.71%, Valid: 11.40%, Test: 12.70%, Best Valid: 11.40%, Best Test: 12.70%
Switching Polynormer to global attention phase.
Epoch: 100, Loss: 2.3351, Train: 14.29%, Valid: 5.40%, Test: 7.80%, Best Valid: 46.80%, Best Test: 53.30%
Epoch: 200, Loss: 0.0000, Train: 100.00%, Valid: 47.80%, Test: 53.00%, Best Valid: 55.20%, Best Test: 58.80%
Epoch: 300, Loss: 0.0001, Train: 100.00%, Valid: 44.40%, Test: 50.80%, Best Valid: 55.20%, Best Test: 58.80%
Epoch: 400, Loss: 0.0000, Train: 100.00%, Valid: 44.00%, Test: 50.90%, Best Valid: 55.20%, Best Test: 58.80%
Epoch: 500, Loss: 0.0000, Train: 100.00%, Valid: 46.00%, Test: 50.30%, Best Valid: 56.80%, Best Test: 58.00%
Epoch: 600, Loss: 0.0000, Train: 100.00%, Valid: 42.60%, Test: 48.80%, Best Valid: 56.80%, Best Test: 58.00%
Epoch: 700, Loss: 0.0000, Train: 100.00%, Valid: 43.60%, Test: 50.50%, Best Valid: 56.80%, Best Test: 58.00%
Epoch: 800, Loss: 0.0000, Train: 100.00%, Valid: 44.00%, Test: 50.50%, Best Valid: 56.80%, Best Test: 58.00%
Epoch: 900, Loss: 0.0000, Train: 100.00%, Valid: 44.20%, Test: 50.30%, Best Valid: 56.80%, Best Test: 58.00%
Epoch: 1000, Loss: 0.0001, Train: 100.00%, Valid: 44.80%, Test: 51.10%, Best Valid: 56.80%, Best Test: 58.00%
Run 10:
Highest Train: 100.00
Highest Valid: 56.80
Highest Test: 58.80
Chosen epoch: 450
Final Train: 100.00
Final Test: 58.00
All runs:
Highest Train: 100.00 ± 0.00
Highest Test: 56.71 ± 3.27
Highest Valid: 56.92 ± 4.02
  Final Train: 100.00 ± 0.00
   Final Test: 56.16 ± 3.31
Saving results to ../results/lowlabel/cora/polynormer.csv
--- mlp_reg | lambda=0.4 ---
Namespace(aggregate='add', alpha=0.5, attention='gcn', beta=-1.0, bn=False, budget_tag='2', count_reg=False, count_smoothing=1.0, cpu=False, data_dir='../data/', dataset='cora', device=0, dim_inner=64, display_step=100, dropout=0.5, epochs=500, global_dropout=None, global_epochs=1000, global_layers=1, gnn='gcn', graph_weight=0.8, hidden_channels=64, hops=10, in_dropout=0.2, jk=False, label_num_per_class=2, lambda_val=0.4, layers=1, ln=False, local_epochs=100, local_gnn_type='GCN', local_layers=5, lr=0.001, metric='acc', mlp_epochs=500, mlp_reg=True, model='polynormer', model_dir='models/lowlabel_1161133_27', n_heads=8, num_centroids=4096, num_heads=8, oracle_reg=False, paired_seeds=True, pe_types='RWSE', penalty_transform='none', pre_linear=False, pre_ln=False, rand_split=False, rand_split_class=True, reg_start_epoch=10, reg_update_freq=5, res=False, resample_split_per_run=True, result_dir='../results/lowlabel', runs=10, save_model=True, save_result=False, seed=123, test_num=1000, tr_dropout=None, tr_layers=1, tr_weight_decay=None, train_per_class=0, train_prop=0.5, use_act=False, use_bn=False, use_graph=False, use_reg=True, use_residual=False, use_weight=False, valid_num=500, valid_per_class=0, valid_prop=0.25, weight_decay=0.0005)
cora
Num nodes: 2708
train:torch.Size([14]), valid:torch.Size([500]), test:torch.Size([1000])
dataset cora | num nodes 2708 | num edge 10556 | num node feats 1433 | num classes 7
MODEL: Polynormer(
  (h_lins): ModuleList(
    (0): Linear(in_features=512, out_features=512, bias=True)
    (1): Linear(in_features=512, out_features=512, bias=True)
    (2): Linear(in_features=512, out_features=512, bias=True)
    (3): Linear(in_features=512, out_features=512, bias=True)
    (4): Linear(in_features=512, out_features=512, bias=True)
  )
  (local_convs): ModuleList(
    (0): GATConv(512, 64, heads=8)
    (1): GATConv(512, 64, heads=8)
    (2): GATConv(512, 64, heads=8)
    (3): GATConv(512, 64, heads=8)
    (4): GATConv(512, 64, heads=8)
  )
  (lins): ModuleList(
    (0): Linear(in_features=512, out_features=512, bias=True)
    (1): Linear(in_features=512, out_features=512, bias=True)
    (2): Linear(in_features=512, out_features=512, bias=True)
    (3): Linear(in_features=512, out_features=512, bias=True)
    (4): Linear(in_features=512, out_features=512, bias=True)
  )
  (lns): ModuleList(
    (0): LayerNorm((512,), eps=1e-05, elementwise_affine=True)
    (1): LayerNorm((512,), eps=1e-05, elementwise_affine=True)
    (2): LayerNorm((512,), eps=1e-05, elementwise_affine=True)
    (3): LayerNorm((512,), eps=1e-05, elementwise_affine=True)
    (4): LayerNorm((512,), eps=1e-05, elementwise_affine=True)
  )
  (lin_in): Linear(in_features=1433, out_features=512, bias=True)
  (ln): LayerNorm((512,), eps=1e-05, elementwise_affine=True)
  (global_attn): GlobalAttn(
    (h_lins): ModuleList(
      (0): Linear(in_features=512, out_features=512, bias=True)
    )
    (k_lins): ModuleList(
      (0): Linear(in_features=512, out_features=512, bias=True)
    )
    (v_lins): ModuleList(
      (0): Linear(in_features=512, out_features=512, bias=True)
    )
    (lns): ModuleList(
      (0): LayerNorm((512,), eps=1e-05, elementwise_affine=True)
    )
    (lin_out): Linear(in_features=512, out_features=512, bias=True)
  )
  (pred_local): Linear(in_features=512, out_features=7, bias=True)
  (pred_global): Linear(in_features=512, out_features=7, bias=True)
)
train:torch.Size([14]), valid:torch.Size([500]), test:torch.Size([1000])
Pre-training MLP for 500 epochs to generate co-occurrence matrix...
MLP pre-training complete. Penalty matrix frozen.
Epoch: 00, Loss: 3.5556, Train: 28.57%, Valid: 22.80%, Test: 22.00%, Best Valid: 22.80%, Best Test: 22.00%
Switching Polynormer to global attention phase.
Epoch: 100, Loss: 2.8315, Train: 100.00%, Valid: 54.00%, Test: 46.50%, Best Valid: 54.00%, Best Test: 46.50%
Epoch: 200, Loss: 0.0001, Train: 100.00%, Valid: 53.00%, Test: 49.90%, Best Valid: 56.00%, Best Test: 50.80%
Epoch: 300, Loss: 0.0005, Train: 100.00%, Valid: 55.00%, Test: 50.50%, Best Valid: 56.00%, Best Test: 50.80%
Epoch: 400, Loss: 0.0014, Train: 100.00%, Valid: 55.40%, Test: 51.30%, Best Valid: 57.00%, Best Test: 53.30%
Epoch: 500, Loss: 0.0007, Train: 100.00%, Valid: 56.40%, Test: 52.70%, Best Valid: 59.00%, Best Test: 56.80%
Epoch: 600, Loss: 0.0007, Train: 100.00%, Valid: 56.60%, Test: 51.50%, Best Valid: 59.00%, Best Test: 56.80%
Epoch: 700, Loss: 0.0011, Train: 100.00%, Valid: 56.60%, Test: 51.70%, Best Valid: 59.00%, Best Test: 56.80%
Epoch: 800, Loss: 0.0005, Train: 100.00%, Valid: 53.80%, Test: 49.70%, Best Valid: 59.00%, Best Test: 56.80%
Epoch: 900, Loss: 0.0008, Train: 100.00%, Valid: 56.20%, Test: 52.00%, Best Valid: 59.00%, Best Test: 56.80%
Epoch: 1000, Loss: 0.0004, Train: 100.00%, Valid: 56.40%, Test: 51.40%, Best Valid: 59.00%, Best Test: 56.80%
Run 01:
Highest Train: 100.00
Highest Valid: 59.00
Highest Test: 56.80
Chosen epoch: 476
Final Train: 100.00
Final Test: 56.80
train:torch.Size([14]), valid:torch.Size([500]), test:torch.Size([1000])
Pre-training MLP for 500 epochs to generate co-occurrence matrix...
MLP pre-training complete. Penalty matrix frozen.
Epoch: 00, Loss: 3.1060, Train: 7.14%, Valid: 11.60%, Test: 12.40%, Best Valid: 11.60%, Best Test: 12.40%
Switching Polynormer to global attention phase.
Epoch: 100, Loss: 2.7243, Train: 14.29%, Valid: 10.20%, Test: 11.80%, Best Valid: 45.20%, Best Test: 44.70%
Epoch: 200, Loss: 0.0000, Train: 100.00%, Valid: 30.60%, Test: 31.40%, Best Valid: 46.40%, Best Test: 43.60%
Epoch: 300, Loss: 0.0002, Train: 100.00%, Valid: 36.80%, Test: 37.70%, Best Valid: 46.40%, Best Test: 43.60%
Epoch: 400, Loss: 0.0000, Train: 100.00%, Valid: 37.80%, Test: 40.60%, Best Valid: 46.40%, Best Test: 43.60%
Epoch: 500, Loss: 0.0000, Train: 100.00%, Valid: 38.00%, Test: 40.70%, Best Valid: 46.40%, Best Test: 43.60%
Epoch: 600, Loss: 0.0000, Train: 100.00%, Valid: 38.80%, Test: 40.90%, Best Valid: 46.40%, Best Test: 43.60%
Epoch: 700, Loss: 0.0001, Train: 100.00%, Valid: 38.40%, Test: 40.90%, Best Valid: 46.40%, Best Test: 43.60%
Epoch: 800, Loss: 0.0000, Train: 100.00%, Valid: 39.00%, Test: 40.90%, Best Valid: 46.40%, Best Test: 43.60%
Epoch: 900, Loss: 0.0002, Train: 100.00%, Valid: 40.00%, Test: 40.90%, Best Valid: 46.40%, Best Test: 43.60%
Epoch: 1000, Loss: 0.0000, Train: 100.00%, Valid: 40.60%, Test: 41.30%, Best Valid: 46.40%, Best Test: 43.60%
Run 02:
Highest Train: 100.00
Highest Valid: 46.40
Highest Test: 45.20
Chosen epoch: 173
Final Train: 100.00
Final Test: 43.60
train:torch.Size([14]), valid:torch.Size([500]), test:torch.Size([1000])
Pre-training MLP for 500 epochs to generate co-occurrence matrix...
MLP pre-training complete. Penalty matrix frozen.
Epoch: 00, Loss: 3.0487, Train: 14.29%, Valid: 19.00%, Test: 15.20%, Best Valid: 19.00%, Best Test: 15.20%
Switching Polynormer to global attention phase.
Epoch: 100, Loss: 2.7243, Train: 14.29%, Valid: 13.60%, Test: 15.40%, Best Valid: 57.00%, Best Test: 55.60%
Epoch: 200, Loss: 0.0000, Train: 100.00%, Valid: 47.20%, Test: 46.10%, Best Valid: 57.00%, Best Test: 55.60%
Epoch: 300, Loss: 0.0000, Train: 100.00%, Valid: 47.80%, Test: 45.00%, Best Valid: 57.00%, Best Test: 55.60%
Epoch: 400, Loss: 0.0001, Train: 100.00%, Valid: 49.20%, Test: 46.50%, Best Valid: 57.00%, Best Test: 55.60%
Epoch: 500, Loss: 0.0005, Train: 100.00%, Valid: 57.40%, Test: 56.50%, Best Valid: 61.60%, Best Test: 59.60%
Epoch: 600, Loss: 0.0003, Train: 100.00%, Valid: 54.20%, Test: 54.60%, Best Valid: 61.60%, Best Test: 59.60%
Epoch: 700, Loss: 0.0011, Train: 100.00%, Valid: 53.00%, Test: 53.50%, Best Valid: 61.60%, Best Test: 59.60%
Epoch: 800, Loss: 0.0004, Train: 100.00%, Valid: 54.20%, Test: 53.50%, Best Valid: 61.60%, Best Test: 59.60%
Epoch: 900, Loss: 0.0004, Train: 100.00%, Valid: 54.40%, Test: 53.00%, Best Valid: 61.60%, Best Test: 59.60%
Epoch: 1000, Loss: 0.0007, Train: 100.00%, Valid: 53.20%, Test: 51.10%, Best Valid: 61.60%, Best Test: 59.60%
Run 03:
Highest Train: 100.00
Highest Valid: 61.60
Highest Test: 59.60
Chosen epoch: 482
Final Train: 100.00
Final Test: 59.60
train:torch.Size([14]), valid:torch.Size([500]), test:torch.Size([1000])
Pre-training MLP for 500 epochs to generate co-occurrence matrix...
MLP pre-training complete. Penalty matrix frozen.
Epoch: 00, Loss: 3.6094, Train: 35.71%, Valid: 11.20%, Test: 13.70%, Best Valid: 11.20%, Best Test: 13.70%
Switching Polynormer to global attention phase.
Epoch: 100, Loss: 2.7243, Train: 14.29%, Valid: 14.60%, Test: 12.10%, Best Valid: 45.60%, Best Test: 44.90%
Epoch: 200, Loss: 0.0009, Train: 100.00%, Valid: 41.20%, Test: 38.50%, Best Valid: 45.60%, Best Test: 44.90%
Epoch: 300, Loss: 0.0000, Train: 100.00%, Valid: 46.00%, Test: 47.80%, Best Valid: 50.80%, Best Test: 53.80%
Epoch: 400, Loss: 0.0000, Train: 100.00%, Valid: 48.20%, Test: 48.70%, Best Valid: 50.80%, Best Test: 53.80%
Epoch: 500, Loss: 0.0012, Train: 100.00%, Valid: 49.60%, Test: 49.80%, Best Valid: 50.80%, Best Test: 53.80%
Epoch: 600, Loss: 0.0001, Train: 100.00%, Valid: 49.80%, Test: 52.00%, Best Valid: 50.80%, Best Test: 53.80%
Epoch: 700, Loss: 0.0001, Train: 100.00%, Valid: 48.40%, Test: 48.10%, Best Valid: 50.80%, Best Test: 53.80%
Epoch: 800, Loss: 0.0002, Train: 100.00%, Valid: 48.40%, Test: 47.70%, Best Valid: 50.80%, Best Test: 53.80%
Epoch: 900, Loss: 0.0001, Train: 100.00%, Valid: 48.80%, Test: 49.20%, Best Valid: 50.80%, Best Test: 53.80%
Epoch: 1000, Loss: 0.0001, Train: 100.00%, Valid: 50.20%, Test: 50.70%, Best Valid: 50.80%, Best Test: 53.80%
Run 04:
Highest Train: 100.00
Highest Valid: 51.40
Highest Test: 53.80
Chosen epoch: 1090
Final Train: 100.00
Final Test: 51.30
train:torch.Size([14]), valid:torch.Size([500]), test:torch.Size([1000])
Pre-training MLP for 500 epochs to generate co-occurrence matrix...
MLP pre-training complete. Penalty matrix frozen.
Epoch: 00, Loss: 2.9893, Train: 35.71%, Valid: 16.60%, Test: 14.00%, Best Valid: 16.60%, Best Test: 14.00%
Switching Polynormer to global attention phase.
Epoch: 100, Loss: 2.7243, Train: 7.14%, Valid: 9.80%, Test: 10.10%, Best Valid: 55.00%, Best Test: 56.90%
Epoch: 200, Loss: 0.0056, Train: 100.00%, Valid: 48.80%, Test: 52.60%, Best Valid: 56.40%, Best Test: 57.60%
Epoch: 300, Loss: 0.0394, Train: 100.00%, Valid: 31.60%, Test: 33.50%, Best Valid: 57.40%, Best Test: 57.70%
Epoch: 400, Loss: 0.0001, Train: 100.00%, Valid: 35.00%, Test: 37.10%, Best Valid: 57.40%, Best Test: 57.70%
Epoch: 500, Loss: 0.0006, Train: 100.00%, Valid: 34.60%, Test: 37.40%, Best Valid: 57.40%, Best Test: 57.70%
Epoch: 600, Loss: 0.0005, Train: 100.00%, Valid: 38.40%, Test: 41.80%, Best Valid: 57.40%, Best Test: 57.70%
Epoch: 700, Loss: 0.0005, Train: 100.00%, Valid: 34.60%, Test: 37.60%, Best Valid: 57.40%, Best Test: 57.70%
Epoch: 800, Loss: 0.0007, Train: 100.00%, Valid: 36.80%, Test: 40.00%, Best Valid: 57.40%, Best Test: 57.70%
Epoch: 900, Loss: 0.0003, Train: 100.00%, Valid: 37.00%, Test: 41.10%, Best Valid: 57.40%, Best Test: 57.70%
Epoch: 1000, Loss: 0.0003, Train: 100.00%, Valid: 38.00%, Test: 41.40%, Best Valid: 57.40%, Best Test: 57.70%
Run 05:
Highest Train: 100.00
Highest Valid: 57.40
Highest Test: 58.20
Chosen epoch: 234
Final Train: 100.00
Final Test: 57.70
train:torch.Size([14]), valid:torch.Size([500]), test:torch.Size([1000])
Pre-training MLP for 500 epochs to generate co-occurrence matrix...
MLP pre-training complete. Penalty matrix frozen.
Epoch: 00, Loss: 3.0997, Train: 35.71%, Valid: 15.60%, Test: 15.10%, Best Valid: 15.60%, Best Test: 15.10%
Switching Polynormer to global attention phase.
Epoch: 100, Loss: 2.7243, Train: 14.29%, Valid: 14.40%, Test: 16.00%, Best Valid: 49.20%, Best Test: 51.30%
Epoch: 200, Loss: 0.0000, Train: 100.00%, Valid: 37.20%, Test: 34.50%, Best Valid: 56.00%, Best Test: 58.30%
Epoch: 300, Loss: 0.0004, Train: 100.00%, Valid: 49.80%, Test: 56.30%, Best Valid: 56.00%, Best Test: 58.30%
Epoch: 400, Loss: 0.0000, Train: 100.00%, Valid: 50.40%, Test: 55.50%, Best Valid: 56.00%, Best Test: 58.30%
Epoch: 500, Loss: 0.0000, Train: 100.00%, Valid: 51.40%, Test: 55.60%, Best Valid: 56.00%, Best Test: 58.30%
Epoch: 600, Loss: 0.0013, Train: 100.00%, Valid: 56.20%, Test: 62.70%, Best Valid: 56.20%, Best Test: 62.70%
Epoch: 700, Loss: 0.0001, Train: 100.00%, Valid: 55.60%, Test: 61.10%, Best Valid: 57.20%, Best Test: 63.00%
Epoch: 800, Loss: 0.0002, Train: 100.00%, Valid: 56.00%, Test: 61.10%, Best Valid: 57.20%, Best Test: 63.00%
Epoch: 900, Loss: 0.0002, Train: 100.00%, Valid: 57.20%, Test: 61.40%, Best Valid: 57.40%, Best Test: 61.30%
Epoch: 1000, Loss: 0.0003, Train: 100.00%, Valid: 57.20%, Test: 61.90%, Best Valid: 57.40%, Best Test: 61.30%
Run 06:
Highest Train: 100.00
Highest Valid: 58.00
Highest Test: 63.10
Chosen epoch: 1044
Final Train: 100.00
Final Test: 62.80
train:torch.Size([14]), valid:torch.Size([500]), test:torch.Size([1000])
Pre-training MLP for 500 epochs to generate co-occurrence matrix...
MLP pre-training complete. Penalty matrix frozen.
Epoch: 00, Loss: 2.8947, Train: 21.43%, Valid: 10.40%, Test: 11.50%, Best Valid: 10.40%, Best Test: 11.50%
Switching Polynormer to global attention phase.
Epoch: 100, Loss: 2.7242, Train: 14.29%, Valid: 15.20%, Test: 16.80%, Best Valid: 55.60%, Best Test: 52.30%
Epoch: 200, Loss: 0.0156, Train: 100.00%, Valid: 34.20%, Test: 37.50%, Best Valid: 55.60%, Best Test: 52.30%
Epoch: 300, Loss: 0.0004, Train: 100.00%, Valid: 39.60%, Test: 41.30%, Best Valid: 55.60%, Best Test: 52.30%
Epoch: 400, Loss: 0.0000, Train: 100.00%, Valid: 50.00%, Test: 48.00%, Best Valid: 55.60%, Best Test: 52.30%
Epoch: 500, Loss: 0.0000, Train: 100.00%, Valid: 51.40%, Test: 51.60%, Best Valid: 55.60%, Best Test: 52.30%
Epoch: 600, Loss: 0.0000, Train: 100.00%, Valid: 49.80%, Test: 49.90%, Best Valid: 55.60%, Best Test: 52.30%
Epoch: 700, Loss: 0.0000, Train: 100.00%, Valid: 49.00%, Test: 49.70%, Best Valid: 55.60%, Best Test: 52.30%
Epoch: 800, Loss: 0.0000, Train: 100.00%, Valid: 49.00%, Test: 49.20%, Best Valid: 55.60%, Best Test: 52.30%
Epoch: 900, Loss: 0.0001, Train: 100.00%, Valid: 49.60%, Test: 49.30%, Best Valid: 55.60%, Best Test: 52.30%
Epoch: 1000, Loss: 0.0000, Train: 100.00%, Valid: 49.40%, Test: 48.90%, Best Valid: 55.60%, Best Test: 52.30%
Run 07:
Highest Train: 100.00
Highest Valid: 55.60
Highest Test: 54.00
Chosen epoch: 60
Final Train: 100.00
Final Test: 52.30
train:torch.Size([14]), valid:torch.Size([500]), test:torch.Size([1000])
Pre-training MLP for 500 epochs to generate co-occurrence matrix...
MLP pre-training complete. Penalty matrix frozen.
Epoch: 00, Loss: 3.1001, Train: 28.57%, Valid: 12.60%, Test: 12.40%, Best Valid: 12.60%, Best Test: 12.40%
Switching Polynormer to global attention phase.
Epoch: 100, Loss: 2.7243, Train: 14.29%, Valid: 10.60%, Test: 11.80%, Best Valid: 52.20%, Best Test: 47.60%
Epoch: 200, Loss: 0.0000, Train: 100.00%, Valid: 41.20%, Test: 38.70%, Best Valid: 52.20%, Best Test: 47.60%
Epoch: 300, Loss: 0.0000, Train: 100.00%, Valid: 35.60%, Test: 34.40%, Best Valid: 52.20%, Best Test: 47.60%
Epoch: 400, Loss: 0.0000, Train: 100.00%, Valid: 35.40%, Test: 32.40%, Best Valid: 52.20%, Best Test: 47.60%
Epoch: 500, Loss: 0.0000, Train: 100.00%, Valid: 39.20%, Test: 35.60%, Best Valid: 53.80%, Best Test: 53.10%
Epoch: 600, Loss: 0.0000, Train: 100.00%, Valid: 30.80%, Test: 29.90%, Best Valid: 53.80%, Best Test: 53.10%
Epoch: 700, Loss: 0.0000, Train: 100.00%, Valid: 32.80%, Test: 30.70%, Best Valid: 53.80%, Best Test: 53.10%
Epoch: 800, Loss: 0.0000, Train: 100.00%, Valid: 34.60%, Test: 31.90%, Best Valid: 53.80%, Best Test: 53.10%
Epoch: 900, Loss: 0.0000, Train: 100.00%, Valid: 34.80%, Test: 32.60%, Best Valid: 53.80%, Best Test: 53.10%
Epoch: 1000, Loss: 0.0000, Train: 100.00%, Valid: 35.00%, Test: 33.20%, Best Valid: 53.80%, Best Test: 53.10%
Run 08:
Highest Train: 100.00
Highest Valid: 53.80
Highest Test: 53.90
Chosen epoch: 468
Final Train: 100.00
Final Test: 53.10
train:torch.Size([14]), valid:torch.Size([500]), test:torch.Size([1000])
Pre-training MLP for 500 epochs to generate co-occurrence matrix...
MLP pre-training complete. Penalty matrix frozen.
Epoch: 00, Loss: 3.1503, Train: 28.57%, Valid: 20.00%, Test: 22.20%, Best Valid: 20.00%, Best Test: 22.20%
Switching Polynormer to global attention phase.
Epoch: 100, Loss: 2.7257, Train: 35.71%, Valid: 21.60%, Test: 19.90%, Best Valid: 44.40%, Best Test: 46.90%
Epoch: 200, Loss: 0.0003, Train: 100.00%, Valid: 40.40%, Test: 41.80%, Best Valid: 45.00%, Best Test: 51.20%
Epoch: 300, Loss: 0.0045, Train: 100.00%, Valid: 42.60%, Test: 45.70%, Best Valid: 45.00%, Best Test: 51.20%
Epoch: 400, Loss: 0.0197, Train: 100.00%, Valid: 40.60%, Test: 45.90%, Best Valid: 49.00%, Best Test: 48.20%
Epoch: 500, Loss: 0.0671, Train: 100.00%, Valid: 39.60%, Test: 39.20%, Best Valid: 50.80%, Best Test: 50.30%
Epoch: 600, Loss: 0.0001, Train: 100.00%, Valid: 42.60%, Test: 46.70%, Best Valid: 50.80%, Best Test: 50.30%
Epoch: 700, Loss: 0.0002, Train: 100.00%, Valid: 44.20%, Test: 47.60%, Best Valid: 50.80%, Best Test: 50.30%
Epoch: 800, Loss: 0.0003, Train: 100.00%, Valid: 46.60%, Test: 48.60%, Best Valid: 50.80%, Best Test: 50.30%
Epoch: 900, Loss: 0.0002, Train: 100.00%, Valid: 45.60%, Test: 48.70%, Best Valid: 50.80%, Best Test: 50.30%
Epoch: 1000, Loss: 0.0001, Train: 100.00%, Valid: 45.60%, Test: 49.50%, Best Valid: 50.80%, Best Test: 50.30%
Run 09:
Highest Train: 100.00
Highest Valid: 50.80
Highest Test: 52.90
Chosen epoch: 443
Final Train: 100.00
Final Test: 50.30
train:torch.Size([14]), valid:torch.Size([500]), test:torch.Size([1000])
Pre-training MLP for 500 epochs to generate co-occurrence matrix...
MLP pre-training complete. Penalty matrix frozen.
Epoch: 00, Loss: 3.2192, Train: 35.71%, Valid: 11.40%, Test: 13.00%, Best Valid: 11.40%, Best Test: 13.00%
Switching Polynormer to global attention phase.
Epoch: 100, Loss: 2.7243, Train: 14.29%, Valid: 5.40%, Test: 7.80%, Best Valid: 47.60%, Best Test: 51.30%
Epoch: 200, Loss: 0.0000, Train: 100.00%, Valid: 33.00%, Test: 36.60%, Best Valid: 48.80%, Best Test: 52.20%
Epoch: 300, Loss: 0.0013, Train: 100.00%, Valid: 43.20%, Test: 48.00%, Best Valid: 60.20%, Best Test: 62.00%
Epoch: 400, Loss: 0.0001, Train: 100.00%, Valid: 45.20%, Test: 51.10%, Best Valid: 60.20%, Best Test: 62.00%
Epoch: 500, Loss: 0.0000, Train: 100.00%, Valid: 39.00%, Test: 41.50%, Best Valid: 60.20%, Best Test: 62.00%
Epoch: 600, Loss: 0.0001, Train: 100.00%, Valid: 41.80%, Test: 48.30%, Best Valid: 60.20%, Best Test: 62.00%
Epoch: 700, Loss: 0.0000, Train: 100.00%, Valid: 39.80%, Test: 46.10%, Best Valid: 60.20%, Best Test: 62.00%
Epoch: 800, Loss: 0.0000, Train: 100.00%, Valid: 45.40%, Test: 51.60%, Best Valid: 60.20%, Best Test: 62.00%
Epoch: 900, Loss: 0.0000, Train: 100.00%, Valid: 44.60%, Test: 51.70%, Best Valid: 60.20%, Best Test: 62.00%
Epoch: 1000, Loss: 0.0001, Train: 100.00%, Valid: 44.80%, Test: 51.40%, Best Valid: 60.20%, Best Test: 62.00%
Run 10:
Highest Train: 100.00
Highest Valid: 60.20
Highest Test: 62.00
Chosen epoch: 232
Final Train: 100.00
Final Test: 62.00
All runs:
Highest Train: 100.00 ± 0.00
Highest Test: 55.95 ± 5.21
Highest Valid: 55.42 ± 4.78
  Final Train: 100.00 ± 0.00
   Final Test: 54.95 ± 5.95
Saving results to ../results/lowlabel/cora/polynormer.csv
--- mlp_reg | lambda=0.8 ---
Namespace(aggregate='add', alpha=0.5, attention='gcn', beta=-1.0, bn=False, budget_tag='2', count_reg=False, count_smoothing=1.0, cpu=False, data_dir='../data/', dataset='cora', device=0, dim_inner=64, display_step=100, dropout=0.5, epochs=500, global_dropout=None, global_epochs=1000, global_layers=1, gnn='gcn', graph_weight=0.8, hidden_channels=64, hops=10, in_dropout=0.2, jk=False, label_num_per_class=2, lambda_val=0.8, layers=1, ln=False, local_epochs=100, local_gnn_type='GCN', local_layers=5, lr=0.001, metric='acc', mlp_epochs=500, mlp_reg=True, model='polynormer', model_dir='models/lowlabel_1161133_27', n_heads=8, num_centroids=4096, num_heads=8, oracle_reg=False, paired_seeds=True, pe_types='RWSE', penalty_transform='none', pre_linear=False, pre_ln=False, rand_split=False, rand_split_class=True, reg_start_epoch=10, reg_update_freq=5, res=False, resample_split_per_run=True, result_dir='../results/lowlabel', runs=10, save_model=True, save_result=False, seed=123, test_num=1000, tr_dropout=None, tr_layers=1, tr_weight_decay=None, train_per_class=0, train_prop=0.5, use_act=False, use_bn=False, use_graph=False, use_reg=True, use_residual=False, use_weight=False, valid_num=500, valid_per_class=0, valid_prop=0.25, weight_decay=0.0005)
cora
Num nodes: 2708
train:torch.Size([14]), valid:torch.Size([500]), test:torch.Size([1000])
dataset cora | num nodes 2708 | num edge 10556 | num node feats 1433 | num classes 7
MODEL: Polynormer(
  (h_lins): ModuleList(
    (0): Linear(in_features=512, out_features=512, bias=True)
    (1): Linear(in_features=512, out_features=512, bias=True)
    (2): Linear(in_features=512, out_features=512, bias=True)
    (3): Linear(in_features=512, out_features=512, bias=True)
    (4): Linear(in_features=512, out_features=512, bias=True)
  )
  (local_convs): ModuleList(
    (0): GATConv(512, 64, heads=8)
    (1): GATConv(512, 64, heads=8)
    (2): GATConv(512, 64, heads=8)
    (3): GATConv(512, 64, heads=8)
    (4): GATConv(512, 64, heads=8)
  )
  (lins): ModuleList(
    (0): Linear(in_features=512, out_features=512, bias=True)
    (1): Linear(in_features=512, out_features=512, bias=True)
    (2): Linear(in_features=512, out_features=512, bias=True)
    (3): Linear(in_features=512, out_features=512, bias=True)
    (4): Linear(in_features=512, out_features=512, bias=True)
  )
  (lns): ModuleList(
    (0): LayerNorm((512,), eps=1e-05, elementwise_affine=True)
    (1): LayerNorm((512,), eps=1e-05, elementwise_affine=True)
    (2): LayerNorm((512,), eps=1e-05, elementwise_affine=True)
    (3): LayerNorm((512,), eps=1e-05, elementwise_affine=True)
    (4): LayerNorm((512,), eps=1e-05, elementwise_affine=True)
  )
  (lin_in): Linear(in_features=1433, out_features=512, bias=True)
  (ln): LayerNorm((512,), eps=1e-05, elementwise_affine=True)
  (global_attn): GlobalAttn(
    (h_lins): ModuleList(
      (0): Linear(in_features=512, out_features=512, bias=True)
    )
    (k_lins): ModuleList(
      (0): Linear(in_features=512, out_features=512, bias=True)
    )
    (v_lins): ModuleList(
      (0): Linear(in_features=512, out_features=512, bias=True)
    )
    (lns): ModuleList(
      (0): LayerNorm((512,), eps=1e-05, elementwise_affine=True)
    )
    (lin_out): Linear(in_features=512, out_features=512, bias=True)
  )
  (pred_local): Linear(in_features=512, out_features=7, bias=True)
  (pred_global): Linear(in_features=512, out_features=7, bias=True)
)
train:torch.Size([14]), valid:torch.Size([500]), test:torch.Size([1000])
Pre-training MLP for 500 epochs to generate co-occurrence matrix...
MLP pre-training complete. Penalty matrix frozen.
Epoch: 00, Loss: 4.5714, Train: 28.57%, Valid: 22.60%, Test: 21.40%, Best Valid: 22.60%, Best Test: 21.40%
Switching Polynormer to global attention phase.
Epoch: 100, Loss: 3.5392, Train: 21.43%, Valid: 17.60%, Test: 14.40%, Best Valid: 46.60%, Best Test: 39.50%
Epoch: 200, Loss: 0.0006, Train: 100.00%, Valid: 42.80%, Test: 37.00%, Best Valid: 49.00%, Best Test: 43.30%
Epoch: 300, Loss: 0.0015, Train: 100.00%, Valid: 55.80%, Test: 51.90%, Best Valid: 55.80%, Best Test: 51.20%
Epoch: 400, Loss: 0.0002, Train: 100.00%, Valid: 51.80%, Test: 45.90%, Best Valid: 57.60%, Best Test: 47.80%
Epoch: 500, Loss: 0.0002, Train: 100.00%, Valid: 50.80%, Test: 46.60%, Best Valid: 57.60%, Best Test: 47.80%
Epoch: 600, Loss: 0.0006, Train: 100.00%, Valid: 58.80%, Test: 52.70%, Best Valid: 59.20%, Best Test: 52.40%
Epoch: 700, Loss: 0.0007, Train: 100.00%, Valid: 58.60%, Test: 52.60%, Best Valid: 59.20%, Best Test: 52.40%
Epoch: 800, Loss: 0.0007, Train: 100.00%, Valid: 57.80%, Test: 52.50%, Best Valid: 59.20%, Best Test: 52.40%
Epoch: 900, Loss: 0.0005, Train: 100.00%, Valid: 55.80%, Test: 51.60%, Best Valid: 59.20%, Best Test: 52.40%
Epoch: 1000, Loss: 0.0006, Train: 100.00%, Valid: 55.00%, Test: 50.20%, Best Valid: 59.20%, Best Test: 52.40%
Run 01:
Highest Train: 100.00
Highest Valid: 59.20
Highest Test: 53.60
Chosen epoch: 578
Final Train: 100.00
Final Test: 52.40
train:torch.Size([14]), valid:torch.Size([500]), test:torch.Size([1000])
Pre-training MLP for 500 epochs to generate co-occurrence matrix...
MLP pre-training complete. Penalty matrix frozen.
Epoch: 00, Loss: 3.9935, Train: 7.14%, Valid: 11.20%, Test: 12.00%, Best Valid: 11.20%, Best Test: 12.00%
Switching Polynormer to global attention phase.
Epoch: 100, Loss: 3.5026, Train: 14.29%, Valid: 10.20%, Test: 11.80%, Best Valid: 47.40%, Best Test: 46.10%
Epoch: 200, Loss: 0.0001, Train: 100.00%, Valid: 28.40%, Test: 26.60%, Best Valid: 47.40%, Best Test: 46.10%
Epoch: 300, Loss: 0.0000, Train: 100.00%, Valid: 35.80%, Test: 33.70%, Best Valid: 48.20%, Best Test: 46.80%
Epoch: 400, Loss: 0.0006, Train: 100.00%, Valid: 29.20%, Test: 25.70%, Best Valid: 48.20%, Best Test: 46.80%
Epoch: 500, Loss: 0.1374, Train: 100.00%, Valid: 36.80%, Test: 37.10%, Best Valid: 48.20%, Best Test: 46.80%
Epoch: 600, Loss: 0.0000, Train: 100.00%, Valid: 43.00%, Test: 42.30%, Best Valid: 48.20%, Best Test: 46.80%
Epoch: 700, Loss: 0.0003, Train: 100.00%, Valid: 43.80%, Test: 42.40%, Best Valid: 48.20%, Best Test: 46.80%
Epoch: 800, Loss: 0.0001, Train: 100.00%, Valid: 44.00%, Test: 42.30%, Best Valid: 48.20%, Best Test: 46.80%
Epoch: 900, Loss: 0.0000, Train: 100.00%, Valid: 42.40%, Test: 41.30%, Best Valid: 48.20%, Best Test: 46.80%
Epoch: 1000, Loss: 0.0002, Train: 100.00%, Valid: 43.00%, Test: 42.30%, Best Valid: 48.20%, Best Test: 46.80%
Run 02:
Highest Train: 100.00
Highest Valid: 48.20
Highest Test: 48.10
Chosen epoch: 243
Final Train: 100.00
Final Test: 46.80
train:torch.Size([14]), valid:torch.Size([500]), test:torch.Size([1000])
Pre-training MLP for 500 epochs to generate co-occurrence matrix...
MLP pre-training complete. Penalty matrix frozen.
Epoch: 00, Loss: 3.9197, Train: 14.29%, Valid: 18.80%, Test: 15.20%, Best Valid: 18.80%, Best Test: 15.20%
Switching Polynormer to global attention phase.
Epoch: 100, Loss: 3.5019, Train: 14.29%, Valid: 7.00%, Test: 8.30%, Best Valid: 56.00%, Best Test: 55.20%
Epoch: 200, Loss: 0.3612, Train: 100.00%, Valid: 33.80%, Test: 28.00%, Best Valid: 56.00%, Best Test: 55.20%
Epoch: 300, Loss: 0.0033, Train: 100.00%, Valid: 36.00%, Test: 33.30%, Best Valid: 56.00%, Best Test: 55.20%
Epoch: 400, Loss: 0.0000, Train: 100.00%, Valid: 43.20%, Test: 41.80%, Best Valid: 56.00%, Best Test: 55.20%
Epoch: 500, Loss: 0.0001, Train: 100.00%, Valid: 45.80%, Test: 44.00%, Best Valid: 56.00%, Best Test: 55.20%
Epoch: 600, Loss: 0.0018, Train: 100.00%, Valid: 46.40%, Test: 45.20%, Best Valid: 56.00%, Best Test: 55.20%
Epoch: 700, Loss: 0.0004, Train: 100.00%, Valid: 46.40%, Test: 45.80%, Best Valid: 56.00%, Best Test: 55.20%
Epoch: 800, Loss: 0.0010, Train: 100.00%, Valid: 47.80%, Test: 46.40%, Best Valid: 56.00%, Best Test: 55.20%
Epoch: 900, Loss: 0.0002, Train: 100.00%, Valid: 48.60%, Test: 48.10%, Best Valid: 56.00%, Best Test: 55.20%
Epoch: 1000, Loss: 0.0007, Train: 100.00%, Valid: 47.60%, Test: 46.30%, Best Valid: 56.00%, Best Test: 55.20%
Run 03:
Highest Train: 100.00
Highest Valid: 56.00
Highest Test: 56.40
Chosen epoch: 37
Final Train: 100.00
Final Test: 55.20
train:torch.Size([14]), valid:torch.Size([500]), test:torch.Size([1000])
Pre-training MLP for 500 epochs to generate co-occurrence matrix...
MLP pre-training complete. Penalty matrix frozen.
Epoch: 00, Loss: 4.6407, Train: 28.57%, Valid: 11.60%, Test: 13.60%, Best Valid: 11.60%, Best Test: 13.60%
Switching Polynormer to global attention phase.
Epoch: 100, Loss: 3.5026, Train: 14.29%, Valid: 28.40%, Test: 32.00%, Best Valid: 44.40%, Best Test: 43.80%
Epoch: 200, Loss: 0.0002, Train: 100.00%, Valid: 36.00%, Test: 36.90%, Best Valid: 44.40%, Best Test: 43.80%
Epoch: 300, Loss: 0.0027, Train: 100.00%, Valid: 41.20%, Test: 40.10%, Best Valid: 44.40%, Best Test: 43.80%
Epoch: 400, Loss: 0.0002, Train: 100.00%, Valid: 35.00%, Test: 35.20%, Best Valid: 46.00%, Best Test: 44.80%
Epoch: 500, Loss: 0.0868, Train: 100.00%, Valid: 31.20%, Test: 31.90%, Best Valid: 46.00%, Best Test: 44.80%
Epoch: 600, Loss: 0.0017, Train: 100.00%, Valid: 35.80%, Test: 35.00%, Best Valid: 46.00%, Best Test: 44.80%
Epoch: 700, Loss: 0.0000, Train: 100.00%, Valid: 28.00%, Test: 30.00%, Best Valid: 46.00%, Best Test: 44.80%
Epoch: 800, Loss: 0.0000, Train: 100.00%, Valid: 40.20%, Test: 41.40%, Best Valid: 46.00%, Best Test: 44.80%
Epoch: 900, Loss: 0.0000, Train: 100.00%, Valid: 40.80%, Test: 41.90%, Best Valid: 46.00%, Best Test: 44.80%
Epoch: 1000, Loss: 0.0001, Train: 100.00%, Valid: 46.20%, Test: 45.10%, Best Valid: 49.00%, Best Test: 48.10%
Run 04:
Highest Train: 100.00
Highest Valid: 49.00
Highest Test: 48.50
Chosen epoch: 988
Final Train: 100.00
Final Test: 48.10
train:torch.Size([14]), valid:torch.Size([500]), test:torch.Size([1000])
Pre-training MLP for 500 epochs to generate co-occurrence matrix...
MLP pre-training complete. Penalty matrix frozen.
Epoch: 00, Loss: 3.8433, Train: 35.71%, Valid: 16.80%, Test: 14.30%, Best Valid: 16.80%, Best Test: 14.30%
Switching Polynormer to global attention phase.
Epoch: 100, Loss: 3.5045, Train: 14.29%, Valid: 14.20%, Test: 9.80%, Best Valid: 59.60%, Best Test: 59.00%
Epoch: 200, Loss: 0.0029, Train: 100.00%, Valid: 43.40%, Test: 43.80%, Best Valid: 59.60%, Best Test: 59.00%
Epoch: 300, Loss: 0.0000, Train: 100.00%, Valid: 34.00%, Test: 39.70%, Best Valid: 59.60%, Best Test: 59.00%
Epoch: 400, Loss: 0.0000, Train: 100.00%, Valid: 38.00%, Test: 41.50%, Best Valid: 59.60%, Best Test: 59.00%
Epoch: 500, Loss: 0.0000, Train: 100.00%, Valid: 40.80%, Test: 42.90%, Best Valid: 59.60%, Best Test: 59.00%
Epoch: 600, Loss: 0.0002, Train: 100.00%, Valid: 41.60%, Test: 43.70%, Best Valid: 59.60%, Best Test: 59.00%
Epoch: 700, Loss: 0.0003, Train: 100.00%, Valid: 41.40%, Test: 43.60%, Best Valid: 59.60%, Best Test: 59.00%
Epoch: 800, Loss: 0.0010, Train: 100.00%, Valid: 39.60%, Test: 42.00%, Best Valid: 59.60%, Best Test: 59.00%
Epoch: 900, Loss: 0.0025, Train: 100.00%, Valid: 41.40%, Test: 43.50%, Best Valid: 59.60%, Best Test: 59.00%
Epoch: 1000, Loss: 0.0006, Train: 100.00%, Valid: 40.00%, Test: 43.20%, Best Valid: 59.60%, Best Test: 59.00%
Run 05:
Highest Train: 100.00
Highest Valid: 59.60
Highest Test: 60.70
Chosen epoch: 31
Final Train: 100.00
Final Test: 59.00
train:torch.Size([14]), valid:torch.Size([500]), test:torch.Size([1000])
Pre-training MLP for 500 epochs to generate co-occurrence matrix...
MLP pre-training complete. Penalty matrix frozen.
Epoch: 00, Loss: 3.9854, Train: 35.71%, Valid: 15.00%, Test: 14.90%, Best Valid: 15.00%, Best Test: 14.90%
Switching Polynormer to global attention phase.
Epoch: 100, Loss: 3.4931, Train: 35.71%, Valid: 17.80%, Test: 18.80%, Best Valid: 48.00%, Best Test: 48.60%
Epoch: 200, Loss: 0.0000, Train: 100.00%, Valid: 52.20%, Test: 56.50%, Best Valid: 53.80%, Best Test: 56.00%
Epoch: 300, Loss: 0.0005, Train: 100.00%, Valid: 51.00%, Test: 55.30%, Best Valid: 55.40%, Best Test: 59.60%
Epoch: 400, Loss: 0.0052, Train: 100.00%, Valid: 54.40%, Test: 56.40%, Best Valid: 55.40%, Best Test: 59.60%
Epoch: 500, Loss: 0.0018, Train: 100.00%, Valid: 54.80%, Test: 61.10%, Best Valid: 55.40%, Best Test: 59.60%
Epoch: 600, Loss: 0.0008, Train: 100.00%, Valid: 54.20%, Test: 59.80%, Best Valid: 55.40%, Best Test: 59.60%
Epoch: 700, Loss: 0.0023, Train: 100.00%, Valid: 53.00%, Test: 58.60%, Best Valid: 55.40%, Best Test: 59.60%
Epoch: 800, Loss: 0.0007, Train: 100.00%, Valid: 54.20%, Test: 58.90%, Best Valid: 55.40%, Best Test: 59.60%
Epoch: 900, Loss: 0.0007, Train: 100.00%, Valid: 41.40%, Test: 41.30%, Best Valid: 55.80%, Best Test: 61.70%
Epoch: 1000, Loss: 0.0017, Train: 100.00%, Valid: 59.00%, Test: 56.60%, Best Valid: 59.00%, Best Test: 56.60%
Run 06:
Highest Train: 100.00
Highest Valid: 59.00
Highest Test: 61.70
Chosen epoch: 1000
Final Train: 100.00
Final Test: 56.60
train:torch.Size([14]), valid:torch.Size([500]), test:torch.Size([1000])
Pre-training MLP for 500 epochs to generate co-occurrence matrix...
MLP pre-training complete. Penalty matrix frozen.
Epoch: 00, Loss: 3.7218, Train: 21.43%, Valid: 12.00%, Test: 10.90%, Best Valid: 12.00%, Best Test: 10.90%
Switching Polynormer to global attention phase.
Epoch: 100, Loss: 3.5031, Train: 14.29%, Valid: 15.20%, Test: 16.80%, Best Valid: 55.80%, Best Test: 53.10%
Epoch: 200, Loss: 0.0251, Train: 92.86%, Valid: 32.60%, Test: 35.20%, Best Valid: 55.80%, Best Test: 53.10%
Epoch: 300, Loss: 0.0000, Train: 100.00%, Valid: 37.40%, Test: 38.20%, Best Valid: 55.80%, Best Test: 53.10%
Epoch: 400, Loss: 0.0002, Train: 100.00%, Valid: 35.20%, Test: 39.40%, Best Valid: 55.80%, Best Test: 53.10%
Epoch: 500, Loss: 0.0000, Train: 100.00%, Valid: 44.20%, Test: 46.70%, Best Valid: 55.80%, Best Test: 53.10%
Epoch: 600, Loss: 0.0000, Train: 100.00%, Valid: 44.40%, Test: 46.50%, Best Valid: 55.80%, Best Test: 53.10%
Epoch: 700, Loss: 0.0000, Train: 100.00%, Valid: 43.40%, Test: 45.80%, Best Valid: 55.80%, Best Test: 53.10%
Epoch: 800, Loss: 0.0002, Train: 100.00%, Valid: 44.20%, Test: 45.40%, Best Valid: 55.80%, Best Test: 53.10%
Epoch: 900, Loss: 0.0001, Train: 100.00%, Valid: 45.40%, Test: 46.20%, Best Valid: 55.80%, Best Test: 53.10%
Epoch: 1000, Loss: 0.0000, Train: 100.00%, Valid: 45.20%, Test: 46.20%, Best Valid: 55.80%, Best Test: 53.10%
Run 07:
Highest Train: 100.00
Highest Valid: 55.80
Highest Test: 54.10
Chosen epoch: 38
Final Train: 100.00
Final Test: 53.10
train:torch.Size([14]), valid:torch.Size([500]), test:torch.Size([1000])
Pre-training MLP for 500 epochs to generate co-occurrence matrix...
MLP pre-training complete. Penalty matrix frozen.
Epoch: 00, Loss: 3.9858, Train: 21.43%, Valid: 13.80%, Test: 12.80%, Best Valid: 13.80%, Best Test: 12.80%
Switching Polynormer to global attention phase.
Epoch: 100, Loss: 3.5026, Train: 14.29%, Valid: 15.20%, Test: 15.90%, Best Valid: 38.00%, Best Test: 36.80%
Epoch: 200, Loss: 0.0002, Train: 100.00%, Valid: 23.80%, Test: 22.80%, Best Valid: 38.00%, Best Test: 36.80%
Epoch: 300, Loss: 0.0090, Train: 100.00%, Valid: 21.00%, Test: 19.10%, Best Valid: 38.00%, Best Test: 36.80%
Epoch: 400, Loss: 0.0000, Train: 100.00%, Valid: 26.40%, Test: 24.90%, Best Valid: 38.00%, Best Test: 36.80%
Epoch: 500, Loss: 0.0000, Train: 100.00%, Valid: 27.40%, Test: 26.10%, Best Valid: 38.00%, Best Test: 36.80%
Epoch: 600, Loss: 0.0025, Train: 100.00%, Valid: 30.40%, Test: 28.50%, Best Valid: 38.00%, Best Test: 36.80%
Epoch: 700, Loss: 0.0000, Train: 100.00%, Valid: 30.40%, Test: 28.40%, Best Valid: 38.00%, Best Test: 36.80%
Epoch: 800, Loss: 0.0001, Train: 100.00%, Valid: 33.00%, Test: 29.80%, Best Valid: 38.00%, Best Test: 36.80%
Epoch: 900, Loss: 0.0000, Train: 100.00%, Valid: 33.40%, Test: 30.40%, Best Valid: 38.00%, Best Test: 36.80%
Epoch: 1000, Loss: 0.0000, Train: 100.00%, Valid: 33.00%, Test: 30.90%, Best Valid: 38.00%, Best Test: 36.80%
Run 08:
Highest Train: 100.00
Highest Valid: 38.00
Highest Test: 36.80
Chosen epoch: 51
Final Train: 100.00
Final Test: 36.80
train:torch.Size([14]), valid:torch.Size([500]), test:torch.Size([1000])
Pre-training MLP for 500 epochs to generate co-occurrence matrix...
MLP pre-training complete. Penalty matrix frozen.
Epoch: 00, Loss: 4.0503, Train: 28.57%, Valid: 20.40%, Test: 22.70%, Best Valid: 20.40%, Best Test: 22.70%
Switching Polynormer to global attention phase.
Epoch: 100, Loss: 3.5026, Train: 14.29%, Valid: 7.60%, Test: 8.40%, Best Valid: 50.80%, Best Test: 55.40%
Epoch: 200, Loss: 0.0003, Train: 100.00%, Valid: 37.20%, Test: 43.80%, Best Valid: 50.80%, Best Test: 55.40%
Epoch: 300, Loss: 0.0000, Train: 100.00%, Valid: 45.00%, Test: 48.60%, Best Valid: 50.80%, Best Test: 55.40%
Epoch: 400, Loss: 0.2410, Train: 100.00%, Valid: 22.40%, Test: 24.30%, Best Valid: 50.80%, Best Test: 55.40%
Epoch: 500, Loss: 0.0009, Train: 100.00%, Valid: 43.20%, Test: 48.20%, Best Valid: 54.40%, Best Test: 55.70%
Epoch: 600, Loss: 0.0046, Train: 100.00%, Valid: 22.40%, Test: 27.40%, Best Valid: 54.40%, Best Test: 55.70%
Epoch: 700, Loss: 0.0000, Train: 100.00%, Valid: 28.40%, Test: 31.00%, Best Valid: 54.40%, Best Test: 55.70%
Epoch: 800, Loss: 0.0000, Train: 100.00%, Valid: 29.20%, Test: 31.70%, Best Valid: 54.40%, Best Test: 55.70%
Epoch: 900, Loss: 0.0000, Train: 100.00%, Valid: 29.20%, Test: 32.10%, Best Valid: 54.40%, Best Test: 55.70%
Epoch: 1000, Loss: 0.0000, Train: 100.00%, Valid: 28.40%, Test: 31.10%, Best Valid: 54.40%, Best Test: 55.70%
Run 09:
Highest Train: 100.00
Highest Valid: 54.40
Highest Test: 58.00
Chosen epoch: 416
Final Train: 100.00
Final Test: 55.70
train:torch.Size([14]), valid:torch.Size([500]), test:torch.Size([1000])
Pre-training MLP for 500 epochs to generate co-occurrence matrix...
MLP pre-training complete. Penalty matrix frozen.
Epoch: 00, Loss: 4.1390, Train: 35.71%, Valid: 11.40%, Test: 13.10%, Best Valid: 11.40%, Best Test: 13.10%
Switching Polynormer to global attention phase.
Epoch: 100, Loss: 3.5024, Train: 14.29%, Valid: 12.40%, Test: 13.80%, Best Valid: 46.60%, Best Test: 51.90%
Epoch: 200, Loss: 0.0000, Train: 100.00%, Valid: 30.40%, Test: 34.70%, Best Valid: 49.60%, Best Test: 53.30%
Epoch: 300, Loss: 0.0000, Train: 100.00%, Valid: 37.20%, Test: 44.00%, Best Valid: 49.60%, Best Test: 53.30%
Epoch: 400, Loss: 0.0000, Train: 100.00%, Valid: 37.40%, Test: 43.80%, Best Valid: 49.60%, Best Test: 53.30%
Epoch: 500, Loss: 0.0000, Train: 100.00%, Valid: 37.40%, Test: 44.60%, Best Valid: 49.60%, Best Test: 53.30%
Epoch: 600, Loss: 0.0001, Train: 100.00%, Valid: 38.80%, Test: 45.30%, Best Valid: 49.60%, Best Test: 53.30%
Epoch: 700, Loss: 0.0001, Train: 100.00%, Valid: 37.80%, Test: 44.20%, Best Valid: 49.60%, Best Test: 53.30%
Epoch: 800, Loss: 0.0003, Train: 100.00%, Valid: 36.40%, Test: 43.80%, Best Valid: 49.60%, Best Test: 53.30%
Epoch: 900, Loss: 0.0001, Train: 100.00%, Valid: 36.80%, Test: 43.90%, Best Valid: 49.60%, Best Test: 53.30%
Epoch: 1000, Loss: 0.0004, Train: 100.00%, Valid: 37.60%, Test: 44.60%, Best Valid: 49.60%, Best Test: 53.30%
Run 10:
Highest Train: 100.00
Highest Valid: 49.60
Highest Test: 54.70
Chosen epoch: 137
Final Train: 100.00
Final Test: 53.30
All runs:
Highest Train: 100.00 ± 0.00
Highest Test: 53.26 ± 7.32
Highest Valid: 52.88 ± 6.77
  Final Train: 100.00 ± 0.00
   Final Test: 51.70 ± 6.41
Saving results to ../results/lowlabel/cora/polynormer.csv
--- mlp_reg | lambda=1.6 ---
Namespace(aggregate='add', alpha=0.5, attention='gcn', beta=-1.0, bn=False, budget_tag='2', count_reg=False, count_smoothing=1.0, cpu=False, data_dir='../data/', dataset='cora', device=0, dim_inner=64, display_step=100, dropout=0.5, epochs=500, global_dropout=None, global_epochs=1000, global_layers=1, gnn='gcn', graph_weight=0.8, hidden_channels=64, hops=10, in_dropout=0.2, jk=False, label_num_per_class=2, lambda_val=1.6, layers=1, ln=False, local_epochs=100, local_gnn_type='GCN', local_layers=5, lr=0.001, metric='acc', mlp_epochs=500, mlp_reg=True, model='polynormer', model_dir='models/lowlabel_1161133_27', n_heads=8, num_centroids=4096, num_heads=8, oracle_reg=False, paired_seeds=True, pe_types='RWSE', penalty_transform='none', pre_linear=False, pre_ln=False, rand_split=False, rand_split_class=True, reg_start_epoch=10, reg_update_freq=5, res=False, resample_split_per_run=True, result_dir='../results/lowlabel', runs=10, save_model=True, save_result=False, seed=123, test_num=1000, tr_dropout=None, tr_layers=1, tr_weight_decay=None, train_per_class=0, train_prop=0.5, use_act=False, use_bn=False, use_graph=False, use_reg=True, use_residual=False, use_weight=False, valid_num=500, valid_per_class=0, valid_prop=0.25, weight_decay=0.0005)
cora
Num nodes: 2708
train:torch.Size([14]), valid:torch.Size([500]), test:torch.Size([1000])
dataset cora | num nodes 2708 | num edge 10556 | num node feats 1433 | num classes 7
MODEL: Polynormer(
  (h_lins): ModuleList(
    (0): Linear(in_features=512, out_features=512, bias=True)
    (1): Linear(in_features=512, out_features=512, bias=True)
    (2): Linear(in_features=512, out_features=512, bias=True)
    (3): Linear(in_features=512, out_features=512, bias=True)
    (4): Linear(in_features=512, out_features=512, bias=True)
  )
  (local_convs): ModuleList(
    (0): GATConv(512, 64, heads=8)
    (1): GATConv(512, 64, heads=8)
    (2): GATConv(512, 64, heads=8)
    (3): GATConv(512, 64, heads=8)
    (4): GATConv(512, 64, heads=8)
  )
  (lins): ModuleList(
    (0): Linear(in_features=512, out_features=512, bias=True)
    (1): Linear(in_features=512, out_features=512, bias=True)
    (2): Linear(in_features=512, out_features=512, bias=True)
    (3): Linear(in_features=512, out_features=512, bias=True)
    (4): Linear(in_features=512, out_features=512, bias=True)
  )
  (lns): ModuleList(
    (0): LayerNorm((512,), eps=1e-05, elementwise_affine=True)
    (1): LayerNorm((512,), eps=1e-05, elementwise_affine=True)
    (2): LayerNorm((512,), eps=1e-05, elementwise_affine=True)
    (3): LayerNorm((512,), eps=1e-05, elementwise_affine=True)
    (4): LayerNorm((512,), eps=1e-05, elementwise_affine=True)
  )
  (lin_in): Linear(in_features=1433, out_features=512, bias=True)
  (ln): LayerNorm((512,), eps=1e-05, elementwise_affine=True)
  (global_attn): GlobalAttn(
    (h_lins): ModuleList(
      (0): Linear(in_features=512, out_features=512, bias=True)
    )
    (k_lins): ModuleList(
      (0): Linear(in_features=512, out_features=512, bias=True)
    )
    (v_lins): ModuleList(
      (0): Linear(in_features=512, out_features=512, bias=True)
    )
    (lns): ModuleList(
      (0): LayerNorm((512,), eps=1e-05, elementwise_affine=True)
    )
    (lin_out): Linear(in_features=512, out_features=512, bias=True)
  )
  (pred_local): Linear(in_features=512, out_features=7, bias=True)
  (pred_global): Linear(in_features=512, out_features=7, bias=True)
)
train:torch.Size([14]), valid:torch.Size([500]), test:torch.Size([1000])
Pre-training MLP for 500 epochs to generate co-occurrence matrix...
MLP pre-training complete. Penalty matrix frozen.
Epoch: 00, Loss: 6.6032, Train: 28.57%, Valid: 19.80%, Test: 19.90%, Best Valid: 19.80%, Best Test: 19.90%
Switching Polynormer to global attention phase.
Epoch: 100, Loss: 5.1041, Train: 57.14%, Valid: 17.60%, Test: 12.70%, Best Valid: 42.60%, Best Test: 35.20%
Epoch: 200, Loss: 0.0004, Train: 100.00%, Valid: 33.60%, Test: 29.00%, Best Valid: 42.60%, Best Test: 35.20%
Epoch: 300, Loss: 0.0082, Train: 100.00%, Valid: 34.00%, Test: 29.10%, Best Valid: 42.60%, Best Test: 35.20%
Epoch: 400, Loss: 0.0013, Train: 100.00%, Valid: 44.60%, Test: 38.50%, Best Valid: 50.40%, Best Test: 44.70%
Epoch: 500, Loss: 0.0005, Train: 100.00%, Valid: 46.60%, Test: 39.40%, Best Valid: 50.40%, Best Test: 44.70%
Epoch: 600, Loss: 0.0007, Train: 100.00%, Valid: 45.80%, Test: 39.50%, Best Valid: 50.40%, Best Test: 44.70%
Epoch: 700, Loss: 0.0010, Train: 100.00%, Valid: 42.80%, Test: 37.60%, Best Valid: 50.40%, Best Test: 44.70%
Epoch: 800, Loss: 0.0018, Train: 100.00%, Valid: 46.00%, Test: 40.20%, Best Valid: 50.40%, Best Test: 44.70%
Epoch: 900, Loss: 0.0022, Train: 100.00%, Valid: 47.80%, Test: 42.20%, Best Valid: 50.40%, Best Test: 44.70%
Epoch: 1000, Loss: 0.0012, Train: 100.00%, Valid: 44.40%, Test: 37.90%, Best Valid: 50.40%, Best Test: 44.70%
Run 01:
Highest Train: 100.00
Highest Valid: 50.40
Highest Test: 45.60
Chosen epoch: 361
Final Train: 100.00
Final Test: 44.70
train:torch.Size([14]), valid:torch.Size([500]), test:torch.Size([1000])
Pre-training MLP for 500 epochs to generate co-occurrence matrix...
MLP pre-training complete. Penalty matrix frozen.
Epoch: 00, Loss: 5.7683, Train: 7.14%, Valid: 11.40%, Test: 12.10%, Best Valid: 11.40%, Best Test: 12.10%
Switching Polynormer to global attention phase.
Epoch: 100, Loss: 5.0594, Train: 14.29%, Valid: 10.20%, Test: 11.80%, Best Valid: 44.40%, Best Test: 45.50%
Epoch: 200, Loss: 0.0000, Train: 100.00%, Valid: 20.20%, Test: 19.90%, Best Valid: 44.40%, Best Test: 45.50%
Epoch: 300, Loss: 0.0000, Train: 100.00%, Valid: 24.80%, Test: 25.10%, Best Valid: 44.40%, Best Test: 45.50%
Epoch: 400, Loss: 0.0000, Train: 100.00%, Valid: 26.80%, Test: 26.20%, Best Valid: 44.40%, Best Test: 45.50%
Epoch: 500, Loss: 0.1419, Train: 100.00%, Valid: 29.40%, Test: 28.50%, Best Valid: 44.40%, Best Test: 45.50%
Epoch: 600, Loss: 0.0050, Train: 100.00%, Valid: 19.00%, Test: 19.10%, Best Valid: 44.40%, Best Test: 45.50%
Epoch: 700, Loss: 0.7231, Train: 100.00%, Valid: 23.40%, Test: 23.10%, Best Valid: 44.40%, Best Test: 45.50%
Epoch: 800, Loss: 0.0001, Train: 100.00%, Valid: 24.20%, Test: 24.50%, Best Valid: 44.40%, Best Test: 45.50%
Epoch: 900, Loss: 0.0001, Train: 100.00%, Valid: 28.20%, Test: 26.20%, Best Valid: 44.40%, Best Test: 45.50%
Epoch: 1000, Loss: 0.0000, Train: 100.00%, Valid: 28.00%, Test: 26.40%, Best Valid: 44.40%, Best Test: 45.50%
Run 02:
Highest Train: 100.00
Highest Valid: 44.40
Highest Test: 45.50
Chosen epoch: 99
Final Train: 100.00
Final Test: 45.50
train:torch.Size([14]), valid:torch.Size([500]), test:torch.Size([1000])
Pre-training MLP for 500 epochs to generate co-occurrence matrix...
MLP pre-training complete. Penalty matrix frozen.
Epoch: 00, Loss: 5.6618, Train: 14.29%, Valid: 16.80%, Test: 14.50%, Best Valid: 16.80%, Best Test: 14.50%
Switching Polynormer to global attention phase.
Epoch: 100, Loss: 5.0565, Train: 14.29%, Valid: 7.00%, Test: 8.30%, Best Valid: 55.80%, Best Test: 56.40%
Epoch: 200, Loss: 0.0010, Train: 100.00%, Valid: 44.80%, Test: 41.60%, Best Valid: 55.80%, Best Test: 56.40%
Epoch: 300, Loss: 0.0008, Train: 100.00%, Valid: 45.40%, Test: 42.40%, Best Valid: 55.80%, Best Test: 56.40%
Epoch: 400, Loss: 0.0018, Train: 100.00%, Valid: 47.60%, Test: 47.90%, Best Valid: 55.80%, Best Test: 56.40%
Epoch: 500, Loss: 0.0005, Train: 100.00%, Valid: 43.20%, Test: 41.20%, Best Valid: 55.80%, Best Test: 56.40%
Epoch: 600, Loss: 0.0009, Train: 100.00%, Valid: 45.80%, Test: 47.20%, Best Valid: 55.80%, Best Test: 56.40%
Epoch: 700, Loss: 0.0007, Train: 100.00%, Valid: 45.80%, Test: 45.20%, Best Valid: 55.80%, Best Test: 56.40%
Epoch: 800, Loss: 0.0022, Train: 100.00%, Valid: 49.40%, Test: 49.50%, Best Valid: 55.80%, Best Test: 56.40%
Epoch: 900, Loss: 0.0003, Train: 100.00%, Valid: 48.80%, Test: 48.30%, Best Valid: 55.80%, Best Test: 56.40%
Epoch: 1000, Loss: 0.0011, Train: 100.00%, Valid: 48.80%, Test: 49.40%, Best Valid: 55.80%, Best Test: 56.40%
Run 03:
Highest Train: 100.00
Highest Valid: 55.80
Highest Test: 57.50
Chosen epoch: 31
Final Train: 100.00
Final Test: 56.40
train:torch.Size([14]), valid:torch.Size([500]), test:torch.Size([1000])
Pre-training MLP for 500 epochs to generate co-occurrence matrix...
MLP pre-training complete. Penalty matrix frozen.
Epoch: 00, Loss: 6.7032, Train: 28.57%, Valid: 12.20%, Test: 13.50%, Best Valid: 12.20%, Best Test: 13.50%
Switching Polynormer to global attention phase.
Epoch: 100, Loss: 5.0594, Train: 14.29%, Valid: 28.40%, Test: 32.00%, Best Valid: 38.40%, Best Test: 36.80%
Epoch: 200, Loss: 0.0001, Train: 100.00%, Valid: 33.00%, Test: 32.30%, Best Valid: 45.40%, Best Test: 42.70%
Epoch: 300, Loss: 0.0014, Train: 100.00%, Valid: 23.80%, Test: 23.90%, Best Valid: 45.40%, Best Test: 42.70%
Epoch: 400, Loss: 0.0004, Train: 100.00%, Valid: 23.40%, Test: 24.40%, Best Valid: 45.40%, Best Test: 42.70%
Epoch: 500, Loss: 0.0002, Train: 100.00%, Valid: 50.80%, Test: 49.40%, Best Valid: 53.40%, Best Test: 53.90%
Epoch: 600, Loss: 0.0002, Train: 100.00%, Valid: 48.20%, Test: 47.50%, Best Valid: 53.40%, Best Test: 53.90%
Epoch: 700, Loss: 0.0000, Train: 100.00%, Valid: 48.80%, Test: 47.90%, Best Valid: 53.40%, Best Test: 53.90%
Epoch: 800, Loss: 0.0000, Train: 100.00%, Valid: 53.00%, Test: 51.90%, Best Valid: 53.40%, Best Test: 53.90%
Epoch: 900, Loss: 0.1964, Train: 100.00%, Valid: 56.00%, Test: 55.90%, Best Valid: 56.00%, Best Test: 55.90%
Epoch: 1000, Loss: 0.0001, Train: 100.00%, Valid: 55.60%, Test: 54.80%, Best Valid: 59.20%, Best Test: 59.10%
Run 04:
Highest Train: 100.00
Highest Valid: 59.20
Highest Test: 61.10
Chosen epoch: 905
Final Train: 100.00
Final Test: 59.10
train:torch.Size([14]), valid:torch.Size([500]), test:torch.Size([1000])
Pre-training MLP for 500 epochs to generate co-occurrence matrix...
MLP pre-training complete. Penalty matrix frozen.
Epoch: 00, Loss: 5.5515, Train: 28.57%, Valid: 16.80%, Test: 15.60%, Best Valid: 16.80%, Best Test: 15.60%
Switching Polynormer to global attention phase.
Epoch: 100, Loss: 5.0594, Train: 14.29%, Valid: 32.60%, Test: 30.60%, Best Valid: 59.00%, Best Test: 58.90%
Epoch: 200, Loss: 0.0016, Train: 92.86%, Valid: 32.80%, Test: 32.00%, Best Valid: 59.00%, Best Test: 58.90%
Epoch: 300, Loss: 0.5152, Train: 100.00%, Valid: 35.40%, Test: 32.80%, Best Valid: 61.00%, Best Test: 55.10%
Epoch: 400, Loss: 0.0000, Train: 100.00%, Valid: 64.00%, Test: 62.10%, Best Valid: 64.40%, Best Test: 62.50%
Epoch: 500, Loss: 0.0000, Train: 100.00%, Valid: 57.00%, Test: 55.50%, Best Valid: 64.40%, Best Test: 62.50%
Epoch: 600, Loss: 0.0000, Train: 100.00%, Valid: 56.60%, Test: 54.80%, Best Valid: 64.40%, Best Test: 62.50%
Epoch: 700, Loss: 0.0000, Train: 100.00%, Valid: 62.80%, Test: 61.50%, Best Valid: 64.40%, Best Test: 62.50%
Epoch: 800, Loss: 0.0000, Train: 100.00%, Valid: 61.60%, Test: 61.20%, Best Valid: 64.40%, Best Test: 62.50%
Epoch: 900, Loss: 0.0001, Train: 100.00%, Valid: 60.40%, Test: 61.20%, Best Valid: 64.40%, Best Test: 62.50%
Epoch: 1000, Loss: 0.0000, Train: 100.00%, Valid: 60.80%, Test: 61.30%, Best Valid: 64.40%, Best Test: 62.50%
Run 05:
Highest Train: 100.00
Highest Valid: 64.40
Highest Test: 62.60
Chosen epoch: 378
Final Train: 100.00
Final Test: 62.50
train:torch.Size([14]), valid:torch.Size([500]), test:torch.Size([1000])
Pre-training MLP for 500 epochs to generate co-occurrence matrix...
MLP pre-training complete. Penalty matrix frozen.
Epoch: 00, Loss: 5.7567, Train: 42.86%, Valid: 15.80%, Test: 16.00%, Best Valid: 15.80%, Best Test: 16.00%
Switching Polynormer to global attention phase.
Epoch: 100, Loss: 5.0594, Train: 14.29%, Valid: 14.40%, Test: 16.00%, Best Valid: 44.80%, Best Test: 48.60%
Epoch: 200, Loss: 0.0001, Train: 100.00%, Valid: 34.20%, Test: 35.20%, Best Valid: 46.60%, Best Test: 49.50%
Epoch: 300, Loss: 0.0146, Train: 100.00%, Valid: 45.00%, Test: 46.20%, Best Valid: 49.20%, Best Test: 51.10%
Epoch: 400, Loss: 0.0000, Train: 100.00%, Valid: 38.80%, Test: 40.20%, Best Valid: 49.20%, Best Test: 51.10%
Epoch: 500, Loss: 0.0000, Train: 100.00%, Valid: 36.00%, Test: 34.20%, Best Valid: 49.20%, Best Test: 51.10%
Epoch: 600, Loss: 0.0000, Train: 100.00%, Valid: 36.20%, Test: 35.00%, Best Valid: 49.20%, Best Test: 51.10%
Epoch: 700, Loss: 0.0000, Train: 100.00%, Valid: 37.40%, Test: 36.10%, Best Valid: 49.20%, Best Test: 51.10%
Epoch: 800, Loss: 0.0000, Train: 100.00%, Valid: 38.00%, Test: 37.10%, Best Valid: 49.20%, Best Test: 51.10%
Epoch: 900, Loss: 0.0000, Train: 100.00%, Valid: 39.60%, Test: 38.30%, Best Valid: 49.20%, Best Test: 51.10%
Epoch: 1000, Loss: 0.0001, Train: 100.00%, Valid: 39.60%, Test: 38.50%, Best Valid: 49.20%, Best Test: 51.10%
Run 06:
Highest Train: 100.00
Highest Valid: 49.20
Highest Test: 51.40
Chosen epoch: 224
Final Train: 100.00
Final Test: 51.10
train:torch.Size([14]), valid:torch.Size([500]), test:torch.Size([1000])
Pre-training MLP for 500 epochs to generate co-occurrence matrix...
MLP pre-training complete. Penalty matrix frozen.
Epoch: 00, Loss: 5.3759, Train: 14.29%, Valid: 11.80%, Test: 11.50%, Best Valid: 11.80%, Best Test: 11.50%
Switching Polynormer to global attention phase.
Epoch: 100, Loss: 5.0610, Train: 14.29%, Valid: 12.40%, Test: 10.00%, Best Valid: 56.60%, Best Test: 53.50%
Epoch: 200, Loss: 0.0048, Train: 100.00%, Valid: 30.20%, Test: 27.80%, Best Valid: 56.60%, Best Test: 53.50%
Epoch: 300, Loss: 0.0000, Train: 100.00%, Valid: 43.00%, Test: 40.60%, Best Valid: 56.60%, Best Test: 53.50%
Epoch: 400, Loss: 0.0000, Train: 100.00%, Valid: 44.40%, Test: 41.50%, Best Valid: 56.60%, Best Test: 53.50%
Epoch: 500, Loss: 0.0001, Train: 100.00%, Valid: 44.60%, Test: 42.70%, Best Valid: 56.60%, Best Test: 53.50%
Epoch: 600, Loss: 0.0006, Train: 100.00%, Valid: 45.40%, Test: 44.10%, Best Valid: 56.60%, Best Test: 53.50%
Epoch: 700, Loss: 0.0009, Train: 100.00%, Valid: 45.60%, Test: 44.00%, Best Valid: 56.60%, Best Test: 53.50%
Epoch: 800, Loss: 0.0004, Train: 100.00%, Valid: 46.60%, Test: 44.70%, Best Valid: 56.60%, Best Test: 53.50%
Epoch: 900, Loss: 0.0004, Train: 100.00%, Valid: 47.60%, Test: 45.40%, Best Valid: 56.60%, Best Test: 53.50%
Epoch: 1000, Loss: 0.0005, Train: 100.00%, Valid: 47.40%, Test: 46.30%, Best Valid: 56.60%, Best Test: 53.50%
Run 07:
Highest Train: 100.00
Highest Valid: 56.60
Highest Test: 53.90
Chosen epoch: 36
Final Train: 100.00
Final Test: 53.50
train:torch.Size([14]), valid:torch.Size([500]), test:torch.Size([1000])
Pre-training MLP for 500 epochs to generate co-occurrence matrix...
MLP pre-training complete. Penalty matrix frozen.
Epoch: 00, Loss: 5.7573, Train: 21.43%, Valid: 14.00%, Test: 13.50%, Best Valid: 14.00%, Best Test: 13.50%
Switching Polynormer to global attention phase.
Epoch: 100, Loss: 5.0608, Train: 14.29%, Valid: 14.20%, Test: 12.40%, Best Valid: 16.40%, Best Test: 15.40%
Epoch: 200, Loss: 0.0005, Train: 100.00%, Valid: 15.20%, Test: 14.70%, Best Valid: 16.40%, Best Test: 15.40%
Epoch: 300, Loss: 0.0018, Train: 100.00%, Valid: 15.60%, Test: 15.20%, Best Valid: 16.40%, Best Test: 15.40%
Epoch: 400, Loss: 0.0074, Train: 100.00%, Valid: 21.80%, Test: 19.30%, Best Valid: 22.40%, Best Test: 19.30%
Epoch: 500, Loss: 0.0001, Train: 100.00%, Valid: 17.40%, Test: 16.70%, Best Valid: 22.40%, Best Test: 19.30%
Epoch: 600, Loss: 0.0019, Train: 100.00%, Valid: 18.60%, Test: 17.80%, Best Valid: 22.40%, Best Test: 19.30%
Epoch: 700, Loss: 0.0447, Train: 100.00%, Valid: 16.20%, Test: 15.60%, Best Valid: 30.20%, Best Test: 27.00%
Epoch: 800, Loss: 0.0004, Train: 100.00%, Valid: 20.40%, Test: 19.30%, Best Valid: 30.20%, Best Test: 27.00%
Epoch: 900, Loss: 0.0095, Train: 100.00%, Valid: 20.00%, Test: 17.70%, Best Valid: 30.20%, Best Test: 27.00%
Epoch: 1000, Loss: 0.0005, Train: 100.00%, Valid: 21.80%, Test: 18.30%, Best Valid: 30.20%, Best Test: 27.00%
Run 08:
Highest Train: 100.00
Highest Valid: 30.20
Highest Test: 27.00
Chosen epoch: 642
Final Train: 100.00
Final Test: 27.00
train:torch.Size([14]), valid:torch.Size([500]), test:torch.Size([1000])
Pre-training MLP for 500 epochs to generate co-occurrence matrix...
MLP pre-training complete. Penalty matrix frozen.
Epoch: 00, Loss: 5.8505, Train: 28.57%, Valid: 21.20%, Test: 23.60%, Best Valid: 21.20%, Best Test: 23.60%
Switching Polynormer to global attention phase.
Epoch: 100, Loss: 5.0595, Train: 14.29%, Valid: 7.60%, Test: 8.40%, Best Valid: 50.60%, Best Test: 55.20%
Epoch: 200, Loss: 0.0001, Train: 100.00%, Valid: 39.80%, Test: 43.70%, Best Valid: 50.60%, Best Test: 55.20%
Epoch: 300, Loss: 0.1684, Train: 100.00%, Valid: 53.00%, Test: 56.90%, Best Valid: 53.00%, Best Test: 56.90%
Epoch: 400, Loss: 0.0001, Train: 100.00%, Valid: 48.80%, Test: 56.80%, Best Valid: 53.00%, Best Test: 56.90%
Epoch: 500, Loss: 0.0007, Train: 100.00%, Valid: 45.80%, Test: 46.40%, Best Valid: 53.00%, Best Test: 56.90%
Epoch: 600, Loss: 0.0000, Train: 100.00%, Valid: 47.60%, Test: 46.20%, Best Valid: 53.00%, Best Test: 56.90%
Epoch: 700, Loss: 0.1216, Train: 100.00%, Valid: 39.20%, Test: 43.50%, Best Valid: 53.00%, Best Test: 56.90%
Epoch: 800, Loss: 0.0000, Train: 100.00%, Valid: 38.80%, Test: 39.80%, Best Valid: 53.00%, Best Test: 56.90%
Epoch: 900, Loss: 0.0000, Train: 100.00%, Valid: 38.80%, Test: 39.30%, Best Valid: 53.00%, Best Test: 56.90%
Epoch: 1000, Loss: 0.0000, Train: 100.00%, Valid: 40.60%, Test: 39.90%, Best Valid: 53.00%, Best Test: 56.90%
Run 09:
Highest Train: 100.00
Highest Valid: 53.00
Highest Test: 58.30
Chosen epoch: 300
Final Train: 100.00
Final Test: 56.90
train:torch.Size([14]), valid:torch.Size([500]), test:torch.Size([1000])
Pre-training MLP for 500 epochs to generate co-occurrence matrix...
MLP pre-training complete. Penalty matrix frozen.
Epoch: 00, Loss: 5.9786, Train: 35.71%, Valid: 11.80%, Test: 12.90%, Best Valid: 11.80%, Best Test: 12.90%
Switching Polynormer to global attention phase.
Epoch: 100, Loss: 5.0594, Train: 14.29%, Valid: 5.40%, Test: 7.80%, Best Valid: 48.00%, Best Test: 55.50%
Epoch: 200, Loss: 0.0003, Train: 100.00%, Valid: 43.00%, Test: 49.80%, Best Valid: 48.00%, Best Test: 55.50%
Epoch: 300, Loss: 0.1014, Train: 100.00%, Valid: 40.40%, Test: 44.50%, Best Valid: 48.00%, Best Test: 55.50%
Epoch: 400, Loss: 0.0000, Train: 100.00%, Valid: 41.60%, Test: 44.80%, Best Valid: 48.00%, Best Test: 55.50%
Epoch: 500, Loss: 0.0001, Train: 100.00%, Valid: 40.60%, Test: 46.60%, Best Valid: 48.00%, Best Test: 55.50%
Epoch: 600, Loss: 0.0002, Train: 100.00%, Valid: 43.20%, Test: 48.10%, Best Valid: 50.60%, Best Test: 52.30%
Epoch: 700, Loss: 0.0000, Train: 100.00%, Valid: 47.40%, Test: 52.10%, Best Valid: 52.40%, Best Test: 55.40%
Epoch: 800, Loss: 0.0000, Train: 100.00%, Valid: 48.60%, Test: 53.60%, Best Valid: 52.40%, Best Test: 55.40%
Epoch: 900, Loss: 0.0001, Train: 100.00%, Valid: 48.40%, Test: 54.10%, Best Valid: 52.40%, Best Test: 55.40%
Epoch: 1000, Loss: 0.0000, Train: 100.00%, Valid: 49.00%, Test: 54.30%, Best Valid: 52.40%, Best Test: 55.40%
Run 10:
Highest Train: 100.00
Highest Valid: 52.40
Highest Test: 55.90
Chosen epoch: 640
Final Train: 100.00
Final Test: 55.40
All runs:
Highest Train: 100.00 ± 0.00
Highest Test: 51.88 ± 10.50
Highest Valid: 51.56 ± 9.33
  Final Train: 100.00 ± 0.00
   Final Test: 51.21 ± 10.18
Saving results to ../results/lowlabel/cora/polynormer.csv
Low-label sweep completed.
Task 27 done.
