Wed Aug 19 15:36:30 2026       
+-----------------------------------------------------------------------------------------+
| NVIDIA-SMI 580.159.04             Driver Version: 580.159.04     CUDA Version: 13.0     |
+-----------------------------------------+------------------------+----------------------+
| GPU  Name                 Persistence-M | Bus-Id          Disp.A | Volatile Uncorr. ECC |
| Fan  Temp   Perf          Pwr:Usage/Cap |           Memory-Usage | GPU-Util  Compute M. |
|                                         |                        |               MIG M. |
|=========================================+========================+======================|
|   0  NVIDIA A100-SXM4-80GB          On  |   00000000:01:00.0 Off |                   On |
| N/A   51C    P0            220W /  500W |   40865MiB /  81920MiB |     N/A      Default |
|                                         |                        |              Enabled |
+-----------------------------------------+------------------------+----------------------+
|   1  NVIDIA A100-SXM4-80GB          On  |   00000000:41:00.0 Off |                   On |
| N/A   45C    P0            219W /  500W |   10427MiB /  81920MiB |     N/A      Default |
|                                         |                        |              Enabled |
+-----------------------------------------+------------------------+----------------------+
|   2  NVIDIA A100-SXM4-80GB          On  |   00000000:81:00.0 Off |                   On |
| N/A   42C    P0            137W /  500W |    1574MiB /  81920MiB |     N/A      Default |
|                                         |                        |              Enabled |
+-----------------------------------------+------------------------+----------------------+
|   3  NVIDIA A100-SXM4-80GB          On  |   00000000:C1:00.0 Off |                   On |
| N/A   39C    P0            184W /  500W |   12886MiB /  81920MiB |     N/A      Default |
|                                         |                        |              Enabled |
+-----------------------------------------+------------------------+----------------------+

+-----------------------------------------------------------------------------------------+
| MIG devices:                                                                            |
+------------------+----------------------------------+-----------+-----------------------+
| GPU  GI  CI  MIG |              Shared Memory-Usage |        Vol|        Shared         |
|      ID  ID  Dev |                Shared BAR1-Usage | SM     Unc| CE ENC  DEC  OFA  JPG |
|                  |                                  |        ECC|                       |
|==================+==================================+===========+=======================|
|  2    3   0   0  |              71MiB / 19968MiB    | 28      0 |  2   0    1    0    0 |
|                  |               0MiB / 12271MiB    |           |                       |
+------------------+----------------------------------+-----------+-----------------------+

+-----------------------------------------------------------------------------------------+
| Processes:                                                                              |
|  GPU   GI   CI              PID   Type   Process name                        GPU Memory |
|        ID   ID                                                               Usage      |
|=========================================================================================|
|    0   14    0           937547      C   ...ware/symmetrix-env/bin/python        386MiB |
|    0   13    0           937555      C   ...ware/symmetrix-env/bin/python        386MiB |
|    0    1    0           939103      C   ...nda3/envs/spot_nsf/bin/python      39756MiB |
|    1   13    0           937558      C   ...ware/symmetrix-env/bin/python        386MiB |
|    1   14    0           937559      C   ...ware/symmetrix-env/bin/python        468MiB |
|    1    1    0           939212      C   python                                 5120MiB |
|    1    5    0           939393      C   ...yground/CAST/.venv/bin/python       4140MiB |
|    3   14    0           937551      C   ...ware/symmetrix-env/bin/python        488MiB |
|    3   13    0           937560      C   ...ware/symmetrix-env/bin/python        896MiB |
|    3    5    0           938199      C   python                                11198MiB |
+-----------------------------------------------------------------------------------------+
Matched-val cell: amazon-ratings / polynormer / budget 5 per class / group 1
python main.py --model polynormer --dataset amazon-ratings --hidden_channels 256 --local_epochs 200 --global_epochs 2500 --lr 0.001 --runs 10 --local_layers 10 --global_layers 1 --weight_decay 0.0 --dropout 0.3 --in_dropout 0.2 --num_heads 2 --save_model --device 0 --model_dir models/lowlabel_mv_1178247_55 --train_per_class 5 --valid_per_class 5 --budget_tag 5
==========================================================
Low-label sweep: python main.py --model polynormer --dataset amazon-ratings --hidden_channels 256 --local_epochs 200 --global_epochs 2500 --lr 0.001 --runs 10 --local_layers 10 --global_layers 1 --weight_decay 0.0 --dropout 0.3 --in_dropout 0.2 --num_heads 2 --save_model --device 0 --model_dir models/lowlabel_mv_1178247_55 --train_per_class 5 --valid_per_class 5 --budget_tag 5
result_dir=../results/lowlabel_mv conditions=[mlp]
==========================================================
--- mlp_reg | lambda=0.01 ---
Namespace(aggregate='add', alpha=0.5, attention='gcn', beta=-1.0, bn=False, budget_tag='5', count_reg=False, count_smoothing=1.0, cpu=False, data_dir='../data/', dataset='amazon-ratings', device=0, dim_inner=256, display_step=100, dropout=0.3, epochs=500, global_dropout=None, global_epochs=2500, global_layers=1, gnn='gcn', graph_weight=0.8, hidden_channels=256, hops=10, in_dropout=0.2, jk=False, label_num_per_class=20, lambda_val=0.01, layers=1, ln=False, local_epochs=200, local_gnn_type='GCN', local_layers=10, lr=0.001, metric='acc', mlp_epochs=500, mlp_reg=True, model='polynormer', model_dir='models/lowlabel_mv_1178247_55', n_heads=2, num_centroids=4096, num_heads=2, oracle_reg=False, paired_seeds=True, pe_types='RWSE', penalty_transform='none', pre_linear=False, pre_ln=False, rand_split=False, rand_split_class=False, reg_start_epoch=10, reg_update_freq=5, res=False, resample_split_per_run=False, result_dir='../results/lowlabel_mv', runs=10, save_model=True, save_result=False, seed=42, test_num=1000, tr_dropout=None, tr_layers=1, tr_weight_decay=None, train_per_class=5, train_prop=0.5, use_act=False, use_bn=False, use_graph=False, use_reg=True, use_residual=False, use_weight=False, valid_num=500, valid_per_class=5, valid_prop=0.25, weight_decay=0.0)
amazon-ratings
dataset amazon-ratings | num nodes 24492 | num edge 93050 | num node feats 300 | num classes 5
MODEL: Polynormer(
  (h_lins): ModuleList(
    (0): Linear(in_features=512, out_features=512, bias=True)
    (1): Linear(in_features=512, out_features=512, bias=True)
    (2): Linear(in_features=512, out_features=512, bias=True)
    (3): Linear(in_features=512, out_features=512, bias=True)
    (4): Linear(in_features=512, out_features=512, bias=True)
    (5): Linear(in_features=512, out_features=512, bias=True)
    (6): Linear(in_features=512, out_features=512, bias=True)
    (7): Linear(in_features=512, out_features=512, bias=True)
    (8): Linear(in_features=512, out_features=512, bias=True)
    (9): Linear(in_features=512, out_features=512, bias=True)
  )
  (local_convs): ModuleList(
    (0): GATConv(512, 256, heads=2)
    (1): GATConv(512, 256, heads=2)
    (2): GATConv(512, 256, heads=2)
    (3): GATConv(512, 256, heads=2)
    (4): GATConv(512, 256, heads=2)
    (5): GATConv(512, 256, heads=2)
    (6): GATConv(512, 256, heads=2)
    (7): GATConv(512, 256, heads=2)
    (8): GATConv(512, 256, heads=2)
    (9): GATConv(512, 256, heads=2)
  )
  (lins): ModuleList(
    (0): Linear(in_features=512, out_features=512, bias=True)
    (1): Linear(in_features=512, out_features=512, bias=True)
    (2): Linear(in_features=512, out_features=512, bias=True)
    (3): Linear(in_features=512, out_features=512, bias=True)
    (4): Linear(in_features=512, out_features=512, bias=True)
    (5): Linear(in_features=512, out_features=512, bias=True)
    (6): Linear(in_features=512, out_features=512, bias=True)
    (7): Linear(in_features=512, out_features=512, bias=True)
    (8): Linear(in_features=512, out_features=512, bias=True)
    (9): Linear(in_features=512, out_features=512, bias=True)
  )
  (lns): ModuleList(
    (0): LayerNorm((512,), eps=1e-05, elementwise_affine=True)
    (1): LayerNorm((512,), eps=1e-05, elementwise_affine=True)
    (2): LayerNorm((512,), eps=1e-05, elementwise_affine=True)
    (3): LayerNorm((512,), eps=1e-05, elementwise_affine=True)
    (4): LayerNorm((512,), eps=1e-05, elementwise_affine=True)
    (5): LayerNorm((512,), eps=1e-05, elementwise_affine=True)
    (6): LayerNorm((512,), eps=1e-05, elementwise_affine=True)
    (7): LayerNorm((512,), eps=1e-05, elementwise_affine=True)
    (8): LayerNorm((512,), eps=1e-05, elementwise_affine=True)
    (9): LayerNorm((512,), eps=1e-05, elementwise_affine=True)
  )
  (lin_in): Linear(in_features=300, out_features=512, bias=True)
  (ln): LayerNorm((512,), eps=1e-05, elementwise_affine=True)
  (global_attn): GlobalAttn(
    (h_lins): ModuleList(
      (0): Linear(in_features=512, out_features=512, bias=True)
    )
    (k_lins): ModuleList(
      (0): Linear(in_features=512, out_features=512, bias=True)
    )
    (v_lins): ModuleList(
      (0): Linear(in_features=512, out_features=512, bias=True)
    )
    (lns): ModuleList(
      (0): LayerNorm((512,), eps=1e-05, elementwise_affine=True)
    )
    (lin_out): Linear(in_features=512, out_features=512, bias=True)
  )
  (pred_local): Linear(in_features=512, out_features=5, bias=True)
  (pred_global): Linear(in_features=512, out_features=5, bias=True)
)
Label budget: 5/class -> 25 train nodes
Matched-budget validation: 25 valid nodes
Pre-training MLP for 500 epochs to generate co-occurrence matrix...
MLP pre-training complete. Penalty matrix frozen.
Epoch: 00, Loss: 2.2821, Train: 25.73%, Valid: 20.00%, Test: 25.79%, Best Valid: 20.00%, Best Test: 25.79%
Epoch: 100, Loss: 0.0117, Train: 15.92%, Valid: 16.00%, Test: 16.72%, Best Valid: 32.00%, Best Test: 22.11%
Switching Polynormer to global attention phase.
Epoch: 200, Loss: 1.6598, Train: 13.94%, Valid: 16.00%, Test: 13.88%, Best Valid: 32.00%, Best Test: 22.11%
Epoch: 300, Loss: 0.0019, Train: 17.28%, Valid: 20.00%, Test: 17.61%, Best Valid: 36.00%, Best Test: 17.41%
Epoch: 400, Loss: 0.0000, Train: 15.29%, Valid: 12.00%, Test: 16.10%, Best Valid: 36.00%, Best Test: 17.41%
Epoch: 500, Loss: 0.0000, Train: 16.09%, Valid: 16.00%, Test: 16.85%, Best Valid: 36.00%, Best Test: 17.41%
Epoch: 600, Loss: 0.0000, Train: 16.16%, Valid: 16.00%, Test: 17.05%, Best Valid: 36.00%, Best Test: 17.41%
Epoch: 700, Loss: 0.0000, Train: 16.21%, Valid: 16.00%, Test: 17.02%, Best Valid: 36.00%, Best Test: 17.41%
Epoch: 800, Loss: 0.0000, Train: 16.35%, Valid: 16.00%, Test: 17.03%, Best Valid: 36.00%, Best Test: 17.41%
Epoch: 900, Loss: 0.0000, Train: 16.33%, Valid: 16.00%, Test: 17.02%, Best Valid: 36.00%, Best Test: 17.41%
Epoch: 1000, Loss: 0.0000, Train: 16.32%, Valid: 16.00%, Test: 17.02%, Best Valid: 36.00%, Best Test: 17.41%
Epoch: 1100, Loss: 0.0000, Train: 16.32%, Valid: 16.00%, Test: 17.05%, Best Valid: 36.00%, Best Test: 17.41%
Epoch: 1200, Loss: 0.0000, Train: 16.34%, Valid: 16.00%, Test: 17.02%, Best Valid: 36.00%, Best Test: 17.41%
Epoch: 1300, Loss: 0.0000, Train: 16.36%, Valid: 16.00%, Test: 17.03%, Best Valid: 36.00%, Best Test: 17.41%
Epoch: 1400, Loss: 0.0000, Train: 16.34%, Valid: 16.00%, Test: 17.02%, Best Valid: 36.00%, Best Test: 17.41%
Epoch: 1500, Loss: 0.0000, Train: 16.65%, Valid: 16.00%, Test: 17.13%, Best Valid: 36.00%, Best Test: 17.41%
Epoch: 1600, Loss: 0.0000, Train: 16.56%, Valid: 16.00%, Test: 17.26%, Best Valid: 36.00%, Best Test: 17.41%
Epoch: 1700, Loss: 0.0000, Train: 16.54%, Valid: 16.00%, Test: 17.23%, Best Valid: 36.00%, Best Test: 17.41%
Epoch: 1800, Loss: 0.0000, Train: 16.54%, Valid: 16.00%, Test: 17.18%, Best Valid: 36.00%, Best Test: 17.41%
Epoch: 1900, Loss: 0.0000, Train: 17.54%, Valid: 16.00%, Test: 17.70%, Best Valid: 36.00%, Best Test: 17.41%
Epoch: 2000, Loss: 0.0000, Train: 17.61%, Valid: 16.00%, Test: 17.75%, Best Valid: 36.00%, Best Test: 17.41%
Epoch: 2100, Loss: 0.0002, Train: 17.54%, Valid: 16.00%, Test: 17.61%, Best Valid: 36.00%, Best Test: 17.41%
Epoch: 2200, Loss: 0.0000, Train: 16.22%, Valid: 16.00%, Test: 16.63%, Best Valid: 36.00%, Best Test: 17.41%
Epoch: 2300, Loss: 0.0139, Train: 14.48%, Valid: 8.00%, Test: 14.55%, Best Valid: 36.00%, Best Test: 17.41%
Epoch: 2400, Loss: 0.0000, Train: 14.26%, Valid: 12.00%, Test: 14.14%, Best Valid: 36.00%, Best Test: 17.41%
Epoch: 2500, Loss: 0.0000, Train: 16.26%, Valid: 8.00%, Test: 15.92%, Best Valid: 36.00%, Best Test: 17.41%
Epoch: 2600, Loss: 0.0006, Train: 18.99%, Valid: 16.00%, Test: 18.96%, Best Valid: 36.00%, Best Test: 17.41%
Run 01:
Highest Train: 36.79
Highest Valid: 36.00
Highest Test: 36.80
Chosen epoch: 265
Final Train: 16.74
Final Test: 17.41
Label budget: 5/class -> 25 train nodes
Matched-budget validation: 25 valid nodes
Pre-training MLP for 500 epochs to generate co-occurrence matrix...
MLP pre-training complete. Penalty matrix frozen.
Epoch: 00, Loss: 1.6790, Train: 35.40%, Valid: 20.00%, Test: 35.72%, Best Valid: 20.00%, Best Test: 35.72%
Epoch: 100, Loss: 0.0087, Train: 19.88%, Valid: 12.00%, Test: 20.84%, Best Valid: 28.00%, Best Test: 10.21%
Switching Polynormer to global attention phase.
Epoch: 200, Loss: 1.6611, Train: 9.11%, Valid: 20.00%, Test: 9.13%, Best Valid: 28.00%, Best Test: 10.21%
Epoch: 300, Loss: 0.0002, Train: 22.02%, Valid: 32.00%, Test: 22.47%, Best Valid: 32.00%, Best Test: 24.09%
Epoch: 400, Loss: 0.0000, Train: 24.35%, Valid: 28.00%, Test: 24.37%, Best Valid: 36.00%, Best Test: 22.64%
Epoch: 500, Loss: 0.0000, Train: 23.29%, Valid: 20.00%, Test: 24.56%, Best Valid: 36.00%, Best Test: 22.64%
Epoch: 600, Loss: 0.0000, Train: 22.20%, Valid: 16.00%, Test: 23.04%, Best Valid: 36.00%, Best Test: 22.64%
Epoch: 700, Loss: 0.0000, Train: 21.66%, Valid: 16.00%, Test: 22.78%, Best Valid: 36.00%, Best Test: 22.64%
Epoch: 800, Loss: 0.0000, Train: 21.16%, Valid: 16.00%, Test: 22.06%, Best Valid: 36.00%, Best Test: 22.64%
Epoch: 900, Loss: 0.0000, Train: 21.35%, Valid: 16.00%, Test: 22.29%, Best Valid: 36.00%, Best Test: 22.64%
Epoch: 1000, Loss: 0.0000, Train: 20.95%, Valid: 16.00%, Test: 21.97%, Best Valid: 36.00%, Best Test: 22.64%
Epoch: 1100, Loss: 0.1297, Train: 25.36%, Valid: 32.00%, Test: 25.46%, Best Valid: 36.00%, Best Test: 22.64%
Epoch: 1200, Loss: 0.0458, Train: 21.30%, Valid: 16.00%, Test: 21.04%, Best Valid: 36.00%, Best Test: 22.64%
Epoch: 1300, Loss: 0.0000, Train: 19.87%, Valid: 12.00%, Test: 20.40%, Best Valid: 36.00%, Best Test: 22.64%
Epoch: 1400, Loss: 0.0048, Train: 26.02%, Valid: 20.00%, Test: 26.34%, Best Valid: 36.00%, Best Test: 22.64%
Epoch: 1500, Loss: 0.0000, Train: 20.31%, Valid: 16.00%, Test: 20.37%, Best Valid: 36.00%, Best Test: 22.64%
Epoch: 1600, Loss: 0.0000, Train: 20.22%, Valid: 16.00%, Test: 20.20%, Best Valid: 36.00%, Best Test: 22.64%
Epoch: 1700, Loss: 0.0000, Train: 20.30%, Valid: 16.00%, Test: 20.35%, Best Valid: 36.00%, Best Test: 22.64%
Epoch: 1800, Loss: 0.0000, Train: 20.56%, Valid: 16.00%, Test: 20.74%, Best Valid: 36.00%, Best Test: 22.64%
Epoch: 1900, Loss: 0.0000, Train: 20.55%, Valid: 16.00%, Test: 20.77%, Best Valid: 36.00%, Best Test: 22.64%
Epoch: 2000, Loss: 0.0000, Train: 20.54%, Valid: 16.00%, Test: 20.77%, Best Valid: 36.00%, Best Test: 22.64%
Epoch: 2100, Loss: 0.0000, Train: 20.60%, Valid: 16.00%, Test: 20.73%, Best Valid: 36.00%, Best Test: 22.64%
Epoch: 2200, Loss: 0.0000, Train: 20.59%, Valid: 16.00%, Test: 20.73%, Best Valid: 36.00%, Best Test: 22.64%
Epoch: 2300, Loss: 0.0000, Train: 20.98%, Valid: 16.00%, Test: 21.13%, Best Valid: 36.00%, Best Test: 22.64%
Epoch: 2400, Loss: 0.0000, Train: 20.98%, Valid: 16.00%, Test: 21.12%, Best Valid: 36.00%, Best Test: 22.64%
Epoch: 2500, Loss: 0.0000, Train: 20.98%, Valid: 16.00%, Test: 21.12%, Best Valid: 36.00%, Best Test: 22.64%
Epoch: 2600, Loss: 0.0000, Train: 20.99%, Valid: 16.00%, Test: 21.12%, Best Valid: 36.00%, Best Test: 22.64%
Run 02:
Highest Train: 36.78
Highest Valid: 36.00
Highest Test: 36.78
Chosen epoch: 315
Final Train: 21.60
Final Test: 22.64
Label budget: 5/class -> 25 train nodes
Matched-budget validation: 25 valid nodes
Pre-training MLP for 500 epochs to generate co-occurrence matrix...
MLP pre-training complete. Penalty matrix frozen.
Epoch: 00, Loss: 2.3755, Train: 14.75%, Valid: 16.00%, Test: 14.60%, Best Valid: 16.00%, Best Test: 14.60%
Epoch: 100, Loss: 0.0012, Train: 24.69%, Valid: 12.00%, Test: 24.42%, Best Valid: 32.00%, Best Test: 22.57%
Switching Polynormer to global attention phase.
Epoch: 200, Loss: 1.6444, Train: 15.92%, Valid: 40.00%, Test: 16.14%, Best Valid: 40.00%, Best Test: 16.14%
Epoch: 300, Loss: 0.0000, Train: 20.89%, Valid: 32.00%, Test: 20.86%, Best Valid: 40.00%, Best Test: 16.14%
Epoch: 400, Loss: 0.0000, Train: 23.77%, Valid: 16.00%, Test: 24.27%, Best Valid: 40.00%, Best Test: 16.14%
Epoch: 500, Loss: 0.0000, Train: 25.62%, Valid: 28.00%, Test: 25.51%, Best Valid: 40.00%, Best Test: 16.14%
Epoch: 600, Loss: 0.0000, Train: 25.53%, Valid: 28.00%, Test: 25.56%, Best Valid: 40.00%, Best Test: 16.14%
Epoch: 700, Loss: 0.0000, Train: 25.55%, Valid: 28.00%, Test: 25.53%, Best Valid: 40.00%, Best Test: 16.14%
Epoch: 800, Loss: 0.0000, Train: 25.46%, Valid: 28.00%, Test: 25.41%, Best Valid: 40.00%, Best Test: 16.14%
Epoch: 900, Loss: 0.0000, Train: 25.36%, Valid: 28.00%, Test: 25.40%, Best Valid: 40.00%, Best Test: 16.14%
Epoch: 1000, Loss: 0.0000, Train: 25.27%, Valid: 24.00%, Test: 25.28%, Best Valid: 40.00%, Best Test: 16.14%
Epoch: 1100, Loss: 0.0000, Train: 25.21%, Valid: 24.00%, Test: 25.30%, Best Valid: 40.00%, Best Test: 16.14%
Epoch: 1200, Loss: 0.0000, Train: 25.20%, Valid: 24.00%, Test: 25.30%, Best Valid: 40.00%, Best Test: 16.14%
Epoch: 1300, Loss: 0.0000, Train: 25.20%, Valid: 24.00%, Test: 25.30%, Best Valid: 40.00%, Best Test: 16.14%
Epoch: 1400, Loss: 0.0000, Train: 25.17%, Valid: 24.00%, Test: 25.30%, Best Valid: 40.00%, Best Test: 16.14%
Epoch: 1500, Loss: 0.0000, Train: 25.14%, Valid: 24.00%, Test: 25.30%, Best Valid: 40.00%, Best Test: 16.14%
Epoch: 1600, Loss: 0.0000, Train: 25.14%, Valid: 24.00%, Test: 25.28%, Best Valid: 40.00%, Best Test: 16.14%
Epoch: 1700, Loss: 0.0000, Train: 25.14%, Valid: 24.00%, Test: 25.28%, Best Valid: 40.00%, Best Test: 16.14%
Epoch: 1800, Loss: 0.0000, Train: 25.19%, Valid: 24.00%, Test: 25.25%, Best Valid: 40.00%, Best Test: 16.14%
Epoch: 1900, Loss: 0.0000, Train: 25.16%, Valid: 24.00%, Test: 25.23%, Best Valid: 40.00%, Best Test: 16.14%
Epoch: 2000, Loss: 0.0000, Train: 25.16%, Valid: 24.00%, Test: 25.23%, Best Valid: 40.00%, Best Test: 16.14%
Epoch: 2100, Loss: 0.0000, Train: 22.64%, Valid: 12.00%, Test: 21.85%, Best Valid: 40.00%, Best Test: 16.14%
Epoch: 2200, Loss: 0.0000, Train: 22.88%, Valid: 24.00%, Test: 22.54%, Best Valid: 40.00%, Best Test: 16.14%
Epoch: 2300, Loss: 0.0000, Train: 17.98%, Valid: 24.00%, Test: 17.72%, Best Valid: 40.00%, Best Test: 16.14%
Epoch: 2400, Loss: 0.0000, Train: 17.98%, Valid: 24.00%, Test: 17.72%, Best Valid: 40.00%, Best Test: 16.14%
Epoch: 2500, Loss: 0.0000, Train: 22.29%, Valid: 20.00%, Test: 22.02%, Best Valid: 40.00%, Best Test: 16.14%
Epoch: 2600, Loss: 0.0000, Train: 21.03%, Valid: 20.00%, Test: 20.95%, Best Valid: 40.00%, Best Test: 16.14%
Run 03:
Highest Train: 36.78
Highest Valid: 40.00
Highest Test: 36.80
Chosen epoch: 200
Final Train: 15.92
Final Test: 16.14
Label budget: 5/class -> 25 train nodes
Matched-budget validation: 25 valid nodes
Pre-training MLP for 500 epochs to generate co-occurrence matrix...
MLP pre-training complete. Penalty matrix frozen.
Epoch: 00, Loss: 1.8633, Train: 26.86%, Valid: 16.00%, Test: 27.76%, Best Valid: 16.00%, Best Test: 27.76%
Epoch: 100, Loss: 0.0008, Train: 24.79%, Valid: 24.00%, Test: 23.06%, Best Valid: 36.00%, Best Test: 17.90%
Switching Polynormer to global attention phase.
Epoch: 200, Loss: 1.6117, Train: 20.48%, Valid: 20.00%, Test: 19.61%, Best Valid: 36.00%, Best Test: 17.90%
Epoch: 300, Loss: 0.1520, Train: 27.63%, Valid: 28.00%, Test: 26.03%, Best Valid: 44.00%, Best Test: 26.13%
Epoch: 400, Loss: 0.0017, Train: 31.86%, Valid: 20.00%, Test: 30.98%, Best Valid: 44.00%, Best Test: 26.13%
Epoch: 500, Loss: 0.0000, Train: 24.33%, Valid: 32.00%, Test: 23.34%, Best Valid: 44.00%, Best Test: 26.13%
Epoch: 600, Loss: 0.0002, Train: 27.27%, Valid: 32.00%, Test: 26.36%, Best Valid: 44.00%, Best Test: 26.13%
Epoch: 700, Loss: 0.0000, Train: 23.35%, Valid: 16.00%, Test: 22.28%, Best Valid: 44.00%, Best Test: 26.13%
Epoch: 800, Loss: 0.0000, Train: 28.26%, Valid: 28.00%, Test: 27.37%, Best Valid: 44.00%, Best Test: 26.13%
Epoch: 900, Loss: 0.0002, Train: 26.42%, Valid: 36.00%, Test: 26.65%, Best Valid: 44.00%, Best Test: 26.13%
Epoch: 1000, Loss: 0.0000, Train: 25.87%, Valid: 32.00%, Test: 24.76%, Best Valid: 44.00%, Best Test: 26.13%
Epoch: 1100, Loss: 0.0000, Train: 27.28%, Valid: 20.00%, Test: 25.72%, Best Valid: 44.00%, Best Test: 26.13%
Epoch: 1200, Loss: 0.0000, Train: 27.88%, Valid: 28.00%, Test: 26.46%, Best Valid: 44.00%, Best Test: 26.13%
Epoch: 1300, Loss: 0.0000, Train: 27.89%, Valid: 28.00%, Test: 26.47%, Best Valid: 44.00%, Best Test: 26.13%
Epoch: 1400, Loss: 0.0000, Train: 27.84%, Valid: 28.00%, Test: 26.47%, Best Valid: 44.00%, Best Test: 26.13%
Epoch: 1500, Loss: 0.0000, Train: 27.82%, Valid: 28.00%, Test: 26.41%, Best Valid: 44.00%, Best Test: 26.13%
Epoch: 1600, Loss: 0.0000, Train: 27.84%, Valid: 28.00%, Test: 26.39%, Best Valid: 44.00%, Best Test: 26.13%
Epoch: 1700, Loss: 0.0000, Train: 27.86%, Valid: 28.00%, Test: 26.36%, Best Valid: 44.00%, Best Test: 26.13%
Epoch: 1800, Loss: 0.0000, Train: 27.84%, Valid: 28.00%, Test: 26.41%, Best Valid: 44.00%, Best Test: 26.13%
Epoch: 1900, Loss: 0.0000, Train: 27.84%, Valid: 28.00%, Test: 26.41%, Best Valid: 44.00%, Best Test: 26.13%
Epoch: 2000, Loss: 0.0000, Train: 27.85%, Valid: 28.00%, Test: 26.44%, Best Valid: 44.00%, Best Test: 26.13%
Epoch: 2100, Loss: 0.0000, Train: 27.85%, Valid: 28.00%, Test: 26.44%, Best Valid: 44.00%, Best Test: 26.13%
Epoch: 2200, Loss: 0.0000, Train: 27.84%, Valid: 28.00%, Test: 26.44%, Best Valid: 44.00%, Best Test: 26.13%
Epoch: 2300, Loss: 0.0000, Train: 27.82%, Valid: 28.00%, Test: 26.44%, Best Valid: 44.00%, Best Test: 26.13%
Epoch: 2400, Loss: 0.0000, Train: 27.87%, Valid: 28.00%, Test: 26.42%, Best Valid: 44.00%, Best Test: 26.13%
Epoch: 2500, Loss: 0.0000, Train: 27.88%, Valid: 28.00%, Test: 26.41%, Best Valid: 44.00%, Best Test: 26.13%
Epoch: 2600, Loss: 0.0000, Train: 27.90%, Valid: 28.00%, Test: 26.41%, Best Valid: 44.00%, Best Test: 26.13%
Run 04:
Highest Train: 36.79
Highest Valid: 44.00
Highest Test: 36.80
Chosen epoch: 270
Final Train: 26.73
Final Test: 26.13
Label budget: 5/class -> 25 train nodes
Matched-budget validation: 25 valid nodes
Pre-training MLP for 500 epochs to generate co-occurrence matrix...
MLP pre-training complete. Penalty matrix frozen.
Epoch: 00, Loss: 1.9644, Train: 17.16%, Valid: 24.00%, Test: 16.94%, Best Valid: 24.00%, Best Test: 16.94%
Epoch: 100, Loss: 0.0005, Train: 24.71%, Valid: 8.00%, Test: 24.43%, Best Valid: 24.00%, Best Test: 16.94%
Switching Polynormer to global attention phase.
Epoch: 200, Loss: 1.6720, Train: 23.18%, Valid: 20.00%, Test: 23.17%, Best Valid: 24.00%, Best Test: 16.94%
Epoch: 300, Loss: 0.0036, Train: 22.46%, Valid: 20.00%, Test: 22.65%, Best Valid: 24.00%, Best Test: 16.94%
Epoch: 400, Loss: 0.0063, Train: 21.57%, Valid: 20.00%, Test: 22.21%, Best Valid: 24.00%, Best Test: 16.94%
Epoch: 500, Loss: 0.0102, Train: 21.71%, Valid: 16.00%, Test: 21.35%, Best Valid: 24.00%, Best Test: 16.94%
Epoch: 600, Loss: 0.0007, Train: 21.77%, Valid: 12.00%, Test: 22.15%, Best Valid: 24.00%, Best Test: 16.94%
Epoch: 700, Loss: 0.0000, Train: 27.22%, Valid: 24.00%, Test: 27.65%, Best Valid: 28.00%, Best Test: 29.46%
Epoch: 800, Loss: 0.0000, Train: 20.25%, Valid: 12.00%, Test: 19.58%, Best Valid: 28.00%, Best Test: 29.46%
Epoch: 900, Loss: 0.0000, Train: 19.31%, Valid: 12.00%, Test: 18.78%, Best Valid: 28.00%, Best Test: 29.46%
Epoch: 1000, Loss: 0.0000, Train: 19.39%, Valid: 12.00%, Test: 18.80%, Best Valid: 28.00%, Best Test: 29.46%
Epoch: 1100, Loss: 0.0000, Train: 18.58%, Valid: 16.00%, Test: 17.98%, Best Valid: 28.00%, Best Test: 29.46%
Epoch: 1200, Loss: 0.0000, Train: 18.75%, Valid: 12.00%, Test: 18.08%, Best Valid: 28.00%, Best Test: 29.46%
Epoch: 1300, Loss: 0.0000, Train: 18.81%, Valid: 12.00%, Test: 18.11%, Best Valid: 28.00%, Best Test: 29.46%
Epoch: 1400, Loss: 0.0000, Train: 18.90%, Valid: 12.00%, Test: 18.16%, Best Valid: 28.00%, Best Test: 29.46%
Epoch: 1500, Loss: 0.0000, Train: 18.90%, Valid: 12.00%, Test: 18.14%, Best Valid: 28.00%, Best Test: 29.46%
Epoch: 1600, Loss: 0.0000, Train: 18.90%, Valid: 12.00%, Test: 18.14%, Best Valid: 28.00%, Best Test: 29.46%
Epoch: 1700, Loss: 0.0000, Train: 19.21%, Valid: 12.00%, Test: 18.47%, Best Valid: 28.00%, Best Test: 29.46%
Epoch: 1800, Loss: 0.0000, Train: 19.18%, Valid: 12.00%, Test: 18.50%, Best Valid: 28.00%, Best Test: 29.46%
Epoch: 1900, Loss: 0.0000, Train: 18.99%, Valid: 16.00%, Test: 18.08%, Best Valid: 28.00%, Best Test: 29.46%
Epoch: 2000, Loss: 0.0000, Train: 19.03%, Valid: 16.00%, Test: 18.10%, Best Valid: 28.00%, Best Test: 29.46%
Epoch: 2100, Loss: 0.0000, Train: 19.08%, Valid: 16.00%, Test: 18.11%, Best Valid: 28.00%, Best Test: 29.46%
Epoch: 2200, Loss: 0.0000, Train: 19.08%, Valid: 16.00%, Test: 18.11%, Best Valid: 28.00%, Best Test: 29.46%
Epoch: 2300, Loss: 0.0000, Train: 19.08%, Valid: 16.00%, Test: 18.11%, Best Valid: 28.00%, Best Test: 29.46%
Epoch: 2400, Loss: 0.0000, Train: 19.08%, Valid: 16.00%, Test: 18.18%, Best Valid: 28.00%, Best Test: 29.46%
Epoch: 2500, Loss: 0.0000, Train: 19.08%, Valid: 16.00%, Test: 18.16%, Best Valid: 28.00%, Best Test: 29.46%
Epoch: 2600, Loss: 0.0000, Train: 19.10%, Valid: 16.00%, Test: 18.16%, Best Valid: 28.00%, Best Test: 29.46%
Run 05:
Highest Train: 36.79
Highest Valid: 28.00
Highest Test: 36.80
Chosen epoch: 610
Final Train: 28.38
Final Test: 29.46
Label budget: 5/class -> 25 train nodes
Matched-budget validation: 25 valid nodes
Pre-training MLP for 500 epochs to generate co-occurrence matrix...
MLP pre-training complete. Penalty matrix frozen.
Epoch: 00, Loss: 2.0932, Train: 29.92%, Valid: 24.00%, Test: 30.56%, Best Valid: 24.00%, Best Test: 30.56%
Epoch: 100, Loss: 0.0061, Train: 16.36%, Valid: 24.00%, Test: 16.58%, Best Valid: 36.00%, Best Test: 25.05%
Switching Polynormer to global attention phase.
Epoch: 200, Loss: 1.7088, Train: 18.57%, Valid: 20.00%, Test: 18.77%, Best Valid: 36.00%, Best Test: 25.05%
Epoch: 300, Loss: 0.0000, Train: 23.00%, Valid: 24.00%, Test: 24.01%, Best Valid: 36.00%, Best Test: 25.05%
Epoch: 400, Loss: 0.0001, Train: 13.78%, Valid: 24.00%, Test: 14.55%, Best Valid: 36.00%, Best Test: 25.05%
Epoch: 500, Loss: 0.0000, Train: 17.39%, Valid: 20.00%, Test: 18.00%, Best Valid: 36.00%, Best Test: 25.05%
Epoch: 600, Loss: 0.0000, Train: 18.08%, Valid: 28.00%, Test: 18.98%, Best Valid: 36.00%, Best Test: 25.05%
Epoch: 700, Loss: 0.0000, Train: 18.01%, Valid: 28.00%, Test: 18.80%, Best Valid: 36.00%, Best Test: 25.05%
Epoch: 800, Loss: 0.0000, Train: 18.10%, Valid: 28.00%, Test: 18.86%, Best Valid: 36.00%, Best Test: 25.05%
Epoch: 900, Loss: 0.0000, Train: 18.11%, Valid: 28.00%, Test: 18.73%, Best Valid: 36.00%, Best Test: 25.05%
Epoch: 1000, Loss: 0.0000, Train: 18.10%, Valid: 28.00%, Test: 18.72%, Best Valid: 36.00%, Best Test: 25.05%
Epoch: 1100, Loss: 0.0000, Train: 18.91%, Valid: 24.00%, Test: 19.70%, Best Valid: 36.00%, Best Test: 25.05%
Epoch: 1200, Loss: 0.0000, Train: 18.85%, Valid: 24.00%, Test: 19.68%, Best Valid: 36.00%, Best Test: 25.05%
Epoch: 1300, Loss: 0.0000, Train: 18.77%, Valid: 24.00%, Test: 19.68%, Best Valid: 36.00%, Best Test: 25.05%
Epoch: 1400, Loss: 0.0001, Train: 21.38%, Valid: 20.00%, Test: 21.79%, Best Valid: 36.00%, Best Test: 25.05%
Epoch: 1500, Loss: 0.0000, Train: 22.17%, Valid: 20.00%, Test: 22.52%, Best Valid: 36.00%, Best Test: 25.05%
Epoch: 1600, Loss: 0.0000, Train: 22.06%, Valid: 20.00%, Test: 22.46%, Best Valid: 36.00%, Best Test: 25.05%
Epoch: 1700, Loss: 0.0000, Train: 21.81%, Valid: 20.00%, Test: 22.26%, Best Valid: 36.00%, Best Test: 25.05%
Epoch: 1800, Loss: 0.0000, Train: 20.38%, Valid: 24.00%, Test: 20.95%, Best Valid: 36.00%, Best Test: 25.05%
Epoch: 1900, Loss: 0.4006, Train: 15.69%, Valid: 16.00%, Test: 15.74%, Best Valid: 36.00%, Best Test: 25.05%
Epoch: 2000, Loss: 0.0000, Train: 17.41%, Valid: 24.00%, Test: 18.00%, Best Valid: 36.00%, Best Test: 25.05%
Epoch: 2100, Loss: 0.0556, Train: 20.84%, Valid: 24.00%, Test: 20.79%, Best Valid: 36.00%, Best Test: 25.05%
Epoch: 2200, Loss: 0.0000, Train: 17.48%, Valid: 24.00%, Test: 17.85%, Best Valid: 36.00%, Best Test: 25.05%
Epoch: 2300, Loss: 0.0001, Train: 16.46%, Valid: 28.00%, Test: 17.41%, Best Valid: 36.00%, Best Test: 25.05%
Epoch: 2400, Loss: 0.0000, Train: 16.32%, Valid: 28.00%, Test: 17.38%, Best Valid: 36.00%, Best Test: 25.05%
Epoch: 2500, Loss: 0.0001, Train: 21.29%, Valid: 32.00%, Test: 22.75%, Best Valid: 36.00%, Best Test: 25.05%
Epoch: 2600, Loss: 0.0000, Train: 16.50%, Valid: 28.00%, Test: 17.03%, Best Valid: 48.00%, Best Test: 21.98%
Run 06:
Highest Train: 36.79
Highest Valid: 48.00
Highest Test: 36.80
Chosen epoch: 2521
Final Train: 20.87
Final Test: 21.98
Label budget: 5/class -> 25 train nodes
Matched-budget validation: 25 valid nodes
Pre-training MLP for 500 epochs to generate co-occurrence matrix...
MLP pre-training complete. Penalty matrix frozen.
Epoch: 00, Loss: 1.8457, Train: 22.62%, Valid: 20.00%, Test: 22.42%, Best Valid: 20.00%, Best Test: 22.42%
Epoch: 100, Loss: 0.0012, Train: 22.06%, Valid: 12.00%, Test: 20.04%, Best Valid: 36.00%, Best Test: 17.36%
Switching Polynormer to global attention phase.
Epoch: 200, Loss: 1.6522, Train: 36.76%, Valid: 20.00%, Test: 36.80%, Best Valid: 36.00%, Best Test: 17.36%
Epoch: 300, Loss: 0.0003, Train: 24.15%, Valid: 16.00%, Test: 22.28%, Best Valid: 36.00%, Best Test: 17.36%
Epoch: 400, Loss: 0.0000, Train: 23.02%, Valid: 16.00%, Test: 21.26%, Best Valid: 36.00%, Best Test: 17.36%
Epoch: 500, Loss: 0.0000, Train: 22.62%, Valid: 16.00%, Test: 20.77%, Best Valid: 36.00%, Best Test: 17.36%
Epoch: 600, Loss: 0.0002, Train: 22.83%, Valid: 16.00%, Test: 21.07%, Best Valid: 36.00%, Best Test: 17.36%
Epoch: 700, Loss: 0.0000, Train: 22.20%, Valid: 20.00%, Test: 20.27%, Best Valid: 36.00%, Best Test: 17.36%
Epoch: 800, Loss: 0.0000, Train: 23.25%, Valid: 20.00%, Test: 20.99%, Best Valid: 36.00%, Best Test: 17.36%
Epoch: 900, Loss: 0.0252, Train: 22.02%, Valid: 16.00%, Test: 20.22%, Best Valid: 40.00%, Best Test: 18.88%
Epoch: 1000, Loss: 0.0000, Train: 22.12%, Valid: 20.00%, Test: 20.86%, Best Valid: 40.00%, Best Test: 18.88%
Epoch: 1100, Loss: 0.0015, Train: 25.20%, Valid: 20.00%, Test: 24.40%, Best Valid: 40.00%, Best Test: 18.88%
Epoch: 1200, Loss: 0.0006, Train: 24.09%, Valid: 20.00%, Test: 22.75%, Best Valid: 40.00%, Best Test: 18.88%
Epoch: 1300, Loss: 0.0000, Train: 23.22%, Valid: 24.00%, Test: 22.10%, Best Valid: 40.00%, Best Test: 18.88%
Epoch: 1400, Loss: 0.0000, Train: 23.23%, Valid: 28.00%, Test: 22.18%, Best Valid: 40.00%, Best Test: 18.88%
Epoch: 1500, Loss: 0.0000, Train: 23.23%, Valid: 28.00%, Test: 22.18%, Best Valid: 40.00%, Best Test: 18.88%
Epoch: 1600, Loss: 0.0000, Train: 23.23%, Valid: 28.00%, Test: 22.18%, Best Valid: 40.00%, Best Test: 18.88%
Epoch: 1700, Loss: 0.0000, Train: 23.20%, Valid: 28.00%, Test: 22.16%, Best Valid: 40.00%, Best Test: 18.88%
Epoch: 1800, Loss: 0.0000, Train: 23.21%, Valid: 28.00%, Test: 22.16%, Best Valid: 40.00%, Best Test: 18.88%
Epoch: 1900, Loss: 0.0000, Train: 23.17%, Valid: 28.00%, Test: 22.18%, Best Valid: 40.00%, Best Test: 18.88%
Epoch: 2000, Loss: 0.0000, Train: 23.17%, Valid: 28.00%, Test: 22.18%, Best Valid: 40.00%, Best Test: 18.88%
Epoch: 2100, Loss: 0.0000, Train: 23.17%, Valid: 28.00%, Test: 22.18%, Best Valid: 40.00%, Best Test: 18.88%
Epoch: 2200, Loss: 0.0000, Train: 23.17%, Valid: 28.00%, Test: 22.18%, Best Valid: 40.00%, Best Test: 18.88%
Epoch: 2300, Loss: 0.0000, Train: 23.17%, Valid: 28.00%, Test: 22.18%, Best Valid: 40.00%, Best Test: 18.88%
Epoch: 2400, Loss: 0.0001, Train: 19.36%, Valid: 28.00%, Test: 18.91%, Best Valid: 40.00%, Best Test: 18.88%
Epoch: 2500, Loss: 0.0000, Train: 24.50%, Valid: 20.00%, Test: 24.04%, Best Valid: 40.00%, Best Test: 18.88%
Epoch: 2600, Loss: 0.0046, Train: 22.65%, Valid: 24.00%, Test: 21.87%, Best Valid: 40.00%, Best Test: 18.88%
Run 07:
Highest Train: 36.76
Highest Valid: 40.00
Highest Test: 36.80
Chosen epoch: 860
Final Train: 19.70
Final Test: 18.88
Label budget: 5/class -> 25 train nodes
Matched-budget validation: 25 valid nodes
Pre-training MLP for 500 epochs to generate co-occurrence matrix...
MLP pre-training complete. Penalty matrix frozen.
Epoch: 00, Loss: 2.0522, Train: 26.61%, Valid: 20.00%, Test: 26.78%, Best Valid: 20.00%, Best Test: 26.78%
Epoch: 100, Loss: 0.0314, Train: 16.06%, Valid: 40.00%, Test: 15.89%, Best Valid: 44.00%, Best Test: 13.41%
Switching Polynormer to global attention phase.
Epoch: 200, Loss: 1.6676, Train: 12.36%, Valid: 32.00%, Test: 12.05%, Best Valid: 44.00%, Best Test: 13.41%
Epoch: 300, Loss: 0.0001, Train: 18.21%, Valid: 28.00%, Test: 19.37%, Best Valid: 48.00%, Best Test: 17.08%
Epoch: 400, Loss: 0.0000, Train: 23.60%, Valid: 36.00%, Test: 23.17%, Best Valid: 48.00%, Best Test: 17.08%
Epoch: 500, Loss: 0.0000, Train: 24.13%, Valid: 36.00%, Test: 23.63%, Best Valid: 48.00%, Best Test: 17.08%
Epoch: 600, Loss: 0.0000, Train: 24.36%, Valid: 36.00%, Test: 23.68%, Best Valid: 48.00%, Best Test: 17.08%
Epoch: 700, Loss: 0.0003, Train: 26.01%, Valid: 28.00%, Test: 25.36%, Best Valid: 48.00%, Best Test: 17.08%
Epoch: 800, Loss: 0.0000, Train: 22.51%, Valid: 28.00%, Test: 22.91%, Best Valid: 48.00%, Best Test: 17.08%
Epoch: 900, Loss: 0.0001, Train: 17.34%, Valid: 36.00%, Test: 16.74%, Best Valid: 48.00%, Best Test: 17.08%
Epoch: 1000, Loss: 0.0000, Train: 19.01%, Valid: 36.00%, Test: 18.83%, Best Valid: 48.00%, Best Test: 17.08%
Epoch: 1100, Loss: 0.0000, Train: 18.56%, Valid: 36.00%, Test: 18.28%, Best Valid: 48.00%, Best Test: 17.08%
Epoch: 1200, Loss: 0.0000, Train: 17.50%, Valid: 36.00%, Test: 17.12%, Best Valid: 48.00%, Best Test: 17.08%
Epoch: 1300, Loss: 0.0000, Train: 17.63%, Valid: 36.00%, Test: 17.10%, Best Valid: 48.00%, Best Test: 17.08%
Epoch: 1400, Loss: 0.0000, Train: 17.71%, Valid: 36.00%, Test: 17.26%, Best Valid: 48.00%, Best Test: 17.08%
Epoch: 1500, Loss: 0.0000, Train: 18.06%, Valid: 36.00%, Test: 17.72%, Best Valid: 48.00%, Best Test: 17.08%
Epoch: 1600, Loss: 0.0000, Train: 18.04%, Valid: 36.00%, Test: 17.77%, Best Valid: 48.00%, Best Test: 17.08%
Epoch: 1700, Loss: 0.0000, Train: 18.01%, Valid: 36.00%, Test: 17.75%, Best Valid: 48.00%, Best Test: 17.08%
Epoch: 1800, Loss: 0.0000, Train: 18.11%, Valid: 36.00%, Test: 17.98%, Best Valid: 48.00%, Best Test: 17.08%
Epoch: 1900, Loss: 0.0000, Train: 18.10%, Valid: 36.00%, Test: 18.01%, Best Valid: 48.00%, Best Test: 17.08%
Epoch: 2000, Loss: 0.0000, Train: 18.13%, Valid: 36.00%, Test: 18.03%, Best Valid: 48.00%, Best Test: 17.08%
Epoch: 2100, Loss: 0.0000, Train: 18.18%, Valid: 36.00%, Test: 17.92%, Best Valid: 48.00%, Best Test: 17.08%
Epoch: 2200, Loss: 0.0000, Train: 18.22%, Valid: 36.00%, Test: 17.92%, Best Valid: 48.00%, Best Test: 17.08%
Epoch: 2300, Loss: 0.0000, Train: 18.65%, Valid: 36.00%, Test: 18.42%, Best Valid: 48.00%, Best Test: 17.08%
Epoch: 2400, Loss: 0.0000, Train: 18.68%, Valid: 36.00%, Test: 18.50%, Best Valid: 48.00%, Best Test: 17.08%
Epoch: 2500, Loss: 0.0000, Train: 18.68%, Valid: 36.00%, Test: 18.47%, Best Valid: 48.00%, Best Test: 17.08%
Epoch: 2600, Loss: 0.0000, Train: 18.68%, Valid: 36.00%, Test: 18.49%, Best Valid: 48.00%, Best Test: 17.08%
Run 08:
Highest Train: 36.83
Highest Valid: 48.00
Highest Test: 36.80
Chosen epoch: 234
Final Train: 16.71
Final Test: 17.08
Label budget: 5/class -> 25 train nodes
Matched-budget validation: 25 valid nodes
Pre-training MLP for 500 epochs to generate co-occurrence matrix...
MLP pre-training complete. Penalty matrix frozen.
Epoch: 00, Loss: 2.2581, Train: 16.21%, Valid: 16.00%, Test: 15.91%, Best Valid: 16.00%, Best Test: 15.91%
Epoch: 100, Loss: 0.0004, Train: 21.92%, Valid: 32.00%, Test: 22.34%, Best Valid: 36.00%, Best Test: 23.78%
Switching Polynormer to global attention phase.
Epoch: 200, Loss: 1.6238, Train: 26.84%, Valid: 24.00%, Test: 27.06%, Best Valid: 36.00%, Best Test: 23.78%
Epoch: 300, Loss: 0.0000, Train: 18.34%, Valid: 24.00%, Test: 18.75%, Best Valid: 36.00%, Best Test: 23.78%
Epoch: 400, Loss: 0.0001, Train: 19.35%, Valid: 16.00%, Test: 19.65%, Best Valid: 36.00%, Best Test: 23.78%
Epoch: 500, Loss: 0.0001, Train: 22.01%, Valid: 12.00%, Test: 23.42%, Best Valid: 36.00%, Best Test: 23.78%
Epoch: 600, Loss: 0.0000, Train: 21.91%, Valid: 12.00%, Test: 23.14%, Best Valid: 36.00%, Best Test: 23.78%
Epoch: 700, Loss: 0.0000, Train: 21.89%, Valid: 12.00%, Test: 23.31%, Best Valid: 36.00%, Best Test: 23.78%
Epoch: 800, Loss: 0.0000, Train: 22.04%, Valid: 12.00%, Test: 23.37%, Best Valid: 36.00%, Best Test: 23.78%
Epoch: 900, Loss: 0.0000, Train: 22.11%, Valid: 12.00%, Test: 23.45%, Best Valid: 36.00%, Best Test: 23.78%
Epoch: 1000, Loss: 0.0000, Train: 18.37%, Valid: 12.00%, Test: 19.68%, Best Valid: 36.00%, Best Test: 23.78%
Epoch: 1100, Loss: 0.0000, Train: 21.37%, Valid: 20.00%, Test: 22.02%, Best Valid: 36.00%, Best Test: 23.78%
Epoch: 1200, Loss: 0.0000, Train: 21.88%, Valid: 20.00%, Test: 22.37%, Best Valid: 36.00%, Best Test: 23.78%
Epoch: 1300, Loss: 0.0000, Train: 21.76%, Valid: 20.00%, Test: 22.34%, Best Valid: 36.00%, Best Test: 23.78%
Epoch: 1400, Loss: 0.0000, Train: 21.75%, Valid: 20.00%, Test: 22.34%, Best Valid: 36.00%, Best Test: 23.78%
Epoch: 1500, Loss: 0.0000, Train: 22.31%, Valid: 16.00%, Test: 22.73%, Best Valid: 36.00%, Best Test: 23.78%
Epoch: 1600, Loss: 0.0000, Train: 22.30%, Valid: 16.00%, Test: 22.72%, Best Valid: 36.00%, Best Test: 23.78%
Epoch: 1700, Loss: 0.0000, Train: 22.26%, Valid: 16.00%, Test: 22.70%, Best Valid: 36.00%, Best Test: 23.78%
Epoch: 1800, Loss: 0.0000, Train: 22.16%, Valid: 16.00%, Test: 22.67%, Best Valid: 36.00%, Best Test: 23.78%
Epoch: 1900, Loss: 0.0000, Train: 22.14%, Valid: 16.00%, Test: 22.68%, Best Valid: 36.00%, Best Test: 23.78%
Epoch: 2000, Loss: 0.0000, Train: 22.19%, Valid: 20.00%, Test: 22.75%, Best Valid: 36.00%, Best Test: 23.78%
Epoch: 2100, Loss: 0.0000, Train: 22.22%, Valid: 16.00%, Test: 22.57%, Best Valid: 36.00%, Best Test: 23.78%
Epoch: 2200, Loss: 0.0000, Train: 21.88%, Valid: 16.00%, Test: 21.84%, Best Valid: 36.00%, Best Test: 23.78%
Epoch: 2300, Loss: 0.0000, Train: 20.87%, Valid: 16.00%, Test: 21.28%, Best Valid: 36.00%, Best Test: 23.78%
Epoch: 2400, Loss: 0.0000, Train: 20.56%, Valid: 16.00%, Test: 21.02%, Best Valid: 36.00%, Best Test: 23.78%
Epoch: 2500, Loss: 0.0000, Train: 20.55%, Valid: 16.00%, Test: 20.99%, Best Valid: 36.00%, Best Test: 23.78%
Epoch: 2600, Loss: 0.0000, Train: 20.54%, Valid: 16.00%, Test: 20.97%, Best Valid: 36.00%, Best Test: 23.78%
Run 09:
Highest Train: 36.67
Highest Valid: 36.00
Highest Test: 36.75
Chosen epoch: 41
Final Train: 23.23
Final Test: 23.78
Label budget: 5/class -> 25 train nodes
Matched-budget validation: 25 valid nodes
Pre-training MLP for 500 epochs to generate co-occurrence matrix...
MLP pre-training complete. Penalty matrix frozen.
Epoch: 00, Loss: 2.2454, Train: 22.74%, Valid: 20.00%, Test: 22.13%, Best Valid: 20.00%, Best Test: 22.13%
Epoch: 100, Loss: 0.0091, Train: 22.75%, Valid: 28.00%, Test: 22.90%, Best Valid: 36.00%, Best Test: 20.48%
Switching Polynormer to global attention phase.
Epoch: 200, Loss: 1.6684, Train: 23.18%, Valid: 20.00%, Test: 23.17%, Best Valid: 36.00%, Best Test: 20.48%
Epoch: 300, Loss: 0.0011, Train: 23.72%, Valid: 28.00%, Test: 24.53%, Best Valid: 36.00%, Best Test: 20.48%
Epoch: 400, Loss: 0.0003, Train: 21.05%, Valid: 24.00%, Test: 21.12%, Best Valid: 36.00%, Best Test: 20.48%
Epoch: 500, Loss: 0.0000, Train: 22.63%, Valid: 28.00%, Test: 22.83%, Best Valid: 36.00%, Best Test: 20.48%
Epoch: 600, Loss: 0.2671, Train: 17.83%, Valid: 24.00%, Test: 17.72%, Best Valid: 36.00%, Best Test: 20.48%
Epoch: 700, Loss: 0.0000, Train: 21.48%, Valid: 24.00%, Test: 21.13%, Best Valid: 36.00%, Best Test: 20.48%
Epoch: 800, Loss: 0.0000, Train: 20.00%, Valid: 12.00%, Test: 20.43%, Best Valid: 40.00%, Best Test: 19.94%
Epoch: 900, Loss: 0.0000, Train: 22.52%, Valid: 12.00%, Test: 22.93%, Best Valid: 40.00%, Best Test: 19.94%
Epoch: 1000, Loss: 0.0000, Train: 22.58%, Valid: 12.00%, Test: 23.11%, Best Valid: 40.00%, Best Test: 19.94%
Epoch: 1100, Loss: 0.0000, Train: 22.39%, Valid: 12.00%, Test: 22.73%, Best Valid: 40.00%, Best Test: 19.94%
Epoch: 1200, Loss: 0.0000, Train: 22.40%, Valid: 12.00%, Test: 22.72%, Best Valid: 40.00%, Best Test: 19.94%
Epoch: 1300, Loss: 0.0000, Train: 22.40%, Valid: 12.00%, Test: 22.72%, Best Valid: 40.00%, Best Test: 19.94%
Epoch: 1400, Loss: 0.0797, Train: 19.31%, Valid: 20.00%, Test: 18.99%, Best Valid: 40.00%, Best Test: 19.94%
Epoch: 1500, Loss: 0.0000, Train: 20.01%, Valid: 20.00%, Test: 20.64%, Best Valid: 40.00%, Best Test: 19.94%
Epoch: 1600, Loss: 0.0019, Train: 22.42%, Valid: 36.00%, Test: 22.75%, Best Valid: 40.00%, Best Test: 19.94%
Epoch: 1700, Loss: 0.0000, Train: 20.65%, Valid: 24.00%, Test: 19.61%, Best Valid: 40.00%, Best Test: 19.94%
Epoch: 1800, Loss: 0.0000, Train: 24.48%, Valid: 36.00%, Test: 24.12%, Best Valid: 40.00%, Best Test: 19.94%
Epoch: 1900, Loss: 0.0000, Train: 24.07%, Valid: 32.00%, Test: 23.62%, Best Valid: 40.00%, Best Test: 19.94%
Epoch: 2000, Loss: 0.0000, Train: 24.07%, Valid: 32.00%, Test: 23.58%, Best Valid: 40.00%, Best Test: 19.94%
Epoch: 2100, Loss: 0.0000, Train: 24.05%, Valid: 32.00%, Test: 23.58%, Best Valid: 40.00%, Best Test: 19.94%
Epoch: 2200, Loss: 0.0000, Train: 24.05%, Valid: 32.00%, Test: 23.58%, Best Valid: 40.00%, Best Test: 19.94%
Epoch: 2300, Loss: 0.0000, Train: 23.86%, Valid: 32.00%, Test: 23.21%, Best Valid: 40.00%, Best Test: 19.94%
Epoch: 2400, Loss: 0.0000, Train: 23.87%, Valid: 32.00%, Test: 23.19%, Best Valid: 40.00%, Best Test: 19.94%
Epoch: 2500, Loss: 0.0000, Train: 24.61%, Valid: 36.00%, Test: 24.43%, Best Valid: 40.00%, Best Test: 19.94%
Epoch: 2600, Loss: 0.0000, Train: 24.60%, Valid: 36.00%, Test: 24.50%, Best Valid: 40.00%, Best Test: 19.94%
Run 10:
Highest Train: 36.78
Highest Valid: 40.00
Highest Test: 37.25
Chosen epoch: 767
Final Train: 20.49
Final Test: 19.94
All runs:
Highest Train: 36.78 ± 0.04
Highest Test: 36.83 ± 0.15
Highest Valid: 39.60 ± 6.10
  Final Train: 21.04 ± 4.18
   Final Test: 21.34 ± 4.29
Saving results to ../results/lowlabel_mv/amazon-ratings/polynormer.csv
--- mlp_reg | lambda=0.05 ---
Namespace(aggregate='add', alpha=0.5, attention='gcn', beta=-1.0, bn=False, budget_tag='5', count_reg=False, count_smoothing=1.0, cpu=False, data_dir='../data/', dataset='amazon-ratings', device=0, dim_inner=256, display_step=100, dropout=0.3, epochs=500, global_dropout=None, global_epochs=2500, global_layers=1, gnn='gcn', graph_weight=0.8, hidden_channels=256, hops=10, in_dropout=0.2, jk=False, label_num_per_class=20, lambda_val=0.05, layers=1, ln=False, local_epochs=200, local_gnn_type='GCN', local_layers=10, lr=0.001, metric='acc', mlp_epochs=500, mlp_reg=True, model='polynormer', model_dir='models/lowlabel_mv_1178247_55', n_heads=2, num_centroids=4096, num_heads=2, oracle_reg=False, paired_seeds=True, pe_types='RWSE', penalty_transform='none', pre_linear=False, pre_ln=False, rand_split=False, rand_split_class=False, reg_start_epoch=10, reg_update_freq=5, res=False, resample_split_per_run=False, result_dir='../results/lowlabel_mv', runs=10, save_model=True, save_result=False, seed=42, test_num=1000, tr_dropout=None, tr_layers=1, tr_weight_decay=None, train_per_class=5, train_prop=0.5, use_act=False, use_bn=False, use_graph=False, use_reg=True, use_residual=False, use_weight=False, valid_num=500, valid_per_class=5, valid_prop=0.25, weight_decay=0.0)
amazon-ratings
dataset amazon-ratings | num nodes 24492 | num edge 93050 | num node feats 300 | num classes 5
MODEL: Polynormer(
  (h_lins): ModuleList(
    (0): Linear(in_features=512, out_features=512, bias=True)
    (1): Linear(in_features=512, out_features=512, bias=True)
    (2): Linear(in_features=512, out_features=512, bias=True)
    (3): Linear(in_features=512, out_features=512, bias=True)
    (4): Linear(in_features=512, out_features=512, bias=True)
    (5): Linear(in_features=512, out_features=512, bias=True)
    (6): Linear(in_features=512, out_features=512, bias=True)
    (7): Linear(in_features=512, out_features=512, bias=True)
    (8): Linear(in_features=512, out_features=512, bias=True)
    (9): Linear(in_features=512, out_features=512, bias=True)
  )
  (local_convs): ModuleList(
    (0): GATConv(512, 256, heads=2)
    (1): GATConv(512, 256, heads=2)
    (2): GATConv(512, 256, heads=2)
    (3): GATConv(512, 256, heads=2)
    (4): GATConv(512, 256, heads=2)
    (5): GATConv(512, 256, heads=2)
    (6): GATConv(512, 256, heads=2)
    (7): GATConv(512, 256, heads=2)
    (8): GATConv(512, 256, heads=2)
    (9): GATConv(512, 256, heads=2)
  )
  (lins): ModuleList(
    (0): Linear(in_features=512, out_features=512, bias=True)
    (1): Linear(in_features=512, out_features=512, bias=True)
    (2): Linear(in_features=512, out_features=512, bias=True)
    (3): Linear(in_features=512, out_features=512, bias=True)
    (4): Linear(in_features=512, out_features=512, bias=True)
    (5): Linear(in_features=512, out_features=512, bias=True)
    (6): Linear(in_features=512, out_features=512, bias=True)
    (7): Linear(in_features=512, out_features=512, bias=True)
    (8): Linear(in_features=512, out_features=512, bias=True)
    (9): Linear(in_features=512, out_features=512, bias=True)
  )
  (lns): ModuleList(
    (0): LayerNorm((512,), eps=1e-05, elementwise_affine=True)
    (1): LayerNorm((512,), eps=1e-05, elementwise_affine=True)
    (2): LayerNorm((512,), eps=1e-05, elementwise_affine=True)
    (3): LayerNorm((512,), eps=1e-05, elementwise_affine=True)
    (4): LayerNorm((512,), eps=1e-05, elementwise_affine=True)
    (5): LayerNorm((512,), eps=1e-05, elementwise_affine=True)
    (6): LayerNorm((512,), eps=1e-05, elementwise_affine=True)
    (7): LayerNorm((512,), eps=1e-05, elementwise_affine=True)
    (8): LayerNorm((512,), eps=1e-05, elementwise_affine=True)
    (9): LayerNorm((512,), eps=1e-05, elementwise_affine=True)
  )
  (lin_in): Linear(in_features=300, out_features=512, bias=True)
  (ln): LayerNorm((512,), eps=1e-05, elementwise_affine=True)
  (global_attn): GlobalAttn(
    (h_lins): ModuleList(
      (0): Linear(in_features=512, out_features=512, bias=True)
    )
    (k_lins): ModuleList(
      (0): Linear(in_features=512, out_features=512, bias=True)
    )
    (v_lins): ModuleList(
      (0): Linear(in_features=512, out_features=512, bias=True)
    )
    (lns): ModuleList(
      (0): LayerNorm((512,), eps=1e-05, elementwise_affine=True)
    )
    (lin_out): Linear(in_features=512, out_features=512, bias=True)
  )
  (pred_local): Linear(in_features=512, out_features=5, bias=True)
  (pred_global): Linear(in_features=512, out_features=5, bias=True)
)
Label budget: 5/class -> 25 train nodes
Matched-budget validation: 25 valid nodes
Pre-training MLP for 500 epochs to generate co-occurrence matrix...
MLP pre-training complete. Penalty matrix frozen.
Epoch: 00, Loss: 2.3725, Train: 25.71%, Valid: 20.00%, Test: 25.79%, Best Valid: 20.00%, Best Test: 25.79%
Epoch: 100, Loss: 0.0020, Train: 16.75%, Valid: 20.00%, Test: 17.46%, Best Valid: 32.00%, Best Test: 19.58%
Switching Polynormer to global attention phase.
Epoch: 200, Loss: 1.7248, Train: 18.64%, Valid: 20.00%, Test: 18.90%, Best Valid: 32.00%, Best Test: 19.58%
Epoch: 300, Loss: 0.0032, Train: 22.38%, Valid: 24.00%, Test: 23.86%, Best Valid: 36.00%, Best Test: 20.37%
Epoch: 400, Loss: 0.0000, Train: 14.89%, Valid: 24.00%, Test: 16.02%, Best Valid: 36.00%, Best Test: 20.37%
Epoch: 500, Loss: 0.0000, Train: 20.28%, Valid: 32.00%, Test: 20.53%, Best Valid: 36.00%, Best Test: 20.37%
Epoch: 600, Loss: 0.0000, Train: 22.19%, Valid: 32.00%, Test: 22.65%, Best Valid: 40.00%, Best Test: 19.30%
Epoch: 700, Loss: 0.0001, Train: 20.15%, Valid: 24.00%, Test: 19.52%, Best Valid: 40.00%, Best Test: 19.30%
Epoch: 800, Loss: 0.0000, Train: 20.21%, Valid: 24.00%, Test: 19.57%, Best Valid: 40.00%, Best Test: 19.30%
Epoch: 900, Loss: 0.0000, Train: 20.24%, Valid: 24.00%, Test: 19.60%, Best Valid: 40.00%, Best Test: 19.30%
Epoch: 1000, Loss: 0.0000, Train: 24.41%, Valid: 24.00%, Test: 24.25%, Best Valid: 40.00%, Best Test: 19.30%
Epoch: 1100, Loss: 0.0030, Train: 24.64%, Valid: 32.00%, Test: 24.63%, Best Valid: 40.00%, Best Test: 19.30%
Epoch: 1200, Loss: 0.0000, Train: 21.30%, Valid: 24.00%, Test: 21.75%, Best Valid: 40.00%, Best Test: 19.30%
Epoch: 1300, Loss: 0.0005, Train: 16.46%, Valid: 12.00%, Test: 17.64%, Best Valid: 40.00%, Best Test: 19.30%
Epoch: 1400, Loss: 0.0000, Train: 13.60%, Valid: 20.00%, Test: 14.26%, Best Valid: 40.00%, Best Test: 19.30%
Epoch: 1500, Loss: 0.0000, Train: 15.42%, Valid: 20.00%, Test: 16.30%, Best Valid: 40.00%, Best Test: 19.30%
Epoch: 1600, Loss: 0.0000, Train: 15.41%, Valid: 20.00%, Test: 16.27%, Best Valid: 40.00%, Best Test: 19.30%
Epoch: 1700, Loss: 0.0000, Train: 15.40%, Valid: 20.00%, Test: 16.27%, Best Valid: 40.00%, Best Test: 19.30%
Epoch: 1800, Loss: 0.0062, Train: 17.27%, Valid: 28.00%, Test: 17.87%, Best Valid: 40.00%, Best Test: 19.30%
Epoch: 1900, Loss: 0.0000, Train: 11.93%, Valid: 20.00%, Test: 11.68%, Best Valid: 40.00%, Best Test: 19.30%
Epoch: 2000, Loss: 0.0000, Train: 14.01%, Valid: 16.00%, Test: 14.01%, Best Valid: 40.00%, Best Test: 19.30%
Epoch: 2100, Loss: 0.0000, Train: 13.85%, Valid: 16.00%, Test: 13.64%, Best Valid: 40.00%, Best Test: 19.30%
Epoch: 2200, Loss: 0.0000, Train: 13.85%, Valid: 16.00%, Test: 13.64%, Best Valid: 40.00%, Best Test: 19.30%
Epoch: 2300, Loss: 0.0000, Train: 13.91%, Valid: 16.00%, Test: 13.62%, Best Valid: 40.00%, Best Test: 19.30%
Epoch: 2400, Loss: 0.0000, Train: 13.91%, Valid: 16.00%, Test: 13.62%, Best Valid: 40.00%, Best Test: 19.30%
Epoch: 2500, Loss: 0.0000, Train: 14.03%, Valid: 16.00%, Test: 13.69%, Best Valid: 40.00%, Best Test: 19.30%
Epoch: 2600, Loss: 0.0000, Train: 14.04%, Valid: 16.00%, Test: 13.70%, Best Valid: 40.00%, Best Test: 19.30%
Run 01:
Highest Train: 36.79
Highest Valid: 40.00
Highest Test: 36.80
Chosen epoch: 589
Final Train: 18.94
Final Test: 19.30
Label budget: 5/class -> 25 train nodes
Matched-budget validation: 25 valid nodes
Pre-training MLP for 500 epochs to generate co-occurrence matrix...
MLP pre-training complete. Penalty matrix frozen.
Epoch: 00, Loss: 1.7455, Train: 35.38%, Valid: 20.00%, Test: 35.77%, Best Valid: 20.00%, Best Test: 35.77%
Epoch: 100, Loss: 0.0401, Train: 19.04%, Valid: 20.00%, Test: 19.63%, Best Valid: 28.00%, Best Test: 28.52%
Switching Polynormer to global attention phase.
Epoch: 200, Loss: 1.6936, Train: 27.14%, Valid: 28.00%, Test: 27.60%, Best Valid: 28.00%, Best Test: 28.52%
Epoch: 300, Loss: 0.1270, Train: 24.09%, Valid: 24.00%, Test: 23.53%, Best Valid: 32.00%, Best Test: 25.76%
Epoch: 400, Loss: 0.0002, Train: 23.23%, Valid: 16.00%, Test: 23.76%, Best Valid: 32.00%, Best Test: 25.76%
Epoch: 500, Loss: 0.0004, Train: 20.19%, Valid: 20.00%, Test: 20.40%, Best Valid: 32.00%, Best Test: 25.76%
Epoch: 600, Loss: 0.0006, Train: 21.88%, Valid: 20.00%, Test: 21.88%, Best Valid: 32.00%, Best Test: 25.76%
Epoch: 700, Loss: 0.0000, Train: 21.57%, Valid: 12.00%, Test: 21.41%, Best Valid: 32.00%, Best Test: 25.76%
Epoch: 800, Loss: 0.0000, Train: 21.71%, Valid: 12.00%, Test: 21.44%, Best Valid: 32.00%, Best Test: 25.76%
Epoch: 900, Loss: 0.0000, Train: 22.26%, Valid: 24.00%, Test: 22.83%, Best Valid: 36.00%, Best Test: 25.77%
Epoch: 1000, Loss: 0.0000, Train: 22.25%, Valid: 24.00%, Test: 22.78%, Best Valid: 36.00%, Best Test: 25.77%
Epoch: 1100, Loss: 0.0000, Train: 19.07%, Valid: 16.00%, Test: 19.48%, Best Valid: 36.00%, Best Test: 25.77%
Epoch: 1200, Loss: 0.0000, Train: 24.87%, Valid: 24.00%, Test: 24.97%, Best Valid: 36.00%, Best Test: 25.77%
Epoch: 1300, Loss: 0.0000, Train: 20.89%, Valid: 20.00%, Test: 20.32%, Best Valid: 36.00%, Best Test: 25.77%
Epoch: 1400, Loss: 0.0006, Train: 24.80%, Valid: 16.00%, Test: 25.18%, Best Valid: 36.00%, Best Test: 25.77%
Epoch: 1500, Loss: 0.0000, Train: 25.07%, Valid: 16.00%, Test: 25.43%, Best Valid: 36.00%, Best Test: 25.77%
Epoch: 1600, Loss: 0.0000, Train: 25.89%, Valid: 16.00%, Test: 25.97%, Best Valid: 36.00%, Best Test: 25.77%
Epoch: 1700, Loss: 0.0000, Train: 25.89%, Valid: 16.00%, Test: 25.98%, Best Valid: 36.00%, Best Test: 25.77%
Epoch: 1800, Loss: 0.0000, Train: 24.92%, Valid: 12.00%, Test: 24.86%, Best Valid: 36.00%, Best Test: 25.77%
Epoch: 1900, Loss: 0.0000, Train: 24.87%, Valid: 12.00%, Test: 24.92%, Best Valid: 36.00%, Best Test: 25.77%
Epoch: 2000, Loss: 0.0000, Train: 25.21%, Valid: 12.00%, Test: 25.10%, Best Valid: 36.00%, Best Test: 25.77%
Epoch: 2100, Loss: 0.7597, Train: 18.03%, Valid: 16.00%, Test: 18.72%, Best Valid: 36.00%, Best Test: 25.77%
Epoch: 2200, Loss: 0.0000, Train: 21.02%, Valid: 12.00%, Test: 20.92%, Best Valid: 36.00%, Best Test: 25.77%
Epoch: 2300, Loss: 0.0000, Train: 21.02%, Valid: 12.00%, Test: 20.89%, Best Valid: 36.00%, Best Test: 25.77%
Epoch: 2400, Loss: 0.0000, Train: 21.01%, Valid: 12.00%, Test: 20.89%, Best Valid: 36.00%, Best Test: 25.77%
Epoch: 2500, Loss: 0.0000, Train: 20.07%, Valid: 12.00%, Test: 19.88%, Best Valid: 36.00%, Best Test: 25.77%
Epoch: 2600, Loss: 0.0000, Train: 19.90%, Valid: 12.00%, Test: 19.86%, Best Valid: 36.00%, Best Test: 25.77%
Run 02:
Highest Train: 36.77
Highest Valid: 36.00
Highest Test: 36.75
Chosen epoch: 826
Final Train: 24.80
Final Test: 25.77
Label budget: 5/class -> 25 train nodes
Matched-budget validation: 25 valid nodes
Pre-training MLP for 500 epochs to generate co-occurrence matrix...
MLP pre-training complete. Penalty matrix frozen.
Epoch: 00, Loss: 2.4696, Train: 14.92%, Valid: 16.00%, Test: 14.88%, Best Valid: 16.00%, Best Test: 14.88%
Epoch: 100, Loss: 0.0112, Train: 24.61%, Valid: 20.00%, Test: 24.53%, Best Valid: 32.00%, Best Test: 12.97%
Switching Polynormer to global attention phase.
Epoch: 200, Loss: 1.7005, Train: 4.38%, Valid: 24.00%, Test: 4.26%, Best Valid: 32.00%, Best Test: 12.97%
Epoch: 300, Loss: 0.3072, Train: 19.91%, Valid: 20.00%, Test: 19.39%, Best Valid: 32.00%, Best Test: 12.97%
Epoch: 400, Loss: 0.0001, Train: 25.06%, Valid: 20.00%, Test: 23.21%, Best Valid: 32.00%, Best Test: 12.97%
Epoch: 500, Loss: 0.0032, Train: 23.87%, Valid: 20.00%, Test: 23.37%, Best Valid: 32.00%, Best Test: 12.97%
Epoch: 600, Loss: 0.3973, Train: 20.56%, Valid: 24.00%, Test: 20.12%, Best Valid: 32.00%, Best Test: 12.97%
Epoch: 700, Loss: 0.0001, Train: 16.68%, Valid: 24.00%, Test: 16.17%, Best Valid: 32.00%, Best Test: 12.97%
Epoch: 800, Loss: 0.0143, Train: 18.90%, Valid: 20.00%, Test: 18.85%, Best Valid: 32.00%, Best Test: 12.97%
Epoch: 900, Loss: 0.0000, Train: 17.60%, Valid: 20.00%, Test: 17.52%, Best Valid: 32.00%, Best Test: 12.97%
Epoch: 1000, Loss: 0.0001, Train: 19.61%, Valid: 28.00%, Test: 18.90%, Best Valid: 32.00%, Best Test: 12.97%
Epoch: 1100, Loss: 0.0003, Train: 23.38%, Valid: 28.00%, Test: 23.60%, Best Valid: 32.00%, Best Test: 12.97%
Epoch: 1200, Loss: 0.0000, Train: 22.73%, Valid: 28.00%, Test: 22.46%, Best Valid: 32.00%, Best Test: 12.97%
Epoch: 1300, Loss: 0.0001, Train: 26.60%, Valid: 24.00%, Test: 26.51%, Best Valid: 32.00%, Best Test: 12.97%
Epoch: 1400, Loss: 0.0000, Train: 22.20%, Valid: 24.00%, Test: 22.10%, Best Valid: 32.00%, Best Test: 12.97%
Epoch: 1500, Loss: 0.0000, Train: 22.20%, Valid: 24.00%, Test: 22.08%, Best Valid: 32.00%, Best Test: 12.97%
Epoch: 1600, Loss: 0.0000, Train: 22.19%, Valid: 24.00%, Test: 22.02%, Best Valid: 32.00%, Best Test: 12.97%
Epoch: 1700, Loss: 0.0000, Train: 22.19%, Valid: 24.00%, Test: 22.02%, Best Valid: 32.00%, Best Test: 12.97%
Epoch: 1800, Loss: 0.0000, Train: 22.20%, Valid: 24.00%, Test: 22.02%, Best Valid: 32.00%, Best Test: 12.97%
Epoch: 1900, Loss: 0.0000, Train: 22.20%, Valid: 24.00%, Test: 22.06%, Best Valid: 32.00%, Best Test: 12.97%
Epoch: 2000, Loss: 0.0000, Train: 22.21%, Valid: 24.00%, Test: 22.06%, Best Valid: 32.00%, Best Test: 12.97%
Epoch: 2100, Loss: 0.0000, Train: 22.21%, Valid: 24.00%, Test: 22.05%, Best Valid: 32.00%, Best Test: 12.97%
Epoch: 2200, Loss: 0.0000, Train: 22.20%, Valid: 24.00%, Test: 22.05%, Best Valid: 32.00%, Best Test: 12.97%
Epoch: 2300, Loss: 0.0000, Train: 21.82%, Valid: 24.00%, Test: 21.77%, Best Valid: 32.00%, Best Test: 12.97%
Epoch: 2400, Loss: 0.0000, Train: 21.82%, Valid: 24.00%, Test: 21.79%, Best Valid: 32.00%, Best Test: 12.97%
Epoch: 2500, Loss: 0.0000, Train: 21.81%, Valid: 24.00%, Test: 21.79%, Best Valid: 32.00%, Best Test: 12.97%
Epoch: 2600, Loss: 0.0000, Train: 22.09%, Valid: 24.00%, Test: 21.79%, Best Valid: 32.00%, Best Test: 12.97%
Run 03:
Highest Train: 36.79
Highest Valid: 40.00
Highest Test: 36.80
Chosen epoch: 2657
Final Train: 18.12
Final Test: 17.16
Label budget: 5/class -> 25 train nodes
Matched-budget validation: 25 valid nodes
Pre-training MLP for 500 epochs to generate co-occurrence matrix...
MLP pre-training complete. Penalty matrix frozen.
Epoch: 00, Loss: 1.9371, Train: 26.74%, Valid: 20.00%, Test: 27.65%, Best Valid: 20.00%, Best Test: 27.65%
Epoch: 100, Loss: 0.0039, Train: 19.68%, Valid: 24.00%, Test: 19.32%, Best Valid: 32.00%, Best Test: 27.85%
Switching Polynormer to global attention phase.
Epoch: 200, Loss: 1.7547, Train: 28.96%, Valid: 24.00%, Test: 27.99%, Best Valid: 32.00%, Best Test: 27.85%
Epoch: 300, Loss: 0.0000, Train: 23.94%, Valid: 24.00%, Test: 22.34%, Best Valid: 36.00%, Best Test: 21.56%
Epoch: 400, Loss: 0.0001, Train: 27.18%, Valid: 24.00%, Test: 26.02%, Best Valid: 36.00%, Best Test: 21.56%
Epoch: 500, Loss: 0.0000, Train: 27.34%, Valid: 24.00%, Test: 25.98%, Best Valid: 36.00%, Best Test: 21.56%
Epoch: 600, Loss: 0.0000, Train: 25.27%, Valid: 28.00%, Test: 23.84%, Best Valid: 36.00%, Best Test: 21.56%
Epoch: 700, Loss: 0.0000, Train: 25.31%, Valid: 28.00%, Test: 23.78%, Best Valid: 36.00%, Best Test: 21.56%
Epoch: 800, Loss: 0.0000, Train: 21.52%, Valid: 24.00%, Test: 20.51%, Best Valid: 36.00%, Best Test: 21.56%
Epoch: 900, Loss: 0.0000, Train: 22.76%, Valid: 16.00%, Test: 21.25%, Best Valid: 36.00%, Best Test: 21.56%
Epoch: 1000, Loss: 0.0000, Train: 22.54%, Valid: 16.00%, Test: 21.02%, Best Valid: 36.00%, Best Test: 21.56%
Epoch: 1100, Loss: 0.0000, Train: 22.53%, Valid: 16.00%, Test: 21.04%, Best Valid: 36.00%, Best Test: 21.56%
Epoch: 1200, Loss: 0.0000, Train: 22.55%, Valid: 16.00%, Test: 21.05%, Best Valid: 36.00%, Best Test: 21.56%
Epoch: 1300, Loss: 0.0000, Train: 22.62%, Valid: 16.00%, Test: 21.13%, Best Valid: 36.00%, Best Test: 21.56%
Epoch: 1400, Loss: 0.0000, Train: 22.61%, Valid: 16.00%, Test: 21.13%, Best Valid: 36.00%, Best Test: 21.56%
Epoch: 1500, Loss: 0.0000, Train: 22.62%, Valid: 16.00%, Test: 21.12%, Best Valid: 36.00%, Best Test: 21.56%
Epoch: 1600, Loss: 0.0000, Train: 22.63%, Valid: 16.00%, Test: 21.12%, Best Valid: 36.00%, Best Test: 21.56%
Epoch: 1700, Loss: 0.0000, Train: 22.64%, Valid: 16.00%, Test: 21.13%, Best Valid: 36.00%, Best Test: 21.56%
Epoch: 1800, Loss: 0.0000, Train: 24.08%, Valid: 20.00%, Test: 22.77%, Best Valid: 36.00%, Best Test: 21.56%
Epoch: 1900, Loss: 0.0000, Train: 24.05%, Valid: 20.00%, Test: 22.72%, Best Valid: 36.00%, Best Test: 21.56%
Epoch: 2000, Loss: 0.0000, Train: 24.02%, Valid: 20.00%, Test: 22.73%, Best Valid: 36.00%, Best Test: 21.56%
Epoch: 2100, Loss: 0.0000, Train: 23.96%, Valid: 16.00%, Test: 22.57%, Best Valid: 36.00%, Best Test: 21.56%
Epoch: 2200, Loss: 0.0000, Train: 23.84%, Valid: 16.00%, Test: 22.52%, Best Valid: 36.00%, Best Test: 21.56%
Epoch: 2300, Loss: 0.0000, Train: 23.55%, Valid: 16.00%, Test: 22.16%, Best Valid: 36.00%, Best Test: 21.56%
Epoch: 2400, Loss: 0.1766, Train: 20.50%, Valid: 8.00%, Test: 18.86%, Best Valid: 36.00%, Best Test: 21.56%
Epoch: 2500, Loss: 0.0001, Train: 17.30%, Valid: 28.00%, Test: 16.02%, Best Valid: 44.00%, Best Test: 22.36%
Epoch: 2600, Loss: 0.0000, Train: 22.73%, Valid: 28.00%, Test: 22.10%, Best Valid: 44.00%, Best Test: 22.36%
Run 04:
Highest Train: 36.88
Highest Valid: 44.00
Highest Test: 37.02
Chosen epoch: 2420
Final Train: 24.38
Final Test: 22.36
Label budget: 5/class -> 25 train nodes
Matched-budget validation: 25 valid nodes
Pre-training MLP for 500 epochs to generate co-occurrence matrix...
MLP pre-training complete. Penalty matrix frozen.
Epoch: 00, Loss: 2.0422, Train: 17.44%, Valid: 24.00%, Test: 17.23%, Best Valid: 24.00%, Best Test: 17.23%
Epoch: 100, Loss: 0.0019, Train: 22.93%, Valid: 8.00%, Test: 22.95%, Best Valid: 24.00%, Best Test: 17.23%
Switching Polynormer to global attention phase.
Epoch: 200, Loss: 1.6800, Train: 15.15%, Valid: 20.00%, Test: 14.85%, Best Valid: 28.00%, Best Test: 18.83%
Epoch: 300, Loss: 0.0002, Train: 23.11%, Valid: 24.00%, Test: 23.60%, Best Valid: 28.00%, Best Test: 18.83%
Epoch: 400, Loss: 0.0000, Train: 23.98%, Valid: 20.00%, Test: 24.29%, Best Valid: 28.00%, Best Test: 18.83%
Epoch: 500, Loss: 0.0000, Train: 21.17%, Valid: 20.00%, Test: 21.15%, Best Valid: 28.00%, Best Test: 18.83%
Epoch: 600, Loss: 0.0000, Train: 21.44%, Valid: 20.00%, Test: 21.39%, Best Valid: 28.00%, Best Test: 18.83%
Epoch: 700, Loss: 0.0000, Train: 21.41%, Valid: 20.00%, Test: 21.31%, Best Valid: 28.00%, Best Test: 18.83%
Epoch: 800, Loss: 0.0000, Train: 21.28%, Valid: 20.00%, Test: 21.26%, Best Valid: 28.00%, Best Test: 18.83%
Epoch: 900, Loss: 0.0000, Train: 21.76%, Valid: 20.00%, Test: 21.72%, Best Valid: 28.00%, Best Test: 18.83%
Epoch: 1000, Loss: 0.0009, Train: 17.88%, Valid: 16.00%, Test: 17.64%, Best Valid: 28.00%, Best Test: 18.83%
Epoch: 1100, Loss: 0.0000, Train: 23.82%, Valid: 16.00%, Test: 24.47%, Best Valid: 28.00%, Best Test: 18.83%
Epoch: 1200, Loss: 0.0000, Train: 21.04%, Valid: 16.00%, Test: 21.05%, Best Valid: 28.00%, Best Test: 18.83%
Epoch: 1300, Loss: 0.0000, Train: 22.35%, Valid: 16.00%, Test: 22.62%, Best Valid: 28.00%, Best Test: 18.83%
Epoch: 1400, Loss: 0.0108, Train: 21.20%, Valid: 16.00%, Test: 20.46%, Best Valid: 28.00%, Best Test: 18.83%
Epoch: 1500, Loss: 0.0000, Train: 20.65%, Valid: 20.00%, Test: 19.88%, Best Valid: 28.00%, Best Test: 18.83%
Epoch: 1600, Loss: 0.0000, Train: 20.67%, Valid: 20.00%, Test: 19.94%, Best Valid: 28.00%, Best Test: 18.83%
Epoch: 1700, Loss: 0.0000, Train: 20.67%, Valid: 20.00%, Test: 19.94%, Best Valid: 28.00%, Best Test: 18.83%
Epoch: 1800, Loss: 0.0000, Train: 25.95%, Valid: 12.00%, Test: 26.13%, Best Valid: 28.00%, Best Test: 18.83%
Epoch: 1900, Loss: 0.0022, Train: 18.17%, Valid: 16.00%, Test: 18.32%, Best Valid: 28.00%, Best Test: 18.83%
Epoch: 2000, Loss: 0.0640, Train: 14.34%, Valid: 16.00%, Test: 14.55%, Best Valid: 28.00%, Best Test: 18.83%
Epoch: 2100, Loss: 0.0000, Train: 17.43%, Valid: 8.00%, Test: 17.34%, Best Valid: 28.00%, Best Test: 18.83%
Epoch: 2200, Loss: 0.0000, Train: 15.96%, Valid: 12.00%, Test: 15.96%, Best Valid: 28.00%, Best Test: 18.83%
Epoch: 2300, Loss: 0.0000, Train: 20.09%, Valid: 24.00%, Test: 19.35%, Best Valid: 28.00%, Best Test: 18.83%
Epoch: 2400, Loss: 0.0000, Train: 19.68%, Valid: 24.00%, Test: 19.08%, Best Valid: 28.00%, Best Test: 18.83%
Epoch: 2500, Loss: 0.0000, Train: 19.66%, Valid: 24.00%, Test: 19.12%, Best Valid: 28.00%, Best Test: 18.83%
Epoch: 2600, Loss: 0.0000, Train: 19.48%, Valid: 20.00%, Test: 18.93%, Best Valid: 28.00%, Best Test: 18.83%
Run 05:
Highest Train: 36.80
Highest Valid: 28.00
Highest Test: 36.86
Chosen epoch: 161
Final Train: 18.51
Final Test: 18.83
Label budget: 5/class -> 25 train nodes
Matched-budget validation: 25 valid nodes
Pre-training MLP for 500 epochs to generate co-occurrence matrix...
MLP pre-training complete. Penalty matrix frozen.
Epoch: 00, Loss: 2.1761, Train: 29.71%, Valid: 24.00%, Test: 30.23%, Best Valid: 24.00%, Best Test: 30.23%
Epoch: 100, Loss: 0.0087, Train: 18.56%, Valid: 24.00%, Test: 18.96%, Best Valid: 36.00%, Best Test: 24.29%
Switching Polynormer to global attention phase.
Epoch: 200, Loss: 1.7179, Train: 26.62%, Valid: 20.00%, Test: 26.60%, Best Valid: 36.00%, Best Test: 24.29%
Epoch: 300, Loss: 0.0015, Train: 16.03%, Valid: 16.00%, Test: 16.14%, Best Valid: 40.00%, Best Test: 26.33%
Epoch: 400, Loss: 0.3531, Train: 15.78%, Valid: 20.00%, Test: 15.69%, Best Valid: 40.00%, Best Test: 26.33%
Epoch: 500, Loss: 0.0110, Train: 23.36%, Valid: 32.00%, Test: 23.81%, Best Valid: 40.00%, Best Test: 26.33%
Epoch: 600, Loss: 0.0001, Train: 18.57%, Valid: 24.00%, Test: 19.09%, Best Valid: 40.00%, Best Test: 26.33%
Epoch: 700, Loss: 0.0002, Train: 18.34%, Valid: 24.00%, Test: 18.80%, Best Valid: 40.00%, Best Test: 26.33%
Epoch: 800, Loss: 0.0000, Train: 14.72%, Valid: 16.00%, Test: 15.29%, Best Valid: 40.00%, Best Test: 26.33%
Epoch: 900, Loss: 0.0000, Train: 17.18%, Valid: 16.00%, Test: 17.23%, Best Valid: 40.00%, Best Test: 26.33%
Epoch: 1000, Loss: 0.0001, Train: 18.77%, Valid: 12.00%, Test: 19.16%, Best Valid: 40.00%, Best Test: 26.33%
Epoch: 1100, Loss: 0.0000, Train: 15.35%, Valid: 12.00%, Test: 15.19%, Best Valid: 40.00%, Best Test: 26.33%
Epoch: 1200, Loss: 0.0000, Train: 19.87%, Valid: 8.00%, Test: 20.64%, Best Valid: 40.00%, Best Test: 26.33%
Epoch: 1300, Loss: 0.0000, Train: 19.58%, Valid: 16.00%, Test: 19.58%, Best Valid: 40.00%, Best Test: 26.33%
Epoch: 1400, Loss: 0.0000, Train: 19.41%, Valid: 12.00%, Test: 19.71%, Best Valid: 40.00%, Best Test: 26.33%
Epoch: 1500, Loss: 0.0000, Train: 18.65%, Valid: 16.00%, Test: 18.99%, Best Valid: 40.00%, Best Test: 26.33%
Epoch: 1600, Loss: 0.0000, Train: 18.59%, Valid: 16.00%, Test: 18.93%, Best Valid: 40.00%, Best Test: 26.33%
Epoch: 1700, Loss: 0.0000, Train: 18.61%, Valid: 16.00%, Test: 18.93%, Best Valid: 40.00%, Best Test: 26.33%
Epoch: 1800, Loss: 0.0000, Train: 18.60%, Valid: 16.00%, Test: 18.90%, Best Valid: 40.00%, Best Test: 26.33%
Epoch: 1900, Loss: 0.0000, Train: 18.59%, Valid: 16.00%, Test: 18.88%, Best Valid: 40.00%, Best Test: 26.33%
Epoch: 2000, Loss: 0.0000, Train: 18.59%, Valid: 16.00%, Test: 18.83%, Best Valid: 40.00%, Best Test: 26.33%
Epoch: 2100, Loss: 0.0000, Train: 18.50%, Valid: 16.00%, Test: 18.72%, Best Valid: 40.00%, Best Test: 26.33%
Epoch: 2200, Loss: 0.0000, Train: 18.48%, Valid: 16.00%, Test: 18.72%, Best Valid: 40.00%, Best Test: 26.33%
Epoch: 2300, Loss: 0.0000, Train: 18.42%, Valid: 16.00%, Test: 18.59%, Best Valid: 40.00%, Best Test: 26.33%
Epoch: 2400, Loss: 0.0000, Train: 18.40%, Valid: 16.00%, Test: 18.47%, Best Valid: 40.00%, Best Test: 26.33%
Epoch: 2500, Loss: 0.0000, Train: 18.41%, Valid: 16.00%, Test: 18.47%, Best Valid: 40.00%, Best Test: 26.33%
Epoch: 2600, Loss: 0.0000, Train: 18.41%, Valid: 16.00%, Test: 18.47%, Best Valid: 40.00%, Best Test: 26.33%
Run 06:
Highest Train: 36.78
Highest Valid: 40.00
Highest Test: 36.78
Chosen epoch: 208
Final Train: 25.31
Final Test: 26.33
Label budget: 5/class -> 25 train nodes
Matched-budget validation: 25 valid nodes
Pre-training MLP for 500 epochs to generate co-occurrence matrix...
MLP pre-training complete. Penalty matrix frozen.
Epoch: 00, Loss: 1.9188, Train: 22.60%, Valid: 20.00%, Test: 22.33%, Best Valid: 20.00%, Best Test: 22.33%
Epoch: 100, Loss: 0.0021, Train: 21.16%, Valid: 20.00%, Test: 19.84%, Best Valid: 32.00%, Best Test: 14.76%
Switching Polynormer to global attention phase.
Epoch: 200, Loss: 1.7188, Train: 15.78%, Valid: 32.00%, Test: 14.39%, Best Valid: 32.00%, Best Test: 14.76%
Epoch: 300, Loss: 0.0000, Train: 22.54%, Valid: 16.00%, Test: 21.10%, Best Valid: 32.00%, Best Test: 14.76%
Epoch: 400, Loss: 0.0018, Train: 22.22%, Valid: 20.00%, Test: 20.74%, Best Valid: 32.00%, Best Test: 14.76%
Epoch: 500, Loss: 0.0013, Train: 22.23%, Valid: 20.00%, Test: 20.77%, Best Valid: 40.00%, Best Test: 19.34%
Epoch: 600, Loss: 0.0000, Train: 25.00%, Valid: 20.00%, Test: 23.55%, Best Valid: 40.00%, Best Test: 19.34%
Epoch: 700, Loss: 0.0000, Train: 24.54%, Valid: 16.00%, Test: 23.22%, Best Valid: 40.00%, Best Test: 19.34%
Epoch: 800, Loss: 0.0000, Train: 24.54%, Valid: 20.00%, Test: 22.52%, Best Valid: 40.00%, Best Test: 19.34%
Epoch: 900, Loss: 0.0000, Train: 24.20%, Valid: 20.00%, Test: 22.34%, Best Valid: 40.00%, Best Test: 19.34%
Epoch: 1000, Loss: 0.0000, Train: 19.08%, Valid: 24.00%, Test: 17.80%, Best Valid: 40.00%, Best Test: 19.34%
Epoch: 1100, Loss: 0.0000, Train: 22.14%, Valid: 24.00%, Test: 21.23%, Best Valid: 40.00%, Best Test: 19.34%
Epoch: 1200, Loss: 0.0000, Train: 14.09%, Valid: 16.00%, Test: 13.80%, Best Valid: 40.00%, Best Test: 19.34%
Epoch: 1300, Loss: 2.2972, Train: 19.19%, Valid: 16.00%, Test: 18.29%, Best Valid: 40.00%, Best Test: 19.34%
Epoch: 1400, Loss: 0.0000, Train: 16.75%, Valid: 20.00%, Test: 15.79%, Best Valid: 40.00%, Best Test: 19.34%
Epoch: 1500, Loss: 0.0000, Train: 16.85%, Valid: 20.00%, Test: 15.86%, Best Valid: 40.00%, Best Test: 19.34%
Epoch: 1600, Loss: 0.0000, Train: 17.16%, Valid: 20.00%, Test: 16.43%, Best Valid: 40.00%, Best Test: 19.34%
Epoch: 1700, Loss: 0.0000, Train: 17.14%, Valid: 20.00%, Test: 16.43%, Best Valid: 40.00%, Best Test: 19.34%
Epoch: 1800, Loss: 0.0000, Train: 17.17%, Valid: 24.00%, Test: 16.27%, Best Valid: 40.00%, Best Test: 19.34%
Epoch: 1900, Loss: 0.0000, Train: 17.43%, Valid: 16.00%, Test: 16.58%, Best Valid: 40.00%, Best Test: 19.34%
Epoch: 2000, Loss: 0.0000, Train: 15.34%, Valid: 20.00%, Test: 15.11%, Best Valid: 40.00%, Best Test: 19.34%
Epoch: 2100, Loss: 0.0000, Train: 17.76%, Valid: 16.00%, Test: 17.39%, Best Valid: 40.00%, Best Test: 19.34%
Epoch: 2200, Loss: 0.0000, Train: 18.33%, Valid: 16.00%, Test: 17.80%, Best Valid: 40.00%, Best Test: 19.34%
Epoch: 2300, Loss: 0.0000, Train: 18.32%, Valid: 16.00%, Test: 17.83%, Best Valid: 40.00%, Best Test: 19.34%
Epoch: 2400, Loss: 0.0000, Train: 18.32%, Valid: 16.00%, Test: 17.82%, Best Valid: 40.00%, Best Test: 19.34%
Epoch: 2500, Loss: 0.0000, Train: 18.41%, Valid: 16.00%, Test: 17.98%, Best Valid: 40.00%, Best Test: 19.34%
Epoch: 2600, Loss: 0.0000, Train: 18.38%, Valid: 16.00%, Test: 17.98%, Best Valid: 40.00%, Best Test: 19.34%
Run 07:
Highest Train: 36.79
Highest Valid: 40.00
Highest Test: 36.80
Chosen epoch: 482
Final Train: 20.96
Final Test: 19.34
Label budget: 5/class -> 25 train nodes
Matched-budget validation: 25 valid nodes
Pre-training MLP for 500 epochs to generate co-occurrence matrix...
MLP pre-training complete. Penalty matrix frozen.
Epoch: 00, Loss: 2.1335, Train: 26.62%, Valid: 20.00%, Test: 26.77%, Best Valid: 20.00%, Best Test: 26.77%
Epoch: 100, Loss: 0.0015, Train: 18.05%, Valid: 32.00%, Test: 18.19%, Best Valid: 48.00%, Best Test: 20.19%
Switching Polynormer to global attention phase.
Epoch: 200, Loss: 1.7151, Train: 26.24%, Valid: 36.00%, Test: 25.61%, Best Valid: 48.00%, Best Test: 20.19%
Epoch: 300, Loss: 0.0000, Train: 19.72%, Valid: 40.00%, Test: 19.50%, Best Valid: 48.00%, Best Test: 20.19%
Epoch: 400, Loss: 0.0319, Train: 23.30%, Valid: 36.00%, Test: 23.19%, Best Valid: 48.00%, Best Test: 20.19%
Epoch: 500, Loss: 0.0000, Train: 17.34%, Valid: 40.00%, Test: 18.24%, Best Valid: 48.00%, Best Test: 20.19%
Epoch: 600, Loss: 0.0000, Train: 18.11%, Valid: 24.00%, Test: 17.61%, Best Valid: 48.00%, Best Test: 20.19%
Epoch: 700, Loss: 0.0000, Train: 28.59%, Valid: 40.00%, Test: 27.44%, Best Valid: 48.00%, Best Test: 20.19%
Epoch: 800, Loss: 0.0000, Train: 19.41%, Valid: 32.00%, Test: 19.24%, Best Valid: 48.00%, Best Test: 20.19%
Epoch: 900, Loss: 0.0000, Train: 19.41%, Valid: 32.00%, Test: 19.24%, Best Valid: 48.00%, Best Test: 20.19%
Epoch: 1000, Loss: 0.0000, Train: 19.41%, Valid: 32.00%, Test: 19.24%, Best Valid: 48.00%, Best Test: 20.19%
Epoch: 1100, Loss: 0.0000, Train: 19.52%, Valid: 32.00%, Test: 19.32%, Best Valid: 48.00%, Best Test: 20.19%
Epoch: 1200, Loss: 0.0000, Train: 19.52%, Valid: 32.00%, Test: 19.34%, Best Valid: 48.00%, Best Test: 20.19%
Epoch: 1300, Loss: 0.0000, Train: 19.52%, Valid: 32.00%, Test: 19.34%, Best Valid: 48.00%, Best Test: 20.19%
Epoch: 1400, Loss: 0.0000, Train: 19.61%, Valid: 32.00%, Test: 19.40%, Best Valid: 48.00%, Best Test: 20.19%
Epoch: 1500, Loss: 0.0000, Train: 19.61%, Valid: 32.00%, Test: 19.40%, Best Valid: 48.00%, Best Test: 20.19%
Epoch: 1600, Loss: 0.0000, Train: 19.67%, Valid: 32.00%, Test: 19.43%, Best Valid: 48.00%, Best Test: 20.19%
Epoch: 1700, Loss: 0.0000, Train: 19.67%, Valid: 32.00%, Test: 19.43%, Best Valid: 48.00%, Best Test: 20.19%
Epoch: 1800, Loss: 0.0000, Train: 19.87%, Valid: 32.00%, Test: 19.78%, Best Valid: 48.00%, Best Test: 20.19%
Epoch: 1900, Loss: 0.0000, Train: 19.87%, Valid: 32.00%, Test: 19.78%, Best Valid: 48.00%, Best Test: 20.19%
Epoch: 2000, Loss: 0.0000, Train: 19.86%, Valid: 32.00%, Test: 19.79%, Best Valid: 48.00%, Best Test: 20.19%
Epoch: 2100, Loss: 0.0000, Train: 19.87%, Valid: 32.00%, Test: 19.81%, Best Valid: 48.00%, Best Test: 20.19%
Epoch: 2200, Loss: 0.0000, Train: 19.87%, Valid: 32.00%, Test: 19.81%, Best Valid: 48.00%, Best Test: 20.19%
Epoch: 2300, Loss: 0.0000, Train: 19.87%, Valid: 32.00%, Test: 19.81%, Best Valid: 48.00%, Best Test: 20.19%
Epoch: 2400, Loss: 0.0000, Train: 19.87%, Valid: 32.00%, Test: 19.83%, Best Valid: 48.00%, Best Test: 20.19%
Epoch: 2500, Loss: 0.0000, Train: 19.87%, Valid: 32.00%, Test: 19.84%, Best Valid: 48.00%, Best Test: 20.19%
Epoch: 2600, Loss: 0.0000, Train: 19.87%, Valid: 32.00%, Test: 19.84%, Best Valid: 48.00%, Best Test: 20.19%
Run 08:
Highest Train: 36.83
Highest Valid: 48.00
Highest Test: 36.80
Chosen epoch: 55
Final Train: 21.04
Final Test: 20.19
Label budget: 5/class -> 25 train nodes
Matched-budget validation: 25 valid nodes
Pre-training MLP for 500 epochs to generate co-occurrence matrix...
MLP pre-training complete. Penalty matrix frozen.
Epoch: 00, Loss: 2.3475, Train: 16.12%, Valid: 16.00%, Test: 15.65%, Best Valid: 16.00%, Best Test: 15.65%
Epoch: 100, Loss: 0.0033, Train: 21.19%, Valid: 28.00%, Test: 21.59%, Best Valid: 32.00%, Best Test: 24.07%
Switching Polynormer to global attention phase.
Epoch: 200, Loss: 1.7060, Train: 19.76%, Valid: 20.00%, Test: 19.73%, Best Valid: 32.00%, Best Test: 24.07%
Epoch: 300, Loss: 0.0240, Train: 23.14%, Valid: 20.00%, Test: 23.37%, Best Valid: 32.00%, Best Test: 24.07%
Epoch: 400, Loss: 0.0000, Train: 20.61%, Valid: 20.00%, Test: 20.90%, Best Valid: 32.00%, Best Test: 24.07%
Epoch: 500, Loss: 0.0000, Train: 19.61%, Valid: 12.00%, Test: 19.83%, Best Valid: 32.00%, Best Test: 24.07%
Epoch: 600, Loss: 0.1247, Train: 18.69%, Valid: 24.00%, Test: 19.14%, Best Valid: 32.00%, Best Test: 24.07%
Epoch: 700, Loss: 0.2437, Train: 17.35%, Valid: 20.00%, Test: 18.08%, Best Valid: 36.00%, Best Test: 22.36%
Epoch: 800, Loss: 0.0000, Train: 23.51%, Valid: 20.00%, Test: 23.24%, Best Valid: 36.00%, Best Test: 22.36%
Epoch: 900, Loss: 0.0000, Train: 20.08%, Valid: 28.00%, Test: 19.88%, Best Valid: 36.00%, Best Test: 22.36%
Epoch: 1000, Loss: 0.0000, Train: 20.06%, Valid: 28.00%, Test: 19.86%, Best Valid: 36.00%, Best Test: 22.36%
Epoch: 1100, Loss: 0.0000, Train: 19.96%, Valid: 28.00%, Test: 19.78%, Best Valid: 36.00%, Best Test: 22.36%
Epoch: 1200, Loss: 0.0000, Train: 19.97%, Valid: 24.00%, Test: 19.78%, Best Valid: 36.00%, Best Test: 22.36%
Epoch: 1300, Loss: 0.0000, Train: 19.98%, Valid: 24.00%, Test: 19.75%, Best Valid: 36.00%, Best Test: 22.36%
Epoch: 1400, Loss: 0.0000, Train: 19.59%, Valid: 24.00%, Test: 19.47%, Best Valid: 36.00%, Best Test: 22.36%
Epoch: 1500, Loss: 0.0000, Train: 19.61%, Valid: 24.00%, Test: 19.40%, Best Valid: 36.00%, Best Test: 22.36%
Epoch: 1600, Loss: 0.0000, Train: 19.62%, Valid: 24.00%, Test: 19.43%, Best Valid: 36.00%, Best Test: 22.36%
Epoch: 1700, Loss: 0.0000, Train: 19.63%, Valid: 24.00%, Test: 19.45%, Best Valid: 36.00%, Best Test: 22.36%
Epoch: 1800, Loss: 0.0000, Train: 19.61%, Valid: 24.00%, Test: 19.45%, Best Valid: 36.00%, Best Test: 22.36%
Epoch: 1900, Loss: 0.0000, Train: 19.92%, Valid: 28.00%, Test: 19.48%, Best Valid: 36.00%, Best Test: 22.36%
Epoch: 2000, Loss: 0.0000, Train: 19.94%, Valid: 28.00%, Test: 19.50%, Best Valid: 36.00%, Best Test: 22.36%
Epoch: 2100, Loss: 0.0000, Train: 19.88%, Valid: 28.00%, Test: 19.48%, Best Valid: 36.00%, Best Test: 22.36%
Epoch: 2200, Loss: 0.0000, Train: 19.88%, Valid: 28.00%, Test: 19.53%, Best Valid: 36.00%, Best Test: 22.36%
Epoch: 2300, Loss: 0.0000, Train: 19.87%, Valid: 28.00%, Test: 19.48%, Best Valid: 36.00%, Best Test: 22.36%
Epoch: 2400, Loss: 0.0000, Train: 19.64%, Valid: 28.00%, Test: 19.22%, Best Valid: 36.00%, Best Test: 22.36%
Epoch: 2500, Loss: 0.0000, Train: 19.41%, Valid: 28.00%, Test: 19.04%, Best Valid: 36.00%, Best Test: 22.36%
Epoch: 2600, Loss: 0.0000, Train: 19.40%, Valid: 28.00%, Test: 19.01%, Best Valid: 36.00%, Best Test: 22.36%
Run 09:
Highest Train: 36.61
Highest Valid: 36.00
Highest Test: 36.83
Chosen epoch: 658
Final Train: 21.31
Final Test: 22.36
Label budget: 5/class -> 25 train nodes
Matched-budget validation: 25 valid nodes
Pre-training MLP for 500 epochs to generate co-occurrence matrix...
MLP pre-training complete. Penalty matrix frozen.
Epoch: 00, Loss: 2.3344, Train: 22.62%, Valid: 20.00%, Test: 21.90%, Best Valid: 20.00%, Best Test: 21.90%
Epoch: 100, Loss: 0.0222, Train: 23.04%, Valid: 36.00%, Test: 22.68%, Best Valid: 36.00%, Best Test: 32.66%
Switching Polynormer to global attention phase.
Epoch: 200, Loss: 1.6738, Train: 23.01%, Valid: 20.00%, Test: 23.58%, Best Valid: 36.00%, Best Test: 32.66%
Epoch: 300, Loss: 0.0075, Train: 18.59%, Valid: 32.00%, Test: 18.83%, Best Valid: 36.00%, Best Test: 32.66%
Epoch: 400, Loss: 0.0410, Train: 21.62%, Valid: 12.00%, Test: 21.72%, Best Valid: 36.00%, Best Test: 32.66%
Epoch: 500, Loss: 0.0000, Train: 24.42%, Valid: 24.00%, Test: 24.69%, Best Valid: 36.00%, Best Test: 32.66%
Epoch: 600, Loss: 0.0063, Train: 24.10%, Valid: 20.00%, Test: 23.62%, Best Valid: 36.00%, Best Test: 32.66%
Epoch: 700, Loss: 0.0000, Train: 22.11%, Valid: 16.00%, Test: 21.46%, Best Valid: 36.00%, Best Test: 32.66%
Epoch: 800, Loss: 0.0000, Train: 20.01%, Valid: 24.00%, Test: 19.50%, Best Valid: 36.00%, Best Test: 32.66%
Epoch: 900, Loss: 0.0000, Train: 19.88%, Valid: 24.00%, Test: 19.43%, Best Valid: 36.00%, Best Test: 32.66%
Epoch: 1000, Loss: 0.0000, Train: 20.22%, Valid: 24.00%, Test: 19.50%, Best Valid: 36.00%, Best Test: 32.66%
Epoch: 1100, Loss: 0.0136, Train: 17.33%, Valid: 16.00%, Test: 16.90%, Best Valid: 36.00%, Best Test: 32.66%
Epoch: 1200, Loss: 0.0009, Train: 23.04%, Valid: 16.00%, Test: 22.42%, Best Valid: 36.00%, Best Test: 32.66%
Epoch: 1300, Loss: 0.0000, Train: 19.26%, Valid: 20.00%, Test: 19.09%, Best Valid: 36.00%, Best Test: 32.66%
Epoch: 1400, Loss: 0.0000, Train: 19.66%, Valid: 16.00%, Test: 18.80%, Best Valid: 36.00%, Best Test: 32.66%
Epoch: 1500, Loss: 0.0000, Train: 21.32%, Valid: 28.00%, Test: 20.32%, Best Valid: 36.00%, Best Test: 32.66%
Epoch: 1600, Loss: 0.0000, Train: 19.19%, Valid: 20.00%, Test: 18.91%, Best Valid: 36.00%, Best Test: 32.66%
Epoch: 1700, Loss: 0.0000, Train: 24.27%, Valid: 28.00%, Test: 24.38%, Best Valid: 36.00%, Best Test: 32.66%
Epoch: 1800, Loss: 0.0000, Train: 26.91%, Valid: 24.00%, Test: 26.13%, Best Valid: 36.00%, Best Test: 32.66%
Epoch: 1900, Loss: 0.0001, Train: 27.74%, Valid: 24.00%, Test: 26.93%, Best Valid: 36.00%, Best Test: 32.66%
Epoch: 2000, Loss: 0.0000, Train: 19.08%, Valid: 16.00%, Test: 18.68%, Best Valid: 36.00%, Best Test: 32.66%
Epoch: 2100, Loss: 0.0000, Train: 18.76%, Valid: 16.00%, Test: 18.47%, Best Valid: 36.00%, Best Test: 32.66%
Epoch: 2200, Loss: 0.0000, Train: 18.77%, Valid: 16.00%, Test: 18.47%, Best Valid: 36.00%, Best Test: 32.66%
Epoch: 2300, Loss: 0.0000, Train: 18.78%, Valid: 16.00%, Test: 18.47%, Best Valid: 36.00%, Best Test: 32.66%
Epoch: 2400, Loss: 0.0000, Train: 20.31%, Valid: 20.00%, Test: 20.10%, Best Valid: 36.00%, Best Test: 32.66%
Epoch: 2500, Loss: 0.0000, Train: 20.31%, Valid: 20.00%, Test: 20.10%, Best Valid: 36.00%, Best Test: 32.66%
Epoch: 2600, Loss: 0.0000, Train: 20.31%, Valid: 20.00%, Test: 20.10%, Best Valid: 36.00%, Best Test: 32.66%
Run 10:
Highest Train: 36.82
Highest Valid: 36.00
Highest Test: 37.29
Chosen epoch: 42
Final Train: 32.48
Final Test: 32.66
All runs:
Highest Train: 36.78 ± 0.07
Highest Test: 36.87 ± 0.16
Highest Valid: 38.80 ± 5.35
  Final Train: 22.59 ± 4.35
   Final Test: 22.43 ± 4.67
Saving results to ../results/lowlabel_mv/amazon-ratings/polynormer.csv
--- mlp_reg | lambda=0.1 ---
Namespace(aggregate='add', alpha=0.5, attention='gcn', beta=-1.0, bn=False, budget_tag='5', count_reg=False, count_smoothing=1.0, cpu=False, data_dir='../data/', dataset='amazon-ratings', device=0, dim_inner=256, display_step=100, dropout=0.3, epochs=500, global_dropout=None, global_epochs=2500, global_layers=1, gnn='gcn', graph_weight=0.8, hidden_channels=256, hops=10, in_dropout=0.2, jk=False, label_num_per_class=20, lambda_val=0.1, layers=1, ln=False, local_epochs=200, local_gnn_type='GCN', local_layers=10, lr=0.001, metric='acc', mlp_epochs=500, mlp_reg=True, model='polynormer', model_dir='models/lowlabel_mv_1178247_55', n_heads=2, num_centroids=4096, num_heads=2, oracle_reg=False, paired_seeds=True, pe_types='RWSE', penalty_transform='none', pre_linear=False, pre_ln=False, rand_split=False, rand_split_class=False, reg_start_epoch=10, reg_update_freq=5, res=False, resample_split_per_run=False, result_dir='../results/lowlabel_mv', runs=10, save_model=True, save_result=False, seed=42, test_num=1000, tr_dropout=None, tr_layers=1, tr_weight_decay=None, train_per_class=5, train_prop=0.5, use_act=False, use_bn=False, use_graph=False, use_reg=True, use_residual=False, use_weight=False, valid_num=500, valid_per_class=5, valid_prop=0.25, weight_decay=0.0)
amazon-ratings
dataset amazon-ratings | num nodes 24492 | num edge 93050 | num node feats 300 | num classes 5
MODEL: Polynormer(
  (h_lins): ModuleList(
    (0): Linear(in_features=512, out_features=512, bias=True)
    (1): Linear(in_features=512, out_features=512, bias=True)
    (2): Linear(in_features=512, out_features=512, bias=True)
    (3): Linear(in_features=512, out_features=512, bias=True)
    (4): Linear(in_features=512, out_features=512, bias=True)
    (5): Linear(in_features=512, out_features=512, bias=True)
    (6): Linear(in_features=512, out_features=512, bias=True)
    (7): Linear(in_features=512, out_features=512, bias=True)
    (8): Linear(in_features=512, out_features=512, bias=True)
    (9): Linear(in_features=512, out_features=512, bias=True)
  )
  (local_convs): ModuleList(
    (0): GATConv(512, 256, heads=2)
    (1): GATConv(512, 256, heads=2)
    (2): GATConv(512, 256, heads=2)
    (3): GATConv(512, 256, heads=2)
    (4): GATConv(512, 256, heads=2)
    (5): GATConv(512, 256, heads=2)
    (6): GATConv(512, 256, heads=2)
    (7): GATConv(512, 256, heads=2)
    (8): GATConv(512, 256, heads=2)
    (9): GATConv(512, 256, heads=2)
  )
  (lins): ModuleList(
    (0): Linear(in_features=512, out_features=512, bias=True)
    (1): Linear(in_features=512, out_features=512, bias=True)
    (2): Linear(in_features=512, out_features=512, bias=True)
    (3): Linear(in_features=512, out_features=512, bias=True)
    (4): Linear(in_features=512, out_features=512, bias=True)
    (5): Linear(in_features=512, out_features=512, bias=True)
    (6): Linear(in_features=512, out_features=512, bias=True)
    (7): Linear(in_features=512, out_features=512, bias=True)
    (8): Linear(in_features=512, out_features=512, bias=True)
    (9): Linear(in_features=512, out_features=512, bias=True)
  )
  (lns): ModuleList(
    (0): LayerNorm((512,), eps=1e-05, elementwise_affine=True)
    (1): LayerNorm((512,), eps=1e-05, elementwise_affine=True)
    (2): LayerNorm((512,), eps=1e-05, elementwise_affine=True)
    (3): LayerNorm((512,), eps=1e-05, elementwise_affine=True)
    (4): LayerNorm((512,), eps=1e-05, elementwise_affine=True)
    (5): LayerNorm((512,), eps=1e-05, elementwise_affine=True)
    (6): LayerNorm((512,), eps=1e-05, elementwise_affine=True)
    (7): LayerNorm((512,), eps=1e-05, elementwise_affine=True)
    (8): LayerNorm((512,), eps=1e-05, elementwise_affine=True)
    (9): LayerNorm((512,), eps=1e-05, elementwise_affine=True)
  )
  (lin_in): Linear(in_features=300, out_features=512, bias=True)
  (ln): LayerNorm((512,), eps=1e-05, elementwise_affine=True)
  (global_attn): GlobalAttn(
    (h_lins): ModuleList(
      (0): Linear(in_features=512, out_features=512, bias=True)
    )
    (k_lins): ModuleList(
      (0): Linear(in_features=512, out_features=512, bias=True)
    )
    (v_lins): ModuleList(
      (0): Linear(in_features=512, out_features=512, bias=True)
    )
    (lns): ModuleList(
      (0): LayerNorm((512,), eps=1e-05, elementwise_affine=True)
    )
    (lin_out): Linear(in_features=512, out_features=512, bias=True)
  )
  (pred_local): Linear(in_features=512, out_features=5, bias=True)
  (pred_global): Linear(in_features=512, out_features=5, bias=True)
)
Label budget: 5/class -> 25 train nodes
Matched-budget validation: 25 valid nodes
Pre-training MLP for 500 epochs to generate co-occurrence matrix...
MLP pre-training complete. Penalty matrix frozen.
Epoch: 00, Loss: 2.4855, Train: 25.63%, Valid: 20.00%, Test: 25.77%, Best Valid: 20.00%, Best Test: 25.77%
Epoch: 100, Loss: 0.0090, Train: 17.92%, Valid: 20.00%, Test: 18.78%, Best Valid: 28.00%, Best Test: 5.34%
Switching Polynormer to global attention phase.
Epoch: 200, Loss: 1.8405, Train: 8.93%, Valid: 20.00%, Test: 8.90%, Best Valid: 28.00%, Best Test: 5.34%
Epoch: 300, Loss: 0.0150, Train: 15.20%, Valid: 20.00%, Test: 15.42%, Best Valid: 28.00%, Best Test: 5.34%
Epoch: 400, Loss: 0.0006, Train: 18.51%, Valid: 32.00%, Test: 19.27%, Best Valid: 36.00%, Best Test: 18.85%
Epoch: 500, Loss: 0.0000, Train: 16.17%, Valid: 24.00%, Test: 16.35%, Best Valid: 36.00%, Best Test: 18.85%
Epoch: 600, Loss: 0.0002, Train: 13.85%, Valid: 24.00%, Test: 13.56%, Best Valid: 36.00%, Best Test: 18.85%
Epoch: 700, Loss: 0.0145, Train: 22.04%, Valid: 24.00%, Test: 22.13%, Best Valid: 36.00%, Best Test: 18.85%
Epoch: 800, Loss: 0.0000, Train: 16.27%, Valid: 24.00%, Test: 17.26%, Best Valid: 36.00%, Best Test: 18.85%
Epoch: 900, Loss: 0.0000, Train: 17.45%, Valid: 24.00%, Test: 18.00%, Best Valid: 36.00%, Best Test: 18.85%
Epoch: 1000, Loss: 0.0000, Train: 17.43%, Valid: 24.00%, Test: 17.98%, Best Valid: 36.00%, Best Test: 18.85%
Epoch: 1100, Loss: 0.0000, Train: 17.35%, Valid: 24.00%, Test: 17.98%, Best Valid: 36.00%, Best Test: 18.85%
Epoch: 1200, Loss: 0.0000, Train: 17.34%, Valid: 24.00%, Test: 17.95%, Best Valid: 36.00%, Best Test: 18.85%
Epoch: 1300, Loss: 0.0000, Train: 17.23%, Valid: 24.00%, Test: 17.88%, Best Valid: 36.00%, Best Test: 18.85%
Epoch: 1400, Loss: 0.0000, Train: 17.24%, Valid: 24.00%, Test: 17.88%, Best Valid: 36.00%, Best Test: 18.85%
Epoch: 1500, Loss: 0.0000, Train: 17.23%, Valid: 24.00%, Test: 17.87%, Best Valid: 36.00%, Best Test: 18.85%
Epoch: 1600, Loss: 0.0000, Train: 17.21%, Valid: 24.00%, Test: 17.82%, Best Valid: 36.00%, Best Test: 18.85%
Epoch: 1700, Loss: 0.0000, Train: 17.20%, Valid: 24.00%, Test: 17.80%, Best Valid: 36.00%, Best Test: 18.85%
Epoch: 1800, Loss: 0.0000, Train: 14.85%, Valid: 12.00%, Test: 15.32%, Best Valid: 36.00%, Best Test: 18.85%
Epoch: 1900, Loss: 0.0006, Train: 11.99%, Valid: 12.00%, Test: 12.18%, Best Valid: 36.00%, Best Test: 18.85%
Epoch: 2000, Loss: 0.0329, Train: 17.65%, Valid: 16.00%, Test: 17.77%, Best Valid: 36.00%, Best Test: 18.85%
Epoch: 2100, Loss: 0.0000, Train: 15.35%, Valid: 28.00%, Test: 16.12%, Best Valid: 36.00%, Best Test: 18.85%
Epoch: 2200, Loss: 0.0000, Train: 15.64%, Valid: 28.00%, Test: 16.25%, Best Valid: 36.00%, Best Test: 18.85%
Epoch: 2300, Loss: 0.0000, Train: 15.72%, Valid: 28.00%, Test: 16.32%, Best Valid: 36.00%, Best Test: 18.85%
Epoch: 2400, Loss: 0.0000, Train: 15.48%, Valid: 28.00%, Test: 16.01%, Best Valid: 36.00%, Best Test: 18.85%
Epoch: 2500, Loss: 0.0000, Train: 17.79%, Valid: 28.00%, Test: 18.05%, Best Valid: 36.00%, Best Test: 18.85%
Epoch: 2600, Loss: 0.0000, Train: 17.29%, Valid: 32.00%, Test: 17.61%, Best Valid: 36.00%, Best Test: 18.85%
Run 01:
Highest Train: 34.02
Highest Valid: 36.00
Highest Test: 34.23
Chosen epoch: 379
Final Train: 18.82
Final Test: 18.85
Label budget: 5/class -> 25 train nodes
Matched-budget validation: 25 valid nodes
Pre-training MLP for 500 epochs to generate co-occurrence matrix...
MLP pre-training complete. Penalty matrix frozen.
Epoch: 00, Loss: 1.8286, Train: 35.42%, Valid: 20.00%, Test: 35.77%, Best Valid: 20.00%, Best Test: 35.77%
Epoch: 100, Loss: 0.0042, Train: 22.35%, Valid: 24.00%, Test: 22.47%, Best Valid: 32.00%, Best Test: 22.80%
Switching Polynormer to global attention phase.
Epoch: 200, Loss: 1.8047, Train: 23.41%, Valid: 20.00%, Test: 23.34%, Best Valid: 32.00%, Best Test: 22.80%
Epoch: 300, Loss: 0.0001, Train: 21.06%, Valid: 12.00%, Test: 21.90%, Best Valid: 32.00%, Best Test: 22.80%
Epoch: 400, Loss: 0.0000, Train: 24.18%, Valid: 20.00%, Test: 24.51%, Best Valid: 32.00%, Best Test: 22.80%
Epoch: 500, Loss: 0.0000, Train: 24.34%, Valid: 20.00%, Test: 24.51%, Best Valid: 32.00%, Best Test: 22.80%
Epoch: 600, Loss: 0.0000, Train: 24.34%, Valid: 20.00%, Test: 24.51%, Best Valid: 32.00%, Best Test: 22.80%
Epoch: 700, Loss: 0.0000, Train: 24.35%, Valid: 20.00%, Test: 24.55%, Best Valid: 32.00%, Best Test: 22.80%
Epoch: 800, Loss: 0.0000, Train: 24.38%, Valid: 20.00%, Test: 24.55%, Best Valid: 32.00%, Best Test: 22.80%
Epoch: 900, Loss: 0.0000, Train: 24.35%, Valid: 20.00%, Test: 24.48%, Best Valid: 32.00%, Best Test: 22.80%
Epoch: 1000, Loss: 0.0000, Train: 22.99%, Valid: 20.00%, Test: 22.67%, Best Valid: 32.00%, Best Test: 22.80%
Epoch: 1100, Loss: 0.0013, Train: 23.94%, Valid: 28.00%, Test: 24.33%, Best Valid: 36.00%, Best Test: 18.91%
Epoch: 1200, Loss: 2.1151, Train: 24.66%, Valid: 20.00%, Test: 24.84%, Best Valid: 36.00%, Best Test: 18.91%
Epoch: 1300, Loss: 0.0000, Train: 26.06%, Valid: 24.00%, Test: 26.33%, Best Valid: 36.00%, Best Test: 18.91%
Epoch: 1400, Loss: 0.0000, Train: 26.81%, Valid: 20.00%, Test: 27.29%, Best Valid: 36.00%, Best Test: 18.91%
Epoch: 1500, Loss: 0.0000, Train: 26.70%, Valid: 24.00%, Test: 27.24%, Best Valid: 36.00%, Best Test: 18.91%
Epoch: 1600, Loss: 0.0000, Train: 26.69%, Valid: 24.00%, Test: 27.24%, Best Valid: 36.00%, Best Test: 18.91%
Epoch: 1700, Loss: 0.0000, Train: 26.59%, Valid: 24.00%, Test: 26.91%, Best Valid: 36.00%, Best Test: 18.91%
Epoch: 1800, Loss: 0.0000, Train: 26.65%, Valid: 24.00%, Test: 26.91%, Best Valid: 36.00%, Best Test: 18.91%
Epoch: 1900, Loss: 0.0000, Train: 26.65%, Valid: 24.00%, Test: 26.93%, Best Valid: 36.00%, Best Test: 18.91%
Epoch: 2000, Loss: 0.0000, Train: 26.65%, Valid: 24.00%, Test: 26.93%, Best Valid: 36.00%, Best Test: 18.91%
Epoch: 2100, Loss: 0.0000, Train: 26.65%, Valid: 24.00%, Test: 26.91%, Best Valid: 36.00%, Best Test: 18.91%
Epoch: 2200, Loss: 0.0000, Train: 26.68%, Valid: 24.00%, Test: 26.95%, Best Valid: 36.00%, Best Test: 18.91%
Epoch: 2300, Loss: 0.0000, Train: 26.69%, Valid: 24.00%, Test: 26.95%, Best Valid: 36.00%, Best Test: 18.91%
Epoch: 2400, Loss: 0.0000, Train: 26.68%, Valid: 24.00%, Test: 26.95%, Best Valid: 36.00%, Best Test: 18.91%
Epoch: 2500, Loss: 0.0000, Train: 26.68%, Valid: 24.00%, Test: 26.96%, Best Valid: 36.00%, Best Test: 18.91%
Epoch: 2600, Loss: 0.0000, Train: 26.68%, Valid: 24.00%, Test: 26.96%, Best Valid: 36.00%, Best Test: 18.91%
Run 02:
Highest Train: 36.79
Highest Valid: 36.00
Highest Test: 36.80
Chosen epoch: 1085
Final Train: 18.64
Final Test: 18.91
Label budget: 5/class -> 25 train nodes
Matched-budget validation: 25 valid nodes
Pre-training MLP for 500 epochs to generate co-occurrence matrix...
MLP pre-training complete. Penalty matrix frozen.
Epoch: 00, Loss: 2.5872, Train: 15.22%, Valid: 16.00%, Test: 15.24%, Best Valid: 16.00%, Best Test: 15.24%
Epoch: 100, Loss: 0.0595, Train: 22.31%, Valid: 24.00%, Test: 22.00%, Best Valid: 32.00%, Best Test: 21.72%
Switching Polynormer to global attention phase.
Epoch: 200, Loss: 1.7814, Train: 5.01%, Valid: 20.00%, Test: 4.90%, Best Valid: 32.00%, Best Test: 21.72%
Epoch: 300, Loss: 0.0006, Train: 19.59%, Valid: 12.00%, Test: 19.01%, Best Valid: 32.00%, Best Test: 21.72%
Epoch: 400, Loss: 0.0000, Train: 20.21%, Valid: 16.00%, Test: 20.07%, Best Valid: 32.00%, Best Test: 21.72%
Epoch: 500, Loss: 0.0000, Train: 20.78%, Valid: 28.00%, Test: 20.53%, Best Valid: 32.00%, Best Test: 21.72%
Epoch: 600, Loss: 0.0000, Train: 21.71%, Valid: 28.00%, Test: 21.31%, Best Valid: 32.00%, Best Test: 21.72%
Epoch: 700, Loss: 0.0186, Train: 21.71%, Valid: 24.00%, Test: 21.61%, Best Valid: 32.00%, Best Test: 21.72%
Epoch: 800, Loss: 0.0001, Train: 19.76%, Valid: 20.00%, Test: 19.19%, Best Valid: 36.00%, Best Test: 23.52%
Epoch: 900, Loss: 0.0001, Train: 21.38%, Valid: 32.00%, Test: 20.63%, Best Valid: 36.00%, Best Test: 23.52%
Epoch: 1000, Loss: 0.0573, Train: 23.13%, Valid: 20.00%, Test: 22.46%, Best Valid: 36.00%, Best Test: 23.52%
Epoch: 1100, Loss: 0.0000, Train: 21.20%, Valid: 24.00%, Test: 20.58%, Best Valid: 36.00%, Best Test: 23.52%
Epoch: 1200, Loss: 0.0000, Train: 21.23%, Valid: 28.00%, Test: 20.74%, Best Valid: 36.00%, Best Test: 23.52%
Epoch: 1300, Loss: 0.0000, Train: 21.25%, Valid: 28.00%, Test: 20.74%, Best Valid: 36.00%, Best Test: 23.52%
Epoch: 1400, Loss: 0.0000, Train: 21.25%, Valid: 28.00%, Test: 20.74%, Best Valid: 36.00%, Best Test: 23.52%
Epoch: 1500, Loss: 0.0000, Train: 21.39%, Valid: 28.00%, Test: 20.76%, Best Valid: 36.00%, Best Test: 23.52%
Epoch: 1600, Loss: 0.0000, Train: 21.39%, Valid: 28.00%, Test: 20.77%, Best Valid: 36.00%, Best Test: 23.52%
Epoch: 1700, Loss: 0.0000, Train: 21.39%, Valid: 28.00%, Test: 20.77%, Best Valid: 36.00%, Best Test: 23.52%
Epoch: 1800, Loss: 0.0000, Train: 21.35%, Valid: 28.00%, Test: 20.76%, Best Valid: 36.00%, Best Test: 23.52%
Epoch: 1900, Loss: 0.0000, Train: 21.34%, Valid: 28.00%, Test: 20.74%, Best Valid: 36.00%, Best Test: 23.52%
Epoch: 2000, Loss: 0.0000, Train: 21.33%, Valid: 28.00%, Test: 20.74%, Best Valid: 36.00%, Best Test: 23.52%
Epoch: 2100, Loss: 0.0000, Train: 21.34%, Valid: 28.00%, Test: 20.76%, Best Valid: 36.00%, Best Test: 23.52%
Epoch: 2200, Loss: 0.0000, Train: 21.32%, Valid: 28.00%, Test: 20.74%, Best Valid: 36.00%, Best Test: 23.52%
Epoch: 2300, Loss: 0.0000, Train: 21.30%, Valid: 28.00%, Test: 20.71%, Best Valid: 36.00%, Best Test: 23.52%
Epoch: 2400, Loss: 0.0000, Train: 21.30%, Valid: 28.00%, Test: 20.71%, Best Valid: 36.00%, Best Test: 23.52%
Epoch: 2500, Loss: 0.0000, Train: 21.30%, Valid: 28.00%, Test: 20.71%, Best Valid: 36.00%, Best Test: 23.52%
Epoch: 2600, Loss: 0.0000, Train: 21.30%, Valid: 28.00%, Test: 20.71%, Best Valid: 36.00%, Best Test: 23.52%
Run 03:
Highest Train: 36.79
Highest Valid: 36.00
Highest Test: 36.80
Chosen epoch: 760
Final Train: 23.22
Final Test: 23.52
Label budget: 5/class -> 25 train nodes
Matched-budget validation: 25 valid nodes
Pre-training MLP for 500 epochs to generate co-occurrence matrix...
MLP pre-training complete. Penalty matrix frozen.
Epoch: 00, Loss: 2.0293, Train: 26.70%, Valid: 24.00%, Test: 27.40%, Best Valid: 24.00%, Best Test: 27.40%
Epoch: 100, Loss: 0.0011, Train: 28.15%, Valid: 32.00%, Test: 26.49%, Best Valid: 32.00%, Best Test: 23.75%
Switching Polynormer to global attention phase.
Epoch: 200, Loss: 1.7397, Train: 22.51%, Valid: 24.00%, Test: 21.57%, Best Valid: 40.00%, Best Test: 25.85%
Epoch: 300, Loss: 1.7823, Train: 26.78%, Valid: 20.00%, Test: 26.78%, Best Valid: 40.00%, Best Test: 25.85%
Epoch: 400, Loss: 1.7699, Train: 26.78%, Valid: 20.00%, Test: 26.78%, Best Valid: 40.00%, Best Test: 25.85%
Epoch: 500, Loss: 1.7705, Train: 26.78%, Valid: 20.00%, Test: 26.78%, Best Valid: 40.00%, Best Test: 25.85%
Epoch: 600, Loss: 1.7705, Train: 26.78%, Valid: 20.00%, Test: 26.78%, Best Valid: 40.00%, Best Test: 25.85%
Epoch: 700, Loss: 1.7705, Train: 26.78%, Valid: 20.00%, Test: 26.78%, Best Valid: 40.00%, Best Test: 25.85%
Epoch: 800, Loss: 1.7705, Train: 26.78%, Valid: 20.00%, Test: 26.78%, Best Valid: 40.00%, Best Test: 25.85%
Epoch: 900, Loss: 1.7705, Train: 26.78%, Valid: 20.00%, Test: 26.78%, Best Valid: 40.00%, Best Test: 25.85%
Epoch: 1000, Loss: 1.7705, Train: 26.78%, Valid: 20.00%, Test: 26.78%, Best Valid: 40.00%, Best Test: 25.85%
Epoch: 1100, Loss: 1.7705, Train: 26.78%, Valid: 20.00%, Test: 26.78%, Best Valid: 40.00%, Best Test: 25.85%
Epoch: 1200, Loss: 1.7705, Train: 26.78%, Valid: 20.00%, Test: 26.78%, Best Valid: 40.00%, Best Test: 25.85%
Epoch: 1300, Loss: 1.7717, Train: 23.18%, Valid: 20.00%, Test: 23.17%, Best Valid: 40.00%, Best Test: 25.85%
Epoch: 1400, Loss: 1.7667, Train: 26.78%, Valid: 20.00%, Test: 26.78%, Best Valid: 40.00%, Best Test: 25.85%
Epoch: 1500, Loss: 1.7799, Train: 26.78%, Valid: 20.00%, Test: 26.78%, Best Valid: 40.00%, Best Test: 25.85%
Epoch: 1600, Loss: 1.7704, Train: 26.78%, Valid: 20.00%, Test: 26.78%, Best Valid: 40.00%, Best Test: 25.85%
Epoch: 1700, Loss: 1.7705, Train: 26.78%, Valid: 20.00%, Test: 26.78%, Best Valid: 40.00%, Best Test: 25.85%
Epoch: 1800, Loss: 1.7705, Train: 26.78%, Valid: 20.00%, Test: 26.78%, Best Valid: 40.00%, Best Test: 25.85%
Epoch: 1900, Loss: 1.7705, Train: 26.78%, Valid: 20.00%, Test: 26.78%, Best Valid: 40.00%, Best Test: 25.85%
Epoch: 2000, Loss: 1.7705, Train: 26.78%, Valid: 20.00%, Test: 26.78%, Best Valid: 40.00%, Best Test: 25.85%
Epoch: 2100, Loss: 1.7705, Train: 26.78%, Valid: 20.00%, Test: 26.78%, Best Valid: 40.00%, Best Test: 25.85%
Epoch: 2200, Loss: 1.7705, Train: 26.78%, Valid: 20.00%, Test: 26.78%, Best Valid: 40.00%, Best Test: 25.85%
Epoch: 2300, Loss: 1.7705, Train: 26.78%, Valid: 20.00%, Test: 26.78%, Best Valid: 40.00%, Best Test: 25.85%
Epoch: 2400, Loss: 1.7705, Train: 26.78%, Valid: 20.00%, Test: 26.78%, Best Valid: 40.00%, Best Test: 25.85%
Epoch: 2500, Loss: 1.7705, Train: 26.78%, Valid: 20.00%, Test: 26.78%, Best Valid: 40.00%, Best Test: 25.85%
Epoch: 2600, Loss: 1.7705, Train: 26.78%, Valid: 20.00%, Test: 26.78%, Best Valid: 40.00%, Best Test: 25.85%
Run 04:
Highest Train: 36.79
Highest Valid: 40.00
Highest Test: 36.80
Chosen epoch: 134
Final Train: 26.67
Final Test: 25.85
Label budget: 5/class -> 25 train nodes
Matched-budget validation: 25 valid nodes
Pre-training MLP for 500 epochs to generate co-occurrence matrix...
MLP pre-training complete. Penalty matrix frozen.
Epoch: 00, Loss: 2.1394, Train: 17.49%, Valid: 24.00%, Test: 17.33%, Best Valid: 24.00%, Best Test: 17.33%
Epoch: 100, Loss: 0.0008, Train: 24.73%, Valid: 12.00%, Test: 24.20%, Best Valid: 28.00%, Best Test: 33.79%
Switching Polynormer to global attention phase.
Epoch: 200, Loss: 1.7979, Train: 23.28%, Valid: 20.00%, Test: 23.17%, Best Valid: 28.00%, Best Test: 33.79%
Epoch: 300, Loss: 0.0107, Train: 20.64%, Valid: 16.00%, Test: 20.28%, Best Valid: 28.00%, Best Test: 33.79%
Epoch: 400, Loss: 0.0000, Train: 22.68%, Valid: 20.00%, Test: 22.83%, Best Valid: 28.00%, Best Test: 33.79%
Epoch: 500, Loss: 0.0000, Train: 19.88%, Valid: 20.00%, Test: 19.61%, Best Valid: 28.00%, Best Test: 33.79%
Epoch: 600, Loss: 0.0000, Train: 20.37%, Valid: 20.00%, Test: 20.17%, Best Valid: 28.00%, Best Test: 33.79%
Epoch: 700, Loss: 0.0000, Train: 20.36%, Valid: 20.00%, Test: 20.24%, Best Valid: 28.00%, Best Test: 33.79%
Epoch: 800, Loss: 0.0000, Train: 20.58%, Valid: 20.00%, Test: 20.43%, Best Valid: 28.00%, Best Test: 33.79%
Epoch: 900, Loss: 0.0000, Train: 19.23%, Valid: 20.00%, Test: 19.08%, Best Valid: 28.00%, Best Test: 33.79%
Epoch: 1000, Loss: 0.0433, Train: 29.11%, Valid: 12.00%, Test: 29.48%, Best Valid: 28.00%, Best Test: 33.79%
Epoch: 1100, Loss: 0.5021, Train: 24.20%, Valid: 16.00%, Test: 23.99%, Best Valid: 32.00%, Best Test: 14.52%
Epoch: 1200, Loss: 0.0000, Train: 20.33%, Valid: 16.00%, Test: 19.70%, Best Valid: 32.00%, Best Test: 14.52%
Epoch: 1300, Loss: 0.0000, Train: 20.36%, Valid: 16.00%, Test: 19.71%, Best Valid: 32.00%, Best Test: 14.52%
Epoch: 1400, Loss: 0.0000, Train: 21.98%, Valid: 16.00%, Test: 21.49%, Best Valid: 32.00%, Best Test: 14.52%
Epoch: 1500, Loss: 0.0000, Train: 19.35%, Valid: 24.00%, Test: 18.86%, Best Valid: 32.00%, Best Test: 14.52%
Epoch: 1600, Loss: 0.0000, Train: 22.08%, Valid: 16.00%, Test: 21.67%, Best Valid: 32.00%, Best Test: 14.52%
Epoch: 1700, Loss: 0.0000, Train: 22.38%, Valid: 16.00%, Test: 21.75%, Best Valid: 32.00%, Best Test: 14.52%
Epoch: 1800, Loss: 0.0000, Train: 22.38%, Valid: 16.00%, Test: 21.77%, Best Valid: 32.00%, Best Test: 14.52%
Epoch: 1900, Loss: 0.0000, Train: 22.38%, Valid: 16.00%, Test: 21.77%, Best Valid: 32.00%, Best Test: 14.52%
Epoch: 2000, Loss: 0.0000, Train: 22.38%, Valid: 16.00%, Test: 21.77%, Best Valid: 32.00%, Best Test: 14.52%
Epoch: 2100, Loss: 0.0000, Train: 22.38%, Valid: 16.00%, Test: 21.77%, Best Valid: 32.00%, Best Test: 14.52%
Epoch: 2200, Loss: 0.0000, Train: 22.37%, Valid: 16.00%, Test: 21.77%, Best Valid: 32.00%, Best Test: 14.52%
Epoch: 2300, Loss: 0.0000, Train: 22.37%, Valid: 16.00%, Test: 21.77%, Best Valid: 32.00%, Best Test: 14.52%
Epoch: 2400, Loss: 0.0000, Train: 22.37%, Valid: 16.00%, Test: 21.77%, Best Valid: 32.00%, Best Test: 14.52%
Epoch: 2500, Loss: 0.0000, Train: 22.37%, Valid: 16.00%, Test: 21.77%, Best Valid: 32.00%, Best Test: 14.52%
Epoch: 2600, Loss: 0.0000, Train: 22.37%, Valid: 16.00%, Test: 21.79%, Best Valid: 32.00%, Best Test: 14.52%
Run 05:
Highest Train: 36.68
Highest Valid: 32.00
Highest Test: 36.40
Chosen epoch: 1059
Final Train: 14.54
Final Test: 14.52
Label budget: 5/class -> 25 train nodes
Matched-budget validation: 25 valid nodes
Pre-training MLP for 500 epochs to generate co-occurrence matrix...
MLP pre-training complete. Penalty matrix frozen.
Epoch: 00, Loss: 2.2797, Train: 29.27%, Valid: 24.00%, Test: 29.84%, Best Valid: 24.00%, Best Test: 29.84%
Epoch: 100, Loss: 0.0030, Train: 25.53%, Valid: 36.00%, Test: 25.45%, Best Valid: 36.00%, Best Test: 25.80%
Switching Polynormer to global attention phase.
Epoch: 200, Loss: 1.8216, Train: 22.89%, Valid: 20.00%, Test: 23.65%, Best Valid: 36.00%, Best Test: 25.80%
Epoch: 300, Loss: 0.0006, Train: 16.06%, Valid: 20.00%, Test: 16.43%, Best Valid: 36.00%, Best Test: 25.80%
Epoch: 400, Loss: 0.0002, Train: 19.16%, Valid: 32.00%, Test: 19.91%, Best Valid: 36.00%, Best Test: 25.80%
Epoch: 500, Loss: 0.0000, Train: 16.21%, Valid: 20.00%, Test: 16.84%, Best Valid: 36.00%, Best Test: 25.80%
Epoch: 600, Loss: 0.0000, Train: 16.19%, Valid: 20.00%, Test: 16.87%, Best Valid: 36.00%, Best Test: 25.80%
Epoch: 700, Loss: 0.0000, Train: 16.22%, Valid: 20.00%, Test: 16.87%, Best Valid: 36.00%, Best Test: 25.80%
Epoch: 800, Loss: 0.0000, Train: 17.65%, Valid: 32.00%, Test: 18.50%, Best Valid: 36.00%, Best Test: 25.80%
Epoch: 900, Loss: 0.0000, Train: 17.30%, Valid: 28.00%, Test: 17.70%, Best Valid: 36.00%, Best Test: 25.80%
Epoch: 1000, Loss: 0.0000, Train: 17.39%, Valid: 32.00%, Test: 17.79%, Best Valid: 36.00%, Best Test: 25.80%
Epoch: 1100, Loss: 0.0009, Train: 19.12%, Valid: 24.00%, Test: 18.91%, Best Valid: 36.00%, Best Test: 25.80%
Epoch: 1200, Loss: 0.0000, Train: 16.50%, Valid: 16.00%, Test: 17.03%, Best Valid: 36.00%, Best Test: 25.80%
Epoch: 1300, Loss: 0.0011, Train: 17.34%, Valid: 20.00%, Test: 17.34%, Best Valid: 36.00%, Best Test: 25.80%
Epoch: 1400, Loss: 0.0000, Train: 17.43%, Valid: 16.00%, Test: 18.70%, Best Valid: 36.00%, Best Test: 25.80%
Epoch: 1500, Loss: 0.0002, Train: 19.67%, Valid: 12.00%, Test: 20.53%, Best Valid: 36.00%, Best Test: 25.80%
Epoch: 1600, Loss: 0.0000, Train: 19.81%, Valid: 8.00%, Test: 20.71%, Best Valid: 36.00%, Best Test: 25.80%
Epoch: 1700, Loss: 0.0000, Train: 19.98%, Valid: 8.00%, Test: 21.00%, Best Valid: 36.00%, Best Test: 25.80%
Epoch: 1800, Loss: 0.0000, Train: 19.97%, Valid: 8.00%, Test: 20.99%, Best Valid: 36.00%, Best Test: 25.80%
Epoch: 1900, Loss: 0.0000, Train: 19.97%, Valid: 8.00%, Test: 20.95%, Best Valid: 36.00%, Best Test: 25.80%
Epoch: 2000, Loss: 0.0000, Train: 19.97%, Valid: 8.00%, Test: 20.95%, Best Valid: 36.00%, Best Test: 25.80%
Epoch: 2100, Loss: 0.0000, Train: 19.97%, Valid: 8.00%, Test: 20.99%, Best Valid: 36.00%, Best Test: 25.80%
Epoch: 2200, Loss: 0.0000, Train: 20.02%, Valid: 8.00%, Test: 21.02%, Best Valid: 36.00%, Best Test: 25.80%
Epoch: 2300, Loss: 0.0000, Train: 20.03%, Valid: 8.00%, Test: 21.00%, Best Valid: 36.00%, Best Test: 25.80%
Epoch: 2400, Loss: 0.0000, Train: 20.06%, Valid: 8.00%, Test: 21.02%, Best Valid: 36.00%, Best Test: 25.80%
Epoch: 2500, Loss: 0.0000, Train: 20.04%, Valid: 8.00%, Test: 21.02%, Best Valid: 36.00%, Best Test: 25.80%
Epoch: 2600, Loss: 0.0000, Train: 20.07%, Valid: 8.00%, Test: 21.10%, Best Valid: 36.00%, Best Test: 25.80%
Run 06:
Highest Train: 36.79
Highest Valid: 36.00
Highest Test: 36.78
Chosen epoch: 97
Final Train: 25.59
Final Test: 25.80
Label budget: 5/class -> 25 train nodes
Matched-budget validation: 25 valid nodes
Pre-training MLP for 500 epochs to generate co-occurrence matrix...
MLP pre-training complete. Penalty matrix frozen.
Epoch: 00, Loss: 2.0102, Train: 22.55%, Valid: 20.00%, Test: 22.03%, Best Valid: 20.00%, Best Test: 22.03%
Epoch: 100, Loss: 0.0078, Train: 23.49%, Valid: 12.00%, Test: 21.56%, Best Valid: 28.00%, Best Test: 27.78%
Switching Polynormer to global attention phase.
Epoch: 200, Loss: 1.8249, Train: 26.77%, Valid: 20.00%, Test: 26.74%, Best Valid: 28.00%, Best Test: 27.78%
Epoch: 300, Loss: 0.0050, Train: 13.89%, Valid: 28.00%, Test: 12.90%, Best Valid: 44.00%, Best Test: 21.39%
Epoch: 400, Loss: 0.0000, Train: 23.22%, Valid: 12.00%, Test: 21.80%, Best Valid: 44.00%, Best Test: 21.39%
Epoch: 500, Loss: 0.0000, Train: 22.91%, Valid: 12.00%, Test: 21.33%, Best Valid: 44.00%, Best Test: 21.39%
Epoch: 600, Loss: 0.0000, Train: 22.07%, Valid: 16.00%, Test: 20.76%, Best Valid: 44.00%, Best Test: 21.39%
Epoch: 700, Loss: 0.0000, Train: 18.70%, Valid: 8.00%, Test: 17.70%, Best Valid: 44.00%, Best Test: 21.39%
Epoch: 800, Loss: 0.0000, Train: 21.71%, Valid: 20.00%, Test: 19.84%, Best Valid: 44.00%, Best Test: 21.39%
Epoch: 900, Loss: 0.0006, Train: 21.59%, Valid: 12.00%, Test: 21.57%, Best Valid: 44.00%, Best Test: 21.39%
Epoch: 1000, Loss: 0.0003, Train: 21.66%, Valid: 12.00%, Test: 21.54%, Best Valid: 44.00%, Best Test: 21.39%
Epoch: 1100, Loss: 0.0007, Train: 20.28%, Valid: 24.00%, Test: 19.57%, Best Valid: 44.00%, Best Test: 21.39%
Epoch: 1200, Loss: 0.0000, Train: 20.90%, Valid: 24.00%, Test: 19.75%, Best Valid: 44.00%, Best Test: 21.39%
Epoch: 1300, Loss: 0.0000, Train: 22.76%, Valid: 24.00%, Test: 21.49%, Best Valid: 44.00%, Best Test: 21.39%
Epoch: 1400, Loss: 0.0000, Train: 22.60%, Valid: 24.00%, Test: 21.53%, Best Valid: 44.00%, Best Test: 21.39%
Epoch: 1500, Loss: 0.0000, Train: 23.29%, Valid: 20.00%, Test: 22.59%, Best Valid: 44.00%, Best Test: 21.39%
Epoch: 1600, Loss: 0.0000, Train: 21.60%, Valid: 28.00%, Test: 20.30%, Best Valid: 44.00%, Best Test: 21.39%
Epoch: 1700, Loss: 0.0000, Train: 21.54%, Valid: 28.00%, Test: 20.32%, Best Valid: 44.00%, Best Test: 21.39%
Epoch: 1800, Loss: 0.0000, Train: 21.66%, Valid: 28.00%, Test: 20.46%, Best Valid: 44.00%, Best Test: 21.39%
Epoch: 1900, Loss: 0.0000, Train: 21.70%, Valid: 28.00%, Test: 20.48%, Best Valid: 44.00%, Best Test: 21.39%
Epoch: 2000, Loss: 0.0000, Train: 21.73%, Valid: 28.00%, Test: 20.50%, Best Valid: 44.00%, Best Test: 21.39%
Epoch: 2100, Loss: 0.0000, Train: 21.75%, Valid: 28.00%, Test: 20.58%, Best Valid: 44.00%, Best Test: 21.39%
Epoch: 2200, Loss: 0.0000, Train: 21.75%, Valid: 28.00%, Test: 20.58%, Best Valid: 44.00%, Best Test: 21.39%
Epoch: 2300, Loss: 0.0000, Train: 21.73%, Valid: 28.00%, Test: 20.45%, Best Valid: 44.00%, Best Test: 21.39%
Epoch: 2400, Loss: 0.0000, Train: 21.75%, Valid: 28.00%, Test: 20.50%, Best Valid: 44.00%, Best Test: 21.39%
Epoch: 2500, Loss: 0.0000, Train: 21.70%, Valid: 28.00%, Test: 20.45%, Best Valid: 44.00%, Best Test: 21.39%
Epoch: 2600, Loss: 0.0000, Train: 21.67%, Valid: 28.00%, Test: 20.56%, Best Valid: 44.00%, Best Test: 21.39%
Run 07:
Highest Train: 36.68
Highest Valid: 44.00
Highest Test: 36.70
Chosen epoch: 251
Final Train: 21.30
Final Test: 21.39
Label budget: 5/class -> 25 train nodes
Matched-budget validation: 25 valid nodes
Pre-training MLP for 500 epochs to generate co-occurrence matrix...
MLP pre-training complete. Penalty matrix frozen.
Epoch: 00, Loss: 2.2351, Train: 26.61%, Valid: 20.00%, Test: 26.78%, Best Valid: 20.00%, Best Test: 26.78%
Epoch: 100, Loss: 0.0060, Train: 22.55%, Valid: 44.00%, Test: 22.41%, Best Valid: 48.00%, Best Test: 21.66%
Switching Polynormer to global attention phase.
Epoch: 200, Loss: 1.7930, Train: 20.44%, Valid: 28.00%, Test: 20.09%, Best Valid: 48.00%, Best Test: 21.66%
Epoch: 300, Loss: 0.0145, Train: 19.36%, Valid: 36.00%, Test: 18.98%, Best Valid: 48.00%, Best Test: 21.66%
Epoch: 400, Loss: 0.0000, Train: 21.43%, Valid: 36.00%, Test: 20.32%, Best Valid: 48.00%, Best Test: 21.66%
Epoch: 500, Loss: 0.0000, Train: 20.79%, Valid: 36.00%, Test: 19.97%, Best Valid: 48.00%, Best Test: 21.66%
Epoch: 600, Loss: 0.0000, Train: 20.87%, Valid: 36.00%, Test: 20.01%, Best Valid: 48.00%, Best Test: 21.66%
Epoch: 700, Loss: 0.0000, Train: 21.10%, Valid: 40.00%, Test: 20.15%, Best Valid: 48.00%, Best Test: 21.66%
Epoch: 800, Loss: 0.0000, Train: 21.29%, Valid: 36.00%, Test: 20.22%, Best Valid: 48.00%, Best Test: 21.66%
Epoch: 900, Loss: 0.0000, Train: 21.32%, Valid: 36.00%, Test: 20.24%, Best Valid: 48.00%, Best Test: 21.66%
Epoch: 1000, Loss: 0.0000, Train: 21.51%, Valid: 32.00%, Test: 20.32%, Best Valid: 48.00%, Best Test: 21.66%
Epoch: 1100, Loss: 0.0000, Train: 21.53%, Valid: 32.00%, Test: 20.32%, Best Valid: 48.00%, Best Test: 21.66%
Epoch: 1200, Loss: 0.0000, Train: 19.96%, Valid: 40.00%, Test: 19.11%, Best Valid: 48.00%, Best Test: 21.66%
Epoch: 1300, Loss: 0.0000, Train: 19.92%, Valid: 40.00%, Test: 19.17%, Best Valid: 48.00%, Best Test: 21.66%
Epoch: 1400, Loss: 0.0000, Train: 20.15%, Valid: 40.00%, Test: 19.39%, Best Valid: 48.00%, Best Test: 21.66%
Epoch: 1500, Loss: 0.0000, Train: 20.17%, Valid: 40.00%, Test: 19.39%, Best Valid: 48.00%, Best Test: 21.66%
Epoch: 1600, Loss: 0.0000, Train: 20.37%, Valid: 40.00%, Test: 19.57%, Best Valid: 48.00%, Best Test: 21.66%
Epoch: 1700, Loss: 0.0000, Train: 20.39%, Valid: 40.00%, Test: 19.57%, Best Valid: 48.00%, Best Test: 21.66%
Epoch: 1800, Loss: 0.0000, Train: 20.39%, Valid: 40.00%, Test: 19.58%, Best Valid: 48.00%, Best Test: 21.66%
Epoch: 1900, Loss: 0.0000, Train: 20.39%, Valid: 40.00%, Test: 19.57%, Best Valid: 48.00%, Best Test: 21.66%
Epoch: 2000, Loss: 0.0000, Train: 20.40%, Valid: 40.00%, Test: 19.55%, Best Valid: 48.00%, Best Test: 21.66%
Epoch: 2100, Loss: 0.0000, Train: 20.49%, Valid: 40.00%, Test: 19.65%, Best Valid: 48.00%, Best Test: 21.66%
Epoch: 2200, Loss: 0.0000, Train: 20.44%, Valid: 44.00%, Test: 19.47%, Best Valid: 48.00%, Best Test: 21.66%
Epoch: 2300, Loss: 0.0000, Train: 20.44%, Valid: 44.00%, Test: 19.47%, Best Valid: 48.00%, Best Test: 21.66%
Epoch: 2400, Loss: 0.0000, Train: 20.73%, Valid: 40.00%, Test: 19.71%, Best Valid: 48.00%, Best Test: 21.66%
Epoch: 2500, Loss: 0.0000, Train: 14.80%, Valid: 24.00%, Test: 14.67%, Best Valid: 48.00%, Best Test: 21.66%
Epoch: 2600, Loss: 0.0000, Train: 22.06%, Valid: 32.00%, Test: 21.20%, Best Valid: 48.00%, Best Test: 21.66%
Run 08:
Highest Train: 36.79
Highest Valid: 48.00
Highest Test: 36.80
Chosen epoch: 81
Final Train: 21.51
Final Test: 21.66
Label budget: 5/class -> 25 train nodes
Matched-budget validation: 25 valid nodes
Pre-training MLP for 500 epochs to generate co-occurrence matrix...
MLP pre-training complete. Penalty matrix frozen.
Epoch: 00, Loss: 2.4593, Train: 15.87%, Valid: 16.00%, Test: 15.71%, Best Valid: 16.00%, Best Test: 15.71%
Epoch: 100, Loss: 0.0013, Train: 24.64%, Valid: 24.00%, Test: 25.33%, Best Valid: 32.00%, Best Test: 20.87%
Switching Polynormer to global attention phase.
Epoch: 200, Loss: 1.7401, Train: 22.65%, Valid: 12.00%, Test: 22.91%, Best Valid: 32.00%, Best Test: 20.87%
Epoch: 300, Loss: 0.0000, Train: 21.93%, Valid: 28.00%, Test: 22.75%, Best Valid: 36.00%, Best Test: 24.87%
Epoch: 400, Loss: 0.0000, Train: 23.40%, Valid: 20.00%, Test: 23.96%, Best Valid: 36.00%, Best Test: 24.87%
Epoch: 500, Loss: 0.0000, Train: 23.32%, Valid: 24.00%, Test: 24.06%, Best Valid: 36.00%, Best Test: 24.87%
Epoch: 600, Loss: 0.0000, Train: 21.82%, Valid: 16.00%, Test: 21.92%, Best Valid: 36.00%, Best Test: 24.87%
Epoch: 700, Loss: 0.0000, Train: 21.71%, Valid: 16.00%, Test: 21.85%, Best Valid: 36.00%, Best Test: 24.87%
Epoch: 800, Loss: 0.0000, Train: 21.58%, Valid: 16.00%, Test: 21.79%, Best Valid: 36.00%, Best Test: 24.87%
Epoch: 900, Loss: 0.0000, Train: 21.44%, Valid: 20.00%, Test: 21.57%, Best Valid: 36.00%, Best Test: 24.87%
Epoch: 1000, Loss: 0.0000, Train: 21.43%, Valid: 20.00%, Test: 21.57%, Best Valid: 36.00%, Best Test: 24.87%
Epoch: 1100, Loss: 0.0000, Train: 21.39%, Valid: 16.00%, Test: 21.54%, Best Valid: 36.00%, Best Test: 24.87%
Epoch: 1200, Loss: 0.0085, Train: 27.19%, Valid: 20.00%, Test: 26.44%, Best Valid: 40.00%, Best Test: 20.69%
Epoch: 1300, Loss: 0.9231, Train: 22.11%, Valid: 20.00%, Test: 21.46%, Best Valid: 40.00%, Best Test: 20.69%
Epoch: 1400, Loss: 0.0000, Train: 23.84%, Valid: 16.00%, Test: 23.47%, Best Valid: 40.00%, Best Test: 20.69%
Epoch: 1500, Loss: 0.0001, Train: 25.64%, Valid: 16.00%, Test: 26.08%, Best Valid: 40.00%, Best Test: 20.69%
Epoch: 1600, Loss: 0.0000, Train: 22.83%, Valid: 16.00%, Test: 22.46%, Best Valid: 40.00%, Best Test: 20.69%
Epoch: 1700, Loss: 0.0000, Train: 22.84%, Valid: 16.00%, Test: 22.42%, Best Valid: 40.00%, Best Test: 20.69%
Epoch: 1800, Loss: 0.0000, Train: 22.82%, Valid: 16.00%, Test: 22.42%, Best Valid: 40.00%, Best Test: 20.69%
Epoch: 1900, Loss: 0.0000, Train: 22.88%, Valid: 16.00%, Test: 22.44%, Best Valid: 40.00%, Best Test: 20.69%
Epoch: 2000, Loss: 0.0000, Train: 22.90%, Valid: 16.00%, Test: 22.42%, Best Valid: 40.00%, Best Test: 20.69%
Epoch: 2100, Loss: 0.0000, Train: 22.93%, Valid: 16.00%, Test: 22.39%, Best Valid: 40.00%, Best Test: 20.69%
Epoch: 2200, Loss: 0.0000, Train: 22.95%, Valid: 16.00%, Test: 22.49%, Best Valid: 40.00%, Best Test: 20.69%
Epoch: 2300, Loss: 0.0000, Train: 24.25%, Valid: 16.00%, Test: 24.58%, Best Valid: 40.00%, Best Test: 20.69%
Epoch: 2400, Loss: 0.0000, Train: 23.36%, Valid: 24.00%, Test: 23.00%, Best Valid: 40.00%, Best Test: 20.69%
Epoch: 2500, Loss: 0.0003, Train: 21.35%, Valid: 16.00%, Test: 20.90%, Best Valid: 40.00%, Best Test: 20.69%
Epoch: 2600, Loss: 0.0000, Train: 24.97%, Valid: 12.00%, Test: 24.47%, Best Valid: 40.00%, Best Test: 20.69%
Run 09:
Highest Train: 36.79
Highest Valid: 40.00
Highest Test: 36.80
Chosen epoch: 1193
Final Train: 20.77
Final Test: 20.69
Label budget: 5/class -> 25 train nodes
Matched-budget validation: 25 valid nodes
Pre-training MLP for 500 epochs to generate co-occurrence matrix...
MLP pre-training complete. Penalty matrix frozen.
Epoch: 00, Loss: 2.4455, Train: 22.36%, Valid: 20.00%, Test: 21.67%, Best Valid: 20.00%, Best Test: 21.67%
Epoch: 100, Loss: 0.0005, Train: 20.77%, Valid: 24.00%, Test: 20.94%, Best Valid: 32.00%, Best Test: 23.45%
Switching Polynormer to global attention phase.
Epoch: 200, Loss: 1.7300, Train: 21.91%, Valid: 28.00%, Test: 22.03%, Best Valid: 36.00%, Best Test: 23.26%
Epoch: 300, Loss: 0.0001, Train: 18.77%, Valid: 28.00%, Test: 18.59%, Best Valid: 44.00%, Best Test: 25.92%
Epoch: 400, Loss: 0.0000, Train: 20.78%, Valid: 16.00%, Test: 21.43%, Best Valid: 44.00%, Best Test: 25.92%
Epoch: 500, Loss: 0.0000, Train: 24.33%, Valid: 24.00%, Test: 24.64%, Best Valid: 44.00%, Best Test: 25.92%
Epoch: 600, Loss: 0.0000, Train: 24.21%, Valid: 24.00%, Test: 24.50%, Best Valid: 44.00%, Best Test: 25.92%
Epoch: 700, Loss: 0.0000, Train: 23.25%, Valid: 28.00%, Test: 23.34%, Best Valid: 44.00%, Best Test: 25.92%
Epoch: 800, Loss: 0.0000, Train: 23.25%, Valid: 28.00%, Test: 23.31%, Best Valid: 44.00%, Best Test: 25.92%
Epoch: 900, Loss: 0.0000, Train: 17.91%, Valid: 28.00%, Test: 17.13%, Best Valid: 44.00%, Best Test: 25.92%
Epoch: 1000, Loss: 0.0053, Train: 18.32%, Valid: 28.00%, Test: 17.54%, Best Valid: 44.00%, Best Test: 25.92%
Epoch: 1100, Loss: 0.0000, Train: 21.01%, Valid: 28.00%, Test: 20.84%, Best Valid: 44.00%, Best Test: 25.92%
Epoch: 1200, Loss: 0.0000, Train: 20.59%, Valid: 28.00%, Test: 20.43%, Best Valid: 44.00%, Best Test: 25.92%
Epoch: 1300, Loss: 0.4440, Train: 24.80%, Valid: 12.00%, Test: 25.02%, Best Valid: 44.00%, Best Test: 25.92%
Epoch: 1400, Loss: 0.0000, Train: 26.10%, Valid: 12.00%, Test: 26.26%, Best Valid: 44.00%, Best Test: 25.92%
Epoch: 1500, Loss: 0.0000, Train: 23.30%, Valid: 24.00%, Test: 23.71%, Best Valid: 44.00%, Best Test: 25.92%
Epoch: 1600, Loss: 0.0000, Train: 22.36%, Valid: 28.00%, Test: 22.15%, Best Valid: 44.00%, Best Test: 25.92%
Epoch: 1700, Loss: 0.0000, Train: 24.28%, Valid: 24.00%, Test: 24.43%, Best Valid: 44.00%, Best Test: 25.92%
Epoch: 1800, Loss: 0.0000, Train: 23.19%, Valid: 20.00%, Test: 23.13%, Best Valid: 44.00%, Best Test: 25.92%
Epoch: 1900, Loss: 0.0000, Train: 19.95%, Valid: 28.00%, Test: 21.23%, Best Valid: 44.00%, Best Test: 25.92%
Epoch: 2000, Loss: 0.0000, Train: 22.13%, Valid: 24.00%, Test: 23.09%, Best Valid: 44.00%, Best Test: 25.92%
Epoch: 2100, Loss: 0.0000, Train: 22.14%, Valid: 24.00%, Test: 23.03%, Best Valid: 44.00%, Best Test: 25.92%
Epoch: 2200, Loss: 0.0000, Train: 22.12%, Valid: 24.00%, Test: 23.03%, Best Valid: 44.00%, Best Test: 25.92%
Epoch: 2300, Loss: 0.0000, Train: 21.66%, Valid: 24.00%, Test: 22.49%, Best Valid: 44.00%, Best Test: 25.92%
Epoch: 2400, Loss: 0.0000, Train: 21.67%, Valid: 24.00%, Test: 22.47%, Best Valid: 44.00%, Best Test: 25.92%
Epoch: 2500, Loss: 0.0000, Train: 21.56%, Valid: 20.00%, Test: 22.16%, Best Valid: 44.00%, Best Test: 25.92%
Epoch: 2600, Loss: 0.0000, Train: 21.56%, Valid: 20.00%, Test: 22.16%, Best Valid: 44.00%, Best Test: 25.92%
Run 10:
Highest Train: 36.79
Highest Valid: 44.00
Highest Test: 36.94
Chosen epoch: 214
Final Train: 25.79
Final Test: 25.92
All runs:
Highest Train: 36.49 ± 0.87
Highest Test: 36.50 ± 0.81
Highest Valid: 39.20 ± 4.92
  Final Train: 21.69 ± 3.78
   Final Test: 21.71 ± 3.71
Saving results to ../results/lowlabel_mv/amazon-ratings/polynormer.csv
--- mlp_reg | lambda=0.2 ---
Namespace(aggregate='add', alpha=0.5, attention='gcn', beta=-1.0, bn=False, budget_tag='5', count_reg=False, count_smoothing=1.0, cpu=False, data_dir='../data/', dataset='amazon-ratings', device=0, dim_inner=256, display_step=100, dropout=0.3, epochs=500, global_dropout=None, global_epochs=2500, global_layers=1, gnn='gcn', graph_weight=0.8, hidden_channels=256, hops=10, in_dropout=0.2, jk=False, label_num_per_class=20, lambda_val=0.2, layers=1, ln=False, local_epochs=200, local_gnn_type='GCN', local_layers=10, lr=0.001, metric='acc', mlp_epochs=500, mlp_reg=True, model='polynormer', model_dir='models/lowlabel_mv_1178247_55', n_heads=2, num_centroids=4096, num_heads=2, oracle_reg=False, paired_seeds=True, pe_types='RWSE', penalty_transform='none', pre_linear=False, pre_ln=False, rand_split=False, rand_split_class=False, reg_start_epoch=10, reg_update_freq=5, res=False, resample_split_per_run=False, result_dir='../results/lowlabel_mv', runs=10, save_model=True, save_result=False, seed=42, test_num=1000, tr_dropout=None, tr_layers=1, tr_weight_decay=None, train_per_class=5, train_prop=0.5, use_act=False, use_bn=False, use_graph=False, use_reg=True, use_residual=False, use_weight=False, valid_num=500, valid_per_class=5, valid_prop=0.25, weight_decay=0.0)
amazon-ratings
dataset amazon-ratings | num nodes 24492 | num edge 93050 | num node feats 300 | num classes 5
MODEL: Polynormer(
  (h_lins): ModuleList(
    (0): Linear(in_features=512, out_features=512, bias=True)
    (1): Linear(in_features=512, out_features=512, bias=True)
    (2): Linear(in_features=512, out_features=512, bias=True)
    (3): Linear(in_features=512, out_features=512, bias=True)
    (4): Linear(in_features=512, out_features=512, bias=True)
    (5): Linear(in_features=512, out_features=512, bias=True)
    (6): Linear(in_features=512, out_features=512, bias=True)
    (7): Linear(in_features=512, out_features=512, bias=True)
    (8): Linear(in_features=512, out_features=512, bias=True)
    (9): Linear(in_features=512, out_features=512, bias=True)
  )
  (local_convs): ModuleList(
    (0): GATConv(512, 256, heads=2)
    (1): GATConv(512, 256, heads=2)
    (2): GATConv(512, 256, heads=2)
    (3): GATConv(512, 256, heads=2)
    (4): GATConv(512, 256, heads=2)
    (5): GATConv(512, 256, heads=2)
    (6): GATConv(512, 256, heads=2)
    (7): GATConv(512, 256, heads=2)
    (8): GATConv(512, 256, heads=2)
    (9): GATConv(512, 256, heads=2)
  )
  (lins): ModuleList(
    (0): Linear(in_features=512, out_features=512, bias=True)
    (1): Linear(in_features=512, out_features=512, bias=True)
    (2): Linear(in_features=512, out_features=512, bias=True)
    (3): Linear(in_features=512, out_features=512, bias=True)
    (4): Linear(in_features=512, out_features=512, bias=True)
    (5): Linear(in_features=512, out_features=512, bias=True)
    (6): Linear(in_features=512, out_features=512, bias=True)
    (7): Linear(in_features=512, out_features=512, bias=True)
    (8): Linear(in_features=512, out_features=512, bias=True)
    (9): Linear(in_features=512, out_features=512, bias=True)
  )
  (lns): ModuleList(
    (0): LayerNorm((512,), eps=1e-05, elementwise_affine=True)
    (1): LayerNorm((512,), eps=1e-05, elementwise_affine=True)
    (2): LayerNorm((512,), eps=1e-05, elementwise_affine=True)
    (3): LayerNorm((512,), eps=1e-05, elementwise_affine=True)
    (4): LayerNorm((512,), eps=1e-05, elementwise_affine=True)
    (5): LayerNorm((512,), eps=1e-05, elementwise_affine=True)
    (6): LayerNorm((512,), eps=1e-05, elementwise_affine=True)
    (7): LayerNorm((512,), eps=1e-05, elementwise_affine=True)
    (8): LayerNorm((512,), eps=1e-05, elementwise_affine=True)
    (9): LayerNorm((512,), eps=1e-05, elementwise_affine=True)
  )
  (lin_in): Linear(in_features=300, out_features=512, bias=True)
  (ln): LayerNorm((512,), eps=1e-05, elementwise_affine=True)
  (global_attn): GlobalAttn(
    (h_lins): ModuleList(
      (0): Linear(in_features=512, out_features=512, bias=True)
    )
    (k_lins): ModuleList(
      (0): Linear(in_features=512, out_features=512, bias=True)
    )
    (v_lins): ModuleList(
      (0): Linear(in_features=512, out_features=512, bias=True)
    )
    (lns): ModuleList(
      (0): LayerNorm((512,), eps=1e-05, elementwise_affine=True)
    )
    (lin_out): Linear(in_features=512, out_features=512, bias=True)
  )
  (pred_local): Linear(in_features=512, out_features=5, bias=True)
  (pred_global): Linear(in_features=512, out_features=5, bias=True)
)
Label budget: 5/class -> 25 train nodes
Matched-budget validation: 25 valid nodes
Pre-training MLP for 500 epochs to generate co-occurrence matrix...
MLP pre-training complete. Penalty matrix frozen.
Epoch: 00, Loss: 2.7114, Train: 25.47%, Valid: 20.00%, Test: 25.62%, Best Valid: 20.00%, Best Test: 25.62%
Epoch: 100, Loss: 0.0025, Train: 20.27%, Valid: 28.00%, Test: 20.79%, Best Valid: 32.00%, Best Test: 19.60%
Switching Polynormer to global attention phase.
Epoch: 200, Loss: 1.9264, Train: 23.88%, Valid: 36.00%, Test: 25.09%, Best Valid: 36.00%, Best Test: 25.09%
Epoch: 300, Loss: 0.0000, Train: 17.65%, Valid: 28.00%, Test: 17.64%, Best Valid: 40.00%, Best Test: 20.56%
Epoch: 400, Loss: 0.0002, Train: 13.03%, Valid: 20.00%, Test: 13.72%, Best Valid: 40.00%, Best Test: 20.56%
Epoch: 500, Loss: 0.0005, Train: 20.59%, Valid: 24.00%, Test: 20.71%, Best Valid: 40.00%, Best Test: 20.56%
Epoch: 600, Loss: 0.0000, Train: 19.12%, Valid: 24.00%, Test: 19.81%, Best Valid: 40.00%, Best Test: 20.56%
Epoch: 700, Loss: 0.0000, Train: 13.96%, Valid: 24.00%, Test: 14.36%, Best Valid: 40.00%, Best Test: 20.56%
Epoch: 800, Loss: 0.0000, Train: 13.68%, Valid: 24.00%, Test: 14.18%, Best Valid: 40.00%, Best Test: 20.56%
Epoch: 900, Loss: 0.0000, Train: 13.65%, Valid: 24.00%, Test: 14.11%, Best Valid: 40.00%, Best Test: 20.56%
Epoch: 1000, Loss: 0.0000, Train: 13.57%, Valid: 24.00%, Test: 14.01%, Best Valid: 40.00%, Best Test: 20.56%
Epoch: 1100, Loss: 0.0000, Train: 13.56%, Valid: 24.00%, Test: 13.95%, Best Valid: 40.00%, Best Test: 20.56%
Epoch: 1200, Loss: 0.0000, Train: 13.55%, Valid: 24.00%, Test: 13.95%, Best Valid: 40.00%, Best Test: 20.56%
Epoch: 1300, Loss: 0.0000, Train: 15.63%, Valid: 28.00%, Test: 15.99%, Best Valid: 40.00%, Best Test: 20.56%
Epoch: 1400, Loss: 0.0000, Train: 15.11%, Valid: 28.00%, Test: 15.17%, Best Valid: 40.00%, Best Test: 20.56%
Epoch: 1500, Loss: 0.0001, Train: 15.10%, Valid: 28.00%, Test: 15.12%, Best Valid: 40.00%, Best Test: 20.56%
Epoch: 1600, Loss: 0.0000, Train: 15.01%, Valid: 28.00%, Test: 15.09%, Best Valid: 40.00%, Best Test: 20.56%
Epoch: 1700, Loss: 0.0000, Train: 15.00%, Valid: 28.00%, Test: 15.07%, Best Valid: 40.00%, Best Test: 20.56%
Epoch: 1800, Loss: 0.0000, Train: 13.51%, Valid: 24.00%, Test: 13.60%, Best Valid: 40.00%, Best Test: 20.56%
Epoch: 1900, Loss: 0.0000, Train: 13.55%, Valid: 24.00%, Test: 13.65%, Best Valid: 40.00%, Best Test: 20.56%
Epoch: 2000, Loss: 0.0000, Train: 13.53%, Valid: 24.00%, Test: 13.65%, Best Valid: 40.00%, Best Test: 20.56%
Epoch: 2100, Loss: 0.0000, Train: 13.51%, Valid: 24.00%, Test: 13.64%, Best Valid: 40.00%, Best Test: 20.56%
Epoch: 2200, Loss: 0.0000, Train: 13.50%, Valid: 24.00%, Test: 13.64%, Best Valid: 40.00%, Best Test: 20.56%
Epoch: 2300, Loss: 0.0000, Train: 13.33%, Valid: 28.00%, Test: 13.54%, Best Valid: 40.00%, Best Test: 20.56%
Epoch: 2400, Loss: 0.0000, Train: 13.36%, Valid: 28.00%, Test: 13.57%, Best Valid: 40.00%, Best Test: 20.56%
Epoch: 2500, Loss: 0.0000, Train: 13.40%, Valid: 24.00%, Test: 13.59%, Best Valid: 40.00%, Best Test: 20.56%
Epoch: 2600, Loss: 0.0000, Train: 13.39%, Valid: 24.00%, Test: 13.60%, Best Valid: 40.00%, Best Test: 20.56%
Run 01:
Highest Train: 26.79
Highest Valid: 40.00
Highest Test: 26.88
Chosen epoch: 265
Final Train: 20.46
Final Test: 20.56
Label budget: 5/class -> 25 train nodes
Matched-budget validation: 25 valid nodes
Pre-training MLP for 500 epochs to generate co-occurrence matrix...
MLP pre-training complete. Penalty matrix frozen.
Epoch: 00, Loss: 1.9948, Train: 35.56%, Valid: 20.00%, Test: 35.78%, Best Valid: 20.00%, Best Test: 35.78%
Epoch: 100, Loss: 0.0024, Train: 19.61%, Valid: 12.00%, Test: 20.19%, Best Valid: 28.00%, Best Test: 20.17%
Switching Polynormer to global attention phase.
Epoch: 200, Loss: 1.9294, Train: 9.81%, Valid: 20.00%, Test: 10.14%, Best Valid: 28.00%, Best Test: 20.17%
Epoch: 300, Loss: 0.0004, Train: 22.67%, Valid: 28.00%, Test: 22.83%, Best Valid: 36.00%, Best Test: 22.26%
Epoch: 400, Loss: 0.1242, Train: 24.79%, Valid: 12.00%, Test: 25.33%, Best Valid: 36.00%, Best Test: 22.26%
Epoch: 500, Loss: 0.0002, Train: 18.46%, Valid: 16.00%, Test: 19.89%, Best Valid: 36.00%, Best Test: 22.26%
Epoch: 600, Loss: 0.0098, Train: 20.98%, Valid: 24.00%, Test: 21.26%, Best Valid: 36.00%, Best Test: 22.26%
Epoch: 700, Loss: 0.0001, Train: 22.49%, Valid: 20.00%, Test: 22.85%, Best Valid: 36.00%, Best Test: 22.26%
Epoch: 800, Loss: 0.0000, Train: 22.42%, Valid: 20.00%, Test: 22.88%, Best Valid: 36.00%, Best Test: 22.26%
Epoch: 900, Loss: 0.0010, Train: 22.37%, Valid: 20.00%, Test: 22.73%, Best Valid: 36.00%, Best Test: 22.26%
Epoch: 1000, Loss: 0.0000, Train: 22.42%, Valid: 20.00%, Test: 22.75%, Best Valid: 36.00%, Best Test: 22.26%
Epoch: 1100, Loss: 0.0003, Train: 22.78%, Valid: 20.00%, Test: 23.37%, Best Valid: 36.00%, Best Test: 22.26%
Epoch: 1200, Loss: 0.0000, Train: 22.70%, Valid: 20.00%, Test: 23.22%, Best Valid: 36.00%, Best Test: 22.26%
Epoch: 1300, Loss: 0.0000, Train: 22.43%, Valid: 20.00%, Test: 23.08%, Best Valid: 36.00%, Best Test: 22.26%
Epoch: 1400, Loss: 0.0000, Train: 22.47%, Valid: 20.00%, Test: 23.11%, Best Valid: 36.00%, Best Test: 22.26%
Epoch: 1500, Loss: 0.0000, Train: 22.44%, Valid: 20.00%, Test: 23.06%, Best Valid: 36.00%, Best Test: 22.26%
Epoch: 1600, Loss: 0.0000, Train: 23.79%, Valid: 16.00%, Test: 24.40%, Best Valid: 36.00%, Best Test: 22.26%
Epoch: 1700, Loss: 0.0000, Train: 23.69%, Valid: 16.00%, Test: 24.30%, Best Valid: 36.00%, Best Test: 22.26%
Epoch: 1800, Loss: 0.0000, Train: 23.62%, Valid: 16.00%, Test: 24.27%, Best Valid: 36.00%, Best Test: 22.26%
Epoch: 1900, Loss: 0.0000, Train: 23.04%, Valid: 16.00%, Test: 23.80%, Best Valid: 36.00%, Best Test: 22.26%
Epoch: 2000, Loss: 0.0000, Train: 23.05%, Valid: 16.00%, Test: 23.84%, Best Valid: 36.00%, Best Test: 22.26%
Epoch: 2100, Loss: 0.0000, Train: 23.09%, Valid: 16.00%, Test: 23.80%, Best Valid: 36.00%, Best Test: 22.26%
Epoch: 2200, Loss: 0.0000, Train: 23.08%, Valid: 16.00%, Test: 23.80%, Best Valid: 36.00%, Best Test: 22.26%
Epoch: 2300, Loss: 0.0000, Train: 23.07%, Valid: 16.00%, Test: 23.76%, Best Valid: 36.00%, Best Test: 22.26%
Epoch: 2400, Loss: 0.0000, Train: 23.07%, Valid: 16.00%, Test: 23.78%, Best Valid: 36.00%, Best Test: 22.26%
Epoch: 2500, Loss: 0.0000, Train: 23.05%, Valid: 16.00%, Test: 23.78%, Best Valid: 36.00%, Best Test: 22.26%
Epoch: 2600, Loss: 0.0000, Train: 23.03%, Valid: 16.00%, Test: 23.76%, Best Valid: 36.00%, Best Test: 22.26%
Run 02:
Highest Train: 36.79
Highest Valid: 36.00
Highest Test: 36.80
Chosen epoch: 277
Final Train: 22.26
Final Test: 22.26
Label budget: 5/class -> 25 train nodes
Matched-budget validation: 25 valid nodes
Pre-training MLP for 500 epochs to generate co-occurrence matrix...
MLP pre-training complete. Penalty matrix frozen.
Epoch: 00, Loss: 2.8224, Train: 15.40%, Valid: 16.00%, Test: 15.71%, Best Valid: 16.00%, Best Test: 15.71%
Epoch: 100, Loss: 0.0042, Train: 26.47%, Valid: 16.00%, Test: 26.57%, Best Valid: 40.00%, Best Test: 23.58%
Switching Polynormer to global attention phase.
Epoch: 200, Loss: 1.9477, Train: 26.97%, Valid: 24.00%, Test: 25.85%, Best Valid: 40.00%, Best Test: 23.58%
Epoch: 300, Loss: 1.6681, Train: 24.23%, Valid: 24.00%, Test: 23.16%, Best Valid: 40.00%, Best Test: 23.58%
Epoch: 400, Loss: 0.0000, Train: 24.39%, Valid: 24.00%, Test: 24.15%, Best Valid: 40.00%, Best Test: 23.58%
Epoch: 500, Loss: 0.0000, Train: 20.51%, Valid: 20.00%, Test: 20.56%, Best Valid: 40.00%, Best Test: 23.58%
Epoch: 600, Loss: 0.0000, Train: 20.92%, Valid: 20.00%, Test: 20.55%, Best Valid: 40.00%, Best Test: 23.58%
Epoch: 700, Loss: 0.0000, Train: 20.91%, Valid: 20.00%, Test: 20.56%, Best Valid: 40.00%, Best Test: 23.58%
Epoch: 800, Loss: 0.0000, Train: 20.91%, Valid: 20.00%, Test: 20.55%, Best Valid: 40.00%, Best Test: 23.58%
Epoch: 900, Loss: 0.0000, Train: 20.11%, Valid: 24.00%, Test: 19.79%, Best Valid: 40.00%, Best Test: 23.58%
Epoch: 1000, Loss: 0.0000, Train: 26.87%, Valid: 16.00%, Test: 26.96%, Best Valid: 40.00%, Best Test: 23.58%
Epoch: 1100, Loss: 0.0002, Train: 26.34%, Valid: 24.00%, Test: 26.16%, Best Valid: 40.00%, Best Test: 23.58%
Epoch: 1200, Loss: 0.0000, Train: 17.71%, Valid: 24.00%, Test: 17.28%, Best Valid: 40.00%, Best Test: 23.58%
Epoch: 1300, Loss: 0.0000, Train: 26.47%, Valid: 24.00%, Test: 25.85%, Best Valid: 40.00%, Best Test: 23.58%
Epoch: 1400, Loss: 0.0000, Train: 19.84%, Valid: 16.00%, Test: 19.12%, Best Valid: 40.00%, Best Test: 23.58%
Epoch: 1500, Loss: 0.0000, Train: 19.30%, Valid: 16.00%, Test: 18.52%, Best Valid: 40.00%, Best Test: 23.58%
Epoch: 1600, Loss: 0.0000, Train: 19.32%, Valid: 16.00%, Test: 18.52%, Best Valid: 40.00%, Best Test: 23.58%
Epoch: 1700, Loss: 0.0000, Train: 19.32%, Valid: 16.00%, Test: 18.54%, Best Valid: 40.00%, Best Test: 23.58%
Epoch: 1800, Loss: 0.0000, Train: 19.32%, Valid: 16.00%, Test: 18.54%, Best Valid: 40.00%, Best Test: 23.58%
Epoch: 1900, Loss: 0.0000, Train: 19.32%, Valid: 16.00%, Test: 18.54%, Best Valid: 40.00%, Best Test: 23.58%
Epoch: 2000, Loss: 0.0000, Train: 19.32%, Valid: 16.00%, Test: 18.54%, Best Valid: 40.00%, Best Test: 23.58%
Epoch: 2100, Loss: 0.0000, Train: 19.32%, Valid: 16.00%, Test: 18.54%, Best Valid: 40.00%, Best Test: 23.58%
Epoch: 2200, Loss: 0.0000, Train: 20.85%, Valid: 16.00%, Test: 20.15%, Best Valid: 40.00%, Best Test: 23.58%
Epoch: 2300, Loss: 0.0000, Train: 20.52%, Valid: 24.00%, Test: 20.14%, Best Valid: 40.00%, Best Test: 23.58%
Epoch: 2400, Loss: 0.0000, Train: 20.52%, Valid: 24.00%, Test: 20.14%, Best Valid: 40.00%, Best Test: 23.58%
Epoch: 2500, Loss: 0.0000, Train: 20.52%, Valid: 24.00%, Test: 20.14%, Best Valid: 40.00%, Best Test: 23.58%
Epoch: 2600, Loss: 0.0000, Train: 20.52%, Valid: 24.00%, Test: 20.14%, Best Valid: 40.00%, Best Test: 23.58%
Run 03:
Highest Train: 36.79
Highest Valid: 40.00
Highest Test: 36.78
Chosen epoch: 64
Final Train: 24.47
Final Test: 23.58
Label budget: 5/class -> 25 train nodes
Matched-budget validation: 25 valid nodes
Pre-training MLP for 500 epochs to generate co-occurrence matrix...
MLP pre-training complete. Penalty matrix frozen.
Epoch: 00, Loss: 2.2138, Train: 26.20%, Valid: 28.00%, Test: 26.77%, Best Valid: 28.00%, Best Test: 26.77%
Epoch: 100, Loss: 0.0005, Train: 23.38%, Valid: 28.00%, Test: 21.30%, Best Valid: 40.00%, Best Test: 23.62%
Switching Polynormer to global attention phase.
Epoch: 200, Loss: 1.9298, Train: 23.67%, Valid: 28.00%, Test: 22.90%, Best Valid: 40.00%, Best Test: 23.62%
Epoch: 300, Loss: 0.0003, Train: 19.50%, Valid: 24.00%, Test: 17.93%, Best Valid: 40.00%, Best Test: 23.62%
Epoch: 400, Loss: 0.0048, Train: 20.83%, Valid: 28.00%, Test: 19.45%, Best Valid: 40.00%, Best Test: 23.62%
Epoch: 500, Loss: 0.0000, Train: 20.19%, Valid: 24.00%, Test: 18.99%, Best Valid: 40.00%, Best Test: 23.62%
Epoch: 600, Loss: 0.0000, Train: 20.89%, Valid: 20.00%, Test: 19.83%, Best Valid: 40.00%, Best Test: 23.62%
Epoch: 700, Loss: 0.0000, Train: 20.57%, Valid: 24.00%, Test: 19.27%, Best Valid: 40.00%, Best Test: 23.62%
Epoch: 800, Loss: 0.0000, Train: 20.84%, Valid: 20.00%, Test: 19.71%, Best Valid: 40.00%, Best Test: 23.62%
Epoch: 900, Loss: 0.0000, Train: 20.73%, Valid: 20.00%, Test: 19.60%, Best Valid: 40.00%, Best Test: 23.62%
Epoch: 1000, Loss: 0.0000, Train: 20.72%, Valid: 20.00%, Test: 19.57%, Best Valid: 40.00%, Best Test: 23.62%
Epoch: 1100, Loss: 0.0000, Train: 21.75%, Valid: 16.00%, Test: 20.55%, Best Valid: 40.00%, Best Test: 23.62%
Epoch: 1200, Loss: 0.0000, Train: 19.83%, Valid: 32.00%, Test: 18.19%, Best Valid: 40.00%, Best Test: 23.62%
Epoch: 1300, Loss: 0.0000, Train: 19.71%, Valid: 32.00%, Test: 18.16%, Best Valid: 40.00%, Best Test: 23.62%
Epoch: 1400, Loss: 0.0000, Train: 19.71%, Valid: 32.00%, Test: 18.18%, Best Valid: 40.00%, Best Test: 23.62%
Epoch: 1500, Loss: 0.0000, Train: 19.72%, Valid: 32.00%, Test: 18.18%, Best Valid: 40.00%, Best Test: 23.62%
Epoch: 1600, Loss: 0.0000, Train: 19.69%, Valid: 32.00%, Test: 18.19%, Best Valid: 40.00%, Best Test: 23.62%
Epoch: 1700, Loss: 0.0000, Train: 19.79%, Valid: 32.00%, Test: 18.23%, Best Valid: 40.00%, Best Test: 23.62%
Epoch: 1800, Loss: 0.0000, Train: 19.79%, Valid: 32.00%, Test: 18.28%, Best Valid: 40.00%, Best Test: 23.62%
Epoch: 1900, Loss: 0.0000, Train: 19.07%, Valid: 28.00%, Test: 17.93%, Best Valid: 40.00%, Best Test: 23.62%
Epoch: 2000, Loss: 0.0000, Train: 19.08%, Valid: 28.00%, Test: 18.00%, Best Valid: 40.00%, Best Test: 23.62%
Epoch: 2100, Loss: 0.0000, Train: 19.07%, Valid: 32.00%, Test: 17.97%, Best Valid: 40.00%, Best Test: 23.62%
Epoch: 2200, Loss: 0.0000, Train: 19.09%, Valid: 32.00%, Test: 17.97%, Best Valid: 40.00%, Best Test: 23.62%
Epoch: 2300, Loss: 0.0000, Train: 19.22%, Valid: 32.00%, Test: 18.06%, Best Valid: 40.00%, Best Test: 23.62%
Epoch: 2400, Loss: 0.0000, Train: 19.21%, Valid: 32.00%, Test: 18.10%, Best Valid: 40.00%, Best Test: 23.62%
Epoch: 2500, Loss: 0.0000, Train: 19.39%, Valid: 28.00%, Test: 18.18%, Best Valid: 40.00%, Best Test: 23.62%
Epoch: 2600, Loss: 0.0000, Train: 19.42%, Valid: 28.00%, Test: 18.19%, Best Valid: 40.00%, Best Test: 23.62%
Run 04:
Highest Train: 36.80
Highest Valid: 40.00
Highest Test: 36.83
Chosen epoch: 75
Final Train: 24.93
Final Test: 23.62
Label budget: 5/class -> 25 train nodes
Matched-budget validation: 25 valid nodes
Pre-training MLP for 500 epochs to generate co-occurrence matrix...
MLP pre-training complete. Penalty matrix frozen.
Epoch: 00, Loss: 2.3339, Train: 17.31%, Valid: 28.00%, Test: 17.07%, Best Valid: 28.00%, Best Test: 17.07%
Epoch: 100, Loss: 0.0024, Train: 23.31%, Valid: 20.00%, Test: 23.17%, Best Valid: 28.00%, Best Test: 17.07%
Switching Polynormer to global attention phase.
Epoch: 200, Loss: 1.9878, Train: 23.20%, Valid: 20.00%, Test: 23.16%, Best Valid: 28.00%, Best Test: 17.07%
Epoch: 300, Loss: 0.0004, Train: 26.01%, Valid: 24.00%, Test: 25.72%, Best Valid: 28.00%, Best Test: 17.07%
Epoch: 400, Loss: 0.0178, Train: 22.02%, Valid: 16.00%, Test: 21.95%, Best Valid: 28.00%, Best Test: 17.07%
Epoch: 500, Loss: 0.0000, Train: 21.91%, Valid: 16.00%, Test: 22.03%, Best Valid: 28.00%, Best Test: 17.07%
Epoch: 600, Loss: 0.0000, Train: 21.87%, Valid: 16.00%, Test: 22.15%, Best Valid: 28.00%, Best Test: 17.07%
Epoch: 700, Loss: 0.0000, Train: 21.88%, Valid: 16.00%, Test: 22.18%, Best Valid: 28.00%, Best Test: 17.07%
Epoch: 800, Loss: 0.0000, Train: 21.91%, Valid: 16.00%, Test: 22.13%, Best Valid: 28.00%, Best Test: 17.07%
Epoch: 900, Loss: 0.0000, Train: 21.89%, Valid: 16.00%, Test: 22.13%, Best Valid: 28.00%, Best Test: 17.07%
Epoch: 1000, Loss: 0.0000, Train: 21.89%, Valid: 16.00%, Test: 22.15%, Best Valid: 28.00%, Best Test: 17.07%
Epoch: 1100, Loss: 0.0900, Train: 24.82%, Valid: 20.00%, Test: 24.97%, Best Valid: 28.00%, Best Test: 17.07%
Epoch: 1200, Loss: 0.0002, Train: 22.11%, Valid: 8.00%, Test: 22.80%, Best Valid: 28.00%, Best Test: 17.07%
Epoch: 1300, Loss: 0.0000, Train: 19.06%, Valid: 12.00%, Test: 19.63%, Best Valid: 28.00%, Best Test: 17.07%
Epoch: 1400, Loss: 0.0000, Train: 21.31%, Valid: 12.00%, Test: 21.79%, Best Valid: 28.00%, Best Test: 17.07%
Epoch: 1500, Loss: 0.0000, Train: 21.34%, Valid: 12.00%, Test: 21.82%, Best Valid: 28.00%, Best Test: 17.07%
Epoch: 1600, Loss: 0.0000, Train: 21.47%, Valid: 12.00%, Test: 21.95%, Best Valid: 28.00%, Best Test: 17.07%
Epoch: 1700, Loss: 0.0000, Train: 21.53%, Valid: 12.00%, Test: 22.02%, Best Valid: 28.00%, Best Test: 17.07%
Epoch: 1800, Loss: 0.0000, Train: 21.52%, Valid: 12.00%, Test: 22.05%, Best Valid: 28.00%, Best Test: 17.07%
Epoch: 1900, Loss: 0.0000, Train: 21.55%, Valid: 12.00%, Test: 22.05%, Best Valid: 28.00%, Best Test: 17.07%
Epoch: 2000, Loss: 0.0000, Train: 21.55%, Valid: 12.00%, Test: 22.06%, Best Valid: 28.00%, Best Test: 17.07%
Epoch: 2100, Loss: 0.0000, Train: 22.86%, Valid: 12.00%, Test: 23.57%, Best Valid: 28.00%, Best Test: 17.07%
Epoch: 2200, Loss: 0.0000, Train: 18.32%, Valid: 8.00%, Test: 18.01%, Best Valid: 28.00%, Best Test: 17.07%
Epoch: 2300, Loss: 0.0000, Train: 22.09%, Valid: 12.00%, Test: 22.55%, Best Valid: 28.00%, Best Test: 17.07%
Epoch: 2400, Loss: 0.0000, Train: 19.46%, Valid: 8.00%, Test: 19.97%, Best Valid: 28.00%, Best Test: 17.07%
Epoch: 2500, Loss: 0.0000, Train: 21.88%, Valid: 12.00%, Test: 22.11%, Best Valid: 28.00%, Best Test: 17.07%
Epoch: 2600, Loss: 0.0000, Train: 22.06%, Valid: 12.00%, Test: 22.31%, Best Valid: 28.00%, Best Test: 17.07%
Run 05:
Highest Train: 33.40
Highest Valid: 28.00
Highest Test: 32.99
Chosen epoch: 0
Final Train: 17.31
Final Test: 17.07
Label budget: 5/class -> 25 train nodes
Matched-budget validation: 25 valid nodes
Pre-training MLP for 500 epochs to generate co-occurrence matrix...
MLP pre-training complete. Penalty matrix frozen.
Epoch: 00, Loss: 2.4870, Train: 28.40%, Valid: 28.00%, Test: 28.97%, Best Valid: 28.00%, Best Test: 28.97%
Epoch: 100, Loss: 0.0063, Train: 20.64%, Valid: 28.00%, Test: 20.79%, Best Valid: 28.00%, Best Test: 28.97%
Switching Polynormer to global attention phase.
Epoch: 200, Loss: 2.0275, Train: 5.43%, Valid: 16.00%, Test: 5.70%, Best Valid: 28.00%, Best Test: 28.97%
Epoch: 300, Loss: 0.0158, Train: 18.46%, Valid: 20.00%, Test: 18.73%, Best Valid: 36.00%, Best Test: 26.23%
Epoch: 400, Loss: 0.0002, Train: 20.51%, Valid: 20.00%, Test: 20.94%, Best Valid: 36.00%, Best Test: 26.23%
Epoch: 500, Loss: 0.0004, Train: 23.63%, Valid: 20.00%, Test: 23.47%, Best Valid: 36.00%, Best Test: 26.23%
Epoch: 600, Loss: 0.0000, Train: 24.30%, Valid: 20.00%, Test: 24.86%, Best Valid: 36.00%, Best Test: 26.23%
Epoch: 700, Loss: 0.0000, Train: 22.84%, Valid: 16.00%, Test: 23.42%, Best Valid: 36.00%, Best Test: 26.23%
Epoch: 800, Loss: 0.0000, Train: 22.68%, Valid: 16.00%, Test: 23.09%, Best Valid: 36.00%, Best Test: 26.23%
Epoch: 900, Loss: 0.0000, Train: 22.54%, Valid: 16.00%, Test: 22.82%, Best Valid: 36.00%, Best Test: 26.23%
Epoch: 1000, Loss: 0.0000, Train: 22.48%, Valid: 16.00%, Test: 22.73%, Best Valid: 36.00%, Best Test: 26.23%
Epoch: 1100, Loss: 0.0000, Train: 22.16%, Valid: 20.00%, Test: 22.18%, Best Valid: 36.00%, Best Test: 26.23%
Epoch: 1200, Loss: 0.0002, Train: 16.98%, Valid: 16.00%, Test: 17.85%, Best Valid: 36.00%, Best Test: 26.23%
Epoch: 1300, Loss: 0.1073, Train: 22.04%, Valid: 28.00%, Test: 22.96%, Best Valid: 36.00%, Best Test: 26.23%
Epoch: 1400, Loss: 0.0000, Train: 23.44%, Valid: 20.00%, Test: 23.78%, Best Valid: 36.00%, Best Test: 26.23%
Epoch: 1500, Loss: 0.0000, Train: 23.20%, Valid: 24.00%, Test: 23.83%, Best Valid: 36.00%, Best Test: 26.23%
Epoch: 1600, Loss: 0.0000, Train: 23.13%, Valid: 24.00%, Test: 23.83%, Best Valid: 36.00%, Best Test: 26.23%
Epoch: 1700, Loss: 0.0000, Train: 23.96%, Valid: 28.00%, Test: 24.76%, Best Valid: 36.00%, Best Test: 26.23%
Epoch: 1800, Loss: 0.0000, Train: 22.37%, Valid: 20.00%, Test: 23.22%, Best Valid: 36.00%, Best Test: 26.23%
Epoch: 1900, Loss: 0.0000, Train: 22.25%, Valid: 24.00%, Test: 23.01%, Best Valid: 36.00%, Best Test: 26.23%
Epoch: 2000, Loss: 0.0000, Train: 22.24%, Valid: 24.00%, Test: 22.98%, Best Valid: 36.00%, Best Test: 26.23%
Epoch: 2100, Loss: 0.0000, Train: 22.22%, Valid: 24.00%, Test: 22.95%, Best Valid: 36.00%, Best Test: 26.23%
Epoch: 2200, Loss: 0.0000, Train: 22.22%, Valid: 24.00%, Test: 22.95%, Best Valid: 36.00%, Best Test: 26.23%
Epoch: 2300, Loss: 0.0000, Train: 22.71%, Valid: 24.00%, Test: 23.52%, Best Valid: 36.00%, Best Test: 26.23%
Epoch: 2400, Loss: 0.0000, Train: 22.71%, Valid: 24.00%, Test: 23.52%, Best Valid: 36.00%, Best Test: 26.23%
Epoch: 2500, Loss: 0.0000, Train: 22.71%, Valid: 24.00%, Test: 23.52%, Best Valid: 36.00%, Best Test: 26.23%
Epoch: 2600, Loss: 0.0000, Train: 22.68%, Valid: 24.00%, Test: 23.52%, Best Valid: 36.00%, Best Test: 26.23%
Run 06:
Highest Train: 36.63
Highest Valid: 36.00
Highest Test: 36.70
Chosen epoch: 240
Final Train: 25.82
Final Test: 26.23
Label budget: 5/class -> 25 train nodes
Matched-budget validation: 25 valid nodes
Pre-training MLP for 500 epochs to generate co-occurrence matrix...
MLP pre-training complete. Penalty matrix frozen.
Epoch: 00, Loss: 2.1929, Train: 22.48%, Valid: 24.00%, Test: 21.71%, Best Valid: 24.00%, Best Test: 21.71%
Epoch: 100, Loss: 0.0024, Train: 23.48%, Valid: 20.00%, Test: 21.93%, Best Valid: 36.00%, Best Test: 25.72%
Switching Polynormer to global attention phase.
Epoch: 200, Loss: 1.9542, Train: 36.79%, Valid: 20.00%, Test: 36.80%, Best Valid: 36.00%, Best Test: 25.72%
Epoch: 300, Loss: 0.0003, Train: 19.10%, Valid: 24.00%, Test: 17.98%, Best Valid: 36.00%, Best Test: 25.72%
Epoch: 400, Loss: 0.0001, Train: 24.07%, Valid: 16.00%, Test: 21.84%, Best Valid: 36.00%, Best Test: 25.72%
Epoch: 500, Loss: 0.0017, Train: 23.10%, Valid: 16.00%, Test: 22.34%, Best Valid: 36.00%, Best Test: 25.72%
Epoch: 600, Loss: 0.0000, Train: 21.13%, Valid: 16.00%, Test: 20.22%, Best Valid: 36.00%, Best Test: 25.72%
Epoch: 700, Loss: 0.0000, Train: 20.95%, Valid: 16.00%, Test: 19.96%, Best Valid: 36.00%, Best Test: 25.72%
Epoch: 800, Loss: 0.0001, Train: 20.90%, Valid: 16.00%, Test: 19.99%, Best Valid: 36.00%, Best Test: 25.72%
Epoch: 900, Loss: 0.0000, Train: 20.91%, Valid: 16.00%, Test: 20.12%, Best Valid: 36.00%, Best Test: 25.72%
Epoch: 1000, Loss: 0.0000, Train: 20.90%, Valid: 16.00%, Test: 20.07%, Best Valid: 36.00%, Best Test: 25.72%
Epoch: 1100, Loss: 0.0000, Train: 20.90%, Valid: 16.00%, Test: 20.10%, Best Valid: 36.00%, Best Test: 25.72%
Epoch: 1200, Loss: 0.0000, Train: 20.87%, Valid: 16.00%, Test: 20.14%, Best Valid: 36.00%, Best Test: 25.72%
Epoch: 1300, Loss: 0.0000, Train: 20.88%, Valid: 16.00%, Test: 20.14%, Best Valid: 36.00%, Best Test: 25.72%
Epoch: 1400, Loss: 0.0000, Train: 20.87%, Valid: 16.00%, Test: 20.12%, Best Valid: 36.00%, Best Test: 25.72%
Epoch: 1500, Loss: 0.0000, Train: 20.87%, Valid: 16.00%, Test: 20.07%, Best Valid: 36.00%, Best Test: 25.72%
Epoch: 1600, Loss: 0.0000, Train: 20.85%, Valid: 16.00%, Test: 20.09%, Best Valid: 36.00%, Best Test: 25.72%
Epoch: 1700, Loss: 0.0000, Train: 20.85%, Valid: 16.00%, Test: 20.10%, Best Valid: 36.00%, Best Test: 25.72%
Epoch: 1800, Loss: 0.0000, Train: 20.81%, Valid: 16.00%, Test: 20.09%, Best Valid: 36.00%, Best Test: 25.72%
Epoch: 1900, Loss: 0.0000, Train: 20.83%, Valid: 16.00%, Test: 20.10%, Best Valid: 36.00%, Best Test: 25.72%
Epoch: 2000, Loss: 0.0000, Train: 20.81%, Valid: 16.00%, Test: 20.06%, Best Valid: 36.00%, Best Test: 25.72%
Epoch: 2100, Loss: 0.0000, Train: 20.77%, Valid: 16.00%, Test: 19.99%, Best Valid: 36.00%, Best Test: 25.72%
Epoch: 2200, Loss: 0.0000, Train: 20.73%, Valid: 16.00%, Test: 19.99%, Best Valid: 36.00%, Best Test: 25.72%
Epoch: 2300, Loss: 0.0000, Train: 20.35%, Valid: 16.00%, Test: 19.50%, Best Valid: 36.00%, Best Test: 25.72%
Epoch: 2400, Loss: 0.0000, Train: 20.15%, Valid: 16.00%, Test: 19.35%, Best Valid: 36.00%, Best Test: 25.72%
Epoch: 2500, Loss: 0.0000, Train: 20.17%, Valid: 16.00%, Test: 19.35%, Best Valid: 36.00%, Best Test: 25.72%
Epoch: 2600, Loss: 0.0000, Train: 20.18%, Valid: 16.00%, Test: 19.37%, Best Valid: 36.00%, Best Test: 25.72%
Run 07:
Highest Train: 36.79
Highest Valid: 36.00
Highest Test: 36.80
Chosen epoch: 15
Final Train: 25.78
Final Test: 25.72
Label budget: 5/class -> 25 train nodes
Matched-budget validation: 25 valid nodes
Pre-training MLP for 500 epochs to generate co-occurrence matrix...
MLP pre-training complete. Penalty matrix frozen.
Epoch: 00, Loss: 2.4382, Train: 26.62%, Valid: 20.00%, Test: 26.77%, Best Valid: 20.00%, Best Test: 26.77%
Epoch: 100, Loss: 0.0133, Train: 18.76%, Valid: 36.00%, Test: 19.06%, Best Valid: 48.00%, Best Test: 21.59%
Switching Polynormer to global attention phase.
Epoch: 200, Loss: 1.9932, Train: 20.08%, Valid: 36.00%, Test: 19.78%, Best Valid: 48.00%, Best Test: 21.59%
Epoch: 300, Loss: 0.0000, Train: 16.33%, Valid: 28.00%, Test: 15.91%, Best Valid: 48.00%, Best Test: 21.59%
Epoch: 400, Loss: 0.0000, Train: 16.72%, Valid: 32.00%, Test: 16.53%, Best Valid: 48.00%, Best Test: 21.59%
Epoch: 500, Loss: 0.0000, Train: 22.47%, Valid: 32.00%, Test: 21.43%, Best Valid: 48.00%, Best Test: 21.59%
Epoch: 600, Loss: 0.0000, Train: 21.61%, Valid: 44.00%, Test: 21.17%, Best Valid: 48.00%, Best Test: 21.59%
Epoch: 700, Loss: 0.0000, Train: 21.53%, Valid: 44.00%, Test: 21.08%, Best Valid: 48.00%, Best Test: 21.59%
Epoch: 800, Loss: 0.0000, Train: 21.63%, Valid: 48.00%, Test: 21.31%, Best Valid: 48.00%, Best Test: 21.59%
Epoch: 900, Loss: 0.0000, Train: 21.61%, Valid: 48.00%, Test: 21.30%, Best Valid: 48.00%, Best Test: 21.59%
Epoch: 1000, Loss: 0.0000, Train: 21.61%, Valid: 48.00%, Test: 21.30%, Best Valid: 48.00%, Best Test: 21.59%
Epoch: 1100, Loss: 0.0000, Train: 21.62%, Valid: 48.00%, Test: 21.30%, Best Valid: 48.00%, Best Test: 21.59%
Epoch: 1200, Loss: 0.0000, Train: 21.63%, Valid: 48.00%, Test: 21.30%, Best Valid: 48.00%, Best Test: 21.59%
Epoch: 1300, Loss: 0.0000, Train: 21.56%, Valid: 48.00%, Test: 21.28%, Best Valid: 48.00%, Best Test: 21.59%
Epoch: 1400, Loss: 0.0000, Train: 21.54%, Valid: 48.00%, Test: 21.28%, Best Valid: 48.00%, Best Test: 21.59%
Epoch: 1500, Loss: 0.0000, Train: 21.30%, Valid: 48.00%, Test: 21.08%, Best Valid: 48.00%, Best Test: 21.59%
Epoch: 1600, Loss: 0.0000, Train: 21.32%, Valid: 48.00%, Test: 21.10%, Best Valid: 48.00%, Best Test: 21.59%
Epoch: 1700, Loss: 0.0000, Train: 21.34%, Valid: 48.00%, Test: 21.08%, Best Valid: 48.00%, Best Test: 21.59%
Epoch: 1800, Loss: 0.0000, Train: 21.33%, Valid: 48.00%, Test: 21.08%, Best Valid: 48.00%, Best Test: 21.59%
Epoch: 1900, Loss: 0.0000, Train: 21.34%, Valid: 48.00%, Test: 21.04%, Best Valid: 48.00%, Best Test: 21.59%
Epoch: 2000, Loss: 0.0000, Train: 21.34%, Valid: 48.00%, Test: 21.02%, Best Valid: 48.00%, Best Test: 21.59%
Epoch: 2100, Loss: 0.0000, Train: 21.08%, Valid: 44.00%, Test: 20.68%, Best Valid: 48.00%, Best Test: 21.59%
Epoch: 2200, Loss: 0.0000, Train: 20.19%, Valid: 44.00%, Test: 19.86%, Best Valid: 48.00%, Best Test: 21.59%
Epoch: 2300, Loss: 0.0000, Train: 20.21%, Valid: 44.00%, Test: 19.88%, Best Valid: 48.00%, Best Test: 21.59%
Epoch: 2400, Loss: 0.0000, Train: 20.21%, Valid: 44.00%, Test: 19.88%, Best Valid: 48.00%, Best Test: 21.59%
Epoch: 2500, Loss: 0.0000, Train: 20.10%, Valid: 44.00%, Test: 19.78%, Best Valid: 48.00%, Best Test: 21.59%
Epoch: 2600, Loss: 0.0000, Train: 20.14%, Valid: 44.00%, Test: 19.65%, Best Valid: 48.00%, Best Test: 21.59%
Run 08:
Highest Train: 35.78
Highest Valid: 48.00
Highest Test: 36.18
Chosen epoch: 93
Final Train: 22.05
Final Test: 21.59
Label budget: 5/class -> 25 train nodes
Matched-budget validation: 25 valid nodes
Pre-training MLP for 500 epochs to generate co-occurrence matrix...
MLP pre-training complete. Penalty matrix frozen.
Epoch: 00, Loss: 2.6829, Train: 15.77%, Valid: 16.00%, Test: 15.56%, Best Valid: 16.00%, Best Test: 15.56%
Epoch: 100, Loss: 0.0096, Train: 21.63%, Valid: 20.00%, Test: 22.33%, Best Valid: 28.00%, Best Test: 14.89%
Switching Polynormer to global attention phase.
Epoch: 200, Loss: 1.8814, Train: 36.79%, Valid: 20.00%, Test: 36.80%, Best Valid: 28.00%, Best Test: 14.89%
Epoch: 300, Loss: 0.0028, Train: 18.31%, Valid: 24.00%, Test: 18.91%, Best Valid: 36.00%, Best Test: 20.71%
Epoch: 400, Loss: 0.0008, Train: 20.11%, Valid: 28.00%, Test: 20.22%, Best Valid: 36.00%, Best Test: 20.71%
Epoch: 500, Loss: 0.0000, Train: 21.29%, Valid: 28.00%, Test: 21.93%, Best Valid: 36.00%, Best Test: 20.71%
Epoch: 600, Loss: 0.0001, Train: 20.58%, Valid: 24.00%, Test: 21.05%, Best Valid: 36.00%, Best Test: 20.71%
Epoch: 700, Loss: 0.0000, Train: 20.08%, Valid: 24.00%, Test: 20.73%, Best Valid: 36.00%, Best Test: 20.71%
Epoch: 800, Loss: 0.0000, Train: 20.06%, Valid: 24.00%, Test: 20.37%, Best Valid: 36.00%, Best Test: 20.71%
Epoch: 900, Loss: 0.0000, Train: 20.32%, Valid: 24.00%, Test: 20.69%, Best Valid: 36.00%, Best Test: 20.71%
Epoch: 1000, Loss: 0.0000, Train: 20.36%, Valid: 24.00%, Test: 20.73%, Best Valid: 36.00%, Best Test: 20.71%
Epoch: 1100, Loss: 0.0000, Train: 22.26%, Valid: 20.00%, Test: 22.77%, Best Valid: 36.00%, Best Test: 20.71%
Epoch: 1200, Loss: 0.0000, Train: 20.60%, Valid: 20.00%, Test: 21.15%, Best Valid: 36.00%, Best Test: 20.71%
Epoch: 1300, Loss: 0.0019, Train: 20.94%, Valid: 24.00%, Test: 21.41%, Best Valid: 36.00%, Best Test: 20.71%
Epoch: 1400, Loss: 0.0000, Train: 20.21%, Valid: 28.00%, Test: 20.48%, Best Valid: 36.00%, Best Test: 20.71%
Epoch: 1500, Loss: 0.0000, Train: 20.09%, Valid: 28.00%, Test: 20.32%, Best Valid: 36.00%, Best Test: 20.71%
Epoch: 1600, Loss: 0.0000, Train: 20.19%, Valid: 28.00%, Test: 20.41%, Best Valid: 36.00%, Best Test: 20.71%
Epoch: 1700, Loss: 0.0000, Train: 20.37%, Valid: 28.00%, Test: 20.69%, Best Valid: 36.00%, Best Test: 20.71%
Epoch: 1800, Loss: 1.1845, Train: 24.83%, Valid: 24.00%, Test: 24.94%, Best Valid: 36.00%, Best Test: 20.71%
Epoch: 1900, Loss: 0.1107, Train: 22.11%, Valid: 4.00%, Test: 22.42%, Best Valid: 36.00%, Best Test: 20.71%
Epoch: 2000, Loss: 0.0000, Train: 23.95%, Valid: 8.00%, Test: 24.87%, Best Valid: 36.00%, Best Test: 20.71%
Epoch: 2100, Loss: 0.0003, Train: 24.06%, Valid: 4.00%, Test: 24.11%, Best Valid: 36.00%, Best Test: 20.71%
Epoch: 2200, Loss: 0.0000, Train: 24.05%, Valid: 4.00%, Test: 24.09%, Best Valid: 36.00%, Best Test: 20.71%
Epoch: 2300, Loss: 0.0000, Train: 24.04%, Valid: 4.00%, Test: 24.09%, Best Valid: 36.00%, Best Test: 20.71%
Epoch: 2400, Loss: 0.0000, Train: 23.98%, Valid: 4.00%, Test: 24.02%, Best Valid: 36.00%, Best Test: 20.71%
Epoch: 2500, Loss: 0.0000, Train: 23.98%, Valid: 4.00%, Test: 24.04%, Best Valid: 36.00%, Best Test: 20.71%
Epoch: 2600, Loss: 0.0000, Train: 23.93%, Valid: 4.00%, Test: 24.02%, Best Valid: 36.00%, Best Test: 20.71%
Run 09:
Highest Train: 36.79
Highest Valid: 36.00
Highest Test: 36.80
Chosen epoch: 269
Final Train: 20.31
Final Test: 20.71
Label budget: 5/class -> 25 train nodes
Matched-budget validation: 25 valid nodes
Pre-training MLP for 500 epochs to generate co-occurrence matrix...
MLP pre-training complete. Penalty matrix frozen.
Epoch: 00, Loss: 2.6678, Train: 22.18%, Valid: 20.00%, Test: 21.57%, Best Valid: 20.00%, Best Test: 21.57%
Epoch: 100, Loss: 0.0005, Train: 22.49%, Valid: 24.00%, Test: 22.39%, Best Valid: 32.00%, Best Test: 29.61%
Switching Polynormer to global attention phase.
Epoch: 200, Loss: 1.9905, Train: 8.01%, Valid: 16.00%, Test: 8.36%, Best Valid: 32.00%, Best Test: 29.61%
Epoch: 300, Loss: 0.0114, Train: 21.36%, Valid: 16.00%, Test: 21.00%, Best Valid: 32.00%, Best Test: 29.61%
Epoch: 400, Loss: 0.0000, Train: 21.47%, Valid: 24.00%, Test: 21.22%, Best Valid: 32.00%, Best Test: 29.61%
Epoch: 500, Loss: 0.0000, Train: 23.75%, Valid: 28.00%, Test: 23.42%, Best Valid: 32.00%, Best Test: 29.61%
Epoch: 600, Loss: 0.0000, Train: 21.84%, Valid: 28.00%, Test: 21.88%, Best Valid: 32.00%, Best Test: 29.61%
Epoch: 700, Loss: 0.0240, Train: 26.81%, Valid: 24.00%, Test: 26.60%, Best Valid: 36.00%, Best Test: 20.01%
Epoch: 800, Loss: 0.0003, Train: 22.00%, Valid: 24.00%, Test: 21.13%, Best Valid: 36.00%, Best Test: 20.01%
Epoch: 900, Loss: 0.0001, Train: 21.22%, Valid: 20.00%, Test: 21.61%, Best Valid: 36.00%, Best Test: 20.01%
Epoch: 1000, Loss: 0.0000, Train: 22.74%, Valid: 16.00%, Test: 23.71%, Best Valid: 36.00%, Best Test: 20.01%
Epoch: 1100, Loss: 0.0019, Train: 22.58%, Valid: 16.00%, Test: 23.37%, Best Valid: 36.00%, Best Test: 20.01%
Epoch: 1200, Loss: 0.0000, Train: 21.79%, Valid: 20.00%, Test: 22.46%, Best Valid: 36.00%, Best Test: 20.01%
Epoch: 1300, Loss: 0.0000, Train: 21.78%, Valid: 20.00%, Test: 22.44%, Best Valid: 36.00%, Best Test: 20.01%
Epoch: 1400, Loss: 0.0000, Train: 21.76%, Valid: 20.00%, Test: 22.44%, Best Valid: 36.00%, Best Test: 20.01%
Epoch: 1500, Loss: 0.0000, Train: 21.84%, Valid: 20.00%, Test: 22.60%, Best Valid: 36.00%, Best Test: 20.01%
Epoch: 1600, Loss: 0.0000, Train: 21.84%, Valid: 20.00%, Test: 22.60%, Best Valid: 36.00%, Best Test: 20.01%
Epoch: 1700, Loss: 0.0000, Train: 21.93%, Valid: 20.00%, Test: 22.57%, Best Valid: 36.00%, Best Test: 20.01%
Epoch: 1800, Loss: 0.0000, Train: 21.93%, Valid: 20.00%, Test: 22.60%, Best Valid: 36.00%, Best Test: 20.01%
Epoch: 1900, Loss: 0.0000, Train: 22.60%, Valid: 20.00%, Test: 23.42%, Best Valid: 36.00%, Best Test: 20.01%
Epoch: 2000, Loss: 0.0000, Train: 22.60%, Valid: 20.00%, Test: 23.40%, Best Valid: 36.00%, Best Test: 20.01%
Epoch: 2100, Loss: 0.4052, Train: 23.83%, Valid: 16.00%, Test: 24.07%, Best Valid: 36.00%, Best Test: 20.01%
Epoch: 2200, Loss: 0.3719, Train: 21.53%, Valid: 24.00%, Test: 21.82%, Best Valid: 36.00%, Best Test: 20.01%
Epoch: 2300, Loss: 0.0002, Train: 20.15%, Valid: 16.00%, Test: 20.20%, Best Valid: 36.00%, Best Test: 20.01%
Epoch: 2400, Loss: 0.0000, Train: 25.68%, Valid: 16.00%, Test: 25.67%, Best Valid: 36.00%, Best Test: 20.01%
Epoch: 2500, Loss: 0.0000, Train: 25.40%, Valid: 16.00%, Test: 25.46%, Best Valid: 36.00%, Best Test: 20.01%
Epoch: 2600, Loss: 0.0000, Train: 25.52%, Valid: 16.00%, Test: 25.48%, Best Valid: 36.00%, Best Test: 20.01%
Run 10:
Highest Train: 36.78
Highest Valid: 36.00
Highest Test: 36.81
Chosen epoch: 690
Final Train: 20.50
Final Test: 20.01
All runs:
Highest Train: 35.33 ± 3.18
Highest Test: 35.36 ± 3.20
Highest Valid: 37.60 ± 5.06
  Final Train: 22.39 ± 2.82
   Final Test: 22.13 ± 2.77
Saving results to ../results/lowlabel_mv/amazon-ratings/polynormer.csv
--- mlp_reg | lambda=0.4 ---
Namespace(aggregate='add', alpha=0.5, attention='gcn', beta=-1.0, bn=False, budget_tag='5', count_reg=False, count_smoothing=1.0, cpu=False, data_dir='../data/', dataset='amazon-ratings', device=0, dim_inner=256, display_step=100, dropout=0.3, epochs=500, global_dropout=None, global_epochs=2500, global_layers=1, gnn='gcn', graph_weight=0.8, hidden_channels=256, hops=10, in_dropout=0.2, jk=False, label_num_per_class=20, lambda_val=0.4, layers=1, ln=False, local_epochs=200, local_gnn_type='GCN', local_layers=10, lr=0.001, metric='acc', mlp_epochs=500, mlp_reg=True, model='polynormer', model_dir='models/lowlabel_mv_1178247_55', n_heads=2, num_centroids=4096, num_heads=2, oracle_reg=False, paired_seeds=True, pe_types='RWSE', penalty_transform='none', pre_linear=False, pre_ln=False, rand_split=False, rand_split_class=False, reg_start_epoch=10, reg_update_freq=5, res=False, resample_split_per_run=False, result_dir='../results/lowlabel_mv', runs=10, save_model=True, save_result=False, seed=42, test_num=1000, tr_dropout=None, tr_layers=1, tr_weight_decay=None, train_per_class=5, train_prop=0.5, use_act=False, use_bn=False, use_graph=False, use_reg=True, use_residual=False, use_weight=False, valid_num=500, valid_per_class=5, valid_prop=0.25, weight_decay=0.0)
amazon-ratings
dataset amazon-ratings | num nodes 24492 | num edge 93050 | num node feats 300 | num classes 5
MODEL: Polynormer(
  (h_lins): ModuleList(
    (0): Linear(in_features=512, out_features=512, bias=True)
    (1): Linear(in_features=512, out_features=512, bias=True)
    (2): Linear(in_features=512, out_features=512, bias=True)
    (3): Linear(in_features=512, out_features=512, bias=True)
    (4): Linear(in_features=512, out_features=512, bias=True)
    (5): Linear(in_features=512, out_features=512, bias=True)
    (6): Linear(in_features=512, out_features=512, bias=True)
    (7): Linear(in_features=512, out_features=512, bias=True)
    (8): Linear(in_features=512, out_features=512, bias=True)
    (9): Linear(in_features=512, out_features=512, bias=True)
  )
  (local_convs): ModuleList(
    (0): GATConv(512, 256, heads=2)
    (1): GATConv(512, 256, heads=2)
    (2): GATConv(512, 256, heads=2)
    (3): GATConv(512, 256, heads=2)
    (4): GATConv(512, 256, heads=2)
    (5): GATConv(512, 256, heads=2)
    (6): GATConv(512, 256, heads=2)
    (7): GATConv(512, 256, heads=2)
    (8): GATConv(512, 256, heads=2)
    (9): GATConv(512, 256, heads=2)
  )
  (lins): ModuleList(
    (0): Linear(in_features=512, out_features=512, bias=True)
    (1): Linear(in_features=512, out_features=512, bias=True)
    (2): Linear(in_features=512, out_features=512, bias=True)
    (3): Linear(in_features=512, out_features=512, bias=True)
    (4): Linear(in_features=512, out_features=512, bias=True)
    (5): Linear(in_features=512, out_features=512, bias=True)
    (6): Linear(in_features=512, out_features=512, bias=True)
    (7): Linear(in_features=512, out_features=512, bias=True)
    (8): Linear(in_features=512, out_features=512, bias=True)
    (9): Linear(in_features=512, out_features=512, bias=True)
  )
  (lns): ModuleList(
    (0): LayerNorm((512,), eps=1e-05, elementwise_affine=True)
    (1): LayerNorm((512,), eps=1e-05, elementwise_affine=True)
    (2): LayerNorm((512,), eps=1e-05, elementwise_affine=True)
    (3): LayerNorm((512,), eps=1e-05, elementwise_affine=True)
    (4): LayerNorm((512,), eps=1e-05, elementwise_affine=True)
    (5): LayerNorm((512,), eps=1e-05, elementwise_affine=True)
    (6): LayerNorm((512,), eps=1e-05, elementwise_affine=True)
    (7): LayerNorm((512,), eps=1e-05, elementwise_affine=True)
    (8): LayerNorm((512,), eps=1e-05, elementwise_affine=True)
    (9): LayerNorm((512,), eps=1e-05, elementwise_affine=True)
  )
  (lin_in): Linear(in_features=300, out_features=512, bias=True)
  (ln): LayerNorm((512,), eps=1e-05, elementwise_affine=True)
  (global_attn): GlobalAttn(
    (h_lins): ModuleList(
      (0): Linear(in_features=512, out_features=512, bias=True)
    )
    (k_lins): ModuleList(
      (0): Linear(in_features=512, out_features=512, bias=True)
    )
    (v_lins): ModuleList(
      (0): Linear(in_features=512, out_features=512, bias=True)
    )
    (lns): ModuleList(
      (0): LayerNorm((512,), eps=1e-05, elementwise_affine=True)
    )
    (lin_out): Linear(in_features=512, out_features=512, bias=True)
  )
  (pred_local): Linear(in_features=512, out_features=5, bias=True)
  (pred_global): Linear(in_features=512, out_features=5, bias=True)
)
Label budget: 5/class -> 25 train nodes
Matched-budget validation: 25 valid nodes
Pre-training MLP for 500 epochs to generate co-occurrence matrix...
MLP pre-training complete. Penalty matrix frozen.
Epoch: 00, Loss: 3.1633, Train: 25.18%, Valid: 20.00%, Test: 25.31%, Best Valid: 20.00%, Best Test: 25.31%
Epoch: 100, Loss: 0.0027, Train: 17.51%, Valid: 24.00%, Test: 17.75%, Best Valid: 32.00%, Best Test: 21.84%
Switching Polynormer to global attention phase.
Epoch: 200, Loss: 2.3355, Train: 16.43%, Valid: 20.00%, Test: 16.58%, Best Valid: 32.00%, Best Test: 21.84%
Epoch: 300, Loss: 0.0090, Train: 23.02%, Valid: 24.00%, Test: 23.27%, Best Valid: 36.00%, Best Test: 15.35%
Epoch: 400, Loss: 0.0000, Train: 22.07%, Valid: 28.00%, Test: 23.14%, Best Valid: 36.00%, Best Test: 15.35%
Epoch: 500, Loss: 0.0001, Train: 12.76%, Valid: 20.00%, Test: 12.80%, Best Valid: 36.00%, Best Test: 15.35%
Epoch: 600, Loss: 0.0000, Train: 15.72%, Valid: 20.00%, Test: 15.71%, Best Valid: 36.00%, Best Test: 15.35%
Epoch: 700, Loss: 0.0000, Train: 15.82%, Valid: 20.00%, Test: 15.86%, Best Valid: 36.00%, Best Test: 15.35%
Epoch: 800, Loss: 0.0000, Train: 15.86%, Valid: 24.00%, Test: 15.87%, Best Valid: 36.00%, Best Test: 15.35%
Epoch: 900, Loss: 0.0000, Train: 16.01%, Valid: 24.00%, Test: 16.12%, Best Valid: 36.00%, Best Test: 15.35%
Epoch: 1000, Loss: 0.0000, Train: 15.92%, Valid: 24.00%, Test: 15.99%, Best Valid: 36.00%, Best Test: 15.35%
Epoch: 1100, Loss: 0.0000, Train: 15.91%, Valid: 24.00%, Test: 16.02%, Best Valid: 36.00%, Best Test: 15.35%
Epoch: 1200, Loss: 0.0000, Train: 15.88%, Valid: 24.00%, Test: 16.05%, Best Valid: 36.00%, Best Test: 15.35%
Epoch: 1300, Loss: 0.0000, Train: 15.92%, Valid: 24.00%, Test: 16.10%, Best Valid: 36.00%, Best Test: 15.35%
Epoch: 1400, Loss: 0.0000, Train: 15.95%, Valid: 24.00%, Test: 16.12%, Best Valid: 36.00%, Best Test: 15.35%
Epoch: 1500, Loss: 0.0000, Train: 15.95%, Valid: 24.00%, Test: 16.10%, Best Valid: 36.00%, Best Test: 15.35%
Epoch: 1600, Loss: 0.0000, Train: 16.01%, Valid: 24.00%, Test: 16.14%, Best Valid: 36.00%, Best Test: 15.35%
Epoch: 1700, Loss: 0.0000, Train: 16.18%, Valid: 24.00%, Test: 16.40%, Best Valid: 36.00%, Best Test: 15.35%
Epoch: 1800, Loss: 0.0000, Train: 16.19%, Valid: 24.00%, Test: 16.41%, Best Valid: 36.00%, Best Test: 15.35%
Epoch: 1900, Loss: 0.0000, Train: 16.13%, Valid: 24.00%, Test: 16.30%, Best Valid: 36.00%, Best Test: 15.35%
Epoch: 2000, Loss: 0.0000, Train: 16.14%, Valid: 24.00%, Test: 16.36%, Best Valid: 36.00%, Best Test: 15.35%
Epoch: 2100, Loss: 0.0000, Train: 16.36%, Valid: 24.00%, Test: 16.59%, Best Valid: 36.00%, Best Test: 15.35%
Epoch: 2200, Loss: 0.0000, Train: 16.36%, Valid: 24.00%, Test: 16.59%, Best Valid: 36.00%, Best Test: 15.35%
Epoch: 2300, Loss: 0.0000, Train: 16.40%, Valid: 24.00%, Test: 16.61%, Best Valid: 36.00%, Best Test: 15.35%
Epoch: 2400, Loss: 0.0000, Train: 16.42%, Valid: 24.00%, Test: 16.59%, Best Valid: 36.00%, Best Test: 15.35%
Epoch: 2500, Loss: 0.0000, Train: 16.39%, Valid: 24.00%, Test: 16.56%, Best Valid: 36.00%, Best Test: 15.35%
Epoch: 2600, Loss: 0.0000, Train: 16.36%, Valid: 24.00%, Test: 16.54%, Best Valid: 36.00%, Best Test: 15.35%
Run 01:
Highest Train: 34.77
Highest Valid: 36.00
Highest Test: 34.72
Chosen epoch: 254
Final Train: 15.53
Final Test: 15.35
Label budget: 5/class -> 25 train nodes
Matched-budget validation: 25 valid nodes
Pre-training MLP for 500 epochs to generate co-occurrence matrix...
MLP pre-training complete. Penalty matrix frozen.
Epoch: 00, Loss: 2.3273, Train: 35.61%, Valid: 20.00%, Test: 35.78%, Best Valid: 20.00%, Best Test: 35.78%
Epoch: 100, Loss: 0.0008, Train: 20.52%, Valid: 24.00%, Test: 20.40%, Best Valid: 28.00%, Best Test: 6.81%
Switching Polynormer to global attention phase.
Epoch: 200, Loss: 2.2821, Train: 4.33%, Valid: 20.00%, Test: 4.33%, Best Valid: 28.00%, Best Test: 6.81%
Epoch: 300, Loss: 0.1032, Train: 26.23%, Valid: 16.00%, Test: 27.40%, Best Valid: 36.00%, Best Test: 29.01%
Epoch: 400, Loss: 0.0002, Train: 23.47%, Valid: 24.00%, Test: 24.58%, Best Valid: 36.00%, Best Test: 29.01%
Epoch: 500, Loss: 0.0010, Train: 23.67%, Valid: 12.00%, Test: 25.28%, Best Valid: 36.00%, Best Test: 29.01%
Epoch: 600, Loss: 0.0002, Train: 24.04%, Valid: 28.00%, Test: 24.79%, Best Valid: 36.00%, Best Test: 29.01%
Epoch: 700, Loss: 0.0000, Train: 24.95%, Valid: 20.00%, Test: 25.98%, Best Valid: 36.00%, Best Test: 29.01%
Epoch: 800, Loss: 0.0000, Train: 25.13%, Valid: 20.00%, Test: 26.56%, Best Valid: 36.00%, Best Test: 29.01%
Epoch: 900, Loss: 0.0000, Train: 25.21%, Valid: 20.00%, Test: 26.56%, Best Valid: 36.00%, Best Test: 29.01%
Epoch: 1000, Loss: 0.0000, Train: 25.24%, Valid: 20.00%, Test: 26.62%, Best Valid: 36.00%, Best Test: 29.01%
Epoch: 1100, Loss: 0.0000, Train: 25.58%, Valid: 20.00%, Test: 26.75%, Best Valid: 36.00%, Best Test: 29.01%
Epoch: 1200, Loss: 0.0000, Train: 25.58%, Valid: 20.00%, Test: 26.70%, Best Valid: 36.00%, Best Test: 29.01%
Epoch: 1300, Loss: 0.0000, Train: 25.59%, Valid: 20.00%, Test: 26.51%, Best Valid: 36.00%, Best Test: 29.01%
Epoch: 1400, Loss: 0.0000, Train: 25.58%, Valid: 20.00%, Test: 26.42%, Best Valid: 36.00%, Best Test: 29.01%
Epoch: 1500, Loss: 0.0000, Train: 25.50%, Valid: 20.00%, Test: 26.36%, Best Valid: 36.00%, Best Test: 29.01%
Epoch: 1600, Loss: 0.0000, Train: 25.55%, Valid: 20.00%, Test: 26.52%, Best Valid: 36.00%, Best Test: 29.01%
Epoch: 1700, Loss: 0.0000, Train: 21.60%, Valid: 32.00%, Test: 22.03%, Best Valid: 36.00%, Best Test: 29.01%
Epoch: 1800, Loss: 0.0000, Train: 22.02%, Valid: 28.00%, Test: 22.42%, Best Valid: 36.00%, Best Test: 29.01%
Epoch: 1900, Loss: 0.0000, Train: 21.43%, Valid: 28.00%, Test: 22.05%, Best Valid: 36.00%, Best Test: 29.01%
Epoch: 2000, Loss: 0.4620, Train: 22.72%, Valid: 32.00%, Test: 23.00%, Best Valid: 36.00%, Best Test: 29.01%
Epoch: 2100, Loss: 0.0037, Train: 22.40%, Valid: 20.00%, Test: 22.77%, Best Valid: 40.00%, Best Test: 27.44%
Epoch: 2200, Loss: 0.0000, Train: 24.23%, Valid: 28.00%, Test: 23.99%, Best Valid: 40.00%, Best Test: 27.44%
Epoch: 2300, Loss: 0.0000, Train: 24.22%, Valid: 28.00%, Test: 24.01%, Best Valid: 40.00%, Best Test: 27.44%
Epoch: 2400, Loss: 0.0000, Train: 24.24%, Valid: 28.00%, Test: 24.01%, Best Valid: 40.00%, Best Test: 27.44%
Epoch: 2500, Loss: 0.0000, Train: 24.23%, Valid: 28.00%, Test: 24.01%, Best Valid: 40.00%, Best Test: 27.44%
Epoch: 2600, Loss: 0.0000, Train: 24.22%, Valid: 28.00%, Test: 24.02%, Best Valid: 40.00%, Best Test: 27.44%
Run 02:
Highest Train: 36.79
Highest Valid: 40.00
Highest Test: 36.80
Chosen epoch: 2020
Final Train: 27.18
Final Test: 27.44
Label budget: 5/class -> 25 train nodes
Matched-budget validation: 25 valid nodes
Pre-training MLP for 500 epochs to generate co-occurrence matrix...
MLP pre-training complete. Penalty matrix frozen.
Epoch: 00, Loss: 3.2928, Train: 16.61%, Valid: 24.00%, Test: 16.89%, Best Valid: 24.00%, Best Test: 16.89%
Epoch: 100, Loss: 0.0025, Train: 25.11%, Valid: 24.00%, Test: 24.92%, Best Valid: 32.00%, Best Test: 15.50%
Switching Polynormer to global attention phase.
Epoch: 200, Loss: 2.3232, Train: 26.78%, Valid: 20.00%, Test: 26.78%, Best Valid: 32.00%, Best Test: 15.50%
Epoch: 300, Loss: 0.1627, Train: 23.11%, Valid: 20.00%, Test: 22.10%, Best Valid: 32.00%, Best Test: 15.50%
Epoch: 400, Loss: 0.0000, Train: 25.74%, Valid: 24.00%, Test: 25.38%, Best Valid: 32.00%, Best Test: 15.50%
Epoch: 500, Loss: 0.0023, Train: 24.13%, Valid: 12.00%, Test: 23.98%, Best Valid: 32.00%, Best Test: 15.50%
Epoch: 600, Loss: 0.0000, Train: 19.99%, Valid: 24.00%, Test: 19.35%, Best Valid: 32.00%, Best Test: 15.50%
Epoch: 700, Loss: 0.0000, Train: 20.08%, Valid: 24.00%, Test: 19.58%, Best Valid: 32.00%, Best Test: 15.50%
Epoch: 800, Loss: 0.0003, Train: 22.36%, Valid: 16.00%, Test: 22.23%, Best Valid: 32.00%, Best Test: 15.50%
Epoch: 900, Loss: 0.0081, Train: 26.23%, Valid: 28.00%, Test: 26.39%, Best Valid: 32.00%, Best Test: 15.50%
Epoch: 1000, Loss: 0.0141, Train: 28.14%, Valid: 24.00%, Test: 27.50%, Best Valid: 32.00%, Best Test: 15.50%
Epoch: 1100, Loss: 0.0147, Train: 25.02%, Valid: 28.00%, Test: 24.01%, Best Valid: 32.00%, Best Test: 15.50%
Epoch: 1200, Loss: 0.0001, Train: 23.40%, Valid: 20.00%, Test: 23.11%, Best Valid: 32.00%, Best Test: 15.50%
Epoch: 1300, Loss: 0.0000, Train: 23.44%, Valid: 20.00%, Test: 23.21%, Best Valid: 32.00%, Best Test: 15.50%
Epoch: 1400, Loss: 0.0000, Train: 23.50%, Valid: 20.00%, Test: 23.22%, Best Valid: 32.00%, Best Test: 15.50%
Epoch: 1500, Loss: 0.0000, Train: 23.49%, Valid: 20.00%, Test: 23.24%, Best Valid: 32.00%, Best Test: 15.50%
Epoch: 1600, Loss: 0.0000, Train: 23.53%, Valid: 20.00%, Test: 23.37%, Best Valid: 32.00%, Best Test: 15.50%
Epoch: 1700, Loss: 0.0000, Train: 23.48%, Valid: 20.00%, Test: 23.17%, Best Valid: 32.00%, Best Test: 15.50%
Epoch: 1800, Loss: 0.0000, Train: 23.26%, Valid: 20.00%, Test: 23.06%, Best Valid: 32.00%, Best Test: 15.50%
Epoch: 1900, Loss: 0.0000, Train: 23.30%, Valid: 20.00%, Test: 23.09%, Best Valid: 32.00%, Best Test: 15.50%
Epoch: 2000, Loss: 0.0000, Train: 23.71%, Valid: 16.00%, Test: 23.29%, Best Valid: 32.00%, Best Test: 15.50%
Epoch: 2100, Loss: 0.0000, Train: 23.71%, Valid: 16.00%, Test: 23.31%, Best Valid: 32.00%, Best Test: 15.50%
Epoch: 2200, Loss: 0.0000, Train: 23.74%, Valid: 16.00%, Test: 23.39%, Best Valid: 32.00%, Best Test: 15.50%
Epoch: 2300, Loss: 0.0000, Train: 23.77%, Valid: 16.00%, Test: 23.44%, Best Valid: 32.00%, Best Test: 15.50%
Epoch: 2400, Loss: 0.0000, Train: 23.53%, Valid: 16.00%, Test: 23.32%, Best Valid: 32.00%, Best Test: 15.50%
Epoch: 2500, Loss: 0.0001, Train: 23.54%, Valid: 16.00%, Test: 23.35%, Best Valid: 32.00%, Best Test: 15.50%
Epoch: 2600, Loss: 0.0000, Train: 23.56%, Valid: 16.00%, Test: 23.34%, Best Valid: 32.00%, Best Test: 15.50%
Run 03:
Highest Train: 36.79
Highest Valid: 32.00
Highest Test: 36.80
Chosen epoch: 17
Final Train: 15.58
Final Test: 15.50
Label budget: 5/class -> 25 train nodes
Matched-budget validation: 25 valid nodes
Pre-training MLP for 500 epochs to generate co-occurrence matrix...
MLP pre-training complete. Penalty matrix frozen.
Epoch: 00, Loss: 2.5828, Train: 25.68%, Valid: 32.00%, Test: 26.29%, Best Valid: 32.00%, Best Test: 26.29%
Epoch: 100, Loss: 0.0044, Train: 21.67%, Valid: 20.00%, Test: 21.57%, Best Valid: 32.00%, Best Test: 26.29%
Switching Polynormer to global attention phase.
Epoch: 200, Loss: 2.3223, Train: 6.10%, Valid: 20.00%, Test: 6.47%, Best Valid: 32.00%, Best Test: 26.29%
Epoch: 300, Loss: 0.0162, Train: 29.31%, Valid: 20.00%, Test: 28.25%, Best Valid: 36.00%, Best Test: 22.08%
Epoch: 400, Loss: 0.0260, Train: 19.23%, Valid: 24.00%, Test: 18.05%, Best Valid: 36.00%, Best Test: 22.08%
Epoch: 500, Loss: 0.0477, Train: 19.73%, Valid: 20.00%, Test: 18.46%, Best Valid: 36.00%, Best Test: 22.08%
Epoch: 600, Loss: 0.0000, Train: 24.20%, Valid: 20.00%, Test: 23.73%, Best Valid: 36.00%, Best Test: 22.08%
Epoch: 700, Loss: 0.0000, Train: 25.88%, Valid: 24.00%, Test: 25.59%, Best Valid: 36.00%, Best Test: 22.08%
Epoch: 800, Loss: 0.0000, Train: 24.34%, Valid: 28.00%, Test: 23.83%, Best Valid: 36.00%, Best Test: 22.08%
Epoch: 900, Loss: 0.0000, Train: 24.27%, Valid: 28.00%, Test: 23.76%, Best Valid: 36.00%, Best Test: 22.08%
Epoch: 1000, Loss: 0.0000, Train: 26.49%, Valid: 28.00%, Test: 26.36%, Best Valid: 36.00%, Best Test: 22.08%
Epoch: 1100, Loss: 0.0000, Train: 25.90%, Valid: 24.00%, Test: 25.36%, Best Valid: 36.00%, Best Test: 22.08%
Epoch: 1200, Loss: 0.0000, Train: 25.89%, Valid: 24.00%, Test: 25.35%, Best Valid: 36.00%, Best Test: 22.08%
Epoch: 1300, Loss: 0.0000, Train: 25.78%, Valid: 24.00%, Test: 25.33%, Best Valid: 36.00%, Best Test: 22.08%
Epoch: 1400, Loss: 0.0000, Train: 25.76%, Valid: 24.00%, Test: 25.31%, Best Valid: 36.00%, Best Test: 22.08%
Epoch: 1500, Loss: 0.0000, Train: 25.71%, Valid: 24.00%, Test: 25.30%, Best Valid: 36.00%, Best Test: 22.08%
Epoch: 1600, Loss: 0.0000, Train: 25.67%, Valid: 24.00%, Test: 25.28%, Best Valid: 36.00%, Best Test: 22.08%
Epoch: 1700, Loss: 0.0000, Train: 25.58%, Valid: 20.00%, Test: 25.15%, Best Valid: 36.00%, Best Test: 22.08%
Epoch: 1800, Loss: 0.0000, Train: 25.59%, Valid: 20.00%, Test: 25.13%, Best Valid: 36.00%, Best Test: 22.08%
Epoch: 1900, Loss: 0.0000, Train: 25.57%, Valid: 20.00%, Test: 25.09%, Best Valid: 36.00%, Best Test: 22.08%
Epoch: 2000, Loss: 0.0000, Train: 25.55%, Valid: 20.00%, Test: 25.04%, Best Valid: 36.00%, Best Test: 22.08%
Epoch: 2100, Loss: 0.0000, Train: 25.49%, Valid: 20.00%, Test: 24.97%, Best Valid: 36.00%, Best Test: 22.08%
Epoch: 2200, Loss: 0.0000, Train: 25.49%, Valid: 20.00%, Test: 24.96%, Best Valid: 36.00%, Best Test: 22.08%
Epoch: 2300, Loss: 0.0000, Train: 25.43%, Valid: 20.00%, Test: 24.96%, Best Valid: 36.00%, Best Test: 22.08%
Epoch: 2400, Loss: 0.0000, Train: 25.45%, Valid: 20.00%, Test: 24.96%, Best Valid: 36.00%, Best Test: 22.08%
Epoch: 2500, Loss: 0.0000, Train: 25.40%, Valid: 20.00%, Test: 24.96%, Best Valid: 36.00%, Best Test: 22.08%
Epoch: 2600, Loss: 0.0000, Train: 25.40%, Valid: 20.00%, Test: 24.89%, Best Valid: 36.00%, Best Test: 22.08%
Run 04:
Highest Train: 36.43
Highest Valid: 36.00
Highest Test: 36.53
Chosen epoch: 237
Final Train: 22.53
Final Test: 22.08
Label budget: 5/class -> 25 train nodes
Matched-budget validation: 25 valid nodes
Pre-training MLP for 500 epochs to generate co-occurrence matrix...
MLP pre-training complete. Penalty matrix frozen.
Epoch: 00, Loss: 2.7229, Train: 17.71%, Valid: 28.00%, Test: 17.34%, Best Valid: 28.00%, Best Test: 17.34%
Epoch: 100, Loss: 0.0037, Train: 22.58%, Valid: 20.00%, Test: 22.60%, Best Valid: 32.00%, Best Test: 18.77%
Switching Polynormer to global attention phase.
Epoch: 200, Loss: 2.3252, Train: 8.90%, Valid: 20.00%, Test: 8.92%, Best Valid: 32.00%, Best Test: 18.77%
Epoch: 300, Loss: 0.0309, Train: 27.21%, Valid: 12.00%, Test: 27.72%, Best Valid: 32.00%, Best Test: 18.77%
Epoch: 400, Loss: 0.1914, Train: 21.30%, Valid: 4.00%, Test: 21.20%, Best Valid: 32.00%, Best Test: 18.77%
Epoch: 500, Loss: 0.0649, Train: 23.66%, Valid: 16.00%, Test: 23.53%, Best Valid: 32.00%, Best Test: 18.77%
Epoch: 600, Loss: 0.0000, Train: 23.76%, Valid: 8.00%, Test: 24.24%, Best Valid: 32.00%, Best Test: 18.77%
Epoch: 700, Loss: 0.0000, Train: 23.89%, Valid: 12.00%, Test: 24.25%, Best Valid: 32.00%, Best Test: 18.77%
Epoch: 800, Loss: 0.0000, Train: 24.15%, Valid: 12.00%, Test: 24.33%, Best Valid: 32.00%, Best Test: 18.77%
Epoch: 900, Loss: 0.0000, Train: 24.12%, Valid: 12.00%, Test: 24.38%, Best Valid: 32.00%, Best Test: 18.77%
Epoch: 1000, Loss: 0.0000, Train: 24.16%, Valid: 12.00%, Test: 24.37%, Best Valid: 32.00%, Best Test: 18.77%
Epoch: 1100, Loss: 0.0000, Train: 24.20%, Valid: 12.00%, Test: 24.43%, Best Valid: 32.00%, Best Test: 18.77%
Epoch: 1200, Loss: 0.0000, Train: 24.21%, Valid: 12.00%, Test: 24.53%, Best Valid: 32.00%, Best Test: 18.77%
Epoch: 1300, Loss: 0.0000, Train: 24.23%, Valid: 12.00%, Test: 24.45%, Best Valid: 32.00%, Best Test: 18.77%
Epoch: 1400, Loss: 0.0000, Train: 21.00%, Valid: 12.00%, Test: 21.23%, Best Valid: 32.00%, Best Test: 18.77%
Epoch: 1500, Loss: 0.0000, Train: 21.38%, Valid: 8.00%, Test: 21.43%, Best Valid: 32.00%, Best Test: 18.77%
Epoch: 1600, Loss: 0.0000, Train: 21.48%, Valid: 8.00%, Test: 21.61%, Best Valid: 32.00%, Best Test: 18.77%
Epoch: 1700, Loss: 0.0356, Train: 28.17%, Valid: 16.00%, Test: 29.54%, Best Valid: 32.00%, Best Test: 18.77%
Epoch: 1800, Loss: 0.0010, Train: 23.98%, Valid: 20.00%, Test: 23.93%, Best Valid: 32.00%, Best Test: 18.77%
Epoch: 1900, Loss: 0.0001, Train: 24.96%, Valid: 12.00%, Test: 24.71%, Best Valid: 32.00%, Best Test: 18.77%
Epoch: 2000, Loss: 0.0000, Train: 24.78%, Valid: 12.00%, Test: 24.66%, Best Valid: 32.00%, Best Test: 18.77%
Epoch: 2100, Loss: 0.0001, Train: 19.62%, Valid: 16.00%, Test: 19.04%, Best Valid: 32.00%, Best Test: 18.77%
Epoch: 2200, Loss: 0.0342, Train: 19.22%, Valid: 24.00%, Test: 19.12%, Best Valid: 32.00%, Best Test: 18.77%
Epoch: 2300, Loss: 0.0000, Train: 24.50%, Valid: 8.00%, Test: 24.14%, Best Valid: 32.00%, Best Test: 18.77%
Epoch: 2400, Loss: 0.0000, Train: 19.45%, Valid: 4.00%, Test: 19.70%, Best Valid: 32.00%, Best Test: 18.77%
Epoch: 2500, Loss: 0.0000, Train: 19.75%, Valid: 4.00%, Test: 19.96%, Best Valid: 32.00%, Best Test: 18.77%
Epoch: 2600, Loss: 0.0000, Train: 19.94%, Valid: 4.00%, Test: 20.28%, Best Valid: 32.00%, Best Test: 18.77%
Run 05:
Highest Train: 36.80
Highest Valid: 32.00
Highest Test: 36.86
Chosen epoch: 1
Final Train: 19.25
Final Test: 18.77
Label budget: 5/class -> 25 train nodes
Matched-budget validation: 25 valid nodes
Pre-training MLP for 500 epochs to generate co-occurrence matrix...
MLP pre-training complete. Penalty matrix frozen.
Epoch: 00, Loss: 2.9015, Train: 26.35%, Valid: 24.00%, Test: 27.16%, Best Valid: 24.00%, Best Test: 27.16%
Epoch: 100, Loss: 0.0040, Train: 16.10%, Valid: 20.00%, Test: 16.40%, Best Valid: 36.00%, Best Test: 23.08%
Switching Polynormer to global attention phase.
Epoch: 200, Loss: 2.2858, Train: 26.07%, Valid: 20.00%, Test: 25.97%, Best Valid: 36.00%, Best Test: 23.08%
Epoch: 300, Loss: 0.0065, Train: 15.44%, Valid: 16.00%, Test: 15.73%, Best Valid: 36.00%, Best Test: 23.08%
Epoch: 400, Loss: 0.0000, Train: 19.54%, Valid: 20.00%, Test: 20.12%, Best Valid: 36.00%, Best Test: 23.08%
Epoch: 500, Loss: 0.0000, Train: 16.33%, Valid: 28.00%, Test: 17.64%, Best Valid: 36.00%, Best Test: 23.08%
Epoch: 600, Loss: 0.0001, Train: 17.43%, Valid: 16.00%, Test: 19.01%, Best Valid: 36.00%, Best Test: 23.08%
Epoch: 700, Loss: 0.0000, Train: 16.63%, Valid: 16.00%, Test: 18.13%, Best Valid: 36.00%, Best Test: 23.08%
Epoch: 800, Loss: 0.0002, Train: 20.97%, Valid: 20.00%, Test: 21.80%, Best Valid: 36.00%, Best Test: 23.08%
Epoch: 900, Loss: 0.0000, Train: 17.03%, Valid: 16.00%, Test: 17.79%, Best Valid: 36.00%, Best Test: 23.08%
Epoch: 1000, Loss: 0.0468, Train: 17.58%, Valid: 20.00%, Test: 18.41%, Best Valid: 36.00%, Best Test: 23.08%
Epoch: 1100, Loss: 0.0000, Train: 14.27%, Valid: 12.00%, Test: 15.27%, Best Valid: 36.00%, Best Test: 23.08%
Epoch: 1200, Loss: 0.0000, Train: 14.36%, Valid: 16.00%, Test: 15.35%, Best Valid: 36.00%, Best Test: 23.08%
Epoch: 1300, Loss: 0.0000, Train: 14.40%, Valid: 16.00%, Test: 15.37%, Best Valid: 36.00%, Best Test: 23.08%
Epoch: 1400, Loss: 0.0000, Train: 19.67%, Valid: 16.00%, Test: 20.28%, Best Valid: 36.00%, Best Test: 23.08%
Epoch: 1500, Loss: 0.0000, Train: 19.79%, Valid: 12.00%, Test: 20.35%, Best Valid: 36.00%, Best Test: 23.08%
Epoch: 1600, Loss: 0.0000, Train: 19.75%, Valid: 12.00%, Test: 20.40%, Best Valid: 36.00%, Best Test: 23.08%
Epoch: 1700, Loss: 0.0000, Train: 19.75%, Valid: 12.00%, Test: 20.41%, Best Valid: 36.00%, Best Test: 23.08%
Epoch: 1800, Loss: 0.0000, Train: 19.62%, Valid: 12.00%, Test: 20.17%, Best Valid: 36.00%, Best Test: 23.08%
Epoch: 1900, Loss: 0.0000, Train: 19.59%, Valid: 12.00%, Test: 20.10%, Best Valid: 36.00%, Best Test: 23.08%
Epoch: 2000, Loss: 0.0000, Train: 19.41%, Valid: 12.00%, Test: 20.07%, Best Valid: 36.00%, Best Test: 23.08%
Epoch: 2100, Loss: 0.0000, Train: 19.46%, Valid: 16.00%, Test: 20.15%, Best Valid: 36.00%, Best Test: 23.08%
Epoch: 2200, Loss: 0.0000, Train: 19.46%, Valid: 12.00%, Test: 20.15%, Best Valid: 36.00%, Best Test: 23.08%
Epoch: 2300, Loss: 0.0000, Train: 19.72%, Valid: 16.00%, Test: 20.35%, Best Valid: 36.00%, Best Test: 23.08%
Epoch: 2400, Loss: 0.0000, Train: 17.73%, Valid: 28.00%, Test: 18.88%, Best Valid: 36.00%, Best Test: 23.08%
Epoch: 2500, Loss: 0.5115, Train: 21.22%, Valid: 8.00%, Test: 21.23%, Best Valid: 40.00%, Best Test: 24.96%
Epoch: 2600, Loss: 0.0000, Train: 22.07%, Valid: 16.00%, Test: 22.90%, Best Valid: 40.00%, Best Test: 24.96%
Run 06:
Highest Train: 36.55
Highest Valid: 40.00
Highest Test: 36.70
Chosen epoch: 2459
Final Train: 24.60
Final Test: 24.96
Label budget: 5/class -> 25 train nodes
Matched-budget validation: 25 valid nodes
Pre-training MLP for 500 epochs to generate co-occurrence matrix...
MLP pre-training complete. Penalty matrix frozen.
Epoch: 00, Loss: 2.5584, Train: 21.79%, Valid: 16.00%, Test: 20.17%, Best Valid: 16.00%, Best Test: 20.17%
Epoch: 100, Loss: 0.0008, Train: 22.26%, Valid: 16.00%, Test: 20.27%, Best Valid: 32.00%, Best Test: 11.91%
Switching Polynormer to global attention phase.
Epoch: 200, Loss: 2.2932, Train: 26.28%, Valid: 24.00%, Test: 26.54%, Best Valid: 32.00%, Best Test: 11.91%
Epoch: 300, Loss: 0.0029, Train: 18.10%, Valid: 24.00%, Test: 17.67%, Best Valid: 36.00%, Best Test: 16.71%
Epoch: 400, Loss: 0.0003, Train: 23.85%, Valid: 20.00%, Test: 22.73%, Best Valid: 36.00%, Best Test: 16.71%
Epoch: 500, Loss: 0.0001, Train: 23.34%, Valid: 28.00%, Test: 21.72%, Best Valid: 36.00%, Best Test: 16.71%
Epoch: 600, Loss: 0.0000, Train: 22.93%, Valid: 32.00%, Test: 21.53%, Best Valid: 36.00%, Best Test: 16.71%
Epoch: 700, Loss: 0.0000, Train: 22.48%, Valid: 32.00%, Test: 21.17%, Best Valid: 36.00%, Best Test: 16.71%
Epoch: 800, Loss: 0.0000, Train: 22.54%, Valid: 32.00%, Test: 21.05%, Best Valid: 36.00%, Best Test: 16.71%
Epoch: 900, Loss: 0.0000, Train: 22.55%, Valid: 28.00%, Test: 21.05%, Best Valid: 36.00%, Best Test: 16.71%
Epoch: 1000, Loss: 0.0000, Train: 22.71%, Valid: 28.00%, Test: 21.04%, Best Valid: 36.00%, Best Test: 16.71%
Epoch: 1100, Loss: 0.0000, Train: 23.98%, Valid: 28.00%, Test: 22.23%, Best Valid: 36.00%, Best Test: 16.71%
Epoch: 1200, Loss: 0.2629, Train: 24.10%, Valid: 28.00%, Test: 22.06%, Best Valid: 36.00%, Best Test: 16.71%
Epoch: 1300, Loss: 3.9769, Train: 30.38%, Valid: 24.00%, Test: 28.76%, Best Valid: 36.00%, Best Test: 16.71%
Epoch: 1400, Loss: 0.0000, Train: 17.80%, Valid: 16.00%, Test: 16.85%, Best Valid: 36.00%, Best Test: 16.71%
Epoch: 1500, Loss: 0.0000, Train: 17.09%, Valid: 16.00%, Test: 16.30%, Best Valid: 36.00%, Best Test: 16.71%
Epoch: 1600, Loss: 0.0000, Train: 17.09%, Valid: 16.00%, Test: 16.27%, Best Valid: 36.00%, Best Test: 16.71%
Epoch: 1700, Loss: 0.0000, Train: 17.12%, Valid: 16.00%, Test: 16.30%, Best Valid: 36.00%, Best Test: 16.71%
Epoch: 1800, Loss: 0.0000, Train: 17.13%, Valid: 16.00%, Test: 16.32%, Best Valid: 36.00%, Best Test: 16.71%
Epoch: 1900, Loss: 0.0000, Train: 17.13%, Valid: 16.00%, Test: 16.36%, Best Valid: 36.00%, Best Test: 16.71%
Epoch: 2000, Loss: 0.0000, Train: 17.10%, Valid: 16.00%, Test: 16.33%, Best Valid: 36.00%, Best Test: 16.71%
Epoch: 2100, Loss: 0.0000, Train: 17.10%, Valid: 16.00%, Test: 16.30%, Best Valid: 36.00%, Best Test: 16.71%
Epoch: 2200, Loss: 0.0000, Train: 16.70%, Valid: 16.00%, Test: 15.89%, Best Valid: 36.00%, Best Test: 16.71%
Epoch: 2300, Loss: 0.0000, Train: 16.96%, Valid: 16.00%, Test: 16.17%, Best Valid: 36.00%, Best Test: 16.71%
Epoch: 2400, Loss: 0.0000, Train: 16.98%, Valid: 16.00%, Test: 16.23%, Best Valid: 36.00%, Best Test: 16.71%
Epoch: 2500, Loss: 0.0000, Train: 17.04%, Valid: 16.00%, Test: 16.23%, Best Valid: 36.00%, Best Test: 16.71%
Epoch: 2600, Loss: 0.0000, Train: 17.01%, Valid: 16.00%, Test: 16.23%, Best Valid: 36.00%, Best Test: 16.71%
Run 07:
Highest Train: 36.80
Highest Valid: 36.00
Highest Test: 36.81
Chosen epoch: 266
Final Train: 17.80
Final Test: 16.71
Label budget: 5/class -> 25 train nodes
Matched-budget validation: 25 valid nodes
Pre-training MLP for 500 epochs to generate co-occurrence matrix...
MLP pre-training complete. Penalty matrix frozen.
Epoch: 00, Loss: 2.8446, Train: 26.58%, Valid: 20.00%, Test: 26.74%, Best Valid: 20.00%, Best Test: 26.74%
Epoch: 100, Loss: 0.0021, Train: 25.96%, Valid: 32.00%, Test: 25.15%, Best Valid: 52.00%, Best Test: 20.43%
Switching Polynormer to global attention phase.
Epoch: 200, Loss: 2.3596, Train: 24.47%, Valid: 20.00%, Test: 24.37%, Best Valid: 52.00%, Best Test: 20.43%
Epoch: 300, Loss: 0.0005, Train: 20.31%, Valid: 52.00%, Test: 20.22%, Best Valid: 52.00%, Best Test: 20.43%
Epoch: 400, Loss: 0.0002, Train: 17.25%, Valid: 40.00%, Test: 16.79%, Best Valid: 52.00%, Best Test: 20.43%
Epoch: 500, Loss: 0.0000, Train: 25.24%, Valid: 32.00%, Test: 24.45%, Best Valid: 52.00%, Best Test: 20.43%
Epoch: 600, Loss: 0.0000, Train: 24.86%, Valid: 28.00%, Test: 24.20%, Best Valid: 52.00%, Best Test: 20.43%
Epoch: 700, Loss: 0.0000, Train: 24.85%, Valid: 28.00%, Test: 24.25%, Best Valid: 52.00%, Best Test: 20.43%
Epoch: 800, Loss: 0.0000, Train: 23.92%, Valid: 24.00%, Test: 22.67%, Best Valid: 52.00%, Best Test: 20.43%
Epoch: 900, Loss: 0.0000, Train: 23.73%, Valid: 24.00%, Test: 22.64%, Best Valid: 52.00%, Best Test: 20.43%
Epoch: 1000, Loss: 0.0000, Train: 23.73%, Valid: 24.00%, Test: 22.64%, Best Valid: 52.00%, Best Test: 20.43%
Epoch: 1100, Loss: 0.0000, Train: 21.76%, Valid: 28.00%, Test: 20.86%, Best Valid: 52.00%, Best Test: 20.43%
Epoch: 1200, Loss: 0.0000, Train: 21.62%, Valid: 32.00%, Test: 20.73%, Best Valid: 52.00%, Best Test: 20.43%
Epoch: 1300, Loss: 0.0000, Train: 21.62%, Valid: 32.00%, Test: 20.73%, Best Valid: 52.00%, Best Test: 20.43%
Epoch: 1400, Loss: 0.0000, Train: 21.62%, Valid: 32.00%, Test: 20.73%, Best Valid: 52.00%, Best Test: 20.43%
Epoch: 1500, Loss: 0.0000, Train: 21.62%, Valid: 32.00%, Test: 20.73%, Best Valid: 52.00%, Best Test: 20.43%
Epoch: 1600, Loss: 0.0019, Train: 17.33%, Valid: 36.00%, Test: 16.61%, Best Valid: 52.00%, Best Test: 20.43%
Epoch: 1700, Loss: 0.0000, Train: 22.46%, Valid: 32.00%, Test: 22.02%, Best Valid: 52.00%, Best Test: 20.43%
Epoch: 1800, Loss: 0.0000, Train: 22.41%, Valid: 32.00%, Test: 22.03%, Best Valid: 52.00%, Best Test: 20.43%
Epoch: 1900, Loss: 0.0000, Train: 22.41%, Valid: 32.00%, Test: 22.03%, Best Valid: 52.00%, Best Test: 20.43%
Epoch: 2000, Loss: 0.0000, Train: 22.41%, Valid: 32.00%, Test: 22.03%, Best Valid: 52.00%, Best Test: 20.43%
Epoch: 2100, Loss: 0.0000, Train: 25.13%, Valid: 36.00%, Test: 24.07%, Best Valid: 52.00%, Best Test: 20.43%
Epoch: 2200, Loss: 0.0000, Train: 20.10%, Valid: 40.00%, Test: 19.32%, Best Valid: 52.00%, Best Test: 20.43%
Epoch: 2300, Loss: 0.0000, Train: 27.49%, Valid: 28.00%, Test: 26.57%, Best Valid: 52.00%, Best Test: 20.43%
Epoch: 2400, Loss: 0.0000, Train: 19.32%, Valid: 44.00%, Test: 18.57%, Best Valid: 52.00%, Best Test: 20.43%
Epoch: 2500, Loss: 0.0000, Train: 18.52%, Valid: 40.00%, Test: 17.65%, Best Valid: 52.00%, Best Test: 20.43%
Epoch: 2600, Loss: 0.0000, Train: 18.51%, Valid: 40.00%, Test: 17.62%, Best Valid: 52.00%, Best Test: 20.43%
Run 08:
Highest Train: 36.80
Highest Valid: 52.00
Highest Test: 36.78
Chosen epoch: 60
Final Train: 20.50
Final Test: 20.43
Label budget: 5/class -> 25 train nodes
Matched-budget validation: 25 valid nodes
Pre-training MLP for 500 epochs to generate co-occurrence matrix...
MLP pre-training complete. Penalty matrix frozen.
Epoch: 00, Loss: 3.1300, Train: 15.34%, Valid: 12.00%, Test: 15.20%, Best Valid: 12.00%, Best Test: 15.20%
Epoch: 100, Loss: 0.0121, Train: 25.02%, Valid: 16.00%, Test: 24.82%, Best Valid: 36.00%, Best Test: 23.08%
Switching Polynormer to global attention phase.
Epoch: 200, Loss: 2.2279, Train: 36.18%, Valid: 20.00%, Test: 36.35%, Best Valid: 36.00%, Best Test: 23.08%
Epoch: 300, Loss: 0.0248, Train: 23.96%, Valid: 28.00%, Test: 25.58%, Best Valid: 36.00%, Best Test: 23.08%
Epoch: 400, Loss: 0.0003, Train: 20.99%, Valid: 20.00%, Test: 21.75%, Best Valid: 36.00%, Best Test: 23.08%
Epoch: 500, Loss: 0.0000, Train: 20.83%, Valid: 24.00%, Test: 21.85%, Best Valid: 36.00%, Best Test: 23.08%
Epoch: 600, Loss: 0.0000, Train: 17.86%, Valid: 20.00%, Test: 18.70%, Best Valid: 36.00%, Best Test: 23.08%
Epoch: 700, Loss: 0.0000, Train: 19.28%, Valid: 16.00%, Test: 19.92%, Best Valid: 36.00%, Best Test: 23.08%
Epoch: 800, Loss: 0.0000, Train: 24.07%, Valid: 20.00%, Test: 24.11%, Best Valid: 36.00%, Best Test: 23.08%
Epoch: 900, Loss: 0.0000, Train: 22.64%, Valid: 32.00%, Test: 23.34%, Best Valid: 36.00%, Best Test: 23.08%
Epoch: 1000, Loss: 0.0000, Train: 22.01%, Valid: 32.00%, Test: 22.93%, Best Valid: 36.00%, Best Test: 23.08%
Epoch: 1100, Loss: 0.0000, Train: 19.41%, Valid: 32.00%, Test: 19.66%, Best Valid: 36.00%, Best Test: 23.08%
Epoch: 1200, Loss: 0.0000, Train: 24.73%, Valid: 28.00%, Test: 25.10%, Best Valid: 36.00%, Best Test: 23.08%
Epoch: 1300, Loss: 0.1639, Train: 26.64%, Valid: 24.00%, Test: 26.38%, Best Valid: 36.00%, Best Test: 23.08%
Epoch: 1400, Loss: 0.0612, Train: 28.78%, Valid: 20.00%, Test: 28.34%, Best Valid: 36.00%, Best Test: 23.08%
Epoch: 1500, Loss: 0.0000, Train: 23.33%, Valid: 12.00%, Test: 22.31%, Best Valid: 36.00%, Best Test: 23.08%
Epoch: 1600, Loss: 0.0000, Train: 24.47%, Valid: 8.00%, Test: 23.80%, Best Valid: 36.00%, Best Test: 23.08%
Epoch: 1700, Loss: 0.0000, Train: 24.53%, Valid: 12.00%, Test: 23.94%, Best Valid: 36.00%, Best Test: 23.08%
Epoch: 1800, Loss: 0.0000, Train: 23.83%, Valid: 16.00%, Test: 23.06%, Best Valid: 36.00%, Best Test: 23.08%
Epoch: 1900, Loss: 0.0000, Train: 23.84%, Valid: 16.00%, Test: 23.08%, Best Valid: 36.00%, Best Test: 23.08%
Epoch: 2000, Loss: 0.0000, Train: 23.84%, Valid: 16.00%, Test: 23.08%, Best Valid: 36.00%, Best Test: 23.08%
Epoch: 2100, Loss: 0.0000, Train: 23.84%, Valid: 16.00%, Test: 23.06%, Best Valid: 36.00%, Best Test: 23.08%
Epoch: 2200, Loss: 0.0000, Train: 23.88%, Valid: 16.00%, Test: 23.08%, Best Valid: 36.00%, Best Test: 23.08%
Epoch: 2300, Loss: 0.0000, Train: 23.88%, Valid: 16.00%, Test: 23.08%, Best Valid: 36.00%, Best Test: 23.08%
Epoch: 2400, Loss: 0.0000, Train: 23.91%, Valid: 16.00%, Test: 23.04%, Best Valid: 36.00%, Best Test: 23.08%
Epoch: 2500, Loss: 0.0000, Train: 23.92%, Valid: 16.00%, Test: 23.08%, Best Valid: 36.00%, Best Test: 23.08%
Epoch: 2600, Loss: 0.0000, Train: 23.92%, Valid: 16.00%, Test: 23.09%, Best Valid: 36.00%, Best Test: 23.08%
Run 09:
Highest Train: 36.18
Highest Valid: 36.00
Highest Test: 36.35
Chosen epoch: 39
Final Train: 22.94
Final Test: 23.08
Label budget: 5/class -> 25 train nodes
Matched-budget validation: 25 valid nodes
Pre-training MLP for 500 epochs to generate co-occurrence matrix...
MLP pre-training complete. Penalty matrix frozen.
Epoch: 00, Loss: 3.1125, Train: 21.46%, Valid: 16.00%, Test: 20.56%, Best Valid: 16.00%, Best Test: 20.56%
Epoch: 100, Loss: 0.0032, Train: 23.33%, Valid: 28.00%, Test: 23.75%, Best Valid: 40.00%, Best Test: 15.68%
Switching Polynormer to global attention phase.
Epoch: 200, Loss: 2.2192, Train: 19.79%, Valid: 24.00%, Test: 19.78%, Best Valid: 40.00%, Best Test: 15.68%
Epoch: 300, Loss: 0.0004, Train: 20.31%, Valid: 20.00%, Test: 20.94%, Best Valid: 40.00%, Best Test: 15.68%
Epoch: 400, Loss: 0.0000, Train: 21.35%, Valid: 20.00%, Test: 20.28%, Best Valid: 40.00%, Best Test: 15.68%
Epoch: 500, Loss: 0.0000, Train: 22.30%, Valid: 20.00%, Test: 21.46%, Best Valid: 40.00%, Best Test: 15.68%
Epoch: 600, Loss: 0.0000, Train: 25.14%, Valid: 28.00%, Test: 25.02%, Best Valid: 40.00%, Best Test: 15.68%
Epoch: 700, Loss: 0.1316, Train: 23.98%, Valid: 24.00%, Test: 24.84%, Best Valid: 40.00%, Best Test: 15.68%
Epoch: 800, Loss: 0.0000, Train: 20.81%, Valid: 20.00%, Test: 20.92%, Best Valid: 40.00%, Best Test: 15.68%
Epoch: 900, Loss: 0.0000, Train: 15.46%, Valid: 36.00%, Test: 16.14%, Best Valid: 40.00%, Best Test: 15.68%
Epoch: 1000, Loss: 0.0001, Train: 17.92%, Valid: 20.00%, Test: 18.06%, Best Valid: 40.00%, Best Test: 15.68%
Epoch: 1100, Loss: 0.0000, Train: 22.73%, Valid: 28.00%, Test: 22.11%, Best Valid: 40.00%, Best Test: 15.68%
Epoch: 1200, Loss: 0.0000, Train: 22.86%, Valid: 28.00%, Test: 22.68%, Best Valid: 40.00%, Best Test: 15.68%
Epoch: 1300, Loss: 0.0000, Train: 19.61%, Valid: 20.00%, Test: 19.60%, Best Valid: 40.00%, Best Test: 15.68%
Epoch: 1400, Loss: 0.0000, Train: 19.62%, Valid: 20.00%, Test: 19.60%, Best Valid: 40.00%, Best Test: 15.68%
Epoch: 1500, Loss: 0.0000, Train: 19.61%, Valid: 20.00%, Test: 19.60%, Best Valid: 40.00%, Best Test: 15.68%
Epoch: 1600, Loss: 0.0000, Train: 19.15%, Valid: 20.00%, Test: 19.08%, Best Valid: 40.00%, Best Test: 15.68%
Epoch: 1700, Loss: 0.0000, Train: 19.16%, Valid: 20.00%, Test: 19.06%, Best Valid: 40.00%, Best Test: 15.68%
Epoch: 1800, Loss: 0.0000, Train: 16.93%, Valid: 16.00%, Test: 17.43%, Best Valid: 40.00%, Best Test: 15.68%
Epoch: 1900, Loss: 0.0000, Train: 14.09%, Valid: 24.00%, Test: 14.45%, Best Valid: 40.00%, Best Test: 15.68%
Epoch: 2000, Loss: 0.0000, Train: 18.16%, Valid: 20.00%, Test: 18.32%, Best Valid: 40.00%, Best Test: 15.68%
Epoch: 2100, Loss: 0.0000, Train: 18.14%, Valid: 20.00%, Test: 18.32%, Best Valid: 40.00%, Best Test: 15.68%
Epoch: 2200, Loss: 0.0000, Train: 18.14%, Valid: 20.00%, Test: 18.32%, Best Valid: 40.00%, Best Test: 15.68%
Epoch: 2300, Loss: 0.0000, Train: 18.14%, Valid: 20.00%, Test: 18.32%, Best Valid: 40.00%, Best Test: 15.68%
Epoch: 2400, Loss: 0.0000, Train: 18.11%, Valid: 20.00%, Test: 18.28%, Best Valid: 40.00%, Best Test: 15.68%
Epoch: 2500, Loss: 0.0000, Train: 18.10%, Valid: 20.00%, Test: 18.28%, Best Valid: 40.00%, Best Test: 15.68%
Epoch: 2600, Loss: 0.0000, Train: 18.04%, Valid: 24.00%, Test: 18.00%, Best Valid: 40.00%, Best Test: 15.68%
Run 10:
Highest Train: 36.93
Highest Valid: 40.00
Highest Test: 37.66
Chosen epoch: 57
Final Train: 16.17
Final Test: 15.68
All runs:
Highest Train: 36.48 ± 0.64
Highest Test: 36.60 ± 0.74
Highest Valid: 38.00 ± 5.73
  Final Train: 20.21 ± 4.04
   Final Test: 20.00 ± 4.30
Saving results to ../results/lowlabel_mv/amazon-ratings/polynormer.csv
--- mlp_reg | lambda=0.8 ---
Namespace(aggregate='add', alpha=0.5, attention='gcn', beta=-1.0, bn=False, budget_tag='5', count_reg=False, count_smoothing=1.0, cpu=False, data_dir='../data/', dataset='amazon-ratings', device=0, dim_inner=256, display_step=100, dropout=0.3, epochs=500, global_dropout=None, global_epochs=2500, global_layers=1, gnn='gcn', graph_weight=0.8, hidden_channels=256, hops=10, in_dropout=0.2, jk=False, label_num_per_class=20, lambda_val=0.8, layers=1, ln=False, local_epochs=200, local_gnn_type='GCN', local_layers=10, lr=0.001, metric='acc', mlp_epochs=500, mlp_reg=True, model='polynormer', model_dir='models/lowlabel_mv_1178247_55', n_heads=2, num_centroids=4096, num_heads=2, oracle_reg=False, paired_seeds=True, pe_types='RWSE', penalty_transform='none', pre_linear=False, pre_ln=False, rand_split=False, rand_split_class=False, reg_start_epoch=10, reg_update_freq=5, res=False, resample_split_per_run=False, result_dir='../results/lowlabel_mv', runs=10, save_model=True, save_result=False, seed=42, test_num=1000, tr_dropout=None, tr_layers=1, tr_weight_decay=None, train_per_class=5, train_prop=0.5, use_act=False, use_bn=False, use_graph=False, use_reg=True, use_residual=False, use_weight=False, valid_num=500, valid_per_class=5, valid_prop=0.25, weight_decay=0.0)
amazon-ratings
dataset amazon-ratings | num nodes 24492 | num edge 93050 | num node feats 300 | num classes 5
MODEL: Polynormer(
  (h_lins): ModuleList(
    (0): Linear(in_features=512, out_features=512, bias=True)
    (1): Linear(in_features=512, out_features=512, bias=True)
    (2): Linear(in_features=512, out_features=512, bias=True)
    (3): Linear(in_features=512, out_features=512, bias=True)
    (4): Linear(in_features=512, out_features=512, bias=True)
    (5): Linear(in_features=512, out_features=512, bias=True)
    (6): Linear(in_features=512, out_features=512, bias=True)
    (7): Linear(in_features=512, out_features=512, bias=True)
    (8): Linear(in_features=512, out_features=512, bias=True)
    (9): Linear(in_features=512, out_features=512, bias=True)
  )
  (local_convs): ModuleList(
    (0): GATConv(512, 256, heads=2)
    (1): GATConv(512, 256, heads=2)
    (2): GATConv(512, 256, heads=2)
    (3): GATConv(512, 256, heads=2)
    (4): GATConv(512, 256, heads=2)
    (5): GATConv(512, 256, heads=2)
    (6): GATConv(512, 256, heads=2)
    (7): GATConv(512, 256, heads=2)
    (8): GATConv(512, 256, heads=2)
    (9): GATConv(512, 256, heads=2)
  )
  (lins): ModuleList(
    (0): Linear(in_features=512, out_features=512, bias=True)
    (1): Linear(in_features=512, out_features=512, bias=True)
    (2): Linear(in_features=512, out_features=512, bias=True)
    (3): Linear(in_features=512, out_features=512, bias=True)
    (4): Linear(in_features=512, out_features=512, bias=True)
    (5): Linear(in_features=512, out_features=512, bias=True)
    (6): Linear(in_features=512, out_features=512, bias=True)
    (7): Linear(in_features=512, out_features=512, bias=True)
    (8): Linear(in_features=512, out_features=512, bias=True)
    (9): Linear(in_features=512, out_features=512, bias=True)
  )
  (lns): ModuleList(
    (0): LayerNorm((512,), eps=1e-05, elementwise_affine=True)
    (1): LayerNorm((512,), eps=1e-05, elementwise_affine=True)
    (2): LayerNorm((512,), eps=1e-05, elementwise_affine=True)
    (3): LayerNorm((512,), eps=1e-05, elementwise_affine=True)
    (4): LayerNorm((512,), eps=1e-05, elementwise_affine=True)
    (5): LayerNorm((512,), eps=1e-05, elementwise_affine=True)
    (6): LayerNorm((512,), eps=1e-05, elementwise_affine=True)
    (7): LayerNorm((512,), eps=1e-05, elementwise_affine=True)
    (8): LayerNorm((512,), eps=1e-05, elementwise_affine=True)
    (9): LayerNorm((512,), eps=1e-05, elementwise_affine=True)
  )
  (lin_in): Linear(in_features=300, out_features=512, bias=True)
  (ln): LayerNorm((512,), eps=1e-05, elementwise_affine=True)
  (global_attn): GlobalAttn(
    (h_lins): ModuleList(
      (0): Linear(in_features=512, out_features=512, bias=True)
    )
    (k_lins): ModuleList(
      (0): Linear(in_features=512, out_features=512, bias=True)
    )
    (v_lins): ModuleList(
      (0): Linear(in_features=512, out_features=512, bias=True)
    )
    (lns): ModuleList(
      (0): LayerNorm((512,), eps=1e-05, elementwise_affine=True)
    )
    (lin_out): Linear(in_features=512, out_features=512, bias=True)
  )
  (pred_local): Linear(in_features=512, out_features=5, bias=True)
  (pred_global): Linear(in_features=512, out_features=5, bias=True)
)
Label budget: 5/class -> 25 train nodes
Matched-budget validation: 25 valid nodes
Pre-training MLP for 500 epochs to generate co-occurrence matrix...
MLP pre-training complete. Penalty matrix frozen.
Epoch: 00, Loss: 4.0671, Train: 24.56%, Valid: 20.00%, Test: 24.66%, Best Valid: 20.00%, Best Test: 24.66%
Epoch: 100, Loss: 0.1334, Train: 20.84%, Valid: 28.00%, Test: 21.10%, Best Valid: 32.00%, Best Test: 14.29%
Switching Polynormer to global attention phase.
Epoch: 200, Loss: 2.9003, Train: 7.01%, Valid: 24.00%, Test: 6.96%, Best Valid: 32.00%, Best Test: 14.29%
Epoch: 300, Loss: 0.0010, Train: 19.58%, Valid: 20.00%, Test: 19.71%, Best Valid: 36.00%, Best Test: 18.28%
Epoch: 400, Loss: 0.0512, Train: 20.95%, Valid: 20.00%, Test: 21.25%, Best Valid: 44.00%, Best Test: 18.91%
Epoch: 500, Loss: 0.0001, Train: 15.75%, Valid: 24.00%, Test: 16.38%, Best Valid: 44.00%, Best Test: 18.91%
Epoch: 600, Loss: 0.0000, Train: 15.74%, Valid: 24.00%, Test: 16.35%, Best Valid: 44.00%, Best Test: 18.91%
Epoch: 700, Loss: 0.0000, Train: 15.67%, Valid: 24.00%, Test: 16.27%, Best Valid: 44.00%, Best Test: 18.91%
Epoch: 800, Loss: 0.0001, Train: 12.59%, Valid: 24.00%, Test: 12.76%, Best Valid: 44.00%, Best Test: 18.91%
Epoch: 900, Loss: 0.0000, Train: 13.02%, Valid: 28.00%, Test: 13.28%, Best Valid: 44.00%, Best Test: 18.91%
Epoch: 1000, Loss: 0.0000, Train: 13.03%, Valid: 28.00%, Test: 13.25%, Best Valid: 44.00%, Best Test: 18.91%
Epoch: 1100, Loss: 0.0000, Train: 13.06%, Valid: 28.00%, Test: 13.29%, Best Valid: 44.00%, Best Test: 18.91%
Epoch: 1200, Loss: 0.0000, Train: 13.05%, Valid: 28.00%, Test: 13.39%, Best Valid: 44.00%, Best Test: 18.91%
Epoch: 1300, Loss: 0.0000, Train: 13.05%, Valid: 28.00%, Test: 13.41%, Best Valid: 44.00%, Best Test: 18.91%
Epoch: 1400, Loss: 0.0000, Train: 12.99%, Valid: 28.00%, Test: 13.26%, Best Valid: 44.00%, Best Test: 18.91%
Epoch: 1500, Loss: 0.0000, Train: 13.04%, Valid: 28.00%, Test: 13.33%, Best Valid: 44.00%, Best Test: 18.91%
Epoch: 1600, Loss: 0.0000, Train: 13.35%, Valid: 28.00%, Test: 13.65%, Best Valid: 44.00%, Best Test: 18.91%
Epoch: 1700, Loss: 0.0000, Train: 13.35%, Valid: 28.00%, Test: 13.65%, Best Valid: 44.00%, Best Test: 18.91%
Epoch: 1800, Loss: 0.0000, Train: 13.27%, Valid: 28.00%, Test: 13.52%, Best Valid: 44.00%, Best Test: 18.91%
Epoch: 1900, Loss: 0.0000, Train: 13.40%, Valid: 28.00%, Test: 14.00%, Best Valid: 44.00%, Best Test: 18.91%
Epoch: 2000, Loss: 0.0000, Train: 13.38%, Valid: 28.00%, Test: 13.93%, Best Valid: 44.00%, Best Test: 18.91%
Epoch: 2100, Loss: 0.0000, Train: 13.39%, Valid: 28.00%, Test: 13.88%, Best Valid: 44.00%, Best Test: 18.91%
Epoch: 2200, Loss: 0.0000, Train: 13.41%, Valid: 28.00%, Test: 13.91%, Best Valid: 44.00%, Best Test: 18.91%
Epoch: 2300, Loss: 0.0000, Train: 13.33%, Valid: 28.00%, Test: 13.67%, Best Valid: 44.00%, Best Test: 18.91%
Epoch: 2400, Loss: 0.0000, Train: 13.35%, Valid: 28.00%, Test: 13.78%, Best Valid: 44.00%, Best Test: 18.91%
Epoch: 2500, Loss: 0.0000, Train: 13.36%, Valid: 28.00%, Test: 13.82%, Best Valid: 44.00%, Best Test: 18.91%
Epoch: 2600, Loss: 0.0000, Train: 13.51%, Valid: 28.00%, Test: 14.19%, Best Valid: 44.00%, Best Test: 18.91%
Run 01:
Highest Train: 36.30
Highest Valid: 44.00
Highest Test: 36.55
Chosen epoch: 385
Final Train: 18.01
Final Test: 18.91
Label budget: 5/class -> 25 train nodes
Matched-budget validation: 25 valid nodes
Pre-training MLP for 500 epochs to generate co-occurrence matrix...
MLP pre-training complete. Penalty matrix frozen.
Epoch: 00, Loss: 2.9923, Train: 35.78%, Valid: 20.00%, Test: 35.98%, Best Valid: 20.00%, Best Test: 35.98%
Epoch: 100, Loss: 0.0063, Train: 22.01%, Valid: 20.00%, Test: 22.68%, Best Valid: 32.00%, Best Test: 18.00%
Switching Polynormer to global attention phase.
Epoch: 200, Loss: 2.9014, Train: 4.97%, Valid: 20.00%, Test: 5.00%, Best Valid: 32.00%, Best Test: 18.00%
Epoch: 300, Loss: 0.0631, Train: 22.15%, Valid: 20.00%, Test: 22.88%, Best Valid: 32.00%, Best Test: 18.00%
Epoch: 400, Loss: 0.0001, Train: 26.78%, Valid: 24.00%, Test: 28.11%, Best Valid: 32.00%, Best Test: 18.00%
Epoch: 500, Loss: 0.0815, Train: 25.34%, Valid: 32.00%, Test: 26.16%, Best Valid: 36.00%, Best Test: 25.12%
Epoch: 600, Loss: 0.0758, Train: 19.12%, Valid: 28.00%, Test: 20.30%, Best Valid: 36.00%, Best Test: 25.12%
Epoch: 700, Loss: 0.0000, Train: 20.29%, Valid: 32.00%, Test: 20.68%, Best Valid: 36.00%, Best Test: 25.12%
Epoch: 800, Loss: 0.0000, Train: 20.37%, Valid: 28.00%, Test: 20.79%, Best Valid: 36.00%, Best Test: 25.12%
Epoch: 900, Loss: 0.0000, Train: 20.55%, Valid: 28.00%, Test: 21.00%, Best Valid: 36.00%, Best Test: 25.12%
Epoch: 1000, Loss: 0.0688, Train: 23.28%, Valid: 24.00%, Test: 24.33%, Best Valid: 36.00%, Best Test: 25.12%
Epoch: 1100, Loss: 0.0000, Train: 19.68%, Valid: 12.00%, Test: 20.73%, Best Valid: 36.00%, Best Test: 25.12%
Epoch: 1200, Loss: 0.0000, Train: 19.78%, Valid: 16.00%, Test: 20.56%, Best Valid: 36.00%, Best Test: 25.12%
Epoch: 1300, Loss: 0.0000, Train: 19.79%, Valid: 16.00%, Test: 20.58%, Best Valid: 36.00%, Best Test: 25.12%
Epoch: 1400, Loss: 0.0000, Train: 19.48%, Valid: 16.00%, Test: 20.41%, Best Valid: 36.00%, Best Test: 25.12%
Epoch: 1500, Loss: 0.0000, Train: 20.84%, Valid: 12.00%, Test: 21.41%, Best Valid: 36.00%, Best Test: 25.12%
Epoch: 1600, Loss: 0.0000, Train: 19.91%, Valid: 20.00%, Test: 21.25%, Best Valid: 36.00%, Best Test: 25.12%
Epoch: 1700, Loss: 0.4033, Train: 20.91%, Valid: 8.00%, Test: 20.87%, Best Valid: 36.00%, Best Test: 25.12%
Epoch: 1800, Loss: 0.0000, Train: 26.36%, Valid: 24.00%, Test: 26.39%, Best Valid: 36.00%, Best Test: 25.12%
Epoch: 1900, Loss: 0.0000, Train: 24.34%, Valid: 24.00%, Test: 24.38%, Best Valid: 36.00%, Best Test: 25.12%
Epoch: 2000, Loss: 0.0000, Train: 22.32%, Valid: 28.00%, Test: 22.31%, Best Valid: 36.00%, Best Test: 25.12%
Epoch: 2100, Loss: 0.0000, Train: 24.29%, Valid: 32.00%, Test: 24.66%, Best Valid: 36.00%, Best Test: 25.12%
Epoch: 2200, Loss: 0.0000, Train: 24.26%, Valid: 32.00%, Test: 24.64%, Best Valid: 36.00%, Best Test: 25.12%
Epoch: 2300, Loss: 0.0000, Train: 24.26%, Valid: 32.00%, Test: 24.66%, Best Valid: 36.00%, Best Test: 25.12%
Epoch: 2400, Loss: 0.0000, Train: 24.23%, Valid: 32.00%, Test: 24.64%, Best Valid: 36.00%, Best Test: 25.12%
Epoch: 2500, Loss: 0.0000, Train: 24.23%, Valid: 32.00%, Test: 24.64%, Best Valid: 36.00%, Best Test: 25.12%
Epoch: 2600, Loss: 0.0000, Train: 24.22%, Valid: 32.00%, Test: 24.64%, Best Valid: 36.00%, Best Test: 25.12%
Run 02:
Highest Train: 36.79
Highest Valid: 36.00
Highest Test: 36.80
Chosen epoch: 497
Final Train: 24.62
Final Test: 25.12
Label budget: 5/class -> 25 train nodes
Matched-budget validation: 25 valid nodes
Pre-training MLP for 500 epochs to generate co-occurrence matrix...
MLP pre-training complete. Penalty matrix frozen.
Epoch: 00, Loss: 4.2336, Train: 17.79%, Valid: 20.00%, Test: 18.05%, Best Valid: 20.00%, Best Test: 18.05%
Epoch: 100, Loss: 0.0023, Train: 23.59%, Valid: 20.00%, Test: 23.14%, Best Valid: 32.00%, Best Test: 20.02%
Switching Polynormer to global attention phase.
Epoch: 200, Loss: 2.9193, Train: 36.79%, Valid: 20.00%, Test: 36.80%, Best Valid: 32.00%, Best Test: 20.02%
Epoch: 300, Loss: 0.5223, Train: 21.56%, Valid: 16.00%, Test: 21.74%, Best Valid: 32.00%, Best Test: 20.02%
Epoch: 400, Loss: 0.0000, Train: 25.01%, Valid: 20.00%, Test: 24.61%, Best Valid: 32.00%, Best Test: 20.02%
Epoch: 500, Loss: 0.0000, Train: 23.20%, Valid: 20.00%, Test: 22.77%, Best Valid: 32.00%, Best Test: 20.02%
Epoch: 600, Loss: 0.0026, Train: 20.72%, Valid: 24.00%, Test: 20.25%, Best Valid: 32.00%, Best Test: 20.02%
Epoch: 700, Loss: 0.0000, Train: 22.78%, Valid: 20.00%, Test: 22.72%, Best Valid: 32.00%, Best Test: 20.02%
Epoch: 800, Loss: 0.0000, Train: 21.01%, Valid: 16.00%, Test: 20.77%, Best Valid: 32.00%, Best Test: 20.02%
Epoch: 900, Loss: 0.2721, Train: 23.74%, Valid: 20.00%, Test: 23.39%, Best Valid: 32.00%, Best Test: 20.02%
Epoch: 1000, Loss: 0.0000, Train: 19.96%, Valid: 16.00%, Test: 20.19%, Best Valid: 32.00%, Best Test: 20.02%
Epoch: 1100, Loss: 0.0000, Train: 20.01%, Valid: 16.00%, Test: 20.28%, Best Valid: 32.00%, Best Test: 20.02%
Epoch: 1200, Loss: 0.0018, Train: 19.88%, Valid: 32.00%, Test: 19.52%, Best Valid: 32.00%, Best Test: 20.02%
Epoch: 1300, Loss: 0.0097, Train: 24.65%, Valid: 16.00%, Test: 24.55%, Best Valid: 32.00%, Best Test: 20.02%
Epoch: 1400, Loss: 0.0000, Train: 23.15%, Valid: 24.00%, Test: 22.83%, Best Valid: 32.00%, Best Test: 20.02%
Epoch: 1500, Loss: 0.0000, Train: 23.28%, Valid: 24.00%, Test: 22.88%, Best Valid: 32.00%, Best Test: 20.02%
Epoch: 1600, Loss: 0.0000, Train: 23.37%, Valid: 24.00%, Test: 22.90%, Best Valid: 32.00%, Best Test: 20.02%
Epoch: 1700, Loss: 0.0000, Train: 23.44%, Valid: 24.00%, Test: 23.04%, Best Valid: 32.00%, Best Test: 20.02%
Epoch: 1800, Loss: 0.0000, Train: 23.61%, Valid: 20.00%, Test: 23.19%, Best Valid: 32.00%, Best Test: 20.02%
Epoch: 1900, Loss: 0.0000, Train: 23.75%, Valid: 20.00%, Test: 23.32%, Best Valid: 32.00%, Best Test: 20.02%
Epoch: 2000, Loss: 0.0000, Train: 23.75%, Valid: 20.00%, Test: 23.37%, Best Valid: 32.00%, Best Test: 20.02%
Epoch: 2100, Loss: 0.0000, Train: 23.78%, Valid: 20.00%, Test: 23.39%, Best Valid: 32.00%, Best Test: 20.02%
Epoch: 2200, Loss: 0.0000, Train: 23.79%, Valid: 20.00%, Test: 23.40%, Best Valid: 32.00%, Best Test: 20.02%
Epoch: 2300, Loss: 0.0000, Train: 23.78%, Valid: 24.00%, Test: 23.37%, Best Valid: 32.00%, Best Test: 20.02%
Epoch: 2400, Loss: 0.0000, Train: 23.80%, Valid: 24.00%, Test: 23.37%, Best Valid: 32.00%, Best Test: 20.02%
Epoch: 2500, Loss: 0.0000, Train: 23.80%, Valid: 24.00%, Test: 23.37%, Best Valid: 32.00%, Best Test: 20.02%
Epoch: 2600, Loss: 0.0000, Train: 23.80%, Valid: 24.00%, Test: 23.40%, Best Valid: 32.00%, Best Test: 20.02%
Run 03:
Highest Train: 36.79
Highest Valid: 32.00
Highest Test: 36.80
Chosen epoch: 4
Final Train: 19.64
Final Test: 20.02
Label budget: 5/class -> 25 train nodes
Matched-budget validation: 25 valid nodes
Pre-training MLP for 500 epochs to generate co-occurrence matrix...
MLP pre-training complete. Penalty matrix frozen.
Epoch: 00, Loss: 3.3207, Train: 24.91%, Valid: 24.00%, Test: 25.40%, Best Valid: 24.00%, Best Test: 25.40%
Epoch: 100, Loss: 0.0005, Train: 21.21%, Valid: 16.00%, Test: 19.92%, Best Valid: 36.00%, Best Test: 6.29%
Switching Polynormer to global attention phase.
Epoch: 200, Loss: 2.8679, Train: 9.59%, Valid: 12.00%, Test: 9.29%, Best Valid: 36.00%, Best Test: 6.29%
Epoch: 300, Loss: 0.5123, Train: 25.04%, Valid: 24.00%, Test: 23.42%, Best Valid: 40.00%, Best Test: 26.00%
Epoch: 400, Loss: 0.0549, Train: 24.32%, Valid: 32.00%, Test: 23.93%, Best Valid: 40.00%, Best Test: 26.00%
Epoch: 500, Loss: 0.0000, Train: 26.18%, Valid: 28.00%, Test: 24.91%, Best Valid: 40.00%, Best Test: 26.00%
Epoch: 600, Loss: 0.0000, Train: 26.11%, Valid: 28.00%, Test: 24.68%, Best Valid: 40.00%, Best Test: 26.00%
Epoch: 700, Loss: 0.0000, Train: 23.01%, Valid: 28.00%, Test: 21.84%, Best Valid: 40.00%, Best Test: 26.00%
Epoch: 800, Loss: 0.0000, Train: 22.98%, Valid: 28.00%, Test: 21.87%, Best Valid: 40.00%, Best Test: 26.00%
Epoch: 900, Loss: 0.0000, Train: 22.95%, Valid: 28.00%, Test: 21.79%, Best Valid: 40.00%, Best Test: 26.00%
Epoch: 1000, Loss: 0.0000, Train: 22.63%, Valid: 28.00%, Test: 21.46%, Best Valid: 40.00%, Best Test: 26.00%
Epoch: 1100, Loss: 0.0000, Train: 22.66%, Valid: 28.00%, Test: 21.49%, Best Valid: 40.00%, Best Test: 26.00%
Epoch: 1200, Loss: 0.0575, Train: 20.49%, Valid: 24.00%, Test: 19.96%, Best Valid: 40.00%, Best Test: 26.00%
Epoch: 1300, Loss: 0.0038, Train: 19.33%, Valid: 36.00%, Test: 18.72%, Best Valid: 44.00%, Best Test: 25.41%
Epoch: 1400, Loss: 0.0000, Train: 29.69%, Valid: 36.00%, Test: 28.87%, Best Valid: 44.00%, Best Test: 25.41%
Epoch: 1500, Loss: 0.0000, Train: 29.68%, Valid: 36.00%, Test: 28.96%, Best Valid: 44.00%, Best Test: 25.41%
Epoch: 1600, Loss: 0.0000, Train: 27.18%, Valid: 28.00%, Test: 26.75%, Best Valid: 44.00%, Best Test: 25.41%
Epoch: 1700, Loss: 0.0006, Train: 30.17%, Valid: 24.00%, Test: 29.41%, Best Valid: 44.00%, Best Test: 25.41%
Epoch: 1800, Loss: 0.0000, Train: 26.98%, Valid: 28.00%, Test: 26.59%, Best Valid: 44.00%, Best Test: 25.41%
Epoch: 1900, Loss: 0.0000, Train: 29.34%, Valid: 16.00%, Test: 28.92%, Best Valid: 44.00%, Best Test: 25.41%
Epoch: 2000, Loss: 0.0000, Train: 29.31%, Valid: 20.00%, Test: 28.81%, Best Valid: 44.00%, Best Test: 25.41%
Epoch: 2100, Loss: 0.0000, Train: 29.34%, Valid: 20.00%, Test: 28.79%, Best Valid: 44.00%, Best Test: 25.41%
Epoch: 2200, Loss: 0.0000, Train: 29.32%, Valid: 20.00%, Test: 28.86%, Best Valid: 44.00%, Best Test: 25.41%
Epoch: 2300, Loss: 0.0000, Train: 29.44%, Valid: 28.00%, Test: 29.27%, Best Valid: 44.00%, Best Test: 25.41%
Epoch: 2400, Loss: 0.0000, Train: 29.44%, Valid: 28.00%, Test: 29.25%, Best Valid: 44.00%, Best Test: 25.41%
Epoch: 2500, Loss: 0.0000, Train: 29.41%, Valid: 28.00%, Test: 29.22%, Best Valid: 44.00%, Best Test: 25.41%
Epoch: 2600, Loss: 0.0000, Train: 29.36%, Valid: 28.00%, Test: 29.22%, Best Valid: 44.00%, Best Test: 25.41%
Run 04:
Highest Train: 34.31
Highest Valid: 44.00
Highest Test: 34.80
Chosen epoch: 1294
Final Train: 25.53
Final Test: 25.41
Label budget: 5/class -> 25 train nodes
Matched-budget validation: 25 valid nodes
Pre-training MLP for 500 epochs to generate co-occurrence matrix...
MLP pre-training complete. Penalty matrix frozen.
Epoch: 00, Loss: 3.5008, Train: 18.69%, Valid: 28.00%, Test: 18.14%, Best Valid: 28.00%, Best Test: 18.14%
Epoch: 100, Loss: 0.0029, Train: 20.17%, Valid: 24.00%, Test: 21.05%, Best Valid: 28.00%, Best Test: 18.14%
Switching Polynormer to global attention phase.
Epoch: 200, Loss: 2.9878, Train: 22.93%, Valid: 20.00%, Test: 22.93%, Best Valid: 28.00%, Best Test: 18.14%
Epoch: 300, Loss: 0.0027, Train: 21.99%, Valid: 12.00%, Test: 22.15%, Best Valid: 28.00%, Best Test: 18.14%
Epoch: 400, Loss: 0.0000, Train: 24.49%, Valid: 12.00%, Test: 25.38%, Best Valid: 28.00%, Best Test: 18.14%
Epoch: 500, Loss: 0.0010, Train: 20.17%, Valid: 24.00%, Test: 20.59%, Best Valid: 28.00%, Best Test: 18.14%
Epoch: 600, Loss: 0.0058, Train: 21.76%, Valid: 20.00%, Test: 22.78%, Best Valid: 28.00%, Best Test: 18.14%
Epoch: 700, Loss: 0.0000, Train: 22.02%, Valid: 16.00%, Test: 22.05%, Best Valid: 32.00%, Best Test: 21.05%
Epoch: 800, Loss: 0.0009, Train: 18.50%, Valid: 12.00%, Test: 19.03%, Best Valid: 32.00%, Best Test: 21.05%
Epoch: 900, Loss: 0.0003, Train: 15.45%, Valid: 12.00%, Test: 16.22%, Best Valid: 32.00%, Best Test: 21.05%
Epoch: 1000, Loss: 0.0000, Train: 15.16%, Valid: 8.00%, Test: 15.43%, Best Valid: 32.00%, Best Test: 21.05%
Epoch: 1100, Loss: 0.0000, Train: 15.16%, Valid: 8.00%, Test: 15.38%, Best Valid: 32.00%, Best Test: 21.05%
Epoch: 1200, Loss: 0.0000, Train: 15.05%, Valid: 8.00%, Test: 15.22%, Best Valid: 32.00%, Best Test: 21.05%
Epoch: 1300, Loss: 0.0000, Train: 14.99%, Valid: 8.00%, Test: 15.24%, Best Valid: 32.00%, Best Test: 21.05%
Epoch: 1400, Loss: 0.0000, Train: 15.01%, Valid: 8.00%, Test: 15.24%, Best Valid: 32.00%, Best Test: 21.05%
Epoch: 1500, Loss: 0.0000, Train: 15.06%, Valid: 8.00%, Test: 15.27%, Best Valid: 32.00%, Best Test: 21.05%
Epoch: 1600, Loss: 0.0000, Train: 15.05%, Valid: 8.00%, Test: 15.30%, Best Valid: 32.00%, Best Test: 21.05%
Epoch: 1700, Loss: 0.0000, Train: 14.99%, Valid: 8.00%, Test: 15.27%, Best Valid: 32.00%, Best Test: 21.05%
Epoch: 1800, Loss: 0.0000, Train: 15.01%, Valid: 8.00%, Test: 15.20%, Best Valid: 32.00%, Best Test: 21.05%
Epoch: 1900, Loss: 0.0000, Train: 15.06%, Valid: 8.00%, Test: 15.29%, Best Valid: 32.00%, Best Test: 21.05%
Epoch: 2000, Loss: 0.0000, Train: 15.01%, Valid: 8.00%, Test: 15.20%, Best Valid: 32.00%, Best Test: 21.05%
Epoch: 2100, Loss: 0.0000, Train: 15.01%, Valid: 8.00%, Test: 15.19%, Best Valid: 32.00%, Best Test: 21.05%
Epoch: 2200, Loss: 0.0000, Train: 15.23%, Valid: 8.00%, Test: 15.42%, Best Valid: 32.00%, Best Test: 21.05%
Epoch: 2300, Loss: 0.0000, Train: 15.26%, Valid: 8.00%, Test: 15.50%, Best Valid: 32.00%, Best Test: 21.05%
Epoch: 2400, Loss: 0.0000, Train: 15.24%, Valid: 8.00%, Test: 15.47%, Best Valid: 32.00%, Best Test: 21.05%
Epoch: 2500, Loss: 0.0000, Train: 15.23%, Valid: 8.00%, Test: 15.45%, Best Valid: 32.00%, Best Test: 21.05%
Epoch: 2600, Loss: 0.0000, Train: 15.25%, Valid: 8.00%, Test: 15.50%, Best Valid: 32.00%, Best Test: 21.05%
Run 05:
Highest Train: 36.79
Highest Valid: 32.00
Highest Test: 36.81
Chosen epoch: 610
Final Train: 20.70
Final Test: 21.05
Label budget: 5/class -> 25 train nodes
Matched-budget validation: 25 valid nodes
Pre-training MLP for 500 epochs to generate co-occurrence matrix...
MLP pre-training complete. Penalty matrix frozen.
Epoch: 00, Loss: 3.7304, Train: 22.20%, Valid: 28.00%, Test: 22.60%, Best Valid: 28.00%, Best Test: 22.60%
Epoch: 100, Loss: 0.0172, Train: 19.99%, Valid: 16.00%, Test: 20.37%, Best Valid: 36.00%, Best Test: 26.70%
Switching Polynormer to global attention phase.
Epoch: 200, Loss: 2.9566, Train: 4.33%, Valid: 20.00%, Test: 4.34%, Best Valid: 36.00%, Best Test: 26.70%
Epoch: 300, Loss: 0.3271, Train: 14.25%, Valid: 8.00%, Test: 14.60%, Best Valid: 44.00%, Best Test: 25.33%
Epoch: 400, Loss: 0.0002, Train: 20.73%, Valid: 28.00%, Test: 20.92%, Best Valid: 44.00%, Best Test: 25.33%
Epoch: 500, Loss: 0.0002, Train: 20.83%, Valid: 28.00%, Test: 21.23%, Best Valid: 44.00%, Best Test: 25.33%
Epoch: 600, Loss: 0.0000, Train: 20.74%, Valid: 28.00%, Test: 21.39%, Best Valid: 44.00%, Best Test: 25.33%
Epoch: 700, Loss: 0.0000, Train: 21.17%, Valid: 28.00%, Test: 21.53%, Best Valid: 44.00%, Best Test: 25.33%
Epoch: 800, Loss: 0.0000, Train: 21.17%, Valid: 28.00%, Test: 21.44%, Best Valid: 44.00%, Best Test: 25.33%
Epoch: 900, Loss: 0.0000, Train: 21.26%, Valid: 24.00%, Test: 21.62%, Best Valid: 44.00%, Best Test: 25.33%
Epoch: 1000, Loss: 0.0000, Train: 21.30%, Valid: 24.00%, Test: 21.72%, Best Valid: 44.00%, Best Test: 25.33%
Epoch: 1100, Loss: 0.0000, Train: 23.45%, Valid: 36.00%, Test: 23.86%, Best Valid: 44.00%, Best Test: 25.33%
Epoch: 1200, Loss: 0.0000, Train: 21.90%, Valid: 28.00%, Test: 22.42%, Best Valid: 44.00%, Best Test: 25.33%
Epoch: 1300, Loss: 0.0000, Train: 18.47%, Valid: 20.00%, Test: 18.93%, Best Valid: 44.00%, Best Test: 25.33%
Epoch: 1400, Loss: 0.0001, Train: 17.36%, Valid: 24.00%, Test: 18.00%, Best Valid: 44.00%, Best Test: 25.33%
Epoch: 1500, Loss: 0.0105, Train: 18.19%, Valid: 20.00%, Test: 18.99%, Best Valid: 44.00%, Best Test: 25.33%
Epoch: 1600, Loss: 0.0000, Train: 25.53%, Valid: 36.00%, Test: 26.64%, Best Valid: 44.00%, Best Test: 25.33%
Epoch: 1700, Loss: 0.0000, Train: 25.52%, Valid: 36.00%, Test: 26.56%, Best Valid: 44.00%, Best Test: 25.33%
Epoch: 1800, Loss: 0.0000, Train: 25.52%, Valid: 36.00%, Test: 26.56%, Best Valid: 44.00%, Best Test: 25.33%
Epoch: 1900, Loss: 0.0000, Train: 25.52%, Valid: 36.00%, Test: 26.56%, Best Valid: 44.00%, Best Test: 25.33%
Epoch: 2000, Loss: 0.0000, Train: 25.53%, Valid: 36.00%, Test: 26.57%, Best Valid: 44.00%, Best Test: 25.33%
Epoch: 2100, Loss: 0.0000, Train: 25.53%, Valid: 36.00%, Test: 26.51%, Best Valid: 44.00%, Best Test: 25.33%
Epoch: 2200, Loss: 0.0000, Train: 25.53%, Valid: 36.00%, Test: 26.51%, Best Valid: 44.00%, Best Test: 25.33%
Epoch: 2300, Loss: 0.0000, Train: 25.53%, Valid: 36.00%, Test: 26.51%, Best Valid: 44.00%, Best Test: 25.33%
Epoch: 2400, Loss: 0.0000, Train: 25.53%, Valid: 36.00%, Test: 26.57%, Best Valid: 44.00%, Best Test: 25.33%
Epoch: 2500, Loss: 0.0000, Train: 25.53%, Valid: 36.00%, Test: 26.57%, Best Valid: 44.00%, Best Test: 25.33%
Epoch: 2600, Loss: 0.0000, Train: 25.53%, Valid: 36.00%, Test: 26.57%, Best Valid: 44.00%, Best Test: 25.33%
Run 06:
Highest Train: 36.72
Highest Valid: 44.00
Highest Test: 36.73
Chosen epoch: 245
Final Train: 23.63
Final Test: 25.33
Label budget: 5/class -> 25 train nodes
Matched-budget validation: 25 valid nodes
Pre-training MLP for 500 epochs to generate co-occurrence matrix...
MLP pre-training complete. Penalty matrix frozen.
Epoch: 00, Loss: 3.2894, Train: 21.50%, Valid: 20.00%, Test: 20.76%, Best Valid: 20.00%, Best Test: 20.76%
Epoch: 100, Loss: 0.0206, Train: 21.12%, Valid: 20.00%, Test: 20.25%, Best Valid: 32.00%, Best Test: 27.54%
Switching Polynormer to global attention phase.
Epoch: 200, Loss: 2.9574, Train: 26.78%, Valid: 20.00%, Test: 26.77%, Best Valid: 32.00%, Best Test: 27.54%
Epoch: 300, Loss: 0.0862, Train: 26.42%, Valid: 20.00%, Test: 24.89%, Best Valid: 36.00%, Best Test: 18.36%
Epoch: 400, Loss: 0.0067, Train: 21.11%, Valid: 24.00%, Test: 20.28%, Best Valid: 36.00%, Best Test: 18.36%
Epoch: 500, Loss: 0.0000, Train: 20.77%, Valid: 16.00%, Test: 19.60%, Best Valid: 36.00%, Best Test: 18.36%
Epoch: 600, Loss: 0.0000, Train: 21.07%, Valid: 20.00%, Test: 19.86%, Best Valid: 36.00%, Best Test: 18.36%
Epoch: 700, Loss: 0.0000, Train: 21.50%, Valid: 20.00%, Test: 20.14%, Best Valid: 36.00%, Best Test: 18.36%
Epoch: 800, Loss: 0.0000, Train: 21.58%, Valid: 20.00%, Test: 19.83%, Best Valid: 36.00%, Best Test: 18.36%
Epoch: 900, Loss: 0.0000, Train: 21.57%, Valid: 20.00%, Test: 19.84%, Best Valid: 36.00%, Best Test: 18.36%
Epoch: 1000, Loss: 0.0000, Train: 21.72%, Valid: 20.00%, Test: 19.96%, Best Valid: 36.00%, Best Test: 18.36%
Epoch: 1100, Loss: 0.0000, Train: 21.74%, Valid: 20.00%, Test: 19.99%, Best Valid: 36.00%, Best Test: 18.36%
Epoch: 1200, Loss: 0.0000, Train: 19.97%, Valid: 20.00%, Test: 18.72%, Best Valid: 36.00%, Best Test: 18.36%
Epoch: 1300, Loss: 0.0000, Train: 20.04%, Valid: 20.00%, Test: 18.78%, Best Valid: 36.00%, Best Test: 18.36%
Epoch: 1400, Loss: 0.0000, Train: 20.03%, Valid: 20.00%, Test: 18.80%, Best Valid: 36.00%, Best Test: 18.36%
Epoch: 1500, Loss: 0.0000, Train: 19.95%, Valid: 20.00%, Test: 18.73%, Best Valid: 36.00%, Best Test: 18.36%
Epoch: 1600, Loss: 0.0000, Train: 20.02%, Valid: 20.00%, Test: 18.80%, Best Valid: 36.00%, Best Test: 18.36%
Epoch: 1700, Loss: 0.0000, Train: 20.06%, Valid: 20.00%, Test: 18.86%, Best Valid: 36.00%, Best Test: 18.36%
Epoch: 1800, Loss: 0.0000, Train: 20.06%, Valid: 20.00%, Test: 18.88%, Best Valid: 36.00%, Best Test: 18.36%
Epoch: 1900, Loss: 0.0000, Train: 20.06%, Valid: 20.00%, Test: 18.88%, Best Valid: 36.00%, Best Test: 18.36%
Epoch: 2000, Loss: 0.0000, Train: 20.10%, Valid: 20.00%, Test: 18.94%, Best Valid: 36.00%, Best Test: 18.36%
Epoch: 2100, Loss: 0.0000, Train: 19.86%, Valid: 20.00%, Test: 18.81%, Best Valid: 36.00%, Best Test: 18.36%
Epoch: 2200, Loss: 0.0000, Train: 19.89%, Valid: 20.00%, Test: 18.78%, Best Valid: 36.00%, Best Test: 18.36%
Epoch: 2300, Loss: 0.0000, Train: 19.92%, Valid: 20.00%, Test: 18.80%, Best Valid: 36.00%, Best Test: 18.36%
Epoch: 2400, Loss: 0.0000, Train: 19.95%, Valid: 20.00%, Test: 18.83%, Best Valid: 36.00%, Best Test: 18.36%
Epoch: 2500, Loss: 0.0000, Train: 20.19%, Valid: 20.00%, Test: 19.04%, Best Valid: 36.00%, Best Test: 18.36%
Epoch: 2600, Loss: 0.0000, Train: 20.24%, Valid: 20.00%, Test: 19.04%, Best Valid: 36.00%, Best Test: 18.36%
Run 07:
Highest Train: 36.04
Highest Valid: 36.00
Highest Test: 36.01
Chosen epoch: 258
Final Train: 20.01
Final Test: 18.36
Label budget: 5/class -> 25 train nodes
Matched-budget validation: 25 valid nodes
Pre-training MLP for 500 epochs to generate co-occurrence matrix...
MLP pre-training complete. Penalty matrix frozen.
Epoch: 00, Loss: 3.6574, Train: 26.58%, Valid: 20.00%, Test: 26.69%, Best Valid: 20.00%, Best Test: 26.69%
Epoch: 100, Loss: 0.0034, Train: 19.31%, Valid: 36.00%, Test: 19.58%, Best Valid: 52.00%, Best Test: 19.27%
Switching Polynormer to global attention phase.
Epoch: 200, Loss: 2.9786, Train: 15.78%, Valid: 28.00%, Test: 15.94%, Best Valid: 52.00%, Best Test: 19.27%
Epoch: 300, Loss: 0.0534, Train: 23.51%, Valid: 40.00%, Test: 23.34%, Best Valid: 52.00%, Best Test: 19.27%
Epoch: 400, Loss: 0.0001, Train: 21.19%, Valid: 36.00%, Test: 20.64%, Best Valid: 52.00%, Best Test: 19.27%
Epoch: 500, Loss: 0.0000, Train: 19.95%, Valid: 36.00%, Test: 18.59%, Best Valid: 52.00%, Best Test: 19.27%
Epoch: 600, Loss: 0.0000, Train: 19.87%, Valid: 40.00%, Test: 19.81%, Best Valid: 52.00%, Best Test: 19.27%
Epoch: 700, Loss: 0.0000, Train: 20.12%, Valid: 40.00%, Test: 19.99%, Best Valid: 52.00%, Best Test: 19.27%
Epoch: 800, Loss: 0.0000, Train: 20.24%, Valid: 40.00%, Test: 20.09%, Best Valid: 52.00%, Best Test: 19.27%
Epoch: 900, Loss: 0.0000, Train: 25.13%, Valid: 36.00%, Test: 25.30%, Best Valid: 52.00%, Best Test: 19.27%
Epoch: 1000, Loss: 0.0004, Train: 21.35%, Valid: 32.00%, Test: 20.95%, Best Valid: 52.00%, Best Test: 19.27%
Epoch: 1100, Loss: 0.0029, Train: 16.39%, Valid: 36.00%, Test: 16.35%, Best Valid: 52.00%, Best Test: 19.27%
Epoch: 1200, Loss: 0.0000, Train: 18.54%, Valid: 28.00%, Test: 18.78%, Best Valid: 52.00%, Best Test: 19.27%
Epoch: 1300, Loss: 0.0000, Train: 18.68%, Valid: 28.00%, Test: 18.90%, Best Valid: 52.00%, Best Test: 19.27%
Epoch: 1400, Loss: 0.0000, Train: 18.63%, Valid: 28.00%, Test: 18.85%, Best Valid: 52.00%, Best Test: 19.27%
Epoch: 1500, Loss: 0.0000, Train: 18.59%, Valid: 28.00%, Test: 18.85%, Best Valid: 52.00%, Best Test: 19.27%
Epoch: 1600, Loss: 0.0000, Train: 18.59%, Valid: 28.00%, Test: 18.90%, Best Valid: 52.00%, Best Test: 19.27%
Epoch: 1700, Loss: 0.0000, Train: 18.51%, Valid: 28.00%, Test: 18.75%, Best Valid: 52.00%, Best Test: 19.27%
Epoch: 1800, Loss: 0.0000, Train: 18.50%, Valid: 28.00%, Test: 18.73%, Best Valid: 52.00%, Best Test: 19.27%
Epoch: 1900, Loss: 0.0000, Train: 18.50%, Valid: 28.00%, Test: 18.73%, Best Valid: 52.00%, Best Test: 19.27%
Epoch: 2000, Loss: 0.0000, Train: 18.49%, Valid: 28.00%, Test: 18.73%, Best Valid: 52.00%, Best Test: 19.27%
Epoch: 2100, Loss: 0.0000, Train: 18.49%, Valid: 28.00%, Test: 18.73%, Best Valid: 52.00%, Best Test: 19.27%
Epoch: 2200, Loss: 0.0000, Train: 18.47%, Valid: 28.00%, Test: 18.72%, Best Valid: 52.00%, Best Test: 19.27%
Epoch: 2300, Loss: 0.0000, Train: 18.48%, Valid: 28.00%, Test: 18.73%, Best Valid: 52.00%, Best Test: 19.27%
Epoch: 2400, Loss: 0.0000, Train: 18.48%, Valid: 28.00%, Test: 18.75%, Best Valid: 52.00%, Best Test: 19.27%
Epoch: 2500, Loss: 0.0000, Train: 18.48%, Valid: 28.00%, Test: 18.75%, Best Valid: 52.00%, Best Test: 19.27%
Epoch: 2600, Loss: 0.0000, Train: 18.49%, Valid: 28.00%, Test: 18.75%, Best Valid: 52.00%, Best Test: 19.27%
Run 08:
Highest Train: 31.97
Highest Valid: 52.00
Highest Test: 31.90
Chosen epoch: 53
Final Train: 19.35
Final Test: 19.27
Label budget: 5/class -> 25 train nodes
Matched-budget validation: 25 valid nodes
Pre-training MLP for 500 epochs to generate co-occurrence matrix...
MLP pre-training complete. Penalty matrix frozen.
Epoch: 00, Loss: 4.0243, Train: 14.42%, Valid: 12.00%, Test: 14.86%, Best Valid: 12.00%, Best Test: 14.86%
Epoch: 100, Loss: 0.0103, Train: 17.03%, Valid: 20.00%, Test: 17.16%, Best Valid: 28.00%, Best Test: 28.16%
Switching Polynormer to global attention phase.
Epoch: 200, Loss: 2.7945, Train: 35.64%, Valid: 20.00%, Test: 36.04%, Best Valid: 28.00%, Best Test: 28.16%
Epoch: 300, Loss: 1.1963, Train: 23.24%, Valid: 24.00%, Test: 23.78%, Best Valid: 40.00%, Best Test: 23.78%
Epoch: 400, Loss: 0.0086, Train: 24.00%, Valid: 24.00%, Test: 24.04%, Best Valid: 40.00%, Best Test: 23.78%
Epoch: 500, Loss: 0.0003, Train: 22.24%, Valid: 20.00%, Test: 23.22%, Best Valid: 40.00%, Best Test: 23.78%
Epoch: 600, Loss: 0.0158, Train: 19.05%, Valid: 16.00%, Test: 19.35%, Best Valid: 40.00%, Best Test: 23.78%
Epoch: 700, Loss: 0.0209, Train: 16.94%, Valid: 16.00%, Test: 16.90%, Best Valid: 40.00%, Best Test: 23.78%
Epoch: 800, Loss: 0.0002, Train: 22.06%, Valid: 20.00%, Test: 21.80%, Best Valid: 40.00%, Best Test: 23.78%
Epoch: 900, Loss: 0.0000, Train: 22.46%, Valid: 20.00%, Test: 22.36%, Best Valid: 40.00%, Best Test: 23.78%
Epoch: 1000, Loss: 0.0000, Train: 18.84%, Valid: 16.00%, Test: 18.46%, Best Valid: 40.00%, Best Test: 23.78%
Epoch: 1100, Loss: 0.0000, Train: 18.87%, Valid: 16.00%, Test: 18.73%, Best Valid: 40.00%, Best Test: 23.78%
Epoch: 1200, Loss: 0.0000, Train: 18.82%, Valid: 16.00%, Test: 18.72%, Best Valid: 40.00%, Best Test: 23.78%
Epoch: 1300, Loss: 0.0000, Train: 18.79%, Valid: 16.00%, Test: 18.72%, Best Valid: 40.00%, Best Test: 23.78%
Epoch: 1400, Loss: 0.0000, Train: 18.72%, Valid: 16.00%, Test: 18.68%, Best Valid: 40.00%, Best Test: 23.78%
Epoch: 1500, Loss: 0.0000, Train: 18.70%, Valid: 16.00%, Test: 18.67%, Best Valid: 40.00%, Best Test: 23.78%
Epoch: 1600, Loss: 0.0000, Train: 18.71%, Valid: 16.00%, Test: 18.68%, Best Valid: 40.00%, Best Test: 23.78%
Epoch: 1700, Loss: 0.0000, Train: 18.70%, Valid: 16.00%, Test: 18.63%, Best Valid: 40.00%, Best Test: 23.78%
Epoch: 1800, Loss: 0.0000, Train: 18.71%, Valid: 16.00%, Test: 18.65%, Best Valid: 40.00%, Best Test: 23.78%
Epoch: 1900, Loss: 0.0000, Train: 18.70%, Valid: 16.00%, Test: 18.68%, Best Valid: 40.00%, Best Test: 23.78%
Epoch: 2000, Loss: 0.0000, Train: 18.68%, Valid: 16.00%, Test: 18.60%, Best Valid: 40.00%, Best Test: 23.78%
Epoch: 2100, Loss: 0.0000, Train: 18.66%, Valid: 16.00%, Test: 18.60%, Best Valid: 40.00%, Best Test: 23.78%
Epoch: 2200, Loss: 0.0000, Train: 18.63%, Valid: 16.00%, Test: 18.60%, Best Valid: 40.00%, Best Test: 23.78%
Epoch: 2300, Loss: 0.0000, Train: 18.60%, Valid: 16.00%, Test: 18.60%, Best Valid: 40.00%, Best Test: 23.78%
Epoch: 2400, Loss: 0.0000, Train: 18.58%, Valid: 16.00%, Test: 18.62%, Best Valid: 40.00%, Best Test: 23.78%
Epoch: 2500, Loss: 0.0000, Train: 18.57%, Valid: 16.00%, Test: 18.55%, Best Valid: 40.00%, Best Test: 23.78%
Epoch: 2600, Loss: 0.0000, Train: 18.56%, Valid: 16.00%, Test: 18.59%, Best Valid: 40.00%, Best Test: 23.78%
Run 09:
Highest Train: 36.81
Highest Valid: 40.00
Highest Test: 36.83
Chosen epoch: 272
Final Train: 22.68
Final Test: 23.78
Label budget: 5/class -> 25 train nodes
Matched-budget validation: 25 valid nodes
Pre-training MLP for 500 epochs to generate co-occurrence matrix...
MLP pre-training complete. Penalty matrix frozen.
Epoch: 00, Loss: 4.0018, Train: 18.68%, Valid: 16.00%, Test: 18.10%, Best Valid: 16.00%, Best Test: 18.10%
Epoch: 100, Loss: 0.0068, Train: 18.79%, Valid: 28.00%, Test: 19.08%, Best Valid: 32.00%, Best Test: 19.03%
Switching Polynormer to global attention phase.
Epoch: 200, Loss: 2.8838, Train: 4.34%, Valid: 20.00%, Test: 4.33%, Best Valid: 32.00%, Best Test: 19.03%
Epoch: 300, Loss: 0.2278, Train: 28.02%, Valid: 28.00%, Test: 28.55%, Best Valid: 32.00%, Best Test: 19.03%
Epoch: 400, Loss: 0.0444, Train: 23.26%, Valid: 20.00%, Test: 23.47%, Best Valid: 36.00%, Best Test: 26.80%
Epoch: 500, Loss: 0.0426, Train: 23.39%, Valid: 28.00%, Test: 23.24%, Best Valid: 36.00%, Best Test: 26.80%
Epoch: 600, Loss: 0.0000, Train: 27.09%, Valid: 20.00%, Test: 26.60%, Best Valid: 36.00%, Best Test: 26.80%
Epoch: 700, Loss: 0.0012, Train: 21.97%, Valid: 24.00%, Test: 21.41%, Best Valid: 36.00%, Best Test: 26.80%
Epoch: 800, Loss: 0.2626, Train: 21.90%, Valid: 20.00%, Test: 21.79%, Best Valid: 36.00%, Best Test: 26.80%
Epoch: 900, Loss: 0.0014, Train: 20.00%, Valid: 16.00%, Test: 20.27%, Best Valid: 36.00%, Best Test: 26.80%
Epoch: 1000, Loss: 0.0000, Train: 20.07%, Valid: 16.00%, Test: 21.07%, Best Valid: 36.00%, Best Test: 26.80%
Epoch: 1100, Loss: 0.0000, Train: 19.66%, Valid: 16.00%, Test: 20.51%, Best Valid: 36.00%, Best Test: 26.80%
Epoch: 1200, Loss: 0.0000, Train: 20.10%, Valid: 20.00%, Test: 20.81%, Best Valid: 36.00%, Best Test: 26.80%
Epoch: 1300, Loss: 0.0000, Train: 20.19%, Valid: 20.00%, Test: 20.94%, Best Valid: 36.00%, Best Test: 26.80%
Epoch: 1400, Loss: 0.0000, Train: 20.24%, Valid: 20.00%, Test: 20.94%, Best Valid: 36.00%, Best Test: 26.80%
Epoch: 1500, Loss: 0.0000, Train: 25.16%, Valid: 12.00%, Test: 25.62%, Best Valid: 36.00%, Best Test: 26.80%
Epoch: 1600, Loss: 0.0000, Train: 24.96%, Valid: 12.00%, Test: 25.51%, Best Valid: 36.00%, Best Test: 26.80%
Epoch: 1700, Loss: 0.0000, Train: 25.03%, Valid: 12.00%, Test: 25.46%, Best Valid: 36.00%, Best Test: 26.80%
Epoch: 1800, Loss: 0.0000, Train: 24.97%, Valid: 12.00%, Test: 25.38%, Best Valid: 36.00%, Best Test: 26.80%
Epoch: 1900, Loss: 0.0000, Train: 24.94%, Valid: 12.00%, Test: 25.38%, Best Valid: 36.00%, Best Test: 26.80%
Epoch: 2000, Loss: 0.0000, Train: 24.91%, Valid: 12.00%, Test: 25.45%, Best Valid: 36.00%, Best Test: 26.80%
Epoch: 2100, Loss: 0.0000, Train: 24.98%, Valid: 12.00%, Test: 25.40%, Best Valid: 36.00%, Best Test: 26.80%
Epoch: 2200, Loss: 0.0000, Train: 24.97%, Valid: 12.00%, Test: 25.40%, Best Valid: 36.00%, Best Test: 26.80%
Epoch: 2300, Loss: 0.0000, Train: 24.96%, Valid: 12.00%, Test: 25.40%, Best Valid: 36.00%, Best Test: 26.80%
Epoch: 2400, Loss: 0.0000, Train: 24.99%, Valid: 12.00%, Test: 25.41%, Best Valid: 36.00%, Best Test: 26.80%
Epoch: 2500, Loss: 0.0000, Train: 24.98%, Valid: 12.00%, Test: 25.40%, Best Valid: 36.00%, Best Test: 26.80%
Epoch: 2600, Loss: 0.0000, Train: 24.96%, Valid: 12.00%, Test: 25.40%, Best Valid: 36.00%, Best Test: 26.80%
Run 10:
Highest Train: 36.79
Highest Valid: 36.00
Highest Test: 36.81
Chosen epoch: 309
Final Train: 26.77
Final Test: 26.80
All runs:
Highest Train: 35.93 ± 1.59
Highest Test: 36.00 ± 1.58
Highest Valid: 39.60 ± 6.38
  Final Train: 22.09 ± 2.97
   Final Test: 22.41 ± 3.20
Saving results to ../results/lowlabel_mv/amazon-ratings/polynormer.csv
--- mlp_reg | lambda=1.6 ---
Namespace(aggregate='add', alpha=0.5, attention='gcn', beta=-1.0, bn=False, budget_tag='5', count_reg=False, count_smoothing=1.0, cpu=False, data_dir='../data/', dataset='amazon-ratings', device=0, dim_inner=256, display_step=100, dropout=0.3, epochs=500, global_dropout=None, global_epochs=2500, global_layers=1, gnn='gcn', graph_weight=0.8, hidden_channels=256, hops=10, in_dropout=0.2, jk=False, label_num_per_class=20, lambda_val=1.6, layers=1, ln=False, local_epochs=200, local_gnn_type='GCN', local_layers=10, lr=0.001, metric='acc', mlp_epochs=500, mlp_reg=True, model='polynormer', model_dir='models/lowlabel_mv_1178247_55', n_heads=2, num_centroids=4096, num_heads=2, oracle_reg=False, paired_seeds=True, pe_types='RWSE', penalty_transform='none', pre_linear=False, pre_ln=False, rand_split=False, rand_split_class=False, reg_start_epoch=10, reg_update_freq=5, res=False, resample_split_per_run=False, result_dir='../results/lowlabel_mv', runs=10, save_model=True, save_result=False, seed=42, test_num=1000, tr_dropout=None, tr_layers=1, tr_weight_decay=None, train_per_class=5, train_prop=0.5, use_act=False, use_bn=False, use_graph=False, use_reg=True, use_residual=False, use_weight=False, valid_num=500, valid_per_class=5, valid_prop=0.25, weight_decay=0.0)
amazon-ratings
dataset amazon-ratings | num nodes 24492 | num edge 93050 | num node feats 300 | num classes 5
MODEL: Polynormer(
  (h_lins): ModuleList(
    (0): Linear(in_features=512, out_features=512, bias=True)
    (1): Linear(in_features=512, out_features=512, bias=True)
    (2): Linear(in_features=512, out_features=512, bias=True)
    (3): Linear(in_features=512, out_features=512, bias=True)
    (4): Linear(in_features=512, out_features=512, bias=True)
    (5): Linear(in_features=512, out_features=512, bias=True)
    (6): Linear(in_features=512, out_features=512, bias=True)
    (7): Linear(in_features=512, out_features=512, bias=True)
    (8): Linear(in_features=512, out_features=512, bias=True)
    (9): Linear(in_features=512, out_features=512, bias=True)
  )
  (local_convs): ModuleList(
    (0): GATConv(512, 256, heads=2)
    (1): GATConv(512, 256, heads=2)
    (2): GATConv(512, 256, heads=2)
    (3): GATConv(512, 256, heads=2)
    (4): GATConv(512, 256, heads=2)
    (5): GATConv(512, 256, heads=2)
    (6): GATConv(512, 256, heads=2)
    (7): GATConv(512, 256, heads=2)
    (8): GATConv(512, 256, heads=2)
    (9): GATConv(512, 256, heads=2)
  )
  (lins): ModuleList(
    (0): Linear(in_features=512, out_features=512, bias=True)
    (1): Linear(in_features=512, out_features=512, bias=True)
    (2): Linear(in_features=512, out_features=512, bias=True)
    (3): Linear(in_features=512, out_features=512, bias=True)
    (4): Linear(in_features=512, out_features=512, bias=True)
    (5): Linear(in_features=512, out_features=512, bias=True)
    (6): Linear(in_features=512, out_features=512, bias=True)
    (7): Linear(in_features=512, out_features=512, bias=True)
    (8): Linear(in_features=512, out_features=512, bias=True)
    (9): Linear(in_features=512, out_features=512, bias=True)
  )
  (lns): ModuleList(
    (0): LayerNorm((512,), eps=1e-05, elementwise_affine=True)
    (1): LayerNorm((512,), eps=1e-05, elementwise_affine=True)
    (2): LayerNorm((512,), eps=1e-05, elementwise_affine=True)
    (3): LayerNorm((512,), eps=1e-05, elementwise_affine=True)
    (4): LayerNorm((512,), eps=1e-05, elementwise_affine=True)
    (5): LayerNorm((512,), eps=1e-05, elementwise_affine=True)
    (6): LayerNorm((512,), eps=1e-05, elementwise_affine=True)
    (7): LayerNorm((512,), eps=1e-05, elementwise_affine=True)
    (8): LayerNorm((512,), eps=1e-05, elementwise_affine=True)
    (9): LayerNorm((512,), eps=1e-05, elementwise_affine=True)
  )
  (lin_in): Linear(in_features=300, out_features=512, bias=True)
  (ln): LayerNorm((512,), eps=1e-05, elementwise_affine=True)
  (global_attn): GlobalAttn(
    (h_lins): ModuleList(
      (0): Linear(in_features=512, out_features=512, bias=True)
    )
    (k_lins): ModuleList(
      (0): Linear(in_features=512, out_features=512, bias=True)
    )
    (v_lins): ModuleList(
      (0): Linear(in_features=512, out_features=512, bias=True)
    )
    (lns): ModuleList(
      (0): LayerNorm((512,), eps=1e-05, elementwise_affine=True)
    )
    (lin_out): Linear(in_features=512, out_features=512, bias=True)
  )
  (pred_local): Linear(in_features=512, out_features=5, bias=True)
  (pred_global): Linear(in_features=512, out_features=5, bias=True)
)
Label budget: 5/class -> 25 train nodes
Matched-budget validation: 25 valid nodes
Pre-training MLP for 500 epochs to generate co-occurrence matrix...
MLP pre-training complete. Penalty matrix frozen.
Epoch: 00, Loss: 5.8747, Train: 22.60%, Valid: 20.00%, Test: 22.60%, Best Valid: 20.00%, Best Test: 22.60%
Epoch: 100, Loss: 0.0035, Train: 13.26%, Valid: 16.00%, Test: 13.91%, Best Valid: 28.00%, Best Test: 10.99%
Switching Polynormer to global attention phase.
Epoch: 200, Loss: 4.3193, Train: 4.34%, Valid: 20.00%, Test: 4.33%, Best Valid: 28.00%, Best Test: 10.99%
Epoch: 300, Loss: 0.0722, Train: 12.57%, Valid: 16.00%, Test: 13.42%, Best Valid: 28.00%, Best Test: 10.99%
Epoch: 400, Loss: 0.0039, Train: 14.35%, Valid: 16.00%, Test: 15.16%, Best Valid: 32.00%, Best Test: 21.46%
Epoch: 500, Loss: 0.0065, Train: 19.49%, Valid: 16.00%, Test: 19.61%, Best Valid: 32.00%, Best Test: 21.46%
Epoch: 600, Loss: 0.0004, Train: 22.24%, Valid: 12.00%, Test: 23.24%, Best Valid: 32.00%, Best Test: 21.46%
Epoch: 700, Loss: 0.0001, Train: 19.15%, Valid: 8.00%, Test: 18.65%, Best Valid: 32.00%, Best Test: 21.46%
Epoch: 800, Loss: 0.0000, Train: 12.76%, Valid: 16.00%, Test: 13.07%, Best Valid: 32.00%, Best Test: 21.46%
Epoch: 900, Loss: 3.5074, Train: 18.32%, Valid: 20.00%, Test: 18.88%, Best Valid: 32.00%, Best Test: 21.46%
Epoch: 1000, Loss: 0.0011, Train: 22.50%, Valid: 16.00%, Test: 22.37%, Best Valid: 32.00%, Best Test: 21.46%
Epoch: 1100, Loss: 0.0002, Train: 19.10%, Valid: 24.00%, Test: 20.14%, Best Valid: 32.00%, Best Test: 21.46%
Epoch: 1200, Loss: 0.0001, Train: 18.58%, Valid: 20.00%, Test: 19.52%, Best Valid: 32.00%, Best Test: 21.46%
Epoch: 1300, Loss: 0.0001, Train: 14.98%, Valid: 20.00%, Test: 15.61%, Best Valid: 32.00%, Best Test: 21.46%
Epoch: 1400, Loss: 0.0000, Train: 15.65%, Valid: 16.00%, Test: 16.67%, Best Valid: 32.00%, Best Test: 21.46%
Epoch: 1500, Loss: 0.0143, Train: 15.50%, Valid: 16.00%, Test: 16.59%, Best Valid: 32.00%, Best Test: 21.46%
Epoch: 1600, Loss: 0.0000, Train: 15.58%, Valid: 16.00%, Test: 16.67%, Best Valid: 32.00%, Best Test: 21.46%
Epoch: 1700, Loss: 0.0000, Train: 15.56%, Valid: 16.00%, Test: 16.67%, Best Valid: 32.00%, Best Test: 21.46%
Epoch: 1800, Loss: 0.0001, Train: 15.58%, Valid: 16.00%, Test: 16.67%, Best Valid: 32.00%, Best Test: 21.46%
Epoch: 1900, Loss: 0.0000, Train: 15.56%, Valid: 16.00%, Test: 16.67%, Best Valid: 32.00%, Best Test: 21.46%
Epoch: 2000, Loss: 0.0000, Train: 15.56%, Valid: 16.00%, Test: 16.59%, Best Valid: 32.00%, Best Test: 21.46%
Epoch: 2100, Loss: 0.0000, Train: 15.56%, Valid: 16.00%, Test: 16.58%, Best Valid: 32.00%, Best Test: 21.46%
Epoch: 2200, Loss: 0.0000, Train: 15.54%, Valid: 16.00%, Test: 16.54%, Best Valid: 32.00%, Best Test: 21.46%
Epoch: 2300, Loss: 0.0000, Train: 15.53%, Valid: 16.00%, Test: 16.51%, Best Valid: 32.00%, Best Test: 21.46%
Epoch: 2400, Loss: 0.0000, Train: 15.52%, Valid: 16.00%, Test: 16.50%, Best Valid: 32.00%, Best Test: 21.46%
Epoch: 2500, Loss: 0.0000, Train: 15.51%, Valid: 16.00%, Test: 16.41%, Best Valid: 32.00%, Best Test: 21.46%
Epoch: 2600, Loss: 0.0000, Train: 15.53%, Valid: 16.00%, Test: 16.48%, Best Valid: 32.00%, Best Test: 21.46%
Run 01:
Highest Train: 30.18
Highest Valid: 32.00
Highest Test: 30.41
Chosen epoch: 337
Final Train: 21.48
Final Test: 21.46
Label budget: 5/class -> 25 train nodes
Matched-budget validation: 25 valid nodes
Pre-training MLP for 500 epochs to generate co-occurrence matrix...
MLP pre-training complete. Penalty matrix frozen.
Epoch: 00, Loss: 4.3221, Train: 36.13%, Valid: 20.00%, Test: 36.24%, Best Valid: 20.00%, Best Test: 36.24%
Epoch: 100, Loss: 0.0016, Train: 25.85%, Valid: 20.00%, Test: 26.80%, Best Valid: 32.00%, Best Test: 26.75%
Switching Polynormer to global attention phase.
Epoch: 200, Loss: 4.3419, Train: 28.17%, Valid: 12.00%, Test: 28.45%, Best Valid: 32.00%, Best Test: 26.75%
Epoch: 300, Loss: 0.0000, Train: 24.96%, Valid: 20.00%, Test: 25.05%, Best Valid: 32.00%, Best Test: 26.75%
Epoch: 400, Loss: 0.0001, Train: 23.56%, Valid: 12.00%, Test: 23.80%, Best Valid: 40.00%, Best Test: 31.49%
Epoch: 500, Loss: 0.0001, Train: 26.22%, Valid: 16.00%, Test: 26.13%, Best Valid: 40.00%, Best Test: 31.49%
Epoch: 600, Loss: 0.0000, Train: 25.78%, Valid: 16.00%, Test: 25.67%, Best Valid: 40.00%, Best Test: 31.49%
Epoch: 700, Loss: 0.0000, Train: 25.87%, Valid: 16.00%, Test: 25.82%, Best Valid: 40.00%, Best Test: 31.49%
Epoch: 800, Loss: 0.0000, Train: 25.84%, Valid: 12.00%, Test: 25.82%, Best Valid: 40.00%, Best Test: 31.49%
Epoch: 900, Loss: 0.0001, Train: 27.91%, Valid: 20.00%, Test: 28.06%, Best Valid: 40.00%, Best Test: 31.49%
Epoch: 1000, Loss: 0.0000, Train: 27.33%, Valid: 20.00%, Test: 27.76%, Best Valid: 40.00%, Best Test: 31.49%
Epoch: 1100, Loss: 0.0000, Train: 27.32%, Valid: 20.00%, Test: 27.73%, Best Valid: 40.00%, Best Test: 31.49%
Epoch: 1200, Loss: 0.0000, Train: 27.32%, Valid: 20.00%, Test: 27.70%, Best Valid: 40.00%, Best Test: 31.49%
Epoch: 1300, Loss: 0.0000, Train: 27.32%, Valid: 20.00%, Test: 27.67%, Best Valid: 40.00%, Best Test: 31.49%
Epoch: 1400, Loss: 0.0000, Train: 27.33%, Valid: 20.00%, Test: 27.67%, Best Valid: 40.00%, Best Test: 31.49%
Epoch: 1500, Loss: 0.0000, Train: 27.30%, Valid: 20.00%, Test: 27.65%, Best Valid: 40.00%, Best Test: 31.49%
Epoch: 1600, Loss: 0.0000, Train: 27.31%, Valid: 20.00%, Test: 27.65%, Best Valid: 40.00%, Best Test: 31.49%
Epoch: 1700, Loss: 0.0000, Train: 27.29%, Valid: 20.00%, Test: 27.65%, Best Valid: 40.00%, Best Test: 31.49%
Epoch: 1800, Loss: 0.0000, Train: 27.29%, Valid: 20.00%, Test: 27.65%, Best Valid: 40.00%, Best Test: 31.49%
Epoch: 1900, Loss: 0.0000, Train: 27.27%, Valid: 20.00%, Test: 27.67%, Best Valid: 40.00%, Best Test: 31.49%
Epoch: 2000, Loss: 0.0000, Train: 27.26%, Valid: 20.00%, Test: 27.67%, Best Valid: 40.00%, Best Test: 31.49%
Epoch: 2100, Loss: 0.0000, Train: 27.27%, Valid: 20.00%, Test: 27.67%, Best Valid: 40.00%, Best Test: 31.49%
Epoch: 2200, Loss: 0.0000, Train: 27.26%, Valid: 20.00%, Test: 27.67%, Best Valid: 40.00%, Best Test: 31.49%
Epoch: 2300, Loss: 0.0000, Train: 27.25%, Valid: 20.00%, Test: 27.67%, Best Valid: 40.00%, Best Test: 31.49%
Epoch: 2400, Loss: 0.0000, Train: 27.20%, Valid: 20.00%, Test: 27.60%, Best Valid: 40.00%, Best Test: 31.49%
Epoch: 2500, Loss: 0.0000, Train: 27.20%, Valid: 20.00%, Test: 27.60%, Best Valid: 40.00%, Best Test: 31.49%
Epoch: 2600, Loss: 0.0000, Train: 27.05%, Valid: 20.00%, Test: 27.45%, Best Valid: 40.00%, Best Test: 31.49%
Run 02:
Highest Train: 36.79
Highest Valid: 40.00
Highest Test: 36.80
Chosen epoch: 383
Final Train: 30.35
Final Test: 31.49
Label budget: 5/class -> 25 train nodes
Matched-budget validation: 25 valid nodes
Pre-training MLP for 500 epochs to generate co-occurrence matrix...
MLP pre-training complete. Penalty matrix frozen.
Epoch: 00, Loss: 6.1153, Train: 16.63%, Valid: 28.00%, Test: 17.05%, Best Valid: 28.00%, Best Test: 17.05%
Epoch: 100, Loss: 0.0012, Train: 27.66%, Valid: 20.00%, Test: 27.26%, Best Valid: 28.00%, Best Test: 17.05%
Switching Polynormer to global attention phase.
Epoch: 200, Loss: 4.2828, Train: 15.03%, Valid: 28.00%, Test: 15.16%, Best Valid: 28.00%, Best Test: 17.05%
Epoch: 300, Loss: 0.0328, Train: 24.71%, Valid: 12.00%, Test: 24.07%, Best Valid: 28.00%, Best Test: 17.05%
Epoch: 400, Loss: 0.0005, Train: 28.29%, Valid: 8.00%, Test: 27.70%, Best Valid: 32.00%, Best Test: 25.64%
Epoch: 500, Loss: 0.0581, Train: 26.06%, Valid: 8.00%, Test: 25.54%, Best Valid: 32.00%, Best Test: 25.64%
Epoch: 600, Loss: 0.0000, Train: 25.96%, Valid: 28.00%, Test: 25.31%, Best Valid: 32.00%, Best Test: 25.64%
Epoch: 700, Loss: 0.0001, Train: 25.50%, Valid: 28.00%, Test: 24.68%, Best Valid: 32.00%, Best Test: 25.64%
Epoch: 800, Loss: 0.0001, Train: 22.61%, Valid: 28.00%, Test: 22.00%, Best Valid: 32.00%, Best Test: 25.64%
Epoch: 900, Loss: 0.0002, Train: 25.31%, Valid: 16.00%, Test: 24.68%, Best Valid: 32.00%, Best Test: 25.64%
Epoch: 1000, Loss: 0.0557, Train: 25.26%, Valid: 24.00%, Test: 25.22%, Best Valid: 36.00%, Best Test: 24.29%
Epoch: 1100, Loss: 0.0000, Train: 23.53%, Valid: 20.00%, Test: 23.08%, Best Valid: 36.00%, Best Test: 24.29%
Epoch: 1200, Loss: 0.0000, Train: 23.52%, Valid: 20.00%, Test: 23.09%, Best Valid: 36.00%, Best Test: 24.29%
Epoch: 1300, Loss: 0.0000, Train: 23.52%, Valid: 20.00%, Test: 23.08%, Best Valid: 36.00%, Best Test: 24.29%
Epoch: 1400, Loss: 0.0000, Train: 23.52%, Valid: 20.00%, Test: 23.06%, Best Valid: 36.00%, Best Test: 24.29%
Epoch: 1500, Loss: 0.0000, Train: 23.52%, Valid: 20.00%, Test: 23.06%, Best Valid: 36.00%, Best Test: 24.29%
Epoch: 1600, Loss: 0.0000, Train: 23.53%, Valid: 20.00%, Test: 23.08%, Best Valid: 36.00%, Best Test: 24.29%
Epoch: 1700, Loss: 0.0000, Train: 23.52%, Valid: 20.00%, Test: 23.08%, Best Valid: 36.00%, Best Test: 24.29%
Epoch: 1800, Loss: 0.0000, Train: 23.47%, Valid: 20.00%, Test: 23.09%, Best Valid: 36.00%, Best Test: 24.29%
Epoch: 1900, Loss: 0.0000, Train: 23.47%, Valid: 20.00%, Test: 23.09%, Best Valid: 36.00%, Best Test: 24.29%
Epoch: 2000, Loss: 0.0000, Train: 23.47%, Valid: 20.00%, Test: 23.11%, Best Valid: 36.00%, Best Test: 24.29%
Epoch: 2100, Loss: 0.0000, Train: 23.47%, Valid: 20.00%, Test: 23.11%, Best Valid: 36.00%, Best Test: 24.29%
Epoch: 2200, Loss: 0.0000, Train: 23.49%, Valid: 20.00%, Test: 23.11%, Best Valid: 36.00%, Best Test: 24.29%
Epoch: 2300, Loss: 0.0000, Train: 23.51%, Valid: 20.00%, Test: 23.11%, Best Valid: 36.00%, Best Test: 24.29%
Epoch: 2400, Loss: 0.0000, Train: 23.50%, Valid: 20.00%, Test: 23.11%, Best Valid: 36.00%, Best Test: 24.29%
Epoch: 2500, Loss: 0.0000, Train: 23.51%, Valid: 20.00%, Test: 23.11%, Best Valid: 36.00%, Best Test: 24.29%
Epoch: 2600, Loss: 0.0000, Train: 23.51%, Valid: 20.00%, Test: 23.11%, Best Valid: 36.00%, Best Test: 24.29%
Run 03:
Highest Train: 36.79
Highest Valid: 36.00
Highest Test: 36.81
Chosen epoch: 978
Final Train: 24.58
Final Test: 24.29
Label budget: 5/class -> 25 train nodes
Matched-budget validation: 25 valid nodes
Pre-training MLP for 500 epochs to generate co-occurrence matrix...
MLP pre-training complete. Penalty matrix frozen.
Epoch: 00, Loss: 4.7966, Train: 25.13%, Valid: 24.00%, Test: 25.36%, Best Valid: 24.00%, Best Test: 25.36%
Epoch: 100, Loss: 0.0022, Train: 19.98%, Valid: 28.00%, Test: 19.26%, Best Valid: 36.00%, Best Test: 20.71%
Switching Polynormer to global attention phase.
Epoch: 200, Loss: 4.1678, Train: 22.69%, Valid: 24.00%, Test: 22.42%, Best Valid: 36.00%, Best Test: 20.71%
Epoch: 300, Loss: 0.1210, Train: 25.62%, Valid: 16.00%, Test: 25.33%, Best Valid: 36.00%, Best Test: 20.71%
Epoch: 400, Loss: 0.0000, Train: 27.94%, Valid: 16.00%, Test: 26.64%, Best Valid: 36.00%, Best Test: 20.71%
Epoch: 500, Loss: 0.0000, Train: 26.15%, Valid: 24.00%, Test: 25.12%, Best Valid: 36.00%, Best Test: 20.71%
Epoch: 600, Loss: 0.0000, Train: 26.11%, Valid: 24.00%, Test: 25.09%, Best Valid: 36.00%, Best Test: 20.71%
Epoch: 700, Loss: 0.0000, Train: 26.12%, Valid: 24.00%, Test: 25.07%, Best Valid: 36.00%, Best Test: 20.71%
Epoch: 800, Loss: 0.0000, Train: 26.07%, Valid: 24.00%, Test: 25.05%, Best Valid: 36.00%, Best Test: 20.71%
Epoch: 900, Loss: 0.0000, Train: 26.07%, Valid: 24.00%, Test: 25.04%, Best Valid: 36.00%, Best Test: 20.71%
Epoch: 1000, Loss: 0.0000, Train: 25.85%, Valid: 24.00%, Test: 24.94%, Best Valid: 36.00%, Best Test: 20.71%
Epoch: 1100, Loss: 0.0000, Train: 25.85%, Valid: 24.00%, Test: 24.96%, Best Valid: 36.00%, Best Test: 20.71%
Epoch: 1200, Loss: 0.0000, Train: 25.85%, Valid: 24.00%, Test: 24.97%, Best Valid: 36.00%, Best Test: 20.71%
Epoch: 1300, Loss: 0.0000, Train: 25.84%, Valid: 24.00%, Test: 24.99%, Best Valid: 36.00%, Best Test: 20.71%
Epoch: 1400, Loss: 0.0529, Train: 21.44%, Valid: 20.00%, Test: 20.43%, Best Valid: 36.00%, Best Test: 20.71%
Epoch: 1500, Loss: 0.0000, Train: 25.00%, Valid: 20.00%, Test: 24.27%, Best Valid: 36.00%, Best Test: 20.71%
Epoch: 1600, Loss: 0.0001, Train: 25.17%, Valid: 16.00%, Test: 23.94%, Best Valid: 44.00%, Best Test: 21.64%
Epoch: 1700, Loss: 0.0000, Train: 25.89%, Valid: 32.00%, Test: 25.15%, Best Valid: 44.00%, Best Test: 21.64%
Epoch: 1800, Loss: 0.0000, Train: 24.69%, Valid: 24.00%, Test: 23.58%, Best Valid: 44.00%, Best Test: 21.64%
Epoch: 1900, Loss: 0.0000, Train: 24.66%, Valid: 24.00%, Test: 23.57%, Best Valid: 44.00%, Best Test: 21.64%
Epoch: 2000, Loss: 0.0000, Train: 23.57%, Valid: 28.00%, Test: 23.04%, Best Valid: 44.00%, Best Test: 21.64%
Epoch: 2100, Loss: 0.0000, Train: 25.77%, Valid: 32.00%, Test: 24.50%, Best Valid: 44.00%, Best Test: 21.64%
Epoch: 2200, Loss: 0.0000, Train: 25.05%, Valid: 24.00%, Test: 23.81%, Best Valid: 44.00%, Best Test: 21.64%
Epoch: 2300, Loss: 0.0000, Train: 25.04%, Valid: 24.00%, Test: 23.83%, Best Valid: 44.00%, Best Test: 21.64%
Epoch: 2400, Loss: 0.0000, Train: 25.04%, Valid: 24.00%, Test: 23.88%, Best Valid: 44.00%, Best Test: 21.64%
Epoch: 2500, Loss: 0.0000, Train: 25.19%, Valid: 24.00%, Test: 23.91%, Best Valid: 44.00%, Best Test: 21.64%
Epoch: 2600, Loss: 0.0000, Train: 25.18%, Valid: 24.00%, Test: 23.86%, Best Valid: 44.00%, Best Test: 21.64%
Run 04:
Highest Train: 34.75
Highest Valid: 44.00
Highest Test: 34.69
Chosen epoch: 1519
Final Train: 22.86
Final Test: 21.64
Label budget: 5/class -> 25 train nodes
Matched-budget validation: 25 valid nodes
Pre-training MLP for 500 epochs to generate co-occurrence matrix...
MLP pre-training complete. Penalty matrix frozen.
Epoch: 00, Loss: 5.0568, Train: 23.83%, Valid: 20.00%, Test: 23.40%, Best Valid: 20.00%, Best Test: 23.40%
Epoch: 100, Loss: 0.0032, Train: 22.72%, Valid: 12.00%, Test: 23.14%, Best Valid: 24.00%, Best Test: 23.94%
Switching Polynormer to global attention phase.
Epoch: 200, Loss: 4.2137, Train: 26.78%, Valid: 20.00%, Test: 26.78%, Best Valid: 24.00%, Best Test: 23.94%
Epoch: 300, Loss: 0.0143, Train: 23.32%, Valid: 20.00%, Test: 22.65%, Best Valid: 32.00%, Best Test: 21.67%
Epoch: 400, Loss: 0.0001, Train: 20.22%, Valid: 12.00%, Test: 20.69%, Best Valid: 32.00%, Best Test: 21.67%
Epoch: 500, Loss: 0.0000, Train: 20.53%, Valid: 12.00%, Test: 20.56%, Best Valid: 32.00%, Best Test: 21.67%
Epoch: 600, Loss: 0.0000, Train: 20.81%, Valid: 16.00%, Test: 20.56%, Best Valid: 32.00%, Best Test: 21.67%
Epoch: 700, Loss: 0.0001, Train: 20.77%, Valid: 16.00%, Test: 20.64%, Best Valid: 32.00%, Best Test: 21.67%
Epoch: 800, Loss: 0.0000, Train: 20.79%, Valid: 16.00%, Test: 20.64%, Best Valid: 32.00%, Best Test: 21.67%
Epoch: 900, Loss: 0.0134, Train: 24.08%, Valid: 28.00%, Test: 23.84%, Best Valid: 32.00%, Best Test: 21.67%
Epoch: 1000, Loss: 0.0006, Train: 23.04%, Valid: 16.00%, Test: 23.31%, Best Valid: 32.00%, Best Test: 21.67%
Epoch: 1100, Loss: 0.0011, Train: 19.70%, Valid: 20.00%, Test: 18.86%, Best Valid: 32.00%, Best Test: 21.67%
Epoch: 1200, Loss: 0.0000, Train: 21.81%, Valid: 20.00%, Test: 20.63%, Best Valid: 32.00%, Best Test: 21.67%
Epoch: 1300, Loss: 0.0000, Train: 21.70%, Valid: 20.00%, Test: 20.64%, Best Valid: 32.00%, Best Test: 21.67%
Epoch: 1400, Loss: 0.0000, Train: 21.70%, Valid: 20.00%, Test: 20.64%, Best Valid: 32.00%, Best Test: 21.67%
Epoch: 1500, Loss: 0.0000, Train: 21.71%, Valid: 20.00%, Test: 20.64%, Best Valid: 32.00%, Best Test: 21.67%
Epoch: 1600, Loss: 0.0335, Train: 23.13%, Valid: 16.00%, Test: 21.74%, Best Valid: 32.00%, Best Test: 21.67%
Epoch: 1700, Loss: 0.0004, Train: 24.29%, Valid: 12.00%, Test: 23.13%, Best Valid: 32.00%, Best Test: 21.67%
Epoch: 1800, Loss: 0.0000, Train: 24.20%, Valid: 12.00%, Test: 23.57%, Best Valid: 32.00%, Best Test: 21.67%
Epoch: 1900, Loss: 0.0000, Train: 24.09%, Valid: 12.00%, Test: 23.66%, Best Valid: 32.00%, Best Test: 21.67%
Epoch: 2000, Loss: 0.0000, Train: 24.08%, Valid: 12.00%, Test: 23.63%, Best Valid: 32.00%, Best Test: 21.67%
Epoch: 2100, Loss: 0.0000, Train: 23.67%, Valid: 12.00%, Test: 22.67%, Best Valid: 32.00%, Best Test: 21.67%
Epoch: 2200, Loss: 0.0000, Train: 23.66%, Valid: 12.00%, Test: 22.68%, Best Valid: 32.00%, Best Test: 21.67%
Epoch: 2300, Loss: 0.0000, Train: 23.65%, Valid: 12.00%, Test: 22.67%, Best Valid: 32.00%, Best Test: 21.67%
Epoch: 2400, Loss: 0.0000, Train: 23.71%, Valid: 12.00%, Test: 22.75%, Best Valid: 32.00%, Best Test: 21.67%
Epoch: 2500, Loss: 0.0000, Train: 23.72%, Valid: 12.00%, Test: 22.80%, Best Valid: 32.00%, Best Test: 21.67%
Epoch: 2600, Loss: 0.0000, Train: 23.71%, Valid: 12.00%, Test: 22.75%, Best Valid: 32.00%, Best Test: 21.67%
Run 05:
Highest Train: 34.01
Highest Valid: 32.00
Highest Test: 34.00
Chosen epoch: 274
Final Train: 22.43
Final Test: 21.67
Label budget: 5/class -> 25 train nodes
Matched-budget validation: 25 valid nodes
Pre-training MLP for 500 epochs to generate co-occurrence matrix...
MLP pre-training complete. Penalty matrix frozen.
Epoch: 00, Loss: 5.3884, Train: 15.11%, Valid: 12.00%, Test: 15.52%, Best Valid: 12.00%, Best Test: 15.52%
Epoch: 100, Loss: 0.0006, Train: 16.40%, Valid: 16.00%, Test: 17.38%, Best Valid: 36.00%, Best Test: 22.98%
Switching Polynormer to global attention phase.
Epoch: 200, Loss: 4.2014, Train: 15.79%, Valid: 20.00%, Test: 17.03%, Best Valid: 36.00%, Best Test: 22.98%
Epoch: 300, Loss: 0.0344, Train: 22.59%, Valid: 40.00%, Test: 23.19%, Best Valid: 44.00%, Best Test: 20.51%
Epoch: 400, Loss: 0.0000, Train: 17.49%, Valid: 32.00%, Test: 18.23%, Best Valid: 44.00%, Best Test: 20.51%
Epoch: 500, Loss: 0.2639, Train: 15.12%, Valid: 32.00%, Test: 16.25%, Best Valid: 44.00%, Best Test: 20.51%
Epoch: 600, Loss: 0.0033, Train: 13.65%, Valid: 20.00%, Test: 14.06%, Best Valid: 44.00%, Best Test: 20.51%
Epoch: 700, Loss: 0.0013, Train: 19.58%, Valid: 16.00%, Test: 20.38%, Best Valid: 44.00%, Best Test: 20.51%
Epoch: 800, Loss: 0.0000, Train: 16.39%, Valid: 16.00%, Test: 17.38%, Best Valid: 44.00%, Best Test: 20.51%
Epoch: 900, Loss: 0.0000, Train: 16.27%, Valid: 16.00%, Test: 17.10%, Best Valid: 44.00%, Best Test: 20.51%
Epoch: 1000, Loss: 0.0000, Train: 16.26%, Valid: 16.00%, Test: 17.08%, Best Valid: 44.00%, Best Test: 20.51%
Epoch: 1100, Loss: 0.0000, Train: 16.25%, Valid: 16.00%, Test: 17.07%, Best Valid: 44.00%, Best Test: 20.51%
Epoch: 1200, Loss: 0.0000, Train: 16.24%, Valid: 16.00%, Test: 17.08%, Best Valid: 44.00%, Best Test: 20.51%
Epoch: 1300, Loss: 0.0000, Train: 16.14%, Valid: 16.00%, Test: 17.08%, Best Valid: 44.00%, Best Test: 20.51%
Epoch: 1400, Loss: 0.0000, Train: 16.61%, Valid: 16.00%, Test: 17.62%, Best Valid: 44.00%, Best Test: 20.51%
Epoch: 1500, Loss: 0.0000, Train: 16.52%, Valid: 16.00%, Test: 17.56%, Best Valid: 44.00%, Best Test: 20.51%
Epoch: 1600, Loss: 0.0000, Train: 16.51%, Valid: 16.00%, Test: 17.52%, Best Valid: 44.00%, Best Test: 20.51%
Epoch: 1700, Loss: 0.0000, Train: 16.47%, Valid: 16.00%, Test: 17.44%, Best Valid: 44.00%, Best Test: 20.51%
Epoch: 1800, Loss: 0.0000, Train: 16.35%, Valid: 16.00%, Test: 17.30%, Best Valid: 44.00%, Best Test: 20.51%
Epoch: 1900, Loss: 0.0000, Train: 16.33%, Valid: 16.00%, Test: 17.30%, Best Valid: 44.00%, Best Test: 20.51%
Epoch: 2000, Loss: 0.0000, Train: 16.22%, Valid: 16.00%, Test: 17.28%, Best Valid: 44.00%, Best Test: 20.51%
Epoch: 2100, Loss: 0.0000, Train: 16.18%, Valid: 16.00%, Test: 17.23%, Best Valid: 44.00%, Best Test: 20.51%
Epoch: 2200, Loss: 0.0003, Train: 14.80%, Valid: 20.00%, Test: 15.69%, Best Valid: 44.00%, Best Test: 20.51%
Epoch: 2300, Loss: 0.0000, Train: 19.15%, Valid: 16.00%, Test: 20.12%, Best Valid: 44.00%, Best Test: 20.51%
Epoch: 2400, Loss: 0.2385, Train: 18.00%, Valid: 24.00%, Test: 18.88%, Best Valid: 44.00%, Best Test: 20.51%
Epoch: 2500, Loss: 0.0000, Train: 20.12%, Valid: 12.00%, Test: 21.22%, Best Valid: 44.00%, Best Test: 20.51%
Epoch: 2600, Loss: 0.0000, Train: 20.11%, Valid: 16.00%, Test: 21.13%, Best Valid: 44.00%, Best Test: 20.51%
Run 06:
Highest Train: 36.24
Highest Valid: 44.00
Highest Test: 36.37
Chosen epoch: 211
Final Train: 19.13
Final Test: 20.51
Label budget: 5/class -> 25 train nodes
Matched-budget validation: 25 valid nodes
Pre-training MLP for 500 epochs to generate co-occurrence matrix...
MLP pre-training complete. Penalty matrix frozen.
Epoch: 00, Loss: 4.7513, Train: 23.43%, Valid: 20.00%, Test: 23.17%, Best Valid: 20.00%, Best Test: 23.17%
Epoch: 100, Loss: 0.0051, Train: 22.22%, Valid: 12.00%, Test: 21.97%, Best Valid: 28.00%, Best Test: 31.39%
Switching Polynormer to global attention phase.
Epoch: 200, Loss: 4.2237, Train: 11.32%, Valid: 16.00%, Test: 11.48%, Best Valid: 28.00%, Best Test: 31.39%
Epoch: 300, Loss: 0.0452, Train: 23.51%, Valid: 12.00%, Test: 22.06%, Best Valid: 28.00%, Best Test: 31.39%
Epoch: 400, Loss: 0.0001, Train: 21.05%, Valid: 16.00%, Test: 19.86%, Best Valid: 28.00%, Best Test: 31.39%
Epoch: 500, Loss: 0.0829, Train: 22.20%, Valid: 20.00%, Test: 20.50%, Best Valid: 28.00%, Best Test: 31.39%
Epoch: 600, Loss: 0.1235, Train: 21.08%, Valid: 12.00%, Test: 20.30%, Best Valid: 28.00%, Best Test: 31.39%
Epoch: 700, Loss: 0.0000, Train: 23.22%, Valid: 12.00%, Test: 21.80%, Best Valid: 28.00%, Best Test: 31.39%
Epoch: 800, Loss: 0.0000, Train: 25.34%, Valid: 20.00%, Test: 24.66%, Best Valid: 28.00%, Best Test: 31.39%
Epoch: 900, Loss: 0.0000, Train: 20.70%, Valid: 16.00%, Test: 20.27%, Best Valid: 28.00%, Best Test: 31.39%
Epoch: 1000, Loss: 0.0000, Train: 20.68%, Valid: 16.00%, Test: 20.32%, Best Valid: 28.00%, Best Test: 31.39%
Epoch: 1100, Loss: 0.0000, Train: 20.73%, Valid: 16.00%, Test: 20.30%, Best Valid: 28.00%, Best Test: 31.39%
Epoch: 1200, Loss: 0.0000, Train: 22.11%, Valid: 16.00%, Test: 21.71%, Best Valid: 28.00%, Best Test: 31.39%
Epoch: 1300, Loss: 0.0000, Train: 22.08%, Valid: 16.00%, Test: 21.72%, Best Valid: 28.00%, Best Test: 31.39%
Epoch: 1400, Loss: 0.0000, Train: 22.08%, Valid: 16.00%, Test: 21.67%, Best Valid: 28.00%, Best Test: 31.39%
Epoch: 1500, Loss: 0.0000, Train: 22.10%, Valid: 16.00%, Test: 21.67%, Best Valid: 28.00%, Best Test: 31.39%
Epoch: 1600, Loss: 0.0000, Train: 22.09%, Valid: 16.00%, Test: 21.67%, Best Valid: 28.00%, Best Test: 31.39%
Epoch: 1700, Loss: 0.0000, Train: 22.06%, Valid: 16.00%, Test: 21.67%, Best Valid: 28.00%, Best Test: 31.39%
Epoch: 1800, Loss: 0.0000, Train: 22.06%, Valid: 16.00%, Test: 21.71%, Best Valid: 28.00%, Best Test: 31.39%
Epoch: 1900, Loss: 0.0000, Train: 22.07%, Valid: 16.00%, Test: 21.71%, Best Valid: 28.00%, Best Test: 31.39%
Epoch: 2000, Loss: 0.0000, Train: 22.07%, Valid: 16.00%, Test: 21.71%, Best Valid: 28.00%, Best Test: 31.39%
Epoch: 2100, Loss: 0.0000, Train: 22.07%, Valid: 16.00%, Test: 21.67%, Best Valid: 28.00%, Best Test: 31.39%
Epoch: 2200, Loss: 0.0000, Train: 22.10%, Valid: 16.00%, Test: 21.61%, Best Valid: 28.00%, Best Test: 31.39%
Epoch: 2300, Loss: 0.0000, Train: 22.10%, Valid: 16.00%, Test: 21.57%, Best Valid: 28.00%, Best Test: 31.39%
Epoch: 2400, Loss: 0.0000, Train: 22.08%, Valid: 16.00%, Test: 21.57%, Best Valid: 28.00%, Best Test: 31.39%
Epoch: 2500, Loss: 0.0000, Train: 22.07%, Valid: 16.00%, Test: 21.59%, Best Valid: 28.00%, Best Test: 31.39%
Epoch: 2600, Loss: 0.0000, Train: 22.07%, Valid: 16.00%, Test: 21.59%, Best Valid: 28.00%, Best Test: 31.39%
Run 07:
Highest Train: 32.70
Highest Valid: 28.00
Highest Test: 31.39
Chosen epoch: 12
Final Train: 32.70
Final Test: 31.39
Label budget: 5/class -> 25 train nodes
Matched-budget validation: 25 valid nodes
Pre-training MLP for 500 epochs to generate co-occurrence matrix...
MLP pre-training complete. Penalty matrix frozen.
Epoch: 00, Loss: 5.2829, Train: 26.61%, Valid: 20.00%, Test: 26.69%, Best Valid: 20.00%, Best Test: 26.69%
Epoch: 100, Loss: 0.0131, Train: 26.91%, Valid: 28.00%, Test: 26.03%, Best Valid: 48.00%, Best Test: 19.88%
Switching Polynormer to global attention phase.
Epoch: 200, Loss: 4.2849, Train: 14.93%, Valid: 40.00%, Test: 15.50%, Best Valid: 48.00%, Best Test: 19.88%
Epoch: 300, Loss: 0.0000, Train: 16.25%, Valid: 40.00%, Test: 15.76%, Best Valid: 48.00%, Best Test: 19.88%
Epoch: 400, Loss: 0.0000, Train: 14.98%, Valid: 36.00%, Test: 14.78%, Best Valid: 52.00%, Best Test: 15.73%
Epoch: 500, Loss: 0.0002, Train: 16.71%, Valid: 28.00%, Test: 16.22%, Best Valid: 52.00%, Best Test: 15.73%
Epoch: 600, Loss: 0.0000, Train: 19.84%, Valid: 48.00%, Test: 19.40%, Best Valid: 52.00%, Best Test: 15.73%
Epoch: 700, Loss: 0.0001, Train: 19.39%, Valid: 40.00%, Test: 19.22%, Best Valid: 52.00%, Best Test: 15.73%
Epoch: 800, Loss: 0.0000, Train: 21.01%, Valid: 36.00%, Test: 20.90%, Best Valid: 52.00%, Best Test: 15.73%
Epoch: 900, Loss: 0.0000, Train: 21.86%, Valid: 36.00%, Test: 21.44%, Best Valid: 52.00%, Best Test: 15.73%
Epoch: 1000, Loss: 0.0000, Train: 20.76%, Valid: 40.00%, Test: 20.25%, Best Valid: 52.00%, Best Test: 15.73%
Epoch: 1100, Loss: 0.0000, Train: 20.06%, Valid: 36.00%, Test: 19.94%, Best Valid: 52.00%, Best Test: 15.73%
Epoch: 1200, Loss: 0.0000, Train: 20.07%, Valid: 32.00%, Test: 19.99%, Best Valid: 52.00%, Best Test: 15.73%
Epoch: 1300, Loss: 0.0000, Train: 20.12%, Valid: 32.00%, Test: 20.02%, Best Valid: 52.00%, Best Test: 15.73%
Epoch: 1400, Loss: 0.0000, Train: 20.33%, Valid: 44.00%, Test: 20.07%, Best Valid: 52.00%, Best Test: 15.73%
Epoch: 1500, Loss: 0.0000, Train: 26.67%, Valid: 44.00%, Test: 25.74%, Best Valid: 52.00%, Best Test: 15.73%
Epoch: 1600, Loss: 0.0000, Train: 19.30%, Valid: 36.00%, Test: 19.17%, Best Valid: 52.00%, Best Test: 15.73%
Epoch: 1700, Loss: 0.0000, Train: 17.51%, Valid: 32.00%, Test: 17.26%, Best Valid: 52.00%, Best Test: 15.73%
Epoch: 1800, Loss: 0.0000, Train: 17.85%, Valid: 28.00%, Test: 17.77%, Best Valid: 52.00%, Best Test: 15.73%
Epoch: 1900, Loss: 0.0000, Train: 17.86%, Valid: 28.00%, Test: 17.79%, Best Valid: 52.00%, Best Test: 15.73%
Epoch: 2000, Loss: 0.0000, Train: 22.92%, Valid: 28.00%, Test: 21.88%, Best Valid: 52.00%, Best Test: 15.73%
Epoch: 2100, Loss: 0.0000, Train: 17.45%, Valid: 24.00%, Test: 16.41%, Best Valid: 52.00%, Best Test: 15.73%
Epoch: 2200, Loss: 0.0000, Train: 17.44%, Valid: 24.00%, Test: 16.40%, Best Valid: 52.00%, Best Test: 15.73%
Epoch: 2300, Loss: 0.0000, Train: 17.44%, Valid: 24.00%, Test: 16.41%, Best Valid: 52.00%, Best Test: 15.73%
Epoch: 2400, Loss: 0.0196, Train: 28.30%, Valid: 28.00%, Test: 27.75%, Best Valid: 52.00%, Best Test: 15.73%
Epoch: 2500, Loss: 0.0000, Train: 23.62%, Valid: 28.00%, Test: 23.22%, Best Valid: 52.00%, Best Test: 15.73%
Epoch: 2600, Loss: 0.0000, Train: 23.62%, Valid: 28.00%, Test: 23.22%, Best Valid: 52.00%, Best Test: 15.73%
Run 08:
Highest Train: 36.67
Highest Valid: 52.00
Highest Test: 36.67
Chosen epoch: 337
Final Train: 15.81
Final Test: 15.73
Label budget: 5/class -> 25 train nodes
Matched-budget validation: 25 valid nodes
Pre-training MLP for 500 epochs to generate co-occurrence matrix...
MLP pre-training complete. Penalty matrix frozen.
Epoch: 00, Loss: 5.8129, Train: 14.90%, Valid: 16.00%, Test: 15.03%, Best Valid: 16.00%, Best Test: 15.03%
Epoch: 100, Loss: 0.0027, Train: 19.98%, Valid: 20.00%, Test: 20.20%, Best Valid: 36.00%, Best Test: 20.43%
Switching Polynormer to global attention phase.
Epoch: 200, Loss: 4.2385, Train: 25.56%, Valid: 24.00%, Test: 26.70%, Best Valid: 36.00%, Best Test: 20.43%
Epoch: 300, Loss: 0.0000, Train: 23.66%, Valid: 16.00%, Test: 23.94%, Best Valid: 36.00%, Best Test: 20.43%
Epoch: 400, Loss: 0.0008, Train: 20.91%, Valid: 4.00%, Test: 21.57%, Best Valid: 36.00%, Best Test: 20.43%
Epoch: 500, Loss: 0.0007, Train: 23.89%, Valid: 20.00%, Test: 24.02%, Best Valid: 36.00%, Best Test: 20.43%
Epoch: 600, Loss: 0.0000, Train: 21.85%, Valid: 24.00%, Test: 21.77%, Best Valid: 36.00%, Best Test: 20.43%
Epoch: 700, Loss: 0.0000, Train: 21.71%, Valid: 24.00%, Test: 21.69%, Best Valid: 36.00%, Best Test: 20.43%
Epoch: 800, Loss: 0.0018, Train: 24.71%, Valid: 24.00%, Test: 24.86%, Best Valid: 36.00%, Best Test: 20.43%
Epoch: 900, Loss: 0.0000, Train: 22.93%, Valid: 24.00%, Test: 23.26%, Best Valid: 36.00%, Best Test: 20.43%
Epoch: 1000, Loss: 0.0000, Train: 22.74%, Valid: 24.00%, Test: 23.16%, Best Valid: 36.00%, Best Test: 20.43%
Epoch: 1100, Loss: 0.0000, Train: 22.73%, Valid: 24.00%, Test: 23.21%, Best Valid: 36.00%, Best Test: 20.43%
Epoch: 1200, Loss: 0.0000, Train: 23.84%, Valid: 20.00%, Test: 24.20%, Best Valid: 36.00%, Best Test: 20.43%
Epoch: 1300, Loss: 0.0000, Train: 23.84%, Valid: 20.00%, Test: 24.19%, Best Valid: 36.00%, Best Test: 20.43%
Epoch: 1400, Loss: 0.0000, Train: 23.86%, Valid: 20.00%, Test: 24.19%, Best Valid: 36.00%, Best Test: 20.43%
Epoch: 1500, Loss: 0.0000, Train: 23.89%, Valid: 20.00%, Test: 24.19%, Best Valid: 36.00%, Best Test: 20.43%
Epoch: 1600, Loss: 0.0000, Train: 23.78%, Valid: 20.00%, Test: 24.22%, Best Valid: 36.00%, Best Test: 20.43%
Epoch: 1700, Loss: 0.0000, Train: 23.15%, Valid: 20.00%, Test: 23.31%, Best Valid: 36.00%, Best Test: 20.43%
Epoch: 1800, Loss: 0.0000, Train: 23.31%, Valid: 20.00%, Test: 23.60%, Best Valid: 36.00%, Best Test: 20.43%
Epoch: 1900, Loss: 0.0000, Train: 23.31%, Valid: 20.00%, Test: 23.63%, Best Valid: 36.00%, Best Test: 20.43%
Epoch: 2000, Loss: 0.0000, Train: 23.29%, Valid: 20.00%, Test: 23.52%, Best Valid: 36.00%, Best Test: 20.43%
Epoch: 2100, Loss: 0.0000, Train: 23.31%, Valid: 20.00%, Test: 23.55%, Best Valid: 36.00%, Best Test: 20.43%
Epoch: 2200, Loss: 0.0000, Train: 23.49%, Valid: 20.00%, Test: 23.57%, Best Valid: 36.00%, Best Test: 20.43%
Epoch: 2300, Loss: 0.0000, Train: 23.73%, Valid: 20.00%, Test: 23.81%, Best Valid: 36.00%, Best Test: 20.43%
Epoch: 2400, Loss: 0.0000, Train: 23.75%, Valid: 20.00%, Test: 23.81%, Best Valid: 36.00%, Best Test: 20.43%
Epoch: 2500, Loss: 0.0000, Train: 23.66%, Valid: 20.00%, Test: 23.84%, Best Valid: 36.00%, Best Test: 20.43%
Epoch: 2600, Loss: 0.0000, Train: 23.65%, Valid: 20.00%, Test: 23.84%, Best Valid: 36.00%, Best Test: 20.43%
Run 09:
Highest Train: 36.80
Highest Valid: 36.00
Highest Test: 36.80
Chosen epoch: 80
Final Train: 19.35
Final Test: 20.43
Label budget: 5/class -> 25 train nodes
Matched-budget validation: 25 valid nodes
Pre-training MLP for 500 epochs to generate co-occurrence matrix...
MLP pre-training complete. Penalty matrix frozen.
Epoch: 00, Loss: 5.7803, Train: 11.42%, Valid: 16.00%, Test: 11.29%, Best Valid: 16.00%, Best Test: 11.29%
Epoch: 100, Loss: 0.0021, Train: 21.77%, Valid: 20.00%, Test: 20.73%, Best Valid: 32.00%, Best Test: 19.17%
Switching Polynormer to global attention phase.
Epoch: 200, Loss: 4.1937, Train: 13.25%, Valid: 24.00%, Test: 13.54%, Best Valid: 36.00%, Best Test: 18.13%
Epoch: 300, Loss: 0.0636, Train: 25.75%, Valid: 16.00%, Test: 25.51%, Best Valid: 40.00%, Best Test: 18.59%
Epoch: 400, Loss: 0.0000, Train: 23.95%, Valid: 20.00%, Test: 23.60%, Best Valid: 40.00%, Best Test: 18.59%
Epoch: 500, Loss: 0.0000, Train: 19.69%, Valid: 24.00%, Test: 18.81%, Best Valid: 40.00%, Best Test: 18.59%
Epoch: 600, Loss: 0.0000, Train: 19.83%, Valid: 24.00%, Test: 18.96%, Best Valid: 40.00%, Best Test: 18.59%
Epoch: 700, Loss: 0.0000, Train: 19.83%, Valid: 24.00%, Test: 19.03%, Best Valid: 40.00%, Best Test: 18.59%
Epoch: 800, Loss: 0.0000, Train: 19.97%, Valid: 24.00%, Test: 19.35%, Best Valid: 40.00%, Best Test: 18.59%
Epoch: 900, Loss: 0.0000, Train: 19.97%, Valid: 24.00%, Test: 19.35%, Best Valid: 40.00%, Best Test: 18.59%
Epoch: 1000, Loss: 0.0000, Train: 20.15%, Valid: 24.00%, Test: 19.22%, Best Valid: 40.00%, Best Test: 18.59%
Epoch: 1100, Loss: 0.0000, Train: 20.33%, Valid: 24.00%, Test: 19.68%, Best Valid: 40.00%, Best Test: 18.59%
Epoch: 1200, Loss: 0.0000, Train: 20.56%, Valid: 24.00%, Test: 20.07%, Best Valid: 40.00%, Best Test: 18.59%
Epoch: 1300, Loss: 0.0000, Train: 20.56%, Valid: 24.00%, Test: 20.07%, Best Valid: 40.00%, Best Test: 18.59%
Epoch: 1400, Loss: 0.0000, Train: 20.55%, Valid: 24.00%, Test: 20.07%, Best Valid: 40.00%, Best Test: 18.59%
Epoch: 1500, Loss: 0.0000, Train: 20.55%, Valid: 24.00%, Test: 20.07%, Best Valid: 40.00%, Best Test: 18.59%
Epoch: 1600, Loss: 0.0000, Train: 20.55%, Valid: 24.00%, Test: 20.07%, Best Valid: 40.00%, Best Test: 18.59%
Epoch: 1700, Loss: 0.0000, Train: 20.56%, Valid: 24.00%, Test: 20.06%, Best Valid: 40.00%, Best Test: 18.59%
Epoch: 1800, Loss: 0.0000, Train: 20.55%, Valid: 24.00%, Test: 20.04%, Best Valid: 40.00%, Best Test: 18.59%
Epoch: 1900, Loss: 0.0112, Train: 22.00%, Valid: 24.00%, Test: 21.20%, Best Valid: 40.00%, Best Test: 18.59%
Epoch: 2000, Loss: 0.0008, Train: 16.86%, Valid: 20.00%, Test: 16.58%, Best Valid: 40.00%, Best Test: 18.59%
Epoch: 2100, Loss: 0.0000, Train: 20.27%, Valid: 12.00%, Test: 19.42%, Best Valid: 40.00%, Best Test: 18.59%
Epoch: 2200, Loss: 0.0000, Train: 23.17%, Valid: 12.00%, Test: 23.09%, Best Valid: 40.00%, Best Test: 18.59%
Epoch: 2300, Loss: 0.5618, Train: 18.63%, Valid: 28.00%, Test: 18.67%, Best Valid: 40.00%, Best Test: 18.59%
Epoch: 2400, Loss: 0.0000, Train: 19.26%, Valid: 16.00%, Test: 19.50%, Best Valid: 40.00%, Best Test: 18.59%
Epoch: 2500, Loss: 0.0000, Train: 19.17%, Valid: 16.00%, Test: 19.47%, Best Valid: 40.00%, Best Test: 18.59%
Epoch: 2600, Loss: 0.0008, Train: 19.11%, Valid: 16.00%, Test: 19.43%, Best Valid: 40.00%, Best Test: 18.59%
Run 10:
Highest Train: 30.52
Highest Valid: 40.00
Highest Test: 29.72
Chosen epoch: 207
Final Train: 18.76
Final Test: 18.59
All runs:
Highest Train: 34.55 ± 2.61
Highest Test: 34.37 ± 2.86
Highest Valid: 38.40 ± 7.11
  Final Train: 22.74 ± 5.28
   Final Test: 22.72 ± 5.10
Saving results to ../results/lowlabel_mv/amazon-ratings/polynormer.csv
Low-label sweep completed.
Task 55 done.
