Sun Aug 16 03:13:41 2026       
+-----------------------------------------------------------------------------------------+
| NVIDIA-SMI 580.159.04             Driver Version: 580.159.04     CUDA Version: 13.0     |
+-----------------------------------------+------------------------+----------------------+
| GPU  Name                 Persistence-M | Bus-Id          Disp.A | Volatile Uncorr. ECC |
| Fan  Temp   Perf          Pwr:Usage/Cap |           Memory-Usage | GPU-Util  Compute M. |
|                                         |                        |               MIG M. |
|=========================================+========================+======================|
|   0  NVIDIA A100-SXM4-80GB          On  |   00000000:01:00.0 Off |                   On |
| N/A   60C    P0            293W /  500W |   50100MiB /  81920MiB |     N/A      Default |
|                                         |                        |              Enabled |
+-----------------------------------------+------------------------+----------------------+
|   1  NVIDIA A100-SXM4-80GB          On  |   00000000:41:00.0 Off |                   On |
| N/A   51C    P0            233W /  500W |   38461MiB /  81920MiB |     N/A      Default |
|                                         |                        |              Enabled |
+-----------------------------------------+------------------------+----------------------+
|   2  NVIDIA A100-SXM4-80GB          On  |   00000000:81:00.0 Off |                   On |
| N/A   59C    P0            251W /  500W |   38451MiB /  81920MiB |     N/A      Default |
|                                         |                        |              Enabled |
+-----------------------------------------+------------------------+----------------------+
|   3  NVIDIA A100-SXM4-80GB          On  |   00000000:C1:00.0 Off |                   On |
| N/A   44C    P0            213W /  500W |   20535MiB /  81920MiB |     N/A      Default |
|                                         |                        |              Enabled |
+-----------------------------------------+------------------------+----------------------+

+-----------------------------------------------------------------------------------------+
| MIG devices:                                                                            |
+------------------+----------------------------------+-----------+-----------------------+
| GPU  GI  CI  MIG |              Shared Memory-Usage |        Vol|        Shared         |
|      ID  ID  Dev |                Shared BAR1-Usage | SM     Unc| CE ENC  DEC  OFA  JPG |
|                  |                                  |        ECC|                       |
|==================+==================================+===========+=======================|
|  1    5   0   0  |              71MiB / 19968MiB    | 28      0 |  2   0    1    0    0 |
|                  |               0MiB / 12271MiB    |           |                       |
+------------------+----------------------------------+-----------+-----------------------+

+-----------------------------------------------------------------------------------------+
| Processes:                                                                              |
|  GPU   GI   CI              PID   Type   Process name                        GPU Memory |
|        ID   ID                                                               Usage      |
|=========================================================================================|
|    0   14    0          1411375      C   ...ware/symmetrix-env/bin/python       1908MiB |
|    0   13    0          1513829      C   .../conda_env/Pytorch/bin/python       1582MiB |
|    0   13    0          1530067      C   .../conda_env/Pytorch/bin/python       1582MiB |
|    0   13    0          1537209      C   .../conda_env/Pytorch/bin/python       1646MiB |
|    0   13    0          1538014      C   .../conda_env/Pytorch/bin/python       1730MiB |
|    0    1    0          1564649      C   ...nda3/envs/spot_nsf/bin/python      39834MiB |
|    0    5    0          2691770      C   python                                 1554MiB |
|    2    9    0          1429844      C   ...ware/symmetrix-env/bin/python        508MiB |
|    2   10    0          1429847      C   ...ware/symmetrix-env/bin/python        508MiB |
|    2    2    0          2588498      C   python                                37100MiB |
|    3   13    0          1429848      C   ...ware/symmetrix-env/bin/python        508MiB |
|    3   14    0          1429849      C   ...ware/symmetrix-env/bin/python        508MiB |
|    3    1    0          2597086      C   python                                19154MiB |
+-----------------------------------------------------------------------------------------+
Matched-val cell: citeseer / polynormer / budget 2 per class / group 1
python main.py --model polynormer --dataset citeseer --lr 0.001 --hidden_channels 64 --dropout 0.5 --weight_decay 0.0005 --num_heads 8 --runs 10 --device 0 --result_dir ../results/lowlabel_mv --model_dir models/lowlabel_mv_1178247_13 --paired_seeds --rand_split_class --valid_num 500 --test_num 1000 --seed 123 --local_layers 7 --global_layers 2 --local_epochs 100 --global_epochs 1000 --beta -1.0 --in_dropout 0.2 --save_model --label_num_per_class 2 --resample_split_per_run --valid_per_class 2 --budget_tag 2
==========================================================
Low-label sweep: python main.py --model polynormer --dataset citeseer --lr 0.001 --hidden_channels 64 --dropout 0.5 --weight_decay 0.0005 --num_heads 8 --runs 10 --device 0 --result_dir ../results/lowlabel_mv --model_dir models/lowlabel_mv_1178247_13 --paired_seeds --rand_split_class --valid_num 500 --test_num 1000 --seed 123 --local_layers 7 --global_layers 2 --local_epochs 100 --global_epochs 1000 --beta -1.0 --in_dropout 0.2 --save_model --label_num_per_class 2 --resample_split_per_run --valid_per_class 2 --budget_tag 2
result_dir=../results/lowlabel_mv conditions=[mlp]
==========================================================
--- mlp_reg | lambda=0.01 ---
Namespace(aggregate='add', alpha=0.5, attention='gcn', beta=-1.0, bn=False, budget_tag='2', count_reg=False, count_smoothing=1.0, cpu=False, data_dir='../data/', dataset='citeseer', device=0, dim_inner=64, display_step=100, dropout=0.5, epochs=500, global_dropout=None, global_epochs=1000, global_layers=2, gnn='gcn', graph_weight=0.8, hidden_channels=64, hops=10, in_dropout=0.2, jk=False, label_num_per_class=2, lambda_val=0.01, layers=1, ln=False, local_epochs=100, local_gnn_type='GCN', local_layers=7, lr=0.001, metric='acc', mlp_epochs=500, mlp_reg=True, model='polynormer', model_dir='models/lowlabel_mv_1178247_13', n_heads=8, num_centroids=4096, num_heads=8, oracle_reg=False, paired_seeds=True, pe_types='RWSE', penalty_transform='none', pre_linear=False, pre_ln=False, rand_split=False, rand_split_class=True, reg_start_epoch=10, reg_update_freq=5, res=False, resample_split_per_run=True, result_dir='../results/lowlabel_mv', runs=10, save_model=True, save_result=False, seed=123, test_num=1000, tr_dropout=None, tr_layers=1, tr_weight_decay=None, train_per_class=0, train_prop=0.5, use_act=False, use_bn=False, use_graph=False, use_reg=True, use_residual=False, use_weight=False, valid_num=500, valid_per_class=2, valid_prop=0.25, weight_decay=0.0005)
citeseer
Num nodes: 3327
train:torch.Size([12]), valid:torch.Size([500]), test:torch.Size([1000])
dataset citeseer | num nodes 3327 | num edge 9104 | num node feats 3703 | num classes 6
MODEL: Polynormer(
  (h_lins): ModuleList(
    (0): Linear(in_features=512, out_features=512, bias=True)
    (1): Linear(in_features=512, out_features=512, bias=True)
    (2): Linear(in_features=512, out_features=512, bias=True)
    (3): Linear(in_features=512, out_features=512, bias=True)
    (4): Linear(in_features=512, out_features=512, bias=True)
    (5): Linear(in_features=512, out_features=512, bias=True)
    (6): Linear(in_features=512, out_features=512, bias=True)
  )
  (local_convs): ModuleList(
    (0): GATConv(512, 64, heads=8)
    (1): GATConv(512, 64, heads=8)
    (2): GATConv(512, 64, heads=8)
    (3): GATConv(512, 64, heads=8)
    (4): GATConv(512, 64, heads=8)
    (5): GATConv(512, 64, heads=8)
    (6): GATConv(512, 64, heads=8)
  )
  (lins): ModuleList(
    (0): Linear(in_features=512, out_features=512, bias=True)
    (1): Linear(in_features=512, out_features=512, bias=True)
    (2): Linear(in_features=512, out_features=512, bias=True)
    (3): Linear(in_features=512, out_features=512, bias=True)
    (4): Linear(in_features=512, out_features=512, bias=True)
    (5): Linear(in_features=512, out_features=512, bias=True)
    (6): Linear(in_features=512, out_features=512, bias=True)
  )
  (lns): ModuleList(
    (0): LayerNorm((512,), eps=1e-05, elementwise_affine=True)
    (1): LayerNorm((512,), eps=1e-05, elementwise_affine=True)
    (2): LayerNorm((512,), eps=1e-05, elementwise_affine=True)
    (3): LayerNorm((512,), eps=1e-05, elementwise_affine=True)
    (4): LayerNorm((512,), eps=1e-05, elementwise_affine=True)
    (5): LayerNorm((512,), eps=1e-05, elementwise_affine=True)
    (6): LayerNorm((512,), eps=1e-05, elementwise_affine=True)
  )
  (lin_in): Linear(in_features=3703, out_features=512, bias=True)
  (ln): LayerNorm((512,), eps=1e-05, elementwise_affine=True)
  (global_attn): GlobalAttn(
    (h_lins): ModuleList(
      (0): Linear(in_features=512, out_features=512, bias=True)
      (1): Linear(in_features=512, out_features=512, bias=True)
    )
    (k_lins): ModuleList(
      (0): Linear(in_features=512, out_features=512, bias=True)
      (1): Linear(in_features=512, out_features=512, bias=True)
    )
    (v_lins): ModuleList(
      (0): Linear(in_features=512, out_features=512, bias=True)
      (1): Linear(in_features=512, out_features=512, bias=True)
    )
    (lns): ModuleList(
      (0): LayerNorm((512,), eps=1e-05, elementwise_affine=True)
      (1): LayerNorm((512,), eps=1e-05, elementwise_affine=True)
    )
    (lin_out): Linear(in_features=512, out_features=512, bias=True)
  )
  (pred_local): Linear(in_features=512, out_features=6, bias=True)
  (pred_global): Linear(in_features=512, out_features=6, bias=True)
)
train:torch.Size([12]), valid:torch.Size([500]), test:torch.Size([1000])
Matched-budget validation: 12 valid nodes
Pre-training MLP for 500 epochs to generate co-occurrence matrix...
MLP pre-training complete. Penalty matrix frozen.
Epoch: 00, Loss: 2.1507, Train: 50.00%, Valid: 0.00%, Test: 17.20%, Best Valid: 0.00%, Best Test: 17.20%
Switching Polynormer to global attention phase.
Epoch: 100, Loss: 1.7900, Train: 16.67%, Valid: 16.67%, Test: 20.50%, Best Valid: 33.33%, Best Test: 28.60%
Epoch: 200, Loss: 0.0251, Train: 100.00%, Valid: 33.33%, Test: 39.20%, Best Valid: 41.67%, Best Test: 48.00%
Epoch: 300, Loss: 0.0000, Train: 100.00%, Valid: 25.00%, Test: 33.50%, Best Valid: 41.67%, Best Test: 48.00%
Epoch: 400, Loss: 0.0000, Train: 100.00%, Valid: 25.00%, Test: 43.80%, Best Valid: 58.33%, Best Test: 44.40%
Epoch: 500, Loss: 0.0000, Train: 100.00%, Valid: 33.33%, Test: 41.60%, Best Valid: 58.33%, Best Test: 44.40%
Epoch: 600, Loss: 0.0000, Train: 100.00%, Valid: 8.33%, Test: 45.40%, Best Valid: 58.33%, Best Test: 44.40%
Epoch: 700, Loss: 0.0000, Train: 100.00%, Valid: 8.33%, Test: 37.80%, Best Valid: 58.33%, Best Test: 44.40%
Epoch: 800, Loss: 0.0000, Train: 100.00%, Valid: 0.00%, Test: 37.70%, Best Valid: 58.33%, Best Test: 44.40%
Epoch: 900, Loss: 0.0000, Train: 100.00%, Valid: 16.67%, Test: 39.20%, Best Valid: 58.33%, Best Test: 44.40%
Epoch: 1000, Loss: 2.1600, Train: 100.00%, Valid: 25.00%, Test: 36.70%, Best Valid: 58.33%, Best Test: 44.40%
Run 01:
Highest Train: 100.00
Highest Valid: 58.33
Highest Test: 55.30
Chosen epoch: 324
Final Train: 100.00
Final Test: 44.40
train:torch.Size([12]), valid:torch.Size([500]), test:torch.Size([1000])
Matched-budget validation: 12 valid nodes
Pre-training MLP for 500 epochs to generate co-occurrence matrix...
MLP pre-training complete. Penalty matrix frozen.
Epoch: 00, Loss: 2.1121, Train: 16.67%, Valid: 8.33%, Test: 17.20%, Best Valid: 8.33%, Best Test: 17.20%
Switching Polynormer to global attention phase.
Epoch: 100, Loss: 1.8096, Train: 16.67%, Valid: 16.67%, Test: 19.30%, Best Valid: 33.33%, Best Test: 30.80%
Epoch: 200, Loss: 0.0251, Train: 100.00%, Valid: 16.67%, Test: 21.80%, Best Valid: 33.33%, Best Test: 30.80%
Epoch: 300, Loss: 0.0000, Train: 100.00%, Valid: 8.33%, Test: 23.70%, Best Valid: 33.33%, Best Test: 30.80%
Epoch: 400, Loss: 0.0001, Train: 100.00%, Valid: 8.33%, Test: 22.70%, Best Valid: 33.33%, Best Test: 30.80%
Epoch: 500, Loss: 0.1136, Train: 100.00%, Valid: 0.00%, Test: 20.20%, Best Valid: 33.33%, Best Test: 30.80%
Epoch: 600, Loss: 0.0002, Train: 100.00%, Valid: 8.33%, Test: 19.00%, Best Valid: 33.33%, Best Test: 30.80%
Epoch: 700, Loss: 0.0000, Train: 100.00%, Valid: 8.33%, Test: 17.70%, Best Valid: 33.33%, Best Test: 30.80%
Epoch: 800, Loss: 0.0000, Train: 100.00%, Valid: 8.33%, Test: 17.50%, Best Valid: 33.33%, Best Test: 30.80%
Epoch: 900, Loss: 0.0000, Train: 100.00%, Valid: 8.33%, Test: 17.90%, Best Valid: 33.33%, Best Test: 30.80%
Epoch: 1000, Loss: 0.0000, Train: 100.00%, Valid: 16.67%, Test: 19.20%, Best Valid: 33.33%, Best Test: 30.80%
Run 02:
Highest Train: 100.00
Highest Valid: 33.33
Highest Test: 35.80
Chosen epoch: 44
Final Train: 100.00
Final Test: 30.80
train:torch.Size([12]), valid:torch.Size([500]), test:torch.Size([1000])
Matched-budget validation: 12 valid nodes
Pre-training MLP for 500 epochs to generate co-occurrence matrix...
MLP pre-training complete. Penalty matrix frozen.
Epoch: 00, Loss: 2.5488, Train: 25.00%, Valid: 16.67%, Test: 15.80%, Best Valid: 16.67%, Best Test: 15.80%
Switching Polynormer to global attention phase.
Epoch: 100, Loss: 1.8097, Train: 16.67%, Valid: 16.67%, Test: 20.50%, Best Valid: 41.67%, Best Test: 40.80%
Epoch: 200, Loss: 0.0510, Train: 100.00%, Valid: 25.00%, Test: 30.10%, Best Valid: 41.67%, Best Test: 40.80%
Epoch: 300, Loss: 0.5485, Train: 100.00%, Valid: 33.33%, Test: 38.90%, Best Valid: 50.00%, Best Test: 40.80%
Epoch: 400, Loss: 0.0000, Train: 100.00%, Valid: 25.00%, Test: 35.50%, Best Valid: 50.00%, Best Test: 40.80%
Epoch: 500, Loss: 0.0000, Train: 100.00%, Valid: 33.33%, Test: 35.70%, Best Valid: 50.00%, Best Test: 40.80%
Epoch: 600, Loss: 0.0000, Train: 100.00%, Valid: 33.33%, Test: 36.00%, Best Valid: 50.00%, Best Test: 40.80%
Epoch: 700, Loss: 0.0000, Train: 100.00%, Valid: 41.67%, Test: 37.60%, Best Valid: 50.00%, Best Test: 40.80%
Epoch: 800, Loss: 0.0000, Train: 100.00%, Valid: 41.67%, Test: 38.90%, Best Valid: 50.00%, Best Test: 40.80%
Epoch: 900, Loss: 0.0000, Train: 100.00%, Valid: 41.67%, Test: 40.00%, Best Valid: 50.00%, Best Test: 40.80%
Epoch: 1000, Loss: 0.0000, Train: 100.00%, Valid: 41.67%, Test: 41.00%, Best Valid: 50.00%, Best Test: 40.80%
Run 03:
Highest Train: 100.00
Highest Valid: 50.00
Highest Test: 42.10
Chosen epoch: 282
Final Train: 100.00
Final Test: 40.80
train:torch.Size([12]), valid:torch.Size([500]), test:torch.Size([1000])
Matched-budget validation: 12 valid nodes
Pre-training MLP for 500 epochs to generate co-occurrence matrix...
MLP pre-training complete. Penalty matrix frozen.
Epoch: 00, Loss: 2.4315, Train: 33.33%, Valid: 33.33%, Test: 15.90%, Best Valid: 33.33%, Best Test: 15.90%
Switching Polynormer to global attention phase.
Epoch: 100, Loss: 1.8133, Train: 16.67%, Valid: 16.67%, Test: 8.10%, Best Valid: 58.33%, Best Test: 34.10%
Epoch: 200, Loss: 0.2968, Train: 100.00%, Valid: 33.33%, Test: 23.50%, Best Valid: 58.33%, Best Test: 34.10%
Epoch: 300, Loss: 0.0135, Train: 100.00%, Valid: 41.67%, Test: 28.90%, Best Valid: 58.33%, Best Test: 34.10%
Epoch: 400, Loss: 0.0000, Train: 100.00%, Valid: 33.33%, Test: 33.50%, Best Valid: 58.33%, Best Test: 34.10%
Epoch: 500, Loss: 0.0001, Train: 100.00%, Valid: 16.67%, Test: 27.20%, Best Valid: 58.33%, Best Test: 34.10%
Epoch: 600, Loss: 0.0000, Train: 100.00%, Valid: 33.33%, Test: 39.30%, Best Valid: 58.33%, Best Test: 34.10%
Epoch: 700, Loss: 0.0000, Train: 100.00%, Valid: 33.33%, Test: 41.10%, Best Valid: 58.33%, Best Test: 34.10%
Epoch: 800, Loss: 0.0000, Train: 100.00%, Valid: 33.33%, Test: 42.40%, Best Valid: 58.33%, Best Test: 34.10%
Epoch: 900, Loss: 0.0000, Train: 100.00%, Valid: 33.33%, Test: 42.80%, Best Valid: 58.33%, Best Test: 34.10%
Epoch: 1000, Loss: 0.0021, Train: 100.00%, Valid: 41.67%, Test: 30.20%, Best Valid: 58.33%, Best Test: 34.10%
Run 04:
Highest Train: 100.00
Highest Valid: 58.33
Highest Test: 43.10
Chosen epoch: 19
Final Train: 100.00
Final Test: 34.10
train:torch.Size([12]), valid:torch.Size([500]), test:torch.Size([1000])
Matched-budget validation: 12 valid nodes
Pre-training MLP for 500 epochs to generate co-occurrence matrix...
MLP pre-training complete. Penalty matrix frozen.
Epoch: 00, Loss: 2.0122, Train: 8.33%, Valid: 16.67%, Test: 14.10%, Best Valid: 16.67%, Best Test: 14.10%
Switching Polynormer to global attention phase.
Epoch: 100, Loss: 1.8197, Train: 16.67%, Valid: 16.67%, Test: 16.60%, Best Valid: 41.67%, Best Test: 36.00%
Epoch: 200, Loss: 0.8402, Train: 100.00%, Valid: 41.67%, Test: 38.10%, Best Valid: 50.00%, Best Test: 51.80%
Epoch: 300, Loss: 0.0000, Train: 100.00%, Valid: 41.67%, Test: 41.40%, Best Valid: 50.00%, Best Test: 51.80%
Epoch: 400, Loss: 0.0000, Train: 100.00%, Valid: 33.33%, Test: 36.20%, Best Valid: 50.00%, Best Test: 51.80%
Epoch: 500, Loss: 0.0000, Train: 100.00%, Valid: 33.33%, Test: 36.00%, Best Valid: 50.00%, Best Test: 51.80%
Epoch: 600, Loss: 2.8882, Train: 100.00%, Valid: 16.67%, Test: 24.00%, Best Valid: 50.00%, Best Test: 51.80%
Epoch: 700, Loss: 0.0000, Train: 100.00%, Valid: 16.67%, Test: 28.30%, Best Valid: 50.00%, Best Test: 51.80%
Epoch: 800, Loss: 0.0000, Train: 100.00%, Valid: 25.00%, Test: 30.90%, Best Valid: 50.00%, Best Test: 51.80%
Epoch: 900, Loss: 0.0000, Train: 100.00%, Valid: 16.67%, Test: 25.10%, Best Valid: 50.00%, Best Test: 51.80%
Epoch: 1000, Loss: 0.0000, Train: 100.00%, Valid: 33.33%, Test: 23.90%, Best Valid: 50.00%, Best Test: 51.80%
Run 05:
Highest Train: 100.00
Highest Valid: 50.00
Highest Test: 51.80
Chosen epoch: 186
Final Train: 100.00
Final Test: 51.80
train:torch.Size([12]), valid:torch.Size([500]), test:torch.Size([1000])
Matched-budget validation: 12 valid nodes
Pre-training MLP for 500 epochs to generate co-occurrence matrix...
MLP pre-training complete. Penalty matrix frozen.
Epoch: 00, Loss: 1.8583, Train: 8.33%, Valid: 8.33%, Test: 13.30%, Best Valid: 8.33%, Best Test: 13.30%
Switching Polynormer to global attention phase.
Epoch: 100, Loss: 1.8111, Train: 16.67%, Valid: 16.67%, Test: 17.20%, Best Valid: 41.67%, Best Test: 40.10%
Epoch: 200, Loss: 0.8238, Train: 100.00%, Valid: 33.33%, Test: 45.30%, Best Valid: 41.67%, Best Test: 40.10%
Epoch: 300, Loss: 0.0184, Train: 100.00%, Valid: 16.67%, Test: 39.90%, Best Valid: 41.67%, Best Test: 40.10%
Epoch: 400, Loss: 0.0000, Train: 100.00%, Valid: 33.33%, Test: 41.20%, Best Valid: 41.67%, Best Test: 40.10%
Epoch: 500, Loss: 0.0000, Train: 100.00%, Valid: 41.67%, Test: 33.30%, Best Valid: 41.67%, Best Test: 40.10%
Epoch: 600, Loss: 0.0067, Train: 100.00%, Valid: 33.33%, Test: 42.60%, Best Valid: 50.00%, Best Test: 35.60%
Epoch: 700, Loss: 0.0000, Train: 100.00%, Valid: 25.00%, Test: 25.20%, Best Valid: 50.00%, Best Test: 35.60%
Epoch: 800, Loss: 0.2123, Train: 100.00%, Valid: 16.67%, Test: 21.50%, Best Valid: 50.00%, Best Test: 35.60%
Epoch: 900, Loss: 0.5705, Train: 100.00%, Valid: 33.33%, Test: 32.70%, Best Valid: 50.00%, Best Test: 35.60%
Epoch: 1000, Loss: 0.0000, Train: 100.00%, Valid: 33.33%, Test: 30.10%, Best Valid: 50.00%, Best Test: 35.60%
Run 06:
Highest Train: 100.00
Highest Valid: 50.00
Highest Test: 47.60
Chosen epoch: 557
Final Train: 100.00
Final Test: 35.60
train:torch.Size([12]), valid:torch.Size([500]), test:torch.Size([1000])
Matched-budget validation: 12 valid nodes
Pre-training MLP for 500 epochs to generate co-occurrence matrix...
MLP pre-training complete. Penalty matrix frozen.
Epoch: 00, Loss: 2.5662, Train: 25.00%, Valid: 16.67%, Test: 17.10%, Best Valid: 16.67%, Best Test: 17.10%
Switching Polynormer to global attention phase.
Epoch: 100, Loss: 1.8097, Train: 16.67%, Valid: 16.67%, Test: 18.70%, Best Valid: 41.67%, Best Test: 33.90%
Epoch: 200, Loss: 0.8524, Train: 100.00%, Valid: 50.00%, Test: 27.70%, Best Valid: 58.33%, Best Test: 28.90%
Epoch: 300, Loss: 0.0154, Train: 100.00%, Valid: 33.33%, Test: 23.40%, Best Valid: 58.33%, Best Test: 28.90%
Epoch: 400, Loss: 0.0000, Train: 100.00%, Valid: 33.33%, Test: 29.90%, Best Valid: 58.33%, Best Test: 28.90%
Epoch: 500, Loss: 0.0000, Train: 100.00%, Valid: 41.67%, Test: 30.50%, Best Valid: 58.33%, Best Test: 28.90%
Epoch: 600, Loss: 0.0000, Train: 100.00%, Valid: 41.67%, Test: 35.90%, Best Valid: 58.33%, Best Test: 28.90%
Epoch: 700, Loss: 0.7218, Train: 91.67%, Valid: 41.67%, Test: 19.30%, Best Valid: 58.33%, Best Test: 28.90%
Epoch: 800, Loss: 0.0001, Train: 100.00%, Valid: 33.33%, Test: 22.60%, Best Valid: 58.33%, Best Test: 28.90%
Epoch: 900, Loss: 0.0000, Train: 100.00%, Valid: 41.67%, Test: 29.30%, Best Valid: 58.33%, Best Test: 28.90%
Epoch: 1000, Loss: 0.0000, Train: 100.00%, Valid: 33.33%, Test: 23.00%, Best Valid: 58.33%, Best Test: 28.90%
Run 07:
Highest Train: 100.00
Highest Valid: 58.33
Highest Test: 44.90
Chosen epoch: 160
Final Train: 91.67
Final Test: 28.90
train:torch.Size([12]), valid:torch.Size([500]), test:torch.Size([1000])
Matched-budget validation: 12 valid nodes
Pre-training MLP for 500 epochs to generate co-occurrence matrix...
MLP pre-training complete. Penalty matrix frozen.
Epoch: 00, Loss: 1.9387, Train: 41.67%, Valid: 25.00%, Test: 17.10%, Best Valid: 25.00%, Best Test: 17.10%
Switching Polynormer to global attention phase.
Epoch: 100, Loss: 1.8109, Train: 16.67%, Valid: 16.67%, Test: 21.40%, Best Valid: 58.33%, Best Test: 39.50%
Epoch: 200, Loss: 0.3005, Train: 100.00%, Valid: 50.00%, Test: 36.70%, Best Valid: 58.33%, Best Test: 39.50%
Epoch: 300, Loss: 0.0110, Train: 100.00%, Valid: 41.67%, Test: 40.50%, Best Valid: 66.67%, Best Test: 30.90%
Epoch: 400, Loss: 0.0003, Train: 100.00%, Valid: 50.00%, Test: 31.20%, Best Valid: 66.67%, Best Test: 30.90%
Epoch: 500, Loss: 0.0000, Train: 100.00%, Valid: 33.33%, Test: 31.20%, Best Valid: 66.67%, Best Test: 30.90%
Epoch: 600, Loss: 0.0000, Train: 100.00%, Valid: 41.67%, Test: 31.00%, Best Valid: 66.67%, Best Test: 30.90%
Epoch: 700, Loss: 0.0000, Train: 100.00%, Valid: 41.67%, Test: 32.80%, Best Valid: 66.67%, Best Test: 30.90%
Epoch: 800, Loss: 0.0000, Train: 100.00%, Valid: 25.00%, Test: 30.60%, Best Valid: 66.67%, Best Test: 30.90%
Epoch: 900, Loss: 0.0000, Train: 100.00%, Valid: 25.00%, Test: 30.80%, Best Valid: 66.67%, Best Test: 30.90%
Epoch: 1000, Loss: 1.2382, Train: 50.00%, Valid: 16.67%, Test: 21.50%, Best Valid: 66.67%, Best Test: 30.90%
Run 08:
Highest Train: 100.00
Highest Valid: 66.67
Highest Test: 48.90
Chosen epoch: 275
Final Train: 91.67
Final Test: 30.90
train:torch.Size([12]), valid:torch.Size([500]), test:torch.Size([1000])
Matched-budget validation: 12 valid nodes
Pre-training MLP for 500 epochs to generate co-occurrence matrix...
MLP pre-training complete. Penalty matrix frozen.
Epoch: 00, Loss: 1.6549, Train: 25.00%, Valid: 8.33%, Test: 18.50%, Best Valid: 8.33%, Best Test: 18.50%
Switching Polynormer to global attention phase.
Epoch: 100, Loss: 1.8004, Train: 25.00%, Valid: 16.67%, Test: 17.20%, Best Valid: 50.00%, Best Test: 33.60%
Epoch: 200, Loss: 0.4764, Train: 100.00%, Valid: 25.00%, Test: 35.20%, Best Valid: 50.00%, Best Test: 33.60%
Epoch: 300, Loss: 0.1977, Train: 100.00%, Valid: 33.33%, Test: 35.00%, Best Valid: 50.00%, Best Test: 33.60%
Epoch: 400, Loss: 0.0000, Train: 100.00%, Valid: 16.67%, Test: 16.60%, Best Valid: 50.00%, Best Test: 33.60%
Epoch: 500, Loss: 0.0000, Train: 100.00%, Valid: 16.67%, Test: 17.40%, Best Valid: 50.00%, Best Test: 33.60%
Epoch: 600, Loss: 0.0000, Train: 100.00%, Valid: 25.00%, Test: 17.90%, Best Valid: 50.00%, Best Test: 33.60%
Epoch: 700, Loss: 0.0000, Train: 100.00%, Valid: 16.67%, Test: 18.70%, Best Valid: 50.00%, Best Test: 33.60%
Epoch: 800, Loss: 0.0000, Train: 100.00%, Valid: 25.00%, Test: 26.20%, Best Valid: 50.00%, Best Test: 33.60%
Epoch: 900, Loss: 0.0000, Train: 100.00%, Valid: 25.00%, Test: 25.90%, Best Valid: 50.00%, Best Test: 33.60%
Epoch: 1000, Loss: 0.0000, Train: 100.00%, Valid: 25.00%, Test: 24.60%, Best Valid: 50.00%, Best Test: 33.60%
Run 09:
Highest Train: 100.00
Highest Valid: 50.00
Highest Test: 40.70
Chosen epoch: 16
Final Train: 100.00
Final Test: 33.60
train:torch.Size([12]), valid:torch.Size([500]), test:torch.Size([1000])
Matched-budget validation: 12 valid nodes
Pre-training MLP for 500 epochs to generate co-occurrence matrix...
MLP pre-training complete. Penalty matrix frozen.
Epoch: 00, Loss: 2.6317, Train: 25.00%, Valid: 16.67%, Test: 17.90%, Best Valid: 16.67%, Best Test: 17.90%
Switching Polynormer to global attention phase.
Epoch: 100, Loss: 1.8092, Train: 16.67%, Valid: 16.67%, Test: 20.60%, Best Valid: 41.67%, Best Test: 31.10%
Epoch: 200, Loss: 0.9085, Train: 100.00%, Valid: 16.67%, Test: 31.10%, Best Valid: 41.67%, Best Test: 31.10%
Epoch: 300, Loss: 0.0010, Train: 100.00%, Valid: 8.33%, Test: 28.20%, Best Valid: 41.67%, Best Test: 31.10%
Epoch: 400, Loss: 0.1984, Train: 100.00%, Valid: 16.67%, Test: 28.80%, Best Valid: 41.67%, Best Test: 31.10%
Epoch: 500, Loss: 0.0000, Train: 100.00%, Valid: 16.67%, Test: 22.20%, Best Valid: 41.67%, Best Test: 31.10%
Epoch: 600, Loss: 0.0000, Train: 100.00%, Valid: 16.67%, Test: 24.30%, Best Valid: 41.67%, Best Test: 31.10%
Epoch: 700, Loss: 0.0429, Train: 100.00%, Valid: 16.67%, Test: 22.20%, Best Valid: 41.67%, Best Test: 31.10%
Epoch: 800, Loss: 0.0000, Train: 100.00%, Valid: 16.67%, Test: 29.80%, Best Valid: 41.67%, Best Test: 31.10%
Epoch: 900, Loss: 0.0000, Train: 100.00%, Valid: 25.00%, Test: 27.20%, Best Valid: 41.67%, Best Test: 31.10%
Epoch: 1000, Loss: 0.0000, Train: 100.00%, Valid: 16.67%, Test: 28.50%, Best Valid: 41.67%, Best Test: 31.10%
Run 10:
Highest Train: 100.00
Highest Valid: 41.67
Highest Test: 36.70
Chosen epoch: 14
Final Train: 100.00
Final Test: 31.10
All runs:
Highest Train: 100.00 ± 0.00
Highest Test: 44.69 ± 6.30
Highest Valid: 51.67 ± 9.46
  Final Train: 98.33 ± 3.51
   Final Test: 36.20 ± 7.30
Saving results to ../results/lowlabel_mv/citeseer/polynormer.csv
--- mlp_reg | lambda=0.05 ---
Namespace(aggregate='add', alpha=0.5, attention='gcn', beta=-1.0, bn=False, budget_tag='2', count_reg=False, count_smoothing=1.0, cpu=False, data_dir='../data/', dataset='citeseer', device=0, dim_inner=64, display_step=100, dropout=0.5, epochs=500, global_dropout=None, global_epochs=1000, global_layers=2, gnn='gcn', graph_weight=0.8, hidden_channels=64, hops=10, in_dropout=0.2, jk=False, label_num_per_class=2, lambda_val=0.05, layers=1, ln=False, local_epochs=100, local_gnn_type='GCN', local_layers=7, lr=0.001, metric='acc', mlp_epochs=500, mlp_reg=True, model='polynormer', model_dir='models/lowlabel_mv_1178247_13', n_heads=8, num_centroids=4096, num_heads=8, oracle_reg=False, paired_seeds=True, pe_types='RWSE', penalty_transform='none', pre_linear=False, pre_ln=False, rand_split=False, rand_split_class=True, reg_start_epoch=10, reg_update_freq=5, res=False, resample_split_per_run=True, result_dir='../results/lowlabel_mv', runs=10, save_model=True, save_result=False, seed=123, test_num=1000, tr_dropout=None, tr_layers=1, tr_weight_decay=None, train_per_class=0, train_prop=0.5, use_act=False, use_bn=False, use_graph=False, use_reg=True, use_residual=False, use_weight=False, valid_num=500, valid_per_class=2, valid_prop=0.25, weight_decay=0.0005)
citeseer
Num nodes: 3327
train:torch.Size([12]), valid:torch.Size([500]), test:torch.Size([1000])
dataset citeseer | num nodes 3327 | num edge 9104 | num node feats 3703 | num classes 6
MODEL: Polynormer(
  (h_lins): ModuleList(
    (0): Linear(in_features=512, out_features=512, bias=True)
    (1): Linear(in_features=512, out_features=512, bias=True)
    (2): Linear(in_features=512, out_features=512, bias=True)
    (3): Linear(in_features=512, out_features=512, bias=True)
    (4): Linear(in_features=512, out_features=512, bias=True)
    (5): Linear(in_features=512, out_features=512, bias=True)
    (6): Linear(in_features=512, out_features=512, bias=True)
  )
  (local_convs): ModuleList(
    (0): GATConv(512, 64, heads=8)
    (1): GATConv(512, 64, heads=8)
    (2): GATConv(512, 64, heads=8)
    (3): GATConv(512, 64, heads=8)
    (4): GATConv(512, 64, heads=8)
    (5): GATConv(512, 64, heads=8)
    (6): GATConv(512, 64, heads=8)
  )
  (lins): ModuleList(
    (0): Linear(in_features=512, out_features=512, bias=True)
    (1): Linear(in_features=512, out_features=512, bias=True)
    (2): Linear(in_features=512, out_features=512, bias=True)
    (3): Linear(in_features=512, out_features=512, bias=True)
    (4): Linear(in_features=512, out_features=512, bias=True)
    (5): Linear(in_features=512, out_features=512, bias=True)
    (6): Linear(in_features=512, out_features=512, bias=True)
  )
  (lns): ModuleList(
    (0): LayerNorm((512,), eps=1e-05, elementwise_affine=True)
    (1): LayerNorm((512,), eps=1e-05, elementwise_affine=True)
    (2): LayerNorm((512,), eps=1e-05, elementwise_affine=True)
    (3): LayerNorm((512,), eps=1e-05, elementwise_affine=True)
    (4): LayerNorm((512,), eps=1e-05, elementwise_affine=True)
    (5): LayerNorm((512,), eps=1e-05, elementwise_affine=True)
    (6): LayerNorm((512,), eps=1e-05, elementwise_affine=True)
  )
  (lin_in): Linear(in_features=3703, out_features=512, bias=True)
  (ln): LayerNorm((512,), eps=1e-05, elementwise_affine=True)
  (global_attn): GlobalAttn(
    (h_lins): ModuleList(
      (0): Linear(in_features=512, out_features=512, bias=True)
      (1): Linear(in_features=512, out_features=512, bias=True)
    )
    (k_lins): ModuleList(
      (0): Linear(in_features=512, out_features=512, bias=True)
      (1): Linear(in_features=512, out_features=512, bias=True)
    )
    (v_lins): ModuleList(
      (0): Linear(in_features=512, out_features=512, bias=True)
      (1): Linear(in_features=512, out_features=512, bias=True)
    )
    (lns): ModuleList(
      (0): LayerNorm((512,), eps=1e-05, elementwise_affine=True)
      (1): LayerNorm((512,), eps=1e-05, elementwise_affine=True)
    )
    (lin_out): Linear(in_features=512, out_features=512, bias=True)
  )
  (pred_local): Linear(in_features=512, out_features=6, bias=True)
  (pred_global): Linear(in_features=512, out_features=6, bias=True)
)
train:torch.Size([12]), valid:torch.Size([500]), test:torch.Size([1000])
Matched-budget validation: 12 valid nodes
Pre-training MLP for 500 epochs to generate co-occurrence matrix...
MLP pre-training complete. Penalty matrix frozen.
Epoch: 00, Loss: 2.2359, Train: 50.00%, Valid: 0.00%, Test: 17.50%, Best Valid: 0.00%, Best Test: 17.50%
Switching Polynormer to global attention phase.
Epoch: 100, Loss: 1.8834, Train: 25.00%, Valid: 8.33%, Test: 19.00%, Best Valid: 33.33%, Best Test: 42.80%
Epoch: 200, Loss: 0.0076, Train: 100.00%, Valid: 25.00%, Test: 50.70%, Best Valid: 33.33%, Best Test: 42.80%
Epoch: 300, Loss: 0.0000, Train: 100.00%, Valid: 16.67%, Test: 30.10%, Best Valid: 33.33%, Best Test: 42.80%
Epoch: 400, Loss: 0.0000, Train: 100.00%, Valid: 16.67%, Test: 37.80%, Best Valid: 41.67%, Best Test: 43.20%
Epoch: 500, Loss: 0.0000, Train: 100.00%, Valid: 16.67%, Test: 35.80%, Best Valid: 41.67%, Best Test: 43.20%
Epoch: 600, Loss: 0.0000, Train: 100.00%, Valid: 25.00%, Test: 41.40%, Best Valid: 41.67%, Best Test: 43.20%
Epoch: 700, Loss: 0.0000, Train: 100.00%, Valid: 16.67%, Test: 36.50%, Best Valid: 41.67%, Best Test: 43.20%
Epoch: 800, Loss: 0.0000, Train: 100.00%, Valid: 25.00%, Test: 41.40%, Best Valid: 41.67%, Best Test: 43.20%
Epoch: 900, Loss: 0.0000, Train: 100.00%, Valid: 25.00%, Test: 41.00%, Best Valid: 41.67%, Best Test: 43.20%
Epoch: 1000, Loss: 0.0000, Train: 100.00%, Valid: 25.00%, Test: 41.10%, Best Valid: 41.67%, Best Test: 43.20%
Run 01:
Highest Train: 100.00
Highest Valid: 41.67
Highest Test: 52.00
Chosen epoch: 367
Final Train: 100.00
Final Test: 43.20
train:torch.Size([12]), valid:torch.Size([500]), test:torch.Size([1000])
Matched-budget validation: 12 valid nodes
Pre-training MLP for 500 epochs to generate co-occurrence matrix...
MLP pre-training complete. Penalty matrix frozen.
Epoch: 00, Loss: 2.1957, Train: 16.67%, Valid: 8.33%, Test: 16.10%, Best Valid: 8.33%, Best Test: 16.10%
Switching Polynormer to global attention phase.
Epoch: 100, Loss: 1.8813, Train: 16.67%, Valid: 16.67%, Test: 7.50%, Best Valid: 33.33%, Best Test: 27.50%
Epoch: 200, Loss: 0.0419, Train: 100.00%, Valid: 8.33%, Test: 19.20%, Best Valid: 41.67%, Best Test: 32.70%
Epoch: 300, Loss: 0.0004, Train: 100.00%, Valid: 8.33%, Test: 17.50%, Best Valid: 41.67%, Best Test: 32.70%
Epoch: 400, Loss: 0.0000, Train: 100.00%, Valid: 8.33%, Test: 19.80%, Best Valid: 41.67%, Best Test: 32.70%
Epoch: 500, Loss: 0.0000, Train: 100.00%, Valid: 16.67%, Test: 21.50%, Best Valid: 41.67%, Best Test: 32.70%
Epoch: 600, Loss: 0.0000, Train: 100.00%, Valid: 16.67%, Test: 20.70%, Best Valid: 41.67%, Best Test: 32.70%
Epoch: 700, Loss: 0.1722, Train: 100.00%, Valid: 8.33%, Test: 17.30%, Best Valid: 41.67%, Best Test: 32.70%
Epoch: 800, Loss: 0.5172, Train: 100.00%, Valid: 8.33%, Test: 25.00%, Best Valid: 41.67%, Best Test: 32.70%
Epoch: 900, Loss: 0.0000, Train: 100.00%, Valid: 16.67%, Test: 18.90%, Best Valid: 41.67%, Best Test: 32.70%
Epoch: 1000, Loss: 0.0001, Train: 100.00%, Valid: 16.67%, Test: 23.60%, Best Valid: 41.67%, Best Test: 32.70%
Run 02:
Highest Train: 100.00
Highest Valid: 41.67
Highest Test: 34.80
Chosen epoch: 134
Final Train: 33.33
Final Test: 32.70
train:torch.Size([12]), valid:torch.Size([500]), test:torch.Size([1000])
Matched-budget validation: 12 valid nodes
Pre-training MLP for 500 epochs to generate co-occurrence matrix...
MLP pre-training complete. Penalty matrix frozen.
Epoch: 00, Loss: 2.6498, Train: 25.00%, Valid: 16.67%, Test: 14.90%, Best Valid: 16.67%, Best Test: 14.90%
Switching Polynormer to global attention phase.
Epoch: 100, Loss: 1.8814, Train: 16.67%, Valid: 16.67%, Test: 20.50%, Best Valid: 41.67%, Best Test: 27.10%
Epoch: 200, Loss: 0.0739, Train: 100.00%, Valid: 25.00%, Test: 20.90%, Best Valid: 41.67%, Best Test: 27.10%
Epoch: 300, Loss: 0.0075, Train: 100.00%, Valid: 25.00%, Test: 32.60%, Best Valid: 41.67%, Best Test: 27.10%
Epoch: 400, Loss: 0.5005, Train: 100.00%, Valid: 25.00%, Test: 17.80%, Best Valid: 41.67%, Best Test: 27.10%
Epoch: 500, Loss: 0.0000, Train: 100.00%, Valid: 25.00%, Test: 34.00%, Best Valid: 50.00%, Best Test: 47.60%
Epoch: 600, Loss: 0.0000, Train: 100.00%, Valid: 16.67%, Test: 35.20%, Best Valid: 50.00%, Best Test: 47.60%
Epoch: 700, Loss: 0.0000, Train: 100.00%, Valid: 25.00%, Test: 39.70%, Best Valid: 50.00%, Best Test: 47.60%
Epoch: 800, Loss: 0.0000, Train: 100.00%, Valid: 33.33%, Test: 44.70%, Best Valid: 50.00%, Best Test: 47.60%
Epoch: 900, Loss: 0.0000, Train: 100.00%, Valid: 33.33%, Test: 45.50%, Best Valid: 50.00%, Best Test: 47.60%
Epoch: 1000, Loss: 0.0000, Train: 100.00%, Valid: 33.33%, Test: 47.00%, Best Valid: 50.00%, Best Test: 47.60%
Run 03:
Highest Train: 100.00
Highest Valid: 50.00
Highest Test: 49.40
Chosen epoch: 463
Final Train: 100.00
Final Test: 47.60
train:torch.Size([12]), valid:torch.Size([500]), test:torch.Size([1000])
Matched-budget validation: 12 valid nodes
Pre-training MLP for 500 epochs to generate co-occurrence matrix...
MLP pre-training complete. Penalty matrix frozen.
Epoch: 00, Loss: 2.5278, Train: 33.33%, Valid: 33.33%, Test: 17.20%, Best Valid: 33.33%, Best Test: 17.20%
Switching Polynormer to global attention phase.
Epoch: 100, Loss: 1.9035, Train: 16.67%, Valid: 16.67%, Test: 8.20%, Best Valid: 41.67%, Best Test: 18.40%
Epoch: 200, Loss: 0.0024, Train: 100.00%, Valid: 41.67%, Test: 36.40%, Best Valid: 41.67%, Best Test: 18.40%
Epoch: 300, Loss: 0.0002, Train: 100.00%, Valid: 33.33%, Test: 33.50%, Best Valid: 41.67%, Best Test: 18.40%
Epoch: 400, Loss: 5.1222, Train: 100.00%, Valid: 33.33%, Test: 30.80%, Best Valid: 41.67%, Best Test: 18.40%
Epoch: 500, Loss: 0.0001, Train: 100.00%, Valid: 25.00%, Test: 32.10%, Best Valid: 41.67%, Best Test: 18.40%
Epoch: 600, Loss: 2.4822, Train: 100.00%, Valid: 50.00%, Test: 36.80%, Best Valid: 50.00%, Best Test: 35.90%
Epoch: 700, Loss: 0.0000, Train: 100.00%, Valid: 33.33%, Test: 29.30%, Best Valid: 50.00%, Best Test: 35.90%
Epoch: 800, Loss: 0.5405, Train: 100.00%, Valid: 33.33%, Test: 35.90%, Best Valid: 50.00%, Best Test: 35.90%
Epoch: 900, Loss: 0.0000, Train: 100.00%, Valid: 33.33%, Test: 40.50%, Best Valid: 50.00%, Best Test: 35.90%
Epoch: 1000, Loss: 0.0000, Train: 100.00%, Valid: 33.33%, Test: 41.30%, Best Valid: 50.00%, Best Test: 35.90%
Run 04:
Highest Train: 100.00
Highest Valid: 50.00
Highest Test: 46.70
Chosen epoch: 598
Final Train: 100.00
Final Test: 35.90
train:torch.Size([12]), valid:torch.Size([500]), test:torch.Size([1000])
Matched-budget validation: 12 valid nodes
Pre-training MLP for 500 epochs to generate co-occurrence matrix...
MLP pre-training complete. Penalty matrix frozen.
Epoch: 00, Loss: 2.0919, Train: 8.33%, Valid: 16.67%, Test: 15.10%, Best Valid: 16.67%, Best Test: 15.10%
Switching Polynormer to global attention phase.
Epoch: 100, Loss: 1.8813, Train: 16.67%, Valid: 16.67%, Test: 17.00%, Best Valid: 58.33%, Best Test: 48.00%
Epoch: 200, Loss: 0.1791, Train: 100.00%, Valid: 25.00%, Test: 32.70%, Best Valid: 58.33%, Best Test: 48.00%
Epoch: 300, Loss: 0.0002, Train: 100.00%, Valid: 33.33%, Test: 42.30%, Best Valid: 66.67%, Best Test: 47.50%
Epoch: 400, Loss: 0.0000, Train: 100.00%, Valid: 50.00%, Test: 44.50%, Best Valid: 66.67%, Best Test: 47.50%
Epoch: 500, Loss: 0.0000, Train: 100.00%, Valid: 41.67%, Test: 51.00%, Best Valid: 66.67%, Best Test: 47.50%
Epoch: 600, Loss: 6.4253, Train: 100.00%, Valid: 41.67%, Test: 46.90%, Best Valid: 66.67%, Best Test: 47.50%
Epoch: 700, Loss: 0.0000, Train: 100.00%, Valid: 16.67%, Test: 31.10%, Best Valid: 66.67%, Best Test: 47.50%
Epoch: 800, Loss: 0.0000, Train: 100.00%, Valid: 25.00%, Test: 31.70%, Best Valid: 66.67%, Best Test: 47.50%
Epoch: 900, Loss: 0.0000, Train: 100.00%, Valid: 25.00%, Test: 29.90%, Best Valid: 66.67%, Best Test: 47.50%
Epoch: 1000, Loss: 0.0003, Train: 100.00%, Valid: 33.33%, Test: 36.20%, Best Valid: 66.67%, Best Test: 47.50%
Run 05:
Highest Train: 100.00
Highest Valid: 66.67
Highest Test: 53.90
Chosen epoch: 270
Final Train: 100.00
Final Test: 47.50
train:torch.Size([12]), valid:torch.Size([500]), test:torch.Size([1000])
Matched-budget validation: 12 valid nodes
Pre-training MLP for 500 epochs to generate co-occurrence matrix...
MLP pre-training complete. Penalty matrix frozen.
Epoch: 00, Loss: 1.9318, Train: 8.33%, Valid: 8.33%, Test: 13.10%, Best Valid: 8.33%, Best Test: 13.10%
Switching Polynormer to global attention phase.
Epoch: 100, Loss: 1.8814, Train: 16.67%, Valid: 16.67%, Test: 20.00%, Best Valid: 41.67%, Best Test: 52.00%
Epoch: 200, Loss: 1.0588, Train: 100.00%, Valid: 16.67%, Test: 39.00%, Best Valid: 41.67%, Best Test: 52.00%
Epoch: 300, Loss: 2.3374, Train: 100.00%, Valid: 25.00%, Test: 27.10%, Best Valid: 41.67%, Best Test: 52.00%
Epoch: 400, Loss: 0.0004, Train: 100.00%, Valid: 25.00%, Test: 25.30%, Best Valid: 41.67%, Best Test: 52.00%
Epoch: 500, Loss: 0.0000, Train: 100.00%, Valid: 33.33%, Test: 28.50%, Best Valid: 41.67%, Best Test: 52.00%
Epoch: 600, Loss: 0.0000, Train: 100.00%, Valid: 33.33%, Test: 31.00%, Best Valid: 41.67%, Best Test: 52.00%
Epoch: 700, Loss: 0.0000, Train: 100.00%, Valid: 33.33%, Test: 33.10%, Best Valid: 41.67%, Best Test: 52.00%
Epoch: 800, Loss: 0.0000, Train: 100.00%, Valid: 33.33%, Test: 35.20%, Best Valid: 41.67%, Best Test: 52.00%
Epoch: 900, Loss: 0.0000, Train: 100.00%, Valid: 25.00%, Test: 32.10%, Best Valid: 41.67%, Best Test: 52.00%
Epoch: 1000, Loss: 0.0000, Train: 100.00%, Valid: 25.00%, Test: 34.00%, Best Valid: 41.67%, Best Test: 52.00%
Run 06:
Highest Train: 100.00
Highest Valid: 41.67
Highest Test: 54.20
Chosen epoch: 54
Final Train: 100.00
Final Test: 52.00
train:torch.Size([12]), valid:torch.Size([500]), test:torch.Size([1000])
Matched-budget validation: 12 valid nodes
Pre-training MLP for 500 epochs to generate co-occurrence matrix...
MLP pre-training complete. Penalty matrix frozen.
Epoch: 00, Loss: 2.6678, Train: 25.00%, Valid: 16.67%, Test: 17.80%, Best Valid: 16.67%, Best Test: 17.80%
Switching Polynormer to global attention phase.
Epoch: 100, Loss: 1.8806, Train: 16.67%, Valid: 16.67%, Test: 18.70%, Best Valid: 50.00%, Best Test: 29.10%
Epoch: 200, Loss: 0.1261, Train: 100.00%, Valid: 41.67%, Test: 26.00%, Best Valid: 50.00%, Best Test: 29.10%
Epoch: 300, Loss: 0.0309, Train: 100.00%, Valid: 25.00%, Test: 20.80%, Best Valid: 50.00%, Best Test: 29.10%
Epoch: 400, Loss: 0.0109, Train: 100.00%, Valid: 16.67%, Test: 28.50%, Best Valid: 50.00%, Best Test: 29.10%
Epoch: 500, Loss: 0.0000, Train: 100.00%, Valid: 16.67%, Test: 28.90%, Best Valid: 50.00%, Best Test: 29.10%
Epoch: 600, Loss: 0.0000, Train: 100.00%, Valid: 16.67%, Test: 28.90%, Best Valid: 50.00%, Best Test: 29.10%
Epoch: 700, Loss: 0.0000, Train: 100.00%, Valid: 25.00%, Test: 17.70%, Best Valid: 50.00%, Best Test: 29.10%
Epoch: 800, Loss: 0.0002, Train: 100.00%, Valid: 25.00%, Test: 19.40%, Best Valid: 50.00%, Best Test: 29.10%
Epoch: 900, Loss: 0.0013, Train: 100.00%, Valid: 16.67%, Test: 25.20%, Best Valid: 50.00%, Best Test: 29.10%
Epoch: 1000, Loss: 0.0000, Train: 100.00%, Valid: 16.67%, Test: 27.70%, Best Valid: 50.00%, Best Test: 29.10%
Run 07:
Highest Train: 100.00
Highest Valid: 50.00
Highest Test: 35.60
Chosen epoch: 25
Final Train: 100.00
Final Test: 29.10
train:torch.Size([12]), valid:torch.Size([500]), test:torch.Size([1000])
Matched-budget validation: 12 valid nodes
Pre-training MLP for 500 epochs to generate co-occurrence matrix...
MLP pre-training complete. Penalty matrix frozen.
Epoch: 00, Loss: 2.0154, Train: 33.33%, Valid: 16.67%, Test: 17.00%, Best Valid: 16.67%, Best Test: 17.00%
Switching Polynormer to global attention phase.
Epoch: 100, Loss: 1.9285, Train: 16.67%, Valid: 16.67%, Test: 21.40%, Best Valid: 33.33%, Best Test: 20.00%
Epoch: 200, Loss: 0.0017, Train: 100.00%, Valid: 33.33%, Test: 34.70%, Best Valid: 41.67%, Best Test: 39.00%
Epoch: 300, Loss: 0.3799, Train: 100.00%, Valid: 25.00%, Test: 18.50%, Best Valid: 41.67%, Best Test: 39.00%
Epoch: 400, Loss: 0.0000, Train: 100.00%, Valid: 41.67%, Test: 30.30%, Best Valid: 58.33%, Best Test: 30.00%
Epoch: 500, Loss: 0.0000, Train: 100.00%, Valid: 25.00%, Test: 28.40%, Best Valid: 58.33%, Best Test: 30.00%
Epoch: 600, Loss: 1.1750, Train: 100.00%, Valid: 33.33%, Test: 23.00%, Best Valid: 58.33%, Best Test: 30.00%
Epoch: 700, Loss: 0.0116, Train: 100.00%, Valid: 16.67%, Test: 20.00%, Best Valid: 58.33%, Best Test: 30.00%
Epoch: 800, Loss: 0.0000, Train: 100.00%, Valid: 16.67%, Test: 19.40%, Best Valid: 58.33%, Best Test: 30.00%
Epoch: 900, Loss: 0.0008, Train: 100.00%, Valid: 16.67%, Test: 20.50%, Best Valid: 58.33%, Best Test: 30.00%
Epoch: 1000, Loss: 0.0000, Train: 100.00%, Valid: 16.67%, Test: 23.70%, Best Valid: 58.33%, Best Test: 30.00%
Run 08:
Highest Train: 100.00
Highest Valid: 58.33
Highest Test: 41.00
Chosen epoch: 329
Final Train: 100.00
Final Test: 30.00
train:torch.Size([12]), valid:torch.Size([500]), test:torch.Size([1000])
Matched-budget validation: 12 valid nodes
Pre-training MLP for 500 epochs to generate co-occurrence matrix...
MLP pre-training complete. Penalty matrix frozen.
Epoch: 00, Loss: 1.7204, Train: 16.67%, Valid: 8.33%, Test: 18.40%, Best Valid: 8.33%, Best Test: 18.40%
Switching Polynormer to global attention phase.
Epoch: 100, Loss: 1.8704, Train: 16.67%, Valid: 16.67%, Test: 18.70%, Best Valid: 41.67%, Best Test: 15.80%
Epoch: 200, Loss: 0.0099, Train: 100.00%, Valid: 25.00%, Test: 36.30%, Best Valid: 50.00%, Best Test: 41.70%
Epoch: 300, Loss: 0.0016, Train: 100.00%, Valid: 33.33%, Test: 30.70%, Best Valid: 50.00%, Best Test: 41.70%
Epoch: 400, Loss: 0.0000, Train: 100.00%, Valid: 25.00%, Test: 28.40%, Best Valid: 50.00%, Best Test: 41.70%
Epoch: 500, Loss: 0.0001, Train: 100.00%, Valid: 25.00%, Test: 27.90%, Best Valid: 50.00%, Best Test: 41.70%
Epoch: 600, Loss: 0.0000, Train: 100.00%, Valid: 25.00%, Test: 28.10%, Best Valid: 50.00%, Best Test: 41.70%
Epoch: 700, Loss: 0.0000, Train: 100.00%, Valid: 33.33%, Test: 28.70%, Best Valid: 50.00%, Best Test: 41.70%
Epoch: 800, Loss: 0.0000, Train: 100.00%, Valid: 33.33%, Test: 29.00%, Best Valid: 50.00%, Best Test: 41.70%
Epoch: 900, Loss: 0.0000, Train: 100.00%, Valid: 41.67%, Test: 29.70%, Best Valid: 50.00%, Best Test: 41.70%
Epoch: 1000, Loss: 0.2673, Train: 100.00%, Valid: 25.00%, Test: 28.50%, Best Valid: 50.00%, Best Test: 41.70%
Run 09:
Highest Train: 100.00
Highest Valid: 50.00
Highest Test: 46.20
Chosen epoch: 150
Final Train: 83.33
Final Test: 41.70
train:torch.Size([12]), valid:torch.Size([500]), test:torch.Size([1000])
Matched-budget validation: 12 valid nodes
Pre-training MLP for 500 epochs to generate co-occurrence matrix...
MLP pre-training complete. Penalty matrix frozen.
Epoch: 00, Loss: 2.7360, Train: 25.00%, Valid: 16.67%, Test: 18.30%, Best Valid: 16.67%, Best Test: 18.30%
Switching Polynormer to global attention phase.
Epoch: 100, Loss: 1.9216, Train: 16.67%, Valid: 16.67%, Test: 20.60%, Best Valid: 33.33%, Best Test: 21.10%
Epoch: 200, Loss: 0.2248, Train: 100.00%, Valid: 25.00%, Test: 31.80%, Best Valid: 41.67%, Best Test: 36.50%
Epoch: 300, Loss: 0.0351, Train: 100.00%, Valid: 16.67%, Test: 32.80%, Best Valid: 41.67%, Best Test: 36.50%
Epoch: 400, Loss: 0.0000, Train: 100.00%, Valid: 33.33%, Test: 33.60%, Best Valid: 41.67%, Best Test: 36.50%
Epoch: 500, Loss: 0.0000, Train: 100.00%, Valid: 25.00%, Test: 33.30%, Best Valid: 41.67%, Best Test: 36.50%
Epoch: 600, Loss: 0.0028, Train: 100.00%, Valid: 16.67%, Test: 35.60%, Best Valid: 41.67%, Best Test: 36.50%
Epoch: 700, Loss: 0.4045, Train: 100.00%, Valid: 25.00%, Test: 30.00%, Best Valid: 41.67%, Best Test: 36.50%
Epoch: 800, Loss: 0.0000, Train: 100.00%, Valid: 16.67%, Test: 37.50%, Best Valid: 41.67%, Best Test: 36.50%
Epoch: 900, Loss: 0.0000, Train: 100.00%, Valid: 16.67%, Test: 33.10%, Best Valid: 41.67%, Best Test: 36.50%
Epoch: 1000, Loss: 0.0194, Train: 100.00%, Valid: 25.00%, Test: 32.80%, Best Valid: 41.67%, Best Test: 36.50%
Run 10:
Highest Train: 100.00
Highest Valid: 41.67
Highest Test: 41.10
Chosen epoch: 164
Final Train: 100.00
Final Test: 36.50
All runs:
Highest Train: 100.00 ± 0.00
Highest Test: 45.49 ± 7.13
Highest Valid: 49.17 ± 8.29
  Final Train: 91.67 ± 21.15
   Final Test: 39.62 ± 7.96
Saving results to ../results/lowlabel_mv/citeseer/polynormer.csv
--- mlp_reg | lambda=0.1 ---
Namespace(aggregate='add', alpha=0.5, attention='gcn', beta=-1.0, bn=False, budget_tag='2', count_reg=False, count_smoothing=1.0, cpu=False, data_dir='../data/', dataset='citeseer', device=0, dim_inner=64, display_step=100, dropout=0.5, epochs=500, global_dropout=None, global_epochs=1000, global_layers=2, gnn='gcn', graph_weight=0.8, hidden_channels=64, hops=10, in_dropout=0.2, jk=False, label_num_per_class=2, lambda_val=0.1, layers=1, ln=False, local_epochs=100, local_gnn_type='GCN', local_layers=7, lr=0.001, metric='acc', mlp_epochs=500, mlp_reg=True, model='polynormer', model_dir='models/lowlabel_mv_1178247_13', n_heads=8, num_centroids=4096, num_heads=8, oracle_reg=False, paired_seeds=True, pe_types='RWSE', penalty_transform='none', pre_linear=False, pre_ln=False, rand_split=False, rand_split_class=True, reg_start_epoch=10, reg_update_freq=5, res=False, resample_split_per_run=True, result_dir='../results/lowlabel_mv', runs=10, save_model=True, save_result=False, seed=123, test_num=1000, tr_dropout=None, tr_layers=1, tr_weight_decay=None, train_per_class=0, train_prop=0.5, use_act=False, use_bn=False, use_graph=False, use_reg=True, use_residual=False, use_weight=False, valid_num=500, valid_per_class=2, valid_prop=0.25, weight_decay=0.0005)
citeseer
Num nodes: 3327
train:torch.Size([12]), valid:torch.Size([500]), test:torch.Size([1000])
dataset citeseer | num nodes 3327 | num edge 9104 | num node feats 3703 | num classes 6
MODEL: Polynormer(
  (h_lins): ModuleList(
    (0): Linear(in_features=512, out_features=512, bias=True)
    (1): Linear(in_features=512, out_features=512, bias=True)
    (2): Linear(in_features=512, out_features=512, bias=True)
    (3): Linear(in_features=512, out_features=512, bias=True)
    (4): Linear(in_features=512, out_features=512, bias=True)
    (5): Linear(in_features=512, out_features=512, bias=True)
    (6): Linear(in_features=512, out_features=512, bias=True)
  )
  (local_convs): ModuleList(
    (0): GATConv(512, 64, heads=8)
    (1): GATConv(512, 64, heads=8)
    (2): GATConv(512, 64, heads=8)
    (3): GATConv(512, 64, heads=8)
    (4): GATConv(512, 64, heads=8)
    (5): GATConv(512, 64, heads=8)
    (6): GATConv(512, 64, heads=8)
  )
  (lins): ModuleList(
    (0): Linear(in_features=512, out_features=512, bias=True)
    (1): Linear(in_features=512, out_features=512, bias=True)
    (2): Linear(in_features=512, out_features=512, bias=True)
    (3): Linear(in_features=512, out_features=512, bias=True)
    (4): Linear(in_features=512, out_features=512, bias=True)
    (5): Linear(in_features=512, out_features=512, bias=True)
    (6): Linear(in_features=512, out_features=512, bias=True)
  )
  (lns): ModuleList(
    (0): LayerNorm((512,), eps=1e-05, elementwise_affine=True)
    (1): LayerNorm((512,), eps=1e-05, elementwise_affine=True)
    (2): LayerNorm((512,), eps=1e-05, elementwise_affine=True)
    (3): LayerNorm((512,), eps=1e-05, elementwise_affine=True)
    (4): LayerNorm((512,), eps=1e-05, elementwise_affine=True)
    (5): LayerNorm((512,), eps=1e-05, elementwise_affine=True)
    (6): LayerNorm((512,), eps=1e-05, elementwise_affine=True)
  )
  (lin_in): Linear(in_features=3703, out_features=512, bias=True)
  (ln): LayerNorm((512,), eps=1e-05, elementwise_affine=True)
  (global_attn): GlobalAttn(
    (h_lins): ModuleList(
      (0): Linear(in_features=512, out_features=512, bias=True)
      (1): Linear(in_features=512, out_features=512, bias=True)
    )
    (k_lins): ModuleList(
      (0): Linear(in_features=512, out_features=512, bias=True)
      (1): Linear(in_features=512, out_features=512, bias=True)
    )
    (v_lins): ModuleList(
      (0): Linear(in_features=512, out_features=512, bias=True)
      (1): Linear(in_features=512, out_features=512, bias=True)
    )
    (lns): ModuleList(
      (0): LayerNorm((512,), eps=1e-05, elementwise_affine=True)
      (1): LayerNorm((512,), eps=1e-05, elementwise_affine=True)
    )
    (lin_out): Linear(in_features=512, out_features=512, bias=True)
  )
  (pred_local): Linear(in_features=512, out_features=6, bias=True)
  (pred_global): Linear(in_features=512, out_features=6, bias=True)
)
train:torch.Size([12]), valid:torch.Size([500]), test:torch.Size([1000])
Matched-budget validation: 12 valid nodes
Pre-training MLP for 500 epochs to generate co-occurrence matrix...
MLP pre-training complete. Penalty matrix frozen.
Epoch: 00, Loss: 2.3424, Train: 41.67%, Valid: 0.00%, Test: 17.60%, Best Valid: 0.00%, Best Test: 17.60%
Switching Polynormer to global attention phase.
Epoch: 100, Loss: 1.9747, Train: 16.67%, Valid: 16.67%, Test: 16.80%, Best Valid: 33.33%, Best Test: 34.10%
Epoch: 200, Loss: 0.2985, Train: 100.00%, Valid: 16.67%, Test: 35.90%, Best Valid: 33.33%, Best Test: 34.10%
Epoch: 300, Loss: 0.0002, Train: 100.00%, Valid: 0.00%, Test: 28.50%, Best Valid: 41.67%, Best Test: 39.00%
Epoch: 400, Loss: 0.0000, Train: 100.00%, Valid: 0.00%, Test: 36.10%, Best Valid: 41.67%, Best Test: 39.00%
Epoch: 500, Loss: 0.0000, Train: 100.00%, Valid: 16.67%, Test: 38.50%, Best Valid: 41.67%, Best Test: 39.00%
Epoch: 600, Loss: 0.0000, Train: 100.00%, Valid: 16.67%, Test: 42.60%, Best Valid: 41.67%, Best Test: 39.00%
Epoch: 700, Loss: 0.0000, Train: 100.00%, Valid: 16.67%, Test: 33.20%, Best Valid: 41.67%, Best Test: 39.00%
Epoch: 800, Loss: 0.0000, Train: 91.67%, Valid: 33.33%, Test: 29.20%, Best Valid: 41.67%, Best Test: 39.00%
Epoch: 900, Loss: 0.0000, Train: 100.00%, Valid: 33.33%, Test: 40.70%, Best Valid: 41.67%, Best Test: 39.00%
Epoch: 1000, Loss: 0.0043, Train: 100.00%, Valid: 16.67%, Test: 38.60%, Best Valid: 41.67%, Best Test: 39.00%
Run 01:
Highest Train: 100.00
Highest Valid: 41.67
Highest Test: 49.30
Chosen epoch: 217
Final Train: 100.00
Final Test: 39.00
train:torch.Size([12]), valid:torch.Size([500]), test:torch.Size([1000])
Matched-budget validation: 12 valid nodes
Pre-training MLP for 500 epochs to generate co-occurrence matrix...
MLP pre-training complete. Penalty matrix frozen.
Epoch: 00, Loss: 2.3003, Train: 16.67%, Valid: 0.00%, Test: 16.80%, Best Valid: 0.00%, Best Test: 16.80%
Switching Polynormer to global attention phase.
Epoch: 100, Loss: 1.9709, Train: 16.67%, Valid: 16.67%, Test: 7.50%, Best Valid: 41.67%, Best Test: 28.50%
Epoch: 200, Loss: 0.0640, Train: 100.00%, Valid: 8.33%, Test: 19.30%, Best Valid: 41.67%, Best Test: 28.50%
Epoch: 300, Loss: 0.0003, Train: 100.00%, Valid: 16.67%, Test: 20.40%, Best Valid: 41.67%, Best Test: 28.50%
Epoch: 400, Loss: 0.0000, Train: 100.00%, Valid: 25.00%, Test: 23.40%, Best Valid: 41.67%, Best Test: 28.50%
Epoch: 500, Loss: 0.0000, Train: 100.00%, Valid: 8.33%, Test: 19.80%, Best Valid: 41.67%, Best Test: 28.50%
Epoch: 600, Loss: 1.7696, Train: 100.00%, Valid: 8.33%, Test: 19.60%, Best Valid: 41.67%, Best Test: 28.50%
Epoch: 700, Loss: 0.0000, Train: 100.00%, Valid: 25.00%, Test: 26.70%, Best Valid: 41.67%, Best Test: 28.50%
Epoch: 800, Loss: 0.0000, Train: 100.00%, Valid: 16.67%, Test: 26.30%, Best Valid: 41.67%, Best Test: 28.50%
Epoch: 900, Loss: 0.0000, Train: 100.00%, Valid: 25.00%, Test: 28.30%, Best Valid: 41.67%, Best Test: 28.50%
Epoch: 1000, Loss: 0.0000, Train: 100.00%, Valid: 25.00%, Test: 22.90%, Best Valid: 41.67%, Best Test: 28.50%
Run 02:
Highest Train: 100.00
Highest Valid: 41.67
Highest Test: 33.30
Chosen epoch: 64
Final Train: 100.00
Final Test: 28.50
train:torch.Size([12]), valid:torch.Size([500]), test:torch.Size([1000])
Matched-budget validation: 12 valid nodes
Pre-training MLP for 500 epochs to generate co-occurrence matrix...
MLP pre-training complete. Penalty matrix frozen.
Epoch: 00, Loss: 2.7760, Train: 25.00%, Valid: 16.67%, Test: 14.80%, Best Valid: 16.67%, Best Test: 14.80%
Switching Polynormer to global attention phase.
Epoch: 100, Loss: 1.9709, Train: 16.67%, Valid: 16.67%, Test: 18.20%, Best Valid: 33.33%, Best Test: 30.40%
Epoch: 200, Loss: 0.0019, Train: 100.00%, Valid: 25.00%, Test: 38.70%, Best Valid: 41.67%, Best Test: 34.00%
Epoch: 300, Loss: 0.0046, Train: 100.00%, Valid: 25.00%, Test: 23.00%, Best Valid: 50.00%, Best Test: 39.40%
Epoch: 400, Loss: 0.0000, Train: 100.00%, Valid: 33.33%, Test: 28.10%, Best Valid: 50.00%, Best Test: 39.40%
Epoch: 500, Loss: 0.0000, Train: 100.00%, Valid: 33.33%, Test: 30.10%, Best Valid: 50.00%, Best Test: 39.40%
Epoch: 600, Loss: 0.0000, Train: 100.00%, Valid: 33.33%, Test: 42.10%, Best Valid: 50.00%, Best Test: 39.40%
Epoch: 700, Loss: 0.0015, Train: 100.00%, Valid: 25.00%, Test: 25.00%, Best Valid: 50.00%, Best Test: 39.40%
Epoch: 800, Loss: 0.0000, Train: 100.00%, Valid: 25.00%, Test: 23.40%, Best Valid: 50.00%, Best Test: 39.40%
Epoch: 900, Loss: 0.0000, Train: 100.00%, Valid: 25.00%, Test: 29.40%, Best Valid: 50.00%, Best Test: 39.40%
Epoch: 1000, Loss: 0.0000, Train: 100.00%, Valid: 41.67%, Test: 30.80%, Best Valid: 50.00%, Best Test: 39.40%
Run 03:
Highest Train: 100.00
Highest Valid: 50.00
Highest Test: 48.50
Chosen epoch: 276
Final Train: 100.00
Final Test: 39.40
train:torch.Size([12]), valid:torch.Size([500]), test:torch.Size([1000])
Matched-budget validation: 12 valid nodes
Pre-training MLP for 500 epochs to generate co-occurrence matrix...
MLP pre-training complete. Penalty matrix frozen.
Epoch: 00, Loss: 2.6482, Train: 33.33%, Valid: 33.33%, Test: 17.30%, Best Valid: 33.33%, Best Test: 17.30%
Switching Polynormer to global attention phase.
Epoch: 100, Loss: 1.9745, Train: 16.67%, Valid: 16.67%, Test: 19.00%, Best Valid: 41.67%, Best Test: 16.90%
Epoch: 200, Loss: 0.9272, Train: 91.67%, Valid: 16.67%, Test: 29.50%, Best Valid: 41.67%, Best Test: 16.90%
Epoch: 300, Loss: 0.0819, Train: 100.00%, Valid: 16.67%, Test: 28.40%, Best Valid: 41.67%, Best Test: 16.90%
Epoch: 400, Loss: 0.3911, Train: 100.00%, Valid: 25.00%, Test: 34.50%, Best Valid: 41.67%, Best Test: 16.90%
Epoch: 500, Loss: 0.0000, Train: 100.00%, Valid: 25.00%, Test: 30.60%, Best Valid: 41.67%, Best Test: 16.90%
Epoch: 600, Loss: 0.4270, Train: 100.00%, Valid: 25.00%, Test: 28.60%, Best Valid: 41.67%, Best Test: 16.90%
Epoch: 700, Loss: 0.0000, Train: 100.00%, Valid: 16.67%, Test: 23.60%, Best Valid: 41.67%, Best Test: 16.90%
Epoch: 800, Loss: 0.0000, Train: 100.00%, Valid: 25.00%, Test: 26.90%, Best Valid: 41.67%, Best Test: 16.90%
Epoch: 900, Loss: 0.0000, Train: 100.00%, Valid: 25.00%, Test: 28.00%, Best Valid: 41.67%, Best Test: 16.90%
Epoch: 1000, Loss: 0.0000, Train: 100.00%, Valid: 25.00%, Test: 29.00%, Best Valid: 41.67%, Best Test: 16.90%
Run 04:
Highest Train: 100.00
Highest Valid: 41.67
Highest Test: 41.40
Chosen epoch: 3
Final Train: 41.67
Final Test: 16.90
train:torch.Size([12]), valid:torch.Size([500]), test:torch.Size([1000])
Matched-budget validation: 12 valid nodes
Pre-training MLP for 500 epochs to generate co-occurrence matrix...
MLP pre-training complete. Penalty matrix frozen.
Epoch: 00, Loss: 2.1915, Train: 8.33%, Valid: 16.67%, Test: 14.30%, Best Valid: 16.67%, Best Test: 14.30%
Switching Polynormer to global attention phase.
Epoch: 100, Loss: 1.9709, Train: 16.67%, Valid: 16.67%, Test: 17.00%, Best Valid: 33.33%, Best Test: 47.20%
Epoch: 200, Loss: 0.0244, Train: 100.00%, Valid: 25.00%, Test: 34.80%, Best Valid: 50.00%, Best Test: 27.00%
Epoch: 300, Loss: 0.4775, Train: 100.00%, Valid: 25.00%, Test: 26.80%, Best Valid: 50.00%, Best Test: 27.00%
Epoch: 400, Loss: 0.0002, Train: 100.00%, Valid: 33.33%, Test: 30.90%, Best Valid: 50.00%, Best Test: 27.00%
Epoch: 500, Loss: 2.8513, Train: 100.00%, Valid: 16.67%, Test: 20.90%, Best Valid: 50.00%, Best Test: 27.00%
Epoch: 600, Loss: 0.0000, Train: 100.00%, Valid: 33.33%, Test: 30.90%, Best Valid: 50.00%, Best Test: 27.00%
Epoch: 700, Loss: 0.0000, Train: 100.00%, Valid: 33.33%, Test: 43.90%, Best Valid: 50.00%, Best Test: 27.00%
Epoch: 800, Loss: 0.0000, Train: 100.00%, Valid: 33.33%, Test: 41.90%, Best Valid: 50.00%, Best Test: 27.00%
Epoch: 900, Loss: 0.0000, Train: 100.00%, Valid: 33.33%, Test: 41.40%, Best Valid: 50.00%, Best Test: 27.00%
Epoch: 1000, Loss: 0.0000, Train: 100.00%, Valid: 25.00%, Test: 33.80%, Best Valid: 50.00%, Best Test: 27.00%
Run 05:
Highest Train: 100.00
Highest Valid: 50.00
Highest Test: 49.00
Chosen epoch: 126
Final Train: 33.33
Final Test: 27.00
train:torch.Size([12]), valid:torch.Size([500]), test:torch.Size([1000])
Matched-budget validation: 12 valid nodes
Pre-training MLP for 500 epochs to generate co-occurrence matrix...
MLP pre-training complete. Penalty matrix frozen.
Epoch: 00, Loss: 2.0238, Train: 8.33%, Valid: 8.33%, Test: 13.50%, Best Valid: 8.33%, Best Test: 13.50%
Switching Polynormer to global attention phase.
Epoch: 100, Loss: 1.9750, Train: 16.67%, Valid: 16.67%, Test: 17.20%, Best Valid: 50.00%, Best Test: 32.30%
Epoch: 200, Loss: 0.3946, Train: 100.00%, Valid: 33.33%, Test: 31.30%, Best Valid: 50.00%, Best Test: 32.30%
Epoch: 300, Loss: 0.0000, Train: 100.00%, Valid: 25.00%, Test: 28.50%, Best Valid: 75.00%, Best Test: 44.50%
Epoch: 400, Loss: 0.0000, Train: 100.00%, Valid: 16.67%, Test: 21.40%, Best Valid: 75.00%, Best Test: 44.50%
Epoch: 500, Loss: 0.0000, Train: 100.00%, Valid: 25.00%, Test: 20.70%, Best Valid: 75.00%, Best Test: 44.50%
Epoch: 600, Loss: 0.0000, Train: 100.00%, Valid: 25.00%, Test: 27.00%, Best Valid: 75.00%, Best Test: 44.50%
Epoch: 700, Loss: 0.0000, Train: 100.00%, Valid: 33.33%, Test: 35.20%, Best Valid: 75.00%, Best Test: 44.50%
Epoch: 800, Loss: 0.8592, Train: 100.00%, Valid: 25.00%, Test: 25.30%, Best Valid: 75.00%, Best Test: 44.50%
Epoch: 900, Loss: 0.0000, Train: 100.00%, Valid: 33.33%, Test: 24.90%, Best Valid: 75.00%, Best Test: 44.50%
Epoch: 1000, Loss: 0.0000, Train: 100.00%, Valid: 33.33%, Test: 26.30%, Best Valid: 75.00%, Best Test: 44.50%
Run 06:
Highest Train: 100.00
Highest Valid: 75.00
Highest Test: 46.20
Chosen epoch: 269
Final Train: 100.00
Final Test: 44.50
train:torch.Size([12]), valid:torch.Size([500]), test:torch.Size([1000])
Matched-budget validation: 12 valid nodes
Pre-training MLP for 500 epochs to generate co-occurrence matrix...
MLP pre-training complete. Penalty matrix frozen.
Epoch: 00, Loss: 2.7948, Train: 25.00%, Valid: 16.67%, Test: 17.60%, Best Valid: 16.67%, Best Test: 17.60%
Switching Polynormer to global attention phase.
Epoch: 100, Loss: 1.9711, Train: 16.67%, Valid: 16.67%, Test: 18.70%, Best Valid: 41.67%, Best Test: 32.20%
Epoch: 200, Loss: 1.5657, Train: 100.00%, Valid: 41.67%, Test: 32.00%, Best Valid: 41.67%, Best Test: 32.20%
Epoch: 300, Loss: 0.0005, Train: 100.00%, Valid: 33.33%, Test: 25.30%, Best Valid: 41.67%, Best Test: 32.20%
Epoch: 400, Loss: 0.0008, Train: 100.00%, Valid: 33.33%, Test: 26.40%, Best Valid: 41.67%, Best Test: 32.20%
Epoch: 500, Loss: 0.0000, Train: 100.00%, Valid: 41.67%, Test: 28.20%, Best Valid: 41.67%, Best Test: 32.20%
Epoch: 600, Loss: 0.0001, Train: 100.00%, Valid: 41.67%, Test: 29.40%, Best Valid: 41.67%, Best Test: 32.20%
Epoch: 700, Loss: 0.0000, Train: 100.00%, Valid: 41.67%, Test: 30.40%, Best Valid: 41.67%, Best Test: 32.20%
Epoch: 800, Loss: 0.0000, Train: 100.00%, Valid: 41.67%, Test: 30.90%, Best Valid: 41.67%, Best Test: 32.20%
Epoch: 900, Loss: 0.0000, Train: 100.00%, Valid: 33.33%, Test: 32.60%, Best Valid: 41.67%, Best Test: 32.20%
Epoch: 1000, Loss: 0.0001, Train: 100.00%, Valid: 33.33%, Test: 34.80%, Best Valid: 41.67%, Best Test: 32.20%
Run 07:
Highest Train: 100.00
Highest Valid: 41.67
Highest Test: 40.40
Chosen epoch: 26
Final Train: 100.00
Final Test: 32.20
train:torch.Size([12]), valid:torch.Size([500]), test:torch.Size([1000])
Matched-budget validation: 12 valid nodes
Pre-training MLP for 500 epochs to generate co-occurrence matrix...
MLP pre-training complete. Penalty matrix frozen.
Epoch: 00, Loss: 2.1114, Train: 33.33%, Valid: 25.00%, Test: 17.30%, Best Valid: 25.00%, Best Test: 17.30%
Switching Polynormer to global attention phase.
Epoch: 100, Loss: 1.9735, Train: 16.67%, Valid: 16.67%, Test: 21.40%, Best Valid: 41.67%, Best Test: 34.40%
Epoch: 200, Loss: 0.0574, Train: 100.00%, Valid: 25.00%, Test: 28.80%, Best Valid: 41.67%, Best Test: 34.40%
Epoch: 300, Loss: 0.3279, Train: 100.00%, Valid: 41.67%, Test: 37.80%, Best Valid: 58.33%, Best Test: 41.40%
Epoch: 400, Loss: 0.0827, Train: 100.00%, Valid: 25.00%, Test: 31.10%, Best Valid: 58.33%, Best Test: 41.40%
Epoch: 500, Loss: 0.1563, Train: 100.00%, Valid: 25.00%, Test: 20.30%, Best Valid: 58.33%, Best Test: 41.40%
Epoch: 600, Loss: 0.0000, Train: 100.00%, Valid: 25.00%, Test: 28.80%, Best Valid: 58.33%, Best Test: 41.40%
Epoch: 700, Loss: 0.0009, Train: 100.00%, Valid: 8.33%, Test: 18.80%, Best Valid: 58.33%, Best Test: 41.40%
Epoch: 800, Loss: 0.0000, Train: 100.00%, Valid: 8.33%, Test: 20.20%, Best Valid: 58.33%, Best Test: 41.40%
Epoch: 900, Loss: 0.0000, Train: 100.00%, Valid: 8.33%, Test: 20.90%, Best Valid: 58.33%, Best Test: 41.40%
Epoch: 1000, Loss: 0.0000, Train: 100.00%, Valid: 8.33%, Test: 21.70%, Best Valid: 58.33%, Best Test: 41.40%
Run 08:
Highest Train: 100.00
Highest Valid: 58.33
Highest Test: 44.00
Chosen epoch: 288
Final Train: 100.00
Final Test: 41.40
train:torch.Size([12]), valid:torch.Size([500]), test:torch.Size([1000])
Matched-budget validation: 12 valid nodes
Pre-training MLP for 500 epochs to generate co-occurrence matrix...
MLP pre-training complete. Penalty matrix frozen.
Epoch: 00, Loss: 1.8024, Train: 16.67%, Valid: 8.33%, Test: 18.70%, Best Valid: 8.33%, Best Test: 18.70%
Switching Polynormer to global attention phase.
Epoch: 100, Loss: 1.9647, Train: 16.67%, Valid: 16.67%, Test: 20.90%, Best Valid: 50.00%, Best Test: 31.10%
Epoch: 200, Loss: 0.7361, Train: 100.00%, Valid: 33.33%, Test: 25.00%, Best Valid: 50.00%, Best Test: 31.10%
Epoch: 300, Loss: 0.0032, Train: 100.00%, Valid: 33.33%, Test: 38.50%, Best Valid: 50.00%, Best Test: 31.10%
Epoch: 400, Loss: 0.1012, Train: 100.00%, Valid: 16.67%, Test: 18.70%, Best Valid: 50.00%, Best Test: 31.10%
Epoch: 500, Loss: 0.0000, Train: 100.00%, Valid: 25.00%, Test: 23.10%, Best Valid: 50.00%, Best Test: 31.10%
Epoch: 600, Loss: 0.0000, Train: 100.00%, Valid: 25.00%, Test: 35.10%, Best Valid: 50.00%, Best Test: 31.10%
Epoch: 700, Loss: 0.0000, Train: 100.00%, Valid: 41.67%, Test: 37.90%, Best Valid: 50.00%, Best Test: 31.10%
Epoch: 800, Loss: 0.0000, Train: 100.00%, Valid: 41.67%, Test: 36.70%, Best Valid: 50.00%, Best Test: 31.10%
Epoch: 900, Loss: 0.0000, Train: 100.00%, Valid: 50.00%, Test: 36.30%, Best Valid: 50.00%, Best Test: 31.10%
Epoch: 1000, Loss: 0.0000, Train: 100.00%, Valid: 25.00%, Test: 22.70%, Best Valid: 50.00%, Best Test: 31.10%
Run 09:
Highest Train: 100.00
Highest Valid: 50.00
Highest Test: 43.80
Chosen epoch: 16
Final Train: 100.00
Final Test: 31.10
train:torch.Size([12]), valid:torch.Size([500]), test:torch.Size([1000])
Matched-budget validation: 12 valid nodes
Pre-training MLP for 500 epochs to generate co-occurrence matrix...
MLP pre-training complete. Penalty matrix frozen.
Epoch: 00, Loss: 2.8663, Train: 25.00%, Valid: 16.67%, Test: 18.60%, Best Valid: 16.67%, Best Test: 18.60%
Switching Polynormer to global attention phase.
Epoch: 100, Loss: 1.9915, Train: 16.67%, Valid: 16.67%, Test: 20.60%, Best Valid: 41.67%, Best Test: 25.00%
Epoch: 200, Loss: 0.0018, Train: 100.00%, Valid: 25.00%, Test: 31.00%, Best Valid: 50.00%, Best Test: 33.50%
Epoch: 300, Loss: 0.0001, Train: 100.00%, Valid: 16.67%, Test: 26.90%, Best Valid: 50.00%, Best Test: 33.50%
Epoch: 400, Loss: 0.0046, Train: 100.00%, Valid: 16.67%, Test: 22.20%, Best Valid: 50.00%, Best Test: 33.50%
Epoch: 500, Loss: 0.0001, Train: 100.00%, Valid: 16.67%, Test: 23.90%, Best Valid: 50.00%, Best Test: 33.50%
Epoch: 600, Loss: 0.0000, Train: 100.00%, Valid: 16.67%, Test: 26.90%, Best Valid: 50.00%, Best Test: 33.50%
Epoch: 700, Loss: 0.0000, Train: 100.00%, Valid: 16.67%, Test: 28.00%, Best Valid: 50.00%, Best Test: 33.50%
Epoch: 800, Loss: 0.0000, Train: 100.00%, Valid: 16.67%, Test: 28.70%, Best Valid: 50.00%, Best Test: 33.50%
Epoch: 900, Loss: 1.0903, Train: 100.00%, Valid: 25.00%, Test: 31.00%, Best Valid: 50.00%, Best Test: 33.50%
Epoch: 1000, Loss: 0.0000, Train: 100.00%, Valid: 25.00%, Test: 25.10%, Best Valid: 50.00%, Best Test: 33.50%
Run 10:
Highest Train: 100.00
Highest Valid: 50.00
Highest Test: 36.90
Chosen epoch: 154
Final Train: 100.00
Final Test: 33.50
All runs:
Highest Train: 100.00 ± 0.00
Highest Test: 43.28 ± 5.35
Highest Valid: 50.00 ± 10.39
  Final Train: 87.50 ± 26.43
   Final Test: 33.35 ± 8.15
Saving results to ../results/lowlabel_mv/citeseer/polynormer.csv
--- mlp_reg | lambda=0.2 ---
Namespace(aggregate='add', alpha=0.5, attention='gcn', beta=-1.0, bn=False, budget_tag='2', count_reg=False, count_smoothing=1.0, cpu=False, data_dir='../data/', dataset='citeseer', device=0, dim_inner=64, display_step=100, dropout=0.5, epochs=500, global_dropout=None, global_epochs=1000, global_layers=2, gnn='gcn', graph_weight=0.8, hidden_channels=64, hops=10, in_dropout=0.2, jk=False, label_num_per_class=2, lambda_val=0.2, layers=1, ln=False, local_epochs=100, local_gnn_type='GCN', local_layers=7, lr=0.001, metric='acc', mlp_epochs=500, mlp_reg=True, model='polynormer', model_dir='models/lowlabel_mv_1178247_13', n_heads=8, num_centroids=4096, num_heads=8, oracle_reg=False, paired_seeds=True, pe_types='RWSE', penalty_transform='none', pre_linear=False, pre_ln=False, rand_split=False, rand_split_class=True, reg_start_epoch=10, reg_update_freq=5, res=False, resample_split_per_run=True, result_dir='../results/lowlabel_mv', runs=10, save_model=True, save_result=False, seed=123, test_num=1000, tr_dropout=None, tr_layers=1, tr_weight_decay=None, train_per_class=0, train_prop=0.5, use_act=False, use_bn=False, use_graph=False, use_reg=True, use_residual=False, use_weight=False, valid_num=500, valid_per_class=2, valid_prop=0.25, weight_decay=0.0005)
citeseer
Num nodes: 3327
train:torch.Size([12]), valid:torch.Size([500]), test:torch.Size([1000])
dataset citeseer | num nodes 3327 | num edge 9104 | num node feats 3703 | num classes 6
MODEL: Polynormer(
  (h_lins): ModuleList(
    (0): Linear(in_features=512, out_features=512, bias=True)
    (1): Linear(in_features=512, out_features=512, bias=True)
    (2): Linear(in_features=512, out_features=512, bias=True)
    (3): Linear(in_features=512, out_features=512, bias=True)
    (4): Linear(in_features=512, out_features=512, bias=True)
    (5): Linear(in_features=512, out_features=512, bias=True)
    (6): Linear(in_features=512, out_features=512, bias=True)
  )
  (local_convs): ModuleList(
    (0): GATConv(512, 64, heads=8)
    (1): GATConv(512, 64, heads=8)
    (2): GATConv(512, 64, heads=8)
    (3): GATConv(512, 64, heads=8)
    (4): GATConv(512, 64, heads=8)
    (5): GATConv(512, 64, heads=8)
    (6): GATConv(512, 64, heads=8)
  )
  (lins): ModuleList(
    (0): Linear(in_features=512, out_features=512, bias=True)
    (1): Linear(in_features=512, out_features=512, bias=True)
    (2): Linear(in_features=512, out_features=512, bias=True)
    (3): Linear(in_features=512, out_features=512, bias=True)
    (4): Linear(in_features=512, out_features=512, bias=True)
    (5): Linear(in_features=512, out_features=512, bias=True)
    (6): Linear(in_features=512, out_features=512, bias=True)
  )
  (lns): ModuleList(
    (0): LayerNorm((512,), eps=1e-05, elementwise_affine=True)
    (1): LayerNorm((512,), eps=1e-05, elementwise_affine=True)
    (2): LayerNorm((512,), eps=1e-05, elementwise_affine=True)
    (3): LayerNorm((512,), eps=1e-05, elementwise_affine=True)
    (4): LayerNorm((512,), eps=1e-05, elementwise_affine=True)
    (5): LayerNorm((512,), eps=1e-05, elementwise_affine=True)
    (6): LayerNorm((512,), eps=1e-05, elementwise_affine=True)
  )
  (lin_in): Linear(in_features=3703, out_features=512, bias=True)
  (ln): LayerNorm((512,), eps=1e-05, elementwise_affine=True)
  (global_attn): GlobalAttn(
    (h_lins): ModuleList(
      (0): Linear(in_features=512, out_features=512, bias=True)
      (1): Linear(in_features=512, out_features=512, bias=True)
    )
    (k_lins): ModuleList(
      (0): Linear(in_features=512, out_features=512, bias=True)
      (1): Linear(in_features=512, out_features=512, bias=True)
    )
    (v_lins): ModuleList(
      (0): Linear(in_features=512, out_features=512, bias=True)
      (1): Linear(in_features=512, out_features=512, bias=True)
    )
    (lns): ModuleList(
      (0): LayerNorm((512,), eps=1e-05, elementwise_affine=True)
      (1): LayerNorm((512,), eps=1e-05, elementwise_affine=True)
    )
    (lin_out): Linear(in_features=512, out_features=512, bias=True)
  )
  (pred_local): Linear(in_features=512, out_features=6, bias=True)
  (pred_global): Linear(in_features=512, out_features=6, bias=True)
)
train:torch.Size([12]), valid:torch.Size([500]), test:torch.Size([1000])
Matched-budget validation: 12 valid nodes
Pre-training MLP for 500 epochs to generate co-occurrence matrix...
MLP pre-training complete. Penalty matrix frozen.
Epoch: 00, Loss: 2.5553, Train: 41.67%, Valid: 0.00%, Test: 17.40%, Best Valid: 0.00%, Best Test: 17.40%
Switching Polynormer to global attention phase.
Epoch: 100, Loss: 2.1695, Train: 16.67%, Valid: 16.67%, Test: 17.40%, Best Valid: 25.00%, Best Test: 19.10%
Epoch: 200, Loss: 0.0086, Train: 100.00%, Valid: 25.00%, Test: 34.00%, Best Valid: 33.33%, Best Test: 40.10%
Epoch: 300, Loss: 0.0003, Train: 100.00%, Valid: 16.67%, Test: 23.10%, Best Valid: 41.67%, Best Test: 36.90%
Epoch: 400, Loss: 0.0077, Train: 100.00%, Valid: 16.67%, Test: 30.40%, Best Valid: 41.67%, Best Test: 36.90%
Epoch: 500, Loss: 0.0031, Train: 100.00%, Valid: 16.67%, Test: 21.40%, Best Valid: 41.67%, Best Test: 36.90%
Epoch: 600, Loss: 0.0000, Train: 100.00%, Valid: 16.67%, Test: 35.60%, Best Valid: 41.67%, Best Test: 36.90%
Epoch: 700, Loss: 1.3856, Train: 100.00%, Valid: 25.00%, Test: 32.90%, Best Valid: 41.67%, Best Test: 36.90%
Epoch: 800, Loss: 0.0000, Train: 100.00%, Valid: 25.00%, Test: 33.50%, Best Valid: 41.67%, Best Test: 36.90%
Epoch: 900, Loss: 0.0000, Train: 100.00%, Valid: 41.67%, Test: 33.90%, Best Valid: 41.67%, Best Test: 36.90%
Epoch: 1000, Loss: 0.0000, Train: 100.00%, Valid: 41.67%, Test: 34.60%, Best Valid: 41.67%, Best Test: 36.90%
Run 01:
Highest Train: 100.00
Highest Valid: 41.67
Highest Test: 46.90
Chosen epoch: 240
Final Train: 100.00
Final Test: 36.90
train:torch.Size([12]), valid:torch.Size([500]), test:torch.Size([1000])
Matched-budget validation: 12 valid nodes
Pre-training MLP for 500 epochs to generate co-occurrence matrix...
MLP pre-training complete. Penalty matrix frozen.
Epoch: 00, Loss: 2.5094, Train: 16.67%, Valid: 8.33%, Test: 16.60%, Best Valid: 8.33%, Best Test: 16.60%
Switching Polynormer to global attention phase.
Epoch: 100, Loss: 2.1467, Train: 16.67%, Valid: 16.67%, Test: 19.30%, Best Valid: 33.33%, Best Test: 12.80%
Epoch: 200, Loss: 0.1204, Train: 91.67%, Valid: 8.33%, Test: 19.30%, Best Valid: 33.33%, Best Test: 12.80%
Epoch: 300, Loss: 0.0008, Train: 100.00%, Valid: 25.00%, Test: 13.00%, Best Valid: 41.67%, Best Test: 23.50%
Epoch: 400, Loss: 0.0712, Train: 100.00%, Valid: 16.67%, Test: 24.50%, Best Valid: 41.67%, Best Test: 23.50%
Epoch: 500, Loss: 0.0000, Train: 100.00%, Valid: 25.00%, Test: 26.20%, Best Valid: 41.67%, Best Test: 23.50%
Epoch: 600, Loss: 0.0000, Train: 100.00%, Valid: 33.33%, Test: 29.10%, Best Valid: 41.67%, Best Test: 23.50%
Epoch: 700, Loss: 0.0000, Train: 100.00%, Valid: 33.33%, Test: 30.50%, Best Valid: 41.67%, Best Test: 23.50%
Epoch: 800, Loss: 0.0000, Train: 100.00%, Valid: 33.33%, Test: 32.60%, Best Valid: 41.67%, Best Test: 23.50%
Epoch: 900, Loss: 0.0348, Train: 100.00%, Valid: 8.33%, Test: 21.40%, Best Valid: 41.67%, Best Test: 23.50%
Epoch: 1000, Loss: 0.0000, Train: 100.00%, Valid: 33.33%, Test: 25.30%, Best Valid: 41.67%, Best Test: 23.50%
Run 02:
Highest Train: 100.00
Highest Valid: 41.67
Highest Test: 33.20
Chosen epoch: 269
Final Train: 100.00
Final Test: 23.50
train:torch.Size([12]), valid:torch.Size([500]), test:torch.Size([1000])
Matched-budget validation: 12 valid nodes
Pre-training MLP for 500 epochs to generate co-occurrence matrix...
MLP pre-training complete. Penalty matrix frozen.
Epoch: 00, Loss: 3.0283, Train: 25.00%, Valid: 16.67%, Test: 15.00%, Best Valid: 16.67%, Best Test: 15.00%
Switching Polynormer to global attention phase.
Epoch: 100, Loss: 2.1494, Train: 16.67%, Valid: 16.67%, Test: 20.50%, Best Valid: 41.67%, Best Test: 37.90%
Epoch: 200, Loss: 0.0808, Train: 100.00%, Valid: 25.00%, Test: 33.10%, Best Valid: 41.67%, Best Test: 37.90%
Epoch: 300, Loss: 0.0004, Train: 91.67%, Valid: 25.00%, Test: 40.10%, Best Valid: 41.67%, Best Test: 37.90%
Epoch: 400, Loss: 0.0000, Train: 100.00%, Valid: 25.00%, Test: 19.00%, Best Valid: 41.67%, Best Test: 37.90%
Epoch: 500, Loss: 0.0000, Train: 100.00%, Valid: 33.33%, Test: 42.50%, Best Valid: 41.67%, Best Test: 37.90%
Epoch: 600, Loss: 0.0000, Train: 100.00%, Valid: 25.00%, Test: 22.50%, Best Valid: 41.67%, Best Test: 37.90%
Epoch: 700, Loss: 0.0000, Train: 100.00%, Valid: 16.67%, Test: 18.30%, Best Valid: 41.67%, Best Test: 37.90%
Epoch: 800, Loss: 0.0000, Train: 100.00%, Valid: 41.67%, Test: 27.40%, Best Valid: 41.67%, Best Test: 37.90%
Epoch: 900, Loss: 0.0000, Train: 100.00%, Valid: 25.00%, Test: 24.10%, Best Valid: 41.67%, Best Test: 37.90%
Epoch: 1000, Loss: 0.0023, Train: 100.00%, Valid: 25.00%, Test: 23.70%, Best Valid: 41.67%, Best Test: 37.90%
Run 03:
Highest Train: 100.00
Highest Valid: 50.00
Highest Test: 49.10
Chosen epoch: 1018
Final Train: 100.00
Final Test: 31.10
train:torch.Size([12]), valid:torch.Size([500]), test:torch.Size([1000])
Matched-budget validation: 12 valid nodes
Pre-training MLP for 500 epochs to generate co-occurrence matrix...
MLP pre-training complete. Penalty matrix frozen.
Epoch: 00, Loss: 2.8890, Train: 25.00%, Valid: 25.00%, Test: 16.90%, Best Valid: 25.00%, Best Test: 16.90%
Switching Polynormer to global attention phase.
Epoch: 100, Loss: 2.1689, Train: 16.67%, Valid: 33.33%, Test: 13.00%, Best Valid: 41.67%, Best Test: 18.00%
Epoch: 200, Loss: 0.7514, Train: 100.00%, Valid: 16.67%, Test: 21.00%, Best Valid: 41.67%, Best Test: 18.00%
Epoch: 300, Loss: 0.0124, Train: 100.00%, Valid: 41.67%, Test: 18.30%, Best Valid: 41.67%, Best Test: 18.00%
Epoch: 400, Loss: 1.9321, Train: 100.00%, Valid: 16.67%, Test: 29.60%, Best Valid: 41.67%, Best Test: 18.00%
Epoch: 500, Loss: 5.4425, Train: 100.00%, Valid: 16.67%, Test: 27.10%, Best Valid: 41.67%, Best Test: 18.00%
Epoch: 600, Loss: 0.0000, Train: 100.00%, Valid: 16.67%, Test: 34.60%, Best Valid: 41.67%, Best Test: 18.00%
Epoch: 700, Loss: 0.0000, Train: 100.00%, Valid: 25.00%, Test: 32.40%, Best Valid: 41.67%, Best Test: 18.00%
Epoch: 800, Loss: 0.0000, Train: 100.00%, Valid: 33.33%, Test: 33.90%, Best Valid: 41.67%, Best Test: 18.00%
Epoch: 900, Loss: 0.0000, Train: 100.00%, Valid: 25.00%, Test: 30.70%, Best Valid: 41.67%, Best Test: 18.00%
Epoch: 1000, Loss: 0.0000, Train: 100.00%, Valid: 33.33%, Test: 33.20%, Best Valid: 41.67%, Best Test: 18.00%
Run 04:
Highest Train: 100.00
Highest Valid: 41.67
Highest Test: 50.50
Chosen epoch: 1
Final Train: 25.00
Final Test: 18.00
train:torch.Size([12]), valid:torch.Size([500]), test:torch.Size([1000])
Matched-budget validation: 12 valid nodes
Pre-training MLP for 500 epochs to generate co-occurrence matrix...
MLP pre-training complete. Penalty matrix frozen.
Epoch: 00, Loss: 2.3908, Train: 8.33%, Valid: 16.67%, Test: 14.30%, Best Valid: 16.67%, Best Test: 14.30%
Switching Polynormer to global attention phase.
Epoch: 100, Loss: 2.1501, Train: 16.67%, Valid: 16.67%, Test: 17.00%, Best Valid: 41.67%, Best Test: 47.20%
Epoch: 200, Loss: 0.0615, Train: 100.00%, Valid: 33.33%, Test: 37.10%, Best Valid: 58.33%, Best Test: 43.20%
Epoch: 300, Loss: 0.0005, Train: 100.00%, Valid: 25.00%, Test: 40.40%, Best Valid: 58.33%, Best Test: 43.20%
Epoch: 400, Loss: 0.0000, Train: 100.00%, Valid: 33.33%, Test: 41.70%, Best Valid: 58.33%, Best Test: 43.20%
Epoch: 500, Loss: 0.0000, Train: 100.00%, Valid: 41.67%, Test: 44.70%, Best Valid: 58.33%, Best Test: 43.20%
Epoch: 600, Loss: 0.0001, Train: 100.00%, Valid: 25.00%, Test: 34.50%, Best Valid: 58.33%, Best Test: 43.20%
Epoch: 700, Loss: 0.0000, Train: 100.00%, Valid: 25.00%, Test: 36.50%, Best Valid: 58.33%, Best Test: 43.20%
Epoch: 800, Loss: 0.0000, Train: 100.00%, Valid: 25.00%, Test: 36.10%, Best Valid: 58.33%, Best Test: 43.20%
Epoch: 900, Loss: 0.0000, Train: 100.00%, Valid: 25.00%, Test: 28.70%, Best Valid: 58.33%, Best Test: 43.20%
Epoch: 1000, Loss: 0.0000, Train: 100.00%, Valid: 25.00%, Test: 35.40%, Best Valid: 58.33%, Best Test: 43.20%
Run 05:
Highest Train: 100.00
Highest Valid: 58.33
Highest Test: 49.30
Chosen epoch: 168
Final Train: 100.00
Final Test: 43.20
train:torch.Size([12]), valid:torch.Size([500]), test:torch.Size([1000])
Matched-budget validation: 12 valid nodes
Pre-training MLP for 500 epochs to generate co-occurrence matrix...
MLP pre-training complete. Penalty matrix frozen.
Epoch: 00, Loss: 2.2078, Train: 8.33%, Valid: 8.33%, Test: 13.60%, Best Valid: 8.33%, Best Test: 13.60%
Switching Polynormer to global attention phase.
Epoch: 100, Loss: 2.1470, Train: 16.67%, Valid: 16.67%, Test: 14.10%, Best Valid: 41.67%, Best Test: 28.10%
Epoch: 200, Loss: 0.6535, Train: 83.33%, Valid: 16.67%, Test: 26.00%, Best Valid: 41.67%, Best Test: 28.10%
Epoch: 300, Loss: 0.0000, Train: 100.00%, Valid: 41.67%, Test: 30.30%, Best Valid: 66.67%, Best Test: 38.10%
Epoch: 400, Loss: 0.0000, Train: 100.00%, Valid: 25.00%, Test: 30.20%, Best Valid: 66.67%, Best Test: 38.10%
Epoch: 500, Loss: 0.0615, Train: 100.00%, Valid: 25.00%, Test: 22.30%, Best Valid: 66.67%, Best Test: 38.10%
Epoch: 600, Loss: 0.0000, Train: 100.00%, Valid: 16.67%, Test: 26.30%, Best Valid: 66.67%, Best Test: 38.10%
Epoch: 700, Loss: 0.0002, Train: 100.00%, Valid: 25.00%, Test: 26.90%, Best Valid: 66.67%, Best Test: 38.10%
Epoch: 800, Loss: 0.0000, Train: 100.00%, Valid: 16.67%, Test: 22.90%, Best Valid: 66.67%, Best Test: 38.10%
Epoch: 900, Loss: 0.0000, Train: 100.00%, Valid: 16.67%, Test: 22.40%, Best Valid: 66.67%, Best Test: 38.10%
Epoch: 1000, Loss: 0.0000, Train: 100.00%, Valid: 16.67%, Test: 24.50%, Best Valid: 66.67%, Best Test: 38.10%
Run 06:
Highest Train: 100.00
Highest Valid: 66.67
Highest Test: 47.90
Chosen epoch: 282
Final Train: 100.00
Final Test: 38.10
train:torch.Size([12]), valid:torch.Size([500]), test:torch.Size([1000])
Matched-budget validation: 12 valid nodes
Pre-training MLP for 500 epochs to generate co-occurrence matrix...
MLP pre-training complete. Penalty matrix frozen.
Epoch: 00, Loss: 3.0489, Train: 25.00%, Valid: 16.67%, Test: 17.60%, Best Valid: 16.67%, Best Test: 17.60%
Switching Polynormer to global attention phase.
Epoch: 100, Loss: 2.1458, Train: 16.67%, Valid: 16.67%, Test: 18.70%, Best Valid: 41.67%, Best Test: 24.50%
Epoch: 200, Loss: 0.6989, Train: 100.00%, Valid: 25.00%, Test: 25.50%, Best Valid: 41.67%, Best Test: 24.50%
Epoch: 300, Loss: 0.0010, Train: 100.00%, Valid: 33.33%, Test: 23.50%, Best Valid: 50.00%, Best Test: 25.20%
Epoch: 400, Loss: 0.0159, Train: 100.00%, Valid: 25.00%, Test: 23.00%, Best Valid: 50.00%, Best Test: 25.20%
Epoch: 500, Loss: 0.0001, Train: 100.00%, Valid: 25.00%, Test: 24.10%, Best Valid: 50.00%, Best Test: 25.20%
Epoch: 600, Loss: 0.0870, Train: 100.00%, Valid: 25.00%, Test: 33.50%, Best Valid: 50.00%, Best Test: 25.20%
Epoch: 700, Loss: 0.0088, Train: 100.00%, Valid: 25.00%, Test: 13.30%, Best Valid: 50.00%, Best Test: 25.20%
Epoch: 800, Loss: 0.0000, Train: 100.00%, Valid: 41.67%, Test: 29.30%, Best Valid: 50.00%, Best Test: 25.20%
Epoch: 900, Loss: 0.0000, Train: 100.00%, Valid: 33.33%, Test: 24.70%, Best Valid: 50.00%, Best Test: 25.20%
Epoch: 1000, Loss: 0.0000, Train: 100.00%, Valid: 41.67%, Test: 27.70%, Best Valid: 50.00%, Best Test: 25.20%
Run 07:
Highest Train: 100.00
Highest Valid: 50.00
Highest Test: 34.70
Chosen epoch: 203
Final Train: 66.67
Final Test: 25.20
train:torch.Size([12]), valid:torch.Size([500]), test:torch.Size([1000])
Matched-budget validation: 12 valid nodes
Pre-training MLP for 500 epochs to generate co-occurrence matrix...
MLP pre-training complete. Penalty matrix frozen.
Epoch: 00, Loss: 2.3034, Train: 33.33%, Valid: 33.33%, Test: 17.60%, Best Valid: 33.33%, Best Test: 17.60%
Switching Polynormer to global attention phase.
Epoch: 100, Loss: 2.1502, Train: 16.67%, Valid: 16.67%, Test: 21.40%, Best Valid: 50.00%, Best Test: 40.30%
Epoch: 200, Loss: 1.1177, Train: 100.00%, Valid: 25.00%, Test: 34.60%, Best Valid: 50.00%, Best Test: 40.30%
Epoch: 300, Loss: 0.0001, Train: 100.00%, Valid: 25.00%, Test: 36.10%, Best Valid: 50.00%, Best Test: 40.30%
Epoch: 400, Loss: 0.0000, Train: 100.00%, Valid: 25.00%, Test: 25.30%, Best Valid: 58.33%, Best Test: 38.30%
Epoch: 500, Loss: 0.0000, Train: 100.00%, Valid: 25.00%, Test: 27.10%, Best Valid: 58.33%, Best Test: 38.30%
Epoch: 600, Loss: 0.0004, Train: 100.00%, Valid: 16.67%, Test: 24.30%, Best Valid: 58.33%, Best Test: 38.30%
Epoch: 700, Loss: 0.0000, Train: 100.00%, Valid: 8.33%, Test: 25.50%, Best Valid: 58.33%, Best Test: 38.30%
Epoch: 800, Loss: 0.0000, Train: 100.00%, Valid: 8.33%, Test: 25.70%, Best Valid: 58.33%, Best Test: 38.30%
Epoch: 900, Loss: 0.0000, Train: 100.00%, Valid: 8.33%, Test: 25.60%, Best Valid: 58.33%, Best Test: 38.30%
Epoch: 1000, Loss: 0.0000, Train: 100.00%, Valid: 16.67%, Test: 26.40%, Best Valid: 58.33%, Best Test: 38.30%
Run 08:
Highest Train: 100.00
Highest Valid: 58.33
Highest Test: 43.10
Chosen epoch: 368
Final Train: 100.00
Final Test: 38.30
train:torch.Size([12]), valid:torch.Size([500]), test:torch.Size([1000])
Matched-budget validation: 12 valid nodes
Pre-training MLP for 500 epochs to generate co-occurrence matrix...
MLP pre-training complete. Penalty matrix frozen.
Epoch: 00, Loss: 1.9662, Train: 25.00%, Valid: 8.33%, Test: 17.90%, Best Valid: 8.33%, Best Test: 17.90%
Switching Polynormer to global attention phase.
Epoch: 100, Loss: 2.1501, Train: 16.67%, Valid: 16.67%, Test: 20.90%, Best Valid: 50.00%, Best Test: 38.20%
Epoch: 200, Loss: 0.8488, Train: 100.00%, Valid: 33.33%, Test: 27.00%, Best Valid: 50.00%, Best Test: 38.20%
Epoch: 300, Loss: 0.9915, Train: 91.67%, Valid: 16.67%, Test: 17.70%, Best Valid: 50.00%, Best Test: 38.20%
Epoch: 400, Loss: 0.0000, Train: 100.00%, Valid: 16.67%, Test: 21.70%, Best Valid: 50.00%, Best Test: 38.20%
Epoch: 500, Loss: 0.0000, Train: 100.00%, Valid: 16.67%, Test: 20.70%, Best Valid: 50.00%, Best Test: 38.20%
Epoch: 600, Loss: 0.2313, Train: 100.00%, Valid: 16.67%, Test: 19.60%, Best Valid: 50.00%, Best Test: 38.20%
Epoch: 700, Loss: 0.0000, Train: 100.00%, Valid: 41.67%, Test: 28.00%, Best Valid: 50.00%, Best Test: 38.20%
Epoch: 800, Loss: 0.0000, Train: 100.00%, Valid: 16.67%, Test: 20.30%, Best Valid: 50.00%, Best Test: 38.20%
Epoch: 900, Loss: 0.0000, Train: 100.00%, Valid: 16.67%, Test: 19.90%, Best Valid: 50.00%, Best Test: 38.20%
Epoch: 1000, Loss: 0.0000, Train: 100.00%, Valid: 16.67%, Test: 20.10%, Best Valid: 50.00%, Best Test: 38.20%
Run 09:
Highest Train: 100.00
Highest Valid: 50.00
Highest Test: 49.60
Chosen epoch: 45
Final Train: 100.00
Final Test: 38.20
train:torch.Size([12]), valid:torch.Size([500]), test:torch.Size([1000])
Matched-budget validation: 12 valid nodes
Pre-training MLP for 500 epochs to generate co-occurrence matrix...
MLP pre-training complete. Penalty matrix frozen.
Epoch: 00, Loss: 3.1268, Train: 25.00%, Valid: 8.33%, Test: 18.70%, Best Valid: 8.33%, Best Test: 18.70%
Switching Polynormer to global attention phase.
Epoch: 100, Loss: 2.1578, Train: 16.67%, Valid: 16.67%, Test: 20.60%, Best Valid: 41.67%, Best Test: 37.00%
Epoch: 200, Loss: 0.5936, Train: 91.67%, Valid: 16.67%, Test: 34.30%, Best Valid: 41.67%, Best Test: 37.00%
Epoch: 300, Loss: 0.0001, Train: 100.00%, Valid: 16.67%, Test: 34.00%, Best Valid: 41.67%, Best Test: 37.00%
Epoch: 400, Loss: 0.0197, Train: 100.00%, Valid: 33.33%, Test: 35.70%, Best Valid: 41.67%, Best Test: 37.00%
Epoch: 500, Loss: 0.0003, Train: 100.00%, Valid: 16.67%, Test: 29.00%, Best Valid: 41.67%, Best Test: 37.00%
Epoch: 600, Loss: 0.0000, Train: 100.00%, Valid: 16.67%, Test: 30.70%, Best Valid: 41.67%, Best Test: 37.00%
Epoch: 700, Loss: 0.0000, Train: 100.00%, Valid: 16.67%, Test: 30.50%, Best Valid: 41.67%, Best Test: 37.00%
Epoch: 800, Loss: 0.0001, Train: 100.00%, Valid: 16.67%, Test: 27.00%, Best Valid: 41.67%, Best Test: 37.00%
Epoch: 900, Loss: 1.0269, Train: 100.00%, Valid: 16.67%, Test: 30.70%, Best Valid: 41.67%, Best Test: 37.00%
Epoch: 1000, Loss: 0.0001, Train: 100.00%, Valid: 16.67%, Test: 29.90%, Best Valid: 41.67%, Best Test: 37.00%
Run 10:
Highest Train: 100.00
Highest Valid: 41.67
Highest Test: 40.00
Chosen epoch: 19
Final Train: 100.00
Final Test: 37.00
All runs:
Highest Train: 100.00 ± 0.00
Highest Test: 44.43 ± 6.41
Highest Valid: 50.00 ± 8.78
  Final Train: 89.17 ± 24.86
   Final Test: 32.95 ± 8.14
Saving results to ../results/lowlabel_mv/citeseer/polynormer.csv
--- mlp_reg | lambda=0.4 ---
Namespace(aggregate='add', alpha=0.5, attention='gcn', beta=-1.0, bn=False, budget_tag='2', count_reg=False, count_smoothing=1.0, cpu=False, data_dir='../data/', dataset='citeseer', device=0, dim_inner=64, display_step=100, dropout=0.5, epochs=500, global_dropout=None, global_epochs=1000, global_layers=2, gnn='gcn', graph_weight=0.8, hidden_channels=64, hops=10, in_dropout=0.2, jk=False, label_num_per_class=2, lambda_val=0.4, layers=1, ln=False, local_epochs=100, local_gnn_type='GCN', local_layers=7, lr=0.001, metric='acc', mlp_epochs=500, mlp_reg=True, model='polynormer', model_dir='models/lowlabel_mv_1178247_13', n_heads=8, num_centroids=4096, num_heads=8, oracle_reg=False, paired_seeds=True, pe_types='RWSE', penalty_transform='none', pre_linear=False, pre_ln=False, rand_split=False, rand_split_class=True, reg_start_epoch=10, reg_update_freq=5, res=False, resample_split_per_run=True, result_dir='../results/lowlabel_mv', runs=10, save_model=True, save_result=False, seed=123, test_num=1000, tr_dropout=None, tr_layers=1, tr_weight_decay=None, train_per_class=0, train_prop=0.5, use_act=False, use_bn=False, use_graph=False, use_reg=True, use_residual=False, use_weight=False, valid_num=500, valid_per_class=2, valid_prop=0.25, weight_decay=0.0005)
citeseer
Num nodes: 3327
train:torch.Size([12]), valid:torch.Size([500]), test:torch.Size([1000])
dataset citeseer | num nodes 3327 | num edge 9104 | num node feats 3703 | num classes 6
MODEL: Polynormer(
  (h_lins): ModuleList(
    (0): Linear(in_features=512, out_features=512, bias=True)
    (1): Linear(in_features=512, out_features=512, bias=True)
    (2): Linear(in_features=512, out_features=512, bias=True)
    (3): Linear(in_features=512, out_features=512, bias=True)
    (4): Linear(in_features=512, out_features=512, bias=True)
    (5): Linear(in_features=512, out_features=512, bias=True)
    (6): Linear(in_features=512, out_features=512, bias=True)
  )
  (local_convs): ModuleList(
    (0): GATConv(512, 64, heads=8)
    (1): GATConv(512, 64, heads=8)
    (2): GATConv(512, 64, heads=8)
    (3): GATConv(512, 64, heads=8)
    (4): GATConv(512, 64, heads=8)
    (5): GATConv(512, 64, heads=8)
    (6): GATConv(512, 64, heads=8)
  )
  (lins): ModuleList(
    (0): Linear(in_features=512, out_features=512, bias=True)
    (1): Linear(in_features=512, out_features=512, bias=True)
    (2): Linear(in_features=512, out_features=512, bias=True)
    (3): Linear(in_features=512, out_features=512, bias=True)
    (4): Linear(in_features=512, out_features=512, bias=True)
    (5): Linear(in_features=512, out_features=512, bias=True)
    (6): Linear(in_features=512, out_features=512, bias=True)
  )
  (lns): ModuleList(
    (0): LayerNorm((512,), eps=1e-05, elementwise_affine=True)
    (1): LayerNorm((512,), eps=1e-05, elementwise_affine=True)
    (2): LayerNorm((512,), eps=1e-05, elementwise_affine=True)
    (3): LayerNorm((512,), eps=1e-05, elementwise_affine=True)
    (4): LayerNorm((512,), eps=1e-05, elementwise_affine=True)
    (5): LayerNorm((512,), eps=1e-05, elementwise_affine=True)
    (6): LayerNorm((512,), eps=1e-05, elementwise_affine=True)
  )
  (lin_in): Linear(in_features=3703, out_features=512, bias=True)
  (ln): LayerNorm((512,), eps=1e-05, elementwise_affine=True)
  (global_attn): GlobalAttn(
    (h_lins): ModuleList(
      (0): Linear(in_features=512, out_features=512, bias=True)
      (1): Linear(in_features=512, out_features=512, bias=True)
    )
    (k_lins): ModuleList(
      (0): Linear(in_features=512, out_features=512, bias=True)
      (1): Linear(in_features=512, out_features=512, bias=True)
    )
    (v_lins): ModuleList(
      (0): Linear(in_features=512, out_features=512, bias=True)
      (1): Linear(in_features=512, out_features=512, bias=True)
    )
    (lns): ModuleList(
      (0): LayerNorm((512,), eps=1e-05, elementwise_affine=True)
      (1): LayerNorm((512,), eps=1e-05, elementwise_affine=True)
    )
    (lin_out): Linear(in_features=512, out_features=512, bias=True)
  )
  (pred_local): Linear(in_features=512, out_features=6, bias=True)
  (pred_global): Linear(in_features=512, out_features=6, bias=True)
)
train:torch.Size([12]), valid:torch.Size([500]), test:torch.Size([1000])
Matched-budget validation: 12 valid nodes
Pre-training MLP for 500 epochs to generate co-occurrence matrix...
MLP pre-training complete. Penalty matrix frozen.
Epoch: 00, Loss: 2.9812, Train: 41.67%, Valid: 0.00%, Test: 17.50%, Best Valid: 0.00%, Best Test: 17.50%
Switching Polynormer to global attention phase.
Epoch: 100, Loss: 2.5600, Train: 8.33%, Valid: 16.67%, Test: 17.40%, Best Valid: 25.00%, Best Test: 22.30%
Epoch: 200, Loss: 0.3860, Train: 100.00%, Valid: 25.00%, Test: 29.10%, Best Valid: 41.67%, Best Test: 16.00%
Epoch: 300, Loss: 0.0000, Train: 100.00%, Valid: 33.33%, Test: 31.40%, Best Valid: 41.67%, Best Test: 16.00%
Epoch: 400, Loss: 0.5225, Train: 100.00%, Valid: 8.33%, Test: 35.40%, Best Valid: 41.67%, Best Test: 16.00%
Epoch: 500, Loss: 0.8793, Train: 100.00%, Valid: 16.67%, Test: 29.20%, Best Valid: 41.67%, Best Test: 16.00%
Epoch: 600, Loss: 0.0000, Train: 100.00%, Valid: 16.67%, Test: 36.00%, Best Valid: 41.67%, Best Test: 16.00%
Epoch: 700, Loss: 0.0000, Train: 100.00%, Valid: 0.00%, Test: 36.40%, Best Valid: 41.67%, Best Test: 16.00%
Epoch: 800, Loss: 0.0000, Train: 100.00%, Valid: 8.33%, Test: 31.80%, Best Valid: 41.67%, Best Test: 16.00%
Epoch: 900, Loss: 0.0000, Train: 100.00%, Valid: 8.33%, Test: 26.20%, Best Valid: 41.67%, Best Test: 16.00%
Epoch: 1000, Loss: 0.0006, Train: 100.00%, Valid: 33.33%, Test: 31.60%, Best Valid: 41.67%, Best Test: 16.00%
Run 01:
Highest Train: 100.00
Highest Valid: 41.67
Highest Test: 45.70
Chosen epoch: 103
Final Train: 25.00
Final Test: 16.00
train:torch.Size([12]), valid:torch.Size([500]), test:torch.Size([1000])
Matched-budget validation: 12 valid nodes
Pre-training MLP for 500 epochs to generate co-occurrence matrix...
MLP pre-training complete. Penalty matrix frozen.
Epoch: 00, Loss: 2.9276, Train: 16.67%, Valid: 0.00%, Test: 16.90%, Best Valid: 0.00%, Best Test: 16.90%
Switching Polynormer to global attention phase.
Epoch: 100, Loss: 2.5012, Train: 16.67%, Valid: 16.67%, Test: 16.30%, Best Valid: 33.33%, Best Test: 17.50%
Epoch: 200, Loss: 0.0325, Train: 100.00%, Valid: 8.33%, Test: 21.00%, Best Valid: 41.67%, Best Test: 21.90%
Epoch: 300, Loss: 0.0001, Train: 100.00%, Valid: 16.67%, Test: 18.10%, Best Valid: 41.67%, Best Test: 21.90%
Epoch: 400, Loss: 0.1092, Train: 100.00%, Valid: 25.00%, Test: 26.40%, Best Valid: 41.67%, Best Test: 21.90%
Epoch: 500, Loss: 0.0020, Train: 100.00%, Valid: 16.67%, Test: 19.40%, Best Valid: 41.67%, Best Test: 21.90%
Epoch: 600, Loss: 0.0991, Train: 100.00%, Valid: 0.00%, Test: 19.60%, Best Valid: 41.67%, Best Test: 21.90%
Epoch: 700, Loss: 0.0000, Train: 100.00%, Valid: 25.00%, Test: 25.20%, Best Valid: 41.67%, Best Test: 21.90%
Epoch: 800, Loss: 0.0000, Train: 100.00%, Valid: 41.67%, Test: 25.10%, Best Valid: 41.67%, Best Test: 21.90%
Epoch: 900, Loss: 0.0254, Train: 100.00%, Valid: 33.33%, Test: 26.40%, Best Valid: 41.67%, Best Test: 21.90%
Epoch: 1000, Loss: 0.0000, Train: 100.00%, Valid: 25.00%, Test: 26.40%, Best Valid: 41.67%, Best Test: 21.90%
Run 02:
Highest Train: 100.00
Highest Valid: 41.67
Highest Test: 28.90
Chosen epoch: 171
Final Train: 100.00
Final Test: 21.90
train:torch.Size([12]), valid:torch.Size([500]), test:torch.Size([1000])
Matched-budget validation: 12 valid nodes
Pre-training MLP for 500 epochs to generate co-occurrence matrix...
MLP pre-training complete. Penalty matrix frozen.
Epoch: 00, Loss: 3.5330, Train: 25.00%, Valid: 16.67%, Test: 14.70%, Best Valid: 16.67%, Best Test: 14.70%
Switching Polynormer to global attention phase.
Epoch: 100, Loss: 2.5085, Train: 16.67%, Valid: 16.67%, Test: 20.50%, Best Valid: 41.67%, Best Test: 31.70%
Epoch: 200, Loss: 0.7558, Train: 100.00%, Valid: 25.00%, Test: 36.90%, Best Valid: 41.67%, Best Test: 31.70%
Epoch: 300, Loss: 0.0073, Train: 100.00%, Valid: 33.33%, Test: 29.20%, Best Valid: 41.67%, Best Test: 31.70%
Epoch: 400, Loss: 0.0019, Train: 100.00%, Valid: 41.67%, Test: 37.50%, Best Valid: 41.67%, Best Test: 31.70%
Epoch: 500, Loss: 0.0000, Train: 100.00%, Valid: 50.00%, Test: 38.80%, Best Valid: 58.33%, Best Test: 38.40%
Epoch: 600, Loss: 0.0000, Train: 100.00%, Valid: 50.00%, Test: 40.20%, Best Valid: 58.33%, Best Test: 38.40%
Epoch: 700, Loss: 0.0001, Train: 100.00%, Valid: 41.67%, Test: 40.70%, Best Valid: 58.33%, Best Test: 38.40%
Epoch: 800, Loss: 0.0005, Train: 100.00%, Valid: 33.33%, Test: 41.40%, Best Valid: 58.33%, Best Test: 38.40%
Epoch: 900, Loss: 0.0000, Train: 100.00%, Valid: 33.33%, Test: 40.80%, Best Valid: 58.33%, Best Test: 38.40%
Epoch: 1000, Loss: 0.0002, Train: 100.00%, Valid: 33.33%, Test: 42.10%, Best Valid: 58.33%, Best Test: 38.40%
Run 03:
Highest Train: 100.00
Highest Valid: 58.33
Highest Test: 42.60
Chosen epoch: 471
Final Train: 100.00
Final Test: 38.40
train:torch.Size([12]), valid:torch.Size([500]), test:torch.Size([1000])
Matched-budget validation: 12 valid nodes
Pre-training MLP for 500 epochs to generate co-occurrence matrix...
MLP pre-training complete. Penalty matrix frozen.
Epoch: 00, Loss: 3.3704, Train: 16.67%, Valid: 25.00%, Test: 16.60%, Best Valid: 25.00%, Best Test: 16.60%
Switching Polynormer to global attention phase.
Epoch: 100, Loss: 2.5293, Train: 33.33%, Valid: 33.33%, Test: 14.20%, Best Valid: 50.00%, Best Test: 17.80%
Epoch: 200, Loss: 0.0022, Train: 100.00%, Valid: 25.00%, Test: 47.00%, Best Valid: 50.00%, Best Test: 17.80%
Epoch: 300, Loss: 0.0000, Train: 100.00%, Valid: 33.33%, Test: 43.70%, Best Valid: 50.00%, Best Test: 17.80%
Epoch: 400, Loss: 0.0011, Train: 100.00%, Valid: 25.00%, Test: 37.00%, Best Valid: 50.00%, Best Test: 17.80%
Epoch: 500, Loss: 1.9980, Train: 100.00%, Valid: 25.00%, Test: 33.40%, Best Valid: 50.00%, Best Test: 17.80%
Epoch: 600, Loss: 0.0000, Train: 100.00%, Valid: 25.00%, Test: 32.10%, Best Valid: 50.00%, Best Test: 17.80%
Epoch: 700, Loss: 1.5612, Train: 100.00%, Valid: 25.00%, Test: 30.50%, Best Valid: 50.00%, Best Test: 17.80%
Epoch: 800, Loss: 0.0000, Train: 100.00%, Valid: 16.67%, Test: 27.70%, Best Valid: 50.00%, Best Test: 17.80%
Epoch: 900, Loss: 0.0000, Train: 100.00%, Valid: 16.67%, Test: 27.60%, Best Valid: 50.00%, Best Test: 17.80%
Epoch: 1000, Loss: 0.0000, Train: 100.00%, Valid: 25.00%, Test: 30.80%, Best Valid: 50.00%, Best Test: 17.80%
Run 04:
Highest Train: 100.00
Highest Valid: 50.00
Highest Test: 50.60
Chosen epoch: 1
Final Train: 25.00
Final Test: 17.80
train:torch.Size([12]), valid:torch.Size([500]), test:torch.Size([1000])
Matched-budget validation: 12 valid nodes
Pre-training MLP for 500 epochs to generate co-occurrence matrix...
MLP pre-training complete. Penalty matrix frozen.
Epoch: 00, Loss: 2.7892, Train: 16.67%, Valid: 16.67%, Test: 14.50%, Best Valid: 16.67%, Best Test: 14.50%
Switching Polynormer to global attention phase.
Epoch: 100, Loss: 2.5086, Train: 16.67%, Valid: 16.67%, Test: 20.60%, Best Valid: 66.67%, Best Test: 52.10%
Epoch: 200, Loss: 0.3557, Train: 100.00%, Valid: 25.00%, Test: 35.60%, Best Valid: 66.67%, Best Test: 52.10%
Epoch: 300, Loss: 0.0036, Train: 100.00%, Valid: 41.67%, Test: 43.90%, Best Valid: 66.67%, Best Test: 52.10%
Epoch: 400, Loss: 0.0000, Train: 100.00%, Valid: 33.33%, Test: 29.30%, Best Valid: 66.67%, Best Test: 52.10%
Epoch: 500, Loss: 0.0002, Train: 100.00%, Valid: 25.00%, Test: 36.30%, Best Valid: 66.67%, Best Test: 52.10%
Epoch: 600, Loss: 0.0000, Train: 100.00%, Valid: 16.67%, Test: 22.30%, Best Valid: 66.67%, Best Test: 52.10%
Epoch: 700, Loss: 0.0023, Train: 100.00%, Valid: 33.33%, Test: 27.80%, Best Valid: 66.67%, Best Test: 52.10%
Epoch: 800, Loss: 0.0175, Train: 100.00%, Valid: 66.67%, Test: 40.70%, Best Valid: 66.67%, Best Test: 52.10%
Epoch: 900, Loss: 0.0000, Train: 100.00%, Valid: 66.67%, Test: 43.40%, Best Valid: 66.67%, Best Test: 52.10%
Epoch: 1000, Loss: 0.0000, Train: 100.00%, Valid: 66.67%, Test: 43.20%, Best Valid: 66.67%, Best Test: 52.10%
Run 05:
Highest Train: 100.00
Highest Valid: 66.67
Highest Test: 54.10
Chosen epoch: 44
Final Train: 100.00
Final Test: 52.10
train:torch.Size([12]), valid:torch.Size([500]), test:torch.Size([1000])
Matched-budget validation: 12 valid nodes
Pre-training MLP for 500 epochs to generate co-occurrence matrix...
MLP pre-training complete. Penalty matrix frozen.
Epoch: 00, Loss: 2.5758, Train: 16.67%, Valid: 8.33%, Test: 13.00%, Best Valid: 8.33%, Best Test: 13.00%
Switching Polynormer to global attention phase.
Epoch: 100, Loss: 2.5120, Train: 16.67%, Valid: 16.67%, Test: 14.10%, Best Valid: 50.00%, Best Test: 35.40%
Epoch: 200, Loss: 0.0080, Train: 91.67%, Valid: 25.00%, Test: 24.30%, Best Valid: 50.00%, Best Test: 35.40%
Epoch: 300, Loss: 0.0045, Train: 100.00%, Valid: 33.33%, Test: 26.80%, Best Valid: 50.00%, Best Test: 35.40%
Epoch: 400, Loss: 0.0000, Train: 100.00%, Valid: 41.67%, Test: 33.20%, Best Valid: 50.00%, Best Test: 35.40%
Epoch: 500, Loss: 0.0000, Train: 100.00%, Valid: 41.67%, Test: 38.10%, Best Valid: 50.00%, Best Test: 35.40%
Epoch: 600, Loss: 0.0000, Train: 100.00%, Valid: 41.67%, Test: 41.40%, Best Valid: 50.00%, Best Test: 35.40%
Epoch: 700, Loss: 0.0000, Train: 100.00%, Valid: 41.67%, Test: 43.10%, Best Valid: 50.00%, Best Test: 35.40%
Epoch: 800, Loss: 0.0000, Train: 100.00%, Valid: 33.33%, Test: 43.50%, Best Valid: 50.00%, Best Test: 35.40%
Epoch: 900, Loss: 0.0000, Train: 100.00%, Valid: 41.67%, Test: 44.40%, Best Valid: 50.00%, Best Test: 35.40%
Epoch: 1000, Loss: 0.0000, Train: 100.00%, Valid: 25.00%, Test: 29.40%, Best Valid: 50.00%, Best Test: 35.40%
Run 06:
Highest Train: 100.00
Highest Valid: 50.00
Highest Test: 45.90
Chosen epoch: 15
Final Train: 100.00
Final Test: 35.40
train:torch.Size([12]), valid:torch.Size([500]), test:torch.Size([1000])
Matched-budget validation: 12 valid nodes
Pre-training MLP for 500 epochs to generate co-occurrence matrix...
MLP pre-training complete. Penalty matrix frozen.
Epoch: 00, Loss: 3.5571, Train: 25.00%, Valid: 16.67%, Test: 17.80%, Best Valid: 16.67%, Best Test: 17.80%
Switching Polynormer to global attention phase.
Epoch: 100, Loss: 2.5110, Train: 16.67%, Valid: 16.67%, Test: 18.70%, Best Valid: 33.33%, Best Test: 20.20%
Epoch: 200, Loss: 0.0786, Train: 100.00%, Valid: 33.33%, Test: 27.40%, Best Valid: 41.67%, Best Test: 27.00%
Epoch: 300, Loss: 0.0002, Train: 100.00%, Valid: 33.33%, Test: 25.00%, Best Valid: 41.67%, Best Test: 27.00%
Epoch: 400, Loss: 0.0000, Train: 100.00%, Valid: 33.33%, Test: 28.30%, Best Valid: 41.67%, Best Test: 27.00%
Epoch: 500, Loss: 1.4344, Train: 100.00%, Valid: 33.33%, Test: 28.20%, Best Valid: 41.67%, Best Test: 27.00%
Epoch: 600, Loss: 0.0001, Train: 100.00%, Valid: 25.00%, Test: 22.20%, Best Valid: 41.67%, Best Test: 27.00%
Epoch: 700, Loss: 0.0000, Train: 100.00%, Valid: 25.00%, Test: 22.30%, Best Valid: 41.67%, Best Test: 27.00%
Epoch: 800, Loss: 0.0000, Train: 100.00%, Valid: 33.33%, Test: 27.50%, Best Valid: 41.67%, Best Test: 27.00%
Epoch: 900, Loss: 0.0000, Train: 100.00%, Valid: 33.33%, Test: 34.20%, Best Valid: 41.67%, Best Test: 27.00%
Epoch: 1000, Loss: 0.0000, Train: 100.00%, Valid: 33.33%, Test: 34.20%, Best Valid: 41.67%, Best Test: 27.00%
Run 07:
Highest Train: 100.00
Highest Valid: 41.67
Highest Test: 35.30
Chosen epoch: 158
Final Train: 100.00
Final Test: 27.00
train:torch.Size([12]), valid:torch.Size([500]), test:torch.Size([1000])
Matched-budget validation: 12 valid nodes
Pre-training MLP for 500 epochs to generate co-occurrence matrix...
MLP pre-training complete. Penalty matrix frozen.
Epoch: 00, Loss: 2.6873, Train: 33.33%, Valid: 33.33%, Test: 18.30%, Best Valid: 33.33%, Best Test: 18.30%
Switching Polynormer to global attention phase.
Epoch: 100, Loss: 2.6261, Train: 16.67%, Valid: 16.67%, Test: 21.40%, Best Valid: 33.33%, Best Test: 18.30%
Epoch: 200, Loss: 0.0010, Train: 100.00%, Valid: 25.00%, Test: 22.60%, Best Valid: 50.00%, Best Test: 25.90%
Epoch: 300, Loss: 0.0004, Train: 100.00%, Valid: 25.00%, Test: 30.20%, Best Valid: 50.00%, Best Test: 25.90%
Epoch: 400, Loss: 0.2716, Train: 100.00%, Valid: 25.00%, Test: 25.00%, Best Valid: 58.33%, Best Test: 40.60%
Epoch: 500, Loss: 0.1007, Train: 100.00%, Valid: 25.00%, Test: 31.20%, Best Valid: 58.33%, Best Test: 40.60%
Epoch: 600, Loss: 0.0000, Train: 100.00%, Valid: 25.00%, Test: 25.80%, Best Valid: 58.33%, Best Test: 40.60%
Epoch: 700, Loss: 0.0000, Train: 100.00%, Valid: 25.00%, Test: 31.40%, Best Valid: 58.33%, Best Test: 40.60%
Epoch: 800, Loss: 0.0000, Train: 100.00%, Valid: 33.33%, Test: 26.90%, Best Valid: 58.33%, Best Test: 40.60%
Epoch: 900, Loss: 0.0000, Train: 100.00%, Valid: 25.00%, Test: 31.80%, Best Valid: 66.67%, Best Test: 45.20%
Epoch: 1000, Loss: 0.0000, Train: 100.00%, Valid: 16.67%, Test: 21.50%, Best Valid: 66.67%, Best Test: 45.20%
Run 08:
Highest Train: 100.00
Highest Valid: 66.67
Highest Test: 47.30
Chosen epoch: 879
Final Train: 100.00
Final Test: 45.20
train:torch.Size([12]), valid:torch.Size([500]), test:torch.Size([1000])
Matched-budget validation: 12 valid nodes
Pre-training MLP for 500 epochs to generate co-occurrence matrix...
MLP pre-training complete. Penalty matrix frozen.
Epoch: 00, Loss: 2.2939, Train: 25.00%, Valid: 8.33%, Test: 18.20%, Best Valid: 8.33%, Best Test: 18.20%
Switching Polynormer to global attention phase.
Epoch: 100, Loss: 2.5011, Train: 16.67%, Valid: 16.67%, Test: 20.90%, Best Valid: 41.67%, Best Test: 30.00%
Epoch: 200, Loss: 0.3115, Train: 100.00%, Valid: 16.67%, Test: 21.80%, Best Valid: 41.67%, Best Test: 30.00%
Epoch: 300, Loss: 0.0001, Train: 100.00%, Valid: 41.67%, Test: 36.50%, Best Valid: 50.00%, Best Test: 39.70%
Epoch: 400, Loss: 0.0000, Train: 100.00%, Valid: 33.33%, Test: 36.60%, Best Valid: 50.00%, Best Test: 39.70%
Epoch: 500, Loss: 0.0003, Train: 100.00%, Valid: 41.67%, Test: 34.10%, Best Valid: 58.33%, Best Test: 42.70%
Epoch: 600, Loss: 0.0000, Train: 100.00%, Valid: 25.00%, Test: 35.00%, Best Valid: 58.33%, Best Test: 42.70%
Epoch: 700, Loss: 0.6427, Train: 100.00%, Valid: 25.00%, Test: 30.30%, Best Valid: 58.33%, Best Test: 42.70%
Epoch: 800, Loss: 0.0004, Train: 100.00%, Valid: 33.33%, Test: 34.50%, Best Valid: 58.33%, Best Test: 42.70%
Epoch: 900, Loss: 0.0000, Train: 100.00%, Valid: 25.00%, Test: 36.90%, Best Valid: 58.33%, Best Test: 42.70%
Epoch: 1000, Loss: 0.0000, Train: 100.00%, Valid: 50.00%, Test: 42.40%, Best Valid: 58.33%, Best Test: 42.70%
Run 09:
Highest Train: 100.00
Highest Valid: 58.33
Highest Test: 43.90
Chosen epoch: 448
Final Train: 100.00
Final Test: 42.70
train:torch.Size([12]), valid:torch.Size([500]), test:torch.Size([1000])
Matched-budget validation: 12 valid nodes
Pre-training MLP for 500 epochs to generate co-occurrence matrix...
MLP pre-training complete. Penalty matrix frozen.
Epoch: 00, Loss: 3.6480, Train: 25.00%, Valid: 16.67%, Test: 18.30%, Best Valid: 16.67%, Best Test: 18.30%
Switching Polynormer to global attention phase.
Epoch: 100, Loss: 2.5379, Train: 16.67%, Valid: 16.67%, Test: 20.60%, Best Valid: 33.33%, Best Test: 27.10%
Epoch: 200, Loss: 0.0822, Train: 100.00%, Valid: 50.00%, Test: 37.20%, Best Valid: 50.00%, Best Test: 35.90%
Epoch: 300, Loss: 0.0000, Train: 100.00%, Valid: 16.67%, Test: 27.90%, Best Valid: 50.00%, Best Test: 35.90%
Epoch: 400, Loss: 0.5137, Train: 100.00%, Valid: 25.00%, Test: 32.50%, Best Valid: 58.33%, Best Test: 34.10%
Epoch: 500, Loss: 0.0003, Train: 100.00%, Valid: 8.33%, Test: 33.20%, Best Valid: 58.33%, Best Test: 34.10%
Epoch: 600, Loss: 0.0000, Train: 100.00%, Valid: 33.33%, Test: 34.50%, Best Valid: 58.33%, Best Test: 34.10%
Epoch: 700, Loss: 0.0000, Train: 100.00%, Valid: 25.00%, Test: 34.00%, Best Valid: 58.33%, Best Test: 34.10%
Epoch: 800, Loss: 0.0000, Train: 100.00%, Valid: 33.33%, Test: 33.40%, Best Valid: 58.33%, Best Test: 34.10%
Epoch: 900, Loss: 0.0000, Train: 100.00%, Valid: 33.33%, Test: 34.00%, Best Valid: 58.33%, Best Test: 34.10%
Epoch: 1000, Loss: 0.0000, Train: 100.00%, Valid: 33.33%, Test: 34.50%, Best Valid: 58.33%, Best Test: 34.10%
Run 10:
Highest Train: 100.00
Highest Valid: 58.33
Highest Test: 41.60
Chosen epoch: 313
Final Train: 100.00
Final Test: 34.10
All runs:
Highest Train: 100.00 ± 0.00
Highest Test: 43.59 ± 7.25
Highest Valid: 53.33 ± 9.78
  Final Train: 85.00 ± 31.62
   Final Test: 33.06 ± 12.12
Saving results to ../results/lowlabel_mv/citeseer/polynormer.csv
--- mlp_reg | lambda=0.8 ---
Namespace(aggregate='add', alpha=0.5, attention='gcn', beta=-1.0, bn=False, budget_tag='2', count_reg=False, count_smoothing=1.0, cpu=False, data_dir='../data/', dataset='citeseer', device=0, dim_inner=64, display_step=100, dropout=0.5, epochs=500, global_dropout=None, global_epochs=1000, global_layers=2, gnn='gcn', graph_weight=0.8, hidden_channels=64, hops=10, in_dropout=0.2, jk=False, label_num_per_class=2, lambda_val=0.8, layers=1, ln=False, local_epochs=100, local_gnn_type='GCN', local_layers=7, lr=0.001, metric='acc', mlp_epochs=500, mlp_reg=True, model='polynormer', model_dir='models/lowlabel_mv_1178247_13', n_heads=8, num_centroids=4096, num_heads=8, oracle_reg=False, paired_seeds=True, pe_types='RWSE', penalty_transform='none', pre_linear=False, pre_ln=False, rand_split=False, rand_split_class=True, reg_start_epoch=10, reg_update_freq=5, res=False, resample_split_per_run=True, result_dir='../results/lowlabel_mv', runs=10, save_model=True, save_result=False, seed=123, test_num=1000, tr_dropout=None, tr_layers=1, tr_weight_decay=None, train_per_class=0, train_prop=0.5, use_act=False, use_bn=False, use_graph=False, use_reg=True, use_residual=False, use_weight=False, valid_num=500, valid_per_class=2, valid_prop=0.25, weight_decay=0.0005)
citeseer
Num nodes: 3327
train:torch.Size([12]), valid:torch.Size([500]), test:torch.Size([1000])
dataset citeseer | num nodes 3327 | num edge 9104 | num node feats 3703 | num classes 6
MODEL: Polynormer(
  (h_lins): ModuleList(
    (0): Linear(in_features=512, out_features=512, bias=True)
    (1): Linear(in_features=512, out_features=512, bias=True)
    (2): Linear(in_features=512, out_features=512, bias=True)
    (3): Linear(in_features=512, out_features=512, bias=True)
    (4): Linear(in_features=512, out_features=512, bias=True)
    (5): Linear(in_features=512, out_features=512, bias=True)
    (6): Linear(in_features=512, out_features=512, bias=True)
  )
  (local_convs): ModuleList(
    (0): GATConv(512, 64, heads=8)
    (1): GATConv(512, 64, heads=8)
    (2): GATConv(512, 64, heads=8)
    (3): GATConv(512, 64, heads=8)
    (4): GATConv(512, 64, heads=8)
    (5): GATConv(512, 64, heads=8)
    (6): GATConv(512, 64, heads=8)
  )
  (lins): ModuleList(
    (0): Linear(in_features=512, out_features=512, bias=True)
    (1): Linear(in_features=512, out_features=512, bias=True)
    (2): Linear(in_features=512, out_features=512, bias=True)
    (3): Linear(in_features=512, out_features=512, bias=True)
    (4): Linear(in_features=512, out_features=512, bias=True)
    (5): Linear(in_features=512, out_features=512, bias=True)
    (6): Linear(in_features=512, out_features=512, bias=True)
  )
  (lns): ModuleList(
    (0): LayerNorm((512,), eps=1e-05, elementwise_affine=True)
    (1): LayerNorm((512,), eps=1e-05, elementwise_affine=True)
    (2): LayerNorm((512,), eps=1e-05, elementwise_affine=True)
    (3): LayerNorm((512,), eps=1e-05, elementwise_affine=True)
    (4): LayerNorm((512,), eps=1e-05, elementwise_affine=True)
    (5): LayerNorm((512,), eps=1e-05, elementwise_affine=True)
    (6): LayerNorm((512,), eps=1e-05, elementwise_affine=True)
  )
  (lin_in): Linear(in_features=3703, out_features=512, bias=True)
  (ln): LayerNorm((512,), eps=1e-05, elementwise_affine=True)
  (global_attn): GlobalAttn(
    (h_lins): ModuleList(
      (0): Linear(in_features=512, out_features=512, bias=True)
      (1): Linear(in_features=512, out_features=512, bias=True)
    )
    (k_lins): ModuleList(
      (0): Linear(in_features=512, out_features=512, bias=True)
      (1): Linear(in_features=512, out_features=512, bias=True)
    )
    (v_lins): ModuleList(
      (0): Linear(in_features=512, out_features=512, bias=True)
      (1): Linear(in_features=512, out_features=512, bias=True)
    )
    (lns): ModuleList(
      (0): LayerNorm((512,), eps=1e-05, elementwise_affine=True)
      (1): LayerNorm((512,), eps=1e-05, elementwise_affine=True)
    )
    (lin_out): Linear(in_features=512, out_features=512, bias=True)
  )
  (pred_local): Linear(in_features=512, out_features=6, bias=True)
  (pred_global): Linear(in_features=512, out_features=6, bias=True)
)
train:torch.Size([12]), valid:torch.Size([500]), test:torch.Size([1000])
Matched-budget validation: 12 valid nodes
Pre-training MLP for 500 epochs to generate co-occurrence matrix...
MLP pre-training complete. Penalty matrix frozen.
Epoch: 00, Loss: 3.8330, Train: 41.67%, Valid: 0.00%, Test: 17.40%, Best Valid: 0.00%, Best Test: 17.40%
Switching Polynormer to global attention phase.
Epoch: 100, Loss: 3.2927, Train: 16.67%, Valid: 16.67%, Test: 17.40%, Best Valid: 33.33%, Best Test: 18.10%
Epoch: 200, Loss: 0.0225, Train: 100.00%, Valid: 16.67%, Test: 37.40%, Best Valid: 33.33%, Best Test: 18.10%
Epoch: 300, Loss: 0.0002, Train: 100.00%, Valid: 33.33%, Test: 38.90%, Best Valid: 41.67%, Best Test: 40.30%
Epoch: 400, Loss: 0.0000, Train: 100.00%, Valid: 16.67%, Test: 26.20%, Best Valid: 41.67%, Best Test: 40.30%
Epoch: 500, Loss: 0.0000, Train: 100.00%, Valid: 33.33%, Test: 40.80%, Best Valid: 41.67%, Best Test: 40.30%
Epoch: 600, Loss: 0.0000, Train: 100.00%, Valid: 25.00%, Test: 46.80%, Best Valid: 41.67%, Best Test: 40.30%
Epoch: 700, Loss: 0.0000, Train: 100.00%, Valid: 25.00%, Test: 39.50%, Best Valid: 41.67%, Best Test: 40.30%
Epoch: 800, Loss: 0.0000, Train: 100.00%, Valid: 25.00%, Test: 38.40%, Best Valid: 41.67%, Best Test: 40.30%
Epoch: 900, Loss: 0.0103, Train: 100.00%, Valid: 16.67%, Test: 28.00%, Best Valid: 41.67%, Best Test: 40.30%
Epoch: 1000, Loss: 0.0001, Train: 100.00%, Valid: 16.67%, Test: 31.60%, Best Valid: 41.67%, Best Test: 40.30%
Run 01:
Highest Train: 100.00
Highest Valid: 41.67
Highest Test: 48.60
Chosen epoch: 280
Final Train: 100.00
Final Test: 40.30
train:torch.Size([12]), valid:torch.Size([500]), test:torch.Size([1000])
Matched-budget validation: 12 valid nodes
Pre-training MLP for 500 epochs to generate co-occurrence matrix...
MLP pre-training complete. Penalty matrix frozen.
Epoch: 00, Loss: 3.7641, Train: 16.67%, Valid: 0.00%, Test: 17.30%, Best Valid: 0.00%, Best Test: 17.30%
Switching Polynormer to global attention phase.
Epoch: 100, Loss: 3.2252, Train: 16.67%, Valid: 16.67%, Test: 7.50%, Best Valid: 33.33%, Best Test: 37.10%
Epoch: 200, Loss: 0.0139, Train: 100.00%, Valid: 33.33%, Test: 33.30%, Best Valid: 33.33%, Best Test: 37.10%
Epoch: 300, Loss: 0.0140, Train: 100.00%, Valid: 16.67%, Test: 29.30%, Best Valid: 33.33%, Best Test: 37.10%
Epoch: 400, Loss: 0.0000, Train: 100.00%, Valid: 8.33%, Test: 18.80%, Best Valid: 33.33%, Best Test: 37.10%
Epoch: 500, Loss: 0.0000, Train: 100.00%, Valid: 16.67%, Test: 32.50%, Best Valid: 33.33%, Best Test: 37.10%
Epoch: 600, Loss: 0.0000, Train: 100.00%, Valid: 8.33%, Test: 17.40%, Best Valid: 33.33%, Best Test: 37.10%
Epoch: 700, Loss: 0.0000, Train: 100.00%, Valid: 8.33%, Test: 18.80%, Best Valid: 33.33%, Best Test: 37.10%
Epoch: 800, Loss: 0.0000, Train: 100.00%, Valid: 8.33%, Test: 19.40%, Best Valid: 33.33%, Best Test: 37.10%
Epoch: 900, Loss: 0.0000, Train: 100.00%, Valid: 8.33%, Test: 20.20%, Best Valid: 33.33%, Best Test: 37.10%
Epoch: 1000, Loss: 0.0000, Train: 100.00%, Valid: 8.33%, Test: 21.40%, Best Valid: 33.33%, Best Test: 37.10%
Run 02:
Highest Train: 100.00
Highest Valid: 33.33
Highest Test: 38.10
Chosen epoch: 60
Final Train: 100.00
Final Test: 37.10
train:torch.Size([12]), valid:torch.Size([500]), test:torch.Size([1000])
Matched-budget validation: 12 valid nodes
Pre-training MLP for 500 epochs to generate co-occurrence matrix...
MLP pre-training complete. Penalty matrix frozen.
Epoch: 00, Loss: 4.5425, Train: 33.33%, Valid: 16.67%, Test: 15.10%, Best Valid: 16.67%, Best Test: 15.10%
Switching Polynormer to global attention phase.
Epoch: 100, Loss: 3.2252, Train: 16.67%, Valid: 16.67%, Test: 8.80%, Best Valid: 50.00%, Best Test: 36.00%
Epoch: 200, Loss: 0.4059, Train: 100.00%, Valid: 33.33%, Test: 14.50%, Best Valid: 50.00%, Best Test: 36.00%
Epoch: 300, Loss: 0.0021, Train: 100.00%, Valid: 25.00%, Test: 16.70%, Best Valid: 50.00%, Best Test: 36.00%
Epoch: 400, Loss: 0.3682, Train: 100.00%, Valid: 33.33%, Test: 14.60%, Best Valid: 50.00%, Best Test: 36.00%
Epoch: 500, Loss: 0.0000, Train: 100.00%, Valid: 25.00%, Test: 12.80%, Best Valid: 50.00%, Best Test: 36.00%
Epoch: 600, Loss: 0.0000, Train: 100.00%, Valid: 25.00%, Test: 12.70%, Best Valid: 50.00%, Best Test: 36.00%
Epoch: 700, Loss: 0.0000, Train: 100.00%, Valid: 25.00%, Test: 13.00%, Best Valid: 50.00%, Best Test: 36.00%
Epoch: 800, Loss: 0.0000, Train: 100.00%, Valid: 25.00%, Test: 13.60%, Best Valid: 50.00%, Best Test: 36.00%
Epoch: 900, Loss: 0.0000, Train: 100.00%, Valid: 25.00%, Test: 14.30%, Best Valid: 50.00%, Best Test: 36.00%
Epoch: 1000, Loss: 0.0000, Train: 100.00%, Valid: 25.00%, Test: 14.70%, Best Valid: 50.00%, Best Test: 36.00%
Run 03:
Highest Train: 100.00
Highest Valid: 50.00
Highest Test: 39.40
Chosen epoch: 92
Final Train: 100.00
Final Test: 36.00
train:torch.Size([12]), valid:torch.Size([500]), test:torch.Size([1000])
Matched-budget validation: 12 valid nodes
Pre-training MLP for 500 epochs to generate co-occurrence matrix...
MLP pre-training complete. Penalty matrix frozen.
Epoch: 00, Loss: 4.3334, Train: 25.00%, Valid: 33.33%, Test: 17.10%, Best Valid: 33.33%, Best Test: 17.10%
Switching Polynormer to global attention phase.
Epoch: 100, Loss: 3.2252, Train: 16.67%, Valid: 16.67%, Test: 19.00%, Best Valid: 41.67%, Best Test: 44.80%
Epoch: 200, Loss: 0.7683, Train: 100.00%, Valid: 16.67%, Test: 20.40%, Best Valid: 41.67%, Best Test: 44.80%
Epoch: 300, Loss: 0.2307, Train: 100.00%, Valid: 8.33%, Test: 20.90%, Best Valid: 41.67%, Best Test: 44.80%
Epoch: 400, Loss: 0.0001, Train: 100.00%, Valid: 8.33%, Test: 21.30%, Best Valid: 41.67%, Best Test: 44.80%
Epoch: 500, Loss: 0.0010, Train: 100.00%, Valid: 8.33%, Test: 20.50%, Best Valid: 41.67%, Best Test: 44.80%
Epoch: 600, Loss: 0.0000, Train: 100.00%, Valid: 8.33%, Test: 20.60%, Best Valid: 41.67%, Best Test: 44.80%
Epoch: 700, Loss: 0.0000, Train: 100.00%, Valid: 8.33%, Test: 20.60%, Best Valid: 41.67%, Best Test: 44.80%
Epoch: 800, Loss: 0.0003, Train: 100.00%, Valid: 8.33%, Test: 20.80%, Best Valid: 41.67%, Best Test: 44.80%
Epoch: 900, Loss: 0.0003, Train: 100.00%, Valid: 8.33%, Test: 20.90%, Best Valid: 41.67%, Best Test: 44.80%
Epoch: 1000, Loss: 0.0000, Train: 100.00%, Valid: 8.33%, Test: 21.40%, Best Valid: 41.67%, Best Test: 44.80%
Run 04:
Highest Train: 100.00
Highest Valid: 41.67
Highest Test: 46.70
Chosen epoch: 25
Final Train: 100.00
Final Test: 44.80
train:torch.Size([12]), valid:torch.Size([500]), test:torch.Size([1000])
Matched-budget validation: 12 valid nodes
Pre-training MLP for 500 epochs to generate co-occurrence matrix...
MLP pre-training complete. Penalty matrix frozen.
Epoch: 00, Loss: 3.5862, Train: 25.00%, Valid: 16.67%, Test: 14.90%, Best Valid: 16.67%, Best Test: 14.90%
Switching Polynormer to global attention phase.
Epoch: 100, Loss: 3.2252, Train: 16.67%, Valid: 16.67%, Test: 17.00%, Best Valid: 58.33%, Best Test: 50.50%
Epoch: 200, Loss: 1.3249, Train: 100.00%, Valid: 25.00%, Test: 44.40%, Best Valid: 58.33%, Best Test: 50.50%
Epoch: 300, Loss: 0.0000, Train: 100.00%, Valid: 41.67%, Test: 42.40%, Best Valid: 58.33%, Best Test: 50.50%
Epoch: 400, Loss: 0.0001, Train: 100.00%, Valid: 33.33%, Test: 42.40%, Best Valid: 58.33%, Best Test: 50.50%
Epoch: 500, Loss: 0.0022, Train: 100.00%, Valid: 33.33%, Test: 46.50%, Best Valid: 58.33%, Best Test: 50.50%
Epoch: 600, Loss: 0.0222, Train: 100.00%, Valid: 33.33%, Test: 41.10%, Best Valid: 58.33%, Best Test: 50.50%
Epoch: 700, Loss: 0.0000, Train: 100.00%, Valid: 41.67%, Test: 45.30%, Best Valid: 58.33%, Best Test: 50.50%
Epoch: 800, Loss: 0.0000, Train: 100.00%, Valid: 33.33%, Test: 34.80%, Best Valid: 58.33%, Best Test: 50.50%
Epoch: 900, Loss: 0.0000, Train: 100.00%, Valid: 25.00%, Test: 34.40%, Best Valid: 58.33%, Best Test: 50.50%
Epoch: 1000, Loss: 0.0000, Train: 100.00%, Valid: 41.67%, Test: 38.00%, Best Valid: 58.33%, Best Test: 50.50%
Run 05:
Highest Train: 100.00
Highest Valid: 58.33
Highest Test: 51.10
Chosen epoch: 78
Final Train: 100.00
Final Test: 50.50
train:torch.Size([12]), valid:torch.Size([500]), test:torch.Size([1000])
Matched-budget validation: 12 valid nodes
Pre-training MLP for 500 epochs to generate co-occurrence matrix...
MLP pre-training complete. Penalty matrix frozen.
Epoch: 00, Loss: 3.3117, Train: 25.00%, Valid: 16.67%, Test: 12.40%, Best Valid: 16.67%, Best Test: 12.40%
Switching Polynormer to global attention phase.
Epoch: 100, Loss: 3.2266, Train: 16.67%, Valid: 16.67%, Test: 8.20%, Best Valid: 33.33%, Best Test: 28.60%
Epoch: 200, Loss: 1.3917, Train: 100.00%, Valid: 25.00%, Test: 21.90%, Best Valid: 33.33%, Best Test: 28.60%
Epoch: 300, Loss: 0.0057, Train: 100.00%, Valid: 33.33%, Test: 31.60%, Best Valid: 33.33%, Best Test: 28.60%
Epoch: 400, Loss: 0.0000, Train: 100.00%, Valid: 25.00%, Test: 23.40%, Best Valid: 33.33%, Best Test: 28.60%
Epoch: 500, Loss: 0.0000, Train: 100.00%, Valid: 25.00%, Test: 26.20%, Best Valid: 33.33%, Best Test: 28.60%
Epoch: 600, Loss: 0.0000, Train: 100.00%, Valid: 25.00%, Test: 22.40%, Best Valid: 33.33%, Best Test: 28.60%
Epoch: 700, Loss: 0.0000, Train: 100.00%, Valid: 25.00%, Test: 22.40%, Best Valid: 33.33%, Best Test: 28.60%
Epoch: 800, Loss: 0.0000, Train: 100.00%, Valid: 25.00%, Test: 23.50%, Best Valid: 33.33%, Best Test: 28.60%
Epoch: 900, Loss: 0.0000, Train: 100.00%, Valid: 33.33%, Test: 25.60%, Best Valid: 41.67%, Best Test: 26.30%
Epoch: 1000, Loss: 0.8203, Train: 100.00%, Valid: 25.00%, Test: 29.50%, Best Valid: 41.67%, Best Test: 26.30%
Run 06:
Highest Train: 100.00
Highest Valid: 50.00
Highest Test: 34.40
Chosen epoch: 1039
Final Train: 100.00
Final Test: 31.30
train:torch.Size([12]), valid:torch.Size([500]), test:torch.Size([1000])
Matched-budget validation: 12 valid nodes
Pre-training MLP for 500 epochs to generate co-occurrence matrix...
MLP pre-training complete. Penalty matrix frozen.
Epoch: 00, Loss: 4.5734, Train: 33.33%, Valid: 8.33%, Test: 18.10%, Best Valid: 8.33%, Best Test: 18.10%
Switching Polynormer to global attention phase.
Epoch: 100, Loss: 3.2217, Train: 16.67%, Valid: 16.67%, Test: 18.70%, Best Valid: 33.33%, Best Test: 24.10%
Epoch: 200, Loss: 0.9235, Train: 91.67%, Valid: 25.00%, Test: 21.60%, Best Valid: 33.33%, Best Test: 24.10%
Epoch: 300, Loss: 0.0039, Train: 100.00%, Valid: 25.00%, Test: 21.90%, Best Valid: 33.33%, Best Test: 24.10%
Epoch: 400, Loss: 0.0011, Train: 100.00%, Valid: 25.00%, Test: 25.20%, Best Valid: 33.33%, Best Test: 24.10%
Epoch: 500, Loss: 0.0003, Train: 100.00%, Valid: 25.00%, Test: 23.40%, Best Valid: 33.33%, Best Test: 24.10%
Epoch: 600, Loss: 0.0000, Train: 100.00%, Valid: 25.00%, Test: 24.40%, Best Valid: 33.33%, Best Test: 24.10%
Epoch: 700, Loss: 0.0000, Train: 100.00%, Valid: 25.00%, Test: 26.00%, Best Valid: 33.33%, Best Test: 24.10%
Epoch: 800, Loss: 0.7333, Train: 100.00%, Valid: 25.00%, Test: 22.00%, Best Valid: 33.33%, Best Test: 24.10%
Epoch: 900, Loss: 0.0237, Train: 100.00%, Valid: 25.00%, Test: 22.60%, Best Valid: 33.33%, Best Test: 24.10%
Epoch: 1000, Loss: 0.0000, Train: 100.00%, Valid: 25.00%, Test: 25.30%, Best Valid: 33.33%, Best Test: 24.10%
Run 07:
Highest Train: 100.00
Highest Valid: 33.33
Highest Test: 33.30
Chosen epoch: 26
Final Train: 91.67
Final Test: 24.10
train:torch.Size([12]), valid:torch.Size([500]), test:torch.Size([1000])
Matched-budget validation: 12 valid nodes
Pre-training MLP for 500 epochs to generate co-occurrence matrix...
MLP pre-training complete. Penalty matrix frozen.
Epoch: 00, Loss: 3.4550, Train: 25.00%, Valid: 41.67%, Test: 17.80%, Best Valid: 41.67%, Best Test: 17.80%
Switching Polynormer to global attention phase.
Epoch: 100, Loss: 3.2252, Train: 16.67%, Valid: 16.67%, Test: 19.20%, Best Valid: 58.33%, Best Test: 37.40%
Epoch: 200, Loss: 0.1119, Train: 100.00%, Valid: 16.67%, Test: 12.00%, Best Valid: 58.33%, Best Test: 37.40%
Epoch: 300, Loss: 0.0000, Train: 100.00%, Valid: 16.67%, Test: 11.90%, Best Valid: 58.33%, Best Test: 37.40%
Epoch: 400, Loss: 0.0000, Train: 100.00%, Valid: 16.67%, Test: 13.30%, Best Valid: 58.33%, Best Test: 37.40%
Epoch: 500, Loss: 0.4295, Train: 100.00%, Valid: 25.00%, Test: 25.00%, Best Valid: 58.33%, Best Test: 37.40%
Epoch: 600, Loss: 0.0000, Train: 100.00%, Valid: 33.33%, Test: 27.60%, Best Valid: 58.33%, Best Test: 37.40%
Epoch: 700, Loss: 0.0000, Train: 100.00%, Valid: 33.33%, Test: 28.60%, Best Valid: 58.33%, Best Test: 37.40%
Epoch: 800, Loss: 0.0000, Train: 100.00%, Valid: 33.33%, Test: 29.70%, Best Valid: 58.33%, Best Test: 37.40%
Epoch: 900, Loss: 0.0000, Train: 100.00%, Valid: 33.33%, Test: 28.30%, Best Valid: 58.33%, Best Test: 37.40%
Epoch: 1000, Loss: 0.0000, Train: 100.00%, Valid: 33.33%, Test: 29.40%, Best Valid: 58.33%, Best Test: 37.40%
Run 08:
Highest Train: 100.00
Highest Valid: 58.33
Highest Test: 42.90
Chosen epoch: 62
Final Train: 100.00
Final Test: 37.40
train:torch.Size([12]), valid:torch.Size([500]), test:torch.Size([1000])
Matched-budget validation: 12 valid nodes
Pre-training MLP for 500 epochs to generate co-occurrence matrix...
MLP pre-training complete. Penalty matrix frozen.
Epoch: 00, Loss: 2.9493, Train: 25.00%, Valid: 8.33%, Test: 16.80%, Best Valid: 8.33%, Best Test: 16.80%
Switching Polynormer to global attention phase.
Epoch: 100, Loss: 3.1883, Train: 16.67%, Valid: 16.67%, Test: 20.90%, Best Valid: 50.00%, Best Test: 31.80%
Epoch: 200, Loss: 0.1006, Train: 100.00%, Valid: 16.67%, Test: 23.10%, Best Valid: 50.00%, Best Test: 31.80%
Epoch: 300, Loss: 0.2893, Train: 100.00%, Valid: 25.00%, Test: 29.00%, Best Valid: 50.00%, Best Test: 31.80%
Epoch: 400, Loss: 0.1015, Train: 100.00%, Valid: 33.33%, Test: 33.00%, Best Valid: 50.00%, Best Test: 31.80%
Epoch: 500, Loss: 0.0000, Train: 100.00%, Valid: 25.00%, Test: 17.20%, Best Valid: 50.00%, Best Test: 31.80%
Epoch: 600, Loss: 0.0000, Train: 100.00%, Valid: 16.67%, Test: 16.70%, Best Valid: 50.00%, Best Test: 31.80%
Epoch: 700, Loss: 0.0000, Train: 100.00%, Valid: 16.67%, Test: 19.50%, Best Valid: 50.00%, Best Test: 31.80%
Epoch: 800, Loss: 0.0001, Train: 100.00%, Valid: 16.67%, Test: 24.40%, Best Valid: 50.00%, Best Test: 31.80%
Epoch: 900, Loss: 0.0000, Train: 100.00%, Valid: 16.67%, Test: 23.10%, Best Valid: 50.00%, Best Test: 31.80%
Epoch: 1000, Loss: 0.0000, Train: 100.00%, Valid: 16.67%, Test: 24.00%, Best Valid: 50.00%, Best Test: 31.80%
Run 09:
Highest Train: 100.00
Highest Valid: 50.00
Highest Test: 41.50
Chosen epoch: 16
Final Train: 100.00
Final Test: 31.80
train:torch.Size([12]), valid:torch.Size([500]), test:torch.Size([1000])
Matched-budget validation: 12 valid nodes
Pre-training MLP for 500 epochs to generate co-occurrence matrix...
MLP pre-training complete. Penalty matrix frozen.
Epoch: 00, Loss: 4.6902, Train: 33.33%, Valid: 25.00%, Test: 18.30%, Best Valid: 25.00%, Best Test: 18.30%
Switching Polynormer to global attention phase.
Epoch: 100, Loss: 3.2644, Train: 16.67%, Valid: 16.67%, Test: 20.60%, Best Valid: 33.33%, Best Test: 25.30%
Epoch: 200, Loss: 0.4448, Train: 100.00%, Valid: 8.33%, Test: 29.20%, Best Valid: 33.33%, Best Test: 25.30%
Epoch: 300, Loss: 2.8670, Train: 100.00%, Valid: 16.67%, Test: 25.90%, Best Valid: 33.33%, Best Test: 25.30%
Epoch: 400, Loss: 0.0000, Train: 100.00%, Valid: 8.33%, Test: 22.10%, Best Valid: 33.33%, Best Test: 25.30%
Epoch: 500, Loss: 0.0054, Train: 100.00%, Valid: 16.67%, Test: 27.50%, Best Valid: 33.33%, Best Test: 25.30%
Epoch: 600, Loss: 0.0156, Train: 100.00%, Valid: 25.00%, Test: 33.60%, Best Valid: 33.33%, Best Test: 25.30%
Epoch: 700, Loss: 0.0000, Train: 100.00%, Valid: 16.67%, Test: 27.80%, Best Valid: 33.33%, Best Test: 25.30%
Epoch: 800, Loss: 0.0000, Train: 100.00%, Valid: 16.67%, Test: 27.10%, Best Valid: 33.33%, Best Test: 25.30%
Epoch: 900, Loss: 0.0002, Train: 100.00%, Valid: 16.67%, Test: 22.90%, Best Valid: 33.33%, Best Test: 25.30%
Epoch: 1000, Loss: 0.0000, Train: 100.00%, Valid: 16.67%, Test: 23.10%, Best Valid: 33.33%, Best Test: 25.30%
Run 10:
Highest Train: 100.00
Highest Valid: 33.33
Highest Test: 35.50
Chosen epoch: 4
Final Train: 66.67
Final Test: 25.30
All runs:
Highest Train: 100.00 ± 0.00
Highest Test: 41.15 ± 6.15
Highest Valid: 45.00 ± 9.78
  Final Train: 95.83 ± 10.58
   Final Test: 35.86 ± 8.20
Saving results to ../results/lowlabel_mv/citeseer/polynormer.csv
--- mlp_reg | lambda=1.6 ---
Namespace(aggregate='add', alpha=0.5, attention='gcn', beta=-1.0, bn=False, budget_tag='2', count_reg=False, count_smoothing=1.0, cpu=False, data_dir='../data/', dataset='citeseer', device=0, dim_inner=64, display_step=100, dropout=0.5, epochs=500, global_dropout=None, global_epochs=1000, global_layers=2, gnn='gcn', graph_weight=0.8, hidden_channels=64, hops=10, in_dropout=0.2, jk=False, label_num_per_class=2, lambda_val=1.6, layers=1, ln=False, local_epochs=100, local_gnn_type='GCN', local_layers=7, lr=0.001, metric='acc', mlp_epochs=500, mlp_reg=True, model='polynormer', model_dir='models/lowlabel_mv_1178247_13', n_heads=8, num_centroids=4096, num_heads=8, oracle_reg=False, paired_seeds=True, pe_types='RWSE', penalty_transform='none', pre_linear=False, pre_ln=False, rand_split=False, rand_split_class=True, reg_start_epoch=10, reg_update_freq=5, res=False, resample_split_per_run=True, result_dir='../results/lowlabel_mv', runs=10, save_model=True, save_result=False, seed=123, test_num=1000, tr_dropout=None, tr_layers=1, tr_weight_decay=None, train_per_class=0, train_prop=0.5, use_act=False, use_bn=False, use_graph=False, use_reg=True, use_residual=False, use_weight=False, valid_num=500, valid_per_class=2, valid_prop=0.25, weight_decay=0.0005)
citeseer
Num nodes: 3327
train:torch.Size([12]), valid:torch.Size([500]), test:torch.Size([1000])
dataset citeseer | num nodes 3327 | num edge 9104 | num node feats 3703 | num classes 6
MODEL: Polynormer(
  (h_lins): ModuleList(
    (0): Linear(in_features=512, out_features=512, bias=True)
    (1): Linear(in_features=512, out_features=512, bias=True)
    (2): Linear(in_features=512, out_features=512, bias=True)
    (3): Linear(in_features=512, out_features=512, bias=True)
    (4): Linear(in_features=512, out_features=512, bias=True)
    (5): Linear(in_features=512, out_features=512, bias=True)
    (6): Linear(in_features=512, out_features=512, bias=True)
  )
  (local_convs): ModuleList(
    (0): GATConv(512, 64, heads=8)
    (1): GATConv(512, 64, heads=8)
    (2): GATConv(512, 64, heads=8)
    (3): GATConv(512, 64, heads=8)
    (4): GATConv(512, 64, heads=8)
    (5): GATConv(512, 64, heads=8)
    (6): GATConv(512, 64, heads=8)
  )
  (lins): ModuleList(
    (0): Linear(in_features=512, out_features=512, bias=True)
    (1): Linear(in_features=512, out_features=512, bias=True)
    (2): Linear(in_features=512, out_features=512, bias=True)
    (3): Linear(in_features=512, out_features=512, bias=True)
    (4): Linear(in_features=512, out_features=512, bias=True)
    (5): Linear(in_features=512, out_features=512, bias=True)
    (6): Linear(in_features=512, out_features=512, bias=True)
  )
  (lns): ModuleList(
    (0): LayerNorm((512,), eps=1e-05, elementwise_affine=True)
    (1): LayerNorm((512,), eps=1e-05, elementwise_affine=True)
    (2): LayerNorm((512,), eps=1e-05, elementwise_affine=True)
    (3): LayerNorm((512,), eps=1e-05, elementwise_affine=True)
    (4): LayerNorm((512,), eps=1e-05, elementwise_affine=True)
    (5): LayerNorm((512,), eps=1e-05, elementwise_affine=True)
    (6): LayerNorm((512,), eps=1e-05, elementwise_affine=True)
  )
  (lin_in): Linear(in_features=3703, out_features=512, bias=True)
  (ln): LayerNorm((512,), eps=1e-05, elementwise_affine=True)
  (global_attn): GlobalAttn(
    (h_lins): ModuleList(
      (0): Linear(in_features=512, out_features=512, bias=True)
      (1): Linear(in_features=512, out_features=512, bias=True)
    )
    (k_lins): ModuleList(
      (0): Linear(in_features=512, out_features=512, bias=True)
      (1): Linear(in_features=512, out_features=512, bias=True)
    )
    (v_lins): ModuleList(
      (0): Linear(in_features=512, out_features=512, bias=True)
      (1): Linear(in_features=512, out_features=512, bias=True)
    )
    (lns): ModuleList(
      (0): LayerNorm((512,), eps=1e-05, elementwise_affine=True)
      (1): LayerNorm((512,), eps=1e-05, elementwise_affine=True)
    )
    (lin_out): Linear(in_features=512, out_features=512, bias=True)
  )
  (pred_local): Linear(in_features=512, out_features=6, bias=True)
  (pred_global): Linear(in_features=512, out_features=6, bias=True)
)
train:torch.Size([12]), valid:torch.Size([500]), test:torch.Size([1000])
Matched-budget validation: 12 valid nodes
Pre-training MLP for 500 epochs to generate co-occurrence matrix...
MLP pre-training complete. Penalty matrix frozen.
Epoch: 00, Loss: 5.5366, Train: 33.33%, Valid: 0.00%, Test: 17.40%, Best Valid: 0.00%, Best Test: 17.40%
Switching Polynormer to global attention phase.
Epoch: 100, Loss: 4.6835, Train: 16.67%, Valid: 16.67%, Test: 17.40%, Best Valid: 25.00%, Best Test: 17.10%
Epoch: 200, Loss: 0.0411, Train: 100.00%, Valid: 16.67%, Test: 19.00%, Best Valid: 25.00%, Best Test: 17.10%
Epoch: 300, Loss: 0.6650, Train: 100.00%, Valid: 16.67%, Test: 20.50%, Best Valid: 33.33%, Best Test: 31.80%
Epoch: 400, Loss: 0.0000, Train: 100.00%, Valid: 16.67%, Test: 26.50%, Best Valid: 33.33%, Best Test: 31.80%
Epoch: 500, Loss: 0.0000, Train: 100.00%, Valid: 16.67%, Test: 29.20%, Best Valid: 33.33%, Best Test: 31.80%
Epoch: 600, Loss: 0.0000, Train: 100.00%, Valid: 16.67%, Test: 20.80%, Best Valid: 33.33%, Best Test: 31.80%
Epoch: 700, Loss: 0.0000, Train: 100.00%, Valid: 16.67%, Test: 20.20%, Best Valid: 33.33%, Best Test: 31.80%
Epoch: 800, Loss: 0.0000, Train: 100.00%, Valid: 16.67%, Test: 24.40%, Best Valid: 33.33%, Best Test: 31.80%
Epoch: 900, Loss: 0.0001, Train: 100.00%, Valid: 16.67%, Test: 19.60%, Best Valid: 33.33%, Best Test: 31.80%
Epoch: 1000, Loss: 0.0000, Train: 100.00%, Valid: 16.67%, Test: 20.10%, Best Valid: 33.33%, Best Test: 31.80%
Run 01:
Highest Train: 100.00
Highest Valid: 33.33
Highest Test: 34.30
Chosen epoch: 206
Final Train: 100.00
Final Test: 31.80
train:torch.Size([12]), valid:torch.Size([500]), test:torch.Size([1000])
Matched-budget validation: 12 valid nodes
Pre-training MLP for 500 epochs to generate co-occurrence matrix...
MLP pre-training complete. Penalty matrix frozen.
Epoch: 00, Loss: 5.4370, Train: 16.67%, Valid: 8.33%, Test: 17.80%, Best Valid: 8.33%, Best Test: 17.80%
Switching Polynormer to global attention phase.
Epoch: 100, Loss: 4.6769, Train: 33.33%, Valid: 16.67%, Test: 7.90%, Best Valid: 33.33%, Best Test: 17.50%
Epoch: 200, Loss: 0.0713, Train: 100.00%, Valid: 16.67%, Test: 22.10%, Best Valid: 33.33%, Best Test: 17.50%
Epoch: 300, Loss: 0.0000, Train: 100.00%, Valid: 25.00%, Test: 28.10%, Best Valid: 33.33%, Best Test: 17.50%
Epoch: 400, Loss: 0.0000, Train: 100.00%, Valid: 16.67%, Test: 22.80%, Best Valid: 33.33%, Best Test: 17.50%
Epoch: 500, Loss: 0.0000, Train: 100.00%, Valid: 25.00%, Test: 21.90%, Best Valid: 33.33%, Best Test: 17.50%
Epoch: 600, Loss: 0.0000, Train: 100.00%, Valid: 16.67%, Test: 24.10%, Best Valid: 33.33%, Best Test: 17.50%
Epoch: 700, Loss: 0.1034, Train: 100.00%, Valid: 8.33%, Test: 23.70%, Best Valid: 33.33%, Best Test: 17.50%
Epoch: 800, Loss: 0.0021, Train: 100.00%, Valid: 16.67%, Test: 21.60%, Best Valid: 33.33%, Best Test: 17.50%
Epoch: 900, Loss: 0.0000, Train: 100.00%, Valid: 16.67%, Test: 21.80%, Best Valid: 33.33%, Best Test: 17.50%
Epoch: 1000, Loss: 0.0000, Train: 100.00%, Valid: 16.67%, Test: 22.00%, Best Valid: 33.33%, Best Test: 17.50%
Run 02:
Highest Train: 100.00
Highest Valid: 33.33
Highest Test: 37.70
Chosen epoch: 12
Final Train: 100.00
Final Test: 17.50
train:torch.Size([12]), valid:torch.Size([500]), test:torch.Size([1000])
Matched-budget validation: 12 valid nodes
Pre-training MLP for 500 epochs to generate co-occurrence matrix...
MLP pre-training complete. Penalty matrix frozen.
Epoch: 00, Loss: 6.5614, Train: 25.00%, Valid: 16.67%, Test: 16.20%, Best Valid: 16.67%, Best Test: 16.20%
Switching Polynormer to global attention phase.
Epoch: 100, Loss: 4.5898, Train: 16.67%, Valid: 16.67%, Test: 18.90%, Best Valid: 50.00%, Best Test: 25.10%
Epoch: 200, Loss: 0.0309, Train: 100.00%, Valid: 16.67%, Test: 10.50%, Best Valid: 50.00%, Best Test: 25.10%
Epoch: 300, Loss: 3.1272, Train: 100.00%, Valid: 25.00%, Test: 17.30%, Best Valid: 50.00%, Best Test: 25.10%
Epoch: 400, Loss: 0.1235, Train: 100.00%, Valid: 25.00%, Test: 11.60%, Best Valid: 50.00%, Best Test: 25.10%
Epoch: 500, Loss: 0.0000, Train: 100.00%, Valid: 25.00%, Test: 13.40%, Best Valid: 50.00%, Best Test: 25.10%
Epoch: 600, Loss: 0.0000, Train: 100.00%, Valid: 25.00%, Test: 13.70%, Best Valid: 50.00%, Best Test: 25.10%
Epoch: 700, Loss: 0.0000, Train: 100.00%, Valid: 25.00%, Test: 14.20%, Best Valid: 50.00%, Best Test: 25.10%
Epoch: 800, Loss: 0.0000, Train: 100.00%, Valid: 25.00%, Test: 14.80%, Best Valid: 50.00%, Best Test: 25.10%
Epoch: 900, Loss: 0.0000, Train: 100.00%, Valid: 33.33%, Test: 14.50%, Best Valid: 50.00%, Best Test: 25.10%
Epoch: 1000, Loss: 0.0000, Train: 100.00%, Valid: 25.00%, Test: 10.90%, Best Valid: 50.00%, Best Test: 25.10%
Run 03:
Highest Train: 100.00
Highest Valid: 50.00
Highest Test: 32.70
Chosen epoch: 11
Final Train: 100.00
Final Test: 25.10
train:torch.Size([12]), valid:torch.Size([500]), test:torch.Size([1000])
Matched-budget validation: 12 valid nodes
Pre-training MLP for 500 epochs to generate co-occurrence matrix...
MLP pre-training complete. Penalty matrix frozen.
Epoch: 00, Loss: 6.2594, Train: 16.67%, Valid: 25.00%, Test: 17.50%, Best Valid: 25.00%, Best Test: 17.50%
Switching Polynormer to global attention phase.
Epoch: 100, Loss: 4.6626, Train: 16.67%, Valid: 16.67%, Test: 19.00%, Best Valid: 33.33%, Best Test: 18.80%
Epoch: 200, Loss: 0.1677, Train: 100.00%, Valid: 16.67%, Test: 20.80%, Best Valid: 33.33%, Best Test: 18.80%
Epoch: 300, Loss: 0.0049, Train: 100.00%, Valid: 25.00%, Test: 13.40%, Best Valid: 33.33%, Best Test: 18.80%
Epoch: 400, Loss: 0.2749, Train: 100.00%, Valid: 8.33%, Test: 21.60%, Best Valid: 33.33%, Best Test: 18.80%
Epoch: 500, Loss: 6.7997, Train: 100.00%, Valid: 8.33%, Test: 20.70%, Best Valid: 33.33%, Best Test: 18.80%
Epoch: 600, Loss: 0.0000, Train: 100.00%, Valid: 25.00%, Test: 29.50%, Best Valid: 41.67%, Best Test: 34.60%
Epoch: 700, Loss: 0.2037, Train: 100.00%, Valid: 8.33%, Test: 20.30%, Best Valid: 41.67%, Best Test: 34.60%
Epoch: 800, Loss: 0.0000, Train: 100.00%, Valid: 8.33%, Test: 20.40%, Best Valid: 41.67%, Best Test: 34.60%
Epoch: 900, Loss: 0.0000, Train: 100.00%, Valid: 8.33%, Test: 20.20%, Best Valid: 41.67%, Best Test: 34.60%
Epoch: 1000, Loss: 0.0095, Train: 100.00%, Valid: 8.33%, Test: 21.20%, Best Valid: 41.67%, Best Test: 34.60%
Run 04:
Highest Train: 100.00
Highest Valid: 41.67
Highest Test: 35.00
Chosen epoch: 577
Final Train: 100.00
Final Test: 34.60
train:torch.Size([12]), valid:torch.Size([500]), test:torch.Size([1000])
Matched-budget validation: 12 valid nodes
Pre-training MLP for 500 epochs to generate co-occurrence matrix...
MLP pre-training complete. Penalty matrix frozen.
Epoch: 00, Loss: 5.1800, Train: 25.00%, Valid: 16.67%, Test: 14.80%, Best Valid: 16.67%, Best Test: 14.80%
Switching Polynormer to global attention phase.
Epoch: 100, Loss: 4.6824, Train: 16.67%, Valid: 25.00%, Test: 14.70%, Best Valid: 41.67%, Best Test: 26.00%
Epoch: 200, Loss: 1.6891, Train: 100.00%, Valid: 16.67%, Test: 42.40%, Best Valid: 41.67%, Best Test: 26.00%
Epoch: 300, Loss: 0.0000, Train: 100.00%, Valid: 41.67%, Test: 44.90%, Best Valid: 50.00%, Best Test: 46.60%
Epoch: 400, Loss: 0.0001, Train: 100.00%, Valid: 58.33%, Test: 47.10%, Best Valid: 58.33%, Best Test: 46.50%
Epoch: 500, Loss: 0.0000, Train: 100.00%, Valid: 50.00%, Test: 47.00%, Best Valid: 58.33%, Best Test: 46.50%
Epoch: 600, Loss: 0.0000, Train: 100.00%, Valid: 58.33%, Test: 47.60%, Best Valid: 58.33%, Best Test: 46.50%
Epoch: 700, Loss: 0.0001, Train: 100.00%, Valid: 50.00%, Test: 45.50%, Best Valid: 66.67%, Best Test: 49.50%
Epoch: 800, Loss: 1.1671, Train: 100.00%, Valid: 58.33%, Test: 43.50%, Best Valid: 66.67%, Best Test: 49.50%
Epoch: 900, Loss: 0.0000, Train: 100.00%, Valid: 50.00%, Test: 41.40%, Best Valid: 66.67%, Best Test: 49.50%
Epoch: 1000, Loss: 0.0000, Train: 100.00%, Valid: 50.00%, Test: 41.30%, Best Valid: 66.67%, Best Test: 49.50%
Run 05:
Highest Train: 100.00
Highest Valid: 66.67
Highest Test: 52.20
Chosen epoch: 698
Final Train: 100.00
Final Test: 49.50
train:torch.Size([12]), valid:torch.Size([500]), test:torch.Size([1000])
Matched-budget validation: 12 valid nodes
Pre-training MLP for 500 epochs to generate co-occurrence matrix...
MLP pre-training complete. Penalty matrix frozen.
Epoch: 00, Loss: 4.7836, Train: 25.00%, Valid: 8.33%, Test: 12.70%, Best Valid: 8.33%, Best Test: 12.70%
Switching Polynormer to global attention phase.
Epoch: 100, Loss: 4.6669, Train: 16.67%, Valid: 16.67%, Test: 8.20%, Best Valid: 33.33%, Best Test: 27.80%
Epoch: 200, Loss: 1.9384, Train: 91.67%, Valid: 16.67%, Test: 22.20%, Best Valid: 33.33%, Best Test: 27.80%
Epoch: 300, Loss: 0.0394, Train: 100.00%, Valid: 16.67%, Test: 22.00%, Best Valid: 41.67%, Best Test: 22.80%
Epoch: 400, Loss: 0.0010, Train: 100.00%, Valid: 25.00%, Test: 22.90%, Best Valid: 41.67%, Best Test: 22.80%
Epoch: 500, Loss: 0.0003, Train: 100.00%, Valid: 25.00%, Test: 22.30%, Best Valid: 41.67%, Best Test: 22.80%
Epoch: 600, Loss: 0.0000, Train: 100.00%, Valid: 16.67%, Test: 23.70%, Best Valid: 41.67%, Best Test: 22.80%
Epoch: 700, Loss: 0.0000, Train: 100.00%, Valid: 16.67%, Test: 23.10%, Best Valid: 41.67%, Best Test: 22.80%
Epoch: 800, Loss: 0.0000, Train: 100.00%, Valid: 25.00%, Test: 23.10%, Best Valid: 41.67%, Best Test: 22.80%
Epoch: 900, Loss: 5.5286, Train: 83.33%, Valid: 41.67%, Test: 28.20%, Best Valid: 41.67%, Best Test: 22.80%
Epoch: 1000, Loss: 0.0007, Train: 100.00%, Valid: 25.00%, Test: 25.60%, Best Valid: 41.67%, Best Test: 22.80%
Run 06:
Highest Train: 100.00
Highest Valid: 41.67
Highest Test: 34.20
Chosen epoch: 268
Final Train: 100.00
Final Test: 22.80
train:torch.Size([12]), valid:torch.Size([500]), test:torch.Size([1000])
Matched-budget validation: 12 valid nodes
Pre-training MLP for 500 epochs to generate co-occurrence matrix...
MLP pre-training complete. Penalty matrix frozen.
Epoch: 00, Loss: 6.6060, Train: 25.00%, Valid: 25.00%, Test: 19.10%, Best Valid: 25.00%, Best Test: 19.10%
Switching Polynormer to global attention phase.
Epoch: 100, Loss: 4.6978, Train: 16.67%, Valid: 16.67%, Test: 18.70%, Best Valid: 25.00%, Best Test: 19.10%
Epoch: 200, Loss: 0.1026, Train: 100.00%, Valid: 16.67%, Test: 21.80%, Best Valid: 25.00%, Best Test: 19.10%
Epoch: 300, Loss: 0.8957, Train: 91.67%, Valid: 25.00%, Test: 27.90%, Best Valid: 25.00%, Best Test: 19.10%
Epoch: 400, Loss: 0.0095, Train: 100.00%, Valid: 25.00%, Test: 21.80%, Best Valid: 25.00%, Best Test: 19.10%
Epoch: 500, Loss: 0.0002, Train: 100.00%, Valid: 25.00%, Test: 22.20%, Best Valid: 50.00%, Best Test: 29.40%
Epoch: 600, Loss: 0.0000, Train: 100.00%, Valid: 33.33%, Test: 21.50%, Best Valid: 50.00%, Best Test: 29.40%
Epoch: 700, Loss: 0.0000, Train: 100.00%, Valid: 25.00%, Test: 21.20%, Best Valid: 50.00%, Best Test: 29.40%
Epoch: 800, Loss: 0.0000, Train: 100.00%, Valid: 25.00%, Test: 21.90%, Best Valid: 50.00%, Best Test: 29.40%
Epoch: 900, Loss: 0.0000, Train: 100.00%, Valid: 25.00%, Test: 22.00%, Best Valid: 50.00%, Best Test: 29.40%
Epoch: 1000, Loss: 0.0000, Train: 100.00%, Valid: 25.00%, Test: 22.30%, Best Valid: 50.00%, Best Test: 29.40%
Run 07:
Highest Train: 100.00
Highest Valid: 50.00
Highest Test: 29.80
Chosen epoch: 473
Final Train: 100.00
Final Test: 29.40
train:torch.Size([12]), valid:torch.Size([500]), test:torch.Size([1000])
Matched-budget validation: 12 valid nodes
Pre-training MLP for 500 epochs to generate co-occurrence matrix...
MLP pre-training complete. Penalty matrix frozen.
Epoch: 00, Loss: 4.9906, Train: 25.00%, Valid: 33.33%, Test: 17.90%, Best Valid: 33.33%, Best Test: 17.90%
Switching Polynormer to global attention phase.
Epoch: 100, Loss: 4.6586, Train: 16.67%, Valid: 16.67%, Test: 19.20%, Best Valid: 41.67%, Best Test: 29.80%
Epoch: 200, Loss: 0.0319, Train: 100.00%, Valid: 16.67%, Test: 11.80%, Best Valid: 41.67%, Best Test: 29.80%
Epoch: 300, Loss: 0.0195, Train: 100.00%, Valid: 16.67%, Test: 16.90%, Best Valid: 41.67%, Best Test: 29.80%
Epoch: 400, Loss: 0.0000, Train: 100.00%, Valid: 16.67%, Test: 15.30%, Best Valid: 41.67%, Best Test: 29.80%
Epoch: 500, Loss: 0.0013, Train: 100.00%, Valid: 16.67%, Test: 15.80%, Best Valid: 41.67%, Best Test: 29.80%
Epoch: 600, Loss: 0.0000, Train: 100.00%, Valid: 25.00%, Test: 18.10%, Best Valid: 41.67%, Best Test: 29.80%
Epoch: 700, Loss: 0.0001, Train: 100.00%, Valid: 25.00%, Test: 18.60%, Best Valid: 41.67%, Best Test: 29.80%
Epoch: 800, Loss: 0.0000, Train: 100.00%, Valid: 25.00%, Test: 19.80%, Best Valid: 41.67%, Best Test: 29.80%
Epoch: 900, Loss: 0.0005, Train: 100.00%, Valid: 25.00%, Test: 20.90%, Best Valid: 41.67%, Best Test: 29.80%
Epoch: 1000, Loss: 0.0005, Train: 100.00%, Valid: 25.00%, Test: 20.70%, Best Valid: 41.67%, Best Test: 29.80%
Run 08:
Highest Train: 100.00
Highest Valid: 41.67
Highest Test: 34.60
Chosen epoch: 99
Final Train: 100.00
Final Test: 29.80
train:torch.Size([12]), valid:torch.Size([500]), test:torch.Size([1000])
Matched-budget validation: 12 valid nodes
Pre-training MLP for 500 epochs to generate co-occurrence matrix...
MLP pre-training complete. Penalty matrix frozen.
Epoch: 00, Loss: 4.2601, Train: 25.00%, Valid: 8.33%, Test: 18.40%, Best Valid: 8.33%, Best Test: 18.40%
Switching Polynormer to global attention phase.
Epoch: 100, Loss: 4.6166, Train: 16.67%, Valid: 16.67%, Test: 20.90%, Best Valid: 33.33%, Best Test: 16.80%
Epoch: 200, Loss: 0.0479, Train: 100.00%, Valid: 16.67%, Test: 23.10%, Best Valid: 33.33%, Best Test: 16.80%
Epoch: 300, Loss: 0.0000, Train: 100.00%, Valid: 16.67%, Test: 22.60%, Best Valid: 33.33%, Best Test: 16.80%
Epoch: 400, Loss: 0.0000, Train: 100.00%, Valid: 16.67%, Test: 22.60%, Best Valid: 33.33%, Best Test: 16.80%
Epoch: 500, Loss: 0.0000, Train: 100.00%, Valid: 25.00%, Test: 23.40%, Best Valid: 33.33%, Best Test: 16.80%
Epoch: 600, Loss: 0.0025, Train: 100.00%, Valid: 16.67%, Test: 21.90%, Best Valid: 33.33%, Best Test: 16.80%
Epoch: 700, Loss: 0.0003, Train: 100.00%, Valid: 16.67%, Test: 22.30%, Best Valid: 33.33%, Best Test: 16.80%
Epoch: 800, Loss: 0.0000, Train: 100.00%, Valid: 16.67%, Test: 26.80%, Best Valid: 33.33%, Best Test: 16.80%
Epoch: 900, Loss: 0.5006, Train: 100.00%, Valid: 16.67%, Test: 25.20%, Best Valid: 33.33%, Best Test: 16.80%
Epoch: 1000, Loss: 0.0001, Train: 100.00%, Valid: 16.67%, Test: 25.00%, Best Valid: 33.33%, Best Test: 16.80%
Run 09:
Highest Train: 100.00
Highest Valid: 33.33
Highest Test: 32.20
Chosen epoch: 4
Final Train: 41.67
Final Test: 16.80
train:torch.Size([12]), valid:torch.Size([500]), test:torch.Size([1000])
Matched-budget validation: 12 valid nodes
Pre-training MLP for 500 epochs to generate co-occurrence matrix...
MLP pre-training complete. Penalty matrix frozen.
Epoch: 00, Loss: 6.7748, Train: 41.67%, Valid: 25.00%, Test: 18.10%, Best Valid: 25.00%, Best Test: 18.10%
Switching Polynormer to global attention phase.
Epoch: 100, Loss: 4.7326, Train: 16.67%, Valid: 16.67%, Test: 20.60%, Best Valid: 25.00%, Best Test: 18.10%
Epoch: 200, Loss: 0.0002, Train: 100.00%, Valid: 8.33%, Test: 27.00%, Best Valid: 33.33%, Best Test: 13.70%
Epoch: 300, Loss: 4.7616, Train: 100.00%, Valid: 16.67%, Test: 33.70%, Best Valid: 50.00%, Best Test: 36.40%
Epoch: 400, Loss: 1.0800, Train: 100.00%, Valid: 16.67%, Test: 25.20%, Best Valid: 50.00%, Best Test: 36.40%
Epoch: 500, Loss: 0.1794, Train: 100.00%, Valid: 16.67%, Test: 22.80%, Best Valid: 50.00%, Best Test: 36.40%
Epoch: 600, Loss: 0.0000, Train: 100.00%, Valid: 8.33%, Test: 24.30%, Best Valid: 50.00%, Best Test: 36.40%
Epoch: 700, Loss: 0.0001, Train: 100.00%, Valid: 8.33%, Test: 26.10%, Best Valid: 50.00%, Best Test: 36.40%
Epoch: 800, Loss: 0.0000, Train: 100.00%, Valid: 8.33%, Test: 26.30%, Best Valid: 50.00%, Best Test: 36.40%
Epoch: 900, Loss: 0.0000, Train: 100.00%, Valid: 16.67%, Test: 26.10%, Best Valid: 50.00%, Best Test: 36.40%
Epoch: 1000, Loss: 0.0010, Train: 100.00%, Valid: 8.33%, Test: 25.80%, Best Valid: 50.00%, Best Test: 36.40%
Run 10:
Highest Train: 100.00
Highest Valid: 50.00
Highest Test: 43.10
Chosen epoch: 278
Final Train: 100.00
Final Test: 36.40
All runs:
Highest Train: 100.00 ± 0.00
Highest Test: 36.58 ± 6.54
Highest Valid: 44.17 ± 10.43
  Final Train: 94.17 ± 18.45
   Final Test: 29.37 ± 9.71
Saving results to ../results/lowlabel_mv/citeseer/polynormer.csv
Low-label sweep completed.
Task 13 done.
