Thu Aug  6 07:56:56 2026       
+-----------------------------------------------------------------------------------------+
| NVIDIA-SMI 580.159.04             Driver Version: 580.159.04     CUDA Version: 13.0     |
+-----------------------------------------+------------------------+----------------------+
| GPU  Name                 Persistence-M | Bus-Id          Disp.A | Volatile Uncorr. ECC |
| Fan  Temp   Perf          Pwr:Usage/Cap |           Memory-Usage | GPU-Util  Compute M. |
|                                         |                        |               MIG M. |
|=========================================+========================+======================|
|   0  NVIDIA A100-SXM4-80GB          On  |   00000000:01:00.0 Off |                   On |
| N/A   35C    P0            101W /  500W |     703MiB /  81920MiB |     N/A      Default |
|                                         |                        |              Enabled |
+-----------------------------------------+------------------------+----------------------+
|   1  NVIDIA A100-SXM4-80GB          On  |   00000000:41:00.0 Off |                   On |
| N/A   30C    P0             93W /  500W |     703MiB /  81920MiB |     N/A      Default |
|                                         |                        |              Enabled |
+-----------------------------------------+------------------------+----------------------+
|   2  NVIDIA A100-SXM4-80GB          On  |   00000000:81:00.0 Off |                   On |
| N/A   33C    P0            101W /  500W |     703MiB /  81920MiB |     N/A      Default |
|                                         |                        |              Enabled |
+-----------------------------------------+------------------------+----------------------+
|   3  NVIDIA A100-SXM4-80GB          On  |   00000000:C1:00.0 Off |                   On |
| N/A   30C    P0             53W /  500W |     249MiB /  81920MiB |     N/A      Default |
|                                         |                        |              Enabled |
+-----------------------------------------+------------------------+----------------------+

+-----------------------------------------------------------------------------------------+
| MIG devices:                                                                            |
+------------------+----------------------------------+-----------+-----------------------+
| GPU  GI  CI  MIG |              Shared Memory-Usage |        Vol|        Shared         |
|      ID  ID  Dev |                Shared BAR1-Usage | SM     Unc| CE ENC  DEC  OFA  JPG |
|                  |                                  |        ECC|                       |
|==================+==================================+===========+=======================|
|  3    5   0   0  |              71MiB / 19968MiB    | 28      0 |  2   0    1    0    0 |
|                  |               0MiB / 12271MiB    |           |                       |
+------------------+----------------------------------+-----------+-----------------------+

+-----------------------------------------------------------------------------------------+
| Processes:                                                                              |
|  GPU   GI   CI              PID   Type   Process name                        GPU Memory |
|        ID   ID                                                               Usage      |
|=========================================================================================|
|    0    5    0           485562      C   ...envs/torch-cuda-mm/bin/python        446MiB |
|    1    5    0           489774      C   ...envs/torch-cuda-mm/bin/python        446MiB |
|    2    3    0           484266      C   ...envs/torch-cuda-mm/bin/python        446MiB |
+-----------------------------------------------------------------------------------------+
Cell: amazon-computer / polynormer / budget 2 per class / group 1
python main.py --model polynormer --dataset amazon-computer --hidden_channels 64 --local_epochs 200 --global_epochs 1000 --lr 0.001 --runs 10 --local_layers 5 --global_layers 1 --weight_decay 5e-5 --dropout 0.7 --in_dropout 0.2 --num_heads 8 --save_model --device 0 --model_dir models/lowlabel_1161133_176 --train_per_class 2 --budget_tag 2
==========================================================
Low-label sweep: python main.py --model polynormer --dataset amazon-computer --hidden_channels 64 --local_epochs 200 --global_epochs 1000 --lr 0.001 --runs 10 --local_layers 5 --global_layers 1 --weight_decay 5e-5 --dropout 0.7 --in_dropout 0.2 --num_heads 8 --save_model --device 0 --model_dir models/lowlabel_1161133_176 --train_per_class 2 --budget_tag 2
result_dir=../results/lowlabel conditions=[count]
==========================================================
--- count_reg | lambda=0.01 ---
Namespace(aggregate='add', alpha=0.5, attention='gcn', beta=-1.0, bn=False, budget_tag='2', count_reg=True, count_smoothing=1.0, cpu=False, data_dir='../data/', dataset='amazon-computer', device=0, dim_inner=64, display_step=100, dropout=0.7, epochs=500, global_dropout=None, global_epochs=1000, global_layers=1, gnn='gcn', graph_weight=0.8, hidden_channels=64, hops=10, in_dropout=0.2, jk=False, label_num_per_class=20, lambda_val=0.01, layers=1, ln=False, local_epochs=200, local_gnn_type='GCN', local_layers=5, lr=0.001, metric='acc', mlp_epochs=500, mlp_reg=False, model='polynormer', model_dir='models/lowlabel_1161133_176', n_heads=8, num_centroids=4096, num_heads=8, oracle_reg=False, paired_seeds=True, pe_types='RWSE', penalty_transform='none', pre_linear=False, pre_ln=False, rand_split=False, rand_split_class=False, reg_start_epoch=10, reg_update_freq=5, res=False, resample_split_per_run=False, result_dir='../results/lowlabel', runs=10, save_model=True, save_result=False, seed=42, test_num=1000, tr_dropout=None, tr_layers=1, tr_weight_decay=None, train_per_class=2, train_prop=0.5, use_act=False, use_bn=False, use_graph=False, use_reg=True, use_residual=False, use_weight=False, valid_num=500, valid_per_class=0, valid_prop=0.25, weight_decay=5e-05)
amazon-computer
dataset amazon-computer | num nodes 13752 | num edge 491722 | num node feats 767 | num classes 10
MODEL: Polynormer(
  (h_lins): ModuleList(
    (0): Linear(in_features=512, out_features=512, bias=True)
    (1): Linear(in_features=512, out_features=512, bias=True)
    (2): Linear(in_features=512, out_features=512, bias=True)
    (3): Linear(in_features=512, out_features=512, bias=True)
    (4): Linear(in_features=512, out_features=512, bias=True)
  )
  (local_convs): ModuleList(
    (0): GATConv(512, 64, heads=8)
    (1): GATConv(512, 64, heads=8)
    (2): GATConv(512, 64, heads=8)
    (3): GATConv(512, 64, heads=8)
    (4): GATConv(512, 64, heads=8)
  )
  (lins): ModuleList(
    (0): Linear(in_features=512, out_features=512, bias=True)
    (1): Linear(in_features=512, out_features=512, bias=True)
    (2): Linear(in_features=512, out_features=512, bias=True)
    (3): Linear(in_features=512, out_features=512, bias=True)
    (4): Linear(in_features=512, out_features=512, bias=True)
  )
  (lns): ModuleList(
    (0): LayerNorm((512,), eps=1e-05, elementwise_affine=True)
    (1): LayerNorm((512,), eps=1e-05, elementwise_affine=True)
    (2): LayerNorm((512,), eps=1e-05, elementwise_affine=True)
    (3): LayerNorm((512,), eps=1e-05, elementwise_affine=True)
    (4): LayerNorm((512,), eps=1e-05, elementwise_affine=True)
  )
  (lin_in): Linear(in_features=767, out_features=512, bias=True)
  (ln): LayerNorm((512,), eps=1e-05, elementwise_affine=True)
  (global_attn): GlobalAttn(
    (h_lins): ModuleList(
      (0): Linear(in_features=512, out_features=512, bias=True)
    )
    (k_lins): ModuleList(
      (0): Linear(in_features=512, out_features=512, bias=True)
    )
    (v_lins): ModuleList(
      (0): Linear(in_features=512, out_features=512, bias=True)
    )
    (lns): ModuleList(
      (0): LayerNorm((512,), eps=1e-05, elementwise_affine=True)
    )
    (lin_out): Linear(in_features=512, out_features=512, bias=True)
  )
  (pred_local): Linear(in_features=512, out_features=10, bias=True)
  (pred_global): Linear(in_features=512, out_features=10, bias=True)
)
Label budget: 2/class -> 20 train nodes
Counting co-occurrence on train-train edges (leakage-free estimator)...
Count penalty frozen (0 train-train edges).
Epoch: 00, Loss: 2.7306, Train: 14.75%, Valid: 14.51%, Test: 14.58%, Best Valid: 14.51%, Best Test: 14.58%
Epoch: 100, Loss: 2.3563, Train: 2.18%, Valid: 2.29%, Test: 2.36%, Best Valid: 34.44%, Best Test: 37.26%
Switching Polynormer to global attention phase.
Epoch: 200, Loss: 2.3044, Train: 10.62%, Valid: 9.53%, Test: 10.03%, Best Valid: 36.18%, Best Test: 38.50%
Epoch: 300, Loss: 2.4683, Train: 15.79%, Valid: 16.33%, Test: 14.69%, Best Valid: 36.22%, Best Test: 38.53%
Epoch: 400, Loss: 2.1190, Train: 27.45%, Valid: 28.36%, Test: 27.15%, Best Valid: 36.73%, Best Test: 34.71%
Epoch: 500, Loss: 1.2348, Train: 16.35%, Valid: 16.98%, Test: 15.85%, Best Valid: 36.73%, Best Test: 34.71%
Epoch: 600, Loss: 0.6178, Train: 22.70%, Valid: 23.75%, Test: 22.10%, Best Valid: 40.62%, Best Test: 42.42%
Epoch: 700, Loss: 0.8705, Train: 27.50%, Valid: 27.67%, Test: 27.19%, Best Valid: 40.62%, Best Test: 42.42%
Epoch: 800, Loss: 0.0999, Train: 29.84%, Valid: 30.44%, Test: 29.12%, Best Valid: 40.62%, Best Test: 42.42%
Epoch: 900, Loss: 0.2660, Train: 31.16%, Valid: 30.98%, Test: 30.21%, Best Valid: 40.62%, Best Test: 42.42%
Epoch: 1000, Loss: 0.0292, Train: 28.55%, Valid: 28.87%, Test: 27.99%, Best Valid: 40.62%, Best Test: 42.42%
Epoch: 1100, Loss: 0.2899, Train: 27.09%, Valid: 28.40%, Test: 25.99%, Best Valid: 40.62%, Best Test: 42.42%
Run 01:
Highest Train: 42.24
Highest Valid: 43.05
Highest Test: 42.42
Chosen epoch: 1142
Final Train: 41.58
Final Test: 41.95
Label budget: 2/class -> 20 train nodes
Counting co-occurrence on train-train edges (leakage-free estimator)...
Count penalty frozen (2 train-train edges).
Epoch: 00, Loss: 2.5676, Train: 1.98%, Valid: 2.51%, Test: 2.14%, Best Valid: 2.51%, Best Test: 2.14%
Epoch: 100, Loss: 2.5017, Train: 3.10%, Valid: 3.13%, Test: 3.42%, Best Valid: 16.00%, Best Test: 15.38%
Switching Polynormer to global attention phase.
Epoch: 200, Loss: 2.3256, Train: 3.36%, Valid: 4.00%, Test: 3.64%, Best Valid: 16.65%, Best Test: 16.21%
Epoch: 300, Loss: 1.8725, Train: 10.71%, Valid: 9.67%, Test: 10.07%, Best Valid: 36.18%, Best Test: 38.53%
Epoch: 400, Loss: 0.9495, Train: 14.03%, Valid: 14.15%, Test: 13.92%, Best Valid: 36.18%, Best Test: 38.53%
Epoch: 500, Loss: 0.5349, Train: 33.92%, Valid: 34.69%, Test: 34.46%, Best Valid: 48.15%, Best Test: 48.27%
Epoch: 600, Loss: 0.4777, Train: 40.20%, Valid: 39.82%, Test: 40.71%, Best Valid: 48.15%, Best Test: 48.27%
Epoch: 700, Loss: 0.2167, Train: 34.92%, Valid: 36.51%, Test: 35.77%, Best Valid: 48.15%, Best Test: 48.27%
Epoch: 800, Loss: 0.1234, Train: 33.83%, Valid: 35.31%, Test: 35.51%, Best Valid: 49.49%, Best Test: 48.89%
Epoch: 900, Loss: 0.0671, Train: 42.23%, Valid: 42.84%, Test: 42.71%, Best Valid: 53.49%, Best Test: 53.94%
Epoch: 1000, Loss: 0.0793, Train: 41.76%, Valid: 43.49%, Test: 42.35%, Best Valid: 53.49%, Best Test: 53.94%
Epoch: 1100, Loss: 0.0067, Train: 38.04%, Valid: 38.69%, Test: 39.04%, Best Valid: 53.49%, Best Test: 53.94%
Run 02:
Highest Train: 53.69
Highest Valid: 55.27
Highest Test: 55.65
Chosen epoch: 1161
Final Train: 53.69
Final Test: 55.29
Label budget: 2/class -> 20 train nodes
Counting co-occurrence on train-train edges (leakage-free estimator)...
Count penalty frozen (0 train-train edges).
Epoch: 00, Loss: 2.6821, Train: 6.05%, Valid: 6.22%, Test: 5.34%, Best Valid: 6.22%, Best Test: 5.34%
Epoch: 100, Loss: 2.5210, Train: 2.18%, Valid: 2.29%, Test: 2.36%, Best Valid: 36.18%, Best Test: 38.53%
Switching Polynormer to global attention phase.
Epoch: 200, Loss: 2.3256, Train: 6.04%, Valid: 6.25%, Test: 5.38%, Best Valid: 37.16%, Best Test: 39.40%
Epoch: 300, Loss: 2.3287, Train: 3.10%, Valid: 3.13%, Test: 3.42%, Best Valid: 37.16%, Best Test: 39.40%
Epoch: 400, Loss: 2.0541, Train: 3.10%, Valid: 3.13%, Test: 3.42%, Best Valid: 37.16%, Best Test: 39.40%
Epoch: 500, Loss: 1.6342, Train: 11.56%, Valid: 11.13%, Test: 11.49%, Best Valid: 37.16%, Best Test: 39.40%
Epoch: 600, Loss: 0.8668, Train: 19.04%, Valid: 19.13%, Test: 17.92%, Best Valid: 37.67%, Best Test: 39.62%
Epoch: 700, Loss: 0.4826, Train: 43.52%, Valid: 41.82%, Test: 43.55%, Best Valid: 41.82%, Best Test: 43.55%
Epoch: 800, Loss: 0.0938, Train: 28.92%, Valid: 28.29%, Test: 28.10%, Best Valid: 43.60%, Best Test: 45.55%
Epoch: 900, Loss: 0.2254, Train: 18.74%, Valid: 19.13%, Test: 18.83%, Best Valid: 43.60%, Best Test: 45.55%
Epoch: 1000, Loss: 0.2119, Train: 25.65%, Valid: 26.25%, Test: 25.45%, Best Valid: 46.11%, Best Test: 46.75%
Epoch: 1100, Loss: 0.1597, Train: 38.41%, Valid: 36.87%, Test: 37.40%, Best Valid: 46.11%, Best Test: 46.75%
Run 03:
Highest Train: 47.99
Highest Valid: 46.11
Highest Test: 46.75
Chosen epoch: 970
Final Train: 47.99
Final Test: 46.75
Label budget: 2/class -> 20 train nodes
Counting co-occurrence on train-train edges (leakage-free estimator)...
Count penalty frozen (2 train-train edges).
Epoch: 00, Loss: 2.4104, Train: 3.76%, Valid: 3.64%, Test: 4.33%, Best Valid: 3.64%, Best Test: 4.33%
Epoch: 100, Loss: 2.3188, Train: 3.36%, Valid: 4.00%, Test: 3.64%, Best Valid: 16.33%, Best Test: 14.69%
Switching Polynormer to global attention phase.
Epoch: 200, Loss: 2.3256, Train: 2.18%, Valid: 2.29%, Test: 2.36%, Best Valid: 19.13%, Best Test: 17.96%
Epoch: 300, Loss: 2.1177, Train: 10.63%, Valid: 9.60%, Test: 10.11%, Best Valid: 36.25%, Best Test: 38.75%
Epoch: 400, Loss: 1.5003, Train: 6.75%, Valid: 7.05%, Test: 5.96%, Best Valid: 36.25%, Best Test: 38.75%
Epoch: 500, Loss: 0.9559, Train: 5.43%, Valid: 5.31%, Test: 5.56%, Best Valid: 36.25%, Best Test: 38.75%
Epoch: 600, Loss: 0.6892, Train: 12.28%, Valid: 13.53%, Test: 11.96%, Best Valid: 36.25%, Best Test: 38.75%
Epoch: 700, Loss: 0.6845, Train: 15.84%, Valid: 17.27%, Test: 16.18%, Best Valid: 36.25%, Best Test: 38.75%
Epoch: 800, Loss: 0.3022, Train: 25.49%, Valid: 27.20%, Test: 25.63%, Best Valid: 36.25%, Best Test: 38.75%
Epoch: 900, Loss: 0.4424, Train: 27.22%, Valid: 29.31%, Test: 27.37%, Best Valid: 37.85%, Best Test: 36.93%
Epoch: 1000, Loss: 0.4896, Train: 14.18%, Valid: 15.42%, Test: 13.63%, Best Valid: 47.71%, Best Test: 46.53%
Epoch: 1100, Loss: 0.1459, Train: 33.67%, Valid: 34.87%, Test: 33.91%, Best Valid: 47.71%, Best Test: 46.53%
Run 04:
Highest Train: 48.44
Highest Valid: 47.71
Highest Test: 47.51
Chosen epoch: 990
Final Train: 48.44
Final Test: 46.53
Label budget: 2/class -> 20 train nodes
Counting co-occurrence on train-train edges (leakage-free estimator)...
Count penalty frozen (0 train-train edges).
Epoch: 00, Loss: 2.6787, Train: 37.40%, Valid: 35.89%, Test: 38.17%, Best Valid: 35.89%, Best Test: 38.17%
Epoch: 100, Loss: 2.0549, Train: 15.50%, Valid: 16.00%, Test: 15.38%, Best Valid: 36.18%, Best Test: 38.53%
Switching Polynormer to global attention phase.
Epoch: 200, Loss: 2.3931, Train: 2.38%, Valid: 2.33%, Test: 2.76%, Best Valid: 36.18%, Best Test: 38.53%
Epoch: 300, Loss: 2.3627, Train: 10.62%, Valid: 9.53%, Test: 10.03%, Best Valid: 36.18%, Best Test: 38.53%
Epoch: 400, Loss: 2.1315, Train: 15.79%, Valid: 16.33%, Test: 14.69%, Best Valid: 36.18%, Best Test: 38.53%
Epoch: 500, Loss: 2.0697, Train: 3.36%, Valid: 4.00%, Test: 3.64%, Best Valid: 37.13%, Best Test: 38.97%
Epoch: 600, Loss: 2.0288, Train: 37.56%, Valid: 36.15%, Test: 38.53%, Best Valid: 37.13%, Best Test: 38.97%
Epoch: 700, Loss: 1.6387, Train: 15.77%, Valid: 16.33%, Test: 14.69%, Best Valid: 37.13%, Best Test: 38.97%
Epoch: 800, Loss: 1.5557, Train: 15.71%, Valid: 16.33%, Test: 14.61%, Best Valid: 37.85%, Best Test: 39.62%
Epoch: 900, Loss: 1.3136, Train: 7.28%, Valid: 6.47%, Test: 7.05%, Best Valid: 37.85%, Best Test: 39.62%
Epoch: 1000, Loss: 1.1210, Train: 11.61%, Valid: 11.82%, Test: 12.03%, Best Valid: 37.85%, Best Test: 39.62%
Epoch: 1100, Loss: 0.8405, Train: 33.38%, Valid: 32.33%, Test: 34.39%, Best Valid: 37.85%, Best Test: 39.62%
Run 05:
Highest Train: 38.65
Highest Valid: 37.85
Highest Test: 39.77
Chosen epoch: 707
Final Train: 38.64
Final Test: 39.62
Label budget: 2/class -> 20 train nodes
Counting co-occurrence on train-train edges (leakage-free estimator)...
Count penalty frozen (4 train-train edges).
Epoch: 00, Loss: 2.7886, Train: 3.36%, Valid: 4.00%, Test: 3.64%, Best Valid: 4.00%, Best Test: 3.64%
Epoch: 100, Loss: 2.6299, Train: 15.53%, Valid: 16.00%, Test: 15.38%, Best Valid: 16.51%, Best Test: 15.56%
Switching Polynormer to global attention phase.
Epoch: 200, Loss: 2.3256, Train: 3.84%, Valid: 3.75%, Test: 4.43%, Best Valid: 36.95%, Best Test: 39.00%
Epoch: 300, Loss: 2.2204, Train: 14.77%, Valid: 15.45%, Test: 15.09%, Best Valid: 36.95%, Best Test: 39.00%
Epoch: 400, Loss: 1.8840, Train: 16.79%, Valid: 17.67%, Test: 15.59%, Best Valid: 36.95%, Best Test: 39.00%
Epoch: 500, Loss: 1.7813, Train: 20.22%, Valid: 20.29%, Test: 20.54%, Best Valid: 36.95%, Best Test: 39.00%
Epoch: 600, Loss: 1.1809, Train: 13.83%, Valid: 14.25%, Test: 13.85%, Best Valid: 36.95%, Best Test: 39.00%
Epoch: 700, Loss: 0.8656, Train: 16.26%, Valid: 17.49%, Test: 15.16%, Best Valid: 36.95%, Best Test: 39.00%
Epoch: 800, Loss: 0.5525, Train: 22.99%, Valid: 23.27%, Test: 23.30%, Best Valid: 39.16%, Best Test: 38.17%
Epoch: 900, Loss: 0.8110, Train: 25.85%, Valid: 26.98%, Test: 26.03%, Best Valid: 39.16%, Best Test: 38.17%
Epoch: 1000, Loss: 0.2167, Train: 18.29%, Valid: 18.84%, Test: 18.47%, Best Valid: 39.16%, Best Test: 38.17%
Epoch: 1100, Loss: 0.1965, Train: 20.86%, Valid: 21.31%, Test: 20.54%, Best Valid: 39.16%, Best Test: 38.17%
Run 06:
Highest Train: 39.34
Highest Valid: 39.16
Highest Test: 39.00
Chosen epoch: 729
Final Train: 39.34
Final Test: 38.17
Label budget: 2/class -> 20 train nodes
Counting co-occurrence on train-train edges (leakage-free estimator)...
Count penalty frozen (0 train-train edges).
Epoch: 00, Loss: 2.6615, Train: 2.34%, Valid: 2.36%, Test: 2.36%, Best Valid: 2.36%, Best Test: 2.36%
Epoch: 100, Loss: 2.7030, Train: 4.50%, Valid: 4.40%, Test: 4.94%, Best Valid: 36.18%, Best Test: 38.53%
Switching Polynormer to global attention phase.
Epoch: 200, Loss: 2.3256, Train: 3.84%, Valid: 3.75%, Test: 4.43%, Best Valid: 37.71%, Best Test: 40.13%
Epoch: 300, Loss: 2.3303, Train: 3.36%, Valid: 4.00%, Test: 3.64%, Best Valid: 37.71%, Best Test: 40.13%
Epoch: 400, Loss: 2.0622, Train: 3.44%, Valid: 4.00%, Test: 3.64%, Best Valid: 37.71%, Best Test: 40.13%
Epoch: 500, Loss: 1.6041, Train: 36.42%, Valid: 35.09%, Test: 37.26%, Best Valid: 37.71%, Best Test: 40.13%
Epoch: 600, Loss: 1.0199, Train: 39.29%, Valid: 37.67%, Test: 39.29%, Best Valid: 38.15%, Best Test: 39.91%
Epoch: 700, Loss: 0.6867, Train: 22.69%, Valid: 21.56%, Test: 22.14%, Best Valid: 40.04%, Best Test: 40.64%
Epoch: 800, Loss: 0.1421, Train: 21.86%, Valid: 21.96%, Test: 20.61%, Best Valid: 44.58%, Best Test: 46.82%
Epoch: 900, Loss: 0.0209, Train: 24.18%, Valid: 24.00%, Test: 23.08%, Best Valid: 44.58%, Best Test: 46.82%
Epoch: 1000, Loss: 0.0666, Train: 19.79%, Valid: 19.85%, Test: 18.83%, Best Valid: 44.58%, Best Test: 46.82%
Epoch: 1100, Loss: 0.4426, Train: 22.30%, Valid: 23.64%, Test: 20.97%, Best Valid: 44.58%, Best Test: 46.82%
Run 07:
Highest Train: 46.20
Highest Valid: 44.58
Highest Test: 46.82
Chosen epoch: 734
Final Train: 46.20
Final Test: 46.82
Label budget: 2/class -> 20 train nodes
Counting co-occurrence on train-train edges (leakage-free estimator)...
Count penalty frozen (0 train-train edges).
Epoch: 00, Loss: 2.5178, Train: 37.50%, Valid: 36.07%, Test: 38.46%, Best Valid: 36.07%, Best Test: 38.46%
Epoch: 100, Loss: 2.4711, Train: 2.18%, Valid: 2.29%, Test: 2.36%, Best Valid: 36.18%, Best Test: 38.53%
Switching Polynormer to global attention phase.
Epoch: 200, Loss: 2.3648, Train: 15.79%, Valid: 16.33%, Test: 14.69%, Best Valid: 36.18%, Best Test: 38.53%
Epoch: 300, Loss: 2.4294, Train: 15.50%, Valid: 16.00%, Test: 15.38%, Best Valid: 36.18%, Best Test: 38.53%
Epoch: 400, Loss: 2.3503, Train: 37.61%, Valid: 36.18%, Test: 38.53%, Best Valid: 36.40%, Best Test: 38.31%
Epoch: 500, Loss: 2.3068, Train: 3.84%, Valid: 3.75%, Test: 4.43%, Best Valid: 36.40%, Best Test: 38.31%
Epoch: 600, Loss: 2.1406, Train: 7.45%, Valid: 7.89%, Test: 6.76%, Best Valid: 36.40%, Best Test: 38.31%
Epoch: 700, Loss: 1.7709, Train: 14.00%, Valid: 14.29%, Test: 13.60%, Best Valid: 36.40%, Best Test: 38.31%
Epoch: 800, Loss: 1.5967, Train: 16.58%, Valid: 17.13%, Test: 16.25%, Best Valid: 36.40%, Best Test: 38.31%
Epoch: 900, Loss: 1.1490, Train: 17.15%, Valid: 17.67%, Test: 17.41%, Best Valid: 36.40%, Best Test: 38.31%
Epoch: 1000, Loss: 0.9673, Train: 17.76%, Valid: 18.36%, Test: 17.88%, Best Valid: 36.40%, Best Test: 38.31%
Epoch: 1100, Loss: 0.9120, Train: 16.73%, Valid: 17.20%, Test: 16.36%, Best Valid: 36.40%, Best Test: 38.31%
Run 08:
Highest Train: 37.64
Highest Valid: 36.40
Highest Test: 38.68
Chosen epoch: 349
Final Train: 37.46
Final Test: 38.31
Label budget: 2/class -> 20 train nodes
Counting co-occurrence on train-train edges (leakage-free estimator)...
Count penalty frozen (0 train-train edges).
Epoch: 00, Loss: 2.3977, Train: 3.36%, Valid: 4.00%, Test: 3.67%, Best Valid: 4.00%, Best Test: 3.67%
Epoch: 100, Loss: 2.6601, Train: 2.31%, Valid: 2.40%, Test: 2.47%, Best Valid: 36.25%, Best Test: 38.39%
Switching Polynormer to global attention phase.
Epoch: 200, Loss: 2.3256, Train: 3.36%, Valid: 4.00%, Test: 3.64%, Best Valid: 36.73%, Best Test: 38.86%
Epoch: 300, Loss: 2.3116, Train: 3.38%, Valid: 4.00%, Test: 3.64%, Best Valid: 36.73%, Best Test: 38.86%
Epoch: 400, Loss: 2.0429, Train: 36.75%, Valid: 35.20%, Test: 37.51%, Best Valid: 36.73%, Best Test: 38.86%
Epoch: 500, Loss: 1.5159, Train: 16.07%, Valid: 16.29%, Test: 14.90%, Best Valid: 36.73%, Best Test: 38.86%
Epoch: 600, Loss: 1.5792, Train: 24.38%, Valid: 23.71%, Test: 23.12%, Best Valid: 36.73%, Best Test: 38.86%
Epoch: 700, Loss: 1.2600, Train: 9.44%, Valid: 9.35%, Test: 8.62%, Best Valid: 36.73%, Best Test: 38.86%
Epoch: 800, Loss: 1.0935, Train: 33.43%, Valid: 32.18%, Test: 33.37%, Best Valid: 36.73%, Best Test: 38.86%
Epoch: 900, Loss: 0.6844, Train: 32.82%, Valid: 32.36%, Test: 32.24%, Best Valid: 36.95%, Best Test: 36.68%
Epoch: 1000, Loss: 0.4259, Train: 18.42%, Valid: 19.60%, Test: 18.43%, Best Valid: 36.95%, Best Test: 36.68%
Epoch: 1100, Loss: 0.4213, Train: 24.76%, Valid: 24.98%, Test: 24.32%, Best Valid: 36.95%, Best Test: 36.68%
Run 09:
Highest Train: 37.93
Highest Valid: 36.95
Highest Test: 38.86
Chosen epoch: 869
Final Train: 36.78
Final Test: 36.68
Label budget: 2/class -> 20 train nodes
Counting co-occurrence on train-train edges (leakage-free estimator)...
Count penalty frozen (0 train-train edges).
Epoch: 00, Loss: 2.8018, Train: 3.37%, Valid: 4.04%, Test: 3.64%, Best Valid: 4.04%, Best Test: 3.64%
Epoch: 100, Loss: 2.7279, Train: 6.98%, Valid: 7.64%, Test: 7.20%, Best Valid: 36.18%, Best Test: 38.53%
Switching Polynormer to global attention phase.
Epoch: 200, Loss: 2.3205, Train: 15.79%, Valid: 16.33%, Test: 14.69%, Best Valid: 36.18%, Best Test: 38.53%
Epoch: 300, Loss: 2.2791, Train: 6.04%, Valid: 6.25%, Test: 5.38%, Best Valid: 36.18%, Best Test: 38.53%
Epoch: 400, Loss: 2.3676, Train: 15.79%, Valid: 16.33%, Test: 14.69%, Best Valid: 36.18%, Best Test: 38.53%
Epoch: 500, Loss: 2.4856, Train: 37.61%, Valid: 36.18%, Test: 38.53%, Best Valid: 36.18%, Best Test: 38.53%
Epoch: 600, Loss: 2.2523, Train: 37.61%, Valid: 36.18%, Test: 38.53%, Best Valid: 36.18%, Best Test: 38.53%
Epoch: 700, Loss: 2.3486, Train: 6.04%, Valid: 6.25%, Test: 5.38%, Best Valid: 36.18%, Best Test: 38.53%
Epoch: 800, Loss: 2.3372, Train: 3.36%, Valid: 4.00%, Test: 3.64%, Best Valid: 36.18%, Best Test: 38.53%
Epoch: 900, Loss: 2.3586, Train: 3.36%, Valid: 4.00%, Test: 3.64%, Best Valid: 36.18%, Best Test: 38.53%
Epoch: 1000, Loss: 2.3216, Train: 3.36%, Valid: 4.00%, Test: 3.64%, Best Valid: 36.18%, Best Test: 38.53%
Epoch: 1100, Loss: 2.4155, Train: 3.36%, Valid: 4.00%, Test: 3.64%, Best Valid: 36.18%, Best Test: 38.53%
Run 10:
Highest Train: 37.61
Highest Valid: 36.18
Highest Test: 38.53
Chosen epoch: 13
Final Train: 37.61
Final Test: 38.53
All runs:
Highest Train: 42.97 ± 5.73
Highest Test: 43.40 ± 5.68
Highest Valid: 42.33 ± 6.22
  Final Train: 42.77 ± 5.88
   Final Test: 42.86 ± 5.87
Saving results to ../results/lowlabel/amazon-computer/polynormer.csv
--- count_reg | lambda=0.05 ---
Namespace(aggregate='add', alpha=0.5, attention='gcn', beta=-1.0, bn=False, budget_tag='2', count_reg=True, count_smoothing=1.0, cpu=False, data_dir='../data/', dataset='amazon-computer', device=0, dim_inner=64, display_step=100, dropout=0.7, epochs=500, global_dropout=None, global_epochs=1000, global_layers=1, gnn='gcn', graph_weight=0.8, hidden_channels=64, hops=10, in_dropout=0.2, jk=False, label_num_per_class=20, lambda_val=0.05, layers=1, ln=False, local_epochs=200, local_gnn_type='GCN', local_layers=5, lr=0.001, metric='acc', mlp_epochs=500, mlp_reg=False, model='polynormer', model_dir='models/lowlabel_1161133_176', n_heads=8, num_centroids=4096, num_heads=8, oracle_reg=False, paired_seeds=True, pe_types='RWSE', penalty_transform='none', pre_linear=False, pre_ln=False, rand_split=False, rand_split_class=False, reg_start_epoch=10, reg_update_freq=5, res=False, resample_split_per_run=False, result_dir='../results/lowlabel', runs=10, save_model=True, save_result=False, seed=42, test_num=1000, tr_dropout=None, tr_layers=1, tr_weight_decay=None, train_per_class=2, train_prop=0.5, use_act=False, use_bn=False, use_graph=False, use_reg=True, use_residual=False, use_weight=False, valid_num=500, valid_per_class=0, valid_prop=0.25, weight_decay=5e-05)
amazon-computer
dataset amazon-computer | num nodes 13752 | num edge 491722 | num node feats 767 | num classes 10
MODEL: Polynormer(
  (h_lins): ModuleList(
    (0): Linear(in_features=512, out_features=512, bias=True)
    (1): Linear(in_features=512, out_features=512, bias=True)
    (2): Linear(in_features=512, out_features=512, bias=True)
    (3): Linear(in_features=512, out_features=512, bias=True)
    (4): Linear(in_features=512, out_features=512, bias=True)
  )
  (local_convs): ModuleList(
    (0): GATConv(512, 64, heads=8)
    (1): GATConv(512, 64, heads=8)
    (2): GATConv(512, 64, heads=8)
    (3): GATConv(512, 64, heads=8)
    (4): GATConv(512, 64, heads=8)
  )
  (lins): ModuleList(
    (0): Linear(in_features=512, out_features=512, bias=True)
    (1): Linear(in_features=512, out_features=512, bias=True)
    (2): Linear(in_features=512, out_features=512, bias=True)
    (3): Linear(in_features=512, out_features=512, bias=True)
    (4): Linear(in_features=512, out_features=512, bias=True)
  )
  (lns): ModuleList(
    (0): LayerNorm((512,), eps=1e-05, elementwise_affine=True)
    (1): LayerNorm((512,), eps=1e-05, elementwise_affine=True)
    (2): LayerNorm((512,), eps=1e-05, elementwise_affine=True)
    (3): LayerNorm((512,), eps=1e-05, elementwise_affine=True)
    (4): LayerNorm((512,), eps=1e-05, elementwise_affine=True)
  )
  (lin_in): Linear(in_features=767, out_features=512, bias=True)
  (ln): LayerNorm((512,), eps=1e-05, elementwise_affine=True)
  (global_attn): GlobalAttn(
    (h_lins): ModuleList(
      (0): Linear(in_features=512, out_features=512, bias=True)
    )
    (k_lins): ModuleList(
      (0): Linear(in_features=512, out_features=512, bias=True)
    )
    (v_lins): ModuleList(
      (0): Linear(in_features=512, out_features=512, bias=True)
    )
    (lns): ModuleList(
      (0): LayerNorm((512,), eps=1e-05, elementwise_affine=True)
    )
    (lin_out): Linear(in_features=512, out_features=512, bias=True)
  )
  (pred_local): Linear(in_features=512, out_features=10, bias=True)
  (pred_global): Linear(in_features=512, out_features=10, bias=True)
)
Label budget: 2/class -> 20 train nodes
Counting co-occurrence on train-train edges (leakage-free estimator)...
Count penalty frozen (0 train-train edges).
Epoch: 00, Loss: 2.8387, Train: 14.75%, Valid: 14.51%, Test: 14.58%, Best Valid: 14.51%, Best Test: 14.58%
Epoch: 100, Loss: 2.3648, Train: 2.21%, Valid: 2.29%, Test: 2.36%, Best Valid: 34.80%, Best Test: 37.44%
Switching Polynormer to global attention phase.
Epoch: 200, Loss: 2.4749, Train: 6.04%, Valid: 6.25%, Test: 5.38%, Best Valid: 36.18%, Best Test: 38.53%
Epoch: 300, Loss: 2.5040, Train: 15.50%, Valid: 16.00%, Test: 15.38%, Best Valid: 36.18%, Best Test: 38.53%
Epoch: 400, Loss: 2.0383, Train: 15.49%, Valid: 16.04%, Test: 15.38%, Best Valid: 36.18%, Best Test: 38.53%
Epoch: 500, Loss: 1.8956, Train: 20.58%, Valid: 20.65%, Test: 20.36%, Best Valid: 36.18%, Best Test: 38.53%
Epoch: 600, Loss: 1.2804, Train: 21.85%, Valid: 22.65%, Test: 21.26%, Best Valid: 38.91%, Best Test: 37.70%
Epoch: 700, Loss: 0.9992, Train: 22.08%, Valid: 24.33%, Test: 22.86%, Best Valid: 38.91%, Best Test: 37.70%
Epoch: 800, Loss: 0.7008, Train: 28.12%, Valid: 29.71%, Test: 27.04%, Best Valid: 38.91%, Best Test: 37.70%
Epoch: 900, Loss: 0.4950, Train: 26.82%, Valid: 26.62%, Test: 26.54%, Best Valid: 38.91%, Best Test: 37.70%
Epoch: 1000, Loss: 0.5623, Train: 26.52%, Valid: 27.53%, Test: 26.03%, Best Valid: 38.91%, Best Test: 37.70%
Epoch: 1100, Loss: 0.3899, Train: 29.09%, Valid: 30.98%, Test: 28.86%, Best Valid: 41.13%, Best Test: 39.26%
Run 01:
Highest Train: 40.80
Highest Valid: 41.13
Highest Test: 39.26
Chosen epoch: 1069
Final Train: 40.80
Final Test: 39.26
Label budget: 2/class -> 20 train nodes
Counting co-occurrence on train-train edges (leakage-free estimator)...
Count penalty frozen (2 train-train edges).
Epoch: 00, Loss: 2.6693, Train: 1.98%, Valid: 2.51%, Test: 2.14%, Best Valid: 2.51%, Best Test: 2.14%
Epoch: 100, Loss: 2.8865, Train: 3.84%, Valid: 3.75%, Test: 4.43%, Best Valid: 16.22%, Best Test: 15.45%
Switching Polynormer to global attention phase.
Epoch: 200, Loss: 2.4177, Train: 3.36%, Valid: 4.00%, Test: 3.64%, Best Valid: 16.33%, Best Test: 14.65%
Epoch: 300, Loss: 1.9423, Train: 7.81%, Valid: 8.22%, Test: 8.43%, Best Valid: 19.31%, Best Test: 19.99%
Epoch: 400, Loss: 1.3635, Train: 15.94%, Valid: 16.22%, Test: 14.58%, Best Valid: 30.36%, Best Test: 29.63%
Epoch: 500, Loss: 1.4096, Train: 16.85%, Valid: 17.71%, Test: 16.72%, Best Valid: 34.40%, Best Test: 34.82%
Epoch: 600, Loss: 0.5482, Train: 16.11%, Valid: 16.22%, Test: 16.07%, Best Valid: 34.40%, Best Test: 34.82%
Epoch: 700, Loss: 0.2301, Train: 23.94%, Valid: 23.82%, Test: 23.26%, Best Valid: 34.40%, Best Test: 34.82%
Epoch: 800, Loss: 0.2948, Train: 24.54%, Valid: 25.49%, Test: 24.43%, Best Valid: 40.44%, Best Test: 40.17%
Epoch: 900, Loss: 0.2249, Train: 36.09%, Valid: 37.71%, Test: 36.68%, Best Valid: 40.44%, Best Test: 40.17%
Epoch: 1000, Loss: 0.1675, Train: 34.02%, Valid: 34.80%, Test: 34.79%, Best Valid: 41.56%, Best Test: 41.55%
Epoch: 1100, Loss: 0.0284, Train: 29.38%, Valid: 30.62%, Test: 31.19%, Best Valid: 41.56%, Best Test: 41.55%
Run 02:
Highest Train: 42.02
Highest Valid: 43.24
Highest Test: 43.55
Chosen epoch: 1111
Final Train: 42.02
Final Test: 43.55
Label budget: 2/class -> 20 train nodes
Counting co-occurrence on train-train edges (leakage-free estimator)...
Count penalty frozen (0 train-train edges).
Epoch: 00, Loss: 2.7883, Train: 6.05%, Valid: 6.22%, Test: 5.34%, Best Valid: 6.22%, Best Test: 5.34%
Epoch: 100, Loss: 2.5856, Train: 15.79%, Valid: 16.33%, Test: 14.69%, Best Valid: 36.18%, Best Test: 38.53%
Switching Polynormer to global attention phase.
Epoch: 200, Loss: 2.4177, Train: 10.62%, Valid: 9.53%, Test: 10.03%, Best Valid: 36.18%, Best Test: 38.53%
Epoch: 300, Loss: 2.5027, Train: 3.84%, Valid: 3.75%, Test: 4.43%, Best Valid: 36.18%, Best Test: 38.53%
Epoch: 400, Loss: 2.4120, Train: 2.18%, Valid: 2.29%, Test: 2.36%, Best Valid: 36.18%, Best Test: 38.53%
Epoch: 500, Loss: 2.3491, Train: 15.50%, Valid: 16.00%, Test: 15.38%, Best Valid: 36.18%, Best Test: 38.53%
Epoch: 600, Loss: 2.1429, Train: 3.10%, Valid: 3.13%, Test: 3.42%, Best Valid: 36.18%, Best Test: 38.53%
Epoch: 700, Loss: 1.9963, Train: 3.10%, Valid: 3.13%, Test: 3.42%, Best Valid: 36.18%, Best Test: 38.53%
Epoch: 800, Loss: 2.1252, Train: 3.10%, Valid: 3.13%, Test: 3.42%, Best Valid: 36.18%, Best Test: 38.53%
Epoch: 900, Loss: 2.0147, Train: 3.10%, Valid: 3.13%, Test: 3.42%, Best Valid: 36.18%, Best Test: 38.53%
Epoch: 1000, Loss: 1.8322, Train: 16.29%, Valid: 16.65%, Test: 15.09%, Best Valid: 36.18%, Best Test: 38.53%
Epoch: 1100, Loss: 1.5435, Train: 15.79%, Valid: 16.33%, Test: 14.69%, Best Valid: 36.18%, Best Test: 38.53%
Run 03:
Highest Train: 37.62
Highest Valid: 36.18
Highest Test: 38.53
Chosen epoch: 58
Final Train: 37.62
Final Test: 38.53
Label budget: 2/class -> 20 train nodes
Counting co-occurrence on train-train edges (leakage-free estimator)...
Count penalty frozen (2 train-train edges).
Epoch: 00, Loss: 2.5059, Train: 3.76%, Valid: 3.64%, Test: 4.33%, Best Valid: 3.64%, Best Test: 4.33%
Epoch: 100, Loss: 2.6529, Train: 15.50%, Valid: 16.00%, Test: 15.38%, Best Valid: 17.53%, Best Test: 15.78%
Switching Polynormer to global attention phase.
Epoch: 200, Loss: 2.4177, Train: 2.18%, Valid: 2.29%, Test: 2.36%, Best Valid: 43.20%, Best Test: 44.46%
Epoch: 300, Loss: 2.4040, Train: 6.05%, Valid: 6.25%, Test: 5.38%, Best Valid: 43.20%, Best Test: 44.46%
Epoch: 400, Loss: 2.0263, Train: 3.24%, Valid: 3.38%, Test: 3.60%, Best Valid: 43.20%, Best Test: 44.46%
Epoch: 500, Loss: 1.7314, Train: 6.27%, Valid: 6.33%, Test: 5.82%, Best Valid: 43.20%, Best Test: 44.46%
Epoch: 600, Loss: 1.6469, Train: 7.05%, Valid: 7.71%, Test: 6.47%, Best Valid: 43.20%, Best Test: 44.46%
Epoch: 700, Loss: 0.9753, Train: 7.42%, Valid: 7.56%, Test: 6.47%, Best Valid: 43.20%, Best Test: 44.46%
Epoch: 800, Loss: 0.8606, Train: 7.08%, Valid: 7.78%, Test: 7.02%, Best Valid: 43.20%, Best Test: 44.46%
Epoch: 900, Loss: 1.2552, Train: 10.00%, Valid: 10.62%, Test: 9.20%, Best Valid: 43.20%, Best Test: 44.46%
Epoch: 1000, Loss: 0.8093, Train: 14.86%, Valid: 16.51%, Test: 14.39%, Best Valid: 43.20%, Best Test: 44.46%
Epoch: 1100, Loss: 0.3267, Train: 30.68%, Valid: 31.38%, Test: 30.64%, Best Valid: 43.20%, Best Test: 44.46%
Run 04:
Highest Train: 44.16
Highest Valid: 43.20
Highest Test: 44.46
Chosen epoch: 131
Final Train: 44.16
Final Test: 44.46
Label budget: 2/class -> 20 train nodes
Counting co-occurrence on train-train edges (leakage-free estimator)...
Count penalty frozen (0 train-train edges).
Epoch: 00, Loss: 2.7848, Train: 37.40%, Valid: 35.89%, Test: 38.17%, Best Valid: 35.89%, Best Test: 38.17%
Epoch: 100, Loss: 2.3322, Train: 15.79%, Valid: 16.33%, Test: 14.69%, Best Valid: 36.18%, Best Test: 38.53%
Switching Polynormer to global attention phase.
Epoch: 200, Loss: 2.4879, Train: 2.38%, Valid: 2.33%, Test: 2.73%, Best Valid: 36.18%, Best Test: 38.53%
Epoch: 300, Loss: 2.5711, Train: 3.84%, Valid: 3.78%, Test: 4.40%, Best Valid: 36.18%, Best Test: 38.53%
Epoch: 400, Loss: 2.2476, Train: 37.61%, Valid: 36.18%, Test: 38.53%, Best Valid: 36.18%, Best Test: 38.53%
Epoch: 500, Loss: 2.0225, Train: 3.36%, Valid: 4.00%, Test: 3.64%, Best Valid: 36.18%, Best Test: 38.53%
Epoch: 600, Loss: 2.0116, Train: 8.61%, Valid: 8.65%, Test: 8.36%, Best Valid: 37.96%, Best Test: 38.31%
Epoch: 700, Loss: 1.8206, Train: 3.43%, Valid: 4.07%, Test: 3.64%, Best Valid: 37.96%, Best Test: 38.31%
Epoch: 800, Loss: 0.7733, Train: 33.39%, Valid: 33.45%, Test: 35.19%, Best Valid: 37.96%, Best Test: 38.31%
Epoch: 900, Loss: 0.8862, Train: 7.26%, Valid: 8.18%, Test: 7.92%, Best Valid: 37.96%, Best Test: 38.31%
Epoch: 1000, Loss: 1.4088, Train: 24.45%, Valid: 24.22%, Test: 24.50%, Best Valid: 37.96%, Best Test: 38.31%
Epoch: 1100, Loss: 0.9223, Train: 7.71%, Valid: 7.82%, Test: 7.63%, Best Valid: 37.96%, Best Test: 38.31%
Run 05:
Highest Train: 38.53
Highest Valid: 37.96
Highest Test: 39.59
Chosen epoch: 597
Final Train: 38.42
Final Test: 38.31
Label budget: 2/class -> 20 train nodes
Counting co-occurrence on train-train edges (leakage-free estimator)...
Count penalty frozen (4 train-train edges).
Epoch: 00, Loss: 2.8990, Train: 3.36%, Valid: 4.00%, Test: 3.64%, Best Valid: 4.00%, Best Test: 3.64%
Epoch: 100, Loss: 2.5090, Train: 2.53%, Valid: 3.27%, Test: 3.02%, Best Valid: 36.00%, Best Test: 37.59%
Switching Polynormer to global attention phase.
Epoch: 200, Loss: 2.4177, Train: 3.84%, Valid: 3.75%, Test: 4.43%, Best Valid: 36.00%, Best Test: 37.59%
Epoch: 300, Loss: 2.5075, Train: 37.61%, Valid: 36.18%, Test: 38.53%, Best Valid: 36.18%, Best Test: 38.53%
Epoch: 400, Loss: 2.4222, Train: 2.18%, Valid: 2.29%, Test: 2.36%, Best Valid: 36.18%, Best Test: 38.53%
Epoch: 500, Loss: 2.3912, Train: 2.18%, Valid: 2.29%, Test: 2.36%, Best Valid: 36.18%, Best Test: 38.53%
Epoch: 600, Loss: 1.9796, Train: 4.22%, Valid: 4.07%, Test: 4.62%, Best Valid: 36.18%, Best Test: 38.53%
Epoch: 700, Loss: 1.7861, Train: 3.20%, Valid: 3.45%, Test: 3.53%, Best Valid: 36.18%, Best Test: 38.53%
Epoch: 800, Loss: 1.6021, Train: 15.84%, Valid: 16.55%, Test: 16.25%, Best Valid: 36.18%, Best Test: 38.53%
Epoch: 900, Loss: 1.1327, Train: 5.91%, Valid: 6.95%, Test: 6.22%, Best Valid: 36.18%, Best Test: 38.53%
Epoch: 1000, Loss: 0.7993, Train: 18.33%, Valid: 17.71%, Test: 17.81%, Best Valid: 36.18%, Best Test: 38.53%
Epoch: 1100, Loss: 0.6969, Train: 13.67%, Valid: 13.64%, Test: 13.27%, Best Valid: 36.18%, Best Test: 38.53%
Run 06:
Highest Train: 37.61
Highest Valid: 36.18
Highest Test: 38.53
Chosen epoch: 203
Final Train: 37.61
Final Test: 38.53
Label budget: 2/class -> 20 train nodes
Counting co-occurrence on train-train edges (leakage-free estimator)...
Count penalty frozen (0 train-train edges).
Epoch: 00, Loss: 2.7669, Train: 2.34%, Valid: 2.36%, Test: 2.36%, Best Valid: 2.36%, Best Test: 2.36%
Epoch: 100, Loss: 2.8073, Train: 37.61%, Valid: 36.18%, Test: 38.53%, Best Valid: 36.18%, Best Test: 38.53%
Switching Polynormer to global attention phase.
Epoch: 200, Loss: 2.4177, Train: 3.84%, Valid: 3.75%, Test: 4.43%, Best Valid: 36.87%, Best Test: 39.44%
Epoch: 300, Loss: 2.3764, Train: 3.36%, Valid: 4.00%, Test: 3.64%, Best Valid: 36.87%, Best Test: 39.44%
Epoch: 400, Loss: 2.6234, Train: 15.79%, Valid: 16.33%, Test: 14.69%, Best Valid: 36.87%, Best Test: 39.44%
Epoch: 500, Loss: 1.6105, Train: 3.96%, Valid: 4.58%, Test: 3.96%, Best Valid: 36.87%, Best Test: 39.44%
Epoch: 600, Loss: 1.5825, Train: 11.96%, Valid: 12.33%, Test: 12.54%, Best Valid: 36.87%, Best Test: 39.44%
Epoch: 700, Loss: 0.8604, Train: 10.94%, Valid: 10.98%, Test: 10.14%, Best Valid: 40.11%, Best Test: 41.62%
Epoch: 800, Loss: 0.8726, Train: 19.10%, Valid: 18.18%, Test: 18.72%, Best Valid: 40.11%, Best Test: 41.62%
Epoch: 900, Loss: 0.4445, Train: 15.70%, Valid: 15.38%, Test: 15.30%, Best Valid: 40.11%, Best Test: 41.62%
Epoch: 1000, Loss: 0.1218, Train: 21.79%, Valid: 21.09%, Test: 21.63%, Best Valid: 40.11%, Best Test: 41.62%
Epoch: 1100, Loss: 0.1009, Train: 24.89%, Valid: 24.55%, Test: 24.61%, Best Valid: 40.11%, Best Test: 41.62%
Run 07:
Highest Train: 41.13
Highest Valid: 40.11
Highest Test: 41.62
Chosen epoch: 671
Final Train: 40.95
Final Test: 41.62
Label budget: 2/class -> 20 train nodes
Counting co-occurrence on train-train edges (leakage-free estimator)...
Count penalty frozen (0 train-train edges).
Epoch: 00, Loss: 2.6175, Train: 37.50%, Valid: 36.07%, Test: 38.46%, Best Valid: 36.07%, Best Test: 38.46%
Epoch: 100, Loss: 2.4299, Train: 2.21%, Valid: 2.29%, Test: 2.36%, Best Valid: 36.18%, Best Test: 38.53%
Switching Polynormer to global attention phase.
Epoch: 200, Loss: 2.4584, Train: 15.79%, Valid: 16.33%, Test: 14.69%, Best Valid: 36.18%, Best Test: 38.53%
Epoch: 300, Loss: 2.4127, Train: 1.96%, Valid: 2.55%, Test: 2.14%, Best Valid: 36.18%, Best Test: 38.53%
Epoch: 400, Loss: 2.4770, Train: 6.04%, Valid: 6.25%, Test: 5.38%, Best Valid: 36.18%, Best Test: 38.53%
Epoch: 500, Loss: 2.2386, Train: 7.55%, Valid: 8.15%, Test: 6.94%, Best Valid: 36.18%, Best Test: 38.53%
Epoch: 600, Loss: 1.7227, Train: 3.05%, Valid: 3.09%, Test: 3.24%, Best Valid: 36.18%, Best Test: 38.53%
Epoch: 700, Loss: 1.6701, Train: 17.33%, Valid: 17.93%, Test: 17.19%, Best Valid: 36.18%, Best Test: 38.53%
Epoch: 800, Loss: 1.3038, Train: 15.95%, Valid: 16.47%, Test: 16.39%, Best Valid: 36.18%, Best Test: 38.53%
Epoch: 900, Loss: 1.4195, Train: 5.09%, Valid: 4.98%, Test: 5.31%, Best Valid: 36.18%, Best Test: 38.53%
Epoch: 1000, Loss: 1.5307, Train: 11.77%, Valid: 11.24%, Test: 12.00%, Best Valid: 36.18%, Best Test: 38.53%
Epoch: 1100, Loss: 0.8595, Train: 7.93%, Valid: 7.53%, Test: 7.31%, Best Valid: 36.18%, Best Test: 38.53%
Run 08:
Highest Train: 37.61
Highest Valid: 36.18
Highest Test: 38.53
Chosen epoch: 1
Final Train: 37.61
Final Test: 38.53
Label budget: 2/class -> 20 train nodes
Counting co-occurrence on train-train edges (leakage-free estimator)...
Count penalty frozen (0 train-train edges).
Epoch: 00, Loss: 2.4927, Train: 3.36%, Valid: 4.00%, Test: 3.67%, Best Valid: 4.00%, Best Test: 3.67%
Epoch: 100, Loss: 2.8050, Train: 3.84%, Valid: 3.75%, Test: 4.43%, Best Valid: 16.87%, Best Test: 15.81%
Switching Polynormer to global attention phase.
Epoch: 200, Loss: 2.4177, Train: 3.10%, Valid: 3.13%, Test: 3.42%, Best Valid: 16.87%, Best Test: 15.81%
Epoch: 300, Loss: 2.4120, Train: 37.61%, Valid: 36.18%, Test: 38.53%, Best Valid: 36.18%, Best Test: 38.53%
Epoch: 400, Loss: 2.3494, Train: 15.50%, Valid: 16.00%, Test: 15.38%, Best Valid: 36.18%, Best Test: 38.53%
Epoch: 500, Loss: 2.1971, Train: 15.48%, Valid: 16.00%, Test: 15.38%, Best Valid: 36.18%, Best Test: 38.53%
Epoch: 600, Loss: 1.8425, Train: 7.14%, Valid: 6.98%, Test: 6.32%, Best Valid: 36.18%, Best Test: 38.53%
Epoch: 700, Loss: 1.2942, Train: 14.54%, Valid: 14.11%, Test: 13.81%, Best Valid: 36.18%, Best Test: 38.53%
Epoch: 800, Loss: 1.3467, Train: 38.50%, Valid: 36.62%, Test: 39.77%, Best Valid: 36.76%, Best Test: 39.69%
Epoch: 900, Loss: 0.9226, Train: 15.23%, Valid: 15.45%, Test: 15.70%, Best Valid: 38.91%, Best Test: 42.06%
Epoch: 1000, Loss: 0.7464, Train: 11.48%, Valid: 11.42%, Test: 12.03%, Best Valid: 38.91%, Best Test: 42.06%
Epoch: 1100, Loss: 1.1691, Train: 23.95%, Valid: 23.42%, Test: 24.86%, Best Valid: 38.91%, Best Test: 42.06%
Run 09:
Highest Train: 40.33
Highest Valid: 38.91
Highest Test: 42.06
Chosen epoch: 806
Final Train: 40.33
Final Test: 42.06
Label budget: 2/class -> 20 train nodes
Counting co-occurrence on train-train edges (leakage-free estimator)...
Count penalty frozen (0 train-train edges).
Epoch: 00, Loss: 2.9127, Train: 3.37%, Valid: 4.04%, Test: 3.64%, Best Valid: 4.04%, Best Test: 3.64%
Epoch: 100, Loss: 2.6026, Train: 11.71%, Valid: 11.02%, Test: 11.27%, Best Valid: 36.25%, Best Test: 38.60%
Switching Polynormer to global attention phase.
Epoch: 200, Loss: 2.4177, Train: 3.36%, Valid: 4.00%, Test: 3.64%, Best Valid: 44.15%, Best Test: 45.26%
Epoch: 300, Loss: 1.5426, Train: 12.82%, Valid: 12.44%, Test: 12.72%, Best Valid: 44.15%, Best Test: 45.26%
Epoch: 400, Loss: 0.6283, Train: 40.15%, Valid: 40.11%, Test: 40.24%, Best Valid: 45.96%, Best Test: 45.40%
Epoch: 500, Loss: 0.7469, Train: 13.74%, Valid: 13.82%, Test: 13.20%, Best Valid: 45.96%, Best Test: 45.40%
Epoch: 600, Loss: 0.2390, Train: 24.18%, Valid: 25.13%, Test: 24.75%, Best Valid: 47.05%, Best Test: 47.26%
Epoch: 700, Loss: 0.0190, Train: 29.28%, Valid: 30.47%, Test: 30.03%, Best Valid: 47.49%, Best Test: 49.00%
Epoch: 800, Loss: 0.0691, Train: 41.49%, Valid: 40.80%, Test: 41.58%, Best Valid: 48.15%, Best Test: 49.55%
Epoch: 900, Loss: 0.0315, Train: 29.97%, Valid: 30.80%, Test: 29.73%, Best Valid: 48.15%, Best Test: 49.55%
Epoch: 1000, Loss: 0.0024, Train: 39.95%, Valid: 39.02%, Test: 40.57%, Best Valid: 48.65%, Best Test: 50.75%
Epoch: 1100, Loss: 0.0032, Train: 48.27%, Valid: 47.16%, Test: 48.06%, Best Valid: 52.25%, Best Test: 53.83%
Run 10:
Highest Train: 53.81
Highest Valid: 53.02
Highest Test: 55.00
Chosen epoch: 1156
Final Train: 53.01
Final Test: 54.60
All runs:
Highest Train: 41.36 ± 4.89
Highest Test: 42.11 ± 5.02
Highest Valid: 40.61 ± 5.13
  Final Train: 41.25 ± 4.67
   Final Test: 41.94 ± 4.99
Saving results to ../results/lowlabel/amazon-computer/polynormer.csv
--- count_reg | lambda=0.1 ---
Namespace(aggregate='add', alpha=0.5, attention='gcn', beta=-1.0, bn=False, budget_tag='2', count_reg=True, count_smoothing=1.0, cpu=False, data_dir='../data/', dataset='amazon-computer', device=0, dim_inner=64, display_step=100, dropout=0.7, epochs=500, global_dropout=None, global_epochs=1000, global_layers=1, gnn='gcn', graph_weight=0.8, hidden_channels=64, hops=10, in_dropout=0.2, jk=False, label_num_per_class=20, lambda_val=0.1, layers=1, ln=False, local_epochs=200, local_gnn_type='GCN', local_layers=5, lr=0.001, metric='acc', mlp_epochs=500, mlp_reg=False, model='polynormer', model_dir='models/lowlabel_1161133_176', n_heads=8, num_centroids=4096, num_heads=8, oracle_reg=False, paired_seeds=True, pe_types='RWSE', penalty_transform='none', pre_linear=False, pre_ln=False, rand_split=False, rand_split_class=False, reg_start_epoch=10, reg_update_freq=5, res=False, resample_split_per_run=False, result_dir='../results/lowlabel', runs=10, save_model=True, save_result=False, seed=42, test_num=1000, tr_dropout=None, tr_layers=1, tr_weight_decay=None, train_per_class=2, train_prop=0.5, use_act=False, use_bn=False, use_graph=False, use_reg=True, use_residual=False, use_weight=False, valid_num=500, valid_per_class=0, valid_prop=0.25, weight_decay=5e-05)
amazon-computer
dataset amazon-computer | num nodes 13752 | num edge 491722 | num node feats 767 | num classes 10
MODEL: Polynormer(
  (h_lins): ModuleList(
    (0): Linear(in_features=512, out_features=512, bias=True)
    (1): Linear(in_features=512, out_features=512, bias=True)
    (2): Linear(in_features=512, out_features=512, bias=True)
    (3): Linear(in_features=512, out_features=512, bias=True)
    (4): Linear(in_features=512, out_features=512, bias=True)
  )
  (local_convs): ModuleList(
    (0): GATConv(512, 64, heads=8)
    (1): GATConv(512, 64, heads=8)
    (2): GATConv(512, 64, heads=8)
    (3): GATConv(512, 64, heads=8)
    (4): GATConv(512, 64, heads=8)
  )
  (lins): ModuleList(
    (0): Linear(in_features=512, out_features=512, bias=True)
    (1): Linear(in_features=512, out_features=512, bias=True)
    (2): Linear(in_features=512, out_features=512, bias=True)
    (3): Linear(in_features=512, out_features=512, bias=True)
    (4): Linear(in_features=512, out_features=512, bias=True)
  )
  (lns): ModuleList(
    (0): LayerNorm((512,), eps=1e-05, elementwise_affine=True)
    (1): LayerNorm((512,), eps=1e-05, elementwise_affine=True)
    (2): LayerNorm((512,), eps=1e-05, elementwise_affine=True)
    (3): LayerNorm((512,), eps=1e-05, elementwise_affine=True)
    (4): LayerNorm((512,), eps=1e-05, elementwise_affine=True)
  )
  (lin_in): Linear(in_features=767, out_features=512, bias=True)
  (ln): LayerNorm((512,), eps=1e-05, elementwise_affine=True)
  (global_attn): GlobalAttn(
    (h_lins): ModuleList(
      (0): Linear(in_features=512, out_features=512, bias=True)
    )
    (k_lins): ModuleList(
      (0): Linear(in_features=512, out_features=512, bias=True)
    )
    (v_lins): ModuleList(
      (0): Linear(in_features=512, out_features=512, bias=True)
    )
    (lns): ModuleList(
      (0): LayerNorm((512,), eps=1e-05, elementwise_affine=True)
    )
    (lin_out): Linear(in_features=512, out_features=512, bias=True)
  )
  (pred_local): Linear(in_features=512, out_features=10, bias=True)
  (pred_global): Linear(in_features=512, out_features=10, bias=True)
)
Label budget: 2/class -> 20 train nodes
Counting co-occurrence on train-train edges (leakage-free estimator)...
Count penalty frozen (0 train-train edges).
Epoch: 00, Loss: 2.9739, Train: 14.75%, Valid: 14.51%, Test: 14.58%, Best Valid: 14.51%, Best Test: 14.58%
Epoch: 100, Loss: 2.6724, Train: 1.96%, Valid: 2.55%, Test: 2.14%, Best Valid: 32.22%, Best Test: 34.61%
Switching Polynormer to global attention phase.
Epoch: 200, Loss: 2.5844, Train: 37.61%, Valid: 36.18%, Test: 38.53%, Best Valid: 36.18%, Best Test: 38.53%
Epoch: 300, Loss: 2.5937, Train: 37.61%, Valid: 36.18%, Test: 38.53%, Best Valid: 36.18%, Best Test: 38.53%
Epoch: 400, Loss: 2.4639, Train: 15.50%, Valid: 16.00%, Test: 15.38%, Best Valid: 36.18%, Best Test: 38.53%
Epoch: 500, Loss: 2.3958, Train: 15.50%, Valid: 16.00%, Test: 15.38%, Best Valid: 36.18%, Best Test: 38.53%
Epoch: 600, Loss: 2.2929, Train: 37.61%, Valid: 36.18%, Test: 38.53%, Best Valid: 36.18%, Best Test: 38.53%
Epoch: 700, Loss: 2.0046, Train: 3.84%, Valid: 3.75%, Test: 4.43%, Best Valid: 36.18%, Best Test: 38.53%
Epoch: 800, Loss: 1.9940, Train: 37.61%, Valid: 36.18%, Test: 38.57%, Best Valid: 36.18%, Best Test: 38.53%
Epoch: 900, Loss: 1.6080, Train: 2.18%, Valid: 2.29%, Test: 2.36%, Best Valid: 39.85%, Best Test: 42.24%
Epoch: 1000, Loss: 1.2598, Train: 2.17%, Valid: 2.18%, Test: 2.33%, Best Valid: 39.85%, Best Test: 42.24%
Epoch: 1100, Loss: 1.3312, Train: 1.32%, Valid: 1.60%, Test: 1.53%, Best Valid: 39.85%, Best Test: 42.24%
Run 01:
Highest Train: 41.24
Highest Valid: 39.85
Highest Test: 42.24
Chosen epoch: 802
Final Train: 41.24
Final Test: 42.24
Label budget: 2/class -> 20 train nodes
Counting co-occurrence on train-train edges (leakage-free estimator)...
Count penalty frozen (2 train-train edges).
Epoch: 00, Loss: 2.7964, Train: 1.96%, Valid: 2.51%, Test: 2.14%, Best Valid: 2.51%, Best Test: 2.14%
Epoch: 100, Loss: 2.8033, Train: 6.04%, Valid: 6.25%, Test: 5.38%, Best Valid: 16.07%, Best Test: 15.34%
Switching Polynormer to global attention phase.
Epoch: 200, Loss: 2.5328, Train: 3.36%, Valid: 4.00%, Test: 3.64%, Best Valid: 36.18%, Best Test: 38.53%
Epoch: 300, Loss: 2.3386, Train: 3.84%, Valid: 3.75%, Test: 4.43%, Best Valid: 36.18%, Best Test: 38.53%
Epoch: 400, Loss: 2.2836, Train: 37.53%, Valid: 36.18%, Test: 38.31%, Best Valid: 36.73%, Best Test: 39.44%
Epoch: 500, Loss: 2.1566, Train: 3.78%, Valid: 4.00%, Test: 4.18%, Best Valid: 36.73%, Best Test: 39.44%
Epoch: 600, Loss: 1.9085, Train: 14.19%, Valid: 14.29%, Test: 13.60%, Best Valid: 36.73%, Best Test: 39.44%
Epoch: 700, Loss: 1.0385, Train: 18.98%, Valid: 19.78%, Test: 18.58%, Best Valid: 36.73%, Best Test: 39.44%
Epoch: 800, Loss: 0.5295, Train: 16.24%, Valid: 16.22%, Test: 15.16%, Best Valid: 39.35%, Best Test: 38.82%
Epoch: 900, Loss: 0.5042, Train: 36.98%, Valid: 37.71%, Test: 36.71%, Best Valid: 42.55%, Best Test: 41.04%
Epoch: 1000, Loss: 0.1399, Train: 23.23%, Valid: 23.56%, Test: 22.03%, Best Valid: 46.76%, Best Test: 45.00%
Epoch: 1100, Loss: 0.0507, Train: 29.41%, Valid: 30.65%, Test: 29.81%, Best Valid: 46.95%, Best Test: 45.51%
Run 02:
Highest Train: 45.78
Highest Valid: 46.95
Highest Test: 45.51
Chosen epoch: 1061
Final Train: 45.38
Final Test: 45.51
Label budget: 2/class -> 20 train nodes
Counting co-occurrence on train-train edges (leakage-free estimator)...
Count penalty frozen (0 train-train edges).
Epoch: 00, Loss: 2.9211, Train: 6.05%, Valid: 6.22%, Test: 5.34%, Best Valid: 6.22%, Best Test: 5.34%
Epoch: 100, Loss: 2.9283, Train: 15.50%, Valid: 16.00%, Test: 15.38%, Best Valid: 36.47%, Best Test: 38.93%
Switching Polynormer to global attention phase.
Epoch: 200, Loss: 2.5328, Train: 37.61%, Valid: 36.18%, Test: 38.53%, Best Valid: 36.47%, Best Test: 38.93%
Epoch: 300, Loss: 2.5574, Train: 3.10%, Valid: 3.13%, Test: 3.42%, Best Valid: 36.47%, Best Test: 38.93%
Epoch: 400, Loss: 2.3974, Train: 15.50%, Valid: 16.00%, Test: 15.38%, Best Valid: 36.47%, Best Test: 38.93%
Epoch: 500, Loss: 2.3401, Train: 3.10%, Valid: 3.13%, Test: 3.42%, Best Valid: 36.47%, Best Test: 38.93%
Epoch: 600, Loss: 2.3085, Train: 3.10%, Valid: 3.13%, Test: 3.42%, Best Valid: 36.47%, Best Test: 38.93%
Epoch: 700, Loss: 2.0242, Train: 3.10%, Valid: 3.13%, Test: 3.42%, Best Valid: 36.47%, Best Test: 38.93%
Epoch: 800, Loss: 2.2407, Train: 3.10%, Valid: 3.13%, Test: 3.42%, Best Valid: 36.47%, Best Test: 38.93%
Epoch: 900, Loss: 2.4641, Train: 3.10%, Valid: 3.13%, Test: 3.42%, Best Valid: 36.47%, Best Test: 38.93%
Epoch: 1000, Loss: 2.0324, Train: 3.10%, Valid: 3.13%, Test: 3.42%, Best Valid: 36.47%, Best Test: 38.93%
Epoch: 1100, Loss: 1.8535, Train: 3.10%, Valid: 3.13%, Test: 3.42%, Best Valid: 36.47%, Best Test: 38.93%
Run 03:
Highest Train: 37.81
Highest Valid: 36.47
Highest Test: 38.93
Chosen epoch: 86
Final Train: 37.81
Final Test: 38.93
Label budget: 2/class -> 20 train nodes
Counting co-occurrence on train-train edges (leakage-free estimator)...
Count penalty frozen (2 train-train edges).
Epoch: 00, Loss: 2.6252, Train: 3.76%, Valid: 3.64%, Test: 4.33%, Best Valid: 3.64%, Best Test: 4.33%
Epoch: 100, Loss: 2.8065, Train: 15.80%, Valid: 16.33%, Test: 14.69%, Best Valid: 36.18%, Best Test: 38.53%
Switching Polynormer to global attention phase.
Epoch: 200, Loss: 2.5322, Train: 3.36%, Valid: 4.00%, Test: 3.64%, Best Valid: 36.18%, Best Test: 38.53%
Epoch: 300, Loss: 2.1748, Train: 15.79%, Valid: 16.33%, Test: 14.69%, Best Valid: 36.18%, Best Test: 38.53%
Epoch: 400, Loss: 2.3095, Train: 3.11%, Valid: 3.13%, Test: 3.42%, Best Valid: 36.18%, Best Test: 38.53%
Epoch: 500, Loss: 2.2714, Train: 1.84%, Valid: 2.33%, Test: 2.07%, Best Valid: 36.18%, Best Test: 38.53%
Epoch: 600, Loss: 1.5085, Train: 13.61%, Valid: 13.67%, Test: 13.52%, Best Valid: 39.96%, Best Test: 41.66%
Epoch: 700, Loss: 1.0542, Train: 4.48%, Valid: 5.16%, Test: 5.02%, Best Valid: 39.96%, Best Test: 41.66%
Epoch: 800, Loss: 1.0522, Train: 18.94%, Valid: 19.78%, Test: 17.59%, Best Valid: 39.96%, Best Test: 41.66%
Epoch: 900, Loss: 0.9406, Train: 15.16%, Valid: 16.84%, Test: 15.34%, Best Valid: 39.96%, Best Test: 41.66%
Epoch: 1000, Loss: 1.0288, Train: 13.73%, Valid: 14.95%, Test: 13.34%, Best Valid: 39.96%, Best Test: 41.66%
Epoch: 1100, Loss: 0.5662, Train: 23.92%, Valid: 24.36%, Test: 23.59%, Best Valid: 39.96%, Best Test: 41.66%
Run 04:
Highest Train: 40.53
Highest Valid: 39.96
Highest Test: 41.66
Chosen epoch: 587
Final Train: 40.53
Final Test: 41.66
Label budget: 2/class -> 20 train nodes
Counting co-occurrence on train-train edges (leakage-free estimator)...
Count penalty frozen (0 train-train edges).
Epoch: 00, Loss: 2.9174, Train: 37.40%, Valid: 35.89%, Test: 38.17%, Best Valid: 35.89%, Best Test: 38.17%
Epoch: 100, Loss: 2.7673, Train: 11.93%, Valid: 12.47%, Test: 11.34%, Best Valid: 36.18%, Best Test: 38.53%
Switching Polynormer to global attention phase.
Epoch: 200, Loss: 2.6064, Train: 2.52%, Valid: 2.55%, Test: 2.80%, Best Valid: 36.18%, Best Test: 38.53%
Epoch: 300, Loss: 2.5773, Train: 3.36%, Valid: 4.00%, Test: 3.64%, Best Valid: 36.18%, Best Test: 38.53%
Epoch: 400, Loss: 2.3477, Train: 15.50%, Valid: 16.00%, Test: 15.38%, Best Valid: 37.02%, Best Test: 38.89%
Epoch: 500, Loss: 2.0850, Train: 15.79%, Valid: 16.33%, Test: 14.69%, Best Valid: 37.02%, Best Test: 38.89%
Epoch: 600, Loss: 2.0345, Train: 15.79%, Valid: 16.33%, Test: 14.69%, Best Valid: 37.02%, Best Test: 38.89%
Epoch: 700, Loss: 1.6378, Train: 15.79%, Valid: 16.33%, Test: 14.69%, Best Valid: 37.02%, Best Test: 38.89%
Epoch: 800, Loss: 1.7966, Train: 14.37%, Valid: 14.04%, Test: 13.27%, Best Valid: 37.02%, Best Test: 38.89%
Epoch: 900, Loss: 1.2872, Train: 34.09%, Valid: 32.36%, Test: 35.15%, Best Valid: 37.02%, Best Test: 38.89%
Epoch: 1000, Loss: 1.3402, Train: 11.21%, Valid: 9.60%, Test: 10.80%, Best Valid: 37.02%, Best Test: 38.89%
Epoch: 1100, Loss: 0.8785, Train: 11.42%, Valid: 11.09%, Test: 11.01%, Best Valid: 37.02%, Best Test: 38.89%
Run 05:
Highest Train: 38.04
Highest Valid: 37.02
Highest Test: 38.89
Chosen epoch: 349
Final Train: 38.04
Final Test: 38.89
Label budget: 2/class -> 20 train nodes
Counting co-occurrence on train-train edges (leakage-free estimator)...
Count penalty frozen (4 train-train edges).
Epoch: 00, Loss: 3.0371, Train: 3.36%, Valid: 4.00%, Test: 3.64%, Best Valid: 4.00%, Best Test: 3.64%
Epoch: 100, Loss: 2.6301, Train: 2.18%, Valid: 2.29%, Test: 2.36%, Best Valid: 36.18%, Best Test: 38.53%
Switching Polynormer to global attention phase.
Epoch: 200, Loss: 2.5328, Train: 3.36%, Valid: 4.00%, Test: 3.64%, Best Valid: 36.18%, Best Test: 38.53%
Epoch: 300, Loss: 2.5720, Train: 15.79%, Valid: 16.33%, Test: 14.69%, Best Valid: 36.18%, Best Test: 38.53%
Epoch: 400, Loss: 2.4938, Train: 6.04%, Valid: 6.25%, Test: 5.38%, Best Valid: 36.18%, Best Test: 38.53%
Epoch: 500, Loss: 2.3933, Train: 2.18%, Valid: 2.29%, Test: 2.36%, Best Valid: 36.18%, Best Test: 38.53%
Epoch: 600, Loss: 2.5708, Train: 2.18%, Valid: 2.29%, Test: 2.36%, Best Valid: 36.18%, Best Test: 38.53%
Epoch: 700, Loss: 2.1412, Train: 3.84%, Valid: 3.75%, Test: 4.43%, Best Valid: 36.18%, Best Test: 38.53%
Epoch: 800, Loss: 1.6906, Train: 15.79%, Valid: 16.33%, Test: 14.69%, Best Valid: 37.53%, Best Test: 39.55%
Epoch: 900, Loss: 1.6783, Train: 15.91%, Valid: 16.55%, Test: 14.72%, Best Valid: 37.53%, Best Test: 39.55%
Epoch: 1000, Loss: 1.3856, Train: 17.49%, Valid: 18.25%, Test: 16.39%, Best Valid: 37.53%, Best Test: 39.55%
Epoch: 1100, Loss: 1.1475, Train: 38.38%, Valid: 37.16%, Test: 39.08%, Best Valid: 37.93%, Best Test: 39.66%
Run 06:
Highest Train: 39.41
Highest Valid: 38.36
Highest Test: 40.28
Chosen epoch: 1117
Final Train: 39.34
Final Test: 39.77
Label budget: 2/class -> 20 train nodes
Counting co-occurrence on train-train edges (leakage-free estimator)...
Count penalty frozen (0 train-train edges).
Epoch: 00, Loss: 2.8986, Train: 2.34%, Valid: 2.36%, Test: 2.36%, Best Valid: 2.36%, Best Test: 2.36%
Epoch: 100, Loss: 2.9951, Train: 6.05%, Valid: 6.25%, Test: 5.38%, Best Valid: 16.33%, Best Test: 14.69%
Switching Polynormer to global attention phase.
Epoch: 200, Loss: 2.5328, Train: 3.84%, Valid: 3.75%, Test: 4.43%, Best Valid: 36.22%, Best Test: 38.53%
Epoch: 300, Loss: 2.4488, Train: 3.36%, Valid: 4.00%, Test: 3.64%, Best Valid: 36.22%, Best Test: 38.53%
Epoch: 400, Loss: 2.5278, Train: 15.79%, Valid: 16.33%, Test: 14.69%, Best Valid: 36.22%, Best Test: 38.53%
Epoch: 500, Loss: 2.5710, Train: 15.79%, Valid: 16.33%, Test: 14.69%, Best Valid: 36.22%, Best Test: 38.53%
Epoch: 600, Loss: 2.1059, Train: 4.22%, Valid: 4.73%, Test: 3.78%, Best Valid: 36.22%, Best Test: 38.53%
Epoch: 700, Loss: 1.4877, Train: 16.65%, Valid: 16.58%, Test: 16.10%, Best Valid: 36.22%, Best Test: 38.53%
Epoch: 800, Loss: 1.2497, Train: 27.21%, Valid: 25.45%, Test: 26.61%, Best Valid: 39.42%, Best Test: 40.39%
Epoch: 900, Loss: 0.5993, Train: 12.53%, Valid: 11.82%, Test: 12.43%, Best Valid: 39.42%, Best Test: 40.39%
Epoch: 1000, Loss: 0.1386, Train: 28.37%, Valid: 27.71%, Test: 29.04%, Best Valid: 39.42%, Best Test: 40.39%
Epoch: 1100, Loss: 0.2103, Train: 20.83%, Valid: 20.58%, Test: 20.25%, Best Valid: 39.42%, Best Test: 40.39%
Run 07:
Highest Train: 41.01
Highest Valid: 39.42
Highest Test: 41.22
Chosen epoch: 782
Final Train: 40.30
Final Test: 40.39
Label budget: 2/class -> 20 train nodes
Counting co-occurrence on train-train edges (leakage-free estimator)...
Count penalty frozen (0 train-train edges).
Epoch: 00, Loss: 2.7421, Train: 37.50%, Valid: 36.07%, Test: 38.46%, Best Valid: 36.07%, Best Test: 38.46%
Epoch: 100, Loss: 2.4941, Train: 3.10%, Valid: 3.13%, Test: 3.42%, Best Valid: 36.25%, Best Test: 38.64%
Switching Polynormer to global attention phase.
Epoch: 200, Loss: 2.5328, Train: 3.36%, Valid: 4.00%, Test: 3.64%, Best Valid: 36.25%, Best Test: 38.64%
Epoch: 300, Loss: 2.4691, Train: 1.96%, Valid: 2.55%, Test: 2.14%, Best Valid: 36.25%, Best Test: 38.64%
Epoch: 400, Loss: 2.4523, Train: 10.64%, Valid: 9.53%, Test: 10.03%, Best Valid: 36.25%, Best Test: 38.64%
Epoch: 500, Loss: 2.3932, Train: 10.02%, Valid: 10.11%, Test: 11.16%, Best Valid: 36.25%, Best Test: 38.64%
Epoch: 600, Loss: 1.6334, Train: 8.01%, Valid: 7.93%, Test: 7.85%, Best Valid: 36.25%, Best Test: 38.64%
Epoch: 700, Loss: 1.5350, Train: 2.84%, Valid: 2.62%, Test: 3.09%, Best Valid: 36.25%, Best Test: 38.64%
Epoch: 800, Loss: 1.3646, Train: 17.40%, Valid: 18.33%, Test: 17.81%, Best Valid: 36.25%, Best Test: 38.64%
Epoch: 900, Loss: 0.8105, Train: 22.02%, Valid: 24.22%, Test: 23.81%, Best Valid: 36.25%, Best Test: 38.64%
Epoch: 1000, Loss: 0.3952, Train: 29.06%, Valid: 28.58%, Test: 28.72%, Best Valid: 36.25%, Best Test: 38.64%
Epoch: 1100, Loss: 0.5313, Train: 26.88%, Valid: 26.44%, Test: 25.52%, Best Valid: 36.25%, Best Test: 38.64%
Run 08:
Highest Train: 37.68
Highest Valid: 36.25
Highest Test: 38.68
Chosen epoch: 91
Final Train: 37.63
Final Test: 38.64
Label budget: 2/class -> 20 train nodes
Counting co-occurrence on train-train edges (leakage-free estimator)...
Count penalty frozen (0 train-train edges).
Epoch: 00, Loss: 2.6114, Train: 3.36%, Valid: 4.00%, Test: 3.67%, Best Valid: 4.00%, Best Test: 3.67%
Epoch: 100, Loss: 3.0507, Train: 10.62%, Valid: 9.53%, Test: 10.03%, Best Valid: 36.18%, Best Test: 38.53%
Switching Polynormer to global attention phase.
Epoch: 200, Loss: 2.5341, Train: 1.96%, Valid: 2.55%, Test: 2.14%, Best Valid: 36.18%, Best Test: 38.53%
Epoch: 300, Loss: 2.5358, Train: 6.04%, Valid: 6.25%, Test: 5.38%, Best Valid: 36.18%, Best Test: 38.53%
Epoch: 400, Loss: 2.5418, Train: 2.18%, Valid: 2.29%, Test: 2.36%, Best Valid: 36.18%, Best Test: 38.53%
Epoch: 500, Loss: 2.3852, Train: 1.96%, Valid: 2.55%, Test: 2.14%, Best Valid: 36.18%, Best Test: 38.53%
Epoch: 600, Loss: 2.0948, Train: 1.96%, Valid: 2.55%, Test: 2.14%, Best Valid: 36.18%, Best Test: 38.53%
Epoch: 700, Loss: 2.1162, Train: 1.99%, Valid: 2.55%, Test: 2.14%, Best Valid: 36.18%, Best Test: 38.53%
Epoch: 800, Loss: 2.1630, Train: 1.96%, Valid: 2.55%, Test: 2.14%, Best Valid: 36.18%, Best Test: 38.53%
Epoch: 900, Loss: 1.8555, Train: 3.89%, Valid: 3.78%, Test: 4.43%, Best Valid: 36.18%, Best Test: 38.53%
Epoch: 1000, Loss: 1.6148, Train: 4.10%, Valid: 3.96%, Test: 4.62%, Best Valid: 36.18%, Best Test: 38.53%
Epoch: 1100, Loss: 0.7419, Train: 5.25%, Valid: 5.24%, Test: 5.78%, Best Valid: 36.18%, Best Test: 38.53%
Run 09:
Highest Train: 37.61
Highest Valid: 36.18
Highest Test: 38.53
Chosen epoch: 23
Final Train: 37.61
Final Test: 38.53
Label budget: 2/class -> 20 train nodes
Counting co-occurrence on train-train edges (leakage-free estimator)...
Count penalty frozen (0 train-train edges).
Epoch: 00, Loss: 3.0514, Train: 3.37%, Valid: 4.04%, Test: 3.64%, Best Valid: 4.04%, Best Test: 3.64%
Epoch: 100, Loss: 2.8713, Train: 2.18%, Valid: 2.29%, Test: 2.36%, Best Valid: 36.18%, Best Test: 38.53%
Switching Polynormer to global attention phase.
Epoch: 200, Loss: 2.5328, Train: 15.79%, Valid: 16.33%, Test: 14.69%, Best Valid: 40.18%, Best Test: 42.09%
Epoch: 300, Loss: 2.2002, Train: 10.64%, Valid: 9.56%, Test: 10.03%, Best Valid: 40.18%, Best Test: 42.09%
Epoch: 400, Loss: 1.3481, Train: 17.72%, Valid: 17.82%, Test: 16.18%, Best Valid: 40.18%, Best Test: 42.09%
Epoch: 500, Loss: 1.0424, Train: 21.54%, Valid: 21.45%, Test: 21.92%, Best Valid: 40.18%, Best Test: 42.09%
Epoch: 600, Loss: 0.6059, Train: 42.86%, Valid: 40.69%, Test: 42.35%, Best Valid: 49.20%, Best Test: 49.22%
Epoch: 700, Loss: 0.0909, Train: 46.93%, Valid: 45.35%, Test: 46.35%, Best Valid: 51.85%, Best Test: 52.85%
Epoch: 800, Loss: 0.0127, Train: 50.01%, Valid: 47.89%, Test: 50.16%, Best Valid: 52.87%, Best Test: 53.91%
Epoch: 900, Loss: 0.0829, Train: 55.14%, Valid: 53.53%, Test: 55.47%, Best Valid: 54.15%, Best Test: 55.29%
Epoch: 1000, Loss: 0.1305, Train: 42.67%, Valid: 42.22%, Test: 42.82%, Best Valid: 54.15%, Best Test: 55.29%
Epoch: 1100, Loss: 0.0175, Train: 53.36%, Valid: 53.05%, Test: 53.58%, Best Valid: 54.69%, Best Test: 55.62%
Run 10:
Highest Train: 56.13
Highest Valid: 54.69
Highest Test: 56.02
Chosen epoch: 1034
Final Train: 55.98
Final Test: 55.62
All runs:
Highest Train: 41.52 ± 5.71
Highest Test: 42.20 ± 5.32
Highest Valid: 40.52 ± 5.91
  Final Train: 41.39 ± 5.65
   Final Test: 42.02 ± 5.25
Saving results to ../results/lowlabel/amazon-computer/polynormer.csv
--- count_reg | lambda=0.2 ---
Namespace(aggregate='add', alpha=0.5, attention='gcn', beta=-1.0, bn=False, budget_tag='2', count_reg=True, count_smoothing=1.0, cpu=False, data_dir='../data/', dataset='amazon-computer', device=0, dim_inner=64, display_step=100, dropout=0.7, epochs=500, global_dropout=None, global_epochs=1000, global_layers=1, gnn='gcn', graph_weight=0.8, hidden_channels=64, hops=10, in_dropout=0.2, jk=False, label_num_per_class=20, lambda_val=0.2, layers=1, ln=False, local_epochs=200, local_gnn_type='GCN', local_layers=5, lr=0.001, metric='acc', mlp_epochs=500, mlp_reg=False, model='polynormer', model_dir='models/lowlabel_1161133_176', n_heads=8, num_centroids=4096, num_heads=8, oracle_reg=False, paired_seeds=True, pe_types='RWSE', penalty_transform='none', pre_linear=False, pre_ln=False, rand_split=False, rand_split_class=False, reg_start_epoch=10, reg_update_freq=5, res=False, resample_split_per_run=False, result_dir='../results/lowlabel', runs=10, save_model=True, save_result=False, seed=42, test_num=1000, tr_dropout=None, tr_layers=1, tr_weight_decay=None, train_per_class=2, train_prop=0.5, use_act=False, use_bn=False, use_graph=False, use_reg=True, use_residual=False, use_weight=False, valid_num=500, valid_per_class=0, valid_prop=0.25, weight_decay=5e-05)
amazon-computer
dataset amazon-computer | num nodes 13752 | num edge 491722 | num node feats 767 | num classes 10
MODEL: Polynormer(
  (h_lins): ModuleList(
    (0): Linear(in_features=512, out_features=512, bias=True)
    (1): Linear(in_features=512, out_features=512, bias=True)
    (2): Linear(in_features=512, out_features=512, bias=True)
    (3): Linear(in_features=512, out_features=512, bias=True)
    (4): Linear(in_features=512, out_features=512, bias=True)
  )
  (local_convs): ModuleList(
    (0): GATConv(512, 64, heads=8)
    (1): GATConv(512, 64, heads=8)
    (2): GATConv(512, 64, heads=8)
    (3): GATConv(512, 64, heads=8)
    (4): GATConv(512, 64, heads=8)
  )
  (lins): ModuleList(
    (0): Linear(in_features=512, out_features=512, bias=True)
    (1): Linear(in_features=512, out_features=512, bias=True)
    (2): Linear(in_features=512, out_features=512, bias=True)
    (3): Linear(in_features=512, out_features=512, bias=True)
    (4): Linear(in_features=512, out_features=512, bias=True)
  )
  (lns): ModuleList(
    (0): LayerNorm((512,), eps=1e-05, elementwise_affine=True)
    (1): LayerNorm((512,), eps=1e-05, elementwise_affine=True)
    (2): LayerNorm((512,), eps=1e-05, elementwise_affine=True)
    (3): LayerNorm((512,), eps=1e-05, elementwise_affine=True)
    (4): LayerNorm((512,), eps=1e-05, elementwise_affine=True)
  )
  (lin_in): Linear(in_features=767, out_features=512, bias=True)
  (ln): LayerNorm((512,), eps=1e-05, elementwise_affine=True)
  (global_attn): GlobalAttn(
    (h_lins): ModuleList(
      (0): Linear(in_features=512, out_features=512, bias=True)
    )
    (k_lins): ModuleList(
      (0): Linear(in_features=512, out_features=512, bias=True)
    )
    (v_lins): ModuleList(
      (0): Linear(in_features=512, out_features=512, bias=True)
    )
    (lns): ModuleList(
      (0): LayerNorm((512,), eps=1e-05, elementwise_affine=True)
    )
    (lin_out): Linear(in_features=512, out_features=512, bias=True)
  )
  (pred_local): Linear(in_features=512, out_features=10, bias=True)
  (pred_global): Linear(in_features=512, out_features=10, bias=True)
)
Label budget: 2/class -> 20 train nodes
Counting co-occurrence on train-train edges (leakage-free estimator)...
Count penalty frozen (0 train-train edges).
Epoch: 00, Loss: 3.2443, Train: 14.75%, Valid: 14.55%, Test: 14.58%, Best Valid: 14.55%, Best Test: 14.58%
Epoch: 100, Loss: 3.0038, Train: 3.36%, Valid: 4.00%, Test: 3.64%, Best Valid: 29.09%, Best Test: 32.21%
Switching Polynormer to global attention phase.
Epoch: 200, Loss: 2.8193, Train: 37.61%, Valid: 36.18%, Test: 38.53%, Best Valid: 36.18%, Best Test: 38.53%
Epoch: 300, Loss: 2.7148, Train: 3.10%, Valid: 3.13%, Test: 3.42%, Best Valid: 36.18%, Best Test: 38.53%
Epoch: 400, Loss: 2.6049, Train: 15.50%, Valid: 16.00%, Test: 15.38%, Best Valid: 36.18%, Best Test: 38.53%
Epoch: 500, Loss: 2.7486, Train: 37.61%, Valid: 36.18%, Test: 38.53%, Best Valid: 36.18%, Best Test: 38.53%
Epoch: 600, Loss: 2.3517, Train: 2.18%, Valid: 2.29%, Test: 2.36%, Best Valid: 36.18%, Best Test: 38.53%
Epoch: 700, Loss: 2.2128, Train: 2.18%, Valid: 2.29%, Test: 2.36%, Best Valid: 36.18%, Best Test: 38.53%
Epoch: 800, Loss: 1.6622, Train: 17.43%, Valid: 17.67%, Test: 16.36%, Best Valid: 36.18%, Best Test: 38.53%
Epoch: 900, Loss: 1.5661, Train: 20.96%, Valid: 21.05%, Test: 21.19%, Best Valid: 36.18%, Best Test: 38.53%
Epoch: 1000, Loss: 1.5254, Train: 16.80%, Valid: 16.07%, Test: 16.65%, Best Valid: 36.18%, Best Test: 38.53%
Epoch: 1100, Loss: 1.0333, Train: 21.62%, Valid: 21.78%, Test: 20.54%, Best Valid: 36.18%, Best Test: 38.53%
Run 01:
Highest Train: 37.61
Highest Valid: 36.84
Highest Test: 38.53
Chosen epoch: 1183
Final Train: 36.99
Final Test: 37.55
Label budget: 2/class -> 20 train nodes
Counting co-occurrence on train-train edges (leakage-free estimator)...
Count penalty frozen (2 train-train edges).
Epoch: 00, Loss: 3.0506, Train: 1.96%, Valid: 2.51%, Test: 2.14%, Best Valid: 2.51%, Best Test: 2.14%
Epoch: 100, Loss: 3.7385, Train: 3.36%, Valid: 4.00%, Test: 3.64%, Best Valid: 16.44%, Best Test: 14.61%
Switching Polynormer to global attention phase.
Epoch: 200, Loss: 2.7631, Train: 3.36%, Valid: 4.00%, Test: 3.64%, Best Valid: 18.98%, Best Test: 18.50%
Epoch: 300, Loss: 2.7625, Train: 3.36%, Valid: 4.00%, Test: 3.64%, Best Valid: 36.18%, Best Test: 38.53%
Epoch: 400, Loss: 2.5752, Train: 37.61%, Valid: 36.18%, Test: 38.53%, Best Valid: 36.22%, Best Test: 38.50%
Epoch: 500, Loss: 2.3192, Train: 16.51%, Valid: 17.13%, Test: 15.81%, Best Valid: 36.22%, Best Test: 38.50%
Epoch: 600, Loss: 1.6039, Train: 12.60%, Valid: 11.49%, Test: 12.72%, Best Valid: 36.22%, Best Test: 38.50%
Epoch: 700, Loss: 1.0662, Train: 9.65%, Valid: 9.75%, Test: 9.23%, Best Valid: 36.22%, Best Test: 38.50%
Epoch: 800, Loss: 0.9404, Train: 10.50%, Valid: 10.29%, Test: 9.74%, Best Valid: 36.22%, Best Test: 38.50%
Epoch: 900, Loss: 1.5143, Train: 16.66%, Valid: 16.91%, Test: 16.28%, Best Valid: 36.22%, Best Test: 38.50%
Epoch: 1000, Loss: 0.5759, Train: 22.05%, Valid: 22.04%, Test: 22.94%, Best Valid: 36.22%, Best Test: 38.50%
Epoch: 1100, Loss: 0.2800, Train: 18.62%, Valid: 19.60%, Test: 19.08%, Best Valid: 36.22%, Best Test: 38.50%
Run 02:
Highest Train: 37.63
Highest Valid: 36.22
Highest Test: 38.53
Chosen epoch: 363
Final Train: 37.62
Final Test: 38.50
Label budget: 2/class -> 20 train nodes
Counting co-occurrence on train-train edges (leakage-free estimator)...
Count penalty frozen (0 train-train edges).
Epoch: 00, Loss: 3.1866, Train: 6.05%, Valid: 6.22%, Test: 5.34%, Best Valid: 6.22%, Best Test: 5.34%
Epoch: 100, Loss: 2.8407, Train: 6.05%, Valid: 6.25%, Test: 5.38%, Best Valid: 36.18%, Best Test: 38.53%
Switching Polynormer to global attention phase.
Epoch: 200, Loss: 2.7991, Train: 10.62%, Valid: 9.53%, Test: 10.03%, Best Valid: 36.18%, Best Test: 38.53%
Epoch: 300, Loss: 2.8823, Train: 3.36%, Valid: 4.00%, Test: 3.64%, Best Valid: 36.18%, Best Test: 38.53%
Epoch: 400, Loss: 2.7658, Train: 15.50%, Valid: 16.00%, Test: 15.38%, Best Valid: 36.18%, Best Test: 38.53%
Epoch: 500, Loss: 2.5667, Train: 2.18%, Valid: 2.29%, Test: 2.36%, Best Valid: 36.18%, Best Test: 38.53%
Epoch: 600, Loss: 2.4797, Train: 15.79%, Valid: 16.33%, Test: 14.69%, Best Valid: 36.18%, Best Test: 38.53%
Epoch: 700, Loss: 2.1502, Train: 15.79%, Valid: 16.33%, Test: 14.69%, Best Valid: 36.18%, Best Test: 38.53%
Epoch: 800, Loss: 2.6182, Train: 3.84%, Valid: 3.75%, Test: 4.43%, Best Valid: 36.18%, Best Test: 38.53%
Epoch: 900, Loss: 2.3367, Train: 15.79%, Valid: 16.33%, Test: 14.69%, Best Valid: 36.18%, Best Test: 38.53%
Epoch: 1000, Loss: 2.0503, Train: 15.79%, Valid: 16.33%, Test: 14.69%, Best Valid: 36.18%, Best Test: 38.53%
Epoch: 1100, Loss: 2.1705, Train: 15.79%, Valid: 16.33%, Test: 14.69%, Best Valid: 36.18%, Best Test: 38.53%
Run 03:
Highest Train: 37.61
Highest Valid: 36.18
Highest Test: 38.53
Chosen epoch: 13
Final Train: 37.61
Final Test: 38.53
Label budget: 2/class -> 20 train nodes
Counting co-occurrence on train-train edges (leakage-free estimator)...
Count penalty frozen (2 train-train edges).
Epoch: 00, Loss: 2.8638, Train: 3.77%, Valid: 3.64%, Test: 4.33%, Best Valid: 3.64%, Best Test: 4.33%
Epoch: 100, Loss: 2.8230, Train: 15.50%, Valid: 16.00%, Test: 15.38%, Best Valid: 36.18%, Best Test: 38.53%
Switching Polynormer to global attention phase.
Epoch: 200, Loss: 2.7611, Train: 3.36%, Valid: 4.00%, Test: 3.64%, Best Valid: 36.18%, Best Test: 38.53%
Epoch: 300, Loss: 2.6817, Train: 3.36%, Valid: 4.00%, Test: 3.64%, Best Valid: 36.18%, Best Test: 38.53%
Epoch: 400, Loss: 2.4398, Train: 6.04%, Valid: 6.25%, Test: 5.38%, Best Valid: 36.18%, Best Test: 38.53%
Epoch: 500, Loss: 2.5726, Train: 2.18%, Valid: 2.29%, Test: 2.36%, Best Valid: 36.18%, Best Test: 38.53%
Epoch: 600, Loss: 1.9309, Train: 15.79%, Valid: 16.33%, Test: 14.69%, Best Valid: 36.18%, Best Test: 38.53%
Epoch: 700, Loss: 1.9191, Train: 4.50%, Valid: 5.20%, Test: 5.09%, Best Valid: 36.18%, Best Test: 38.53%
Epoch: 800, Loss: 1.5272, Train: 15.46%, Valid: 16.04%, Test: 15.99%, Best Valid: 36.18%, Best Test: 38.53%
Epoch: 900, Loss: 1.3683, Train: 6.42%, Valid: 7.16%, Test: 6.07%, Best Valid: 36.18%, Best Test: 38.53%
Epoch: 1000, Loss: 0.5849, Train: 11.99%, Valid: 13.31%, Test: 11.45%, Best Valid: 36.18%, Best Test: 38.53%
Epoch: 1100, Loss: 0.8508, Train: 5.76%, Valid: 6.04%, Test: 5.63%, Best Valid: 36.18%, Best Test: 38.53%
Run 04:
Highest Train: 37.61
Highest Valid: 36.18
Highest Test: 38.53
Chosen epoch: 15
Final Train: 37.61
Final Test: 38.53
Label budget: 2/class -> 20 train nodes
Counting co-occurrence on train-train edges (leakage-free estimator)...
Count penalty frozen (0 train-train edges).
Epoch: 00, Loss: 3.1826, Train: 37.40%, Valid: 35.89%, Test: 38.17%, Best Valid: 35.89%, Best Test: 38.17%
Epoch: 100, Loss: 2.7870, Train: 10.62%, Valid: 9.53%, Test: 10.03%, Best Valid: 36.18%, Best Test: 38.53%
Switching Polynormer to global attention phase.
Epoch: 200, Loss: 2.8433, Train: 2.38%, Valid: 2.33%, Test: 2.76%, Best Valid: 36.18%, Best Test: 38.53%
Epoch: 300, Loss: 2.5369, Train: 37.61%, Valid: 36.18%, Test: 38.53%, Best Valid: 36.18%, Best Test: 38.53%
Epoch: 400, Loss: 2.3345, Train: 1.96%, Valid: 2.55%, Test: 2.14%, Best Valid: 36.18%, Best Test: 38.53%
Epoch: 500, Loss: 2.3801, Train: 37.62%, Valid: 36.15%, Test: 38.53%, Best Valid: 37.35%, Best Test: 39.55%
Epoch: 600, Loss: 2.0529, Train: 21.27%, Valid: 20.80%, Test: 21.48%, Best Valid: 37.75%, Best Test: 39.73%
Epoch: 700, Loss: 1.7425, Train: 3.31%, Valid: 3.89%, Test: 3.60%, Best Valid: 37.75%, Best Test: 39.73%
Epoch: 800, Loss: 2.1583, Train: 4.63%, Valid: 5.05%, Test: 4.76%, Best Valid: 37.75%, Best Test: 39.73%
Epoch: 900, Loss: 1.4825, Train: 32.51%, Valid: 31.24%, Test: 33.04%, Best Valid: 37.75%, Best Test: 39.73%
Epoch: 1000, Loss: 1.3177, Train: 14.52%, Valid: 14.07%, Test: 13.99%, Best Valid: 37.75%, Best Test: 39.73%
Epoch: 1100, Loss: 1.2293, Train: 5.42%, Valid: 4.84%, Test: 5.23%, Best Valid: 38.07%, Best Test: 39.95%
Run 05:
Highest Train: 39.20
Highest Valid: 38.07
Highest Test: 39.95
Chosen epoch: 1068
Final Train: 39.20
Final Test: 39.95
Label budget: 2/class -> 20 train nodes
Counting co-occurrence on train-train edges (leakage-free estimator)...
Count penalty frozen (4 train-train edges).
Epoch: 00, Loss: 3.3132, Train: 3.36%, Valid: 4.00%, Test: 3.64%, Best Valid: 4.00%, Best Test: 3.64%
Epoch: 100, Loss: 3.0295, Train: 2.18%, Valid: 2.29%, Test: 2.36%, Best Valid: 36.18%, Best Test: 38.53%
Switching Polynormer to global attention phase.
Epoch: 200, Loss: 2.7631, Train: 6.04%, Valid: 6.25%, Test: 5.38%, Best Valid: 37.27%, Best Test: 38.02%
Epoch: 300, Loss: 2.5097, Train: 15.89%, Valid: 16.22%, Test: 14.79%, Best Valid: 37.27%, Best Test: 38.02%
Epoch: 400, Loss: 1.6961, Train: 16.19%, Valid: 17.35%, Test: 15.41%, Best Valid: 37.27%, Best Test: 38.02%
Epoch: 500, Loss: 0.6177, Train: 20.88%, Valid: 21.27%, Test: 20.87%, Best Valid: 38.33%, Best Test: 39.19%
Epoch: 600, Loss: 0.4222, Train: 22.89%, Valid: 21.35%, Test: 23.74%, Best Valid: 38.33%, Best Test: 39.19%
Epoch: 700, Loss: 0.8366, Train: 19.91%, Valid: 19.31%, Test: 20.10%, Best Valid: 38.33%, Best Test: 39.19%
Epoch: 800, Loss: 0.0801, Train: 17.28%, Valid: 17.60%, Test: 16.98%, Best Valid: 38.33%, Best Test: 39.19%
Epoch: 900, Loss: 0.0885, Train: 23.44%, Valid: 22.80%, Test: 24.06%, Best Valid: 38.33%, Best Test: 39.19%
Epoch: 1000, Loss: 0.0415, Train: 26.63%, Valid: 26.36%, Test: 26.75%, Best Valid: 38.33%, Best Test: 39.19%
Epoch: 1100, Loss: 0.1287, Train: 19.27%, Valid: 19.56%, Test: 20.25%, Best Valid: 38.33%, Best Test: 39.19%
Run 06:
Highest Train: 39.35
Highest Valid: 38.33
Highest Test: 39.62
Chosen epoch: 483
Final Train: 38.88
Final Test: 39.19
Label budget: 2/class -> 20 train nodes
Counting co-occurrence on train-train edges (leakage-free estimator)...
Count penalty frozen (0 train-train edges).
Epoch: 00, Loss: 3.1621, Train: 2.34%, Valid: 2.36%, Test: 2.36%, Best Valid: 2.36%, Best Test: 2.36%
Epoch: 100, Loss: 3.7038, Train: 4.38%, Valid: 4.15%, Test: 4.69%, Best Valid: 15.42%, Best Test: 14.83%
Switching Polynormer to global attention phase.
Epoch: 200, Loss: 2.7631, Train: 1.96%, Valid: 2.55%, Test: 2.14%, Best Valid: 37.42%, Best Test: 39.55%
Epoch: 300, Loss: 2.6465, Train: 35.26%, Valid: 33.20%, Test: 35.99%, Best Valid: 37.42%, Best Test: 39.55%
Epoch: 400, Loss: 1.0515, Train: 29.73%, Valid: 27.53%, Test: 30.24%, Best Valid: 37.42%, Best Test: 39.55%
Epoch: 500, Loss: 0.1960, Train: 20.11%, Valid: 20.18%, Test: 19.12%, Best Valid: 37.42%, Best Test: 39.55%
Epoch: 600, Loss: 0.3050, Train: 21.49%, Valid: 21.05%, Test: 19.85%, Best Valid: 37.42%, Best Test: 39.55%
Epoch: 700, Loss: 0.0044, Train: 28.95%, Valid: 28.51%, Test: 28.10%, Best Valid: 37.42%, Best Test: 39.55%
Epoch: 800, Loss: 0.1745, Train: 21.88%, Valid: 21.67%, Test: 21.34%, Best Valid: 37.42%, Best Test: 39.55%
Epoch: 900, Loss: 0.0032, Train: 25.17%, Valid: 24.55%, Test: 24.25%, Best Valid: 37.42%, Best Test: 39.55%
Epoch: 1000, Loss: 0.0045, Train: 26.61%, Valid: 26.00%, Test: 25.15%, Best Valid: 37.42%, Best Test: 39.55%
Epoch: 1100, Loss: 0.0181, Train: 27.65%, Valid: 27.27%, Test: 26.72%, Best Valid: 37.42%, Best Test: 39.55%
Run 07:
Highest Train: 39.10
Highest Valid: 37.42
Highest Test: 39.55
Chosen epoch: 198
Final Train: 39.10
Final Test: 39.55
Label budget: 2/class -> 20 train nodes
Counting co-occurrence on train-train edges (leakage-free estimator)...
Count penalty frozen (0 train-train edges).
Epoch: 00, Loss: 2.9914, Train: 37.50%, Valid: 36.07%, Test: 38.46%, Best Valid: 36.07%, Best Test: 38.46%
Epoch: 100, Loss: 3.0604, Train: 15.80%, Valid: 16.33%, Test: 14.69%, Best Valid: 36.18%, Best Test: 38.53%
Switching Polynormer to global attention phase.
Epoch: 200, Loss: 2.8096, Train: 15.79%, Valid: 16.33%, Test: 14.69%, Best Valid: 36.18%, Best Test: 38.53%
Epoch: 300, Loss: 2.8669, Train: 10.62%, Valid: 9.53%, Test: 10.03%, Best Valid: 36.18%, Best Test: 38.53%
Epoch: 400, Loss: 2.6848, Train: 15.50%, Valid: 16.00%, Test: 15.38%, Best Valid: 36.18%, Best Test: 38.53%
Epoch: 500, Loss: 2.6100, Train: 3.84%, Valid: 3.75%, Test: 4.43%, Best Valid: 36.18%, Best Test: 38.53%
Epoch: 600, Loss: 2.4887, Train: 4.35%, Valid: 4.22%, Test: 4.73%, Best Valid: 36.33%, Best Test: 38.68%
Epoch: 700, Loss: 1.9935, Train: 17.46%, Valid: 18.18%, Test: 17.27%, Best Valid: 36.33%, Best Test: 38.68%
Epoch: 800, Loss: 1.8965, Train: 17.78%, Valid: 18.29%, Test: 17.67%, Best Valid: 36.33%, Best Test: 38.68%
Epoch: 900, Loss: 1.6822, Train: 17.37%, Valid: 17.93%, Test: 17.12%, Best Valid: 36.33%, Best Test: 38.68%
Epoch: 1000, Loss: 1.6120, Train: 19.12%, Valid: 19.75%, Test: 18.90%, Best Valid: 36.33%, Best Test: 38.68%
Epoch: 1100, Loss: 1.1789, Train: 18.47%, Valid: 18.84%, Test: 18.18%, Best Valid: 36.33%, Best Test: 38.68%
Run 08:
Highest Train: 37.67
Highest Valid: 36.33
Highest Test: 38.68
Chosen epoch: 512
Final Train: 37.67
Final Test: 38.68
Label budget: 2/class -> 20 train nodes
Counting co-occurrence on train-train edges (leakage-free estimator)...
Count penalty frozen (0 train-train edges).
Epoch: 00, Loss: 2.8488, Train: 3.36%, Valid: 4.00%, Test: 3.67%, Best Valid: 4.00%, Best Test: 3.67%
Epoch: 100, Loss: 2.7425, Train: 2.18%, Valid: 2.29%, Test: 2.36%, Best Valid: 37.38%, Best Test: 39.59%
Switching Polynormer to global attention phase.
Epoch: 200, Loss: 2.7631, Train: 15.50%, Valid: 16.00%, Test: 15.38%, Best Valid: 37.38%, Best Test: 39.59%
Epoch: 300, Loss: 2.8121, Train: 2.18%, Valid: 2.29%, Test: 2.36%, Best Valid: 37.38%, Best Test: 39.59%
Epoch: 400, Loss: 2.7211, Train: 15.50%, Valid: 16.00%, Test: 15.38%, Best Valid: 37.38%, Best Test: 39.59%
Epoch: 500, Loss: 2.4851, Train: 15.50%, Valid: 16.00%, Test: 15.38%, Best Valid: 37.38%, Best Test: 39.59%
Epoch: 600, Loss: 2.4040, Train: 1.99%, Valid: 2.55%, Test: 2.14%, Best Valid: 37.38%, Best Test: 39.59%
Epoch: 700, Loss: 2.1838, Train: 2.00%, Valid: 2.55%, Test: 2.14%, Best Valid: 37.38%, Best Test: 39.59%
Epoch: 800, Loss: 2.1123, Train: 15.50%, Valid: 16.00%, Test: 15.38%, Best Valid: 37.38%, Best Test: 39.59%
Epoch: 900, Loss: 1.7816, Train: 15.50%, Valid: 16.00%, Test: 15.38%, Best Valid: 37.38%, Best Test: 39.59%
Epoch: 1000, Loss: 1.6138, Train: 15.43%, Valid: 15.93%, Test: 15.19%, Best Valid: 37.38%, Best Test: 39.59%
Epoch: 1100, Loss: 1.5115, Train: 3.85%, Valid: 4.40%, Test: 3.96%, Best Valid: 37.38%, Best Test: 39.59%
Run 09:
Highest Train: 38.52
Highest Valid: 37.38
Highest Test: 39.59
Chosen epoch: 66
Final Train: 38.52
Final Test: 39.59
Label budget: 2/class -> 20 train nodes
Counting co-occurrence on train-train edges (leakage-free estimator)...
Count penalty frozen (0 train-train edges).
Epoch: 00, Loss: 3.3288, Train: 3.37%, Valid: 4.04%, Test: 3.64%, Best Valid: 4.04%, Best Test: 3.64%
Epoch: 100, Loss: 2.9779, Train: 4.97%, Valid: 5.85%, Test: 5.34%, Best Valid: 36.18%, Best Test: 38.53%
Switching Polynormer to global attention phase.
Epoch: 200, Loss: 2.7654, Train: 6.04%, Valid: 6.25%, Test: 5.38%, Best Valid: 36.18%, Best Test: 38.53%
Epoch: 300, Loss: 2.7186, Train: 15.50%, Valid: 16.00%, Test: 15.38%, Best Valid: 36.18%, Best Test: 38.53%
Epoch: 400, Loss: 2.7954, Train: 1.96%, Valid: 2.55%, Test: 2.14%, Best Valid: 36.18%, Best Test: 38.53%
Epoch: 500, Loss: 2.7638, Train: 15.79%, Valid: 16.33%, Test: 14.69%, Best Valid: 36.18%, Best Test: 38.53%
Epoch: 600, Loss: 2.9188, Train: 2.18%, Valid: 2.29%, Test: 2.36%, Best Valid: 36.18%, Best Test: 38.53%
Epoch: 700, Loss: 2.8178, Train: 3.36%, Valid: 4.00%, Test: 3.64%, Best Valid: 36.18%, Best Test: 38.53%
Epoch: 800, Loss: 2.7905, Train: 37.61%, Valid: 36.18%, Test: 38.53%, Best Valid: 36.18%, Best Test: 38.53%
Epoch: 900, Loss: 2.7710, Train: 15.50%, Valid: 16.00%, Test: 15.38%, Best Valid: 36.22%, Best Test: 38.57%
Epoch: 1000, Loss: 2.7299, Train: 6.04%, Valid: 6.25%, Test: 5.38%, Best Valid: 36.22%, Best Test: 38.57%
Epoch: 1100, Loss: 2.7364, Train: 6.04%, Valid: 6.25%, Test: 5.38%, Best Valid: 36.22%, Best Test: 38.57%
Run 10:
Highest Train: 38.03
Highest Valid: 36.22
Highest Test: 38.57
Chosen epoch: 805
Final Train: 37.63
Final Test: 38.57
All runs:
Highest Train: 38.23 ± 0.74
Highest Test: 39.01 ± 0.59
Highest Valid: 36.92 ± 0.83
  Final Train: 38.08 ± 0.77
   Final Test: 38.86 ± 0.71
Saving results to ../results/lowlabel/amazon-computer/polynormer.csv
--- count_reg | lambda=0.4 ---
Namespace(aggregate='add', alpha=0.5, attention='gcn', beta=-1.0, bn=False, budget_tag='2', count_reg=True, count_smoothing=1.0, cpu=False, data_dir='../data/', dataset='amazon-computer', device=0, dim_inner=64, display_step=100, dropout=0.7, epochs=500, global_dropout=None, global_epochs=1000, global_layers=1, gnn='gcn', graph_weight=0.8, hidden_channels=64, hops=10, in_dropout=0.2, jk=False, label_num_per_class=20, lambda_val=0.4, layers=1, ln=False, local_epochs=200, local_gnn_type='GCN', local_layers=5, lr=0.001, metric='acc', mlp_epochs=500, mlp_reg=False, model='polynormer', model_dir='models/lowlabel_1161133_176', n_heads=8, num_centroids=4096, num_heads=8, oracle_reg=False, paired_seeds=True, pe_types='RWSE', penalty_transform='none', pre_linear=False, pre_ln=False, rand_split=False, rand_split_class=False, reg_start_epoch=10, reg_update_freq=5, res=False, resample_split_per_run=False, result_dir='../results/lowlabel', runs=10, save_model=True, save_result=False, seed=42, test_num=1000, tr_dropout=None, tr_layers=1, tr_weight_decay=None, train_per_class=2, train_prop=0.5, use_act=False, use_bn=False, use_graph=False, use_reg=True, use_residual=False, use_weight=False, valid_num=500, valid_per_class=0, valid_prop=0.25, weight_decay=5e-05)
amazon-computer
dataset amazon-computer | num nodes 13752 | num edge 491722 | num node feats 767 | num classes 10
MODEL: Polynormer(
  (h_lins): ModuleList(
    (0): Linear(in_features=512, out_features=512, bias=True)
    (1): Linear(in_features=512, out_features=512, bias=True)
    (2): Linear(in_features=512, out_features=512, bias=True)
    (3): Linear(in_features=512, out_features=512, bias=True)
    (4): Linear(in_features=512, out_features=512, bias=True)
  )
  (local_convs): ModuleList(
    (0): GATConv(512, 64, heads=8)
    (1): GATConv(512, 64, heads=8)
    (2): GATConv(512, 64, heads=8)
    (3): GATConv(512, 64, heads=8)
    (4): GATConv(512, 64, heads=8)
  )
  (lins): ModuleList(
    (0): Linear(in_features=512, out_features=512, bias=True)
    (1): Linear(in_features=512, out_features=512, bias=True)
    (2): Linear(in_features=512, out_features=512, bias=True)
    (3): Linear(in_features=512, out_features=512, bias=True)
    (4): Linear(in_features=512, out_features=512, bias=True)
  )
  (lns): ModuleList(
    (0): LayerNorm((512,), eps=1e-05, elementwise_affine=True)
    (1): LayerNorm((512,), eps=1e-05, elementwise_affine=True)
    (2): LayerNorm((512,), eps=1e-05, elementwise_affine=True)
    (3): LayerNorm((512,), eps=1e-05, elementwise_affine=True)
    (4): LayerNorm((512,), eps=1e-05, elementwise_affine=True)
  )
  (lin_in): Linear(in_features=767, out_features=512, bias=True)
  (ln): LayerNorm((512,), eps=1e-05, elementwise_affine=True)
  (global_attn): GlobalAttn(
    (h_lins): ModuleList(
      (0): Linear(in_features=512, out_features=512, bias=True)
    )
    (k_lins): ModuleList(
      (0): Linear(in_features=512, out_features=512, bias=True)
    )
    (v_lins): ModuleList(
      (0): Linear(in_features=512, out_features=512, bias=True)
    )
    (lns): ModuleList(
      (0): LayerNorm((512,), eps=1e-05, elementwise_affine=True)
    )
    (lin_out): Linear(in_features=512, out_features=512, bias=True)
  )
  (pred_local): Linear(in_features=512, out_features=10, bias=True)
  (pred_global): Linear(in_features=512, out_features=10, bias=True)
)
Label budget: 2/class -> 20 train nodes
Counting co-occurrence on train-train edges (leakage-free estimator)...
Count penalty frozen (0 train-train edges).
Epoch: 00, Loss: 3.7850, Train: 14.75%, Valid: 14.55%, Test: 14.58%, Best Valid: 14.55%, Best Test: 14.58%
Epoch: 100, Loss: 3.3471, Train: 2.19%, Valid: 2.29%, Test: 2.36%, Best Valid: 28.84%, Best Test: 32.06%
Switching Polynormer to global attention phase.
Epoch: 200, Loss: 3.2579, Train: 15.79%, Valid: 16.33%, Test: 14.69%, Best Valid: 41.56%, Best Test: 43.11%
Epoch: 300, Loss: 3.2814, Train: 15.49%, Valid: 16.00%, Test: 15.41%, Best Valid: 41.56%, Best Test: 43.11%
Epoch: 400, Loss: 2.2834, Train: 16.69%, Valid: 18.69%, Test: 17.52%, Best Valid: 41.56%, Best Test: 43.11%
Epoch: 500, Loss: 2.0520, Train: 7.99%, Valid: 7.09%, Test: 8.32%, Best Valid: 41.56%, Best Test: 43.11%
Epoch: 600, Loss: 1.1429, Train: 31.32%, Valid: 30.22%, Test: 30.24%, Best Valid: 41.56%, Best Test: 43.11%
Epoch: 700, Loss: 0.8721, Train: 24.49%, Valid: 24.65%, Test: 23.19%, Best Valid: 41.56%, Best Test: 43.11%
Epoch: 800, Loss: 0.1794, Train: 26.77%, Valid: 26.69%, Test: 25.95%, Best Valid: 41.56%, Best Test: 43.11%
Epoch: 900, Loss: 0.1682, Train: 29.45%, Valid: 29.60%, Test: 29.15%, Best Valid: 47.31%, Best Test: 46.71%
Epoch: 1000, Loss: 0.5216, Train: 30.65%, Valid: 31.16%, Test: 31.12%, Best Valid: 47.31%, Best Test: 46.71%
Epoch: 1100, Loss: 0.0175, Train: 26.03%, Valid: 25.71%, Test: 25.19%, Best Valid: 47.31%, Best Test: 46.71%
Run 01:
Highest Train: 47.45
Highest Valid: 47.31
Highest Test: 46.71
Chosen epoch: 828
Final Train: 47.45
Final Test: 46.71
Label budget: 2/class -> 20 train nodes
Counting co-occurrence on train-train edges (leakage-free estimator)...
Count penalty frozen (2 train-train edges).
Epoch: 00, Loss: 3.5591, Train: 1.96%, Valid: 2.51%, Test: 2.14%, Best Valid: 2.51%, Best Test: 2.14%
Epoch: 100, Loss: 4.0544, Train: 3.36%, Valid: 4.00%, Test: 3.64%, Best Valid: 36.18%, Best Test: 38.53%
Switching Polynormer to global attention phase.
Epoch: 200, Loss: 3.2236, Train: 3.36%, Valid: 4.00%, Test: 3.64%, Best Valid: 36.18%, Best Test: 38.53%
Epoch: 300, Loss: 3.2874, Train: 3.36%, Valid: 4.00%, Test: 3.64%, Best Valid: 36.18%, Best Test: 38.53%
Epoch: 400, Loss: 3.3042, Train: 2.12%, Valid: 2.73%, Test: 2.25%, Best Valid: 36.18%, Best Test: 38.53%
Epoch: 500, Loss: 2.9156, Train: 2.18%, Valid: 2.29%, Test: 2.36%, Best Valid: 37.31%, Best Test: 40.02%
Epoch: 600, Loss: 2.3644, Train: 3.36%, Valid: 4.00%, Test: 3.64%, Best Valid: 37.42%, Best Test: 40.02%
Epoch: 700, Loss: 2.4629, Train: 4.67%, Valid: 5.49%, Test: 5.05%, Best Valid: 37.42%, Best Test: 40.02%
Epoch: 800, Loss: 2.1306, Train: 36.27%, Valid: 35.16%, Test: 37.66%, Best Valid: 37.42%, Best Test: 40.02%
Epoch: 900, Loss: 2.2198, Train: 11.66%, Valid: 12.15%, Test: 10.76%, Best Valid: 37.42%, Best Test: 40.02%
Epoch: 1000, Loss: 1.9465, Train: 12.87%, Valid: 13.24%, Test: 11.85%, Best Valid: 37.42%, Best Test: 40.02%
Epoch: 1100, Loss: 1.2002, Train: 33.55%, Valid: 33.24%, Test: 34.61%, Best Valid: 37.42%, Best Test: 40.02%
Run 02:
Highest Train: 38.48
Highest Valid: 37.42
Highest Test: 40.02
Chosen epoch: 526
Final Train: 38.48
Final Test: 40.02
Label budget: 2/class -> 20 train nodes
Counting co-occurrence on train-train edges (leakage-free estimator)...
Count penalty frozen (0 train-train edges).
Epoch: 00, Loss: 3.7177, Train: 6.05%, Valid: 6.22%, Test: 5.34%, Best Valid: 6.22%, Best Test: 5.34%
Epoch: 100, Loss: 3.2037, Train: 15.51%, Valid: 16.00%, Test: 15.38%, Best Valid: 36.25%, Best Test: 38.57%
Switching Polynormer to global attention phase.
Epoch: 200, Loss: 3.2238, Train: 3.84%, Valid: 3.75%, Test: 4.43%, Best Valid: 36.25%, Best Test: 38.57%
Epoch: 300, Loss: 3.3046, Train: 15.79%, Valid: 16.33%, Test: 14.69%, Best Valid: 36.25%, Best Test: 38.57%
Epoch: 400, Loss: 3.1107, Train: 15.50%, Valid: 16.00%, Test: 15.38%, Best Valid: 36.25%, Best Test: 38.57%
Epoch: 500, Loss: 3.0843, Train: 3.10%, Valid: 3.13%, Test: 3.42%, Best Valid: 36.25%, Best Test: 38.57%
Epoch: 600, Loss: 3.1391, Train: 6.04%, Valid: 6.25%, Test: 5.38%, Best Valid: 36.25%, Best Test: 38.57%
Epoch: 700, Loss: 2.9952, Train: 37.61%, Valid: 36.18%, Test: 38.53%, Best Valid: 36.25%, Best Test: 38.57%
Epoch: 800, Loss: 2.6997, Train: 3.10%, Valid: 3.13%, Test: 3.42%, Best Valid: 36.25%, Best Test: 38.57%
Epoch: 900, Loss: 2.5854, Train: 3.84%, Valid: 3.75%, Test: 4.43%, Best Valid: 36.25%, Best Test: 38.57%
Epoch: 1000, Loss: 2.3057, Train: 3.11%, Valid: 3.13%, Test: 3.42%, Best Valid: 36.25%, Best Test: 38.57%
Epoch: 1100, Loss: 2.0136, Train: 15.93%, Valid: 16.36%, Test: 14.72%, Best Valid: 36.25%, Best Test: 38.57%
Run 03:
Highest Train: 37.62
Highest Valid: 37.64
Highest Test: 38.75
Chosen epoch: 1148
Final Train: 37.62
Final Test: 38.10
Label budget: 2/class -> 20 train nodes
Counting co-occurrence on train-train edges (leakage-free estimator)...
Count penalty frozen (2 train-train edges).
Epoch: 00, Loss: 3.3412, Train: 3.77%, Valid: 3.60%, Test: 4.36%, Best Valid: 3.60%, Best Test: 4.36%
Epoch: 100, Loss: 3.5925, Train: 15.50%, Valid: 16.00%, Test: 15.34%, Best Valid: 16.33%, Best Test: 14.69%
Switching Polynormer to global attention phase.
Epoch: 200, Loss: 3.2236, Train: 2.18%, Valid: 2.29%, Test: 2.36%, Best Valid: 36.18%, Best Test: 38.53%
Epoch: 300, Loss: 3.2147, Train: 15.50%, Valid: 16.00%, Test: 15.38%, Best Valid: 36.18%, Best Test: 38.53%
Epoch: 400, Loss: 2.4837, Train: 6.07%, Valid: 6.25%, Test: 5.38%, Best Valid: 36.18%, Best Test: 38.53%
Epoch: 500, Loss: 2.3940, Train: 6.07%, Valid: 6.33%, Test: 5.42%, Best Valid: 36.18%, Best Test: 38.53%
Epoch: 600, Loss: 1.9111, Train: 6.06%, Valid: 6.29%, Test: 5.56%, Best Valid: 36.18%, Best Test: 38.53%
Epoch: 700, Loss: 1.1761, Train: 7.84%, Valid: 8.55%, Test: 7.05%, Best Valid: 36.18%, Best Test: 38.53%
Epoch: 800, Loss: 1.2355, Train: 9.39%, Valid: 10.11%, Test: 8.72%, Best Valid: 36.18%, Best Test: 38.53%
Epoch: 900, Loss: 0.7663, Train: 8.62%, Valid: 9.16%, Test: 7.71%, Best Valid: 36.18%, Best Test: 38.53%
Epoch: 1000, Loss: 0.8038, Train: 10.37%, Valid: 10.91%, Test: 9.85%, Best Valid: 36.18%, Best Test: 38.53%
Epoch: 1100, Loss: 0.8382, Train: 13.39%, Valid: 14.07%, Test: 13.67%, Best Valid: 36.18%, Best Test: 38.53%
Run 04:
Highest Train: 37.62
Highest Valid: 36.18
Highest Test: 38.53
Chosen epoch: 127
Final Train: 37.61
Final Test: 38.53
Label budget: 2/class -> 20 train nodes
Counting co-occurrence on train-train edges (leakage-free estimator)...
Count penalty frozen (0 train-train edges).
Epoch: 00, Loss: 3.7131, Train: 37.40%, Valid: 35.89%, Test: 38.17%, Best Valid: 35.89%, Best Test: 38.17%
Epoch: 100, Loss: 3.1536, Train: 15.50%, Valid: 16.00%, Test: 15.38%, Best Valid: 36.18%, Best Test: 38.53%
Switching Polynormer to global attention phase.
Epoch: 200, Loss: 3.3172, Train: 2.42%, Valid: 2.33%, Test: 2.76%, Best Valid: 36.18%, Best Test: 38.53%
Epoch: 300, Loss: 3.0423, Train: 12.07%, Valid: 11.35%, Test: 11.70%, Best Valid: 36.18%, Best Test: 38.53%
Epoch: 400, Loss: 2.8665, Train: 2.18%, Valid: 2.29%, Test: 2.36%, Best Valid: 36.18%, Best Test: 38.53%
Epoch: 500, Loss: 2.6338, Train: 15.79%, Valid: 16.33%, Test: 14.69%, Best Valid: 36.18%, Best Test: 38.53%
Epoch: 600, Loss: 2.5500, Train: 15.79%, Valid: 16.33%, Test: 14.69%, Best Valid: 36.18%, Best Test: 38.53%
Epoch: 700, Loss: 2.0845, Train: 8.30%, Valid: 8.65%, Test: 8.80%, Best Valid: 37.53%, Best Test: 39.40%
Epoch: 800, Loss: 1.8473, Train: 33.57%, Valid: 32.87%, Test: 34.86%, Best Valid: 37.53%, Best Test: 39.40%
Epoch: 900, Loss: 2.3607, Train: 21.45%, Valid: 20.87%, Test: 21.48%, Best Valid: 37.53%, Best Test: 39.40%
Epoch: 1000, Loss: 1.0553, Train: 17.42%, Valid: 17.27%, Test: 18.47%, Best Valid: 37.53%, Best Test: 39.40%
Epoch: 1100, Loss: 1.1637, Train: 15.76%, Valid: 16.33%, Test: 17.48%, Best Valid: 37.53%, Best Test: 39.40%
Run 05:
Highest Train: 38.50
Highest Valid: 37.53
Highest Test: 39.40
Chosen epoch: 624
Final Train: 38.50
Final Test: 39.40
Label budget: 2/class -> 20 train nodes
Counting co-occurrence on train-train edges (leakage-free estimator)...
Count penalty frozen (4 train-train edges).
Epoch: 00, Loss: 3.8654, Train: 3.36%, Valid: 4.04%, Test: 3.64%, Best Valid: 4.04%, Best Test: 3.64%
Epoch: 100, Loss: 4.1232, Train: 2.18%, Valid: 2.29%, Test: 2.36%, Best Valid: 16.33%, Best Test: 14.69%
Switching Polynormer to global attention phase.
Epoch: 200, Loss: 3.2236, Train: 3.84%, Valid: 3.75%, Test: 4.43%, Best Valid: 18.00%, Best Test: 17.59%
Epoch: 300, Loss: 2.7350, Train: 15.60%, Valid: 15.96%, Test: 14.32%, Best Valid: 36.18%, Best Test: 38.53%
Epoch: 400, Loss: 2.0673, Train: 6.74%, Valid: 6.95%, Test: 6.32%, Best Valid: 36.18%, Best Test: 38.53%
Epoch: 500, Loss: 1.3625, Train: 26.88%, Valid: 26.91%, Test: 24.79%, Best Valid: 37.05%, Best Test: 36.17%
Epoch: 600, Loss: 0.4652, Train: 21.80%, Valid: 21.53%, Test: 21.26%, Best Valid: 42.04%, Best Test: 41.08%
Epoch: 700, Loss: 1.0965, Train: 24.77%, Valid: 24.84%, Test: 24.14%, Best Valid: 42.04%, Best Test: 41.08%
Epoch: 800, Loss: 0.1567, Train: 21.08%, Valid: 20.91%, Test: 20.68%, Best Valid: 42.04%, Best Test: 41.08%
Epoch: 900, Loss: 0.4649, Train: 21.46%, Valid: 20.84%, Test: 20.87%, Best Valid: 42.04%, Best Test: 41.08%
Epoch: 1000, Loss: 0.0260, Train: 20.00%, Valid: 19.85%, Test: 19.08%, Best Valid: 42.04%, Best Test: 41.08%
Epoch: 1100, Loss: 0.3746, Train: 31.84%, Valid: 31.75%, Test: 31.37%, Best Valid: 42.04%, Best Test: 41.08%
Run 06:
Highest Train: 42.24
Highest Valid: 42.04
Highest Test: 41.08
Chosen epoch: 570
Final Train: 42.24
Final Test: 41.08
Label budget: 2/class -> 20 train nodes
Counting co-occurrence on train-train edges (leakage-free estimator)...
Count penalty frozen (0 train-train edges).
Epoch: 00, Loss: 3.6892, Train: 2.34%, Valid: 2.36%, Test: 2.36%, Best Valid: 2.36%, Best Test: 2.36%
Epoch: 100, Loss: 3.4052, Train: 3.91%, Valid: 3.75%, Test: 4.47%, Best Valid: 36.18%, Best Test: 38.60%
Switching Polynormer to global attention phase.
Epoch: 200, Loss: 3.2236, Train: 3.84%, Valid: 3.75%, Test: 4.43%, Best Valid: 36.65%, Best Test: 39.15%
Epoch: 300, Loss: 3.3051, Train: 3.10%, Valid: 3.13%, Test: 3.42%, Best Valid: 36.65%, Best Test: 39.15%
Epoch: 400, Loss: 3.3784, Train: 37.61%, Valid: 36.18%, Test: 38.53%, Best Valid: 36.65%, Best Test: 39.15%
Epoch: 500, Loss: 2.7041, Train: 5.09%, Valid: 5.56%, Test: 5.49%, Best Valid: 36.65%, Best Test: 39.15%
Epoch: 600, Loss: 1.9696, Train: 36.37%, Valid: 34.73%, Test: 36.42%, Best Valid: 37.24%, Best Test: 39.04%
Epoch: 700, Loss: 1.4755, Train: 20.60%, Valid: 20.36%, Test: 20.36%, Best Valid: 37.24%, Best Test: 39.04%
Epoch: 800, Loss: 0.5949, Train: 24.29%, Valid: 23.89%, Test: 23.30%, Best Valid: 37.24%, Best Test: 39.04%
Epoch: 900, Loss: 0.2185, Train: 27.43%, Valid: 26.91%, Test: 26.32%, Best Valid: 37.24%, Best Test: 39.04%
Epoch: 1000, Loss: 0.1806, Train: 25.00%, Valid: 24.58%, Test: 24.61%, Best Valid: 37.24%, Best Test: 39.04%
Epoch: 1100, Loss: 0.3408, Train: 24.43%, Valid: 23.45%, Test: 23.74%, Best Valid: 37.24%, Best Test: 39.04%
Run 07:
Highest Train: 38.25
Highest Valid: 37.24
Highest Test: 39.15
Chosen epoch: 565
Final Train: 38.17
Final Test: 39.04
Label budget: 2/class -> 20 train nodes
Counting co-occurrence on train-train edges (leakage-free estimator)...
Count penalty frozen (0 train-train edges).
Epoch: 00, Loss: 3.4900, Train: 37.50%, Valid: 36.07%, Test: 38.46%, Best Valid: 36.07%, Best Test: 38.46%
Epoch: 100, Loss: 3.4270, Train: 2.18%, Valid: 2.29%, Test: 2.36%, Best Valid: 36.18%, Best Test: 38.53%
Switching Polynormer to global attention phase.
Epoch: 200, Loss: 3.2778, Train: 15.79%, Valid: 16.33%, Test: 14.69%, Best Valid: 36.18%, Best Test: 38.53%
Epoch: 300, Loss: 3.1964, Train: 10.62%, Valid: 9.53%, Test: 10.03%, Best Valid: 36.18%, Best Test: 38.53%
Epoch: 400, Loss: 3.3813, Train: 6.04%, Valid: 6.25%, Test: 5.38%, Best Valid: 36.18%, Best Test: 38.53%
Epoch: 500, Loss: 2.7569, Train: 37.61%, Valid: 36.18%, Test: 38.53%, Best Valid: 36.22%, Best Test: 38.68%
Epoch: 600, Loss: 2.3829, Train: 15.89%, Valid: 16.51%, Test: 16.07%, Best Valid: 36.22%, Best Test: 38.68%
Epoch: 700, Loss: 2.6663, Train: 17.67%, Valid: 18.11%, Test: 17.88%, Best Valid: 36.22%, Best Test: 38.68%
Epoch: 800, Loss: 2.0215, Train: 16.37%, Valid: 16.65%, Test: 16.25%, Best Valid: 36.22%, Best Test: 38.68%
Epoch: 900, Loss: 1.9070, Train: 16.19%, Valid: 16.65%, Test: 15.99%, Best Valid: 36.22%, Best Test: 38.68%
Epoch: 1000, Loss: 1.7990, Train: 15.46%, Valid: 16.11%, Test: 15.74%, Best Valid: 36.22%, Best Test: 38.68%
Epoch: 1100, Loss: 1.7513, Train: 15.48%, Valid: 15.60%, Test: 15.27%, Best Valid: 36.22%, Best Test: 38.68%
Run 08:
Highest Train: 37.66
Highest Valid: 36.22
Highest Test: 38.68
Chosen epoch: 433
Final Train: 37.66
Final Test: 38.68
Label budget: 2/class -> 20 train nodes
Counting co-occurrence on train-train edges (leakage-free estimator)...
Count penalty frozen (0 train-train edges).
Epoch: 00, Loss: 3.3235, Train: 3.36%, Valid: 4.00%, Test: 3.67%, Best Valid: 4.00%, Best Test: 3.67%
Epoch: 100, Loss: 3.3373, Train: 15.33%, Valid: 15.96%, Test: 15.30%, Best Valid: 36.18%, Best Test: 38.53%
Switching Polynormer to global attention phase.
Epoch: 200, Loss: 3.2236, Train: 15.79%, Valid: 16.33%, Test: 14.69%, Best Valid: 36.22%, Best Test: 38.50%
Epoch: 300, Loss: 3.2977, Train: 15.79%, Valid: 16.33%, Test: 14.69%, Best Valid: 36.22%, Best Test: 38.50%
Epoch: 400, Loss: 3.0018, Train: 6.06%, Valid: 6.25%, Test: 5.38%, Best Valid: 36.22%, Best Test: 38.50%
Epoch: 500, Loss: 2.7960, Train: 10.08%, Valid: 9.38%, Test: 9.31%, Best Valid: 36.22%, Best Test: 38.50%
Epoch: 600, Loss: 2.3962, Train: 10.58%, Valid: 9.64%, Test: 9.89%, Best Valid: 36.22%, Best Test: 38.50%
Epoch: 700, Loss: 1.7397, Train: 8.14%, Valid: 7.75%, Test: 7.60%, Best Valid: 36.22%, Best Test: 38.50%
Epoch: 800, Loss: 1.3648, Train: 14.87%, Valid: 15.05%, Test: 13.89%, Best Valid: 36.22%, Best Test: 38.50%
Epoch: 900, Loss: 0.8547, Train: 18.59%, Valid: 18.98%, Test: 18.36%, Best Valid: 36.22%, Best Test: 38.50%
Epoch: 1000, Loss: 0.4285, Train: 13.90%, Valid: 13.75%, Test: 12.80%, Best Valid: 36.22%, Best Test: 38.50%
Epoch: 1100, Loss: 0.5159, Train: 30.15%, Valid: 30.91%, Test: 29.99%, Best Valid: 36.22%, Best Test: 38.50%
Run 09:
Highest Train: 37.73
Highest Valid: 36.22
Highest Test: 38.64
Chosen epoch: 115
Final Train: 37.63
Final Test: 38.50
Label budget: 2/class -> 20 train nodes
Counting co-occurrence on train-train edges (leakage-free estimator)...
Count penalty frozen (0 train-train edges).
Epoch: 00, Loss: 3.8837, Train: 3.37%, Valid: 4.04%, Test: 3.64%, Best Valid: 4.04%, Best Test: 3.64%
Epoch: 100, Loss: 3.2497, Train: 15.80%, Valid: 16.33%, Test: 14.69%, Best Valid: 16.44%, Best Test: 14.79%
Switching Polynormer to global attention phase.
Epoch: 200, Loss: 3.2236, Train: 3.10%, Valid: 3.13%, Test: 3.42%, Best Valid: 39.27%, Best Test: 40.86%
Epoch: 300, Loss: 3.3626, Train: 10.62%, Valid: 9.53%, Test: 10.03%, Best Valid: 39.27%, Best Test: 40.86%
Epoch: 400, Loss: 3.2538, Train: 15.51%, Valid: 16.00%, Test: 15.38%, Best Valid: 39.27%, Best Test: 40.86%
Epoch: 500, Loss: 2.2521, Train: 7.30%, Valid: 8.33%, Test: 7.92%, Best Valid: 39.27%, Best Test: 40.86%
Epoch: 600, Loss: 2.1957, Train: 20.45%, Valid: 19.20%, Test: 19.08%, Best Valid: 39.49%, Best Test: 39.88%
Epoch: 700, Loss: 1.1977, Train: 30.17%, Valid: 28.65%, Test: 30.13%, Best Valid: 39.78%, Best Test: 37.73%
Epoch: 800, Loss: 0.5090, Train: 40.58%, Valid: 38.04%, Test: 41.40%, Best Valid: 45.27%, Best Test: 47.55%
Epoch: 900, Loss: 0.2125, Train: 45.55%, Valid: 44.73%, Test: 45.91%, Best Valid: 50.29%, Best Test: 49.84%
Epoch: 1000, Loss: 0.4323, Train: 48.13%, Valid: 46.15%, Test: 47.47%, Best Valid: 52.15%, Best Test: 53.51%
Epoch: 1100, Loss: 0.3680, Train: 46.60%, Valid: 44.87%, Test: 46.53%, Best Valid: 52.15%, Best Test: 53.51%
Run 10:
Highest Train: 53.17
Highest Valid: 52.15
Highest Test: 53.51
Chosen epoch: 982
Final Train: 53.17
Final Test: 53.51
All runs:
Highest Train: 40.87 ± 5.33
Highest Test: 41.45 ± 4.90
Highest Valid: 39.99 ± 5.52
  Final Train: 40.85 ± 5.34
   Final Test: 41.36 ± 4.96
Saving results to ../results/lowlabel/amazon-computer/polynormer.csv
--- count_reg | lambda=0.8 ---
Namespace(aggregate='add', alpha=0.5, attention='gcn', beta=-1.0, bn=False, budget_tag='2', count_reg=True, count_smoothing=1.0, cpu=False, data_dir='../data/', dataset='amazon-computer', device=0, dim_inner=64, display_step=100, dropout=0.7, epochs=500, global_dropout=None, global_epochs=1000, global_layers=1, gnn='gcn', graph_weight=0.8, hidden_channels=64, hops=10, in_dropout=0.2, jk=False, label_num_per_class=20, lambda_val=0.8, layers=1, ln=False, local_epochs=200, local_gnn_type='GCN', local_layers=5, lr=0.001, metric='acc', mlp_epochs=500, mlp_reg=False, model='polynormer', model_dir='models/lowlabel_1161133_176', n_heads=8, num_centroids=4096, num_heads=8, oracle_reg=False, paired_seeds=True, pe_types='RWSE', penalty_transform='none', pre_linear=False, pre_ln=False, rand_split=False, rand_split_class=False, reg_start_epoch=10, reg_update_freq=5, res=False, resample_split_per_run=False, result_dir='../results/lowlabel', runs=10, save_model=True, save_result=False, seed=42, test_num=1000, tr_dropout=None, tr_layers=1, tr_weight_decay=None, train_per_class=2, train_prop=0.5, use_act=False, use_bn=False, use_graph=False, use_reg=True, use_residual=False, use_weight=False, valid_num=500, valid_per_class=0, valid_prop=0.25, weight_decay=5e-05)
amazon-computer
dataset amazon-computer | num nodes 13752 | num edge 491722 | num node feats 767 | num classes 10
MODEL: Polynormer(
  (h_lins): ModuleList(
    (0): Linear(in_features=512, out_features=512, bias=True)
    (1): Linear(in_features=512, out_features=512, bias=True)
    (2): Linear(in_features=512, out_features=512, bias=True)
    (3): Linear(in_features=512, out_features=512, bias=True)
    (4): Linear(in_features=512, out_features=512, bias=True)
  )
  (local_convs): ModuleList(
    (0): GATConv(512, 64, heads=8)
    (1): GATConv(512, 64, heads=8)
    (2): GATConv(512, 64, heads=8)
    (3): GATConv(512, 64, heads=8)
    (4): GATConv(512, 64, heads=8)
  )
  (lins): ModuleList(
    (0): Linear(in_features=512, out_features=512, bias=True)
    (1): Linear(in_features=512, out_features=512, bias=True)
    (2): Linear(in_features=512, out_features=512, bias=True)
    (3): Linear(in_features=512, out_features=512, bias=True)
    (4): Linear(in_features=512, out_features=512, bias=True)
  )
  (lns): ModuleList(
    (0): LayerNorm((512,), eps=1e-05, elementwise_affine=True)
    (1): LayerNorm((512,), eps=1e-05, elementwise_affine=True)
    (2): LayerNorm((512,), eps=1e-05, elementwise_affine=True)
    (3): LayerNorm((512,), eps=1e-05, elementwise_affine=True)
    (4): LayerNorm((512,), eps=1e-05, elementwise_affine=True)
  )
  (lin_in): Linear(in_features=767, out_features=512, bias=True)
  (ln): LayerNorm((512,), eps=1e-05, elementwise_affine=True)
  (global_attn): GlobalAttn(
    (h_lins): ModuleList(
      (0): Linear(in_features=512, out_features=512, bias=True)
    )
    (k_lins): ModuleList(
      (0): Linear(in_features=512, out_features=512, bias=True)
    )
    (v_lins): ModuleList(
      (0): Linear(in_features=512, out_features=512, bias=True)
    )
    (lns): ModuleList(
      (0): LayerNorm((512,), eps=1e-05, elementwise_affine=True)
    )
    (lin_out): Linear(in_features=512, out_features=512, bias=True)
  )
  (pred_local): Linear(in_features=512, out_features=10, bias=True)
  (pred_global): Linear(in_features=512, out_features=10, bias=True)
)
Label budget: 2/class -> 20 train nodes
Counting co-occurrence on train-train edges (leakage-free estimator)...
Count penalty frozen (0 train-train edges).
Epoch: 00, Loss: 4.8664, Train: 14.75%, Valid: 14.55%, Test: 14.58%, Best Valid: 14.55%, Best Test: 14.58%
Epoch: 100, Loss: 4.0180, Train: 3.43%, Valid: 4.00%, Test: 3.64%, Best Valid: 36.18%, Best Test: 38.53%
Switching Polynormer to global attention phase.
Epoch: 200, Loss: 4.1951, Train: 6.04%, Valid: 6.25%, Test: 5.38%, Best Valid: 36.18%, Best Test: 38.53%
Epoch: 300, Loss: 4.1207, Train: 6.04%, Valid: 6.25%, Test: 5.38%, Best Valid: 36.25%, Best Test: 38.50%
Epoch: 400, Loss: 3.8582, Train: 15.50%, Valid: 16.00%, Test: 15.38%, Best Valid: 36.25%, Best Test: 38.50%
Epoch: 500, Loss: 3.7603, Train: 15.50%, Valid: 16.00%, Test: 15.38%, Best Valid: 36.25%, Best Test: 38.50%
Epoch: 600, Loss: 3.7585, Train: 2.18%, Valid: 2.29%, Test: 2.36%, Best Valid: 36.25%, Best Test: 38.50%
Epoch: 700, Loss: 3.4084, Train: 2.18%, Valid: 2.29%, Test: 2.36%, Best Valid: 36.25%, Best Test: 38.50%
Epoch: 800, Loss: 2.9150, Train: 2.18%, Valid: 2.29%, Test: 2.36%, Best Valid: 36.25%, Best Test: 38.50%
Epoch: 900, Loss: 2.5453, Train: 2.18%, Valid: 2.29%, Test: 2.36%, Best Valid: 36.25%, Best Test: 38.50%
Epoch: 1000, Loss: 1.8891, Train: 2.18%, Valid: 2.25%, Test: 2.36%, Best Valid: 36.25%, Best Test: 38.50%
Epoch: 1100, Loss: 2.1152, Train: 19.82%, Valid: 20.11%, Test: 19.16%, Best Valid: 36.25%, Best Test: 38.50%
Run 01:
Highest Train: 37.61
Highest Valid: 36.25
Highest Test: 38.53
Chosen epoch: 249
Final Train: 37.45
Final Test: 38.50
Label budget: 2/class -> 20 train nodes
Counting co-occurrence on train-train edges (leakage-free estimator)...
Count penalty frozen (2 train-train edges).
Epoch: 00, Loss: 4.5760, Train: 1.96%, Valid: 2.51%, Test: 2.14%, Best Valid: 2.51%, Best Test: 2.14%
Epoch: 100, Loss: 4.6880, Train: 6.04%, Valid: 6.25%, Test: 5.38%, Best Valid: 16.51%, Best Test: 14.69%
Switching Polynormer to global attention phase.
Epoch: 200, Loss: 4.1447, Train: 3.36%, Valid: 4.00%, Test: 3.64%, Best Valid: 16.55%, Best Test: 15.99%
Epoch: 300, Loss: 4.0844, Train: 3.84%, Valid: 3.78%, Test: 4.43%, Best Valid: 17.53%, Best Test: 15.49%
Epoch: 400, Loss: 2.8834, Train: 4.90%, Valid: 5.09%, Test: 5.53%, Best Valid: 35.49%, Best Test: 37.88%
Epoch: 500, Loss: 2.2899, Train: 33.63%, Valid: 32.51%, Test: 34.64%, Best Valid: 35.67%, Best Test: 38.24%
Epoch: 600, Loss: 1.2570, Train: 18.56%, Valid: 17.85%, Test: 18.43%, Best Valid: 38.33%, Best Test: 38.60%
Epoch: 700, Loss: 1.1805, Train: 11.96%, Valid: 12.98%, Test: 11.45%, Best Valid: 38.33%, Best Test: 38.60%
Epoch: 800, Loss: 0.6016, Train: 27.15%, Valid: 27.89%, Test: 26.79%, Best Valid: 38.33%, Best Test: 38.60%
Epoch: 900, Loss: 0.4997, Train: 33.22%, Valid: 33.45%, Test: 33.95%, Best Valid: 38.33%, Best Test: 38.60%
Epoch: 1000, Loss: 0.6849, Train: 23.40%, Valid: 24.80%, Test: 24.25%, Best Valid: 38.58%, Best Test: 38.20%
Epoch: 1100, Loss: 0.2177, Train: 29.39%, Valid: 30.55%, Test: 30.06%, Best Valid: 38.58%, Best Test: 38.20%
Run 02:
Highest Train: 39.28
Highest Valid: 38.58
Highest Test: 40.75
Chosen epoch: 902
Final Train: 37.23
Final Test: 38.20
Label budget: 2/class -> 20 train nodes
Counting co-occurrence on train-train edges (leakage-free estimator)...
Count penalty frozen (0 train-train edges).
Epoch: 00, Loss: 4.7799, Train: 6.05%, Valid: 6.22%, Test: 5.34%, Best Valid: 6.22%, Best Test: 5.34%
Epoch: 100, Loss: 4.5439, Train: 10.68%, Valid: 9.53%, Test: 10.03%, Best Valid: 36.18%, Best Test: 38.53%
Switching Polynormer to global attention phase.
Epoch: 200, Loss: 4.1708, Train: 3.84%, Valid: 3.75%, Test: 4.43%, Best Valid: 36.18%, Best Test: 38.53%
Epoch: 300, Loss: 4.1678, Train: 3.84%, Valid: 3.75%, Test: 4.43%, Best Valid: 36.18%, Best Test: 38.53%
Epoch: 400, Loss: 4.2618, Train: 3.10%, Valid: 3.13%, Test: 3.42%, Best Valid: 36.18%, Best Test: 38.53%
Epoch: 500, Loss: 3.9405, Train: 6.04%, Valid: 6.25%, Test: 5.38%, Best Valid: 36.18%, Best Test: 38.53%
Epoch: 600, Loss: 4.1052, Train: 15.79%, Valid: 16.33%, Test: 14.69%, Best Valid: 36.18%, Best Test: 38.53%
Epoch: 700, Loss: 3.0913, Train: 15.79%, Valid: 16.33%, Test: 14.69%, Best Valid: 36.18%, Best Test: 38.53%
Epoch: 800, Loss: 4.1209, Train: 3.84%, Valid: 3.75%, Test: 4.43%, Best Valid: 36.18%, Best Test: 38.53%
Epoch: 900, Loss: 3.4035, Train: 15.79%, Valid: 16.33%, Test: 14.69%, Best Valid: 36.18%, Best Test: 38.53%
Epoch: 1000, Loss: 2.9007, Train: 15.79%, Valid: 16.33%, Test: 14.69%, Best Valid: 36.18%, Best Test: 38.53%
Epoch: 1100, Loss: 3.1951, Train: 15.79%, Valid: 16.33%, Test: 14.69%, Best Valid: 36.18%, Best Test: 38.53%
Run 03:
Highest Train: 37.61
Highest Valid: 36.18
Highest Test: 38.53
Chosen epoch: 14
Final Train: 37.61
Final Test: 38.53
Label budget: 2/class -> 20 train nodes
Counting co-occurrence on train-train edges (leakage-free estimator)...
Count penalty frozen (2 train-train edges).
Epoch: 00, Loss: 4.2958, Train: 3.73%, Valid: 3.60%, Test: 4.40%, Best Valid: 3.60%, Best Test: 4.40%
Epoch: 100, Loss: 4.1176, Train: 15.50%, Valid: 16.00%, Test: 15.38%, Best Valid: 19.42%, Best Test: 17.12%
Switching Polynormer to global attention phase.
Epoch: 200, Loss: 4.1447, Train: 2.18%, Valid: 2.29%, Test: 2.36%, Best Valid: 36.18%, Best Test: 38.53%
Epoch: 300, Loss: 4.0530, Train: 3.10%, Valid: 3.13%, Test: 3.42%, Best Valid: 36.47%, Best Test: 37.80%
Epoch: 400, Loss: 3.6245, Train: 6.10%, Valid: 6.29%, Test: 5.42%, Best Valid: 36.47%, Best Test: 37.80%
Epoch: 500, Loss: 3.4715, Train: 5.99%, Valid: 6.07%, Test: 5.42%, Best Valid: 36.47%, Best Test: 37.80%
Epoch: 600, Loss: 2.4669, Train: 4.64%, Valid: 4.95%, Test: 5.09%, Best Valid: 36.47%, Best Test: 37.80%
Epoch: 700, Loss: 1.5265, Train: 7.55%, Valid: 8.51%, Test: 7.02%, Best Valid: 36.47%, Best Test: 37.80%
Epoch: 800, Loss: 1.4188, Train: 11.84%, Valid: 12.62%, Test: 10.87%, Best Valid: 36.47%, Best Test: 37.80%
Epoch: 900, Loss: 1.1577, Train: 9.39%, Valid: 10.40%, Test: 9.09%, Best Valid: 36.47%, Best Test: 37.80%
Epoch: 1000, Loss: 0.8518, Train: 10.04%, Valid: 10.76%, Test: 9.71%, Best Valid: 36.47%, Best Test: 37.80%
Epoch: 1100, Loss: 0.7981, Train: 14.02%, Valid: 14.98%, Test: 13.92%, Best Valid: 36.47%, Best Test: 37.80%
Run 04:
Highest Train: 37.61
Highest Valid: 36.47
Highest Test: 38.53
Chosen epoch: 271
Final Train: 37.37
Final Test: 37.80
Label budget: 2/class -> 20 train nodes
Counting co-occurrence on train-train edges (leakage-free estimator)...
Count penalty frozen (0 train-train edges).
Epoch: 00, Loss: 4.7740, Train: 37.40%, Valid: 35.89%, Test: 38.17%, Best Valid: 35.89%, Best Test: 38.17%
Epoch: 100, Loss: 4.0714, Train: 3.36%, Valid: 4.00%, Test: 3.64%, Best Valid: 36.18%, Best Test: 38.53%
Switching Polynormer to global attention phase.
Epoch: 200, Loss: 4.2650, Train: 2.42%, Valid: 2.36%, Test: 2.76%, Best Valid: 36.18%, Best Test: 38.53%
Epoch: 300, Loss: 3.9582, Train: 37.61%, Valid: 36.18%, Test: 38.53%, Best Valid: 36.18%, Best Test: 38.53%
Epoch: 400, Loss: 4.0378, Train: 1.96%, Valid: 2.55%, Test: 2.14%, Best Valid: 36.18%, Best Test: 38.53%
Epoch: 500, Loss: 3.3975, Train: 15.79%, Valid: 16.33%, Test: 14.69%, Best Valid: 36.98%, Best Test: 38.82%
Epoch: 600, Loss: 3.3367, Train: 15.79%, Valid: 16.33%, Test: 14.69%, Best Valid: 37.96%, Best Test: 39.73%
Epoch: 700, Loss: 2.1274, Train: 29.01%, Valid: 28.47%, Test: 29.77%, Best Valid: 37.96%, Best Test: 39.73%
Epoch: 800, Loss: 2.1175, Train: 16.92%, Valid: 17.60%, Test: 18.79%, Best Valid: 37.96%, Best Test: 39.73%
Epoch: 900, Loss: 1.9421, Train: 7.08%, Valid: 8.15%, Test: 7.42%, Best Valid: 37.96%, Best Test: 39.73%
Epoch: 1000, Loss: 0.9638, Train: 13.48%, Valid: 14.15%, Test: 13.70%, Best Valid: 37.96%, Best Test: 39.73%
Epoch: 1100, Loss: 1.4896, Train: 34.00%, Valid: 32.91%, Test: 34.82%, Best Valid: 37.96%, Best Test: 39.73%
Run 05:
Highest Train: 39.47
Highest Valid: 38.51
Highest Test: 40.49
Chosen epoch: 1123
Final Train: 39.47
Final Test: 40.49
Label budget: 2/class -> 20 train nodes
Counting co-occurrence on train-train edges (leakage-free estimator)...
Count penalty frozen (4 train-train edges).
Epoch: 00, Loss: 4.9698, Train: 3.36%, Valid: 4.04%, Test: 3.64%, Best Valid: 4.04%, Best Test: 3.64%
Epoch: 100, Loss: 4.3829, Train: 6.04%, Valid: 6.25%, Test: 5.38%, Best Valid: 16.33%, Best Test: 14.69%
Switching Polynormer to global attention phase.
Epoch: 200, Loss: 4.1447, Train: 6.04%, Valid: 6.25%, Test: 5.38%, Best Valid: 17.96%, Best Test: 17.30%
Epoch: 300, Loss: 3.6010, Train: 6.40%, Valid: 6.65%, Test: 5.71%, Best Valid: 17.96%, Best Test: 17.30%
Epoch: 400, Loss: 2.4027, Train: 12.42%, Valid: 12.44%, Test: 10.98%, Best Valid: 34.36%, Best Test: 36.35%
Epoch: 500, Loss: 0.7542, Train: 24.46%, Valid: 24.51%, Test: 23.59%, Best Valid: 34.36%, Best Test: 36.35%
Epoch: 600, Loss: 0.8092, Train: 24.03%, Valid: 24.22%, Test: 24.68%, Best Valid: 39.85%, Best Test: 39.59%
Epoch: 700, Loss: 0.3838, Train: 27.21%, Valid: 27.85%, Test: 27.55%, Best Valid: 39.85%, Best Test: 39.59%
Epoch: 800, Loss: 0.1561, Train: 46.35%, Valid: 44.76%, Test: 45.58%, Best Valid: 44.76%, Best Test: 45.58%
Epoch: 900, Loss: 0.7955, Train: 25.72%, Valid: 25.49%, Test: 25.99%, Best Valid: 44.98%, Best Test: 45.77%
Epoch: 1000, Loss: 0.0601, Train: 23.08%, Valid: 22.47%, Test: 23.37%, Best Valid: 44.98%, Best Test: 45.77%
Epoch: 1100, Loss: 0.6358, Train: 30.91%, Valid: 30.18%, Test: 32.32%, Best Valid: 44.98%, Best Test: 45.77%
Run 06:
Highest Train: 46.61
Highest Valid: 44.98
Highest Test: 45.77
Chosen epoch: 801
Final Train: 46.61
Final Test: 45.77
Label budget: 2/class -> 20 train nodes
Counting co-occurrence on train-train edges (leakage-free estimator)...
Count penalty frozen (0 train-train edges).
Epoch: 00, Loss: 4.7432, Train: 2.34%, Valid: 2.36%, Test: 2.36%, Best Valid: 2.36%, Best Test: 2.36%
Epoch: 100, Loss: 5.5199, Train: 10.62%, Valid: 9.53%, Test: 10.03%, Best Valid: 36.18%, Best Test: 38.50%
Switching Polynormer to global attention phase.
Epoch: 200, Loss: 4.1447, Train: 15.79%, Valid: 16.33%, Test: 14.69%, Best Valid: 37.60%, Best Test: 39.59%
Epoch: 300, Loss: 4.5485, Train: 2.18%, Valid: 2.29%, Test: 2.36%, Best Valid: 37.60%, Best Test: 39.59%
Epoch: 400, Loss: 4.1625, Train: 3.84%, Valid: 3.75%, Test: 4.43%, Best Valid: 37.60%, Best Test: 39.59%
Epoch: 500, Loss: 4.1810, Train: 15.50%, Valid: 16.00%, Test: 15.38%, Best Valid: 37.60%, Best Test: 39.59%
Epoch: 600, Loss: 4.1297, Train: 15.50%, Valid: 16.00%, Test: 15.38%, Best Valid: 37.60%, Best Test: 39.59%
Epoch: 700, Loss: 3.9410, Train: 15.50%, Valid: 16.00%, Test: 15.38%, Best Valid: 37.60%, Best Test: 39.59%
Epoch: 800, Loss: 3.3742, Train: 15.50%, Valid: 16.00%, Test: 15.38%, Best Valid: 37.60%, Best Test: 39.59%
Epoch: 900, Loss: 2.8230, Train: 15.50%, Valid: 16.00%, Test: 15.38%, Best Valid: 37.60%, Best Test: 39.59%
Epoch: 1000, Loss: 2.6311, Train: 15.53%, Valid: 16.00%, Test: 15.38%, Best Valid: 37.60%, Best Test: 39.59%
Epoch: 1100, Loss: 1.9211, Train: 23.82%, Valid: 22.33%, Test: 23.26%, Best Valid: 37.60%, Best Test: 39.59%
Run 07:
Highest Train: 39.17
Highest Valid: 37.60
Highest Test: 39.59
Chosen epoch: 105
Final Train: 39.17
Final Test: 39.59
Label budget: 2/class -> 20 train nodes
Counting co-occurrence on train-train edges (leakage-free estimator)...
Count penalty frozen (0 train-train edges).
Epoch: 00, Loss: 4.4871, Train: 37.50%, Valid: 36.07%, Test: 38.46%, Best Valid: 36.07%, Best Test: 38.46%
Epoch: 100, Loss: 4.0963, Train: 15.79%, Valid: 16.33%, Test: 14.69%, Best Valid: 36.18%, Best Test: 38.53%
Switching Polynormer to global attention phase.
Epoch: 200, Loss: 4.2143, Train: 15.79%, Valid: 16.33%, Test: 14.69%, Best Valid: 36.18%, Best Test: 38.53%
Epoch: 300, Loss: 4.0869, Train: 15.79%, Valid: 16.33%, Test: 14.69%, Best Valid: 36.18%, Best Test: 38.53%
Epoch: 400, Loss: 4.2849, Train: 15.79%, Valid: 16.33%, Test: 14.69%, Best Valid: 36.18%, Best Test: 38.53%
Epoch: 500, Loss: 3.9774, Train: 3.84%, Valid: 3.75%, Test: 4.43%, Best Valid: 36.18%, Best Test: 38.53%
Epoch: 600, Loss: 2.9889, Train: 5.43%, Valid: 6.11%, Test: 5.53%, Best Valid: 38.58%, Best Test: 38.24%
Epoch: 700, Loss: 2.8760, Train: 18.06%, Valid: 18.58%, Test: 18.36%, Best Valid: 38.58%, Best Test: 38.24%
Epoch: 800, Loss: 3.0279, Train: 6.54%, Valid: 6.47%, Test: 6.83%, Best Valid: 38.58%, Best Test: 38.24%
Epoch: 900, Loss: 2.5811, Train: 17.39%, Valid: 17.85%, Test: 17.56%, Best Valid: 38.58%, Best Test: 38.24%
Epoch: 1000, Loss: 2.7515, Train: 16.23%, Valid: 16.69%, Test: 16.21%, Best Valid: 38.58%, Best Test: 38.24%
Epoch: 1100, Loss: 2.3317, Train: 15.09%, Valid: 15.93%, Test: 15.34%, Best Valid: 38.58%, Best Test: 38.24%
Run 08:
Highest Train: 39.98
Highest Valid: 38.58
Highest Test: 38.57
Chosen epoch: 570
Final Train: 39.98
Final Test: 38.24
Label budget: 2/class -> 20 train nodes
Counting co-occurrence on train-train edges (leakage-free estimator)...
Count penalty frozen (0 train-train edges).
Epoch: 00, Loss: 4.2731, Train: 3.36%, Valid: 4.00%, Test: 3.67%, Best Valid: 4.00%, Best Test: 3.67%
Epoch: 100, Loss: 4.4347, Train: 3.36%, Valid: 4.00%, Test: 3.64%, Best Valid: 36.18%, Best Test: 38.53%
Switching Polynormer to global attention phase.
Epoch: 200, Loss: 4.1447, Train: 15.79%, Valid: 16.33%, Test: 14.69%, Best Valid: 40.69%, Best Test: 42.42%
Epoch: 300, Loss: 4.1017, Train: 15.79%, Valid: 16.33%, Test: 14.69%, Best Valid: 40.69%, Best Test: 42.42%
Epoch: 400, Loss: 3.5542, Train: 37.63%, Valid: 36.18%, Test: 38.53%, Best Valid: 40.69%, Best Test: 42.42%
Epoch: 500, Loss: 3.1905, Train: 7.78%, Valid: 7.85%, Test: 7.12%, Best Valid: 40.69%, Best Test: 42.42%
Epoch: 600, Loss: 2.9902, Train: 10.63%, Valid: 9.53%, Test: 9.89%, Best Valid: 40.69%, Best Test: 42.42%
Epoch: 700, Loss: 2.1943, Train: 9.16%, Valid: 8.69%, Test: 8.03%, Best Valid: 40.69%, Best Test: 42.42%
Epoch: 800, Loss: 2.1440, Train: 10.47%, Valid: 11.05%, Test: 9.74%, Best Valid: 40.69%, Best Test: 42.42%
Epoch: 900, Loss: 1.4486, Train: 12.28%, Valid: 12.65%, Test: 11.41%, Best Valid: 40.69%, Best Test: 42.42%
Epoch: 1000, Loss: 1.1513, Train: 12.92%, Valid: 12.80%, Test: 11.70%, Best Valid: 40.69%, Best Test: 42.42%
Epoch: 1100, Loss: 1.7254, Train: 27.84%, Valid: 26.69%, Test: 26.50%, Best Valid: 40.69%, Best Test: 42.42%
Run 09:
Highest Train: 40.72
Highest Valid: 40.69
Highest Test: 42.42
Chosen epoch: 118
Final Train: 40.72
Final Test: 42.42
Label budget: 2/class -> 20 train nodes
Counting co-occurrence on train-train edges (leakage-free estimator)...
Count penalty frozen (0 train-train edges).
Epoch: 00, Loss: 4.9933, Train: 3.37%, Valid: 4.04%, Test: 3.64%, Best Valid: 4.04%, Best Test: 3.64%
Epoch: 100, Loss: 5.0253, Train: 2.04%, Valid: 2.62%, Test: 2.14%, Best Valid: 36.25%, Best Test: 38.53%
Switching Polynormer to global attention phase.
Epoch: 200, Loss: 4.1447, Train: 15.50%, Valid: 16.00%, Test: 15.38%, Best Valid: 36.25%, Best Test: 38.53%
Epoch: 300, Loss: 4.3195, Train: 37.61%, Valid: 36.18%, Test: 38.53%, Best Valid: 36.25%, Best Test: 38.53%
Epoch: 400, Loss: 4.1015, Train: 15.50%, Valid: 16.00%, Test: 15.38%, Best Valid: 36.25%, Best Test: 38.53%
Epoch: 500, Loss: 4.2033, Train: 6.04%, Valid: 6.25%, Test: 5.38%, Best Valid: 36.25%, Best Test: 38.53%
Epoch: 600, Loss: 4.2236, Train: 3.10%, Valid: 3.13%, Test: 3.42%, Best Valid: 36.25%, Best Test: 38.53%
Epoch: 700, Loss: 4.0703, Train: 2.18%, Valid: 2.29%, Test: 2.36%, Best Valid: 36.25%, Best Test: 38.53%
Epoch: 800, Loss: 4.1827, Train: 3.84%, Valid: 3.75%, Test: 4.43%, Best Valid: 36.25%, Best Test: 38.53%
Epoch: 900, Loss: 4.1815, Train: 37.61%, Valid: 36.18%, Test: 38.53%, Best Valid: 36.25%, Best Test: 38.53%
Epoch: 1000, Loss: 4.1524, Train: 15.50%, Valid: 16.00%, Test: 15.38%, Best Valid: 36.25%, Best Test: 38.53%
Epoch: 1100, Loss: 4.2048, Train: 3.36%, Valid: 4.00%, Test: 3.64%, Best Valid: 36.25%, Best Test: 38.53%
Run 10:
Highest Train: 37.61
Highest Valid: 36.25
Highest Test: 38.57
Chosen epoch: 62
Final Train: 37.58
Final Test: 38.53
All runs:
Highest Train: 39.57 ± 2.72
Highest Test: 40.17 ± 2.37
Highest Valid: 38.41 ± 2.73
  Final Train: 39.32 ± 2.85
   Final Test: 39.81 ± 2.51
Saving results to ../results/lowlabel/amazon-computer/polynormer.csv
--- count_reg | lambda=1.6 ---
Namespace(aggregate='add', alpha=0.5, attention='gcn', beta=-1.0, bn=False, budget_tag='2', count_reg=True, count_smoothing=1.0, cpu=False, data_dir='../data/', dataset='amazon-computer', device=0, dim_inner=64, display_step=100, dropout=0.7, epochs=500, global_dropout=None, global_epochs=1000, global_layers=1, gnn='gcn', graph_weight=0.8, hidden_channels=64, hops=10, in_dropout=0.2, jk=False, label_num_per_class=20, lambda_val=1.6, layers=1, ln=False, local_epochs=200, local_gnn_type='GCN', local_layers=5, lr=0.001, metric='acc', mlp_epochs=500, mlp_reg=False, model='polynormer', model_dir='models/lowlabel_1161133_176', n_heads=8, num_centroids=4096, num_heads=8, oracle_reg=False, paired_seeds=True, pe_types='RWSE', penalty_transform='none', pre_linear=False, pre_ln=False, rand_split=False, rand_split_class=False, reg_start_epoch=10, reg_update_freq=5, res=False, resample_split_per_run=False, result_dir='../results/lowlabel', runs=10, save_model=True, save_result=False, seed=42, test_num=1000, tr_dropout=None, tr_layers=1, tr_weight_decay=None, train_per_class=2, train_prop=0.5, use_act=False, use_bn=False, use_graph=False, use_reg=True, use_residual=False, use_weight=False, valid_num=500, valid_per_class=0, valid_prop=0.25, weight_decay=5e-05)
amazon-computer
dataset amazon-computer | num nodes 13752 | num edge 491722 | num node feats 767 | num classes 10
MODEL: Polynormer(
  (h_lins): ModuleList(
    (0): Linear(in_features=512, out_features=512, bias=True)
    (1): Linear(in_features=512, out_features=512, bias=True)
    (2): Linear(in_features=512, out_features=512, bias=True)
    (3): Linear(in_features=512, out_features=512, bias=True)
    (4): Linear(in_features=512, out_features=512, bias=True)
  )
  (local_convs): ModuleList(
    (0): GATConv(512, 64, heads=8)
    (1): GATConv(512, 64, heads=8)
    (2): GATConv(512, 64, heads=8)
    (3): GATConv(512, 64, heads=8)
    (4): GATConv(512, 64, heads=8)
  )
  (lins): ModuleList(
    (0): Linear(in_features=512, out_features=512, bias=True)
    (1): Linear(in_features=512, out_features=512, bias=True)
    (2): Linear(in_features=512, out_features=512, bias=True)
    (3): Linear(in_features=512, out_features=512, bias=True)
    (4): Linear(in_features=512, out_features=512, bias=True)
  )
  (lns): ModuleList(
    (0): LayerNorm((512,), eps=1e-05, elementwise_affine=True)
    (1): LayerNorm((512,), eps=1e-05, elementwise_affine=True)
    (2): LayerNorm((512,), eps=1e-05, elementwise_affine=True)
    (3): LayerNorm((512,), eps=1e-05, elementwise_affine=True)
    (4): LayerNorm((512,), eps=1e-05, elementwise_affine=True)
  )
  (lin_in): Linear(in_features=767, out_features=512, bias=True)
  (ln): LayerNorm((512,), eps=1e-05, elementwise_affine=True)
  (global_attn): GlobalAttn(
    (h_lins): ModuleList(
      (0): Linear(in_features=512, out_features=512, bias=True)
    )
    (k_lins): ModuleList(
      (0): Linear(in_features=512, out_features=512, bias=True)
    )
    (v_lins): ModuleList(
      (0): Linear(in_features=512, out_features=512, bias=True)
    )
    (lns): ModuleList(
      (0): LayerNorm((512,), eps=1e-05, elementwise_affine=True)
    )
    (lin_out): Linear(in_features=512, out_features=512, bias=True)
  )
  (pred_local): Linear(in_features=512, out_features=10, bias=True)
  (pred_global): Linear(in_features=512, out_features=10, bias=True)
)
Label budget: 2/class -> 20 train nodes
Counting co-occurrence on train-train edges (leakage-free estimator)...
Count penalty frozen (0 train-train edges).
Epoch: 00, Loss: 7.0292, Train: 14.75%, Valid: 14.51%, Test: 14.58%, Best Valid: 14.51%, Best Test: 14.58%
Epoch: 100, Loss: 6.3869, Train: 37.60%, Valid: 36.15%, Test: 38.46%, Best Valid: 36.18%, Best Test: 38.53%
Switching Polynormer to global attention phase.
Epoch: 200, Loss: 6.0692, Train: 6.04%, Valid: 6.25%, Test: 5.38%, Best Valid: 37.56%, Best Test: 39.59%
Epoch: 300, Loss: 6.1568, Train: 37.61%, Valid: 36.18%, Test: 38.53%, Best Valid: 37.56%, Best Test: 39.59%
Epoch: 400, Loss: 5.6709, Train: 15.50%, Valid: 16.00%, Test: 15.38%, Best Valid: 37.56%, Best Test: 39.59%
Epoch: 500, Loss: 5.3467, Train: 15.50%, Valid: 16.00%, Test: 15.38%, Best Valid: 37.56%, Best Test: 39.59%
Epoch: 600, Loss: 4.7453, Train: 23.33%, Valid: 22.58%, Test: 23.01%, Best Valid: 37.56%, Best Test: 39.59%
Epoch: 700, Loss: 4.2519, Train: 19.26%, Valid: 18.69%, Test: 18.36%, Best Valid: 37.56%, Best Test: 39.59%
Epoch: 800, Loss: 2.9905, Train: 27.35%, Valid: 28.58%, Test: 26.72%, Best Valid: 37.56%, Best Test: 39.59%
Epoch: 900, Loss: 2.5444, Train: 10.27%, Valid: 11.27%, Test: 11.12%, Best Valid: 37.56%, Best Test: 39.59%
Epoch: 1000, Loss: 1.8687, Train: 21.54%, Valid: 22.69%, Test: 20.36%, Best Valid: 37.56%, Best Test: 39.59%
Epoch: 1100, Loss: 1.4339, Train: 21.68%, Valid: 23.71%, Test: 21.23%, Best Valid: 37.56%, Best Test: 39.59%
Run 01:
Highest Train: 38.23
Highest Valid: 37.56
Highest Test: 39.59
Chosen epoch: 102
Final Train: 38.23
Final Test: 39.59
Label budget: 2/class -> 20 train nodes
Counting co-occurrence on train-train edges (leakage-free estimator)...
Count penalty frozen (2 train-train edges).
Epoch: 00, Loss: 6.6097, Train: 1.96%, Valid: 2.51%, Test: 2.14%, Best Valid: 2.51%, Best Test: 2.14%
Epoch: 100, Loss: 6.9648, Train: 3.36%, Valid: 4.00%, Test: 3.64%, Best Valid: 6.25%, Best Test: 5.38%
Switching Polynormer to global attention phase.
Epoch: 200, Loss: 5.9609, Train: 6.05%, Valid: 6.25%, Test: 5.38%, Best Valid: 6.25%, Best Test: 5.38%
Epoch: 300, Loss: 5.6948, Train: 1.96%, Valid: 2.55%, Test: 2.14%, Best Valid: 16.33%, Best Test: 14.69%
Epoch: 400, Loss: 8.5170, Train: 3.36%, Valid: 4.00%, Test: 3.64%, Best Valid: 36.18%, Best Test: 38.53%
Epoch: 500, Loss: 5.8731, Train: 2.18%, Valid: 2.29%, Test: 2.36%, Best Valid: 36.18%, Best Test: 38.53%
Epoch: 600, Loss: 3.8492, Train: 6.30%, Valid: 7.71%, Test: 7.16%, Best Valid: 36.18%, Best Test: 38.53%
Epoch: 700, Loss: 2.7416, Train: 6.47%, Valid: 6.87%, Test: 6.69%, Best Valid: 36.18%, Best Test: 38.53%
Epoch: 800, Loss: 2.9330, Train: 6.88%, Valid: 7.82%, Test: 7.05%, Best Valid: 39.38%, Best Test: 41.40%
Epoch: 900, Loss: 1.9236, Train: 14.40%, Valid: 15.16%, Test: 15.19%, Best Valid: 39.38%, Best Test: 41.40%
Epoch: 1000, Loss: 0.8382, Train: 31.68%, Valid: 31.75%, Test: 32.61%, Best Valid: 39.38%, Best Test: 41.40%
Epoch: 1100, Loss: 1.0382, Train: 12.08%, Valid: 12.65%, Test: 12.69%, Best Valid: 39.38%, Best Test: 41.40%
Run 02:
Highest Train: 40.00
Highest Valid: 39.38
Highest Test: 41.40
Chosen epoch: 779
Final Train: 40.00
Final Test: 41.40
Label budget: 2/class -> 20 train nodes
Counting co-occurrence on train-train edges (leakage-free estimator)...
Count penalty frozen (0 train-train edges).
Epoch: 00, Loss: 6.9044, Train: 6.05%, Valid: 6.22%, Test: 5.34%, Best Valid: 6.22%, Best Test: 5.34%
Epoch: 100, Loss: 6.2283, Train: 2.18%, Valid: 2.29%, Test: 2.36%, Best Valid: 34.98%, Best Test: 37.37%
Switching Polynormer to global attention phase.
Epoch: 200, Loss: 5.9867, Train: 3.36%, Valid: 4.00%, Test: 3.64%, Best Valid: 36.18%, Best Test: 39.08%
Epoch: 300, Loss: 6.4868, Train: 37.61%, Valid: 36.18%, Test: 38.53%, Best Valid: 36.18%, Best Test: 39.08%
Epoch: 400, Loss: 6.0504, Train: 15.50%, Valid: 16.00%, Test: 15.38%, Best Valid: 36.18%, Best Test: 39.08%
Epoch: 500, Loss: 5.4974, Train: 3.10%, Valid: 3.13%, Test: 3.42%, Best Valid: 36.18%, Best Test: 39.08%
Epoch: 600, Loss: 4.8873, Train: 3.13%, Valid: 3.13%, Test: 3.42%, Best Valid: 36.18%, Best Test: 39.08%
Epoch: 700, Loss: 2.9715, Train: 11.90%, Valid: 12.51%, Test: 11.56%, Best Valid: 36.18%, Best Test: 39.08%
Epoch: 800, Loss: 2.3645, Train: 30.82%, Valid: 30.98%, Test: 28.79%, Best Valid: 37.56%, Best Test: 37.66%
Epoch: 900, Loss: 0.3963, Train: 27.54%, Valid: 27.85%, Test: 26.57%, Best Valid: 37.56%, Best Test: 37.66%
Epoch: 1000, Loss: 0.2268, Train: 24.92%, Valid: 25.24%, Test: 24.25%, Best Valid: 37.56%, Best Test: 37.66%
Epoch: 1100, Loss: 0.4156, Train: 27.06%, Valid: 27.24%, Test: 26.72%, Best Valid: 37.56%, Best Test: 37.66%
Run 03:
Highest Train: 38.49
Highest Valid: 37.56
Highest Test: 39.08
Chosen epoch: 772
Final Train: 38.31
Final Test: 37.66
Label budget: 2/class -> 20 train nodes
Counting co-occurrence on train-train edges (leakage-free estimator)...
Count penalty frozen (2 train-train edges).
Epoch: 00, Loss: 6.2050, Train: 3.77%, Valid: 3.53%, Test: 4.40%, Best Valid: 3.53%, Best Test: 4.40%
Epoch: 100, Loss: 6.4552, Train: 2.18%, Valid: 2.29%, Test: 2.36%, Best Valid: 17.82%, Best Test: 16.65%
Switching Polynormer to global attention phase.
Epoch: 200, Loss: 5.9867, Train: 2.18%, Valid: 2.29%, Test: 2.36%, Best Valid: 18.73%, Best Test: 17.30%
Epoch: 300, Loss: 5.9746, Train: 2.13%, Valid: 2.00%, Test: 2.29%, Best Valid: 18.73%, Best Test: 17.30%
Epoch: 400, Loss: 5.3622, Train: 6.05%, Valid: 6.25%, Test: 5.38%, Best Valid: 18.73%, Best Test: 17.30%
Epoch: 500, Loss: 5.8783, Train: 6.07%, Valid: 6.25%, Test: 5.38%, Best Valid: 18.73%, Best Test: 17.30%
Epoch: 600, Loss: 5.0028, Train: 4.06%, Valid: 4.04%, Test: 4.62%, Best Valid: 18.73%, Best Test: 17.30%
Epoch: 700, Loss: 3.0954, Train: 5.15%, Valid: 5.60%, Test: 5.74%, Best Valid: 18.73%, Best Test: 17.30%
Epoch: 800, Loss: 3.1578, Train: 7.16%, Valid: 7.24%, Test: 6.40%, Best Valid: 18.73%, Best Test: 17.30%
Epoch: 900, Loss: 1.9713, Train: 3.87%, Valid: 4.29%, Test: 3.85%, Best Valid: 18.73%, Best Test: 17.30%
Epoch: 1000, Loss: 2.1134, Train: 5.42%, Valid: 5.31%, Test: 4.83%, Best Valid: 18.73%, Best Test: 17.30%
Epoch: 1100, Loss: 1.2380, Train: 6.90%, Valid: 7.42%, Test: 6.07%, Best Valid: 18.73%, Best Test: 17.30%
Run 04:
Highest Train: 17.63
Highest Valid: 18.73
Highest Test: 17.30
Chosen epoch: 124
Final Train: 17.63
Final Test: 17.30
Label budget: 2/class -> 20 train nodes
Counting co-occurrence on train-train edges (leakage-free estimator)...
Count penalty frozen (0 train-train edges).
Epoch: 00, Loss: 6.8957, Train: 37.40%, Valid: 35.89%, Test: 38.17%, Best Valid: 35.89%, Best Test: 38.17%
Epoch: 100, Loss: 6.0886, Train: 10.62%, Valid: 9.53%, Test: 10.03%, Best Valid: 36.18%, Best Test: 38.53%
Switching Polynormer to global attention phase.
Epoch: 200, Loss: 6.1605, Train: 2.38%, Valid: 2.33%, Test: 2.76%, Best Valid: 36.18%, Best Test: 38.53%
Epoch: 300, Loss: 6.0576, Train: 6.04%, Valid: 6.25%, Test: 5.38%, Best Valid: 36.18%, Best Test: 38.53%
Epoch: 400, Loss: 4.9382, Train: 1.96%, Valid: 2.55%, Test: 2.14%, Best Valid: 36.18%, Best Test: 38.53%
Epoch: 500, Loss: 5.3375, Train: 1.96%, Valid: 2.55%, Test: 2.14%, Best Valid: 36.18%, Best Test: 38.53%
Epoch: 600, Loss: 4.7172, Train: 15.79%, Valid: 16.33%, Test: 14.69%, Best Valid: 36.18%, Best Test: 38.53%
Epoch: 700, Loss: 4.3108, Train: 33.49%, Valid: 32.44%, Test: 33.84%, Best Valid: 37.64%, Best Test: 39.40%
Epoch: 800, Loss: 3.4662, Train: 29.78%, Valid: 28.98%, Test: 30.24%, Best Valid: 37.64%, Best Test: 39.40%
Epoch: 900, Loss: 4.1114, Train: 27.08%, Valid: 26.44%, Test: 27.55%, Best Valid: 37.64%, Best Test: 39.40%
Epoch: 1000, Loss: 3.0723, Train: 25.04%, Valid: 25.56%, Test: 25.66%, Best Valid: 37.64%, Best Test: 39.40%
Epoch: 1100, Loss: 1.5187, Train: 4.71%, Valid: 5.13%, Test: 5.23%, Best Valid: 37.64%, Best Test: 39.40%
Run 05:
Highest Train: 38.55
Highest Valid: 37.64
Highest Test: 39.48
Chosen epoch: 690
Final Train: 38.47
Final Test: 39.40
Label budget: 2/class -> 20 train nodes
Counting co-occurrence on train-train edges (leakage-free estimator)...
Count penalty frozen (4 train-train edges).
Epoch: 00, Loss: 7.1786, Train: 3.36%, Valid: 4.04%, Test: 3.64%, Best Valid: 4.04%, Best Test: 3.64%
Epoch: 100, Loss: 6.1195, Train: 3.84%, Valid: 3.75%, Test: 4.43%, Best Valid: 19.35%, Best Test: 19.01%
Switching Polynormer to global attention phase.
Epoch: 200, Loss: 5.9867, Train: 6.04%, Valid: 6.25%, Test: 5.38%, Best Valid: 36.44%, Best Test: 39.11%
Epoch: 300, Loss: 6.1159, Train: 15.50%, Valid: 16.00%, Test: 15.38%, Best Valid: 36.44%, Best Test: 39.11%
Epoch: 400, Loss: 6.0461, Train: 2.18%, Valid: 2.29%, Test: 2.36%, Best Valid: 36.44%, Best Test: 39.11%
Epoch: 500, Loss: 5.4886, Train: 3.90%, Valid: 4.65%, Test: 4.22%, Best Valid: 36.44%, Best Test: 39.11%
Epoch: 600, Loss: 4.5405, Train: 38.13%, Valid: 36.84%, Test: 39.22%, Best Valid: 36.84%, Best Test: 39.22%
Epoch: 700, Loss: 5.2637, Train: 14.94%, Valid: 15.27%, Test: 15.19%, Best Valid: 37.89%, Best Test: 40.39%
Epoch: 800, Loss: 4.0167, Train: 8.97%, Valid: 9.13%, Test: 8.29%, Best Valid: 38.00%, Best Test: 40.46%
Epoch: 900, Loss: 3.3362, Train: 15.68%, Valid: 16.47%, Test: 16.21%, Best Valid: 38.00%, Best Test: 40.46%
Epoch: 1000, Loss: 2.9063, Train: 34.78%, Valid: 33.45%, Test: 34.39%, Best Valid: 38.36%, Best Test: 38.89%
Epoch: 1100, Loss: 2.6878, Train: 8.98%, Valid: 10.18%, Test: 9.05%, Best Valid: 38.36%, Best Test: 38.89%
Run 06:
Highest Train: 40.69
Highest Valid: 39.42
Highest Test: 41.40
Chosen epoch: 1117
Final Train: 40.69
Final Test: 41.40
Label budget: 2/class -> 20 train nodes
Counting co-occurrence on train-train edges (leakage-free estimator)...
Count penalty frozen (0 train-train edges).
Epoch: 00, Loss: 6.8513, Train: 2.34%, Valid: 2.36%, Test: 2.36%, Best Valid: 2.36%, Best Test: 2.36%
Epoch: 100, Loss: 6.8624, Train: 37.68%, Valid: 36.29%, Test: 38.60%, Best Valid: 36.29%, Best Test: 38.53%
Switching Polynormer to global attention phase.
Epoch: 200, Loss: 5.9867, Train: 15.79%, Valid: 16.33%, Test: 14.69%, Best Valid: 36.65%, Best Test: 39.08%
Epoch: 300, Loss: 6.0453, Train: 2.18%, Valid: 2.29%, Test: 2.36%, Best Valid: 36.65%, Best Test: 39.08%
Epoch: 400, Loss: 6.0589, Train: 3.84%, Valid: 3.75%, Test: 4.43%, Best Valid: 36.65%, Best Test: 39.08%
Epoch: 500, Loss: 6.6600, Train: 6.04%, Valid: 6.25%, Test: 5.38%, Best Valid: 36.65%, Best Test: 39.08%
Epoch: 600, Loss: 5.3486, Train: 15.50%, Valid: 16.00%, Test: 15.38%, Best Valid: 36.65%, Best Test: 39.08%
Epoch: 700, Loss: 3.9709, Train: 18.43%, Valid: 18.18%, Test: 17.78%, Best Valid: 37.05%, Best Test: 38.60%
Epoch: 800, Loss: 3.5197, Train: 24.35%, Valid: 23.56%, Test: 24.28%, Best Valid: 37.71%, Best Test: 39.33%
Epoch: 900, Loss: 2.4183, Train: 15.34%, Valid: 15.60%, Test: 14.39%, Best Valid: 37.71%, Best Test: 39.33%
Epoch: 1000, Loss: 2.0283, Train: 15.83%, Valid: 17.13%, Test: 15.78%, Best Valid: 37.71%, Best Test: 39.33%
Epoch: 1100, Loss: 1.8683, Train: 11.55%, Valid: 11.82%, Test: 11.16%, Best Valid: 37.71%, Best Test: 39.33%
Run 07:
Highest Train: 39.03
Highest Valid: 37.71
Highest Test: 39.33
Chosen epoch: 751
Final Train: 39.03
Final Test: 39.33
Label budget: 2/class -> 20 train nodes
Counting co-occurrence on train-train edges (leakage-free estimator)...
Count penalty frozen (0 train-train edges).
Epoch: 00, Loss: 6.4813, Train: 37.50%, Valid: 36.07%, Test: 38.46%, Best Valid: 36.07%, Best Test: 38.46%
Epoch: 100, Loss: 5.7176, Train: 2.18%, Valid: 2.29%, Test: 2.36%, Best Valid: 36.18%, Best Test: 38.53%
Switching Polynormer to global attention phase.
Epoch: 200, Loss: 6.0874, Train: 15.79%, Valid: 16.33%, Test: 14.69%, Best Valid: 36.18%, Best Test: 38.53%
Epoch: 300, Loss: 5.9499, Train: 10.62%, Valid: 9.53%, Test: 10.03%, Best Valid: 36.18%, Best Test: 38.53%
Epoch: 400, Loss: 6.1616, Train: 37.62%, Valid: 36.18%, Test: 38.53%, Best Valid: 36.18%, Best Test: 38.53%
Epoch: 500, Loss: 5.6087, Train: 3.84%, Valid: 3.75%, Test: 4.43%, Best Valid: 36.18%, Best Test: 38.53%
Epoch: 600, Loss: 4.8283, Train: 6.73%, Valid: 7.64%, Test: 6.69%, Best Valid: 36.69%, Best Test: 38.42%
Epoch: 700, Loss: 4.6719, Train: 17.28%, Valid: 17.71%, Test: 17.01%, Best Valid: 36.69%, Best Test: 38.42%
Epoch: 800, Loss: 3.4296, Train: 8.90%, Valid: 9.13%, Test: 9.23%, Best Valid: 36.69%, Best Test: 38.42%
Epoch: 900, Loss: 3.9042, Train: 8.30%, Valid: 8.36%, Test: 8.58%, Best Valid: 36.69%, Best Test: 38.42%
Epoch: 1000, Loss: 3.0907, Train: 9.76%, Valid: 9.71%, Test: 9.52%, Best Valid: 36.69%, Best Test: 38.42%
Epoch: 1100, Loss: 2.9620, Train: 8.51%, Valid: 7.67%, Test: 7.82%, Best Valid: 36.69%, Best Test: 38.42%
Run 08:
Highest Train: 37.87
Highest Valid: 36.69
Highest Test: 38.93
Chosen epoch: 535
Final Train: 37.87
Final Test: 38.42
Label budget: 2/class -> 20 train nodes
Counting co-occurrence on train-train edges (leakage-free estimator)...
Count penalty frozen (0 train-train edges).
Epoch: 00, Loss: 6.1723, Train: 3.36%, Valid: 4.00%, Test: 3.67%, Best Valid: 4.00%, Best Test: 3.67%
Epoch: 100, Loss: 7.3643, Train: 10.62%, Valid: 9.53%, Test: 10.03%, Best Valid: 37.64%, Best Test: 39.99%
Switching Polynormer to global attention phase.
Epoch: 200, Loss: 5.9868, Train: 1.96%, Valid: 2.55%, Test: 2.14%, Best Valid: 37.64%, Best Test: 39.99%
Epoch: 300, Loss: 5.8666, Train: 37.61%, Valid: 36.18%, Test: 38.53%, Best Valid: 37.64%, Best Test: 39.99%
Epoch: 400, Loss: 5.8620, Train: 37.61%, Valid: 36.18%, Test: 38.53%, Best Valid: 37.64%, Best Test: 39.99%
Epoch: 500, Loss: 5.6923, Train: 15.50%, Valid: 16.00%, Test: 15.38%, Best Valid: 37.64%, Best Test: 39.99%
Epoch: 600, Loss: 4.8026, Train: 1.99%, Valid: 2.55%, Test: 2.14%, Best Valid: 37.64%, Best Test: 39.99%
Epoch: 700, Loss: 5.0373, Train: 2.02%, Valid: 2.62%, Test: 2.18%, Best Valid: 37.64%, Best Test: 39.99%
Epoch: 800, Loss: 4.0509, Train: 2.05%, Valid: 2.69%, Test: 2.18%, Best Valid: 37.64%, Best Test: 39.99%
Epoch: 900, Loss: 3.4147, Train: 2.23%, Valid: 2.87%, Test: 2.40%, Best Valid: 37.64%, Best Test: 39.99%
Epoch: 1000, Loss: 2.7708, Train: 13.83%, Valid: 13.96%, Test: 12.36%, Best Valid: 37.64%, Best Test: 39.99%
Epoch: 1100, Loss: 1.9140, Train: 9.13%, Valid: 9.16%, Test: 9.89%, Best Valid: 37.64%, Best Test: 39.99%
Run 09:
Highest Train: 38.93
Highest Valid: 37.64
Highest Test: 39.99
Chosen epoch: 64
Final Train: 38.93
Final Test: 39.99
Label budget: 2/class -> 20 train nodes
Counting co-occurrence on train-train edges (leakage-free estimator)...
Count penalty frozen (0 train-train edges).
Epoch: 00, Loss: 7.2125, Train: 3.37%, Valid: 4.04%, Test: 3.64%, Best Valid: 4.04%, Best Test: 3.64%
Epoch: 100, Loss: 7.2101, Train: 11.94%, Valid: 11.05%, Test: 11.49%, Best Valid: 16.33%, Best Test: 14.69%
Switching Polynormer to global attention phase.
Epoch: 200, Loss: 5.9867, Train: 15.50%, Valid: 16.00%, Test: 15.38%, Best Valid: 26.87%, Best Test: 26.79%
Epoch: 300, Loss: 3.1155, Train: 19.59%, Valid: 18.40%, Test: 18.97%, Best Valid: 43.56%, Best Test: 44.24%
Epoch: 400, Loss: 1.7743, Train: 36.25%, Valid: 37.38%, Test: 37.37%, Best Valid: 52.15%, Best Test: 52.38%
Epoch: 500, Loss: 1.2555, Train: 42.70%, Valid: 41.64%, Test: 43.40%, Best Valid: 52.15%, Best Test: 52.38%
Epoch: 600, Loss: 0.4524, Train: 39.36%, Valid: 37.71%, Test: 39.62%, Best Valid: 52.15%, Best Test: 52.38%
Epoch: 700, Loss: 0.3148, Train: 41.45%, Valid: 39.96%, Test: 41.08%, Best Valid: 52.15%, Best Test: 52.38%
Epoch: 800, Loss: 0.1787, Train: 49.04%, Valid: 47.27%, Test: 49.15%, Best Valid: 52.15%, Best Test: 52.38%
Epoch: 900, Loss: 0.0842, Train: 49.08%, Valid: 47.78%, Test: 50.02%, Best Valid: 54.25%, Best Test: 54.67%
Epoch: 1000, Loss: 0.6832, Train: 45.86%, Valid: 46.18%, Test: 47.40%, Best Valid: 54.25%, Best Test: 54.67%
Epoch: 1100, Loss: 0.1674, Train: 49.55%, Valid: 49.09%, Test: 51.29%, Best Valid: 54.25%, Best Test: 54.67%
Run 10:
Highest Train: 54.61
Highest Valid: 54.25
Highest Test: 54.67
Chosen epoch: 870
Final Train: 54.61
Final Test: 54.67
All runs:
Highest Train: 38.40 ± 8.84
Highest Test: 39.12 ± 9.00
Highest Valid: 37.66 ± 8.44
  Final Train: 38.38 ± 8.84
   Final Test: 38.92 ± 9.02
Saving results to ../results/lowlabel/amazon-computer/polynormer.csv
Low-label sweep completed.
Task 176 done.
