Fri Aug  7 22:56:31 2026       
+-----------------------------------------------------------------------------------------+
| NVIDIA-SMI 580.159.04             Driver Version: 580.159.04     CUDA Version: 13.0     |
+-----------------------------------------+------------------------+----------------------+
| GPU  Name                 Persistence-M | Bus-Id          Disp.A | Volatile Uncorr. ECC |
| Fan  Temp   Perf          Pwr:Usage/Cap |           Memory-Usage | GPU-Util  Compute M. |
|                                         |                        |               MIG M. |
|=========================================+========================+======================|
|   0  NVIDIA A100-SXM4-80GB          On  |   00000000:01:00.0 Off |                   On |
| N/A   56C    P0            229W /  500W |   40825MiB /  81920MiB |     N/A      Default |
|                                         |                        |              Enabled |
+-----------------------------------------+------------------------+----------------------+
|   1  NVIDIA A100-SXM4-80GB          On  |   00000000:41:00.0 Off |                   On |
| N/A   49C    P0            243W /  500W |   51897MiB /  81920MiB |     N/A      Default |
|                                         |                        |              Enabled |
+-----------------------------------------+------------------------+----------------------+
|   2  NVIDIA A100-SXM4-80GB          On  |   00000000:81:00.0 Off |                   On |
| N/A   57C    P0            257W /  500W |   46082MiB /  81920MiB |     N/A      Default |
|                                         |                        |              Enabled |
+-----------------------------------------+------------------------+----------------------+
|   3  NVIDIA A100-SXM4-80GB          On  |   00000000:C1:00.0 Off |                   On |
| N/A   46C    P0            242W /  500W |   46064MiB /  81920MiB |     N/A      Default |
|                                         |                        |              Enabled |
+-----------------------------------------+------------------------+----------------------+

+-----------------------------------------------------------------------------------------+
| MIG devices:                                                                            |
+------------------+----------------------------------+-----------+-----------------------+
| GPU  GI  CI  MIG |              Shared Memory-Usage |        Vol|        Shared         |
|      ID  ID  Dev |                Shared BAR1-Usage | SM     Unc| CE ENC  DEC  OFA  JPG |
|                  |                                  |        ECC|                       |
|==================+==================================+===========+=======================|
|  0    5   0   0  |              71MiB / 19968MiB    | 28      0 |  2   0    1    0    0 |
|                  |               0MiB / 12271MiB    |           |                       |
+------------------+----------------------------------+-----------+-----------------------+

+-----------------------------------------------------------------------------------------+
| Processes:                                                                              |
|  GPU   GI   CI              PID   Type   Process name                        GPU Memory |
|        ID   ID                                                               Usage      |
|=========================================================================================|
|    1   13    0          2485349      C   ...ware/symmetrix-env/bin/python        646MiB |
|    1    1    0          3515729      C   python                                39270MiB |
|    1    5    0          3529683      C   python                                11708MiB |
|    2    2    0          3516486      C   python                                39270MiB |
|    2    3    0          3521463      C   python                                 6546MiB |
|    3    5    0          3514946      C   python                                 6528MiB |
|    3    1    0          3517260      C   python                                39270MiB |
+-----------------------------------------------------------------------------------------+
Cell: wikics / polynormer / budget 2 per class / group 2
python main.py --model polynormer --dataset wikics --hidden_channels 512 --local_epochs 100 --global_epochs 1000 --lr 0.001 --runs 10 --local_layers 7 --global_layers 2 --weight_decay 0.0 --dropout 0.5 --in_dropout 0.5 --num_heads 1 --save_model --device 0 --model_dir models/lowlabel_1161133_277 --train_per_class 2 --budget_tag 2
==========================================================
Low-label sweep: python main.py --model polynormer --dataset wikics --hidden_channels 512 --local_epochs 100 --global_epochs 1000 --lr 0.001 --runs 10 --local_layers 7 --global_layers 2 --weight_decay 0.0 --dropout 0.5 --in_dropout 0.5 --num_heads 1 --save_model --device 0 --model_dir models/lowlabel_1161133_277 --train_per_class 2 --budget_tag 2
result_dir=../results/lowlabel conditions=[mlp]
==========================================================
--- mlp_reg | lambda=0.01 ---
Namespace(aggregate='add', alpha=0.5, attention='gcn', beta=-1.0, bn=False, budget_tag='2', count_reg=False, count_smoothing=1.0, cpu=False, data_dir='../data/', dataset='wikics', device=0, dim_inner=512, display_step=100, dropout=0.5, epochs=500, global_dropout=None, global_epochs=1000, global_layers=2, gnn='gcn', graph_weight=0.8, hidden_channels=512, hops=10, in_dropout=0.5, jk=False, label_num_per_class=20, lambda_val=0.01, layers=1, ln=False, local_epochs=100, local_gnn_type='GCN', local_layers=7, lr=0.001, metric='acc', mlp_epochs=500, mlp_reg=True, model='polynormer', model_dir='models/lowlabel_1161133_277', n_heads=1, num_centroids=4096, num_heads=1, oracle_reg=False, paired_seeds=True, pe_types='RWSE', penalty_transform='none', pre_linear=False, pre_ln=False, rand_split=False, rand_split_class=False, reg_start_epoch=10, reg_update_freq=5, res=False, resample_split_per_run=False, result_dir='../results/lowlabel', runs=10, save_model=True, save_result=False, seed=42, test_num=1000, tr_dropout=None, tr_layers=1, tr_weight_decay=None, train_per_class=2, train_prop=0.5, use_act=False, use_bn=False, use_graph=False, use_reg=True, use_residual=False, use_weight=False, valid_num=500, valid_per_class=0, valid_prop=0.25, weight_decay=0.0)
wikics
dataset wikics | num nodes 11701 | num edge 431726 | num node feats 300 | num classes 10
MODEL: Polynormer(
  (h_lins): ModuleList(
    (0): Linear(in_features=512, out_features=512, bias=True)
    (1): Linear(in_features=512, out_features=512, bias=True)
    (2): Linear(in_features=512, out_features=512, bias=True)
    (3): Linear(in_features=512, out_features=512, bias=True)
    (4): Linear(in_features=512, out_features=512, bias=True)
    (5): Linear(in_features=512, out_features=512, bias=True)
    (6): Linear(in_features=512, out_features=512, bias=True)
  )
  (local_convs): ModuleList(
    (0): GATConv(512, 512, heads=1)
    (1): GATConv(512, 512, heads=1)
    (2): GATConv(512, 512, heads=1)
    (3): GATConv(512, 512, heads=1)
    (4): GATConv(512, 512, heads=1)
    (5): GATConv(512, 512, heads=1)
    (6): GATConv(512, 512, heads=1)
  )
  (lins): ModuleList(
    (0): Linear(in_features=512, out_features=512, bias=True)
    (1): Linear(in_features=512, out_features=512, bias=True)
    (2): Linear(in_features=512, out_features=512, bias=True)
    (3): Linear(in_features=512, out_features=512, bias=True)
    (4): Linear(in_features=512, out_features=512, bias=True)
    (5): Linear(in_features=512, out_features=512, bias=True)
    (6): Linear(in_features=512, out_features=512, bias=True)
  )
  (lns): ModuleList(
    (0): LayerNorm((512,), eps=1e-05, elementwise_affine=True)
    (1): LayerNorm((512,), eps=1e-05, elementwise_affine=True)
    (2): LayerNorm((512,), eps=1e-05, elementwise_affine=True)
    (3): LayerNorm((512,), eps=1e-05, elementwise_affine=True)
    (4): LayerNorm((512,), eps=1e-05, elementwise_affine=True)
    (5): LayerNorm((512,), eps=1e-05, elementwise_affine=True)
    (6): LayerNorm((512,), eps=1e-05, elementwise_affine=True)
  )
  (lin_in): Linear(in_features=300, out_features=512, bias=True)
  (ln): LayerNorm((512,), eps=1e-05, elementwise_affine=True)
  (global_attn): GlobalAttn(
    (h_lins): ModuleList(
      (0): Linear(in_features=512, out_features=512, bias=True)
      (1): Linear(in_features=512, out_features=512, bias=True)
    )
    (k_lins): ModuleList(
      (0): Linear(in_features=512, out_features=512, bias=True)
      (1): Linear(in_features=512, out_features=512, bias=True)
    )
    (v_lins): ModuleList(
      (0): Linear(in_features=512, out_features=512, bias=True)
      (1): Linear(in_features=512, out_features=512, bias=True)
    )
    (lns): ModuleList(
      (0): LayerNorm((512,), eps=1e-05, elementwise_affine=True)
      (1): LayerNorm((512,), eps=1e-05, elementwise_affine=True)
    )
    (lin_out): Linear(in_features=512, out_features=512, bias=True)
  )
  (pred_local): Linear(in_features=512, out_features=10, bias=True)
  (pred_global): Linear(in_features=512, out_features=10, bias=True)
)
Label budget: 2/class -> 20 train nodes
Pre-training MLP for 500 epochs to generate co-occurrence matrix...
MLP pre-training complete. Penalty matrix frozen.
Epoch: 00, Loss: 2.7202, Train: 3.97%, Valid: 3.83%, Test: 4.05%, Best Valid: 3.83%, Best Test: 4.05%
Switching Polynormer to global attention phase.
Epoch: 100, Loss: 2.3306, Train: 6.72%, Valid: 6.66%, Test: 6.67%, Best Valid: 47.55%, Best Test: 48.44%
Epoch: 200, Loss: 0.4936, Train: 44.48%, Valid: 42.64%, Test: 41.88%, Best Valid: 47.55%, Best Test: 48.44%
Epoch: 300, Loss: 0.0910, Train: 43.62%, Valid: 41.20%, Test: 40.47%, Best Valid: 47.55%, Best Test: 48.44%
Epoch: 400, Loss: 0.6176, Train: 43.28%, Valid: 41.77%, Test: 42.53%, Best Valid: 47.55%, Best Test: 48.44%
Epoch: 500, Loss: 0.7492, Train: 36.55%, Valid: 34.58%, Test: 34.02%, Best Valid: 47.55%, Best Test: 48.44%
Epoch: 600, Loss: 0.6877, Train: 36.38%, Valid: 34.02%, Test: 34.03%, Best Valid: 47.55%, Best Test: 48.44%
Epoch: 700, Loss: 0.0220, Train: 40.69%, Valid: 37.16%, Test: 36.55%, Best Valid: 47.55%, Best Test: 48.44%
Epoch: 800, Loss: 0.3505, Train: 35.00%, Valid: 33.69%, Test: 33.68%, Best Valid: 47.55%, Best Test: 48.44%
Epoch: 900, Loss: 0.5885, Train: 37.07%, Valid: 35.21%, Test: 34.05%, Best Valid: 47.55%, Best Test: 48.44%
Epoch: 1000, Loss: 1.1426, Train: 34.31%, Valid: 31.76%, Test: 31.38%, Best Valid: 47.55%, Best Test: 48.44%
Run 01:
Highest Train: 49.31
Highest Valid: 47.55
Highest Test: 48.44
Chosen epoch: 75
Final Train: 48.10
Final Test: 48.44
Label budget: 2/class -> 20 train nodes
Pre-training MLP for 500 epochs to generate co-occurrence matrix...
MLP pre-training complete. Penalty matrix frozen.
Epoch: 00, Loss: 3.0149, Train: 18.28%, Valid: 18.52%, Test: 17.84%, Best Valid: 18.52%, Best Test: 17.84%
Switching Polynormer to global attention phase.
Epoch: 100, Loss: 2.3688, Train: 3.45%, Valid: 3.55%, Test: 3.52%, Best Valid: 54.68%, Best Test: 53.14%
Epoch: 200, Loss: 0.1418, Train: 47.76%, Valid: 46.38%, Test: 43.94%, Best Valid: 54.68%, Best Test: 53.14%
Epoch: 300, Loss: 0.0083, Train: 54.48%, Valid: 52.86%, Test: 51.75%, Best Valid: 57.76%, Best Test: 55.94%
Epoch: 400, Loss: 0.0262, Train: 49.14%, Valid: 46.80%, Test: 45.39%, Best Valid: 57.76%, Best Test: 55.94%
Epoch: 500, Loss: 0.1392, Train: 48.28%, Valid: 48.71%, Test: 46.61%, Best Valid: 57.76%, Best Test: 55.94%
Epoch: 600, Loss: 0.0002, Train: 52.07%, Valid: 49.32%, Test: 47.65%, Best Valid: 57.76%, Best Test: 55.94%
Epoch: 700, Loss: 0.0254, Train: 57.93%, Valid: 57.62%, Test: 55.99%, Best Valid: 57.76%, Best Test: 55.94%
Epoch: 800, Loss: 0.2623, Train: 56.03%, Valid: 55.86%, Test: 53.75%, Best Valid: 60.77%, Best Test: 58.82%
Epoch: 900, Loss: 0.0025, Train: 50.52%, Valid: 48.86%, Test: 46.83%, Best Valid: 60.77%, Best Test: 58.82%
Epoch: 1000, Loss: 0.0003, Train: 58.10%, Valid: 59.03%, Test: 57.17%, Best Valid: 61.13%, Best Test: 59.55%
Run 02:
Highest Train: 61.03
Highest Valid: 61.13
Highest Test: 59.77
Chosen epoch: 957
Final Train: 59.48
Final Test: 59.55
Label budget: 2/class -> 20 train nodes
Pre-training MLP for 500 epochs to generate co-occurrence matrix...
MLP pre-training complete. Penalty matrix frozen.
Epoch: 00, Loss: 2.9388, Train: 5.17%, Valid: 5.21%, Test: 5.08%, Best Valid: 5.21%, Best Test: 5.08%
Switching Polynormer to global attention phase.
Epoch: 100, Loss: 2.3382, Train: 22.93%, Valid: 22.89%, Test: 22.90%, Best Valid: 52.67%, Best Test: 51.60%
Epoch: 200, Loss: 0.7175, Train: 45.00%, Valid: 44.77%, Test: 44.47%, Best Valid: 53.96%, Best Test: 52.49%
Epoch: 300, Loss: 0.0117, Train: 47.93%, Valid: 48.03%, Test: 45.90%, Best Valid: 57.02%, Best Test: 55.89%
Epoch: 400, Loss: 0.2486, Train: 48.79%, Valid: 48.94%, Test: 48.30%, Best Valid: 57.02%, Best Test: 55.89%
Epoch: 500, Loss: 0.9479, Train: 45.69%, Valid: 45.47%, Test: 43.54%, Best Valid: 57.02%, Best Test: 55.89%
Epoch: 600, Loss: 0.0493, Train: 41.38%, Valid: 43.10%, Test: 40.77%, Best Valid: 57.02%, Best Test: 55.89%
Epoch: 700, Loss: 0.3920, Train: 43.62%, Valid: 43.31%, Test: 42.12%, Best Valid: 57.02%, Best Test: 55.89%
Epoch: 800, Loss: 0.1913, Train: 31.21%, Valid: 32.44%, Test: 30.17%, Best Valid: 57.02%, Best Test: 55.89%
Epoch: 900, Loss: 0.0333, Train: 46.90%, Valid: 45.79%, Test: 43.63%, Best Valid: 57.02%, Best Test: 55.89%
Epoch: 1000, Loss: 0.0010, Train: 49.14%, Valid: 47.21%, Test: 45.82%, Best Valid: 57.02%, Best Test: 55.89%
Run 03:
Highest Train: 58.45
Highest Valid: 57.02
Highest Test: 55.91
Chosen epoch: 252
Final Train: 57.41
Final Test: 55.89
Label budget: 2/class -> 20 train nodes
Pre-training MLP for 500 epochs to generate co-occurrence matrix...
MLP pre-training complete. Penalty matrix frozen.
Epoch: 00, Loss: 2.4594, Train: 15.69%, Valid: 15.02%, Test: 14.64%, Best Valid: 15.02%, Best Test: 14.64%
Switching Polynormer to global attention phase.
Epoch: 100, Loss: 2.3708, Train: 6.72%, Valid: 6.84%, Test: 6.76%, Best Valid: 44.67%, Best Test: 43.46%
Epoch: 200, Loss: 0.2903, Train: 36.03%, Valid: 31.66%, Test: 31.13%, Best Valid: 50.76%, Best Test: 49.87%
Epoch: 300, Loss: 1.0444, Train: 42.41%, Valid: 38.24%, Test: 37.08%, Best Valid: 50.76%, Best Test: 49.87%
Epoch: 400, Loss: 0.2698, Train: 46.03%, Valid: 42.72%, Test: 41.66%, Best Valid: 50.76%, Best Test: 49.87%
Epoch: 500, Loss: 0.3351, Train: 42.07%, Valid: 39.63%, Test: 39.39%, Best Valid: 50.76%, Best Test: 49.87%
Epoch: 600, Loss: 0.0558, Train: 44.66%, Valid: 44.08%, Test: 43.53%, Best Valid: 50.76%, Best Test: 49.87%
Epoch: 700, Loss: 0.0078, Train: 47.07%, Valid: 43.95%, Test: 42.69%, Best Valid: 50.76%, Best Test: 49.87%
Epoch: 800, Loss: 0.0063, Train: 40.52%, Valid: 37.43%, Test: 36.16%, Best Valid: 50.76%, Best Test: 49.87%
Epoch: 900, Loss: 0.8589, Train: 41.03%, Valid: 36.12%, Test: 35.01%, Best Valid: 50.76%, Best Test: 49.87%
Epoch: 1000, Loss: 0.1758, Train: 50.17%, Valid: 46.59%, Test: 44.62%, Best Valid: 50.76%, Best Test: 49.87%
Run 04:
Highest Train: 54.31
Highest Valid: 51.86
Highest Test: 49.87
Chosen epoch: 1009
Final Train: 54.31
Final Test: 49.80
Label budget: 2/class -> 20 train nodes
Pre-training MLP for 500 epochs to generate co-occurrence matrix...
MLP pre-training complete. Penalty matrix frozen.
Epoch: 00, Loss: 3.0345, Train: 4.14%, Valid: 4.53%, Test: 4.89%, Best Valid: 4.53%, Best Test: 4.89%
Switching Polynormer to global attention phase.
Epoch: 100, Loss: 2.2937, Train: 8.10%, Valid: 7.79%, Test: 8.12%, Best Valid: 40.82%, Best Test: 39.61%
Epoch: 200, Loss: 0.1697, Train: 36.90%, Valid: 36.99%, Test: 36.22%, Best Valid: 41.51%, Best Test: 41.15%
Epoch: 300, Loss: 0.2384, Train: 37.41%, Valid: 36.27%, Test: 35.64%, Best Valid: 43.78%, Best Test: 43.18%
Epoch: 400, Loss: 0.0668, Train: 36.03%, Valid: 35.02%, Test: 34.51%, Best Valid: 43.78%, Best Test: 43.18%
Epoch: 500, Loss: 0.0727, Train: 38.10%, Valid: 38.45%, Test: 38.04%, Best Valid: 43.78%, Best Test: 43.18%
Epoch: 600, Loss: 0.0004, Train: 40.52%, Valid: 40.88%, Test: 39.92%, Best Valid: 43.78%, Best Test: 43.18%
Epoch: 700, Loss: 0.0174, Train: 34.66%, Valid: 34.91%, Test: 34.39%, Best Valid: 43.78%, Best Test: 43.18%
Epoch: 800, Loss: 0.0059, Train: 36.03%, Valid: 35.04%, Test: 34.94%, Best Valid: 43.78%, Best Test: 43.18%
Epoch: 900, Loss: 0.2044, Train: 36.03%, Valid: 36.04%, Test: 35.83%, Best Valid: 43.78%, Best Test: 43.18%
Epoch: 1000, Loss: 0.4404, Train: 34.83%, Valid: 34.91%, Test: 34.53%, Best Valid: 43.78%, Best Test: 43.18%
Run 05:
Highest Train: 45.52
Highest Valid: 43.78
Highest Test: 43.80
Chosen epoch: 279
Final Train: 45.17
Final Test: 43.18
Label budget: 2/class -> 20 train nodes
Pre-training MLP for 500 epochs to generate co-occurrence matrix...
MLP pre-training complete. Penalty matrix frozen.
Epoch: 00, Loss: 3.0470, Train: 10.00%, Valid: 11.79%, Test: 11.72%, Best Valid: 11.79%, Best Test: 11.72%
Switching Polynormer to global attention phase.
Epoch: 100, Loss: 2.3363, Train: 6.03%, Valid: 7.07%, Test: 7.11%, Best Valid: 52.05%, Best Test: 51.29%
Epoch: 200, Loss: 0.3911, Train: 42.76%, Valid: 41.62%, Test: 40.77%, Best Valid: 57.62%, Best Test: 57.23%
Epoch: 300, Loss: 0.1978, Train: 44.31%, Valid: 43.29%, Test: 43.32%, Best Valid: 61.45%, Best Test: 61.38%
Epoch: 400, Loss: 0.1167, Train: 54.66%, Valid: 54.27%, Test: 52.93%, Best Valid: 61.45%, Best Test: 61.38%
Epoch: 500, Loss: 0.0008, Train: 52.76%, Valid: 52.31%, Test: 52.37%, Best Valid: 61.45%, Best Test: 61.38%
Epoch: 600, Loss: 0.0052, Train: 57.24%, Valid: 57.41%, Test: 56.78%, Best Valid: 61.45%, Best Test: 61.38%
Epoch: 700, Loss: 0.3033, Train: 57.41%, Valid: 57.43%, Test: 56.35%, Best Valid: 61.45%, Best Test: 61.38%
Epoch: 800, Loss: 0.0391, Train: 59.31%, Valid: 56.83%, Test: 56.82%, Best Valid: 61.45%, Best Test: 61.38%
Epoch: 900, Loss: 0.0002, Train: 57.41%, Valid: 55.46%, Test: 55.69%, Best Valid: 61.45%, Best Test: 61.38%
Epoch: 1000, Loss: 0.0000, Train: 56.38%, Valid: 55.14%, Test: 56.85%, Best Valid: 61.45%, Best Test: 61.38%
Run 06:
Highest Train: 64.31
Highest Valid: 61.45
Highest Test: 61.47
Chosen epoch: 287
Final Train: 64.31
Final Test: 61.38
Label budget: 2/class -> 20 train nodes
Pre-training MLP for 500 epochs to generate co-occurrence matrix...
MLP pre-training complete. Penalty matrix frozen.
Epoch: 00, Loss: 2.5434, Train: 6.38%, Valid: 6.84%, Test: 7.00%, Best Valid: 6.84%, Best Test: 7.00%
Switching Polynormer to global attention phase.
Epoch: 100, Loss: 2.3647, Train: 21.38%, Valid: 20.84%, Test: 21.28%, Best Valid: 62.10%, Best Test: 60.56%
Epoch: 200, Loss: 0.3865, Train: 58.97%, Valid: 57.38%, Test: 56.44%, Best Valid: 62.10%, Best Test: 60.56%
Epoch: 300, Loss: 0.0335, Train: 62.59%, Valid: 57.91%, Test: 59.19%, Best Valid: 67.94%, Best Test: 68.31%
Epoch: 400, Loss: 0.0052, Train: 60.52%, Valid: 56.31%, Test: 55.98%, Best Valid: 67.97%, Best Test: 67.11%
Epoch: 500, Loss: 0.2379, Train: 64.48%, Valid: 61.83%, Test: 61.40%, Best Valid: 67.97%, Best Test: 67.11%
Epoch: 600, Loss: 0.0033, Train: 67.07%, Valid: 63.78%, Test: 62.48%, Best Valid: 67.97%, Best Test: 67.11%
Epoch: 700, Loss: 0.5364, Train: 59.66%, Valid: 56.45%, Test: 56.17%, Best Valid: 67.97%, Best Test: 67.11%
Epoch: 800, Loss: 0.1152, Train: 63.62%, Valid: 60.77%, Test: 60.08%, Best Valid: 67.97%, Best Test: 67.11%
Epoch: 900, Loss: 0.1815, Train: 61.38%, Valid: 56.39%, Test: 56.18%, Best Valid: 67.97%, Best Test: 67.11%
Epoch: 1000, Loss: 0.6744, Train: 45.69%, Valid: 41.96%, Test: 41.99%, Best Valid: 67.97%, Best Test: 67.11%
Run 07:
Highest Train: 73.10
Highest Valid: 67.97
Highest Test: 68.31
Chosen epoch: 336
Final Train: 72.93
Final Test: 67.11
Label budget: 2/class -> 20 train nodes
Pre-training MLP for 500 epochs to generate co-occurrence matrix...
MLP pre-training complete. Penalty matrix frozen.
Epoch: 00, Loss: 2.4422, Train: 7.41%, Valid: 7.87%, Test: 7.68%, Best Valid: 7.87%, Best Test: 7.68%
Switching Polynormer to global attention phase.
Epoch: 100, Loss: 2.3600, Train: 12.24%, Valid: 12.15%, Test: 12.18%, Best Valid: 44.33%, Best Test: 43.60%
Epoch: 200, Loss: 0.8693, Train: 35.52%, Valid: 34.21%, Test: 34.03%, Best Valid: 44.33%, Best Test: 43.60%
Epoch: 300, Loss: 0.4444, Train: 39.48%, Valid: 39.27%, Test: 40.21%, Best Valid: 44.33%, Best Test: 43.60%
Epoch: 400, Loss: 0.2647, Train: 43.62%, Valid: 41.70%, Test: 42.26%, Best Valid: 44.33%, Best Test: 43.60%
Epoch: 500, Loss: 0.0938, Train: 39.31%, Valid: 37.49%, Test: 37.51%, Best Valid: 44.33%, Best Test: 43.60%
Epoch: 600, Loss: 0.8915, Train: 41.55%, Valid: 41.83%, Test: 41.97%, Best Valid: 45.83%, Best Test: 45.73%
Epoch: 700, Loss: 0.0062, Train: 45.17%, Valid: 44.08%, Test: 44.48%, Best Valid: 45.83%, Best Test: 45.73%
Epoch: 800, Loss: 0.0360, Train: 37.93%, Valid: 35.61%, Test: 36.98%, Best Valid: 45.83%, Best Test: 45.73%
Epoch: 900, Loss: 0.1127, Train: 35.86%, Valid: 34.34%, Test: 34.38%, Best Valid: 45.83%, Best Test: 45.73%
Epoch: 1000, Loss: 0.0593, Train: 34.66%, Valid: 36.18%, Test: 36.31%, Best Valid: 45.83%, Best Test: 45.73%
Run 08:
Highest Train: 47.07
Highest Valid: 45.83
Highest Test: 45.73
Chosen epoch: 530
Final Train: 44.31
Final Test: 45.73
Label budget: 2/class -> 20 train nodes
Pre-training MLP for 500 epochs to generate co-occurrence matrix...
MLP pre-training complete. Penalty matrix frozen.
Epoch: 00, Loss: 2.8022, Train: 4.31%, Valid: 5.42%, Test: 5.88%, Best Valid: 5.42%, Best Test: 5.88%
Switching Polynormer to global attention phase.
Epoch: 100, Loss: 2.3193, Train: 3.10%, Valid: 3.98%, Test: 3.44%, Best Valid: 46.30%, Best Test: 45.49%
Epoch: 200, Loss: 1.4416, Train: 45.52%, Valid: 42.49%, Test: 42.16%, Best Valid: 47.40%, Best Test: 48.06%
Epoch: 300, Loss: 0.2611, Train: 49.31%, Valid: 43.97%, Test: 45.34%, Best Valid: 53.87%, Best Test: 54.18%
Epoch: 400, Loss: 0.1362, Train: 57.07%, Valid: 53.68%, Test: 53.55%, Best Valid: 56.94%, Best Test: 57.43%
Epoch: 500, Loss: 0.0011, Train: 48.79%, Valid: 46.93%, Test: 46.83%, Best Valid: 56.94%, Best Test: 57.43%
Epoch: 600, Loss: 0.1325, Train: 52.24%, Valid: 48.96%, Test: 47.89%, Best Valid: 56.94%, Best Test: 57.43%
Epoch: 700, Loss: 0.0003, Train: 52.76%, Valid: 50.76%, Test: 49.60%, Best Valid: 58.34%, Best Test: 57.16%
Epoch: 800, Loss: 0.0011, Train: 53.28%, Valid: 50.25%, Test: 48.57%, Best Valid: 58.34%, Best Test: 57.16%
Epoch: 900, Loss: 0.0004, Train: 51.72%, Valid: 48.08%, Test: 48.30%, Best Valid: 58.34%, Best Test: 57.16%
Epoch: 1000, Loss: 0.2257, Train: 44.48%, Valid: 40.60%, Test: 39.95%, Best Valid: 58.34%, Best Test: 57.16%
Run 09:
Highest Train: 63.28
Highest Valid: 58.34
Highest Test: 57.43
Chosen epoch: 639
Final Train: 60.17
Final Test: 57.16
Label budget: 2/class -> 20 train nodes
Pre-training MLP for 500 epochs to generate co-occurrence matrix...
MLP pre-training complete. Penalty matrix frozen.
Epoch: 00, Loss: 2.5867, Train: 15.52%, Valid: 16.02%, Test: 16.18%, Best Valid: 16.02%, Best Test: 16.18%
Switching Polynormer to global attention phase.
Epoch: 100, Loss: 2.3073, Train: 12.41%, Valid: 12.27%, Test: 12.26%, Best Valid: 51.16%, Best Test: 51.24%
Epoch: 200, Loss: 0.2624, Train: 45.34%, Valid: 42.55%, Test: 42.84%, Best Valid: 51.16%, Best Test: 51.24%
Epoch: 300, Loss: 0.2531, Train: 50.86%, Valid: 47.50%, Test: 47.24%, Best Valid: 53.62%, Best Test: 53.75%
Epoch: 400, Loss: 0.0051, Train: 47.76%, Valid: 47.78%, Test: 47.27%, Best Valid: 53.62%, Best Test: 53.75%
Epoch: 500, Loss: 0.0280, Train: 54.48%, Valid: 51.54%, Test: 50.83%, Best Valid: 57.53%, Best Test: 57.35%
Epoch: 600, Loss: 0.0429, Train: 48.97%, Valid: 46.87%, Test: 46.74%, Best Valid: 57.53%, Best Test: 57.35%
Epoch: 700, Loss: 0.1726, Train: 48.79%, Valid: 47.06%, Test: 47.10%, Best Valid: 57.53%, Best Test: 57.35%
Epoch: 800, Loss: 0.0067, Train: 48.28%, Valid: 43.69%, Test: 43.66%, Best Valid: 57.53%, Best Test: 57.35%
Epoch: 900, Loss: 0.0014, Train: 47.24%, Valid: 44.24%, Test: 45.17%, Best Valid: 57.53%, Best Test: 57.35%
Epoch: 1000, Loss: 0.1143, Train: 50.86%, Valid: 46.09%, Test: 46.25%, Best Valid: 57.53%, Best Test: 57.35%
Run 10:
Highest Train: 62.41
Highest Valid: 57.53
Highest Test: 57.50
Chosen epoch: 459
Final Train: 62.41
Final Test: 57.35
All runs:
Highest Train: 57.88 ± 8.75
Highest Test: 54.82 ± 7.71
Highest Valid: 55.25 ± 7.77
  Final Train: 56.86 ± 9.07
   Final Test: 54.56 ± 7.55
Saving results to ../results/lowlabel/wikics/polynormer.csv
--- mlp_reg | lambda=0.05 ---
Namespace(aggregate='add', alpha=0.5, attention='gcn', beta=-1.0, bn=False, budget_tag='2', count_reg=False, count_smoothing=1.0, cpu=False, data_dir='../data/', dataset='wikics', device=0, dim_inner=512, display_step=100, dropout=0.5, epochs=500, global_dropout=None, global_epochs=1000, global_layers=2, gnn='gcn', graph_weight=0.8, hidden_channels=512, hops=10, in_dropout=0.5, jk=False, label_num_per_class=20, lambda_val=0.05, layers=1, ln=False, local_epochs=100, local_gnn_type='GCN', local_layers=7, lr=0.001, metric='acc', mlp_epochs=500, mlp_reg=True, model='polynormer', model_dir='models/lowlabel_1161133_277', n_heads=1, num_centroids=4096, num_heads=1, oracle_reg=False, paired_seeds=True, pe_types='RWSE', penalty_transform='none', pre_linear=False, pre_ln=False, rand_split=False, rand_split_class=False, reg_start_epoch=10, reg_update_freq=5, res=False, resample_split_per_run=False, result_dir='../results/lowlabel', runs=10, save_model=True, save_result=False, seed=42, test_num=1000, tr_dropout=None, tr_layers=1, tr_weight_decay=None, train_per_class=2, train_prop=0.5, use_act=False, use_bn=False, use_graph=False, use_reg=True, use_residual=False, use_weight=False, valid_num=500, valid_per_class=0, valid_prop=0.25, weight_decay=0.0)
wikics
dataset wikics | num nodes 11701 | num edge 431726 | num node feats 300 | num classes 10
MODEL: Polynormer(
  (h_lins): ModuleList(
    (0): Linear(in_features=512, out_features=512, bias=True)
    (1): Linear(in_features=512, out_features=512, bias=True)
    (2): Linear(in_features=512, out_features=512, bias=True)
    (3): Linear(in_features=512, out_features=512, bias=True)
    (4): Linear(in_features=512, out_features=512, bias=True)
    (5): Linear(in_features=512, out_features=512, bias=True)
    (6): Linear(in_features=512, out_features=512, bias=True)
  )
  (local_convs): ModuleList(
    (0): GATConv(512, 512, heads=1)
    (1): GATConv(512, 512, heads=1)
    (2): GATConv(512, 512, heads=1)
    (3): GATConv(512, 512, heads=1)
    (4): GATConv(512, 512, heads=1)
    (5): GATConv(512, 512, heads=1)
    (6): GATConv(512, 512, heads=1)
  )
  (lins): ModuleList(
    (0): Linear(in_features=512, out_features=512, bias=True)
    (1): Linear(in_features=512, out_features=512, bias=True)
    (2): Linear(in_features=512, out_features=512, bias=True)
    (3): Linear(in_features=512, out_features=512, bias=True)
    (4): Linear(in_features=512, out_features=512, bias=True)
    (5): Linear(in_features=512, out_features=512, bias=True)
    (6): Linear(in_features=512, out_features=512, bias=True)
  )
  (lns): ModuleList(
    (0): LayerNorm((512,), eps=1e-05, elementwise_affine=True)
    (1): LayerNorm((512,), eps=1e-05, elementwise_affine=True)
    (2): LayerNorm((512,), eps=1e-05, elementwise_affine=True)
    (3): LayerNorm((512,), eps=1e-05, elementwise_affine=True)
    (4): LayerNorm((512,), eps=1e-05, elementwise_affine=True)
    (5): LayerNorm((512,), eps=1e-05, elementwise_affine=True)
    (6): LayerNorm((512,), eps=1e-05, elementwise_affine=True)
  )
  (lin_in): Linear(in_features=300, out_features=512, bias=True)
  (ln): LayerNorm((512,), eps=1e-05, elementwise_affine=True)
  (global_attn): GlobalAttn(
    (h_lins): ModuleList(
      (0): Linear(in_features=512, out_features=512, bias=True)
      (1): Linear(in_features=512, out_features=512, bias=True)
    )
    (k_lins): ModuleList(
      (0): Linear(in_features=512, out_features=512, bias=True)
      (1): Linear(in_features=512, out_features=512, bias=True)
    )
    (v_lins): ModuleList(
      (0): Linear(in_features=512, out_features=512, bias=True)
      (1): Linear(in_features=512, out_features=512, bias=True)
    )
    (lns): ModuleList(
      (0): LayerNorm((512,), eps=1e-05, elementwise_affine=True)
      (1): LayerNorm((512,), eps=1e-05, elementwise_affine=True)
    )
    (lin_out): Linear(in_features=512, out_features=512, bias=True)
  )
  (pred_local): Linear(in_features=512, out_features=10, bias=True)
  (pred_global): Linear(in_features=512, out_features=10, bias=True)
)
Label budget: 2/class -> 20 train nodes
Pre-training MLP for 500 epochs to generate co-occurrence matrix...
MLP pre-training complete. Penalty matrix frozen.
Epoch: 00, Loss: 2.8280, Train: 4.14%, Valid: 3.83%, Test: 4.04%, Best Valid: 3.83%, Best Test: 4.04%
Switching Polynormer to global attention phase.
Epoch: 100, Loss: 2.4384, Train: 18.45%, Valid: 18.39%, Test: 18.42%, Best Valid: 46.36%, Best Test: 46.64%
Epoch: 200, Loss: 0.4509, Train: 35.86%, Valid: 33.01%, Test: 34.14%, Best Valid: 46.36%, Best Test: 46.64%
Epoch: 300, Loss: 0.0287, Train: 43.45%, Valid: 41.09%, Test: 41.10%, Best Valid: 46.36%, Best Test: 46.64%
Epoch: 400, Loss: 0.2303, Train: 35.86%, Valid: 34.76%, Test: 34.17%, Best Valid: 48.20%, Best Test: 48.21%
Epoch: 500, Loss: 0.5718, Train: 41.55%, Valid: 40.58%, Test: 40.72%, Best Valid: 48.20%, Best Test: 48.21%
Epoch: 600, Loss: 0.0003, Train: 42.76%, Valid: 41.24%, Test: 41.25%, Best Valid: 50.13%, Best Test: 49.77%
Epoch: 700, Loss: 0.0095, Train: 42.59%, Valid: 42.55%, Test: 41.83%, Best Valid: 50.13%, Best Test: 49.77%
Epoch: 800, Loss: 0.0029, Train: 47.93%, Valid: 45.09%, Test: 45.12%, Best Valid: 50.13%, Best Test: 49.77%
Epoch: 900, Loss: 0.0028, Train: 45.34%, Valid: 44.96%, Test: 44.52%, Best Valid: 50.13%, Best Test: 49.77%
Epoch: 1000, Loss: 0.0001, Train: 45.86%, Valid: 45.11%, Test: 43.80%, Best Valid: 50.13%, Best Test: 49.77%
Run 01:
Highest Train: 50.86
Highest Valid: 50.13
Highest Test: 49.77
Chosen epoch: 519
Final Train: 50.17
Final Test: 49.77
Label budget: 2/class -> 20 train nodes
Pre-training MLP for 500 epochs to generate co-occurrence matrix...
MLP pre-training complete. Penalty matrix frozen.
Epoch: 00, Loss: 3.1343, Train: 18.62%, Valid: 18.60%, Test: 17.98%, Best Valid: 18.60%, Best Test: 17.98%
Switching Polynormer to global attention phase.
Epoch: 100, Loss: 2.4377, Train: 6.72%, Valid: 6.66%, Test: 6.67%, Best Valid: 52.18%, Best Test: 51.09%
Epoch: 200, Loss: 0.5074, Train: 51.03%, Valid: 50.66%, Test: 49.94%, Best Valid: 55.71%, Best Test: 54.35%
Epoch: 300, Loss: 0.7098, Train: 52.41%, Valid: 53.13%, Test: 51.41%, Best Valid: 56.26%, Best Test: 54.52%
Epoch: 400, Loss: 0.8097, Train: 43.45%, Valid: 44.54%, Test: 42.69%, Best Valid: 59.04%, Best Test: 57.59%
Epoch: 500, Loss: 0.1827, Train: 51.72%, Valid: 52.05%, Test: 49.46%, Best Valid: 59.04%, Best Test: 57.59%
Epoch: 600, Loss: 0.2895, Train: 50.52%, Valid: 48.86%, Test: 47.29%, Best Valid: 59.04%, Best Test: 57.59%
Epoch: 700, Loss: 1.2480, Train: 47.59%, Valid: 46.61%, Test: 44.23%, Best Valid: 59.04%, Best Test: 57.59%
Epoch: 800, Loss: 0.0184, Train: 56.72%, Valid: 54.97%, Test: 52.81%, Best Valid: 59.04%, Best Test: 57.59%
Epoch: 900, Loss: 0.0380, Train: 52.76%, Valid: 53.94%, Test: 52.56%, Best Valid: 59.04%, Best Test: 57.59%
Epoch: 1000, Loss: 0.2449, Train: 52.24%, Valid: 49.24%, Test: 47.60%, Best Valid: 59.04%, Best Test: 57.59%
Run 02:
Highest Train: 61.21
Highest Valid: 59.04
Highest Test: 57.59
Chosen epoch: 312
Final Train: 61.21
Final Test: 57.59
Label budget: 2/class -> 20 train nodes
Pre-training MLP for 500 epochs to generate co-occurrence matrix...
MLP pre-training complete. Penalty matrix frozen.
Epoch: 00, Loss: 3.0552, Train: 5.17%, Valid: 5.23%, Test: 5.08%, Best Valid: 5.23%, Best Test: 5.08%
Switching Polynormer to global attention phase.
Epoch: 100, Loss: 2.4255, Train: 8.79%, Valid: 9.59%, Test: 8.94%, Best Valid: 52.48%, Best Test: 51.45%
Epoch: 200, Loss: 0.4046, Train: 45.86%, Valid: 44.24%, Test: 42.11%, Best Valid: 56.62%, Best Test: 54.57%
Epoch: 300, Loss: 0.7749, Train: 52.76%, Valid: 49.73%, Test: 48.71%, Best Valid: 56.62%, Best Test: 54.57%
Epoch: 400, Loss: 0.1477, Train: 52.41%, Valid: 51.54%, Test: 49.97%, Best Valid: 56.62%, Best Test: 54.57%
Epoch: 500, Loss: 0.0055, Train: 52.76%, Valid: 51.76%, Test: 49.63%, Best Valid: 58.65%, Best Test: 57.93%
Epoch: 600, Loss: 0.0035, Train: 46.90%, Valid: 46.32%, Test: 45.60%, Best Valid: 58.65%, Best Test: 57.93%
Epoch: 700, Loss: 0.0000, Train: 48.45%, Valid: 48.82%, Test: 47.97%, Best Valid: 58.65%, Best Test: 57.93%
Epoch: 800, Loss: 0.0023, Train: 43.79%, Valid: 45.15%, Test: 42.65%, Best Valid: 58.65%, Best Test: 57.93%
Epoch: 900, Loss: 0.2282, Train: 54.31%, Valid: 53.22%, Test: 52.56%, Best Valid: 58.65%, Best Test: 57.93%
Epoch: 1000, Loss: 0.1192, Train: 34.14%, Valid: 34.49%, Test: 34.00%, Best Valid: 58.65%, Best Test: 57.93%
Run 03:
Highest Train: 58.97
Highest Valid: 58.65
Highest Test: 57.93
Chosen epoch: 456
Final Train: 57.76
Final Test: 57.93
Label budget: 2/class -> 20 train nodes
Pre-training MLP for 500 epochs to generate co-occurrence matrix...
MLP pre-training complete. Penalty matrix frozen.
Epoch: 00, Loss: 2.5568, Train: 15.34%, Valid: 14.66%, Test: 14.33%, Best Valid: 14.66%, Best Test: 14.33%
Switching Polynormer to global attention phase.
Epoch: 100, Loss: 2.4766, Train: 22.93%, Valid: 22.89%, Test: 22.90%, Best Valid: 50.15%, Best Test: 49.50%
Epoch: 200, Loss: 1.0429, Train: 36.03%, Valid: 34.58%, Test: 33.26%, Best Valid: 50.15%, Best Test: 49.50%
Epoch: 300, Loss: 0.3452, Train: 52.76%, Valid: 50.06%, Test: 48.97%, Best Valid: 53.72%, Best Test: 51.79%
Epoch: 400, Loss: 0.2870, Train: 48.97%, Valid: 44.27%, Test: 43.05%, Best Valid: 53.72%, Best Test: 51.79%
Epoch: 500, Loss: 0.0530, Train: 46.55%, Valid: 42.17%, Test: 40.41%, Best Valid: 53.72%, Best Test: 51.79%
Epoch: 600, Loss: 0.0676, Train: 41.03%, Valid: 35.32%, Test: 34.60%, Best Valid: 53.72%, Best Test: 51.79%
Epoch: 700, Loss: 0.0733, Train: 43.97%, Valid: 38.96%, Test: 38.21%, Best Valid: 53.72%, Best Test: 51.79%
Epoch: 800, Loss: 0.0084, Train: 40.86%, Valid: 38.28%, Test: 37.54%, Best Valid: 53.72%, Best Test: 51.79%
Epoch: 900, Loss: 0.0156, Train: 47.24%, Valid: 42.76%, Test: 41.53%, Best Valid: 53.72%, Best Test: 51.79%
Epoch: 1000, Loss: 0.3572, Train: 40.34%, Valid: 36.35%, Test: 35.71%, Best Valid: 53.72%, Best Test: 51.79%
Run 04:
Highest Train: 55.69
Highest Valid: 53.72
Highest Test: 51.79
Chosen epoch: 299
Final Train: 55.34
Final Test: 51.79
Label budget: 2/class -> 20 train nodes
Pre-training MLP for 500 epochs to generate co-occurrence matrix...
MLP pre-training complete. Penalty matrix frozen.
Epoch: 00, Loss: 3.1547, Train: 4.31%, Valid: 5.20%, Test: 5.56%, Best Valid: 5.20%, Best Test: 5.56%
Switching Polynormer to global attention phase.
Epoch: 100, Loss: 2.4069, Train: 3.79%, Valid: 4.53%, Test: 4.43%, Best Valid: 43.04%, Best Test: 42.19%
Epoch: 200, Loss: 1.1523, Train: 33.28%, Valid: 30.58%, Test: 30.02%, Best Valid: 48.46%, Best Test: 48.44%
Epoch: 300, Loss: 0.1597, Train: 41.21%, Valid: 40.05%, Test: 39.03%, Best Valid: 48.46%, Best Test: 48.44%
Epoch: 400, Loss: 0.1580, Train: 45.17%, Valid: 44.44%, Test: 44.30%, Best Valid: 48.46%, Best Test: 48.44%
Epoch: 500, Loss: 0.0656, Train: 43.45%, Valid: 42.21%, Test: 41.97%, Best Valid: 48.46%, Best Test: 48.44%
Epoch: 600, Loss: 0.0012, Train: 45.69%, Valid: 44.48%, Test: 43.95%, Best Valid: 48.46%, Best Test: 48.44%
Epoch: 700, Loss: 0.0825, Train: 41.55%, Valid: 40.44%, Test: 39.46%, Best Valid: 48.46%, Best Test: 48.44%
Epoch: 800, Loss: 0.0020, Train: 43.28%, Valid: 39.50%, Test: 39.42%, Best Valid: 48.46%, Best Test: 48.44%
Epoch: 900, Loss: 0.0276, Train: 43.45%, Valid: 41.37%, Test: 41.70%, Best Valid: 48.46%, Best Test: 48.44%
Epoch: 1000, Loss: 0.0628, Train: 37.24%, Valid: 38.30%, Test: 36.82%, Best Valid: 48.46%, Best Test: 48.44%
Run 05:
Highest Train: 50.52
Highest Valid: 48.46
Highest Test: 48.45
Chosen epoch: 156
Final Train: 47.93
Final Test: 48.44
Label budget: 2/class -> 20 train nodes
Pre-training MLP for 500 epochs to generate co-occurrence matrix...
MLP pre-training complete. Penalty matrix frozen.
Epoch: 00, Loss: 3.1677, Train: 9.48%, Valid: 11.72%, Test: 11.68%, Best Valid: 11.72%, Best Test: 11.68%
Switching Polynormer to global attention phase.
Epoch: 100, Loss: 2.4603, Train: 23.45%, Valid: 23.97%, Test: 24.32%, Best Valid: 50.36%, Best Test: 49.97%
Epoch: 200, Loss: 0.4650, Train: 47.07%, Valid: 47.93%, Test: 47.75%, Best Valid: 54.87%, Best Test: 54.93%
Epoch: 300, Loss: 0.8588, Train: 54.31%, Valid: 52.65%, Test: 51.92%, Best Valid: 58.59%, Best Test: 57.79%
Epoch: 400, Loss: 0.0612, Train: 52.59%, Valid: 51.95%, Test: 51.27%, Best Valid: 58.59%, Best Test: 57.79%
Epoch: 500, Loss: 0.0415, Train: 48.97%, Valid: 47.97%, Test: 47.97%, Best Valid: 58.93%, Best Test: 58.17%
Epoch: 600, Loss: 0.4635, Train: 50.34%, Valid: 52.31%, Test: 51.94%, Best Valid: 58.93%, Best Test: 58.17%
Epoch: 700, Loss: 0.8532, Train: 45.52%, Valid: 45.94%, Test: 45.72%, Best Valid: 60.20%, Best Test: 60.32%
Epoch: 800, Loss: 0.0128, Train: 59.31%, Valid: 59.25%, Test: 59.40%, Best Valid: 60.20%, Best Test: 60.32%
Epoch: 900, Loss: 0.1888, Train: 47.76%, Valid: 44.99%, Test: 44.13%, Best Valid: 60.30%, Best Test: 60.24%
Epoch: 1000, Loss: 0.0007, Train: 51.90%, Valid: 51.63%, Test: 51.43%, Best Valid: 60.30%, Best Test: 60.24%
Run 06:
Highest Train: 61.03
Highest Valid: 60.30
Highest Test: 60.32
Chosen epoch: 807
Final Train: 59.83
Final Test: 60.24
Label budget: 2/class -> 20 train nodes
Pre-training MLP for 500 epochs to generate co-occurrence matrix...
MLP pre-training complete. Penalty matrix frozen.
Epoch: 00, Loss: 2.6442, Train: 6.38%, Valid: 6.86%, Test: 7.08%, Best Valid: 6.86%, Best Test: 7.08%
Switching Polynormer to global attention phase.
Epoch: 100, Loss: 2.4045, Train: 7.76%, Valid: 7.39%, Test: 7.05%, Best Valid: 59.08%, Best Test: 59.07%
Epoch: 200, Loss: 1.8019, Train: 62.24%, Valid: 56.58%, Test: 57.02%, Best Valid: 66.61%, Best Test: 65.78%
Epoch: 300, Loss: 0.0077, Train: 69.31%, Valid: 65.49%, Test: 65.37%, Best Valid: 66.61%, Best Test: 65.78%
Epoch: 400, Loss: 0.0934, Train: 67.76%, Valid: 63.54%, Test: 62.08%, Best Valid: 66.63%, Best Test: 66.26%
Epoch: 500, Loss: 0.0205, Train: 68.28%, Valid: 64.51%, Test: 64.05%, Best Valid: 66.63%, Best Test: 66.26%
Epoch: 600, Loss: 0.4029, Train: 68.10%, Valid: 65.36%, Test: 64.85%, Best Valid: 66.78%, Best Test: 65.54%
Epoch: 700, Loss: 0.0001, Train: 68.10%, Valid: 65.83%, Test: 65.61%, Best Valid: 66.78%, Best Test: 65.54%
Epoch: 800, Loss: 0.0003, Train: 65.69%, Valid: 63.37%, Test: 62.92%, Best Valid: 66.78%, Best Test: 65.54%
Epoch: 900, Loss: 0.0000, Train: 62.93%, Valid: 61.60%, Test: 61.95%, Best Valid: 66.78%, Best Test: 65.54%
Epoch: 1000, Loss: 0.0001, Train: 66.21%, Valid: 63.44%, Test: 63.91%, Best Valid: 66.89%, Best Test: 66.84%
Run 07:
Highest Train: 72.41
Highest Valid: 66.89
Highest Test: 66.94
Chosen epoch: 978
Final Train: 69.83
Final Test: 66.84
Label budget: 2/class -> 20 train nodes
Pre-training MLP for 500 epochs to generate co-occurrence matrix...
MLP pre-training complete. Penalty matrix frozen.
Epoch: 00, Loss: 2.5389, Train: 7.76%, Valid: 8.13%, Test: 7.94%, Best Valid: 8.13%, Best Test: 7.94%
Switching Polynormer to global attention phase.
Epoch: 100, Loss: 2.4590, Train: 5.69%, Valid: 5.71%, Test: 5.70%, Best Valid: 34.70%, Best Test: 34.36%
Epoch: 200, Loss: 1.5081, Train: 28.97%, Valid: 27.85%, Test: 28.68%, Best Valid: 37.07%, Best Test: 38.77%
Epoch: 300, Loss: 0.4129, Train: 33.97%, Valid: 32.67%, Test: 31.47%, Best Valid: 38.05%, Best Test: 36.81%
Epoch: 400, Loss: 0.3625, Train: 34.31%, Valid: 30.66%, Test: 30.87%, Best Valid: 40.33%, Best Test: 39.76%
Epoch: 500, Loss: 0.3904, Train: 37.93%, Valid: 36.35%, Test: 35.15%, Best Valid: 40.33%, Best Test: 39.76%
Epoch: 600, Loss: 0.2350, Train: 43.62%, Valid: 42.64%, Test: 42.45%, Best Valid: 45.34%, Best Test: 44.35%
Epoch: 700, Loss: 0.0022, Train: 43.97%, Valid: 41.03%, Test: 39.95%, Best Valid: 46.38%, Best Test: 45.39%
Epoch: 800, Loss: 0.2116, Train: 43.45%, Valid: 42.40%, Test: 42.89%, Best Valid: 46.38%, Best Test: 45.39%
Epoch: 900, Loss: 0.1515, Train: 41.38%, Valid: 42.53%, Test: 41.29%, Best Valid: 46.38%, Best Test: 45.39%
Epoch: 1000, Loss: 0.7670, Train: 36.03%, Valid: 35.15%, Test: 34.34%, Best Valid: 46.38%, Best Test: 45.39%
Run 08:
Highest Train: 48.45
Highest Valid: 46.38
Highest Test: 45.39
Chosen epoch: 676
Final Train: 46.21
Final Test: 45.39
Label budget: 2/class -> 20 train nodes
Pre-training MLP for 500 epochs to generate co-occurrence matrix...
MLP pre-training complete. Penalty matrix frozen.
Epoch: 00, Loss: 2.9131, Train: 4.31%, Valid: 5.35%, Test: 5.88%, Best Valid: 5.35%, Best Test: 5.88%
Switching Polynormer to global attention phase.
Epoch: 100, Loss: 2.4480, Train: 15.00%, Valid: 14.58%, Test: 14.85%, Best Valid: 47.08%, Best Test: 47.75%
Epoch: 200, Loss: 0.2110, Train: 44.83%, Valid: 44.05%, Test: 44.26%, Best Valid: 50.21%, Best Test: 50.80%
Epoch: 300, Loss: 0.0256, Train: 48.28%, Valid: 44.29%, Test: 44.50%, Best Valid: 53.28%, Best Test: 54.15%
Epoch: 400, Loss: 0.0087, Train: 53.28%, Valid: 49.20%, Test: 49.03%, Best Valid: 54.61%, Best Test: 54.71%
Epoch: 500, Loss: 0.0005, Train: 49.83%, Valid: 47.71%, Test: 47.34%, Best Valid: 55.01%, Best Test: 53.98%
Epoch: 600, Loss: 0.0002, Train: 57.41%, Valid: 52.24%, Test: 51.58%, Best Valid: 55.01%, Best Test: 53.98%
Epoch: 700, Loss: 0.0170, Train: 46.90%, Valid: 45.35%, Test: 43.87%, Best Valid: 55.01%, Best Test: 53.98%
Epoch: 800, Loss: 0.0006, Train: 51.90%, Valid: 48.77%, Test: 48.38%, Best Valid: 55.01%, Best Test: 53.98%
Epoch: 900, Loss: 0.0593, Train: 48.79%, Valid: 46.68%, Test: 46.45%, Best Valid: 55.01%, Best Test: 53.98%
Epoch: 1000, Loss: 0.0020, Train: 49.31%, Valid: 46.49%, Test: 45.46%, Best Valid: 55.01%, Best Test: 53.98%
Run 09:
Highest Train: 60.69
Highest Valid: 55.01
Highest Test: 54.71
Chosen epoch: 415
Final Train: 60.69
Final Test: 53.98
Label budget: 2/class -> 20 train nodes
Pre-training MLP for 500 epochs to generate co-occurrence matrix...
MLP pre-training complete. Penalty matrix frozen.
Epoch: 00, Loss: 2.6892, Train: 16.38%, Valid: 16.65%, Test: 16.86%, Best Valid: 16.65%, Best Test: 16.86%
Switching Polynormer to global attention phase.
Epoch: 100, Loss: 2.3712, Train: 5.00%, Valid: 5.01%, Test: 5.10%, Best Valid: 51.90%, Best Test: 51.70%
Epoch: 200, Loss: 0.6671, Train: 53.45%, Valid: 51.12%, Test: 50.74%, Best Valid: 51.90%, Best Test: 51.70%
Epoch: 300, Loss: 0.1038, Train: 51.90%, Valid: 50.13%, Test: 49.72%, Best Valid: 56.22%, Best Test: 56.20%
Epoch: 400, Loss: 0.3299, Train: 49.14%, Valid: 45.51%, Test: 45.12%, Best Valid: 56.22%, Best Test: 56.20%
Epoch: 500, Loss: 0.0000, Train: 53.45%, Valid: 49.91%, Test: 50.61%, Best Valid: 56.22%, Best Test: 56.20%
Epoch: 600, Loss: 0.0003, Train: 46.21%, Valid: 42.45%, Test: 41.30%, Best Valid: 56.22%, Best Test: 56.20%
Epoch: 700, Loss: 0.0084, Train: 50.69%, Valid: 46.78%, Test: 47.02%, Best Valid: 56.22%, Best Test: 56.20%
Epoch: 800, Loss: 0.0388, Train: 41.90%, Valid: 37.49%, Test: 37.68%, Best Valid: 56.22%, Best Test: 56.20%
Epoch: 900, Loss: 1.2084, Train: 46.90%, Valid: 43.82%, Test: 44.18%, Best Valid: 56.22%, Best Test: 56.20%
Epoch: 1000, Loss: 0.0012, Train: 51.90%, Valid: 49.18%, Test: 49.44%, Best Valid: 56.22%, Best Test: 56.20%
Run 10:
Highest Train: 60.69
Highest Valid: 56.22
Highest Test: 56.51
Chosen epoch: 213
Final Train: 57.24
Final Test: 56.20
All runs:
Highest Train: 58.05 ± 7.04
Highest Test: 54.94 ± 6.34
Highest Valid: 55.48 ± 6.15
  Final Train: 56.62 ± 7.08
   Final Test: 54.81 ± 6.31
Saving results to ../results/lowlabel/wikics/polynormer.csv
--- mlp_reg | lambda=0.1 ---
Namespace(aggregate='add', alpha=0.5, attention='gcn', beta=-1.0, bn=False, budget_tag='2', count_reg=False, count_smoothing=1.0, cpu=False, data_dir='../data/', dataset='wikics', device=0, dim_inner=512, display_step=100, dropout=0.5, epochs=500, global_dropout=None, global_epochs=1000, global_layers=2, gnn='gcn', graph_weight=0.8, hidden_channels=512, hops=10, in_dropout=0.5, jk=False, label_num_per_class=20, lambda_val=0.1, layers=1, ln=False, local_epochs=100, local_gnn_type='GCN', local_layers=7, lr=0.001, metric='acc', mlp_epochs=500, mlp_reg=True, model='polynormer', model_dir='models/lowlabel_1161133_277', n_heads=1, num_centroids=4096, num_heads=1, oracle_reg=False, paired_seeds=True, pe_types='RWSE', penalty_transform='none', pre_linear=False, pre_ln=False, rand_split=False, rand_split_class=False, reg_start_epoch=10, reg_update_freq=5, res=False, resample_split_per_run=False, result_dir='../results/lowlabel', runs=10, save_model=True, save_result=False, seed=42, test_num=1000, tr_dropout=None, tr_layers=1, tr_weight_decay=None, train_per_class=2, train_prop=0.5, use_act=False, use_bn=False, use_graph=False, use_reg=True, use_residual=False, use_weight=False, valid_num=500, valid_per_class=0, valid_prop=0.25, weight_decay=0.0)
wikics
dataset wikics | num nodes 11701 | num edge 431726 | num node feats 300 | num classes 10
MODEL: Polynormer(
  (h_lins): ModuleList(
    (0): Linear(in_features=512, out_features=512, bias=True)
    (1): Linear(in_features=512, out_features=512, bias=True)
    (2): Linear(in_features=512, out_features=512, bias=True)
    (3): Linear(in_features=512, out_features=512, bias=True)
    (4): Linear(in_features=512, out_features=512, bias=True)
    (5): Linear(in_features=512, out_features=512, bias=True)
    (6): Linear(in_features=512, out_features=512, bias=True)
  )
  (local_convs): ModuleList(
    (0): GATConv(512, 512, heads=1)
    (1): GATConv(512, 512, heads=1)
    (2): GATConv(512, 512, heads=1)
    (3): GATConv(512, 512, heads=1)
    (4): GATConv(512, 512, heads=1)
    (5): GATConv(512, 512, heads=1)
    (6): GATConv(512, 512, heads=1)
  )
  (lins): ModuleList(
    (0): Linear(in_features=512, out_features=512, bias=True)
    (1): Linear(in_features=512, out_features=512, bias=True)
    (2): Linear(in_features=512, out_features=512, bias=True)
    (3): Linear(in_features=512, out_features=512, bias=True)
    (4): Linear(in_features=512, out_features=512, bias=True)
    (5): Linear(in_features=512, out_features=512, bias=True)
    (6): Linear(in_features=512, out_features=512, bias=True)
  )
  (lns): ModuleList(
    (0): LayerNorm((512,), eps=1e-05, elementwise_affine=True)
    (1): LayerNorm((512,), eps=1e-05, elementwise_affine=True)
    (2): LayerNorm((512,), eps=1e-05, elementwise_affine=True)
    (3): LayerNorm((512,), eps=1e-05, elementwise_affine=True)
    (4): LayerNorm((512,), eps=1e-05, elementwise_affine=True)
    (5): LayerNorm((512,), eps=1e-05, elementwise_affine=True)
    (6): LayerNorm((512,), eps=1e-05, elementwise_affine=True)
  )
  (lin_in): Linear(in_features=300, out_features=512, bias=True)
  (ln): LayerNorm((512,), eps=1e-05, elementwise_affine=True)
  (global_attn): GlobalAttn(
    (h_lins): ModuleList(
      (0): Linear(in_features=512, out_features=512, bias=True)
      (1): Linear(in_features=512, out_features=512, bias=True)
    )
    (k_lins): ModuleList(
      (0): Linear(in_features=512, out_features=512, bias=True)
      (1): Linear(in_features=512, out_features=512, bias=True)
    )
    (v_lins): ModuleList(
      (0): Linear(in_features=512, out_features=512, bias=True)
      (1): Linear(in_features=512, out_features=512, bias=True)
    )
    (lns): ModuleList(
      (0): LayerNorm((512,), eps=1e-05, elementwise_affine=True)
      (1): LayerNorm((512,), eps=1e-05, elementwise_affine=True)
    )
    (lin_out): Linear(in_features=512, out_features=512, bias=True)
  )
  (pred_local): Linear(in_features=512, out_features=10, bias=True)
  (pred_global): Linear(in_features=512, out_features=10, bias=True)
)
Label budget: 2/class -> 20 train nodes
Pre-training MLP for 500 epochs to generate co-occurrence matrix...
MLP pre-training complete. Penalty matrix frozen.
Epoch: 00, Loss: 2.9626, Train: 4.66%, Valid: 3.79%, Test: 4.09%, Best Valid: 3.79%, Best Test: 4.09%
Switching Polynormer to global attention phase.
Epoch: 100, Loss: 2.5503, Train: 18.45%, Valid: 18.39%, Test: 18.40%, Best Valid: 45.49%, Best Test: 45.43%
Epoch: 200, Loss: 0.8483, Train: 43.62%, Valid: 41.71%, Test: 41.68%, Best Valid: 46.61%, Best Test: 46.62%
Epoch: 300, Loss: 0.2374, Train: 45.52%, Valid: 44.05%, Test: 43.58%, Best Valid: 52.20%, Best Test: 50.59%
Epoch: 400, Loss: 0.1798, Train: 45.17%, Valid: 44.75%, Test: 43.97%, Best Valid: 52.20%, Best Test: 50.59%
Epoch: 500, Loss: 0.0111, Train: 47.41%, Valid: 47.38%, Test: 46.74%, Best Valid: 52.20%, Best Test: 50.59%
Epoch: 600, Loss: 0.0037, Train: 45.86%, Valid: 46.02%, Test: 45.22%, Best Valid: 52.20%, Best Test: 50.59%
Epoch: 700, Loss: 1.0090, Train: 49.14%, Valid: 46.21%, Test: 45.44%, Best Valid: 52.20%, Best Test: 50.59%
Epoch: 800, Loss: 0.0093, Train: 43.45%, Valid: 45.60%, Test: 44.54%, Best Valid: 52.20%, Best Test: 50.59%
Epoch: 900, Loss: 0.0303, Train: 40.86%, Valid: 40.99%, Test: 41.20%, Best Valid: 52.20%, Best Test: 50.59%
Epoch: 1000, Loss: 0.1120, Train: 33.45%, Valid: 32.82%, Test: 31.16%, Best Valid: 52.20%, Best Test: 50.59%
Run 01:
Highest Train: 54.14
Highest Valid: 52.20
Highest Test: 50.59
Chosen epoch: 243
Final Train: 51.72
Final Test: 50.59
Label budget: 2/class -> 20 train nodes
Pre-training MLP for 500 epochs to generate co-occurrence matrix...
MLP pre-training complete. Penalty matrix frozen.
Epoch: 00, Loss: 3.2836, Train: 18.62%, Valid: 18.45%, Test: 17.91%, Best Valid: 18.45%, Best Test: 17.91%
Switching Polynormer to global attention phase.
Epoch: 100, Loss: 2.5469, Train: 22.93%, Valid: 24.27%, Test: 23.74%, Best Valid: 52.69%, Best Test: 51.39%
Epoch: 200, Loss: 0.7667, Train: 47.24%, Valid: 46.53%, Test: 45.97%, Best Valid: 53.70%, Best Test: 52.69%
Epoch: 300, Loss: 0.0215, Train: 50.52%, Valid: 49.49%, Test: 47.97%, Best Valid: 55.37%, Best Test: 52.74%
Epoch: 400, Loss: 0.0014, Train: 49.48%, Valid: 49.98%, Test: 47.90%, Best Valid: 55.37%, Best Test: 52.74%
Epoch: 500, Loss: 0.0126, Train: 50.86%, Valid: 50.13%, Test: 48.69%, Best Valid: 55.37%, Best Test: 52.74%
Epoch: 600, Loss: 0.2066, Train: 54.83%, Valid: 54.99%, Test: 53.17%, Best Valid: 55.61%, Best Test: 54.11%
Epoch: 700, Loss: 0.0007, Train: 48.45%, Valid: 48.52%, Test: 47.44%, Best Valid: 55.61%, Best Test: 54.11%
Epoch: 800, Loss: 0.0003, Train: 49.83%, Valid: 50.02%, Test: 49.44%, Best Valid: 57.28%, Best Test: 55.91%
Epoch: 900, Loss: 0.4472, Train: 41.03%, Valid: 42.85%, Test: 42.07%, Best Valid: 57.28%, Best Test: 55.91%
Epoch: 1000, Loss: 0.5413, Train: 43.62%, Valid: 43.63%, Test: 42.31%, Best Valid: 57.28%, Best Test: 55.91%
Run 02:
Highest Train: 57.07
Highest Valid: 57.28
Highest Test: 55.91
Chosen epoch: 739
Final Train: 56.38
Final Test: 55.91
Label budget: 2/class -> 20 train nodes
Pre-training MLP for 500 epochs to generate co-occurrence matrix...
MLP pre-training complete. Penalty matrix frozen.
Epoch: 00, Loss: 3.2007, Train: 5.17%, Valid: 5.23%, Test: 5.08%, Best Valid: 5.23%, Best Test: 5.08%
Switching Polynormer to global attention phase.
Epoch: 100, Loss: 2.5583, Train: 22.76%, Valid: 22.09%, Test: 22.66%, Best Valid: 49.43%, Best Test: 48.95%
Epoch: 200, Loss: 0.3640, Train: 47.07%, Valid: 46.21%, Test: 44.84%, Best Valid: 54.85%, Best Test: 53.02%
Epoch: 300, Loss: 0.2879, Train: 43.28%, Valid: 42.66%, Test: 42.45%, Best Valid: 57.68%, Best Test: 57.36%
Epoch: 400, Loss: 0.8532, Train: 36.55%, Valid: 38.24%, Test: 36.46%, Best Valid: 57.68%, Best Test: 57.36%
Epoch: 500, Loss: 0.1199, Train: 35.86%, Valid: 35.68%, Test: 33.97%, Best Valid: 57.68%, Best Test: 57.36%
Epoch: 600, Loss: 0.3671, Train: 39.66%, Valid: 39.72%, Test: 39.51%, Best Valid: 57.68%, Best Test: 57.36%
Epoch: 700, Loss: 0.0077, Train: 38.45%, Valid: 38.89%, Test: 37.51%, Best Valid: 57.68%, Best Test: 57.36%
Epoch: 800, Loss: 0.1725, Train: 44.31%, Valid: 45.07%, Test: 44.09%, Best Valid: 57.68%, Best Test: 57.36%
Epoch: 900, Loss: 0.1422, Train: 36.72%, Valid: 39.70%, Test: 38.45%, Best Valid: 57.68%, Best Test: 57.36%
Epoch: 1000, Loss: 0.0879, Train: 35.34%, Valid: 35.99%, Test: 34.22%, Best Valid: 57.68%, Best Test: 57.36%
Run 03:
Highest Train: 58.28
Highest Valid: 57.68
Highest Test: 57.36
Chosen epoch: 285
Final Train: 58.28
Final Test: 57.36
Label budget: 2/class -> 20 train nodes
Pre-training MLP for 500 epochs to generate co-occurrence matrix...
MLP pre-training complete. Penalty matrix frozen.
Epoch: 00, Loss: 2.6785, Train: 14.83%, Valid: 14.33%, Test: 13.97%, Best Valid: 14.33%, Best Test: 13.97%
Switching Polynormer to global attention phase.
Epoch: 100, Loss: 2.5701, Train: 6.90%, Valid: 6.43%, Test: 6.26%, Best Valid: 47.31%, Best Test: 46.37%
Epoch: 200, Loss: 0.2708, Train: 42.24%, Valid: 39.57%, Test: 38.60%, Best Valid: 47.31%, Best Test: 46.37%
Epoch: 300, Loss: 0.1038, Train: 44.48%, Valid: 40.90%, Test: 40.31%, Best Valid: 47.31%, Best Test: 46.37%
Epoch: 400, Loss: 0.2851, Train: 44.48%, Valid: 38.23%, Test: 36.48%, Best Valid: 47.31%, Best Test: 46.37%
Epoch: 500, Loss: 0.0334, Train: 50.34%, Valid: 46.28%, Test: 45.17%, Best Valid: 48.92%, Best Test: 48.64%
Epoch: 600, Loss: 0.0001, Train: 45.86%, Valid: 41.35%, Test: 39.76%, Best Valid: 49.68%, Best Test: 47.44%
Epoch: 700, Loss: 0.3461, Train: 45.86%, Valid: 41.85%, Test: 39.76%, Best Valid: 49.68%, Best Test: 47.44%
Epoch: 800, Loss: 0.0162, Train: 39.66%, Valid: 35.25%, Test: 34.33%, Best Valid: 49.68%, Best Test: 47.44%
Epoch: 900, Loss: 0.1266, Train: 40.17%, Valid: 39.21%, Test: 38.07%, Best Valid: 49.68%, Best Test: 47.44%
Epoch: 1000, Loss: 0.0201, Train: 43.97%, Valid: 41.18%, Test: 39.44%, Best Valid: 49.68%, Best Test: 47.44%
Run 04:
Highest Train: 53.79
Highest Valid: 49.68
Highest Test: 48.66
Chosen epoch: 581
Final Train: 53.45
Final Test: 47.44
Label budget: 2/class -> 20 train nodes
Pre-training MLP for 500 epochs to generate co-occurrence matrix...
MLP pre-training complete. Penalty matrix frozen.
Epoch: 00, Loss: 3.3049, Train: 4.66%, Valid: 6.11%, Test: 6.46%, Best Valid: 6.11%, Best Test: 6.46%
Switching Polynormer to global attention phase.
Epoch: 100, Loss: 2.5564, Train: 13.28%, Valid: 11.85%, Test: 11.94%, Best Valid: 38.64%, Best Test: 38.04%
Epoch: 200, Loss: 0.1847, Train: 43.79%, Valid: 42.76%, Test: 42.65%, Best Valid: 44.48%, Best Test: 46.14%
Epoch: 300, Loss: 0.2798, Train: 41.90%, Valid: 40.37%, Test: 39.01%, Best Valid: 47.88%, Best Test: 48.50%
Epoch: 400, Loss: 0.1818, Train: 48.10%, Valid: 47.21%, Test: 46.18%, Best Valid: 47.88%, Best Test: 48.50%
Epoch: 500, Loss: 0.0054, Train: 48.45%, Valid: 44.31%, Test: 43.61%, Best Valid: 48.62%, Best Test: 47.67%
Epoch: 600, Loss: 0.0663, Train: 41.90%, Valid: 42.98%, Test: 42.52%, Best Valid: 48.62%, Best Test: 47.67%
Epoch: 700, Loss: 0.0024, Train: 41.90%, Valid: 41.54%, Test: 41.20%, Best Valid: 48.62%, Best Test: 47.67%
Epoch: 800, Loss: 0.0016, Train: 47.76%, Valid: 46.23%, Test: 45.32%, Best Valid: 48.62%, Best Test: 47.67%
Epoch: 900, Loss: 0.0364, Train: 39.83%, Valid: 39.51%, Test: 37.88%, Best Valid: 48.62%, Best Test: 47.67%
Epoch: 1000, Loss: 0.0010, Train: 45.86%, Valid: 44.16%, Test: 43.29%, Best Valid: 48.62%, Best Test: 47.67%
Run 05:
Highest Train: 49.83
Highest Valid: 48.62
Highest Test: 48.50
Chosen epoch: 423
Final Train: 47.07
Final Test: 47.67
Label budget: 2/class -> 20 train nodes
Pre-training MLP for 500 epochs to generate co-occurrence matrix...
MLP pre-training complete. Penalty matrix frozen.
Epoch: 00, Loss: 3.3185, Train: 9.48%, Valid: 11.68%, Test: 11.77%, Best Valid: 11.68%, Best Test: 11.77%
Switching Polynormer to global attention phase.
Epoch: 100, Loss: 2.6170, Train: 10.34%, Valid: 10.79%, Test: 10.66%, Best Valid: 49.83%, Best Test: 48.32%
Epoch: 200, Loss: 1.1437, Train: 48.45%, Valid: 49.39%, Test: 47.92%, Best Valid: 54.47%, Best Test: 53.17%
Epoch: 300, Loss: 0.2141, Train: 48.79%, Valid: 47.78%, Test: 48.06%, Best Valid: 56.67%, Best Test: 55.43%
Epoch: 400, Loss: 0.0224, Train: 43.45%, Valid: 45.89%, Test: 45.37%, Best Valid: 57.55%, Best Test: 56.99%
Epoch: 500, Loss: 0.1324, Train: 53.97%, Valid: 53.43%, Test: 53.24%, Best Valid: 57.55%, Best Test: 56.99%
Epoch: 600, Loss: 0.0361, Train: 43.62%, Valid: 44.08%, Test: 43.71%, Best Valid: 58.57%, Best Test: 58.53%
Epoch: 700, Loss: 0.0021, Train: 59.48%, Valid: 59.01%, Test: 58.01%, Best Valid: 59.73%, Best Test: 59.30%
Epoch: 800, Loss: 0.0014, Train: 57.76%, Valid: 57.64%, Test: 56.63%, Best Valid: 59.73%, Best Test: 59.30%
Epoch: 900, Loss: 0.1118, Train: 52.07%, Valid: 52.01%, Test: 52.13%, Best Valid: 59.73%, Best Test: 59.30%
Epoch: 1000, Loss: 0.0863, Train: 46.55%, Valid: 45.92%, Test: 44.74%, Best Valid: 59.73%, Best Test: 59.30%
Run 06:
Highest Train: 61.55
Highest Valid: 59.73
Highest Test: 59.43
Chosen epoch: 664
Final Train: 59.31
Final Test: 59.30
Label budget: 2/class -> 20 train nodes
Pre-training MLP for 500 epochs to generate co-occurrence matrix...
MLP pre-training complete. Penalty matrix frozen.
Epoch: 00, Loss: 2.7701, Train: 6.55%, Valid: 6.88%, Test: 7.18%, Best Valid: 6.88%, Best Test: 7.18%
Switching Polynormer to global attention phase.
Epoch: 100, Loss: 2.5497, Train: 24.66%, Valid: 24.69%, Test: 24.51%, Best Valid: 65.60%, Best Test: 65.08%
Epoch: 200, Loss: 0.2273, Train: 59.14%, Valid: 53.60%, Test: 53.53%, Best Valid: 66.44%, Best Test: 66.07%
Epoch: 300, Loss: 0.0391, Train: 65.34%, Valid: 61.83%, Test: 62.00%, Best Valid: 66.44%, Best Test: 66.07%
Epoch: 400, Loss: 0.0468, Train: 70.17%, Valid: 64.64%, Test: 64.27%, Best Valid: 69.45%, Best Test: 68.26%
Epoch: 500, Loss: 0.3471, Train: 57.76%, Valid: 55.59%, Test: 54.78%, Best Valid: 69.45%, Best Test: 68.26%
Epoch: 600, Loss: 0.0132, Train: 69.14%, Valid: 64.92%, Test: 65.23%, Best Valid: 69.45%, Best Test: 68.26%
Epoch: 700, Loss: 0.0171, Train: 68.97%, Valid: 64.92%, Test: 64.65%, Best Valid: 69.45%, Best Test: 68.26%
Epoch: 800, Loss: 0.5030, Train: 55.34%, Valid: 53.26%, Test: 51.75%, Best Valid: 69.45%, Best Test: 68.26%
Epoch: 900, Loss: 0.2344, Train: 65.00%, Valid: 60.16%, Test: 60.99%, Best Valid: 69.45%, Best Test: 68.26%
Epoch: 1000, Loss: 0.0574, Train: 57.41%, Valid: 54.32%, Test: 53.81%, Best Valid: 69.45%, Best Test: 68.26%
Run 07:
Highest Train: 72.93
Highest Valid: 69.45
Highest Test: 68.38
Chosen epoch: 374
Final Train: 72.76
Final Test: 68.26
Label budget: 2/class -> 20 train nodes
Pre-training MLP for 500 epochs to generate co-occurrence matrix...
MLP pre-training complete. Penalty matrix frozen.
Epoch: 00, Loss: 2.6599, Train: 8.62%, Valid: 8.48%, Test: 8.19%, Best Valid: 8.48%, Best Test: 8.19%
Switching Polynormer to global attention phase.
Epoch: 100, Loss: 2.5974, Train: 2.41%, Valid: 2.54%, Test: 2.51%, Best Valid: 37.52%, Best Test: 37.40%
Epoch: 200, Loss: 0.3107, Train: 43.62%, Valid: 42.70%, Test: 41.73%, Best Valid: 44.43%, Best Test: 43.58%
Epoch: 300, Loss: 0.3289, Train: 39.83%, Valid: 38.98%, Test: 38.16%, Best Valid: 44.43%, Best Test: 43.58%
Epoch: 400, Loss: 0.2768, Train: 42.59%, Valid: 42.79%, Test: 41.35%, Best Valid: 48.50%, Best Test: 47.51%
Epoch: 500, Loss: 0.0085, Train: 37.41%, Valid: 37.79%, Test: 35.90%, Best Valid: 48.50%, Best Test: 47.51%
Epoch: 600, Loss: 0.0366, Train: 39.31%, Valid: 37.24%, Test: 35.47%, Best Valid: 48.50%, Best Test: 47.51%
Epoch: 700, Loss: 0.0005, Train: 41.55%, Valid: 42.98%, Test: 41.56%, Best Valid: 48.50%, Best Test: 47.51%
Epoch: 800, Loss: 0.0037, Train: 41.72%, Valid: 39.10%, Test: 37.10%, Best Valid: 48.50%, Best Test: 47.51%
Epoch: 900, Loss: 2.0918, Train: 32.24%, Valid: 31.66%, Test: 31.35%, Best Valid: 48.50%, Best Test: 47.51%
Epoch: 1000, Loss: 0.0166, Train: 38.79%, Valid: 38.91%, Test: 37.93%, Best Valid: 48.50%, Best Test: 47.51%
Run 08:
Highest Train: 50.69
Highest Valid: 48.50
Highest Test: 47.51
Chosen epoch: 392
Final Train: 49.31
Final Test: 47.51
Label budget: 2/class -> 20 train nodes
Pre-training MLP for 500 epochs to generate co-occurrence matrix...
MLP pre-training complete. Penalty matrix frozen.
Epoch: 00, Loss: 3.0519, Train: 4.14%, Valid: 5.23%, Test: 5.71%, Best Valid: 5.23%, Best Test: 5.71%
Switching Polynormer to global attention phase.
Epoch: 100, Loss: 2.5018, Train: 7.41%, Valid: 7.39%, Test: 7.41%, Best Valid: 51.50%, Best Test: 51.27%
Epoch: 200, Loss: 0.6454, Train: 46.72%, Valid: 44.16%, Test: 43.75%, Best Valid: 53.20%, Best Test: 53.29%
Epoch: 300, Loss: 0.5719, Train: 49.66%, Valid: 45.53%, Test: 45.44%, Best Valid: 53.20%, Best Test: 53.29%
Epoch: 400, Loss: 0.0092, Train: 50.34%, Valid: 49.70%, Test: 49.27%, Best Valid: 53.20%, Best Test: 53.29%
Epoch: 500, Loss: 0.5750, Train: 46.03%, Valid: 45.01%, Test: 44.50%, Best Valid: 53.20%, Best Test: 53.29%
Epoch: 600, Loss: 0.0144, Train: 46.21%, Valid: 47.00%, Test: 45.27%, Best Valid: 53.20%, Best Test: 53.29%
Epoch: 700, Loss: 0.4851, Train: 48.28%, Valid: 43.50%, Test: 42.45%, Best Valid: 53.20%, Best Test: 53.29%
Epoch: 800, Loss: 0.1311, Train: 48.28%, Valid: 45.53%, Test: 44.62%, Best Valid: 53.20%, Best Test: 53.29%
Epoch: 900, Loss: 0.0008, Train: 45.17%, Valid: 43.89%, Test: 43.27%, Best Valid: 53.20%, Best Test: 53.29%
Epoch: 1000, Loss: 0.3584, Train: 45.34%, Valid: 43.10%, Test: 43.51%, Best Valid: 53.20%, Best Test: 53.29%
Run 09:
Highest Train: 56.72
Highest Valid: 53.20
Highest Test: 53.29
Chosen epoch: 142
Final Train: 56.72
Final Test: 53.29
Label budget: 2/class -> 20 train nodes
Pre-training MLP for 500 epochs to generate co-occurrence matrix...
MLP pre-training complete. Penalty matrix frozen.
Epoch: 00, Loss: 2.8172, Train: 16.90%, Valid: 17.16%, Test: 17.14%, Best Valid: 17.16%, Best Test: 17.14%
Switching Polynormer to global attention phase.
Epoch: 100, Loss: 2.4905, Train: 12.24%, Valid: 12.15%, Test: 12.18%, Best Valid: 53.66%, Best Test: 52.23%
Epoch: 200, Loss: 0.5211, Train: 40.17%, Valid: 38.30%, Test: 38.81%, Best Valid: 53.66%, Best Test: 52.23%
Epoch: 300, Loss: 0.1896, Train: 53.28%, Valid: 49.39%, Test: 48.98%, Best Valid: 53.66%, Best Test: 52.23%
Epoch: 400, Loss: 0.0388, Train: 52.07%, Valid: 49.77%, Test: 49.97%, Best Valid: 55.18%, Best Test: 55.19%
Epoch: 500, Loss: 0.0016, Train: 50.52%, Valid: 47.72%, Test: 47.31%, Best Valid: 55.23%, Best Test: 55.11%
Epoch: 600, Loss: 0.0549, Train: 51.55%, Valid: 47.93%, Test: 48.04%, Best Valid: 55.23%, Best Test: 55.11%
Epoch: 700, Loss: 0.3355, Train: 58.10%, Valid: 54.84%, Test: 54.81%, Best Valid: 55.23%, Best Test: 55.11%
Epoch: 800, Loss: 0.1026, Train: 54.48%, Valid: 50.95%, Test: 51.22%, Best Valid: 55.23%, Best Test: 55.11%
Epoch: 900, Loss: 0.5367, Train: 50.86%, Valid: 47.72%, Test: 47.24%, Best Valid: 55.23%, Best Test: 55.11%
Epoch: 1000, Loss: 0.0132, Train: 51.38%, Valid: 48.73%, Test: 48.98%, Best Valid: 55.23%, Best Test: 55.11%
Run 10:
Highest Train: 59.83
Highest Valid: 55.23
Highest Test: 55.48
Chosen epoch: 448
Final Train: 57.76
Final Test: 55.11
All runs:
Highest Train: 57.48 ± 6.60
Highest Test: 54.51 ± 6.36
Highest Valid: 55.16 ± 6.38
  Final Train: 56.28 ± 7.07
   Final Test: 54.24 ± 6.53
Saving results to ../results/lowlabel/wikics/polynormer.csv
--- mlp_reg | lambda=0.2 ---
Namespace(aggregate='add', alpha=0.5, attention='gcn', beta=-1.0, bn=False, budget_tag='2', count_reg=False, count_smoothing=1.0, cpu=False, data_dir='../data/', dataset='wikics', device=0, dim_inner=512, display_step=100, dropout=0.5, epochs=500, global_dropout=None, global_epochs=1000, global_layers=2, gnn='gcn', graph_weight=0.8, hidden_channels=512, hops=10, in_dropout=0.5, jk=False, label_num_per_class=20, lambda_val=0.2, layers=1, ln=False, local_epochs=100, local_gnn_type='GCN', local_layers=7, lr=0.001, metric='acc', mlp_epochs=500, mlp_reg=True, model='polynormer', model_dir='models/lowlabel_1161133_277', n_heads=1, num_centroids=4096, num_heads=1, oracle_reg=False, paired_seeds=True, pe_types='RWSE', penalty_transform='none', pre_linear=False, pre_ln=False, rand_split=False, rand_split_class=False, reg_start_epoch=10, reg_update_freq=5, res=False, resample_split_per_run=False, result_dir='../results/lowlabel', runs=10, save_model=True, save_result=False, seed=42, test_num=1000, tr_dropout=None, tr_layers=1, tr_weight_decay=None, train_per_class=2, train_prop=0.5, use_act=False, use_bn=False, use_graph=False, use_reg=True, use_residual=False, use_weight=False, valid_num=500, valid_per_class=0, valid_prop=0.25, weight_decay=0.0)
wikics
dataset wikics | num nodes 11701 | num edge 431726 | num node feats 300 | num classes 10
MODEL: Polynormer(
  (h_lins): ModuleList(
    (0): Linear(in_features=512, out_features=512, bias=True)
    (1): Linear(in_features=512, out_features=512, bias=True)
    (2): Linear(in_features=512, out_features=512, bias=True)
    (3): Linear(in_features=512, out_features=512, bias=True)
    (4): Linear(in_features=512, out_features=512, bias=True)
    (5): Linear(in_features=512, out_features=512, bias=True)
    (6): Linear(in_features=512, out_features=512, bias=True)
  )
  (local_convs): ModuleList(
    (0): GATConv(512, 512, heads=1)
    (1): GATConv(512, 512, heads=1)
    (2): GATConv(512, 512, heads=1)
    (3): GATConv(512, 512, heads=1)
    (4): GATConv(512, 512, heads=1)
    (5): GATConv(512, 512, heads=1)
    (6): GATConv(512, 512, heads=1)
  )
  (lins): ModuleList(
    (0): Linear(in_features=512, out_features=512, bias=True)
    (1): Linear(in_features=512, out_features=512, bias=True)
    (2): Linear(in_features=512, out_features=512, bias=True)
    (3): Linear(in_features=512, out_features=512, bias=True)
    (4): Linear(in_features=512, out_features=512, bias=True)
    (5): Linear(in_features=512, out_features=512, bias=True)
    (6): Linear(in_features=512, out_features=512, bias=True)
  )
  (lns): ModuleList(
    (0): LayerNorm((512,), eps=1e-05, elementwise_affine=True)
    (1): LayerNorm((512,), eps=1e-05, elementwise_affine=True)
    (2): LayerNorm((512,), eps=1e-05, elementwise_affine=True)
    (3): LayerNorm((512,), eps=1e-05, elementwise_affine=True)
    (4): LayerNorm((512,), eps=1e-05, elementwise_affine=True)
    (5): LayerNorm((512,), eps=1e-05, elementwise_affine=True)
    (6): LayerNorm((512,), eps=1e-05, elementwise_affine=True)
  )
  (lin_in): Linear(in_features=300, out_features=512, bias=True)
  (ln): LayerNorm((512,), eps=1e-05, elementwise_affine=True)
  (global_attn): GlobalAttn(
    (h_lins): ModuleList(
      (0): Linear(in_features=512, out_features=512, bias=True)
      (1): Linear(in_features=512, out_features=512, bias=True)
    )
    (k_lins): ModuleList(
      (0): Linear(in_features=512, out_features=512, bias=True)
      (1): Linear(in_features=512, out_features=512, bias=True)
    )
    (v_lins): ModuleList(
      (0): Linear(in_features=512, out_features=512, bias=True)
      (1): Linear(in_features=512, out_features=512, bias=True)
    )
    (lns): ModuleList(
      (0): LayerNorm((512,), eps=1e-05, elementwise_affine=True)
      (1): LayerNorm((512,), eps=1e-05, elementwise_affine=True)
    )
    (lin_out): Linear(in_features=512, out_features=512, bias=True)
  )
  (pred_local): Linear(in_features=512, out_features=10, bias=True)
  (pred_global): Linear(in_features=512, out_features=10, bias=True)
)
Label budget: 2/class -> 20 train nodes
Pre-training MLP for 500 epochs to generate co-occurrence matrix...
MLP pre-training complete. Penalty matrix frozen.
Epoch: 00, Loss: 3.2320, Train: 4.48%, Valid: 3.79%, Test: 3.98%, Best Valid: 3.79%, Best Test: 3.98%
Switching Polynormer to global attention phase.
Epoch: 100, Loss: 2.7960, Train: 6.72%, Valid: 6.66%, Test: 6.67%, Best Valid: 50.68%, Best Test: 50.69%
Epoch: 200, Loss: 0.3352, Train: 42.41%, Valid: 41.45%, Test: 40.48%, Best Valid: 50.68%, Best Test: 50.69%
Epoch: 300, Loss: 0.0151, Train: 37.93%, Valid: 37.14%, Test: 36.05%, Best Valid: 50.68%, Best Test: 50.69%
Epoch: 400, Loss: 0.0184, Train: 43.97%, Valid: 43.25%, Test: 42.31%, Best Valid: 50.68%, Best Test: 50.69%
Epoch: 500, Loss: 0.0222, Train: 50.86%, Valid: 48.94%, Test: 48.83%, Best Valid: 50.68%, Best Test: 50.69%
Epoch: 600, Loss: 0.2402, Train: 47.24%, Valid: 44.01%, Test: 44.23%, Best Valid: 50.68%, Best Test: 50.69%
Epoch: 700, Loss: 0.5516, Train: 46.38%, Valid: 46.47%, Test: 46.47%, Best Valid: 50.68%, Best Test: 50.69%
Epoch: 800, Loss: 1.7801, Train: 44.66%, Valid: 43.82%, Test: 44.74%, Best Valid: 50.68%, Best Test: 50.69%
Epoch: 900, Loss: 0.0712, Train: 47.07%, Valid: 45.26%, Test: 45.90%, Best Valid: 50.68%, Best Test: 50.69%
Epoch: 1000, Loss: 0.6368, Train: 47.59%, Valid: 46.66%, Test: 45.85%, Best Valid: 50.68%, Best Test: 50.69%
Run 01:
Highest Train: 52.07
Highest Valid: 50.68
Highest Test: 50.81
Chosen epoch: 74
Final Train: 49.48
Final Test: 50.69
Label budget: 2/class -> 20 train nodes
Pre-training MLP for 500 epochs to generate co-occurrence matrix...
MLP pre-training complete. Penalty matrix frozen.
Epoch: 00, Loss: 3.5821, Train: 18.28%, Valid: 17.99%, Test: 17.44%, Best Valid: 17.99%, Best Test: 17.44%
Switching Polynormer to global attention phase.
Epoch: 100, Loss: 2.7822, Train: 16.55%, Valid: 16.51%, Test: 16.52%, Best Valid: 54.30%, Best Test: 52.81%
Epoch: 200, Loss: 0.8895, Train: 47.07%, Valid: 46.85%, Test: 45.39%, Best Valid: 56.01%, Best Test: 55.02%
Epoch: 300, Loss: 0.1258, Train: 51.03%, Valid: 50.34%, Test: 48.50%, Best Valid: 56.01%, Best Test: 55.02%
Epoch: 400, Loss: 0.0219, Train: 45.00%, Valid: 44.08%, Test: 42.28%, Best Valid: 56.71%, Best Test: 55.19%
Epoch: 500, Loss: 0.1331, Train: 54.31%, Valid: 56.94%, Test: 54.37%, Best Valid: 58.87%, Best Test: 56.17%
Epoch: 600, Loss: 0.3905, Train: 58.28%, Valid: 56.73%, Test: 55.55%, Best Valid: 58.87%, Best Test: 56.17%
Epoch: 700, Loss: 0.0940, Train: 51.55%, Valid: 50.91%, Test: 48.74%, Best Valid: 58.87%, Best Test: 56.17%
Epoch: 800, Loss: 1.0909, Train: 48.10%, Valid: 45.47%, Test: 44.47%, Best Valid: 58.87%, Best Test: 56.17%
Epoch: 900, Loss: 0.0554, Train: 51.55%, Valid: 53.26%, Test: 51.33%, Best Valid: 58.87%, Best Test: 56.17%
Epoch: 1000, Loss: 0.0314, Train: 49.14%, Valid: 49.91%, Test: 47.84%, Best Valid: 58.87%, Best Test: 56.17%
Run 02:
Highest Train: 59.31
Highest Valid: 58.87
Highest Test: 56.47
Chosen epoch: 491
Final Train: 57.41
Final Test: 56.17
Label budget: 2/class -> 20 train nodes
Pre-training MLP for 500 epochs to generate co-occurrence matrix...
MLP pre-training complete. Penalty matrix frozen.
Epoch: 00, Loss: 3.4917, Train: 5.34%, Valid: 5.27%, Test: 5.11%, Best Valid: 5.27%, Best Test: 5.11%
Switching Polynormer to global attention phase.
Epoch: 100, Loss: 2.7545, Train: 12.24%, Valid: 12.15%, Test: 12.18%, Best Valid: 48.33%, Best Test: 46.98%
Epoch: 200, Loss: 0.9882, Train: 48.45%, Valid: 47.23%, Test: 45.96%, Best Valid: 52.50%, Best Test: 50.01%
Epoch: 300, Loss: 0.5151, Train: 49.83%, Valid: 49.62%, Test: 48.47%, Best Valid: 52.50%, Best Test: 50.01%
Epoch: 400, Loss: 0.2354, Train: 38.97%, Valid: 37.92%, Test: 36.05%, Best Valid: 52.86%, Best Test: 51.14%
Epoch: 500, Loss: 0.0336, Train: 48.62%, Valid: 46.15%, Test: 44.09%, Best Valid: 52.86%, Best Test: 51.14%
Epoch: 600, Loss: 0.1365, Train: 49.66%, Valid: 48.33%, Test: 47.75%, Best Valid: 53.30%, Best Test: 52.04%
Epoch: 700, Loss: 1.1999, Train: 30.34%, Valid: 31.49%, Test: 29.93%, Best Valid: 53.30%, Best Test: 52.04%
Epoch: 800, Loss: 0.0170, Train: 42.76%, Valid: 43.14%, Test: 41.99%, Best Valid: 53.30%, Best Test: 52.04%
Epoch: 900, Loss: 0.0098, Train: 46.72%, Valid: 46.25%, Test: 45.54%, Best Valid: 53.30%, Best Test: 52.04%
Epoch: 1000, Loss: 1.0217, Train: 32.93%, Valid: 32.65%, Test: 31.26%, Best Valid: 53.30%, Best Test: 52.04%
Run 03:
Highest Train: 56.03
Highest Valid: 53.30
Highest Test: 52.56
Chosen epoch: 528
Final Train: 54.14
Final Test: 52.04
Label budget: 2/class -> 20 train nodes
Pre-training MLP for 500 epochs to generate co-occurrence matrix...
MLP pre-training complete. Penalty matrix frozen.
Epoch: 00, Loss: 2.9220, Train: 13.62%, Valid: 13.61%, Test: 13.44%, Best Valid: 13.61%, Best Test: 13.44%
Switching Polynormer to global attention phase.
Epoch: 100, Loss: 2.8372, Train: 18.45%, Valid: 18.39%, Test: 18.40%, Best Valid: 48.98%, Best Test: 47.43%
Epoch: 200, Loss: 0.6240, Train: 36.21%, Valid: 31.02%, Test: 31.01%, Best Valid: 51.65%, Best Test: 50.62%
Epoch: 300, Loss: 0.1607, Train: 46.90%, Valid: 41.51%, Test: 41.15%, Best Valid: 51.65%, Best Test: 50.62%
Epoch: 400, Loss: 0.5542, Train: 40.69%, Valid: 36.12%, Test: 35.73%, Best Valid: 51.65%, Best Test: 50.62%
Epoch: 500, Loss: 0.2351, Train: 44.48%, Valid: 40.39%, Test: 39.83%, Best Valid: 51.65%, Best Test: 50.62%
Epoch: 600, Loss: 0.0052, Train: 40.17%, Valid: 37.56%, Test: 36.62%, Best Valid: 51.65%, Best Test: 50.62%
Epoch: 700, Loss: 0.0026, Train: 42.76%, Valid: 40.05%, Test: 38.82%, Best Valid: 51.65%, Best Test: 50.62%
Epoch: 800, Loss: 0.1501, Train: 42.24%, Valid: 38.64%, Test: 38.50%, Best Valid: 51.65%, Best Test: 50.62%
Epoch: 900, Loss: 0.4929, Train: 44.66%, Valid: 42.13%, Test: 40.86%, Best Valid: 51.65%, Best Test: 50.62%
Epoch: 1000, Loss: 0.3169, Train: 41.38%, Valid: 37.56%, Test: 36.51%, Best Valid: 51.65%, Best Test: 50.62%
Run 04:
Highest Train: 55.00
Highest Valid: 51.65
Highest Test: 50.62
Chosen epoch: 190
Final Train: 53.62
Final Test: 50.62
Label budget: 2/class -> 20 train nodes
Pre-training MLP for 500 epochs to generate co-occurrence matrix...
MLP pre-training complete. Penalty matrix frozen.
Epoch: 00, Loss: 3.6053, Train: 7.07%, Valid: 8.65%, Test: 8.86%, Best Valid: 8.65%, Best Test: 8.86%
Switching Polynormer to global attention phase.
Epoch: 100, Loss: 2.7612, Train: 12.24%, Valid: 12.15%, Test: 12.18%, Best Valid: 41.81%, Best Test: 40.62%
Epoch: 200, Loss: 0.8838, Train: 36.03%, Valid: 35.74%, Test: 34.67%, Best Valid: 48.29%, Best Test: 49.10%
Epoch: 300, Loss: 0.2841, Train: 45.69%, Valid: 44.58%, Test: 43.22%, Best Valid: 48.29%, Best Test: 49.10%
Epoch: 400, Loss: 0.0651, Train: 34.83%, Valid: 34.91%, Test: 34.51%, Best Valid: 48.29%, Best Test: 49.10%
Epoch: 500, Loss: 0.0154, Train: 39.48%, Valid: 38.59%, Test: 37.49%, Best Valid: 48.29%, Best Test: 49.10%
Epoch: 600, Loss: 0.0440, Train: 42.76%, Valid: 42.53%, Test: 41.17%, Best Valid: 48.29%, Best Test: 49.10%
Epoch: 700, Loss: 0.0037, Train: 38.79%, Valid: 39.36%, Test: 38.09%, Best Valid: 48.29%, Best Test: 49.10%
Epoch: 800, Loss: 0.6651, Train: 40.34%, Valid: 40.05%, Test: 39.29%, Best Valid: 48.29%, Best Test: 49.10%
Epoch: 900, Loss: 0.0259, Train: 39.31%, Valid: 39.50%, Test: 39.13%, Best Valid: 48.29%, Best Test: 49.10%
Epoch: 1000, Loss: 0.5921, Train: 33.97%, Valid: 35.38%, Test: 35.69%, Best Valid: 48.29%, Best Test: 49.10%
Run 05:
Highest Train: 49.66
Highest Valid: 48.29
Highest Test: 49.10
Chosen epoch: 151
Final Train: 49.66
Final Test: 49.10
Label budget: 2/class -> 20 train nodes
Pre-training MLP for 500 epochs to generate co-occurrence matrix...
MLP pre-training complete. Penalty matrix frozen.
Epoch: 00, Loss: 3.6202, Train: 9.31%, Valid: 11.62%, Test: 11.77%, Best Valid: 11.62%, Best Test: 11.77%
Switching Polynormer to global attention phase.
Epoch: 100, Loss: 2.8147, Train: 4.14%, Valid: 4.21%, Test: 4.21%, Best Valid: 51.86%, Best Test: 51.12%
Epoch: 200, Loss: 0.5939, Train: 53.79%, Valid: 50.99%, Test: 50.61%, Best Valid: 57.22%, Best Test: 56.08%
Epoch: 300, Loss: 2.3644, Train: 51.55%, Valid: 51.57%, Test: 50.20%, Best Valid: 57.22%, Best Test: 56.08%
Epoch: 400, Loss: 0.1306, Train: 56.72%, Valid: 54.61%, Test: 54.35%, Best Valid: 59.69%, Best Test: 58.66%
Epoch: 500, Loss: 0.4694, Train: 52.93%, Valid: 51.08%, Test: 50.33%, Best Valid: 59.69%, Best Test: 58.66%
Epoch: 600, Loss: 0.0053, Train: 60.52%, Valid: 59.99%, Test: 59.23%, Best Valid: 60.39%, Best Test: 59.23%
Epoch: 700, Loss: 0.0022, Train: 55.34%, Valid: 56.79%, Test: 55.67%, Best Valid: 60.39%, Best Test: 59.23%
Epoch: 800, Loss: 0.0001, Train: 62.24%, Valid: 61.13%, Test: 61.06%, Best Valid: 61.24%, Best Test: 60.99%
Epoch: 900, Loss: 0.5014, Train: 52.59%, Valid: 53.07%, Test: 51.82%, Best Valid: 61.24%, Best Test: 60.99%
Epoch: 1000, Loss: 0.2949, Train: 57.59%, Valid: 55.59%, Test: 54.88%, Best Valid: 61.24%, Best Test: 60.99%
Run 06:
Highest Train: 63.97
Highest Valid: 61.24
Highest Test: 61.06
Chosen epoch: 785
Final Train: 62.24
Final Test: 60.99
Label budget: 2/class -> 20 train nodes
Pre-training MLP for 500 epochs to generate co-occurrence matrix...
MLP pre-training complete. Penalty matrix frozen.
Epoch: 00, Loss: 3.0219, Train: 6.55%, Valid: 7.03%, Test: 7.41%, Best Valid: 7.03%, Best Test: 7.41%
Switching Polynormer to global attention phase.
Epoch: 100, Loss: 2.7391, Train: 24.48%, Valid: 22.83%, Test: 24.06%, Best Valid: 62.06%, Best Test: 61.52%
Epoch: 200, Loss: 0.4320, Train: 70.52%, Valid: 64.45%, Test: 64.29%, Best Valid: 67.52%, Best Test: 67.52%
Epoch: 300, Loss: 0.4062, Train: 70.34%, Valid: 65.68%, Test: 64.79%, Best Valid: 69.17%, Best Test: 68.77%
Epoch: 400, Loss: 0.1087, Train: 58.79%, Valid: 55.82%, Test: 55.41%, Best Valid: 69.17%, Best Test: 68.77%
Epoch: 500, Loss: 0.0082, Train: 63.10%, Valid: 60.13%, Test: 59.02%, Best Valid: 69.17%, Best Test: 68.77%
Epoch: 600, Loss: 0.0059, Train: 66.21%, Valid: 61.77%, Test: 60.73%, Best Valid: 69.17%, Best Test: 68.77%
Epoch: 700, Loss: 0.0023, Train: 69.83%, Valid: 66.69%, Test: 66.72%, Best Valid: 69.17%, Best Test: 68.77%
Epoch: 800, Loss: 0.0005, Train: 57.24%, Valid: 56.31%, Test: 55.36%, Best Valid: 69.17%, Best Test: 68.77%
Epoch: 900, Loss: 0.5337, Train: 57.41%, Valid: 55.61%, Test: 55.19%, Best Valid: 69.17%, Best Test: 68.77%
Epoch: 1000, Loss: 0.0032, Train: 60.86%, Valid: 57.51%, Test: 57.82%, Best Valid: 69.17%, Best Test: 68.77%
Run 07:
Highest Train: 75.52
Highest Valid: 69.17
Highest Test: 68.77
Chosen epoch: 294
Final Train: 75.52
Final Test: 68.77
Label budget: 2/class -> 20 train nodes
Pre-training MLP for 500 epochs to generate co-occurrence matrix...
MLP pre-training complete. Penalty matrix frozen.
Epoch: 00, Loss: 2.9017, Train: 10.00%, Valid: 9.54%, Test: 9.18%, Best Valid: 9.54%, Best Test: 9.18%
Switching Polynormer to global attention phase.
Epoch: 100, Loss: 2.8399, Train: 6.72%, Valid: 6.62%, Test: 6.67%, Best Valid: 41.64%, Best Test: 41.41%
Epoch: 200, Loss: 0.3199, Train: 48.28%, Valid: 44.39%, Test: 45.15%, Best Valid: 48.29%, Best Test: 47.41%
Epoch: 300, Loss: 0.1203, Train: 51.03%, Valid: 49.03%, Test: 47.75%, Best Valid: 51.14%, Best Test: 49.73%
Epoch: 400, Loss: 0.0365, Train: 45.34%, Valid: 43.53%, Test: 42.47%, Best Valid: 51.14%, Best Test: 49.73%
Epoch: 500, Loss: 0.0662, Train: 41.90%, Valid: 38.23%, Test: 38.21%, Best Valid: 51.14%, Best Test: 49.73%
Epoch: 600, Loss: 0.2306, Train: 42.07%, Valid: 40.65%, Test: 39.56%, Best Valid: 51.14%, Best Test: 49.73%
Epoch: 700, Loss: 0.0001, Train: 41.72%, Valid: 39.32%, Test: 39.47%, Best Valid: 51.14%, Best Test: 49.73%
Epoch: 800, Loss: 0.2862, Train: 40.17%, Valid: 39.70%, Test: 38.57%, Best Valid: 51.14%, Best Test: 49.73%
Epoch: 900, Loss: 0.1816, Train: 40.52%, Valid: 39.70%, Test: 40.43%, Best Valid: 51.14%, Best Test: 49.73%
Epoch: 1000, Loss: 0.0107, Train: 36.55%, Valid: 35.59%, Test: 35.18%, Best Valid: 51.14%, Best Test: 49.73%
Run 08:
Highest Train: 53.79
Highest Valid: 51.14
Highest Test: 50.25
Chosen epoch: 286
Final Train: 53.79
Final Test: 49.73
Label budget: 2/class -> 20 train nodes
Pre-training MLP for 500 epochs to generate co-occurrence matrix...
MLP pre-training complete. Penalty matrix frozen.
Epoch: 00, Loss: 3.3293, Train: 4.66%, Valid: 5.42%, Test: 5.75%, Best Valid: 5.42%, Best Test: 5.75%
Switching Polynormer to global attention phase.
Epoch: 100, Loss: 2.8048, Train: 12.24%, Valid: 12.15%, Test: 12.18%, Best Valid: 46.74%, Best Test: 46.49%
Epoch: 200, Loss: 0.2496, Train: 53.97%, Valid: 52.01%, Test: 51.79%, Best Valid: 52.01%, Best Test: 51.79%
Epoch: 300, Loss: 0.0227, Train: 49.14%, Valid: 46.68%, Test: 46.52%, Best Valid: 52.01%, Best Test: 51.79%
Epoch: 400, Loss: 0.6240, Train: 45.52%, Valid: 43.61%, Test: 43.65%, Best Valid: 52.01%, Best Test: 51.79%
Epoch: 500, Loss: 0.0191, Train: 45.69%, Valid: 44.92%, Test: 44.55%, Best Valid: 52.01%, Best Test: 51.79%
Epoch: 600, Loss: 0.0001, Train: 49.66%, Valid: 48.73%, Test: 47.85%, Best Valid: 52.01%, Best Test: 51.79%
Epoch: 700, Loss: 0.0051, Train: 50.34%, Valid: 46.25%, Test: 45.41%, Best Valid: 52.01%, Best Test: 51.79%
Epoch: 800, Loss: 0.0006, Train: 48.79%, Valid: 45.77%, Test: 45.46%, Best Valid: 52.01%, Best Test: 51.79%
Epoch: 900, Loss: 0.3439, Train: 49.83%, Valid: 46.62%, Test: 46.33%, Best Valid: 52.05%, Best Test: 51.34%
Epoch: 1000, Loss: 0.2184, Train: 53.45%, Valid: 48.26%, Test: 47.46%, Best Valid: 54.29%, Best Test: 53.16%
Run 09:
Highest Train: 58.97
Highest Valid: 54.29
Highest Test: 53.38
Chosen epoch: 914
Final Train: 56.55
Final Test: 53.16
Label budget: 2/class -> 20 train nodes
Pre-training MLP for 500 epochs to generate co-occurrence matrix...
MLP pre-training complete. Penalty matrix frozen.
Epoch: 00, Loss: 3.0733, Train: 17.93%, Valid: 18.03%, Test: 17.67%, Best Valid: 18.03%, Best Test: 17.67%
Switching Polynormer to global attention phase.
Epoch: 100, Loss: 2.7871, Train: 3.45%, Valid: 3.55%, Test: 3.52%, Best Valid: 54.25%, Best Test: 53.62%
Epoch: 200, Loss: 1.2835, Train: 35.00%, Valid: 34.91%, Test: 34.87%, Best Valid: 54.25%, Best Test: 53.62%
Epoch: 300, Loss: 0.2100, Train: 45.00%, Valid: 39.91%, Test: 41.20%, Best Valid: 54.99%, Best Test: 55.53%
Epoch: 400, Loss: 0.9096, Train: 47.07%, Valid: 42.42%, Test: 42.74%, Best Valid: 54.99%, Best Test: 55.53%
Epoch: 500, Loss: 0.2693, Train: 44.14%, Valid: 42.32%, Test: 42.40%, Best Valid: 54.99%, Best Test: 55.53%
Epoch: 600, Loss: 0.0020, Train: 46.21%, Valid: 44.24%, Test: 45.05%, Best Valid: 54.99%, Best Test: 55.53%
Epoch: 700, Loss: 0.0958, Train: 49.83%, Valid: 47.50%, Test: 47.46%, Best Valid: 54.99%, Best Test: 55.53%
Epoch: 800, Loss: 0.0376, Train: 54.66%, Valid: 52.90%, Test: 52.10%, Best Valid: 54.99%, Best Test: 55.53%
Epoch: 900, Loss: 0.0038, Train: 42.07%, Valid: 39.87%, Test: 40.35%, Best Valid: 54.99%, Best Test: 55.53%
Epoch: 1000, Loss: 0.0018, Train: 43.28%, Valid: 42.72%, Test: 41.75%, Best Valid: 54.99%, Best Test: 55.53%
Run 10:
Highest Train: 57.93
Highest Valid: 54.99
Highest Test: 55.53
Chosen epoch: 285
Final Train: 57.93
Final Test: 55.53
All runs:
Highest Train: 58.22 ± 7.30
Highest Test: 54.86 ± 6.07
Highest Valid: 55.36 ± 6.21
  Final Train: 57.03 ± 7.54
   Final Test: 54.68 ± 6.13
Saving results to ../results/lowlabel/wikics/polynormer.csv
--- mlp_reg | lambda=0.4 ---
Namespace(aggregate='add', alpha=0.5, attention='gcn', beta=-1.0, bn=False, budget_tag='2', count_reg=False, count_smoothing=1.0, cpu=False, data_dir='../data/', dataset='wikics', device=0, dim_inner=512, display_step=100, dropout=0.5, epochs=500, global_dropout=None, global_epochs=1000, global_layers=2, gnn='gcn', graph_weight=0.8, hidden_channels=512, hops=10, in_dropout=0.5, jk=False, label_num_per_class=20, lambda_val=0.4, layers=1, ln=False, local_epochs=100, local_gnn_type='GCN', local_layers=7, lr=0.001, metric='acc', mlp_epochs=500, mlp_reg=True, model='polynormer', model_dir='models/lowlabel_1161133_277', n_heads=1, num_centroids=4096, num_heads=1, oracle_reg=False, paired_seeds=True, pe_types='RWSE', penalty_transform='none', pre_linear=False, pre_ln=False, rand_split=False, rand_split_class=False, reg_start_epoch=10, reg_update_freq=5, res=False, resample_split_per_run=False, result_dir='../results/lowlabel', runs=10, save_model=True, save_result=False, seed=42, test_num=1000, tr_dropout=None, tr_layers=1, tr_weight_decay=None, train_per_class=2, train_prop=0.5, use_act=False, use_bn=False, use_graph=False, use_reg=True, use_residual=False, use_weight=False, valid_num=500, valid_per_class=0, valid_prop=0.25, weight_decay=0.0)
wikics
dataset wikics | num nodes 11701 | num edge 431726 | num node feats 300 | num classes 10
MODEL: Polynormer(
  (h_lins): ModuleList(
    (0): Linear(in_features=512, out_features=512, bias=True)
    (1): Linear(in_features=512, out_features=512, bias=True)
    (2): Linear(in_features=512, out_features=512, bias=True)
    (3): Linear(in_features=512, out_features=512, bias=True)
    (4): Linear(in_features=512, out_features=512, bias=True)
    (5): Linear(in_features=512, out_features=512, bias=True)
    (6): Linear(in_features=512, out_features=512, bias=True)
  )
  (local_convs): ModuleList(
    (0): GATConv(512, 512, heads=1)
    (1): GATConv(512, 512, heads=1)
    (2): GATConv(512, 512, heads=1)
    (3): GATConv(512, 512, heads=1)
    (4): GATConv(512, 512, heads=1)
    (5): GATConv(512, 512, heads=1)
    (6): GATConv(512, 512, heads=1)
  )
  (lins): ModuleList(
    (0): Linear(in_features=512, out_features=512, bias=True)
    (1): Linear(in_features=512, out_features=512, bias=True)
    (2): Linear(in_features=512, out_features=512, bias=True)
    (3): Linear(in_features=512, out_features=512, bias=True)
    (4): Linear(in_features=512, out_features=512, bias=True)
    (5): Linear(in_features=512, out_features=512, bias=True)
    (6): Linear(in_features=512, out_features=512, bias=True)
  )
  (lns): ModuleList(
    (0): LayerNorm((512,), eps=1e-05, elementwise_affine=True)
    (1): LayerNorm((512,), eps=1e-05, elementwise_affine=True)
    (2): LayerNorm((512,), eps=1e-05, elementwise_affine=True)
    (3): LayerNorm((512,), eps=1e-05, elementwise_affine=True)
    (4): LayerNorm((512,), eps=1e-05, elementwise_affine=True)
    (5): LayerNorm((512,), eps=1e-05, elementwise_affine=True)
    (6): LayerNorm((512,), eps=1e-05, elementwise_affine=True)
  )
  (lin_in): Linear(in_features=300, out_features=512, bias=True)
  (ln): LayerNorm((512,), eps=1e-05, elementwise_affine=True)
  (global_attn): GlobalAttn(
    (h_lins): ModuleList(
      (0): Linear(in_features=512, out_features=512, bias=True)
      (1): Linear(in_features=512, out_features=512, bias=True)
    )
    (k_lins): ModuleList(
      (0): Linear(in_features=512, out_features=512, bias=True)
      (1): Linear(in_features=512, out_features=512, bias=True)
    )
    (v_lins): ModuleList(
      (0): Linear(in_features=512, out_features=512, bias=True)
      (1): Linear(in_features=512, out_features=512, bias=True)
    )
    (lns): ModuleList(
      (0): LayerNorm((512,), eps=1e-05, elementwise_affine=True)
      (1): LayerNorm((512,), eps=1e-05, elementwise_affine=True)
    )
    (lin_out): Linear(in_features=512, out_features=512, bias=True)
  )
  (pred_local): Linear(in_features=512, out_features=10, bias=True)
  (pred_global): Linear(in_features=512, out_features=10, bias=True)
)
Label budget: 2/class -> 20 train nodes
Pre-training MLP for 500 epochs to generate co-occurrence matrix...
MLP pre-training complete. Penalty matrix frozen.
Epoch: 00, Loss: 3.7706, Train: 4.48%, Valid: 3.81%, Test: 4.02%, Best Valid: 3.81%, Best Test: 4.02%
Switching Polynormer to global attention phase.
Epoch: 100, Loss: 3.2529, Train: 6.72%, Valid: 6.66%, Test: 6.67%, Best Valid: 48.77%, Best Test: 50.06%
Epoch: 200, Loss: 0.3603, Train: 41.90%, Valid: 40.63%, Test: 41.00%, Best Valid: 48.77%, Best Test: 50.06%
Epoch: 300, Loss: 0.0057, Train: 43.45%, Valid: 45.05%, Test: 45.85%, Best Valid: 49.30%, Best Test: 48.55%
Epoch: 400, Loss: 0.0130, Train: 51.21%, Valid: 48.81%, Test: 49.60%, Best Valid: 51.54%, Best Test: 51.46%
Epoch: 500, Loss: 1.1672, Train: 47.41%, Valid: 46.83%, Test: 46.81%, Best Valid: 51.54%, Best Test: 51.46%
Epoch: 600, Loss: 0.2672, Train: 42.07%, Valid: 41.24%, Test: 40.91%, Best Valid: 51.54%, Best Test: 51.46%
Epoch: 700, Loss: 0.0003, Train: 42.24%, Valid: 39.67%, Test: 40.14%, Best Valid: 51.54%, Best Test: 51.46%
Epoch: 800, Loss: 0.1367, Train: 48.45%, Valid: 46.11%, Test: 44.78%, Best Valid: 51.54%, Best Test: 51.46%
Epoch: 900, Loss: 0.0801, Train: 47.76%, Valid: 47.50%, Test: 46.84%, Best Valid: 51.54%, Best Test: 51.46%
Epoch: 1000, Loss: 0.0008, Train: 45.52%, Valid: 44.58%, Test: 45.19%, Best Valid: 51.54%, Best Test: 51.46%
Run 01:
Highest Train: 52.76
Highest Valid: 51.54
Highest Test: 51.46
Chosen epoch: 318
Final Train: 52.76
Final Test: 51.46
Label budget: 2/class -> 20 train nodes
Pre-training MLP for 500 epochs to generate co-occurrence matrix...
MLP pre-training complete. Penalty matrix frozen.
Epoch: 00, Loss: 4.1791, Train: 17.76%, Valid: 17.61%, Test: 17.24%, Best Valid: 17.61%, Best Test: 17.24%
Switching Polynormer to global attention phase.
Epoch: 100, Loss: 3.2353, Train: 7.41%, Valid: 7.17%, Test: 7.18%, Best Valid: 52.46%, Best Test: 50.90%
Epoch: 200, Loss: 0.4987, Train: 47.41%, Valid: 47.21%, Test: 45.05%, Best Valid: 57.64%, Best Test: 56.54%
Epoch: 300, Loss: 0.0918, Train: 50.86%, Valid: 51.21%, Test: 50.13%, Best Valid: 61.68%, Best Test: 60.87%
Epoch: 400, Loss: 0.1393, Train: 58.79%, Valid: 58.06%, Test: 56.46%, Best Valid: 61.68%, Best Test: 60.87%
Epoch: 500, Loss: 0.0739, Train: 50.86%, Valid: 51.02%, Test: 49.68%, Best Valid: 61.68%, Best Test: 60.87%
Epoch: 600, Loss: 0.0009, Train: 54.14%, Valid: 53.91%, Test: 52.03%, Best Valid: 61.68%, Best Test: 60.87%
Epoch: 700, Loss: 0.0078, Train: 51.55%, Valid: 50.15%, Test: 47.75%, Best Valid: 61.68%, Best Test: 60.87%
Epoch: 800, Loss: 0.3502, Train: 60.17%, Valid: 59.95%, Test: 58.03%, Best Valid: 63.48%, Best Test: 62.12%
Epoch: 900, Loss: 1.0125, Train: 56.55%, Valid: 56.52%, Test: 55.11%, Best Valid: 63.48%, Best Test: 62.12%
Epoch: 1000, Loss: 0.0056, Train: 56.90%, Valid: 57.85%, Test: 56.58%, Best Valid: 63.48%, Best Test: 62.12%
Run 02:
Highest Train: 62.59
Highest Valid: 63.48
Highest Test: 62.12
Chosen epoch: 731
Final Train: 62.41
Final Test: 62.12
Label budget: 2/class -> 20 train nodes
Pre-training MLP for 500 epochs to generate co-occurrence matrix...
MLP pre-training complete. Penalty matrix frozen.
Epoch: 00, Loss: 4.0736, Train: 5.52%, Valid: 5.25%, Test: 5.17%, Best Valid: 5.25%, Best Test: 5.17%
Switching Polynormer to global attention phase.
Epoch: 100, Loss: 3.2019, Train: 23.28%, Valid: 23.11%, Test: 23.26%, Best Valid: 52.79%, Best Test: 51.70%
Epoch: 200, Loss: 0.9023, Train: 37.76%, Valid: 39.29%, Test: 38.09%, Best Valid: 52.79%, Best Test: 51.70%
Epoch: 300, Loss: 0.8026, Train: 54.66%, Valid: 54.32%, Test: 53.86%, Best Valid: 56.92%, Best Test: 55.48%
Epoch: 400, Loss: 1.0317, Train: 48.45%, Valid: 48.58%, Test: 47.58%, Best Valid: 56.92%, Best Test: 55.48%
Epoch: 500, Loss: 0.2124, Train: 54.83%, Valid: 54.30%, Test: 54.18%, Best Valid: 56.92%, Best Test: 55.48%
Epoch: 600, Loss: 0.0194, Train: 48.10%, Valid: 47.97%, Test: 46.98%, Best Valid: 56.92%, Best Test: 55.48%
Epoch: 700, Loss: 0.0018, Train: 46.21%, Valid: 42.98%, Test: 42.18%, Best Valid: 57.62%, Best Test: 55.62%
Epoch: 800, Loss: 0.0424, Train: 52.93%, Valid: 50.09%, Test: 48.64%, Best Valid: 57.62%, Best Test: 55.62%
Epoch: 900, Loss: 0.0001, Train: 43.79%, Valid: 43.99%, Test: 42.47%, Best Valid: 57.62%, Best Test: 55.62%
Epoch: 1000, Loss: 0.0000, Train: 48.10%, Valid: 46.08%, Test: 44.40%, Best Valid: 57.62%, Best Test: 55.62%
Run 03:
Highest Train: 57.59
Highest Valid: 57.62
Highest Test: 56.42
Chosen epoch: 655
Final Train: 57.59
Final Test: 55.62
Label budget: 2/class -> 20 train nodes
Pre-training MLP for 500 epochs to generate co-occurrence matrix...
MLP pre-training complete. Penalty matrix frozen.
Epoch: 00, Loss: 3.4090, Train: 12.93%, Valid: 11.81%, Test: 11.84%, Best Valid: 11.81%, Best Test: 11.84%
Switching Polynormer to global attention phase.
Epoch: 100, Loss: 3.3126, Train: 18.45%, Valid: 18.39%, Test: 18.40%, Best Valid: 50.15%, Best Test: 49.17%
Epoch: 200, Loss: 0.3461, Train: 44.14%, Valid: 42.04%, Test: 40.57%, Best Valid: 50.89%, Best Test: 49.44%
Epoch: 300, Loss: 0.1322, Train: 45.86%, Valid: 44.12%, Test: 42.26%, Best Valid: 53.13%, Best Test: 51.46%
Epoch: 400, Loss: 1.3894, Train: 41.90%, Valid: 38.85%, Test: 38.60%, Best Valid: 53.13%, Best Test: 51.46%
Epoch: 500, Loss: 0.0151, Train: 48.79%, Valid: 44.99%, Test: 44.16%, Best Valid: 53.13%, Best Test: 51.46%
Epoch: 600, Loss: 0.0486, Train: 50.34%, Valid: 46.87%, Test: 45.66%, Best Valid: 53.13%, Best Test: 51.46%
Epoch: 700, Loss: 0.1230, Train: 50.00%, Valid: 45.13%, Test: 43.92%, Best Valid: 53.13%, Best Test: 51.46%
Epoch: 800, Loss: 0.0593, Train: 49.48%, Valid: 45.11%, Test: 44.40%, Best Valid: 53.13%, Best Test: 51.46%
Epoch: 900, Loss: 0.0567, Train: 50.00%, Valid: 45.83%, Test: 45.66%, Best Valid: 53.13%, Best Test: 51.46%
Epoch: 1000, Loss: 0.0008, Train: 46.38%, Valid: 42.49%, Test: 42.57%, Best Valid: 53.13%, Best Test: 51.46%
Run 04:
Highest Train: 57.07
Highest Valid: 53.13
Highest Test: 53.17
Chosen epoch: 235
Final Train: 54.83
Final Test: 51.46
Label budget: 2/class -> 20 train nodes
Pre-training MLP for 500 epochs to generate co-occurrence matrix...
MLP pre-training complete. Penalty matrix frozen.
Epoch: 00, Loss: 4.2062, Train: 11.21%, Valid: 11.81%, Test: 11.36%, Best Valid: 11.81%, Best Test: 11.36%
Switching Polynormer to global attention phase.
Epoch: 100, Loss: 3.1916, Train: 24.14%, Valid: 24.71%, Test: 25.31%, Best Valid: 41.07%, Best Test: 39.47%
Epoch: 200, Loss: 0.2721, Train: 36.38%, Valid: 35.12%, Test: 33.86%, Best Valid: 43.44%, Best Test: 42.43%
Epoch: 300, Loss: 0.6617, Train: 39.14%, Valid: 39.46%, Test: 38.38%, Best Valid: 46.09%, Best Test: 45.63%
Epoch: 400, Loss: 0.2773, Train: 42.93%, Valid: 39.84%, Test: 39.88%, Best Valid: 46.09%, Best Test: 45.63%
Epoch: 500, Loss: 0.0452, Train: 37.59%, Valid: 37.07%, Test: 35.59%, Best Valid: 46.09%, Best Test: 45.63%
Epoch: 600, Loss: 0.1290, Train: 33.62%, Valid: 33.52%, Test: 32.80%, Best Valid: 46.09%, Best Test: 45.63%
Epoch: 700, Loss: 0.0178, Train: 38.45%, Valid: 36.71%, Test: 35.49%, Best Valid: 46.09%, Best Test: 45.63%
Epoch: 800, Loss: 0.0567, Train: 32.07%, Valid: 32.63%, Test: 31.67%, Best Valid: 46.09%, Best Test: 45.63%
Epoch: 900, Loss: 0.0001, Train: 37.93%, Valid: 36.50%, Test: 35.83%, Best Valid: 46.09%, Best Test: 45.63%
Epoch: 1000, Loss: 0.0086, Train: 39.66%, Valid: 38.45%, Test: 36.46%, Best Valid: 46.09%, Best Test: 45.63%
Run 05:
Highest Train: 45.69
Highest Valid: 46.09
Highest Test: 45.63
Chosen epoch: 215
Final Train: 45.34
Final Test: 45.63
Label budget: 2/class -> 20 train nodes
Pre-training MLP for 500 epochs to generate co-occurrence matrix...
MLP pre-training complete. Penalty matrix frozen.
Epoch: 00, Loss: 4.2236, Train: 9.66%, Valid: 11.43%, Test: 11.22%, Best Valid: 11.43%, Best Test: 11.22%
Switching Polynormer to global attention phase.
Epoch: 100, Loss: 3.2459, Train: 6.72%, Valid: 6.66%, Test: 6.67%, Best Valid: 47.55%, Best Test: 46.30%
Epoch: 200, Loss: 0.8170, Train: 47.76%, Valid: 45.60%, Test: 45.39%, Best Valid: 56.20%, Best Test: 54.75%
Epoch: 300, Loss: 0.5325, Train: 49.83%, Valid: 48.27%, Test: 47.94%, Best Valid: 58.57%, Best Test: 57.89%
Epoch: 400, Loss: 0.1768, Train: 58.28%, Valid: 56.88%, Test: 56.42%, Best Valid: 60.58%, Best Test: 60.75%
Epoch: 500, Loss: 0.0012, Train: 56.72%, Valid: 54.49%, Test: 54.81%, Best Valid: 60.58%, Best Test: 60.75%
Epoch: 600, Loss: 0.0023, Train: 60.17%, Valid: 60.30%, Test: 58.97%, Best Valid: 61.60%, Best Test: 60.97%
Epoch: 700, Loss: 0.6116, Train: 52.76%, Valid: 50.99%, Test: 50.33%, Best Valid: 62.36%, Best Test: 62.00%
Epoch: 800, Loss: 0.0048, Train: 57.24%, Valid: 55.90%, Test: 55.14%, Best Valid: 62.36%, Best Test: 62.00%
Epoch: 900, Loss: 0.1128, Train: 60.52%, Valid: 57.13%, Test: 56.27%, Best Valid: 62.36%, Best Test: 62.00%
Epoch: 1000, Loss: 0.0658, Train: 63.62%, Valid: 61.05%, Test: 60.51%, Best Valid: 62.53%, Best Test: 62.12%
Run 06:
Highest Train: 64.31
Highest Valid: 62.53
Highest Test: 62.24
Chosen epoch: 996
Final Train: 62.76
Final Test: 62.12
Label budget: 2/class -> 20 train nodes
Pre-training MLP for 500 epochs to generate co-occurrence matrix...
MLP pre-training complete. Penalty matrix frozen.
Epoch: 00, Loss: 3.5255, Train: 6.55%, Valid: 7.21%, Test: 7.78%, Best Valid: 7.21%, Best Test: 7.78%
Switching Polynormer to global attention phase.
Epoch: 100, Loss: 3.2269, Train: 12.24%, Valid: 12.15%, Test: 12.14%, Best Valid: 62.23%, Best Test: 61.89%
Epoch: 200, Loss: 0.3404, Train: 63.10%, Valid: 59.35%, Test: 58.83%, Best Valid: 63.86%, Best Test: 63.33%
Epoch: 300, Loss: 0.0132, Train: 67.59%, Valid: 64.05%, Test: 64.19%, Best Valid: 64.56%, Best Test: 63.42%
Epoch: 400, Loss: 0.4345, Train: 50.17%, Valid: 46.04%, Test: 45.43%, Best Valid: 64.81%, Best Test: 63.84%
Epoch: 500, Loss: 0.2201, Train: 68.28%, Valid: 62.23%, Test: 62.31%, Best Valid: 65.02%, Best Test: 64.58%
Epoch: 600, Loss: 0.7846, Train: 60.34%, Valid: 53.70%, Test: 53.69%, Best Valid: 65.02%, Best Test: 64.58%
Epoch: 700, Loss: 0.0519, Train: 68.62%, Valid: 62.74%, Test: 62.99%, Best Valid: 66.10%, Best Test: 64.70%
Epoch: 800, Loss: 0.3499, Train: 61.72%, Valid: 58.95%, Test: 58.20%, Best Valid: 66.10%, Best Test: 64.70%
Epoch: 900, Loss: 0.3265, Train: 66.38%, Valid: 61.32%, Test: 61.30%, Best Valid: 66.10%, Best Test: 64.70%
Epoch: 1000, Loss: 0.0522, Train: 63.79%, Valid: 61.22%, Test: 60.44%, Best Valid: 67.60%, Best Test: 67.20%
Run 07:
Highest Train: 73.97
Highest Valid: 67.60
Highest Test: 67.50
Chosen epoch: 916
Final Train: 73.97
Final Test: 67.20
Label budget: 2/class -> 20 train nodes
Pre-training MLP for 500 epochs to generate co-occurrence matrix...
MLP pre-training complete. Penalty matrix frozen.
Epoch: 00, Loss: 3.3853, Train: 12.93%, Valid: 11.79%, Test: 11.46%, Best Valid: 11.79%, Best Test: 11.46%
Switching Polynormer to global attention phase.
Epoch: 100, Loss: 3.3179, Train: 18.45%, Valid: 18.39%, Test: 18.40%, Best Valid: 38.95%, Best Test: 37.35%
Epoch: 200, Loss: 1.4194, Train: 37.76%, Valid: 35.84%, Test: 36.26%, Best Valid: 45.16%, Best Test: 45.27%
Epoch: 300, Loss: 0.0424, Train: 42.59%, Valid: 40.99%, Test: 40.60%, Best Valid: 45.16%, Best Test: 45.27%
Epoch: 400, Loss: 0.1699, Train: 39.31%, Valid: 38.04%, Test: 37.78%, Best Valid: 45.51%, Best Test: 45.13%
Epoch: 500, Loss: 0.5500, Train: 39.31%, Valid: 38.11%, Test: 38.07%, Best Valid: 45.51%, Best Test: 45.13%
Epoch: 600, Loss: 0.1408, Train: 38.10%, Valid: 36.63%, Test: 36.39%, Best Valid: 46.17%, Best Test: 45.82%
Epoch: 700, Loss: 0.3956, Train: 39.66%, Valid: 36.37%, Test: 36.58%, Best Valid: 46.17%, Best Test: 45.82%
Epoch: 800, Loss: 0.0003, Train: 33.97%, Valid: 34.68%, Test: 34.03%, Best Valid: 46.17%, Best Test: 45.82%
Epoch: 900, Loss: 0.4699, Train: 38.28%, Valid: 37.16%, Test: 36.02%, Best Valid: 46.17%, Best Test: 45.82%
Epoch: 1000, Loss: 0.0000, Train: 42.41%, Valid: 41.92%, Test: 40.21%, Best Valid: 46.17%, Best Test: 45.82%
Run 08:
Highest Train: 47.93
Highest Valid: 46.17
Highest Test: 46.11
Chosen epoch: 529
Final Train: 46.55
Final Test: 45.82
Label budget: 2/class -> 20 train nodes
Pre-training MLP for 500 epochs to generate co-occurrence matrix...
MLP pre-training complete. Penalty matrix frozen.
Epoch: 00, Loss: 3.8842, Train: 3.79%, Valid: 5.35%, Test: 5.88%, Best Valid: 5.35%, Best Test: 5.88%
Switching Polynormer to global attention phase.
Epoch: 100, Loss: 3.2464, Train: 6.21%, Valid: 6.41%, Test: 6.29%, Best Valid: 46.81%, Best Test: 47.72%
Epoch: 200, Loss: 1.2159, Train: 48.62%, Valid: 45.53%, Test: 45.68%, Best Valid: 50.85%, Best Test: 50.18%
Epoch: 300, Loss: 0.0439, Train: 49.83%, Valid: 47.46%, Test: 46.54%, Best Valid: 50.85%, Best Test: 50.18%
Epoch: 400, Loss: 0.0051, Train: 49.48%, Valid: 49.34%, Test: 48.40%, Best Valid: 51.42%, Best Test: 51.05%
Epoch: 500, Loss: 0.1297, Train: 48.79%, Valid: 46.17%, Test: 44.78%, Best Valid: 51.42%, Best Test: 51.05%
Epoch: 600, Loss: 0.0457, Train: 46.55%, Valid: 44.98%, Test: 44.60%, Best Valid: 51.42%, Best Test: 51.05%
Epoch: 700, Loss: 0.0000, Train: 52.07%, Valid: 49.24%, Test: 49.77%, Best Valid: 53.66%, Best Test: 52.71%
Epoch: 800, Loss: 0.0002, Train: 51.03%, Valid: 47.61%, Test: 47.67%, Best Valid: 53.66%, Best Test: 52.71%
Epoch: 900, Loss: 0.0000, Train: 53.97%, Valid: 51.71%, Test: 51.21%, Best Valid: 53.66%, Best Test: 52.71%
Epoch: 1000, Loss: 0.3078, Train: 51.90%, Valid: 49.17%, Test: 48.32%, Best Valid: 53.66%, Best Test: 52.71%
Run 09:
Highest Train: 56.38
Highest Valid: 53.66
Highest Test: 53.60
Chosen epoch: 629
Final Train: 55.34
Final Test: 52.71
Label budget: 2/class -> 20 train nodes
Pre-training MLP for 500 epochs to generate co-occurrence matrix...
MLP pre-training complete. Penalty matrix frozen.
Epoch: 00, Loss: 3.5856, Train: 17.24%, Valid: 18.87%, Test: 18.30%, Best Valid: 18.87%, Best Test: 18.30%
Switching Polynormer to global attention phase.
Epoch: 100, Loss: 3.1776, Train: 18.45%, Valid: 18.39%, Test: 18.40%, Best Valid: 54.49%, Best Test: 54.51%
Epoch: 200, Loss: 0.9914, Train: 46.38%, Valid: 45.32%, Test: 45.49%, Best Valid: 54.49%, Best Test: 54.51%
Epoch: 300, Loss: 0.0591, Train: 52.41%, Valid: 49.98%, Test: 51.55%, Best Valid: 54.49%, Best Test: 54.51%
Epoch: 400, Loss: 0.0851, Train: 41.38%, Valid: 38.66%, Test: 38.00%, Best Valid: 54.49%, Best Test: 54.51%
Epoch: 500, Loss: 0.3416, Train: 42.24%, Valid: 40.56%, Test: 40.47%, Best Valid: 54.49%, Best Test: 54.51%
Epoch: 600, Loss: 0.1128, Train: 48.97%, Valid: 44.22%, Test: 43.41%, Best Valid: 54.49%, Best Test: 54.51%
Epoch: 700, Loss: 0.0481, Train: 45.86%, Valid: 41.60%, Test: 42.96%, Best Valid: 54.49%, Best Test: 54.51%
Epoch: 800, Loss: 0.0243, Train: 46.72%, Valid: 45.32%, Test: 45.31%, Best Valid: 54.49%, Best Test: 54.51%
Epoch: 900, Loss: 0.0018, Train: 50.00%, Valid: 48.35%, Test: 47.03%, Best Valid: 54.49%, Best Test: 54.51%
Epoch: 1000, Loss: 0.0002, Train: 45.69%, Valid: 43.91%, Test: 43.29%, Best Valid: 54.49%, Best Test: 54.51%
Run 10:
Highest Train: 58.28
Highest Valid: 54.49
Highest Test: 54.63
Chosen epoch: 97
Final Train: 53.97
Final Test: 54.51
All runs:
Highest Train: 57.66 ± 8.16
Highest Test: 55.29 ± 7.03
Highest Valid: 55.63 ± 7.19
  Final Train: 56.55 ± 8.36
   Final Test: 54.86 ± 7.09
Saving results to ../results/lowlabel/wikics/polynormer.csv
--- mlp_reg | lambda=0.8 ---
Namespace(aggregate='add', alpha=0.5, attention='gcn', beta=-1.0, bn=False, budget_tag='2', count_reg=False, count_smoothing=1.0, cpu=False, data_dir='../data/', dataset='wikics', device=0, dim_inner=512, display_step=100, dropout=0.5, epochs=500, global_dropout=None, global_epochs=1000, global_layers=2, gnn='gcn', graph_weight=0.8, hidden_channels=512, hops=10, in_dropout=0.5, jk=False, label_num_per_class=20, lambda_val=0.8, layers=1, ln=False, local_epochs=100, local_gnn_type='GCN', local_layers=7, lr=0.001, metric='acc', mlp_epochs=500, mlp_reg=True, model='polynormer', model_dir='models/lowlabel_1161133_277', n_heads=1, num_centroids=4096, num_heads=1, oracle_reg=False, paired_seeds=True, pe_types='RWSE', penalty_transform='none', pre_linear=False, pre_ln=False, rand_split=False, rand_split_class=False, reg_start_epoch=10, reg_update_freq=5, res=False, resample_split_per_run=False, result_dir='../results/lowlabel', runs=10, save_model=True, save_result=False, seed=42, test_num=1000, tr_dropout=None, tr_layers=1, tr_weight_decay=None, train_per_class=2, train_prop=0.5, use_act=False, use_bn=False, use_graph=False, use_reg=True, use_residual=False, use_weight=False, valid_num=500, valid_per_class=0, valid_prop=0.25, weight_decay=0.0)
wikics
dataset wikics | num nodes 11701 | num edge 431726 | num node feats 300 | num classes 10
MODEL: Polynormer(
  (h_lins): ModuleList(
    (0): Linear(in_features=512, out_features=512, bias=True)
    (1): Linear(in_features=512, out_features=512, bias=True)
    (2): Linear(in_features=512, out_features=512, bias=True)
    (3): Linear(in_features=512, out_features=512, bias=True)
    (4): Linear(in_features=512, out_features=512, bias=True)
    (5): Linear(in_features=512, out_features=512, bias=True)
    (6): Linear(in_features=512, out_features=512, bias=True)
  )
  (local_convs): ModuleList(
    (0): GATConv(512, 512, heads=1)
    (1): GATConv(512, 512, heads=1)
    (2): GATConv(512, 512, heads=1)
    (3): GATConv(512, 512, heads=1)
    (4): GATConv(512, 512, heads=1)
    (5): GATConv(512, 512, heads=1)
    (6): GATConv(512, 512, heads=1)
  )
  (lins): ModuleList(
    (0): Linear(in_features=512, out_features=512, bias=True)
    (1): Linear(in_features=512, out_features=512, bias=True)
    (2): Linear(in_features=512, out_features=512, bias=True)
    (3): Linear(in_features=512, out_features=512, bias=True)
    (4): Linear(in_features=512, out_features=512, bias=True)
    (5): Linear(in_features=512, out_features=512, bias=True)
    (6): Linear(in_features=512, out_features=512, bias=True)
  )
  (lns): ModuleList(
    (0): LayerNorm((512,), eps=1e-05, elementwise_affine=True)
    (1): LayerNorm((512,), eps=1e-05, elementwise_affine=True)
    (2): LayerNorm((512,), eps=1e-05, elementwise_affine=True)
    (3): LayerNorm((512,), eps=1e-05, elementwise_affine=True)
    (4): LayerNorm((512,), eps=1e-05, elementwise_affine=True)
    (5): LayerNorm((512,), eps=1e-05, elementwise_affine=True)
    (6): LayerNorm((512,), eps=1e-05, elementwise_affine=True)
  )
  (lin_in): Linear(in_features=300, out_features=512, bias=True)
  (ln): LayerNorm((512,), eps=1e-05, elementwise_affine=True)
  (global_attn): GlobalAttn(
    (h_lins): ModuleList(
      (0): Linear(in_features=512, out_features=512, bias=True)
      (1): Linear(in_features=512, out_features=512, bias=True)
    )
    (k_lins): ModuleList(
      (0): Linear(in_features=512, out_features=512, bias=True)
      (1): Linear(in_features=512, out_features=512, bias=True)
    )
    (v_lins): ModuleList(
      (0): Linear(in_features=512, out_features=512, bias=True)
      (1): Linear(in_features=512, out_features=512, bias=True)
    )
    (lns): ModuleList(
      (0): LayerNorm((512,), eps=1e-05, elementwise_affine=True)
      (1): LayerNorm((512,), eps=1e-05, elementwise_affine=True)
    )
    (lin_out): Linear(in_features=512, out_features=512, bias=True)
  )
  (pred_local): Linear(in_features=512, out_features=10, bias=True)
  (pred_global): Linear(in_features=512, out_features=10, bias=True)
)
Label budget: 2/class -> 20 train nodes
Pre-training MLP for 500 epochs to generate co-occurrence matrix...
MLP pre-training complete. Penalty matrix frozen.
Epoch: 00, Loss: 4.8479, Train: 3.79%, Valid: 4.00%, Test: 4.33%, Best Valid: 4.00%, Best Test: 4.33%
Switching Polynormer to global attention phase.
Epoch: 100, Loss: 4.2089, Train: 12.24%, Valid: 12.15%, Test: 12.18%, Best Valid: 43.04%, Best Test: 43.39%
Epoch: 200, Loss: 3.6594, Train: 38.45%, Valid: 37.81%, Test: 37.87%, Best Valid: 44.01%, Best Test: 42.65%
Epoch: 300, Loss: 0.4692, Train: 44.31%, Valid: 43.84%, Test: 44.96%, Best Valid: 47.72%, Best Test: 47.19%
Epoch: 400, Loss: 0.0055, Train: 46.90%, Valid: 45.30%, Test: 45.65%, Best Valid: 48.73%, Best Test: 48.32%
Epoch: 500, Loss: 0.0109, Train: 38.62%, Valid: 39.84%, Test: 39.56%, Best Valid: 51.55%, Best Test: 50.37%
Epoch: 600, Loss: 0.0172, Train: 44.48%, Valid: 44.29%, Test: 42.84%, Best Valid: 52.39%, Best Test: 51.56%
Epoch: 700, Loss: 0.0634, Train: 46.72%, Valid: 45.53%, Test: 44.43%, Best Valid: 52.39%, Best Test: 51.56%
Epoch: 800, Loss: 0.5194, Train: 45.17%, Valid: 45.37%, Test: 44.04%, Best Valid: 52.39%, Best Test: 51.56%
Epoch: 900, Loss: 0.4434, Train: 42.41%, Valid: 41.45%, Test: 40.84%, Best Valid: 52.39%, Best Test: 51.56%
Epoch: 1000, Loss: 0.0780, Train: 46.03%, Valid: 44.18%, Test: 42.53%, Best Valid: 52.39%, Best Test: 51.56%
Run 01:
Highest Train: 53.28
Highest Valid: 52.39
Highest Test: 51.56
Chosen epoch: 576
Final Train: 52.07
Final Test: 51.56
Label budget: 2/class -> 20 train nodes
Pre-training MLP for 500 epochs to generate co-occurrence matrix...
MLP pre-training complete. Penalty matrix frozen.
Epoch: 00, Loss: 5.3731, Train: 16.21%, Valid: 15.91%, Test: 16.30%, Best Valid: 15.91%, Best Test: 16.30%
Switching Polynormer to global attention phase.
Epoch: 100, Loss: 4.1237, Train: 16.55%, Valid: 16.51%, Test: 16.52%, Best Valid: 50.83%, Best Test: 49.65%
Epoch: 200, Loss: 0.1143, Train: 42.07%, Valid: 43.69%, Test: 41.77%, Best Valid: 50.83%, Best Test: 49.65%
Epoch: 300, Loss: 0.0216, Train: 52.24%, Valid: 51.59%, Test: 50.21%, Best Valid: 55.25%, Best Test: 53.82%
Epoch: 400, Loss: 0.4519, Train: 45.86%, Valid: 45.11%, Test: 43.48%, Best Valid: 55.25%, Best Test: 53.82%
Epoch: 500, Loss: 0.2568, Train: 50.69%, Valid: 48.58%, Test: 47.00%, Best Valid: 55.25%, Best Test: 53.82%
Epoch: 600, Loss: 0.0005, Train: 49.66%, Valid: 47.63%, Test: 46.31%, Best Valid: 55.25%, Best Test: 53.82%
Epoch: 700, Loss: 0.0024, Train: 52.59%, Valid: 51.73%, Test: 50.23%, Best Valid: 56.71%, Best Test: 55.34%
Epoch: 800, Loss: 0.1156, Train: 54.83%, Valid: 54.25%, Test: 52.66%, Best Valid: 56.71%, Best Test: 55.34%
Epoch: 900, Loss: 0.5125, Train: 61.90%, Valid: 61.13%, Test: 59.59%, Best Valid: 61.13%, Best Test: 59.59%
Epoch: 1000, Loss: 0.0000, Train: 52.07%, Valid: 52.43%, Test: 51.09%, Best Valid: 61.13%, Best Test: 59.59%
Run 02:
Highest Train: 62.59
Highest Valid: 61.13
Highest Test: 59.59
Chosen epoch: 900
Final Train: 61.90
Final Test: 59.59
Label budget: 2/class -> 20 train nodes
Pre-training MLP for 500 epochs to generate co-occurrence matrix...
MLP pre-training complete. Penalty matrix frozen.
Epoch: 00, Loss: 5.2375, Train: 5.52%, Valid: 5.23%, Test: 5.17%, Best Valid: 5.23%, Best Test: 5.17%
Switching Polynormer to global attention phase.
Epoch: 100, Loss: 4.1399, Train: 12.24%, Valid: 12.15%, Test: 12.18%, Best Valid: 50.27%, Best Test: 48.74%
Epoch: 200, Loss: 0.7651, Train: 51.90%, Valid: 50.15%, Test: 49.63%, Best Valid: 60.30%, Best Test: 58.75%
Epoch: 300, Loss: 0.7817, Train: 42.07%, Valid: 43.57%, Test: 41.34%, Best Valid: 60.30%, Best Test: 58.75%
Epoch: 400, Loss: 1.5708, Train: 45.17%, Valid: 42.17%, Test: 40.47%, Best Valid: 60.30%, Best Test: 58.75%
Epoch: 500, Loss: 0.0001, Train: 40.17%, Valid: 39.78%, Test: 38.07%, Best Valid: 60.30%, Best Test: 58.75%
Epoch: 600, Loss: 0.0185, Train: 40.00%, Valid: 40.06%, Test: 38.52%, Best Valid: 60.30%, Best Test: 58.75%
Epoch: 700, Loss: 0.0283, Train: 49.83%, Valid: 45.68%, Test: 44.01%, Best Valid: 60.30%, Best Test: 58.75%
Epoch: 800, Loss: 0.6994, Train: 45.69%, Valid: 45.94%, Test: 44.14%, Best Valid: 60.30%, Best Test: 58.75%
Epoch: 900, Loss: 0.0016, Train: 39.31%, Valid: 40.31%, Test: 39.78%, Best Valid: 60.30%, Best Test: 58.75%
Epoch: 1000, Loss: 1.1201, Train: 43.62%, Valid: 43.16%, Test: 41.44%, Best Valid: 60.30%, Best Test: 58.75%
Run 03:
Highest Train: 61.90
Highest Valid: 60.30
Highest Test: 58.75
Chosen epoch: 193
Final Train: 61.90
Final Test: 58.75
Label budget: 2/class -> 20 train nodes
Pre-training MLP for 500 epochs to generate co-occurrence matrix...
MLP pre-training complete. Penalty matrix frozen.
Epoch: 00, Loss: 4.3830, Train: 10.17%, Valid: 9.48%, Test: 9.44%, Best Valid: 9.48%, Best Test: 9.44%
Switching Polynormer to global attention phase.
Epoch: 100, Loss: 4.2161, Train: 3.45%, Valid: 3.68%, Test: 3.73%, Best Valid: 45.24%, Best Test: 45.70%
Epoch: 200, Loss: 0.8190, Train: 41.03%, Valid: 37.79%, Test: 36.81%, Best Valid: 49.03%, Best Test: 49.00%
Epoch: 300, Loss: 0.3936, Train: 43.45%, Valid: 40.65%, Test: 39.15%, Best Valid: 49.03%, Best Test: 49.00%
Epoch: 400, Loss: 0.7913, Train: 42.24%, Valid: 38.72%, Test: 37.75%, Best Valid: 49.03%, Best Test: 49.00%
Epoch: 500, Loss: 0.3293, Train: 42.93%, Valid: 40.20%, Test: 40.00%, Best Valid: 49.03%, Best Test: 49.00%
Epoch: 600, Loss: 0.9677, Train: 31.38%, Valid: 27.87%, Test: 27.84%, Best Valid: 49.03%, Best Test: 49.00%
Epoch: 700, Loss: 0.2227, Train: 42.59%, Valid: 38.64%, Test: 38.46%, Best Valid: 49.03%, Best Test: 49.00%
Epoch: 800, Loss: 0.3551, Train: 37.59%, Valid: 33.01%, Test: 32.38%, Best Valid: 49.03%, Best Test: 49.00%
Epoch: 900, Loss: 0.7007, Train: 37.59%, Valid: 34.87%, Test: 33.62%, Best Valid: 49.03%, Best Test: 49.00%
Epoch: 1000, Loss: 1.9348, Train: 34.48%, Valid: 32.04%, Test: 31.35%, Best Valid: 49.03%, Best Test: 49.00%
Run 04:
Highest Train: 53.28
Highest Valid: 49.03
Highest Test: 49.00
Chosen epoch: 172
Final Train: 53.28
Final Test: 49.00
Label budget: 2/class -> 20 train nodes
Pre-training MLP for 500 epochs to generate co-occurrence matrix...
MLP pre-training complete. Penalty matrix frozen.
Epoch: 00, Loss: 5.4080, Train: 11.38%, Valid: 13.58%, Test: 13.39%, Best Valid: 13.58%, Best Test: 13.39%
Switching Polynormer to global attention phase.
Epoch: 100, Loss: 4.1060, Train: 8.10%, Valid: 9.35%, Test: 9.70%, Best Valid: 39.74%, Best Test: 39.29%
Epoch: 200, Loss: 0.4546, Train: 34.66%, Valid: 34.40%, Test: 33.45%, Best Valid: 42.87%, Best Test: 43.29%
Epoch: 300, Loss: 0.9841, Train: 34.83%, Valid: 34.95%, Test: 33.88%, Best Valid: 43.06%, Best Test: 41.99%
Epoch: 400, Loss: 0.6009, Train: 38.45%, Valid: 37.47%, Test: 37.28%, Best Valid: 43.06%, Best Test: 41.99%
Epoch: 500, Loss: 0.0301, Train: 36.21%, Valid: 37.01%, Test: 36.48%, Best Valid: 43.06%, Best Test: 41.99%
Epoch: 600, Loss: 0.0220, Train: 37.76%, Valid: 38.45%, Test: 37.80%, Best Valid: 48.07%, Best Test: 48.06%
Epoch: 700, Loss: 0.0644, Train: 42.41%, Valid: 42.47%, Test: 41.92%, Best Valid: 48.07%, Best Test: 48.06%
Epoch: 800, Loss: 0.3173, Train: 41.21%, Valid: 40.92%, Test: 40.89%, Best Valid: 48.07%, Best Test: 48.06%
Epoch: 900, Loss: 0.0000, Train: 37.93%, Valid: 39.34%, Test: 38.70%, Best Valid: 48.07%, Best Test: 48.06%
Epoch: 1000, Loss: 0.0004, Train: 35.52%, Valid: 36.41%, Test: 35.45%, Best Valid: 48.07%, Best Test: 48.06%
Run 05:
Highest Train: 50.00
Highest Valid: 48.07
Highest Test: 48.06
Chosen epoch: 591
Final Train: 50.00
Final Test: 48.06
Label budget: 2/class -> 20 train nodes
Pre-training MLP for 500 epochs to generate co-occurrence matrix...
MLP pre-training complete. Penalty matrix frozen.
Epoch: 00, Loss: 5.4304, Train: 9.83%, Valid: 11.81%, Test: 11.30%, Best Valid: 11.81%, Best Test: 11.30%
Switching Polynormer to global attention phase.
Epoch: 100, Loss: 4.2109, Train: 12.24%, Valid: 12.15%, Test: 12.18%, Best Valid: 43.27%, Best Test: 42.45%
Epoch: 200, Loss: 1.0369, Train: 47.24%, Valid: 45.01%, Test: 43.92%, Best Valid: 46.78%, Best Test: 46.66%
Epoch: 300, Loss: 0.0233, Train: 47.24%, Valid: 45.71%, Test: 44.71%, Best Valid: 51.08%, Best Test: 49.53%
Epoch: 400, Loss: 0.0333, Train: 45.52%, Valid: 46.04%, Test: 46.07%, Best Valid: 53.72%, Best Test: 52.83%
Epoch: 500, Loss: 0.0398, Train: 50.86%, Valid: 49.66%, Test: 49.36%, Best Valid: 53.72%, Best Test: 52.83%
Epoch: 600, Loss: 0.0003, Train: 55.52%, Valid: 54.13%, Test: 54.23%, Best Valid: 54.93%, Best Test: 54.83%
Epoch: 700, Loss: 0.1371, Train: 51.55%, Valid: 48.56%, Test: 48.91%, Best Valid: 55.42%, Best Test: 55.43%
Epoch: 800, Loss: 0.0514, Train: 51.72%, Valid: 50.91%, Test: 50.47%, Best Valid: 55.42%, Best Test: 55.43%
Epoch: 900, Loss: 0.0537, Train: 50.52%, Valid: 48.75%, Test: 48.06%, Best Valid: 55.42%, Best Test: 55.43%
Epoch: 1000, Loss: 0.0174, Train: 50.69%, Valid: 47.93%, Test: 47.67%, Best Valid: 55.42%, Best Test: 55.43%
Run 06:
Highest Train: 57.41
Highest Valid: 55.93
Highest Test: 55.46
Chosen epoch: 1090
Final Train: 56.72
Final Test: 55.09
Label budget: 2/class -> 20 train nodes
Pre-training MLP for 500 epochs to generate co-occurrence matrix...
MLP pre-training complete. Penalty matrix frozen.
Epoch: 00, Loss: 4.5328, Train: 7.41%, Valid: 7.91%, Test: 8.62%, Best Valid: 7.91%, Best Test: 8.62%
Switching Polynormer to global attention phase.
Epoch: 100, Loss: 4.1310, Train: 19.31%, Valid: 19.38%, Test: 19.12%, Best Valid: 54.82%, Best Test: 55.09%
Epoch: 200, Loss: 0.5580, Train: 51.21%, Valid: 47.35%, Test: 47.36%, Best Valid: 61.45%, Best Test: 60.30%
Epoch: 300, Loss: 0.1622, Train: 62.76%, Valid: 57.96%, Test: 57.12%, Best Valid: 61.45%, Best Test: 60.30%
Epoch: 400, Loss: 0.3035, Train: 61.72%, Valid: 57.98%, Test: 57.82%, Best Valid: 61.45%, Best Test: 60.30%
Epoch: 500, Loss: 0.5436, Train: 60.69%, Valid: 57.98%, Test: 57.96%, Best Valid: 64.75%, Best Test: 64.27%
Epoch: 600, Loss: 0.3662, Train: 61.55%, Valid: 57.02%, Test: 57.05%, Best Valid: 64.77%, Best Test: 64.46%
Epoch: 700, Loss: 0.2979, Train: 64.31%, Valid: 61.87%, Test: 61.43%, Best Valid: 64.77%, Best Test: 64.46%
Epoch: 800, Loss: 0.0455, Train: 59.83%, Valid: 56.45%, Test: 57.23%, Best Valid: 64.77%, Best Test: 64.46%
Epoch: 900, Loss: 0.0045, Train: 61.90%, Valid: 58.04%, Test: 57.67%, Best Valid: 64.77%, Best Test: 64.46%
Epoch: 1000, Loss: 0.8711, Train: 54.83%, Valid: 52.50%, Test: 53.02%, Best Valid: 64.77%, Best Test: 64.46%
Run 07:
Highest Train: 69.14
Highest Valid: 64.77
Highest Test: 64.55
Chosen epoch: 527
Final Train: 68.97
Final Test: 64.46
Label budget: 2/class -> 20 train nodes
Pre-training MLP for 500 epochs to generate co-occurrence matrix...
MLP pre-training complete. Penalty matrix frozen.
Epoch: 00, Loss: 4.3525, Train: 21.72%, Valid: 19.85%, Test: 19.62%, Best Valid: 19.85%, Best Test: 19.62%
Switching Polynormer to global attention phase.
Epoch: 100, Loss: 4.2719, Train: 16.38%, Valid: 18.15%, Test: 17.41%, Best Valid: 39.50%, Best Test: 39.22%
Epoch: 200, Loss: 3.0745, Train: 24.48%, Valid: 23.63%, Test: 24.25%, Best Valid: 39.50%, Best Test: 39.22%
Epoch: 300, Loss: 1.4156, Train: 31.21%, Valid: 31.48%, Test: 31.55%, Best Valid: 39.50%, Best Test: 39.22%
Epoch: 400, Loss: 0.5792, Train: 30.17%, Valid: 28.40%, Test: 27.74%, Best Valid: 40.39%, Best Test: 39.92%
Epoch: 500, Loss: 0.4594, Train: 35.86%, Valid: 35.57%, Test: 34.91%, Best Valid: 42.72%, Best Test: 42.77%
Epoch: 600, Loss: 1.5276, Train: 42.07%, Valid: 40.44%, Test: 39.68%, Best Valid: 43.48%, Best Test: 43.05%
Epoch: 700, Loss: 0.5398, Train: 33.79%, Valid: 33.98%, Test: 34.36%, Best Valid: 43.48%, Best Test: 43.05%
Epoch: 800, Loss: 0.5376, Train: 38.28%, Valid: 39.27%, Test: 38.12%, Best Valid: 43.48%, Best Test: 43.05%
Epoch: 900, Loss: 0.4352, Train: 37.59%, Valid: 37.33%, Test: 37.40%, Best Valid: 46.19%, Best Test: 46.11%
Epoch: 1000, Loss: 0.0126, Train: 39.31%, Valid: 38.76%, Test: 37.87%, Best Valid: 46.19%, Best Test: 46.11%
Run 08:
Highest Train: 47.41
Highest Valid: 46.19
Highest Test: 46.11
Chosen epoch: 877
Final Train: 47.41
Final Test: 46.11
Label budget: 2/class -> 20 train nodes
Pre-training MLP for 500 epochs to generate co-occurrence matrix...
MLP pre-training complete. Penalty matrix frozen.
Epoch: 00, Loss: 4.9939, Train: 3.79%, Valid: 4.61%, Test: 4.99%, Best Valid: 4.61%, Best Test: 4.99%
Switching Polynormer to global attention phase.
Epoch: 100, Loss: 4.1681, Train: 12.24%, Valid: 12.15%, Test: 12.18%, Best Valid: 39.14%, Best Test: 39.18%
Epoch: 200, Loss: 0.8667, Train: 27.41%, Valid: 25.84%, Test: 26.87%, Best Valid: 45.96%, Best Test: 45.75%
Epoch: 300, Loss: 0.3751, Train: 40.52%, Valid: 37.98%, Test: 37.75%, Best Valid: 46.99%, Best Test: 46.13%
Epoch: 400, Loss: 0.0247, Train: 45.86%, Valid: 44.99%, Test: 43.95%, Best Valid: 46.99%, Best Test: 46.13%
Epoch: 500, Loss: 0.0016, Train: 41.03%, Valid: 37.81%, Test: 38.22%, Best Valid: 46.99%, Best Test: 46.13%
Epoch: 600, Loss: 0.0134, Train: 50.00%, Valid: 47.65%, Test: 47.05%, Best Valid: 47.93%, Best Test: 47.36%
Epoch: 700, Loss: 0.0030, Train: 50.00%, Valid: 44.46%, Test: 45.01%, Best Valid: 51.86%, Best Test: 51.68%
Epoch: 800, Loss: 0.1246, Train: 41.72%, Valid: 38.24%, Test: 37.87%, Best Valid: 51.86%, Best Test: 51.68%
Epoch: 900, Loss: 0.0012, Train: 43.62%, Valid: 41.73%, Test: 41.25%, Best Valid: 51.86%, Best Test: 51.68%
Epoch: 1000, Loss: 0.0001, Train: 45.86%, Valid: 43.29%, Test: 42.50%, Best Valid: 51.86%, Best Test: 51.68%
Run 09:
Highest Train: 55.34
Highest Valid: 51.86
Highest Test: 51.68
Chosen epoch: 681
Final Train: 55.34
Final Test: 51.68
Label budget: 2/class -> 20 train nodes
Pre-training MLP for 500 epochs to generate co-occurrence matrix...
MLP pre-training complete. Penalty matrix frozen.
Epoch: 00, Loss: 4.6100, Train: 16.55%, Valid: 18.07%, Test: 17.26%, Best Valid: 18.07%, Best Test: 17.26%
Switching Polynormer to global attention phase.
Epoch: 100, Loss: 4.1547, Train: 16.55%, Valid: 16.51%, Test: 16.52%, Best Valid: 48.27%, Best Test: 48.88%
Epoch: 200, Loss: 0.6737, Train: 44.66%, Valid: 40.01%, Test: 40.33%, Best Valid: 48.50%, Best Test: 48.32%
Epoch: 300, Loss: 0.2848, Train: 43.45%, Valid: 41.11%, Test: 41.95%, Best Valid: 54.68%, Best Test: 54.69%
Epoch: 400, Loss: 0.4438, Train: 51.21%, Valid: 48.16%, Test: 49.41%, Best Valid: 54.68%, Best Test: 54.69%
Epoch: 500, Loss: 0.5253, Train: 52.41%, Valid: 48.39%, Test: 48.97%, Best Valid: 54.68%, Best Test: 54.69%
Epoch: 600, Loss: 0.0149, Train: 49.66%, Valid: 48.12%, Test: 48.74%, Best Valid: 54.68%, Best Test: 54.69%
Epoch: 700, Loss: 0.0243, Train: 48.28%, Valid: 45.96%, Test: 46.52%, Best Valid: 54.68%, Best Test: 54.69%
Epoch: 800, Loss: 0.0011, Train: 51.21%, Valid: 47.82%, Test: 48.44%, Best Valid: 54.68%, Best Test: 54.69%
Epoch: 900, Loss: 0.0188, Train: 46.38%, Valid: 42.93%, Test: 43.15%, Best Valid: 54.68%, Best Test: 54.69%
Epoch: 1000, Loss: 0.1591, Train: 45.17%, Valid: 42.62%, Test: 43.54%, Best Valid: 54.68%, Best Test: 54.69%
Run 10:
Highest Train: 58.45
Highest Valid: 54.68
Highest Test: 54.69
Chosen epoch: 205
Final Train: 58.45
Final Test: 54.69
All runs:
Highest Train: 56.88 ± 6.46
Highest Test: 53.95 ± 5.79
Highest Valid: 54.43 ± 6.12
  Final Train: 56.60 ± 6.44
   Final Test: 53.90 ± 5.76
Saving results to ../results/lowlabel/wikics/polynormer.csv
--- mlp_reg | lambda=1.6 ---
Namespace(aggregate='add', alpha=0.5, attention='gcn', beta=-1.0, bn=False, budget_tag='2', count_reg=False, count_smoothing=1.0, cpu=False, data_dir='../data/', dataset='wikics', device=0, dim_inner=512, display_step=100, dropout=0.5, epochs=500, global_dropout=None, global_epochs=1000, global_layers=2, gnn='gcn', graph_weight=0.8, hidden_channels=512, hops=10, in_dropout=0.5, jk=False, label_num_per_class=20, lambda_val=1.6, layers=1, ln=False, local_epochs=100, local_gnn_type='GCN', local_layers=7, lr=0.001, metric='acc', mlp_epochs=500, mlp_reg=True, model='polynormer', model_dir='models/lowlabel_1161133_277', n_heads=1, num_centroids=4096, num_heads=1, oracle_reg=False, paired_seeds=True, pe_types='RWSE', penalty_transform='none', pre_linear=False, pre_ln=False, rand_split=False, rand_split_class=False, reg_start_epoch=10, reg_update_freq=5, res=False, resample_split_per_run=False, result_dir='../results/lowlabel', runs=10, save_model=True, save_result=False, seed=42, test_num=1000, tr_dropout=None, tr_layers=1, tr_weight_decay=None, train_per_class=2, train_prop=0.5, use_act=False, use_bn=False, use_graph=False, use_reg=True, use_residual=False, use_weight=False, valid_num=500, valid_per_class=0, valid_prop=0.25, weight_decay=0.0)
wikics
dataset wikics | num nodes 11701 | num edge 431726 | num node feats 300 | num classes 10
MODEL: Polynormer(
  (h_lins): ModuleList(
    (0): Linear(in_features=512, out_features=512, bias=True)
    (1): Linear(in_features=512, out_features=512, bias=True)
    (2): Linear(in_features=512, out_features=512, bias=True)
    (3): Linear(in_features=512, out_features=512, bias=True)
    (4): Linear(in_features=512, out_features=512, bias=True)
    (5): Linear(in_features=512, out_features=512, bias=True)
    (6): Linear(in_features=512, out_features=512, bias=True)
  )
  (local_convs): ModuleList(
    (0): GATConv(512, 512, heads=1)
    (1): GATConv(512, 512, heads=1)
    (2): GATConv(512, 512, heads=1)
    (3): GATConv(512, 512, heads=1)
    (4): GATConv(512, 512, heads=1)
    (5): GATConv(512, 512, heads=1)
    (6): GATConv(512, 512, heads=1)
  )
  (lins): ModuleList(
    (0): Linear(in_features=512, out_features=512, bias=True)
    (1): Linear(in_features=512, out_features=512, bias=True)
    (2): Linear(in_features=512, out_features=512, bias=True)
    (3): Linear(in_features=512, out_features=512, bias=True)
    (4): Linear(in_features=512, out_features=512, bias=True)
    (5): Linear(in_features=512, out_features=512, bias=True)
    (6): Linear(in_features=512, out_features=512, bias=True)
  )
  (lns): ModuleList(
    (0): LayerNorm((512,), eps=1e-05, elementwise_affine=True)
    (1): LayerNorm((512,), eps=1e-05, elementwise_affine=True)
    (2): LayerNorm((512,), eps=1e-05, elementwise_affine=True)
    (3): LayerNorm((512,), eps=1e-05, elementwise_affine=True)
    (4): LayerNorm((512,), eps=1e-05, elementwise_affine=True)
    (5): LayerNorm((512,), eps=1e-05, elementwise_affine=True)
    (6): LayerNorm((512,), eps=1e-05, elementwise_affine=True)
  )
  (lin_in): Linear(in_features=300, out_features=512, bias=True)
  (ln): LayerNorm((512,), eps=1e-05, elementwise_affine=True)
  (global_attn): GlobalAttn(
    (h_lins): ModuleList(
      (0): Linear(in_features=512, out_features=512, bias=True)
      (1): Linear(in_features=512, out_features=512, bias=True)
    )
    (k_lins): ModuleList(
      (0): Linear(in_features=512, out_features=512, bias=True)
      (1): Linear(in_features=512, out_features=512, bias=True)
    )
    (v_lins): ModuleList(
      (0): Linear(in_features=512, out_features=512, bias=True)
      (1): Linear(in_features=512, out_features=512, bias=True)
    )
    (lns): ModuleList(
      (0): LayerNorm((512,), eps=1e-05, elementwise_affine=True)
      (1): LayerNorm((512,), eps=1e-05, elementwise_affine=True)
    )
    (lin_out): Linear(in_features=512, out_features=512, bias=True)
  )
  (pred_local): Linear(in_features=512, out_features=10, bias=True)
  (pred_global): Linear(in_features=512, out_features=10, bias=True)
)
Label budget: 2/class -> 20 train nodes
Pre-training MLP for 500 epochs to generate co-occurrence matrix...
MLP pre-training complete. Penalty matrix frozen.
Epoch: 00, Loss: 7.0026, Train: 6.03%, Valid: 4.97%, Test: 4.63%, Best Valid: 4.97%, Best Test: 4.63%
Switching Polynormer to global attention phase.
Epoch: 100, Loss: 5.9918, Train: 6.72%, Valid: 6.66%, Test: 6.67%, Best Valid: 36.31%, Best Test: 35.66%
Epoch: 200, Loss: 1.1998, Train: 32.59%, Valid: 31.87%, Test: 31.93%, Best Valid: 37.16%, Best Test: 36.53%
Epoch: 300, Loss: 0.7835, Train: 35.00%, Valid: 36.71%, Test: 35.42%, Best Valid: 39.31%, Best Test: 38.11%
Epoch: 400, Loss: 0.0356, Train: 39.66%, Valid: 39.02%, Test: 38.67%, Best Valid: 39.31%, Best Test: 38.11%
Epoch: 500, Loss: 0.0161, Train: 41.90%, Valid: 42.15%, Test: 41.25%, Best Valid: 47.95%, Best Test: 47.07%
Epoch: 600, Loss: 0.0037, Train: 43.28%, Valid: 41.92%, Test: 41.49%, Best Valid: 49.68%, Best Test: 48.42%
Epoch: 700, Loss: 0.0010, Train: 43.10%, Valid: 41.35%, Test: 41.22%, Best Valid: 49.68%, Best Test: 48.42%
Epoch: 800, Loss: 1.1760, Train: 39.48%, Valid: 38.21%, Test: 37.87%, Best Valid: 49.68%, Best Test: 48.42%
Epoch: 900, Loss: 0.0111, Train: 40.52%, Valid: 40.31%, Test: 40.17%, Best Valid: 49.68%, Best Test: 48.42%
Epoch: 1000, Loss: 0.0048, Train: 41.03%, Valid: 41.68%, Test: 41.63%, Best Valid: 49.68%, Best Test: 48.42%
Run 01:
Highest Train: 49.31
Highest Valid: 49.68
Highest Test: 48.47
Chosen epoch: 538
Final Train: 47.93
Final Test: 48.42
Label budget: 2/class -> 20 train nodes
Pre-training MLP for 500 epochs to generate co-occurrence matrix...
MLP pre-training complete. Penalty matrix frozen.
Epoch: 00, Loss: 7.7612, Train: 13.10%, Valid: 13.33%, Test: 13.90%, Best Valid: 13.33%, Best Test: 13.90%
Switching Polynormer to global attention phase.
Epoch: 100, Loss: 5.9458, Train: 16.55%, Valid: 16.51%, Test: 16.52%, Best Valid: 47.55%, Best Test: 45.70%
Epoch: 200, Loss: 1.3839, Train: 35.52%, Valid: 35.23%, Test: 33.81%, Best Valid: 47.55%, Best Test: 45.70%
Epoch: 300, Loss: 0.8671, Train: 36.90%, Valid: 37.73%, Test: 36.81%, Best Valid: 47.55%, Best Test: 45.70%
Epoch: 400, Loss: 0.7383, Train: 37.41%, Valid: 36.63%, Test: 35.32%, Best Valid: 47.55%, Best Test: 45.70%
Epoch: 500, Loss: 0.0453, Train: 39.31%, Valid: 37.90%, Test: 36.12%, Best Valid: 47.55%, Best Test: 45.70%
Epoch: 600, Loss: 0.0209, Train: 38.45%, Valid: 37.98%, Test: 36.26%, Best Valid: 47.55%, Best Test: 45.70%
Epoch: 700, Loss: 0.1163, Train: 46.38%, Valid: 45.05%, Test: 43.34%, Best Valid: 47.55%, Best Test: 45.70%
Epoch: 800, Loss: 0.8503, Train: 38.28%, Valid: 38.68%, Test: 36.99%, Best Valid: 47.55%, Best Test: 45.70%
Epoch: 900, Loss: 1.7707, Train: 41.21%, Valid: 41.11%, Test: 38.99%, Best Valid: 47.55%, Best Test: 45.70%
Epoch: 1000, Loss: 0.0323, Train: 47.07%, Valid: 47.61%, Test: 45.61%, Best Valid: 47.61%, Best Test: 45.61%
Run 02:
Highest Train: 51.03
Highest Valid: 50.04
Highest Test: 48.11
Chosen epoch: 1007
Final Train: 50.86
Final Test: 47.92
Label budget: 2/class -> 20 train nodes
Pre-training MLP for 500 epochs to generate co-occurrence matrix...
MLP pre-training complete. Penalty matrix frozen.
Epoch: 00, Loss: 7.5653, Train: 5.52%, Valid: 5.33%, Test: 5.20%, Best Valid: 5.33%, Best Test: 5.20%
Switching Polynormer to global attention phase.
Epoch: 100, Loss: 6.1358, Train: 8.97%, Valid: 8.93%, Test: 8.57%, Best Valid: 45.66%, Best Test: 44.59%
Epoch: 200, Loss: 0.6785, Train: 40.34%, Valid: 39.69%, Test: 38.09%, Best Valid: 47.16%, Best Test: 44.23%
Epoch: 300, Loss: 0.3047, Train: 38.97%, Valid: 41.88%, Test: 40.57%, Best Valid: 47.84%, Best Test: 46.28%
Epoch: 400, Loss: 0.0009, Train: 37.59%, Valid: 36.90%, Test: 35.97%, Best Valid: 47.84%, Best Test: 46.28%
Epoch: 500, Loss: 0.0003, Train: 39.48%, Valid: 41.33%, Test: 39.11%, Best Valid: 47.84%, Best Test: 46.28%
Epoch: 600, Loss: 0.0002, Train: 46.03%, Valid: 43.61%, Test: 43.10%, Best Valid: 47.84%, Best Test: 46.28%
Epoch: 700, Loss: 0.8844, Train: 40.69%, Valid: 40.78%, Test: 39.18%, Best Valid: 47.84%, Best Test: 46.28%
Epoch: 800, Loss: 0.0010, Train: 40.52%, Valid: 40.82%, Test: 38.75%, Best Valid: 47.84%, Best Test: 46.28%
Epoch: 900, Loss: 0.0002, Train: 40.69%, Valid: 41.15%, Test: 38.94%, Best Valid: 47.84%, Best Test: 46.28%
Epoch: 1000, Loss: 0.0000, Train: 41.21%, Valid: 41.16%, Test: 38.75%, Best Valid: 47.84%, Best Test: 46.28%
Run 03:
Highest Train: 51.21
Highest Valid: 47.84
Highest Test: 46.28
Chosen epoch: 205
Final Train: 51.21
Final Test: 46.28
Label budget: 2/class -> 20 train nodes
Pre-training MLP for 500 epochs to generate co-occurrence matrix...
MLP pre-training complete. Penalty matrix frozen.
Epoch: 00, Loss: 6.3310, Train: 15.17%, Valid: 15.62%, Test: 15.61%, Best Valid: 15.62%, Best Test: 15.61%
Switching Polynormer to global attention phase.
Epoch: 100, Loss: 6.2177, Train: 18.28%, Valid: 18.34%, Test: 18.39%, Best Valid: 43.10%, Best Test: 42.69%
Epoch: 200, Loss: 1.3547, Train: 26.55%, Valid: 22.49%, Test: 21.99%, Best Valid: 43.10%, Best Test: 42.69%
Epoch: 300, Loss: 0.2788, Train: 35.69%, Valid: 31.66%, Test: 31.40%, Best Valid: 43.10%, Best Test: 42.69%
Epoch: 400, Loss: 0.5630, Train: 35.00%, Valid: 32.39%, Test: 31.50%, Best Valid: 43.10%, Best Test: 42.69%
Epoch: 500, Loss: 0.3594, Train: 34.14%, Valid: 31.30%, Test: 30.48%, Best Valid: 43.10%, Best Test: 42.69%
Epoch: 600, Loss: 0.0100, Train: 36.72%, Valid: 36.04%, Test: 35.57%, Best Valid: 43.10%, Best Test: 42.69%
Epoch: 700, Loss: 0.7502, Train: 46.90%, Valid: 44.58%, Test: 43.83%, Best Valid: 44.79%, Best Test: 44.45%
Epoch: 800, Loss: 0.0652, Train: 40.17%, Valid: 38.13%, Test: 37.47%, Best Valid: 48.81%, Best Test: 47.07%
Epoch: 900, Loss: 0.2024, Train: 44.31%, Valid: 41.98%, Test: 40.58%, Best Valid: 48.81%, Best Test: 47.07%
Epoch: 1000, Loss: 0.4297, Train: 41.55%, Valid: 38.24%, Test: 37.49%, Best Valid: 48.81%, Best Test: 47.07%
Run 04:
Highest Train: 51.38
Highest Valid: 48.81
Highest Test: 47.48
Chosen epoch: 762
Final Train: 49.66
Final Test: 47.07
Label budget: 2/class -> 20 train nodes
Pre-training MLP for 500 epochs to generate co-occurrence matrix...
MLP pre-training complete. Penalty matrix frozen.
Epoch: 00, Loss: 7.8115, Train: 11.55%, Valid: 14.88%, Test: 14.02%, Best Valid: 14.88%, Best Test: 14.02%
Switching Polynormer to global attention phase.
Epoch: 100, Loss: 5.9207, Train: 12.24%, Valid: 12.15%, Test: 12.18%, Best Valid: 29.50%, Best Test: 28.32%
Epoch: 200, Loss: 2.8494, Train: 27.24%, Valid: 24.61%, Test: 23.70%, Best Valid: 29.81%, Best Test: 28.56%
Epoch: 300, Loss: 0.6122, Train: 33.10%, Valid: 29.50%, Test: 27.59%, Best Valid: 31.42%, Best Test: 28.63%
Epoch: 400, Loss: 0.0126, Train: 32.07%, Valid: 31.65%, Test: 30.60%, Best Valid: 35.95%, Best Test: 34.45%
Epoch: 500, Loss: 0.7604, Train: 28.28%, Valid: 28.65%, Test: 26.89%, Best Valid: 35.95%, Best Test: 34.45%
Epoch: 600, Loss: 1.0115, Train: 29.83%, Valid: 30.57%, Test: 29.60%, Best Valid: 37.47%, Best Test: 35.52%
Epoch: 700, Loss: 0.7434, Train: 36.03%, Valid: 36.58%, Test: 35.18%, Best Valid: 37.47%, Best Test: 35.52%
Epoch: 800, Loss: 1.0144, Train: 30.86%, Valid: 31.02%, Test: 30.51%, Best Valid: 38.79%, Best Test: 36.92%
Epoch: 900, Loss: 0.3073, Train: 29.66%, Valid: 28.88%, Test: 27.60%, Best Valid: 38.79%, Best Test: 36.92%
Epoch: 1000, Loss: 0.2680, Train: 26.90%, Valid: 26.36%, Test: 25.72%, Best Valid: 38.79%, Best Test: 36.92%
Run 05:
Highest Train: 41.55
Highest Valid: 38.79
Highest Test: 36.92
Chosen epoch: 726
Final Train: 41.55
Final Test: 36.92
Label budget: 2/class -> 20 train nodes
Pre-training MLP for 500 epochs to generate co-occurrence matrix...
MLP pre-training complete. Penalty matrix frozen.
Epoch: 00, Loss: 7.8438, Train: 11.72%, Valid: 12.78%, Test: 13.03%, Best Valid: 12.78%, Best Test: 13.03%
Switching Polynormer to global attention phase.
Epoch: 100, Loss: 6.0044, Train: 18.45%, Valid: 18.37%, Test: 18.39%, Best Valid: 38.62%, Best Test: 37.35%
Epoch: 200, Loss: 3.1982, Train: 32.24%, Valid: 30.15%, Test: 29.74%, Best Valid: 38.62%, Best Test: 37.35%
Epoch: 300, Loss: 0.0585, Train: 38.45%, Valid: 36.71%, Test: 36.34%, Best Valid: 41.87%, Best Test: 41.41%
Epoch: 400, Loss: 3.7664, Train: 37.41%, Valid: 37.94%, Test: 36.82%, Best Valid: 42.21%, Best Test: 42.23%
Epoch: 500, Loss: 1.1013, Train: 40.86%, Valid: 38.53%, Test: 38.67%, Best Valid: 42.53%, Best Test: 42.16%
Epoch: 600, Loss: 1.0944, Train: 41.21%, Valid: 40.58%, Test: 39.66%, Best Valid: 44.48%, Best Test: 43.83%
Epoch: 700, Loss: 3.1165, Train: 40.86%, Valid: 39.14%, Test: 39.90%, Best Valid: 47.54%, Best Test: 47.32%
Epoch: 800, Loss: 0.0004, Train: 41.90%, Valid: 41.41%, Test: 41.03%, Best Valid: 47.54%, Best Test: 47.32%
Epoch: 900, Loss: 0.0005, Train: 44.66%, Valid: 42.78%, Test: 41.71%, Best Valid: 47.54%, Best Test: 47.32%
Epoch: 1000, Loss: 0.0008, Train: 45.86%, Valid: 44.24%, Test: 43.36%, Best Valid: 47.54%, Best Test: 47.32%
Run 06:
Highest Train: 50.69
Highest Valid: 48.88
Highest Test: 47.32
Chosen epoch: 1053
Final Train: 49.48
Final Test: 47.00
Label budget: 2/class -> 20 train nodes
Pre-training MLP for 500 epochs to generate co-occurrence matrix...
MLP pre-training complete. Penalty matrix frozen.
Epoch: 00, Loss: 6.5474, Train: 11.21%, Valid: 13.14%, Test: 12.98%, Best Valid: 13.14%, Best Test: 12.98%
Switching Polynormer to global attention phase.
Epoch: 100, Loss: 6.0351, Train: 18.45%, Valid: 18.39%, Test: 18.39%, Best Valid: 44.88%, Best Test: 45.48%
Epoch: 200, Loss: 4.3990, Train: 40.52%, Valid: 38.23%, Test: 38.52%, Best Valid: 45.34%, Best Test: 45.10%
Epoch: 300, Loss: 0.2962, Train: 44.66%, Valid: 38.53%, Test: 39.44%, Best Valid: 45.34%, Best Test: 45.10%
Epoch: 400, Loss: 0.3556, Train: 47.07%, Valid: 43.36%, Test: 43.63%, Best Valid: 46.30%, Best Test: 46.74%
Epoch: 500, Loss: 0.1631, Train: 46.38%, Valid: 41.49%, Test: 42.65%, Best Valid: 47.86%, Best Test: 48.25%
Epoch: 600, Loss: 0.6485, Train: 48.62%, Valid: 42.76%, Test: 43.01%, Best Valid: 47.86%, Best Test: 48.25%
Epoch: 700, Loss: 0.8766, Train: 55.34%, Valid: 50.47%, Test: 50.11%, Best Valid: 51.46%, Best Test: 50.85%
Epoch: 800, Loss: 0.7871, Train: 46.72%, Valid: 42.45%, Test: 41.95%, Best Valid: 52.16%, Best Test: 51.89%
Epoch: 900, Loss: 1.8678, Train: 39.31%, Valid: 34.72%, Test: 34.00%, Best Valid: 52.16%, Best Test: 51.89%
Epoch: 1000, Loss: 1.3538, Train: 43.45%, Valid: 39.27%, Test: 38.84%, Best Valid: 52.16%, Best Test: 51.89%
Run 07:
Highest Train: 57.93
Highest Valid: 52.16
Highest Test: 52.35
Chosen epoch: 702
Final Train: 57.07
Final Test: 51.89
Label budget: 2/class -> 20 train nodes
Pre-training MLP for 500 epochs to generate co-occurrence matrix...
MLP pre-training complete. Penalty matrix frozen.
Epoch: 00, Loss: 6.2869, Train: 23.97%, Valid: 24.31%, Test: 24.27%, Best Valid: 24.31%, Best Test: 24.27%
Switching Polynormer to global attention phase.
Epoch: 100, Loss: 6.1232, Train: 16.55%, Valid: 16.51%, Test: 16.52%, Best Valid: 35.00%, Best Test: 34.22%
Epoch: 200, Loss: 2.8651, Train: 28.97%, Valid: 27.15%, Test: 27.36%, Best Valid: 38.79%, Best Test: 38.34%
Epoch: 300, Loss: 1.4647, Train: 30.17%, Valid: 28.86%, Test: 29.38%, Best Valid: 47.65%, Best Test: 47.51%
Epoch: 400, Loss: 0.2694, Train: 42.41%, Valid: 41.64%, Test: 41.32%, Best Valid: 47.65%, Best Test: 47.51%
Epoch: 500, Loss: 1.2948, Train: 35.17%, Valid: 31.93%, Test: 31.73%, Best Valid: 47.65%, Best Test: 47.51%
Epoch: 600, Loss: 0.2771, Train: 46.03%, Valid: 43.06%, Test: 41.77%, Best Valid: 47.65%, Best Test: 47.51%
Epoch: 700, Loss: 1.8926, Train: 42.59%, Valid: 39.27%, Test: 39.25%, Best Valid: 47.65%, Best Test: 47.51%
Epoch: 800, Loss: 0.4137, Train: 47.41%, Valid: 44.25%, Test: 44.83%, Best Valid: 47.65%, Best Test: 47.51%
Epoch: 900, Loss: 2.5157, Train: 37.24%, Valid: 36.14%, Test: 35.88%, Best Valid: 47.65%, Best Test: 47.51%
Epoch: 1000, Loss: 0.6630, Train: 46.38%, Valid: 43.40%, Test: 43.36%, Best Valid: 47.65%, Best Test: 47.51%
Run 08:
Highest Train: 49.83
Highest Valid: 47.65
Highest Test: 47.51
Chosen epoch: 270
Final Train: 48.10
Final Test: 47.51
Label budget: 2/class -> 20 train nodes
Pre-training MLP for 500 epochs to generate co-occurrence matrix...
MLP pre-training complete. Penalty matrix frozen.
Epoch: 00, Loss: 7.2135, Train: 3.28%, Valid: 3.28%, Test: 3.32%, Best Valid: 3.28%, Best Test: 3.32%
Switching Polynormer to global attention phase.
Epoch: 100, Loss: 6.0364, Train: 12.24%, Valid: 12.15%, Test: 12.18%, Best Valid: 33.88%, Best Test: 34.84%
Epoch: 200, Loss: 1.0706, Train: 22.24%, Valid: 20.46%, Test: 21.07%, Best Valid: 33.88%, Best Test: 34.84%
Epoch: 300, Loss: 1.8011, Train: 30.00%, Valid: 26.94%, Test: 26.56%, Best Valid: 34.13%, Best Test: 34.48%
Epoch: 400, Loss: 0.7197, Train: 34.14%, Valid: 29.77%, Test: 30.24%, Best Valid: 39.65%, Best Test: 39.27%
Epoch: 500, Loss: 0.3361, Train: 40.69%, Valid: 33.22%, Test: 33.69%, Best Valid: 39.65%, Best Test: 39.27%
Epoch: 600, Loss: 1.4284, Train: 40.00%, Valid: 36.58%, Test: 36.63%, Best Valid: 43.10%, Best Test: 43.13%
Epoch: 700, Loss: 0.5846, Train: 27.59%, Valid: 23.72%, Test: 24.01%, Best Valid: 43.10%, Best Test: 43.13%
Epoch: 800, Loss: 0.1143, Train: 34.14%, Valid: 31.29%, Test: 31.54%, Best Valid: 43.10%, Best Test: 43.13%
Epoch: 900, Loss: 1.3642, Train: 32.59%, Valid: 30.47%, Test: 31.16%, Best Valid: 43.10%, Best Test: 43.13%
Epoch: 1000, Loss: 0.3733, Train: 41.55%, Valid: 37.66%, Test: 38.24%, Best Valid: 43.10%, Best Test: 43.13%
Run 09:
Highest Train: 47.07
Highest Valid: 43.10
Highest Test: 43.13
Chosen epoch: 548
Final Train: 46.21
Final Test: 43.13
Label budget: 2/class -> 20 train nodes
Pre-training MLP for 500 epochs to generate co-occurrence matrix...
MLP pre-training complete. Penalty matrix frozen.
Epoch: 00, Loss: 6.6589, Train: 16.03%, Valid: 16.33%, Test: 16.23%, Best Valid: 16.33%, Best Test: 16.23%
Switching Polynormer to global attention phase.
Epoch: 100, Loss: 5.9880, Train: 18.45%, Valid: 18.39%, Test: 18.40%, Best Valid: 43.42%, Best Test: 43.44%
Epoch: 200, Loss: 3.6919, Train: 31.38%, Valid: 28.69%, Test: 29.31%, Best Valid: 43.42%, Best Test: 43.44%
Epoch: 300, Loss: 0.8533, Train: 38.62%, Valid: 34.51%, Test: 35.18%, Best Valid: 43.42%, Best Test: 43.44%
Epoch: 400, Loss: 0.4015, Train: 42.59%, Valid: 38.04%, Test: 38.46%, Best Valid: 43.42%, Best Test: 43.44%
Epoch: 500, Loss: 0.1074, Train: 41.03%, Valid: 36.75%, Test: 37.69%, Best Valid: 43.42%, Best Test: 43.44%
Epoch: 600, Loss: 0.0193, Train: 41.21%, Valid: 37.43%, Test: 38.04%, Best Valid: 43.42%, Best Test: 43.44%
Epoch: 700, Loss: 0.2045, Train: 42.76%, Valid: 39.31%, Test: 39.39%, Best Valid: 44.56%, Best Test: 44.67%
Epoch: 800, Loss: 0.0330, Train: 52.07%, Valid: 46.45%, Test: 46.57%, Best Valid: 46.45%, Best Test: 46.57%
Epoch: 900, Loss: 0.6898, Train: 41.21%, Valid: 38.78%, Test: 38.55%, Best Valid: 48.37%, Best Test: 48.49%
Epoch: 1000, Loss: 0.1502, Train: 41.38%, Valid: 39.27%, Test: 39.42%, Best Valid: 52.77%, Best Test: 51.75%
Run 10:
Highest Train: 56.90
Highest Valid: 52.77
Highest Test: 52.49
Chosen epoch: 927
Final Train: 55.17
Final Test: 51.75
All runs:
Highest Train: 50.69 ± 4.61
Highest Test: 47.01 ± 4.47
Highest Valid: 47.97 ± 4.18
  Final Train: 49.72 ± 4.37
   Final Test: 46.79 ± 4.30
Saving results to ../results/lowlabel/wikics/polynormer.csv
Low-label sweep completed.
Task 277 done.
