Thu Aug 20 00:33:43 2026       
+-----------------------------------------------------------------------------------------+
| NVIDIA-SMI 580.159.04             Driver Version: 580.159.04     CUDA Version: 13.0     |
+-----------------------------------------+------------------------+----------------------+
| GPU  Name                 Persistence-M | Bus-Id          Disp.A | Volatile Uncorr. ECC |
| Fan  Temp   Perf          Pwr:Usage/Cap |           Memory-Usage | GPU-Util  Compute M. |
|                                         |                        |               MIG M. |
|=========================================+========================+======================|
|   0  NVIDIA A100-SXM4-80GB          On  |   00000000:01:00.0 Off |                   On |
| N/A   47C    P0            171W /  500W |    9070MiB /  81920MiB |     N/A      Default |
|                                         |                        |              Enabled |
+-----------------------------------------+------------------------+----------------------+
|   1  NVIDIA A100-SXM4-80GB          On  |   00000000:41:00.0 Off |                   On |
| N/A   47C    P0            204W /  500W |   14571MiB /  81920MiB |     N/A      Default |
|                                         |                        |              Enabled |
+-----------------------------------------+------------------------+----------------------+
|   2  NVIDIA A100-SXM4-80GB          On  |   00000000:81:00.0 Off |                   On |
| N/A   46C    P0            162W /  500W |    7602MiB /  81920MiB |     N/A      Default |
|                                         |                        |              Enabled |
+-----------------------------------------+------------------------+----------------------+
|   3  NVIDIA A100-SXM4-80GB          On  |   00000000:C1:00.0 Off |                   On |
| N/A   34C    P0            106W /  500W |    1178MiB /  81920MiB |     N/A      Default |
|                                         |                        |              Enabled |
+-----------------------------------------+------------------------+----------------------+

+-----------------------------------------------------------------------------------------+
| MIG devices:                                                                            |
+------------------+----------------------------------+-----------+-----------------------+
| GPU  GI  CI  MIG |              Shared Memory-Usage |        Vol|        Shared         |
|      ID  ID  Dev |                Shared BAR1-Usage | SM     Unc| CE ENC  DEC  OFA  JPG |
|                  |                                  |        ECC|                       |
|==================+==================================+===========+=======================|
|  3    5   0   0  |              71MiB / 19968MiB    | 28      0 |  2   0    1    0    0 |
|                  |               0MiB / 12271MiB    |           |                       |
+------------------+----------------------------------+-----------+-----------------------+

+-----------------------------------------------------------------------------------------+
| Processes:                                                                              |
|  GPU   GI   CI              PID   Type   Process name                        GPU Memory |
|        ID   ID                                                               Usage      |
|=========================================================================================|
|    0   13    0          1538661      C   ...ware/symmetrix-env/bin/python        346MiB |
|    0   14    0          1613193      C   ...ware/symmetrix-env/bin/python        508MiB |
|    0    5    0          1643686      C   python                                 7912MiB |
|    1   10    0          1051627      C   ...ware/symmetrix-env/bin/python        366MiB |
|    1    9    0          1051629      C   ...ware/symmetrix-env/bin/python        366MiB |
|    1    3    0          1730418      C   python                                 7872MiB |
|    1    2    0          1731877      C   python                                 5686MiB |
|    2    9    0          1051621      C   ...ware/symmetrix-env/bin/python        386MiB |
|    2   10    0          1051624      C   ...ware/symmetrix-env/bin/python        386MiB |
|    2    3    0          1710330      C   python                                 6526MiB |
+-----------------------------------------------------------------------------------------+
Cell: roman-empire / gcn / budget 5 per class / group 3
python main.py --gnn gcn --dataset roman-empire --pre_linear --hidden_channels 512 --epochs 2500 --lr 0.001 --runs 3 --local_layers 9 --weight_decay 0.0 --dropout 0.5 --device 0 --bn --res --runs 10 --train_per_class 5 --budget_tag 5
==========================================================
Low-label sweep: python main.py --gnn gcn --dataset roman-empire --pre_linear --hidden_channels 512 --epochs 2500 --lr 0.001 --runs 3 --local_layers 9 --weight_decay 0.0 --dropout 0.5 --device 0 --bn --res --runs 10 --train_per_class 5 --budget_tag 5
result_dir=results/lowlabel conditions=[oracle]
==========================================================
--- oracle_reg | lambda=0.01 ---
    (already completed — requeue resume, skipping)
--- oracle_reg | lambda=0.05 ---
    (already completed — requeue resume, skipping)
--- oracle_reg | lambda=0.1 ---
Namespace(bn=True, budget_tag='5', count_reg=False, count_smoothing=1.0, cpu=False, data_dir='./data/', dataset='roman-empire', device=0, display_step=100, dropout=0.5, epochs=2500, gnn='gcn', hidden_channels=512, jk=False, label_num_per_class=20, lambda_val=0.1, ln=False, local_layers=9, lr=0.001, metric='acc', mlp_epochs=500, mlp_reg=False, model='MPNN', model_dir='models', num_heads=1, oracle_reg=True, paired_seeds=True, penalty_transform='none', pre_linear=True, pre_ln=False, rand_split=False, rand_split_class=False, reg_start_epoch=10, reg_update_freq=5, res=True, resample_split_per_run=False, result_dir='results/lowlabel', runs=10, save_model=False, seed=42, test_num=1000, train_per_class=5, train_prop=0.5, use_reg=True, valid_num=500, valid_per_class=0, valid_prop=0.25, weight_decay=0.0)
roman-empire
dataset roman-empire | num nodes 22662 | num edge 32927 | num node feats 300 | num classes 18
MODEL: MPNNs(
  (h_lins): ModuleList()
  (local_convs): ModuleList(
    (0): GCNConv(512, 512)
    (1): GCNConv(512, 512)
    (2): GCNConv(512, 512)
    (3): GCNConv(512, 512)
    (4): GCNConv(512, 512)
    (5): GCNConv(512, 512)
    (6): GCNConv(512, 512)
    (7): GCNConv(512, 512)
    (8): GCNConv(512, 512)
  )
  (lins): ModuleList(
    (0): Linear(in_features=512, out_features=512, bias=True)
    (1): Linear(in_features=512, out_features=512, bias=True)
    (2): Linear(in_features=512, out_features=512, bias=True)
    (3): Linear(in_features=512, out_features=512, bias=True)
    (4): Linear(in_features=512, out_features=512, bias=True)
    (5): Linear(in_features=512, out_features=512, bias=True)
    (6): Linear(in_features=512, out_features=512, bias=True)
    (7): Linear(in_features=512, out_features=512, bias=True)
    (8): Linear(in_features=512, out_features=512, bias=True)
  )
  (lns): ModuleList(
    (0): LayerNorm((512,), eps=1e-05, elementwise_affine=True)
    (1): LayerNorm((512,), eps=1e-05, elementwise_affine=True)
    (2): LayerNorm((512,), eps=1e-05, elementwise_affine=True)
    (3): LayerNorm((512,), eps=1e-05, elementwise_affine=True)
    (4): LayerNorm((512,), eps=1e-05, elementwise_affine=True)
    (5): LayerNorm((512,), eps=1e-05, elementwise_affine=True)
    (6): LayerNorm((512,), eps=1e-05, elementwise_affine=True)
    (7): LayerNorm((512,), eps=1e-05, elementwise_affine=True)
    (8): LayerNorm((512,), eps=1e-05, elementwise_affine=True)
  )
  (bns): ModuleList(
    (0): BatchNorm1d(512, eps=1e-05, momentum=0.1, affine=True, track_running_stats=True)
    (1): BatchNorm1d(512, eps=1e-05, momentum=0.1, affine=True, track_running_stats=True)
    (2): BatchNorm1d(512, eps=1e-05, momentum=0.1, affine=True, track_running_stats=True)
    (3): BatchNorm1d(512, eps=1e-05, momentum=0.1, affine=True, track_running_stats=True)
    (4): BatchNorm1d(512, eps=1e-05, momentum=0.1, affine=True, track_running_stats=True)
    (5): BatchNorm1d(512, eps=1e-05, momentum=0.1, affine=True, track_running_stats=True)
    (6): BatchNorm1d(512, eps=1e-05, momentum=0.1, affine=True, track_running_stats=True)
    (7): BatchNorm1d(512, eps=1e-05, momentum=0.1, affine=True, track_running_stats=True)
    (8): BatchNorm1d(512, eps=1e-05, momentum=0.1, affine=True, track_running_stats=True)
  )
  (lin_in): Linear(in_features=300, out_features=512, bias=True)
  (pred_local): Linear(in_features=512, out_features=18, bias=True)
)
Label budget: 5/class -> 90 train nodes
Computing oracle penalty matrix from true labels...
Oracle penalty matrix frozen.
Epoch: 00, Loss: 3.4164, Train: 4.17%, Valid: 4.17%, Test: 4.17%, Best Valid: 4.17%, Best Test: 4.17%
Epoch: 100, Loss: 0.4086, Train: 8.34%, Valid: 7.40%, Test: 7.91%, Best Valid: 7.40%, Best Test: 7.91%
Epoch: 200, Loss: 0.0208, Train: 12.31%, Valid: 10.80%, Test: 11.90%, Best Valid: 11.12%, Best Test: 11.44%
Epoch: 300, Loss: 0.0049, Train: 12.20%, Valid: 10.94%, Test: 11.30%, Best Valid: 11.60%, Best Test: 11.60%
Epoch: 400, Loss: 0.0072, Train: 12.22%, Valid: 11.76%, Test: 12.12%, Best Valid: 13.84%, Best Test: 14.42%
Epoch: 500, Loss: 0.0029, Train: 12.98%, Valid: 11.90%, Test: 12.18%, Best Valid: 13.84%, Best Test: 14.42%
Epoch: 600, Loss: 0.0080, Train: 13.29%, Valid: 12.36%, Test: 12.99%, Best Valid: 13.84%, Best Test: 14.42%
Epoch: 700, Loss: 0.1240, Train: 13.30%, Valid: 12.22%, Test: 12.51%, Best Valid: 13.84%, Best Test: 14.42%
Epoch: 800, Loss: 0.0865, Train: 11.75%, Valid: 11.56%, Test: 11.22%, Best Valid: 14.26%, Best Test: 14.70%
Epoch: 900, Loss: 0.0238, Train: 13.56%, Valid: 13.20%, Test: 12.85%, Best Valid: 14.46%, Best Test: 13.93%
Epoch: 1000, Loss: 0.0026, Train: 11.90%, Valid: 11.69%, Test: 11.40%, Best Valid: 14.46%, Best Test: 13.93%
Epoch: 1100, Loss: 0.0014, Train: 13.19%, Valid: 12.60%, Test: 12.18%, Best Valid: 14.46%, Best Test: 13.93%
Epoch: 1200, Loss: 0.0005, Train: 13.09%, Valid: 12.66%, Test: 12.67%, Best Valid: 14.46%, Best Test: 13.93%
Epoch: 1300, Loss: 0.0003, Train: 13.22%, Valid: 12.52%, Test: 12.39%, Best Valid: 14.46%, Best Test: 13.93%
Epoch: 1400, Loss: 0.0007, Train: 11.83%, Valid: 11.33%, Test: 10.78%, Best Valid: 14.46%, Best Test: 13.93%
Epoch: 1500, Loss: 0.0020, Train: 12.63%, Valid: 12.73%, Test: 11.79%, Best Valid: 14.46%, Best Test: 13.93%
Epoch: 1600, Loss: 0.0004, Train: 13.83%, Valid: 13.12%, Test: 13.57%, Best Valid: 14.46%, Best Test: 13.93%
Epoch: 1700, Loss: 0.1283, Train: 14.34%, Valid: 13.54%, Test: 13.78%, Best Valid: 14.46%, Best Test: 13.93%
Epoch: 1800, Loss: 0.0005, Train: 12.58%, Valid: 11.97%, Test: 11.77%, Best Valid: 14.46%, Best Test: 13.93%
Epoch: 1900, Loss: 0.0004, Train: 13.77%, Valid: 12.83%, Test: 12.67%, Best Valid: 14.46%, Best Test: 13.93%
Epoch: 2000, Loss: 0.0018, Train: 12.66%, Valid: 12.23%, Test: 12.11%, Best Valid: 14.46%, Best Test: 13.93%
Epoch: 2100, Loss: 0.0011, Train: 13.45%, Valid: 13.38%, Test: 12.62%, Best Valid: 14.46%, Best Test: 13.93%
Epoch: 2200, Loss: 0.0046, Train: 13.45%, Valid: 13.26%, Test: 12.39%, Best Valid: 14.46%, Best Test: 13.93%
Epoch: 2300, Loss: 0.0001, Train: 13.38%, Valid: 12.85%, Test: 12.23%, Best Valid: 14.46%, Best Test: 13.93%
Epoch: 2400, Loss: 0.0000, Train: 13.53%, Valid: 13.19%, Test: 12.12%, Best Valid: 14.46%, Best Test: 13.93%
Run 01:
Highest Train: 15.63
Highest Valid: 14.46
Highest Test: 14.72
Chosen epoch: 889
Final Train: 14.37
Final Test: 13.93
Label budget: 5/class -> 90 train nodes
Computing oracle penalty matrix from true labels...
Oracle penalty matrix frozen.
Epoch: 00, Loss: 3.3449, Train: 1.61%, Valid: 1.68%, Test: 1.45%, Best Valid: 1.68%, Best Test: 1.45%
Epoch: 100, Loss: 0.4389, Train: 13.26%, Valid: 12.09%, Test: 12.42%, Best Valid: 13.66%, Best Test: 13.57%
Epoch: 200, Loss: 0.0195, Train: 12.22%, Valid: 11.33%, Test: 10.75%, Best Valid: 13.66%, Best Test: 13.57%
Epoch: 300, Loss: 0.0426, Train: 11.78%, Valid: 11.21%, Test: 10.66%, Best Valid: 13.66%, Best Test: 13.57%
Epoch: 400, Loss: 0.0276, Train: 12.86%, Valid: 11.53%, Test: 11.24%, Best Valid: 13.66%, Best Test: 13.57%
Epoch: 500, Loss: 0.0113, Train: 12.64%, Valid: 11.35%, Test: 11.86%, Best Valid: 13.66%, Best Test: 13.57%
Epoch: 600, Loss: 0.0290, Train: 11.45%, Valid: 10.11%, Test: 10.66%, Best Valid: 13.66%, Best Test: 13.57%
Epoch: 700, Loss: 0.0052, Train: 12.12%, Valid: 10.89%, Test: 11.14%, Best Valid: 13.66%, Best Test: 13.57%
Epoch: 800, Loss: 0.0008, Train: 11.99%, Valid: 10.82%, Test: 10.52%, Best Valid: 13.66%, Best Test: 13.57%
Epoch: 900, Loss: 0.0163, Train: 13.59%, Valid: 12.16%, Test: 12.51%, Best Valid: 13.66%, Best Test: 13.57%
Epoch: 1000, Loss: 0.0060, Train: 12.42%, Valid: 10.93%, Test: 11.19%, Best Valid: 13.66%, Best Test: 13.57%
Epoch: 1100, Loss: 0.0010, Train: 12.95%, Valid: 12.23%, Test: 12.05%, Best Valid: 13.66%, Best Test: 13.57%
Epoch: 1200, Loss: 0.0504, Train: 13.12%, Valid: 12.14%, Test: 12.37%, Best Valid: 13.66%, Best Test: 13.57%
Epoch: 1300, Loss: 0.0417, Train: 12.99%, Valid: 11.54%, Test: 12.05%, Best Valid: 13.66%, Best Test: 13.57%
Epoch: 1400, Loss: 0.0034, Train: 11.97%, Valid: 11.17%, Test: 11.19%, Best Valid: 13.66%, Best Test: 13.57%
Epoch: 1500, Loss: 0.0005, Train: 12.91%, Valid: 11.02%, Test: 11.86%, Best Valid: 13.66%, Best Test: 13.57%
Epoch: 1600, Loss: 0.0005, Train: 12.86%, Valid: 11.21%, Test: 11.45%, Best Valid: 13.66%, Best Test: 13.57%
Epoch: 1700, Loss: 0.0045, Train: 12.65%, Valid: 11.26%, Test: 11.63%, Best Valid: 13.66%, Best Test: 13.57%
Epoch: 1800, Loss: 0.0001, Train: 13.38%, Valid: 12.02%, Test: 12.42%, Best Valid: 13.66%, Best Test: 13.57%
Epoch: 1900, Loss: 0.0001, Train: 13.04%, Valid: 11.49%, Test: 11.90%, Best Valid: 13.66%, Best Test: 13.57%
Epoch: 2000, Loss: 0.0001, Train: 13.13%, Valid: 11.35%, Test: 11.90%, Best Valid: 13.66%, Best Test: 13.57%
Epoch: 2100, Loss: 0.0001, Train: 12.97%, Valid: 11.23%, Test: 11.70%, Best Valid: 13.66%, Best Test: 13.57%
Epoch: 2200, Loss: 0.0001, Train: 13.86%, Valid: 12.09%, Test: 12.83%, Best Valid: 13.66%, Best Test: 13.57%
Epoch: 2300, Loss: 0.0003, Train: 13.37%, Valid: 11.84%, Test: 12.09%, Best Valid: 13.66%, Best Test: 13.57%
Epoch: 2400, Loss: 0.0459, Train: 11.99%, Valid: 10.63%, Test: 10.73%, Best Valid: 13.66%, Best Test: 13.57%
Run 02:
Highest Train: 14.46
Highest Valid: 13.66
Highest Test: 13.57
Chosen epoch: 66
Final Train: 14.46
Final Test: 13.57
Label budget: 5/class -> 90 train nodes
Computing oracle penalty matrix from true labels...
Oracle penalty matrix frozen.
Epoch: 00, Loss: 3.4149, Train: 13.82%, Valid: 13.82%, Test: 13.85%, Best Valid: 13.82%, Best Test: 13.85%
Epoch: 100, Loss: 0.1824, Train: 10.56%, Valid: 10.20%, Test: 10.57%, Best Valid: 13.82%, Best Test: 13.85%
Epoch: 200, Loss: 0.0206, Train: 10.58%, Valid: 10.01%, Test: 10.40%, Best Valid: 13.82%, Best Test: 13.85%
Epoch: 300, Loss: 0.0127, Train: 10.48%, Valid: 10.41%, Test: 9.69%, Best Valid: 13.82%, Best Test: 13.85%
Epoch: 400, Loss: 0.0169, Train: 11.31%, Valid: 10.27%, Test: 10.84%, Best Valid: 13.82%, Best Test: 13.85%
Epoch: 500, Loss: 0.0558, Train: 11.31%, Valid: 10.77%, Test: 11.12%, Best Valid: 13.82%, Best Test: 13.85%
Epoch: 600, Loss: 0.0106, Train: 10.57%, Valid: 10.27%, Test: 10.31%, Best Valid: 13.82%, Best Test: 13.85%
Epoch: 700, Loss: 0.0023, Train: 11.00%, Valid: 10.24%, Test: 10.36%, Best Valid: 13.82%, Best Test: 13.85%
Epoch: 800, Loss: 0.0068, Train: 11.47%, Valid: 10.56%, Test: 11.08%, Best Valid: 13.82%, Best Test: 13.85%
Epoch: 900, Loss: 0.0148, Train: 11.65%, Valid: 11.92%, Test: 11.33%, Best Valid: 13.82%, Best Test: 13.85%
Epoch: 1000, Loss: 0.0015, Train: 11.55%, Valid: 11.74%, Test: 11.61%, Best Valid: 13.82%, Best Test: 13.85%
Epoch: 1100, Loss: 0.0976, Train: 11.38%, Valid: 11.83%, Test: 11.38%, Best Valid: 13.82%, Best Test: 13.85%
Epoch: 1200, Loss: 0.0230, Train: 11.99%, Valid: 11.97%, Test: 11.12%, Best Valid: 14.03%, Best Test: 12.35%
Epoch: 1300, Loss: 0.0043, Train: 11.98%, Valid: 11.44%, Test: 11.37%, Best Valid: 14.03%, Best Test: 12.35%
Epoch: 1400, Loss: 0.0018, Train: 12.24%, Valid: 11.79%, Test: 11.93%, Best Valid: 14.03%, Best Test: 12.35%
Epoch: 1500, Loss: 0.0116, Train: 12.21%, Valid: 12.11%, Test: 11.98%, Best Valid: 14.03%, Best Test: 12.35%
Epoch: 1600, Loss: 0.0005, Train: 11.53%, Valid: 11.23%, Test: 11.68%, Best Valid: 14.03%, Best Test: 12.35%
Epoch: 1700, Loss: 0.0002, Train: 11.47%, Valid: 11.54%, Test: 11.33%, Best Valid: 14.03%, Best Test: 12.35%
Epoch: 1800, Loss: 0.0164, Train: 10.59%, Valid: 10.40%, Test: 10.50%, Best Valid: 14.03%, Best Test: 12.35%
Epoch: 1900, Loss: 0.0013, Train: 11.99%, Valid: 12.50%, Test: 11.74%, Best Valid: 14.03%, Best Test: 12.35%
Epoch: 2000, Loss: 0.0022, Train: 11.75%, Valid: 11.79%, Test: 11.65%, Best Valid: 14.03%, Best Test: 12.35%
Epoch: 2100, Loss: 0.0001, Train: 11.72%, Valid: 11.88%, Test: 11.70%, Best Valid: 14.03%, Best Test: 12.35%
Epoch: 2200, Loss: 0.0004, Train: 11.83%, Valid: 11.86%, Test: 11.63%, Best Valid: 14.03%, Best Test: 12.35%
Epoch: 2300, Loss: 0.0011, Train: 12.12%, Valid: 11.62%, Test: 11.97%, Best Valid: 14.03%, Best Test: 12.35%
Epoch: 2400, Loss: 0.0007, Train: 10.78%, Valid: 10.36%, Test: 10.29%, Best Valid: 14.03%, Best Test: 12.35%
Run 03:
Highest Train: 13.95
Highest Valid: 14.03
Highest Test: 14.10
Chosen epoch: 1109
Final Train: 13.02
Final Test: 12.35
Label budget: 5/class -> 90 train nodes
Computing oracle penalty matrix from true labels...
Oracle penalty matrix frozen.
Epoch: 00, Loss: 3.3116, Train: 4.82%, Valid: 4.80%, Test: 4.85%, Best Valid: 4.80%, Best Test: 4.85%
Epoch: 100, Loss: 0.1715, Train: 12.27%, Valid: 12.52%, Test: 11.75%, Best Valid: 12.62%, Best Test: 12.04%
Epoch: 200, Loss: 0.0922, Train: 11.61%, Valid: 11.70%, Test: 11.45%, Best Valid: 12.62%, Best Test: 12.04%
Epoch: 300, Loss: 0.0099, Train: 10.92%, Valid: 10.96%, Test: 10.27%, Best Valid: 12.62%, Best Test: 12.04%
Epoch: 400, Loss: 0.0111, Train: 11.91%, Valid: 12.11%, Test: 11.81%, Best Valid: 12.67%, Best Test: 11.65%
Epoch: 500, Loss: 0.0079, Train: 11.37%, Valid: 11.10%, Test: 11.05%, Best Valid: 12.99%, Best Test: 12.27%
Epoch: 600, Loss: 0.0168, Train: 12.28%, Valid: 11.95%, Test: 11.47%, Best Valid: 12.99%, Best Test: 12.27%
Epoch: 700, Loss: 0.0094, Train: 11.38%, Valid: 11.09%, Test: 10.92%, Best Valid: 13.70%, Best Test: 13.33%
Epoch: 800, Loss: 0.0441, Train: 11.76%, Valid: 11.65%, Test: 11.51%, Best Valid: 13.70%, Best Test: 13.33%
Epoch: 900, Loss: 0.0024, Train: 11.78%, Valid: 11.26%, Test: 10.92%, Best Valid: 13.70%, Best Test: 13.33%
Epoch: 1000, Loss: 0.0006, Train: 12.43%, Valid: 11.77%, Test: 11.38%, Best Valid: 13.70%, Best Test: 13.33%
Epoch: 1100, Loss: 0.0014, Train: 12.79%, Valid: 12.59%, Test: 12.32%, Best Valid: 13.70%, Best Test: 13.33%
Epoch: 1200, Loss: 0.0005, Train: 12.49%, Valid: 12.00%, Test: 11.91%, Best Valid: 13.70%, Best Test: 13.33%
Epoch: 1300, Loss: 0.0179, Train: 11.24%, Valid: 10.94%, Test: 10.85%, Best Valid: 13.70%, Best Test: 13.33%
Epoch: 1400, Loss: 0.0096, Train: 10.56%, Valid: 10.52%, Test: 10.45%, Best Valid: 13.70%, Best Test: 13.33%
Epoch: 1500, Loss: 0.0002, Train: 12.35%, Valid: 11.95%, Test: 11.82%, Best Valid: 13.70%, Best Test: 13.33%
Epoch: 1600, Loss: 0.0003, Train: 11.60%, Valid: 11.02%, Test: 11.12%, Best Valid: 13.70%, Best Test: 13.33%
Epoch: 1700, Loss: 0.0085, Train: 11.38%, Valid: 10.61%, Test: 10.92%, Best Valid: 13.70%, Best Test: 13.33%
Epoch: 1800, Loss: 0.0014, Train: 10.80%, Valid: 10.34%, Test: 10.59%, Best Valid: 13.70%, Best Test: 13.33%
Epoch: 1900, Loss: 0.0002, Train: 10.85%, Valid: 10.91%, Test: 10.75%, Best Valid: 13.70%, Best Test: 13.33%
Epoch: 2000, Loss: 0.0002, Train: 11.07%, Valid: 11.02%, Test: 10.50%, Best Valid: 13.70%, Best Test: 13.33%
Epoch: 2100, Loss: 0.0007, Train: 11.19%, Valid: 10.50%, Test: 10.54%, Best Valid: 13.70%, Best Test: 13.33%
Epoch: 2200, Loss: 0.0053, Train: 10.12%, Valid: 9.59%, Test: 9.53%, Best Valid: 13.70%, Best Test: 13.33%
Epoch: 2300, Loss: 0.0003, Train: 11.10%, Valid: 10.80%, Test: 10.29%, Best Valid: 13.70%, Best Test: 13.33%
Epoch: 2400, Loss: 0.0000, Train: 11.08%, Valid: 11.03%, Test: 10.43%, Best Valid: 13.70%, Best Test: 13.33%
Run 04:
Highest Train: 13.99
Highest Valid: 13.70
Highest Test: 13.33
Chosen epoch: 654
Final Train: 13.99
Final Test: 13.33
Label budget: 5/class -> 90 train nodes
Computing oracle penalty matrix from true labels...
Oracle penalty matrix frozen.
Epoch: 00, Loss: 3.3031, Train: 3.76%, Valid: 3.76%, Test: 3.76%, Best Valid: 3.76%, Best Test: 3.76%
Epoch: 100, Loss: 0.4323, Train: 10.60%, Valid: 8.97%, Test: 9.78%, Best Valid: 10.73%, Best Test: 11.22%
Epoch: 200, Loss: 0.0654, Train: 12.45%, Valid: 11.12%, Test: 11.93%, Best Valid: 11.86%, Best Test: 12.69%
Epoch: 300, Loss: 0.0350, Train: 13.41%, Valid: 12.39%, Test: 13.31%, Best Valid: 12.52%, Best Test: 13.24%
Epoch: 400, Loss: 0.0230, Train: 11.79%, Valid: 11.35%, Test: 11.45%, Best Valid: 13.59%, Best Test: 14.12%
Epoch: 500, Loss: 0.0707, Train: 11.19%, Valid: 10.47%, Test: 10.77%, Best Valid: 13.59%, Best Test: 14.12%
Epoch: 600, Loss: 0.0259, Train: 12.94%, Valid: 11.81%, Test: 13.29%, Best Valid: 13.59%, Best Test: 14.12%
Epoch: 700, Loss: 0.0333, Train: 12.53%, Valid: 11.63%, Test: 12.48%, Best Valid: 13.59%, Best Test: 14.12%
Epoch: 800, Loss: 0.0106, Train: 10.34%, Valid: 10.03%, Test: 10.10%, Best Valid: 13.59%, Best Test: 14.12%
Epoch: 900, Loss: 0.0025, Train: 11.91%, Valid: 10.94%, Test: 12.02%, Best Valid: 13.59%, Best Test: 14.12%
Epoch: 1000, Loss: 0.0073, Train: 12.25%, Valid: 11.10%, Test: 12.51%, Best Valid: 13.59%, Best Test: 14.12%
Epoch: 1100, Loss: 0.0008, Train: 12.48%, Valid: 10.87%, Test: 12.11%, Best Valid: 13.59%, Best Test: 14.12%
Epoch: 1200, Loss: 0.0020, Train: 12.58%, Valid: 10.52%, Test: 11.97%, Best Valid: 13.59%, Best Test: 14.12%
Epoch: 1300, Loss: 0.0008, Train: 12.35%, Valid: 10.38%, Test: 11.45%, Best Valid: 13.59%, Best Test: 14.12%
Epoch: 1400, Loss: 0.0017, Train: 12.60%, Valid: 11.19%, Test: 11.91%, Best Valid: 13.59%, Best Test: 14.12%
Epoch: 1500, Loss: 0.0101, Train: 12.74%, Valid: 11.77%, Test: 12.11%, Best Valid: 13.59%, Best Test: 14.12%
Epoch: 1600, Loss: 0.0020, Train: 12.19%, Valid: 10.63%, Test: 11.67%, Best Valid: 13.59%, Best Test: 14.12%
Epoch: 1700, Loss: 0.0230, Train: 10.24%, Valid: 9.99%, Test: 9.60%, Best Valid: 13.59%, Best Test: 14.12%
Epoch: 1800, Loss: 0.0011, Train: 13.09%, Valid: 12.07%, Test: 12.81%, Best Valid: 13.59%, Best Test: 14.12%
Epoch: 1900, Loss: 0.0008, Train: 12.74%, Valid: 11.79%, Test: 11.93%, Best Valid: 13.59%, Best Test: 14.12%
Epoch: 2000, Loss: 0.0004, Train: 12.86%, Valid: 11.69%, Test: 11.67%, Best Valid: 13.59%, Best Test: 14.12%
Epoch: 2100, Loss: 0.0004, Train: 12.96%, Valid: 11.62%, Test: 12.21%, Best Valid: 13.59%, Best Test: 14.12%
Epoch: 2200, Loss: 0.1423, Train: 12.78%, Valid: 11.42%, Test: 12.65%, Best Valid: 13.59%, Best Test: 14.12%
Epoch: 2300, Loss: 0.1015, Train: 12.69%, Valid: 11.17%, Test: 12.34%, Best Valid: 13.59%, Best Test: 14.12%
Epoch: 2400, Loss: 0.0009, Train: 12.06%, Valid: 11.03%, Test: 12.42%, Best Valid: 13.59%, Best Test: 14.12%
Run 05:
Highest Train: 14.70
Highest Valid: 13.59
Highest Test: 14.58
Chosen epoch: 311
Final Train: 13.97
Final Test: 14.12
Label budget: 5/class -> 90 train nodes
Computing oracle penalty matrix from true labels...
Oracle penalty matrix frozen.
Epoch: 00, Loss: 3.3082, Train: 2.06%, Valid: 1.99%, Test: 1.94%, Best Valid: 1.99%, Best Test: 1.94%
Epoch: 100, Loss: 0.3931, Train: 8.92%, Valid: 8.31%, Test: 9.09%, Best Valid: 8.37%, Best Test: 8.75%
Epoch: 200, Loss: 0.0544, Train: 10.97%, Valid: 11.12%, Test: 10.87%, Best Valid: 11.30%, Best Test: 10.73%
Epoch: 300, Loss: 0.0190, Train: 10.23%, Valid: 10.08%, Test: 9.76%, Best Valid: 11.84%, Best Test: 11.24%
Epoch: 400, Loss: 0.0768, Train: 12.91%, Valid: 12.60%, Test: 12.80%, Best Valid: 12.69%, Best Test: 12.39%
Epoch: 500, Loss: 0.0202, Train: 12.96%, Valid: 13.31%, Test: 12.60%, Best Valid: 14.25%, Best Test: 13.80%
Epoch: 600, Loss: 0.0098, Train: 12.02%, Valid: 11.97%, Test: 11.51%, Best Valid: 14.25%, Best Test: 13.80%
Epoch: 700, Loss: 0.0010, Train: 13.07%, Valid: 12.76%, Test: 12.57%, Best Valid: 14.25%, Best Test: 13.80%
Epoch: 800, Loss: 0.0032, Train: 13.16%, Valid: 13.13%, Test: 12.30%, Best Valid: 14.25%, Best Test: 13.80%
Epoch: 900, Loss: 0.0008, Train: 12.98%, Valid: 12.62%, Test: 12.37%, Best Valid: 14.25%, Best Test: 13.80%
Epoch: 1000, Loss: 0.0038, Train: 12.72%, Valid: 12.94%, Test: 12.57%, Best Valid: 14.25%, Best Test: 13.80%
Epoch: 1100, Loss: 0.0475, Train: 12.62%, Valid: 12.32%, Test: 11.63%, Best Valid: 14.25%, Best Test: 13.80%
Epoch: 1200, Loss: 0.0189, Train: 12.11%, Valid: 12.37%, Test: 11.44%, Best Valid: 14.25%, Best Test: 13.80%
Epoch: 1300, Loss: 0.0091, Train: 11.52%, Valid: 11.49%, Test: 11.26%, Best Valid: 14.25%, Best Test: 13.80%
Epoch: 1400, Loss: 0.0028, Train: 12.82%, Valid: 12.64%, Test: 13.10%, Best Valid: 14.25%, Best Test: 13.80%
Epoch: 1500, Loss: 0.0006, Train: 12.28%, Valid: 12.43%, Test: 11.86%, Best Valid: 14.25%, Best Test: 13.80%
Epoch: 1600, Loss: 0.0257, Train: 12.79%, Valid: 12.74%, Test: 12.81%, Best Valid: 14.25%, Best Test: 13.80%
Epoch: 1700, Loss: 0.0004, Train: 13.09%, Valid: 13.29%, Test: 13.03%, Best Valid: 14.25%, Best Test: 13.80%
Epoch: 1800, Loss: 0.0005, Train: 13.41%, Valid: 12.74%, Test: 13.29%, Best Valid: 14.25%, Best Test: 13.80%
Epoch: 1900, Loss: 0.0228, Train: 11.71%, Valid: 11.40%, Test: 12.20%, Best Valid: 14.25%, Best Test: 13.80%
Epoch: 2000, Loss: 0.0099, Train: 13.18%, Valid: 12.96%, Test: 12.37%, Best Valid: 14.25%, Best Test: 13.80%
Epoch: 2100, Loss: 0.0110, Train: 12.64%, Valid: 12.87%, Test: 12.50%, Best Valid: 14.25%, Best Test: 13.80%
Epoch: 2200, Loss: 0.0017, Train: 12.81%, Valid: 12.57%, Test: 12.57%, Best Valid: 14.25%, Best Test: 13.80%
Epoch: 2300, Loss: 0.0051, Train: 12.70%, Valid: 12.60%, Test: 12.83%, Best Valid: 14.25%, Best Test: 13.80%
Epoch: 2400, Loss: 0.0030, Train: 13.20%, Valid: 12.48%, Test: 12.67%, Best Valid: 14.25%, Best Test: 13.80%
Run 06:
Highest Train: 14.16
Highest Valid: 14.25
Highest Test: 14.28
Chosen epoch: 478
Final Train: 13.79
Final Test: 13.80
Label budget: 5/class -> 90 train nodes
Computing oracle penalty matrix from true labels...
Oracle penalty matrix frozen.
Epoch: 00, Loss: 3.3756, Train: 13.22%, Valid: 12.82%, Test: 12.69%, Best Valid: 12.82%, Best Test: 12.69%
Epoch: 100, Loss: 0.3123, Train: 11.26%, Valid: 11.39%, Test: 11.42%, Best Valid: 12.82%, Best Test: 12.69%
Epoch: 200, Loss: 0.0748, Train: 9.77%, Valid: 9.76%, Test: 9.62%, Best Valid: 12.82%, Best Test: 12.69%
Epoch: 300, Loss: 0.0245, Train: 9.97%, Valid: 10.61%, Test: 10.29%, Best Valid: 12.82%, Best Test: 12.69%
Epoch: 400, Loss: 0.0084, Train: 10.84%, Valid: 10.73%, Test: 10.87%, Best Valid: 12.82%, Best Test: 12.69%
Epoch: 500, Loss: 0.0059, Train: 11.09%, Valid: 11.05%, Test: 10.96%, Best Valid: 12.82%, Best Test: 12.69%
Epoch: 600, Loss: 0.0407, Train: 12.13%, Valid: 12.16%, Test: 11.88%, Best Valid: 12.82%, Best Test: 12.69%
Epoch: 700, Loss: 0.0133, Train: 12.49%, Valid: 13.06%, Test: 12.04%, Best Valid: 13.82%, Best Test: 12.62%
Epoch: 800, Loss: 0.0707, Train: 11.97%, Valid: 12.55%, Test: 11.68%, Best Valid: 13.82%, Best Test: 12.62%
Epoch: 900, Loss: 0.0013, Train: 11.72%, Valid: 11.76%, Test: 11.03%, Best Valid: 13.82%, Best Test: 12.62%
Epoch: 1000, Loss: 0.0007, Train: 11.23%, Valid: 11.77%, Test: 11.58%, Best Valid: 13.82%, Best Test: 12.62%
Epoch: 1100, Loss: 0.0164, Train: 10.27%, Valid: 10.45%, Test: 9.72%, Best Valid: 13.82%, Best Test: 12.62%
Epoch: 1200, Loss: 0.0001, Train: 11.76%, Valid: 11.72%, Test: 11.05%, Best Valid: 13.82%, Best Test: 12.62%
Epoch: 1300, Loss: 0.0005, Train: 12.03%, Valid: 12.16%, Test: 11.33%, Best Valid: 13.82%, Best Test: 12.62%
Epoch: 1400, Loss: 0.1257, Train: 11.70%, Valid: 12.30%, Test: 11.26%, Best Valid: 13.82%, Best Test: 12.62%
Epoch: 1500, Loss: 0.0002, Train: 11.92%, Valid: 11.67%, Test: 11.17%, Best Valid: 13.82%, Best Test: 12.62%
Epoch: 1600, Loss: 0.0004, Train: 11.23%, Valid: 11.12%, Test: 10.62%, Best Valid: 13.82%, Best Test: 12.62%
Epoch: 1700, Loss: 0.0048, Train: 10.66%, Valid: 11.02%, Test: 9.97%, Best Valid: 13.82%, Best Test: 12.62%
Epoch: 1800, Loss: 0.0618, Train: 12.65%, Valid: 12.76%, Test: 12.04%, Best Valid: 14.02%, Best Test: 12.92%
Epoch: 1900, Loss: 0.0396, Train: 11.66%, Valid: 11.47%, Test: 11.19%, Best Valid: 14.02%, Best Test: 12.92%
Epoch: 2000, Loss: 0.0015, Train: 12.52%, Valid: 12.71%, Test: 11.38%, Best Valid: 14.02%, Best Test: 12.92%
Epoch: 2100, Loss: 0.0020, Train: 11.66%, Valid: 11.69%, Test: 11.10%, Best Valid: 14.02%, Best Test: 12.92%
Epoch: 2200, Loss: 0.0013, Train: 11.75%, Valid: 11.46%, Test: 10.55%, Best Valid: 14.02%, Best Test: 12.92%
Epoch: 2300, Loss: 0.0003, Train: 11.91%, Valid: 11.97%, Test: 11.14%, Best Valid: 14.02%, Best Test: 12.92%
Epoch: 2400, Loss: 0.0000, Train: 12.77%, Valid: 12.48%, Test: 11.26%, Best Valid: 14.02%, Best Test: 12.92%
Run 07:
Highest Train: 13.61
Highest Valid: 14.02
Highest Test: 13.06
Chosen epoch: 1784
Final Train: 13.47
Final Test: 12.92
Label budget: 5/class -> 90 train nodes
Computing oracle penalty matrix from true labels...
Oracle penalty matrix frozen.
Epoch: 00, Loss: 3.3944, Train: 3.48%, Valid: 3.50%, Test: 3.48%, Best Valid: 3.50%, Best Test: 3.48%
Epoch: 100, Loss: 0.4764, Train: 11.07%, Valid: 10.66%, Test: 10.27%, Best Valid: 14.05%, Best Test: 14.01%
Epoch: 200, Loss: 0.0152, Train: 12.18%, Valid: 11.95%, Test: 11.33%, Best Valid: 14.05%, Best Test: 14.01%
Epoch: 300, Loss: 0.0121, Train: 11.61%, Valid: 11.17%, Test: 10.54%, Best Valid: 14.05%, Best Test: 14.01%
Epoch: 400, Loss: 0.0388, Train: 12.40%, Valid: 11.92%, Test: 11.74%, Best Valid: 14.05%, Best Test: 14.01%
Epoch: 500, Loss: 0.0066, Train: 11.16%, Valid: 10.75%, Test: 10.40%, Best Valid: 14.05%, Best Test: 14.01%
Epoch: 600, Loss: 0.0579, Train: 14.76%, Valid: 14.32%, Test: 13.87%, Best Valid: 14.92%, Best Test: 14.53%
Epoch: 700, Loss: 0.0182, Train: 13.44%, Valid: 12.85%, Test: 12.60%, Best Valid: 14.92%, Best Test: 14.53%
Epoch: 800, Loss: 0.0100, Train: 13.86%, Valid: 13.01%, Test: 13.20%, Best Valid: 14.92%, Best Test: 14.53%
Epoch: 900, Loss: 0.0052, Train: 11.98%, Valid: 11.46%, Test: 11.51%, Best Valid: 14.92%, Best Test: 14.53%
Epoch: 1000, Loss: 0.0036, Train: 13.70%, Valid: 13.70%, Test: 13.54%, Best Valid: 14.92%, Best Test: 14.53%
Epoch: 1100, Loss: 0.0014, Train: 12.60%, Valid: 11.93%, Test: 12.39%, Best Valid: 14.92%, Best Test: 14.53%
Epoch: 1200, Loss: 0.0280, Train: 12.74%, Valid: 12.34%, Test: 12.18%, Best Valid: 14.92%, Best Test: 14.53%
Epoch: 1300, Loss: 0.0005, Train: 13.26%, Valid: 12.30%, Test: 12.62%, Best Valid: 14.92%, Best Test: 14.53%
Epoch: 1400, Loss: 0.0395, Train: 13.64%, Valid: 13.06%, Test: 13.64%, Best Valid: 14.92%, Best Test: 14.53%
Epoch: 1500, Loss: 0.0081, Train: 12.68%, Valid: 11.69%, Test: 12.42%, Best Valid: 14.92%, Best Test: 14.53%
Epoch: 1600, Loss: 0.0966, Train: 13.43%, Valid: 12.82%, Test: 12.32%, Best Valid: 14.92%, Best Test: 14.53%
Epoch: 1700, Loss: 0.1086, Train: 12.36%, Valid: 12.07%, Test: 11.63%, Best Valid: 14.92%, Best Test: 14.53%
Epoch: 1800, Loss: 0.0030, Train: 13.26%, Valid: 13.10%, Test: 13.13%, Best Valid: 14.92%, Best Test: 14.53%
Epoch: 1900, Loss: 0.0001, Train: 13.36%, Valid: 13.12%, Test: 12.76%, Best Valid: 14.92%, Best Test: 14.53%
Epoch: 2000, Loss: 0.0478, Train: 12.64%, Valid: 12.60%, Test: 12.58%, Best Valid: 14.92%, Best Test: 14.53%
Epoch: 2100, Loss: 0.0002, Train: 13.51%, Valid: 13.01%, Test: 13.36%, Best Valid: 14.92%, Best Test: 14.53%
Epoch: 2200, Loss: 0.0007, Train: 13.28%, Valid: 12.97%, Test: 13.04%, Best Valid: 14.92%, Best Test: 14.53%
Epoch: 2300, Loss: 0.0002, Train: 13.09%, Valid: 12.85%, Test: 12.99%, Best Valid: 14.92%, Best Test: 14.53%
Epoch: 2400, Loss: 0.0019, Train: 12.75%, Valid: 12.69%, Test: 12.04%, Best Valid: 14.92%, Best Test: 14.53%
Run 08:
Highest Train: 15.10
Highest Valid: 14.92
Highest Test: 14.75
Chosen epoch: 598
Final Train: 15.02
Final Test: 14.53
Label budget: 5/class -> 90 train nodes
Computing oracle penalty matrix from true labels...
Oracle penalty matrix frozen.
Epoch: 00, Loss: 3.3499, Train: 10.24%, Valid: 10.24%, Test: 10.45%, Best Valid: 10.24%, Best Test: 10.45%
Epoch: 100, Loss: 0.2785, Train: 11.87%, Valid: 11.56%, Test: 11.58%, Best Valid: 13.96%, Best Test: 13.96%
Epoch: 200, Loss: 0.0238, Train: 12.30%, Valid: 11.65%, Test: 12.05%, Best Valid: 13.96%, Best Test: 13.96%
Epoch: 300, Loss: 0.0203, Train: 12.51%, Valid: 12.20%, Test: 11.77%, Best Valid: 13.96%, Best Test: 13.96%
Epoch: 400, Loss: 0.0889, Train: 13.82%, Valid: 12.67%, Test: 12.50%, Best Valid: 13.96%, Best Test: 13.96%
Epoch: 500, Loss: 0.0134, Train: 11.90%, Valid: 11.19%, Test: 11.17%, Best Valid: 13.96%, Best Test: 13.96%
Epoch: 600, Loss: 0.0070, Train: 12.25%, Valid: 11.83%, Test: 11.72%, Best Valid: 13.96%, Best Test: 13.96%
Epoch: 700, Loss: 0.0035, Train: 12.05%, Valid: 11.16%, Test: 10.98%, Best Valid: 13.96%, Best Test: 13.96%
Epoch: 800, Loss: 0.0027, Train: 12.71%, Valid: 12.23%, Test: 12.07%, Best Valid: 13.96%, Best Test: 13.96%
Epoch: 900, Loss: 0.0011, Train: 13.18%, Valid: 12.60%, Test: 12.74%, Best Valid: 13.96%, Best Test: 13.96%
Epoch: 1000, Loss: 0.0030, Train: 13.75%, Valid: 12.92%, Test: 13.36%, Best Valid: 13.96%, Best Test: 13.96%
Epoch: 1100, Loss: 0.0027, Train: 11.69%, Valid: 11.62%, Test: 11.24%, Best Valid: 13.96%, Best Test: 13.96%
Epoch: 1200, Loss: 0.0089, Train: 12.06%, Valid: 11.28%, Test: 11.56%, Best Valid: 13.96%, Best Test: 13.96%
Epoch: 1300, Loss: 0.0009, Train: 12.72%, Valid: 11.74%, Test: 11.68%, Best Valid: 13.96%, Best Test: 13.96%
Epoch: 1400, Loss: 0.0419, Train: 12.59%, Valid: 11.93%, Test: 12.71%, Best Valid: 13.96%, Best Test: 13.96%
Epoch: 1500, Loss: 0.0012, Train: 12.56%, Valid: 11.47%, Test: 12.20%, Best Valid: 13.96%, Best Test: 13.96%
Epoch: 1600, Loss: 0.0089, Train: 12.76%, Valid: 12.46%, Test: 12.27%, Best Valid: 13.96%, Best Test: 13.96%
Epoch: 1700, Loss: 0.0001, Train: 12.43%, Valid: 11.51%, Test: 11.65%, Best Valid: 13.96%, Best Test: 13.96%
Epoch: 1800, Loss: 0.0026, Train: 12.71%, Valid: 12.13%, Test: 12.55%, Best Valid: 13.96%, Best Test: 13.96%
Epoch: 1900, Loss: 0.0030, Train: 12.91%, Valid: 11.53%, Test: 12.44%, Best Valid: 13.96%, Best Test: 13.96%
Epoch: 2000, Loss: 0.0006, Train: 12.42%, Valid: 11.46%, Test: 11.60%, Best Valid: 13.96%, Best Test: 13.96%
Epoch: 2100, Loss: 0.0116, Train: 11.70%, Valid: 10.41%, Test: 11.03%, Best Valid: 13.96%, Best Test: 13.96%
Epoch: 2200, Loss: 0.0023, Train: 12.18%, Valid: 10.91%, Test: 11.42%, Best Valid: 13.96%, Best Test: 13.96%
Epoch: 2300, Loss: 0.0116, Train: 13.07%, Valid: 11.65%, Test: 12.80%, Best Valid: 13.96%, Best Test: 13.96%
Epoch: 2400, Loss: 0.0050, Train: 11.51%, Valid: 10.36%, Test: 11.19%, Best Valid: 13.96%, Best Test: 13.96%
Run 09:
Highest Train: 14.07
Highest Valid: 13.96
Highest Test: 13.96
Chosen epoch: 1
Final Train: 13.95
Final Test: 13.96
Label budget: 5/class -> 90 train nodes
Computing oracle penalty matrix from true labels...
Oracle penalty matrix frozen.
Epoch: 00, Loss: 3.3193, Train: 4.17%, Valid: 4.17%, Test: 4.17%, Best Valid: 4.17%, Best Test: 4.17%
Epoch: 100, Loss: 0.1843, Train: 10.91%, Valid: 10.50%, Test: 10.29%, Best Valid: 10.50%, Best Test: 10.29%
Epoch: 200, Loss: 0.0161, Train: 11.34%, Valid: 10.33%, Test: 10.54%, Best Valid: 12.34%, Best Test: 11.67%
Epoch: 300, Loss: 0.0064, Train: 12.17%, Valid: 10.89%, Test: 11.65%, Best Valid: 12.34%, Best Test: 11.67%
Epoch: 400, Loss: 0.0144, Train: 12.48%, Valid: 11.53%, Test: 11.54%, Best Valid: 12.55%, Best Test: 12.21%
Epoch: 500, Loss: 0.0127, Train: 11.91%, Valid: 11.03%, Test: 11.28%, Best Valid: 12.74%, Best Test: 12.76%
Epoch: 600, Loss: 0.0024, Train: 11.74%, Valid: 11.00%, Test: 10.94%, Best Valid: 12.74%, Best Test: 12.76%
Epoch: 700, Loss: 0.0374, Train: 11.82%, Valid: 11.00%, Test: 10.98%, Best Valid: 12.96%, Best Test: 12.60%
Epoch: 800, Loss: 0.0006, Train: 11.53%, Valid: 10.61%, Test: 10.82%, Best Valid: 12.96%, Best Test: 12.60%
Epoch: 900, Loss: 0.0004, Train: 11.13%, Valid: 10.34%, Test: 10.31%, Best Valid: 12.96%, Best Test: 12.60%
Epoch: 1000, Loss: 0.0004, Train: 10.83%, Valid: 9.74%, Test: 10.01%, Best Valid: 12.96%, Best Test: 12.60%
Epoch: 1100, Loss: 0.0113, Train: 11.91%, Valid: 10.34%, Test: 10.78%, Best Valid: 13.20%, Best Test: 12.12%
Epoch: 1200, Loss: 0.0005, Train: 12.84%, Valid: 11.46%, Test: 11.63%, Best Valid: 13.20%, Best Test: 12.12%
Epoch: 1300, Loss: 0.0011, Train: 12.00%, Valid: 10.86%, Test: 11.05%, Best Valid: 13.20%, Best Test: 12.12%
Epoch: 1400, Loss: 0.0008, Train: 13.22%, Valid: 12.16%, Test: 11.65%, Best Valid: 13.20%, Best Test: 12.12%
Epoch: 1500, Loss: 0.0024, Train: 10.47%, Valid: 9.73%, Test: 9.67%, Best Valid: 13.20%, Best Test: 12.12%
Epoch: 1600, Loss: 0.0002, Train: 11.70%, Valid: 10.38%, Test: 10.66%, Best Valid: 13.20%, Best Test: 12.12%
Epoch: 1700, Loss: 0.0025, Train: 12.35%, Valid: 10.71%, Test: 11.40%, Best Valid: 13.20%, Best Test: 12.12%
Epoch: 1800, Loss: 0.0002, Train: 12.19%, Valid: 10.68%, Test: 11.24%, Best Valid: 13.20%, Best Test: 12.12%
Epoch: 1900, Loss: 0.0025, Train: 9.87%, Valid: 8.98%, Test: 9.27%, Best Valid: 13.20%, Best Test: 12.12%
Epoch: 2000, Loss: 0.0002, Train: 10.80%, Valid: 9.64%, Test: 9.97%, Best Valid: 13.20%, Best Test: 12.12%
Epoch: 2100, Loss: 0.0060, Train: 11.68%, Valid: 10.84%, Test: 11.47%, Best Valid: 13.20%, Best Test: 12.12%
Epoch: 2200, Loss: 0.0002, Train: 11.11%, Valid: 9.83%, Test: 10.78%, Best Valid: 13.20%, Best Test: 12.12%
Epoch: 2300, Loss: 0.0006, Train: 11.41%, Valid: 10.19%, Test: 10.92%, Best Valid: 13.20%, Best Test: 12.12%
Epoch: 2400, Loss: 0.0127, Train: 12.03%, Valid: 11.30%, Test: 11.40%, Best Valid: 13.20%, Best Test: 12.12%
Run 10:
Highest Train: 13.78
Highest Valid: 13.47
Highest Test: 13.04
Chosen epoch: 2486
Final Train: 13.73
Final Test: 12.23
All runs:
Highest Train: 14.34 ± 0.63
Highest Test: 13.94 ± 0.66
Highest Valid: 14.01 ± 0.44
  Final Train: 13.98 ± 0.55
   Final Test: 13.47 ± 0.76
Saving results to results/lowlabel/roman-empire/MPNN_gcn.csv
--- oracle_reg | lambda=0.2 ---
Namespace(bn=True, budget_tag='5', count_reg=False, count_smoothing=1.0, cpu=False, data_dir='./data/', dataset='roman-empire', device=0, display_step=100, dropout=0.5, epochs=2500, gnn='gcn', hidden_channels=512, jk=False, label_num_per_class=20, lambda_val=0.2, ln=False, local_layers=9, lr=0.001, metric='acc', mlp_epochs=500, mlp_reg=False, model='MPNN', model_dir='models', num_heads=1, oracle_reg=True, paired_seeds=True, penalty_transform='none', pre_linear=True, pre_ln=False, rand_split=False, rand_split_class=False, reg_start_epoch=10, reg_update_freq=5, res=True, resample_split_per_run=False, result_dir='results/lowlabel', runs=10, save_model=False, seed=42, test_num=1000, train_per_class=5, train_prop=0.5, use_reg=True, valid_num=500, valid_per_class=0, valid_prop=0.25, weight_decay=0.0)
roman-empire
dataset roman-empire | num nodes 22662 | num edge 32927 | num node feats 300 | num classes 18
MODEL: MPNNs(
  (h_lins): ModuleList()
  (local_convs): ModuleList(
    (0): GCNConv(512, 512)
    (1): GCNConv(512, 512)
    (2): GCNConv(512, 512)
    (3): GCNConv(512, 512)
    (4): GCNConv(512, 512)
    (5): GCNConv(512, 512)
    (6): GCNConv(512, 512)
    (7): GCNConv(512, 512)
    (8): GCNConv(512, 512)
  )
  (lins): ModuleList(
    (0): Linear(in_features=512, out_features=512, bias=True)
    (1): Linear(in_features=512, out_features=512, bias=True)
    (2): Linear(in_features=512, out_features=512, bias=True)
    (3): Linear(in_features=512, out_features=512, bias=True)
    (4): Linear(in_features=512, out_features=512, bias=True)
    (5): Linear(in_features=512, out_features=512, bias=True)
    (6): Linear(in_features=512, out_features=512, bias=True)
    (7): Linear(in_features=512, out_features=512, bias=True)
    (8): Linear(in_features=512, out_features=512, bias=True)
  )
  (lns): ModuleList(
    (0): LayerNorm((512,), eps=1e-05, elementwise_affine=True)
    (1): LayerNorm((512,), eps=1e-05, elementwise_affine=True)
    (2): LayerNorm((512,), eps=1e-05, elementwise_affine=True)
    (3): LayerNorm((512,), eps=1e-05, elementwise_affine=True)
    (4): LayerNorm((512,), eps=1e-05, elementwise_affine=True)
    (5): LayerNorm((512,), eps=1e-05, elementwise_affine=True)
    (6): LayerNorm((512,), eps=1e-05, elementwise_affine=True)
    (7): LayerNorm((512,), eps=1e-05, elementwise_affine=True)
    (8): LayerNorm((512,), eps=1e-05, elementwise_affine=True)
  )
  (bns): ModuleList(
    (0): BatchNorm1d(512, eps=1e-05, momentum=0.1, affine=True, track_running_stats=True)
    (1): BatchNorm1d(512, eps=1e-05, momentum=0.1, affine=True, track_running_stats=True)
    (2): BatchNorm1d(512, eps=1e-05, momentum=0.1, affine=True, track_running_stats=True)
    (3): BatchNorm1d(512, eps=1e-05, momentum=0.1, affine=True, track_running_stats=True)
    (4): BatchNorm1d(512, eps=1e-05, momentum=0.1, affine=True, track_running_stats=True)
    (5): BatchNorm1d(512, eps=1e-05, momentum=0.1, affine=True, track_running_stats=True)
    (6): BatchNorm1d(512, eps=1e-05, momentum=0.1, affine=True, track_running_stats=True)
    (7): BatchNorm1d(512, eps=1e-05, momentum=0.1, affine=True, track_running_stats=True)
    (8): BatchNorm1d(512, eps=1e-05, momentum=0.1, affine=True, track_running_stats=True)
  )
  (lin_in): Linear(in_features=300, out_features=512, bias=True)
  (pred_local): Linear(in_features=512, out_features=18, bias=True)
)
Label budget: 5/class -> 90 train nodes
Computing oracle penalty matrix from true labels...
Oracle penalty matrix frozen.
Epoch: 00, Loss: 3.7269, Train: 4.17%, Valid: 4.17%, Test: 4.17%, Best Valid: 4.17%, Best Test: 4.17%
Epoch: 100, Loss: 0.4713, Train: 8.99%, Valid: 7.86%, Test: 8.70%, Best Valid: 7.91%, Best Test: 8.07%
Epoch: 200, Loss: 0.1461, Train: 12.23%, Valid: 11.72%, Test: 11.97%, Best Valid: 11.79%, Best Test: 11.79%
Epoch: 300, Loss: 0.0432, Train: 13.88%, Valid: 12.29%, Test: 12.88%, Best Valid: 12.96%, Best Test: 12.99%
Epoch: 400, Loss: 0.0035, Train: 14.43%, Valid: 13.31%, Test: 14.14%, Best Valid: 13.31%, Best Test: 14.14%
Epoch: 500, Loss: 0.0106, Train: 13.35%, Valid: 12.02%, Test: 12.55%, Best Valid: 13.38%, Best Test: 14.12%
Epoch: 600, Loss: 0.0726, Train: 12.71%, Valid: 11.54%, Test: 12.27%, Best Valid: 13.38%, Best Test: 14.12%
Epoch: 700, Loss: 0.0043, Train: 13.24%, Valid: 11.84%, Test: 12.78%, Best Valid: 13.38%, Best Test: 14.12%
Epoch: 800, Loss: 0.0007, Train: 15.02%, Valid: 13.22%, Test: 14.26%, Best Valid: 13.38%, Best Test: 14.12%
Epoch: 900, Loss: 0.0041, Train: 14.16%, Valid: 12.90%, Test: 13.96%, Best Valid: 13.54%, Best Test: 14.15%
Epoch: 1000, Loss: 0.0017, Train: 15.44%, Valid: 14.00%, Test: 15.00%, Best Valid: 14.21%, Best Test: 14.53%
Epoch: 1100, Loss: 0.0188, Train: 14.38%, Valid: 13.50%, Test: 13.85%, Best Valid: 15.08%, Best Test: 15.50%
Epoch: 1200, Loss: 0.0069, Train: 13.71%, Valid: 13.03%, Test: 13.34%, Best Valid: 15.08%, Best Test: 15.50%
Epoch: 1300, Loss: 0.0147, Train: 13.69%, Valid: 13.63%, Test: 13.18%, Best Valid: 15.08%, Best Test: 15.50%
Epoch: 1400, Loss: 0.0002, Train: 14.25%, Valid: 13.77%, Test: 13.87%, Best Valid: 15.08%, Best Test: 15.50%
Epoch: 1500, Loss: 0.0039, Train: 13.08%, Valid: 12.46%, Test: 12.65%, Best Valid: 15.08%, Best Test: 15.50%
Epoch: 1600, Loss: 0.0039, Train: 13.13%, Valid: 12.52%, Test: 12.97%, Best Valid: 15.08%, Best Test: 15.50%
Epoch: 1700, Loss: 0.0006, Train: 12.86%, Valid: 12.59%, Test: 13.24%, Best Valid: 15.08%, Best Test: 15.50%
Epoch: 1800, Loss: 0.0083, Train: 13.68%, Valid: 12.99%, Test: 13.57%, Best Valid: 15.08%, Best Test: 15.50%
Epoch: 1900, Loss: 0.0002, Train: 14.23%, Valid: 13.65%, Test: 14.14%, Best Valid: 15.08%, Best Test: 15.50%
Epoch: 2000, Loss: 0.0069, Train: 13.99%, Valid: 14.00%, Test: 13.64%, Best Valid: 15.08%, Best Test: 15.50%
Epoch: 2100, Loss: 0.0001, Train: 14.60%, Valid: 14.35%, Test: 14.26%, Best Valid: 15.08%, Best Test: 15.50%
Epoch: 2200, Loss: 0.0004, Train: 14.06%, Valid: 13.42%, Test: 14.01%, Best Valid: 15.08%, Best Test: 15.50%
Epoch: 2300, Loss: 0.0005, Train: 13.57%, Valid: 12.78%, Test: 13.54%, Best Valid: 15.08%, Best Test: 15.50%
Epoch: 2400, Loss: 0.0906, Train: 13.01%, Valid: 12.25%, Test: 12.46%, Best Valid: 15.08%, Best Test: 15.50%
Run 01:
Highest Train: 16.34
Highest Valid: 15.08
Highest Test: 15.78
Chosen epoch: 1088
Final Train: 16.19
Final Test: 15.50
Label budget: 5/class -> 90 train nodes
Computing oracle penalty matrix from true labels...
Oracle penalty matrix frozen.
Epoch: 00, Loss: 3.6490, Train: 3.49%, Valid: 3.30%, Test: 3.39%, Best Valid: 3.30%, Best Test: 3.39%
Epoch: 100, Loss: 0.3285, Train: 12.59%, Valid: 11.92%, Test: 12.09%, Best Valid: 12.97%, Best Test: 12.85%
Epoch: 200, Loss: 0.0813, Train: 12.65%, Valid: 11.79%, Test: 11.31%, Best Valid: 12.97%, Best Test: 12.85%
Epoch: 300, Loss: 0.0654, Train: 13.53%, Valid: 11.97%, Test: 11.98%, Best Valid: 12.97%, Best Test: 12.85%
Epoch: 400, Loss: 0.0045, Train: 11.52%, Valid: 9.78%, Test: 10.02%, Best Valid: 12.97%, Best Test: 12.85%
Epoch: 500, Loss: 0.0106, Train: 12.54%, Valid: 10.56%, Test: 11.47%, Best Valid: 12.97%, Best Test: 12.85%
Epoch: 600, Loss: 0.0033, Train: 13.27%, Valid: 11.72%, Test: 12.02%, Best Valid: 13.15%, Best Test: 13.10%
Epoch: 700, Loss: 0.0023, Train: 13.56%, Valid: 12.41%, Test: 12.44%, Best Valid: 13.15%, Best Test: 13.10%
Epoch: 800, Loss: 0.0134, Train: 11.66%, Valid: 10.84%, Test: 10.64%, Best Valid: 13.15%, Best Test: 13.10%
Epoch: 900, Loss: 0.0011, Train: 10.70%, Valid: 9.62%, Test: 9.11%, Best Valid: 13.15%, Best Test: 13.10%
Epoch: 1000, Loss: 0.0173, Train: 11.91%, Valid: 10.47%, Test: 10.66%, Best Valid: 13.49%, Best Test: 13.54%
Epoch: 1100, Loss: 0.0158, Train: 14.49%, Valid: 12.48%, Test: 13.04%, Best Valid: 13.49%, Best Test: 13.54%
Epoch: 1200, Loss: 0.0006, Train: 12.00%, Valid: 10.43%, Test: 10.94%, Best Valid: 13.49%, Best Test: 13.54%
Epoch: 1300, Loss: 0.0003, Train: 13.42%, Valid: 11.84%, Test: 12.09%, Best Valid: 13.49%, Best Test: 13.54%
Epoch: 1400, Loss: 0.0020, Train: 12.14%, Valid: 10.73%, Test: 10.70%, Best Valid: 13.49%, Best Test: 13.54%
Epoch: 1500, Loss: 0.0009, Train: 12.78%, Valid: 11.37%, Test: 11.14%, Best Valid: 13.49%, Best Test: 13.54%
Epoch: 1600, Loss: 0.0029, Train: 13.09%, Valid: 11.40%, Test: 11.15%, Best Valid: 13.49%, Best Test: 13.54%
Epoch: 1700, Loss: 0.0005, Train: 12.16%, Valid: 10.34%, Test: 10.25%, Best Valid: 13.49%, Best Test: 13.54%
Epoch: 1800, Loss: 0.0000, Train: 13.08%, Valid: 11.60%, Test: 11.88%, Best Valid: 13.49%, Best Test: 13.54%
Epoch: 1900, Loss: 0.0371, Train: 13.04%, Valid: 11.32%, Test: 11.38%, Best Valid: 13.49%, Best Test: 13.54%
Epoch: 2000, Loss: 0.0013, Train: 12.23%, Valid: 10.77%, Test: 10.75%, Best Valid: 13.49%, Best Test: 13.54%
Epoch: 2100, Loss: 0.0004, Train: 12.54%, Valid: 11.05%, Test: 11.01%, Best Valid: 13.49%, Best Test: 13.54%
Epoch: 2200, Loss: 0.0081, Train: 12.48%, Valid: 10.82%, Test: 10.91%, Best Valid: 13.49%, Best Test: 13.54%
Epoch: 2300, Loss: 0.0015, Train: 12.05%, Valid: 10.82%, Test: 10.55%, Best Valid: 13.49%, Best Test: 13.54%
Epoch: 2400, Loss: 0.0014, Train: 12.95%, Valid: 11.49%, Test: 11.65%, Best Valid: 13.49%, Best Test: 13.54%
Run 02:
Highest Train: 14.59
Highest Valid: 13.49
Highest Test: 13.73
Chosen epoch: 975
Final Train: 14.55
Final Test: 13.54
Label budget: 5/class -> 90 train nodes
Computing oracle penalty matrix from true labels...
Oracle penalty matrix frozen.
Epoch: 00, Loss: 3.7253, Train: 13.68%, Valid: 13.54%, Test: 13.78%, Best Valid: 13.54%, Best Test: 13.78%
Epoch: 100, Loss: 0.2077, Train: 11.18%, Valid: 10.57%, Test: 11.65%, Best Valid: 13.54%, Best Test: 13.78%
Epoch: 200, Loss: 0.0226, Train: 12.21%, Valid: 11.84%, Test: 12.25%, Best Valid: 13.54%, Best Test: 13.78%
Epoch: 300, Loss: 0.0205, Train: 10.84%, Valid: 10.41%, Test: 10.64%, Best Valid: 13.54%, Best Test: 13.78%
Epoch: 400, Loss: 0.0049, Train: 10.82%, Valid: 10.43%, Test: 10.48%, Best Valid: 13.54%, Best Test: 13.78%
Epoch: 500, Loss: 0.0038, Train: 11.27%, Valid: 10.38%, Test: 10.20%, Best Valid: 13.54%, Best Test: 13.78%
Epoch: 600, Loss: 0.0146, Train: 10.39%, Valid: 10.22%, Test: 10.43%, Best Valid: 13.54%, Best Test: 13.78%
Epoch: 700, Loss: 0.0509, Train: 10.16%, Valid: 9.94%, Test: 9.87%, Best Valid: 13.54%, Best Test: 13.78%
Epoch: 800, Loss: 0.0014, Train: 10.28%, Valid: 9.81%, Test: 10.66%, Best Valid: 13.54%, Best Test: 13.78%
Epoch: 900, Loss: 0.0062, Train: 11.28%, Valid: 10.73%, Test: 11.10%, Best Valid: 13.54%, Best Test: 13.78%
Epoch: 1000, Loss: 0.0470, Train: 10.66%, Valid: 10.03%, Test: 10.11%, Best Valid: 13.54%, Best Test: 13.78%
Epoch: 1100, Loss: 0.0024, Train: 10.55%, Valid: 10.45%, Test: 10.25%, Best Valid: 13.54%, Best Test: 13.78%
Epoch: 1200, Loss: 0.0014, Train: 11.13%, Valid: 10.87%, Test: 10.68%, Best Valid: 13.54%, Best Test: 13.78%
Epoch: 1300, Loss: 0.0112, Train: 10.50%, Valid: 9.89%, Test: 10.01%, Best Valid: 13.54%, Best Test: 13.78%
Epoch: 1400, Loss: 0.0087, Train: 10.66%, Valid: 9.96%, Test: 10.10%, Best Valid: 13.54%, Best Test: 13.78%
Epoch: 1500, Loss: 0.0039, Train: 11.87%, Valid: 10.96%, Test: 11.07%, Best Valid: 13.54%, Best Test: 13.78%
Epoch: 1600, Loss: 0.0008, Train: 12.32%, Valid: 11.54%, Test: 11.14%, Best Valid: 13.54%, Best Test: 13.78%
Epoch: 1700, Loss: 0.0001, Train: 11.67%, Valid: 11.32%, Test: 10.55%, Best Valid: 13.54%, Best Test: 13.78%
Epoch: 1800, Loss: 0.0005, Train: 11.71%, Valid: 11.07%, Test: 10.47%, Best Valid: 13.54%, Best Test: 13.78%
Epoch: 1900, Loss: 0.0394, Train: 11.43%, Valid: 10.94%, Test: 11.03%, Best Valid: 13.54%, Best Test: 13.78%
Epoch: 2000, Loss: 0.1012, Train: 11.24%, Valid: 10.98%, Test: 11.30%, Best Valid: 13.54%, Best Test: 13.78%
Epoch: 2100, Loss: 0.0034, Train: 11.82%, Valid: 11.28%, Test: 11.58%, Best Valid: 13.54%, Best Test: 13.78%
Epoch: 2200, Loss: 0.0003, Train: 11.53%, Valid: 11.19%, Test: 11.54%, Best Valid: 13.54%, Best Test: 13.78%
Epoch: 2300, Loss: 0.0024, Train: 12.32%, Valid: 11.72%, Test: 11.75%, Best Valid: 13.54%, Best Test: 13.78%
Epoch: 2400, Loss: 0.0003, Train: 12.10%, Valid: 11.12%, Test: 11.91%, Best Valid: 13.54%, Best Test: 13.78%
Run 03:
Highest Train: 13.68
Highest Valid: 13.54
Highest Test: 13.78
Chosen epoch: 0
Final Train: 13.68
Final Test: 13.78
Label budget: 5/class -> 90 train nodes
Computing oracle penalty matrix from true labels...
Oracle penalty matrix frozen.
Epoch: 00, Loss: 3.6126, Train: 4.95%, Valid: 4.94%, Test: 5.01%, Best Valid: 4.94%, Best Test: 5.01%
Epoch: 100, Loss: 0.2231, Train: 11.10%, Valid: 10.50%, Test: 10.91%, Best Valid: 11.33%, Best Test: 11.07%
Epoch: 200, Loss: 0.0198, Train: 11.53%, Valid: 11.05%, Test: 11.03%, Best Valid: 11.63%, Best Test: 10.75%
Epoch: 300, Loss: 0.0540, Train: 11.72%, Valid: 10.80%, Test: 11.10%, Best Valid: 12.11%, Best Test: 11.63%
Epoch: 400, Loss: 0.0213, Train: 10.69%, Valid: 10.47%, Test: 9.80%, Best Valid: 12.48%, Best Test: 12.28%
Epoch: 500, Loss: 0.0167, Train: 10.82%, Valid: 10.70%, Test: 10.45%, Best Valid: 12.48%, Best Test: 12.28%
Epoch: 600, Loss: 0.0014, Train: 12.11%, Valid: 12.16%, Test: 11.19%, Best Valid: 12.48%, Best Test: 12.28%
Epoch: 700, Loss: 0.0024, Train: 12.11%, Valid: 11.65%, Test: 11.52%, Best Valid: 12.48%, Best Test: 12.28%
Epoch: 800, Loss: 0.0032, Train: 13.20%, Valid: 12.55%, Test: 12.21%, Best Valid: 13.49%, Best Test: 13.08%
Epoch: 900, Loss: 0.0066, Train: 11.85%, Valid: 11.60%, Test: 10.45%, Best Valid: 13.49%, Best Test: 13.08%
Epoch: 1000, Loss: 0.0068, Train: 11.74%, Valid: 10.86%, Test: 10.43%, Best Valid: 13.49%, Best Test: 13.08%
Epoch: 1100, Loss: 0.1198, Train: 10.09%, Valid: 9.48%, Test: 9.16%, Best Valid: 13.49%, Best Test: 13.08%
Epoch: 1200, Loss: 0.0132, Train: 12.69%, Valid: 12.18%, Test: 12.00%, Best Valid: 13.49%, Best Test: 13.08%
Epoch: 1300, Loss: 0.0082, Train: 12.50%, Valid: 11.76%, Test: 12.23%, Best Valid: 13.49%, Best Test: 13.08%
Epoch: 1400, Loss: 0.0011, Train: 12.08%, Valid: 10.93%, Test: 11.15%, Best Valid: 13.49%, Best Test: 13.08%
Epoch: 1500, Loss: 0.0003, Train: 11.86%, Valid: 11.16%, Test: 10.85%, Best Valid: 13.49%, Best Test: 13.08%
Epoch: 1600, Loss: 0.0083, Train: 12.55%, Valid: 11.16%, Test: 11.21%, Best Valid: 13.49%, Best Test: 13.08%
Epoch: 1700, Loss: 0.0008, Train: 11.87%, Valid: 10.89%, Test: 11.00%, Best Valid: 13.49%, Best Test: 13.08%
Epoch: 1800, Loss: 0.0007, Train: 12.60%, Valid: 11.84%, Test: 11.88%, Best Valid: 13.49%, Best Test: 13.08%
Epoch: 1900, Loss: 0.0003, Train: 11.80%, Valid: 11.19%, Test: 10.91%, Best Valid: 13.49%, Best Test: 13.08%
Epoch: 2000, Loss: 0.0036, Train: 11.76%, Valid: 11.14%, Test: 10.94%, Best Valid: 13.49%, Best Test: 13.08%
Epoch: 2100, Loss: 0.0282, Train: 11.08%, Valid: 10.40%, Test: 10.48%, Best Valid: 13.49%, Best Test: 13.08%
Epoch: 2200, Loss: 0.0026, Train: 10.92%, Valid: 10.49%, Test: 10.54%, Best Valid: 13.49%, Best Test: 13.08%
Epoch: 2300, Loss: 0.0047, Train: 12.85%, Valid: 12.53%, Test: 11.97%, Best Valid: 13.49%, Best Test: 13.08%
Epoch: 2400, Loss: 0.0005, Train: 11.25%, Valid: 10.71%, Test: 10.41%, Best Valid: 13.49%, Best Test: 13.08%
Run 04:
Highest Train: 13.67
Highest Valid: 13.49
Highest Test: 13.11
Chosen epoch: 784
Final Train: 13.64
Final Test: 13.08
Label budget: 5/class -> 90 train nodes
Computing oracle penalty matrix from true labels...
Oracle penalty matrix frozen.
Epoch: 00, Loss: 3.6033, Train: 3.76%, Valid: 3.76%, Test: 3.76%, Best Valid: 3.76%, Best Test: 3.76%
Epoch: 100, Loss: 0.3882, Train: 11.82%, Valid: 10.59%, Test: 10.78%, Best Valid: 10.59%, Best Test: 10.78%
Epoch: 200, Loss: 0.0559, Train: 12.71%, Valid: 12.18%, Test: 12.34%, Best Valid: 12.34%, Best Test: 12.83%
Epoch: 300, Loss: 0.0087, Train: 12.34%, Valid: 12.16%, Test: 11.86%, Best Valid: 13.08%, Best Test: 13.96%
Epoch: 400, Loss: 0.0141, Train: 11.52%, Valid: 10.70%, Test: 11.26%, Best Valid: 13.29%, Best Test: 12.80%
Epoch: 500, Loss: 0.0045, Train: 12.67%, Valid: 11.62%, Test: 12.34%, Best Valid: 13.29%, Best Test: 12.80%
Epoch: 600, Loss: 0.0436, Train: 11.65%, Valid: 10.79%, Test: 10.70%, Best Valid: 13.29%, Best Test: 12.80%
Epoch: 700, Loss: 0.0085, Train: 11.55%, Valid: 10.41%, Test: 10.75%, Best Valid: 13.29%, Best Test: 12.80%
Epoch: 800, Loss: 0.0062, Train: 13.26%, Valid: 12.32%, Test: 12.50%, Best Valid: 13.29%, Best Test: 12.80%
Epoch: 900, Loss: 0.0020, Train: 10.48%, Valid: 9.66%, Test: 10.02%, Best Valid: 13.29%, Best Test: 12.80%
Epoch: 1000, Loss: 0.0220, Train: 12.84%, Valid: 11.46%, Test: 12.25%, Best Valid: 13.29%, Best Test: 12.80%
Epoch: 1100, Loss: 0.0138, Train: 11.55%, Valid: 10.73%, Test: 12.04%, Best Valid: 13.50%, Best Test: 14.53%
Epoch: 1200, Loss: 0.0013, Train: 12.89%, Valid: 11.21%, Test: 12.25%, Best Valid: 13.50%, Best Test: 14.53%
Epoch: 1300, Loss: 0.0007, Train: 13.04%, Valid: 12.11%, Test: 12.81%, Best Valid: 13.50%, Best Test: 14.53%
Epoch: 1400, Loss: 0.0026, Train: 11.81%, Valid: 11.03%, Test: 11.24%, Best Valid: 13.50%, Best Test: 14.53%
Epoch: 1500, Loss: 0.0002, Train: 12.54%, Valid: 11.28%, Test: 11.88%, Best Valid: 13.50%, Best Test: 14.53%
Epoch: 1600, Loss: 0.0003, Train: 12.89%, Valid: 11.16%, Test: 12.28%, Best Valid: 13.50%, Best Test: 14.53%
Epoch: 1700, Loss: 0.0006, Train: 13.41%, Valid: 11.39%, Test: 12.46%, Best Valid: 13.50%, Best Test: 14.53%
Epoch: 1800, Loss: 0.0005, Train: 13.30%, Valid: 11.47%, Test: 12.32%, Best Valid: 13.50%, Best Test: 14.53%
Epoch: 1900, Loss: 0.0381, Train: 13.79%, Valid: 12.14%, Test: 12.81%, Best Valid: 13.50%, Best Test: 14.53%
Epoch: 2000, Loss: 0.0424, Train: 14.26%, Valid: 13.20%, Test: 13.63%, Best Valid: 13.50%, Best Test: 14.53%
Epoch: 2100, Loss: 0.0346, Train: 14.09%, Valid: 12.59%, Test: 13.31%, Best Valid: 13.56%, Best Test: 14.01%
Epoch: 2200, Loss: 0.0015, Train: 13.14%, Valid: 12.00%, Test: 12.60%, Best Valid: 13.56%, Best Test: 14.01%
Epoch: 2300, Loss: 0.0002, Train: 13.28%, Valid: 11.60%, Test: 12.62%, Best Valid: 13.56%, Best Test: 14.01%
Epoch: 2400, Loss: 0.0012, Train: 13.25%, Valid: 11.65%, Test: 12.41%, Best Valid: 13.56%, Best Test: 14.01%
Run 05:
Highest Train: 15.23
Highest Valid: 13.56
Highest Test: 14.74
Chosen epoch: 2038
Final Train: 14.39
Final Test: 14.01
Label budget: 5/class -> 90 train nodes
Computing oracle penalty matrix from true labels...
Oracle penalty matrix frozen.
Epoch: 00, Loss: 3.6089, Train: 2.23%, Valid: 2.21%, Test: 2.08%, Best Valid: 2.21%, Best Test: 2.08%
Epoch: 100, Loss: 0.4625, Train: 9.52%, Valid: 9.50%, Test: 9.72%, Best Valid: 9.51%, Best Test: 9.58%
Epoch: 200, Loss: 0.0848, Train: 10.36%, Valid: 10.43%, Test: 10.64%, Best Valid: 11.54%, Best Test: 11.54%
Epoch: 300, Loss: 0.0565, Train: 12.35%, Valid: 12.13%, Test: 11.61%, Best Valid: 12.25%, Best Test: 11.54%
Epoch: 400, Loss: 0.1106, Train: 13.16%, Valid: 13.13%, Test: 12.73%, Best Valid: 13.13%, Best Test: 12.73%
Epoch: 500, Loss: 0.0196, Train: 11.87%, Valid: 12.34%, Test: 12.21%, Best Valid: 13.24%, Best Test: 12.95%
Epoch: 600, Loss: 0.0023, Train: 12.31%, Valid: 12.18%, Test: 11.93%, Best Valid: 13.45%, Best Test: 12.28%
Epoch: 700, Loss: 0.0016, Train: 12.66%, Valid: 13.06%, Test: 12.48%, Best Valid: 13.65%, Best Test: 13.40%
Epoch: 800, Loss: 0.0049, Train: 12.27%, Valid: 11.63%, Test: 11.90%, Best Valid: 13.65%, Best Test: 13.40%
Epoch: 900, Loss: 0.0319, Train: 12.00%, Valid: 11.86%, Test: 11.72%, Best Valid: 14.10%, Best Test: 13.08%
Epoch: 1000, Loss: 0.0151, Train: 13.18%, Valid: 13.19%, Test: 13.13%, Best Valid: 14.10%, Best Test: 13.08%
Epoch: 1100, Loss: 0.0008, Train: 13.13%, Valid: 12.80%, Test: 13.18%, Best Valid: 14.10%, Best Test: 13.08%
Epoch: 1200, Loss: 0.0006, Train: 13.04%, Valid: 12.82%, Test: 12.97%, Best Valid: 14.10%, Best Test: 13.08%
Epoch: 1300, Loss: 0.0007, Train: 13.41%, Valid: 13.13%, Test: 13.04%, Best Valid: 14.10%, Best Test: 13.08%
Epoch: 1400, Loss: 0.0175, Train: 12.42%, Valid: 11.65%, Test: 12.90%, Best Valid: 14.10%, Best Test: 13.08%
Epoch: 1500, Loss: 0.0047, Train: 11.93%, Valid: 11.86%, Test: 12.39%, Best Valid: 14.10%, Best Test: 13.08%
Epoch: 1600, Loss: 0.0008, Train: 11.91%, Valid: 12.41%, Test: 12.11%, Best Valid: 14.55%, Best Test: 14.72%
Epoch: 1700, Loss: 0.0013, Train: 12.45%, Valid: 11.62%, Test: 11.88%, Best Valid: 14.55%, Best Test: 14.72%
Epoch: 1800, Loss: 0.0015, Train: 12.89%, Valid: 12.55%, Test: 12.46%, Best Valid: 14.55%, Best Test: 14.72%
Epoch: 1900, Loss: 0.0028, Train: 11.99%, Valid: 11.65%, Test: 11.40%, Best Valid: 14.55%, Best Test: 14.72%
Epoch: 2000, Loss: 0.0027, Train: 12.89%, Valid: 12.67%, Test: 12.18%, Best Valid: 14.55%, Best Test: 14.72%
Epoch: 2100, Loss: 0.0020, Train: 13.13%, Valid: 13.10%, Test: 12.83%, Best Valid: 14.55%, Best Test: 14.72%
Epoch: 2200, Loss: 0.0029, Train: 13.26%, Valid: 13.36%, Test: 12.97%, Best Valid: 14.55%, Best Test: 14.72%
Epoch: 2300, Loss: 0.0004, Train: 13.69%, Valid: 13.82%, Test: 13.29%, Best Valid: 14.55%, Best Test: 14.72%
Epoch: 2400, Loss: 0.0006, Train: 13.26%, Valid: 13.54%, Test: 13.15%, Best Valid: 14.65%, Best Test: 13.93%
Run 06:
Highest Train: 14.99
Highest Valid: 14.65
Highest Test: 15.00
Chosen epoch: 2377
Final Train: 14.28
Final Test: 13.93
Label budget: 5/class -> 90 train nodes
Computing oracle penalty matrix from true labels...
Oracle penalty matrix frozen.
Epoch: 00, Loss: 3.6825, Train: 9.85%, Valid: 9.92%, Test: 9.72%, Best Valid: 9.92%, Best Test: 9.72%
Epoch: 100, Loss: 0.3763, Train: 10.46%, Valid: 11.17%, Test: 9.92%, Best Valid: 11.69%, Best Test: 11.88%
Epoch: 200, Loss: 0.0523, Train: 11.29%, Valid: 11.65%, Test: 11.31%, Best Valid: 12.34%, Best Test: 11.56%
Epoch: 300, Loss: 0.0354, Train: 11.91%, Valid: 11.69%, Test: 11.07%, Best Valid: 12.87%, Best Test: 11.88%
Epoch: 400, Loss: 0.0203, Train: 11.58%, Valid: 11.69%, Test: 11.01%, Best Valid: 12.90%, Best Test: 11.74%
Epoch: 500, Loss: 0.0028, Train: 10.93%, Valid: 10.98%, Test: 10.34%, Best Valid: 12.90%, Best Test: 11.74%
Epoch: 600, Loss: 0.0047, Train: 10.80%, Valid: 10.96%, Test: 11.01%, Best Valid: 13.05%, Best Test: 12.50%
Epoch: 700, Loss: 0.0007, Train: 10.57%, Valid: 11.17%, Test: 10.38%, Best Valid: 13.05%, Best Test: 12.50%
Epoch: 800, Loss: 0.0017, Train: 11.40%, Valid: 11.00%, Test: 10.68%, Best Valid: 13.05%, Best Test: 12.50%
Epoch: 900, Loss: 0.0244, Train: 10.34%, Valid: 9.76%, Test: 9.20%, Best Valid: 13.05%, Best Test: 12.50%
Epoch: 1000, Loss: 0.0110, Train: 11.15%, Valid: 11.60%, Test: 11.07%, Best Valid: 13.05%, Best Test: 12.50%
Epoch: 1100, Loss: 0.0027, Train: 10.98%, Valid: 11.02%, Test: 10.40%, Best Valid: 13.05%, Best Test: 12.50%
Epoch: 1200, Loss: 0.0004, Train: 11.69%, Valid: 11.63%, Test: 10.91%, Best Valid: 13.05%, Best Test: 12.50%
Epoch: 1300, Loss: 0.0002, Train: 11.38%, Valid: 11.05%, Test: 10.78%, Best Valid: 13.05%, Best Test: 12.50%
Epoch: 1400, Loss: 0.0507, Train: 12.37%, Valid: 11.97%, Test: 11.84%, Best Valid: 13.05%, Best Test: 12.50%
Epoch: 1500, Loss: 0.0027, Train: 13.09%, Valid: 12.78%, Test: 12.50%, Best Valid: 13.17%, Best Test: 12.18%
Epoch: 1600, Loss: 0.0004, Train: 11.35%, Valid: 11.63%, Test: 11.52%, Best Valid: 13.17%, Best Test: 12.18%
Epoch: 1700, Loss: 0.0864, Train: 11.50%, Valid: 11.58%, Test: 11.31%, Best Valid: 13.17%, Best Test: 12.18%
Epoch: 1800, Loss: 0.0015, Train: 11.83%, Valid: 11.67%, Test: 11.05%, Best Valid: 13.17%, Best Test: 12.18%
Epoch: 1900, Loss: 0.0004, Train: 11.31%, Valid: 11.56%, Test: 10.40%, Best Valid: 13.17%, Best Test: 12.18%
Epoch: 2000, Loss: 0.0002, Train: 11.30%, Valid: 11.46%, Test: 10.87%, Best Valid: 13.17%, Best Test: 12.18%
Epoch: 2100, Loss: 0.0289, Train: 12.45%, Valid: 12.30%, Test: 11.97%, Best Valid: 13.17%, Best Test: 12.18%
Epoch: 2200, Loss: 0.0020, Train: 11.99%, Valid: 11.60%, Test: 11.63%, Best Valid: 13.17%, Best Test: 12.18%
Epoch: 2300, Loss: 0.0041, Train: 11.61%, Valid: 11.19%, Test: 11.00%, Best Valid: 13.17%, Best Test: 12.18%
Epoch: 2400, Loss: 0.0204, Train: 11.46%, Valid: 11.86%, Test: 10.94%, Best Valid: 13.17%, Best Test: 12.18%
Run 07:
Highest Train: 13.18
Highest Valid: 13.17
Highest Test: 13.03
Chosen epoch: 1404
Final Train: 12.76
Final Test: 12.18
Label budget: 5/class -> 90 train nodes
Computing oracle penalty matrix from true labels...
Oracle penalty matrix frozen.
Epoch: 00, Loss: 3.7030, Train: 3.48%, Valid: 3.50%, Test: 3.48%, Best Valid: 3.50%, Best Test: 3.48%
Epoch: 100, Loss: 0.5658, Train: 12.32%, Valid: 11.60%, Test: 11.47%, Best Valid: 14.16%, Best Test: 14.14%
Epoch: 200, Loss: 0.0183, Train: 11.98%, Valid: 11.88%, Test: 11.45%, Best Valid: 14.16%, Best Test: 14.14%
Epoch: 300, Loss: 0.0786, Train: 12.51%, Valid: 12.62%, Test: 12.27%, Best Valid: 14.16%, Best Test: 14.14%
Epoch: 400, Loss: 0.0545, Train: 12.20%, Valid: 11.77%, Test: 11.88%, Best Valid: 14.35%, Best Test: 13.93%
Epoch: 500, Loss: 0.0466, Train: 14.04%, Valid: 13.45%, Test: 13.20%, Best Valid: 14.35%, Best Test: 13.93%
Epoch: 600, Loss: 0.0065, Train: 12.13%, Valid: 11.60%, Test: 11.77%, Best Valid: 15.04%, Best Test: 14.91%
Epoch: 700, Loss: 0.0016, Train: 12.67%, Valid: 12.37%, Test: 12.46%, Best Valid: 15.04%, Best Test: 14.91%
Epoch: 800, Loss: 0.0161, Train: 13.56%, Valid: 13.65%, Test: 12.99%, Best Valid: 15.66%, Best Test: 15.09%
Epoch: 900, Loss: 0.0008, Train: 13.70%, Valid: 13.77%, Test: 13.52%, Best Valid: 15.66%, Best Test: 15.09%
Epoch: 1000, Loss: 0.0003, Train: 13.44%, Valid: 13.31%, Test: 13.04%, Best Valid: 15.66%, Best Test: 15.09%
Epoch: 1100, Loss: 0.0051, Train: 13.70%, Valid: 12.67%, Test: 13.82%, Best Valid: 15.66%, Best Test: 15.09%
Epoch: 1200, Loss: 0.0018, Train: 14.31%, Valid: 13.13%, Test: 13.84%, Best Valid: 15.66%, Best Test: 15.09%
Epoch: 1300, Loss: 0.0453, Train: 13.07%, Valid: 12.76%, Test: 12.12%, Best Valid: 15.66%, Best Test: 15.09%
Epoch: 1400, Loss: 0.0666, Train: 13.06%, Valid: 12.34%, Test: 12.21%, Best Valid: 15.66%, Best Test: 15.09%
Epoch: 1500, Loss: 0.0014, Train: 13.57%, Valid: 12.99%, Test: 13.36%, Best Valid: 15.66%, Best Test: 15.09%
Epoch: 1600, Loss: 0.0007, Train: 13.64%, Valid: 13.06%, Test: 13.84%, Best Valid: 15.66%, Best Test: 15.09%
Epoch: 1700, Loss: 0.0256, Train: 13.59%, Valid: 13.12%, Test: 12.74%, Best Valid: 15.66%, Best Test: 15.09%
Epoch: 1800, Loss: 0.0012, Train: 13.68%, Valid: 12.87%, Test: 12.94%, Best Valid: 15.66%, Best Test: 15.09%
Epoch: 1900, Loss: 0.0080, Train: 12.58%, Valid: 11.74%, Test: 12.23%, Best Valid: 15.66%, Best Test: 15.09%
Epoch: 2000, Loss: 0.0028, Train: 12.23%, Valid: 10.96%, Test: 12.28%, Best Valid: 15.66%, Best Test: 15.09%
Epoch: 2100, Loss: 0.0015, Train: 14.15%, Valid: 13.47%, Test: 13.59%, Best Valid: 15.66%, Best Test: 15.09%
Epoch: 2200, Loss: 0.0715, Train: 12.97%, Valid: 12.46%, Test: 12.62%, Best Valid: 15.66%, Best Test: 15.09%
Epoch: 2300, Loss: 0.0050, Train: 12.22%, Valid: 11.28%, Test: 11.90%, Best Valid: 15.66%, Best Test: 15.09%
Epoch: 2400, Loss: 0.0371, Train: 12.54%, Valid: 11.84%, Test: 11.68%, Best Valid: 15.66%, Best Test: 15.09%
Run 08:
Highest Train: 15.65
Highest Valid: 15.66
Highest Test: 15.20
Chosen epoch: 764
Final Train: 15.36
Final Test: 15.09
Label budget: 5/class -> 90 train nodes
Computing oracle penalty matrix from true labels...
Oracle penalty matrix frozen.
Epoch: 00, Loss: 3.6544, Train: 10.26%, Valid: 10.29%, Test: 10.47%, Best Valid: 10.29%, Best Test: 10.47%
Epoch: 100, Loss: 0.3922, Train: 11.87%, Valid: 10.79%, Test: 11.45%, Best Valid: 13.96%, Best Test: 13.96%
Epoch: 200, Loss: 0.0474, Train: 13.03%, Valid: 12.32%, Test: 12.69%, Best Valid: 13.96%, Best Test: 13.96%
Epoch: 300, Loss: 0.0209, Train: 13.31%, Valid: 12.06%, Test: 12.50%, Best Valid: 13.96%, Best Test: 13.96%
Epoch: 400, Loss: 0.0056, Train: 11.66%, Valid: 10.98%, Test: 11.40%, Best Valid: 13.96%, Best Test: 13.96%
Epoch: 500, Loss: 0.0077, Train: 11.64%, Valid: 10.49%, Test: 11.17%, Best Valid: 13.96%, Best Test: 13.96%
Epoch: 600, Loss: 0.0022, Train: 12.00%, Valid: 11.65%, Test: 11.38%, Best Valid: 13.96%, Best Test: 13.96%
Epoch: 700, Loss: 0.0117, Train: 11.97%, Valid: 11.88%, Test: 11.70%, Best Valid: 13.96%, Best Test: 13.96%
Epoch: 800, Loss: 0.0016, Train: 12.80%, Valid: 11.86%, Test: 12.41%, Best Valid: 13.96%, Best Test: 13.96%
Epoch: 900, Loss: 0.0247, Train: 13.46%, Valid: 12.53%, Test: 13.06%, Best Valid: 13.96%, Best Test: 13.96%
Epoch: 1000, Loss: 0.0070, Train: 13.83%, Valid: 13.42%, Test: 13.94%, Best Valid: 13.96%, Best Test: 13.96%
Epoch: 1100, Loss: 0.0039, Train: 12.51%, Valid: 12.23%, Test: 12.25%, Best Valid: 13.96%, Best Test: 13.96%
Epoch: 1200, Loss: 0.0017, Train: 12.20%, Valid: 10.98%, Test: 12.04%, Best Valid: 13.96%, Best Test: 13.96%
Epoch: 1300, Loss: 0.0005, Train: 11.97%, Valid: 11.07%, Test: 11.86%, Best Valid: 13.96%, Best Test: 13.96%
Epoch: 1400, Loss: 0.0002, Train: 11.61%, Valid: 11.17%, Test: 11.61%, Best Valid: 13.96%, Best Test: 13.96%
Epoch: 1500, Loss: 0.0041, Train: 12.18%, Valid: 11.97%, Test: 12.25%, Best Valid: 13.96%, Best Test: 13.96%
Epoch: 1600, Loss: 0.0179, Train: 13.81%, Valid: 12.90%, Test: 13.40%, Best Valid: 13.96%, Best Test: 13.96%
Epoch: 1700, Loss: 0.0008, Train: 12.58%, Valid: 11.97%, Test: 12.46%, Best Valid: 13.96%, Best Test: 13.96%
Epoch: 1800, Loss: 0.0654, Train: 11.80%, Valid: 11.10%, Test: 11.40%, Best Valid: 13.96%, Best Test: 13.96%
Epoch: 1900, Loss: 0.0003, Train: 12.49%, Valid: 11.46%, Test: 11.61%, Best Valid: 13.96%, Best Test: 13.96%
Epoch: 2000, Loss: 0.0002, Train: 12.30%, Valid: 11.97%, Test: 11.67%, Best Valid: 13.96%, Best Test: 13.96%
Epoch: 2100, Loss: 0.0014, Train: 12.62%, Valid: 12.27%, Test: 12.60%, Best Valid: 13.96%, Best Test: 13.96%
Epoch: 2200, Loss: 0.0672, Train: 11.86%, Valid: 11.28%, Test: 11.75%, Best Valid: 13.96%, Best Test: 13.96%
Epoch: 2300, Loss: 0.0008, Train: 14.00%, Valid: 12.82%, Test: 13.10%, Best Valid: 13.96%, Best Test: 13.96%
Epoch: 2400, Loss: 0.0245, Train: 13.08%, Valid: 11.51%, Test: 12.42%, Best Valid: 13.96%, Best Test: 13.96%
Run 09:
Highest Train: 14.33
Highest Valid: 13.96
Highest Test: 14.03
Chosen epoch: 1
Final Train: 13.95
Final Test: 13.96
Label budget: 5/class -> 90 train nodes
Computing oracle penalty matrix from true labels...
Oracle penalty matrix frozen.
Epoch: 00, Loss: 3.6210, Train: 4.17%, Valid: 4.17%, Test: 4.17%, Best Valid: 4.17%, Best Test: 4.17%
Epoch: 100, Loss: 0.4011, Train: 9.39%, Valid: 8.53%, Test: 8.91%, Best Valid: 9.78%, Best Test: 9.48%
Epoch: 200, Loss: 0.0205, Train: 10.19%, Valid: 8.93%, Test: 9.39%, Best Valid: 11.33%, Best Test: 11.14%
Epoch: 300, Loss: 0.0224, Train: 10.86%, Valid: 9.74%, Test: 9.67%, Best Valid: 11.84%, Best Test: 10.77%
Epoch: 400, Loss: 0.0109, Train: 11.74%, Valid: 10.59%, Test: 10.24%, Best Valid: 11.84%, Best Test: 10.77%
Epoch: 500, Loss: 0.0027, Train: 11.25%, Valid: 10.49%, Test: 10.10%, Best Valid: 11.95%, Best Test: 11.81%
Epoch: 600, Loss: 0.0095, Train: 11.01%, Valid: 9.64%, Test: 9.97%, Best Valid: 11.95%, Best Test: 11.81%
Epoch: 700, Loss: 0.0032, Train: 11.77%, Valid: 10.64%, Test: 10.17%, Best Valid: 11.95%, Best Test: 11.81%
Epoch: 800, Loss: 0.0029, Train: 12.08%, Valid: 10.56%, Test: 10.55%, Best Valid: 11.95%, Best Test: 11.81%
Epoch: 900, Loss: 0.0002, Train: 12.96%, Valid: 11.76%, Test: 11.24%, Best Valid: 12.52%, Best Test: 11.97%
Epoch: 1000, Loss: 0.0007, Train: 12.63%, Valid: 11.90%, Test: 11.22%, Best Valid: 12.67%, Best Test: 11.61%
Epoch: 1100, Loss: 0.0017, Train: 12.50%, Valid: 11.16%, Test: 11.54%, Best Valid: 12.67%, Best Test: 11.61%
Epoch: 1200, Loss: 0.0080, Train: 12.09%, Valid: 11.39%, Test: 10.85%, Best Valid: 12.67%, Best Test: 11.61%
Epoch: 1300, Loss: 0.0011, Train: 12.05%, Valid: 11.44%, Test: 10.91%, Best Valid: 12.67%, Best Test: 11.61%
Epoch: 1400, Loss: 0.0034, Train: 12.92%, Valid: 11.90%, Test: 11.86%, Best Valid: 12.67%, Best Test: 11.61%
Epoch: 1500, Loss: 0.0008, Train: 13.34%, Valid: 12.09%, Test: 12.50%, Best Valid: 12.67%, Best Test: 11.61%
Epoch: 1600, Loss: 0.0345, Train: 13.33%, Valid: 12.34%, Test: 11.86%, Best Valid: 12.67%, Best Test: 11.61%
Epoch: 1700, Loss: 0.0027, Train: 12.93%, Valid: 12.36%, Test: 12.18%, Best Valid: 14.28%, Best Test: 13.33%
Epoch: 1800, Loss: 0.0002, Train: 12.24%, Valid: 11.54%, Test: 11.45%, Best Valid: 14.28%, Best Test: 13.33%
Epoch: 1900, Loss: 0.0003, Train: 12.60%, Valid: 11.56%, Test: 11.14%, Best Valid: 14.28%, Best Test: 13.33%
Epoch: 2000, Loss: 0.0036, Train: 11.27%, Valid: 10.24%, Test: 10.52%, Best Valid: 14.28%, Best Test: 13.33%
Epoch: 2100, Loss: 0.0024, Train: 12.38%, Valid: 11.32%, Test: 11.12%, Best Valid: 14.28%, Best Test: 13.33%
Epoch: 2200, Loss: 0.0014, Train: 12.59%, Valid: 11.44%, Test: 11.33%, Best Valid: 14.28%, Best Test: 13.33%
Epoch: 2300, Loss: 0.0027, Train: 12.28%, Valid: 11.07%, Test: 10.68%, Best Valid: 14.28%, Best Test: 13.33%
Epoch: 2400, Loss: 0.0002, Train: 12.51%, Valid: 11.79%, Test: 11.72%, Best Valid: 14.28%, Best Test: 13.33%
Run 10:
Highest Train: 14.53
Highest Valid: 14.28
Highest Test: 13.36
Chosen epoch: 1621
Final Train: 14.14
Final Test: 13.33
All runs:
Highest Train: 14.62 ± 0.97
Highest Test: 14.18 ± 0.95
Highest Valid: 14.09 ± 0.81
  Final Train: 14.29 ± 0.95
   Final Test: 13.84 ± 0.95
Saving results to results/lowlabel/roman-empire/MPNN_gcn.csv
--- oracle_reg | lambda=0.4 ---
Namespace(bn=True, budget_tag='5', count_reg=False, count_smoothing=1.0, cpu=False, data_dir='./data/', dataset='roman-empire', device=0, display_step=100, dropout=0.5, epochs=2500, gnn='gcn', hidden_channels=512, jk=False, label_num_per_class=20, lambda_val=0.4, ln=False, local_layers=9, lr=0.001, metric='acc', mlp_epochs=500, mlp_reg=False, model='MPNN', model_dir='models', num_heads=1, oracle_reg=True, paired_seeds=True, penalty_transform='none', pre_linear=True, pre_ln=False, rand_split=False, rand_split_class=False, reg_start_epoch=10, reg_update_freq=5, res=True, resample_split_per_run=False, result_dir='results/lowlabel', runs=10, save_model=False, seed=42, test_num=1000, train_per_class=5, train_prop=0.5, use_reg=True, valid_num=500, valid_per_class=0, valid_prop=0.25, weight_decay=0.0)
roman-empire
dataset roman-empire | num nodes 22662 | num edge 32927 | num node feats 300 | num classes 18
MODEL: MPNNs(
  (h_lins): ModuleList()
  (local_convs): ModuleList(
    (0): GCNConv(512, 512)
    (1): GCNConv(512, 512)
    (2): GCNConv(512, 512)
    (3): GCNConv(512, 512)
    (4): GCNConv(512, 512)
    (5): GCNConv(512, 512)
    (6): GCNConv(512, 512)
    (7): GCNConv(512, 512)
    (8): GCNConv(512, 512)
  )
  (lins): ModuleList(
    (0): Linear(in_features=512, out_features=512, bias=True)
    (1): Linear(in_features=512, out_features=512, bias=True)
    (2): Linear(in_features=512, out_features=512, bias=True)
    (3): Linear(in_features=512, out_features=512, bias=True)
    (4): Linear(in_features=512, out_features=512, bias=True)
    (5): Linear(in_features=512, out_features=512, bias=True)
    (6): Linear(in_features=512, out_features=512, bias=True)
    (7): Linear(in_features=512, out_features=512, bias=True)
    (8): Linear(in_features=512, out_features=512, bias=True)
  )
  (lns): ModuleList(
    (0): LayerNorm((512,), eps=1e-05, elementwise_affine=True)
    (1): LayerNorm((512,), eps=1e-05, elementwise_affine=True)
    (2): LayerNorm((512,), eps=1e-05, elementwise_affine=True)
    (3): LayerNorm((512,), eps=1e-05, elementwise_affine=True)
    (4): LayerNorm((512,), eps=1e-05, elementwise_affine=True)
    (5): LayerNorm((512,), eps=1e-05, elementwise_affine=True)
    (6): LayerNorm((512,), eps=1e-05, elementwise_affine=True)
    (7): LayerNorm((512,), eps=1e-05, elementwise_affine=True)
    (8): LayerNorm((512,), eps=1e-05, elementwise_affine=True)
  )
  (bns): ModuleList(
    (0): BatchNorm1d(512, eps=1e-05, momentum=0.1, affine=True, track_running_stats=True)
    (1): BatchNorm1d(512, eps=1e-05, momentum=0.1, affine=True, track_running_stats=True)
    (2): BatchNorm1d(512, eps=1e-05, momentum=0.1, affine=True, track_running_stats=True)
    (3): BatchNorm1d(512, eps=1e-05, momentum=0.1, affine=True, track_running_stats=True)
    (4): BatchNorm1d(512, eps=1e-05, momentum=0.1, affine=True, track_running_stats=True)
    (5): BatchNorm1d(512, eps=1e-05, momentum=0.1, affine=True, track_running_stats=True)
    (6): BatchNorm1d(512, eps=1e-05, momentum=0.1, affine=True, track_running_stats=True)
    (7): BatchNorm1d(512, eps=1e-05, momentum=0.1, affine=True, track_running_stats=True)
    (8): BatchNorm1d(512, eps=1e-05, momentum=0.1, affine=True, track_running_stats=True)
  )
  (lin_in): Linear(in_features=300, out_features=512, bias=True)
  (pred_local): Linear(in_features=512, out_features=18, bias=True)
)
Label budget: 5/class -> 90 train nodes
Computing oracle penalty matrix from true labels...
Oracle penalty matrix frozen.
Epoch: 00, Loss: 4.3481, Train: 4.17%, Valid: 4.17%, Test: 4.17%, Best Valid: 4.17%, Best Test: 4.17%
Epoch: 100, Loss: 0.5253, Train: 9.30%, Valid: 8.17%, Test: 8.05%, Best Valid: 8.31%, Best Test: 8.37%
Epoch: 200, Loss: 0.0662, Train: 13.51%, Valid: 12.29%, Test: 12.67%, Best Valid: 12.29%, Best Test: 12.67%
Epoch: 300, Loss: 0.0473, Train: 13.38%, Valid: 12.18%, Test: 13.17%, Best Valid: 13.20%, Best Test: 13.03%
Epoch: 400, Loss: 0.0037, Train: 15.39%, Valid: 14.26%, Test: 14.45%, Best Valid: 14.39%, Best Test: 14.77%
Epoch: 500, Loss: 0.0030, Train: 13.94%, Valid: 13.01%, Test: 13.33%, Best Valid: 14.39%, Best Test: 14.77%
Epoch: 600, Loss: 0.0284, Train: 12.83%, Valid: 11.95%, Test: 11.95%, Best Valid: 14.39%, Best Test: 14.77%
Epoch: 700, Loss: 0.0030, Train: 13.20%, Valid: 12.76%, Test: 12.09%, Best Valid: 14.39%, Best Test: 14.77%
Epoch: 800, Loss: 0.0015, Train: 14.18%, Valid: 13.49%, Test: 13.57%, Best Valid: 14.39%, Best Test: 14.77%
Epoch: 900, Loss: 0.0246, Train: 12.48%, Valid: 11.95%, Test: 11.93%, Best Valid: 14.39%, Best Test: 14.77%
Epoch: 1000, Loss: 0.0186, Train: 13.75%, Valid: 12.83%, Test: 12.46%, Best Valid: 14.39%, Best Test: 14.77%
Epoch: 1100, Loss: 0.0002, Train: 13.87%, Valid: 13.12%, Test: 12.95%, Best Valid: 14.39%, Best Test: 14.77%
Epoch: 1200, Loss: 0.0005, Train: 13.27%, Valid: 12.44%, Test: 12.65%, Best Valid: 14.39%, Best Test: 14.77%
Epoch: 1300, Loss: 0.0020, Train: 12.14%, Valid: 11.42%, Test: 10.92%, Best Valid: 14.39%, Best Test: 14.77%
Epoch: 1400, Loss: 0.0415, Train: 14.69%, Valid: 13.68%, Test: 13.50%, Best Valid: 14.44%, Best Test: 14.33%
Epoch: 1500, Loss: 0.0236, Train: 15.37%, Valid: 14.69%, Test: 14.70%, Best Valid: 14.99%, Best Test: 14.60%
Epoch: 1600, Loss: 0.0020, Train: 14.19%, Valid: 13.19%, Test: 13.01%, Best Valid: 14.99%, Best Test: 14.60%
Epoch: 1700, Loss: 0.0070, Train: 14.22%, Valid: 13.73%, Test: 13.33%, Best Valid: 14.99%, Best Test: 14.60%
Epoch: 1800, Loss: 0.0017, Train: 13.44%, Valid: 13.26%, Test: 13.68%, Best Valid: 14.99%, Best Test: 14.60%
Epoch: 1900, Loss: 0.0007, Train: 12.13%, Valid: 11.74%, Test: 12.32%, Best Valid: 14.99%, Best Test: 14.60%
Epoch: 2000, Loss: 0.0830, Train: 13.86%, Valid: 13.15%, Test: 12.88%, Best Valid: 14.99%, Best Test: 14.60%
Epoch: 2100, Loss: 0.0448, Train: 13.96%, Valid: 13.03%, Test: 13.78%, Best Valid: 14.99%, Best Test: 14.60%
Epoch: 2200, Loss: 0.0004, Train: 14.57%, Valid: 13.95%, Test: 14.01%, Best Valid: 14.99%, Best Test: 14.60%
Epoch: 2300, Loss: 0.0001, Train: 13.86%, Valid: 13.26%, Test: 13.78%, Best Valid: 14.99%, Best Test: 14.60%
Epoch: 2400, Loss: 0.0001, Train: 14.19%, Valid: 13.27%, Test: 13.94%, Best Valid: 14.99%, Best Test: 14.60%
Run 01:
Highest Train: 15.73
Highest Valid: 14.99
Highest Test: 15.18
Chosen epoch: 1457
Final Train: 15.20
Final Test: 14.60
Label budget: 5/class -> 90 train nodes
Computing oracle penalty matrix from true labels...
Oracle penalty matrix frozen.
Epoch: 00, Loss: 4.2572, Train: 4.78%, Valid: 4.73%, Test: 4.64%, Best Valid: 4.73%, Best Test: 4.64%
Epoch: 100, Loss: 0.5658, Train: 12.77%, Valid: 11.97%, Test: 11.35%, Best Valid: 12.30%, Best Test: 12.18%
Epoch: 200, Loss: 0.0825, Train: 12.95%, Valid: 12.25%, Test: 11.52%, Best Valid: 13.98%, Best Test: 13.27%
Epoch: 300, Loss: 0.0458, Train: 13.50%, Valid: 12.64%, Test: 12.62%, Best Valid: 13.98%, Best Test: 13.27%
Epoch: 400, Loss: 0.0324, Train: 12.90%, Valid: 11.65%, Test: 11.93%, Best Valid: 13.98%, Best Test: 13.27%
Epoch: 500, Loss: 0.0186, Train: 12.35%, Valid: 11.02%, Test: 11.14%, Best Valid: 13.98%, Best Test: 13.27%
Epoch: 600, Loss: 0.0013, Train: 12.60%, Valid: 11.58%, Test: 11.30%, Best Valid: 13.98%, Best Test: 13.27%
Epoch: 700, Loss: 0.0377, Train: 11.15%, Valid: 10.64%, Test: 10.22%, Best Valid: 13.98%, Best Test: 13.27%
Epoch: 800, Loss: 0.0320, Train: 13.45%, Valid: 12.41%, Test: 12.57%, Best Valid: 13.98%, Best Test: 13.27%
Epoch: 900, Loss: 0.0061, Train: 11.90%, Valid: 11.14%, Test: 10.66%, Best Valid: 13.98%, Best Test: 13.27%
Epoch: 1000, Loss: 0.0020, Train: 12.68%, Valid: 11.26%, Test: 11.70%, Best Valid: 13.98%, Best Test: 13.27%
Epoch: 1100, Loss: 0.0248, Train: 12.48%, Valid: 11.49%, Test: 10.96%, Best Valid: 13.98%, Best Test: 13.27%
Epoch: 1200, Loss: 0.0006, Train: 13.20%, Valid: 11.99%, Test: 12.05%, Best Valid: 13.98%, Best Test: 13.27%
Epoch: 1300, Loss: 0.0008, Train: 13.11%, Valid: 11.74%, Test: 12.14%, Best Valid: 13.98%, Best Test: 13.27%
Epoch: 1400, Loss: 0.0632, Train: 13.84%, Valid: 11.95%, Test: 12.64%, Best Valid: 13.98%, Best Test: 13.27%
Epoch: 1500, Loss: 0.0853, Train: 12.29%, Valid: 10.94%, Test: 11.47%, Best Valid: 13.98%, Best Test: 13.27%
Epoch: 1600, Loss: 0.0496, Train: 12.18%, Valid: 11.00%, Test: 10.94%, Best Valid: 13.98%, Best Test: 13.27%
Epoch: 1700, Loss: 0.0053, Train: 11.87%, Valid: 10.50%, Test: 10.70%, Best Valid: 13.98%, Best Test: 13.27%
Epoch: 1800, Loss: 0.0020, Train: 13.60%, Valid: 12.52%, Test: 11.61%, Best Valid: 13.98%, Best Test: 13.27%
Epoch: 1900, Loss: 0.0078, Train: 11.26%, Valid: 10.06%, Test: 10.64%, Best Valid: 13.98%, Best Test: 13.27%
Epoch: 2000, Loss: 0.0039, Train: 12.56%, Valid: 10.94%, Test: 11.24%, Best Valid: 13.98%, Best Test: 13.27%
Epoch: 2100, Loss: 0.0008, Train: 11.99%, Valid: 10.86%, Test: 10.77%, Best Valid: 13.98%, Best Test: 13.27%
Epoch: 2200, Loss: 0.0014, Train: 12.97%, Valid: 11.39%, Test: 11.47%, Best Valid: 13.98%, Best Test: 13.27%
Epoch: 2300, Loss: 0.0007, Train: 12.13%, Valid: 11.33%, Test: 11.31%, Best Valid: 13.98%, Best Test: 13.27%
Epoch: 2400, Loss: 0.0013, Train: 12.24%, Valid: 11.72%, Test: 11.65%, Best Valid: 13.98%, Best Test: 13.27%
Run 02:
Highest Train: 14.80
Highest Valid: 13.98
Highest Test: 13.61
Chosen epoch: 192
Final Train: 14.19
Final Test: 13.27
Label budget: 5/class -> 90 train nodes
Computing oracle penalty matrix from true labels...
Oracle penalty matrix frozen.
Epoch: 00, Loss: 4.3462, Train: 13.80%, Valid: 13.66%, Test: 13.77%, Best Valid: 13.66%, Best Test: 13.77%
Epoch: 100, Loss: 0.2767, Train: 12.57%, Valid: 12.39%, Test: 12.23%, Best Valid: 13.66%, Best Test: 13.77%
Epoch: 200, Loss: 0.0450, Train: 10.76%, Valid: 10.19%, Test: 10.40%, Best Valid: 13.66%, Best Test: 13.77%
Epoch: 300, Loss: 0.0175, Train: 11.15%, Valid: 10.80%, Test: 10.77%, Best Valid: 13.66%, Best Test: 13.77%
Epoch: 400, Loss: 0.0116, Train: 11.00%, Valid: 10.87%, Test: 10.48%, Best Valid: 13.66%, Best Test: 13.77%
Epoch: 500, Loss: 0.0148, Train: 11.53%, Valid: 11.54%, Test: 11.30%, Best Valid: 13.66%, Best Test: 13.77%
Epoch: 600, Loss: 0.0487, Train: 11.68%, Valid: 11.51%, Test: 11.68%, Best Valid: 13.66%, Best Test: 13.77%
Epoch: 700, Loss: 0.0022, Train: 11.46%, Valid: 10.84%, Test: 11.03%, Best Valid: 13.66%, Best Test: 13.77%
Epoch: 800, Loss: 0.0676, Train: 11.30%, Valid: 11.00%, Test: 10.80%, Best Valid: 13.66%, Best Test: 13.77%
Epoch: 900, Loss: 0.1073, Train: 11.71%, Valid: 11.35%, Test: 11.51%, Best Valid: 13.66%, Best Test: 13.77%
Epoch: 1000, Loss: 0.0025, Train: 11.83%, Valid: 12.06%, Test: 11.26%, Best Valid: 13.66%, Best Test: 13.77%
Epoch: 1100, Loss: 0.0032, Train: 11.16%, Valid: 10.89%, Test: 10.92%, Best Valid: 13.66%, Best Test: 13.77%
Epoch: 1200, Loss: 0.0031, Train: 12.64%, Valid: 11.92%, Test: 11.72%, Best Valid: 13.66%, Best Test: 13.77%
Epoch: 1300, Loss: 0.0326, Train: 12.44%, Valid: 12.09%, Test: 12.05%, Best Valid: 13.66%, Best Test: 13.77%
Epoch: 1400, Loss: 0.0640, Train: 12.30%, Valid: 11.83%, Test: 12.09%, Best Valid: 13.66%, Best Test: 13.77%
Epoch: 1500, Loss: 0.0167, Train: 12.40%, Valid: 12.27%, Test: 12.12%, Best Valid: 13.66%, Best Test: 13.77%
Epoch: 1600, Loss: 0.0003, Train: 13.17%, Valid: 12.71%, Test: 12.11%, Best Valid: 13.66%, Best Test: 13.77%
Epoch: 1700, Loss: 0.0002, Train: 12.60%, Valid: 11.84%, Test: 11.63%, Best Valid: 13.66%, Best Test: 13.77%
Epoch: 1800, Loss: 0.0006, Train: 12.13%, Valid: 11.77%, Test: 11.70%, Best Valid: 13.66%, Best Test: 13.77%
Epoch: 1900, Loss: 0.0079, Train: 11.31%, Valid: 10.79%, Test: 10.70%, Best Valid: 13.66%, Best Test: 13.77%
Epoch: 2000, Loss: 0.0008, Train: 12.06%, Valid: 11.72%, Test: 11.82%, Best Valid: 13.66%, Best Test: 13.77%
Epoch: 2100, Loss: 0.0005, Train: 11.94%, Valid: 11.54%, Test: 11.86%, Best Valid: 13.66%, Best Test: 13.77%
Epoch: 2200, Loss: 0.0006, Train: 12.28%, Valid: 12.07%, Test: 11.93%, Best Valid: 13.66%, Best Test: 13.77%
Epoch: 2300, Loss: 0.0005, Train: 12.41%, Valid: 11.69%, Test: 12.09%, Best Valid: 13.66%, Best Test: 13.77%
Epoch: 2400, Loss: 0.0006, Train: 12.20%, Valid: 11.53%, Test: 11.65%, Best Valid: 13.66%, Best Test: 13.77%
Run 03:
Highest Train: 13.84
Highest Valid: 13.66
Highest Test: 13.77
Chosen epoch: 0
Final Train: 13.80
Final Test: 13.77
Label budget: 5/class -> 90 train nodes
Computing oracle penalty matrix from true labels...
Oracle penalty matrix frozen.
Epoch: 00, Loss: 4.2147, Train: 5.24%, Valid: 5.30%, Test: 5.35%, Best Valid: 5.30%, Best Test: 5.35%
Epoch: 100, Loss: 0.2515, Train: 11.98%, Valid: 11.79%, Test: 11.49%, Best Valid: 13.35%, Best Test: 13.36%
Epoch: 200, Loss: 0.0331, Train: 10.99%, Valid: 10.96%, Test: 10.57%, Best Valid: 13.35%, Best Test: 13.36%
Epoch: 300, Loss: 0.0054, Train: 11.29%, Valid: 11.07%, Test: 11.22%, Best Valid: 13.35%, Best Test: 13.36%
Epoch: 400, Loss: 0.0104, Train: 11.31%, Valid: 11.42%, Test: 10.77%, Best Valid: 13.35%, Best Test: 13.36%
Epoch: 500, Loss: 0.1106, Train: 13.56%, Valid: 12.96%, Test: 12.88%, Best Valid: 13.61%, Best Test: 13.20%
Epoch: 600, Loss: 0.1006, Train: 11.66%, Valid: 11.95%, Test: 11.60%, Best Valid: 13.61%, Best Test: 13.20%
Epoch: 700, Loss: 0.0153, Train: 11.94%, Valid: 10.84%, Test: 11.10%, Best Valid: 13.61%, Best Test: 13.20%
Epoch: 800, Loss: 0.0030, Train: 12.22%, Valid: 11.72%, Test: 11.63%, Best Valid: 13.61%, Best Test: 13.20%
Epoch: 900, Loss: 0.0012, Train: 10.93%, Valid: 10.11%, Test: 10.38%, Best Valid: 13.61%, Best Test: 13.20%
Epoch: 1000, Loss: 0.0013, Train: 12.04%, Valid: 11.47%, Test: 11.35%, Best Valid: 13.61%, Best Test: 13.20%
Epoch: 1100, Loss: 0.0023, Train: 12.76%, Valid: 12.06%, Test: 11.67%, Best Valid: 13.61%, Best Test: 13.20%
Epoch: 1200, Loss: 0.0167, Train: 11.83%, Valid: 10.73%, Test: 11.47%, Best Valid: 13.61%, Best Test: 13.20%
Epoch: 1300, Loss: 0.0012, Train: 10.67%, Valid: 9.96%, Test: 10.54%, Best Valid: 13.61%, Best Test: 13.20%
Epoch: 1400, Loss: 0.0002, Train: 11.00%, Valid: 10.66%, Test: 10.48%, Best Valid: 13.61%, Best Test: 13.20%
Epoch: 1500, Loss: 0.0007, Train: 11.28%, Valid: 10.89%, Test: 10.70%, Best Valid: 13.61%, Best Test: 13.20%
Epoch: 1600, Loss: 0.0000, Train: 11.92%, Valid: 11.65%, Test: 11.44%, Best Valid: 13.61%, Best Test: 13.20%
Epoch: 1700, Loss: 0.0002, Train: 12.16%, Valid: 11.56%, Test: 11.35%, Best Valid: 13.61%, Best Test: 13.20%
Epoch: 1800, Loss: 0.0026, Train: 12.65%, Valid: 12.22%, Test: 12.00%, Best Valid: 13.61%, Best Test: 13.20%
Epoch: 1900, Loss: 0.0049, Train: 11.46%, Valid: 10.70%, Test: 11.19%, Best Valid: 13.61%, Best Test: 13.20%
Epoch: 2000, Loss: 0.0004, Train: 11.34%, Valid: 10.36%, Test: 10.29%, Best Valid: 13.61%, Best Test: 13.20%
Epoch: 2100, Loss: 0.0005, Train: 10.73%, Valid: 10.47%, Test: 9.92%, Best Valid: 13.61%, Best Test: 13.20%
Epoch: 2200, Loss: 0.0011, Train: 11.57%, Valid: 11.05%, Test: 11.52%, Best Valid: 13.61%, Best Test: 13.20%
Epoch: 2300, Loss: 0.0029, Train: 11.41%, Valid: 11.24%, Test: 11.12%, Best Valid: 13.61%, Best Test: 13.20%
Epoch: 2400, Loss: 0.0279, Train: 11.87%, Valid: 11.99%, Test: 11.68%, Best Valid: 13.61%, Best Test: 13.20%
Run 04:
Highest Train: 13.91
Highest Valid: 13.61
Highest Test: 13.38
Chosen epoch: 496
Final Train: 13.89
Final Test: 13.20
Label budget: 5/class -> 90 train nodes
Computing oracle penalty matrix from true labels...
Oracle penalty matrix frozen.
Epoch: 00, Loss: 4.2039, Train: 3.76%, Valid: 3.76%, Test: 3.76%, Best Valid: 3.76%, Best Test: 3.76%
Epoch: 100, Loss: 0.5121, Train: 10.46%, Valid: 9.37%, Test: 10.18%, Best Valid: 9.60%, Best Test: 9.62%
Epoch: 200, Loss: 0.0354, Train: 13.66%, Valid: 12.73%, Test: 13.73%, Best Valid: 12.73%, Best Test: 13.73%
Epoch: 300, Loss: 0.0385, Train: 14.76%, Valid: 13.12%, Test: 14.42%, Best Valid: 13.12%, Best Test: 14.42%
Epoch: 400, Loss: 0.0265, Train: 12.36%, Valid: 11.09%, Test: 12.00%, Best Valid: 13.12%, Best Test: 14.42%
Epoch: 500, Loss: 0.0078, Train: 13.33%, Valid: 12.25%, Test: 13.10%, Best Valid: 13.12%, Best Test: 14.42%
Epoch: 600, Loss: 0.0454, Train: 11.98%, Valid: 10.93%, Test: 11.65%, Best Valid: 13.12%, Best Test: 14.42%
Epoch: 700, Loss: 0.0095, Train: 13.04%, Valid: 12.20%, Test: 12.83%, Best Valid: 13.12%, Best Test: 14.42%
Epoch: 800, Loss: 0.1672, Train: 11.73%, Valid: 10.82%, Test: 11.28%, Best Valid: 13.12%, Best Test: 14.42%
Epoch: 900, Loss: 0.1325, Train: 13.04%, Valid: 12.41%, Test: 12.58%, Best Valid: 13.19%, Best Test: 13.64%
Epoch: 1000, Loss: 0.0012, Train: 13.88%, Valid: 12.23%, Test: 12.80%, Best Valid: 13.19%, Best Test: 13.64%
Epoch: 1100, Loss: 0.0288, Train: 11.63%, Valid: 11.00%, Test: 11.28%, Best Valid: 13.19%, Best Test: 13.64%
Epoch: 1200, Loss: 0.0029, Train: 13.49%, Valid: 12.11%, Test: 12.53%, Best Valid: 13.19%, Best Test: 13.64%
Epoch: 1300, Loss: 0.0315, Train: 12.89%, Valid: 12.44%, Test: 12.78%, Best Valid: 13.19%, Best Test: 13.64%
Epoch: 1400, Loss: 0.0010, Train: 12.61%, Valid: 11.70%, Test: 11.97%, Best Valid: 13.19%, Best Test: 13.64%
Epoch: 1500, Loss: 0.0003, Train: 12.67%, Valid: 11.65%, Test: 12.02%, Best Valid: 13.19%, Best Test: 13.64%
Epoch: 1600, Loss: 0.0073, Train: 12.68%, Valid: 12.00%, Test: 12.42%, Best Valid: 13.19%, Best Test: 13.64%
Epoch: 1700, Loss: 0.0030, Train: 13.65%, Valid: 12.60%, Test: 13.15%, Best Valid: 13.95%, Best Test: 13.82%
Epoch: 1800, Loss: 0.0675, Train: 13.19%, Valid: 12.60%, Test: 12.69%, Best Valid: 13.95%, Best Test: 13.82%
Epoch: 1900, Loss: 0.0019, Train: 13.54%, Valid: 12.66%, Test: 13.55%, Best Valid: 13.95%, Best Test: 13.82%
Epoch: 2000, Loss: 0.0007, Train: 13.64%, Valid: 12.92%, Test: 13.63%, Best Valid: 13.95%, Best Test: 13.82%
Epoch: 2100, Loss: 0.0007, Train: 12.94%, Valid: 11.72%, Test: 12.83%, Best Valid: 13.95%, Best Test: 13.82%
Epoch: 2200, Loss: 0.0006, Train: 12.52%, Valid: 12.18%, Test: 12.51%, Best Valid: 13.95%, Best Test: 13.82%
Epoch: 2300, Loss: 0.0014, Train: 12.41%, Valid: 11.58%, Test: 12.34%, Best Valid: 13.95%, Best Test: 13.82%
Epoch: 2400, Loss: 0.0005, Train: 12.66%, Valid: 11.54%, Test: 12.53%, Best Valid: 13.95%, Best Test: 13.82%
Run 05:
Highest Train: 14.88
Highest Valid: 13.95
Highest Test: 15.11
Chosen epoch: 1642
Final Train: 14.76
Final Test: 13.82
Label budget: 5/class -> 90 train nodes
Computing oracle penalty matrix from true labels...
Oracle penalty matrix frozen.
Epoch: 00, Loss: 4.2104, Train: 2.34%, Valid: 2.56%, Test: 2.47%, Best Valid: 2.56%, Best Test: 2.47%
Epoch: 100, Loss: 0.4363, Train: 9.58%, Valid: 9.59%, Test: 9.83%, Best Valid: 9.59%, Best Test: 9.83%
Epoch: 200, Loss: 0.1919, Train: 10.65%, Valid: 10.91%, Test: 10.59%, Best Valid: 11.77%, Best Test: 11.19%
Epoch: 300, Loss: 0.0493, Train: 12.05%, Valid: 11.84%, Test: 11.88%, Best Valid: 13.08%, Best Test: 12.97%
Epoch: 400, Loss: 0.0359, Train: 12.56%, Valid: 12.20%, Test: 12.04%, Best Valid: 13.08%, Best Test: 12.97%
Epoch: 500, Loss: 0.0294, Train: 11.89%, Valid: 12.23%, Test: 11.77%, Best Valid: 13.61%, Best Test: 12.69%
Epoch: 600, Loss: 0.0523, Train: 12.89%, Valid: 12.94%, Test: 12.50%, Best Valid: 13.75%, Best Test: 12.87%
Epoch: 700, Loss: 0.0026, Train: 12.69%, Valid: 12.39%, Test: 12.28%, Best Valid: 13.75%, Best Test: 12.87%
Epoch: 800, Loss: 0.0037, Train: 12.20%, Valid: 11.90%, Test: 11.70%, Best Valid: 13.75%, Best Test: 12.87%
Epoch: 900, Loss: 0.0076, Train: 11.71%, Valid: 11.81%, Test: 11.03%, Best Valid: 13.75%, Best Test: 12.87%
Epoch: 1000, Loss: 0.0151, Train: 13.39%, Valid: 13.50%, Test: 12.65%, Best Valid: 13.87%, Best Test: 13.22%
Epoch: 1100, Loss: 0.0202, Train: 12.01%, Valid: 12.09%, Test: 11.42%, Best Valid: 13.87%, Best Test: 13.22%
Epoch: 1200, Loss: 0.0027, Train: 12.27%, Valid: 12.02%, Test: 11.68%, Best Valid: 13.87%, Best Test: 13.22%
Epoch: 1300, Loss: 0.0004, Train: 12.83%, Valid: 12.97%, Test: 12.60%, Best Valid: 13.87%, Best Test: 13.22%
Epoch: 1400, Loss: 0.0008, Train: 12.70%, Valid: 12.48%, Test: 12.69%, Best Valid: 13.87%, Best Test: 13.22%
Epoch: 1500, Loss: 0.0034, Train: 12.53%, Valid: 11.92%, Test: 12.92%, Best Valid: 13.87%, Best Test: 13.22%
Epoch: 1600, Loss: 0.0135, Train: 11.92%, Valid: 11.16%, Test: 10.94%, Best Valid: 13.87%, Best Test: 13.22%
Epoch: 1700, Loss: 0.0010, Train: 12.61%, Valid: 12.37%, Test: 12.21%, Best Valid: 13.87%, Best Test: 13.22%
Epoch: 1800, Loss: 0.0085, Train: 13.89%, Valid: 14.07%, Test: 13.63%, Best Valid: 14.25%, Best Test: 13.70%
Epoch: 1900, Loss: 0.0007, Train: 13.36%, Valid: 13.79%, Test: 12.50%, Best Valid: 14.25%, Best Test: 13.70%
Epoch: 2000, Loss: 0.0364, Train: 13.96%, Valid: 13.91%, Test: 13.41%, Best Valid: 14.25%, Best Test: 13.70%
Epoch: 2100, Loss: 0.0065, Train: 12.63%, Valid: 12.96%, Test: 12.46%, Best Valid: 14.25%, Best Test: 13.70%
Epoch: 2200, Loss: 0.0003, Train: 13.86%, Valid: 14.07%, Test: 13.63%, Best Valid: 14.32%, Best Test: 13.80%
Epoch: 2300, Loss: 0.0016, Train: 13.11%, Valid: 13.24%, Test: 13.22%, Best Valid: 14.60%, Best Test: 13.33%
Epoch: 2400, Loss: 0.0001, Train: 13.05%, Valid: 13.24%, Test: 13.08%, Best Valid: 14.60%, Best Test: 13.33%
Run 06:
Highest Train: 14.48
Highest Valid: 14.60
Highest Test: 14.03
Chosen epoch: 2212
Final Train: 13.60
Final Test: 13.33
Label budget: 5/class -> 90 train nodes
Computing oracle penalty matrix from true labels...
Oracle penalty matrix frozen.
Epoch: 00, Loss: 4.2962, Train: 9.68%, Valid: 9.69%, Test: 9.67%, Best Valid: 9.69%, Best Test: 9.67%
Epoch: 100, Loss: 0.4459, Train: 11.97%, Valid: 11.97%, Test: 11.90%, Best Valid: 11.97%, Best Test: 11.90%
Epoch: 200, Loss: 0.0340, Train: 11.53%, Valid: 11.70%, Test: 11.79%, Best Valid: 13.22%, Best Test: 12.64%
Epoch: 300, Loss: 0.0713, Train: 13.16%, Valid: 11.90%, Test: 12.48%, Best Valid: 13.22%, Best Test: 12.64%
Epoch: 400, Loss: 0.0633, Train: 12.58%, Valid: 12.32%, Test: 12.11%, Best Valid: 13.22%, Best Test: 12.64%
Epoch: 500, Loss: 0.0049, Train: 12.52%, Valid: 12.30%, Test: 11.65%, Best Valid: 13.22%, Best Test: 12.64%
Epoch: 600, Loss: 0.0037, Train: 11.92%, Valid: 12.04%, Test: 11.33%, Best Valid: 13.22%, Best Test: 12.64%
Epoch: 700, Loss: 0.0027, Train: 12.09%, Valid: 11.92%, Test: 11.95%, Best Valid: 13.22%, Best Test: 12.64%
Epoch: 800, Loss: 0.0124, Train: 10.89%, Valid: 11.23%, Test: 10.59%, Best Valid: 13.22%, Best Test: 12.64%
Epoch: 900, Loss: 0.0015, Train: 12.05%, Valid: 11.95%, Test: 11.88%, Best Valid: 13.86%, Best Test: 13.27%
Epoch: 1000, Loss: 0.0024, Train: 11.38%, Valid: 11.23%, Test: 11.15%, Best Valid: 13.86%, Best Test: 13.27%
Epoch: 1100, Loss: 0.0087, Train: 11.47%, Valid: 11.93%, Test: 11.08%, Best Valid: 13.86%, Best Test: 13.27%
Epoch: 1200, Loss: 0.0002, Train: 11.63%, Valid: 11.83%, Test: 10.91%, Best Valid: 13.86%, Best Test: 13.27%
Epoch: 1300, Loss: 0.0293, Train: 10.35%, Valid: 10.47%, Test: 9.69%, Best Valid: 13.86%, Best Test: 13.27%
Epoch: 1400, Loss: 0.0642, Train: 11.25%, Valid: 10.89%, Test: 10.61%, Best Valid: 13.86%, Best Test: 13.27%
Epoch: 1500, Loss: 0.0996, Train: 10.11%, Valid: 9.87%, Test: 9.51%, Best Valid: 13.86%, Best Test: 13.27%
Epoch: 1600, Loss: 0.0005, Train: 11.23%, Valid: 11.56%, Test: 10.87%, Best Valid: 13.86%, Best Test: 13.27%
Epoch: 1700, Loss: 0.0003, Train: 12.32%, Valid: 12.57%, Test: 11.91%, Best Valid: 13.86%, Best Test: 13.27%
Epoch: 1800, Loss: 0.0010, Train: 11.81%, Valid: 12.37%, Test: 11.14%, Best Valid: 13.86%, Best Test: 13.27%
Epoch: 1900, Loss: 0.0006, Train: 12.40%, Valid: 12.80%, Test: 12.20%, Best Valid: 13.86%, Best Test: 13.27%
Epoch: 2000, Loss: 0.0071, Train: 12.23%, Valid: 12.32%, Test: 11.31%, Best Valid: 13.86%, Best Test: 13.27%
Epoch: 2100, Loss: 0.0001, Train: 12.19%, Valid: 11.88%, Test: 11.52%, Best Valid: 13.86%, Best Test: 13.27%
Epoch: 2200, Loss: 0.0005, Train: 12.33%, Valid: 12.20%, Test: 11.10%, Best Valid: 13.86%, Best Test: 13.27%
Epoch: 2300, Loss: 0.0004, Train: 11.76%, Valid: 12.27%, Test: 10.89%, Best Valid: 13.86%, Best Test: 13.27%
Epoch: 2400, Loss: 0.0001, Train: 11.20%, Valid: 11.39%, Test: 10.31%, Best Valid: 13.86%, Best Test: 13.27%
Run 07:
Highest Train: 13.51
Highest Valid: 13.86
Highest Test: 13.36
Chosen epoch: 816
Final Train: 13.29
Final Test: 13.27
Label budget: 5/class -> 90 train nodes
Computing oracle penalty matrix from true labels...
Oracle penalty matrix frozen.
Epoch: 00, Loss: 4.3202, Train: 3.48%, Valid: 3.50%, Test: 3.48%, Best Valid: 3.50%, Best Test: 3.48%
Epoch: 100, Loss: 0.5838, Train: 11.43%, Valid: 11.33%, Test: 10.64%, Best Valid: 13.80%, Best Test: 13.80%
Epoch: 200, Loss: 0.0290, Train: 12.61%, Valid: 13.08%, Test: 11.91%, Best Valid: 13.80%, Best Test: 13.80%
Epoch: 300, Loss: 0.0179, Train: 13.91%, Valid: 14.10%, Test: 12.81%, Best Valid: 14.95%, Best Test: 13.84%
Epoch: 400, Loss: 0.0321, Train: 13.11%, Valid: 12.57%, Test: 12.39%, Best Valid: 14.95%, Best Test: 13.84%
Epoch: 500, Loss: 0.0415, Train: 13.69%, Valid: 13.63%, Test: 13.20%, Best Valid: 14.95%, Best Test: 13.84%
Epoch: 600, Loss: 0.0019, Train: 13.32%, Valid: 13.52%, Test: 12.97%, Best Valid: 14.95%, Best Test: 13.84%
Epoch: 700, Loss: 0.0263, Train: 13.43%, Valid: 12.60%, Test: 12.53%, Best Valid: 14.95%, Best Test: 13.84%
Epoch: 800, Loss: 0.0028, Train: 13.22%, Valid: 12.92%, Test: 12.53%, Best Valid: 14.95%, Best Test: 13.84%
Epoch: 900, Loss: 0.0059, Train: 13.42%, Valid: 13.20%, Test: 12.92%, Best Valid: 14.95%, Best Test: 13.84%
Epoch: 1000, Loss: 0.0989, Train: 13.49%, Valid: 12.82%, Test: 12.58%, Best Valid: 14.95%, Best Test: 13.84%
Epoch: 1100, Loss: 0.1188, Train: 13.19%, Valid: 12.97%, Test: 13.04%, Best Valid: 14.95%, Best Test: 13.84%
Epoch: 1200, Loss: 0.0613, Train: 13.98%, Valid: 13.43%, Test: 13.63%, Best Valid: 14.95%, Best Test: 13.84%
Epoch: 1300, Loss: 0.0007, Train: 13.79%, Valid: 13.03%, Test: 13.20%, Best Valid: 14.95%, Best Test: 13.84%
Epoch: 1400, Loss: 0.0007, Train: 13.21%, Valid: 12.67%, Test: 12.55%, Best Valid: 14.95%, Best Test: 13.84%
Epoch: 1500, Loss: 0.0035, Train: 14.18%, Valid: 13.50%, Test: 13.48%, Best Valid: 14.95%, Best Test: 13.84%
Epoch: 1600, Loss: 0.0016, Train: 14.01%, Valid: 13.06%, Test: 13.75%, Best Valid: 14.95%, Best Test: 13.84%
Epoch: 1700, Loss: 0.0010, Train: 14.19%, Valid: 13.84%, Test: 13.61%, Best Valid: 14.95%, Best Test: 13.84%
Epoch: 1800, Loss: 0.0047, Train: 13.86%, Valid: 13.22%, Test: 13.70%, Best Valid: 14.95%, Best Test: 13.84%
Epoch: 1900, Loss: 0.0004, Train: 14.38%, Valid: 13.86%, Test: 13.84%, Best Valid: 14.95%, Best Test: 13.84%
Epoch: 2000, Loss: 0.0010, Train: 13.18%, Valid: 12.69%, Test: 13.68%, Best Valid: 14.95%, Best Test: 13.84%
Epoch: 2100, Loss: 0.0004, Train: 13.52%, Valid: 13.05%, Test: 13.54%, Best Valid: 14.95%, Best Test: 13.84%
Epoch: 2200, Loss: 0.0007, Train: 14.85%, Valid: 14.17%, Test: 14.45%, Best Valid: 14.95%, Best Test: 13.84%
Epoch: 2300, Loss: 0.0238, Train: 14.11%, Valid: 13.72%, Test: 13.94%, Best Valid: 14.95%, Best Test: 13.84%
Epoch: 2400, Loss: 0.0054, Train: 14.38%, Valid: 14.14%, Test: 13.77%, Best Valid: 14.95%, Best Test: 13.84%
Run 08:
Highest Train: 15.10
Highest Valid: 14.95
Highest Test: 14.91
Chosen epoch: 285
Final Train: 14.49
Final Test: 13.84
Label budget: 5/class -> 90 train nodes
Computing oracle penalty matrix from true labels...
Oracle penalty matrix frozen.
Epoch: 00, Loss: 4.2635, Train: 9.37%, Valid: 9.39%, Test: 9.46%, Best Valid: 9.39%, Best Test: 9.46%
Epoch: 100, Loss: 0.3859, Train: 11.92%, Valid: 11.30%, Test: 11.42%, Best Valid: 13.96%, Best Test: 13.96%
Epoch: 200, Loss: 0.0228, Train: 12.26%, Valid: 11.77%, Test: 12.16%, Best Valid: 13.96%, Best Test: 13.96%
Epoch: 300, Loss: 0.0895, Train: 12.76%, Valid: 12.14%, Test: 12.05%, Best Valid: 13.96%, Best Test: 13.96%
Epoch: 400, Loss: 0.0063, Train: 12.78%, Valid: 11.81%, Test: 12.55%, Best Valid: 13.96%, Best Test: 13.96%
Epoch: 500, Loss: 0.0160, Train: 13.16%, Valid: 12.37%, Test: 12.87%, Best Valid: 13.96%, Best Test: 13.96%
Epoch: 600, Loss: 0.0635, Train: 12.81%, Valid: 11.65%, Test: 12.50%, Best Valid: 13.96%, Best Test: 13.96%
Epoch: 700, Loss: 0.0122, Train: 11.98%, Valid: 11.62%, Test: 11.68%, Best Valid: 13.96%, Best Test: 13.96%
Epoch: 800, Loss: 0.0020, Train: 12.66%, Valid: 12.46%, Test: 12.23%, Best Valid: 13.96%, Best Test: 13.96%
Epoch: 900, Loss: 0.0118, Train: 12.28%, Valid: 12.00%, Test: 12.05%, Best Valid: 13.96%, Best Test: 13.96%
Epoch: 1000, Loss: 0.0019, Train: 12.13%, Valid: 11.99%, Test: 12.23%, Best Valid: 13.96%, Best Test: 13.96%
Epoch: 1100, Loss: 0.0039, Train: 11.99%, Valid: 11.21%, Test: 11.58%, Best Valid: 13.96%, Best Test: 13.96%
Epoch: 1200, Loss: 0.2911, Train: 12.83%, Valid: 11.51%, Test: 12.78%, Best Valid: 13.96%, Best Test: 13.96%
Epoch: 1300, Loss: 0.0292, Train: 12.61%, Valid: 11.83%, Test: 12.55%, Best Valid: 13.96%, Best Test: 13.96%
Epoch: 1400, Loss: 0.0118, Train: 13.10%, Valid: 11.90%, Test: 12.37%, Best Valid: 13.96%, Best Test: 13.96%
Epoch: 1500, Loss: 0.0006, Train: 12.86%, Valid: 11.69%, Test: 12.28%, Best Valid: 13.96%, Best Test: 13.96%
Epoch: 1600, Loss: 0.0015, Train: 13.04%, Valid: 12.53%, Test: 12.99%, Best Valid: 13.96%, Best Test: 13.96%
Epoch: 1700, Loss: 0.0006, Train: 13.87%, Valid: 13.08%, Test: 13.38%, Best Valid: 13.96%, Best Test: 13.96%
Epoch: 1800, Loss: 0.0007, Train: 11.90%, Valid: 11.84%, Test: 12.34%, Best Valid: 13.96%, Best Test: 13.96%
Epoch: 1900, Loss: 0.0002, Train: 13.48%, Valid: 12.25%, Test: 12.97%, Best Valid: 13.96%, Best Test: 13.96%
Epoch: 2000, Loss: 0.0002, Train: 13.29%, Valid: 12.27%, Test: 12.00%, Best Valid: 13.96%, Best Test: 13.96%
Epoch: 2100, Loss: 0.0013, Train: 13.77%, Valid: 12.76%, Test: 13.70%, Best Valid: 13.96%, Best Test: 13.96%
Epoch: 2200, Loss: 0.0872, Train: 13.94%, Valid: 12.94%, Test: 13.77%, Best Valid: 13.96%, Best Test: 13.96%
Epoch: 2300, Loss: 0.0005, Train: 13.50%, Valid: 12.30%, Test: 12.71%, Best Valid: 13.96%, Best Test: 13.96%
Epoch: 2400, Loss: 0.0001, Train: 14.32%, Valid: 13.63%, Test: 13.34%, Best Valid: 13.96%, Best Test: 13.96%
Run 09:
Highest Train: 14.85
Highest Valid: 13.96
Highest Test: 14.05
Chosen epoch: 1
Final Train: 13.95
Final Test: 13.96
Label budget: 5/class -> 90 train nodes
Computing oracle penalty matrix from true labels...
Oracle penalty matrix frozen.
Epoch: 00, Loss: 4.2245, Train: 4.17%, Valid: 4.17%, Test: 4.17%, Best Valid: 4.17%, Best Test: 4.17%
Epoch: 100, Loss: 0.4913, Train: 9.15%, Valid: 8.42%, Test: 8.26%, Best Valid: 9.87%, Best Test: 9.88%
Epoch: 200, Loss: 0.0253, Train: 12.28%, Valid: 10.91%, Test: 11.08%, Best Valid: 11.65%, Best Test: 11.95%
Epoch: 300, Loss: 0.0078, Train: 12.12%, Valid: 10.61%, Test: 11.21%, Best Valid: 11.69%, Best Test: 11.95%
Epoch: 400, Loss: 0.1140, Train: 12.36%, Valid: 10.77%, Test: 11.30%, Best Valid: 11.69%, Best Test: 11.95%
Epoch: 500, Loss: 0.0086, Train: 12.28%, Valid: 10.80%, Test: 11.51%, Best Valid: 12.37%, Best Test: 12.58%
Epoch: 600, Loss: 0.0518, Train: 11.98%, Valid: 10.91%, Test: 10.62%, Best Valid: 12.37%, Best Test: 12.58%
Epoch: 700, Loss: 0.0017, Train: 11.80%, Valid: 10.41%, Test: 11.30%, Best Valid: 12.37%, Best Test: 12.58%
Epoch: 800, Loss: 0.0091, Train: 12.80%, Valid: 11.83%, Test: 11.60%, Best Valid: 12.37%, Best Test: 12.58%
Epoch: 900, Loss: 0.0007, Train: 13.63%, Valid: 12.71%, Test: 12.73%, Best Valid: 13.33%, Best Test: 13.17%
Epoch: 1000, Loss: 0.0548, Train: 13.40%, Valid: 12.55%, Test: 12.41%, Best Valid: 13.33%, Best Test: 13.17%
Epoch: 1100, Loss: 0.0007, Train: 13.54%, Valid: 12.25%, Test: 12.73%, Best Valid: 14.19%, Best Test: 14.60%
Epoch: 1200, Loss: 0.0077, Train: 13.52%, Valid: 12.30%, Test: 12.78%, Best Valid: 14.19%, Best Test: 14.60%
Epoch: 1300, Loss: 0.0002, Train: 13.79%, Valid: 12.57%, Test: 12.64%, Best Valid: 14.19%, Best Test: 14.60%
Epoch: 1400, Loss: 0.0007, Train: 12.87%, Valid: 12.18%, Test: 12.51%, Best Valid: 14.19%, Best Test: 14.60%
Epoch: 1500, Loss: 0.0061, Train: 12.06%, Valid: 11.19%, Test: 11.28%, Best Valid: 14.19%, Best Test: 14.60%
Epoch: 1600, Loss: 0.0013, Train: 12.77%, Valid: 11.99%, Test: 11.52%, Best Valid: 14.19%, Best Test: 14.60%
Epoch: 1700, Loss: 0.0048, Train: 13.94%, Valid: 13.20%, Test: 13.33%, Best Valid: 14.19%, Best Test: 14.60%
Epoch: 1800, Loss: 0.0001, Train: 13.30%, Valid: 12.16%, Test: 12.64%, Best Valid: 14.19%, Best Test: 14.60%
Epoch: 1900, Loss: 0.0002, Train: 13.59%, Valid: 12.52%, Test: 12.95%, Best Valid: 14.19%, Best Test: 14.60%
Epoch: 2000, Loss: 0.0001, Train: 13.26%, Valid: 12.32%, Test: 12.42%, Best Valid: 14.19%, Best Test: 14.60%
Epoch: 2100, Loss: 0.0003, Train: 13.92%, Valid: 13.26%, Test: 13.01%, Best Valid: 14.19%, Best Test: 14.60%
Epoch: 2200, Loss: 0.0511, Train: 14.10%, Valid: 13.66%, Test: 13.48%, Best Valid: 14.76%, Best Test: 13.52%
Epoch: 2300, Loss: 0.0007, Train: 13.74%, Valid: 12.11%, Test: 12.94%, Best Valid: 14.76%, Best Test: 13.52%
Epoch: 2400, Loss: 0.0022, Train: 13.04%, Valid: 11.65%, Test: 12.39%, Best Valid: 14.76%, Best Test: 13.52%
Run 10:
Highest Train: 15.40
Highest Valid: 14.76
Highest Test: 14.65
Chosen epoch: 2140
Final Train: 15.06
Final Test: 13.52
All runs:
Highest Train: 14.65 ± 0.71
Highest Test: 14.20 ± 0.70
Highest Valid: 14.23 ± 0.53
  Final Train: 14.22 ± 0.63
   Final Test: 13.66 ± 0.43
Saving results to results/lowlabel/roman-empire/MPNN_gcn.csv
--- oracle_reg | lambda=0.8 ---
Namespace(bn=True, budget_tag='5', count_reg=False, count_smoothing=1.0, cpu=False, data_dir='./data/', dataset='roman-empire', device=0, display_step=100, dropout=0.5, epochs=2500, gnn='gcn', hidden_channels=512, jk=False, label_num_per_class=20, lambda_val=0.8, ln=False, local_layers=9, lr=0.001, metric='acc', mlp_epochs=500, mlp_reg=False, model='MPNN', model_dir='models', num_heads=1, oracle_reg=True, paired_seeds=True, penalty_transform='none', pre_linear=True, pre_ln=False, rand_split=False, rand_split_class=False, reg_start_epoch=10, reg_update_freq=5, res=True, resample_split_per_run=False, result_dir='results/lowlabel', runs=10, save_model=False, seed=42, test_num=1000, train_per_class=5, train_prop=0.5, use_reg=True, valid_num=500, valid_per_class=0, valid_prop=0.25, weight_decay=0.0)
roman-empire
dataset roman-empire | num nodes 22662 | num edge 32927 | num node feats 300 | num classes 18
MODEL: MPNNs(
  (h_lins): ModuleList()
  (local_convs): ModuleList(
    (0): GCNConv(512, 512)
    (1): GCNConv(512, 512)
    (2): GCNConv(512, 512)
    (3): GCNConv(512, 512)
    (4): GCNConv(512, 512)
    (5): GCNConv(512, 512)
    (6): GCNConv(512, 512)
    (7): GCNConv(512, 512)
    (8): GCNConv(512, 512)
  )
  (lins): ModuleList(
    (0): Linear(in_features=512, out_features=512, bias=True)
    (1): Linear(in_features=512, out_features=512, bias=True)
    (2): Linear(in_features=512, out_features=512, bias=True)
    (3): Linear(in_features=512, out_features=512, bias=True)
    (4): Linear(in_features=512, out_features=512, bias=True)
    (5): Linear(in_features=512, out_features=512, bias=True)
    (6): Linear(in_features=512, out_features=512, bias=True)
    (7): Linear(in_features=512, out_features=512, bias=True)
    (8): Linear(in_features=512, out_features=512, bias=True)
  )
  (lns): ModuleList(
    (0): LayerNorm((512,), eps=1e-05, elementwise_affine=True)
    (1): LayerNorm((512,), eps=1e-05, elementwise_affine=True)
    (2): LayerNorm((512,), eps=1e-05, elementwise_affine=True)
    (3): LayerNorm((512,), eps=1e-05, elementwise_affine=True)
    (4): LayerNorm((512,), eps=1e-05, elementwise_affine=True)
    (5): LayerNorm((512,), eps=1e-05, elementwise_affine=True)
    (6): LayerNorm((512,), eps=1e-05, elementwise_affine=True)
    (7): LayerNorm((512,), eps=1e-05, elementwise_affine=True)
    (8): LayerNorm((512,), eps=1e-05, elementwise_affine=True)
  )
  (bns): ModuleList(
    (0): BatchNorm1d(512, eps=1e-05, momentum=0.1, affine=True, track_running_stats=True)
    (1): BatchNorm1d(512, eps=1e-05, momentum=0.1, affine=True, track_running_stats=True)
    (2): BatchNorm1d(512, eps=1e-05, momentum=0.1, affine=True, track_running_stats=True)
    (3): BatchNorm1d(512, eps=1e-05, momentum=0.1, affine=True, track_running_stats=True)
    (4): BatchNorm1d(512, eps=1e-05, momentum=0.1, affine=True, track_running_stats=True)
    (5): BatchNorm1d(512, eps=1e-05, momentum=0.1, affine=True, track_running_stats=True)
    (6): BatchNorm1d(512, eps=1e-05, momentum=0.1, affine=True, track_running_stats=True)
    (7): BatchNorm1d(512, eps=1e-05, momentum=0.1, affine=True, track_running_stats=True)
    (8): BatchNorm1d(512, eps=1e-05, momentum=0.1, affine=True, track_running_stats=True)
  )
  (lin_in): Linear(in_features=300, out_features=512, bias=True)
  (pred_local): Linear(in_features=512, out_features=18, bias=True)
)
Label budget: 5/class -> 90 train nodes
Computing oracle penalty matrix from true labels...
Oracle penalty matrix frozen.
Epoch: 00, Loss: 5.5904, Train: 4.17%, Valid: 4.17%, Test: 4.17%, Best Valid: 4.17%, Best Test: 4.17%
Epoch: 100, Loss: 1.1009, Train: 10.35%, Valid: 9.57%, Test: 9.72%, Best Valid: 10.40%, Best Test: 10.10%
Epoch: 200, Loss: 0.0554, Train: 13.00%, Valid: 11.76%, Test: 12.46%, Best Valid: 11.88%, Best Test: 12.48%
Epoch: 300, Loss: 0.0929, Train: 13.09%, Valid: 11.95%, Test: 12.37%, Best Valid: 12.89%, Best Test: 13.18%
Epoch: 400, Loss: 0.0059, Train: 13.04%, Valid: 11.77%, Test: 12.28%, Best Valid: 12.89%, Best Test: 13.18%
Epoch: 500, Loss: 0.0293, Train: 14.19%, Valid: 12.66%, Test: 13.36%, Best Valid: 12.92%, Best Test: 13.64%
Epoch: 600, Loss: 0.0041, Train: 12.57%, Valid: 11.76%, Test: 12.23%, Best Valid: 13.63%, Best Test: 14.45%
Epoch: 700, Loss: 0.0681, Train: 15.48%, Valid: 14.19%, Test: 14.38%, Best Valid: 14.19%, Best Test: 14.38%
Epoch: 800, Loss: 0.0122, Train: 14.39%, Valid: 13.29%, Test: 14.28%, Best Valid: 14.39%, Best Test: 14.35%
Epoch: 900, Loss: 0.0009, Train: 15.03%, Valid: 13.59%, Test: 14.54%, Best Valid: 14.39%, Best Test: 14.35%
Epoch: 1000, Loss: 0.0010, Train: 13.85%, Valid: 12.80%, Test: 13.36%, Best Valid: 14.39%, Best Test: 14.35%
Epoch: 1100, Loss: 0.0057, Train: 14.22%, Valid: 13.42%, Test: 13.75%, Best Valid: 14.39%, Best Test: 14.35%
Epoch: 1200, Loss: 0.0089, Train: 14.30%, Valid: 13.63%, Test: 13.29%, Best Valid: 14.39%, Best Test: 14.35%
Epoch: 1300, Loss: 0.0020, Train: 14.04%, Valid: 13.22%, Test: 13.55%, Best Valid: 14.39%, Best Test: 14.35%
Epoch: 1400, Loss: 0.0005, Train: 13.39%, Valid: 12.29%, Test: 12.99%, Best Valid: 14.39%, Best Test: 14.35%
Epoch: 1500, Loss: 0.0093, Train: 14.76%, Valid: 13.84%, Test: 14.23%, Best Valid: 14.39%, Best Test: 14.35%
Epoch: 1600, Loss: 0.0007, Train: 15.25%, Valid: 14.10%, Test: 14.65%, Best Valid: 14.63%, Best Test: 15.04%
Epoch: 1700, Loss: 0.0037, Train: 14.54%, Valid: 13.61%, Test: 14.53%, Best Valid: 15.16%, Best Test: 14.70%
Epoch: 1800, Loss: 0.0415, Train: 14.76%, Valid: 13.63%, Test: 14.47%, Best Valid: 15.16%, Best Test: 14.70%
Epoch: 1900, Loss: 0.0155, Train: 15.22%, Valid: 14.19%, Test: 15.02%, Best Valid: 15.16%, Best Test: 14.70%
Epoch: 2000, Loss: 0.0072, Train: 15.37%, Valid: 14.58%, Test: 15.05%, Best Valid: 15.16%, Best Test: 14.70%
Epoch: 2100, Loss: 0.0005, Train: 14.25%, Valid: 13.35%, Test: 14.30%, Best Valid: 15.16%, Best Test: 14.70%
Epoch: 2200, Loss: 0.0040, Train: 14.46%, Valid: 13.27%, Test: 13.85%, Best Valid: 15.16%, Best Test: 14.70%
Epoch: 2300, Loss: 0.0014, Train: 12.89%, Valid: 12.34%, Test: 12.37%, Best Valid: 15.16%, Best Test: 14.70%
Epoch: 2400, Loss: 0.0002, Train: 13.49%, Valid: 13.10%, Test: 13.47%, Best Valid: 15.16%, Best Test: 14.70%
Run 01:
Highest Train: 15.59
Highest Valid: 15.16
Highest Test: 15.34
Chosen epoch: 1674
Final Train: 15.20
Final Test: 14.70
Label budget: 5/class -> 90 train nodes
Computing oracle penalty matrix from true labels...
Oracle penalty matrix frozen.
Epoch: 00, Loss: 5.4735, Train: 4.77%, Valid: 4.77%, Test: 4.77%, Best Valid: 4.77%, Best Test: 4.77%
Epoch: 100, Loss: 0.9091, Train: 14.01%, Valid: 13.06%, Test: 13.01%, Best Valid: 13.87%, Best Test: 13.82%
Epoch: 200, Loss: 0.1732, Train: 14.76%, Valid: 13.80%, Test: 13.94%, Best Valid: 14.39%, Best Test: 14.40%
Epoch: 300, Loss: 0.0445, Train: 14.35%, Valid: 13.79%, Test: 14.33%, Best Valid: 14.39%, Best Test: 14.40%
Epoch: 400, Loss: 0.0054, Train: 14.73%, Valid: 13.22%, Test: 14.08%, Best Valid: 14.39%, Best Test: 14.40%
Epoch: 500, Loss: 0.0919, Train: 13.05%, Valid: 11.90%, Test: 12.39%, Best Valid: 14.39%, Best Test: 14.40%
Epoch: 600, Loss: 0.0046, Train: 13.51%, Valid: 12.23%, Test: 12.21%, Best Valid: 14.39%, Best Test: 14.40%
Epoch: 700, Loss: 0.0028, Train: 13.43%, Valid: 11.84%, Test: 12.55%, Best Valid: 14.39%, Best Test: 14.40%
Epoch: 800, Loss: 0.0043, Train: 13.17%, Valid: 11.88%, Test: 12.27%, Best Valid: 14.39%, Best Test: 14.40%
Epoch: 900, Loss: 0.0012, Train: 13.74%, Valid: 12.36%, Test: 12.67%, Best Valid: 14.39%, Best Test: 14.40%
Epoch: 1000, Loss: 0.0021, Train: 14.19%, Valid: 13.20%, Test: 13.61%, Best Valid: 14.67%, Best Test: 14.91%
Epoch: 1100, Loss: 0.0068, Train: 14.44%, Valid: 13.08%, Test: 13.57%, Best Valid: 14.67%, Best Test: 14.91%
Epoch: 1200, Loss: 0.0055, Train: 14.31%, Valid: 13.12%, Test: 13.57%, Best Valid: 14.67%, Best Test: 14.91%
Epoch: 1300, Loss: 0.0008, Train: 13.75%, Valid: 12.43%, Test: 12.71%, Best Valid: 14.67%, Best Test: 14.91%
Epoch: 1400, Loss: 0.0049, Train: 13.81%, Valid: 12.78%, Test: 12.44%, Best Valid: 14.67%, Best Test: 14.91%
Epoch: 1500, Loss: 0.0001, Train: 13.79%, Valid: 12.62%, Test: 12.76%, Best Valid: 14.67%, Best Test: 14.91%
Epoch: 1600, Loss: 0.0438, Train: 14.12%, Valid: 12.44%, Test: 12.81%, Best Valid: 14.67%, Best Test: 14.91%
Epoch: 1700, Loss: 0.0051, Train: 12.44%, Valid: 11.30%, Test: 11.37%, Best Valid: 14.67%, Best Test: 14.91%
Epoch: 1800, Loss: 0.0696, Train: 13.16%, Valid: 11.70%, Test: 12.46%, Best Valid: 14.67%, Best Test: 14.91%
Epoch: 1900, Loss: 0.0047, Train: 13.61%, Valid: 12.00%, Test: 12.71%, Best Valid: 14.67%, Best Test: 14.91%
Epoch: 2000, Loss: 0.0005, Train: 13.50%, Valid: 12.04%, Test: 11.74%, Best Valid: 14.67%, Best Test: 14.91%
Epoch: 2100, Loss: 0.0008, Train: 13.93%, Valid: 12.43%, Test: 12.71%, Best Valid: 14.67%, Best Test: 14.91%
Epoch: 2200, Loss: 0.0240, Train: 14.14%, Valid: 12.55%, Test: 12.28%, Best Valid: 14.67%, Best Test: 14.91%
Epoch: 2300, Loss: 0.0122, Train: 11.91%, Valid: 10.84%, Test: 11.26%, Best Valid: 14.67%, Best Test: 14.91%
Epoch: 2400, Loss: 0.0022, Train: 12.59%, Valid: 11.46%, Test: 11.75%, Best Valid: 14.67%, Best Test: 14.91%
Run 02:
Highest Train: 15.85
Highest Valid: 14.67
Highest Test: 15.43
Chosen epoch: 991
Final Train: 15.66
Final Test: 14.91
Label budget: 5/class -> 90 train nodes
Computing oracle penalty matrix from true labels...
Oracle penalty matrix frozen.
Epoch: 00, Loss: 5.5880, Train: 13.85%, Valid: 13.80%, Test: 13.84%, Best Valid: 13.80%, Best Test: 13.84%
Epoch: 100, Loss: 0.7497, Train: 14.34%, Valid: 13.77%, Test: 14.26%, Best Valid: 13.80%, Best Test: 13.84%
Epoch: 200, Loss: 0.0656, Train: 12.63%, Valid: 12.32%, Test: 11.81%, Best Valid: 14.42%, Best Test: 13.85%
Epoch: 300, Loss: 0.1233, Train: 13.07%, Valid: 12.87%, Test: 12.37%, Best Valid: 14.44%, Best Test: 13.64%
Epoch: 400, Loss: 0.0242, Train: 13.56%, Valid: 12.96%, Test: 12.94%, Best Valid: 14.44%, Best Test: 13.64%
Epoch: 500, Loss: 0.0222, Train: 13.13%, Valid: 12.60%, Test: 12.34%, Best Valid: 14.44%, Best Test: 13.64%
Epoch: 600, Loss: 0.0158, Train: 12.73%, Valid: 12.46%, Test: 12.48%, Best Valid: 14.44%, Best Test: 13.64%
Epoch: 700, Loss: 0.0030, Train: 13.28%, Valid: 13.01%, Test: 12.67%, Best Valid: 14.44%, Best Test: 13.64%
Epoch: 800, Loss: 0.0027, Train: 12.78%, Valid: 12.36%, Test: 12.11%, Best Valid: 14.44%, Best Test: 13.64%
Epoch: 900, Loss: 0.0689, Train: 13.68%, Valid: 12.94%, Test: 12.60%, Best Valid: 15.90%, Best Test: 15.32%
Epoch: 1000, Loss: 0.0093, Train: 11.77%, Valid: 11.37%, Test: 10.82%, Best Valid: 15.90%, Best Test: 15.32%
Epoch: 1100, Loss: 0.2019, Train: 12.65%, Valid: 12.83%, Test: 12.30%, Best Valid: 15.90%, Best Test: 15.32%
Epoch: 1200, Loss: 0.0012, Train: 13.61%, Valid: 13.24%, Test: 12.67%, Best Valid: 15.90%, Best Test: 15.32%
Epoch: 1300, Loss: 0.0005, Train: 13.92%, Valid: 13.91%, Test: 13.36%, Best Valid: 15.90%, Best Test: 15.32%
Epoch: 1400, Loss: 0.0003, Train: 13.40%, Valid: 13.52%, Test: 12.73%, Best Valid: 15.90%, Best Test: 15.32%
Epoch: 1500, Loss: 0.0041, Train: 13.06%, Valid: 12.89%, Test: 12.76%, Best Valid: 15.90%, Best Test: 15.32%
Epoch: 1600, Loss: 0.0007, Train: 12.68%, Valid: 12.16%, Test: 12.05%, Best Valid: 15.90%, Best Test: 15.32%
Epoch: 1700, Loss: 0.0337, Train: 12.81%, Valid: 12.30%, Test: 11.74%, Best Valid: 15.90%, Best Test: 15.32%
Epoch: 1800, Loss: 0.0010, Train: 13.49%, Valid: 13.15%, Test: 13.38%, Best Valid: 15.90%, Best Test: 15.32%
Epoch: 1900, Loss: 0.0576, Train: 13.16%, Valid: 12.55%, Test: 12.69%, Best Valid: 15.90%, Best Test: 15.32%
Epoch: 2000, Loss: 0.0002, Train: 13.09%, Valid: 12.43%, Test: 12.55%, Best Valid: 15.90%, Best Test: 15.32%
Epoch: 2100, Loss: 0.0001, Train: 13.19%, Valid: 12.59%, Test: 12.60%, Best Valid: 15.90%, Best Test: 15.32%
Epoch: 2200, Loss: 0.0194, Train: 13.19%, Valid: 12.82%, Test: 12.65%, Best Valid: 15.90%, Best Test: 15.32%
Epoch: 2300, Loss: 0.0004, Train: 12.95%, Valid: 12.60%, Test: 12.25%, Best Valid: 15.90%, Best Test: 15.32%
Epoch: 2400, Loss: 0.0004, Train: 13.01%, Valid: 12.16%, Test: 12.30%, Best Valid: 15.90%, Best Test: 15.32%
Run 03:
Highest Train: 15.82
Highest Valid: 15.90
Highest Test: 15.51
Chosen epoch: 844
Final Train: 15.72
Final Test: 15.32
Label budget: 5/class -> 90 train nodes
Computing oracle penalty matrix from true labels...
Oracle penalty matrix frozen.
Epoch: 00, Loss: 5.4190, Train: 6.82%, Valid: 6.65%, Test: 6.83%, Best Valid: 6.65%, Best Test: 6.83%
Epoch: 100, Loss: 0.4809, Train: 11.92%, Valid: 11.54%, Test: 11.49%, Best Valid: 13.68%, Best Test: 13.50%
Epoch: 200, Loss: 0.0471, Train: 11.91%, Valid: 11.30%, Test: 11.72%, Best Valid: 13.68%, Best Test: 13.50%
Epoch: 300, Loss: 0.0395, Train: 11.33%, Valid: 11.40%, Test: 11.30%, Best Valid: 13.68%, Best Test: 13.50%
Epoch: 400, Loss: 0.0240, Train: 12.56%, Valid: 12.11%, Test: 12.30%, Best Valid: 13.68%, Best Test: 13.50%
Epoch: 500, Loss: 0.0201, Train: 10.82%, Valid: 10.33%, Test: 11.10%, Best Valid: 13.68%, Best Test: 13.50%
Epoch: 600, Loss: 0.1335, Train: 12.17%, Valid: 11.35%, Test: 11.47%, Best Valid: 13.68%, Best Test: 13.50%
Epoch: 700, Loss: 0.0189, Train: 12.55%, Valid: 12.18%, Test: 11.90%, Best Valid: 13.68%, Best Test: 13.50%
Epoch: 800, Loss: 0.1490, Train: 12.00%, Valid: 11.81%, Test: 11.90%, Best Valid: 13.68%, Best Test: 13.50%
Epoch: 900, Loss: 0.0018, Train: 11.01%, Valid: 10.36%, Test: 10.75%, Best Valid: 13.68%, Best Test: 13.50%
Epoch: 1000, Loss: 0.0032, Train: 11.46%, Valid: 10.80%, Test: 10.75%, Best Valid: 13.68%, Best Test: 13.50%
Epoch: 1100, Loss: 0.0041, Train: 12.08%, Valid: 12.18%, Test: 11.51%, Best Valid: 13.68%, Best Test: 13.50%
Epoch: 1200, Loss: 0.0008, Train: 11.62%, Valid: 11.81%, Test: 11.26%, Best Valid: 13.68%, Best Test: 13.50%
Epoch: 1300, Loss: 0.0004, Train: 12.15%, Valid: 11.65%, Test: 11.40%, Best Valid: 13.68%, Best Test: 13.50%
Epoch: 1400, Loss: 0.0072, Train: 11.49%, Valid: 11.05%, Test: 11.61%, Best Valid: 13.86%, Best Test: 13.52%
Epoch: 1500, Loss: 0.0009, Train: 12.37%, Valid: 11.95%, Test: 12.50%, Best Valid: 13.86%, Best Test: 13.52%
Epoch: 1600, Loss: 0.0006, Train: 12.71%, Valid: 11.86%, Test: 12.44%, Best Valid: 13.86%, Best Test: 13.52%
Epoch: 1700, Loss: 0.0016, Train: 11.97%, Valid: 11.90%, Test: 12.05%, Best Valid: 13.86%, Best Test: 13.52%
Epoch: 1800, Loss: 0.0003, Train: 12.37%, Valid: 12.25%, Test: 12.07%, Best Valid: 13.86%, Best Test: 13.52%
Epoch: 1900, Loss: 0.0001, Train: 12.22%, Valid: 12.18%, Test: 11.88%, Best Valid: 13.86%, Best Test: 13.52%
Epoch: 2000, Loss: 0.0013, Train: 11.42%, Valid: 11.09%, Test: 10.94%, Best Valid: 13.86%, Best Test: 13.52%
Epoch: 2100, Loss: 0.0017, Train: 10.85%, Valid: 11.24%, Test: 10.25%, Best Valid: 13.86%, Best Test: 13.52%
Epoch: 2200, Loss: 0.0017, Train: 11.28%, Valid: 11.03%, Test: 10.47%, Best Valid: 13.86%, Best Test: 13.52%
Epoch: 2300, Loss: 0.0002, Train: 11.39%, Valid: 11.21%, Test: 11.03%, Best Valid: 13.86%, Best Test: 13.52%
Epoch: 2400, Loss: 0.0035, Train: 11.71%, Valid: 11.44%, Test: 11.40%, Best Valid: 13.86%, Best Test: 13.52%
Run 04:
Highest Train: 14.08
Highest Valid: 13.86
Highest Test: 13.84
Chosen epoch: 1316
Final Train: 13.94
Final Test: 13.52
Label budget: 5/class -> 90 train nodes
Computing oracle penalty matrix from true labels...
Oracle penalty matrix frozen.
Epoch: 00, Loss: 5.4050, Train: 3.76%, Valid: 3.76%, Test: 3.76%, Best Valid: 3.76%, Best Test: 3.76%
Epoch: 100, Loss: 1.1948, Train: 11.98%, Valid: 11.09%, Test: 11.14%, Best Valid: 11.09%, Best Test: 11.14%
Epoch: 200, Loss: 0.0946, Train: 12.79%, Valid: 12.18%, Test: 11.88%, Best Valid: 12.55%, Best Test: 12.65%
Epoch: 300, Loss: 0.1440, Train: 13.11%, Valid: 12.53%, Test: 12.09%, Best Valid: 12.67%, Best Test: 12.35%
Epoch: 400, Loss: 0.0160, Train: 12.36%, Valid: 11.35%, Test: 11.33%, Best Valid: 12.85%, Best Test: 12.46%
Epoch: 500, Loss: 0.0808, Train: 10.96%, Valid: 10.41%, Test: 9.88%, Best Valid: 12.85%, Best Test: 12.46%
Epoch: 600, Loss: 0.0236, Train: 12.00%, Valid: 11.62%, Test: 11.47%, Best Valid: 12.85%, Best Test: 12.46%
Epoch: 700, Loss: 0.0118, Train: 12.66%, Valid: 11.67%, Test: 12.02%, Best Valid: 12.85%, Best Test: 12.46%
Epoch: 800, Loss: 0.0574, Train: 13.07%, Valid: 12.53%, Test: 12.65%, Best Valid: 12.85%, Best Test: 12.46%
Epoch: 900, Loss: 0.0140, Train: 12.00%, Valid: 11.47%, Test: 11.86%, Best Valid: 12.96%, Best Test: 12.94%
Epoch: 1000, Loss: 0.0113, Train: 13.32%, Valid: 12.23%, Test: 12.69%, Best Valid: 13.87%, Best Test: 14.05%
Epoch: 1100, Loss: 0.0018, Train: 12.03%, Valid: 11.26%, Test: 11.81%, Best Valid: 13.87%, Best Test: 14.05%
Epoch: 1200, Loss: 0.0069, Train: 11.42%, Valid: 10.66%, Test: 10.66%, Best Valid: 13.87%, Best Test: 14.05%
Epoch: 1300, Loss: 0.0659, Train: 12.87%, Valid: 12.32%, Test: 12.71%, Best Valid: 13.87%, Best Test: 14.05%
Epoch: 1400, Loss: 0.0189, Train: 13.10%, Valid: 12.29%, Test: 12.46%, Best Valid: 13.87%, Best Test: 14.05%
Epoch: 1500, Loss: 0.0121, Train: 12.32%, Valid: 11.53%, Test: 11.19%, Best Valid: 13.87%, Best Test: 14.05%
Epoch: 1600, Loss: 0.0355, Train: 12.41%, Valid: 11.83%, Test: 11.91%, Best Valid: 13.87%, Best Test: 14.05%
Epoch: 1700, Loss: 0.0026, Train: 11.33%, Valid: 10.89%, Test: 11.08%, Best Valid: 13.87%, Best Test: 14.05%
Epoch: 1800, Loss: 0.0008, Train: 12.04%, Valid: 11.42%, Test: 11.67%, Best Valid: 13.87%, Best Test: 14.05%
Epoch: 1900, Loss: 0.0196, Train: 11.16%, Valid: 11.02%, Test: 10.77%, Best Valid: 13.87%, Best Test: 14.05%
Epoch: 2000, Loss: 0.0647, Train: 11.87%, Valid: 11.00%, Test: 10.85%, Best Valid: 13.87%, Best Test: 14.05%
Epoch: 2100, Loss: 0.0581, Train: 14.30%, Valid: 13.13%, Test: 12.95%, Best Valid: 13.87%, Best Test: 14.05%
Epoch: 2200, Loss: 0.0003, Train: 13.06%, Valid: 12.14%, Test: 11.81%, Best Valid: 13.87%, Best Test: 14.05%
Epoch: 2300, Loss: 0.0002, Train: 13.48%, Valid: 12.64%, Test: 12.65%, Best Valid: 13.87%, Best Test: 14.05%
Epoch: 2400, Loss: 0.0003, Train: 12.83%, Valid: 11.67%, Test: 11.70%, Best Valid: 13.87%, Best Test: 14.05%
Run 05:
Highest Train: 14.69
Highest Valid: 13.87
Highest Test: 14.35
Chosen epoch: 926
Final Train: 14.46
Final Test: 14.05
Label budget: 5/class -> 90 train nodes
Computing oracle penalty matrix from true labels...
Oracle penalty matrix frozen.
Epoch: 00, Loss: 5.4134, Train: 1.45%, Valid: 1.47%, Test: 1.45%, Best Valid: 1.47%, Best Test: 1.45%
Epoch: 100, Loss: 1.4075, Train: 11.01%, Valid: 10.79%, Test: 10.89%, Best Valid: 12.50%, Best Test: 12.94%
Epoch: 200, Loss: 0.1618, Train: 12.26%, Valid: 12.27%, Test: 11.79%, Best Valid: 12.57%, Best Test: 12.12%
Epoch: 300, Loss: 0.0196, Train: 12.80%, Valid: 12.60%, Test: 12.50%, Best Valid: 13.38%, Best Test: 12.62%
Epoch: 400, Loss: 0.0471, Train: 12.68%, Valid: 12.11%, Test: 12.20%, Best Valid: 13.38%, Best Test: 12.62%
Epoch: 500, Loss: 0.0178, Train: 12.79%, Valid: 12.85%, Test: 11.97%, Best Valid: 13.38%, Best Test: 12.62%
Epoch: 600, Loss: 0.0076, Train: 13.51%, Valid: 13.57%, Test: 13.03%, Best Valid: 14.37%, Best Test: 13.38%
Epoch: 700, Loss: 0.0911, Train: 12.66%, Valid: 12.71%, Test: 12.16%, Best Valid: 14.37%, Best Test: 13.38%
Epoch: 800, Loss: 0.0069, Train: 13.64%, Valid: 13.52%, Test: 13.75%, Best Valid: 14.37%, Best Test: 13.38%
Epoch: 900, Loss: 0.0110, Train: 14.04%, Valid: 13.91%, Test: 14.28%, Best Valid: 14.44%, Best Test: 14.21%
Epoch: 1000, Loss: 0.0019, Train: 13.73%, Valid: 13.35%, Test: 13.22%, Best Valid: 14.44%, Best Test: 14.21%
Epoch: 1100, Loss: 0.0006, Train: 13.53%, Valid: 13.03%, Test: 13.41%, Best Valid: 14.44%, Best Test: 14.21%
Epoch: 1200, Loss: 0.0032, Train: 14.06%, Valid: 13.77%, Test: 13.40%, Best Valid: 14.44%, Best Test: 14.21%
Epoch: 1300, Loss: 0.0291, Train: 13.44%, Valid: 13.52%, Test: 12.87%, Best Valid: 14.44%, Best Test: 14.21%
Epoch: 1400, Loss: 0.0307, Train: 12.80%, Valid: 13.43%, Test: 12.64%, Best Valid: 14.44%, Best Test: 14.21%
Epoch: 1500, Loss: 0.0006, Train: 13.02%, Valid: 13.79%, Test: 12.71%, Best Valid: 14.44%, Best Test: 14.21%
Epoch: 1600, Loss: 0.0007, Train: 13.19%, Valid: 13.50%, Test: 12.88%, Best Valid: 14.44%, Best Test: 14.21%
Epoch: 1700, Loss: 0.0047, Train: 12.71%, Valid: 12.39%, Test: 12.25%, Best Valid: 14.44%, Best Test: 14.21%
Epoch: 1800, Loss: 0.0033, Train: 12.65%, Valid: 12.99%, Test: 12.83%, Best Valid: 14.44%, Best Test: 14.21%
Epoch: 1900, Loss: 0.0484, Train: 12.91%, Valid: 13.40%, Test: 13.47%, Best Valid: 14.44%, Best Test: 14.21%
Epoch: 2000, Loss: 0.1586, Train: 12.18%, Valid: 11.92%, Test: 12.42%, Best Valid: 14.44%, Best Test: 14.21%
Epoch: 2100, Loss: 0.0113, Train: 12.18%, Valid: 12.11%, Test: 12.78%, Best Valid: 14.44%, Best Test: 14.21%
Epoch: 2200, Loss: 0.0582, Train: 13.13%, Valid: 13.31%, Test: 13.27%, Best Valid: 14.44%, Best Test: 14.21%
Epoch: 2300, Loss: 0.0008, Train: 13.56%, Valid: 13.80%, Test: 13.96%, Best Valid: 14.46%, Best Test: 14.12%
Epoch: 2400, Loss: 0.0011, Train: 12.66%, Valid: 12.30%, Test: 13.24%, Best Valid: 14.46%, Best Test: 14.12%
Run 06:
Highest Train: 14.39
Highest Valid: 14.46
Highest Test: 14.35
Chosen epoch: 2293
Final Train: 13.75
Final Test: 14.12
Label budget: 5/class -> 90 train nodes
Computing oracle penalty matrix from true labels...
Oracle penalty matrix frozen.
Epoch: 00, Loss: 5.5237, Train: 9.68%, Valid: 9.69%, Test: 9.67%, Best Valid: 9.69%, Best Test: 9.67%
Epoch: 100, Loss: 0.8773, Train: 12.80%, Valid: 12.78%, Test: 12.99%, Best Valid: 12.78%, Best Test: 12.99%
Epoch: 200, Loss: 0.0808, Train: 12.57%, Valid: 13.06%, Test: 12.83%, Best Valid: 14.17%, Best Test: 14.28%
Epoch: 300, Loss: 0.0425, Train: 12.66%, Valid: 13.35%, Test: 12.11%, Best Valid: 14.17%, Best Test: 14.28%
Epoch: 400, Loss: 0.0301, Train: 13.12%, Valid: 13.08%, Test: 12.85%, Best Valid: 14.17%, Best Test: 14.28%
Epoch: 500, Loss: 0.0688, Train: 12.02%, Valid: 12.20%, Test: 12.04%, Best Valid: 14.17%, Best Test: 14.28%
Epoch: 600, Loss: 0.0038, Train: 12.86%, Valid: 13.72%, Test: 12.85%, Best Valid: 15.13%, Best Test: 13.89%
Epoch: 700, Loss: 0.0065, Train: 12.48%, Valid: 13.15%, Test: 12.83%, Best Valid: 15.13%, Best Test: 13.89%
Epoch: 800, Loss: 0.0030, Train: 12.13%, Valid: 11.99%, Test: 12.37%, Best Valid: 15.13%, Best Test: 13.89%
Epoch: 900, Loss: 0.0104, Train: 11.74%, Valid: 12.20%, Test: 11.58%, Best Valid: 15.13%, Best Test: 13.89%
Epoch: 1000, Loss: 0.0164, Train: 12.68%, Valid: 12.69%, Test: 12.32%, Best Valid: 15.13%, Best Test: 13.89%
Epoch: 1100, Loss: 0.0008, Train: 14.49%, Valid: 14.72%, Test: 14.14%, Best Valid: 15.13%, Best Test: 13.89%
Epoch: 1200, Loss: 0.0016, Train: 13.51%, Valid: 13.68%, Test: 13.29%, Best Valid: 15.16%, Best Test: 14.19%
Epoch: 1300, Loss: 0.0009, Train: 13.03%, Valid: 13.50%, Test: 12.99%, Best Valid: 15.16%, Best Test: 14.19%
Epoch: 1400, Loss: 0.0585, Train: 12.05%, Valid: 11.93%, Test: 11.30%, Best Valid: 15.16%, Best Test: 14.19%
Epoch: 1500, Loss: 0.0026, Train: 12.73%, Valid: 12.82%, Test: 12.73%, Best Valid: 15.16%, Best Test: 14.19%
Epoch: 1600, Loss: 0.0006, Train: 12.97%, Valid: 13.70%, Test: 13.33%, Best Valid: 15.16%, Best Test: 14.19%
Epoch: 1700, Loss: 0.2163, Train: 12.66%, Valid: 13.29%, Test: 13.11%, Best Valid: 15.16%, Best Test: 14.19%
Epoch: 1800, Loss: 0.0137, Train: 13.86%, Valid: 14.07%, Test: 13.20%, Best Valid: 15.16%, Best Test: 14.19%
Epoch: 1900, Loss: 0.0213, Train: 13.83%, Valid: 13.91%, Test: 13.84%, Best Valid: 15.16%, Best Test: 14.19%
Epoch: 2000, Loss: 0.0378, Train: 12.95%, Valid: 12.82%, Test: 12.50%, Best Valid: 15.16%, Best Test: 14.19%
Epoch: 2100, Loss: 0.0004, Train: 12.81%, Valid: 13.03%, Test: 12.16%, Best Valid: 15.16%, Best Test: 14.19%
Epoch: 2200, Loss: 0.0027, Train: 11.98%, Valid: 12.16%, Test: 11.86%, Best Valid: 15.16%, Best Test: 14.19%
Epoch: 2300, Loss: 0.0137, Train: 12.33%, Valid: 12.37%, Test: 11.88%, Best Valid: 15.16%, Best Test: 14.19%
Epoch: 2400, Loss: 0.0007, Train: 11.69%, Valid: 11.37%, Test: 11.07%, Best Valid: 15.16%, Best Test: 14.19%
Run 07:
Highest Train: 14.61
Highest Valid: 15.16
Highest Test: 14.58
Chosen epoch: 1113
Final Train: 14.18
Final Test: 14.19
Label budget: 5/class -> 90 train nodes
Computing oracle penalty matrix from true labels...
Oracle penalty matrix frozen.
Epoch: 00, Loss: 5.5545, Train: 3.48%, Valid: 3.50%, Test: 3.48%, Best Valid: 3.50%, Best Test: 3.48%
Epoch: 100, Loss: 0.9367, Train: 14.00%, Valid: 13.95%, Test: 13.10%, Best Valid: 14.14%, Best Test: 13.75%
Epoch: 200, Loss: 0.0597, Train: 13.63%, Valid: 13.36%, Test: 12.94%, Best Valid: 15.23%, Best Test: 14.74%
Epoch: 300, Loss: 0.0105, Train: 13.54%, Valid: 13.82%, Test: 13.59%, Best Valid: 15.23%, Best Test: 14.74%
Epoch: 400, Loss: 0.0104, Train: 14.39%, Valid: 14.00%, Test: 13.94%, Best Valid: 15.23%, Best Test: 14.74%
Epoch: 500, Loss: 0.0086, Train: 13.31%, Valid: 13.24%, Test: 13.50%, Best Valid: 15.59%, Best Test: 14.84%
Epoch: 600, Loss: 0.0030, Train: 13.67%, Valid: 13.47%, Test: 13.36%, Best Valid: 15.59%, Best Test: 14.84%
Epoch: 700, Loss: 0.0024, Train: 13.94%, Valid: 13.52%, Test: 13.34%, Best Valid: 15.59%, Best Test: 14.84%
Epoch: 800, Loss: 0.0429, Train: 12.99%, Valid: 12.23%, Test: 12.34%, Best Valid: 15.59%, Best Test: 14.84%
Epoch: 900, Loss: 0.0065, Train: 12.70%, Valid: 12.20%, Test: 12.73%, Best Valid: 15.59%, Best Test: 14.84%
Epoch: 1000, Loss: 0.0230, Train: 13.74%, Valid: 12.94%, Test: 13.17%, Best Valid: 15.59%, Best Test: 14.84%
Epoch: 1100, Loss: 0.0087, Train: 13.34%, Valid: 12.57%, Test: 12.74%, Best Valid: 15.59%, Best Test: 14.84%
Epoch: 1200, Loss: 0.0032, Train: 13.15%, Valid: 12.67%, Test: 13.29%, Best Valid: 15.59%, Best Test: 14.84%
Epoch: 1300, Loss: 0.1312, Train: 14.21%, Valid: 12.89%, Test: 13.52%, Best Valid: 15.59%, Best Test: 14.84%
Epoch: 1400, Loss: 0.0019, Train: 14.02%, Valid: 13.27%, Test: 14.03%, Best Valid: 15.59%, Best Test: 14.84%
Epoch: 1500, Loss: 0.0116, Train: 12.96%, Valid: 12.41%, Test: 12.78%, Best Valid: 15.59%, Best Test: 14.84%
Epoch: 1600, Loss: 0.0030, Train: 12.97%, Valid: 12.32%, Test: 12.88%, Best Valid: 15.59%, Best Test: 14.84%
Epoch: 1700, Loss: 0.1665, Train: 13.77%, Valid: 13.08%, Test: 13.29%, Best Valid: 15.59%, Best Test: 14.84%
Epoch: 1800, Loss: 0.0235, Train: 12.87%, Valid: 11.97%, Test: 12.58%, Best Valid: 15.59%, Best Test: 14.84%
Epoch: 1900, Loss: 0.0012, Train: 13.28%, Valid: 12.39%, Test: 13.57%, Best Valid: 15.59%, Best Test: 14.84%
Epoch: 2000, Loss: 0.0050, Train: 13.04%, Valid: 12.30%, Test: 13.45%, Best Valid: 15.59%, Best Test: 14.84%
Epoch: 2100, Loss: 0.0014, Train: 13.39%, Valid: 13.33%, Test: 13.24%, Best Valid: 15.59%, Best Test: 14.84%
Epoch: 2200, Loss: 0.0006, Train: 13.71%, Valid: 14.21%, Test: 13.63%, Best Valid: 15.59%, Best Test: 14.84%
Epoch: 2300, Loss: 0.0001, Train: 13.87%, Valid: 14.09%, Test: 13.66%, Best Valid: 15.59%, Best Test: 14.84%
Epoch: 2400, Loss: 0.0002, Train: 13.98%, Valid: 13.98%, Test: 13.80%, Best Valid: 15.59%, Best Test: 14.84%
Run 08:
Highest Train: 15.26
Highest Valid: 15.59
Highest Test: 14.97
Chosen epoch: 462
Final Train: 15.13
Final Test: 14.84
Label budget: 5/class -> 90 train nodes
Computing oracle penalty matrix from true labels...
Oracle penalty matrix frozen.
Epoch: 00, Loss: 5.4817, Train: 12.56%, Valid: 12.50%, Test: 12.74%, Best Valid: 12.50%, Best Test: 12.74%
Epoch: 100, Loss: 1.0132, Train: 13.44%, Valid: 13.20%, Test: 13.06%, Best Valid: 13.96%, Best Test: 13.96%
Epoch: 200, Loss: 0.1118, Train: 14.73%, Valid: 14.25%, Test: 14.08%, Best Valid: 15.06%, Best Test: 15.21%
Epoch: 300, Loss: 0.0184, Train: 14.99%, Valid: 14.14%, Test: 14.95%, Best Valid: 15.11%, Best Test: 15.28%
Epoch: 400, Loss: 0.0142, Train: 14.28%, Valid: 13.52%, Test: 13.63%, Best Valid: 15.25%, Best Test: 15.11%
Epoch: 500, Loss: 0.0176, Train: 14.43%, Valid: 14.09%, Test: 14.58%, Best Valid: 15.73%, Best Test: 16.33%
Epoch: 600, Loss: 0.0054, Train: 14.82%, Valid: 13.72%, Test: 14.51%, Best Valid: 15.73%, Best Test: 16.33%
Epoch: 700, Loss: 0.0179, Train: 15.38%, Valid: 15.06%, Test: 15.13%, Best Valid: 15.73%, Best Test: 16.33%
Epoch: 800, Loss: 0.0388, Train: 14.19%, Valid: 14.02%, Test: 13.63%, Best Valid: 15.73%, Best Test: 16.33%
Epoch: 900, Loss: 0.0139, Train: 14.33%, Valid: 13.36%, Test: 13.41%, Best Valid: 15.73%, Best Test: 16.33%
Epoch: 1000, Loss: 0.2407, Train: 14.74%, Valid: 14.02%, Test: 14.26%, Best Valid: 15.73%, Best Test: 16.33%
Epoch: 1100, Loss: 0.0090, Train: 13.55%, Valid: 13.35%, Test: 13.50%, Best Valid: 15.73%, Best Test: 16.33%
Epoch: 1200, Loss: 0.0211, Train: 13.10%, Valid: 12.48%, Test: 12.80%, Best Valid: 15.73%, Best Test: 16.33%
Epoch: 1300, Loss: 0.0043, Train: 14.06%, Valid: 13.59%, Test: 13.78%, Best Valid: 15.73%, Best Test: 16.33%
Epoch: 1400, Loss: 0.0390, Train: 14.44%, Valid: 12.99%, Test: 14.21%, Best Valid: 15.82%, Best Test: 15.74%
Epoch: 1500, Loss: 0.0009, Train: 14.24%, Valid: 13.10%, Test: 13.93%, Best Valid: 15.82%, Best Test: 15.74%
Epoch: 1600, Loss: 0.0006, Train: 14.73%, Valid: 13.65%, Test: 14.38%, Best Valid: 15.82%, Best Test: 15.74%
Epoch: 1700, Loss: 0.0016, Train: 13.84%, Valid: 13.05%, Test: 13.25%, Best Valid: 15.82%, Best Test: 15.74%
Epoch: 1800, Loss: 0.0081, Train: 14.70%, Valid: 13.89%, Test: 14.17%, Best Valid: 15.82%, Best Test: 15.74%
Epoch: 1900, Loss: 0.0148, Train: 14.76%, Valid: 13.36%, Test: 14.49%, Best Valid: 15.82%, Best Test: 15.74%
Epoch: 2000, Loss: 0.0004, Train: 14.30%, Valid: 12.67%, Test: 13.87%, Best Valid: 15.82%, Best Test: 15.74%
Epoch: 2100, Loss: 0.2254, Train: 12.72%, Valid: 12.18%, Test: 12.44%, Best Valid: 15.82%, Best Test: 15.74%
Epoch: 2200, Loss: 0.0007, Train: 13.93%, Valid: 13.01%, Test: 13.18%, Best Valid: 15.82%, Best Test: 15.74%
Epoch: 2300, Loss: 0.0014, Train: 14.57%, Valid: 13.77%, Test: 14.14%, Best Valid: 15.82%, Best Test: 15.74%
Epoch: 2400, Loss: 0.0007, Train: 14.00%, Valid: 13.65%, Test: 14.05%, Best Valid: 15.82%, Best Test: 15.74%
Run 09:
Highest Train: 16.70
Highest Valid: 15.82
Highest Test: 16.50
Chosen epoch: 1323
Final Train: 16.70
Final Test: 15.74
Label budget: 5/class -> 90 train nodes
Computing oracle penalty matrix from true labels...
Oracle penalty matrix frozen.
Epoch: 00, Loss: 5.4315, Train: 4.17%, Valid: 4.17%, Test: 4.17%, Best Valid: 4.17%, Best Test: 4.17%
Epoch: 100, Loss: 0.6998, Train: 11.57%, Valid: 10.80%, Test: 10.48%, Best Valid: 11.86%, Best Test: 11.63%
Epoch: 200, Loss: 0.0422, Train: 12.20%, Valid: 11.00%, Test: 11.45%, Best Valid: 12.34%, Best Test: 12.48%
Epoch: 300, Loss: 0.0474, Train: 11.46%, Valid: 10.38%, Test: 10.62%, Best Valid: 12.34%, Best Test: 12.48%
Epoch: 400, Loss: 0.0051, Train: 12.11%, Valid: 11.09%, Test: 11.47%, Best Valid: 12.34%, Best Test: 12.48%
Epoch: 500, Loss: 0.0055, Train: 11.93%, Valid: 10.17%, Test: 11.45%, Best Valid: 12.34%, Best Test: 12.48%
Epoch: 600, Loss: 0.0258, Train: 10.48%, Valid: 9.60%, Test: 9.51%, Best Valid: 12.82%, Best Test: 12.27%
Epoch: 700, Loss: 0.0192, Train: 11.38%, Valid: 10.34%, Test: 10.20%, Best Valid: 12.82%, Best Test: 12.27%
Epoch: 800, Loss: 0.0953, Train: 11.32%, Valid: 10.34%, Test: 10.22%, Best Valid: 12.82%, Best Test: 12.27%
Epoch: 900, Loss: 0.0142, Train: 12.67%, Valid: 11.00%, Test: 11.44%, Best Valid: 12.82%, Best Test: 12.27%
Epoch: 1000, Loss: 0.0054, Train: 12.51%, Valid: 10.87%, Test: 10.55%, Best Valid: 12.82%, Best Test: 12.27%
Epoch: 1100, Loss: 0.0010, Train: 12.10%, Valid: 11.05%, Test: 10.87%, Best Valid: 12.82%, Best Test: 12.27%
Epoch: 1200, Loss: 0.0068, Train: 12.66%, Valid: 11.79%, Test: 11.60%, Best Valid: 12.82%, Best Test: 12.27%
Epoch: 1300, Loss: 0.0209, Train: 12.67%, Valid: 11.90%, Test: 11.42%, Best Valid: 12.82%, Best Test: 12.27%
Epoch: 1400, Loss: 0.0175, Train: 13.04%, Valid: 12.13%, Test: 11.54%, Best Valid: 12.82%, Best Test: 12.27%
Epoch: 1500, Loss: 0.0021, Train: 13.24%, Valid: 11.84%, Test: 12.21%, Best Valid: 12.82%, Best Test: 12.27%
Epoch: 1600, Loss: 0.0006, Train: 12.96%, Valid: 11.54%, Test: 12.21%, Best Valid: 12.82%, Best Test: 12.27%
Epoch: 1700, Loss: 0.0003, Train: 12.44%, Valid: 11.56%, Test: 12.42%, Best Valid: 12.82%, Best Test: 12.27%
Epoch: 1800, Loss: 0.0658, Train: 13.26%, Valid: 11.62%, Test: 12.18%, Best Valid: 12.82%, Best Test: 12.27%
Epoch: 1900, Loss: 0.2053, Train: 12.11%, Valid: 11.54%, Test: 11.56%, Best Valid: 12.82%, Best Test: 12.27%
Epoch: 2000, Loss: 0.0030, Train: 12.77%, Valid: 11.79%, Test: 12.30%, Best Valid: 12.82%, Best Test: 12.27%
Epoch: 2100, Loss: 0.0387, Train: 13.11%, Valid: 12.85%, Test: 12.74%, Best Valid: 12.96%, Best Test: 12.88%
Epoch: 2200, Loss: 0.0009, Train: 13.82%, Valid: 12.92%, Test: 13.06%, Best Valid: 12.96%, Best Test: 12.88%
Epoch: 2300, Loss: 0.0651, Train: 13.08%, Valid: 11.93%, Test: 12.62%, Best Valid: 12.96%, Best Test: 12.88%
Epoch: 2400, Loss: 0.0004, Train: 12.76%, Valid: 11.83%, Test: 12.25%, Best Valid: 12.96%, Best Test: 12.88%
Run 10:
Highest Train: 14.03
Highest Valid: 12.96
Highest Test: 13.15
Chosen epoch: 2098
Final Train: 13.42
Final Test: 12.88
All runs:
Highest Train: 15.10 ± 0.88
Highest Test: 14.80 ± 0.96
Highest Valid: 14.74 ± 0.97
  Final Train: 14.82 ± 1.04
   Final Test: 14.43 ± 0.85
Saving results to results/lowlabel/roman-empire/MPNN_gcn.csv
--- oracle_reg | lambda=1.6 ---
Namespace(bn=True, budget_tag='5', count_reg=False, count_smoothing=1.0, cpu=False, data_dir='./data/', dataset='roman-empire', device=0, display_step=100, dropout=0.5, epochs=2500, gnn='gcn', hidden_channels=512, jk=False, label_num_per_class=20, lambda_val=1.6, ln=False, local_layers=9, lr=0.001, metric='acc', mlp_epochs=500, mlp_reg=False, model='MPNN', model_dir='models', num_heads=1, oracle_reg=True, paired_seeds=True, penalty_transform='none', pre_linear=True, pre_ln=False, rand_split=False, rand_split_class=False, reg_start_epoch=10, reg_update_freq=5, res=True, resample_split_per_run=False, result_dir='results/lowlabel', runs=10, save_model=False, seed=42, test_num=1000, train_per_class=5, train_prop=0.5, use_reg=True, valid_num=500, valid_per_class=0, valid_prop=0.25, weight_decay=0.0)
roman-empire
dataset roman-empire | num nodes 22662 | num edge 32927 | num node feats 300 | num classes 18
MODEL: MPNNs(
  (h_lins): ModuleList()
  (local_convs): ModuleList(
    (0): GCNConv(512, 512)
    (1): GCNConv(512, 512)
    (2): GCNConv(512, 512)
    (3): GCNConv(512, 512)
    (4): GCNConv(512, 512)
    (5): GCNConv(512, 512)
    (6): GCNConv(512, 512)
    (7): GCNConv(512, 512)
    (8): GCNConv(512, 512)
  )
  (lins): ModuleList(
    (0): Linear(in_features=512, out_features=512, bias=True)
    (1): Linear(in_features=512, out_features=512, bias=True)
    (2): Linear(in_features=512, out_features=512, bias=True)
    (3): Linear(in_features=512, out_features=512, bias=True)
    (4): Linear(in_features=512, out_features=512, bias=True)
    (5): Linear(in_features=512, out_features=512, bias=True)
    (6): Linear(in_features=512, out_features=512, bias=True)
    (7): Linear(in_features=512, out_features=512, bias=True)
    (8): Linear(in_features=512, out_features=512, bias=True)
  )
  (lns): ModuleList(
    (0): LayerNorm((512,), eps=1e-05, elementwise_affine=True)
    (1): LayerNorm((512,), eps=1e-05, elementwise_affine=True)
    (2): LayerNorm((512,), eps=1e-05, elementwise_affine=True)
    (3): LayerNorm((512,), eps=1e-05, elementwise_affine=True)
    (4): LayerNorm((512,), eps=1e-05, elementwise_affine=True)
    (5): LayerNorm((512,), eps=1e-05, elementwise_affine=True)
    (6): LayerNorm((512,), eps=1e-05, elementwise_affine=True)
    (7): LayerNorm((512,), eps=1e-05, elementwise_affine=True)
    (8): LayerNorm((512,), eps=1e-05, elementwise_affine=True)
  )
  (bns): ModuleList(
    (0): BatchNorm1d(512, eps=1e-05, momentum=0.1, affine=True, track_running_stats=True)
    (1): BatchNorm1d(512, eps=1e-05, momentum=0.1, affine=True, track_running_stats=True)
    (2): BatchNorm1d(512, eps=1e-05, momentum=0.1, affine=True, track_running_stats=True)
    (3): BatchNorm1d(512, eps=1e-05, momentum=0.1, affine=True, track_running_stats=True)
    (4): BatchNorm1d(512, eps=1e-05, momentum=0.1, affine=True, track_running_stats=True)
    (5): BatchNorm1d(512, eps=1e-05, momentum=0.1, affine=True, track_running_stats=True)
    (6): BatchNorm1d(512, eps=1e-05, momentum=0.1, affine=True, track_running_stats=True)
    (7): BatchNorm1d(512, eps=1e-05, momentum=0.1, affine=True, track_running_stats=True)
    (8): BatchNorm1d(512, eps=1e-05, momentum=0.1, affine=True, track_running_stats=True)
  )
  (lin_in): Linear(in_features=300, out_features=512, bias=True)
  (pred_local): Linear(in_features=512, out_features=18, bias=True)
)
Label budget: 5/class -> 90 train nodes
Computing oracle penalty matrix from true labels...
Oracle penalty matrix frozen.
Epoch: 00, Loss: 8.0750, Train: 4.17%, Valid: 4.17%, Test: 4.17%, Best Valid: 4.17%, Best Test: 4.17%
Epoch: 100, Loss: 4.6052, Train: 8.76%, Valid: 8.44%, Test: 8.54%, Best Valid: 8.58%, Best Test: 8.28%
Epoch: 200, Loss: 0.2170, Train: 10.86%, Valid: 9.60%, Test: 10.18%, Best Valid: 10.04%, Best Test: 10.27%
Epoch: 300, Loss: 0.0535, Train: 11.42%, Valid: 10.56%, Test: 10.78%, Best Valid: 11.21%, Best Test: 11.30%
Epoch: 400, Loss: 0.0483, Train: 12.79%, Valid: 11.32%, Test: 12.18%, Best Valid: 11.65%, Best Test: 12.35%
Epoch: 500, Loss: 0.1812, Train: 12.11%, Valid: 11.30%, Test: 11.82%, Best Valid: 11.70%, Best Test: 11.75%
Epoch: 600, Loss: 0.0079, Train: 12.83%, Valid: 11.97%, Test: 12.28%, Best Valid: 12.41%, Best Test: 12.41%
Epoch: 700, Loss: 0.0843, Train: 12.67%, Valid: 11.97%, Test: 12.41%, Best Valid: 12.41%, Best Test: 12.41%
Epoch: 800, Loss: 0.0214, Train: 13.10%, Valid: 11.60%, Test: 12.42%, Best Valid: 12.55%, Best Test: 13.57%
Epoch: 900, Loss: 0.0010, Train: 13.53%, Valid: 12.20%, Test: 13.10%, Best Valid: 12.55%, Best Test: 13.57%
Epoch: 1000, Loss: 0.0099, Train: 13.06%, Valid: 11.99%, Test: 12.28%, Best Valid: 13.15%, Best Test: 12.94%
Epoch: 1100, Loss: 0.0065, Train: 13.56%, Valid: 12.66%, Test: 12.94%, Best Valid: 13.15%, Best Test: 12.94%
Epoch: 1200, Loss: 0.0044, Train: 13.48%, Valid: 12.34%, Test: 13.08%, Best Valid: 13.15%, Best Test: 12.94%
Epoch: 1300, Loss: 0.0128, Train: 13.26%, Valid: 12.06%, Test: 12.25%, Best Valid: 13.15%, Best Test: 12.94%
Epoch: 1400, Loss: 0.0421, Train: 14.08%, Valid: 13.38%, Test: 13.38%, Best Valid: 13.84%, Best Test: 13.87%
Epoch: 1500, Loss: 0.0180, Train: 13.77%, Valid: 13.10%, Test: 13.27%, Best Valid: 13.84%, Best Test: 13.87%
Epoch: 1600, Loss: 0.0009, Train: 13.00%, Valid: 12.06%, Test: 12.74%, Best Valid: 13.84%, Best Test: 13.87%
Epoch: 1700, Loss: 0.0138, Train: 12.52%, Valid: 11.92%, Test: 12.34%, Best Valid: 13.84%, Best Test: 13.87%
Epoch: 1800, Loss: 0.0494, Train: 12.70%, Valid: 11.92%, Test: 12.57%, Best Valid: 13.84%, Best Test: 13.87%
Epoch: 1900, Loss: 0.0018, Train: 11.53%, Valid: 11.05%, Test: 11.03%, Best Valid: 13.84%, Best Test: 13.87%
Epoch: 2000, Loss: 0.0020, Train: 13.22%, Valid: 12.36%, Test: 12.78%, Best Valid: 13.84%, Best Test: 13.87%
Epoch: 2100, Loss: 0.0038, Train: 13.45%, Valid: 12.78%, Test: 12.76%, Best Valid: 14.03%, Best Test: 14.68%
Epoch: 2200, Loss: 0.1515, Train: 13.52%, Valid: 12.55%, Test: 13.43%, Best Valid: 14.03%, Best Test: 14.68%
Epoch: 2300, Loss: 0.0029, Train: 12.37%, Valid: 11.95%, Test: 12.35%, Best Valid: 14.03%, Best Test: 14.68%
Epoch: 2400, Loss: 0.0008, Train: 12.82%, Valid: 12.36%, Test: 13.03%, Best Valid: 14.03%, Best Test: 14.68%
Run 01:
Highest Train: 15.27
Highest Valid: 14.03
Highest Test: 14.75
Chosen epoch: 2066
Final Train: 15.26
Final Test: 14.68
Label budget: 5/class -> 90 train nodes
Computing oracle penalty matrix from true labels...
Oracle penalty matrix frozen.
Epoch: 00, Loss: 7.9062, Train: 4.77%, Valid: 4.77%, Test: 4.77%, Best Valid: 4.77%, Best Test: 4.77%
Epoch: 100, Loss: 4.6142, Train: 8.59%, Valid: 8.49%, Test: 7.94%, Best Valid: 8.61%, Best Test: 7.82%
Epoch: 200, Loss: 0.5263, Train: 9.31%, Valid: 8.93%, Test: 8.28%, Best Valid: 9.16%, Best Test: 8.47%
Epoch: 300, Loss: 0.0736, Train: 9.23%, Valid: 8.72%, Test: 7.91%, Best Valid: 9.69%, Best Test: 8.54%
Epoch: 400, Loss: 0.1834, Train: 9.95%, Valid: 9.43%, Test: 8.65%, Best Valid: 9.76%, Best Test: 9.02%
Epoch: 500, Loss: 0.0573, Train: 10.40%, Valid: 9.87%, Test: 9.09%, Best Valid: 9.90%, Best Test: 8.84%
Epoch: 600, Loss: 0.0696, Train: 9.42%, Valid: 9.14%, Test: 8.63%, Best Valid: 9.90%, Best Test: 8.84%
Epoch: 700, Loss: 0.0363, Train: 9.50%, Valid: 9.36%, Test: 8.51%, Best Valid: 9.92%, Best Test: 9.48%
Epoch: 800, Loss: 0.0052, Train: 10.33%, Valid: 9.83%, Test: 9.32%, Best Valid: 10.38%, Best Test: 9.62%
Epoch: 900, Loss: 0.0281, Train: 10.48%, Valid: 10.20%, Test: 9.57%, Best Valid: 10.80%, Best Test: 9.88%
Epoch: 1000, Loss: 0.0048, Train: 10.32%, Valid: 9.29%, Test: 9.05%, Best Valid: 10.80%, Best Test: 9.88%
Epoch: 1100, Loss: 0.0074, Train: 10.23%, Valid: 9.64%, Test: 9.18%, Best Valid: 10.80%, Best Test: 9.88%
Epoch: 1200, Loss: 0.0159, Train: 10.00%, Valid: 9.39%, Test: 8.98%, Best Valid: 10.80%, Best Test: 9.88%
Epoch: 1300, Loss: 0.0150, Train: 10.24%, Valid: 10.10%, Test: 9.27%, Best Valid: 10.80%, Best Test: 9.88%
Epoch: 1400, Loss: 0.0121, Train: 11.29%, Valid: 10.29%, Test: 10.77%, Best Valid: 10.80%, Best Test: 9.88%
Epoch: 1500, Loss: 0.0067, Train: 10.90%, Valid: 9.90%, Test: 9.58%, Best Valid: 10.80%, Best Test: 9.88%
Epoch: 1600, Loss: 0.1677, Train: 12.51%, Valid: 11.69%, Test: 10.84%, Best Valid: 11.69%, Best Test: 10.84%
Epoch: 1700, Loss: 0.0147, Train: 12.36%, Valid: 11.40%, Test: 10.92%, Best Valid: 12.07%, Best Test: 11.22%
Epoch: 1800, Loss: 0.0008, Train: 12.10%, Valid: 10.82%, Test: 10.61%, Best Valid: 12.07%, Best Test: 11.22%
Epoch: 1900, Loss: 0.0011, Train: 11.72%, Valid: 10.52%, Test: 10.45%, Best Valid: 12.07%, Best Test: 11.22%
Epoch: 2000, Loss: 0.0021, Train: 11.32%, Valid: 10.43%, Test: 10.40%, Best Valid: 12.07%, Best Test: 11.22%
Epoch: 2100, Loss: 0.0028, Train: 10.92%, Valid: 9.64%, Test: 9.71%, Best Valid: 12.07%, Best Test: 11.22%
Epoch: 2200, Loss: 0.0007, Train: 11.65%, Valid: 10.34%, Test: 10.27%, Best Valid: 12.07%, Best Test: 11.22%
Epoch: 2300, Loss: 0.0788, Train: 11.41%, Valid: 10.47%, Test: 10.24%, Best Valid: 12.07%, Best Test: 11.22%
Epoch: 2400, Loss: 0.0005, Train: 11.45%, Valid: 10.29%, Test: 10.15%, Best Valid: 12.07%, Best Test: 11.22%
Run 02:
Highest Train: 14.39
Highest Valid: 13.26
Highest Test: 12.69
Chosen epoch: 2456
Final Train: 14.33
Final Test: 12.69
Label budget: 5/class -> 90 train nodes
Computing oracle penalty matrix from true labels...
Oracle penalty matrix frozen.
Epoch: 00, Loss: 8.0716, Train: 13.83%, Valid: 13.82%, Test: 13.82%, Best Valid: 13.82%, Best Test: 13.82%
Epoch: 100, Loss: 5.4057, Train: 10.28%, Valid: 9.90%, Test: 10.06%, Best Valid: 14.00%, Best Test: 14.30%
Epoch: 200, Loss: 0.5355, Train: 11.33%, Valid: 10.20%, Test: 10.59%, Best Valid: 14.00%, Best Test: 14.30%
Epoch: 300, Loss: 0.1338, Train: 11.02%, Valid: 10.04%, Test: 10.80%, Best Valid: 14.00%, Best Test: 14.30%
Epoch: 400, Loss: 0.2534, Train: 11.68%, Valid: 10.70%, Test: 10.84%, Best Valid: 14.00%, Best Test: 14.30%
Epoch: 500, Loss: 0.1658, Train: 11.24%, Valid: 10.31%, Test: 10.73%, Best Valid: 14.00%, Best Test: 14.30%
Epoch: 600, Loss: 0.0591, Train: 11.47%, Valid: 10.03%, Test: 11.14%, Best Valid: 14.00%, Best Test: 14.30%
Epoch: 700, Loss: 0.0095, Train: 11.26%, Valid: 10.10%, Test: 10.94%, Best Valid: 14.00%, Best Test: 14.30%
Epoch: 800, Loss: 0.0464, Train: 10.44%, Valid: 9.23%, Test: 10.41%, Best Valid: 14.00%, Best Test: 14.30%
Epoch: 900, Loss: 0.0233, Train: 11.50%, Valid: 10.66%, Test: 11.19%, Best Valid: 14.00%, Best Test: 14.30%
Epoch: 1000, Loss: 0.0588, Train: 10.59%, Valid: 9.59%, Test: 10.78%, Best Valid: 14.00%, Best Test: 14.30%
Epoch: 1100, Loss: 0.0108, Train: 10.92%, Valid: 9.39%, Test: 10.98%, Best Valid: 14.00%, Best Test: 14.30%
Epoch: 1200, Loss: 0.0011, Train: 12.01%, Valid: 10.33%, Test: 11.67%, Best Valid: 14.00%, Best Test: 14.30%
Epoch: 1300, Loss: 0.0008, Train: 11.28%, Valid: 10.11%, Test: 11.17%, Best Valid: 14.00%, Best Test: 14.30%
Epoch: 1400, Loss: 0.0012, Train: 11.31%, Valid: 10.27%, Test: 11.38%, Best Valid: 14.00%, Best Test: 14.30%
Epoch: 1500, Loss: 0.0133, Train: 11.72%, Valid: 11.07%, Test: 11.35%, Best Valid: 14.00%, Best Test: 14.30%
Epoch: 1600, Loss: 0.0038, Train: 11.70%, Valid: 10.17%, Test: 11.49%, Best Valid: 14.00%, Best Test: 14.30%
Epoch: 1700, Loss: 0.0035, Train: 11.50%, Valid: 10.13%, Test: 11.03%, Best Valid: 14.00%, Best Test: 14.30%
Epoch: 1800, Loss: 0.1658, Train: 11.78%, Valid: 10.36%, Test: 11.28%, Best Valid: 14.00%, Best Test: 14.30%
Epoch: 1900, Loss: 0.0057, Train: 12.12%, Valid: 11.51%, Test: 12.02%, Best Valid: 14.00%, Best Test: 14.30%
Epoch: 2000, Loss: 0.0017, Train: 12.20%, Valid: 11.51%, Test: 12.46%, Best Valid: 14.00%, Best Test: 14.30%
Epoch: 2100, Loss: 0.0013, Train: 11.65%, Valid: 10.54%, Test: 12.37%, Best Valid: 14.00%, Best Test: 14.30%
Epoch: 2200, Loss: 0.0139, Train: 11.97%, Valid: 11.67%, Test: 11.90%, Best Valid: 14.00%, Best Test: 14.30%
Epoch: 2300, Loss: 0.0008, Train: 12.32%, Valid: 11.47%, Test: 11.93%, Best Valid: 14.00%, Best Test: 14.30%
Epoch: 2400, Loss: 0.0018, Train: 11.49%, Valid: 10.61%, Test: 11.38%, Best Valid: 14.00%, Best Test: 14.30%
Run 03:
Highest Train: 13.86
Highest Valid: 14.00
Highest Test: 14.30
Chosen epoch: 1
Final Train: 13.86
Final Test: 14.30
Label budget: 5/class -> 90 train nodes
Computing oracle penalty matrix from true labels...
Oracle penalty matrix frozen.
Epoch: 00, Loss: 7.8274, Train: 6.16%, Valid: 5.95%, Test: 6.07%, Best Valid: 5.95%, Best Test: 6.07%
Epoch: 100, Loss: 2.4998, Train: 7.13%, Valid: 6.69%, Test: 6.49%, Best Valid: 9.32%, Best Test: 9.23%
Epoch: 200, Loss: 0.1717, Train: 8.47%, Valid: 8.08%, Test: 7.64%, Best Valid: 9.32%, Best Test: 9.23%
Epoch: 300, Loss: 0.0786, Train: 8.82%, Valid: 8.37%, Test: 8.31%, Best Valid: 9.32%, Best Test: 9.23%
Epoch: 400, Loss: 0.0448, Train: 9.28%, Valid: 8.90%, Test: 8.42%, Best Valid: 9.32%, Best Test: 9.23%
Epoch: 500, Loss: 0.0203, Train: 9.64%, Valid: 8.88%, Test: 8.84%, Best Valid: 9.32%, Best Test: 9.23%
Epoch: 600, Loss: 0.0072, Train: 9.65%, Valid: 9.13%, Test: 8.75%, Best Valid: 9.53%, Best Test: 9.21%
Epoch: 700, Loss: 0.0145, Train: 9.68%, Valid: 9.41%, Test: 8.97%, Best Valid: 9.53%, Best Test: 9.21%
Epoch: 800, Loss: 0.0060, Train: 9.99%, Valid: 9.25%, Test: 9.12%, Best Valid: 9.53%, Best Test: 9.21%
Epoch: 900, Loss: 0.0029, Train: 9.92%, Valid: 9.02%, Test: 9.00%, Best Valid: 9.62%, Best Test: 9.04%
Epoch: 1000, Loss: 0.0055, Train: 10.29%, Valid: 9.43%, Test: 9.23%, Best Valid: 10.38%, Best Test: 10.15%
Epoch: 1100, Loss: 0.0100, Train: 10.10%, Valid: 9.48%, Test: 9.14%, Best Valid: 10.38%, Best Test: 10.15%
Epoch: 1200, Loss: 0.0048, Train: 10.26%, Valid: 9.90%, Test: 9.00%, Best Valid: 10.75%, Best Test: 10.38%
Epoch: 1300, Loss: 0.0018, Train: 11.58%, Valid: 10.27%, Test: 9.99%, Best Valid: 10.75%, Best Test: 10.38%
Epoch: 1400, Loss: 0.0012, Train: 11.31%, Valid: 9.85%, Test: 10.15%, Best Valid: 10.75%, Best Test: 10.38%
Epoch: 1500, Loss: 0.0002, Train: 11.44%, Valid: 10.43%, Test: 10.22%, Best Valid: 10.75%, Best Test: 10.38%
Epoch: 1600, Loss: 0.0091, Train: 10.32%, Valid: 9.57%, Test: 9.23%, Best Valid: 10.75%, Best Test: 10.38%
Epoch: 1700, Loss: 0.0762, Train: 11.03%, Valid: 9.90%, Test: 10.68%, Best Valid: 10.75%, Best Test: 10.38%
Epoch: 1800, Loss: 0.0017, Train: 10.03%, Valid: 9.16%, Test: 9.85%, Best Valid: 10.75%, Best Test: 10.38%
Epoch: 1900, Loss: 0.0015, Train: 10.18%, Valid: 9.36%, Test: 9.80%, Best Valid: 10.75%, Best Test: 10.38%
Epoch: 2000, Loss: 0.0008, Train: 10.62%, Valid: 9.64%, Test: 10.11%, Best Valid: 10.75%, Best Test: 10.38%
Epoch: 2100, Loss: 0.0014, Train: 11.22%, Valid: 10.17%, Test: 10.50%, Best Valid: 10.75%, Best Test: 10.38%
Epoch: 2200, Loss: 0.0053, Train: 11.42%, Valid: 10.79%, Test: 11.26%, Best Valid: 10.96%, Best Test: 11.14%
Epoch: 2300, Loss: 0.0012, Train: 11.40%, Valid: 10.50%, Test: 11.15%, Best Valid: 10.96%, Best Test: 11.14%
Epoch: 2400, Loss: 0.0389, Train: 11.67%, Valid: 10.75%, Test: 11.31%, Best Valid: 10.96%, Best Test: 11.14%
Run 04:
Highest Train: 12.28
Highest Valid: 11.28
Highest Test: 11.81
Chosen epoch: 2416
Final Train: 12.13
Final Test: 11.74
Label budget: 5/class -> 90 train nodes
Computing oracle penalty matrix from true labels...
Oracle penalty matrix frozen.
Epoch: 00, Loss: 7.8072, Train: 3.76%, Valid: 3.76%, Test: 3.76%, Best Valid: 3.76%, Best Test: 3.76%
Epoch: 100, Loss: 4.5605, Train: 10.22%, Valid: 9.50%, Test: 9.42%, Best Valid: 9.71%, Best Test: 9.55%
Epoch: 200, Loss: 0.4733, Train: 10.87%, Valid: 9.30%, Test: 9.60%, Best Valid: 10.84%, Best Test: 10.85%
Epoch: 300, Loss: 0.2110, Train: 11.72%, Valid: 10.34%, Test: 10.17%, Best Valid: 11.17%, Best Test: 10.31%
Epoch: 400, Loss: 0.1826, Train: 11.19%, Valid: 9.99%, Test: 10.08%, Best Valid: 11.17%, Best Test: 10.31%
Epoch: 500, Loss: 0.1967, Train: 11.70%, Valid: 10.34%, Test: 10.27%, Best Valid: 11.17%, Best Test: 10.31%
Epoch: 600, Loss: 0.0141, Train: 13.02%, Valid: 11.67%, Test: 11.79%, Best Valid: 11.67%, Best Test: 11.79%
Epoch: 700, Loss: 0.0167, Train: 10.90%, Valid: 10.11%, Test: 9.88%, Best Valid: 11.67%, Best Test: 11.79%
Epoch: 800, Loss: 0.0065, Train: 11.07%, Valid: 10.64%, Test: 10.10%, Best Valid: 11.67%, Best Test: 11.79%
Epoch: 900, Loss: 0.0124, Train: 11.46%, Valid: 11.03%, Test: 10.43%, Best Valid: 11.67%, Best Test: 11.79%
Epoch: 1000, Loss: 0.0076, Train: 12.36%, Valid: 11.56%, Test: 10.77%, Best Valid: 12.55%, Best Test: 11.31%
Epoch: 1100, Loss: 0.0405, Train: 11.47%, Valid: 10.31%, Test: 10.54%, Best Valid: 12.55%, Best Test: 11.31%
Epoch: 1200, Loss: 0.0126, Train: 11.40%, Valid: 10.36%, Test: 10.59%, Best Valid: 12.55%, Best Test: 11.31%
Epoch: 1300, Loss: 0.0089, Train: 11.52%, Valid: 10.40%, Test: 10.54%, Best Valid: 12.55%, Best Test: 11.31%
Epoch: 1400, Loss: 0.0079, Train: 11.20%, Valid: 10.70%, Test: 10.48%, Best Valid: 12.55%, Best Test: 11.31%
Epoch: 1500, Loss: 0.0009, Train: 11.06%, Valid: 10.54%, Test: 10.73%, Best Valid: 12.55%, Best Test: 11.31%
Epoch: 1600, Loss: 0.0003, Train: 10.83%, Valid: 10.49%, Test: 9.92%, Best Valid: 12.55%, Best Test: 11.31%
Epoch: 1700, Loss: 0.0009, Train: 11.23%, Valid: 10.70%, Test: 10.52%, Best Valid: 12.55%, Best Test: 11.31%
Epoch: 1800, Loss: 0.0842, Train: 11.31%, Valid: 10.56%, Test: 10.41%, Best Valid: 12.55%, Best Test: 11.31%
Epoch: 1900, Loss: 0.5427, Train: 11.24%, Valid: 11.02%, Test: 10.59%, Best Valid: 12.55%, Best Test: 11.31%
Epoch: 2000, Loss: 0.0328, Train: 12.85%, Valid: 12.14%, Test: 11.77%, Best Valid: 13.17%, Best Test: 13.08%
Epoch: 2100, Loss: 0.0638, Train: 11.54%, Valid: 10.75%, Test: 11.31%, Best Valid: 13.40%, Best Test: 12.60%
Epoch: 2200, Loss: 0.0006, Train: 11.25%, Valid: 10.66%, Test: 11.24%, Best Valid: 13.40%, Best Test: 12.60%
Epoch: 2300, Loss: 0.0775, Train: 10.78%, Valid: 10.43%, Test: 10.32%, Best Valid: 13.40%, Best Test: 12.60%
Epoch: 2400, Loss: 0.0347, Train: 11.84%, Valid: 10.27%, Test: 10.64%, Best Valid: 13.40%, Best Test: 12.60%
Run 05:
Highest Train: 14.28
Highest Valid: 13.40
Highest Test: 13.75
Chosen epoch: 2014
Final Train: 14.00
Final Test: 12.60
Label budget: 5/class -> 90 train nodes
Computing oracle penalty matrix from true labels...
Oracle penalty matrix frozen.
Epoch: 00, Loss: 7.8193, Train: 1.45%, Valid: 1.47%, Test: 1.45%, Best Valid: 1.47%, Best Test: 1.45%
Epoch: 100, Loss: 4.2280, Train: 10.30%, Valid: 9.92%, Test: 10.17%, Best Valid: 14.30%, Best Test: 14.28%
Epoch: 200, Loss: 0.3974, Train: 12.77%, Valid: 12.04%, Test: 12.16%, Best Valid: 14.30%, Best Test: 14.28%
Epoch: 300, Loss: 0.0682, Train: 13.49%, Valid: 13.01%, Test: 12.60%, Best Valid: 14.30%, Best Test: 14.28%
Epoch: 400, Loss: 0.1185, Train: 13.83%, Valid: 13.15%, Test: 12.94%, Best Valid: 14.30%, Best Test: 14.28%
Epoch: 500, Loss: 0.0700, Train: 13.57%, Valid: 13.47%, Test: 13.63%, Best Valid: 14.40%, Best Test: 14.24%
Epoch: 600, Loss: 0.0782, Train: 13.59%, Valid: 13.06%, Test: 12.76%, Best Valid: 14.40%, Best Test: 14.24%
Epoch: 700, Loss: 0.0102, Train: 13.99%, Valid: 13.36%, Test: 13.01%, Best Valid: 14.40%, Best Test: 14.24%
Epoch: 800, Loss: 0.0200, Train: 13.78%, Valid: 13.73%, Test: 13.01%, Best Valid: 14.60%, Best Test: 13.94%
Epoch: 900, Loss: 0.0108, Train: 13.03%, Valid: 13.03%, Test: 12.35%, Best Valid: 14.60%, Best Test: 13.94%
Epoch: 1000, Loss: 0.0031, Train: 13.86%, Valid: 13.98%, Test: 12.87%, Best Valid: 14.60%, Best Test: 13.94%
Epoch: 1100, Loss: 0.0374, Train: 14.01%, Valid: 14.14%, Test: 13.15%, Best Valid: 14.85%, Best Test: 13.71%
Epoch: 1200, Loss: 0.0572, Train: 13.19%, Valid: 12.97%, Test: 12.97%, Best Valid: 15.13%, Best Test: 14.15%
Epoch: 1300, Loss: 0.0108, Train: 12.76%, Valid: 12.36%, Test: 12.30%, Best Valid: 15.13%, Best Test: 14.15%
Epoch: 1400, Loss: 0.0055, Train: 13.74%, Valid: 13.63%, Test: 12.69%, Best Valid: 15.13%, Best Test: 14.15%
Epoch: 1500, Loss: 0.0012, Train: 13.42%, Valid: 13.61%, Test: 12.32%, Best Valid: 15.13%, Best Test: 14.15%
Epoch: 1600, Loss: 0.0018, Train: 13.49%, Valid: 13.38%, Test: 12.67%, Best Valid: 15.13%, Best Test: 14.15%
Epoch: 1700, Loss: 0.0100, Train: 14.53%, Valid: 14.37%, Test: 14.07%, Best Valid: 15.13%, Best Test: 14.15%
Epoch: 1800, Loss: 0.0007, Train: 12.48%, Valid: 12.14%, Test: 11.77%, Best Valid: 15.13%, Best Test: 14.15%
Epoch: 1900, Loss: 0.0028, Train: 13.45%, Valid: 13.06%, Test: 12.51%, Best Valid: 15.13%, Best Test: 14.15%
Epoch: 2000, Loss: 0.0055, Train: 13.55%, Valid: 13.43%, Test: 12.44%, Best Valid: 15.13%, Best Test: 14.15%
Epoch: 2100, Loss: 0.0007, Train: 13.00%, Valid: 12.67%, Test: 11.98%, Best Valid: 15.13%, Best Test: 14.15%
Epoch: 2200, Loss: 0.0179, Train: 13.06%, Valid: 12.36%, Test: 12.58%, Best Valid: 15.13%, Best Test: 14.15%
Epoch: 2300, Loss: 0.0180, Train: 13.95%, Valid: 12.71%, Test: 12.67%, Best Valid: 15.13%, Best Test: 14.15%
Epoch: 2400, Loss: 0.0009, Train: 12.84%, Valid: 12.13%, Test: 12.12%, Best Valid: 15.13%, Best Test: 14.15%
Run 06:
Highest Train: 14.90
Highest Valid: 15.13
Highest Test: 14.67
Chosen epoch: 1131
Final Train: 14.60
Final Test: 14.15
Label budget: 5/class -> 90 train nodes
Computing oracle penalty matrix from true labels...
Oracle penalty matrix frozen.
Epoch: 00, Loss: 7.9787, Train: 9.68%, Valid: 9.69%, Test: 9.67%, Best Valid: 9.69%, Best Test: 9.67%
Epoch: 100, Loss: 4.8431, Train: 8.90%, Valid: 8.83%, Test: 8.95%, Best Valid: 9.69%, Best Test: 9.67%
Epoch: 200, Loss: 0.9122, Train: 12.06%, Valid: 11.12%, Test: 11.68%, Best Valid: 11.90%, Best Test: 12.14%
Epoch: 300, Loss: 0.2724, Train: 12.74%, Valid: 12.09%, Test: 12.69%, Best Valid: 12.37%, Best Test: 12.62%
Epoch: 400, Loss: 0.0301, Train: 12.66%, Valid: 12.13%, Test: 12.51%, Best Valid: 13.15%, Best Test: 13.31%
Epoch: 500, Loss: 0.1671, Train: 12.79%, Valid: 12.52%, Test: 12.92%, Best Valid: 13.15%, Best Test: 13.31%
Epoch: 600, Loss: 0.0544, Train: 13.11%, Valid: 13.19%, Test: 13.38%, Best Valid: 14.03%, Best Test: 13.54%
Epoch: 700, Loss: 0.0643, Train: 13.58%, Valid: 13.01%, Test: 13.13%, Best Valid: 14.03%, Best Test: 13.54%
Epoch: 800, Loss: 0.0312, Train: 13.22%, Valid: 12.96%, Test: 12.73%, Best Valid: 14.03%, Best Test: 13.54%
Epoch: 900, Loss: 0.0040, Train: 13.33%, Valid: 12.73%, Test: 12.80%, Best Valid: 14.03%, Best Test: 13.54%
Epoch: 1000, Loss: 0.0032, Train: 12.95%, Valid: 12.97%, Test: 12.16%, Best Valid: 14.03%, Best Test: 13.54%
Epoch: 1100, Loss: 0.0127, Train: 12.88%, Valid: 12.44%, Test: 12.35%, Best Valid: 14.03%, Best Test: 13.54%
Epoch: 1200, Loss: 0.0016, Train: 12.37%, Valid: 12.34%, Test: 11.68%, Best Valid: 14.03%, Best Test: 13.54%
Epoch: 1300, Loss: 0.0305, Train: 13.27%, Valid: 13.10%, Test: 12.51%, Best Valid: 14.03%, Best Test: 13.54%
Epoch: 1400, Loss: 0.0024, Train: 13.54%, Valid: 12.43%, Test: 13.06%, Best Valid: 14.03%, Best Test: 13.54%
Epoch: 1500, Loss: 0.0014, Train: 13.50%, Valid: 12.96%, Test: 12.27%, Best Valid: 14.03%, Best Test: 13.54%
Epoch: 1600, Loss: 0.0114, Train: 11.97%, Valid: 12.14%, Test: 11.10%, Best Valid: 14.03%, Best Test: 13.54%
Epoch: 1700, Loss: 0.0461, Train: 13.81%, Valid: 13.33%, Test: 13.70%, Best Valid: 14.03%, Best Test: 13.54%
Epoch: 1800, Loss: 0.0049, Train: 13.57%, Valid: 13.54%, Test: 13.24%, Best Valid: 14.03%, Best Test: 13.54%
Epoch: 1900, Loss: 0.0037, Train: 13.42%, Valid: 13.36%, Test: 12.97%, Best Valid: 14.12%, Best Test: 13.45%
Epoch: 2000, Loss: 0.0012, Train: 13.19%, Valid: 12.90%, Test: 12.97%, Best Valid: 14.12%, Best Test: 13.45%
Epoch: 2100, Loss: 0.0249, Train: 12.47%, Valid: 12.67%, Test: 12.37%, Best Valid: 14.12%, Best Test: 13.45%
Epoch: 2200, Loss: 0.0004, Train: 13.02%, Valid: 13.13%, Test: 12.18%, Best Valid: 14.12%, Best Test: 13.45%
Epoch: 2300, Loss: 0.0012, Train: 12.07%, Valid: 11.93%, Test: 11.60%, Best Valid: 14.12%, Best Test: 13.45%
Epoch: 2400, Loss: 0.0013, Train: 13.79%, Valid: 13.01%, Test: 12.64%, Best Valid: 14.12%, Best Test: 13.45%
Run 07:
Highest Train: 14.24
Highest Valid: 14.12
Highest Test: 13.91
Chosen epoch: 1893
Final Train: 14.01
Final Test: 13.45
Label budget: 5/class -> 90 train nodes
Computing oracle penalty matrix from true labels...
Oracle penalty matrix frozen.
Epoch: 00, Loss: 8.0232, Train: 3.48%, Valid: 3.50%, Test: 3.48%, Best Valid: 3.50%, Best Test: 3.48%
Epoch: 100, Loss: 6.2920, Train: 8.51%, Valid: 8.51%, Test: 8.72%, Best Valid: 13.43%, Best Test: 13.38%
Epoch: 200, Loss: 0.7710, Train: 10.54%, Valid: 10.17%, Test: 10.10%, Best Valid: 13.43%, Best Test: 13.38%
Epoch: 300, Loss: 0.2198, Train: 11.56%, Valid: 10.79%, Test: 10.87%, Best Valid: 13.43%, Best Test: 13.38%
Epoch: 400, Loss: 0.0537, Train: 12.21%, Valid: 11.24%, Test: 11.15%, Best Valid: 13.43%, Best Test: 13.38%
Epoch: 500, Loss: 0.0340, Train: 13.34%, Valid: 12.69%, Test: 12.34%, Best Valid: 13.43%, Best Test: 13.38%
Epoch: 600, Loss: 0.0113, Train: 13.01%, Valid: 12.32%, Test: 11.75%, Best Valid: 13.43%, Best Test: 13.38%
Epoch: 700, Loss: 0.0260, Train: 13.31%, Valid: 12.85%, Test: 12.21%, Best Valid: 13.84%, Best Test: 13.48%
Epoch: 800, Loss: 0.0857, Train: 12.78%, Valid: 12.66%, Test: 11.95%, Best Valid: 13.84%, Best Test: 13.48%
Epoch: 900, Loss: 0.0116, Train: 12.03%, Valid: 11.70%, Test: 11.42%, Best Valid: 13.84%, Best Test: 13.48%
Epoch: 1000, Loss: 0.0293, Train: 13.79%, Valid: 13.49%, Test: 12.90%, Best Valid: 14.14%, Best Test: 13.73%
Epoch: 1100, Loss: 0.0104, Train: 12.98%, Valid: 12.94%, Test: 11.95%, Best Valid: 14.14%, Best Test: 13.73%
Epoch: 1200, Loss: 0.0027, Train: 13.25%, Valid: 12.82%, Test: 12.27%, Best Valid: 14.14%, Best Test: 13.73%
Epoch: 1300, Loss: 0.0046, Train: 13.89%, Valid: 13.89%, Test: 13.40%, Best Valid: 14.14%, Best Test: 13.73%
Epoch: 1400, Loss: 0.0056, Train: 13.38%, Valid: 13.38%, Test: 12.69%, Best Valid: 14.72%, Best Test: 13.91%
Epoch: 1500, Loss: 0.1216, Train: 13.75%, Valid: 13.66%, Test: 12.90%, Best Valid: 14.72%, Best Test: 13.91%
Epoch: 1600, Loss: 0.0139, Train: 14.00%, Valid: 13.45%, Test: 12.97%, Best Valid: 14.72%, Best Test: 13.91%
Epoch: 1700, Loss: 0.0005, Train: 13.63%, Valid: 13.20%, Test: 12.88%, Best Valid: 14.72%, Best Test: 13.91%
Epoch: 1800, Loss: 0.0004, Train: 13.91%, Valid: 12.94%, Test: 13.03%, Best Valid: 14.72%, Best Test: 13.91%
Epoch: 1900, Loss: 0.0014, Train: 13.58%, Valid: 13.40%, Test: 12.37%, Best Valid: 14.72%, Best Test: 13.91%
Epoch: 2000, Loss: 0.0010, Train: 14.01%, Valid: 14.30%, Test: 13.33%, Best Valid: 14.72%, Best Test: 13.91%
Epoch: 2100, Loss: 0.0010, Train: 14.41%, Valid: 14.35%, Test: 13.54%, Best Valid: 14.72%, Best Test: 13.91%
Epoch: 2200, Loss: 0.0441, Train: 13.72%, Valid: 12.94%, Test: 13.01%, Best Valid: 15.39%, Best Test: 14.54%
Epoch: 2300, Loss: 0.0051, Train: 13.56%, Valid: 13.59%, Test: 13.04%, Best Valid: 15.39%, Best Test: 14.54%
Epoch: 2400, Loss: 0.0009, Train: 13.19%, Valid: 12.96%, Test: 12.51%, Best Valid: 15.48%, Best Test: 14.61%
Run 08:
Highest Train: 15.34
Highest Valid: 15.48
Highest Test: 14.75
Chosen epoch: 2368
Final Train: 15.04
Final Test: 14.61
Label budget: 5/class -> 90 train nodes
Computing oracle penalty matrix from true labels...
Oracle penalty matrix frozen.
Epoch: 00, Loss: 7.9180, Train: 9.27%, Valid: 9.27%, Test: 9.48%, Best Valid: 9.27%, Best Test: 9.48%
Epoch: 100, Loss: 4.7361, Train: 9.57%, Valid: 9.44%, Test: 9.02%, Best Valid: 13.96%, Best Test: 13.96%
Epoch: 200, Loss: 0.3369, Train: 11.24%, Valid: 10.68%, Test: 10.85%, Best Valid: 13.96%, Best Test: 13.96%
Epoch: 300, Loss: 0.2012, Train: 11.77%, Valid: 10.89%, Test: 11.52%, Best Valid: 13.96%, Best Test: 13.96%
Epoch: 400, Loss: 0.0129, Train: 12.36%, Valid: 11.81%, Test: 11.47%, Best Valid: 13.96%, Best Test: 13.96%
Epoch: 500, Loss: 0.1214, Train: 12.16%, Valid: 11.84%, Test: 11.97%, Best Valid: 13.96%, Best Test: 13.96%
Epoch: 600, Loss: 0.0454, Train: 13.04%, Valid: 12.41%, Test: 12.95%, Best Valid: 13.96%, Best Test: 13.96%
Epoch: 700, Loss: 0.0075, Train: 13.04%, Valid: 11.97%, Test: 12.07%, Best Valid: 13.96%, Best Test: 13.96%
Epoch: 800, Loss: 0.0094, Train: 13.10%, Valid: 12.29%, Test: 12.95%, Best Valid: 13.96%, Best Test: 13.96%
Epoch: 900, Loss: 0.0056, Train: 13.60%, Valid: 12.07%, Test: 13.41%, Best Valid: 13.96%, Best Test: 13.96%
Epoch: 1000, Loss: 0.0115, Train: 13.04%, Valid: 12.46%, Test: 12.46%, Best Valid: 13.96%, Best Test: 13.96%
Epoch: 1100, Loss: 0.0077, Train: 12.73%, Valid: 11.93%, Test: 12.34%, Best Valid: 13.96%, Best Test: 13.96%
Epoch: 1200, Loss: 0.0183, Train: 12.93%, Valid: 12.29%, Test: 12.69%, Best Valid: 13.96%, Best Test: 13.96%
Epoch: 1300, Loss: 0.1447, Train: 12.86%, Valid: 12.22%, Test: 12.20%, Best Valid: 13.96%, Best Test: 13.96%
Epoch: 1400, Loss: 0.0044, Train: 12.72%, Valid: 11.79%, Test: 13.17%, Best Valid: 13.96%, Best Test: 13.96%
Epoch: 1500, Loss: 0.0098, Train: 13.80%, Valid: 12.27%, Test: 13.84%, Best Valid: 13.96%, Best Test: 13.96%
Epoch: 1600, Loss: 0.0055, Train: 13.66%, Valid: 11.97%, Test: 12.90%, Best Valid: 13.96%, Best Test: 13.96%
Epoch: 1700, Loss: 0.0008, Train: 13.93%, Valid: 13.57%, Test: 14.05%, Best Valid: 13.96%, Best Test: 13.96%
Epoch: 1800, Loss: 0.1586, Train: 14.24%, Valid: 13.42%, Test: 13.94%, Best Valid: 13.96%, Best Test: 13.96%
Epoch: 1900, Loss: 0.0015, Train: 14.21%, Valid: 13.52%, Test: 13.61%, Best Valid: 13.96%, Best Test: 13.96%
Epoch: 2000, Loss: 0.0643, Train: 14.59%, Valid: 13.20%, Test: 13.85%, Best Valid: 13.96%, Best Test: 13.96%
Epoch: 2100, Loss: 0.0399, Train: 13.00%, Valid: 11.99%, Test: 12.50%, Best Valid: 13.96%, Best Test: 13.96%
Epoch: 2200, Loss: 0.0118, Train: 13.16%, Valid: 12.00%, Test: 12.11%, Best Valid: 13.96%, Best Test: 13.96%
Epoch: 2300, Loss: 0.0291, Train: 15.17%, Valid: 13.82%, Test: 14.72%, Best Valid: 14.30%, Best Test: 14.88%
Epoch: 2400, Loss: 0.0008, Train: 14.48%, Valid: 13.45%, Test: 14.33%, Best Valid: 14.30%, Best Test: 14.88%
Run 09:
Highest Train: 15.40
Highest Valid: 14.30
Highest Test: 15.07
Chosen epoch: 2257
Final Train: 15.32
Final Test: 14.88
Label budget: 5/class -> 90 train nodes
Computing oracle penalty matrix from true labels...
Oracle penalty matrix frozen.
Epoch: 00, Loss: 7.8456, Train: 4.17%, Valid: 4.17%, Test: 4.17%, Best Valid: 4.17%, Best Test: 4.17%
Epoch: 100, Loss: 3.3593, Train: 13.87%, Valid: 13.36%, Test: 13.61%, Best Valid: 13.49%, Best Test: 13.38%
Epoch: 200, Loss: 0.5087, Train: 14.51%, Valid: 14.02%, Test: 13.64%, Best Valid: 14.10%, Best Test: 13.50%
Epoch: 300, Loss: 0.1775, Train: 13.92%, Valid: 13.01%, Test: 13.34%, Best Valid: 14.14%, Best Test: 13.98%
Epoch: 400, Loss: 0.0690, Train: 13.80%, Valid: 13.36%, Test: 13.06%, Best Valid: 14.14%, Best Test: 13.98%
Epoch: 500, Loss: 0.0395, Train: 13.15%, Valid: 12.39%, Test: 11.97%, Best Valid: 14.14%, Best Test: 13.98%
Epoch: 600, Loss: 0.0137, Train: 13.60%, Valid: 12.99%, Test: 13.01%, Best Valid: 14.14%, Best Test: 13.98%
Epoch: 700, Loss: 0.0434, Train: 13.03%, Valid: 12.55%, Test: 12.21%, Best Valid: 14.14%, Best Test: 13.98%
Epoch: 800, Loss: 0.0392, Train: 13.25%, Valid: 12.14%, Test: 12.32%, Best Valid: 14.14%, Best Test: 13.98%
Epoch: 900, Loss: 0.0241, Train: 12.66%, Valid: 11.37%, Test: 11.28%, Best Valid: 14.14%, Best Test: 13.98%
Epoch: 1000, Loss: 0.0059, Train: 13.54%, Valid: 11.97%, Test: 11.72%, Best Valid: 14.14%, Best Test: 13.98%
Epoch: 1100, Loss: 0.0063, Train: 12.92%, Valid: 11.39%, Test: 11.33%, Best Valid: 14.14%, Best Test: 13.98%
Epoch: 1200, Loss: 0.0053, Train: 13.86%, Valid: 12.59%, Test: 12.21%, Best Valid: 14.14%, Best Test: 13.98%
Epoch: 1300, Loss: 0.0288, Train: 13.21%, Valid: 11.72%, Test: 12.07%, Best Valid: 14.14%, Best Test: 13.98%
Epoch: 1400, Loss: 0.0054, Train: 13.51%, Valid: 12.48%, Test: 12.07%, Best Valid: 14.14%, Best Test: 13.98%
Epoch: 1500, Loss: 0.0290, Train: 14.00%, Valid: 12.83%, Test: 12.37%, Best Valid: 14.14%, Best Test: 13.98%
Epoch: 1600, Loss: 0.0031, Train: 13.67%, Valid: 12.44%, Test: 12.42%, Best Valid: 14.14%, Best Test: 13.98%
Epoch: 1700, Loss: 0.0157, Train: 13.59%, Valid: 12.50%, Test: 11.60%, Best Valid: 14.14%, Best Test: 13.98%
Epoch: 1800, Loss: 0.0395, Train: 14.09%, Valid: 13.35%, Test: 12.57%, Best Valid: 14.14%, Best Test: 13.98%
Epoch: 1900, Loss: 0.0024, Train: 12.88%, Valid: 11.74%, Test: 11.35%, Best Valid: 14.14%, Best Test: 13.98%
Epoch: 2000, Loss: 0.0006, Train: 13.06%, Valid: 11.32%, Test: 11.60%, Best Valid: 14.14%, Best Test: 13.98%
Epoch: 2100, Loss: 0.0002, Train: 13.07%, Valid: 11.69%, Test: 11.79%, Best Valid: 14.14%, Best Test: 13.98%
Epoch: 2200, Loss: 0.0069, Train: 12.86%, Valid: 11.79%, Test: 11.68%, Best Valid: 14.14%, Best Test: 13.98%
Epoch: 2300, Loss: 0.0064, Train: 13.56%, Valid: 13.01%, Test: 12.51%, Best Valid: 14.14%, Best Test: 13.98%
Epoch: 2400, Loss: 0.0772, Train: 13.18%, Valid: 12.57%, Test: 12.32%, Best Valid: 14.14%, Best Test: 13.98%
Run 10:
Highest Train: 14.66
Highest Valid: 14.14
Highest Test: 14.33
Chosen epoch: 204
Final Train: 14.47
Final Test: 13.98
All runs:
Highest Train: 14.46 ± 0.93
Highest Test: 14.00 ± 1.03
Highest Valid: 13.91 ± 1.15
  Final Train: 14.30 ± 0.92
   Final Test: 13.71 ± 1.05
Saving results to results/lowlabel/roman-empire/MPNN_gcn.csv
Low-label sweep completed.
Task 358 done.
