Fri Aug  7 21:05:35 2026       
+-----------------------------------------------------------------------------------------+
| NVIDIA-SMI 580.159.04             Driver Version: 580.159.04     CUDA Version: 13.0     |
+-----------------------------------------+------------------------+----------------------+
| GPU  Name                 Persistence-M | Bus-Id          Disp.A | Volatile Uncorr. ECC |
| Fan  Temp   Perf          Pwr:Usage/Cap |           Memory-Usage | GPU-Util  Compute M. |
|                                         |                        |               MIG M. |
|=========================================+========================+======================|
|   0  NVIDIA A100-SXM4-80GB          On  |   00000000:01:00.0 Off |                   On |
| N/A   50C    P0            211W /  500W |   45971MiB /  81920MiB |     N/A      Default |
|                                         |                        |              Enabled |
+-----------------------------------------+------------------------+----------------------+
|   1  NVIDIA A100-SXM4-80GB          On  |   00000000:41:00.0 Off |                   On |
| N/A   39C    P0            166W /  500W |   16973MiB /  81920MiB |     N/A      Default |
|                                         |                        |              Enabled |
+-----------------------------------------+------------------------+----------------------+
|   2  NVIDIA A100-SXM4-80GB          On  |   00000000:81:00.0 Off |                   On |
| N/A   42C    P0            151W /  500W |    9634MiB /  81920MiB |     N/A      Default |
|                                         |                        |              Enabled |
+-----------------------------------------+------------------------+----------------------+
|   3  NVIDIA A100-SXM4-80GB          On  |   00000000:C1:00.0 Off |                   On |
| N/A   33C    P0            112W /  500W |    5388MiB /  81920MiB |     N/A      Default |
|                                         |                        |              Enabled |
+-----------------------------------------+------------------------+----------------------+

+-----------------------------------------------------------------------------------------+
| MIG devices:                                                                            |
+------------------+----------------------------------+-----------+-----------------------+
| GPU  GI  CI  MIG |              Shared Memory-Usage |        Vol|        Shared         |
|      ID  ID  Dev |                Shared BAR1-Usage | SM     Unc| CE ENC  DEC  OFA  JPG |
|                  |                                  |        ECC|                       |
|==================+==================================+===========+=======================|
|  0    5   0   0  |              71MiB / 19968MiB    | 28      0 |  2   0    1    0    0 |
|                  |               0MiB / 12271MiB    |           |                       |
+------------------+----------------------------------+-----------+-----------------------+

+-----------------------------------------------------------------------------------------+
| Processes:                                                                              |
|  GPU   GI   CI              PID   Type   Process name                        GPU Memory |
|        ID   ID                                                               Usage      |
|=========================================================================================|
|    1   13    0           670774      C   ...ware/symmetrix-env/bin/python       5022MiB |
|    1    1    0           674054      C   ....conda/envs/lmflow/bin/python       5132MiB |
|    1    5    0          1079677      C   python                                 6546MiB |
|    2    2    0           674051      C   ....conda/envs/lmflow/bin/python       5132MiB |
|    2    3    0          1113689      C   python                                 4236MiB |
|    3    1    0           674052      C   ....conda/envs/lmflow/bin/python       5130MiB |
+-----------------------------------------------------------------------------------------+
Cell: wikics / gcn / budget 20 per class / group 1
python main.py --gnn gcn --dataset wikics --hidden_channels 256 --epochs 1000 --lr 0.001 --runs 3 --local_layers 3 --weight_decay 0.0 --dropout 0.5 --device 0 --ln --runs 10 --train_per_class 20 --budget_tag 20
==========================================================
Low-label sweep: python main.py --gnn gcn --dataset wikics --hidden_channels 256 --epochs 1000 --lr 0.001 --runs 3 --local_layers 3 --weight_decay 0.0 --dropout 0.5 --device 0 --ln --runs 10 --train_per_class 20 --budget_tag 20
result_dir=results/lowlabel conditions=[count]
==========================================================
--- count_reg | lambda=0.01 ---
Namespace(bn=False, budget_tag='20', count_reg=True, count_smoothing=1.0, cpu=False, data_dir='./data/', dataset='wikics', device=0, display_step=100, dropout=0.5, epochs=1000, gnn='gcn', hidden_channels=256, jk=False, label_num_per_class=20, lambda_val=0.01, ln=True, local_layers=3, lr=0.001, metric='acc', mlp_epochs=500, mlp_reg=False, model='MPNN', model_dir='models', num_heads=1, oracle_reg=False, paired_seeds=True, penalty_transform='none', pre_linear=False, pre_ln=False, rand_split=False, rand_split_class=False, reg_start_epoch=10, reg_update_freq=5, res=False, resample_split_per_run=False, result_dir='results/lowlabel', runs=10, save_model=False, seed=42, test_num=1000, train_per_class=20, train_prop=0.5, use_reg=True, valid_num=500, valid_per_class=0, valid_prop=0.25, weight_decay=0.0)
wikics
dataset wikics | num nodes 11701 | num edge 431726 | num node feats 300 | num classes 10
MODEL: MPNNs(
  (h_lins): ModuleList()
  (local_convs): ModuleList(
    (0): GCNConv(300, 256)
    (1): GCNConv(256, 256)
    (2): GCNConv(256, 256)
  )
  (lins): ModuleList(
    (0): Linear(in_features=300, out_features=256, bias=True)
    (1): Linear(in_features=256, out_features=256, bias=True)
    (2): Linear(in_features=256, out_features=256, bias=True)
  )
  (lns): ModuleList(
    (0): LayerNorm((256,), eps=1e-05, elementwise_affine=True)
    (1): LayerNorm((256,), eps=1e-05, elementwise_affine=True)
    (2): LayerNorm((256,), eps=1e-05, elementwise_affine=True)
  )
  (bns): ModuleList(
    (0): BatchNorm1d(256, eps=1e-05, momentum=0.1, affine=True, track_running_stats=True)
    (1): BatchNorm1d(256, eps=1e-05, momentum=0.1, affine=True, track_running_stats=True)
    (2): BatchNorm1d(256, eps=1e-05, momentum=0.1, affine=True, track_running_stats=True)
  )
  (lin_in): Linear(in_features=300, out_features=256, bias=True)
  (pred_local): Linear(in_features=256, out_features=10, bias=True)
)
Label budget: 20/class -> 194 train nodes
Counting co-occurrence on train-train edges (leakage-free estimator)...
Count penalty frozen (122 train-train edges).
Epoch: 00, Loss: 2.4844, Train: 15.17%, Valid: 15.72%, Test: 15.26%, Best Valid: 15.72%, Best Test: 15.26%
Epoch: 100, Loss: 0.0896, Train: 83.10%, Valid: 76.37%, Test: 77.27%, Best Valid: 77.47%, Best Test: 77.53%
Epoch: 200, Loss: 0.0293, Train: 82.59%, Valid: 73.49%, Test: 74.16%, Best Valid: 77.47%, Best Test: 77.53%
Epoch: 300, Loss: 0.0224, Train: 83.28%, Valid: 74.74%, Test: 75.49%, Best Valid: 77.47%, Best Test: 77.53%
Epoch: 400, Loss: 0.0357, Train: 82.59%, Valid: 73.76%, Test: 74.47%, Best Valid: 77.47%, Best Test: 77.53%
Epoch: 500, Loss: 0.0180, Train: 81.55%, Valid: 73.81%, Test: 74.55%, Best Valid: 77.47%, Best Test: 77.53%
Epoch: 600, Loss: 0.0350, Train: 83.10%, Valid: 74.59%, Test: 75.34%, Best Valid: 77.47%, Best Test: 77.53%
Epoch: 700, Loss: 0.0045, Train: 83.45%, Valid: 74.50%, Test: 75.18%, Best Valid: 77.47%, Best Test: 77.53%
Epoch: 800, Loss: 0.0026, Train: 82.76%, Valid: 74.19%, Test: 74.52%, Best Valid: 77.47%, Best Test: 77.53%
Epoch: 900, Loss: 0.0020, Train: 83.10%, Valid: 74.76%, Test: 75.44%, Best Valid: 77.47%, Best Test: 77.53%
Run 01:
Highest Train: 84.83
Highest Valid: 77.47
Highest Test: 77.73
Chosen epoch: 67
Final Train: 83.10
Final Test: 77.53
Label budget: 20/class -> 194 train nodes
Counting co-occurrence on train-train edges (leakage-free estimator)...
Count penalty frozen (110 train-train edges).
Epoch: 00, Loss: 2.4621, Train: 22.59%, Valid: 22.75%, Test: 22.47%, Best Valid: 22.75%, Best Test: 22.47%
Epoch: 100, Loss: 0.1027, Train: 81.38%, Valid: 72.90%, Test: 71.40%, Best Valid: 76.28%, Best Test: 74.74%
Epoch: 200, Loss: 0.0370, Train: 80.52%, Valid: 71.71%, Test: 70.46%, Best Valid: 76.28%, Best Test: 74.74%
Epoch: 300, Loss: 0.0400, Train: 75.17%, Valid: 66.69%, Test: 66.46%, Best Valid: 76.28%, Best Test: 74.74%
Epoch: 400, Loss: 0.0036, Train: 79.83%, Valid: 70.93%, Test: 69.68%, Best Valid: 76.28%, Best Test: 74.74%
Epoch: 500, Loss: 0.0017, Train: 80.00%, Valid: 71.27%, Test: 70.41%, Best Valid: 76.28%, Best Test: 74.74%
Epoch: 600, Loss: 0.0203, Train: 80.34%, Valid: 70.95%, Test: 69.73%, Best Valid: 76.28%, Best Test: 74.74%
Epoch: 700, Loss: 0.0124, Train: 80.52%, Valid: 70.89%, Test: 69.59%, Best Valid: 76.28%, Best Test: 74.74%
Epoch: 800, Loss: 0.0133, Train: 81.72%, Valid: 71.69%, Test: 70.81%, Best Valid: 76.28%, Best Test: 74.74%
Epoch: 900, Loss: 0.0007, Train: 80.69%, Valid: 71.41%, Test: 70.17%, Best Valid: 76.28%, Best Test: 74.74%
Run 02:
Highest Train: 84.14
Highest Valid: 76.28
Highest Test: 74.74
Chosen epoch: 57
Final Train: 83.10
Final Test: 74.74
Label budget: 20/class -> 194 train nodes
Counting co-occurrence on train-train edges (leakage-free estimator)...
Count penalty frozen (162 train-train edges).
Epoch: 00, Loss: 2.5330, Train: 25.52%, Valid: 23.61%, Test: 23.69%, Best Valid: 23.61%, Best Test: 23.69%
Epoch: 100, Loss: 0.1052, Train: 80.00%, Valid: 74.40%, Test: 74.14%, Best Valid: 75.77%, Best Test: 75.56%
Epoch: 200, Loss: 0.0370, Train: 80.00%, Valid: 72.51%, Test: 72.19%, Best Valid: 75.77%, Best Test: 75.56%
Epoch: 300, Loss: 0.0273, Train: 74.66%, Valid: 67.67%, Test: 67.23%, Best Valid: 75.77%, Best Test: 75.56%
Epoch: 400, Loss: 0.0241, Train: 77.24%, Valid: 71.07%, Test: 70.79%, Best Valid: 75.77%, Best Test: 75.56%
Epoch: 500, Loss: 0.0086, Train: 77.41%, Valid: 70.78%, Test: 70.26%, Best Valid: 75.77%, Best Test: 75.56%
Epoch: 600, Loss: 0.0207, Train: 79.31%, Valid: 72.66%, Test: 72.52%, Best Valid: 75.77%, Best Test: 75.56%
Epoch: 700, Loss: 0.0153, Train: 78.28%, Valid: 71.60%, Test: 71.63%, Best Valid: 75.77%, Best Test: 75.56%
Epoch: 800, Loss: 0.0163, Train: 76.03%, Valid: 69.26%, Test: 68.87%, Best Valid: 75.77%, Best Test: 75.56%
Epoch: 900, Loss: 0.0027, Train: 78.10%, Valid: 71.84%, Test: 71.58%, Best Valid: 75.77%, Best Test: 75.56%
Run 03:
Highest Train: 81.72
Highest Valid: 75.77
Highest Test: 75.56
Chosen epoch: 82
Final Train: 80.86
Final Test: 75.56
Label budget: 20/class -> 194 train nodes
Counting co-occurrence on train-train edges (leakage-free estimator)...
Count penalty frozen (190 train-train edges).
Epoch: 00, Loss: 2.4873, Train: 7.24%, Valid: 6.96%, Test: 6.79%, Best Valid: 6.96%, Best Test: 6.79%
Epoch: 100, Loss: 0.0704, Train: 79.83%, Valid: 71.14%, Test: 70.36%, Best Valid: 75.48%, Best Test: 74.36%
Epoch: 200, Loss: 0.0132, Train: 78.79%, Valid: 69.42%, Test: 68.77%, Best Valid: 75.48%, Best Test: 74.36%
Epoch: 300, Loss: 0.0047, Train: 80.17%, Valid: 71.01%, Test: 70.63%, Best Valid: 75.48%, Best Test: 74.36%
Epoch: 400, Loss: 0.0056, Train: 80.86%, Valid: 70.89%, Test: 70.57%, Best Valid: 75.48%, Best Test: 74.36%
Epoch: 500, Loss: 0.0020, Train: 80.52%, Valid: 71.67%, Test: 71.15%, Best Valid: 75.48%, Best Test: 74.36%
Epoch: 600, Loss: 0.0016, Train: 80.86%, Valid: 71.54%, Test: 71.11%, Best Valid: 75.48%, Best Test: 74.36%
Epoch: 700, Loss: 0.0008, Train: 79.83%, Valid: 70.50%, Test: 70.19%, Best Valid: 75.48%, Best Test: 74.36%
Epoch: 800, Loss: 0.0010, Train: 80.00%, Valid: 70.57%, Test: 69.88%, Best Valid: 75.48%, Best Test: 74.36%
Epoch: 900, Loss: 0.0008, Train: 79.31%, Valid: 70.25%, Test: 69.75%, Best Valid: 75.48%, Best Test: 74.36%
Run 04:
Highest Train: 82.93
Highest Valid: 75.48
Highest Test: 74.43
Chosen epoch: 45
Final Train: 78.97
Final Test: 74.36
Label budget: 20/class -> 194 train nodes
Counting co-occurrence on train-train edges (leakage-free estimator)...
Count penalty frozen (148 train-train edges).
Epoch: 00, Loss: 2.4720, Train: 9.31%, Valid: 9.71%, Test: 9.82%, Best Valid: 9.71%, Best Test: 9.82%
Epoch: 100, Loss: 0.1126, Train: 78.79%, Valid: 72.41%, Test: 71.03%, Best Valid: 74.40%, Best Test: 72.98%
Epoch: 200, Loss: 0.0221, Train: 78.97%, Valid: 71.16%, Test: 69.81%, Best Valid: 74.40%, Best Test: 72.98%
Epoch: 300, Loss: 0.0408, Train: 82.41%, Valid: 75.71%, Test: 74.38%, Best Valid: 75.71%, Best Test: 74.38%
Epoch: 400, Loss: 0.0024, Train: 80.17%, Valid: 72.94%, Test: 71.20%, Best Valid: 75.71%, Best Test: 74.38%
Epoch: 500, Loss: 0.0055, Train: 79.66%, Valid: 72.03%, Test: 70.34%, Best Valid: 75.71%, Best Test: 74.38%
Epoch: 600, Loss: 0.0035, Train: 79.31%, Valid: 70.23%, Test: 69.52%, Best Valid: 75.71%, Best Test: 74.38%
Epoch: 700, Loss: 0.0038, Train: 79.14%, Valid: 71.84%, Test: 70.43%, Best Valid: 75.71%, Best Test: 74.38%
Epoch: 800, Loss: 0.0015, Train: 78.45%, Valid: 71.54%, Test: 70.17%, Best Valid: 75.71%, Best Test: 74.38%
Epoch: 900, Loss: 0.0007, Train: 79.14%, Valid: 71.84%, Test: 70.16%, Best Valid: 75.71%, Best Test: 74.38%
Run 05:
Highest Train: 82.41
Highest Valid: 75.71
Highest Test: 74.38
Chosen epoch: 300
Final Train: 82.41
Final Test: 74.38
Label budget: 20/class -> 194 train nodes
Counting co-occurrence on train-train edges (leakage-free estimator)...
Count penalty frozen (72 train-train edges).
Epoch: 00, Loss: 2.4678, Train: 22.24%, Valid: 22.24%, Test: 22.82%, Best Valid: 22.24%, Best Test: 22.82%
Epoch: 100, Loss: 0.1104, Train: 79.31%, Valid: 71.62%, Test: 70.28%, Best Valid: 72.96%, Best Test: 72.12%
Epoch: 200, Loss: 0.0300, Train: 79.48%, Valid: 70.02%, Test: 69.49%, Best Valid: 72.96%, Best Test: 72.12%
Epoch: 300, Loss: 0.0212, Train: 79.48%, Valid: 71.52%, Test: 70.70%, Best Valid: 72.96%, Best Test: 72.12%
Epoch: 400, Loss: 0.0084, Train: 78.62%, Valid: 70.46%, Test: 68.74%, Best Valid: 72.96%, Best Test: 72.12%
Epoch: 500, Loss: 0.0039, Train: 79.48%, Valid: 70.52%, Test: 69.18%, Best Valid: 72.96%, Best Test: 72.12%
Epoch: 600, Loss: 0.0015, Train: 79.14%, Valid: 70.57%, Test: 69.44%, Best Valid: 72.96%, Best Test: 72.12%
Epoch: 700, Loss: 0.0032, Train: 78.79%, Valid: 69.78%, Test: 68.48%, Best Valid: 72.96%, Best Test: 72.12%
Epoch: 800, Loss: 0.0009, Train: 78.62%, Valid: 71.08%, Test: 70.04%, Best Valid: 72.96%, Best Test: 72.12%
Epoch: 900, Loss: 0.0025, Train: 79.48%, Valid: 71.01%, Test: 69.97%, Best Valid: 72.96%, Best Test: 72.12%
Run 06:
Highest Train: 81.55
Highest Valid: 72.96
Highest Test: 72.14
Chosen epoch: 28
Final Train: 75.00
Final Test: 72.12
Label budget: 20/class -> 194 train nodes
Counting co-occurrence on train-train edges (leakage-free estimator)...
Count penalty frozen (206 train-train edges).
Epoch: 00, Loss: 2.5206, Train: 20.00%, Valid: 19.66%, Test: 19.75%, Best Valid: 19.66%, Best Test: 19.75%
Epoch: 100, Loss: 0.0865, Train: 82.41%, Valid: 74.08%, Test: 72.94%, Best Valid: 75.27%, Best Test: 74.38%
Epoch: 200, Loss: 0.0290, Train: 80.17%, Valid: 71.43%, Test: 70.12%, Best Valid: 75.27%, Best Test: 74.38%
Epoch: 300, Loss: 0.0125, Train: 80.52%, Valid: 71.88%, Test: 70.28%, Best Valid: 75.27%, Best Test: 74.38%
Epoch: 400, Loss: 0.0188, Train: 81.03%, Valid: 71.67%, Test: 70.86%, Best Valid: 75.27%, Best Test: 74.38%
Epoch: 500, Loss: 0.0118, Train: 81.90%, Valid: 72.73%, Test: 71.80%, Best Valid: 75.27%, Best Test: 74.38%
Epoch: 600, Loss: 0.0028, Train: 81.72%, Valid: 72.79%, Test: 72.24%, Best Valid: 75.27%, Best Test: 74.38%
Epoch: 700, Loss: 0.0026, Train: 81.72%, Valid: 72.87%, Test: 71.64%, Best Valid: 75.27%, Best Test: 74.38%
Epoch: 800, Loss: 0.0042, Train: 82.24%, Valid: 73.09%, Test: 72.19%, Best Valid: 75.27%, Best Test: 74.38%
Epoch: 900, Loss: 0.0006, Train: 82.07%, Valid: 72.75%, Test: 72.28%, Best Valid: 75.27%, Best Test: 74.38%
Run 07:
Highest Train: 84.14
Highest Valid: 75.27
Highest Test: 74.59
Chosen epoch: 53
Final Train: 83.62
Final Test: 74.38
Label budget: 20/class -> 194 train nodes
Counting co-occurrence on train-train edges (leakage-free estimator)...
Count penalty frozen (96 train-train edges).
Epoch: 00, Loss: 2.4545, Train: 23.97%, Valid: 23.17%, Test: 22.56%, Best Valid: 23.17%, Best Test: 22.56%
Epoch: 100, Loss: 0.1515, Train: 77.41%, Valid: 70.48%, Test: 69.86%, Best Valid: 74.04%, Best Test: 72.55%
Epoch: 200, Loss: 0.0373, Train: 79.83%, Valid: 71.41%, Test: 70.28%, Best Valid: 74.04%, Best Test: 72.55%
Epoch: 300, Loss: 0.0315, Train: 75.52%, Valid: 68.32%, Test: 67.37%, Best Valid: 74.04%, Best Test: 72.55%
Epoch: 400, Loss: 0.0209, Train: 76.03%, Valid: 68.96%, Test: 68.21%, Best Valid: 74.04%, Best Test: 72.55%
Epoch: 500, Loss: 0.0042, Train: 76.90%, Valid: 68.81%, Test: 67.95%, Best Valid: 74.04%, Best Test: 72.55%
Epoch: 600, Loss: 0.0272, Train: 76.38%, Valid: 67.60%, Test: 66.72%, Best Valid: 74.04%, Best Test: 72.55%
Epoch: 700, Loss: 0.0018, Train: 76.55%, Valid: 68.87%, Test: 67.59%, Best Valid: 74.04%, Best Test: 72.55%
Epoch: 800, Loss: 0.0045, Train: 77.59%, Valid: 69.23%, Test: 68.36%, Best Valid: 74.04%, Best Test: 72.55%
Epoch: 900, Loss: 0.0054, Train: 76.03%, Valid: 68.28%, Test: 67.09%, Best Valid: 74.04%, Best Test: 72.55%
Run 08:
Highest Train: 80.00
Highest Valid: 74.04
Highest Test: 72.55
Chosen epoch: 29
Final Train: 75.17
Final Test: 72.55
Label budget: 20/class -> 194 train nodes
Counting co-occurrence on train-train edges (leakage-free estimator)...
Count penalty frozen (112 train-train edges).
Epoch: 00, Loss: 2.5465, Train: 36.21%, Valid: 33.52%, Test: 34.36%, Best Valid: 33.52%, Best Test: 34.36%
Epoch: 100, Loss: 0.0493, Train: 85.86%, Valid: 74.69%, Test: 74.09%, Best Valid: 76.45%, Best Test: 75.47%
Epoch: 200, Loss: 0.0158, Train: 84.48%, Valid: 72.64%, Test: 72.67%, Best Valid: 76.45%, Best Test: 75.47%
Epoch: 300, Loss: 0.0124, Train: 83.97%, Valid: 71.16%, Test: 70.77%, Best Valid: 76.45%, Best Test: 75.47%
Epoch: 400, Loss: 0.0060, Train: 84.83%, Valid: 72.24%, Test: 71.64%, Best Valid: 76.45%, Best Test: 75.47%
Epoch: 500, Loss: 0.0936, Train: 83.97%, Valid: 71.77%, Test: 71.11%, Best Valid: 76.45%, Best Test: 75.47%
Epoch: 600, Loss: 0.0022, Train: 83.62%, Valid: 71.67%, Test: 71.08%, Best Valid: 76.45%, Best Test: 75.47%
Epoch: 700, Loss: 0.0020, Train: 81.55%, Valid: 70.33%, Test: 69.95%, Best Valid: 76.45%, Best Test: 75.47%
Epoch: 800, Loss: 0.0006, Train: 84.48%, Valid: 72.11%, Test: 71.69%, Best Valid: 76.45%, Best Test: 75.47%
Epoch: 900, Loss: 0.0003, Train: 83.28%, Valid: 71.33%, Test: 70.74%, Best Valid: 76.45%, Best Test: 75.47%
Run 09:
Highest Train: 87.59
Highest Valid: 76.45
Highest Test: 75.68
Chosen epoch: 36
Final Train: 84.83
Final Test: 75.47
Label budget: 20/class -> 194 train nodes
Counting co-occurrence on train-train edges (leakage-free estimator)...
Count penalty frozen (158 train-train edges).
Epoch: 00, Loss: 2.4871, Train: 6.03%, Valid: 6.94%, Test: 6.46%, Best Valid: 6.94%, Best Test: 6.46%
Epoch: 100, Loss: 0.0693, Train: 78.10%, Valid: 71.12%, Test: 69.73%, Best Valid: 73.38%, Best Test: 72.24%
Epoch: 200, Loss: 0.0230, Train: 76.55%, Valid: 69.07%, Test: 68.51%, Best Valid: 73.38%, Best Test: 72.24%
Epoch: 300, Loss: 0.0125, Train: 77.59%, Valid: 69.80%, Test: 68.94%, Best Valid: 73.38%, Best Test: 72.24%
Epoch: 400, Loss: 0.0075, Train: 78.79%, Valid: 70.93%, Test: 70.12%, Best Valid: 73.38%, Best Test: 72.24%
Epoch: 500, Loss: 0.0052, Train: 78.10%, Valid: 70.84%, Test: 69.97%, Best Valid: 73.38%, Best Test: 72.24%
Epoch: 600, Loss: 0.0030, Train: 78.45%, Valid: 70.36%, Test: 69.68%, Best Valid: 73.38%, Best Test: 72.24%
Epoch: 700, Loss: 0.0011, Train: 78.62%, Valid: 70.38%, Test: 69.83%, Best Valid: 73.38%, Best Test: 72.24%
Epoch: 800, Loss: 0.0009, Train: 78.79%, Valid: 70.61%, Test: 69.44%, Best Valid: 73.38%, Best Test: 72.24%
Epoch: 900, Loss: 0.0028, Train: 79.31%, Valid: 71.05%, Test: 70.19%, Best Valid: 73.38%, Best Test: 72.24%
Run 10:
Highest Train: 80.86
Highest Valid: 73.38
Highest Test: 72.24
Chosen epoch: 41
Final Train: 76.72
Final Test: 72.24
All runs:
Highest Train: 83.02 ± 2.23
Highest Test: 74.40 ± 1.75
Highest Valid: 75.28 ± 1.42
  Final Train: 80.38 ± 3.67
   Final Test: 74.33 ± 1.69
Saving results to results/lowlabel/wikics/MPNN_gcn.csv
--- count_reg | lambda=0.05 ---
Namespace(bn=False, budget_tag='20', count_reg=True, count_smoothing=1.0, cpu=False, data_dir='./data/', dataset='wikics', device=0, display_step=100, dropout=0.5, epochs=1000, gnn='gcn', hidden_channels=256, jk=False, label_num_per_class=20, lambda_val=0.05, ln=True, local_layers=3, lr=0.001, metric='acc', mlp_epochs=500, mlp_reg=False, model='MPNN', model_dir='models', num_heads=1, oracle_reg=False, paired_seeds=True, penalty_transform='none', pre_linear=False, pre_ln=False, rand_split=False, rand_split_class=False, reg_start_epoch=10, reg_update_freq=5, res=False, resample_split_per_run=False, result_dir='results/lowlabel', runs=10, save_model=False, seed=42, test_num=1000, train_per_class=20, train_prop=0.5, use_reg=True, valid_num=500, valid_per_class=0, valid_prop=0.25, weight_decay=0.0)
wikics
dataset wikics | num nodes 11701 | num edge 431726 | num node feats 300 | num classes 10
MODEL: MPNNs(
  (h_lins): ModuleList()
  (local_convs): ModuleList(
    (0): GCNConv(300, 256)
    (1): GCNConv(256, 256)
    (2): GCNConv(256, 256)
  )
  (lins): ModuleList(
    (0): Linear(in_features=300, out_features=256, bias=True)
    (1): Linear(in_features=256, out_features=256, bias=True)
    (2): Linear(in_features=256, out_features=256, bias=True)
  )
  (lns): ModuleList(
    (0): LayerNorm((256,), eps=1e-05, elementwise_affine=True)
    (1): LayerNorm((256,), eps=1e-05, elementwise_affine=True)
    (2): LayerNorm((256,), eps=1e-05, elementwise_affine=True)
  )
  (bns): ModuleList(
    (0): BatchNorm1d(256, eps=1e-05, momentum=0.1, affine=True, track_running_stats=True)
    (1): BatchNorm1d(256, eps=1e-05, momentum=0.1, affine=True, track_running_stats=True)
    (2): BatchNorm1d(256, eps=1e-05, momentum=0.1, affine=True, track_running_stats=True)
  )
  (lin_in): Linear(in_features=300, out_features=256, bias=True)
  (pred_local): Linear(in_features=256, out_features=10, bias=True)
)
Label budget: 20/class -> 194 train nodes
Counting co-occurrence on train-train edges (leakage-free estimator)...
Count penalty frozen (122 train-train edges).
Epoch: 00, Loss: 2.5828, Train: 15.34%, Valid: 15.30%, Test: 15.08%, Best Valid: 15.30%, Best Test: 15.08%
Epoch: 100, Loss: 0.0825, Train: 83.28%, Valid: 76.43%, Test: 76.96%, Best Valid: 77.59%, Best Test: 77.18%
Epoch: 200, Loss: 0.0393, Train: 83.10%, Valid: 75.35%, Test: 75.83%, Best Valid: 77.59%, Best Test: 77.18%
Epoch: 300, Loss: 0.0264, Train: 82.07%, Valid: 74.35%, Test: 75.17%, Best Valid: 77.59%, Best Test: 77.18%
Epoch: 400, Loss: 0.0235, Train: 80.69%, Valid: 73.27%, Test: 74.11%, Best Valid: 77.59%, Best Test: 77.18%
Epoch: 500, Loss: 0.0163, Train: 83.28%, Valid: 75.10%, Test: 75.78%, Best Valid: 77.59%, Best Test: 77.18%
Epoch: 600, Loss: 0.0061, Train: 83.79%, Valid: 75.79%, Test: 76.31%, Best Valid: 77.59%, Best Test: 77.18%
Epoch: 700, Loss: 0.0202, Train: 80.52%, Valid: 72.18%, Test: 72.33%, Best Valid: 77.59%, Best Test: 77.18%
Epoch: 800, Loss: 0.0078, Train: 82.24%, Valid: 73.36%, Test: 73.34%, Best Valid: 77.59%, Best Test: 77.18%
Epoch: 900, Loss: 0.0049, Train: 82.59%, Valid: 74.99%, Test: 75.13%, Best Valid: 77.59%, Best Test: 77.18%
Run 01:
Highest Train: 84.83
Highest Valid: 77.59
Highest Test: 77.77
Chosen epoch: 54
Final Train: 83.62
Final Test: 77.18
Label budget: 20/class -> 194 train nodes
Counting co-occurrence on train-train edges (leakage-free estimator)...
Count penalty frozen (110 train-train edges).
Epoch: 00, Loss: 2.5596, Train: 23.10%, Valid: 23.34%, Test: 23.09%, Best Valid: 23.34%, Best Test: 23.09%
Epoch: 100, Loss: 0.1016, Train: 82.24%, Valid: 73.28%, Test: 71.68%, Best Valid: 76.05%, Best Test: 74.57%
Epoch: 200, Loss: 0.0281, Train: 80.34%, Valid: 71.75%, Test: 70.38%, Best Valid: 76.05%, Best Test: 74.57%
Epoch: 300, Loss: 0.0075, Train: 81.55%, Valid: 72.45%, Test: 71.49%, Best Valid: 76.05%, Best Test: 74.57%
Epoch: 400, Loss: 0.0035, Train: 80.52%, Valid: 71.58%, Test: 70.63%, Best Valid: 76.05%, Best Test: 74.57%
Epoch: 500, Loss: 0.0127, Train: 81.72%, Valid: 72.24%, Test: 70.91%, Best Valid: 76.05%, Best Test: 74.57%
Epoch: 600, Loss: 0.0028, Train: 80.17%, Valid: 71.58%, Test: 70.29%, Best Valid: 76.05%, Best Test: 74.57%
Epoch: 700, Loss: 0.0013, Train: 80.86%, Valid: 71.63%, Test: 70.50%, Best Valid: 76.05%, Best Test: 74.57%
Epoch: 800, Loss: 0.0022, Train: 81.38%, Valid: 72.72%, Test: 71.87%, Best Valid: 76.05%, Best Test: 74.57%
Epoch: 900, Loss: 0.0011, Train: 79.31%, Valid: 70.31%, Test: 69.10%, Best Valid: 76.05%, Best Test: 74.57%
Run 02:
Highest Train: 84.31
Highest Valid: 76.05
Highest Test: 74.57
Chosen epoch: 57
Final Train: 83.10
Final Test: 74.57
Label budget: 20/class -> 194 train nodes
Counting co-occurrence on train-train edges (leakage-free estimator)...
Count penalty frozen (162 train-train edges).
Epoch: 00, Loss: 2.6333, Train: 23.97%, Valid: 22.24%, Test: 22.59%, Best Valid: 22.24%, Best Test: 22.59%
Epoch: 100, Loss: 0.1057, Train: 80.52%, Valid: 74.36%, Test: 74.11%, Best Valid: 75.79%, Best Test: 75.37%
Epoch: 200, Loss: 0.0361, Train: 81.03%, Valid: 73.28%, Test: 73.58%, Best Valid: 75.79%, Best Test: 75.37%
Epoch: 300, Loss: 0.0215, Train: 77.93%, Valid: 70.80%, Test: 70.45%, Best Valid: 75.79%, Best Test: 75.37%
Epoch: 400, Loss: 0.0280, Train: 76.38%, Valid: 70.80%, Test: 70.74%, Best Valid: 75.79%, Best Test: 75.37%
Epoch: 500, Loss: 0.0112, Train: 77.24%, Valid: 71.58%, Test: 71.04%, Best Valid: 75.79%, Best Test: 75.37%
Epoch: 600, Loss: 0.0141, Train: 80.52%, Valid: 73.97%, Test: 73.68%, Best Valid: 75.79%, Best Test: 75.37%
Epoch: 700, Loss: 0.0287, Train: 76.21%, Valid: 69.51%, Test: 69.28%, Best Valid: 76.09%, Best Test: 74.82%
Epoch: 800, Loss: 0.0056, Train: 78.28%, Valid: 71.05%, Test: 71.01%, Best Valid: 76.09%, Best Test: 74.82%
Epoch: 900, Loss: 0.0060, Train: 78.62%, Valid: 71.29%, Test: 71.03%, Best Valid: 76.09%, Best Test: 74.82%
Run 03:
Highest Train: 81.90
Highest Valid: 76.09
Highest Test: 75.47
Chosen epoch: 679
Final Train: 81.38
Final Test: 74.82
Label budget: 20/class -> 194 train nodes
Counting co-occurrence on train-train edges (leakage-free estimator)...
Count penalty frozen (190 train-train edges).
Epoch: 00, Loss: 2.5859, Train: 8.28%, Valid: 7.43%, Test: 7.10%, Best Valid: 7.43%, Best Test: 7.10%
Epoch: 100, Loss: 0.0721, Train: 80.34%, Valid: 72.09%, Test: 71.39%, Best Valid: 75.37%, Best Test: 74.50%
Epoch: 200, Loss: 0.0222, Train: 79.14%, Valid: 69.21%, Test: 68.91%, Best Valid: 75.37%, Best Test: 74.50%
Epoch: 300, Loss: 0.0130, Train: 78.97%, Valid: 69.53%, Test: 68.82%, Best Valid: 75.37%, Best Test: 74.50%
Epoch: 400, Loss: 0.0034, Train: 80.86%, Valid: 71.24%, Test: 70.89%, Best Valid: 75.37%, Best Test: 74.50%
Epoch: 500, Loss: 0.0174, Train: 79.83%, Valid: 69.68%, Test: 69.61%, Best Valid: 75.37%, Best Test: 74.50%
Epoch: 600, Loss: 0.0017, Train: 80.17%, Valid: 70.59%, Test: 69.92%, Best Valid: 75.37%, Best Test: 74.50%
Epoch: 700, Loss: 0.0016, Train: 78.45%, Valid: 69.02%, Test: 69.15%, Best Valid: 75.37%, Best Test: 74.50%
Epoch: 800, Loss: 0.0006, Train: 80.00%, Valid: 70.50%, Test: 70.16%, Best Valid: 75.37%, Best Test: 74.50%
Epoch: 900, Loss: 0.0006, Train: 79.48%, Valid: 70.35%, Test: 69.78%, Best Valid: 75.37%, Best Test: 74.50%
Run 04:
Highest Train: 82.76
Highest Valid: 75.37
Highest Test: 74.50
Chosen epoch: 46
Final Train: 79.83
Final Test: 74.50
Label budget: 20/class -> 194 train nodes
Counting co-occurrence on train-train edges (leakage-free estimator)...
Count penalty frozen (148 train-train edges).
Epoch: 00, Loss: 2.5699, Train: 9.83%, Valid: 9.95%, Test: 10.14%, Best Valid: 9.95%, Best Test: 10.14%
Epoch: 100, Loss: 0.1156, Train: 78.45%, Valid: 72.51%, Test: 71.03%, Best Valid: 74.44%, Best Test: 73.03%
Epoch: 200, Loss: 0.0257, Train: 78.28%, Valid: 70.80%, Test: 69.08%, Best Valid: 74.44%, Best Test: 73.03%
Epoch: 300, Loss: 0.0213, Train: 79.83%, Valid: 71.41%, Test: 69.78%, Best Valid: 74.44%, Best Test: 73.03%
Epoch: 400, Loss: 0.0028, Train: 79.66%, Valid: 72.41%, Test: 71.20%, Best Valid: 74.44%, Best Test: 73.03%
Epoch: 500, Loss: 0.0046, Train: 77.76%, Valid: 70.21%, Test: 68.79%, Best Valid: 74.44%, Best Test: 73.03%
Epoch: 600, Loss: 0.0014, Train: 80.52%, Valid: 71.71%, Test: 70.46%, Best Valid: 74.44%, Best Test: 73.03%
Epoch: 700, Loss: 0.0027, Train: 79.31%, Valid: 71.48%, Test: 70.24%, Best Valid: 74.44%, Best Test: 73.03%
Epoch: 800, Loss: 0.0007, Train: 79.31%, Valid: 71.96%, Test: 70.67%, Best Valid: 74.44%, Best Test: 73.03%
Epoch: 900, Loss: 0.0034, Train: 80.34%, Valid: 71.07%, Test: 70.05%, Best Valid: 74.44%, Best Test: 73.03%
Run 05:
Highest Train: 81.55
Highest Valid: 74.44
Highest Test: 73.03
Chosen epoch: 80
Final Train: 79.48
Final Test: 73.03
Label budget: 20/class -> 194 train nodes
Counting co-occurrence on train-train edges (leakage-free estimator)...
Count penalty frozen (72 train-train edges).
Epoch: 00, Loss: 2.5656, Train: 22.41%, Valid: 22.32%, Test: 22.66%, Best Valid: 22.32%, Best Test: 22.66%
Epoch: 100, Loss: 0.1085, Train: 79.31%, Valid: 71.65%, Test: 70.34%, Best Valid: 73.34%, Best Test: 72.41%
Epoch: 200, Loss: 0.0189, Train: 79.66%, Valid: 70.65%, Test: 69.44%, Best Valid: 73.34%, Best Test: 72.41%
Epoch: 300, Loss: 0.0042, Train: 78.97%, Valid: 70.52%, Test: 69.25%, Best Valid: 73.34%, Best Test: 72.41%
Epoch: 400, Loss: 0.0106, Train: 80.34%, Valid: 71.41%, Test: 70.02%, Best Valid: 73.34%, Best Test: 72.41%
Epoch: 500, Loss: 0.0226, Train: 79.31%, Valid: 70.86%, Test: 69.27%, Best Valid: 73.34%, Best Test: 72.41%
Epoch: 600, Loss: 0.0022, Train: 79.31%, Valid: 70.21%, Test: 69.03%, Best Valid: 73.34%, Best Test: 72.41%
Epoch: 700, Loss: 0.0017, Train: 79.48%, Valid: 70.74%, Test: 69.66%, Best Valid: 73.34%, Best Test: 72.41%
Epoch: 800, Loss: 0.0048, Train: 78.97%, Valid: 70.76%, Test: 69.23%, Best Valid: 73.34%, Best Test: 72.41%
Epoch: 900, Loss: 0.0007, Train: 79.31%, Valid: 70.76%, Test: 69.61%, Best Valid: 73.34%, Best Test: 72.41%
Run 06:
Highest Train: 81.55
Highest Valid: 73.34
Highest Test: 72.69
Chosen epoch: 29
Final Train: 75.52
Final Test: 72.41
Label budget: 20/class -> 194 train nodes
Counting co-occurrence on train-train edges (leakage-free estimator)...
Count penalty frozen (206 train-train edges).
Epoch: 00, Loss: 2.6204, Train: 18.97%, Valid: 19.42%, Test: 19.33%, Best Valid: 19.42%, Best Test: 19.33%
Epoch: 100, Loss: 0.0915, Train: 82.24%, Valid: 73.06%, Test: 72.21%, Best Valid: 75.33%, Best Test: 74.29%
Epoch: 200, Loss: 0.0214, Train: 81.90%, Valid: 73.11%, Test: 71.95%, Best Valid: 75.33%, Best Test: 74.29%
Epoch: 300, Loss: 0.0308, Train: 81.03%, Valid: 72.75%, Test: 71.69%, Best Valid: 75.33%, Best Test: 74.29%
Epoch: 400, Loss: 0.0094, Train: 81.21%, Valid: 72.98%, Test: 72.12%, Best Valid: 75.33%, Best Test: 74.29%
Epoch: 500, Loss: 0.0053, Train: 82.07%, Valid: 72.81%, Test: 71.59%, Best Valid: 75.33%, Best Test: 74.29%
Epoch: 600, Loss: 0.0367, Train: 78.28%, Valid: 70.12%, Test: 68.63%, Best Valid: 75.52%, Best Test: 75.17%
Epoch: 700, Loss: 0.0033, Train: 81.21%, Valid: 72.09%, Test: 71.15%, Best Valid: 76.07%, Best Test: 75.53%
Epoch: 800, Loss: 0.0030, Train: 82.07%, Valid: 72.24%, Test: 71.23%, Best Valid: 76.07%, Best Test: 75.53%
Epoch: 900, Loss: 0.0014, Train: 81.72%, Valid: 71.71%, Test: 71.10%, Best Valid: 76.07%, Best Test: 75.53%
Run 07:
Highest Train: 84.83
Highest Valid: 76.07
Highest Test: 75.53
Chosen epoch: 604
Final Train: 84.83
Final Test: 75.53
Label budget: 20/class -> 194 train nodes
Counting co-occurrence on train-train edges (leakage-free estimator)...
Count penalty frozen (96 train-train edges).
Epoch: 00, Loss: 2.5517, Train: 23.10%, Valid: 22.26%, Test: 21.74%, Best Valid: 22.26%, Best Test: 21.74%
Epoch: 100, Loss: 0.1586, Train: 78.10%, Valid: 71.31%, Test: 70.36%, Best Valid: 73.89%, Best Test: 72.46%
Epoch: 200, Loss: 0.0419, Train: 80.00%, Valid: 71.07%, Test: 70.21%, Best Valid: 73.89%, Best Test: 72.46%
Epoch: 300, Loss: 0.0342, Train: 71.55%, Valid: 64.69%, Test: 63.49%, Best Valid: 73.89%, Best Test: 72.46%
Epoch: 400, Loss: 0.0253, Train: 78.62%, Valid: 70.10%, Test: 69.27%, Best Valid: 73.89%, Best Test: 72.46%
Epoch: 500, Loss: 0.0041, Train: 77.07%, Valid: 68.96%, Test: 67.95%, Best Valid: 73.89%, Best Test: 72.46%
Epoch: 600, Loss: 0.0289, Train: 76.90%, Valid: 69.04%, Test: 67.98%, Best Valid: 73.89%, Best Test: 72.46%
Epoch: 700, Loss: 0.0029, Train: 77.24%, Valid: 69.59%, Test: 68.65%, Best Valid: 73.89%, Best Test: 72.46%
Epoch: 800, Loss: 0.0011, Train: 76.03%, Valid: 68.51%, Test: 67.81%, Best Valid: 73.89%, Best Test: 72.46%
Epoch: 900, Loss: 0.0047, Train: 76.55%, Valid: 68.68%, Test: 67.47%, Best Valid: 73.89%, Best Test: 72.46%
Run 08:
Highest Train: 80.17
Highest Valid: 73.89
Highest Test: 72.52
Chosen epoch: 29
Final Train: 75.69
Final Test: 72.46
Label budget: 20/class -> 194 train nodes
Counting co-occurrence on train-train edges (leakage-free estimator)...
Count penalty frozen (112 train-train edges).
Epoch: 00, Loss: 2.6474, Train: 38.45%, Valid: 35.46%, Test: 36.12%, Best Valid: 35.46%, Best Test: 36.12%
Epoch: 100, Loss: 0.0520, Train: 86.38%, Valid: 74.16%, Test: 73.80%, Best Valid: 76.72%, Best Test: 75.59%
Epoch: 200, Loss: 0.0275, Train: 85.00%, Valid: 72.56%, Test: 71.88%, Best Valid: 76.79%, Best Test: 76.02%
Epoch: 300, Loss: 0.0112, Train: 83.79%, Valid: 71.90%, Test: 71.22%, Best Valid: 76.79%, Best Test: 76.02%
Epoch: 400, Loss: 0.0092, Train: 83.79%, Valid: 72.03%, Test: 71.47%, Best Valid: 76.79%, Best Test: 76.02%
Epoch: 500, Loss: 0.0047, Train: 84.31%, Valid: 72.45%, Test: 72.12%, Best Valid: 76.79%, Best Test: 76.02%
Epoch: 600, Loss: 0.0031, Train: 82.24%, Valid: 69.95%, Test: 69.13%, Best Valid: 76.79%, Best Test: 76.02%
Epoch: 700, Loss: 0.0010, Train: 83.62%, Valid: 70.74%, Test: 70.31%, Best Valid: 76.79%, Best Test: 76.02%
Epoch: 800, Loss: 0.0005, Train: 84.83%, Valid: 72.13%, Test: 71.40%, Best Valid: 76.79%, Best Test: 76.02%
Epoch: 900, Loss: 0.0427, Train: 84.14%, Valid: 72.90%, Test: 72.52%, Best Valid: 76.79%, Best Test: 76.02%
Run 09:
Highest Train: 88.28
Highest Valid: 76.79
Highest Test: 76.02
Chosen epoch: 112
Final Train: 87.59
Final Test: 76.02
Label budget: 20/class -> 194 train nodes
Counting co-occurrence on train-train edges (leakage-free estimator)...
Count penalty frozen (158 train-train edges).
Epoch: 00, Loss: 2.5856, Train: 8.45%, Valid: 9.52%, Test: 9.08%, Best Valid: 9.52%, Best Test: 9.08%
Epoch: 100, Loss: 0.0718, Train: 77.07%, Valid: 71.08%, Test: 69.73%, Best Valid: 73.02%, Best Test: 71.47%
Epoch: 200, Loss: 0.0335, Train: 79.14%, Valid: 70.76%, Test: 69.64%, Best Valid: 73.02%, Best Test: 71.47%
Epoch: 300, Loss: 0.0101, Train: 79.31%, Valid: 71.26%, Test: 70.50%, Best Valid: 73.02%, Best Test: 71.47%
Epoch: 400, Loss: 0.0103, Train: 78.10%, Valid: 70.12%, Test: 69.28%, Best Valid: 73.02%, Best Test: 71.47%
Epoch: 500, Loss: 0.0038, Train: 78.79%, Valid: 70.65%, Test: 69.37%, Best Valid: 73.02%, Best Test: 71.47%
Epoch: 600, Loss: 0.0087, Train: 78.79%, Valid: 70.61%, Test: 69.95%, Best Valid: 73.02%, Best Test: 71.47%
Epoch: 700, Loss: 0.0024, Train: 78.10%, Valid: 70.38%, Test: 69.59%, Best Valid: 73.02%, Best Test: 71.47%
Epoch: 800, Loss: 0.0164, Train: 78.97%, Valid: 70.48%, Test: 69.49%, Best Valid: 73.02%, Best Test: 71.47%
Epoch: 900, Loss: 0.0071, Train: 77.41%, Valid: 69.09%, Test: 67.83%, Best Valid: 73.02%, Best Test: 71.47%
Run 10:
Highest Train: 81.03
Highest Valid: 73.02
Highest Test: 72.09
Chosen epoch: 35
Final Train: 76.03
Final Test: 71.47
All runs:
Highest Train: 83.12 ± 2.44
Highest Test: 74.42 ± 1.83
Highest Valid: 75.27 ± 1.53
  Final Train: 80.71 ± 4.15
   Final Test: 74.20 ± 1.81
Saving results to results/lowlabel/wikics/MPNN_gcn.csv
--- count_reg | lambda=0.1 ---
Namespace(bn=False, budget_tag='20', count_reg=True, count_smoothing=1.0, cpu=False, data_dir='./data/', dataset='wikics', device=0, display_step=100, dropout=0.5, epochs=1000, gnn='gcn', hidden_channels=256, jk=False, label_num_per_class=20, lambda_val=0.1, ln=True, local_layers=3, lr=0.001, metric='acc', mlp_epochs=500, mlp_reg=False, model='MPNN', model_dir='models', num_heads=1, oracle_reg=False, paired_seeds=True, penalty_transform='none', pre_linear=False, pre_ln=False, rand_split=False, rand_split_class=False, reg_start_epoch=10, reg_update_freq=5, res=False, resample_split_per_run=False, result_dir='results/lowlabel', runs=10, save_model=False, seed=42, test_num=1000, train_per_class=20, train_prop=0.5, use_reg=True, valid_num=500, valid_per_class=0, valid_prop=0.25, weight_decay=0.0)
wikics
dataset wikics | num nodes 11701 | num edge 431726 | num node feats 300 | num classes 10
MODEL: MPNNs(
  (h_lins): ModuleList()
  (local_convs): ModuleList(
    (0): GCNConv(300, 256)
    (1): GCNConv(256, 256)
    (2): GCNConv(256, 256)
  )
  (lins): ModuleList(
    (0): Linear(in_features=300, out_features=256, bias=True)
    (1): Linear(in_features=256, out_features=256, bias=True)
    (2): Linear(in_features=256, out_features=256, bias=True)
  )
  (lns): ModuleList(
    (0): LayerNorm((256,), eps=1e-05, elementwise_affine=True)
    (1): LayerNorm((256,), eps=1e-05, elementwise_affine=True)
    (2): LayerNorm((256,), eps=1e-05, elementwise_affine=True)
  )
  (bns): ModuleList(
    (0): BatchNorm1d(256, eps=1e-05, momentum=0.1, affine=True, track_running_stats=True)
    (1): BatchNorm1d(256, eps=1e-05, momentum=0.1, affine=True, track_running_stats=True)
    (2): BatchNorm1d(256, eps=1e-05, momentum=0.1, affine=True, track_running_stats=True)
  )
  (lin_in): Linear(in_features=300, out_features=256, bias=True)
  (pred_local): Linear(in_features=256, out_features=10, bias=True)
)
Label budget: 20/class -> 194 train nodes
Counting co-occurrence on train-train edges (leakage-free estimator)...
Count penalty frozen (122 train-train edges).
Epoch: 00, Loss: 2.7058, Train: 15.17%, Valid: 15.38%, Test: 15.05%, Best Valid: 15.38%, Best Test: 15.05%
Epoch: 100, Loss: 0.0834, Train: 83.28%, Valid: 76.24%, Test: 76.86%, Best Valid: 77.49%, Best Test: 77.17%
Epoch: 200, Loss: 0.0335, Train: 83.28%, Valid: 74.82%, Test: 75.53%, Best Valid: 77.49%, Best Test: 77.17%
Epoch: 300, Loss: 0.0222, Train: 83.10%, Valid: 74.52%, Test: 75.53%, Best Valid: 77.49%, Best Test: 77.17%
Epoch: 400, Loss: 0.0269, Train: 82.59%, Valid: 73.91%, Test: 74.67%, Best Valid: 77.49%, Best Test: 77.17%
Epoch: 500, Loss: 0.0149, Train: 83.62%, Valid: 76.56%, Test: 76.64%, Best Valid: 77.49%, Best Test: 77.17%
Epoch: 600, Loss: 0.0122, Train: 83.79%, Valid: 75.98%, Test: 76.07%, Best Valid: 77.49%, Best Test: 77.17%
Epoch: 700, Loss: 0.0114, Train: 80.86%, Valid: 73.25%, Test: 73.95%, Best Valid: 77.49%, Best Test: 77.17%
Epoch: 800, Loss: 0.0141, Train: 81.72%, Valid: 74.21%, Test: 74.28%, Best Valid: 77.49%, Best Test: 77.17%
Epoch: 900, Loss: 0.0098, Train: 79.83%, Valid: 71.90%, Test: 72.55%, Best Valid: 77.49%, Best Test: 77.17%
Run 01:
Highest Train: 85.34
Highest Valid: 77.49
Highest Test: 77.95
Chosen epoch: 55
Final Train: 82.93
Final Test: 77.17
Label budget: 20/class -> 194 train nodes
Counting co-occurrence on train-train edges (leakage-free estimator)...
Count penalty frozen (110 train-train edges).
Epoch: 00, Loss: 2.6814, Train: 23.10%, Valid: 24.10%, Test: 23.67%, Best Valid: 24.10%, Best Test: 23.67%
Epoch: 100, Loss: 0.1077, Train: 82.41%, Valid: 74.29%, Test: 72.53%, Best Valid: 75.90%, Best Test: 74.35%
Epoch: 200, Loss: 0.0230, Train: 80.69%, Valid: 72.03%, Test: 70.70%, Best Valid: 75.90%, Best Test: 74.35%
Epoch: 300, Loss: 0.0080, Train: 81.90%, Valid: 72.26%, Test: 71.03%, Best Valid: 75.90%, Best Test: 74.35%
Epoch: 400, Loss: 0.0041, Train: 79.31%, Valid: 70.76%, Test: 69.90%, Best Valid: 75.90%, Best Test: 74.35%
Epoch: 500, Loss: 0.0041, Train: 81.21%, Valid: 71.77%, Test: 70.89%, Best Valid: 75.90%, Best Test: 74.35%
Epoch: 600, Loss: 0.0107, Train: 80.69%, Valid: 71.54%, Test: 70.45%, Best Valid: 75.90%, Best Test: 74.35%
Epoch: 700, Loss: 0.0009, Train: 80.34%, Valid: 71.03%, Test: 70.02%, Best Valid: 75.90%, Best Test: 74.35%
Epoch: 800, Loss: 0.0029, Train: 80.34%, Valid: 71.88%, Test: 70.57%, Best Valid: 75.90%, Best Test: 74.35%
Epoch: 900, Loss: 0.0017, Train: 80.69%, Valid: 71.92%, Test: 70.86%, Best Valid: 75.90%, Best Test: 74.35%
Run 02:
Highest Train: 83.97
Highest Valid: 75.90
Highest Test: 74.67
Chosen epoch: 58
Final Train: 82.41
Final Test: 74.35
Label budget: 20/class -> 194 train nodes
Counting co-occurrence on train-train edges (leakage-free estimator)...
Count penalty frozen (162 train-train edges).
Epoch: 00, Loss: 2.7587, Train: 24.48%, Valid: 22.43%, Test: 22.63%, Best Valid: 22.43%, Best Test: 22.63%
Epoch: 100, Loss: 0.1210, Train: 81.38%, Valid: 75.05%, Test: 74.48%, Best Valid: 75.90%, Best Test: 75.34%
Epoch: 200, Loss: 0.0381, Train: 79.83%, Valid: 73.09%, Test: 73.15%, Best Valid: 75.90%, Best Test: 75.34%
Epoch: 300, Loss: 0.0257, Train: 78.45%, Valid: 72.17%, Test: 71.46%, Best Valid: 75.90%, Best Test: 75.34%
Epoch: 400, Loss: 0.0297, Train: 78.97%, Valid: 72.51%, Test: 72.43%, Best Valid: 75.90%, Best Test: 75.34%
Epoch: 500, Loss: 0.0177, Train: 78.10%, Valid: 71.07%, Test: 70.04%, Best Valid: 75.90%, Best Test: 75.34%
Epoch: 600, Loss: 0.0245, Train: 78.62%, Valid: 71.52%, Test: 70.77%, Best Valid: 75.90%, Best Test: 75.34%
Epoch: 700, Loss: 0.0136, Train: 80.17%, Valid: 73.63%, Test: 73.94%, Best Valid: 75.90%, Best Test: 75.34%
Epoch: 800, Loss: 0.0063, Train: 79.48%, Valid: 71.63%, Test: 71.47%, Best Valid: 75.90%, Best Test: 75.34%
Epoch: 900, Loss: 0.0105, Train: 79.14%, Valid: 72.83%, Test: 72.77%, Best Valid: 75.90%, Best Test: 75.34%
Run 03:
Highest Train: 81.90
Highest Valid: 75.90
Highest Test: 75.51
Chosen epoch: 95
Final Train: 81.38
Final Test: 75.34
Label budget: 20/class -> 194 train nodes
Counting co-occurrence on train-train edges (leakage-free estimator)...
Count penalty frozen (190 train-train edges).
Epoch: 00, Loss: 2.7090, Train: 8.28%, Valid: 7.53%, Test: 7.22%, Best Valid: 7.53%, Best Test: 7.22%
Epoch: 100, Loss: 0.0762, Train: 82.41%, Valid: 73.40%, Test: 72.36%, Best Valid: 75.26%, Best Test: 74.36%
Epoch: 200, Loss: 0.0139, Train: 78.10%, Valid: 69.64%, Test: 68.99%, Best Valid: 75.26%, Best Test: 74.36%
Epoch: 300, Loss: 0.0188, Train: 80.17%, Valid: 71.27%, Test: 70.51%, Best Valid: 75.26%, Best Test: 74.36%
Epoch: 400, Loss: 0.0033, Train: 80.69%, Valid: 71.10%, Test: 70.82%, Best Valid: 75.26%, Best Test: 74.36%
Epoch: 500, Loss: 0.0014, Train: 80.34%, Valid: 70.88%, Test: 70.77%, Best Valid: 75.26%, Best Test: 74.36%
Epoch: 600, Loss: 0.0012, Train: 79.66%, Valid: 70.50%, Test: 70.05%, Best Valid: 75.26%, Best Test: 74.36%
Epoch: 700, Loss: 0.0011, Train: 78.97%, Valid: 69.55%, Test: 69.32%, Best Valid: 75.26%, Best Test: 74.36%
Epoch: 800, Loss: 0.0008, Train: 80.00%, Valid: 70.69%, Test: 70.16%, Best Valid: 75.26%, Best Test: 74.36%
Epoch: 900, Loss: 0.0006, Train: 79.48%, Valid: 70.08%, Test: 69.28%, Best Valid: 75.26%, Best Test: 74.36%
Run 04:
Highest Train: 82.59
Highest Valid: 75.26
Highest Test: 74.36
Chosen epoch: 52
Final Train: 80.17
Final Test: 74.36
Label budget: 20/class -> 194 train nodes
Counting co-occurrence on train-train edges (leakage-free estimator)...
Count penalty frozen (148 train-train edges).
Epoch: 00, Loss: 2.6923, Train: 10.34%, Valid: 9.88%, Test: 10.04%, Best Valid: 9.88%, Best Test: 10.04%
Epoch: 100, Loss: 0.1019, Train: 78.45%, Valid: 72.39%, Test: 71.18%, Best Valid: 74.57%, Best Test: 73.25%
Epoch: 200, Loss: 0.0225, Train: 79.14%, Valid: 71.26%, Test: 69.86%, Best Valid: 74.57%, Best Test: 73.25%
Epoch: 300, Loss: 0.0086, Train: 79.66%, Valid: 71.94%, Test: 70.60%, Best Valid: 74.57%, Best Test: 73.25%
Epoch: 400, Loss: 0.0032, Train: 80.00%, Valid: 72.58%, Test: 71.25%, Best Valid: 74.57%, Best Test: 73.25%
Epoch: 500, Loss: 0.0050, Train: 78.79%, Valid: 71.07%, Test: 69.52%, Best Valid: 74.57%, Best Test: 73.25%
Epoch: 600, Loss: 0.0034, Train: 79.83%, Valid: 72.43%, Test: 71.15%, Best Valid: 74.57%, Best Test: 73.25%
Epoch: 700, Loss: 0.0024, Train: 79.66%, Valid: 71.81%, Test: 70.34%, Best Valid: 74.57%, Best Test: 73.25%
Epoch: 800, Loss: 0.0010, Train: 79.31%, Valid: 71.63%, Test: 70.02%, Best Valid: 74.57%, Best Test: 73.25%
Epoch: 900, Loss: 0.0008, Train: 81.38%, Valid: 72.37%, Test: 71.64%, Best Valid: 74.57%, Best Test: 73.25%
Run 05:
Highest Train: 81.90
Highest Valid: 74.57
Highest Test: 73.25
Chosen epoch: 80
Final Train: 79.31
Final Test: 73.25
Label budget: 20/class -> 194 train nodes
Counting co-occurrence on train-train edges (leakage-free estimator)...
Count penalty frozen (72 train-train edges).
Epoch: 00, Loss: 2.6877, Train: 21.03%, Valid: 21.29%, Test: 21.55%, Best Valid: 21.29%, Best Test: 21.55%
Epoch: 100, Loss: 0.1192, Train: 79.31%, Valid: 71.92%, Test: 70.41%, Best Valid: 73.25%, Best Test: 72.34%
Epoch: 200, Loss: 0.0217, Train: 79.14%, Valid: 69.83%, Test: 68.99%, Best Valid: 73.25%, Best Test: 72.34%
Epoch: 300, Loss: 0.0095, Train: 79.14%, Valid: 70.91%, Test: 69.52%, Best Valid: 73.25%, Best Test: 72.34%
Epoch: 400, Loss: 0.0057, Train: 78.97%, Valid: 70.78%, Test: 69.47%, Best Valid: 73.25%, Best Test: 72.34%
Epoch: 500, Loss: 0.0066, Train: 77.93%, Valid: 69.98%, Test: 69.21%, Best Valid: 73.25%, Best Test: 72.34%
Epoch: 600, Loss: 0.0026, Train: 78.10%, Valid: 70.19%, Test: 68.60%, Best Valid: 73.25%, Best Test: 72.34%
Epoch: 700, Loss: 0.0012, Train: 79.14%, Valid: 70.38%, Test: 68.75%, Best Valid: 73.25%, Best Test: 72.34%
Epoch: 800, Loss: 0.0010, Train: 79.31%, Valid: 70.65%, Test: 69.49%, Best Valid: 73.25%, Best Test: 72.34%
Epoch: 900, Loss: 0.0006, Train: 79.14%, Valid: 70.89%, Test: 69.49%, Best Valid: 73.25%, Best Test: 72.34%
Run 06:
Highest Train: 81.72
Highest Valid: 73.25
Highest Test: 72.46
Chosen epoch: 29
Final Train: 75.69
Final Test: 72.34
Label budget: 20/class -> 194 train nodes
Counting co-occurrence on train-train edges (leakage-free estimator)...
Count penalty frozen (206 train-train edges).
Epoch: 00, Loss: 2.7452, Train: 17.76%, Valid: 18.66%, Test: 18.81%, Best Valid: 18.66%, Best Test: 18.81%
Epoch: 100, Loss: 0.1137, Train: 82.59%, Valid: 72.35%, Test: 71.78%, Best Valid: 75.67%, Best Test: 74.82%
Epoch: 200, Loss: 0.0261, Train: 81.21%, Valid: 72.03%, Test: 70.60%, Best Valid: 75.67%, Best Test: 74.82%
Epoch: 300, Loss: 0.0161, Train: 81.21%, Valid: 71.03%, Test: 70.07%, Best Valid: 75.67%, Best Test: 74.82%
Epoch: 400, Loss: 0.0192, Train: 81.21%, Valid: 71.90%, Test: 71.06%, Best Valid: 75.67%, Best Test: 74.82%
Epoch: 500, Loss: 0.0060, Train: 81.72%, Valid: 72.58%, Test: 71.49%, Best Valid: 75.67%, Best Test: 74.82%
Epoch: 600, Loss: 0.0031, Train: 81.21%, Valid: 72.92%, Test: 72.00%, Best Valid: 75.67%, Best Test: 74.82%
Epoch: 700, Loss: 0.0009, Train: 81.55%, Valid: 72.58%, Test: 71.52%, Best Valid: 75.67%, Best Test: 74.82%
Epoch: 800, Loss: 0.0215, Train: 82.41%, Valid: 72.85%, Test: 71.90%, Best Valid: 75.67%, Best Test: 74.82%
Epoch: 900, Loss: 0.0062, Train: 80.69%, Valid: 72.30%, Test: 70.98%, Best Valid: 75.67%, Best Test: 74.82%
Run 07:
Highest Train: 84.48
Highest Valid: 75.67
Highest Test: 74.82
Chosen epoch: 94
Final Train: 83.79
Final Test: 74.82
Label budget: 20/class -> 194 train nodes
Counting co-occurrence on train-train edges (leakage-free estimator)...
Count penalty frozen (96 train-train edges).
Epoch: 00, Loss: 2.6732, Train: 21.21%, Valid: 21.18%, Test: 21.14%, Best Valid: 21.18%, Best Test: 21.14%
Epoch: 100, Loss: 0.1659, Train: 78.28%, Valid: 70.76%, Test: 70.10%, Best Valid: 74.27%, Best Test: 72.55%
Epoch: 200, Loss: 0.0410, Train: 79.83%, Valid: 71.75%, Test: 70.93%, Best Valid: 74.27%, Best Test: 72.55%
Epoch: 300, Loss: 0.0393, Train: 74.48%, Valid: 67.10%, Test: 66.10%, Best Valid: 74.27%, Best Test: 72.55%
Epoch: 400, Loss: 0.0365, Train: 76.55%, Valid: 69.66%, Test: 69.25%, Best Valid: 74.27%, Best Test: 72.55%
Epoch: 500, Loss: 0.0083, Train: 75.86%, Valid: 68.49%, Test: 67.45%, Best Valid: 74.27%, Best Test: 72.55%
Epoch: 600, Loss: 0.0271, Train: 74.14%, Valid: 66.99%, Test: 65.64%, Best Valid: 74.27%, Best Test: 72.55%
Epoch: 700, Loss: 0.0049, Train: 77.59%, Valid: 69.43%, Test: 68.33%, Best Valid: 74.27%, Best Test: 72.55%
Epoch: 800, Loss: 0.0015, Train: 76.03%, Valid: 68.26%, Test: 67.06%, Best Valid: 74.27%, Best Test: 72.55%
Epoch: 900, Loss: 0.0142, Train: 76.38%, Valid: 68.71%, Test: 67.44%, Best Valid: 74.27%, Best Test: 72.55%
Run 08:
Highest Train: 80.17
Highest Valid: 74.27
Highest Test: 72.77
Chosen epoch: 29
Final Train: 75.69
Final Test: 72.55
Label budget: 20/class -> 194 train nodes
Counting co-occurrence on train-train edges (leakage-free estimator)...
Count penalty frozen (112 train-train edges).
Epoch: 00, Loss: 2.7734, Train: 38.10%, Valid: 35.48%, Test: 36.24%, Best Valid: 35.48%, Best Test: 36.24%
Epoch: 100, Loss: 0.0518, Train: 84.48%, Valid: 73.32%, Test: 72.84%, Best Valid: 76.72%, Best Test: 75.68%
Epoch: 200, Loss: 0.0233, Train: 84.83%, Valid: 72.94%, Test: 72.21%, Best Valid: 77.08%, Best Test: 76.09%
Epoch: 300, Loss: 0.0134, Train: 83.97%, Valid: 71.50%, Test: 70.91%, Best Valid: 77.08%, Best Test: 76.09%
Epoch: 400, Loss: 0.0077, Train: 84.14%, Valid: 71.75%, Test: 70.84%, Best Valid: 77.08%, Best Test: 76.09%
Epoch: 500, Loss: 0.0090, Train: 85.34%, Valid: 72.53%, Test: 72.19%, Best Valid: 77.08%, Best Test: 76.09%
Epoch: 600, Loss: 0.0020, Train: 83.97%, Valid: 71.92%, Test: 71.18%, Best Valid: 77.08%, Best Test: 76.09%
Epoch: 700, Loss: 0.0186, Train: 84.31%, Valid: 70.36%, Test: 70.14%, Best Valid: 77.08%, Best Test: 76.09%
Epoch: 800, Loss: 0.0010, Train: 83.79%, Valid: 71.67%, Test: 71.03%, Best Valid: 77.08%, Best Test: 76.09%
Epoch: 900, Loss: 0.0005, Train: 82.93%, Valid: 70.57%, Test: 69.63%, Best Valid: 77.08%, Best Test: 76.09%
Run 09:
Highest Train: 87.59
Highest Valid: 77.08
Highest Test: 76.09
Chosen epoch: 112
Final Train: 87.41
Final Test: 76.09
Label budget: 20/class -> 194 train nodes
Counting co-occurrence on train-train edges (leakage-free estimator)...
Count penalty frozen (158 train-train edges).
Epoch: 00, Loss: 2.7087, Train: 21.55%, Valid: 19.80%, Test: 19.82%, Best Valid: 19.80%, Best Test: 19.82%
Epoch: 100, Loss: 0.0839, Train: 77.41%, Valid: 70.91%, Test: 70.12%, Best Valid: 73.42%, Best Test: 72.05%
Epoch: 200, Loss: 0.0337, Train: 77.76%, Valid: 70.38%, Test: 69.49%, Best Valid: 73.42%, Best Test: 72.05%
Epoch: 300, Loss: 0.0296, Train: 78.10%, Valid: 70.48%, Test: 69.80%, Best Valid: 73.42%, Best Test: 72.05%
Epoch: 400, Loss: 0.0125, Train: 78.79%, Valid: 70.52%, Test: 69.86%, Best Valid: 73.42%, Best Test: 72.05%
Epoch: 500, Loss: 0.0046, Train: 79.31%, Valid: 70.78%, Test: 70.31%, Best Valid: 73.42%, Best Test: 72.05%
Epoch: 600, Loss: 0.0550, Train: 79.14%, Valid: 71.20%, Test: 70.53%, Best Valid: 73.42%, Best Test: 72.05%
Epoch: 700, Loss: 0.0021, Train: 77.59%, Valid: 70.33%, Test: 69.57%, Best Valid: 73.42%, Best Test: 72.05%
Epoch: 800, Loss: 0.0015, Train: 78.79%, Valid: 69.47%, Test: 68.89%, Best Valid: 73.42%, Best Test: 72.05%
Epoch: 900, Loss: 0.0021, Train: 77.76%, Valid: 69.74%, Test: 68.94%, Best Valid: 73.42%, Best Test: 72.05%
Run 10:
Highest Train: 80.69
Highest Valid: 73.42
Highest Test: 72.05
Chosen epoch: 36
Final Train: 75.86
Final Test: 72.05
All runs:
Highest Train: 83.03 ± 2.29
Highest Test: 74.40 ± 1.83
Highest Valid: 75.28 ± 1.42
  Final Train: 80.47 ± 3.92
   Final Test: 74.23 ± 1.69
Saving results to results/lowlabel/wikics/MPNN_gcn.csv
--- count_reg | lambda=0.2 ---
Namespace(bn=False, budget_tag='20', count_reg=True, count_smoothing=1.0, cpu=False, data_dir='./data/', dataset='wikics', device=0, display_step=100, dropout=0.5, epochs=1000, gnn='gcn', hidden_channels=256, jk=False, label_num_per_class=20, lambda_val=0.2, ln=True, local_layers=3, lr=0.001, metric='acc', mlp_epochs=500, mlp_reg=False, model='MPNN', model_dir='models', num_heads=1, oracle_reg=False, paired_seeds=True, penalty_transform='none', pre_linear=False, pre_ln=False, rand_split=False, rand_split_class=False, reg_start_epoch=10, reg_update_freq=5, res=False, resample_split_per_run=False, result_dir='results/lowlabel', runs=10, save_model=False, seed=42, test_num=1000, train_per_class=20, train_prop=0.5, use_reg=True, valid_num=500, valid_per_class=0, valid_prop=0.25, weight_decay=0.0)
wikics
dataset wikics | num nodes 11701 | num edge 431726 | num node feats 300 | num classes 10
MODEL: MPNNs(
  (h_lins): ModuleList()
  (local_convs): ModuleList(
    (0): GCNConv(300, 256)
    (1): GCNConv(256, 256)
    (2): GCNConv(256, 256)
  )
  (lins): ModuleList(
    (0): Linear(in_features=300, out_features=256, bias=True)
    (1): Linear(in_features=256, out_features=256, bias=True)
    (2): Linear(in_features=256, out_features=256, bias=True)
  )
  (lns): ModuleList(
    (0): LayerNorm((256,), eps=1e-05, elementwise_affine=True)
    (1): LayerNorm((256,), eps=1e-05, elementwise_affine=True)
    (2): LayerNorm((256,), eps=1e-05, elementwise_affine=True)
  )
  (bns): ModuleList(
    (0): BatchNorm1d(256, eps=1e-05, momentum=0.1, affine=True, track_running_stats=True)
    (1): BatchNorm1d(256, eps=1e-05, momentum=0.1, affine=True, track_running_stats=True)
    (2): BatchNorm1d(256, eps=1e-05, momentum=0.1, affine=True, track_running_stats=True)
  )
  (lin_in): Linear(in_features=300, out_features=256, bias=True)
  (pred_local): Linear(in_features=256, out_features=10, bias=True)
)
Label budget: 20/class -> 194 train nodes
Counting co-occurrence on train-train edges (leakage-free estimator)...
Count penalty frozen (122 train-train edges).
Epoch: 00, Loss: 2.9518, Train: 16.21%, Valid: 15.11%, Test: 15.00%, Best Valid: 15.11%, Best Test: 15.00%
Epoch: 100, Loss: 0.0933, Train: 82.93%, Valid: 76.62%, Test: 77.10%, Best Valid: 77.55%, Best Test: 77.73%
Epoch: 200, Loss: 0.0298, Train: 82.93%, Valid: 74.67%, Test: 75.77%, Best Valid: 77.55%, Best Test: 77.73%
Epoch: 300, Loss: 0.0291, Train: 83.28%, Valid: 75.41%, Test: 76.07%, Best Valid: 77.55%, Best Test: 77.73%
Epoch: 400, Loss: 0.0300, Train: 83.10%, Valid: 75.26%, Test: 75.82%, Best Valid: 77.55%, Best Test: 77.73%
Epoch: 500, Loss: 0.0132, Train: 83.45%, Valid: 74.69%, Test: 75.35%, Best Valid: 77.55%, Best Test: 77.73%
Epoch: 600, Loss: 0.0174, Train: 83.28%, Valid: 74.97%, Test: 75.63%, Best Valid: 77.55%, Best Test: 77.73%
Epoch: 700, Loss: 0.0254, Train: 81.03%, Valid: 72.79%, Test: 73.27%, Best Valid: 77.55%, Best Test: 77.73%
Epoch: 800, Loss: 0.0256, Train: 81.03%, Valid: 73.47%, Test: 74.12%, Best Valid: 77.55%, Best Test: 77.73%
Epoch: 900, Loss: 0.0052, Train: 82.93%, Valid: 74.99%, Test: 75.29%, Best Valid: 77.55%, Best Test: 77.73%
Run 01:
Highest Train: 84.83
Highest Valid: 77.55
Highest Test: 77.73
Chosen epoch: 68
Final Train: 84.31
Final Test: 77.73
Label budget: 20/class -> 194 train nodes
Counting co-occurrence on train-train edges (leakage-free estimator)...
Count penalty frozen (110 train-train edges).
Epoch: 00, Loss: 2.9252, Train: 24.31%, Valid: 24.12%, Test: 23.58%, Best Valid: 24.12%, Best Test: 23.58%
Epoch: 100, Loss: 0.1237, Train: 82.07%, Valid: 74.54%, Test: 72.98%, Best Valid: 76.22%, Best Test: 74.70%
Epoch: 200, Loss: 0.0432, Train: 80.69%, Valid: 71.86%, Test: 70.41%, Best Valid: 76.22%, Best Test: 74.70%
Epoch: 300, Loss: 0.0227, Train: 81.21%, Valid: 72.17%, Test: 71.25%, Best Valid: 76.22%, Best Test: 74.70%
Epoch: 400, Loss: 0.0047, Train: 80.34%, Valid: 71.39%, Test: 70.40%, Best Valid: 76.22%, Best Test: 74.70%
Epoch: 500, Loss: 0.0022, Train: 81.03%, Valid: 72.11%, Test: 71.22%, Best Valid: 76.22%, Best Test: 74.70%
Epoch: 600, Loss: 0.0023, Train: 81.55%, Valid: 71.67%, Test: 70.89%, Best Valid: 76.22%, Best Test: 74.70%
Epoch: 700, Loss: 0.0010, Train: 81.72%, Valid: 71.98%, Test: 71.35%, Best Valid: 76.22%, Best Test: 74.70%
Epoch: 800, Loss: 0.0007, Train: 80.86%, Valid: 71.56%, Test: 70.81%, Best Valid: 76.22%, Best Test: 74.70%
Epoch: 900, Loss: 0.0005, Train: 80.34%, Valid: 71.52%, Test: 70.67%, Best Valid: 76.22%, Best Test: 74.70%
Run 02:
Highest Train: 84.14
Highest Valid: 76.22
Highest Test: 74.70
Chosen epoch: 58
Final Train: 82.41
Final Test: 74.70
Label budget: 20/class -> 194 train nodes
Counting co-occurrence on train-train edges (leakage-free estimator)...
Count penalty frozen (162 train-train edges).
Epoch: 00, Loss: 3.0095, Train: 24.66%, Valid: 22.89%, Test: 22.76%, Best Valid: 22.89%, Best Test: 22.76%
Epoch: 100, Loss: 0.1307, Train: 81.55%, Valid: 75.01%, Test: 74.50%, Best Valid: 76.15%, Best Test: 75.77%
Epoch: 200, Loss: 0.0434, Train: 80.52%, Valid: 73.64%, Test: 73.54%, Best Valid: 76.15%, Best Test: 75.77%
Epoch: 300, Loss: 0.0250, Train: 77.24%, Valid: 71.12%, Test: 70.93%, Best Valid: 76.15%, Best Test: 75.77%
Epoch: 400, Loss: 0.0219, Train: 78.62%, Valid: 72.01%, Test: 71.83%, Best Valid: 76.15%, Best Test: 75.77%
Epoch: 500, Loss: 0.0147, Train: 78.45%, Valid: 72.28%, Test: 71.83%, Best Valid: 76.15%, Best Test: 75.77%
Epoch: 600, Loss: 0.0220, Train: 79.14%, Valid: 73.08%, Test: 72.69%, Best Valid: 76.15%, Best Test: 75.77%
Epoch: 700, Loss: 0.0073, Train: 79.14%, Valid: 72.34%, Test: 72.11%, Best Valid: 76.15%, Best Test: 75.77%
Epoch: 800, Loss: 0.0072, Train: 79.14%, Valid: 71.65%, Test: 71.61%, Best Valid: 76.15%, Best Test: 75.77%
Epoch: 900, Loss: 0.0032, Train: 80.17%, Valid: 72.22%, Test: 71.56%, Best Valid: 76.15%, Best Test: 75.77%
Run 03:
Highest Train: 82.07
Highest Valid: 76.15
Highest Test: 75.77
Chosen epoch: 82
Final Train: 81.55
Final Test: 75.77
Label budget: 20/class -> 194 train nodes
Counting co-occurrence on train-train edges (leakage-free estimator)...
Count penalty frozen (190 train-train edges).
Epoch: 00, Loss: 2.9553, Train: 7.76%, Valid: 6.75%, Test: 6.38%, Best Valid: 6.75%, Best Test: 6.38%
Epoch: 100, Loss: 0.0704, Train: 80.34%, Valid: 71.86%, Test: 71.08%, Best Valid: 75.43%, Best Test: 74.64%
Epoch: 200, Loss: 0.0166, Train: 76.55%, Valid: 68.52%, Test: 68.43%, Best Valid: 75.43%, Best Test: 74.64%
Epoch: 300, Loss: 0.0088, Train: 79.31%, Valid: 69.64%, Test: 69.44%, Best Valid: 75.43%, Best Test: 74.64%
Epoch: 400, Loss: 0.0040, Train: 81.21%, Valid: 71.27%, Test: 70.40%, Best Valid: 75.43%, Best Test: 74.64%
Epoch: 500, Loss: 0.0019, Train: 79.83%, Valid: 70.38%, Test: 69.88%, Best Valid: 75.43%, Best Test: 74.64%
Epoch: 600, Loss: 0.0017, Train: 81.55%, Valid: 71.33%, Test: 71.10%, Best Valid: 75.43%, Best Test: 74.64%
Epoch: 700, Loss: 0.0011, Train: 79.48%, Valid: 69.13%, Test: 68.98%, Best Valid: 75.43%, Best Test: 74.64%
Epoch: 800, Loss: 0.0458, Train: 75.86%, Valid: 67.20%, Test: 66.87%, Best Valid: 75.43%, Best Test: 74.64%
Epoch: 900, Loss: 0.0048, Train: 76.38%, Valid: 66.23%, Test: 65.81%, Best Valid: 75.43%, Best Test: 74.64%
Run 04:
Highest Train: 82.59
Highest Valid: 75.43
Highest Test: 74.64
Chosen epoch: 46
Final Train: 79.83
Final Test: 74.64
Label budget: 20/class -> 194 train nodes
Counting co-occurrence on train-train edges (leakage-free estimator)...
Count penalty frozen (148 train-train edges).
Epoch: 00, Loss: 2.9371, Train: 8.62%, Valid: 9.20%, Test: 9.05%, Best Valid: 9.20%, Best Test: 9.05%
Epoch: 100, Loss: 0.1042, Train: 78.79%, Valid: 72.47%, Test: 71.06%, Best Valid: 74.73%, Best Test: 73.23%
Epoch: 200, Loss: 0.0265, Train: 78.62%, Valid: 70.99%, Test: 69.64%, Best Valid: 74.73%, Best Test: 73.23%
Epoch: 300, Loss: 0.0281, Train: 79.83%, Valid: 72.39%, Test: 70.60%, Best Valid: 74.73%, Best Test: 73.23%
Epoch: 400, Loss: 0.0041, Train: 79.66%, Valid: 71.79%, Test: 70.53%, Best Valid: 74.73%, Best Test: 73.23%
Epoch: 500, Loss: 0.0040, Train: 80.17%, Valid: 71.60%, Test: 70.26%, Best Valid: 74.73%, Best Test: 73.23%
Epoch: 600, Loss: 0.0022, Train: 79.31%, Valid: 71.60%, Test: 70.29%, Best Valid: 74.73%, Best Test: 73.23%
Epoch: 700, Loss: 0.0128, Train: 79.31%, Valid: 70.23%, Test: 69.54%, Best Valid: 74.73%, Best Test: 73.23%
Epoch: 800, Loss: 0.0020, Train: 78.97%, Valid: 70.69%, Test: 69.47%, Best Valid: 74.73%, Best Test: 73.23%
Epoch: 900, Loss: 0.0011, Train: 80.00%, Valid: 71.82%, Test: 70.69%, Best Valid: 74.73%, Best Test: 73.23%
Run 05:
Highest Train: 82.24
Highest Valid: 74.73
Highest Test: 73.30
Chosen epoch: 30
Final Train: 75.52
Final Test: 73.23
Label budget: 20/class -> 194 train nodes
Counting co-occurrence on train-train edges (leakage-free estimator)...
Count penalty frozen (72 train-train edges).
Epoch: 00, Loss: 2.9321, Train: 18.97%, Valid: 19.76%, Test: 19.92%, Best Valid: 19.76%, Best Test: 19.92%
Epoch: 100, Loss: 0.1218, Train: 79.48%, Valid: 71.56%, Test: 70.34%, Best Valid: 73.47%, Best Test: 72.52%
Epoch: 200, Loss: 0.0254, Train: 79.48%, Valid: 70.19%, Test: 69.15%, Best Valid: 73.47%, Best Test: 72.52%
Epoch: 300, Loss: 0.0257, Train: 77.59%, Valid: 69.42%, Test: 68.82%, Best Valid: 73.47%, Best Test: 72.52%
Epoch: 400, Loss: 0.0055, Train: 79.14%, Valid: 70.19%, Test: 68.77%, Best Valid: 73.47%, Best Test: 72.52%
Epoch: 500, Loss: 0.0035, Train: 78.45%, Valid: 70.02%, Test: 68.94%, Best Valid: 73.47%, Best Test: 72.52%
Epoch: 600, Loss: 0.0020, Train: 79.48%, Valid: 70.99%, Test: 69.95%, Best Valid: 73.47%, Best Test: 72.52%
Epoch: 700, Loss: 0.0011, Train: 78.97%, Valid: 70.93%, Test: 69.90%, Best Valid: 73.47%, Best Test: 72.52%
Epoch: 800, Loss: 0.0025, Train: 79.66%, Valid: 71.48%, Test: 70.05%, Best Valid: 73.47%, Best Test: 72.52%
Epoch: 900, Loss: 0.0030, Train: 79.66%, Valid: 71.26%, Test: 70.05%, Best Valid: 73.47%, Best Test: 72.52%
Run 06:
Highest Train: 82.41
Highest Valid: 73.47
Highest Test: 72.69
Chosen epoch: 28
Final Train: 75.17
Final Test: 72.52
Label budget: 20/class -> 194 train nodes
Counting co-occurrence on train-train edges (leakage-free estimator)...
Count penalty frozen (206 train-train edges).
Epoch: 00, Loss: 2.9948, Train: 16.72%, Valid: 17.16%, Test: 17.33%, Best Valid: 17.16%, Best Test: 17.33%
Epoch: 100, Loss: 0.1010, Train: 82.41%, Valid: 72.72%, Test: 71.99%, Best Valid: 75.31%, Best Test: 74.48%
Epoch: 200, Loss: 0.0365, Train: 80.00%, Valid: 70.74%, Test: 69.45%, Best Valid: 75.31%, Best Test: 74.48%
Epoch: 300, Loss: 0.0406, Train: 80.69%, Valid: 71.46%, Test: 70.50%, Best Valid: 75.31%, Best Test: 74.48%
Epoch: 400, Loss: 0.0138, Train: 81.55%, Valid: 72.41%, Test: 71.15%, Best Valid: 75.31%, Best Test: 74.48%
Epoch: 500, Loss: 0.0079, Train: 80.86%, Valid: 72.07%, Test: 70.75%, Best Valid: 75.31%, Best Test: 74.48%
Epoch: 600, Loss: 0.0025, Train: 81.03%, Valid: 72.45%, Test: 71.69%, Best Valid: 75.31%, Best Test: 74.48%
Epoch: 700, Loss: 0.2116, Train: 79.14%, Valid: 70.86%, Test: 69.71%, Best Valid: 75.33%, Best Test: 74.38%
Epoch: 800, Loss: 0.0135, Train: 82.76%, Valid: 72.58%, Test: 71.54%, Best Valid: 75.33%, Best Test: 74.38%
Epoch: 900, Loss: 0.0029, Train: 82.93%, Valid: 72.60%, Test: 72.28%, Best Valid: 75.33%, Best Test: 74.38%
Run 07:
Highest Train: 84.31
Highest Valid: 75.33
Highest Test: 74.84
Chosen epoch: 698
Final Train: 82.59
Final Test: 74.38
Label budget: 20/class -> 194 train nodes
Counting co-occurrence on train-train edges (leakage-free estimator)...
Count penalty frozen (96 train-train edges).
Epoch: 00, Loss: 2.9162, Train: 20.34%, Valid: 20.12%, Test: 19.98%, Best Valid: 20.12%, Best Test: 19.98%
Epoch: 100, Loss: 0.1712, Train: 77.76%, Valid: 71.26%, Test: 70.40%, Best Valid: 74.73%, Best Test: 72.86%
Epoch: 200, Loss: 0.0329, Train: 79.31%, Valid: 71.01%, Test: 70.07%, Best Valid: 74.73%, Best Test: 72.86%
Epoch: 300, Loss: 0.0298, Train: 77.07%, Valid: 68.41%, Test: 67.49%, Best Valid: 74.73%, Best Test: 72.86%
Epoch: 400, Loss: 0.0458, Train: 78.10%, Valid: 69.97%, Test: 68.79%, Best Valid: 74.73%, Best Test: 72.86%
Epoch: 500, Loss: 0.0045, Train: 76.55%, Valid: 69.53%, Test: 68.60%, Best Valid: 74.73%, Best Test: 72.86%
Epoch: 600, Loss: 0.0148, Train: 78.62%, Valid: 69.85%, Test: 68.39%, Best Valid: 74.73%, Best Test: 72.86%
Epoch: 700, Loss: 0.0055, Train: 78.28%, Valid: 70.31%, Test: 69.88%, Best Valid: 74.73%, Best Test: 72.86%
Epoch: 800, Loss: 0.0010, Train: 76.38%, Valid: 68.90%, Test: 67.78%, Best Valid: 74.73%, Best Test: 72.86%
Epoch: 900, Loss: 0.0006, Train: 76.03%, Valid: 68.15%, Test: 67.45%, Best Valid: 74.73%, Best Test: 72.86%
Run 08:
Highest Train: 80.69
Highest Valid: 74.73
Highest Test: 72.99
Chosen epoch: 29
Final Train: 76.90
Final Test: 72.86
Label budget: 20/class -> 194 train nodes
Counting co-occurrence on train-train edges (leakage-free estimator)...
Count penalty frozen (112 train-train edges).
Epoch: 00, Loss: 3.0256, Train: 36.90%, Valid: 34.11%, Test: 35.03%, Best Valid: 34.11%, Best Test: 35.03%
Epoch: 100, Loss: 0.0592, Train: 84.83%, Valid: 73.66%, Test: 73.42%, Best Valid: 76.73%, Best Test: 75.77%
Epoch: 200, Loss: 0.0194, Train: 83.45%, Valid: 72.58%, Test: 72.19%, Best Valid: 76.73%, Best Test: 75.77%
Epoch: 300, Loss: 0.0040, Train: 84.48%, Valid: 72.60%, Test: 71.46%, Best Valid: 76.73%, Best Test: 75.77%
Epoch: 400, Loss: 0.0100, Train: 83.28%, Valid: 71.33%, Test: 70.84%, Best Valid: 76.73%, Best Test: 75.77%
Epoch: 500, Loss: 0.0028, Train: 85.52%, Valid: 73.27%, Test: 72.64%, Best Valid: 76.73%, Best Test: 75.77%
Epoch: 600, Loss: 0.0074, Train: 83.62%, Valid: 69.91%, Test: 69.71%, Best Valid: 76.73%, Best Test: 75.77%
Epoch: 700, Loss: 0.0018, Train: 84.48%, Valid: 71.48%, Test: 70.65%, Best Valid: 76.73%, Best Test: 75.77%
Epoch: 800, Loss: 0.0014, Train: 84.66%, Valid: 72.01%, Test: 71.23%, Best Valid: 76.73%, Best Test: 75.77%
Epoch: 900, Loss: 0.0006, Train: 83.45%, Valid: 71.10%, Test: 70.62%, Best Valid: 76.73%, Best Test: 75.77%
Run 09:
Highest Train: 87.59
Highest Valid: 76.73
Highest Test: 76.02
Chosen epoch: 36
Final Train: 84.83
Final Test: 75.77
Label budget: 20/class -> 194 train nodes
Counting co-occurrence on train-train edges (leakage-free estimator)...
Count penalty frozen (158 train-train edges).
Epoch: 00, Loss: 2.9550, Train: 25.52%, Valid: 25.96%, Test: 25.59%, Best Valid: 25.96%, Best Test: 25.59%
Epoch: 100, Loss: 0.0802, Train: 77.93%, Valid: 71.29%, Test: 70.26%, Best Valid: 73.47%, Best Test: 71.68%
Epoch: 200, Loss: 0.0463, Train: 77.07%, Valid: 69.74%, Test: 68.46%, Best Valid: 73.47%, Best Test: 71.68%
Epoch: 300, Loss: 0.0160, Train: 78.79%, Valid: 70.76%, Test: 69.92%, Best Valid: 73.47%, Best Test: 71.68%
Epoch: 400, Loss: 0.0073, Train: 78.62%, Valid: 71.14%, Test: 69.90%, Best Valid: 73.47%, Best Test: 71.68%
Epoch: 500, Loss: 0.0038, Train: 78.45%, Valid: 70.06%, Test: 69.11%, Best Valid: 73.47%, Best Test: 71.68%
Epoch: 600, Loss: 0.0181, Train: 80.00%, Valid: 72.58%, Test: 71.52%, Best Valid: 73.47%, Best Test: 71.68%
Epoch: 700, Loss: 0.0067, Train: 78.97%, Valid: 71.27%, Test: 69.93%, Best Valid: 73.47%, Best Test: 71.68%
Epoch: 800, Loss: 0.0012, Train: 78.62%, Valid: 70.16%, Test: 69.54%, Best Valid: 73.47%, Best Test: 71.68%
Epoch: 900, Loss: 0.0017, Train: 78.97%, Valid: 69.95%, Test: 69.30%, Best Valid: 73.47%, Best Test: 71.68%
Run 10:
Highest Train: 81.90
Highest Valid: 73.47
Highest Test: 72.28
Chosen epoch: 28
Final Train: 74.48
Final Test: 71.68
All runs:
Highest Train: 83.28 ± 1.98
Highest Test: 74.50 ± 1.72
Highest Valid: 75.38 ± 1.33
  Final Train: 79.76 ± 3.94
   Final Test: 74.33 ± 1.81
Saving results to results/lowlabel/wikics/MPNN_gcn.csv
--- count_reg | lambda=0.4 ---
Namespace(bn=False, budget_tag='20', count_reg=True, count_smoothing=1.0, cpu=False, data_dir='./data/', dataset='wikics', device=0, display_step=100, dropout=0.5, epochs=1000, gnn='gcn', hidden_channels=256, jk=False, label_num_per_class=20, lambda_val=0.4, ln=True, local_layers=3, lr=0.001, metric='acc', mlp_epochs=500, mlp_reg=False, model='MPNN', model_dir='models', num_heads=1, oracle_reg=False, paired_seeds=True, penalty_transform='none', pre_linear=False, pre_ln=False, rand_split=False, rand_split_class=False, reg_start_epoch=10, reg_update_freq=5, res=False, resample_split_per_run=False, result_dir='results/lowlabel', runs=10, save_model=False, seed=42, test_num=1000, train_per_class=20, train_prop=0.5, use_reg=True, valid_num=500, valid_per_class=0, valid_prop=0.25, weight_decay=0.0)
wikics
dataset wikics | num nodes 11701 | num edge 431726 | num node feats 300 | num classes 10
MODEL: MPNNs(
  (h_lins): ModuleList()
  (local_convs): ModuleList(
    (0): GCNConv(300, 256)
    (1): GCNConv(256, 256)
    (2): GCNConv(256, 256)
  )
  (lins): ModuleList(
    (0): Linear(in_features=300, out_features=256, bias=True)
    (1): Linear(in_features=256, out_features=256, bias=True)
    (2): Linear(in_features=256, out_features=256, bias=True)
  )
  (lns): ModuleList(
    (0): LayerNorm((256,), eps=1e-05, elementwise_affine=True)
    (1): LayerNorm((256,), eps=1e-05, elementwise_affine=True)
    (2): LayerNorm((256,), eps=1e-05, elementwise_affine=True)
  )
  (bns): ModuleList(
    (0): BatchNorm1d(256, eps=1e-05, momentum=0.1, affine=True, track_running_stats=True)
    (1): BatchNorm1d(256, eps=1e-05, momentum=0.1, affine=True, track_running_stats=True)
    (2): BatchNorm1d(256, eps=1e-05, momentum=0.1, affine=True, track_running_stats=True)
  )
  (lin_in): Linear(in_features=300, out_features=256, bias=True)
  (pred_local): Linear(in_features=256, out_features=10, bias=True)
)
Label budget: 20/class -> 194 train nodes
Counting co-occurrence on train-train edges (leakage-free estimator)...
Count penalty frozen (122 train-train edges).
Epoch: 00, Loss: 3.4438, Train: 15.52%, Valid: 15.79%, Test: 16.26%, Best Valid: 15.79%, Best Test: 16.26%
Epoch: 100, Loss: 0.1228, Train: 83.10%, Valid: 76.41%, Test: 77.10%, Best Valid: 77.61%, Best Test: 76.95%
Epoch: 200, Loss: 0.0506, Train: 83.45%, Valid: 75.03%, Test: 75.56%, Best Valid: 77.61%, Best Test: 76.95%
Epoch: 300, Loss: 0.0374, Train: 82.41%, Valid: 74.59%, Test: 75.56%, Best Valid: 77.61%, Best Test: 76.95%
Epoch: 400, Loss: 0.0234, Train: 82.07%, Valid: 74.63%, Test: 75.13%, Best Valid: 77.61%, Best Test: 76.95%
Epoch: 500, Loss: 0.0150, Train: 83.28%, Valid: 74.33%, Test: 75.13%, Best Valid: 77.61%, Best Test: 76.95%
Epoch: 600, Loss: 0.0092, Train: 83.10%, Valid: 74.46%, Test: 74.76%, Best Valid: 77.61%, Best Test: 76.95%
Epoch: 700, Loss: 0.0524, Train: 83.10%, Valid: 74.97%, Test: 75.56%, Best Valid: 77.61%, Best Test: 76.95%
Epoch: 800, Loss: 0.0031, Train: 82.07%, Valid: 73.95%, Test: 74.17%, Best Valid: 77.61%, Best Test: 76.95%
Epoch: 900, Loss: 0.0052, Train: 82.59%, Valid: 74.06%, Test: 74.60%, Best Valid: 77.61%, Best Test: 76.95%
Run 01:
Highest Train: 84.66
Highest Valid: 77.61
Highest Test: 77.36
Chosen epoch: 36
Final Train: 79.31
Final Test: 76.95
Label budget: 20/class -> 194 train nodes
Counting co-occurrence on train-train edges (leakage-free estimator)...
Count penalty frozen (110 train-train edges).
Epoch: 00, Loss: 3.4127, Train: 16.03%, Valid: 17.67%, Test: 18.21%, Best Valid: 17.67%, Best Test: 18.21%
Epoch: 100, Loss: 0.1546, Train: 82.93%, Valid: 74.93%, Test: 73.25%, Best Valid: 76.20%, Best Test: 74.23%
Epoch: 200, Loss: 0.0536, Train: 80.69%, Valid: 72.51%, Test: 71.25%, Best Valid: 76.20%, Best Test: 74.23%
Epoch: 300, Loss: 0.0083, Train: 80.86%, Valid: 72.28%, Test: 71.42%, Best Valid: 76.20%, Best Test: 74.23%
Epoch: 400, Loss: 0.0059, Train: 81.38%, Valid: 73.36%, Test: 71.93%, Best Valid: 76.20%, Best Test: 74.23%
Epoch: 500, Loss: 0.0056, Train: 80.86%, Valid: 72.28%, Test: 71.06%, Best Valid: 76.20%, Best Test: 74.23%
Epoch: 600, Loss: 0.0168, Train: 80.34%, Valid: 72.28%, Test: 71.25%, Best Valid: 76.20%, Best Test: 74.23%
Epoch: 700, Loss: 0.0011, Train: 82.07%, Valid: 72.62%, Test: 70.99%, Best Valid: 76.20%, Best Test: 74.23%
Epoch: 800, Loss: 0.0009, Train: 81.21%, Valid: 72.37%, Test: 71.32%, Best Valid: 76.20%, Best Test: 74.23%
Epoch: 900, Loss: 0.0010, Train: 80.86%, Valid: 72.30%, Test: 71.42%, Best Valid: 76.20%, Best Test: 74.23%
Run 02:
Highest Train: 84.31
Highest Valid: 76.20
Highest Test: 74.59
Chosen epoch: 58
Final Train: 82.41
Final Test: 74.23
Label budget: 20/class -> 194 train nodes
Counting co-occurrence on train-train edges (leakage-free estimator)...
Count penalty frozen (162 train-train edges).
Epoch: 00, Loss: 3.5110, Train: 24.83%, Valid: 23.32%, Test: 22.73%, Best Valid: 23.32%, Best Test: 22.73%
Epoch: 100, Loss: 0.1611, Train: 83.28%, Valid: 76.13%, Test: 75.54%, Best Valid: 77.04%, Best Test: 76.24%
Epoch: 200, Loss: 0.0410, Train: 80.86%, Valid: 74.44%, Test: 74.11%, Best Valid: 77.04%, Best Test: 76.24%
Epoch: 300, Loss: 0.0333, Train: 78.79%, Valid: 72.58%, Test: 71.90%, Best Valid: 77.04%, Best Test: 76.24%
Epoch: 400, Loss: 0.0496, Train: 79.14%, Valid: 72.15%, Test: 71.64%, Best Valid: 77.04%, Best Test: 76.24%
Epoch: 500, Loss: 0.0246, Train: 80.86%, Valid: 74.33%, Test: 74.16%, Best Valid: 77.04%, Best Test: 76.24%
Epoch: 600, Loss: 0.0207, Train: 79.31%, Valid: 72.56%, Test: 72.57%, Best Valid: 77.04%, Best Test: 76.24%
Epoch: 700, Loss: 0.0108, Train: 81.21%, Valid: 74.55%, Test: 74.29%, Best Valid: 77.04%, Best Test: 76.24%
Epoch: 800, Loss: 0.0193, Train: 78.97%, Valid: 71.65%, Test: 71.47%, Best Valid: 77.04%, Best Test: 76.24%
Epoch: 900, Loss: 0.0083, Train: 79.31%, Valid: 71.81%, Test: 71.47%, Best Valid: 77.04%, Best Test: 76.24%
Run 03:
Highest Train: 83.62
Highest Valid: 77.04
Highest Test: 76.24
Chosen epoch: 95
Final Train: 82.93
Final Test: 76.24
Label budget: 20/class -> 194 train nodes
Counting co-occurrence on train-train edges (leakage-free estimator)...
Count penalty frozen (190 train-train edges).
Epoch: 00, Loss: 3.4478, Train: 6.90%, Valid: 6.79%, Test: 6.17%, Best Valid: 6.79%, Best Test: 6.17%
Epoch: 100, Loss: 0.0945, Train: 80.17%, Valid: 71.37%, Test: 70.53%, Best Valid: 75.20%, Best Test: 73.99%
Epoch: 200, Loss: 0.0200, Train: 80.52%, Valid: 70.17%, Test: 69.93%, Best Valid: 75.20%, Best Test: 73.99%
Epoch: 300, Loss: 0.0098, Train: 78.45%, Valid: 69.25%, Test: 68.82%, Best Valid: 75.20%, Best Test: 73.99%
Epoch: 400, Loss: 0.0053, Train: 81.21%, Valid: 70.12%, Test: 70.17%, Best Valid: 75.20%, Best Test: 73.99%
Epoch: 500, Loss: 0.0021, Train: 78.79%, Valid: 68.98%, Test: 68.91%, Best Valid: 75.20%, Best Test: 73.99%
Epoch: 600, Loss: 0.0038, Train: 77.07%, Valid: 67.94%, Test: 67.64%, Best Valid: 75.20%, Best Test: 73.99%
Epoch: 700, Loss: 0.0028, Train: 78.79%, Valid: 68.70%, Test: 68.74%, Best Valid: 75.20%, Best Test: 73.99%
Epoch: 800, Loss: 0.0242, Train: 78.79%, Valid: 68.45%, Test: 68.58%, Best Valid: 75.20%, Best Test: 73.99%
Epoch: 900, Loss: 0.0020, Train: 77.76%, Valid: 67.90%, Test: 67.81%, Best Valid: 75.20%, Best Test: 73.99%
Run 04:
Highest Train: 83.10
Highest Valid: 75.20
Highest Test: 73.99
Chosen epoch: 46
Final Train: 79.48
Final Test: 73.99
Label budget: 20/class -> 194 train nodes
Counting co-occurrence on train-train edges (leakage-free estimator)...
Count penalty frozen (148 train-train edges).
Epoch: 00, Loss: 3.4266, Train: 11.90%, Valid: 12.17%, Test: 11.72%, Best Valid: 12.17%, Best Test: 11.72%
Epoch: 100, Loss: 0.1198, Train: 79.48%, Valid: 73.23%, Test: 71.46%, Best Valid: 75.03%, Best Test: 73.52%
Epoch: 200, Loss: 0.0328, Train: 78.45%, Valid: 70.71%, Test: 69.20%, Best Valid: 75.03%, Best Test: 73.52%
Epoch: 300, Loss: 0.0665, Train: 80.00%, Valid: 71.77%, Test: 70.93%, Best Valid: 75.03%, Best Test: 73.52%
Epoch: 400, Loss: 0.0029, Train: 80.00%, Valid: 72.18%, Test: 70.93%, Best Valid: 75.03%, Best Test: 73.52%
Epoch: 500, Loss: 0.0488, Train: 78.62%, Valid: 70.97%, Test: 69.44%, Best Valid: 75.03%, Best Test: 73.52%
Epoch: 600, Loss: 0.0040, Train: 80.69%, Valid: 72.87%, Test: 71.04%, Best Valid: 75.03%, Best Test: 73.52%
Epoch: 700, Loss: 0.0062, Train: 79.31%, Valid: 71.27%, Test: 70.31%, Best Valid: 75.03%, Best Test: 73.52%
Epoch: 800, Loss: 0.0009, Train: 79.66%, Valid: 71.81%, Test: 70.65%, Best Valid: 75.03%, Best Test: 73.52%
Epoch: 900, Loss: 0.0006, Train: 79.66%, Valid: 71.16%, Test: 70.24%, Best Valid: 75.03%, Best Test: 73.52%
Run 05:
Highest Train: 81.55
Highest Valid: 75.03
Highest Test: 73.52
Chosen epoch: 30
Final Train: 75.00
Final Test: 73.52
Label budget: 20/class -> 194 train nodes
Counting co-occurrence on train-train edges (leakage-free estimator)...
Count penalty frozen (72 train-train edges).
Epoch: 00, Loss: 3.4208, Train: 16.72%, Valid: 17.77%, Test: 18.08%, Best Valid: 17.77%, Best Test: 18.08%
Epoch: 100, Loss: 0.1425, Train: 80.86%, Valid: 73.09%, Test: 71.85%, Best Valid: 73.45%, Best Test: 72.26%
Epoch: 200, Loss: 0.0805, Train: 80.17%, Valid: 71.44%, Test: 70.46%, Best Valid: 73.45%, Best Test: 72.26%
Epoch: 300, Loss: 0.0059, Train: 79.83%, Valid: 71.90%, Test: 70.41%, Best Valid: 73.45%, Best Test: 72.26%
Epoch: 400, Loss: 0.0062, Train: 79.48%, Valid: 71.75%, Test: 70.17%, Best Valid: 73.45%, Best Test: 72.26%
Epoch: 500, Loss: 0.0038, Train: 80.69%, Valid: 71.67%, Test: 70.60%, Best Valid: 73.45%, Best Test: 72.26%
Epoch: 600, Loss: 0.0076, Train: 80.17%, Valid: 72.07%, Test: 70.57%, Best Valid: 73.89%, Best Test: 72.60%
Epoch: 700, Loss: 0.0040, Train: 79.14%, Valid: 71.69%, Test: 70.09%, Best Valid: 73.89%, Best Test: 72.60%
Epoch: 800, Loss: 0.0021, Train: 80.00%, Valid: 72.70%, Test: 71.71%, Best Valid: 73.89%, Best Test: 72.60%
Epoch: 900, Loss: 0.0057, Train: 80.69%, Valid: 72.07%, Test: 71.40%, Best Valid: 73.89%, Best Test: 72.60%
Run 06:
Highest Train: 82.76
Highest Valid: 73.89
Highest Test: 72.60
Chosen epoch: 513
Final Train: 82.41
Final Test: 72.60
Label budget: 20/class -> 194 train nodes
Counting co-occurrence on train-train edges (leakage-free estimator)...
Count penalty frozen (206 train-train edges).
Epoch: 00, Loss: 3.4939, Train: 14.66%, Valid: 13.99%, Test: 14.43%, Best Valid: 13.99%, Best Test: 14.43%
Epoch: 100, Loss: 0.1501, Train: 81.03%, Valid: 72.58%, Test: 71.76%, Best Valid: 75.56%, Best Test: 74.64%
Epoch: 200, Loss: 0.0262, Train: 82.41%, Valid: 73.17%, Test: 71.58%, Best Valid: 75.56%, Best Test: 74.64%
Epoch: 300, Loss: 0.0212, Train: 81.21%, Valid: 71.35%, Test: 70.51%, Best Valid: 75.56%, Best Test: 74.64%
Epoch: 400, Loss: 0.0136, Train: 81.55%, Valid: 72.73%, Test: 71.30%, Best Valid: 75.56%, Best Test: 74.64%
Epoch: 500, Loss: 0.0135, Train: 81.72%, Valid: 72.85%, Test: 71.68%, Best Valid: 75.56%, Best Test: 74.64%
Epoch: 600, Loss: 0.0280, Train: 81.03%, Valid: 72.30%, Test: 70.75%, Best Valid: 75.56%, Best Test: 74.64%
Epoch: 700, Loss: 0.0019, Train: 82.41%, Valid: 72.43%, Test: 71.40%, Best Valid: 75.56%, Best Test: 74.64%
Epoch: 800, Loss: 0.0013, Train: 82.41%, Valid: 73.11%, Test: 71.90%, Best Valid: 75.56%, Best Test: 74.64%
Epoch: 900, Loss: 0.0013, Train: 83.10%, Valid: 73.97%, Test: 72.72%, Best Valid: 75.56%, Best Test: 74.64%
Run 07:
Highest Train: 84.31
Highest Valid: 75.56
Highest Test: 74.77
Chosen epoch: 94
Final Train: 83.45
Final Test: 74.64
Label budget: 20/class -> 194 train nodes
Counting co-occurrence on train-train edges (leakage-free estimator)...
Count penalty frozen (96 train-train edges).
Epoch: 00, Loss: 3.4023, Train: 18.45%, Valid: 17.88%, Test: 17.00%, Best Valid: 17.88%, Best Test: 17.00%
Epoch: 100, Loss: 0.1970, Train: 77.59%, Valid: 71.84%, Test: 70.91%, Best Valid: 75.16%, Best Test: 73.49%
Epoch: 200, Loss: 0.0613, Train: 79.31%, Valid: 71.27%, Test: 69.93%, Best Valid: 75.16%, Best Test: 73.49%
Epoch: 300, Loss: 0.0302, Train: 75.17%, Valid: 66.88%, Test: 65.73%, Best Valid: 75.16%, Best Test: 73.49%
Epoch: 400, Loss: 0.0275, Train: 75.86%, Valid: 68.62%, Test: 68.09%, Best Valid: 75.16%, Best Test: 73.49%
Epoch: 500, Loss: 0.0317, Train: 77.24%, Valid: 69.28%, Test: 68.72%, Best Valid: 75.16%, Best Test: 73.49%
Epoch: 600, Loss: 0.0167, Train: 76.38%, Valid: 68.03%, Test: 66.60%, Best Valid: 75.16%, Best Test: 73.49%
Epoch: 700, Loss: 0.0043, Train: 77.76%, Valid: 69.59%, Test: 68.65%, Best Valid: 75.16%, Best Test: 73.49%
Epoch: 800, Loss: 0.0018, Train: 76.21%, Valid: 67.97%, Test: 67.37%, Best Valid: 75.16%, Best Test: 73.49%
Epoch: 900, Loss: 0.0068, Train: 76.55%, Valid: 69.61%, Test: 68.57%, Best Valid: 75.16%, Best Test: 73.49%
Run 08:
Highest Train: 80.69
Highest Valid: 75.16
Highest Test: 73.83
Chosen epoch: 29
Final Train: 76.55
Final Test: 73.49
Label budget: 20/class -> 194 train nodes
Counting co-occurrence on train-train edges (leakage-free estimator)...
Count penalty frozen (112 train-train edges).
Epoch: 00, Loss: 3.5298, Train: 34.14%, Valid: 30.39%, Test: 31.85%, Best Valid: 30.39%, Best Test: 31.85%
Epoch: 100, Loss: 0.0644, Train: 85.86%, Valid: 74.99%, Test: 74.76%, Best Valid: 77.17%, Best Test: 76.07%
Epoch: 200, Loss: 0.0231, Train: 84.48%, Valid: 72.81%, Test: 72.19%, Best Valid: 77.17%, Best Test: 76.07%
Epoch: 300, Loss: 0.0624, Train: 82.93%, Valid: 71.88%, Test: 71.99%, Best Valid: 77.17%, Best Test: 76.07%
Epoch: 400, Loss: 0.0061, Train: 85.69%, Valid: 73.66%, Test: 73.05%, Best Valid: 77.17%, Best Test: 76.07%
Epoch: 500, Loss: 0.0057, Train: 84.66%, Valid: 72.81%, Test: 72.50%, Best Valid: 77.17%, Best Test: 76.07%
Epoch: 600, Loss: 0.0028, Train: 84.14%, Valid: 71.92%, Test: 71.35%, Best Valid: 77.17%, Best Test: 76.07%
Epoch: 700, Loss: 0.0047, Train: 83.79%, Valid: 71.26%, Test: 70.28%, Best Valid: 77.17%, Best Test: 76.07%
Epoch: 800, Loss: 0.0024, Train: 84.14%, Valid: 71.33%, Test: 70.51%, Best Valid: 77.17%, Best Test: 76.07%
Epoch: 900, Loss: 0.0008, Train: 83.10%, Valid: 70.84%, Test: 70.14%, Best Valid: 77.17%, Best Test: 76.07%
Run 09:
Highest Train: 88.10
Highest Valid: 77.17
Highest Test: 76.24
Chosen epoch: 36
Final Train: 84.83
Final Test: 76.07
Label budget: 20/class -> 194 train nodes
Counting co-occurrence on train-train edges (leakage-free estimator)...
Count penalty frozen (158 train-train edges).
Epoch: 00, Loss: 3.4475, Train: 25.52%, Valid: 26.43%, Test: 25.74%, Best Valid: 26.43%, Best Test: 25.74%
Epoch: 100, Loss: 0.0845, Train: 77.07%, Valid: 70.95%, Test: 69.61%, Best Valid: 74.14%, Best Test: 72.89%
Epoch: 200, Loss: 0.0316, Train: 76.72%, Valid: 69.21%, Test: 68.21%, Best Valid: 74.14%, Best Test: 72.89%
Epoch: 300, Loss: 0.0637, Train: 77.24%, Valid: 70.46%, Test: 69.76%, Best Valid: 74.14%, Best Test: 72.89%
Epoch: 400, Loss: 0.0066, Train: 77.41%, Valid: 70.48%, Test: 69.37%, Best Valid: 74.14%, Best Test: 72.89%
Epoch: 500, Loss: 0.0067, Train: 79.48%, Valid: 71.33%, Test: 70.69%, Best Valid: 74.14%, Best Test: 72.89%
Epoch: 600, Loss: 0.0272, Train: 77.07%, Valid: 68.43%, Test: 67.76%, Best Valid: 74.14%, Best Test: 72.89%
Epoch: 700, Loss: 0.0027, Train: 78.62%, Valid: 70.71%, Test: 69.71%, Best Valid: 74.14%, Best Test: 72.89%
Epoch: 800, Loss: 0.0008, Train: 77.76%, Valid: 70.00%, Test: 69.52%, Best Valid: 74.14%, Best Test: 72.89%
Epoch: 900, Loss: 0.0098, Train: 78.28%, Valid: 70.31%, Test: 69.93%, Best Valid: 74.86%, Best Test: 74.12%
Run 10:
Highest Train: 82.59
Highest Valid: 74.86
Highest Test: 74.12
Chosen epoch: 853
Final Train: 82.59
Final Test: 74.12
All runs:
Highest Train: 83.57 ± 2.03
Highest Test: 74.73 ± 1.46
Highest Valid: 75.77 ± 1.19
  Final Train: 80.90 ± 3.19
   Final Test: 74.59 ± 1.39
Saving results to results/lowlabel/wikics/MPNN_gcn.csv
--- count_reg | lambda=0.8 ---
Namespace(bn=False, budget_tag='20', count_reg=True, count_smoothing=1.0, cpu=False, data_dir='./data/', dataset='wikics', device=0, display_step=100, dropout=0.5, epochs=1000, gnn='gcn', hidden_channels=256, jk=False, label_num_per_class=20, lambda_val=0.8, ln=True, local_layers=3, lr=0.001, metric='acc', mlp_epochs=500, mlp_reg=False, model='MPNN', model_dir='models', num_heads=1, oracle_reg=False, paired_seeds=True, penalty_transform='none', pre_linear=False, pre_ln=False, rand_split=False, rand_split_class=False, reg_start_epoch=10, reg_update_freq=5, res=False, resample_split_per_run=False, result_dir='results/lowlabel', runs=10, save_model=False, seed=42, test_num=1000, train_per_class=20, train_prop=0.5, use_reg=True, valid_num=500, valid_per_class=0, valid_prop=0.25, weight_decay=0.0)
wikics
dataset wikics | num nodes 11701 | num edge 431726 | num node feats 300 | num classes 10
MODEL: MPNNs(
  (h_lins): ModuleList()
  (local_convs): ModuleList(
    (0): GCNConv(300, 256)
    (1): GCNConv(256, 256)
    (2): GCNConv(256, 256)
  )
  (lins): ModuleList(
    (0): Linear(in_features=300, out_features=256, bias=True)
    (1): Linear(in_features=256, out_features=256, bias=True)
    (2): Linear(in_features=256, out_features=256, bias=True)
  )
  (lns): ModuleList(
    (0): LayerNorm((256,), eps=1e-05, elementwise_affine=True)
    (1): LayerNorm((256,), eps=1e-05, elementwise_affine=True)
    (2): LayerNorm((256,), eps=1e-05, elementwise_affine=True)
  )
  (bns): ModuleList(
    (0): BatchNorm1d(256, eps=1e-05, momentum=0.1, affine=True, track_running_stats=True)
    (1): BatchNorm1d(256, eps=1e-05, momentum=0.1, affine=True, track_running_stats=True)
    (2): BatchNorm1d(256, eps=1e-05, momentum=0.1, affine=True, track_running_stats=True)
  )
  (lin_in): Linear(in_features=300, out_features=256, bias=True)
  (pred_local): Linear(in_features=256, out_features=10, bias=True)
)
Label budget: 20/class -> 194 train nodes
Counting co-occurrence on train-train edges (leakage-free estimator)...
Count penalty frozen (122 train-train edges).
Epoch: 00, Loss: 4.4277, Train: 6.21%, Valid: 6.16%, Test: 6.28%, Best Valid: 6.16%, Best Test: 6.28%
Epoch: 100, Loss: 0.1407, Train: 82.07%, Valid: 74.29%, Test: 75.03%, Best Valid: 76.26%, Best Test: 75.82%
Epoch: 200, Loss: 0.0434, Train: 83.45%, Valid: 74.38%, Test: 75.06%, Best Valid: 76.26%, Best Test: 75.82%
Epoch: 300, Loss: 0.0408, Train: 81.90%, Valid: 74.14%, Test: 75.10%, Best Valid: 76.26%, Best Test: 75.82%
Epoch: 400, Loss: 0.0849, Train: 81.72%, Valid: 72.87%, Test: 73.73%, Best Valid: 76.26%, Best Test: 75.82%
Epoch: 500, Loss: 0.0265, Train: 82.07%, Valid: 73.30%, Test: 74.02%, Best Valid: 76.26%, Best Test: 75.82%
Epoch: 600, Loss: 0.0101, Train: 82.59%, Valid: 73.49%, Test: 74.28%, Best Valid: 76.26%, Best Test: 75.82%
Epoch: 700, Loss: 0.0285, Train: 82.07%, Valid: 73.51%, Test: 74.06%, Best Valid: 76.26%, Best Test: 75.82%
Epoch: 800, Loss: 0.0111, Train: 81.38%, Valid: 72.05%, Test: 72.38%, Best Valid: 76.26%, Best Test: 75.82%
Epoch: 900, Loss: 0.0219, Train: 80.69%, Valid: 72.70%, Test: 72.84%, Best Valid: 76.26%, Best Test: 75.82%
Run 01:
Highest Train: 84.14
Highest Valid: 76.26
Highest Test: 76.40
Chosen epoch: 36
Final Train: 78.62
Final Test: 75.82
Label budget: 20/class -> 194 train nodes
Counting co-occurrence on train-train edges (leakage-free estimator)...
Count penalty frozen (110 train-train edges).
Epoch: 00, Loss: 4.3878, Train: 7.93%, Valid: 8.12%, Test: 8.21%, Best Valid: 8.12%, Best Test: 8.21%
Epoch: 100, Loss: 0.1907, Train: 83.45%, Valid: 75.33%, Test: 73.58%, Best Valid: 75.64%, Best Test: 74.16%
Epoch: 200, Loss: 0.0353, Train: 81.03%, Valid: 72.92%, Test: 71.18%, Best Valid: 75.64%, Best Test: 74.16%
Epoch: 300, Loss: 0.0224, Train: 81.72%, Valid: 73.06%, Test: 71.52%, Best Valid: 75.64%, Best Test: 74.16%
Epoch: 400, Loss: 0.0677, Train: 82.59%, Valid: 73.89%, Test: 72.98%, Best Valid: 75.64%, Best Test: 74.16%
Epoch: 500, Loss: 0.0192, Train: 81.21%, Valid: 72.81%, Test: 71.25%, Best Valid: 75.64%, Best Test: 74.16%
Epoch: 600, Loss: 0.0033, Train: 80.86%, Valid: 72.56%, Test: 71.47%, Best Valid: 75.64%, Best Test: 74.16%
Epoch: 700, Loss: 0.0011, Train: 82.24%, Valid: 72.79%, Test: 71.32%, Best Valid: 75.64%, Best Test: 74.16%
Epoch: 800, Loss: 0.0012, Train: 81.90%, Valid: 73.19%, Test: 72.43%, Best Valid: 75.64%, Best Test: 74.16%
Epoch: 900, Loss: 0.0240, Train: 77.76%, Valid: 69.59%, Test: 68.67%, Best Valid: 75.69%, Best Test: 74.29%
Run 02:
Highest Train: 84.14
Highest Valid: 75.69
Highest Test: 74.29
Chosen epoch: 896
Final Train: 83.10
Final Test: 74.29
Label budget: 20/class -> 194 train nodes
Counting co-occurrence on train-train edges (leakage-free estimator)...
Count penalty frozen (162 train-train edges).
Epoch: 00, Loss: 4.5142, Train: 22.24%, Valid: 21.79%, Test: 21.07%, Best Valid: 21.79%, Best Test: 21.07%
Epoch: 100, Loss: 0.1906, Train: 82.93%, Valid: 76.09%, Test: 75.42%, Best Valid: 77.36%, Best Test: 76.55%
Epoch: 200, Loss: 0.0610, Train: 82.41%, Valid: 74.88%, Test: 74.76%, Best Valid: 77.36%, Best Test: 76.55%
Epoch: 300, Loss: 0.0443, Train: 80.34%, Valid: 73.72%, Test: 72.82%, Best Valid: 77.36%, Best Test: 76.55%
Epoch: 400, Loss: 0.0479, Train: 82.24%, Valid: 73.91%, Test: 73.64%, Best Valid: 77.36%, Best Test: 76.55%
Epoch: 500, Loss: 0.0244, Train: 81.90%, Valid: 75.05%, Test: 74.69%, Best Valid: 77.36%, Best Test: 76.55%
Epoch: 600, Loss: 0.0220, Train: 81.90%, Valid: 74.44%, Test: 73.75%, Best Valid: 77.36%, Best Test: 76.55%
Epoch: 700, Loss: 0.4040, Train: 82.07%, Valid: 74.86%, Test: 74.00%, Best Valid: 77.36%, Best Test: 76.55%
Epoch: 800, Loss: 0.0207, Train: 80.69%, Valid: 73.61%, Test: 73.73%, Best Valid: 77.36%, Best Test: 76.55%
Epoch: 900, Loss: 0.0062, Train: 79.66%, Valid: 73.28%, Test: 72.57%, Best Valid: 77.36%, Best Test: 76.55%
Run 03:
Highest Train: 84.66
Highest Valid: 77.36
Highest Test: 76.62
Chosen epoch: 74
Final Train: 83.79
Final Test: 76.55
Label budget: 20/class -> 194 train nodes
Counting co-occurrence on train-train edges (leakage-free estimator)...
Count penalty frozen (190 train-train edges).
Epoch: 00, Loss: 4.4329, Train: 6.90%, Valid: 7.32%, Test: 6.57%, Best Valid: 7.32%, Best Test: 6.57%
Epoch: 100, Loss: 0.1211, Train: 79.48%, Valid: 70.35%, Test: 69.44%, Best Valid: 72.96%, Best Test: 72.43%
Epoch: 200, Loss: 0.0399, Train: 79.48%, Valid: 69.55%, Test: 68.92%, Best Valid: 72.96%, Best Test: 72.43%
Epoch: 300, Loss: 0.0131, Train: 79.66%, Valid: 69.42%, Test: 69.44%, Best Valid: 72.96%, Best Test: 72.43%
Epoch: 400, Loss: 0.0176, Train: 79.83%, Valid: 68.03%, Test: 67.78%, Best Valid: 72.96%, Best Test: 72.43%
Epoch: 500, Loss: 0.0062, Train: 78.62%, Valid: 68.16%, Test: 67.62%, Best Valid: 72.96%, Best Test: 72.43%
Epoch: 600, Loss: 0.0265, Train: 78.97%, Valid: 68.07%, Test: 67.78%, Best Valid: 72.96%, Best Test: 72.43%
Epoch: 700, Loss: 0.0097, Train: 77.07%, Valid: 67.24%, Test: 67.40%, Best Valid: 74.69%, Best Test: 73.97%
Epoch: 800, Loss: 0.0026, Train: 78.97%, Valid: 69.26%, Test: 68.92%, Best Valid: 74.69%, Best Test: 73.97%
Epoch: 900, Loss: 0.0011, Train: 77.93%, Valid: 69.45%, Test: 68.87%, Best Valid: 74.69%, Best Test: 73.97%
Run 04:
Highest Train: 83.28
Highest Valid: 74.69
Highest Test: 73.97
Chosen epoch: 631
Final Train: 83.28
Final Test: 73.97
Label budget: 20/class -> 194 train nodes
Counting co-occurrence on train-train edges (leakage-free estimator)...
Count penalty frozen (148 train-train edges).
Epoch: 00, Loss: 4.4056, Train: 26.72%, Valid: 25.43%, Test: 25.47%, Best Valid: 25.43%, Best Test: 25.47%
Epoch: 100, Loss: 0.1736, Train: 75.17%, Valid: 68.30%, Test: 67.69%, Best Valid: 71.18%, Best Test: 70.00%
Epoch: 200, Loss: 0.0729, Train: 75.52%, Valid: 68.34%, Test: 67.49%, Best Valid: 71.18%, Best Test: 70.00%
Epoch: 300, Loss: 0.0098, Train: 76.90%, Valid: 68.81%, Test: 67.92%, Best Valid: 71.18%, Best Test: 70.00%
Epoch: 400, Loss: 0.0075, Train: 76.21%, Valid: 68.62%, Test: 67.54%, Best Valid: 71.18%, Best Test: 70.00%
Epoch: 500, Loss: 0.0102, Train: 77.07%, Valid: 69.34%, Test: 68.98%, Best Valid: 71.18%, Best Test: 70.00%
Epoch: 600, Loss: 0.0026, Train: 75.86%, Valid: 69.04%, Test: 68.09%, Best Valid: 71.18%, Best Test: 70.00%
Epoch: 700, Loss: 0.0177, Train: 73.97%, Valid: 66.65%, Test: 65.81%, Best Valid: 71.18%, Best Test: 70.00%
Epoch: 800, Loss: 0.0040, Train: 77.41%, Valid: 69.19%, Test: 68.43%, Best Valid: 71.18%, Best Test: 70.00%
Epoch: 900, Loss: 0.0010, Train: 79.14%, Valid: 71.33%, Test: 70.63%, Best Valid: 72.26%, Best Test: 71.49%
Run 05:
Highest Train: 81.55
Highest Valid: 73.00
Highest Test: 71.75
Chosen epoch: 984
Final Train: 80.34
Final Test: 71.25
Label budget: 20/class -> 194 train nodes
Counting co-occurrence on train-train edges (leakage-free estimator)...
Count penalty frozen (72 train-train edges).
Epoch: 00, Loss: 4.3981, Train: 17.76%, Valid: 18.13%, Test: 18.09%, Best Valid: 18.13%, Best Test: 18.09%
Epoch: 100, Loss: 0.1868, Train: 80.86%, Valid: 73.61%, Test: 72.07%, Best Valid: 73.61%, Best Test: 72.07%
Epoch: 200, Loss: 0.0591, Train: 80.00%, Valid: 70.16%, Test: 69.42%, Best Valid: 73.61%, Best Test: 72.07%
Epoch: 300, Loss: 0.0074, Train: 80.52%, Valid: 71.48%, Test: 70.26%, Best Valid: 73.61%, Best Test: 72.07%
Epoch: 400, Loss: 0.0121, Train: 78.97%, Valid: 71.01%, Test: 70.07%, Best Valid: 73.61%, Best Test: 72.07%
Epoch: 500, Loss: 0.0137, Train: 80.69%, Valid: 71.67%, Test: 70.74%, Best Valid: 73.61%, Best Test: 72.07%
Epoch: 600, Loss: 0.0183, Train: 78.79%, Valid: 70.99%, Test: 69.52%, Best Valid: 73.61%, Best Test: 72.07%
Epoch: 700, Loss: 0.0040, Train: 80.52%, Valid: 71.63%, Test: 70.60%, Best Valid: 73.61%, Best Test: 72.07%
Epoch: 800, Loss: 0.0055, Train: 78.62%, Valid: 70.16%, Test: 68.99%, Best Valid: 73.61%, Best Test: 72.07%
Epoch: 900, Loss: 0.0017, Train: 80.69%, Valid: 72.26%, Test: 70.81%, Best Valid: 73.61%, Best Test: 72.07%
Run 06:
Highest Train: 82.07
Highest Valid: 73.61
Highest Test: 72.84
Chosen epoch: 100
Final Train: 80.86
Final Test: 72.07
Label budget: 20/class -> 194 train nodes
Counting co-occurrence on train-train edges (leakage-free estimator)...
Count penalty frozen (206 train-train edges).
Epoch: 00, Loss: 4.4922, Train: 9.14%, Valid: 8.76%, Test: 8.93%, Best Valid: 8.76%, Best Test: 8.93%
Epoch: 100, Loss: 0.1552, Train: 82.41%, Valid: 73.70%, Test: 72.89%, Best Valid: 75.98%, Best Test: 74.96%
Epoch: 200, Loss: 0.0714, Train: 82.93%, Valid: 74.27%, Test: 72.94%, Best Valid: 75.98%, Best Test: 74.96%
Epoch: 300, Loss: 0.0260, Train: 80.17%, Valid: 70.72%, Test: 69.54%, Best Valid: 75.98%, Best Test: 74.96%
Epoch: 400, Loss: 0.0180, Train: 82.24%, Valid: 73.70%, Test: 72.57%, Best Valid: 75.98%, Best Test: 74.96%
Epoch: 500, Loss: 0.0100, Train: 82.24%, Valid: 73.76%, Test: 72.24%, Best Valid: 75.98%, Best Test: 74.96%
Epoch: 600, Loss: 0.0076, Train: 82.93%, Valid: 74.55%, Test: 73.23%, Best Valid: 75.98%, Best Test: 74.96%
Epoch: 700, Loss: 0.1674, Train: 80.00%, Valid: 71.33%, Test: 69.83%, Best Valid: 75.98%, Best Test: 74.96%
Epoch: 800, Loss: 0.0200, Train: 81.72%, Valid: 73.06%, Test: 72.12%, Best Valid: 75.98%, Best Test: 74.96%
Epoch: 900, Loss: 0.0026, Train: 81.55%, Valid: 72.47%, Test: 71.06%, Best Valid: 75.98%, Best Test: 74.96%
Run 07:
Highest Train: 84.66
Highest Valid: 75.98
Highest Test: 74.96
Chosen epoch: 67
Final Train: 83.10
Final Test: 74.96
Label budget: 20/class -> 194 train nodes
Counting co-occurrence on train-train edges (leakage-free estimator)...
Count penalty frozen (96 train-train edges).
Epoch: 00, Loss: 4.3744, Train: 14.31%, Valid: 13.94%, Test: 14.08%, Best Valid: 13.94%, Best Test: 14.08%
Epoch: 100, Loss: 0.2497, Train: 78.45%, Valid: 71.71%, Test: 70.60%, Best Valid: 75.67%, Best Test: 74.14%
Epoch: 200, Loss: 0.0840, Train: 80.17%, Valid: 71.60%, Test: 70.75%, Best Valid: 75.67%, Best Test: 74.14%
Epoch: 300, Loss: 0.0406, Train: 75.52%, Valid: 67.52%, Test: 66.24%, Best Valid: 75.67%, Best Test: 74.14%
Epoch: 400, Loss: 0.0375, Train: 77.93%, Valid: 70.14%, Test: 69.47%, Best Valid: 75.67%, Best Test: 74.14%
Epoch: 500, Loss: 0.0359, Train: 78.28%, Valid: 69.91%, Test: 69.23%, Best Valid: 75.67%, Best Test: 74.14%
Epoch: 600, Loss: 0.0184, Train: 76.21%, Valid: 69.06%, Test: 67.76%, Best Valid: 75.67%, Best Test: 74.14%
Epoch: 700, Loss: 0.0081, Train: 78.79%, Valid: 70.71%, Test: 69.33%, Best Valid: 75.67%, Best Test: 74.14%
Epoch: 800, Loss: 0.0013, Train: 76.90%, Valid: 69.49%, Test: 67.92%, Best Valid: 75.67%, Best Test: 74.14%
Epoch: 900, Loss: 0.0022, Train: 77.07%, Valid: 69.45%, Test: 68.21%, Best Valid: 75.67%, Best Test: 74.14%
Run 08:
Highest Train: 80.86
Highest Valid: 75.67
Highest Test: 74.29
Chosen epoch: 41
Final Train: 77.76
Final Test: 74.14
Label budget: 20/class -> 194 train nodes
Counting co-occurrence on train-train edges (leakage-free estimator)...
Count penalty frozen (112 train-train edges).
Epoch: 00, Loss: 4.5383, Train: 27.41%, Valid: 24.50%, Test: 25.40%, Best Valid: 24.50%, Best Test: 25.40%
Epoch: 100, Loss: 0.0955, Train: 85.69%, Valid: 75.94%, Test: 75.20%, Best Valid: 77.25%, Best Test: 76.33%
Epoch: 200, Loss: 0.0269, Train: 85.52%, Valid: 74.38%, Test: 73.61%, Best Valid: 77.25%, Best Test: 76.33%
Epoch: 300, Loss: 0.0074, Train: 85.34%, Valid: 73.70%, Test: 73.22%, Best Valid: 77.25%, Best Test: 76.33%
Epoch: 400, Loss: 0.0117, Train: 85.52%, Valid: 73.21%, Test: 72.64%, Best Valid: 77.25%, Best Test: 76.33%
Epoch: 500, Loss: 0.0052, Train: 85.17%, Valid: 73.61%, Test: 73.18%, Best Valid: 77.25%, Best Test: 76.33%
Epoch: 600, Loss: 0.0041, Train: 85.17%, Valid: 73.40%, Test: 72.98%, Best Valid: 77.25%, Best Test: 76.33%
Epoch: 700, Loss: 0.0014, Train: 85.69%, Valid: 73.04%, Test: 72.16%, Best Valid: 77.25%, Best Test: 76.33%
Epoch: 800, Loss: 0.0012, Train: 85.52%, Valid: 73.25%, Test: 72.60%, Best Valid: 77.25%, Best Test: 76.33%
Epoch: 900, Loss: 0.0030, Train: 84.31%, Valid: 73.11%, Test: 72.21%, Best Valid: 77.25%, Best Test: 76.33%
Run 09:
Highest Train: 87.93
Highest Valid: 77.25
Highest Test: 76.35
Chosen epoch: 58
Final Train: 87.07
Final Test: 76.33
Label budget: 20/class -> 194 train nodes
Counting co-occurrence on train-train edges (leakage-free estimator)...
Count penalty frozen (158 train-train edges).
Epoch: 00, Loss: 4.4324, Train: 24.48%, Valid: 25.07%, Test: 25.14%, Best Valid: 25.07%, Best Test: 25.14%
Epoch: 100, Loss: 0.1415, Train: 78.62%, Valid: 73.02%, Test: 71.47%, Best Valid: 75.37%, Best Test: 73.64%
Epoch: 200, Loss: 0.0361, Train: 78.28%, Valid: 71.12%, Test: 70.00%, Best Valid: 75.37%, Best Test: 73.64%
Epoch: 300, Loss: 0.0476, Train: 79.48%, Valid: 72.13%, Test: 71.18%, Best Valid: 75.37%, Best Test: 73.64%
Epoch: 400, Loss: 0.0073, Train: 78.97%, Valid: 71.99%, Test: 71.06%, Best Valid: 75.37%, Best Test: 73.64%
Epoch: 500, Loss: 0.0055, Train: 78.45%, Valid: 71.33%, Test: 70.43%, Best Valid: 75.37%, Best Test: 73.64%
Epoch: 600, Loss: 0.0443, Train: 79.31%, Valid: 71.96%, Test: 71.06%, Best Valid: 75.37%, Best Test: 73.64%
Epoch: 700, Loss: 0.0041, Train: 79.66%, Valid: 72.53%, Test: 71.46%, Best Valid: 75.37%, Best Test: 73.64%
Epoch: 800, Loss: 0.0017, Train: 78.45%, Valid: 71.03%, Test: 70.21%, Best Valid: 75.37%, Best Test: 73.64%
Epoch: 900, Loss: 0.0065, Train: 77.93%, Valid: 70.29%, Test: 69.52%, Best Valid: 75.37%, Best Test: 73.64%
Run 10:
Highest Train: 81.21
Highest Valid: 75.37
Highest Test: 73.97
Chosen epoch: 41
Final Train: 77.41
Final Test: 73.64
All runs:
Highest Train: 83.45 ± 2.14
Highest Test: 74.54 ± 1.59
Highest Valid: 75.49 ± 1.41
  Final Train: 81.53 ± 3.08
   Final Test: 74.30 ± 1.72
Saving results to results/lowlabel/wikics/MPNN_gcn.csv
--- count_reg | lambda=1.6 ---
Namespace(bn=False, budget_tag='20', count_reg=True, count_smoothing=1.0, cpu=False, data_dir='./data/', dataset='wikics', device=0, display_step=100, dropout=0.5, epochs=1000, gnn='gcn', hidden_channels=256, jk=False, label_num_per_class=20, lambda_val=1.6, ln=True, local_layers=3, lr=0.001, metric='acc', mlp_epochs=500, mlp_reg=False, model='MPNN', model_dir='models', num_heads=1, oracle_reg=False, paired_seeds=True, penalty_transform='none', pre_linear=False, pre_ln=False, rand_split=False, rand_split_class=False, reg_start_epoch=10, reg_update_freq=5, res=False, resample_split_per_run=False, result_dir='results/lowlabel', runs=10, save_model=False, seed=42, test_num=1000, train_per_class=20, train_prop=0.5, use_reg=True, valid_num=500, valid_per_class=0, valid_prop=0.25, weight_decay=0.0)
wikics
dataset wikics | num nodes 11701 | num edge 431726 | num node feats 300 | num classes 10
MODEL: MPNNs(
  (h_lins): ModuleList()
  (local_convs): ModuleList(
    (0): GCNConv(300, 256)
    (1): GCNConv(256, 256)
    (2): GCNConv(256, 256)
  )
  (lins): ModuleList(
    (0): Linear(in_features=300, out_features=256, bias=True)
    (1): Linear(in_features=256, out_features=256, bias=True)
    (2): Linear(in_features=256, out_features=256, bias=True)
  )
  (lns): ModuleList(
    (0): LayerNorm((256,), eps=1e-05, elementwise_affine=True)
    (1): LayerNorm((256,), eps=1e-05, elementwise_affine=True)
    (2): LayerNorm((256,), eps=1e-05, elementwise_affine=True)
  )
  (bns): ModuleList(
    (0): BatchNorm1d(256, eps=1e-05, momentum=0.1, affine=True, track_running_stats=True)
    (1): BatchNorm1d(256, eps=1e-05, momentum=0.1, affine=True, track_running_stats=True)
    (2): BatchNorm1d(256, eps=1e-05, momentum=0.1, affine=True, track_running_stats=True)
  )
  (lin_in): Linear(in_features=300, out_features=256, bias=True)
  (pred_local): Linear(in_features=256, out_features=10, bias=True)
)
Label budget: 20/class -> 194 train nodes
Counting co-occurrence on train-train edges (leakage-free estimator)...
Count penalty frozen (122 train-train edges).
Epoch: 00, Loss: 6.3956, Train: 5.69%, Valid: 5.71%, Test: 5.71%, Best Valid: 5.71%, Best Test: 5.71%
Epoch: 100, Loss: 0.3806, Train: 80.17%, Valid: 71.90%, Test: 72.04%, Best Valid: 73.81%, Best Test: 74.04%
Epoch: 200, Loss: 0.0742, Train: 80.69%, Valid: 70.89%, Test: 71.25%, Best Valid: 73.81%, Best Test: 74.04%
Epoch: 300, Loss: 0.0623, Train: 80.69%, Valid: 71.43%, Test: 71.69%, Best Valid: 73.81%, Best Test: 74.04%
Epoch: 400, Loss: 0.0409, Train: 80.69%, Valid: 70.80%, Test: 71.01%, Best Valid: 73.81%, Best Test: 74.04%
Epoch: 500, Loss: 0.0516, Train: 79.48%, Valid: 70.00%, Test: 70.77%, Best Valid: 73.81%, Best Test: 74.04%
Epoch: 600, Loss: 0.0167, Train: 80.34%, Valid: 70.19%, Test: 71.28%, Best Valid: 73.81%, Best Test: 74.04%
Epoch: 700, Loss: 0.0131, Train: 77.07%, Valid: 68.83%, Test: 69.23%, Best Valid: 73.81%, Best Test: 74.04%
Epoch: 800, Loss: 0.0045, Train: 78.97%, Valid: 69.43%, Test: 70.19%, Best Valid: 73.81%, Best Test: 74.04%
Epoch: 900, Loss: 0.0773, Train: 78.79%, Valid: 69.28%, Test: 70.05%, Best Valid: 73.81%, Best Test: 74.04%
Run 01:
Highest Train: 82.07
Highest Valid: 73.81
Highest Test: 74.04
Chosen epoch: 63
Final Train: 78.97
Final Test: 74.04
Label budget: 20/class -> 194 train nodes
Counting co-occurrence on train-train edges (leakage-free estimator)...
Count penalty frozen (110 train-train edges).
Epoch: 00, Loss: 6.3380, Train: 7.76%, Valid: 7.43%, Test: 7.46%, Best Valid: 7.43%, Best Test: 7.46%
Epoch: 100, Loss: 0.4544, Train: 75.52%, Valid: 67.39%, Test: 66.51%, Best Valid: 69.28%, Best Test: 67.95%
Epoch: 200, Loss: 0.0994, Train: 75.69%, Valid: 67.24%, Test: 65.86%, Best Valid: 69.28%, Best Test: 67.95%
Epoch: 300, Loss: 0.0190, Train: 77.24%, Valid: 67.44%, Test: 66.26%, Best Valid: 69.28%, Best Test: 67.95%
Epoch: 400, Loss: 0.0117, Train: 75.69%, Valid: 67.41%, Test: 66.27%, Best Valid: 69.28%, Best Test: 67.95%
Epoch: 500, Loss: 0.0084, Train: 75.00%, Valid: 66.84%, Test: 65.91%, Best Valid: 70.02%, Best Test: 68.99%
Epoch: 600, Loss: 0.0102, Train: 76.38%, Valid: 66.78%, Test: 65.61%, Best Valid: 70.02%, Best Test: 68.99%
Epoch: 700, Loss: 0.0034, Train: 77.41%, Valid: 68.26%, Test: 67.25%, Best Valid: 70.02%, Best Test: 68.99%
Epoch: 800, Loss: 0.0021, Train: 77.41%, Valid: 67.97%, Test: 67.45%, Best Valid: 70.02%, Best Test: 68.99%
Epoch: 900, Loss: 0.0086, Train: 77.93%, Valid: 69.34%, Test: 67.69%, Best Valid: 73.87%, Best Test: 72.48%
Run 02:
Highest Train: 83.45
Highest Valid: 73.87
Highest Test: 72.48
Chosen epoch: 872
Final Train: 83.10
Final Test: 72.48
Label budget: 20/class -> 194 train nodes
Counting co-occurrence on train-train edges (leakage-free estimator)...
Count penalty frozen (162 train-train edges).
Epoch: 00, Loss: 6.5205, Train: 9.48%, Valid: 10.49%, Test: 10.36%, Best Valid: 10.49%, Best Test: 10.36%
Epoch: 100, Loss: 0.6220, Train: 72.76%, Valid: 65.32%, Test: 65.06%, Best Valid: 67.12%, Best Test: 66.70%
Epoch: 200, Loss: 0.1261, Train: 73.45%, Valid: 64.85%, Test: 65.08%, Best Valid: 70.10%, Best Test: 69.35%
Epoch: 300, Loss: 0.0820, Train: 74.14%, Valid: 64.92%, Test: 64.29%, Best Valid: 70.10%, Best Test: 69.35%
Epoch: 400, Loss: 0.0516, Train: 73.79%, Valid: 64.85%, Test: 64.58%, Best Valid: 70.10%, Best Test: 69.35%
Epoch: 500, Loss: 0.0433, Train: 75.00%, Valid: 66.00%, Test: 65.61%, Best Valid: 70.61%, Best Test: 70.12%
Epoch: 600, Loss: 0.0281, Train: 75.52%, Valid: 68.41%, Test: 68.29%, Best Valid: 70.61%, Best Test: 70.12%
Epoch: 700, Loss: 0.0546, Train: 72.76%, Valid: 64.39%, Test: 63.91%, Best Valid: 70.88%, Best Test: 70.69%
Epoch: 800, Loss: 0.0105, Train: 77.07%, Valid: 69.91%, Test: 69.68%, Best Valid: 71.73%, Best Test: 71.85%
Epoch: 900, Loss: 0.0257, Train: 76.38%, Valid: 69.19%, Test: 68.87%, Best Valid: 72.37%, Best Test: 71.99%
Run 03:
Highest Train: 79.83
Highest Valid: 72.37
Highest Test: 72.48
Chosen epoch: 870
Final Train: 78.10
Final Test: 71.99
Label budget: 20/class -> 194 train nodes
Counting co-occurrence on train-train edges (leakage-free estimator)...
Count penalty frozen (190 train-train edges).
Epoch: 00, Loss: 6.4031, Train: 8.97%, Valid: 10.30%, Test: 9.29%, Best Valid: 10.30%, Best Test: 9.29%
Epoch: 100, Loss: 0.2381, Train: 82.76%, Valid: 74.57%, Test: 73.68%, Best Valid: 77.97%, Best Test: 76.86%
Epoch: 200, Loss: 0.0432, Train: 80.34%, Valid: 71.60%, Test: 70.34%, Best Valid: 77.97%, Best Test: 76.86%
Epoch: 300, Loss: 0.0463, Train: 81.38%, Valid: 72.01%, Test: 71.63%, Best Valid: 77.97%, Best Test: 76.86%
Epoch: 400, Loss: 0.0157, Train: 80.69%, Valid: 72.24%, Test: 71.58%, Best Valid: 77.97%, Best Test: 76.86%
Epoch: 500, Loss: 0.0056, Train: 81.72%, Valid: 72.49%, Test: 71.95%, Best Valid: 77.97%, Best Test: 76.86%
Epoch: 600, Loss: 0.0033, Train: 80.34%, Valid: 71.39%, Test: 70.65%, Best Valid: 77.97%, Best Test: 76.86%
Epoch: 700, Loss: 0.0096, Train: 79.66%, Valid: 71.22%, Test: 70.93%, Best Valid: 77.97%, Best Test: 76.86%
Epoch: 800, Loss: 0.0028, Train: 79.48%, Valid: 70.78%, Test: 69.88%, Best Valid: 77.97%, Best Test: 76.86%
Epoch: 900, Loss: 0.0036, Train: 80.69%, Valid: 71.43%, Test: 71.15%, Best Valid: 77.97%, Best Test: 76.86%
Run 04:
Highest Train: 83.45
Highest Valid: 77.97
Highest Test: 77.12
Chosen epoch: 56
Final Train: 81.21
Final Test: 76.86
Label budget: 20/class -> 194 train nodes
Counting co-occurrence on train-train edges (leakage-free estimator)...
Count penalty frozen (148 train-train edges).
Epoch: 00, Loss: 6.3636, Train: 29.14%, Valid: 29.22%, Test: 28.75%, Best Valid: 29.22%, Best Test: 28.75%
Epoch: 100, Loss: 0.7554, Train: 68.62%, Valid: 62.17%, Test: 61.66%, Best Valid: 63.10%, Best Test: 62.96%
Epoch: 200, Loss: 0.1260, Train: 73.79%, Valid: 63.44%, Test: 63.11%, Best Valid: 65.97%, Best Test: 65.20%
Epoch: 300, Loss: 0.0797, Train: 74.66%, Valid: 65.38%, Test: 64.20%, Best Valid: 65.97%, Best Test: 65.20%
Epoch: 400, Loss: 0.0219, Train: 73.79%, Valid: 64.51%, Test: 64.02%, Best Valid: 66.00%, Best Test: 65.52%
Epoch: 500, Loss: 0.0261, Train: 76.03%, Valid: 65.91%, Test: 64.72%, Best Valid: 69.04%, Best Test: 68.19%
Epoch: 600, Loss: 0.0109, Train: 73.45%, Valid: 65.15%, Test: 64.29%, Best Valid: 69.04%, Best Test: 68.19%
Epoch: 700, Loss: 0.0082, Train: 75.34%, Valid: 65.85%, Test: 64.99%, Best Valid: 69.04%, Best Test: 68.19%
Epoch: 800, Loss: 0.0166, Train: 74.31%, Valid: 65.62%, Test: 64.67%, Best Valid: 70.21%, Best Test: 69.35%
Epoch: 900, Loss: 0.0040, Train: 74.14%, Valid: 65.72%, Test: 65.14%, Best Valid: 70.21%, Best Test: 69.35%
Run 05:
Highest Train: 80.17
Highest Valid: 70.21
Highest Test: 69.49
Chosen epoch: 782
Final Train: 80.17
Final Test: 69.35
Label budget: 20/class -> 194 train nodes
Counting co-occurrence on train-train edges (leakage-free estimator)...
Count penalty frozen (72 train-train edges).
Epoch: 00, Loss: 6.3529, Train: 17.07%, Valid: 17.29%, Test: 17.68%, Best Valid: 17.29%, Best Test: 17.68%
Epoch: 100, Loss: 0.3070, Train: 80.34%, Valid: 71.26%, Test: 69.49%, Best Valid: 72.01%, Best Test: 70.45%
Epoch: 200, Loss: 0.1101, Train: 79.83%, Valid: 70.67%, Test: 69.69%, Best Valid: 72.01%, Best Test: 70.45%
Epoch: 300, Loss: 0.0817, Train: 77.76%, Valid: 68.73%, Test: 67.76%, Best Valid: 72.01%, Best Test: 70.45%
Epoch: 400, Loss: 0.0125, Train: 78.79%, Valid: 70.63%, Test: 69.44%, Best Valid: 72.01%, Best Test: 70.45%
Epoch: 500, Loss: 0.0081, Train: 77.76%, Valid: 69.59%, Test: 68.33%, Best Valid: 72.01%, Best Test: 70.45%
Epoch: 600, Loss: 0.0239, Train: 77.76%, Valid: 69.43%, Test: 68.24%, Best Valid: 72.01%, Best Test: 70.45%
Epoch: 700, Loss: 0.0038, Train: 77.93%, Valid: 70.57%, Test: 69.30%, Best Valid: 72.01%, Best Test: 70.45%
Epoch: 800, Loss: 0.0034, Train: 78.45%, Valid: 70.69%, Test: 69.11%, Best Valid: 72.01%, Best Test: 70.45%
Epoch: 900, Loss: 0.0072, Train: 78.28%, Valid: 70.61%, Test: 69.18%, Best Valid: 72.01%, Best Test: 70.45%
Run 06:
Highest Train: 81.03
Highest Valid: 72.01
Highest Test: 70.53
Chosen epoch: 90
Final Train: 80.52
Final Test: 70.45
Label budget: 20/class -> 194 train nodes
Counting co-occurrence on train-train edges (leakage-free estimator)...
Count penalty frozen (206 train-train edges).
Epoch: 00, Loss: 6.4887, Train: 8.45%, Valid: 7.96%, Test: 8.06%, Best Valid: 7.96%, Best Test: 8.06%
Epoch: 100, Loss: 0.3325, Train: 82.59%, Valid: 74.65%, Test: 73.59%, Best Valid: 76.17%, Best Test: 75.35%
Epoch: 200, Loss: 0.0617, Train: 81.90%, Valid: 73.34%, Test: 72.04%, Best Valid: 76.17%, Best Test: 75.35%
Epoch: 300, Loss: 0.0364, Train: 82.76%, Valid: 74.52%, Test: 73.75%, Best Valid: 76.17%, Best Test: 75.35%
Epoch: 400, Loss: 0.0366, Train: 82.24%, Valid: 73.34%, Test: 72.33%, Best Valid: 76.17%, Best Test: 75.35%
Epoch: 500, Loss: 0.0219, Train: 82.24%, Valid: 73.34%, Test: 71.95%, Best Valid: 76.17%, Best Test: 75.35%
Epoch: 600, Loss: 0.0054, Train: 81.38%, Valid: 73.08%, Test: 72.00%, Best Valid: 76.17%, Best Test: 75.35%
Epoch: 700, Loss: 0.0230, Train: 82.41%, Valid: 73.99%, Test: 72.28%, Best Valid: 76.17%, Best Test: 75.35%
Epoch: 800, Loss: 0.0028, Train: 81.55%, Valid: 73.55%, Test: 72.55%, Best Valid: 76.17%, Best Test: 75.35%
Epoch: 900, Loss: 0.0028, Train: 81.90%, Valid: 73.32%, Test: 71.99%, Best Valid: 76.17%, Best Test: 75.35%
Run 07:
Highest Train: 84.14
Highest Valid: 76.17
Highest Test: 75.35
Chosen epoch: 54
Final Train: 83.10
Final Test: 75.35
Label budget: 20/class -> 194 train nodes
Counting co-occurrence on train-train edges (leakage-free estimator)...
Count penalty frozen (96 train-train edges).
Epoch: 00, Loss: 6.3185, Train: 15.00%, Valid: 14.41%, Test: 14.11%, Best Valid: 14.41%, Best Test: 14.11%
Epoch: 100, Loss: 0.4095, Train: 79.66%, Valid: 72.53%, Test: 71.35%, Best Valid: 75.94%, Best Test: 74.62%
Epoch: 200, Loss: 0.1089, Train: 79.31%, Valid: 71.52%, Test: 70.09%, Best Valid: 75.94%, Best Test: 74.62%
Epoch: 300, Loss: 0.0710, Train: 77.07%, Valid: 70.63%, Test: 69.44%, Best Valid: 75.94%, Best Test: 74.62%
Epoch: 400, Loss: 0.0746, Train: 77.41%, Valid: 70.31%, Test: 69.75%, Best Valid: 75.94%, Best Test: 74.62%
Epoch: 500, Loss: 0.0200, Train: 79.83%, Valid: 72.13%, Test: 71.42%, Best Valid: 75.94%, Best Test: 74.62%
Epoch: 600, Loss: 0.0628, Train: 77.76%, Valid: 69.85%, Test: 69.27%, Best Valid: 75.94%, Best Test: 74.62%
Epoch: 700, Loss: 0.0311, Train: 78.10%, Valid: 71.07%, Test: 70.16%, Best Valid: 75.94%, Best Test: 74.62%
Epoch: 800, Loss: 0.0065, Train: 78.62%, Valid: 71.44%, Test: 70.09%, Best Valid: 75.94%, Best Test: 74.62%
Epoch: 900, Loss: 0.0017, Train: 77.59%, Valid: 70.65%, Test: 69.13%, Best Valid: 75.94%, Best Test: 74.62%
Run 08:
Highest Train: 81.72
Highest Valid: 75.94
Highest Test: 74.93
Chosen epoch: 52
Final Train: 79.14
Final Test: 74.62
Label budget: 20/class -> 194 train nodes
Counting co-occurrence on train-train edges (leakage-free estimator)...
Count penalty frozen (112 train-train edges).
Epoch: 00, Loss: 6.5554, Train: 22.93%, Valid: 21.44%, Test: 21.67%, Best Valid: 21.44%, Best Test: 21.67%
Epoch: 100, Loss: 0.2404, Train: 81.21%, Valid: 70.29%, Test: 69.39%, Best Valid: 72.13%, Best Test: 71.34%
Epoch: 200, Loss: 0.0667, Train: 81.55%, Valid: 70.61%, Test: 69.66%, Best Valid: 73.08%, Best Test: 72.14%
Epoch: 300, Loss: 0.0193, Train: 81.55%, Valid: 70.46%, Test: 69.92%, Best Valid: 73.23%, Best Test: 72.38%
Epoch: 400, Loss: 0.0154, Train: 83.28%, Valid: 72.07%, Test: 70.79%, Best Valid: 73.23%, Best Test: 72.38%
Epoch: 500, Loss: 0.0099, Train: 82.07%, Valid: 71.35%, Test: 70.22%, Best Valid: 73.23%, Best Test: 72.38%
Epoch: 600, Loss: 0.0370, Train: 83.10%, Valid: 70.27%, Test: 69.66%, Best Valid: 73.23%, Best Test: 72.38%
Epoch: 700, Loss: 0.0107, Train: 81.38%, Valid: 70.40%, Test: 69.30%, Best Valid: 73.23%, Best Test: 72.38%
Epoch: 800, Loss: 0.0045, Train: 82.93%, Valid: 72.43%, Test: 71.69%, Best Valid: 74.06%, Best Test: 73.63%
Epoch: 900, Loss: 0.0015, Train: 82.24%, Valid: 72.18%, Test: 71.46%, Best Valid: 74.06%, Best Test: 73.63%
Run 09:
Highest Train: 84.83
Highest Valid: 74.06
Highest Test: 73.63
Chosen epoch: 708
Final Train: 84.31
Final Test: 73.63
Label budget: 20/class -> 194 train nodes
Counting co-occurrence on train-train edges (leakage-free estimator)...
Count penalty frozen (158 train-train edges).
Epoch: 00, Loss: 6.4024, Train: 29.66%, Valid: 29.48%, Test: 29.59%, Best Valid: 29.48%, Best Test: 29.59%
Epoch: 100, Loss: 0.2579, Train: 80.17%, Valid: 73.89%, Test: 73.15%, Best Valid: 75.27%, Best Test: 74.04%
Epoch: 200, Loss: 0.0595, Train: 78.62%, Valid: 71.52%, Test: 71.08%, Best Valid: 75.27%, Best Test: 74.04%
Epoch: 300, Loss: 0.0419, Train: 79.48%, Valid: 71.50%, Test: 71.11%, Best Valid: 75.27%, Best Test: 74.04%
Epoch: 400, Loss: 0.0160, Train: 79.14%, Valid: 71.75%, Test: 71.16%, Best Valid: 75.27%, Best Test: 74.04%
Epoch: 500, Loss: 0.0075, Train: 78.45%, Valid: 72.11%, Test: 71.90%, Best Valid: 75.27%, Best Test: 74.04%
Epoch: 600, Loss: 0.0052, Train: 78.10%, Valid: 71.37%, Test: 70.53%, Best Valid: 75.27%, Best Test: 74.04%
Epoch: 700, Loss: 0.0203, Train: 78.97%, Valid: 71.52%, Test: 70.72%, Best Valid: 75.27%, Best Test: 74.04%
Epoch: 800, Loss: 0.0270, Train: 78.79%, Valid: 70.55%, Test: 70.10%, Best Valid: 75.27%, Best Test: 74.04%
Epoch: 900, Loss: 0.0031, Train: 79.66%, Valid: 71.44%, Test: 70.91%, Best Valid: 75.27%, Best Test: 74.04%
Run 10:
Highest Train: 80.86
Highest Valid: 75.27
Highest Test: 74.12
Chosen epoch: 52
Final Train: 78.62
Final Test: 74.04
All runs:
Highest Train: 82.16 ± 1.73
Highest Test: 73.42 ± 2.26
Highest Valid: 74.17 ± 2.27
  Final Train: 80.72 ± 2.15
   Final Test: 73.28 ± 2.26
Saving results to results/lowlabel/wikics/MPNN_gcn.csv
Low-label sweep completed.
Task 266 done.
