Sat Aug 15 22:34:37 2026       
+-----------------------------------------------------------------------------------------+
| NVIDIA-SMI 580.159.04             Driver Version: 580.159.04     CUDA Version: 13.0     |
+-----------------------------------------+------------------------+----------------------+
| GPU  Name                 Persistence-M | Bus-Id          Disp.A | Volatile Uncorr. ECC |
| Fan  Temp   Perf          Pwr:Usage/Cap |           Memory-Usage | GPU-Util  Compute M. |
|                                         |                        |               MIG M. |
|=========================================+========================+======================|
|   0  NVIDIA A100-SXM4-80GB          On  |   00000000:01:00.0 Off |                   On |
| N/A   58C    P0            300W /  500W |   30789MiB /  81920MiB |     N/A      Default |
|                                         |                        |              Enabled |
+-----------------------------------------+------------------------+----------------------+
|   1  NVIDIA A100-SXM4-80GB          On  |   00000000:41:00.0 Off |                   On |
| N/A   47C    P0            184W /  500W |   22969MiB /  81920MiB |     N/A      Default |
|                                         |                        |              Enabled |
+-----------------------------------------+------------------------+----------------------+
|   2  NVIDIA A100-SXM4-80GB          On  |   00000000:81:00.0 Off |                   On |
| N/A   57C    P0            259W /  500W |   12645MiB /  81920MiB |     N/A      Default |
|                                         |                        |              Enabled |
+-----------------------------------------+------------------------+----------------------+
|   3  NVIDIA A100-SXM4-80GB          On  |   00000000:C1:00.0 Off |                   On |
| N/A   35C    P0            140W /  500W |    9896MiB /  81920MiB |     N/A      Default |
|                                         |                        |              Enabled |
+-----------------------------------------+------------------------+----------------------+

+-----------------------------------------------------------------------------------------+
| MIG devices:                                                                            |
+------------------+----------------------------------+-----------+-----------------------+
| GPU  GI  CI  MIG |              Shared Memory-Usage |        Vol|        Shared         |
|      ID  ID  Dev |                Shared BAR1-Usage | SM     Unc| CE ENC  DEC  OFA  JPG |
|                  |                                  |        ECC|                       |
|==================+==================================+===========+=======================|
|  2    3   0   0  |              71MiB / 19968MiB    | 28      0 |  2   0    1    0    0 |
|                  |               0MiB / 12271MiB    |           |                       |
+------------------+----------------------------------+-----------+-----------------------+

+-----------------------------------------------------------------------------------------+
| Processes:                                                                              |
|  GPU   GI   CI              PID   Type   Process name                        GPU Memory |
|        ID   ID                                                               Usage      |
|=========================================================================================|
|    0   13    0          1181102      C   ...ware/symmetrix-env/bin/python        836MiB |
|    0   14    0          1181105      C   ...ware/symmetrix-env/bin/python       1196MiB |
|    0    5    0          1786586      C   python3                                9262MiB |
|    0    1    0          1790294      C   python                                19154MiB |
|    1   13    0          1181099      C   ...ware/symmetrix-env/bin/python       1528MiB |
|    1   14    0          1181106      C   ...ware/symmetrix-env/bin/python       2016MiB |
|    1    1    0          1790295      C   python                                19156MiB |
|    3   13    0          1181107      C   ...ware/symmetrix-env/bin/python       4172MiB |
|    3   14    0          1181108      C   ...ware/symmetrix-env/bin/python       5460MiB |
+-----------------------------------------------------------------------------------------+
Cell: roman-empire / polynormer / budget 50 per class / group 3
python main.py --model polynormer --dataset roman-empire --hidden_channels 64 --local_epochs 100 --global_epochs 2500 --lr 0.001 --runs 10 --local_layers 10 --global_layers 2 --weight_decay 0.0 --dropout 0.3 --global_dropout 0.5 --in_dropout 0.15 --num_heads 8 --beta 0.5 --save_model --device 0 --model_dir models/lowlabel_1178246_398 --train_per_class 50 --budget_tag 50
==========================================================
Low-label sweep: python main.py --model polynormer --dataset roman-empire --hidden_channels 64 --local_epochs 100 --global_epochs 2500 --lr 0.001 --runs 10 --local_layers 10 --global_layers 2 --weight_decay 0.0 --dropout 0.3 --global_dropout 0.5 --in_dropout 0.15 --num_heads 8 --beta 0.5 --save_model --device 0 --model_dir models/lowlabel_1178246_398 --train_per_class 50 --budget_tag 50
result_dir=../results/lowlabel conditions=[oracle]
==========================================================
--- oracle_reg | lambda=0.01 ---
Namespace(aggregate='add', alpha=0.5, attention='gcn', beta=0.5, bn=False, budget_tag='50', count_reg=False, count_smoothing=1.0, cpu=False, data_dir='../data/', dataset='roman-empire', device=0, dim_inner=64, display_step=100, dropout=0.3, epochs=500, global_dropout=0.5, global_epochs=2500, global_layers=2, gnn='gcn', graph_weight=0.8, hidden_channels=64, hops=10, in_dropout=0.15, jk=False, label_num_per_class=20, lambda_val=0.01, layers=1, ln=False, local_epochs=100, local_gnn_type='GCN', local_layers=10, lr=0.001, metric='acc', mlp_epochs=500, mlp_reg=False, model='polynormer', model_dir='models/lowlabel_1178246_398', n_heads=8, num_centroids=4096, num_heads=8, oracle_reg=True, paired_seeds=True, pe_types='RWSE', penalty_transform='none', pre_linear=False, pre_ln=False, rand_split=False, rand_split_class=False, reg_start_epoch=10, reg_update_freq=5, res=False, resample_split_per_run=False, result_dir='../results/lowlabel', runs=10, save_model=True, save_result=False, seed=42, test_num=1000, tr_dropout=None, tr_layers=1, tr_weight_decay=None, train_per_class=50, train_prop=0.5, use_act=False, use_bn=False, use_graph=False, use_reg=True, use_residual=False, use_weight=False, valid_num=500, valid_per_class=0, valid_prop=0.25, weight_decay=0.0)
roman-empire
dataset roman-empire | num nodes 22662 | num edge 32927 | num node feats 300 | num classes 18
MODEL: Polynormer(
  (h_lins): ModuleList(
    (0): Linear(in_features=512, out_features=512, bias=True)
    (1): Linear(in_features=512, out_features=512, bias=True)
    (2): Linear(in_features=512, out_features=512, bias=True)
    (3): Linear(in_features=512, out_features=512, bias=True)
    (4): Linear(in_features=512, out_features=512, bias=True)
    (5): Linear(in_features=512, out_features=512, bias=True)
    (6): Linear(in_features=512, out_features=512, bias=True)
    (7): Linear(in_features=512, out_features=512, bias=True)
    (8): Linear(in_features=512, out_features=512, bias=True)
    (9): Linear(in_features=512, out_features=512, bias=True)
  )
  (local_convs): ModuleList(
    (0): GATConv(512, 64, heads=8)
    (1): GATConv(512, 64, heads=8)
    (2): GATConv(512, 64, heads=8)
    (3): GATConv(512, 64, heads=8)
    (4): GATConv(512, 64, heads=8)
    (5): GATConv(512, 64, heads=8)
    (6): GATConv(512, 64, heads=8)
    (7): GATConv(512, 64, heads=8)
    (8): GATConv(512, 64, heads=8)
    (9): GATConv(512, 64, heads=8)
  )
  (lins): ModuleList(
    (0): Linear(in_features=512, out_features=512, bias=True)
    (1): Linear(in_features=512, out_features=512, bias=True)
    (2): Linear(in_features=512, out_features=512, bias=True)
    (3): Linear(in_features=512, out_features=512, bias=True)
    (4): Linear(in_features=512, out_features=512, bias=True)
    (5): Linear(in_features=512, out_features=512, bias=True)
    (6): Linear(in_features=512, out_features=512, bias=True)
    (7): Linear(in_features=512, out_features=512, bias=True)
    (8): Linear(in_features=512, out_features=512, bias=True)
    (9): Linear(in_features=512, out_features=512, bias=True)
  )
  (lns): ModuleList(
    (0): LayerNorm((512,), eps=1e-05, elementwise_affine=True)
    (1): LayerNorm((512,), eps=1e-05, elementwise_affine=True)
    (2): LayerNorm((512,), eps=1e-05, elementwise_affine=True)
    (3): LayerNorm((512,), eps=1e-05, elementwise_affine=True)
    (4): LayerNorm((512,), eps=1e-05, elementwise_affine=True)
    (5): LayerNorm((512,), eps=1e-05, elementwise_affine=True)
    (6): LayerNorm((512,), eps=1e-05, elementwise_affine=True)
    (7): LayerNorm((512,), eps=1e-05, elementwise_affine=True)
    (8): LayerNorm((512,), eps=1e-05, elementwise_affine=True)
    (9): LayerNorm((512,), eps=1e-05, elementwise_affine=True)
  )
  (lin_in): Linear(in_features=300, out_features=512, bias=True)
  (ln): LayerNorm((512,), eps=1e-05, elementwise_affine=True)
  (global_attn): GlobalAttn(
    (h_lins): ModuleList(
      (0): Linear(in_features=512, out_features=512, bias=True)
      (1): Linear(in_features=512, out_features=512, bias=True)
    )
    (k_lins): ModuleList(
      (0): Linear(in_features=512, out_features=512, bias=True)
      (1): Linear(in_features=512, out_features=512, bias=True)
    )
    (v_lins): ModuleList(
      (0): Linear(in_features=512, out_features=512, bias=True)
      (1): Linear(in_features=512, out_features=512, bias=True)
    )
    (lns): ModuleList(
      (0): LayerNorm((512,), eps=1e-05, elementwise_affine=True)
      (1): LayerNorm((512,), eps=1e-05, elementwise_affine=True)
    )
    (lin_out): Linear(in_features=512, out_features=512, bias=True)
  )
  (pred_local): Linear(in_features=512, out_features=18, bias=True)
  (pred_global): Linear(in_features=512, out_features=18, bias=True)
)
Label budget: 50/class -> 900 train nodes
Computing oracle penalty matrix from true labels...
Oracle penalty matrix frozen.
Epoch: 00, Loss: 3.6256, Train: 6.20%, Valid: 6.41%, Test: 6.28%, Best Valid: 6.41%, Best Test: 6.28%
Switching Polynormer to global attention phase.
Epoch: 100, Loss: 2.9368, Train: 12.43%, Valid: 12.06%, Test: 12.28%, Best Valid: 65.83%, Best Test: 64.60%
Epoch: 200, Loss: 0.0530, Train: 66.57%, Valid: 64.22%, Test: 62.99%, Best Valid: 65.83%, Best Test: 64.60%
Epoch: 300, Loss: 0.0373, Train: 67.40%, Valid: 64.29%, Test: 63.27%, Best Valid: 66.23%, Best Test: 65.57%
Epoch: 400, Loss: 0.0274, Train: 67.48%, Valid: 63.72%, Test: 63.70%, Best Valid: 66.23%, Best Test: 65.57%
Epoch: 500, Loss: 0.0106, Train: 67.81%, Valid: 64.34%, Test: 64.56%, Best Valid: 66.23%, Best Test: 65.57%
Epoch: 600, Loss: 0.0091, Train: 68.41%, Valid: 65.38%, Test: 64.77%, Best Valid: 66.23%, Best Test: 65.57%
Epoch: 700, Loss: 0.0168, Train: 67.46%, Valid: 64.55%, Test: 64.07%, Best Valid: 66.55%, Best Test: 65.53%
Epoch: 800, Loss: 0.0109, Train: 67.28%, Valid: 63.55%, Test: 63.71%, Best Valid: 66.80%, Best Test: 66.41%
Epoch: 900, Loss: 0.0140, Train: 68.15%, Valid: 64.82%, Test: 64.81%, Best Valid: 66.80%, Best Test: 66.41%
Epoch: 1000, Loss: 0.0071, Train: 68.84%, Valid: 66.14%, Test: 65.25%, Best Valid: 66.99%, Best Test: 66.29%
Epoch: 1100, Loss: 0.0095, Train: 67.89%, Valid: 64.59%, Test: 64.26%, Best Valid: 67.08%, Best Test: 65.94%
Epoch: 1200, Loss: 0.0067, Train: 69.38%, Valid: 66.71%, Test: 66.78%, Best Valid: 67.08%, Best Test: 65.94%
Epoch: 1300, Loss: 0.0084, Train: 67.99%, Valid: 65.08%, Test: 65.00%, Best Valid: 67.08%, Best Test: 65.94%
Epoch: 1400, Loss: 0.0158, Train: 68.11%, Valid: 65.21%, Test: 64.35%, Best Valid: 67.08%, Best Test: 65.94%
Epoch: 1500, Loss: 0.0025, Train: 69.65%, Valid: 66.73%, Test: 66.20%, Best Valid: 67.08%, Best Test: 65.94%
Epoch: 1600, Loss: 0.0192, Train: 67.75%, Valid: 64.29%, Test: 64.53%, Best Valid: 67.26%, Best Test: 66.94%
Epoch: 1700, Loss: 0.0137, Train: 69.94%, Valid: 66.55%, Test: 66.45%, Best Valid: 67.26%, Best Test: 66.94%
Epoch: 1800, Loss: 0.0063, Train: 66.92%, Valid: 63.41%, Test: 62.97%, Best Valid: 67.26%, Best Test: 66.94%
Epoch: 1900, Loss: 0.0023, Train: 69.05%, Valid: 65.77%, Test: 65.73%, Best Valid: 67.26%, Best Test: 66.94%
Epoch: 2000, Loss: 0.0079, Train: 68.33%, Valid: 65.30%, Test: 65.32%, Best Valid: 67.26%, Best Test: 66.94%
Epoch: 2100, Loss: 0.0114, Train: 69.24%, Valid: 65.90%, Test: 65.87%, Best Valid: 67.26%, Best Test: 66.94%
Epoch: 2200, Loss: 0.0171, Train: 67.89%, Valid: 65.47%, Test: 64.86%, Best Valid: 67.26%, Best Test: 66.94%
Epoch: 2300, Loss: 0.0048, Train: 67.84%, Valid: 65.14%, Test: 65.04%, Best Valid: 67.36%, Best Test: 66.89%
Epoch: 2400, Loss: 0.0006, Train: 69.76%, Valid: 66.95%, Test: 66.25%, Best Valid: 67.36%, Best Test: 66.89%
Epoch: 2500, Loss: 0.0022, Train: 68.74%, Valid: 65.08%, Test: 64.98%, Best Valid: 67.38%, Best Test: 67.12%
Run 01:
Highest Train: 70.44
Highest Valid: 67.38
Highest Test: 67.49
Chosen epoch: 2440
Final Train: 70.25
Final Test: 67.12
Label budget: 50/class -> 900 train nodes
Computing oracle penalty matrix from true labels...
Oracle penalty matrix frozen.
Epoch: 00, Loss: 3.5647, Train: 7.89%, Valid: 7.89%, Test: 8.14%, Best Valid: 7.89%, Best Test: 8.14%
Switching Polynormer to global attention phase.
Epoch: 100, Loss: 2.9383, Train: 3.30%, Valid: 3.04%, Test: 2.97%, Best Valid: 65.19%, Best Test: 65.41%
Epoch: 200, Loss: 0.0343, Train: 67.72%, Valid: 65.21%, Test: 65.88%, Best Valid: 66.14%, Best Test: 65.94%
Epoch: 300, Loss: 0.0266, Train: 68.26%, Valid: 66.28%, Test: 65.85%, Best Valid: 66.80%, Best Test: 66.40%
Epoch: 400, Loss: 0.0296, Train: 67.75%, Valid: 65.77%, Test: 65.32%, Best Valid: 67.36%, Best Test: 66.82%
Epoch: 500, Loss: 0.0072, Train: 67.94%, Valid: 66.64%, Test: 65.78%, Best Valid: 67.36%, Best Test: 66.82%
Epoch: 600, Loss: 0.0034, Train: 67.69%, Valid: 65.28%, Test: 65.09%, Best Valid: 67.36%, Best Test: 66.82%
Epoch: 700, Loss: 0.0210, Train: 67.61%, Valid: 66.05%, Test: 65.20%, Best Valid: 67.73%, Best Test: 67.08%
Epoch: 800, Loss: 0.0118, Train: 67.83%, Valid: 65.88%, Test: 65.32%, Best Valid: 67.73%, Best Test: 67.08%
Epoch: 900, Loss: 0.0110, Train: 67.60%, Valid: 65.86%, Test: 65.44%, Best Valid: 67.73%, Best Test: 67.08%
Epoch: 1000, Loss: 0.0084, Train: 68.21%, Valid: 65.95%, Test: 65.99%, Best Valid: 67.73%, Best Test: 67.08%
Epoch: 1100, Loss: 0.0014, Train: 69.34%, Valid: 67.43%, Test: 67.08%, Best Valid: 67.73%, Best Test: 67.08%
Epoch: 1200, Loss: 0.0004, Train: 68.90%, Valid: 66.25%, Test: 66.77%, Best Valid: 67.73%, Best Test: 67.08%
Epoch: 1300, Loss: 0.0064, Train: 67.53%, Valid: 65.30%, Test: 65.62%, Best Valid: 67.73%, Best Test: 67.08%
Epoch: 1400, Loss: 0.0153, Train: 67.97%, Valid: 66.18%, Test: 65.71%, Best Valid: 67.73%, Best Test: 67.08%
Epoch: 1500, Loss: 0.0329, Train: 70.06%, Valid: 67.89%, Test: 68.34%, Best Valid: 67.89%, Best Test: 68.34%
Epoch: 1600, Loss: 0.0046, Train: 68.63%, Valid: 66.78%, Test: 66.68%, Best Valid: 68.01%, Best Test: 67.30%
Epoch: 1700, Loss: 0.0129, Train: 68.05%, Valid: 65.91%, Test: 65.83%, Best Valid: 68.14%, Best Test: 67.10%
Epoch: 1800, Loss: 0.0173, Train: 67.93%, Valid: 65.23%, Test: 65.60%, Best Valid: 68.14%, Best Test: 67.10%
Epoch: 1900, Loss: 0.0147, Train: 67.81%, Valid: 65.35%, Test: 65.80%, Best Valid: 68.14%, Best Test: 67.10%
Epoch: 2000, Loss: 0.0205, Train: 67.50%, Valid: 65.54%, Test: 64.84%, Best Valid: 68.14%, Best Test: 67.10%
Epoch: 2100, Loss: 0.0080, Train: 68.61%, Valid: 66.73%, Test: 66.64%, Best Valid: 68.14%, Best Test: 67.10%
Epoch: 2200, Loss: 0.0003, Train: 68.16%, Valid: 66.81%, Test: 65.85%, Best Valid: 68.14%, Best Test: 67.10%
Epoch: 2300, Loss: 0.0024, Train: 68.03%, Valid: 66.92%, Test: 66.54%, Best Valid: 68.56%, Best Test: 67.79%
Epoch: 2400, Loss: 0.0115, Train: 66.85%, Valid: 65.21%, Test: 65.07%, Best Valid: 68.56%, Best Test: 67.79%
Epoch: 2500, Loss: 0.0062, Train: 67.39%, Valid: 65.56%, Test: 66.04%, Best Valid: 68.56%, Best Test: 67.79%
Run 02:
Highest Train: 70.24
Highest Valid: 68.56
Highest Test: 68.34
Chosen epoch: 2256
Final Train: 70.24
Final Test: 67.79
Label budget: 50/class -> 900 train nodes
Computing oracle penalty matrix from true labels...
Oracle penalty matrix frozen.
Epoch: 00, Loss: 3.5482, Train: 8.39%, Valid: 8.60%, Test: 8.03%, Best Valid: 8.60%, Best Test: 8.03%
Switching Polynormer to global attention phase.
Epoch: 100, Loss: 2.9299, Train: 2.26%, Valid: 2.33%, Test: 2.21%, Best Valid: 64.98%, Best Test: 64.49%
Epoch: 200, Loss: 0.0437, Train: 66.53%, Valid: 64.06%, Test: 63.71%, Best Valid: 65.17%, Best Test: 64.58%
Epoch: 300, Loss: 0.0210, Train: 66.93%, Valid: 64.20%, Test: 63.82%, Best Valid: 66.71%, Best Test: 65.90%
Epoch: 400, Loss: 0.0082, Train: 66.67%, Valid: 64.34%, Test: 63.78%, Best Valid: 66.71%, Best Test: 65.90%
Epoch: 500, Loss: 0.0202, Train: 67.62%, Valid: 64.48%, Test: 64.17%, Best Valid: 66.71%, Best Test: 65.90%
Epoch: 600, Loss: 0.0030, Train: 66.03%, Valid: 63.09%, Test: 63.03%, Best Valid: 66.71%, Best Test: 65.90%
Epoch: 700, Loss: 0.0030, Train: 67.55%, Valid: 65.44%, Test: 63.84%, Best Valid: 66.71%, Best Test: 65.90%
Epoch: 800, Loss: 0.0249, Train: 66.08%, Valid: 63.42%, Test: 63.45%, Best Valid: 66.71%, Best Test: 65.90%
Epoch: 900, Loss: 0.0087, Train: 66.98%, Valid: 64.80%, Test: 64.84%, Best Valid: 66.71%, Best Test: 65.90%
Epoch: 1000, Loss: 0.0060, Train: 66.90%, Valid: 63.99%, Test: 64.75%, Best Valid: 66.71%, Best Test: 65.90%
Epoch: 1100, Loss: 0.0169, Train: 68.45%, Valid: 65.83%, Test: 65.69%, Best Valid: 66.71%, Best Test: 65.90%
Epoch: 1200, Loss: 0.0061, Train: 67.85%, Valid: 64.78%, Test: 64.74%, Best Valid: 66.71%, Best Test: 65.90%
Epoch: 1300, Loss: 0.0119, Train: 66.94%, Valid: 64.54%, Test: 64.38%, Best Valid: 66.71%, Best Test: 65.90%
Epoch: 1400, Loss: 0.0030, Train: 67.78%, Valid: 65.19%, Test: 65.65%, Best Valid: 66.71%, Best Test: 65.90%
Epoch: 1500, Loss: 0.0093, Train: 65.70%, Valid: 63.28%, Test: 62.28%, Best Valid: 66.71%, Best Test: 65.90%
Epoch: 1600, Loss: 0.0010, Train: 67.10%, Valid: 64.75%, Test: 64.45%, Best Valid: 66.71%, Best Test: 65.90%
Epoch: 1700, Loss: 0.0004, Train: 68.10%, Valid: 65.15%, Test: 65.48%, Best Valid: 67.08%, Best Test: 66.33%
Epoch: 1800, Loss: 0.0108, Train: 69.10%, Valid: 67.11%, Test: 66.77%, Best Valid: 67.11%, Best Test: 66.77%
Epoch: 1900, Loss: 0.0229, Train: 68.03%, Valid: 65.37%, Test: 65.64%, Best Valid: 67.27%, Best Test: 66.73%
Epoch: 2000, Loss: 0.0146, Train: 67.69%, Valid: 65.35%, Test: 64.74%, Best Valid: 67.27%, Best Test: 66.73%
Epoch: 2100, Loss: 0.0011, Train: 67.45%, Valid: 65.05%, Test: 65.30%, Best Valid: 67.27%, Best Test: 66.73%
Epoch: 2200, Loss: 0.0005, Train: 65.87%, Valid: 63.55%, Test: 63.01%, Best Valid: 67.27%, Best Test: 66.73%
Epoch: 2300, Loss: 0.0185, Train: 66.67%, Valid: 64.41%, Test: 63.84%, Best Valid: 67.27%, Best Test: 66.73%
Epoch: 2400, Loss: 0.0245, Train: 66.63%, Valid: 64.08%, Test: 63.98%, Best Valid: 67.27%, Best Test: 66.73%
Epoch: 2500, Loss: 0.0318, Train: 66.78%, Valid: 63.57%, Test: 63.84%, Best Valid: 67.27%, Best Test: 66.73%
Run 03:
Highest Train: 69.56
Highest Valid: 67.27
Highest Test: 66.87
Chosen epoch: 1801
Final Train: 69.26
Final Test: 66.73
Label budget: 50/class -> 900 train nodes
Computing oracle penalty matrix from true labels...
Oracle penalty matrix frozen.
Epoch: 00, Loss: 3.7050, Train: 5.55%, Valid: 5.54%, Test: 4.96%, Best Valid: 5.54%, Best Test: 4.96%
Switching Polynormer to global attention phase.
Epoch: 100, Loss: 2.9396, Train: 4.60%, Valid: 4.66%, Test: 4.71%, Best Valid: 66.94%, Best Test: 67.33%
Epoch: 200, Loss: 0.0594, Train: 68.09%, Valid: 66.02%, Test: 67.03%, Best Valid: 67.36%, Best Test: 67.68%
Epoch: 300, Loss: 0.0255, Train: 68.44%, Valid: 67.03%, Test: 67.77%, Best Valid: 68.49%, Best Test: 68.85%
Epoch: 400, Loss: 0.0292, Train: 68.79%, Valid: 67.22%, Test: 67.63%, Best Valid: 68.49%, Best Test: 68.85%
Epoch: 500, Loss: 0.0104, Train: 68.24%, Valid: 66.23%, Test: 67.24%, Best Valid: 68.74%, Best Test: 69.06%
Epoch: 600, Loss: 0.0171, Train: 68.80%, Valid: 67.01%, Test: 68.14%, Best Valid: 68.74%, Best Test: 69.06%
Epoch: 700, Loss: 0.0128, Train: 67.83%, Valid: 65.58%, Test: 66.71%, Best Valid: 68.74%, Best Test: 69.06%
Epoch: 800, Loss: 0.0024, Train: 67.83%, Valid: 66.21%, Test: 67.45%, Best Valid: 68.74%, Best Test: 69.06%
Epoch: 900, Loss: 0.0158, Train: 67.76%, Valid: 65.81%, Test: 66.82%, Best Valid: 68.74%, Best Test: 69.06%
Epoch: 1000, Loss: 0.0115, Train: 67.39%, Valid: 65.35%, Test: 66.38%, Best Valid: 68.74%, Best Test: 69.06%
Epoch: 1100, Loss: 0.0040, Train: 69.48%, Valid: 67.87%, Test: 68.76%, Best Valid: 68.74%, Best Test: 69.06%
Epoch: 1200, Loss: 0.0074, Train: 68.64%, Valid: 66.92%, Test: 67.31%, Best Valid: 68.74%, Best Test: 69.06%
Epoch: 1300, Loss: 0.0052, Train: 68.69%, Valid: 66.78%, Test: 67.77%, Best Valid: 68.74%, Best Test: 69.06%
Epoch: 1400, Loss: 0.0066, Train: 70.34%, Valid: 68.91%, Test: 69.57%, Best Valid: 68.91%, Best Test: 69.57%
Epoch: 1500, Loss: 0.0044, Train: 68.58%, Valid: 67.50%, Test: 67.98%, Best Valid: 68.91%, Best Test: 69.57%
Epoch: 1600, Loss: 0.0135, Train: 69.15%, Valid: 67.78%, Test: 68.09%, Best Valid: 68.91%, Best Test: 69.57%
Epoch: 1700, Loss: 0.0006, Train: 68.11%, Valid: 67.52%, Test: 68.32%, Best Valid: 68.91%, Best Test: 69.57%
Epoch: 1800, Loss: 0.0202, Train: 67.77%, Valid: 66.16%, Test: 66.82%, Best Valid: 68.91%, Best Test: 69.57%
Epoch: 1900, Loss: 0.0021, Train: 68.32%, Valid: 66.65%, Test: 67.76%, Best Valid: 68.91%, Best Test: 69.57%
Epoch: 2000, Loss: 0.0129, Train: 67.90%, Valid: 65.54%, Test: 66.18%, Best Valid: 68.91%, Best Test: 69.57%
Epoch: 2100, Loss: 0.0019, Train: 68.73%, Valid: 66.51%, Test: 67.33%, Best Valid: 68.91%, Best Test: 69.57%
Epoch: 2200, Loss: 0.0106, Train: 68.93%, Valid: 66.95%, Test: 67.45%, Best Valid: 68.91%, Best Test: 69.57%
Epoch: 2300, Loss: 0.0177, Train: 69.68%, Valid: 67.96%, Test: 68.51%, Best Valid: 68.91%, Best Test: 69.57%
Epoch: 2400, Loss: 0.0096, Train: 69.35%, Valid: 67.96%, Test: 68.48%, Best Valid: 68.91%, Best Test: 69.57%
Epoch: 2500, Loss: 0.0217, Train: 69.26%, Valid: 68.40%, Test: 68.21%, Best Valid: 69.23%, Best Test: 69.38%
Run 04:
Highest Train: 70.60
Highest Valid: 69.23
Highest Test: 69.78
Chosen epoch: 2423
Final Train: 70.60
Final Test: 69.38
Label budget: 50/class -> 900 train nodes
Computing oracle penalty matrix from true labels...
Oracle penalty matrix frozen.
Epoch: 00, Loss: 3.6884, Train: 6.28%, Valid: 6.41%, Test: 6.51%, Best Valid: 6.41%, Best Test: 6.51%
Switching Polynormer to global attention phase.
Epoch: 100, Loss: 2.9256, Train: 7.87%, Valid: 7.87%, Test: 7.96%, Best Valid: 67.18%, Best Test: 66.50%
Epoch: 200, Loss: 0.0402, Train: 68.91%, Valid: 66.20%, Test: 66.91%, Best Valid: 67.18%, Best Test: 66.50%
Epoch: 300, Loss: 0.0289, Train: 69.02%, Valid: 66.80%, Test: 66.47%, Best Valid: 67.38%, Best Test: 67.23%
Epoch: 400, Loss: 0.0238, Train: 69.48%, Valid: 66.74%, Test: 68.06%, Best Valid: 67.73%, Best Test: 67.56%
Epoch: 500, Loss: 0.0087, Train: 67.84%, Valid: 64.96%, Test: 65.81%, Best Valid: 67.73%, Best Test: 67.56%
Epoch: 600, Loss: 0.0120, Train: 69.74%, Valid: 67.10%, Test: 66.94%, Best Valid: 67.73%, Best Test: 67.56%
Epoch: 700, Loss: 0.0187, Train: 69.68%, Valid: 67.59%, Test: 67.95%, Best Valid: 68.12%, Best Test: 68.66%
Epoch: 800, Loss: 0.0201, Train: 69.88%, Valid: 67.03%, Test: 67.79%, Best Valid: 68.12%, Best Test: 68.66%
Epoch: 900, Loss: 0.0263, Train: 69.70%, Valid: 66.64%, Test: 67.93%, Best Valid: 68.12%, Best Test: 68.66%
Epoch: 1000, Loss: 0.0146, Train: 68.40%, Valid: 65.84%, Test: 66.45%, Best Valid: 68.12%, Best Test: 68.66%
Epoch: 1100, Loss: 0.0074, Train: 70.35%, Valid: 67.63%, Test: 67.93%, Best Valid: 68.12%, Best Test: 68.66%
Epoch: 1200, Loss: 0.0109, Train: 69.34%, Valid: 66.69%, Test: 67.19%, Best Valid: 68.68%, Best Test: 69.18%
Epoch: 1300, Loss: 0.0010, Train: 70.11%, Valid: 66.92%, Test: 68.32%, Best Valid: 68.68%, Best Test: 69.18%
Epoch: 1400, Loss: 0.0118, Train: 69.43%, Valid: 66.28%, Test: 67.26%, Best Valid: 68.68%, Best Test: 69.18%
Epoch: 1500, Loss: 0.0141, Train: 67.53%, Valid: 65.08%, Test: 65.65%, Best Valid: 68.74%, Best Test: 68.51%
Epoch: 1600, Loss: 0.0022, Train: 67.66%, Valid: 65.12%, Test: 65.83%, Best Valid: 68.74%, Best Test: 68.51%
Epoch: 1700, Loss: 0.0063, Train: 69.88%, Valid: 66.73%, Test: 67.30%, Best Valid: 68.74%, Best Test: 68.51%
Epoch: 1800, Loss: 0.0035, Train: 70.05%, Valid: 67.73%, Test: 67.68%, Best Valid: 68.74%, Best Test: 68.51%
Epoch: 1900, Loss: 0.0105, Train: 70.51%, Valid: 67.77%, Test: 67.83%, Best Valid: 68.74%, Best Test: 68.51%
Epoch: 2000, Loss: 0.0191, Train: 69.76%, Valid: 66.57%, Test: 67.31%, Best Valid: 68.74%, Best Test: 68.51%
Epoch: 2100, Loss: 0.0249, Train: 69.88%, Valid: 67.43%, Test: 67.21%, Best Valid: 68.95%, Best Test: 68.99%
Epoch: 2200, Loss: 0.0001, Train: 70.66%, Valid: 68.65%, Test: 68.25%, Best Valid: 68.95%, Best Test: 68.99%
Epoch: 2300, Loss: 0.0039, Train: 69.40%, Valid: 66.35%, Test: 67.15%, Best Valid: 68.95%, Best Test: 68.99%
Epoch: 2400, Loss: 0.0141, Train: 68.37%, Valid: 66.23%, Test: 65.69%, Best Valid: 68.95%, Best Test: 68.99%
Epoch: 2500, Loss: 0.0052, Train: 70.04%, Valid: 67.34%, Test: 66.96%, Best Valid: 68.95%, Best Test: 68.99%
Run 05:
Highest Train: 71.79
Highest Valid: 68.95
Highest Test: 69.34
Chosen epoch: 2040
Final Train: 71.36
Final Test: 68.99
Label budget: 50/class -> 900 train nodes
Computing oracle penalty matrix from true labels...
Oracle penalty matrix frozen.
Epoch: 00, Loss: 3.6715, Train: 10.60%, Valid: 10.27%, Test: 10.20%, Best Valid: 10.27%, Best Test: 10.20%
Switching Polynormer to global attention phase.
Epoch: 100, Loss: 2.9320, Train: 12.44%, Valid: 12.62%, Test: 12.25%, Best Valid: 63.81%, Best Test: 65.51%
Epoch: 200, Loss: 0.0413, Train: 68.47%, Valid: 64.59%, Test: 66.45%, Best Valid: 66.14%, Best Test: 66.75%
Epoch: 300, Loss: 0.0195, Train: 67.89%, Valid: 65.81%, Test: 65.87%, Best Valid: 66.41%, Best Test: 67.12%
Epoch: 400, Loss: 0.0092, Train: 67.69%, Valid: 64.61%, Test: 65.65%, Best Valid: 66.41%, Best Test: 67.12%
Epoch: 500, Loss: 0.0150, Train: 67.96%, Valid: 64.98%, Test: 66.04%, Best Valid: 66.58%, Best Test: 66.80%
Epoch: 600, Loss: 0.0054, Train: 67.62%, Valid: 65.15%, Test: 66.15%, Best Valid: 66.74%, Best Test: 67.24%
Epoch: 700, Loss: 0.0136, Train: 67.51%, Valid: 64.62%, Test: 65.73%, Best Valid: 66.95%, Best Test: 67.65%
Epoch: 800, Loss: 0.0221, Train: 69.44%, Valid: 66.34%, Test: 67.19%, Best Valid: 66.95%, Best Test: 67.65%
Epoch: 900, Loss: 0.0086, Train: 67.90%, Valid: 65.03%, Test: 66.11%, Best Valid: 66.95%, Best Test: 67.65%
Epoch: 1000, Loss: 0.0086, Train: 69.12%, Valid: 66.14%, Test: 67.47%, Best Valid: 67.48%, Best Test: 68.32%
Epoch: 1100, Loss: 0.0055, Train: 68.77%, Valid: 66.07%, Test: 67.08%, Best Valid: 67.48%, Best Test: 68.32%
Epoch: 1200, Loss: 0.0030, Train: 69.48%, Valid: 66.18%, Test: 67.56%, Best Valid: 68.31%, Best Test: 68.74%
Epoch: 1300, Loss: 0.0019, Train: 66.50%, Valid: 63.55%, Test: 64.95%, Best Valid: 68.31%, Best Test: 68.74%
Epoch: 1400, Loss: 0.0106, Train: 69.80%, Valid: 67.31%, Test: 68.58%, Best Valid: 68.31%, Best Test: 68.74%
Epoch: 1500, Loss: 0.0155, Train: 68.50%, Valid: 65.49%, Test: 66.43%, Best Valid: 68.31%, Best Test: 68.74%
Epoch: 1600, Loss: 0.0309, Train: 69.42%, Valid: 66.00%, Test: 67.17%, Best Valid: 68.31%, Best Test: 68.74%
Epoch: 1700, Loss: 0.0159, Train: 68.36%, Valid: 65.44%, Test: 66.31%, Best Valid: 68.31%, Best Test: 68.74%
Epoch: 1800, Loss: 0.0094, Train: 68.69%, Valid: 65.51%, Test: 67.31%, Best Valid: 68.31%, Best Test: 68.74%
Epoch: 1900, Loss: 0.0055, Train: 69.44%, Valid: 66.58%, Test: 67.63%, Best Valid: 68.31%, Best Test: 68.74%
Epoch: 2000, Loss: 0.0055, Train: 69.33%, Valid: 66.94%, Test: 67.76%, Best Valid: 68.31%, Best Test: 68.74%
Epoch: 2100, Loss: 0.0204, Train: 68.57%, Valid: 65.97%, Test: 66.71%, Best Valid: 68.31%, Best Test: 68.74%
Epoch: 2200, Loss: 0.0016, Train: 68.24%, Valid: 65.19%, Test: 66.06%, Best Valid: 68.31%, Best Test: 68.74%
Epoch: 2300, Loss: 0.0061, Train: 69.06%, Valid: 66.60%, Test: 66.98%, Best Valid: 68.31%, Best Test: 68.74%
Epoch: 2400, Loss: 0.0049, Train: 68.69%, Valid: 66.23%, Test: 66.87%, Best Valid: 68.31%, Best Test: 68.74%
Epoch: 2500, Loss: 0.0004, Train: 68.19%, Valid: 65.61%, Test: 66.68%, Best Valid: 68.31%, Best Test: 68.74%
Run 06:
Highest Train: 71.09
Highest Valid: 68.31
Highest Test: 68.99
Chosen epoch: 1120
Final Train: 70.98
Final Test: 68.74
Label budget: 50/class -> 900 train nodes
Computing oracle penalty matrix from true labels...
Oracle penalty matrix frozen.
Epoch: 00, Loss: 3.6482, Train: 6.36%, Valid: 6.02%, Test: 6.16%, Best Valid: 6.02%, Best Test: 6.16%
Switching Polynormer to global attention phase.
Epoch: 100, Loss: 2.9335, Train: 16.88%, Valid: 16.66%, Test: 16.59%, Best Valid: 66.39%, Best Test: 66.41%
Epoch: 200, Loss: 0.0292, Train: 68.09%, Valid: 65.17%, Test: 65.76%, Best Valid: 67.75%, Best Test: 67.51%
Epoch: 300, Loss: 0.0094, Train: 69.59%, Valid: 66.39%, Test: 66.80%, Best Valid: 67.75%, Best Test: 67.51%
Epoch: 400, Loss: 0.0059, Train: 68.91%, Valid: 65.97%, Test: 66.22%, Best Valid: 68.17%, Best Test: 68.36%
Epoch: 500, Loss: 0.0088, Train: 69.28%, Valid: 66.62%, Test: 66.45%, Best Valid: 68.17%, Best Test: 68.36%
Epoch: 600, Loss: 0.0091, Train: 68.83%, Valid: 65.81%, Test: 66.10%, Best Valid: 68.26%, Best Test: 68.04%
Epoch: 700, Loss: 0.0085, Train: 68.70%, Valid: 65.74%, Test: 66.27%, Best Valid: 68.26%, Best Test: 68.04%
Epoch: 800, Loss: 0.0113, Train: 68.70%, Valid: 65.38%, Test: 66.20%, Best Valid: 68.38%, Best Test: 68.88%
Epoch: 900, Loss: 0.0069, Train: 67.71%, Valid: 64.75%, Test: 64.45%, Best Valid: 68.38%, Best Test: 68.88%
Epoch: 1000, Loss: 0.0108, Train: 69.60%, Valid: 66.60%, Test: 66.61%, Best Valid: 68.38%, Best Test: 68.88%
Epoch: 1100, Loss: 0.0168, Train: 69.21%, Valid: 66.57%, Test: 66.36%, Best Valid: 68.38%, Best Test: 68.88%
Epoch: 1200, Loss: 0.0125, Train: 68.97%, Valid: 66.30%, Test: 66.85%, Best Valid: 68.38%, Best Test: 68.88%
Epoch: 1300, Loss: 0.0037, Train: 70.55%, Valid: 67.59%, Test: 68.16%, Best Valid: 68.46%, Best Test: 69.03%
Epoch: 1400, Loss: 0.0013, Train: 68.20%, Valid: 65.60%, Test: 66.04%, Best Valid: 68.46%, Best Test: 69.03%
Epoch: 1500, Loss: 0.0032, Train: 68.69%, Valid: 65.35%, Test: 66.18%, Best Valid: 68.46%, Best Test: 69.03%
Epoch: 1600, Loss: 0.0052, Train: 67.70%, Valid: 64.61%, Test: 65.44%, Best Valid: 68.46%, Best Test: 69.03%
Epoch: 1700, Loss: 0.0186, Train: 69.58%, Valid: 66.69%, Test: 67.19%, Best Valid: 68.46%, Best Test: 69.03%
Epoch: 1800, Loss: 0.0096, Train: 67.66%, Valid: 64.68%, Test: 64.83%, Best Valid: 68.46%, Best Test: 69.03%
Epoch: 1900, Loss: 0.0089, Train: 67.96%, Valid: 64.77%, Test: 65.37%, Best Valid: 68.46%, Best Test: 69.03%
Epoch: 2000, Loss: 0.0027, Train: 70.03%, Valid: 67.33%, Test: 67.91%, Best Valid: 68.46%, Best Test: 69.03%
Epoch: 2100, Loss: 0.0002, Train: 70.46%, Valid: 67.71%, Test: 68.58%, Best Valid: 68.46%, Best Test: 69.03%
Epoch: 2200, Loss: 0.0004, Train: 70.06%, Valid: 67.26%, Test: 67.30%, Best Valid: 69.59%, Best Test: 68.88%
Epoch: 2300, Loss: 0.0260, Train: 67.05%, Valid: 64.55%, Test: 64.60%, Best Valid: 69.59%, Best Test: 68.88%
Epoch: 2400, Loss: 0.0131, Train: 70.13%, Valid: 67.29%, Test: 67.49%, Best Valid: 69.59%, Best Test: 68.88%
Epoch: 2500, Loss: 0.0267, Train: 69.38%, Valid: 66.65%, Test: 66.84%, Best Valid: 69.59%, Best Test: 68.88%
Run 07:
Highest Train: 71.96
Highest Valid: 69.59
Highest Test: 69.10
Chosen epoch: 2150
Final Train: 71.94
Final Test: 68.88
Label budget: 50/class -> 900 train nodes
Computing oracle penalty matrix from true labels...
Oracle penalty matrix frozen.
Epoch: 00, Loss: 3.5833, Train: 7.86%, Valid: 7.75%, Test: 7.55%, Best Valid: 7.75%, Best Test: 7.55%
Switching Polynormer to global attention phase.
Epoch: 100, Loss: 2.9416, Train: 5.35%, Valid: 5.31%, Test: 5.26%, Best Valid: 64.52%, Best Test: 63.70%
Epoch: 200, Loss: 0.0538, Train: 66.55%, Valid: 63.28%, Test: 63.48%, Best Valid: 65.42%, Best Test: 65.37%
Epoch: 300, Loss: 0.0476, Train: 66.17%, Valid: 64.04%, Test: 63.41%, Best Valid: 65.63%, Best Test: 65.58%
Epoch: 400, Loss: 0.0189, Train: 67.84%, Valid: 65.37%, Test: 64.68%, Best Valid: 66.13%, Best Test: 65.67%
Epoch: 500, Loss: 0.0148, Train: 68.16%, Valid: 65.65%, Test: 65.78%, Best Valid: 66.13%, Best Test: 65.67%
Epoch: 600, Loss: 0.0451, Train: 67.96%, Valid: 65.40%, Test: 65.02%, Best Valid: 66.44%, Best Test: 65.71%
Epoch: 700, Loss: 0.0025, Train: 66.58%, Valid: 63.58%, Test: 63.94%, Best Valid: 66.44%, Best Test: 65.71%
Epoch: 800, Loss: 0.0249, Train: 66.64%, Valid: 63.50%, Test: 63.66%, Best Valid: 66.44%, Best Test: 65.71%
Epoch: 900, Loss: 0.0035, Train: 66.60%, Valid: 63.80%, Test: 63.80%, Best Valid: 66.44%, Best Test: 65.71%
Epoch: 1000, Loss: 0.0196, Train: 66.94%, Valid: 64.73%, Test: 64.08%, Best Valid: 66.44%, Best Test: 65.71%
Epoch: 1100, Loss: 0.0039, Train: 67.18%, Valid: 64.40%, Test: 64.33%, Best Valid: 66.44%, Best Test: 65.71%
Epoch: 1200, Loss: 0.0216, Train: 67.46%, Valid: 63.69%, Test: 64.40%, Best Valid: 66.44%, Best Test: 65.71%
Epoch: 1300, Loss: 0.0196, Train: 65.72%, Valid: 62.70%, Test: 63.47%, Best Valid: 66.92%, Best Test: 67.56%
Epoch: 1400, Loss: 0.0052, Train: 66.73%, Valid: 63.99%, Test: 64.28%, Best Valid: 66.92%, Best Test: 67.56%
Epoch: 1500, Loss: 0.0133, Train: 66.59%, Valid: 63.04%, Test: 64.17%, Best Valid: 66.92%, Best Test: 67.56%
Epoch: 1600, Loss: 0.0079, Train: 67.53%, Valid: 64.31%, Test: 65.25%, Best Valid: 66.92%, Best Test: 67.56%
Epoch: 1700, Loss: 0.0036, Train: 66.63%, Valid: 63.57%, Test: 63.87%, Best Valid: 66.92%, Best Test: 67.56%
Epoch: 1800, Loss: 0.0313, Train: 66.94%, Valid: 63.87%, Test: 64.75%, Best Valid: 66.92%, Best Test: 67.56%
Epoch: 1900, Loss: 0.0034, Train: 66.32%, Valid: 62.65%, Test: 63.55%, Best Valid: 66.92%, Best Test: 67.56%
Epoch: 2000, Loss: 0.0090, Train: 68.49%, Valid: 64.89%, Test: 66.36%, Best Valid: 66.92%, Best Test: 67.56%
Epoch: 2100, Loss: 0.0118, Train: 67.85%, Valid: 64.89%, Test: 65.71%, Best Valid: 66.92%, Best Test: 67.56%
Epoch: 2200, Loss: 0.0208, Train: 67.88%, Valid: 64.77%, Test: 65.09%, Best Valid: 66.92%, Best Test: 67.56%
Epoch: 2300, Loss: 0.0092, Train: 67.92%, Valid: 64.59%, Test: 65.23%, Best Valid: 66.92%, Best Test: 67.56%
Epoch: 2400, Loss: 0.0225, Train: 69.01%, Valid: 65.93%, Test: 66.43%, Best Valid: 66.92%, Best Test: 67.56%
Epoch: 2500, Loss: 0.0049, Train: 68.56%, Valid: 65.42%, Test: 66.25%, Best Valid: 66.92%, Best Test: 67.56%
Run 08:
Highest Train: 69.91
Highest Valid: 66.92
Highest Test: 67.70
Chosen epoch: 1287
Final Train: 69.91
Final Test: 67.56
Label budget: 50/class -> 900 train nodes
Computing oracle penalty matrix from true labels...
Oracle penalty matrix frozen.
Epoch: 00, Loss: 3.5246, Train: 7.52%, Valid: 7.36%, Test: 7.08%, Best Valid: 7.36%, Best Test: 7.08%
Switching Polynormer to global attention phase.
Epoch: 100, Loss: 2.9362, Train: 16.46%, Valid: 16.26%, Test: 16.13%, Best Valid: 65.81%, Best Test: 65.48%
Epoch: 200, Loss: 0.0369, Train: 66.81%, Valid: 64.92%, Test: 63.75%, Best Valid: 65.81%, Best Test: 65.48%
Epoch: 300, Loss: 0.0194, Train: 65.37%, Valid: 63.25%, Test: 62.55%, Best Valid: 66.02%, Best Test: 65.20%
Epoch: 400, Loss: 0.0050, Train: 66.45%, Valid: 63.46%, Test: 62.62%, Best Valid: 66.55%, Best Test: 65.71%
Epoch: 500, Loss: 0.0034, Train: 66.38%, Valid: 64.43%, Test: 64.00%, Best Valid: 66.55%, Best Test: 65.71%
Epoch: 600, Loss: 0.0127, Train: 67.84%, Valid: 65.51%, Test: 65.16%, Best Valid: 66.55%, Best Test: 65.71%
Epoch: 700, Loss: 0.0011, Train: 65.98%, Valid: 63.50%, Test: 62.58%, Best Valid: 66.55%, Best Test: 65.71%
Epoch: 800, Loss: 0.0114, Train: 66.51%, Valid: 63.95%, Test: 64.01%, Best Valid: 66.55%, Best Test: 65.71%
Epoch: 900, Loss: 0.0156, Train: 68.18%, Valid: 65.77%, Test: 65.28%, Best Valid: 66.55%, Best Test: 65.71%
Epoch: 1000, Loss: 0.0078, Train: 68.27%, Valid: 65.65%, Test: 64.77%, Best Valid: 66.55%, Best Test: 65.71%
Epoch: 1100, Loss: 0.0253, Train: 65.79%, Valid: 63.37%, Test: 62.44%, Best Valid: 66.83%, Best Test: 65.80%
Epoch: 1200, Loss: 0.0141, Train: 68.03%, Valid: 65.01%, Test: 64.81%, Best Valid: 66.83%, Best Test: 65.80%
Epoch: 1300, Loss: 0.0043, Train: 67.37%, Valid: 64.38%, Test: 63.77%, Best Valid: 66.83%, Best Test: 65.80%
Epoch: 1400, Loss: 0.0121, Train: 67.95%, Valid: 65.08%, Test: 65.46%, Best Valid: 66.83%, Best Test: 65.80%
Epoch: 1500, Loss: 0.0095, Train: 68.72%, Valid: 66.09%, Test: 66.04%, Best Valid: 67.01%, Best Test: 66.25%
Epoch: 1600, Loss: 0.0185, Train: 68.50%, Valid: 65.54%, Test: 65.34%, Best Valid: 67.01%, Best Test: 66.25%
Epoch: 1700, Loss: 0.0133, Train: 68.73%, Valid: 65.97%, Test: 65.28%, Best Valid: 67.01%, Best Test: 66.25%
Epoch: 1800, Loss: 0.0247, Train: 66.11%, Valid: 64.10%, Test: 63.13%, Best Valid: 67.01%, Best Test: 66.25%
Epoch: 1900, Loss: 0.0037, Train: 68.58%, Valid: 65.95%, Test: 66.01%, Best Valid: 67.01%, Best Test: 66.25%
Epoch: 2000, Loss: 0.0070, Train: 67.85%, Valid: 65.37%, Test: 64.44%, Best Valid: 67.01%, Best Test: 66.25%
Epoch: 2100, Loss: 0.0145, Train: 67.02%, Valid: 65.37%, Test: 64.91%, Best Valid: 67.01%, Best Test: 66.25%
Epoch: 2200, Loss: 0.0002, Train: 67.41%, Valid: 65.03%, Test: 64.79%, Best Valid: 67.11%, Best Test: 66.78%
Epoch: 2300, Loss: 0.0058, Train: 66.58%, Valid: 64.11%, Test: 63.50%, Best Valid: 67.18%, Best Test: 65.85%
Epoch: 2400, Loss: 0.0025, Train: 69.16%, Valid: 66.37%, Test: 66.52%, Best Valid: 68.03%, Best Test: 67.05%
Epoch: 2500, Loss: 0.0612, Train: 64.95%, Valid: 62.38%, Test: 61.56%, Best Valid: 68.03%, Best Test: 67.05%
Run 09:
Highest Train: 69.51
Highest Valid: 68.03
Highest Test: 67.05
Chosen epoch: 2348
Final Train: 69.30
Final Test: 67.05
Label budget: 50/class -> 900 train nodes
Computing oracle penalty matrix from true labels...
Oracle penalty matrix frozen.
Epoch: 00, Loss: 3.6940, Train: 5.67%, Valid: 5.54%, Test: 5.14%, Best Valid: 5.54%, Best Test: 5.14%
Switching Polynormer to global attention phase.
Epoch: 100, Loss: 2.9318, Train: 17.81%, Valid: 17.78%, Test: 17.45%, Best Valid: 66.07%, Best Test: 65.23%
Epoch: 200, Loss: 0.0463, Train: 65.88%, Valid: 64.45%, Test: 63.91%, Best Valid: 67.15%, Best Test: 66.48%
Epoch: 300, Loss: 0.0139, Train: 67.43%, Valid: 65.38%, Test: 65.32%, Best Valid: 67.15%, Best Test: 66.48%
Epoch: 400, Loss: 0.0118, Train: 66.31%, Valid: 65.49%, Test: 64.77%, Best Valid: 67.15%, Best Test: 66.48%
Epoch: 500, Loss: 0.0065, Train: 65.96%, Valid: 64.50%, Test: 63.66%, Best Valid: 67.64%, Best Test: 66.89%
Epoch: 600, Loss: 0.0093, Train: 67.59%, Valid: 66.00%, Test: 65.46%, Best Valid: 67.64%, Best Test: 66.89%
Epoch: 700, Loss: 0.0044, Train: 67.68%, Valid: 66.73%, Test: 65.57%, Best Valid: 68.42%, Best Test: 67.17%
Epoch: 800, Loss: 0.0037, Train: 67.33%, Valid: 65.38%, Test: 65.34%, Best Valid: 68.42%, Best Test: 67.17%
Epoch: 900, Loss: 0.0140, Train: 67.59%, Valid: 66.18%, Test: 65.50%, Best Valid: 68.42%, Best Test: 67.17%
Epoch: 1000, Loss: 0.0073, Train: 67.64%, Valid: 66.20%, Test: 66.11%, Best Valid: 68.42%, Best Test: 67.17%
Epoch: 1100, Loss: 0.0053, Train: 67.04%, Valid: 65.77%, Test: 65.16%, Best Valid: 68.42%, Best Test: 67.17%
Epoch: 1200, Loss: 0.0337, Train: 68.27%, Valid: 67.03%, Test: 66.52%, Best Valid: 68.42%, Best Test: 67.17%
Epoch: 1300, Loss: 0.0045, Train: 66.80%, Valid: 64.68%, Test: 64.26%, Best Valid: 68.42%, Best Test: 67.17%
Epoch: 1400, Loss: 0.0058, Train: 68.59%, Valid: 66.99%, Test: 66.15%, Best Valid: 68.42%, Best Test: 67.17%
Epoch: 1500, Loss: 0.0183, Train: 68.47%, Valid: 67.11%, Test: 66.29%, Best Valid: 68.42%, Best Test: 67.17%
Epoch: 1600, Loss: 0.0012, Train: 68.30%, Valid: 66.62%, Test: 66.25%, Best Valid: 68.42%, Best Test: 67.17%
Epoch: 1700, Loss: 0.0057, Train: 67.93%, Valid: 65.98%, Test: 65.94%, Best Valid: 68.42%, Best Test: 67.17%
Epoch: 1800, Loss: 0.0148, Train: 67.12%, Valid: 65.54%, Test: 65.20%, Best Valid: 68.42%, Best Test: 67.17%
Epoch: 1900, Loss: 0.0003, Train: 68.03%, Valid: 66.32%, Test: 65.99%, Best Valid: 68.42%, Best Test: 67.17%
Epoch: 2000, Loss: 0.0107, Train: 67.49%, Valid: 66.81%, Test: 65.34%, Best Valid: 68.42%, Best Test: 67.17%
Epoch: 2100, Loss: 0.0023, Train: 67.73%, Valid: 66.44%, Test: 66.13%, Best Valid: 68.79%, Best Test: 67.72%
Epoch: 2200, Loss: 0.0431, Train: 68.14%, Valid: 66.73%, Test: 66.15%, Best Valid: 68.79%, Best Test: 67.72%
Epoch: 2300, Loss: 0.0025, Train: 65.83%, Valid: 64.02%, Test: 63.75%, Best Valid: 68.79%, Best Test: 67.72%
Epoch: 2400, Loss: 0.0071, Train: 66.98%, Valid: 65.70%, Test: 65.20%, Best Valid: 69.02%, Best Test: 68.20%
Epoch: 2500, Loss: 0.0010, Train: 67.58%, Valid: 65.81%, Test: 65.16%, Best Valid: 69.02%, Best Test: 68.20%
Run 10:
Highest Train: 70.65
Highest Valid: 69.02
Highest Test: 68.44
Chosen epoch: 2311
Final Train: 70.49
Final Test: 68.20
All runs:
Highest Train: 70.57 ± 0.84
Highest Test: 68.31 ± 1.00
Highest Valid: 68.33 ± 0.91
  Final Train: 70.43 ± 0.85
   Final Test: 68.04 ± 0.93
Saving results to ../results/lowlabel/roman-empire/polynormer.csv
--- oracle_reg | lambda=0.05 ---
Namespace(aggregate='add', alpha=0.5, attention='gcn', beta=0.5, bn=False, budget_tag='50', count_reg=False, count_smoothing=1.0, cpu=False, data_dir='../data/', dataset='roman-empire', device=0, dim_inner=64, display_step=100, dropout=0.3, epochs=500, global_dropout=0.5, global_epochs=2500, global_layers=2, gnn='gcn', graph_weight=0.8, hidden_channels=64, hops=10, in_dropout=0.15, jk=False, label_num_per_class=20, lambda_val=0.05, layers=1, ln=False, local_epochs=100, local_gnn_type='GCN', local_layers=10, lr=0.001, metric='acc', mlp_epochs=500, mlp_reg=False, model='polynormer', model_dir='models/lowlabel_1178246_398', n_heads=8, num_centroids=4096, num_heads=8, oracle_reg=True, paired_seeds=True, pe_types='RWSE', penalty_transform='none', pre_linear=False, pre_ln=False, rand_split=False, rand_split_class=False, reg_start_epoch=10, reg_update_freq=5, res=False, resample_split_per_run=False, result_dir='../results/lowlabel', runs=10, save_model=True, save_result=False, seed=42, test_num=1000, tr_dropout=None, tr_layers=1, tr_weight_decay=None, train_per_class=50, train_prop=0.5, use_act=False, use_bn=False, use_graph=False, use_reg=True, use_residual=False, use_weight=False, valid_num=500, valid_per_class=0, valid_prop=0.25, weight_decay=0.0)
roman-empire
dataset roman-empire | num nodes 22662 | num edge 32927 | num node feats 300 | num classes 18
MODEL: Polynormer(
  (h_lins): ModuleList(
    (0): Linear(in_features=512, out_features=512, bias=True)
    (1): Linear(in_features=512, out_features=512, bias=True)
    (2): Linear(in_features=512, out_features=512, bias=True)
    (3): Linear(in_features=512, out_features=512, bias=True)
    (4): Linear(in_features=512, out_features=512, bias=True)
    (5): Linear(in_features=512, out_features=512, bias=True)
    (6): Linear(in_features=512, out_features=512, bias=True)
    (7): Linear(in_features=512, out_features=512, bias=True)
    (8): Linear(in_features=512, out_features=512, bias=True)
    (9): Linear(in_features=512, out_features=512, bias=True)
  )
  (local_convs): ModuleList(
    (0): GATConv(512, 64, heads=8)
    (1): GATConv(512, 64, heads=8)
    (2): GATConv(512, 64, heads=8)
    (3): GATConv(512, 64, heads=8)
    (4): GATConv(512, 64, heads=8)
    (5): GATConv(512, 64, heads=8)
    (6): GATConv(512, 64, heads=8)
    (7): GATConv(512, 64, heads=8)
    (8): GATConv(512, 64, heads=8)
    (9): GATConv(512, 64, heads=8)
  )
  (lins): ModuleList(
    (0): Linear(in_features=512, out_features=512, bias=True)
    (1): Linear(in_features=512, out_features=512, bias=True)
    (2): Linear(in_features=512, out_features=512, bias=True)
    (3): Linear(in_features=512, out_features=512, bias=True)
    (4): Linear(in_features=512, out_features=512, bias=True)
    (5): Linear(in_features=512, out_features=512, bias=True)
    (6): Linear(in_features=512, out_features=512, bias=True)
    (7): Linear(in_features=512, out_features=512, bias=True)
    (8): Linear(in_features=512, out_features=512, bias=True)
    (9): Linear(in_features=512, out_features=512, bias=True)
  )
  (lns): ModuleList(
    (0): LayerNorm((512,), eps=1e-05, elementwise_affine=True)
    (1): LayerNorm((512,), eps=1e-05, elementwise_affine=True)
    (2): LayerNorm((512,), eps=1e-05, elementwise_affine=True)
    (3): LayerNorm((512,), eps=1e-05, elementwise_affine=True)
    (4): LayerNorm((512,), eps=1e-05, elementwise_affine=True)
    (5): LayerNorm((512,), eps=1e-05, elementwise_affine=True)
    (6): LayerNorm((512,), eps=1e-05, elementwise_affine=True)
    (7): LayerNorm((512,), eps=1e-05, elementwise_affine=True)
    (8): LayerNorm((512,), eps=1e-05, elementwise_affine=True)
    (9): LayerNorm((512,), eps=1e-05, elementwise_affine=True)
  )
  (lin_in): Linear(in_features=300, out_features=512, bias=True)
  (ln): LayerNorm((512,), eps=1e-05, elementwise_affine=True)
  (global_attn): GlobalAttn(
    (h_lins): ModuleList(
      (0): Linear(in_features=512, out_features=512, bias=True)
      (1): Linear(in_features=512, out_features=512, bias=True)
    )
    (k_lins): ModuleList(
      (0): Linear(in_features=512, out_features=512, bias=True)
      (1): Linear(in_features=512, out_features=512, bias=True)
    )
    (v_lins): ModuleList(
      (0): Linear(in_features=512, out_features=512, bias=True)
      (1): Linear(in_features=512, out_features=512, bias=True)
    )
    (lns): ModuleList(
      (0): LayerNorm((512,), eps=1e-05, elementwise_affine=True)
      (1): LayerNorm((512,), eps=1e-05, elementwise_affine=True)
    )
    (lin_out): Linear(in_features=512, out_features=512, bias=True)
  )
  (pred_local): Linear(in_features=512, out_features=18, bias=True)
  (pred_global): Linear(in_features=512, out_features=18, bias=True)
)
Label budget: 50/class -> 900 train nodes
Computing oracle penalty matrix from true labels...
Oracle penalty matrix frozen.
Epoch: 00, Loss: 3.7692, Train: 6.71%, Valid: 6.90%, Test: 6.71%, Best Valid: 6.90%, Best Test: 6.71%
Switching Polynormer to global attention phase.
Epoch: 100, Loss: 3.0442, Train: 9.68%, Valid: 9.67%, Test: 9.69%, Best Valid: 65.75%, Best Test: 64.60%
Epoch: 200, Loss: 0.0539, Train: 68.03%, Valid: 64.87%, Test: 64.44%, Best Valid: 65.75%, Best Test: 64.60%
Epoch: 300, Loss: 0.0348, Train: 67.36%, Valid: 64.31%, Test: 64.10%, Best Valid: 65.75%, Best Test: 64.60%
Epoch: 400, Loss: 0.0150, Train: 66.98%, Valid: 64.11%, Test: 63.87%, Best Valid: 65.75%, Best Test: 64.60%
Epoch: 500, Loss: 0.0294, Train: 67.09%, Valid: 63.67%, Test: 63.77%, Best Valid: 65.75%, Best Test: 64.60%
Epoch: 600, Loss: 0.0347, Train: 66.06%, Valid: 62.67%, Test: 63.29%, Best Valid: 66.13%, Best Test: 66.82%
Epoch: 700, Loss: 0.0171, Train: 68.29%, Valid: 65.21%, Test: 65.48%, Best Valid: 66.13%, Best Test: 66.82%
Epoch: 800, Loss: 0.0069, Train: 66.52%, Valid: 63.80%, Test: 63.08%, Best Valid: 66.13%, Best Test: 66.82%
Epoch: 900, Loss: 0.0020, Train: 68.48%, Valid: 65.60%, Test: 65.92%, Best Valid: 66.30%, Best Test: 66.48%
Epoch: 1000, Loss: 0.0167, Train: 67.71%, Valid: 64.34%, Test: 63.94%, Best Valid: 66.64%, Best Test: 66.50%
Epoch: 1100, Loss: 0.0362, Train: 67.72%, Valid: 64.84%, Test: 63.85%, Best Valid: 66.92%, Best Test: 66.68%
Epoch: 1200, Loss: 0.0293, Train: 68.33%, Valid: 65.33%, Test: 65.07%, Best Valid: 66.92%, Best Test: 66.68%
Epoch: 1300, Loss: 0.0301, Train: 68.34%, Valid: 65.65%, Test: 65.69%, Best Valid: 66.92%, Best Test: 66.68%
Epoch: 1400, Loss: 0.0131, Train: 68.26%, Valid: 65.30%, Test: 64.65%, Best Valid: 67.15%, Best Test: 66.63%
Epoch: 1500, Loss: 0.0047, Train: 69.15%, Valid: 65.79%, Test: 65.43%, Best Valid: 67.15%, Best Test: 66.63%
Epoch: 1600, Loss: 0.0008, Train: 69.83%, Valid: 66.09%, Test: 67.00%, Best Valid: 67.15%, Best Test: 66.63%
Epoch: 1700, Loss: 0.0188, Train: 67.73%, Valid: 64.71%, Test: 64.56%, Best Valid: 67.15%, Best Test: 66.63%
Epoch: 1800, Loss: 0.0393, Train: 69.23%, Valid: 66.23%, Test: 66.31%, Best Valid: 67.15%, Best Test: 66.63%
Epoch: 1900, Loss: 0.0051, Train: 68.42%, Valid: 65.42%, Test: 65.55%, Best Valid: 67.15%, Best Test: 66.63%
Epoch: 2000, Loss: 0.0173, Train: 67.50%, Valid: 63.88%, Test: 64.54%, Best Valid: 67.15%, Best Test: 66.63%
Epoch: 2100, Loss: 0.0018, Train: 67.96%, Valid: 64.52%, Test: 64.60%, Best Valid: 67.15%, Best Test: 66.63%
Epoch: 2200, Loss: 0.0013, Train: 70.02%, Valid: 66.88%, Test: 67.12%, Best Valid: 67.47%, Best Test: 67.47%
Epoch: 2300, Loss: 0.0124, Train: 69.03%, Valid: 66.05%, Test: 65.62%, Best Valid: 67.52%, Best Test: 68.02%
Epoch: 2400, Loss: 0.0145, Train: 67.51%, Valid: 64.15%, Test: 63.94%, Best Valid: 67.52%, Best Test: 68.02%
Epoch: 2500, Loss: 0.0028, Train: 67.66%, Valid: 64.71%, Test: 64.42%, Best Valid: 67.64%, Best Test: 66.87%
Run 01:
Highest Train: 70.74
Highest Valid: 67.64
Highest Test: 68.02
Chosen epoch: 2441
Final Train: 70.23
Final Test: 66.87
Label budget: 50/class -> 900 train nodes
Computing oracle penalty matrix from true labels...
Oracle penalty matrix frozen.
Epoch: 00, Loss: 3.7059, Train: 8.71%, Valid: 8.54%, Test: 8.97%, Best Valid: 8.54%, Best Test: 8.97%
Switching Polynormer to global attention phase.
Epoch: 100, Loss: 3.0563, Train: 6.53%, Valid: 6.39%, Test: 6.28%, Best Valid: 65.98%, Best Test: 66.17%
Epoch: 200, Loss: 0.0674, Train: 67.20%, Valid: 65.54%, Test: 64.97%, Best Valid: 67.08%, Best Test: 66.87%
Epoch: 300, Loss: 0.0073, Train: 68.23%, Valid: 66.88%, Test: 66.68%, Best Valid: 67.40%, Best Test: 66.33%
Epoch: 400, Loss: 0.0103, Train: 68.72%, Valid: 66.58%, Test: 66.68%, Best Valid: 68.00%, Best Test: 67.93%
Epoch: 500, Loss: 0.0052, Train: 68.08%, Valid: 66.16%, Test: 65.65%, Best Valid: 68.00%, Best Test: 67.93%
Epoch: 600, Loss: 0.0097, Train: 68.66%, Valid: 66.27%, Test: 66.85%, Best Valid: 68.53%, Best Test: 68.21%
Epoch: 700, Loss: 0.0144, Train: 68.63%, Valid: 65.95%, Test: 66.61%, Best Valid: 68.53%, Best Test: 68.21%
Epoch: 800, Loss: 0.0043, Train: 69.47%, Valid: 67.45%, Test: 67.61%, Best Valid: 68.53%, Best Test: 68.21%
Epoch: 900, Loss: 0.0021, Train: 69.62%, Valid: 67.01%, Test: 67.08%, Best Valid: 68.53%, Best Test: 68.21%
Epoch: 1000, Loss: 0.0393, Train: 68.28%, Valid: 66.51%, Test: 66.17%, Best Valid: 68.60%, Best Test: 68.67%
Epoch: 1100, Loss: 0.0006, Train: 69.59%, Valid: 67.89%, Test: 68.44%, Best Valid: 68.60%, Best Test: 68.67%
Epoch: 1200, Loss: 0.0081, Train: 68.90%, Valid: 67.61%, Test: 67.49%, Best Valid: 68.60%, Best Test: 68.67%
Epoch: 1300, Loss: 0.0030, Train: 68.25%, Valid: 66.48%, Test: 66.27%, Best Valid: 68.60%, Best Test: 68.67%
Epoch: 1400, Loss: 0.0131, Train: 68.53%, Valid: 66.14%, Test: 66.38%, Best Valid: 68.60%, Best Test: 68.67%
Epoch: 1500, Loss: 0.0103, Train: 67.70%, Valid: 66.21%, Test: 65.78%, Best Valid: 68.60%, Best Test: 68.67%
Epoch: 1600, Loss: 0.0025, Train: 67.13%, Valid: 65.30%, Test: 65.25%, Best Valid: 68.60%, Best Test: 68.67%
Epoch: 1700, Loss: 0.0021, Train: 68.91%, Valid: 67.24%, Test: 66.43%, Best Valid: 68.60%, Best Test: 68.67%
Epoch: 1800, Loss: 0.0054, Train: 69.36%, Valid: 67.94%, Test: 66.89%, Best Valid: 68.60%, Best Test: 68.67%
Epoch: 1900, Loss: 0.0151, Train: 68.00%, Valid: 66.05%, Test: 66.08%, Best Valid: 68.60%, Best Test: 68.67%
Epoch: 2000, Loss: 0.0028, Train: 69.21%, Valid: 67.26%, Test: 66.87%, Best Valid: 68.60%, Best Test: 68.67%
Epoch: 2100, Loss: 0.0007, Train: 69.31%, Valid: 67.36%, Test: 66.98%, Best Valid: 68.60%, Best Test: 68.67%
Epoch: 2200, Loss: 0.0085, Train: 67.34%, Valid: 65.54%, Test: 65.20%, Best Valid: 69.50%, Best Test: 68.48%
Epoch: 2300, Loss: 0.0019, Train: 67.50%, Valid: 66.13%, Test: 65.27%, Best Valid: 69.50%, Best Test: 68.48%
Epoch: 2400, Loss: 0.0069, Train: 69.83%, Valid: 68.44%, Test: 67.56%, Best Valid: 69.50%, Best Test: 68.48%
Epoch: 2500, Loss: 0.0031, Train: 69.29%, Valid: 68.16%, Test: 67.83%, Best Valid: 69.50%, Best Test: 68.48%
Run 02:
Highest Train: 70.59
Highest Valid: 69.50
Highest Test: 69.04
Chosen epoch: 2183
Final Train: 70.27
Final Test: 68.48
Label budget: 50/class -> 900 train nodes
Computing oracle penalty matrix from true labels...
Oracle penalty matrix frozen.
Epoch: 00, Loss: 3.6887, Train: 8.46%, Valid: 8.67%, Test: 8.10%, Best Valid: 8.67%, Best Test: 8.10%
Switching Polynormer to global attention phase.
Epoch: 100, Loss: 3.0443, Train: 6.60%, Valid: 6.50%, Test: 6.28%, Best Valid: 65.37%, Best Test: 65.69%
Epoch: 200, Loss: 0.0350, Train: 66.24%, Valid: 63.55%, Test: 63.80%, Best Valid: 65.97%, Best Test: 65.92%
Epoch: 300, Loss: 0.0173, Train: 67.64%, Valid: 64.82%, Test: 65.07%, Best Valid: 66.35%, Best Test: 66.18%
Epoch: 400, Loss: 0.0192, Train: 68.56%, Valid: 65.65%, Test: 65.55%, Best Valid: 66.35%, Best Test: 66.18%
Epoch: 500, Loss: 0.0330, Train: 67.30%, Valid: 64.68%, Test: 64.42%, Best Valid: 66.53%, Best Test: 66.45%
Epoch: 600, Loss: 0.0021, Train: 67.32%, Valid: 64.85%, Test: 64.95%, Best Valid: 66.81%, Best Test: 66.40%
Epoch: 700, Loss: 0.0046, Train: 67.74%, Valid: 65.63%, Test: 65.23%, Best Valid: 66.81%, Best Test: 66.40%
Epoch: 800, Loss: 0.0126, Train: 68.84%, Valid: 66.30%, Test: 65.87%, Best Valid: 66.81%, Best Test: 66.40%
Epoch: 900, Loss: 0.0198, Train: 68.18%, Valid: 65.68%, Test: 65.64%, Best Valid: 66.81%, Best Test: 66.40%
Epoch: 1000, Loss: 0.0041, Train: 66.46%, Valid: 64.61%, Test: 64.40%, Best Valid: 67.15%, Best Test: 66.33%
Epoch: 1100, Loss: 0.0086, Train: 68.73%, Valid: 66.32%, Test: 65.78%, Best Valid: 67.15%, Best Test: 66.33%
Epoch: 1200, Loss: 0.0077, Train: 67.81%, Valid: 65.53%, Test: 65.21%, Best Valid: 67.15%, Best Test: 66.33%
Epoch: 1300, Loss: 0.0115, Train: 68.07%, Valid: 66.04%, Test: 65.35%, Best Valid: 67.15%, Best Test: 66.33%
Epoch: 1400, Loss: 0.0014, Train: 68.11%, Valid: 65.86%, Test: 65.73%, Best Valid: 67.15%, Best Test: 66.33%
Epoch: 1500, Loss: 0.0155, Train: 68.42%, Valid: 66.43%, Test: 66.61%, Best Valid: 67.20%, Best Test: 67.12%
Epoch: 1600, Loss: 0.0142, Train: 66.40%, Valid: 64.50%, Test: 64.74%, Best Valid: 67.20%, Best Test: 67.12%
Epoch: 1700, Loss: 0.0081, Train: 68.61%, Valid: 65.97%, Test: 65.80%, Best Valid: 67.20%, Best Test: 67.12%
Epoch: 1800, Loss: 0.0010, Train: 69.29%, Valid: 66.97%, Test: 66.89%, Best Valid: 67.68%, Best Test: 67.38%
Epoch: 1900, Loss: 0.0267, Train: 66.38%, Valid: 64.68%, Test: 63.78%, Best Valid: 67.68%, Best Test: 67.38%
Epoch: 2000, Loss: 0.0041, Train: 65.87%, Valid: 63.87%, Test: 63.33%, Best Valid: 67.68%, Best Test: 67.38%
Epoch: 2100, Loss: 0.0078, Train: 67.17%, Valid: 64.50%, Test: 64.61%, Best Valid: 67.68%, Best Test: 67.38%
Epoch: 2200, Loss: 0.0146, Train: 68.28%, Valid: 65.68%, Test: 65.92%, Best Valid: 67.68%, Best Test: 67.38%
Epoch: 2300, Loss: 0.0020, Train: 68.32%, Valid: 66.04%, Test: 66.10%, Best Valid: 67.68%, Best Test: 67.38%
Epoch: 2400, Loss: 0.0020, Train: 68.18%, Valid: 65.61%, Test: 66.50%, Best Valid: 67.68%, Best Test: 67.38%
Epoch: 2500, Loss: 0.0022, Train: 67.52%, Valid: 65.24%, Test: 65.95%, Best Valid: 67.68%, Best Test: 67.38%
Run 03:
Highest Train: 69.89
Highest Valid: 67.68
Highest Test: 68.18
Chosen epoch: 1796
Final Train: 69.64
Final Test: 67.38
Label budget: 50/class -> 900 train nodes
Computing oracle penalty matrix from true labels...
Oracle penalty matrix frozen.
Epoch: 00, Loss: 3.8517, Train: 5.45%, Valid: 5.45%, Test: 4.94%, Best Valid: 5.45%, Best Test: 4.94%
Switching Polynormer to global attention phase.
Epoch: 100, Loss: 3.0452, Train: 4.31%, Valid: 4.20%, Test: 4.71%, Best Valid: 67.08%, Best Test: 67.28%
Epoch: 200, Loss: 0.0429, Train: 68.71%, Valid: 66.78%, Test: 67.47%, Best Valid: 67.26%, Best Test: 66.85%
Epoch: 300, Loss: 0.0220, Train: 68.78%, Valid: 67.18%, Test: 67.91%, Best Valid: 67.57%, Best Test: 68.36%
Epoch: 400, Loss: 0.0092, Train: 68.22%, Valid: 66.81%, Test: 67.15%, Best Valid: 67.77%, Best Test: 68.55%
Epoch: 500, Loss: 0.0185, Train: 67.36%, Valid: 66.07%, Test: 66.52%, Best Valid: 67.91%, Best Test: 68.27%
Epoch: 600, Loss: 0.0102, Train: 68.43%, Valid: 67.33%, Test: 67.53%, Best Valid: 67.91%, Best Test: 68.27%
Epoch: 700, Loss: 0.0204, Train: 67.71%, Valid: 66.69%, Test: 67.10%, Best Valid: 67.91%, Best Test: 68.27%
Epoch: 800, Loss: 0.0129, Train: 68.11%, Valid: 67.41%, Test: 67.31%, Best Valid: 68.08%, Best Test: 68.04%
Epoch: 900, Loss: 0.0172, Train: 66.49%, Valid: 64.98%, Test: 65.57%, Best Valid: 68.08%, Best Test: 68.04%
Epoch: 1000, Loss: 0.0177, Train: 66.85%, Valid: 64.96%, Test: 65.41%, Best Valid: 68.35%, Best Test: 69.34%
Epoch: 1100, Loss: 0.0148, Train: 69.17%, Valid: 68.28%, Test: 68.04%, Best Valid: 68.56%, Best Test: 68.50%
Epoch: 1200, Loss: 0.0104, Train: 66.94%, Valid: 66.18%, Test: 66.54%, Best Valid: 68.56%, Best Test: 68.50%
Epoch: 1300, Loss: 0.0005, Train: 67.67%, Valid: 66.05%, Test: 67.23%, Best Valid: 68.56%, Best Test: 68.50%
Epoch: 1400, Loss: 0.0016, Train: 68.09%, Valid: 66.55%, Test: 67.54%, Best Valid: 68.56%, Best Test: 68.50%
Epoch: 1500, Loss: 0.0203, Train: 68.85%, Valid: 67.10%, Test: 67.83%, Best Valid: 68.56%, Best Test: 68.50%
Epoch: 1600, Loss: 0.0153, Train: 67.24%, Valid: 66.07%, Test: 66.84%, Best Valid: 68.56%, Best Test: 68.50%
Epoch: 1700, Loss: 0.0012, Train: 67.23%, Valid: 65.88%, Test: 66.54%, Best Valid: 68.58%, Best Test: 68.92%
Epoch: 1800, Loss: 0.0012, Train: 67.85%, Valid: 66.58%, Test: 67.51%, Best Valid: 68.58%, Best Test: 68.92%
Epoch: 1900, Loss: 0.0041, Train: 68.17%, Valid: 66.13%, Test: 67.01%, Best Valid: 68.58%, Best Test: 68.92%
Epoch: 2000, Loss: 0.0142, Train: 67.48%, Valid: 66.07%, Test: 66.04%, Best Valid: 68.58%, Best Test: 68.92%
Epoch: 2100, Loss: 0.0005, Train: 68.18%, Valid: 66.76%, Test: 67.76%, Best Valid: 68.58%, Best Test: 68.92%
Epoch: 2200, Loss: 0.0320, Train: 65.92%, Valid: 64.85%, Test: 64.63%, Best Valid: 69.00%, Best Test: 69.10%
Epoch: 2300, Loss: 0.0141, Train: 66.57%, Valid: 64.87%, Test: 65.58%, Best Valid: 69.00%, Best Test: 69.10%
Epoch: 2400, Loss: 0.0001, Train: 69.08%, Valid: 68.10%, Test: 68.13%, Best Valid: 69.00%, Best Test: 69.10%
Epoch: 2500, Loss: 0.0006, Train: 67.97%, Valid: 66.27%, Test: 66.63%, Best Valid: 69.00%, Best Test: 69.10%
Run 04:
Highest Train: 69.93
Highest Valid: 69.00
Highest Test: 69.48
Chosen epoch: 2113
Final Train: 69.77
Final Test: 69.10
Label budget: 50/class -> 900 train nodes
Computing oracle penalty matrix from true labels...
Oracle penalty matrix frozen.
Epoch: 00, Loss: 3.8344, Train: 6.21%, Valid: 6.53%, Test: 6.53%, Best Valid: 6.53%, Best Test: 6.53%
Switching Polynormer to global attention phase.
Epoch: 100, Loss: 3.0495, Train: 22.95%, Valid: 22.38%, Test: 22.80%, Best Valid: 67.13%, Best Test: 67.30%
Epoch: 200, Loss: 0.0470, Train: 67.83%, Valid: 65.00%, Test: 65.21%, Best Valid: 67.13%, Best Test: 67.30%
Epoch: 300, Loss: 0.0220, Train: 67.93%, Valid: 65.19%, Test: 65.34%, Best Valid: 67.50%, Best Test: 67.84%
Epoch: 400, Loss: 0.0203, Train: 69.61%, Valid: 67.18%, Test: 67.83%, Best Valid: 68.33%, Best Test: 68.44%
Epoch: 500, Loss: 0.0240, Train: 69.66%, Valid: 66.76%, Test: 67.17%, Best Valid: 68.68%, Best Test: 68.14%
Epoch: 600, Loss: 0.0280, Train: 68.25%, Valid: 65.60%, Test: 65.92%, Best Valid: 68.68%, Best Test: 68.14%
Epoch: 700, Loss: 0.0108, Train: 68.78%, Valid: 66.13%, Test: 66.36%, Best Valid: 68.68%, Best Test: 68.14%
Epoch: 800, Loss: 0.0140, Train: 70.63%, Valid: 67.91%, Test: 68.32%, Best Valid: 68.68%, Best Test: 68.14%
Epoch: 900, Loss: 0.0042, Train: 69.54%, Valid: 66.58%, Test: 66.91%, Best Valid: 68.86%, Best Test: 68.44%
Epoch: 1000, Loss: 0.0031, Train: 68.03%, Valid: 65.10%, Test: 65.14%, Best Valid: 68.86%, Best Test: 68.44%
Epoch: 1100, Loss: 0.0149, Train: 70.06%, Valid: 66.97%, Test: 67.63%, Best Valid: 68.86%, Best Test: 68.44%
Epoch: 1200, Loss: 0.0066, Train: 69.84%, Valid: 67.11%, Test: 67.45%, Best Valid: 68.86%, Best Test: 68.44%
Epoch: 1300, Loss: 0.0081, Train: 68.84%, Valid: 65.79%, Test: 66.24%, Best Valid: 69.41%, Best Test: 69.57%
Epoch: 1400, Loss: 0.0021, Train: 67.48%, Valid: 64.45%, Test: 65.04%, Best Valid: 69.41%, Best Test: 69.57%
Epoch: 1500, Loss: 0.0016, Train: 70.21%, Valid: 67.56%, Test: 67.31%, Best Valid: 69.41%, Best Test: 69.57%
Epoch: 1600, Loss: 0.0049, Train: 68.23%, Valid: 64.96%, Test: 65.25%, Best Valid: 69.41%, Best Test: 69.57%
Epoch: 1700, Loss: 0.0073, Train: 69.87%, Valid: 67.36%, Test: 67.24%, Best Valid: 69.41%, Best Test: 69.57%
Epoch: 1800, Loss: 0.0027, Train: 69.76%, Valid: 67.08%, Test: 66.78%, Best Valid: 69.41%, Best Test: 69.57%
Epoch: 1900, Loss: 0.0110, Train: 68.83%, Valid: 65.58%, Test: 66.45%, Best Valid: 69.41%, Best Test: 69.57%
Epoch: 2000, Loss: 0.0341, Train: 69.95%, Valid: 68.30%, Test: 68.92%, Best Valid: 69.41%, Best Test: 69.57%
Epoch: 2100, Loss: 0.0435, Train: 71.46%, Valid: 69.30%, Test: 68.81%, Best Valid: 69.41%, Best Test: 69.57%
Epoch: 2200, Loss: 0.0273, Train: 69.30%, Valid: 66.69%, Test: 66.52%, Best Valid: 69.90%, Best Test: 69.20%
Epoch: 2300, Loss: 0.0014, Train: 69.39%, Valid: 66.39%, Test: 66.78%, Best Valid: 69.90%, Best Test: 69.20%
Epoch: 2400, Loss: 0.0021, Train: 70.52%, Valid: 68.19%, Test: 68.06%, Best Valid: 69.90%, Best Test: 69.20%
Epoch: 2500, Loss: 0.0196, Train: 69.85%, Valid: 67.52%, Test: 67.42%, Best Valid: 69.90%, Best Test: 69.20%
Run 05:
Highest Train: 71.96
Highest Valid: 69.90
Highest Test: 69.73
Chosen epoch: 2101
Final Train: 71.86
Final Test: 69.20
Label budget: 50/class -> 900 train nodes
Computing oracle penalty matrix from true labels...
Oracle penalty matrix frozen.
Epoch: 00, Loss: 3.8169, Train: 10.93%, Valid: 10.87%, Test: 10.64%, Best Valid: 10.87%, Best Test: 10.64%
Switching Polynormer to global attention phase.
Epoch: 100, Loss: 3.0467, Train: 9.68%, Valid: 9.67%, Test: 9.69%, Best Valid: 64.82%, Best Test: 66.55%
Epoch: 200, Loss: 0.0624, Train: 67.81%, Valid: 65.31%, Test: 65.71%, Best Valid: 66.11%, Best Test: 66.73%
Epoch: 300, Loss: 0.0226, Train: 67.36%, Valid: 64.59%, Test: 65.23%, Best Valid: 66.57%, Best Test: 66.82%
Epoch: 400, Loss: 0.0175, Train: 66.99%, Valid: 63.90%, Test: 65.41%, Best Valid: 66.57%, Best Test: 66.82%
Epoch: 500, Loss: 0.0102, Train: 68.47%, Valid: 66.18%, Test: 66.40%, Best Valid: 66.57%, Best Test: 66.82%
Epoch: 600, Loss: 0.0048, Train: 67.83%, Valid: 65.26%, Test: 65.57%, Best Valid: 66.57%, Best Test: 66.82%
Epoch: 700, Loss: 0.0126, Train: 67.96%, Valid: 65.95%, Test: 66.31%, Best Valid: 66.57%, Best Test: 66.82%
Epoch: 800, Loss: 0.0121, Train: 67.92%, Valid: 65.35%, Test: 66.11%, Best Valid: 66.94%, Best Test: 67.26%
Epoch: 900, Loss: 0.0077, Train: 68.64%, Valid: 66.37%, Test: 66.75%, Best Valid: 66.94%, Best Test: 67.26%
Epoch: 1000, Loss: 0.0102, Train: 68.03%, Valid: 65.79%, Test: 66.31%, Best Valid: 66.94%, Best Test: 67.26%
Epoch: 1100, Loss: 0.0030, Train: 66.90%, Valid: 64.62%, Test: 65.04%, Best Valid: 66.94%, Best Test: 67.26%
Epoch: 1200, Loss: 0.0066, Train: 66.93%, Valid: 64.15%, Test: 65.02%, Best Valid: 66.94%, Best Test: 67.26%
Epoch: 1300, Loss: 0.0041, Train: 66.85%, Valid: 64.08%, Test: 64.75%, Best Valid: 66.94%, Best Test: 67.26%
Epoch: 1400, Loss: 0.0061, Train: 67.47%, Valid: 65.38%, Test: 65.80%, Best Valid: 66.94%, Best Test: 67.26%
Epoch: 1500, Loss: 0.0041, Train: 66.90%, Valid: 64.57%, Test: 65.55%, Best Valid: 66.94%, Best Test: 67.26%
Epoch: 1600, Loss: 0.0030, Train: 67.00%, Valid: 64.40%, Test: 64.90%, Best Valid: 66.94%, Best Test: 67.26%
Epoch: 1700, Loss: 0.0175, Train: 69.43%, Valid: 66.99%, Test: 67.53%, Best Valid: 67.20%, Best Test: 67.56%
Epoch: 1800, Loss: 0.0038, Train: 67.19%, Valid: 65.28%, Test: 65.69%, Best Valid: 67.20%, Best Test: 67.56%
Epoch: 1900, Loss: 0.0048, Train: 65.96%, Valid: 64.17%, Test: 64.23%, Best Valid: 67.20%, Best Test: 67.56%
Epoch: 2000, Loss: 0.0085, Train: 65.85%, Valid: 63.60%, Test: 64.60%, Best Valid: 67.20%, Best Test: 67.56%
Epoch: 2100, Loss: 0.0015, Train: 69.27%, Valid: 66.97%, Test: 68.02%, Best Valid: 67.20%, Best Test: 67.56%
Epoch: 2200, Loss: 0.0003, Train: 67.84%, Valid: 65.40%, Test: 66.15%, Best Valid: 67.40%, Best Test: 67.90%
Epoch: 2300, Loss: 0.0004, Train: 67.20%, Valid: 64.50%, Test: 65.62%, Best Valid: 67.40%, Best Test: 67.90%
Epoch: 2400, Loss: 0.0008, Train: 65.75%, Valid: 63.05%, Test: 64.01%, Best Valid: 67.40%, Best Test: 67.90%
Epoch: 2500, Loss: 0.0008, Train: 68.13%, Valid: 64.84%, Test: 66.63%, Best Valid: 67.70%, Best Test: 68.28%
Run 06:
Highest Train: 69.95
Highest Valid: 67.70
Highest Test: 68.36
Chosen epoch: 2461
Final Train: 69.84
Final Test: 68.28
Label budget: 50/class -> 900 train nodes
Computing oracle penalty matrix from true labels...
Oracle penalty matrix frozen.
Epoch: 00, Loss: 3.7927, Train: 6.18%, Valid: 5.81%, Test: 5.89%, Best Valid: 5.81%, Best Test: 5.89%
Switching Polynormer to global attention phase.
Epoch: 100, Loss: 3.0483, Train: 5.55%, Valid: 5.53%, Test: 5.56%, Best Valid: 65.42%, Best Test: 65.53%
Epoch: 200, Loss: 0.0368, Train: 69.16%, Valid: 66.14%, Test: 66.41%, Best Valid: 66.62%, Best Test: 67.17%
Epoch: 300, Loss: 0.0175, Train: 69.63%, Valid: 66.43%, Test: 67.14%, Best Valid: 67.03%, Best Test: 66.73%
Epoch: 400, Loss: 0.0252, Train: 68.85%, Valid: 65.65%, Test: 66.11%, Best Valid: 67.29%, Best Test: 66.89%
Epoch: 500, Loss: 0.0047, Train: 69.55%, Valid: 66.07%, Test: 66.77%, Best Valid: 67.70%, Best Test: 67.56%
Epoch: 600, Loss: 0.0008, Train: 70.29%, Valid: 67.15%, Test: 67.28%, Best Valid: 67.70%, Best Test: 67.56%
Epoch: 700, Loss: 0.0091, Train: 69.32%, Valid: 65.60%, Test: 66.20%, Best Valid: 67.70%, Best Test: 67.56%
Epoch: 800, Loss: 0.0289, Train: 69.83%, Valid: 67.13%, Test: 67.17%, Best Valid: 67.78%, Best Test: 67.88%
Epoch: 900, Loss: 0.0244, Train: 68.93%, Valid: 65.95%, Test: 66.31%, Best Valid: 67.78%, Best Test: 67.88%
Epoch: 1000, Loss: 0.0076, Train: 69.78%, Valid: 66.48%, Test: 67.08%, Best Valid: 68.16%, Best Test: 67.83%
Epoch: 1100, Loss: 0.0238, Train: 67.20%, Valid: 63.85%, Test: 64.19%, Best Valid: 68.16%, Best Test: 67.83%
Epoch: 1200, Loss: 0.0082, Train: 69.29%, Valid: 66.71%, Test: 67.33%, Best Valid: 68.16%, Best Test: 67.83%
Epoch: 1300, Loss: 0.0195, Train: 69.25%, Valid: 65.70%, Test: 66.55%, Best Valid: 68.35%, Best Test: 68.48%
Epoch: 1400, Loss: 0.0057, Train: 69.72%, Valid: 66.81%, Test: 67.35%, Best Valid: 68.42%, Best Test: 69.17%
Epoch: 1500, Loss: 0.0251, Train: 70.14%, Valid: 67.41%, Test: 67.90%, Best Valid: 68.42%, Best Test: 69.17%
Epoch: 1600, Loss: 0.0102, Train: 68.74%, Valid: 65.77%, Test: 66.45%, Best Valid: 68.42%, Best Test: 69.17%
Epoch: 1700, Loss: 0.0370, Train: 70.73%, Valid: 68.14%, Test: 68.81%, Best Valid: 68.42%, Best Test: 69.17%
Epoch: 1800, Loss: 0.0184, Train: 69.69%, Valid: 66.99%, Test: 67.51%, Best Valid: 68.42%, Best Test: 69.17%
Epoch: 1900, Loss: 0.0043, Train: 70.59%, Valid: 67.22%, Test: 68.07%, Best Valid: 68.42%, Best Test: 69.17%
Epoch: 2000, Loss: 0.0151, Train: 69.83%, Valid: 67.56%, Test: 68.02%, Best Valid: 68.42%, Best Test: 69.17%
Epoch: 2100, Loss: 0.0074, Train: 70.03%, Valid: 67.36%, Test: 67.63%, Best Valid: 68.46%, Best Test: 68.18%
Epoch: 2200, Loss: 0.0644, Train: 68.86%, Valid: 65.53%, Test: 66.03%, Best Valid: 68.46%, Best Test: 68.18%
Epoch: 2300, Loss: 0.0035, Train: 71.43%, Valid: 68.54%, Test: 69.01%, Best Valid: 68.54%, Best Test: 69.01%
Epoch: 2400, Loss: 0.0080, Train: 71.03%, Valid: 68.47%, Test: 69.40%, Best Valid: 68.61%, Best Test: 69.56%
Epoch: 2500, Loss: 0.0064, Train: 68.28%, Valid: 64.41%, Test: 65.32%, Best Valid: 68.63%, Best Test: 69.22%
Run 07:
Highest Train: 71.66
Highest Valid: 68.63
Highest Test: 69.56
Chosen epoch: 2401
Final Train: 71.15
Final Test: 69.22
Label budget: 50/class -> 900 train nodes
Computing oracle penalty matrix from true labels...
Oracle penalty matrix frozen.
Epoch: 00, Loss: 3.7252, Train: 7.92%, Valid: 8.03%, Test: 7.66%, Best Valid: 8.03%, Best Test: 7.66%
Switching Polynormer to global attention phase.
Epoch: 100, Loss: 3.0515, Train: 8.54%, Valid: 8.49%, Test: 8.52%, Best Valid: 64.62%, Best Test: 64.56%
Epoch: 200, Loss: 0.0364, Train: 67.70%, Valid: 64.20%, Test: 64.47%, Best Valid: 65.98%, Best Test: 66.40%
Epoch: 300, Loss: 0.0375, Train: 67.36%, Valid: 64.47%, Test: 64.60%, Best Valid: 65.98%, Best Test: 66.40%
Epoch: 400, Loss: 0.0093, Train: 67.34%, Valid: 63.95%, Test: 64.28%, Best Valid: 65.98%, Best Test: 66.40%
Epoch: 500, Loss: 0.0124, Train: 67.89%, Valid: 64.80%, Test: 65.28%, Best Valid: 65.98%, Best Test: 66.40%
Epoch: 600, Loss: 0.0128, Train: 67.30%, Valid: 64.01%, Test: 64.75%, Best Valid: 65.98%, Best Test: 66.40%
Epoch: 700, Loss: 0.0047, Train: 68.03%, Valid: 64.92%, Test: 65.58%, Best Valid: 66.48%, Best Test: 66.06%
Epoch: 800, Loss: 0.0149, Train: 68.07%, Valid: 65.10%, Test: 65.97%, Best Valid: 66.48%, Best Test: 66.06%
Epoch: 900, Loss: 0.0139, Train: 67.22%, Valid: 64.29%, Test: 64.45%, Best Valid: 66.48%, Best Test: 66.06%
Epoch: 1000, Loss: 0.0054, Train: 68.38%, Valid: 65.03%, Test: 65.74%, Best Valid: 66.58%, Best Test: 67.47%
Epoch: 1100, Loss: 0.0188, Train: 67.48%, Valid: 63.62%, Test: 65.50%, Best Valid: 66.58%, Best Test: 67.47%
Epoch: 1200, Loss: 0.0084, Train: 67.62%, Valid: 64.17%, Test: 65.13%, Best Valid: 66.58%, Best Test: 67.47%
Epoch: 1300, Loss: 0.0132, Train: 66.88%, Valid: 63.62%, Test: 64.47%, Best Valid: 66.58%, Best Test: 67.47%
Epoch: 1400, Loss: 0.0235, Train: 68.57%, Valid: 65.67%, Test: 66.25%, Best Valid: 66.58%, Best Test: 67.47%
Epoch: 1500, Loss: 0.0112, Train: 66.74%, Valid: 63.80%, Test: 64.28%, Best Valid: 66.58%, Best Test: 67.47%
Epoch: 1600, Loss: 0.0114, Train: 68.26%, Valid: 64.57%, Test: 65.62%, Best Valid: 66.58%, Best Test: 67.47%
Epoch: 1700, Loss: 0.0064, Train: 68.33%, Valid: 65.51%, Test: 65.34%, Best Valid: 66.58%, Best Test: 67.47%
Epoch: 1800, Loss: 0.0079, Train: 68.33%, Valid: 65.31%, Test: 65.73%, Best Valid: 66.58%, Best Test: 67.47%
Epoch: 1900, Loss: 0.0097, Train: 68.43%, Valid: 65.44%, Test: 64.72%, Best Valid: 66.58%, Best Test: 67.47%
Epoch: 2000, Loss: 0.0035, Train: 67.92%, Valid: 64.48%, Test: 65.05%, Best Valid: 66.58%, Best Test: 67.47%
Epoch: 2100, Loss: 0.0114, Train: 67.34%, Valid: 64.15%, Test: 64.28%, Best Valid: 66.58%, Best Test: 67.47%
Epoch: 2200, Loss: 0.0156, Train: 65.25%, Valid: 62.14%, Test: 62.73%, Best Valid: 66.74%, Best Test: 66.71%
Epoch: 2300, Loss: 0.0026, Train: 66.80%, Valid: 63.51%, Test: 63.68%, Best Valid: 66.74%, Best Test: 66.71%
Epoch: 2400, Loss: 0.0280, Train: 65.33%, Valid: 61.69%, Test: 62.21%, Best Valid: 66.74%, Best Test: 66.71%
Epoch: 2500, Loss: 0.0080, Train: 68.28%, Valid: 64.98%, Test: 65.67%, Best Valid: 66.74%, Best Test: 66.71%
Run 08:
Highest Train: 69.65
Highest Valid: 66.74
Highest Test: 67.60
Chosen epoch: 2151
Final Train: 69.21
Final Test: 66.71
Label budget: 50/class -> 900 train nodes
Computing oracle penalty matrix from true labels...
Oracle penalty matrix frozen.
Epoch: 00, Loss: 3.6642, Train: 7.59%, Valid: 7.52%, Test: 7.08%, Best Valid: 7.52%, Best Test: 7.08%
Switching Polynormer to global attention phase.
Epoch: 100, Loss: 3.0464, Train: 13.95%, Valid: 13.96%, Test: 13.96%, Best Valid: 65.60%, Best Test: 65.81%
Epoch: 200, Loss: 0.0530, Train: 66.67%, Valid: 64.59%, Test: 64.26%, Best Valid: 65.60%, Best Test: 65.81%
Epoch: 300, Loss: 0.0380, Train: 67.41%, Valid: 65.90%, Test: 64.83%, Best Valid: 66.43%, Best Test: 65.44%
Epoch: 400, Loss: 0.0235, Train: 67.88%, Valid: 65.72%, Test: 64.79%, Best Valid: 66.43%, Best Test: 65.44%
Epoch: 500, Loss: 0.0256, Train: 67.57%, Valid: 65.17%, Test: 64.37%, Best Valid: 66.43%, Best Test: 65.44%
Epoch: 600, Loss: 0.0090, Train: 66.93%, Valid: 64.13%, Test: 63.91%, Best Valid: 66.60%, Best Test: 66.22%
Epoch: 700, Loss: 0.0021, Train: 67.25%, Valid: 64.47%, Test: 63.85%, Best Valid: 66.60%, Best Test: 66.22%
Epoch: 800, Loss: 0.0088, Train: 66.77%, Valid: 64.18%, Test: 63.25%, Best Valid: 66.85%, Best Test: 65.73%
Epoch: 900, Loss: 0.0111, Train: 69.01%, Valid: 66.78%, Test: 66.34%, Best Valid: 66.85%, Best Test: 65.73%
Epoch: 1000, Loss: 0.0019, Train: 67.77%, Valid: 64.91%, Test: 64.72%, Best Valid: 66.85%, Best Test: 65.73%
Epoch: 1100, Loss: 0.0206, Train: 68.63%, Valid: 66.32%, Test: 65.83%, Best Valid: 67.10%, Best Test: 66.94%
Epoch: 1200, Loss: 0.0036, Train: 68.41%, Valid: 66.14%, Test: 65.85%, Best Valid: 67.10%, Best Test: 66.94%
Epoch: 1300, Loss: 0.0031, Train: 67.18%, Valid: 65.08%, Test: 64.30%, Best Valid: 67.10%, Best Test: 66.94%
Epoch: 1400, Loss: 0.0183, Train: 67.96%, Valid: 64.92%, Test: 65.28%, Best Valid: 67.10%, Best Test: 66.94%
Epoch: 1500, Loss: 0.0313, Train: 68.96%, Valid: 65.91%, Test: 65.37%, Best Valid: 67.10%, Best Test: 66.94%
Epoch: 1600, Loss: 0.0225, Train: 67.87%, Valid: 65.30%, Test: 65.55%, Best Valid: 67.10%, Best Test: 66.94%
Epoch: 1700, Loss: 0.0021, Train: 67.13%, Valid: 64.80%, Test: 64.91%, Best Valid: 67.10%, Best Test: 66.94%
Epoch: 1800, Loss: 0.0104, Train: 66.85%, Valid: 64.27%, Test: 63.94%, Best Valid: 67.10%, Best Test: 66.94%
Epoch: 1900, Loss: 0.0021, Train: 67.24%, Valid: 63.97%, Test: 64.38%, Best Valid: 67.10%, Best Test: 66.94%
Epoch: 2000, Loss: 0.0030, Train: 68.33%, Valid: 65.56%, Test: 65.74%, Best Valid: 67.10%, Best Test: 66.94%
Epoch: 2100, Loss: 0.0328, Train: 67.76%, Valid: 65.37%, Test: 64.08%, Best Valid: 67.10%, Best Test: 66.94%
Epoch: 2200, Loss: 0.0007, Train: 68.22%, Valid: 65.31%, Test: 65.57%, Best Valid: 67.10%, Best Test: 66.94%
Epoch: 2300, Loss: 0.0017, Train: 68.75%, Valid: 66.25%, Test: 66.04%, Best Valid: 67.10%, Best Test: 66.94%
Epoch: 2400, Loss: 0.0008, Train: 68.77%, Valid: 65.97%, Test: 65.53%, Best Valid: 67.50%, Best Test: 67.12%
Epoch: 2500, Loss: 0.0062, Train: 68.51%, Valid: 65.72%, Test: 64.19%, Best Valid: 67.50%, Best Test: 67.12%
Run 09:
Highest Train: 70.02
Highest Valid: 67.50
Highest Test: 67.30
Chosen epoch: 2305
Final Train: 70.02
Final Test: 67.12
Label budget: 50/class -> 900 train nodes
Computing oracle penalty matrix from true labels...
Oracle penalty matrix frozen.
Epoch: 00, Loss: 3.8403, Train: 6.62%, Valid: 6.32%, Test: 5.86%, Best Valid: 6.32%, Best Test: 5.86%
Switching Polynormer to global attention phase.
Epoch: 100, Loss: 3.0438, Train: 9.84%, Valid: 9.41%, Test: 9.99%, Best Valid: 66.28%, Best Test: 65.25%
Epoch: 200, Loss: 0.0441, Train: 67.19%, Valid: 66.05%, Test: 64.91%, Best Valid: 66.28%, Best Test: 65.25%
Epoch: 300, Loss: 0.0158, Train: 66.23%, Valid: 64.50%, Test: 64.33%, Best Valid: 66.57%, Best Test: 65.73%
Epoch: 400, Loss: 0.0109, Train: 69.02%, Valid: 67.26%, Test: 66.47%, Best Valid: 67.26%, Best Test: 66.47%
Epoch: 500, Loss: 0.0129, Train: 67.93%, Valid: 65.31%, Test: 65.90%, Best Valid: 67.26%, Best Test: 66.47%
Epoch: 600, Loss: 0.0278, Train: 66.84%, Valid: 65.40%, Test: 64.30%, Best Valid: 67.26%, Best Test: 66.47%
Epoch: 700, Loss: 0.0185, Train: 68.73%, Valid: 67.10%, Test: 65.92%, Best Valid: 67.48%, Best Test: 66.17%
Epoch: 800, Loss: 0.0107, Train: 69.73%, Valid: 67.57%, Test: 66.85%, Best Valid: 68.49%, Best Test: 67.74%
Epoch: 900, Loss: 0.0164, Train: 67.15%, Valid: 64.82%, Test: 64.67%, Best Valid: 68.49%, Best Test: 67.74%
Epoch: 1000, Loss: 0.0067, Train: 67.88%, Valid: 65.49%, Test: 65.60%, Best Valid: 68.49%, Best Test: 67.74%
Epoch: 1100, Loss: 0.0190, Train: 69.36%, Valid: 67.41%, Test: 67.14%, Best Valid: 68.49%, Best Test: 67.74%
Epoch: 1200, Loss: 0.0117, Train: 68.06%, Valid: 65.40%, Test: 64.77%, Best Valid: 68.49%, Best Test: 67.74%
Epoch: 1300, Loss: 0.0031, Train: 66.75%, Valid: 64.91%, Test: 64.07%, Best Valid: 68.49%, Best Test: 67.74%
Epoch: 1400, Loss: 0.0009, Train: 67.77%, Valid: 65.60%, Test: 65.88%, Best Valid: 68.49%, Best Test: 67.74%
Epoch: 1500, Loss: 0.0092, Train: 67.79%, Valid: 65.68%, Test: 65.07%, Best Valid: 68.49%, Best Test: 67.74%
Epoch: 1600, Loss: 0.0114, Train: 68.29%, Valid: 66.04%, Test: 65.50%, Best Valid: 68.49%, Best Test: 67.74%
Epoch: 1700, Loss: 0.0146, Train: 69.52%, Valid: 66.88%, Test: 66.75%, Best Valid: 68.49%, Best Test: 67.74%
Epoch: 1800, Loss: 0.0027, Train: 68.31%, Valid: 66.80%, Test: 66.38%, Best Valid: 68.49%, Best Test: 67.74%
Epoch: 1900, Loss: 0.0088, Train: 69.25%, Valid: 67.10%, Test: 66.91%, Best Valid: 68.49%, Best Test: 67.74%
Epoch: 2000, Loss: 0.0075, Train: 68.41%, Valid: 66.43%, Test: 66.15%, Best Valid: 68.49%, Best Test: 67.74%
Epoch: 2100, Loss: 0.0138, Train: 68.15%, Valid: 66.28%, Test: 64.93%, Best Valid: 68.61%, Best Test: 67.74%
Epoch: 2200, Loss: 0.0164, Train: 70.00%, Valid: 67.89%, Test: 67.21%, Best Valid: 68.83%, Best Test: 67.77%
Epoch: 2300, Loss: 0.0081, Train: 69.14%, Valid: 66.13%, Test: 66.31%, Best Valid: 68.83%, Best Test: 67.77%
Epoch: 2400, Loss: 0.0014, Train: 69.79%, Valid: 67.71%, Test: 67.35%, Best Valid: 68.83%, Best Test: 67.77%
Epoch: 2500, Loss: 0.0108, Train: 70.89%, Valid: 69.27%, Test: 68.60%, Best Valid: 69.62%, Best Test: 68.62%
Run 10:
Highest Train: 71.39
Highest Valid: 69.62
Highest Test: 68.99
Chosen epoch: 2466
Final Train: 71.36
Final Test: 68.62
All runs:
Highest Train: 70.58 ± 0.83
Highest Test: 68.63 ± 0.86
Highest Valid: 68.39 ± 1.08
  Final Train: 70.34 ± 0.85
   Final Test: 68.10 ± 0.99
Saving results to ../results/lowlabel/roman-empire/polynormer.csv
--- oracle_reg | lambda=0.1 ---
Namespace(aggregate='add', alpha=0.5, attention='gcn', beta=0.5, bn=False, budget_tag='50', count_reg=False, count_smoothing=1.0, cpu=False, data_dir='../data/', dataset='roman-empire', device=0, dim_inner=64, display_step=100, dropout=0.3, epochs=500, global_dropout=0.5, global_epochs=2500, global_layers=2, gnn='gcn', graph_weight=0.8, hidden_channels=64, hops=10, in_dropout=0.15, jk=False, label_num_per_class=20, lambda_val=0.1, layers=1, ln=False, local_epochs=100, local_gnn_type='GCN', local_layers=10, lr=0.001, metric='acc', mlp_epochs=500, mlp_reg=False, model='polynormer', model_dir='models/lowlabel_1178246_398', n_heads=8, num_centroids=4096, num_heads=8, oracle_reg=True, paired_seeds=True, pe_types='RWSE', penalty_transform='none', pre_linear=False, pre_ln=False, rand_split=False, rand_split_class=False, reg_start_epoch=10, reg_update_freq=5, res=False, resample_split_per_run=False, result_dir='../results/lowlabel', runs=10, save_model=True, save_result=False, seed=42, test_num=1000, tr_dropout=None, tr_layers=1, tr_weight_decay=None, train_per_class=50, train_prop=0.5, use_act=False, use_bn=False, use_graph=False, use_reg=True, use_residual=False, use_weight=False, valid_num=500, valid_per_class=0, valid_prop=0.25, weight_decay=0.0)
roman-empire
dataset roman-empire | num nodes 22662 | num edge 32927 | num node feats 300 | num classes 18
MODEL: Polynormer(
  (h_lins): ModuleList(
    (0): Linear(in_features=512, out_features=512, bias=True)
    (1): Linear(in_features=512, out_features=512, bias=True)
    (2): Linear(in_features=512, out_features=512, bias=True)
    (3): Linear(in_features=512, out_features=512, bias=True)
    (4): Linear(in_features=512, out_features=512, bias=True)
    (5): Linear(in_features=512, out_features=512, bias=True)
    (6): Linear(in_features=512, out_features=512, bias=True)
    (7): Linear(in_features=512, out_features=512, bias=True)
    (8): Linear(in_features=512, out_features=512, bias=True)
    (9): Linear(in_features=512, out_features=512, bias=True)
  )
  (local_convs): ModuleList(
    (0): GATConv(512, 64, heads=8)
    (1): GATConv(512, 64, heads=8)
    (2): GATConv(512, 64, heads=8)
    (3): GATConv(512, 64, heads=8)
    (4): GATConv(512, 64, heads=8)
    (5): GATConv(512, 64, heads=8)
    (6): GATConv(512, 64, heads=8)
    (7): GATConv(512, 64, heads=8)
    (8): GATConv(512, 64, heads=8)
    (9): GATConv(512, 64, heads=8)
  )
  (lins): ModuleList(
    (0): Linear(in_features=512, out_features=512, bias=True)
    (1): Linear(in_features=512, out_features=512, bias=True)
    (2): Linear(in_features=512, out_features=512, bias=True)
    (3): Linear(in_features=512, out_features=512, bias=True)
    (4): Linear(in_features=512, out_features=512, bias=True)
    (5): Linear(in_features=512, out_features=512, bias=True)
    (6): Linear(in_features=512, out_features=512, bias=True)
    (7): Linear(in_features=512, out_features=512, bias=True)
    (8): Linear(in_features=512, out_features=512, bias=True)
    (9): Linear(in_features=512, out_features=512, bias=True)
  )
  (lns): ModuleList(
    (0): LayerNorm((512,), eps=1e-05, elementwise_affine=True)
    (1): LayerNorm((512,), eps=1e-05, elementwise_affine=True)
    (2): LayerNorm((512,), eps=1e-05, elementwise_affine=True)
    (3): LayerNorm((512,), eps=1e-05, elementwise_affine=True)
    (4): LayerNorm((512,), eps=1e-05, elementwise_affine=True)
    (5): LayerNorm((512,), eps=1e-05, elementwise_affine=True)
    (6): LayerNorm((512,), eps=1e-05, elementwise_affine=True)
    (7): LayerNorm((512,), eps=1e-05, elementwise_affine=True)
    (8): LayerNorm((512,), eps=1e-05, elementwise_affine=True)
    (9): LayerNorm((512,), eps=1e-05, elementwise_affine=True)
  )
  (lin_in): Linear(in_features=300, out_features=512, bias=True)
  (ln): LayerNorm((512,), eps=1e-05, elementwise_affine=True)
  (global_attn): GlobalAttn(
    (h_lins): ModuleList(
      (0): Linear(in_features=512, out_features=512, bias=True)
      (1): Linear(in_features=512, out_features=512, bias=True)
    )
    (k_lins): ModuleList(
      (0): Linear(in_features=512, out_features=512, bias=True)
      (1): Linear(in_features=512, out_features=512, bias=True)
    )
    (v_lins): ModuleList(
      (0): Linear(in_features=512, out_features=512, bias=True)
      (1): Linear(in_features=512, out_features=512, bias=True)
    )
    (lns): ModuleList(
      (0): LayerNorm((512,), eps=1e-05, elementwise_affine=True)
      (1): LayerNorm((512,), eps=1e-05, elementwise_affine=True)
    )
    (lin_out): Linear(in_features=512, out_features=512, bias=True)
  )
  (pred_local): Linear(in_features=512, out_features=18, bias=True)
  (pred_global): Linear(in_features=512, out_features=18, bias=True)
)
Label budget: 50/class -> 900 train nodes
Computing oracle penalty matrix from true labels...
Oracle penalty matrix frozen.
Epoch: 00, Loss: 3.9486, Train: 7.10%, Valid: 7.36%, Test: 7.22%, Best Valid: 7.36%, Best Test: 7.22%
Switching Polynormer to global attention phase.
Epoch: 100, Loss: 3.1840, Train: 7.99%, Valid: 7.68%, Test: 7.77%, Best Valid: 65.83%, Best Test: 64.33%
Epoch: 200, Loss: 0.0442, Train: 67.57%, Valid: 64.92%, Test: 64.05%, Best Valid: 65.83%, Best Test: 64.33%
Epoch: 300, Loss: 0.0301, Train: 67.11%, Valid: 63.92%, Test: 63.89%, Best Valid: 66.04%, Best Test: 65.32%
Epoch: 400, Loss: 0.0485, Train: 68.85%, Valid: 65.51%, Test: 65.11%, Best Valid: 66.28%, Best Test: 65.87%
Epoch: 500, Loss: 0.0060, Train: 68.20%, Valid: 64.94%, Test: 63.93%, Best Valid: 66.28%, Best Test: 65.87%
Epoch: 600, Loss: 0.0098, Train: 68.59%, Valid: 65.79%, Test: 65.39%, Best Valid: 66.28%, Best Test: 65.87%
Epoch: 700, Loss: 0.0097, Train: 67.76%, Valid: 64.59%, Test: 64.30%, Best Valid: 67.59%, Best Test: 66.61%
Epoch: 800, Loss: 0.0027, Train: 69.32%, Valid: 66.09%, Test: 66.25%, Best Valid: 67.59%, Best Test: 66.61%
Epoch: 900, Loss: 0.0138, Train: 67.25%, Valid: 63.71%, Test: 64.38%, Best Valid: 67.59%, Best Test: 66.61%
Epoch: 1000, Loss: 0.0170, Train: 65.85%, Valid: 61.64%, Test: 62.12%, Best Valid: 67.59%, Best Test: 66.61%
Epoch: 1100, Loss: 0.0086, Train: 68.85%, Valid: 65.97%, Test: 65.18%, Best Valid: 67.59%, Best Test: 66.61%
Epoch: 1200, Loss: 0.0097, Train: 67.52%, Valid: 64.34%, Test: 63.43%, Best Valid: 67.59%, Best Test: 66.61%
Epoch: 1300, Loss: 0.0073, Train: 68.90%, Valid: 65.72%, Test: 65.65%, Best Valid: 67.59%, Best Test: 66.61%
Epoch: 1400, Loss: 0.0104, Train: 68.48%, Valid: 65.93%, Test: 64.97%, Best Valid: 67.59%, Best Test: 66.61%
Epoch: 1500, Loss: 0.0097, Train: 67.84%, Valid: 65.15%, Test: 64.83%, Best Valid: 67.59%, Best Test: 66.61%
Epoch: 1600, Loss: 0.0179, Train: 67.13%, Valid: 64.02%, Test: 63.68%, Best Valid: 67.59%, Best Test: 66.61%
Epoch: 1700, Loss: 0.0055, Train: 69.80%, Valid: 66.32%, Test: 66.57%, Best Valid: 67.59%, Best Test: 66.61%
Epoch: 1800, Loss: 0.0174, Train: 70.54%, Valid: 67.89%, Test: 67.08%, Best Valid: 68.00%, Best Test: 67.19%
Epoch: 1900, Loss: 0.0288, Train: 67.06%, Valid: 64.43%, Test: 63.75%, Best Valid: 68.00%, Best Test: 67.19%
Epoch: 2000, Loss: 0.0035, Train: 69.35%, Valid: 66.35%, Test: 65.88%, Best Valid: 68.00%, Best Test: 67.19%
Epoch: 2100, Loss: 0.0123, Train: 67.35%, Valid: 63.71%, Test: 63.77%, Best Valid: 68.08%, Best Test: 67.05%
Epoch: 2200, Loss: 0.0052, Train: 68.80%, Valid: 65.93%, Test: 65.69%, Best Valid: 68.08%, Best Test: 67.05%
Epoch: 2300, Loss: 0.0032, Train: 67.55%, Valid: 64.04%, Test: 64.51%, Best Valid: 68.08%, Best Test: 67.05%
Epoch: 2400, Loss: 0.0041, Train: 67.89%, Valid: 64.48%, Test: 64.63%, Best Valid: 68.08%, Best Test: 67.05%
Epoch: 2500, Loss: 0.0008, Train: 70.68%, Valid: 67.45%, Test: 67.17%, Best Valid: 68.08%, Best Test: 67.05%
Run 01:
Highest Train: 71.02
Highest Valid: 68.08
Highest Test: 67.93
Chosen epoch: 2029
Final Train: 70.89
Final Test: 67.05
Label budget: 50/class -> 900 train nodes
Computing oracle penalty matrix from true labels...
Oracle penalty matrix frozen.
Epoch: 00, Loss: 3.8823, Train: 9.50%, Valid: 9.67%, Test: 9.92%, Best Valid: 9.67%, Best Test: 9.92%
Switching Polynormer to global attention phase.
Epoch: 100, Loss: 3.2068, Train: 6.53%, Valid: 6.57%, Test: 6.62%, Best Valid: 65.40%, Best Test: 65.76%
Epoch: 200, Loss: 0.0621, Train: 67.60%, Valid: 65.47%, Test: 65.16%, Best Valid: 66.46%, Best Test: 66.98%
Epoch: 300, Loss: 0.0183, Train: 67.94%, Valid: 66.23%, Test: 65.74%, Best Valid: 67.43%, Best Test: 66.85%
Epoch: 400, Loss: 0.0190, Train: 68.05%, Valid: 65.70%, Test: 65.92%, Best Valid: 67.43%, Best Test: 66.85%
Epoch: 500, Loss: 0.0034, Train: 67.84%, Valid: 65.61%, Test: 65.37%, Best Valid: 67.43%, Best Test: 66.85%
Epoch: 600, Loss: 0.0111, Train: 68.86%, Valid: 66.60%, Test: 66.89%, Best Valid: 67.43%, Best Test: 66.85%
Epoch: 700, Loss: 0.0116, Train: 69.14%, Valid: 66.69%, Test: 67.23%, Best Valid: 67.43%, Best Test: 66.85%
Epoch: 800, Loss: 0.0189, Train: 67.65%, Valid: 65.40%, Test: 65.80%, Best Valid: 67.43%, Best Test: 66.85%
Epoch: 900, Loss: 0.0051, Train: 67.80%, Valid: 65.15%, Test: 66.04%, Best Valid: 67.75%, Best Test: 67.01%
Epoch: 1000, Loss: 0.0209, Train: 69.31%, Valid: 67.33%, Test: 68.00%, Best Valid: 67.75%, Best Test: 67.01%
Epoch: 1100, Loss: 0.0318, Train: 68.79%, Valid: 66.34%, Test: 66.91%, Best Valid: 67.89%, Best Test: 68.94%
Epoch: 1200, Loss: 0.0087, Train: 68.29%, Valid: 66.05%, Test: 66.08%, Best Valid: 67.89%, Best Test: 68.94%
Epoch: 1300, Loss: 0.0050, Train: 69.30%, Valid: 67.47%, Test: 67.19%, Best Valid: 67.89%, Best Test: 68.94%
Epoch: 1400, Loss: 0.0042, Train: 68.86%, Valid: 66.35%, Test: 66.55%, Best Valid: 67.89%, Best Test: 68.94%
Epoch: 1500, Loss: 0.0134, Train: 68.24%, Valid: 65.98%, Test: 65.95%, Best Valid: 67.89%, Best Test: 68.94%
Epoch: 1600, Loss: 0.0031, Train: 67.81%, Valid: 65.61%, Test: 66.33%, Best Valid: 67.89%, Best Test: 68.94%
Epoch: 1700, Loss: 0.0031, Train: 69.62%, Valid: 67.50%, Test: 67.53%, Best Valid: 68.01%, Best Test: 66.98%
Epoch: 1800, Loss: 0.0094, Train: 69.76%, Valid: 67.98%, Test: 67.08%, Best Valid: 68.51%, Best Test: 68.62%
Epoch: 1900, Loss: 0.0077, Train: 67.73%, Valid: 65.33%, Test: 65.60%, Best Valid: 68.51%, Best Test: 68.62%
Epoch: 2000, Loss: 0.0233, Train: 69.16%, Valid: 67.08%, Test: 67.10%, Best Valid: 68.51%, Best Test: 68.62%
Epoch: 2100, Loss: 0.0155, Train: 67.68%, Valid: 65.42%, Test: 65.34%, Best Valid: 68.51%, Best Test: 68.62%
Epoch: 2200, Loss: 0.0093, Train: 69.01%, Valid: 66.37%, Test: 66.40%, Best Valid: 68.51%, Best Test: 68.62%
Epoch: 2300, Loss: 0.0030, Train: 68.32%, Valid: 66.04%, Test: 66.57%, Best Valid: 68.51%, Best Test: 68.62%
Epoch: 2400, Loss: 0.0167, Train: 69.09%, Valid: 67.52%, Test: 67.53%, Best Valid: 68.51%, Best Test: 68.62%
Epoch: 2500, Loss: 0.0011, Train: 68.95%, Valid: 66.67%, Test: 67.44%, Best Valid: 68.51%, Best Test: 68.62%
Run 02:
Highest Train: 71.06
Highest Valid: 68.51
Highest Test: 68.94
Chosen epoch: 1769
Final Train: 71.06
Final Test: 68.62
Label budget: 50/class -> 900 train nodes
Computing oracle penalty matrix from true labels...
Oracle penalty matrix frozen.
Epoch: 00, Loss: 3.8643, Train: 8.56%, Valid: 8.65%, Test: 8.19%, Best Valid: 8.65%, Best Test: 8.19%
Switching Polynormer to global attention phase.
Epoch: 100, Loss: 3.1916, Train: 12.61%, Valid: 12.69%, Test: 12.97%, Best Valid: 66.09%, Best Test: 65.80%
Epoch: 200, Loss: 0.0291, Train: 66.79%, Valid: 64.01%, Test: 63.87%, Best Valid: 66.09%, Best Test: 65.80%
Epoch: 300, Loss: 0.0507, Train: 67.43%, Valid: 64.96%, Test: 64.15%, Best Valid: 66.09%, Best Test: 65.80%
Epoch: 400, Loss: 0.0248, Train: 66.75%, Valid: 64.70%, Test: 64.12%, Best Valid: 66.20%, Best Test: 66.41%
Epoch: 500, Loss: 0.0321, Train: 67.21%, Valid: 64.29%, Test: 64.60%, Best Valid: 66.39%, Best Test: 66.43%
Epoch: 600, Loss: 0.0225, Train: 68.17%, Valid: 65.93%, Test: 65.69%, Best Valid: 67.22%, Best Test: 66.18%
Epoch: 700, Loss: 0.0317, Train: 68.59%, Valid: 65.61%, Test: 65.71%, Best Valid: 67.22%, Best Test: 66.18%
Epoch: 800, Loss: 0.0080, Train: 66.84%, Valid: 63.27%, Test: 64.77%, Best Valid: 67.22%, Best Test: 66.18%
Epoch: 900, Loss: 0.0113, Train: 69.08%, Valid: 65.91%, Test: 66.31%, Best Valid: 67.22%, Best Test: 66.18%
Epoch: 1000, Loss: 0.0163, Train: 69.21%, Valid: 65.88%, Test: 66.18%, Best Valid: 67.22%, Best Test: 66.18%
Epoch: 1100, Loss: 0.0030, Train: 69.95%, Valid: 66.99%, Test: 66.31%, Best Valid: 67.22%, Best Test: 66.18%
Epoch: 1200, Loss: 0.0022, Train: 68.43%, Valid: 64.71%, Test: 65.48%, Best Valid: 67.48%, Best Test: 66.57%
Epoch: 1300, Loss: 0.0284, Train: 68.76%, Valid: 65.97%, Test: 65.87%, Best Valid: 67.48%, Best Test: 66.57%
Epoch: 1400, Loss: 0.0131, Train: 68.03%, Valid: 65.58%, Test: 65.76%, Best Valid: 67.48%, Best Test: 66.57%
Epoch: 1500, Loss: 0.0249, Train: 67.90%, Valid: 65.56%, Test: 65.46%, Best Valid: 67.48%, Best Test: 66.57%
Epoch: 1600, Loss: 0.0180, Train: 69.76%, Valid: 66.65%, Test: 67.14%, Best Valid: 67.56%, Best Test: 67.83%
Epoch: 1700, Loss: 0.0055, Train: 68.17%, Valid: 65.12%, Test: 65.67%, Best Valid: 67.56%, Best Test: 67.83%
Epoch: 1800, Loss: 0.0157, Train: 69.04%, Valid: 65.65%, Test: 66.25%, Best Valid: 67.59%, Best Test: 67.17%
Epoch: 1900, Loss: 0.0057, Train: 68.68%, Valid: 65.86%, Test: 65.78%, Best Valid: 67.59%, Best Test: 67.17%
Epoch: 2000, Loss: 0.0060, Train: 68.63%, Valid: 66.20%, Test: 65.43%, Best Valid: 67.59%, Best Test: 67.17%
Epoch: 2100, Loss: 0.0063, Train: 69.28%, Valid: 67.06%, Test: 66.17%, Best Valid: 67.91%, Best Test: 66.75%
Epoch: 2200, Loss: 0.0076, Train: 68.13%, Valid: 65.00%, Test: 64.98%, Best Valid: 67.91%, Best Test: 66.75%
Epoch: 2300, Loss: 0.0022, Train: 68.74%, Valid: 66.07%, Test: 65.60%, Best Valid: 67.91%, Best Test: 66.75%
Epoch: 2400, Loss: 0.0006, Train: 66.01%, Valid: 62.54%, Test: 63.03%, Best Valid: 67.91%, Best Test: 66.75%
Epoch: 2500, Loss: 0.0032, Train: 69.91%, Valid: 67.26%, Test: 66.94%, Best Valid: 67.91%, Best Test: 66.75%
Run 03:
Highest Train: 70.47
Highest Valid: 67.91
Highest Test: 67.83
Chosen epoch: 2092
Final Train: 69.88
Final Test: 66.75
Label budget: 50/class -> 900 train nodes
Computing oracle penalty matrix from true labels...
Oracle penalty matrix frozen.
Epoch: 00, Loss: 4.0351, Train: 5.54%, Valid: 5.60%, Test: 5.28%, Best Valid: 5.60%, Best Test: 5.28%
Switching Polynormer to global attention phase.
Epoch: 100, Loss: 3.1905, Train: 4.76%, Valid: 4.84%, Test: 4.80%, Best Valid: 67.68%, Best Test: 67.54%
Epoch: 200, Loss: 0.0596, Train: 69.13%, Valid: 67.54%, Test: 68.20%, Best Valid: 69.00%, Best Test: 69.01%
Epoch: 300, Loss: 0.0341, Train: 67.69%, Valid: 66.21%, Test: 67.44%, Best Valid: 69.00%, Best Test: 69.01%
Epoch: 400, Loss: 0.0363, Train: 67.36%, Valid: 65.68%, Test: 66.13%, Best Valid: 69.00%, Best Test: 69.01%
Epoch: 500, Loss: 0.0318, Train: 66.76%, Valid: 64.70%, Test: 65.37%, Best Valid: 69.00%, Best Test: 69.01%
Epoch: 600, Loss: 0.0035, Train: 68.41%, Valid: 66.74%, Test: 68.04%, Best Valid: 69.00%, Best Test: 69.01%
Epoch: 700, Loss: 0.0069, Train: 67.49%, Valid: 65.58%, Test: 66.61%, Best Valid: 69.00%, Best Test: 69.01%
Epoch: 800, Loss: 0.0212, Train: 67.50%, Valid: 66.34%, Test: 67.15%, Best Valid: 69.00%, Best Test: 69.01%
Epoch: 900, Loss: 0.0076, Train: 68.26%, Valid: 65.98%, Test: 67.47%, Best Valid: 69.00%, Best Test: 69.01%
Epoch: 1000, Loss: 0.0014, Train: 68.56%, Valid: 66.95%, Test: 67.68%, Best Valid: 69.00%, Best Test: 69.01%
Epoch: 1100, Loss: 0.0138, Train: 68.26%, Valid: 66.81%, Test: 67.98%, Best Valid: 69.00%, Best Test: 69.01%
Epoch: 1200, Loss: 0.0169, Train: 69.41%, Valid: 67.68%, Test: 69.01%, Best Valid: 69.00%, Best Test: 69.01%
Epoch: 1300, Loss: 0.0065, Train: 68.58%, Valid: 67.34%, Test: 67.83%, Best Valid: 69.00%, Best Test: 69.01%
Epoch: 1400, Loss: 0.0269, Train: 68.54%, Valid: 67.68%, Test: 68.34%, Best Valid: 69.00%, Best Test: 69.01%
Epoch: 1500, Loss: 0.0095, Train: 68.62%, Valid: 67.40%, Test: 68.30%, Best Valid: 69.57%, Best Test: 70.38%
Epoch: 1600, Loss: 0.0034, Train: 67.13%, Valid: 66.60%, Test: 66.78%, Best Valid: 69.57%, Best Test: 70.38%
Epoch: 1700, Loss: 0.0183, Train: 68.55%, Valid: 67.84%, Test: 68.41%, Best Valid: 69.57%, Best Test: 70.38%
Epoch: 1800, Loss: 0.0350, Train: 68.33%, Valid: 67.13%, Test: 68.00%, Best Valid: 69.57%, Best Test: 70.38%
Epoch: 1900, Loss: 0.0069, Train: 67.86%, Valid: 66.53%, Test: 67.56%, Best Valid: 69.57%, Best Test: 70.38%
Epoch: 2000, Loss: 0.0159, Train: 67.85%, Valid: 66.35%, Test: 67.17%, Best Valid: 69.57%, Best Test: 70.38%
Epoch: 2100, Loss: 0.0084, Train: 68.33%, Valid: 66.60%, Test: 67.35%, Best Valid: 69.57%, Best Test: 70.38%
Epoch: 2200, Loss: 0.0026, Train: 67.34%, Valid: 65.81%, Test: 66.85%, Best Valid: 69.57%, Best Test: 70.38%
Epoch: 2300, Loss: 0.0074, Train: 68.75%, Valid: 67.17%, Test: 68.57%, Best Valid: 69.57%, Best Test: 70.38%
Epoch: 2400, Loss: 0.0221, Train: 67.88%, Valid: 65.74%, Test: 67.42%, Best Valid: 69.57%, Best Test: 70.38%
Epoch: 2500, Loss: 0.0070, Train: 69.07%, Valid: 66.92%, Test: 67.44%, Best Valid: 69.57%, Best Test: 70.38%
Run 04:
Highest Train: 70.55
Highest Valid: 69.57
Highest Test: 70.38
Chosen epoch: 1424
Final Train: 70.33
Final Test: 70.38
Label budget: 50/class -> 900 train nodes
Computing oracle penalty matrix from true labels...
Oracle penalty matrix frozen.
Epoch: 00, Loss: 4.0170, Train: 6.19%, Valid: 6.60%, Test: 6.55%, Best Valid: 6.60%, Best Test: 6.55%
Switching Polynormer to global attention phase.
Epoch: 100, Loss: 3.1981, Train: 9.85%, Valid: 10.01%, Test: 10.22%, Best Valid: 66.97%, Best Test: 67.54%
Epoch: 200, Loss: 0.0746, Train: 68.65%, Valid: 66.05%, Test: 66.57%, Best Valid: 67.24%, Best Test: 66.91%
Epoch: 300, Loss: 0.0236, Train: 67.47%, Valid: 65.17%, Test: 65.23%, Best Valid: 68.26%, Best Test: 68.20%
Epoch: 400, Loss: 0.0047, Train: 67.58%, Valid: 64.32%, Test: 65.21%, Best Valid: 68.26%, Best Test: 68.20%
Epoch: 500, Loss: 0.0133, Train: 68.23%, Valid: 65.38%, Test: 66.36%, Best Valid: 68.26%, Best Test: 68.20%
Epoch: 600, Loss: 0.0163, Train: 68.21%, Valid: 65.51%, Test: 66.01%, Best Valid: 68.26%, Best Test: 68.20%
Epoch: 700, Loss: 0.0113, Train: 68.57%, Valid: 65.93%, Test: 66.93%, Best Valid: 68.26%, Best Test: 68.20%
Epoch: 800, Loss: 0.0016, Train: 69.35%, Valid: 66.95%, Test: 67.61%, Best Valid: 68.26%, Best Test: 68.20%
Epoch: 900, Loss: 0.0100, Train: 68.95%, Valid: 66.34%, Test: 66.61%, Best Valid: 68.26%, Best Test: 68.20%
Epoch: 1000, Loss: 0.0018, Train: 67.96%, Valid: 65.14%, Test: 65.87%, Best Valid: 68.97%, Best Test: 69.13%
Epoch: 1100, Loss: 0.0104, Train: 68.80%, Valid: 66.16%, Test: 66.66%, Best Valid: 68.97%, Best Test: 69.13%
Epoch: 1200, Loss: 0.0092, Train: 70.74%, Valid: 68.12%, Test: 68.34%, Best Valid: 68.97%, Best Test: 69.13%
Epoch: 1300, Loss: 0.0065, Train: 69.26%, Valid: 66.25%, Test: 66.66%, Best Valid: 68.97%, Best Test: 69.13%
Epoch: 1400, Loss: 0.0167, Train: 68.50%, Valid: 65.95%, Test: 67.15%, Best Valid: 68.97%, Best Test: 69.13%
Epoch: 1500, Loss: 0.0087, Train: 70.51%, Valid: 67.86%, Test: 67.86%, Best Valid: 68.97%, Best Test: 69.13%
Epoch: 1600, Loss: 0.0195, Train: 69.31%, Valid: 66.78%, Test: 67.19%, Best Valid: 68.97%, Best Test: 69.13%
Epoch: 1700, Loss: 0.0100, Train: 70.16%, Valid: 67.50%, Test: 67.95%, Best Valid: 68.97%, Best Test: 69.13%
Epoch: 1800, Loss: 0.0072, Train: 68.67%, Valid: 65.23%, Test: 66.15%, Best Valid: 69.00%, Best Test: 69.38%
Epoch: 1900, Loss: 0.0092, Train: 70.28%, Valid: 66.85%, Test: 67.26%, Best Valid: 69.00%, Best Test: 69.38%
Epoch: 2000, Loss: 0.0058, Train: 68.48%, Valid: 66.43%, Test: 66.64%, Best Valid: 69.00%, Best Test: 69.38%
Epoch: 2100, Loss: 0.0018, Train: 70.57%, Valid: 68.23%, Test: 68.20%, Best Valid: 69.00%, Best Test: 69.38%
Epoch: 2200, Loss: 0.0024, Train: 69.86%, Valid: 68.00%, Test: 67.95%, Best Valid: 69.04%, Best Test: 69.04%
Epoch: 2300, Loss: 0.0172, Train: 69.87%, Valid: 67.27%, Test: 67.86%, Best Valid: 69.04%, Best Test: 69.04%
Epoch: 2400, Loss: 0.0042, Train: 69.13%, Valid: 66.41%, Test: 67.17%, Best Valid: 69.04%, Best Test: 69.04%
Epoch: 2500, Loss: 0.0157, Train: 68.44%, Valid: 65.54%, Test: 65.81%, Best Valid: 69.04%, Best Test: 69.04%
Run 05:
Highest Train: 71.81
Highest Valid: 69.34
Highest Test: 69.54
Chosen epoch: 2592
Final Train: 71.69
Final Test: 69.03
Label budget: 50/class -> 900 train nodes
Computing oracle penalty matrix from true labels...
Oracle penalty matrix frozen.
Epoch: 00, Loss: 3.9986, Train: 11.41%, Valid: 11.23%, Test: 11.22%, Best Valid: 11.23%, Best Test: 11.22%
Switching Polynormer to global attention phase.
Epoch: 100, Loss: 3.2043, Train: 9.24%, Valid: 9.25%, Test: 9.27%, Best Valid: 64.87%, Best Test: 65.81%
Epoch: 200, Loss: 0.0599, Train: 68.89%, Valid: 66.11%, Test: 66.87%, Best Valid: 66.20%, Best Test: 66.84%
Epoch: 300, Loss: 0.0285, Train: 67.20%, Valid: 63.99%, Test: 64.84%, Best Valid: 66.20%, Best Test: 66.84%
Epoch: 400, Loss: 0.0094, Train: 66.37%, Valid: 63.55%, Test: 64.47%, Best Valid: 66.20%, Best Test: 66.84%
Epoch: 500, Loss: 0.0117, Train: 67.82%, Valid: 65.15%, Test: 66.06%, Best Valid: 66.35%, Best Test: 66.75%
Epoch: 600, Loss: 0.0232, Train: 68.00%, Valid: 65.51%, Test: 66.15%, Best Valid: 66.44%, Best Test: 66.98%
Epoch: 700, Loss: 0.0030, Train: 68.24%, Valid: 65.63%, Test: 66.54%, Best Valid: 66.44%, Best Test: 66.98%
Epoch: 800, Loss: 0.0054, Train: 68.12%, Valid: 65.33%, Test: 65.94%, Best Valid: 66.44%, Best Test: 66.98%
Epoch: 900, Loss: 0.0180, Train: 66.47%, Valid: 63.90%, Test: 64.15%, Best Valid: 66.76%, Best Test: 66.80%
Epoch: 1000, Loss: 0.0019, Train: 68.06%, Valid: 64.98%, Test: 66.20%, Best Valid: 66.76%, Best Test: 66.80%
Epoch: 1100, Loss: 0.0504, Train: 68.67%, Valid: 66.74%, Test: 67.40%, Best Valid: 66.76%, Best Test: 66.80%
Epoch: 1200, Loss: 0.0045, Train: 69.20%, Valid: 66.53%, Test: 67.17%, Best Valid: 66.76%, Best Test: 66.80%
Epoch: 1300, Loss: 0.0186, Train: 68.32%, Valid: 64.82%, Test: 66.06%, Best Valid: 66.76%, Best Test: 66.80%
Epoch: 1400, Loss: 0.0029, Train: 67.84%, Valid: 64.66%, Test: 66.24%, Best Valid: 66.76%, Best Test: 66.80%
Epoch: 1500, Loss: 0.0217, Train: 67.40%, Valid: 64.57%, Test: 66.11%, Best Valid: 66.76%, Best Test: 66.80%
Epoch: 1600, Loss: 0.0019, Train: 67.20%, Valid: 64.50%, Test: 65.28%, Best Valid: 66.76%, Best Test: 66.80%
Epoch: 1700, Loss: 0.0021, Train: 67.85%, Valid: 64.78%, Test: 65.94%, Best Valid: 67.04%, Best Test: 68.57%
Epoch: 1800, Loss: 0.0014, Train: 67.96%, Valid: 65.61%, Test: 66.78%, Best Valid: 67.04%, Best Test: 68.57%
Epoch: 1900, Loss: 0.0119, Train: 67.05%, Valid: 64.11%, Test: 65.28%, Best Valid: 67.04%, Best Test: 68.57%
Epoch: 2000, Loss: 0.0051, Train: 67.31%, Valid: 64.06%, Test: 65.11%, Best Valid: 67.04%, Best Test: 68.57%
Epoch: 2100, Loss: 0.0191, Train: 66.75%, Valid: 63.20%, Test: 64.54%, Best Valid: 67.04%, Best Test: 68.57%
Epoch: 2200, Loss: 0.0455, Train: 67.12%, Valid: 64.57%, Test: 65.25%, Best Valid: 67.04%, Best Test: 68.57%
Epoch: 2300, Loss: 0.0075, Train: 69.12%, Valid: 66.65%, Test: 67.61%, Best Valid: 67.59%, Best Test: 68.36%
Epoch: 2400, Loss: 0.0147, Train: 67.43%, Valid: 65.01%, Test: 65.32%, Best Valid: 67.59%, Best Test: 68.36%
Epoch: 2500, Loss: 0.0047, Train: 69.92%, Valid: 67.50%, Test: 67.81%, Best Valid: 67.59%, Best Test: 68.36%
Run 06:
Highest Train: 70.28
Highest Valid: 67.59
Highest Test: 68.57
Chosen epoch: 2274
Final Train: 70.28
Final Test: 68.36
Label budget: 50/class -> 900 train nodes
Computing oracle penalty matrix from true labels...
Oracle penalty matrix frozen.
Epoch: 00, Loss: 3.9733, Train: 5.79%, Valid: 5.44%, Test: 6.18%, Best Valid: 5.44%, Best Test: 6.18%
Switching Polynormer to global attention phase.
Epoch: 100, Loss: 3.2016, Train: 7.52%, Valid: 7.27%, Test: 7.64%, Best Valid: 66.25%, Best Test: 66.63%
Epoch: 200, Loss: 0.0392, Train: 69.06%, Valid: 65.38%, Test: 66.10%, Best Valid: 66.87%, Best Test: 66.82%
Epoch: 300, Loss: 0.0295, Train: 69.34%, Valid: 65.47%, Test: 66.43%, Best Valid: 66.87%, Best Test: 66.82%
Epoch: 400, Loss: 0.0135, Train: 69.68%, Valid: 65.81%, Test: 66.57%, Best Valid: 66.87%, Best Test: 66.82%
Epoch: 500, Loss: 0.0129, Train: 69.71%, Valid: 66.41%, Test: 66.91%, Best Valid: 66.99%, Best Test: 67.38%
Epoch: 600, Loss: 0.0043, Train: 69.16%, Valid: 66.00%, Test: 66.41%, Best Valid: 67.27%, Best Test: 67.68%
Epoch: 700, Loss: 0.0144, Train: 69.52%, Valid: 65.91%, Test: 66.55%, Best Valid: 67.27%, Best Test: 67.68%
Epoch: 800, Loss: 0.0149, Train: 69.23%, Valid: 65.81%, Test: 66.40%, Best Valid: 67.48%, Best Test: 68.25%
Epoch: 900, Loss: 0.0283, Train: 69.45%, Valid: 66.53%, Test: 67.08%, Best Valid: 68.00%, Best Test: 68.66%
Epoch: 1000, Loss: 0.0060, Train: 71.26%, Valid: 67.80%, Test: 68.23%, Best Valid: 68.00%, Best Test: 68.66%
Epoch: 1100, Loss: 0.0016, Train: 69.28%, Valid: 66.11%, Test: 66.18%, Best Valid: 68.00%, Best Test: 68.66%
Epoch: 1200, Loss: 0.0090, Train: 68.85%, Valid: 66.18%, Test: 65.95%, Best Valid: 68.00%, Best Test: 68.66%
Epoch: 1300, Loss: 0.0044, Train: 68.30%, Valid: 65.58%, Test: 66.66%, Best Valid: 68.00%, Best Test: 68.66%
Epoch: 1400, Loss: 0.0021, Train: 69.95%, Valid: 66.62%, Test: 67.24%, Best Valid: 68.76%, Best Test: 69.36%
Epoch: 1500, Loss: 0.0019, Train: 69.54%, Valid: 66.57%, Test: 66.89%, Best Valid: 68.76%, Best Test: 69.36%
Epoch: 1600, Loss: 0.0137, Train: 70.33%, Valid: 67.41%, Test: 67.86%, Best Valid: 68.76%, Best Test: 69.36%
Epoch: 1700, Loss: 0.0175, Train: 69.71%, Valid: 66.87%, Test: 66.98%, Best Valid: 68.76%, Best Test: 69.36%
Epoch: 1800, Loss: 0.0326, Train: 70.23%, Valid: 66.60%, Test: 67.47%, Best Valid: 68.76%, Best Test: 69.36%
Epoch: 1900, Loss: 0.0015, Train: 69.92%, Valid: 66.28%, Test: 67.28%, Best Valid: 68.76%, Best Test: 69.36%
Epoch: 2000, Loss: 0.0167, Train: 69.39%, Valid: 66.35%, Test: 66.48%, Best Valid: 68.76%, Best Test: 69.36%
Epoch: 2100, Loss: 0.0005, Train: 69.53%, Valid: 66.57%, Test: 66.64%, Best Valid: 68.76%, Best Test: 69.36%
Epoch: 2200, Loss: 0.0054, Train: 69.95%, Valid: 66.35%, Test: 66.73%, Best Valid: 68.76%, Best Test: 69.36%
Epoch: 2300, Loss: 0.0024, Train: 71.17%, Valid: 68.00%, Test: 67.91%, Best Valid: 68.76%, Best Test: 69.36%
Epoch: 2400, Loss: 0.0003, Train: 69.33%, Valid: 66.30%, Test: 67.07%, Best Valid: 68.76%, Best Test: 69.36%
Epoch: 2500, Loss: 0.0352, Train: 69.63%, Valid: 66.43%, Test: 66.77%, Best Valid: 68.76%, Best Test: 69.36%
Run 07:
Highest Train: 71.50
Highest Valid: 68.76
Highest Test: 69.38
Chosen epoch: 1315
Final Train: 71.41
Final Test: 69.36
Label budget: 50/class -> 900 train nodes
Computing oracle penalty matrix from true labels...
Oracle penalty matrix frozen.
Epoch: 00, Loss: 3.9025, Train: 8.05%, Valid: 8.21%, Test: 8.00%, Best Valid: 8.21%, Best Test: 8.00%
Switching Polynormer to global attention phase.
Epoch: 100, Loss: 3.2045, Train: 8.97%, Valid: 8.95%, Test: 8.60%, Best Valid: 65.33%, Best Test: 65.44%
Epoch: 200, Loss: 0.0775, Train: 68.59%, Valid: 65.98%, Test: 66.33%, Best Valid: 66.32%, Best Test: 65.94%
Epoch: 300, Loss: 0.0235, Train: 67.68%, Valid: 64.04%, Test: 64.14%, Best Valid: 66.81%, Best Test: 65.90%
Epoch: 400, Loss: 0.0183, Train: 67.73%, Valid: 64.80%, Test: 64.26%, Best Valid: 66.81%, Best Test: 65.90%
Epoch: 500, Loss: 0.0335, Train: 67.34%, Valid: 64.47%, Test: 63.78%, Best Valid: 66.81%, Best Test: 65.90%
Epoch: 600, Loss: 0.0253, Train: 67.94%, Valid: 64.55%, Test: 65.20%, Best Valid: 66.81%, Best Test: 65.90%
Epoch: 700, Loss: 0.0023, Train: 68.31%, Valid: 65.56%, Test: 65.50%, Best Valid: 67.10%, Best Test: 67.03%
Epoch: 800, Loss: 0.0135, Train: 69.43%, Valid: 66.28%, Test: 66.48%, Best Valid: 67.10%, Best Test: 67.03%
Epoch: 900, Loss: 0.0052, Train: 68.20%, Valid: 65.21%, Test: 65.50%, Best Valid: 67.22%, Best Test: 67.51%
Epoch: 1000, Loss: 0.0030, Train: 68.95%, Valid: 66.35%, Test: 65.83%, Best Valid: 67.78%, Best Test: 67.38%
Epoch: 1100, Loss: 0.0150, Train: 67.55%, Valid: 64.34%, Test: 64.63%, Best Valid: 67.78%, Best Test: 67.38%
Epoch: 1200, Loss: 0.0032, Train: 69.45%, Valid: 66.18%, Test: 66.55%, Best Valid: 67.78%, Best Test: 67.38%
Epoch: 1300, Loss: 0.0149, Train: 68.52%, Valid: 65.45%, Test: 65.85%, Best Valid: 67.78%, Best Test: 67.38%
Epoch: 1400, Loss: 0.0273, Train: 68.21%, Valid: 65.72%, Test: 65.64%, Best Valid: 67.78%, Best Test: 67.38%
Epoch: 1500, Loss: 0.0020, Train: 68.88%, Valid: 66.00%, Test: 65.37%, Best Valid: 67.78%, Best Test: 67.38%
Epoch: 1600, Loss: 0.0170, Train: 68.41%, Valid: 64.89%, Test: 65.74%, Best Valid: 67.78%, Best Test: 67.38%
Epoch: 1700, Loss: 0.0020, Train: 67.97%, Valid: 64.25%, Test: 64.91%, Best Valid: 67.78%, Best Test: 67.38%
Epoch: 1800, Loss: 0.0088, Train: 68.08%, Valid: 64.91%, Test: 65.20%, Best Valid: 67.78%, Best Test: 67.38%
Epoch: 1900, Loss: 0.0153, Train: 68.98%, Valid: 65.56%, Test: 66.61%, Best Valid: 67.78%, Best Test: 67.38%
Epoch: 2000, Loss: 0.0004, Train: 67.87%, Valid: 64.75%, Test: 65.44%, Best Valid: 67.78%, Best Test: 67.38%
Epoch: 2100, Loss: 0.0030, Train: 66.42%, Valid: 64.43%, Test: 64.21%, Best Valid: 67.78%, Best Test: 67.38%
Epoch: 2200, Loss: 0.0009, Train: 69.16%, Valid: 65.72%, Test: 65.87%, Best Valid: 67.78%, Best Test: 67.38%
Epoch: 2300, Loss: 0.0288, Train: 69.53%, Valid: 66.14%, Test: 66.78%, Best Valid: 67.78%, Best Test: 67.38%
Epoch: 2400, Loss: 0.0269, Train: 68.26%, Valid: 65.63%, Test: 65.25%, Best Valid: 67.78%, Best Test: 67.38%
Epoch: 2500, Loss: 0.0094, Train: 69.05%, Valid: 66.64%, Test: 67.33%, Best Valid: 67.78%, Best Test: 67.38%
Run 08:
Highest Train: 70.74
Highest Valid: 67.78
Highest Test: 68.30
Chosen epoch: 934
Final Train: 70.21
Final Test: 67.38
Label budget: 50/class -> 900 train nodes
Computing oracle penalty matrix from true labels...
Oracle penalty matrix frozen.
Epoch: 00, Loss: 3.8387, Train: 7.88%, Valid: 7.78%, Test: 7.20%, Best Valid: 7.78%, Best Test: 7.20%
Switching Polynormer to global attention phase.
Epoch: 100, Loss: 3.1938, Train: 5.56%, Valid: 5.24%, Test: 4.84%, Best Valid: 66.25%, Best Test: 65.27%
Epoch: 200, Loss: 0.0431, Train: 67.08%, Valid: 65.14%, Test: 64.35%, Best Valid: 66.25%, Best Test: 65.27%
Epoch: 300, Loss: 0.0303, Train: 66.73%, Valid: 64.75%, Test: 64.24%, Best Valid: 66.25%, Best Test: 65.27%
Epoch: 400, Loss: 0.0185, Train: 65.91%, Valid: 64.71%, Test: 63.11%, Best Valid: 66.62%, Best Test: 64.98%
Epoch: 500, Loss: 0.0137, Train: 67.97%, Valid: 65.21%, Test: 65.23%, Best Valid: 66.62%, Best Test: 64.98%
Epoch: 600, Loss: 0.0271, Train: 66.72%, Valid: 64.31%, Test: 64.60%, Best Valid: 66.62%, Best Test: 64.98%
Epoch: 700, Loss: 0.0021, Train: 67.09%, Valid: 65.15%, Test: 64.65%, Best Valid: 66.62%, Best Test: 64.98%
Epoch: 800, Loss: 0.0166, Train: 66.73%, Valid: 64.84%, Test: 63.48%, Best Valid: 66.62%, Best Test: 64.98%
Epoch: 900, Loss: 0.0014, Train: 65.86%, Valid: 63.81%, Test: 63.50%, Best Valid: 66.62%, Best Test: 64.98%
Epoch: 1000, Loss: 0.0040, Train: 67.73%, Valid: 65.15%, Test: 64.97%, Best Valid: 66.62%, Best Test: 64.98%
Epoch: 1100, Loss: 0.0126, Train: 66.99%, Valid: 64.94%, Test: 63.89%, Best Valid: 66.62%, Best Test: 64.98%
Epoch: 1200, Loss: 0.0139, Train: 66.79%, Valid: 64.82%, Test: 63.78%, Best Valid: 66.62%, Best Test: 64.98%
Epoch: 1300, Loss: 0.0070, Train: 67.06%, Valid: 64.77%, Test: 63.71%, Best Valid: 66.62%, Best Test: 64.98%
Epoch: 1400, Loss: 0.0034, Train: 67.06%, Valid: 64.41%, Test: 63.80%, Best Valid: 66.62%, Best Test: 64.98%
Epoch: 1500, Loss: 0.0102, Train: 67.52%, Valid: 64.45%, Test: 63.71%, Best Valid: 66.62%, Best Test: 64.98%
Epoch: 1600, Loss: 0.0329, Train: 68.71%, Valid: 65.91%, Test: 65.35%, Best Valid: 66.62%, Best Test: 64.98%
Epoch: 1700, Loss: 0.0034, Train: 67.37%, Valid: 64.48%, Test: 63.50%, Best Valid: 66.62%, Best Test: 64.98%
Epoch: 1800, Loss: 0.0123, Train: 68.33%, Valid: 65.79%, Test: 64.33%, Best Valid: 66.65%, Best Test: 66.04%
Epoch: 1900, Loss: 0.0117, Train: 68.05%, Valid: 65.07%, Test: 65.11%, Best Valid: 66.65%, Best Test: 66.04%
Epoch: 2000, Loss: 0.0189, Train: 67.64%, Valid: 64.73%, Test: 64.23%, Best Valid: 66.65%, Best Test: 66.04%
Epoch: 2100, Loss: 0.0205, Train: 67.66%, Valid: 64.40%, Test: 64.30%, Best Valid: 66.65%, Best Test: 66.04%
Epoch: 2200, Loss: 0.0126, Train: 68.47%, Valid: 65.21%, Test: 64.79%, Best Valid: 66.73%, Best Test: 65.94%
Epoch: 2300, Loss: 0.0117, Train: 67.14%, Valid: 63.90%, Test: 63.38%, Best Valid: 66.87%, Best Test: 65.65%
Epoch: 2400, Loss: 0.0103, Train: 67.68%, Valid: 64.85%, Test: 64.14%, Best Valid: 66.87%, Best Test: 65.65%
Epoch: 2500, Loss: 0.0007, Train: 67.52%, Valid: 64.64%, Test: 64.30%, Best Valid: 66.87%, Best Test: 65.65%
Run 09:
Highest Train: 69.96
Highest Valid: 66.87
Highest Test: 66.18
Chosen epoch: 2269
Final Train: 69.96
Final Test: 65.65
Label budget: 50/class -> 900 train nodes
Computing oracle penalty matrix from true labels...
Oracle penalty matrix frozen.
Epoch: 00, Loss: 4.0232, Train: 6.95%, Valid: 6.85%, Test: 6.44%, Best Valid: 6.85%, Best Test: 6.44%
Switching Polynormer to global attention phase.
Epoch: 100, Loss: 3.1990, Train: 9.68%, Valid: 9.67%, Test: 9.69%, Best Valid: 66.83%, Best Test: 66.29%
Epoch: 200, Loss: 0.0514, Train: 67.95%, Valid: 66.23%, Test: 65.43%, Best Valid: 66.85%, Best Test: 65.80%
Epoch: 300, Loss: 0.0313, Train: 67.70%, Valid: 66.35%, Test: 65.37%, Best Valid: 67.57%, Best Test: 66.17%
Epoch: 400, Loss: 0.0086, Train: 68.10%, Valid: 65.95%, Test: 65.87%, Best Valid: 67.66%, Best Test: 66.27%
Epoch: 500, Loss: 0.0073, Train: 68.84%, Valid: 66.71%, Test: 66.27%, Best Valid: 67.66%, Best Test: 66.27%
Epoch: 600, Loss: 0.0230, Train: 69.49%, Valid: 67.71%, Test: 67.15%, Best Valid: 68.14%, Best Test: 67.83%
Epoch: 700, Loss: 0.0065, Train: 67.65%, Valid: 66.35%, Test: 65.60%, Best Valid: 68.14%, Best Test: 67.83%
Epoch: 800, Loss: 0.0015, Train: 68.29%, Valid: 66.39%, Test: 65.80%, Best Valid: 68.61%, Best Test: 67.53%
Epoch: 900, Loss: 0.0037, Train: 70.00%, Valid: 68.40%, Test: 67.49%, Best Valid: 68.61%, Best Test: 67.53%
Epoch: 1000, Loss: 0.0020, Train: 69.48%, Valid: 67.59%, Test: 66.94%, Best Valid: 68.88%, Best Test: 67.70%
Epoch: 1100, Loss: 0.0313, Train: 67.15%, Valid: 65.47%, Test: 65.14%, Best Valid: 68.88%, Best Test: 67.70%
Epoch: 1200, Loss: 0.0033, Train: 67.57%, Valid: 66.51%, Test: 65.41%, Best Valid: 68.88%, Best Test: 67.70%
Epoch: 1300, Loss: 0.0023, Train: 69.03%, Valid: 68.00%, Test: 67.08%, Best Valid: 68.88%, Best Test: 67.70%
Epoch: 1400, Loss: 0.0387, Train: 68.85%, Valid: 66.97%, Test: 66.94%, Best Valid: 69.18%, Best Test: 68.09%
Epoch: 1500, Loss: 0.0056, Train: 67.36%, Valid: 66.07%, Test: 64.79%, Best Valid: 69.18%, Best Test: 68.09%
Epoch: 1600, Loss: 0.0074, Train: 68.41%, Valid: 66.58%, Test: 65.94%, Best Valid: 69.18%, Best Test: 68.09%
Epoch: 1700, Loss: 0.0089, Train: 68.34%, Valid: 66.51%, Test: 65.92%, Best Valid: 69.18%, Best Test: 68.09%
Epoch: 1800, Loss: 0.0026, Train: 68.60%, Valid: 67.20%, Test: 66.84%, Best Valid: 69.18%, Best Test: 68.09%
Epoch: 1900, Loss: 0.0093, Train: 70.41%, Valid: 68.91%, Test: 68.50%, Best Valid: 69.18%, Best Test: 68.09%
Epoch: 2000, Loss: 0.0141, Train: 67.59%, Valid: 65.91%, Test: 65.73%, Best Valid: 69.27%, Best Test: 68.48%
Epoch: 2100, Loss: 0.0049, Train: 69.03%, Valid: 67.89%, Test: 66.80%, Best Valid: 69.29%, Best Test: 68.60%
Epoch: 2200, Loss: 0.0043, Train: 68.53%, Valid: 66.80%, Test: 66.36%, Best Valid: 69.29%, Best Test: 68.60%
Epoch: 2300, Loss: 0.0018, Train: 68.81%, Valid: 67.43%, Test: 66.34%, Best Valid: 69.29%, Best Test: 68.60%
Epoch: 2400, Loss: 0.0009, Train: 69.06%, Valid: 67.52%, Test: 66.31%, Best Valid: 69.60%, Best Test: 67.91%
Epoch: 2500, Loss: 0.0107, Train: 69.61%, Valid: 68.07%, Test: 67.40%, Best Valid: 69.60%, Best Test: 67.91%
Run 10:
Highest Train: 70.77
Highest Valid: 69.60
Highest Test: 68.60
Chosen epoch: 2381
Final Train: 70.51
Final Test: 67.91
All runs:
Highest Train: 70.82 ± 0.56
Highest Test: 68.57 ± 1.14
Highest Valid: 68.40 ± 0.92
  Final Train: 70.62 ± 0.62
   Final Test: 68.05 ± 1.39
Saving results to ../results/lowlabel/roman-empire/polynormer.csv
--- oracle_reg | lambda=0.2 ---
Namespace(aggregate='add', alpha=0.5, attention='gcn', beta=0.5, bn=False, budget_tag='50', count_reg=False, count_smoothing=1.0, cpu=False, data_dir='../data/', dataset='roman-empire', device=0, dim_inner=64, display_step=100, dropout=0.3, epochs=500, global_dropout=0.5, global_epochs=2500, global_layers=2, gnn='gcn', graph_weight=0.8, hidden_channels=64, hops=10, in_dropout=0.15, jk=False, label_num_per_class=20, lambda_val=0.2, layers=1, ln=False, local_epochs=100, local_gnn_type='GCN', local_layers=10, lr=0.001, metric='acc', mlp_epochs=500, mlp_reg=False, model='polynormer', model_dir='models/lowlabel_1178246_398', n_heads=8, num_centroids=4096, num_heads=8, oracle_reg=True, paired_seeds=True, pe_types='RWSE', penalty_transform='none', pre_linear=False, pre_ln=False, rand_split=False, rand_split_class=False, reg_start_epoch=10, reg_update_freq=5, res=False, resample_split_per_run=False, result_dir='../results/lowlabel', runs=10, save_model=True, save_result=False, seed=42, test_num=1000, tr_dropout=None, tr_layers=1, tr_weight_decay=None, train_per_class=50, train_prop=0.5, use_act=False, use_bn=False, use_graph=False, use_reg=True, use_residual=False, use_weight=False, valid_num=500, valid_per_class=0, valid_prop=0.25, weight_decay=0.0)
roman-empire
dataset roman-empire | num nodes 22662 | num edge 32927 | num node feats 300 | num classes 18
MODEL: Polynormer(
  (h_lins): ModuleList(
    (0): Linear(in_features=512, out_features=512, bias=True)
    (1): Linear(in_features=512, out_features=512, bias=True)
    (2): Linear(in_features=512, out_features=512, bias=True)
    (3): Linear(in_features=512, out_features=512, bias=True)
    (4): Linear(in_features=512, out_features=512, bias=True)
    (5): Linear(in_features=512, out_features=512, bias=True)
    (6): Linear(in_features=512, out_features=512, bias=True)
    (7): Linear(in_features=512, out_features=512, bias=True)
    (8): Linear(in_features=512, out_features=512, bias=True)
    (9): Linear(in_features=512, out_features=512, bias=True)
  )
  (local_convs): ModuleList(
    (0): GATConv(512, 64, heads=8)
    (1): GATConv(512, 64, heads=8)
    (2): GATConv(512, 64, heads=8)
    (3): GATConv(512, 64, heads=8)
    (4): GATConv(512, 64, heads=8)
    (5): GATConv(512, 64, heads=8)
    (6): GATConv(512, 64, heads=8)
    (7): GATConv(512, 64, heads=8)
    (8): GATConv(512, 64, heads=8)
    (9): GATConv(512, 64, heads=8)
  )
  (lins): ModuleList(
    (0): Linear(in_features=512, out_features=512, bias=True)
    (1): Linear(in_features=512, out_features=512, bias=True)
    (2): Linear(in_features=512, out_features=512, bias=True)
    (3): Linear(in_features=512, out_features=512, bias=True)
    (4): Linear(in_features=512, out_features=512, bias=True)
    (5): Linear(in_features=512, out_features=512, bias=True)
    (6): Linear(in_features=512, out_features=512, bias=True)
    (7): Linear(in_features=512, out_features=512, bias=True)
    (8): Linear(in_features=512, out_features=512, bias=True)
    (9): Linear(in_features=512, out_features=512, bias=True)
  )
  (lns): ModuleList(
    (0): LayerNorm((512,), eps=1e-05, elementwise_affine=True)
    (1): LayerNorm((512,), eps=1e-05, elementwise_affine=True)
    (2): LayerNorm((512,), eps=1e-05, elementwise_affine=True)
    (3): LayerNorm((512,), eps=1e-05, elementwise_affine=True)
    (4): LayerNorm((512,), eps=1e-05, elementwise_affine=True)
    (5): LayerNorm((512,), eps=1e-05, elementwise_affine=True)
    (6): LayerNorm((512,), eps=1e-05, elementwise_affine=True)
    (7): LayerNorm((512,), eps=1e-05, elementwise_affine=True)
    (8): LayerNorm((512,), eps=1e-05, elementwise_affine=True)
    (9): LayerNorm((512,), eps=1e-05, elementwise_affine=True)
  )
  (lin_in): Linear(in_features=300, out_features=512, bias=True)
  (ln): LayerNorm((512,), eps=1e-05, elementwise_affine=True)
  (global_attn): GlobalAttn(
    (h_lins): ModuleList(
      (0): Linear(in_features=512, out_features=512, bias=True)
      (1): Linear(in_features=512, out_features=512, bias=True)
    )
    (k_lins): ModuleList(
      (0): Linear(in_features=512, out_features=512, bias=True)
      (1): Linear(in_features=512, out_features=512, bias=True)
    )
    (v_lins): ModuleList(
      (0): Linear(in_features=512, out_features=512, bias=True)
      (1): Linear(in_features=512, out_features=512, bias=True)
    )
    (lns): ModuleList(
      (0): LayerNorm((512,), eps=1e-05, elementwise_affine=True)
      (1): LayerNorm((512,), eps=1e-05, elementwise_affine=True)
    )
    (lin_out): Linear(in_features=512, out_features=512, bias=True)
  )
  (pred_local): Linear(in_features=512, out_features=18, bias=True)
  (pred_global): Linear(in_features=512, out_features=18, bias=True)
)
Label budget: 50/class -> 900 train nodes
Computing oracle penalty matrix from true labels...
Oracle penalty matrix frozen.
Epoch: 00, Loss: 4.3076, Train: 7.33%, Valid: 7.63%, Test: 7.34%, Best Valid: 7.63%, Best Test: 7.34%
Switching Polynormer to global attention phase.
Epoch: 100, Loss: 3.4769, Train: 12.51%, Valid: 12.29%, Test: 12.41%, Best Valid: 66.44%, Best Test: 65.74%
Epoch: 200, Loss: 0.0525, Train: 66.54%, Valid: 64.06%, Test: 62.88%, Best Valid: 66.62%, Best Test: 66.27%
Epoch: 300, Loss: 0.0255, Train: 68.82%, Valid: 65.28%, Test: 64.74%, Best Valid: 66.62%, Best Test: 66.27%
Epoch: 400, Loss: 0.0083, Train: 67.73%, Valid: 64.17%, Test: 64.60%, Best Valid: 66.62%, Best Test: 66.27%
Epoch: 500, Loss: 0.0189, Train: 69.08%, Valid: 66.21%, Test: 65.50%, Best Valid: 66.62%, Best Test: 66.27%
Epoch: 600, Loss: 0.0043, Train: 68.41%, Valid: 64.64%, Test: 65.44%, Best Valid: 66.81%, Best Test: 66.55%
Epoch: 700, Loss: 0.0182, Train: 68.98%, Valid: 65.38%, Test: 65.55%, Best Valid: 66.81%, Best Test: 66.55%
Epoch: 800, Loss: 0.0166, Train: 68.71%, Valid: 65.90%, Test: 65.37%, Best Valid: 66.99%, Best Test: 66.20%
Epoch: 900, Loss: 0.0016, Train: 69.58%, Valid: 66.16%, Test: 66.24%, Best Valid: 67.41%, Best Test: 66.87%
Epoch: 1000, Loss: 0.0261, Train: 68.96%, Valid: 65.88%, Test: 65.07%, Best Valid: 67.80%, Best Test: 67.53%
Epoch: 1100, Loss: 0.0247, Train: 68.10%, Valid: 64.43%, Test: 64.42%, Best Valid: 67.80%, Best Test: 67.53%
Epoch: 1200, Loss: 0.0124, Train: 69.18%, Valid: 65.54%, Test: 65.90%, Best Valid: 67.80%, Best Test: 67.53%
Epoch: 1300, Loss: 0.0205, Train: 68.18%, Valid: 64.59%, Test: 64.58%, Best Valid: 67.80%, Best Test: 67.53%
Epoch: 1400, Loss: 0.0124, Train: 65.41%, Valid: 61.78%, Test: 61.95%, Best Valid: 67.80%, Best Test: 67.53%
Epoch: 1500, Loss: 0.0065, Train: 68.55%, Valid: 65.40%, Test: 65.46%, Best Valid: 67.80%, Best Test: 67.53%
Epoch: 1600, Loss: 0.0156, Train: 69.13%, Valid: 65.42%, Test: 65.67%, Best Valid: 67.80%, Best Test: 67.53%
Epoch: 1700, Loss: 0.0023, Train: 68.78%, Valid: 65.37%, Test: 65.41%, Best Valid: 67.80%, Best Test: 67.53%
Epoch: 1800, Loss: 0.0079, Train: 68.79%, Valid: 65.79%, Test: 65.58%, Best Valid: 67.80%, Best Test: 67.53%
Epoch: 1900, Loss: 0.0336, Train: 68.63%, Valid: 65.12%, Test: 65.27%, Best Valid: 67.80%, Best Test: 67.53%
Epoch: 2000, Loss: 0.0013, Train: 68.77%, Valid: 65.19%, Test: 65.32%, Best Valid: 67.80%, Best Test: 67.53%
Epoch: 2100, Loss: 0.0006, Train: 69.05%, Valid: 65.31%, Test: 65.83%, Best Valid: 67.80%, Best Test: 67.53%
Epoch: 2200, Loss: 0.0045, Train: 68.10%, Valid: 64.48%, Test: 64.49%, Best Valid: 67.80%, Best Test: 67.53%
Epoch: 2300, Loss: 0.0010, Train: 69.89%, Valid: 66.51%, Test: 66.29%, Best Valid: 67.80%, Best Test: 67.53%
Epoch: 2400, Loss: 0.0152, Train: 67.96%, Valid: 64.70%, Test: 64.77%, Best Valid: 67.80%, Best Test: 67.53%
Epoch: 2500, Loss: 0.0025, Train: 69.56%, Valid: 66.51%, Test: 65.87%, Best Valid: 67.80%, Best Test: 67.53%
Run 01:
Highest Train: 70.97
Highest Valid: 67.80
Highest Test: 67.98
Chosen epoch: 943
Final Train: 70.74
Final Test: 67.53
Label budget: 50/class -> 900 train nodes
Computing oracle penalty matrix from true labels...
Oracle penalty matrix frozen.
Epoch: 00, Loss: 4.2353, Train: 10.26%, Valid: 10.59%, Test: 10.82%, Best Valid: 10.59%, Best Test: 10.82%
Switching Polynormer to global attention phase.
Epoch: 100, Loss: 3.4943, Train: 5.49%, Valid: 5.49%, Test: 5.49%, Best Valid: 65.45%, Best Test: 65.46%
Epoch: 200, Loss: 0.0563, Train: 67.20%, Valid: 64.78%, Test: 64.74%, Best Valid: 65.93%, Best Test: 65.44%
Epoch: 300, Loss: 0.0163, Train: 67.24%, Valid: 65.05%, Test: 64.97%, Best Valid: 66.43%, Best Test: 65.85%
Epoch: 400, Loss: 0.0175, Train: 66.95%, Valid: 64.85%, Test: 64.88%, Best Valid: 67.08%, Best Test: 66.04%
Epoch: 500, Loss: 0.0203, Train: 69.46%, Valid: 67.01%, Test: 67.95%, Best Valid: 67.10%, Best Test: 67.08%
Epoch: 600, Loss: 0.0015, Train: 68.34%, Valid: 65.79%, Test: 66.29%, Best Valid: 67.57%, Best Test: 66.96%
Epoch: 700, Loss: 0.0186, Train: 68.33%, Valid: 65.86%, Test: 66.11%, Best Valid: 67.57%, Best Test: 66.96%
Epoch: 800, Loss: 0.0384, Train: 67.78%, Valid: 65.81%, Test: 66.24%, Best Valid: 67.57%, Best Test: 66.96%
Epoch: 900, Loss: 0.0143, Train: 68.42%, Valid: 66.13%, Test: 66.55%, Best Valid: 67.57%, Best Test: 66.96%
Epoch: 1000, Loss: 0.0047, Train: 68.53%, Valid: 66.23%, Test: 67.47%, Best Valid: 67.57%, Best Test: 66.96%
Epoch: 1100, Loss: 0.0199, Train: 68.11%, Valid: 65.19%, Test: 66.40%, Best Valid: 68.19%, Best Test: 68.43%
Epoch: 1200, Loss: 0.0058, Train: 68.03%, Valid: 66.00%, Test: 65.90%, Best Valid: 68.19%, Best Test: 68.43%
Epoch: 1300, Loss: 0.0104, Train: 67.84%, Valid: 65.35%, Test: 65.80%, Best Valid: 68.19%, Best Test: 68.43%
Epoch: 1400, Loss: 0.0110, Train: 69.13%, Valid: 66.81%, Test: 67.56%, Best Valid: 68.19%, Best Test: 68.43%
Epoch: 1500, Loss: 0.0068, Train: 69.02%, Valid: 66.88%, Test: 66.64%, Best Valid: 68.19%, Best Test: 68.43%
Epoch: 1600, Loss: 0.0034, Train: 68.27%, Valid: 66.37%, Test: 66.34%, Best Valid: 68.19%, Best Test: 68.43%
Epoch: 1700, Loss: 0.0008, Train: 67.64%, Valid: 65.65%, Test: 65.78%, Best Valid: 68.19%, Best Test: 68.43%
Epoch: 1800, Loss: 0.0029, Train: 68.42%, Valid: 66.25%, Test: 66.40%, Best Valid: 68.19%, Best Test: 68.43%
Epoch: 1900, Loss: 0.0243, Train: 67.51%, Valid: 65.35%, Test: 64.98%, Best Valid: 68.19%, Best Test: 68.43%
Epoch: 2000, Loss: 0.0032, Train: 68.71%, Valid: 66.67%, Test: 66.87%, Best Valid: 68.23%, Best Test: 68.25%
Epoch: 2100, Loss: 0.0009, Train: 68.69%, Valid: 66.73%, Test: 66.71%, Best Valid: 68.23%, Best Test: 68.25%
Epoch: 2200, Loss: 0.0060, Train: 68.25%, Valid: 66.20%, Test: 65.97%, Best Valid: 68.23%, Best Test: 68.25%
Epoch: 2300, Loss: 0.0137, Train: 68.90%, Valid: 66.50%, Test: 66.50%, Best Valid: 68.23%, Best Test: 68.25%
Epoch: 2400, Loss: 0.0019, Train: 69.10%, Valid: 66.46%, Test: 67.08%, Best Valid: 68.23%, Best Test: 68.25%
Epoch: 2500, Loss: 0.0030, Train: 68.49%, Valid: 66.16%, Test: 66.43%, Best Valid: 68.30%, Best Test: 68.51%
Run 02:
Highest Train: 70.65
Highest Valid: 68.30
Highest Test: 68.73
Chosen epoch: 2408
Final Train: 70.54
Final Test: 68.51
Label budget: 50/class -> 900 train nodes
Computing oracle penalty matrix from true labels...
Oracle penalty matrix frozen.
Epoch: 00, Loss: 4.2156, Train: 8.65%, Valid: 9.32%, Test: 8.61%, Best Valid: 9.32%, Best Test: 8.61%
Switching Polynormer to global attention phase.
Epoch: 100, Loss: 3.4825, Train: 9.82%, Valid: 9.85%, Test: 9.83%, Best Valid: 65.63%, Best Test: 65.95%
Epoch: 200, Loss: 0.0378, Train: 68.27%, Valid: 65.40%, Test: 65.41%, Best Valid: 65.86%, Best Test: 65.57%
Epoch: 300, Loss: 0.0247, Train: 66.59%, Valid: 63.18%, Test: 63.55%, Best Valid: 67.96%, Best Test: 67.68%
Epoch: 400, Loss: 0.0074, Train: 68.78%, Valid: 65.56%, Test: 65.60%, Best Valid: 67.96%, Best Test: 67.68%
Epoch: 500, Loss: 0.0056, Train: 67.70%, Valid: 64.66%, Test: 64.91%, Best Valid: 67.96%, Best Test: 67.68%
Epoch: 600, Loss: 0.0222, Train: 67.48%, Valid: 64.50%, Test: 64.37%, Best Valid: 67.96%, Best Test: 67.68%
Epoch: 700, Loss: 0.0158, Train: 68.34%, Valid: 65.40%, Test: 65.25%, Best Valid: 67.96%, Best Test: 67.68%
Epoch: 800, Loss: 0.0145, Train: 67.85%, Valid: 65.15%, Test: 64.91%, Best Valid: 67.96%, Best Test: 67.68%
Epoch: 900, Loss: 0.0020, Train: 66.98%, Valid: 63.97%, Test: 63.75%, Best Valid: 67.96%, Best Test: 67.68%
Epoch: 1000, Loss: 0.0027, Train: 68.18%, Valid: 65.49%, Test: 65.14%, Best Valid: 67.96%, Best Test: 67.68%
Epoch: 1100, Loss: 0.0232, Train: 69.52%, Valid: 66.48%, Test: 66.33%, Best Valid: 67.96%, Best Test: 67.68%
Epoch: 1200, Loss: 0.0022, Train: 67.65%, Valid: 64.68%, Test: 64.54%, Best Valid: 67.96%, Best Test: 67.68%
Epoch: 1300, Loss: 0.0024, Train: 67.75%, Valid: 65.33%, Test: 65.11%, Best Valid: 67.96%, Best Test: 67.68%
Epoch: 1400, Loss: 0.0132, Train: 68.05%, Valid: 65.01%, Test: 64.79%, Best Valid: 67.96%, Best Test: 67.68%
Epoch: 1500, Loss: 0.0187, Train: 67.21%, Valid: 64.34%, Test: 64.54%, Best Valid: 67.96%, Best Test: 67.68%
Epoch: 1600, Loss: 0.0076, Train: 68.57%, Valid: 65.77%, Test: 65.51%, Best Valid: 67.96%, Best Test: 67.68%
Epoch: 1700, Loss: 0.0152, Train: 67.51%, Valid: 65.56%, Test: 65.11%, Best Valid: 67.96%, Best Test: 67.68%
Epoch: 1800, Loss: 0.0034, Train: 68.89%, Valid: 66.13%, Test: 65.39%, Best Valid: 67.96%, Best Test: 67.68%
Epoch: 1900, Loss: 0.0058, Train: 69.59%, Valid: 67.87%, Test: 67.68%, Best Valid: 68.08%, Best Test: 67.45%
Epoch: 2000, Loss: 0.0079, Train: 68.13%, Valid: 65.98%, Test: 65.78%, Best Valid: 68.83%, Best Test: 68.83%
Epoch: 2100, Loss: 0.0032, Train: 69.00%, Valid: 66.50%, Test: 66.68%, Best Valid: 68.83%, Best Test: 68.83%
Epoch: 2200, Loss: 0.0059, Train: 68.12%, Valid: 65.67%, Test: 65.07%, Best Valid: 68.83%, Best Test: 68.83%
Epoch: 2300, Loss: 0.0206, Train: 68.11%, Valid: 65.01%, Test: 65.44%, Best Valid: 68.83%, Best Test: 68.83%
Epoch: 2400, Loss: 0.0093, Train: 68.04%, Valid: 64.91%, Test: 65.97%, Best Valid: 68.83%, Best Test: 68.83%
Epoch: 2500, Loss: 0.0047, Train: 69.62%, Valid: 67.22%, Test: 67.44%, Best Valid: 68.83%, Best Test: 68.83%
Run 03:
Highest Train: 70.81
Highest Valid: 68.83
Highest Test: 68.88
Chosen epoch: 1909
Final Train: 70.81
Final Test: 68.83
Label budget: 50/class -> 900 train nodes
Computing oracle penalty matrix from true labels...
Oracle penalty matrix frozen.
Epoch: 00, Loss: 4.4020, Train: 6.60%, Valid: 6.73%, Test: 6.58%, Best Valid: 6.73%, Best Test: 6.58%
Switching Polynormer to global attention phase.
Epoch: 100, Loss: 3.4937, Train: 4.32%, Valid: 4.31%, Test: 4.31%, Best Valid: 67.47%, Best Test: 67.88%
Epoch: 200, Loss: 0.0679, Train: 69.31%, Valid: 67.84%, Test: 68.28%, Best Valid: 67.86%, Best Test: 68.32%
Epoch: 300, Loss: 0.0222, Train: 67.66%, Valid: 66.71%, Test: 66.78%, Best Valid: 68.35%, Best Test: 68.74%
Epoch: 400, Loss: 0.0236, Train: 68.69%, Valid: 67.04%, Test: 67.56%, Best Valid: 68.37%, Best Test: 68.67%
Epoch: 500, Loss: 0.0179, Train: 68.03%, Valid: 66.64%, Test: 67.30%, Best Valid: 68.90%, Best Test: 69.03%
Epoch: 600, Loss: 0.0353, Train: 67.62%, Valid: 65.97%, Test: 66.31%, Best Valid: 68.90%, Best Test: 69.03%
Epoch: 700, Loss: 0.0192, Train: 69.52%, Valid: 68.28%, Test: 69.33%, Best Valid: 69.30%, Best Test: 68.92%
Epoch: 800, Loss: 0.0060, Train: 66.52%, Valid: 64.94%, Test: 66.13%, Best Valid: 69.30%, Best Test: 68.92%
Epoch: 900, Loss: 0.0088, Train: 69.90%, Valid: 69.07%, Test: 69.08%, Best Valid: 69.30%, Best Test: 68.92%
Epoch: 1000, Loss: 0.0063, Train: 70.36%, Valid: 68.84%, Test: 69.43%, Best Valid: 69.30%, Best Test: 68.92%
Epoch: 1100, Loss: 0.0018, Train: 68.47%, Valid: 67.11%, Test: 67.70%, Best Valid: 69.37%, Best Test: 69.84%
Epoch: 1200, Loss: 0.0119, Train: 68.71%, Valid: 67.24%, Test: 67.86%, Best Valid: 69.37%, Best Test: 69.84%
Epoch: 1300, Loss: 0.0092, Train: 68.30%, Valid: 66.27%, Test: 66.96%, Best Valid: 69.37%, Best Test: 69.84%
Epoch: 1400, Loss: 0.0366, Train: 69.37%, Valid: 68.33%, Test: 68.07%, Best Valid: 69.71%, Best Test: 70.53%
Epoch: 1500, Loss: 0.0225, Train: 68.06%, Valid: 66.51%, Test: 67.24%, Best Valid: 69.71%, Best Test: 70.53%
Epoch: 1600, Loss: 0.0118, Train: 70.24%, Valid: 69.11%, Test: 69.29%, Best Valid: 69.71%, Best Test: 70.53%
Epoch: 1700, Loss: 0.0015, Train: 69.87%, Valid: 68.19%, Test: 68.88%, Best Valid: 69.71%, Best Test: 70.53%
Epoch: 1800, Loss: 0.0060, Train: 68.48%, Valid: 67.04%, Test: 67.63%, Best Valid: 69.71%, Best Test: 70.53%
Epoch: 1900, Loss: 0.0083, Train: 68.81%, Valid: 67.17%, Test: 68.43%, Best Valid: 69.71%, Best Test: 70.53%
Epoch: 2000, Loss: 0.0070, Train: 68.74%, Valid: 67.29%, Test: 67.72%, Best Valid: 69.71%, Best Test: 70.53%
Epoch: 2100, Loss: 0.0054, Train: 68.24%, Valid: 66.55%, Test: 67.45%, Best Valid: 69.71%, Best Test: 70.53%
Epoch: 2200, Loss: 0.0040, Train: 69.35%, Valid: 68.16%, Test: 68.13%, Best Valid: 69.71%, Best Test: 70.53%
Epoch: 2300, Loss: 0.0440, Train: 70.05%, Valid: 68.97%, Test: 68.71%, Best Valid: 69.71%, Best Test: 70.53%
Epoch: 2400, Loss: 0.0021, Train: 68.75%, Valid: 67.63%, Test: 68.09%, Best Valid: 69.71%, Best Test: 70.53%
Epoch: 2500, Loss: 0.0008, Train: 69.89%, Valid: 67.94%, Test: 68.90%, Best Valid: 69.71%, Best Test: 70.53%
Run 04:
Highest Train: 71.92
Highest Valid: 69.71
Highest Test: 70.53
Chosen epoch: 1331
Final Train: 71.86
Final Test: 70.53
Label budget: 50/class -> 900 train nodes
Computing oracle penalty matrix from true labels...
Oracle penalty matrix frozen.
Epoch: 00, Loss: 4.3822, Train: 6.28%, Valid: 7.18%, Test: 6.72%, Best Valid: 7.18%, Best Test: 6.72%
Switching Polynormer to global attention phase.
Epoch: 100, Loss: 3.4871, Train: 9.68%, Valid: 9.67%, Test: 9.69%, Best Valid: 67.75%, Best Test: 67.47%
Epoch: 200, Loss: 0.1054, Train: 69.23%, Valid: 66.51%, Test: 66.29%, Best Valid: 67.75%, Best Test: 67.47%
Epoch: 300, Loss: 0.0367, Train: 69.14%, Valid: 66.16%, Test: 66.48%, Best Valid: 68.19%, Best Test: 68.09%
Epoch: 400, Loss: 0.0303, Train: 71.22%, Valid: 68.54%, Test: 68.06%, Best Valid: 68.54%, Best Test: 68.06%
Epoch: 500, Loss: 0.0044, Train: 69.90%, Valid: 67.47%, Test: 67.61%, Best Valid: 68.72%, Best Test: 68.18%
Epoch: 600, Loss: 0.0114, Train: 68.96%, Valid: 66.74%, Test: 66.93%, Best Valid: 68.72%, Best Test: 68.18%
Epoch: 700, Loss: 0.0130, Train: 70.32%, Valid: 67.89%, Test: 67.97%, Best Valid: 68.74%, Best Test: 68.64%
Epoch: 800, Loss: 0.0173, Train: 70.40%, Valid: 67.89%, Test: 67.54%, Best Valid: 68.74%, Best Test: 68.64%
Epoch: 900, Loss: 0.0077, Train: 69.80%, Valid: 67.27%, Test: 67.24%, Best Valid: 68.83%, Best Test: 68.62%
Epoch: 1000, Loss: 0.0288, Train: 68.75%, Valid: 65.68%, Test: 65.87%, Best Valid: 68.83%, Best Test: 68.62%
Epoch: 1100, Loss: 0.0134, Train: 69.59%, Valid: 67.15%, Test: 66.96%, Best Valid: 68.83%, Best Test: 68.62%
Epoch: 1200, Loss: 0.0104, Train: 69.17%, Valid: 67.06%, Test: 66.63%, Best Valid: 68.91%, Best Test: 68.34%
Epoch: 1300, Loss: 0.0025, Train: 69.53%, Valid: 66.51%, Test: 67.24%, Best Valid: 68.91%, Best Test: 68.34%
Epoch: 1400, Loss: 0.0103, Train: 69.66%, Valid: 67.01%, Test: 67.24%, Best Valid: 68.91%, Best Test: 68.34%
Epoch: 1500, Loss: 0.0022, Train: 69.91%, Valid: 67.15%, Test: 67.24%, Best Valid: 69.85%, Best Test: 69.24%
Epoch: 1600, Loss: 0.0085, Train: 69.48%, Valid: 66.90%, Test: 66.78%, Best Valid: 69.85%, Best Test: 69.24%
Epoch: 1700, Loss: 0.0193, Train: 68.84%, Valid: 65.90%, Test: 65.78%, Best Valid: 69.85%, Best Test: 69.24%
Epoch: 1800, Loss: 0.0172, Train: 68.18%, Valid: 65.37%, Test: 64.95%, Best Valid: 69.85%, Best Test: 69.24%
Epoch: 1900, Loss: 0.0017, Train: 70.29%, Valid: 67.61%, Test: 67.86%, Best Valid: 69.85%, Best Test: 69.24%
Epoch: 2000, Loss: 0.0168, Train: 70.08%, Valid: 67.98%, Test: 67.90%, Best Valid: 69.85%, Best Test: 69.24%
Epoch: 2100, Loss: 0.0004, Train: 71.86%, Valid: 69.55%, Test: 69.52%, Best Valid: 69.85%, Best Test: 69.24%
Epoch: 2200, Loss: 0.0343, Train: 70.29%, Valid: 67.77%, Test: 67.91%, Best Valid: 69.85%, Best Test: 69.24%
Epoch: 2300, Loss: 0.0126, Train: 70.21%, Valid: 67.98%, Test: 68.04%, Best Valid: 69.85%, Best Test: 69.24%
Epoch: 2400, Loss: 0.0034, Train: 69.48%, Valid: 66.07%, Test: 66.45%, Best Valid: 69.85%, Best Test: 69.24%
Epoch: 2500, Loss: 0.0088, Train: 69.83%, Valid: 67.24%, Test: 66.96%, Best Valid: 69.85%, Best Test: 69.24%
Run 05:
Highest Train: 72.39
Highest Valid: 69.85
Highest Test: 69.52
Chosen epoch: 1412
Final Train: 72.39
Final Test: 69.24
Label budget: 50/class -> 900 train nodes
Computing oracle penalty matrix from true labels...
Oracle penalty matrix frozen.
Epoch: 00, Loss: 4.3622, Train: 12.21%, Valid: 12.11%, Test: 12.53%, Best Valid: 12.11%, Best Test: 12.53%
Switching Polynormer to global attention phase.
Epoch: 100, Loss: 3.4844, Train: 16.79%, Valid: 16.40%, Test: 16.40%, Best Valid: 64.96%, Best Test: 66.73%
Epoch: 200, Loss: 0.0630, Train: 66.06%, Valid: 63.09%, Test: 63.70%, Best Valid: 65.68%, Best Test: 66.59%
Epoch: 300, Loss: 0.0483, Train: 66.33%, Valid: 63.34%, Test: 64.72%, Best Valid: 66.16%, Best Test: 67.07%
Epoch: 400, Loss: 0.0281, Train: 68.50%, Valid: 65.51%, Test: 66.20%, Best Valid: 66.16%, Best Test: 67.07%
Epoch: 500, Loss: 0.0160, Train: 66.91%, Valid: 64.43%, Test: 65.39%, Best Valid: 67.20%, Best Test: 68.37%
Epoch: 600, Loss: 0.0170, Train: 68.71%, Valid: 66.04%, Test: 66.89%, Best Valid: 67.20%, Best Test: 68.37%
Epoch: 700, Loss: 0.0011, Train: 68.08%, Valid: 65.74%, Test: 66.33%, Best Valid: 67.31%, Best Test: 67.68%
Epoch: 800, Loss: 0.0213, Train: 67.53%, Valid: 64.31%, Test: 66.13%, Best Valid: 67.31%, Best Test: 67.68%
Epoch: 900, Loss: 0.0094, Train: 67.94%, Valid: 65.31%, Test: 66.55%, Best Valid: 67.48%, Best Test: 67.83%
Epoch: 1000, Loss: 0.0261, Train: 68.94%, Valid: 65.83%, Test: 66.75%, Best Valid: 67.48%, Best Test: 67.83%
Epoch: 1100, Loss: 0.0009, Train: 67.98%, Valid: 64.91%, Test: 66.08%, Best Valid: 67.48%, Best Test: 67.83%
Epoch: 1200, Loss: 0.0015, Train: 68.13%, Valid: 65.10%, Test: 66.24%, Best Valid: 67.48%, Best Test: 67.83%
Epoch: 1300, Loss: 0.0260, Train: 67.34%, Valid: 64.75%, Test: 65.55%, Best Valid: 67.48%, Best Test: 67.83%
Epoch: 1400, Loss: 0.0052, Train: 68.90%, Valid: 66.55%, Test: 67.72%, Best Valid: 67.48%, Best Test: 67.83%
Epoch: 1500, Loss: 0.0076, Train: 66.54%, Valid: 63.62%, Test: 64.40%, Best Valid: 67.48%, Best Test: 67.83%
Epoch: 1600, Loss: 0.0018, Train: 69.76%, Valid: 67.06%, Test: 68.32%, Best Valid: 67.48%, Best Test: 67.83%
Epoch: 1700, Loss: 0.0019, Train: 67.33%, Valid: 64.70%, Test: 65.92%, Best Valid: 67.48%, Best Test: 67.83%
Epoch: 1800, Loss: 0.0017, Train: 68.31%, Valid: 66.09%, Test: 66.73%, Best Valid: 67.48%, Best Test: 67.83%
Epoch: 1900, Loss: 0.0009, Train: 66.82%, Valid: 64.66%, Test: 65.13%, Best Valid: 67.48%, Best Test: 67.83%
Epoch: 2000, Loss: 0.0215, Train: 66.49%, Valid: 63.76%, Test: 64.81%, Best Valid: 67.48%, Best Test: 67.83%
Epoch: 2100, Loss: 0.0094, Train: 68.08%, Valid: 65.75%, Test: 66.54%, Best Valid: 67.48%, Best Test: 67.83%
Epoch: 2200, Loss: 0.0387, Train: 66.94%, Valid: 65.24%, Test: 65.14%, Best Valid: 67.48%, Best Test: 67.83%
Epoch: 2300, Loss: 0.0257, Train: 68.16%, Valid: 65.35%, Test: 66.80%, Best Valid: 67.48%, Best Test: 67.83%
Epoch: 2400, Loss: 0.0179, Train: 69.12%, Valid: 66.27%, Test: 67.28%, Best Valid: 67.48%, Best Test: 67.83%
Epoch: 2500, Loss: 0.0006, Train: 67.84%, Valid: 64.98%, Test: 65.69%, Best Valid: 67.48%, Best Test: 67.83%
Run 06:
Highest Train: 70.16
Highest Valid: 67.48
Highest Test: 68.64
Chosen epoch: 881
Final Train: 69.20
Final Test: 67.83
Label budget: 50/class -> 900 train nodes
Computing oracle penalty matrix from true labels...
Oracle penalty matrix frozen.
Epoch: 00, Loss: 4.3345, Train: 5.12%, Valid: 4.77%, Test: 5.12%, Best Valid: 4.77%, Best Test: 5.12%
Switching Polynormer to global attention phase.
Epoch: 100, Loss: 3.4906, Train: 7.49%, Valid: 7.45%, Test: 7.47%, Best Valid: 66.05%, Best Test: 66.08%
Epoch: 200, Loss: 0.0552, Train: 68.78%, Valid: 65.49%, Test: 65.69%, Best Valid: 67.11%, Best Test: 67.42%
Epoch: 300, Loss: 0.0168, Train: 69.16%, Valid: 66.50%, Test: 65.92%, Best Valid: 67.18%, Best Test: 67.19%
Epoch: 400, Loss: 0.0232, Train: 69.07%, Valid: 65.65%, Test: 66.08%, Best Valid: 67.71%, Best Test: 67.35%
Epoch: 500, Loss: 0.0111, Train: 69.16%, Valid: 65.97%, Test: 65.81%, Best Valid: 68.05%, Best Test: 67.68%
Epoch: 600, Loss: 0.0068, Train: 69.17%, Valid: 65.88%, Test: 66.10%, Best Valid: 68.05%, Best Test: 67.68%
Epoch: 700, Loss: 0.0129, Train: 68.71%, Valid: 65.00%, Test: 65.81%, Best Valid: 68.05%, Best Test: 67.68%
Epoch: 800, Loss: 0.0268, Train: 68.66%, Valid: 64.85%, Test: 65.30%, Best Valid: 68.05%, Best Test: 67.68%
Epoch: 900, Loss: 0.0045, Train: 70.88%, Valid: 67.59%, Test: 68.07%, Best Valid: 68.26%, Best Test: 68.18%
Epoch: 1000, Loss: 0.0140, Train: 69.12%, Valid: 66.07%, Test: 66.63%, Best Valid: 68.26%, Best Test: 68.18%
Epoch: 1100, Loss: 0.0076, Train: 68.56%, Valid: 65.28%, Test: 65.57%, Best Valid: 68.26%, Best Test: 68.18%
Epoch: 1200, Loss: 0.0037, Train: 69.08%, Valid: 66.23%, Test: 66.48%, Best Valid: 68.26%, Best Test: 68.18%
Epoch: 1300, Loss: 0.0061, Train: 69.16%, Valid: 66.00%, Test: 66.11%, Best Valid: 68.26%, Best Test: 68.18%
Epoch: 1400, Loss: 0.0027, Train: 70.84%, Valid: 67.77%, Test: 67.93%, Best Valid: 68.26%, Best Test: 68.18%
Epoch: 1500, Loss: 0.0032, Train: 69.38%, Valid: 65.86%, Test: 66.24%, Best Valid: 68.26%, Best Test: 68.18%
Epoch: 1600, Loss: 0.0114, Train: 69.79%, Valid: 66.21%, Test: 66.59%, Best Valid: 68.26%, Best Test: 68.18%
Epoch: 1700, Loss: 0.0041, Train: 71.59%, Valid: 68.67%, Test: 69.11%, Best Valid: 69.20%, Best Test: 69.38%
Epoch: 1800, Loss: 0.0179, Train: 70.21%, Valid: 67.59%, Test: 67.60%, Best Valid: 69.20%, Best Test: 69.38%
Epoch: 1900, Loss: 0.0053, Train: 70.03%, Valid: 66.80%, Test: 67.63%, Best Valid: 69.20%, Best Test: 69.38%
Epoch: 2000, Loss: 0.0054, Train: 71.22%, Valid: 68.16%, Test: 69.26%, Best Valid: 69.20%, Best Test: 69.38%
Epoch: 2100, Loss: 0.0002, Train: 71.48%, Valid: 68.30%, Test: 69.10%, Best Valid: 69.20%, Best Test: 69.38%
Epoch: 2200, Loss: 0.0013, Train: 70.87%, Valid: 67.89%, Test: 67.65%, Best Valid: 69.20%, Best Test: 69.38%
Epoch: 2300, Loss: 0.0008, Train: 70.85%, Valid: 68.37%, Test: 68.67%, Best Valid: 69.20%, Best Test: 69.38%
Epoch: 2400, Loss: 0.0161, Train: 68.86%, Valid: 65.30%, Test: 66.36%, Best Valid: 69.20%, Best Test: 69.38%
Epoch: 2500, Loss: 0.0518, Train: 71.03%, Valid: 67.66%, Test: 68.02%, Best Valid: 69.20%, Best Test: 69.38%
Run 07:
Highest Train: 71.86
Highest Valid: 69.20
Highest Test: 69.61
Chosen epoch: 1697
Final Train: 71.64
Final Test: 69.38
Label budget: 50/class -> 900 train nodes
Computing oracle penalty matrix from true labels...
Oracle penalty matrix frozen.
Epoch: 00, Loss: 4.2573, Train: 8.17%, Valid: 8.46%, Test: 8.08%, Best Valid: 8.46%, Best Test: 8.08%
Switching Polynormer to global attention phase.
Epoch: 100, Loss: 3.4920, Train: 6.22%, Valid: 6.09%, Test: 6.16%, Best Valid: 64.71%, Best Test: 64.68%
Epoch: 200, Loss: 0.0449, Train: 67.28%, Valid: 64.91%, Test: 64.77%, Best Valid: 65.12%, Best Test: 64.90%
Epoch: 300, Loss: 0.0402, Train: 66.46%, Valid: 63.83%, Test: 64.38%, Best Valid: 66.20%, Best Test: 66.20%
Epoch: 400, Loss: 0.0421, Train: 67.21%, Valid: 64.82%, Test: 64.75%, Best Valid: 66.20%, Best Test: 66.20%
Epoch: 500, Loss: 0.0209, Train: 66.94%, Valid: 63.57%, Test: 64.26%, Best Valid: 66.20%, Best Test: 66.20%
Epoch: 600, Loss: 0.0330, Train: 67.45%, Valid: 64.04%, Test: 64.93%, Best Valid: 66.20%, Best Test: 66.20%
Epoch: 700, Loss: 0.0137, Train: 67.00%, Valid: 63.94%, Test: 64.77%, Best Valid: 66.20%, Best Test: 66.20%
Epoch: 800, Loss: 0.0092, Train: 68.02%, Valid: 65.14%, Test: 65.14%, Best Valid: 66.20%, Best Test: 66.20%
Epoch: 900, Loss: 0.0135, Train: 67.92%, Valid: 65.08%, Test: 64.75%, Best Valid: 66.50%, Best Test: 66.06%
Epoch: 1000, Loss: 0.0021, Train: 67.91%, Valid: 65.14%, Test: 65.04%, Best Valid: 66.50%, Best Test: 66.06%
Epoch: 1100, Loss: 0.0490, Train: 68.20%, Valid: 65.42%, Test: 65.58%, Best Valid: 66.73%, Best Test: 67.24%
Epoch: 1200, Loss: 0.0172, Train: 68.56%, Valid: 65.77%, Test: 66.27%, Best Valid: 66.73%, Best Test: 67.24%
Epoch: 1300, Loss: 0.0033, Train: 67.35%, Valid: 64.57%, Test: 65.05%, Best Valid: 66.73%, Best Test: 67.24%
Epoch: 1400, Loss: 0.0076, Train: 68.99%, Valid: 66.76%, Test: 66.38%, Best Valid: 66.90%, Best Test: 66.73%
Epoch: 1500, Loss: 0.0065, Train: 67.78%, Valid: 64.52%, Test: 65.65%, Best Valid: 66.90%, Best Test: 66.73%
Epoch: 1600, Loss: 0.0024, Train: 67.34%, Valid: 63.99%, Test: 64.53%, Best Valid: 66.90%, Best Test: 66.73%
Epoch: 1700, Loss: 0.0260, Train: 67.03%, Valid: 63.90%, Test: 63.75%, Best Valid: 66.90%, Best Test: 66.73%
Epoch: 1800, Loss: 0.0788, Train: 68.78%, Valid: 66.11%, Test: 65.94%, Best Valid: 66.90%, Best Test: 66.73%
Epoch: 1900, Loss: 0.0092, Train: 69.23%, Valid: 66.13%, Test: 66.71%, Best Valid: 67.11%, Best Test: 67.38%
Epoch: 2000, Loss: 0.0201, Train: 68.87%, Valid: 65.12%, Test: 66.20%, Best Valid: 67.11%, Best Test: 67.38%
Epoch: 2100, Loss: 0.0146, Train: 67.88%, Valid: 64.18%, Test: 64.81%, Best Valid: 67.11%, Best Test: 67.38%
Epoch: 2200, Loss: 0.0029, Train: 66.37%, Valid: 63.21%, Test: 64.05%, Best Valid: 67.11%, Best Test: 67.38%
Epoch: 2300, Loss: 0.0128, Train: 68.71%, Valid: 66.14%, Test: 66.01%, Best Valid: 67.59%, Best Test: 67.26%
Epoch: 2400, Loss: 0.0045, Train: 67.79%, Valid: 64.89%, Test: 65.11%, Best Valid: 67.59%, Best Test: 67.26%
Epoch: 2500, Loss: 0.0033, Train: 67.83%, Valid: 66.02%, Test: 65.74%, Best Valid: 67.59%, Best Test: 67.26%
Run 08:
Highest Train: 69.99
Highest Valid: 67.59
Highest Test: 67.65
Chosen epoch: 2289
Final Train: 69.96
Final Test: 67.26
Label budget: 50/class -> 900 train nodes
Computing oracle penalty matrix from true labels...
Oracle penalty matrix frozen.
Epoch: 00, Loss: 4.1877, Train: 8.49%, Valid: 8.58%, Test: 7.77%, Best Valid: 8.58%, Best Test: 7.77%
Switching Polynormer to global attention phase.
Epoch: 100, Loss: 3.4958, Train: 7.12%, Valid: 7.08%, Test: 6.67%, Best Valid: 65.86%, Best Test: 65.71%
Epoch: 200, Loss: 0.0777, Train: 67.15%, Valid: 65.07%, Test: 64.42%, Best Valid: 66.30%, Best Test: 65.34%
Epoch: 300, Loss: 0.0263, Train: 67.78%, Valid: 65.53%, Test: 65.30%, Best Valid: 66.83%, Best Test: 66.11%
Epoch: 400, Loss: 0.0204, Train: 68.22%, Valid: 65.61%, Test: 65.32%, Best Valid: 66.97%, Best Test: 67.35%
Epoch: 500, Loss: 0.0037, Train: 66.94%, Valid: 64.43%, Test: 63.94%, Best Valid: 66.97%, Best Test: 67.35%
Epoch: 600, Loss: 0.0063, Train: 67.90%, Valid: 64.89%, Test: 65.18%, Best Valid: 66.97%, Best Test: 67.35%
Epoch: 700, Loss: 0.0167, Train: 69.03%, Valid: 66.14%, Test: 65.85%, Best Valid: 67.33%, Best Test: 66.11%
Epoch: 800, Loss: 0.0237, Train: 68.11%, Valid: 65.53%, Test: 65.34%, Best Valid: 67.33%, Best Test: 66.11%
Epoch: 900, Loss: 0.0007, Train: 68.06%, Valid: 65.31%, Test: 65.60%, Best Valid: 67.45%, Best Test: 67.45%
Epoch: 1000, Loss: 0.0222, Train: 66.79%, Valid: 64.57%, Test: 64.17%, Best Valid: 67.45%, Best Test: 67.45%
Epoch: 1100, Loss: 0.0123, Train: 67.44%, Valid: 64.55%, Test: 64.40%, Best Valid: 67.45%, Best Test: 67.45%
Epoch: 1200, Loss: 0.0463, Train: 66.75%, Valid: 63.55%, Test: 63.40%, Best Valid: 67.45%, Best Test: 67.45%
Epoch: 1300, Loss: 0.0202, Train: 66.86%, Valid: 64.77%, Test: 65.00%, Best Valid: 67.45%, Best Test: 67.45%
Epoch: 1400, Loss: 0.0142, Train: 68.01%, Valid: 65.23%, Test: 65.46%, Best Valid: 67.45%, Best Test: 67.45%
Epoch: 1500, Loss: 0.0117, Train: 68.40%, Valid: 65.97%, Test: 66.01%, Best Valid: 67.45%, Best Test: 67.45%
Epoch: 1600, Loss: 0.0164, Train: 66.27%, Valid: 63.65%, Test: 63.82%, Best Valid: 67.45%, Best Test: 67.45%
Epoch: 1700, Loss: 0.0126, Train: 66.90%, Valid: 64.85%, Test: 64.77%, Best Valid: 67.45%, Best Test: 67.45%
Epoch: 1800, Loss: 0.0084, Train: 68.27%, Valid: 65.40%, Test: 65.57%, Best Valid: 67.71%, Best Test: 67.79%
Epoch: 1900, Loss: 0.0043, Train: 66.75%, Valid: 64.41%, Test: 63.91%, Best Valid: 67.71%, Best Test: 67.79%
Epoch: 2000, Loss: 0.0268, Train: 67.38%, Valid: 64.57%, Test: 64.12%, Best Valid: 67.71%, Best Test: 67.79%
Epoch: 2100, Loss: 0.0042, Train: 69.12%, Valid: 66.14%, Test: 66.36%, Best Valid: 67.71%, Best Test: 67.79%
Epoch: 2200, Loss: 0.0096, Train: 68.47%, Valid: 64.96%, Test: 65.48%, Best Valid: 67.71%, Best Test: 67.79%
Epoch: 2300, Loss: 0.0149, Train: 67.86%, Valid: 65.17%, Test: 64.90%, Best Valid: 67.71%, Best Test: 67.79%
Epoch: 2400, Loss: 0.0055, Train: 68.18%, Valid: 64.77%, Test: 64.83%, Best Valid: 67.71%, Best Test: 67.79%
Epoch: 2500, Loss: 0.0015, Train: 67.36%, Valid: 64.38%, Test: 64.84%, Best Valid: 67.71%, Best Test: 67.79%
Run 09:
Highest Train: 70.36
Highest Valid: 67.71
Highest Test: 67.79
Chosen epoch: 1726
Final Train: 69.95
Final Test: 67.79
Label budget: 50/class -> 900 train nodes
Computing oracle penalty matrix from true labels...
Oracle penalty matrix frozen.
Epoch: 00, Loss: 4.3889, Train: 7.82%, Valid: 7.61%, Test: 7.52%, Best Valid: 7.61%, Best Test: 7.52%
Switching Polynormer to global attention phase.
Epoch: 100, Loss: 3.4862, Train: 9.85%, Valid: 9.78%, Test: 9.80%, Best Valid: 65.51%, Best Test: 63.77%
Epoch: 200, Loss: 0.0751, Train: 66.91%, Valid: 65.49%, Test: 64.28%, Best Valid: 66.65%, Best Test: 65.78%
Epoch: 300, Loss: 0.0184, Train: 68.68%, Valid: 66.97%, Test: 66.03%, Best Valid: 67.31%, Best Test: 65.83%
Epoch: 400, Loss: 0.0128, Train: 66.78%, Valid: 65.08%, Test: 64.26%, Best Valid: 67.80%, Best Test: 66.11%
Epoch: 500, Loss: 0.0070, Train: 68.13%, Valid: 66.41%, Test: 65.07%, Best Valid: 67.80%, Best Test: 66.11%
Epoch: 600, Loss: 0.0121, Train: 69.06%, Valid: 67.29%, Test: 66.89%, Best Valid: 67.80%, Best Test: 66.11%
Epoch: 700, Loss: 0.0303, Train: 68.00%, Valid: 66.76%, Test: 64.88%, Best Valid: 67.80%, Best Test: 66.11%
Epoch: 800, Loss: 0.0066, Train: 67.36%, Valid: 65.72%, Test: 64.90%, Best Valid: 67.80%, Best Test: 66.11%
Epoch: 900, Loss: 0.0134, Train: 67.59%, Valid: 65.98%, Test: 64.93%, Best Valid: 67.80%, Best Test: 66.11%
Epoch: 1000, Loss: 0.0427, Train: 67.61%, Valid: 65.97%, Test: 64.97%, Best Valid: 67.96%, Best Test: 67.07%
Epoch: 1100, Loss: 0.0268, Train: 67.95%, Valid: 66.27%, Test: 65.30%, Best Valid: 68.30%, Best Test: 67.51%
Epoch: 1200, Loss: 0.0004, Train: 68.78%, Valid: 67.43%, Test: 65.71%, Best Valid: 68.30%, Best Test: 67.51%
Epoch: 1300, Loss: 0.0027, Train: 67.90%, Valid: 66.05%, Test: 65.18%, Best Valid: 68.30%, Best Test: 67.51%
Epoch: 1400, Loss: 0.0084, Train: 68.33%, Valid: 66.58%, Test: 65.09%, Best Valid: 68.30%, Best Test: 67.51%
Epoch: 1500, Loss: 0.0231, Train: 68.20%, Valid: 66.44%, Test: 65.81%, Best Valid: 68.30%, Best Test: 67.51%
Epoch: 1600, Loss: 0.0149, Train: 68.14%, Valid: 66.14%, Test: 65.48%, Best Valid: 68.30%, Best Test: 67.51%
Epoch: 1700, Loss: 0.0148, Train: 68.41%, Valid: 66.90%, Test: 66.40%, Best Valid: 68.30%, Best Test: 67.51%
Epoch: 1800, Loss: 0.0121, Train: 67.72%, Valid: 65.53%, Test: 65.39%, Best Valid: 68.37%, Best Test: 67.56%
Epoch: 1900, Loss: 0.0022, Train: 68.12%, Valid: 66.35%, Test: 65.73%, Best Valid: 68.37%, Best Test: 67.56%
Epoch: 2000, Loss: 0.0591, Train: 67.52%, Valid: 65.45%, Test: 65.07%, Best Valid: 68.37%, Best Test: 67.56%
Epoch: 2100, Loss: 0.0015, Train: 69.05%, Valid: 67.66%, Test: 66.52%, Best Valid: 68.56%, Best Test: 67.49%
Epoch: 2200, Loss: 0.0067, Train: 67.41%, Valid: 65.83%, Test: 64.74%, Best Valid: 68.56%, Best Test: 67.49%
Epoch: 2300, Loss: 0.0224, Train: 67.96%, Valid: 66.32%, Test: 65.88%, Best Valid: 69.04%, Best Test: 67.49%
Epoch: 2400, Loss: 0.0169, Train: 67.41%, Valid: 65.95%, Test: 64.90%, Best Valid: 69.04%, Best Test: 67.49%
Epoch: 2500, Loss: 0.0078, Train: 68.87%, Valid: 67.48%, Test: 66.38%, Best Valid: 69.48%, Best Test: 67.15%
Run 10:
Highest Train: 70.87
Highest Valid: 69.48
Highest Test: 68.02
Chosen epoch: 2465
Final Train: 70.14
Final Test: 67.15
All runs:
Highest Train: 71.00 ± 0.80
Highest Test: 68.73 ± 0.93
Highest Valid: 68.59 ± 0.93
  Final Train: 70.72 ± 0.99
   Final Test: 68.40 ± 1.09
Saving results to ../results/lowlabel/roman-empire/polynormer.csv
--- oracle_reg | lambda=0.4 ---
Namespace(aggregate='add', alpha=0.5, attention='gcn', beta=0.5, bn=False, budget_tag='50', count_reg=False, count_smoothing=1.0, cpu=False, data_dir='../data/', dataset='roman-empire', device=0, dim_inner=64, display_step=100, dropout=0.3, epochs=500, global_dropout=0.5, global_epochs=2500, global_layers=2, gnn='gcn', graph_weight=0.8, hidden_channels=64, hops=10, in_dropout=0.15, jk=False, label_num_per_class=20, lambda_val=0.4, layers=1, ln=False, local_epochs=100, local_gnn_type='GCN', local_layers=10, lr=0.001, metric='acc', mlp_epochs=500, mlp_reg=False, model='polynormer', model_dir='models/lowlabel_1178246_398', n_heads=8, num_centroids=4096, num_heads=8, oracle_reg=True, paired_seeds=True, pe_types='RWSE', penalty_transform='none', pre_linear=False, pre_ln=False, rand_split=False, rand_split_class=False, reg_start_epoch=10, reg_update_freq=5, res=False, resample_split_per_run=False, result_dir='../results/lowlabel', runs=10, save_model=True, save_result=False, seed=42, test_num=1000, tr_dropout=None, tr_layers=1, tr_weight_decay=None, train_per_class=50, train_prop=0.5, use_act=False, use_bn=False, use_graph=False, use_reg=True, use_residual=False, use_weight=False, valid_num=500, valid_per_class=0, valid_prop=0.25, weight_decay=0.0)
roman-empire
dataset roman-empire | num nodes 22662 | num edge 32927 | num node feats 300 | num classes 18
MODEL: Polynormer(
  (h_lins): ModuleList(
    (0): Linear(in_features=512, out_features=512, bias=True)
    (1): Linear(in_features=512, out_features=512, bias=True)
    (2): Linear(in_features=512, out_features=512, bias=True)
    (3): Linear(in_features=512, out_features=512, bias=True)
    (4): Linear(in_features=512, out_features=512, bias=True)
    (5): Linear(in_features=512, out_features=512, bias=True)
    (6): Linear(in_features=512, out_features=512, bias=True)
    (7): Linear(in_features=512, out_features=512, bias=True)
    (8): Linear(in_features=512, out_features=512, bias=True)
    (9): Linear(in_features=512, out_features=512, bias=True)
  )
  (local_convs): ModuleList(
    (0): GATConv(512, 64, heads=8)
    (1): GATConv(512, 64, heads=8)
    (2): GATConv(512, 64, heads=8)
    (3): GATConv(512, 64, heads=8)
    (4): GATConv(512, 64, heads=8)
    (5): GATConv(512, 64, heads=8)
    (6): GATConv(512, 64, heads=8)
    (7): GATConv(512, 64, heads=8)
    (8): GATConv(512, 64, heads=8)
    (9): GATConv(512, 64, heads=8)
  )
  (lins): ModuleList(
    (0): Linear(in_features=512, out_features=512, bias=True)
    (1): Linear(in_features=512, out_features=512, bias=True)
    (2): Linear(in_features=512, out_features=512, bias=True)
    (3): Linear(in_features=512, out_features=512, bias=True)
    (4): Linear(in_features=512, out_features=512, bias=True)
    (5): Linear(in_features=512, out_features=512, bias=True)
    (6): Linear(in_features=512, out_features=512, bias=True)
    (7): Linear(in_features=512, out_features=512, bias=True)
    (8): Linear(in_features=512, out_features=512, bias=True)
    (9): Linear(in_features=512, out_features=512, bias=True)
  )
  (lns): ModuleList(
    (0): LayerNorm((512,), eps=1e-05, elementwise_affine=True)
    (1): LayerNorm((512,), eps=1e-05, elementwise_affine=True)
    (2): LayerNorm((512,), eps=1e-05, elementwise_affine=True)
    (3): LayerNorm((512,), eps=1e-05, elementwise_affine=True)
    (4): LayerNorm((512,), eps=1e-05, elementwise_affine=True)
    (5): LayerNorm((512,), eps=1e-05, elementwise_affine=True)
    (6): LayerNorm((512,), eps=1e-05, elementwise_affine=True)
    (7): LayerNorm((512,), eps=1e-05, elementwise_affine=True)
    (8): LayerNorm((512,), eps=1e-05, elementwise_affine=True)
    (9): LayerNorm((512,), eps=1e-05, elementwise_affine=True)
  )
  (lin_in): Linear(in_features=300, out_features=512, bias=True)
  (ln): LayerNorm((512,), eps=1e-05, elementwise_affine=True)
  (global_attn): GlobalAttn(
    (h_lins): ModuleList(
      (0): Linear(in_features=512, out_features=512, bias=True)
      (1): Linear(in_features=512, out_features=512, bias=True)
    )
    (k_lins): ModuleList(
      (0): Linear(in_features=512, out_features=512, bias=True)
      (1): Linear(in_features=512, out_features=512, bias=True)
    )
    (v_lins): ModuleList(
      (0): Linear(in_features=512, out_features=512, bias=True)
      (1): Linear(in_features=512, out_features=512, bias=True)
    )
    (lns): ModuleList(
      (0): LayerNorm((512,), eps=1e-05, elementwise_affine=True)
      (1): LayerNorm((512,), eps=1e-05, elementwise_affine=True)
    )
    (lin_out): Linear(in_features=512, out_features=512, bias=True)
  )
  (pred_local): Linear(in_features=512, out_features=18, bias=True)
  (pred_global): Linear(in_features=512, out_features=18, bias=True)
)
Label budget: 50/class -> 900 train nodes
Computing oracle penalty matrix from true labels...
Oracle penalty matrix frozen.
Epoch: 00, Loss: 5.0256, Train: 7.67%, Valid: 7.77%, Test: 7.68%, Best Valid: 7.77%, Best Test: 7.68%
Switching Polynormer to global attention phase.
Epoch: 100, Loss: 4.0609, Train: 12.20%, Valid: 11.95%, Test: 12.32%, Best Valid: 66.92%, Best Test: 65.85%
Epoch: 200, Loss: 0.1517, Train: 68.16%, Valid: 64.98%, Test: 64.14%, Best Valid: 67.45%, Best Test: 66.34%
Epoch: 300, Loss: 0.0642, Train: 69.71%, Valid: 66.05%, Test: 65.64%, Best Valid: 67.45%, Best Test: 66.34%
Epoch: 400, Loss: 0.0135, Train: 68.56%, Valid: 65.63%, Test: 65.28%, Best Valid: 67.45%, Best Test: 66.34%
Epoch: 500, Loss: 0.0209, Train: 68.87%, Valid: 65.65%, Test: 64.68%, Best Valid: 67.45%, Best Test: 66.34%
Epoch: 600, Loss: 0.0103, Train: 68.38%, Valid: 64.77%, Test: 64.35%, Best Valid: 67.45%, Best Test: 66.34%
Epoch: 700, Loss: 0.0536, Train: 66.73%, Valid: 63.67%, Test: 63.13%, Best Valid: 67.45%, Best Test: 66.34%
Epoch: 800, Loss: 0.0176, Train: 67.66%, Valid: 64.32%, Test: 64.35%, Best Valid: 67.68%, Best Test: 66.63%
Epoch: 900, Loss: 0.0146, Train: 67.47%, Valid: 64.38%, Test: 63.82%, Best Valid: 67.68%, Best Test: 66.63%
Epoch: 1000, Loss: 0.0178, Train: 68.15%, Valid: 64.87%, Test: 64.84%, Best Valid: 67.68%, Best Test: 66.63%
Epoch: 1100, Loss: 0.0136, Train: 68.92%, Valid: 66.05%, Test: 65.50%, Best Valid: 67.68%, Best Test: 66.63%
Epoch: 1200, Loss: 0.0106, Train: 69.19%, Valid: 65.67%, Test: 65.76%, Best Valid: 67.68%, Best Test: 66.63%
Epoch: 1300, Loss: 0.0060, Train: 69.55%, Valid: 66.90%, Test: 65.87%, Best Valid: 67.68%, Best Test: 66.63%
Epoch: 1400, Loss: 0.0278, Train: 69.73%, Valid: 66.74%, Test: 65.39%, Best Valid: 67.70%, Best Test: 67.14%
Epoch: 1500, Loss: 0.0193, Train: 68.63%, Valid: 65.17%, Test: 65.21%, Best Valid: 67.70%, Best Test: 67.14%
Epoch: 1600, Loss: 0.0235, Train: 68.85%, Valid: 64.94%, Test: 66.15%, Best Valid: 67.70%, Best Test: 67.14%
Epoch: 1700, Loss: 0.0020, Train: 68.51%, Valid: 65.15%, Test: 65.21%, Best Valid: 67.70%, Best Test: 67.14%
Epoch: 1800, Loss: 0.0031, Train: 69.89%, Valid: 66.69%, Test: 66.36%, Best Valid: 68.14%, Best Test: 67.56%
Epoch: 1900, Loss: 0.0043, Train: 70.48%, Valid: 67.33%, Test: 67.28%, Best Valid: 68.14%, Best Test: 67.56%
Epoch: 2000, Loss: 0.0219, Train: 69.46%, Valid: 66.62%, Test: 66.06%, Best Valid: 68.14%, Best Test: 67.56%
Epoch: 2100, Loss: 0.0280, Train: 69.19%, Valid: 66.28%, Test: 66.40%, Best Valid: 68.14%, Best Test: 67.56%
Epoch: 2200, Loss: 0.0344, Train: 68.82%, Valid: 65.42%, Test: 65.76%, Best Valid: 68.14%, Best Test: 67.56%
Epoch: 2300, Loss: 0.0203, Train: 69.97%, Valid: 66.64%, Test: 67.17%, Best Valid: 68.14%, Best Test: 67.56%
Epoch: 2400, Loss: 0.0561, Train: 68.64%, Valid: 65.61%, Test: 64.90%, Best Valid: 68.35%, Best Test: 68.48%
Epoch: 2500, Loss: 0.0014, Train: 70.03%, Valid: 66.55%, Test: 66.22%, Best Valid: 68.38%, Best Test: 67.91%
Run 01:
Highest Train: 71.51
Highest Valid: 68.38
Highest Test: 68.48
Chosen epoch: 2468
Final Train: 71.11
Final Test: 67.91
Label budget: 50/class -> 900 train nodes
Computing oracle penalty matrix from true labels...
Oracle penalty matrix frozen.
Epoch: 00, Loss: 4.9412, Train: 10.65%, Valid: 10.63%, Test: 10.11%, Best Valid: 10.63%, Best Test: 10.11%
Switching Polynormer to global attention phase.
Epoch: 100, Loss: 4.0778, Train: 5.49%, Valid: 5.49%, Test: 5.49%, Best Valid: 66.55%, Best Test: 65.27%
Epoch: 200, Loss: 0.0916, Train: 68.59%, Valid: 66.57%, Test: 66.43%, Best Valid: 68.31%, Best Test: 67.31%
Epoch: 300, Loss: 0.0332, Train: 69.57%, Valid: 67.91%, Test: 67.40%, Best Valid: 68.31%, Best Test: 67.31%
Epoch: 400, Loss: 0.0006, Train: 69.18%, Valid: 66.88%, Test: 66.87%, Best Valid: 68.31%, Best Test: 67.31%
Epoch: 500, Loss: 0.0115, Train: 68.56%, Valid: 66.99%, Test: 66.17%, Best Valid: 68.98%, Best Test: 68.92%
Epoch: 600, Loss: 0.0221, Train: 69.10%, Valid: 66.44%, Test: 66.89%, Best Valid: 68.98%, Best Test: 68.92%
Epoch: 700, Loss: 0.0061, Train: 69.00%, Valid: 66.57%, Test: 67.10%, Best Valid: 68.98%, Best Test: 68.92%
Epoch: 800, Loss: 0.0131, Train: 69.77%, Valid: 67.86%, Test: 68.14%, Best Valid: 68.98%, Best Test: 68.92%
Epoch: 900, Loss: 0.0085, Train: 68.82%, Valid: 66.74%, Test: 67.24%, Best Valid: 68.98%, Best Test: 68.92%
Epoch: 1000, Loss: 0.0104, Train: 68.71%, Valid: 66.85%, Test: 66.50%, Best Valid: 68.98%, Best Test: 68.92%
Epoch: 1100, Loss: 0.0024, Train: 68.72%, Valid: 66.55%, Test: 66.70%, Best Valid: 68.98%, Best Test: 68.92%
Epoch: 1200, Loss: 0.0029, Train: 68.04%, Valid: 65.91%, Test: 65.78%, Best Valid: 68.98%, Best Test: 68.92%
Epoch: 1300, Loss: 0.0226, Train: 68.35%, Valid: 65.68%, Test: 66.25%, Best Valid: 68.98%, Best Test: 68.92%
Epoch: 1400, Loss: 0.0025, Train: 67.21%, Valid: 65.23%, Test: 65.46%, Best Valid: 68.98%, Best Test: 68.92%
Epoch: 1500, Loss: 0.0371, Train: 68.35%, Valid: 66.34%, Test: 66.27%, Best Valid: 68.98%, Best Test: 68.92%
Epoch: 1600, Loss: 0.0108, Train: 69.01%, Valid: 67.20%, Test: 67.38%, Best Valid: 68.98%, Best Test: 68.92%
Epoch: 1700, Loss: 0.0157, Train: 67.99%, Valid: 65.83%, Test: 66.54%, Best Valid: 68.98%, Best Test: 68.92%
Epoch: 1800, Loss: 0.0371, Train: 69.02%, Valid: 67.43%, Test: 67.74%, Best Valid: 68.98%, Best Test: 68.92%
Epoch: 1900, Loss: 0.0061, Train: 68.83%, Valid: 66.80%, Test: 66.87%, Best Valid: 68.98%, Best Test: 68.92%
Epoch: 2000, Loss: 0.0022, Train: 69.46%, Valid: 67.22%, Test: 67.77%, Best Valid: 68.98%, Best Test: 68.92%
Epoch: 2100, Loss: 0.0010, Train: 68.33%, Valid: 65.93%, Test: 66.57%, Best Valid: 68.98%, Best Test: 68.92%
Epoch: 2200, Loss: 0.0060, Train: 68.06%, Valid: 66.53%, Test: 66.45%, Best Valid: 68.98%, Best Test: 68.92%
Epoch: 2300, Loss: 0.0243, Train: 69.94%, Valid: 67.80%, Test: 68.18%, Best Valid: 68.98%, Best Test: 68.92%
Epoch: 2400, Loss: 0.0080, Train: 70.81%, Valid: 68.30%, Test: 67.95%, Best Valid: 68.98%, Best Test: 68.92%
Epoch: 2500, Loss: 0.0048, Train: 68.94%, Valid: 66.58%, Test: 66.73%, Best Valid: 68.98%, Best Test: 68.92%
Run 02:
Highest Train: 71.27
Highest Valid: 69.07
Highest Test: 69.08
Chosen epoch: 2539
Final Train: 70.58
Final Test: 68.67
Label budget: 50/class -> 900 train nodes
Computing oracle penalty matrix from true labels...
Oracle penalty matrix frozen.
Epoch: 00, Loss: 4.9182, Train: 9.30%, Valid: 9.32%, Test: 9.44%, Best Valid: 9.32%, Best Test: 9.44%
Switching Polynormer to global attention phase.
Epoch: 100, Loss: 4.0584, Train: 12.35%, Valid: 12.64%, Test: 12.02%, Best Valid: 66.25%, Best Test: 65.55%
Epoch: 200, Loss: 0.0397, Train: 68.78%, Valid: 65.70%, Test: 65.58%, Best Valid: 66.78%, Best Test: 65.78%
Epoch: 300, Loss: 0.0394, Train: 68.41%, Valid: 66.07%, Test: 65.32%, Best Valid: 67.77%, Best Test: 67.01%
Epoch: 400, Loss: 0.0223, Train: 68.69%, Valid: 66.67%, Test: 66.55%, Best Valid: 67.77%, Best Test: 67.01%
Epoch: 500, Loss: 0.0048, Train: 68.26%, Valid: 65.67%, Test: 66.27%, Best Valid: 67.77%, Best Test: 67.01%
Epoch: 600, Loss: 0.0046, Train: 68.94%, Valid: 66.64%, Test: 66.20%, Best Valid: 67.77%, Best Test: 67.01%
Epoch: 700, Loss: 0.0064, Train: 69.10%, Valid: 66.44%, Test: 66.73%, Best Valid: 67.77%, Best Test: 67.01%
Epoch: 800, Loss: 0.0175, Train: 68.97%, Valid: 66.69%, Test: 66.45%, Best Valid: 67.98%, Best Test: 67.42%
Epoch: 900, Loss: 0.0093, Train: 67.61%, Valid: 65.26%, Test: 65.21%, Best Valid: 68.33%, Best Test: 68.09%
Epoch: 1000, Loss: 0.0038, Train: 67.83%, Valid: 65.60%, Test: 65.78%, Best Valid: 68.33%, Best Test: 68.09%
Epoch: 1100, Loss: 0.0231, Train: 70.09%, Valid: 67.94%, Test: 67.10%, Best Valid: 68.33%, Best Test: 68.09%
Epoch: 1200, Loss: 0.0086, Train: 70.14%, Valid: 67.22%, Test: 67.31%, Best Valid: 68.33%, Best Test: 68.09%
Epoch: 1300, Loss: 0.0227, Train: 69.48%, Valid: 67.26%, Test: 67.08%, Best Valid: 68.70%, Best Test: 68.27%
Epoch: 1400, Loss: 0.0400, Train: 69.81%, Valid: 66.20%, Test: 67.17%, Best Valid: 68.70%, Best Test: 68.27%
Epoch: 1500, Loss: 0.0171, Train: 70.06%, Valid: 66.83%, Test: 67.68%, Best Valid: 68.70%, Best Test: 68.27%
Epoch: 1600, Loss: 0.0099, Train: 69.02%, Valid: 66.25%, Test: 66.18%, Best Valid: 68.70%, Best Test: 68.27%
Epoch: 1700, Loss: 0.0153, Train: 69.67%, Valid: 66.46%, Test: 67.21%, Best Valid: 68.70%, Best Test: 68.27%
Epoch: 1800, Loss: 0.0029, Train: 71.11%, Valid: 68.38%, Test: 68.37%, Best Valid: 68.70%, Best Test: 68.27%
Epoch: 1900, Loss: 0.0168, Train: 68.66%, Valid: 66.05%, Test: 66.27%, Best Valid: 68.70%, Best Test: 68.27%
Epoch: 2000, Loss: 0.0106, Train: 70.97%, Valid: 68.28%, Test: 68.83%, Best Valid: 68.70%, Best Test: 68.27%
Epoch: 2100, Loss: 0.0021, Train: 70.27%, Valid: 67.94%, Test: 67.86%, Best Valid: 68.70%, Best Test: 68.27%
Epoch: 2200, Loss: 0.0068, Train: 69.41%, Valid: 67.03%, Test: 67.38%, Best Valid: 68.70%, Best Test: 68.27%
Epoch: 2300, Loss: 0.0185, Train: 69.76%, Valid: 67.86%, Test: 68.07%, Best Valid: 68.70%, Best Test: 68.27%
Epoch: 2400, Loss: 0.0002, Train: 69.64%, Valid: 67.54%, Test: 66.91%, Best Valid: 68.70%, Best Test: 68.27%
Epoch: 2500, Loss: 0.0023, Train: 69.31%, Valid: 67.31%, Test: 66.82%, Best Valid: 68.70%, Best Test: 68.27%
Run 03:
Highest Train: 71.49
Highest Valid: 68.81
Highest Test: 69.64
Chosen epoch: 2578
Final Train: 70.68
Final Test: 68.81
Label budget: 50/class -> 900 train nodes
Computing oracle penalty matrix from true labels...
Oracle penalty matrix frozen.
Epoch: 00, Loss: 5.1356, Train: 10.68%, Valid: 11.32%, Test: 11.14%, Best Valid: 11.32%, Best Test: 11.14%
Switching Polynormer to global attention phase.
Epoch: 100, Loss: 4.0706, Train: 5.99%, Valid: 6.00%, Test: 6.00%, Best Valid: 67.78%, Best Test: 68.32%
Epoch: 200, Loss: 0.0732, Train: 68.63%, Valid: 67.29%, Test: 67.88%, Best Valid: 68.00%, Best Test: 68.53%
Epoch: 300, Loss: 0.0341, Train: 69.00%, Valid: 68.33%, Test: 69.01%, Best Valid: 68.63%, Best Test: 68.74%
Epoch: 400, Loss: 0.0255, Train: 68.11%, Valid: 67.04%, Test: 67.51%, Best Valid: 68.63%, Best Test: 68.74%
Epoch: 500, Loss: 0.0137, Train: 67.17%, Valid: 65.63%, Test: 66.61%, Best Valid: 68.63%, Best Test: 68.74%
Epoch: 600, Loss: 0.0271, Train: 69.23%, Valid: 68.26%, Test: 68.64%, Best Valid: 68.93%, Best Test: 69.36%
Epoch: 700, Loss: 0.0082, Train: 67.81%, Valid: 65.91%, Test: 66.84%, Best Valid: 69.21%, Best Test: 69.10%
Epoch: 800, Loss: 0.0216, Train: 69.40%, Valid: 68.03%, Test: 68.55%, Best Valid: 69.21%, Best Test: 69.10%
Epoch: 900, Loss: 0.0005, Train: 69.97%, Valid: 68.44%, Test: 69.41%, Best Valid: 69.51%, Best Test: 70.65%
Epoch: 1000, Loss: 0.0070, Train: 68.30%, Valid: 66.57%, Test: 67.60%, Best Valid: 69.51%, Best Test: 70.65%
Epoch: 1100, Loss: 0.0282, Train: 68.54%, Valid: 67.91%, Test: 67.81%, Best Valid: 69.51%, Best Test: 70.65%
Epoch: 1200, Loss: 0.0179, Train: 69.07%, Valid: 67.61%, Test: 68.11%, Best Valid: 69.51%, Best Test: 70.65%
Epoch: 1300, Loss: 0.0049, Train: 68.91%, Valid: 67.29%, Test: 67.83%, Best Valid: 69.51%, Best Test: 70.65%
Epoch: 1400, Loss: 0.0048, Train: 69.42%, Valid: 68.24%, Test: 68.30%, Best Valid: 69.51%, Best Test: 70.65%
Epoch: 1500, Loss: 0.0042, Train: 67.92%, Valid: 66.95%, Test: 67.00%, Best Valid: 69.51%, Best Test: 70.65%
Epoch: 1600, Loss: 0.0034, Train: 69.60%, Valid: 68.23%, Test: 68.25%, Best Valid: 69.66%, Best Test: 69.71%
Epoch: 1700, Loss: 0.0160, Train: 70.10%, Valid: 68.74%, Test: 68.53%, Best Valid: 69.66%, Best Test: 69.71%
Epoch: 1800, Loss: 0.0029, Train: 70.13%, Valid: 69.04%, Test: 68.94%, Best Valid: 69.67%, Best Test: 69.56%
Epoch: 1900, Loss: 0.0529, Train: 68.94%, Valid: 67.47%, Test: 67.97%, Best Valid: 69.67%, Best Test: 69.56%
Epoch: 2000, Loss: 0.0036, Train: 69.25%, Valid: 68.05%, Test: 68.20%, Best Valid: 69.67%, Best Test: 69.56%
Epoch: 2100, Loss: 0.0081, Train: 67.83%, Valid: 66.88%, Test: 66.96%, Best Valid: 69.67%, Best Test: 69.56%
Epoch: 2200, Loss: 0.0007, Train: 69.48%, Valid: 68.46%, Test: 68.96%, Best Valid: 69.67%, Best Test: 69.56%
Epoch: 2300, Loss: 0.0007, Train: 69.62%, Valid: 68.10%, Test: 68.46%, Best Valid: 69.78%, Best Test: 70.03%
Epoch: 2400, Loss: 0.0020, Train: 69.92%, Valid: 68.68%, Test: 68.23%, Best Valid: 69.78%, Best Test: 70.03%
Epoch: 2500, Loss: 0.0004, Train: 68.46%, Valid: 67.34%, Test: 67.33%, Best Valid: 69.83%, Best Test: 69.84%
Run 04:
Highest Train: 71.41
Highest Valid: 70.34
Highest Test: 70.74
Chosen epoch: 2512
Final Train: 70.81
Final Test: 69.75
Label budget: 50/class -> 900 train nodes
Computing oracle penalty matrix from true labels...
Oracle penalty matrix frozen.
Epoch: 00, Loss: 5.1126, Train: 6.53%, Valid: 6.90%, Test: 6.07%, Best Valid: 6.90%, Best Test: 6.07%
Switching Polynormer to global attention phase.
Epoch: 100, Loss: 4.0662, Train: 9.68%, Valid: 9.67%, Test: 9.69%, Best Valid: 67.24%, Best Test: 66.22%
Epoch: 200, Loss: 0.0802, Train: 68.29%, Valid: 65.60%, Test: 65.80%, Best Valid: 67.50%, Best Test: 66.48%
Epoch: 300, Loss: 0.0454, Train: 68.87%, Valid: 66.87%, Test: 66.63%, Best Valid: 68.84%, Best Test: 68.73%
Epoch: 400, Loss: 0.0318, Train: 69.23%, Valid: 66.48%, Test: 66.96%, Best Valid: 68.84%, Best Test: 68.73%
Epoch: 500, Loss: 0.0109, Train: 68.70%, Valid: 66.41%, Test: 66.08%, Best Valid: 68.84%, Best Test: 68.73%
Epoch: 600, Loss: 0.0051, Train: 71.16%, Valid: 68.47%, Test: 68.74%, Best Valid: 68.84%, Best Test: 68.73%
Epoch: 700, Loss: 0.0077, Train: 70.51%, Valid: 68.17%, Test: 67.56%, Best Valid: 69.09%, Best Test: 68.02%
Epoch: 800, Loss: 0.0150, Train: 70.14%, Valid: 67.86%, Test: 67.93%, Best Valid: 69.09%, Best Test: 68.02%
Epoch: 900, Loss: 0.0446, Train: 69.00%, Valid: 66.14%, Test: 66.94%, Best Valid: 69.09%, Best Test: 68.02%
Epoch: 1000, Loss: 0.0190, Train: 70.99%, Valid: 68.72%, Test: 68.58%, Best Valid: 69.81%, Best Test: 69.20%
Epoch: 1100, Loss: 0.0261, Train: 71.39%, Valid: 69.53%, Test: 69.11%, Best Valid: 70.01%, Best Test: 68.85%
Epoch: 1200, Loss: 0.0182, Train: 70.89%, Valid: 68.74%, Test: 68.43%, Best Valid: 70.11%, Best Test: 69.68%
Epoch: 1300, Loss: 0.0320, Train: 70.97%, Valid: 68.97%, Test: 68.73%, Best Valid: 70.11%, Best Test: 69.68%
Epoch: 1400, Loss: 0.0178, Train: 69.71%, Valid: 67.27%, Test: 67.54%, Best Valid: 70.11%, Best Test: 69.68%
Epoch: 1500, Loss: 0.0064, Train: 71.25%, Valid: 68.68%, Test: 68.97%, Best Valid: 70.33%, Best Test: 70.01%
Epoch: 1600, Loss: 0.0020, Train: 71.19%, Valid: 68.97%, Test: 68.99%, Best Valid: 70.33%, Best Test: 70.01%
Epoch: 1700, Loss: 0.0032, Train: 70.73%, Valid: 68.65%, Test: 67.95%, Best Valid: 70.33%, Best Test: 70.01%
Epoch: 1800, Loss: 0.0026, Train: 70.12%, Valid: 68.19%, Test: 67.44%, Best Valid: 70.33%, Best Test: 70.01%
Epoch: 1900, Loss: 0.0343, Train: 70.41%, Valid: 67.98%, Test: 67.91%, Best Valid: 70.33%, Best Test: 70.01%
Epoch: 2000, Loss: 0.0047, Train: 68.62%, Valid: 66.58%, Test: 65.71%, Best Valid: 70.33%, Best Test: 70.01%
Epoch: 2100, Loss: 0.0311, Train: 70.04%, Valid: 67.68%, Test: 67.56%, Best Valid: 70.33%, Best Test: 70.01%
Epoch: 2200, Loss: 0.0200, Train: 70.38%, Valid: 68.23%, Test: 67.91%, Best Valid: 70.33%, Best Test: 70.01%
Epoch: 2300, Loss: 0.0036, Train: 70.44%, Valid: 68.19%, Test: 68.25%, Best Valid: 70.33%, Best Test: 70.01%
Epoch: 2400, Loss: 0.0256, Train: 69.00%, Valid: 66.74%, Test: 66.91%, Best Valid: 70.33%, Best Test: 70.01%
Epoch: 2500, Loss: 0.0124, Train: 70.74%, Valid: 68.31%, Test: 68.41%, Best Valid: 70.33%, Best Test: 70.01%
Run 05:
Highest Train: 72.40
Highest Valid: 70.33
Highest Test: 70.07
Chosen epoch: 1482
Final Train: 72.31
Final Test: 70.01
Label budget: 50/class -> 900 train nodes
Computing oracle penalty matrix from true labels...
Oracle penalty matrix frozen.
Epoch: 00, Loss: 5.0892, Train: 12.71%, Valid: 12.94%, Test: 12.87%, Best Valid: 12.94%, Best Test: 12.87%
Switching Polynormer to global attention phase.
Epoch: 100, Loss: 4.0657, Train: 4.24%, Valid: 4.18%, Test: 4.22%, Best Valid: 65.07%, Best Test: 66.50%
Epoch: 200, Loss: 0.0845, Train: 67.66%, Valid: 64.71%, Test: 66.06%, Best Valid: 66.41%, Best Test: 66.41%
Epoch: 300, Loss: 0.0236, Train: 68.05%, Valid: 65.30%, Test: 66.73%, Best Valid: 66.41%, Best Test: 66.41%
Epoch: 400, Loss: 0.0231, Train: 66.80%, Valid: 64.31%, Test: 65.11%, Best Valid: 66.41%, Best Test: 66.41%
Epoch: 500, Loss: 0.0375, Train: 66.55%, Valid: 63.74%, Test: 65.04%, Best Valid: 66.41%, Best Test: 66.41%
Epoch: 600, Loss: 0.0227, Train: 66.86%, Valid: 63.94%, Test: 65.14%, Best Valid: 66.43%, Best Test: 67.14%
Epoch: 700, Loss: 0.0099, Train: 67.10%, Valid: 64.40%, Test: 66.11%, Best Valid: 66.74%, Best Test: 68.16%
Epoch: 800, Loss: 0.0255, Train: 67.13%, Valid: 64.75%, Test: 65.95%, Best Valid: 67.47%, Best Test: 67.97%
Epoch: 900, Loss: 0.0110, Train: 66.53%, Valid: 63.64%, Test: 64.44%, Best Valid: 67.47%, Best Test: 67.97%
Epoch: 1000, Loss: 0.0019, Train: 68.92%, Valid: 66.23%, Test: 67.77%, Best Valid: 67.47%, Best Test: 67.97%
Epoch: 1100, Loss: 0.0120, Train: 68.41%, Valid: 65.24%, Test: 66.34%, Best Valid: 67.47%, Best Test: 67.97%
Epoch: 1200, Loss: 0.0191, Train: 66.90%, Valid: 64.47%, Test: 65.34%, Best Valid: 67.47%, Best Test: 67.97%
Epoch: 1300, Loss: 0.0006, Train: 69.88%, Valid: 66.46%, Test: 68.06%, Best Valid: 67.47%, Best Test: 67.97%
Epoch: 1400, Loss: 0.0156, Train: 68.63%, Valid: 65.31%, Test: 67.15%, Best Valid: 67.47%, Best Test: 67.97%
Epoch: 1500, Loss: 0.0044, Train: 68.41%, Valid: 65.81%, Test: 67.14%, Best Valid: 67.47%, Best Test: 67.97%
Epoch: 1600, Loss: 0.0334, Train: 69.38%, Valid: 65.68%, Test: 67.45%, Best Valid: 67.47%, Best Test: 67.97%
Epoch: 1700, Loss: 0.0115, Train: 67.66%, Valid: 64.68%, Test: 66.36%, Best Valid: 67.47%, Best Test: 67.97%
Epoch: 1800, Loss: 0.0135, Train: 68.71%, Valid: 65.42%, Test: 66.66%, Best Valid: 67.47%, Best Test: 67.97%
Epoch: 1900, Loss: 0.0127, Train: 69.19%, Valid: 66.27%, Test: 67.31%, Best Valid: 67.47%, Best Test: 67.97%
Epoch: 2000, Loss: 0.0089, Train: 68.53%, Valid: 65.45%, Test: 66.18%, Best Valid: 67.47%, Best Test: 67.97%
Epoch: 2100, Loss: 0.0220, Train: 68.41%, Valid: 65.35%, Test: 66.80%, Best Valid: 67.47%, Best Test: 67.97%
Epoch: 2200, Loss: 0.0196, Train: 67.99%, Valid: 65.38%, Test: 66.43%, Best Valid: 67.47%, Best Test: 67.97%
Epoch: 2300, Loss: 0.0213, Train: 68.78%, Valid: 65.63%, Test: 66.47%, Best Valid: 67.57%, Best Test: 68.76%
Epoch: 2400, Loss: 0.0075, Train: 70.21%, Valid: 66.83%, Test: 67.49%, Best Valid: 67.73%, Best Test: 68.30%
Epoch: 2500, Loss: 0.0167, Train: 69.13%, Valid: 66.09%, Test: 67.81%, Best Valid: 68.76%, Best Test: 70.12%
Run 06:
Highest Train: 71.31
Highest Valid: 68.76
Highest Test: 70.12
Chosen epoch: 2492
Final Train: 71.31
Final Test: 70.12
Label budget: 50/class -> 900 train nodes
Computing oracle penalty matrix from true labels...
Oracle penalty matrix frozen.
Epoch: 00, Loss: 5.0569, Train: 4.25%, Valid: 4.25%, Test: 4.45%, Best Valid: 4.25%, Best Test: 4.45%
Switching Polynormer to global attention phase.
Epoch: 100, Loss: 4.0753, Train: 2.99%, Valid: 3.32%, Test: 3.23%, Best Valid: 67.11%, Best Test: 66.55%
Epoch: 200, Loss: 0.0771, Train: 69.64%, Valid: 66.64%, Test: 66.38%, Best Valid: 68.16%, Best Test: 67.72%
Epoch: 300, Loss: 0.0317, Train: 69.64%, Valid: 66.34%, Test: 66.78%, Best Valid: 68.68%, Best Test: 68.39%
Epoch: 400, Loss: 0.0150, Train: 70.72%, Valid: 67.36%, Test: 67.98%, Best Valid: 68.68%, Best Test: 68.39%
Epoch: 500, Loss: 0.0242, Train: 71.06%, Valid: 67.80%, Test: 67.83%, Best Valid: 68.68%, Best Test: 68.39%
Epoch: 600, Loss: 0.0346, Train: 70.46%, Valid: 67.29%, Test: 67.31%, Best Valid: 68.68%, Best Test: 68.39%
Epoch: 700, Loss: 0.0153, Train: 70.71%, Valid: 67.78%, Test: 67.83%, Best Valid: 68.68%, Best Test: 68.39%
Epoch: 800, Loss: 0.0140, Train: 71.25%, Valid: 68.05%, Test: 68.55%, Best Valid: 68.74%, Best Test: 68.37%
Epoch: 900, Loss: 0.0127, Train: 69.47%, Valid: 66.64%, Test: 66.98%, Best Valid: 68.74%, Best Test: 68.37%
Epoch: 1000, Loss: 0.0033, Train: 69.53%, Valid: 66.83%, Test: 66.80%, Best Valid: 68.74%, Best Test: 68.37%
Epoch: 1100, Loss: 0.0126, Train: 69.44%, Valid: 66.92%, Test: 67.00%, Best Valid: 69.07%, Best Test: 69.01%
Epoch: 1200, Loss: 0.0125, Train: 70.87%, Valid: 67.41%, Test: 68.13%, Best Valid: 69.07%, Best Test: 69.01%
Epoch: 1300, Loss: 0.0068, Train: 69.78%, Valid: 66.27%, Test: 66.77%, Best Valid: 69.07%, Best Test: 69.01%
Epoch: 1400, Loss: 0.0025, Train: 71.03%, Valid: 68.05%, Test: 68.62%, Best Valid: 69.09%, Best Test: 69.47%
Epoch: 1500, Loss: 0.0092, Train: 71.55%, Valid: 68.63%, Test: 68.55%, Best Valid: 69.25%, Best Test: 69.13%
Epoch: 1600, Loss: 0.0263, Train: 69.68%, Valid: 65.97%, Test: 66.43%, Best Valid: 69.25%, Best Test: 69.13%
Epoch: 1700, Loss: 0.0024, Train: 70.17%, Valid: 67.15%, Test: 67.60%, Best Valid: 69.25%, Best Test: 69.13%
Epoch: 1800, Loss: 0.0044, Train: 71.32%, Valid: 67.70%, Test: 68.80%, Best Valid: 69.25%, Best Test: 69.13%
Epoch: 1900, Loss: 0.0099, Train: 70.75%, Valid: 67.98%, Test: 68.14%, Best Valid: 69.43%, Best Test: 69.11%
Epoch: 2000, Loss: 0.0034, Train: 70.89%, Valid: 67.63%, Test: 68.51%, Best Valid: 69.43%, Best Test: 69.11%
Epoch: 2100, Loss: 0.0134, Train: 71.54%, Valid: 68.44%, Test: 68.71%, Best Valid: 69.43%, Best Test: 69.11%
Epoch: 2200, Loss: 0.0402, Train: 71.47%, Valid: 68.37%, Test: 69.31%, Best Valid: 69.43%, Best Test: 69.11%
Epoch: 2300, Loss: 0.0234, Train: 70.35%, Valid: 67.94%, Test: 68.60%, Best Valid: 69.43%, Best Test: 69.11%
Epoch: 2400, Loss: 0.0320, Train: 69.86%, Valid: 67.41%, Test: 68.25%, Best Valid: 69.43%, Best Test: 69.11%
Epoch: 2500, Loss: 0.0047, Train: 71.15%, Valid: 68.38%, Test: 68.97%, Best Valid: 69.43%, Best Test: 69.11%
Run 07:
Highest Train: 72.38
Highest Valid: 69.43
Highest Test: 69.84
Chosen epoch: 1891
Final Train: 71.69
Final Test: 69.11
Label budget: 50/class -> 900 train nodes
Computing oracle penalty matrix from true labels...
Oracle penalty matrix frozen.
Epoch: 00, Loss: 4.9669, Train: 9.29%, Valid: 9.78%, Test: 9.78%, Best Valid: 9.78%, Best Test: 9.78%
Switching Polynormer to global attention phase.
Epoch: 100, Loss: 4.0877, Train: 6.58%, Valid: 6.65%, Test: 6.48%, Best Valid: 65.58%, Best Test: 65.28%
Epoch: 200, Loss: 0.0757, Train: 68.49%, Valid: 65.21%, Test: 65.48%, Best Valid: 66.28%, Best Test: 66.48%
Epoch: 300, Loss: 0.0698, Train: 67.66%, Valid: 65.08%, Test: 64.75%, Best Valid: 66.81%, Best Test: 66.34%
Epoch: 400, Loss: 0.0101, Train: 68.87%, Valid: 66.07%, Test: 66.38%, Best Valid: 67.41%, Best Test: 67.83%
Epoch: 500, Loss: 0.0256, Train: 68.14%, Valid: 64.78%, Test: 65.20%, Best Valid: 67.43%, Best Test: 67.49%
Epoch: 600, Loss: 0.0121, Train: 67.92%, Valid: 65.15%, Test: 65.83%, Best Valid: 67.43%, Best Test: 67.49%
Epoch: 700, Loss: 0.0246, Train: 68.70%, Valid: 66.37%, Test: 66.33%, Best Valid: 67.43%, Best Test: 67.49%
Epoch: 800, Loss: 0.0139, Train: 67.75%, Valid: 65.12%, Test: 65.25%, Best Valid: 67.43%, Best Test: 67.49%
Epoch: 900, Loss: 0.0135, Train: 67.57%, Valid: 64.80%, Test: 64.93%, Best Valid: 67.43%, Best Test: 67.49%
Epoch: 1000, Loss: 0.0098, Train: 68.58%, Valid: 65.54%, Test: 65.76%, Best Valid: 67.43%, Best Test: 67.49%
Epoch: 1100, Loss: 0.0017, Train: 69.32%, Valid: 66.64%, Test: 66.25%, Best Valid: 67.68%, Best Test: 67.44%
Epoch: 1200, Loss: 0.0093, Train: 67.55%, Valid: 65.05%, Test: 64.91%, Best Valid: 67.68%, Best Test: 67.44%
Epoch: 1300, Loss: 0.0038, Train: 67.87%, Valid: 64.47%, Test: 65.00%, Best Valid: 67.73%, Best Test: 67.31%
Epoch: 1400, Loss: 0.0104, Train: 68.06%, Valid: 65.45%, Test: 65.48%, Best Valid: 67.91%, Best Test: 67.56%
Epoch: 1500, Loss: 0.0022, Train: 69.62%, Valid: 66.37%, Test: 66.84%, Best Valid: 67.91%, Best Test: 67.56%
Epoch: 1600, Loss: 0.0077, Train: 69.19%, Valid: 66.80%, Test: 66.61%, Best Valid: 67.91%, Best Test: 67.56%
Epoch: 1700, Loss: 0.0119, Train: 68.83%, Valid: 66.62%, Test: 66.77%, Best Valid: 67.91%, Best Test: 67.56%
Epoch: 1800, Loss: 0.0072, Train: 68.33%, Valid: 66.21%, Test: 66.13%, Best Valid: 68.00%, Best Test: 68.11%
Epoch: 1900, Loss: 0.0010, Train: 69.34%, Valid: 67.08%, Test: 67.31%, Best Valid: 68.00%, Best Test: 68.11%
Epoch: 2000, Loss: 0.0046, Train: 69.87%, Valid: 67.13%, Test: 67.60%, Best Valid: 68.00%, Best Test: 68.11%
Epoch: 2100, Loss: 0.0120, Train: 69.00%, Valid: 65.49%, Test: 66.15%, Best Valid: 68.00%, Best Test: 68.11%
Epoch: 2200, Loss: 0.0059, Train: 68.59%, Valid: 65.86%, Test: 66.17%, Best Valid: 68.00%, Best Test: 68.11%
Epoch: 2300, Loss: 0.0155, Train: 68.41%, Valid: 65.14%, Test: 65.39%, Best Valid: 68.00%, Best Test: 68.11%
Epoch: 2400, Loss: 0.0171, Train: 67.59%, Valid: 64.73%, Test: 65.02%, Best Valid: 68.00%, Best Test: 68.11%
Epoch: 2500, Loss: 0.0082, Train: 68.61%, Valid: 65.24%, Test: 65.94%, Best Valid: 68.00%, Best Test: 68.11%
Run 08:
Highest Train: 70.53
Highest Valid: 68.00
Highest Test: 68.50
Chosen epoch: 1723
Final Train: 70.06
Final Test: 68.11
Label budget: 50/class -> 900 train nodes
Computing oracle penalty matrix from true labels...
Oracle penalty matrix frozen.
Epoch: 00, Loss: 4.8856, Train: 8.53%, Valid: 8.76%, Test: 8.03%, Best Valid: 8.76%, Best Test: 8.03%
Switching Polynormer to global attention phase.
Epoch: 100, Loss: 4.0734, Train: 4.25%, Valid: 4.27%, Test: 3.97%, Best Valid: 67.15%, Best Test: 66.73%
Epoch: 200, Loss: 0.0593, Train: 68.81%, Valid: 66.48%, Test: 66.18%, Best Valid: 67.61%, Best Test: 66.96%
Epoch: 300, Loss: 0.0230, Train: 69.33%, Valid: 67.20%, Test: 66.38%, Best Valid: 67.82%, Best Test: 66.91%
Epoch: 400, Loss: 0.0240, Train: 69.93%, Valid: 67.06%, Test: 67.19%, Best Valid: 67.82%, Best Test: 66.91%
Epoch: 500, Loss: 0.0100, Train: 68.70%, Valid: 65.95%, Test: 66.64%, Best Valid: 67.82%, Best Test: 66.91%
Epoch: 600, Loss: 0.0262, Train: 68.48%, Valid: 66.07%, Test: 65.88%, Best Valid: 67.94%, Best Test: 67.53%
Epoch: 700, Loss: 0.0018, Train: 69.96%, Valid: 67.52%, Test: 67.24%, Best Valid: 67.94%, Best Test: 67.53%
Epoch: 800, Loss: 0.0107, Train: 69.76%, Valid: 67.13%, Test: 66.96%, Best Valid: 68.05%, Best Test: 67.72%
Epoch: 900, Loss: 0.0058, Train: 69.75%, Valid: 66.76%, Test: 66.91%, Best Valid: 68.05%, Best Test: 67.72%
Epoch: 1000, Loss: 0.0042, Train: 69.08%, Valid: 66.57%, Test: 66.61%, Best Valid: 68.05%, Best Test: 67.72%
Epoch: 1100, Loss: 0.0062, Train: 68.25%, Valid: 65.65%, Test: 65.44%, Best Valid: 68.05%, Best Test: 67.72%
Epoch: 1200, Loss: 0.0226, Train: 67.38%, Valid: 65.05%, Test: 65.16%, Best Valid: 68.05%, Best Test: 67.72%
Epoch: 1300, Loss: 0.0260, Train: 67.79%, Valid: 65.47%, Test: 64.95%, Best Valid: 68.05%, Best Test: 67.72%
Epoch: 1400, Loss: 0.0017, Train: 68.36%, Valid: 65.79%, Test: 66.40%, Best Valid: 68.05%, Best Test: 67.72%
Epoch: 1500, Loss: 0.0016, Train: 69.76%, Valid: 66.64%, Test: 66.61%, Best Valid: 68.05%, Best Test: 67.72%
Epoch: 1600, Loss: 0.0114, Train: 69.58%, Valid: 66.81%, Test: 66.70%, Best Valid: 68.05%, Best Test: 67.72%
Epoch: 1700, Loss: 0.0039, Train: 68.72%, Valid: 65.60%, Test: 65.78%, Best Valid: 68.05%, Best Test: 67.72%
Epoch: 1800, Loss: 0.0780, Train: 67.36%, Valid: 64.29%, Test: 64.84%, Best Valid: 68.05%, Best Test: 67.72%
Epoch: 1900, Loss: 0.0491, Train: 68.14%, Valid: 65.53%, Test: 65.57%, Best Valid: 68.05%, Best Test: 67.72%
Epoch: 2000, Loss: 0.0133, Train: 68.45%, Valid: 65.56%, Test: 65.69%, Best Valid: 68.05%, Best Test: 67.72%
Epoch: 2100, Loss: 0.0191, Train: 69.59%, Valid: 66.16%, Test: 66.40%, Best Valid: 68.05%, Best Test: 67.72%
Epoch: 2200, Loss: 0.0049, Train: 69.08%, Valid: 66.73%, Test: 66.84%, Best Valid: 68.05%, Best Test: 67.72%
Epoch: 2300, Loss: 0.0137, Train: 70.05%, Valid: 66.71%, Test: 66.89%, Best Valid: 68.05%, Best Test: 67.72%
Epoch: 2400, Loss: 0.0127, Train: 67.63%, Valid: 65.30%, Test: 65.88%, Best Valid: 68.05%, Best Test: 67.72%
Epoch: 2500, Loss: 0.0065, Train: 67.73%, Valid: 65.14%, Test: 65.46%, Best Valid: 68.05%, Best Test: 67.72%
Run 09:
Highest Train: 70.87
Highest Valid: 68.05
Highest Test: 68.09
Chosen epoch: 704
Final Train: 70.41
Final Test: 67.72
Label budget: 50/class -> 900 train nodes
Computing oracle penalty matrix from true labels...
Oracle penalty matrix frozen.
Epoch: 00, Loss: 5.1204, Train: 8.83%, Valid: 8.46%, Test: 8.42%, Best Valid: 8.46%, Best Test: 8.42%
Switching Polynormer to global attention phase.
Epoch: 100, Loss: 4.0708, Train: 9.19%, Valid: 9.13%, Test: 9.11%, Best Valid: 66.74%, Best Test: 66.45%
Epoch: 200, Loss: 0.0666, Train: 67.83%, Valid: 66.58%, Test: 65.55%, Best Valid: 66.85%, Best Test: 65.87%
Epoch: 300, Loss: 0.0382, Train: 68.56%, Valid: 66.67%, Test: 66.27%, Best Valid: 67.77%, Best Test: 66.82%
Epoch: 400, Loss: 0.0093, Train: 68.58%, Valid: 66.71%, Test: 65.76%, Best Valid: 67.77%, Best Test: 66.82%
Epoch: 500, Loss: 0.0088, Train: 66.90%, Valid: 65.03%, Test: 63.91%, Best Valid: 67.93%, Best Test: 66.73%
Epoch: 600, Loss: 0.0075, Train: 67.81%, Valid: 66.37%, Test: 65.69%, Best Valid: 67.93%, Best Test: 66.73%
Epoch: 700, Loss: 0.0369, Train: 68.28%, Valid: 66.57%, Test: 65.37%, Best Valid: 68.07%, Best Test: 67.76%
Epoch: 800, Loss: 0.0152, Train: 68.12%, Valid: 65.53%, Test: 65.48%, Best Valid: 68.07%, Best Test: 67.76%
Epoch: 900, Loss: 0.0054, Train: 69.01%, Valid: 67.33%, Test: 66.70%, Best Valid: 68.79%, Best Test: 67.68%
Epoch: 1000, Loss: 0.0032, Train: 69.29%, Valid: 67.26%, Test: 66.50%, Best Valid: 69.07%, Best Test: 68.43%
Epoch: 1100, Loss: 0.0178, Train: 67.88%, Valid: 65.44%, Test: 65.67%, Best Valid: 69.07%, Best Test: 68.43%
Epoch: 1200, Loss: 0.0234, Train: 67.87%, Valid: 65.47%, Test: 65.94%, Best Valid: 69.07%, Best Test: 68.43%
Epoch: 1300, Loss: 0.0242, Train: 66.72%, Valid: 64.91%, Test: 64.19%, Best Valid: 69.07%, Best Test: 68.43%
Epoch: 1400, Loss: 0.0360, Train: 68.38%, Valid: 65.98%, Test: 65.43%, Best Valid: 69.07%, Best Test: 68.43%
Epoch: 1500, Loss: 0.0117, Train: 69.53%, Valid: 68.05%, Test: 67.35%, Best Valid: 69.07%, Best Test: 68.43%
Epoch: 1600, Loss: 0.0016, Train: 70.29%, Valid: 68.31%, Test: 67.53%, Best Valid: 69.16%, Best Test: 68.00%
Epoch: 1700, Loss: 0.0100, Train: 69.12%, Valid: 66.78%, Test: 66.01%, Best Valid: 69.97%, Best Test: 68.36%
Epoch: 1800, Loss: 0.0019, Train: 69.05%, Valid: 67.57%, Test: 66.77%, Best Valid: 69.97%, Best Test: 68.36%
Epoch: 1900, Loss: 0.0215, Train: 69.96%, Valid: 67.41%, Test: 67.67%, Best Valid: 69.97%, Best Test: 68.36%
Epoch: 2000, Loss: 0.0011, Train: 69.82%, Valid: 67.94%, Test: 67.14%, Best Valid: 69.97%, Best Test: 68.36%
Epoch: 2100, Loss: 0.0026, Train: 69.76%, Valid: 68.17%, Test: 67.28%, Best Valid: 69.97%, Best Test: 68.36%
Epoch: 2200, Loss: 0.0239, Train: 71.02%, Valid: 69.09%, Test: 68.21%, Best Valid: 69.97%, Best Test: 68.36%
Epoch: 2300, Loss: 0.0023, Train: 68.77%, Valid: 66.80%, Test: 66.50%, Best Valid: 69.97%, Best Test: 68.36%
Epoch: 2400, Loss: 0.0106, Train: 68.63%, Valid: 67.45%, Test: 66.11%, Best Valid: 69.97%, Best Test: 68.36%
Epoch: 2500, Loss: 0.0182, Train: 68.48%, Valid: 66.80%, Test: 66.31%, Best Valid: 69.97%, Best Test: 68.36%
Run 10:
Highest Train: 71.73
Highest Valid: 69.97
Highest Test: 68.58
Chosen epoch: 1639
Final Train: 70.85
Final Test: 68.36
All runs:
Highest Train: 71.49 ± 0.58
Highest Test: 69.31 ± 0.89
Highest Valid: 69.11 ± 0.88
  Final Train: 70.98 ± 0.66
   Final Test: 68.86 ± 0.87
Saving results to ../results/lowlabel/roman-empire/polynormer.csv
--- oracle_reg | lambda=0.8 ---
Namespace(aggregate='add', alpha=0.5, attention='gcn', beta=0.5, bn=False, budget_tag='50', count_reg=False, count_smoothing=1.0, cpu=False, data_dir='../data/', dataset='roman-empire', device=0, dim_inner=64, display_step=100, dropout=0.3, epochs=500, global_dropout=0.5, global_epochs=2500, global_layers=2, gnn='gcn', graph_weight=0.8, hidden_channels=64, hops=10, in_dropout=0.15, jk=False, label_num_per_class=20, lambda_val=0.8, layers=1, ln=False, local_epochs=100, local_gnn_type='GCN', local_layers=10, lr=0.001, metric='acc', mlp_epochs=500, mlp_reg=False, model='polynormer', model_dir='models/lowlabel_1178246_398', n_heads=8, num_centroids=4096, num_heads=8, oracle_reg=True, paired_seeds=True, pe_types='RWSE', penalty_transform='none', pre_linear=False, pre_ln=False, rand_split=False, rand_split_class=False, reg_start_epoch=10, reg_update_freq=5, res=False, resample_split_per_run=False, result_dir='../results/lowlabel', runs=10, save_model=True, save_result=False, seed=42, test_num=1000, tr_dropout=None, tr_layers=1, tr_weight_decay=None, train_per_class=50, train_prop=0.5, use_act=False, use_bn=False, use_graph=False, use_reg=True, use_residual=False, use_weight=False, valid_num=500, valid_per_class=0, valid_prop=0.25, weight_decay=0.0)
roman-empire
dataset roman-empire | num nodes 22662 | num edge 32927 | num node feats 300 | num classes 18
MODEL: Polynormer(
  (h_lins): ModuleList(
    (0): Linear(in_features=512, out_features=512, bias=True)
    (1): Linear(in_features=512, out_features=512, bias=True)
    (2): Linear(in_features=512, out_features=512, bias=True)
    (3): Linear(in_features=512, out_features=512, bias=True)
    (4): Linear(in_features=512, out_features=512, bias=True)
    (5): Linear(in_features=512, out_features=512, bias=True)
    (6): Linear(in_features=512, out_features=512, bias=True)
    (7): Linear(in_features=512, out_features=512, bias=True)
    (8): Linear(in_features=512, out_features=512, bias=True)
    (9): Linear(in_features=512, out_features=512, bias=True)
  )
  (local_convs): ModuleList(
    (0): GATConv(512, 64, heads=8)
    (1): GATConv(512, 64, heads=8)
    (2): GATConv(512, 64, heads=8)
    (3): GATConv(512, 64, heads=8)
    (4): GATConv(512, 64, heads=8)
    (5): GATConv(512, 64, heads=8)
    (6): GATConv(512, 64, heads=8)
    (7): GATConv(512, 64, heads=8)
    (8): GATConv(512, 64, heads=8)
    (9): GATConv(512, 64, heads=8)
  )
  (lins): ModuleList(
    (0): Linear(in_features=512, out_features=512, bias=True)
    (1): Linear(in_features=512, out_features=512, bias=True)
    (2): Linear(in_features=512, out_features=512, bias=True)
    (3): Linear(in_features=512, out_features=512, bias=True)
    (4): Linear(in_features=512, out_features=512, bias=True)
    (5): Linear(in_features=512, out_features=512, bias=True)
    (6): Linear(in_features=512, out_features=512, bias=True)
    (7): Linear(in_features=512, out_features=512, bias=True)
    (8): Linear(in_features=512, out_features=512, bias=True)
    (9): Linear(in_features=512, out_features=512, bias=True)
  )
  (lns): ModuleList(
    (0): LayerNorm((512,), eps=1e-05, elementwise_affine=True)
    (1): LayerNorm((512,), eps=1e-05, elementwise_affine=True)
    (2): LayerNorm((512,), eps=1e-05, elementwise_affine=True)
    (3): LayerNorm((512,), eps=1e-05, elementwise_affine=True)
    (4): LayerNorm((512,), eps=1e-05, elementwise_affine=True)
    (5): LayerNorm((512,), eps=1e-05, elementwise_affine=True)
    (6): LayerNorm((512,), eps=1e-05, elementwise_affine=True)
    (7): LayerNorm((512,), eps=1e-05, elementwise_affine=True)
    (8): LayerNorm((512,), eps=1e-05, elementwise_affine=True)
    (9): LayerNorm((512,), eps=1e-05, elementwise_affine=True)
  )
  (lin_in): Linear(in_features=300, out_features=512, bias=True)
  (ln): LayerNorm((512,), eps=1e-05, elementwise_affine=True)
  (global_attn): GlobalAttn(
    (h_lins): ModuleList(
      (0): Linear(in_features=512, out_features=512, bias=True)
      (1): Linear(in_features=512, out_features=512, bias=True)
    )
    (k_lins): ModuleList(
      (0): Linear(in_features=512, out_features=512, bias=True)
      (1): Linear(in_features=512, out_features=512, bias=True)
    )
    (v_lins): ModuleList(
      (0): Linear(in_features=512, out_features=512, bias=True)
      (1): Linear(in_features=512, out_features=512, bias=True)
    )
    (lns): ModuleList(
      (0): LayerNorm((512,), eps=1e-05, elementwise_affine=True)
      (1): LayerNorm((512,), eps=1e-05, elementwise_affine=True)
    )
    (lin_out): Linear(in_features=512, out_features=512, bias=True)
  )
  (pred_local): Linear(in_features=512, out_features=18, bias=True)
  (pred_global): Linear(in_features=512, out_features=18, bias=True)
)
Label budget: 50/class -> 900 train nodes
Computing oracle penalty matrix from true labels...
Oracle penalty matrix frozen.
Epoch: 00, Loss: 6.4614, Train: 10.71%, Valid: 11.14%, Test: 10.66%, Best Valid: 11.14%, Best Test: 10.66%
Switching Polynormer to global attention phase.
Epoch: 100, Loss: 5.2134, Train: 13.95%, Valid: 13.96%, Test: 13.96%, Best Valid: 67.78%, Best Test: 66.22%
Epoch: 200, Loss: 0.0713, Train: 70.62%, Valid: 67.89%, Test: 66.89%, Best Valid: 68.26%, Best Test: 67.33%
Epoch: 300, Loss: 0.0595, Train: 69.51%, Valid: 66.65%, Test: 65.14%, Best Valid: 68.26%, Best Test: 67.33%
Epoch: 400, Loss: 0.0102, Train: 69.25%, Valid: 66.04%, Test: 64.98%, Best Valid: 68.26%, Best Test: 67.33%
Epoch: 500, Loss: 0.0162, Train: 69.91%, Valid: 66.65%, Test: 66.84%, Best Valid: 68.26%, Best Test: 67.33%
Epoch: 600, Loss: 0.0139, Train: 69.23%, Valid: 66.14%, Test: 65.39%, Best Valid: 68.26%, Best Test: 67.33%
Epoch: 700, Loss: 0.0121, Train: 69.75%, Valid: 66.88%, Test: 66.47%, Best Valid: 69.66%, Best Test: 68.73%
Epoch: 800, Loss: 0.0149, Train: 69.66%, Valid: 66.30%, Test: 65.55%, Best Valid: 69.66%, Best Test: 68.73%
Epoch: 900, Loss: 0.0083, Train: 70.70%, Valid: 67.64%, Test: 67.72%, Best Valid: 69.66%, Best Test: 68.73%
Epoch: 1000, Loss: 0.0265, Train: 69.60%, Valid: 66.58%, Test: 66.59%, Best Valid: 69.66%, Best Test: 68.73%
Epoch: 1100, Loss: 0.0071, Train: 70.71%, Valid: 67.61%, Test: 67.35%, Best Valid: 69.66%, Best Test: 68.73%
Epoch: 1200, Loss: 0.0049, Train: 70.43%, Valid: 67.31%, Test: 66.75%, Best Valid: 69.66%, Best Test: 68.73%
Epoch: 1300, Loss: 0.0074, Train: 70.59%, Valid: 67.87%, Test: 67.61%, Best Valid: 69.66%, Best Test: 68.73%
Epoch: 1400, Loss: 0.0052, Train: 69.50%, Valid: 66.32%, Test: 66.03%, Best Valid: 69.66%, Best Test: 68.73%
Epoch: 1500, Loss: 0.0405, Train: 69.98%, Valid: 67.01%, Test: 66.68%, Best Valid: 69.66%, Best Test: 68.73%
Epoch: 1600, Loss: 0.0140, Train: 70.10%, Valid: 67.18%, Test: 66.89%, Best Valid: 69.66%, Best Test: 68.73%
Epoch: 1700, Loss: 0.0368, Train: 70.07%, Valid: 66.92%, Test: 67.12%, Best Valid: 69.66%, Best Test: 68.73%
Epoch: 1800, Loss: 0.0123, Train: 71.49%, Valid: 68.44%, Test: 69.10%, Best Valid: 69.66%, Best Test: 68.73%
Epoch: 1900, Loss: 0.0337, Train: 69.80%, Valid: 66.07%, Test: 66.03%, Best Valid: 69.66%, Best Test: 68.73%
Epoch: 2000, Loss: 0.0137, Train: 69.65%, Valid: 66.20%, Test: 65.55%, Best Valid: 69.66%, Best Test: 68.73%
Epoch: 2100, Loss: 0.0012, Train: 69.99%, Valid: 66.21%, Test: 66.43%, Best Valid: 69.66%, Best Test: 68.73%
Epoch: 2200, Loss: 0.0053, Train: 70.42%, Valid: 67.33%, Test: 66.75%, Best Valid: 69.66%, Best Test: 68.73%
Epoch: 2300, Loss: 0.0008, Train: 69.23%, Valid: 66.05%, Test: 65.55%, Best Valid: 69.66%, Best Test: 68.73%
Epoch: 2400, Loss: 0.0217, Train: 69.76%, Valid: 66.83%, Test: 66.52%, Best Valid: 69.66%, Best Test: 68.73%
Epoch: 2500, Loss: 0.0020, Train: 70.59%, Valid: 67.77%, Test: 66.73%, Best Valid: 69.66%, Best Test: 68.73%
Run 01:
Highest Train: 72.13
Highest Valid: 69.66
Highest Test: 69.61
Chosen epoch: 648
Final Train: 71.79
Final Test: 68.73
Label budget: 50/class -> 900 train nodes
Computing oracle penalty matrix from true labels...
Oracle penalty matrix frozen.
Epoch: 00, Loss: 6.3529, Train: 9.81%, Valid: 10.01%, Test: 9.88%, Best Valid: 10.01%, Best Test: 9.88%
Switching Polynormer to global attention phase.
Epoch: 100, Loss: 5.2349, Train: 4.70%, Valid: 4.68%, Test: 4.68%, Best Valid: 66.43%, Best Test: 66.98%
Epoch: 200, Loss: 0.0571, Train: 69.53%, Valid: 67.73%, Test: 68.36%, Best Valid: 67.73%, Best Test: 68.36%
Epoch: 300, Loss: 0.0388, Train: 69.52%, Valid: 68.07%, Test: 67.84%, Best Valid: 68.07%, Best Test: 67.84%
Epoch: 400, Loss: 0.0246, Train: 69.81%, Valid: 67.57%, Test: 68.21%, Best Valid: 68.54%, Best Test: 68.37%
Epoch: 500, Loss: 0.0366, Train: 69.27%, Valid: 67.75%, Test: 67.33%, Best Valid: 68.68%, Best Test: 68.76%
Epoch: 600, Loss: 0.0716, Train: 69.17%, Valid: 66.94%, Test: 67.19%, Best Valid: 68.68%, Best Test: 68.76%
Epoch: 700, Loss: 0.0399, Train: 69.53%, Valid: 66.83%, Test: 67.49%, Best Valid: 68.68%, Best Test: 68.76%
Epoch: 800, Loss: 0.0040, Train: 69.59%, Valid: 67.18%, Test: 67.81%, Best Valid: 68.68%, Best Test: 68.76%
Epoch: 900, Loss: 0.0177, Train: 69.87%, Valid: 68.01%, Test: 67.88%, Best Valid: 68.68%, Best Test: 68.76%
Epoch: 1000, Loss: 0.0043, Train: 67.89%, Valid: 66.37%, Test: 66.43%, Best Valid: 68.68%, Best Test: 68.76%
Epoch: 1100, Loss: 0.0155, Train: 69.98%, Valid: 67.87%, Test: 68.02%, Best Valid: 68.68%, Best Test: 68.76%
Epoch: 1200, Loss: 0.0042, Train: 69.23%, Valid: 67.33%, Test: 67.08%, Best Valid: 69.66%, Best Test: 69.29%
Epoch: 1300, Loss: 0.0287, Train: 69.72%, Valid: 67.73%, Test: 66.85%, Best Valid: 69.66%, Best Test: 69.29%
Epoch: 1400, Loss: 0.0189, Train: 69.02%, Valid: 67.20%, Test: 66.89%, Best Valid: 69.66%, Best Test: 69.29%
Epoch: 1500, Loss: 0.0206, Train: 70.21%, Valid: 68.19%, Test: 68.44%, Best Valid: 69.66%, Best Test: 69.29%
Epoch: 1600, Loss: 0.0136, Train: 69.34%, Valid: 67.56%, Test: 67.68%, Best Valid: 69.66%, Best Test: 69.29%
Epoch: 1700, Loss: 0.0065, Train: 68.62%, Valid: 67.15%, Test: 66.80%, Best Valid: 69.66%, Best Test: 69.29%
Epoch: 1800, Loss: 0.0063, Train: 70.49%, Valid: 68.90%, Test: 68.80%, Best Valid: 69.66%, Best Test: 69.29%
Epoch: 1900, Loss: 0.0026, Train: 70.62%, Valid: 68.53%, Test: 68.60%, Best Valid: 69.73%, Best Test: 69.38%
Epoch: 2000, Loss: 0.0046, Train: 69.25%, Valid: 66.95%, Test: 67.14%, Best Valid: 69.73%, Best Test: 69.38%
Epoch: 2100, Loss: 0.0017, Train: 69.92%, Valid: 67.41%, Test: 67.65%, Best Valid: 69.73%, Best Test: 69.38%
Epoch: 2200, Loss: 0.0193, Train: 69.42%, Valid: 67.66%, Test: 67.74%, Best Valid: 69.73%, Best Test: 69.38%
Epoch: 2300, Loss: 0.0045, Train: 67.56%, Valid: 65.75%, Test: 66.01%, Best Valid: 69.73%, Best Test: 69.38%
Epoch: 2400, Loss: 0.0174, Train: 68.20%, Valid: 65.68%, Test: 66.54%, Best Valid: 69.73%, Best Test: 69.38%
Epoch: 2500, Loss: 0.0118, Train: 69.29%, Valid: 67.01%, Test: 67.12%, Best Valid: 69.73%, Best Test: 69.38%
Run 02:
Highest Train: 71.64
Highest Valid: 69.73
Highest Test: 69.82
Chosen epoch: 1828
Final Train: 71.64
Final Test: 69.38
Label budget: 50/class -> 900 train nodes
Computing oracle penalty matrix from true labels...
Oracle penalty matrix frozen.
Epoch: 00, Loss: 6.3234, Train: 10.56%, Valid: 10.66%, Test: 10.68%, Best Valid: 10.66%, Best Test: 10.68%
Switching Polynormer to global attention phase.
Epoch: 100, Loss: 5.2205, Train: 5.99%, Valid: 6.00%, Test: 6.00%, Best Valid: 66.65%, Best Test: 66.89%
Epoch: 200, Loss: 0.0910, Train: 68.54%, Valid: 65.72%, Test: 65.95%, Best Valid: 67.71%, Best Test: 66.71%
Epoch: 300, Loss: 0.0383, Train: 69.77%, Valid: 66.78%, Test: 66.70%, Best Valid: 67.71%, Best Test: 66.71%
Epoch: 400, Loss: 0.0367, Train: 66.90%, Valid: 64.20%, Test: 64.61%, Best Valid: 67.71%, Best Test: 66.71%
Epoch: 500, Loss: 0.0324, Train: 70.27%, Valid: 67.29%, Test: 67.19%, Best Valid: 67.71%, Best Test: 66.71%
Epoch: 600, Loss: 0.0116, Train: 69.23%, Valid: 66.23%, Test: 65.92%, Best Valid: 67.71%, Best Test: 66.71%
Epoch: 700, Loss: 0.0102, Train: 68.49%, Valid: 65.74%, Test: 65.28%, Best Valid: 67.71%, Best Test: 66.71%
Epoch: 800, Loss: 0.0141, Train: 69.61%, Valid: 66.78%, Test: 67.37%, Best Valid: 67.71%, Best Test: 66.71%
Epoch: 900, Loss: 0.0351, Train: 68.66%, Valid: 65.75%, Test: 65.71%, Best Valid: 67.71%, Best Test: 66.71%
Epoch: 1000, Loss: 0.0118, Train: 70.08%, Valid: 66.64%, Test: 67.30%, Best Valid: 67.71%, Best Test: 66.71%
Epoch: 1100, Loss: 0.0049, Train: 70.26%, Valid: 67.45%, Test: 66.85%, Best Valid: 68.26%, Best Test: 67.38%
Epoch: 1200, Loss: 0.0091, Train: 68.33%, Valid: 65.88%, Test: 65.20%, Best Valid: 68.26%, Best Test: 67.38%
Epoch: 1300, Loss: 0.0076, Train: 68.97%, Valid: 66.32%, Test: 65.85%, Best Valid: 68.26%, Best Test: 67.38%
Epoch: 1400, Loss: 0.0022, Train: 69.03%, Valid: 66.02%, Test: 66.25%, Best Valid: 68.26%, Best Test: 67.38%
Epoch: 1500, Loss: 0.0152, Train: 68.77%, Valid: 66.48%, Test: 66.06%, Best Valid: 68.26%, Best Test: 67.38%
Epoch: 1600, Loss: 0.0149, Train: 67.73%, Valid: 65.24%, Test: 64.98%, Best Valid: 68.26%, Best Test: 67.38%
Epoch: 1700, Loss: 0.0336, Train: 67.36%, Valid: 65.24%, Test: 64.44%, Best Valid: 68.26%, Best Test: 67.38%
Epoch: 1800, Loss: 0.0080, Train: 69.44%, Valid: 66.76%, Test: 66.75%, Best Valid: 68.26%, Best Test: 67.38%
Epoch: 1900, Loss: 0.0279, Train: 69.24%, Valid: 66.87%, Test: 66.89%, Best Valid: 68.26%, Best Test: 67.38%
Epoch: 2000, Loss: 0.0497, Train: 69.30%, Valid: 66.76%, Test: 66.38%, Best Valid: 68.26%, Best Test: 67.38%
Epoch: 2100, Loss: 0.0263, Train: 68.04%, Valid: 65.47%, Test: 65.07%, Best Valid: 68.26%, Best Test: 67.38%
Epoch: 2200, Loss: 0.0052, Train: 67.13%, Valid: 65.05%, Test: 64.93%, Best Valid: 68.26%, Best Test: 67.38%
Epoch: 2300, Loss: 0.0031, Train: 68.92%, Valid: 67.31%, Test: 66.08%, Best Valid: 68.26%, Best Test: 67.38%
Epoch: 2400, Loss: 0.0039, Train: 68.68%, Valid: 65.75%, Test: 66.25%, Best Valid: 68.26%, Best Test: 67.38%
Epoch: 2500, Loss: 0.0028, Train: 69.55%, Valid: 66.99%, Test: 66.77%, Best Valid: 68.26%, Best Test: 67.38%
Run 03:
Highest Train: 71.34
Highest Valid: 68.26
Highest Test: 67.97
Chosen epoch: 1096
Final Train: 70.89
Final Test: 67.38
Label budget: 50/class -> 900 train nodes
Computing oracle penalty matrix from true labels...
Oracle penalty matrix frozen.
Epoch: 00, Loss: 6.6029, Train: 12.91%, Valid: 13.22%, Test: 13.25%, Best Valid: 13.22%, Best Test: 13.25%
Switching Polynormer to global attention phase.
Epoch: 100, Loss: 5.2341, Train: 5.99%, Valid: 6.00%, Test: 6.00%, Best Valid: 68.47%, Best Test: 68.99%
Epoch: 200, Loss: 0.1011, Train: 69.23%, Valid: 66.81%, Test: 68.36%, Best Valid: 68.70%, Best Test: 68.83%
Epoch: 300, Loss: 0.0314, Train: 68.92%, Valid: 67.45%, Test: 68.32%, Best Valid: 68.88%, Best Test: 69.34%
Epoch: 400, Loss: 0.0475, Train: 70.80%, Valid: 68.68%, Test: 69.40%, Best Valid: 69.04%, Best Test: 69.54%
Epoch: 500, Loss: 0.0417, Train: 69.77%, Valid: 68.19%, Test: 68.94%, Best Valid: 69.39%, Best Test: 69.93%
Epoch: 600, Loss: 0.0271, Train: 69.17%, Valid: 66.76%, Test: 68.27%, Best Valid: 69.39%, Best Test: 69.93%
Epoch: 700, Loss: 0.0281, Train: 71.53%, Valid: 69.16%, Test: 69.77%, Best Valid: 69.39%, Best Test: 69.93%
Epoch: 800, Loss: 0.0144, Train: 69.32%, Valid: 67.54%, Test: 68.18%, Best Valid: 69.39%, Best Test: 69.93%
Epoch: 900, Loss: 0.0427, Train: 70.02%, Valid: 67.43%, Test: 68.96%, Best Valid: 69.39%, Best Test: 69.93%
Epoch: 1000, Loss: 0.0029, Train: 68.62%, Valid: 67.38%, Test: 67.53%, Best Valid: 69.39%, Best Test: 69.93%
Epoch: 1100, Loss: 0.0054, Train: 70.17%, Valid: 68.54%, Test: 69.26%, Best Valid: 69.39%, Best Test: 69.93%
Epoch: 1200, Loss: 0.0216, Train: 70.05%, Valid: 68.72%, Test: 69.52%, Best Valid: 69.39%, Best Test: 69.93%
Epoch: 1300, Loss: 0.0049, Train: 68.52%, Valid: 66.85%, Test: 67.51%, Best Valid: 69.39%, Best Test: 69.93%
Epoch: 1400, Loss: 0.0092, Train: 70.22%, Valid: 68.38%, Test: 69.45%, Best Valid: 69.39%, Best Test: 69.93%
Epoch: 1500, Loss: 0.0055, Train: 69.14%, Valid: 67.47%, Test: 68.07%, Best Valid: 69.67%, Best Test: 70.60%
Epoch: 1600, Loss: 0.0043, Train: 69.56%, Valid: 67.64%, Test: 67.95%, Best Valid: 69.67%, Best Test: 70.60%
Epoch: 1700, Loss: 0.0031, Train: 69.92%, Valid: 68.17%, Test: 69.38%, Best Valid: 69.67%, Best Test: 70.60%
Epoch: 1800, Loss: 0.0026, Train: 69.01%, Valid: 66.67%, Test: 67.44%, Best Valid: 69.67%, Best Test: 70.60%
Epoch: 1900, Loss: 0.0038, Train: 69.76%, Valid: 67.68%, Test: 68.34%, Best Valid: 69.67%, Best Test: 70.60%
Epoch: 2000, Loss: 0.0023, Train: 69.62%, Valid: 67.75%, Test: 68.94%, Best Valid: 69.85%, Best Test: 70.35%
Epoch: 2100, Loss: 0.0166, Train: 71.50%, Valid: 69.16%, Test: 70.60%, Best Valid: 69.85%, Best Test: 70.35%
Epoch: 2200, Loss: 0.0123, Train: 69.38%, Valid: 67.34%, Test: 68.18%, Best Valid: 69.85%, Best Test: 70.35%
Epoch: 2300, Loss: 0.0191, Train: 70.05%, Valid: 68.58%, Test: 69.04%, Best Valid: 69.85%, Best Test: 70.35%
Epoch: 2400, Loss: 0.0025, Train: 70.02%, Valid: 68.61%, Test: 69.43%, Best Valid: 69.85%, Best Test: 70.35%
Epoch: 2500, Loss: 0.0019, Train: 69.97%, Valid: 67.93%, Test: 68.76%, Best Valid: 69.85%, Best Test: 70.35%
Run 04:
Highest Train: 72.12
Highest Valid: 69.85
Highest Test: 70.93
Chosen epoch: 1990
Final Train: 71.29
Final Test: 70.35
Label budget: 50/class -> 900 train nodes
Computing oracle penalty matrix from true labels...
Oracle penalty matrix frozen.
Epoch: 00, Loss: 6.5733, Train: 6.42%, Valid: 6.11%, Test: 6.42%, Best Valid: 6.11%, Best Test: 6.42%
Switching Polynormer to global attention phase.
Epoch: 100, Loss: 5.2218, Train: 9.68%, Valid: 9.67%, Test: 9.69%, Best Valid: 67.24%, Best Test: 67.26%
Epoch: 200, Loss: 0.0915, Train: 69.29%, Valid: 66.37%, Test: 66.54%, Best Valid: 68.70%, Best Test: 68.23%
Epoch: 300, Loss: 0.0548, Train: 69.17%, Valid: 66.09%, Test: 66.27%, Best Valid: 68.70%, Best Test: 68.23%
Epoch: 400, Loss: 0.0309, Train: 70.32%, Valid: 67.45%, Test: 67.83%, Best Valid: 68.79%, Best Test: 68.71%
Epoch: 500, Loss: 0.0246, Train: 70.94%, Valid: 67.80%, Test: 68.44%, Best Valid: 68.79%, Best Test: 68.71%
Epoch: 600, Loss: 0.0163, Train: 70.04%, Valid: 66.76%, Test: 67.67%, Best Valid: 69.36%, Best Test: 69.45%
Epoch: 700, Loss: 0.0076, Train: 69.81%, Valid: 66.67%, Test: 67.14%, Best Valid: 69.36%, Best Test: 69.45%
Epoch: 800, Loss: 0.0257, Train: 70.64%, Valid: 68.38%, Test: 68.69%, Best Valid: 69.36%, Best Test: 69.45%
Epoch: 900, Loss: 0.0114, Train: 71.19%, Valid: 68.63%, Test: 68.97%, Best Valid: 69.36%, Best Test: 69.45%
Epoch: 1000, Loss: 0.0273, Train: 70.47%, Valid: 67.57%, Test: 68.50%, Best Valid: 69.36%, Best Test: 69.45%
Epoch: 1100, Loss: 0.0117, Train: 70.52%, Valid: 67.89%, Test: 67.42%, Best Valid: 69.37%, Best Test: 68.87%
Epoch: 1200, Loss: 0.0044, Train: 70.83%, Valid: 68.31%, Test: 69.01%, Best Valid: 69.37%, Best Test: 68.87%
Epoch: 1300, Loss: 0.0197, Train: 69.89%, Valid: 66.92%, Test: 67.68%, Best Valid: 69.37%, Best Test: 68.87%
Epoch: 1400, Loss: 0.0039, Train: 70.71%, Valid: 67.45%, Test: 67.95%, Best Valid: 69.37%, Best Test: 68.87%
Epoch: 1500, Loss: 0.0162, Train: 70.60%, Valid: 67.56%, Test: 68.11%, Best Valid: 69.37%, Best Test: 68.87%
Epoch: 1600, Loss: 0.0051, Train: 69.53%, Valid: 66.83%, Test: 67.30%, Best Valid: 69.37%, Best Test: 68.87%
Epoch: 1700, Loss: 0.0042, Train: 71.11%, Valid: 68.08%, Test: 68.62%, Best Valid: 69.37%, Best Test: 68.87%
Epoch: 1800, Loss: 0.0016, Train: 70.09%, Valid: 66.92%, Test: 67.38%, Best Valid: 69.37%, Best Test: 68.87%
Epoch: 1900, Loss: 0.0320, Train: 71.33%, Valid: 68.16%, Test: 68.18%, Best Valid: 69.37%, Best Test: 68.87%
Epoch: 2000, Loss: 0.0020, Train: 72.06%, Valid: 69.36%, Test: 69.33%, Best Valid: 69.43%, Best Test: 69.50%
Epoch: 2100, Loss: 0.0072, Train: 70.15%, Valid: 66.90%, Test: 66.98%, Best Valid: 69.43%, Best Test: 69.50%
Epoch: 2200, Loss: 0.0287, Train: 69.98%, Valid: 67.15%, Test: 68.13%, Best Valid: 69.43%, Best Test: 69.50%
Epoch: 2300, Loss: 0.0359, Train: 70.61%, Valid: 67.33%, Test: 68.62%, Best Valid: 69.43%, Best Test: 69.50%
Epoch: 2400, Loss: 0.0133, Train: 69.83%, Valid: 66.94%, Test: 67.49%, Best Valid: 69.43%, Best Test: 69.50%
Epoch: 2500, Loss: 0.0043, Train: 70.83%, Valid: 68.65%, Test: 68.76%, Best Valid: 69.43%, Best Test: 69.50%
Run 05:
Highest Train: 72.20
Highest Valid: 69.43
Highest Test: 69.77
Chosen epoch: 1905
Final Train: 72.20
Final Test: 69.50
Label budget: 50/class -> 900 train nodes
Computing oracle penalty matrix from true labels...
Oracle penalty matrix frozen.
Epoch: 00, Loss: 6.5432, Train: 12.07%, Valid: 11.99%, Test: 11.88%, Best Valid: 11.99%, Best Test: 11.88%
Switching Polynormer to global attention phase.
Epoch: 100, Loss: 5.2287, Train: 16.72%, Valid: 17.00%, Test: 17.12%, Best Valid: 66.04%, Best Test: 67.33%
Epoch: 200, Loss: 0.1314, Train: 68.47%, Valid: 65.00%, Test: 65.88%, Best Valid: 67.36%, Best Test: 67.74%
Epoch: 300, Loss: 0.0663, Train: 68.41%, Valid: 65.07%, Test: 66.22%, Best Valid: 67.36%, Best Test: 67.74%
Epoch: 400, Loss: 0.0538, Train: 69.17%, Valid: 65.79%, Test: 67.24%, Best Valid: 67.45%, Best Test: 68.64%
Epoch: 500, Loss: 0.0096, Train: 68.99%, Valid: 66.41%, Test: 67.42%, Best Valid: 67.45%, Best Test: 68.64%
Epoch: 600, Loss: 0.0314, Train: 68.20%, Valid: 65.12%, Test: 66.33%, Best Valid: 67.45%, Best Test: 68.64%
Epoch: 700, Loss: 0.0311, Train: 68.78%, Valid: 65.60%, Test: 66.85%, Best Valid: 67.45%, Best Test: 68.64%
Epoch: 800, Loss: 0.0324, Train: 68.78%, Valid: 66.43%, Test: 66.70%, Best Valid: 67.45%, Best Test: 68.64%
Epoch: 900, Loss: 0.0029, Train: 67.68%, Valid: 65.17%, Test: 66.34%, Best Valid: 67.71%, Best Test: 67.74%
Epoch: 1000, Loss: 0.0076, Train: 67.34%, Valid: 64.80%, Test: 65.64%, Best Valid: 67.71%, Best Test: 67.74%
Epoch: 1100, Loss: 0.0141, Train: 68.81%, Valid: 66.90%, Test: 67.81%, Best Valid: 67.71%, Best Test: 67.74%
Epoch: 1200, Loss: 0.0136, Train: 67.96%, Valid: 64.75%, Test: 66.55%, Best Valid: 68.08%, Best Test: 68.78%
Epoch: 1300, Loss: 0.0246, Train: 68.90%, Valid: 66.30%, Test: 67.23%, Best Valid: 68.08%, Best Test: 68.78%
Epoch: 1400, Loss: 0.0014, Train: 67.60%, Valid: 64.84%, Test: 65.44%, Best Valid: 68.08%, Best Test: 68.78%
Epoch: 1500, Loss: 0.0310, Train: 68.38%, Valid: 66.34%, Test: 67.30%, Best Valid: 68.08%, Best Test: 68.78%
Epoch: 1600, Loss: 0.0325, Train: 68.35%, Valid: 66.09%, Test: 67.05%, Best Valid: 68.08%, Best Test: 68.78%
Epoch: 1700, Loss: 0.0181, Train: 67.38%, Valid: 64.57%, Test: 65.88%, Best Valid: 68.08%, Best Test: 68.78%
Epoch: 1800, Loss: 0.0402, Train: 68.53%, Valid: 66.27%, Test: 66.77%, Best Valid: 68.08%, Best Test: 68.78%
Epoch: 1900, Loss: 0.0009, Train: 68.56%, Valid: 66.00%, Test: 66.78%, Best Valid: 68.12%, Best Test: 68.57%
Epoch: 2000, Loss: 0.0155, Train: 68.48%, Valid: 66.51%, Test: 67.14%, Best Valid: 68.12%, Best Test: 68.57%
Epoch: 2100, Loss: 0.0022, Train: 68.11%, Valid: 66.13%, Test: 66.38%, Best Valid: 68.12%, Best Test: 68.57%
Epoch: 2200, Loss: 0.0323, Train: 68.37%, Valid: 65.42%, Test: 67.58%, Best Valid: 68.12%, Best Test: 68.57%
Epoch: 2300, Loss: 0.0334, Train: 68.49%, Valid: 65.30%, Test: 66.98%, Best Valid: 68.12%, Best Test: 68.57%
Epoch: 2400, Loss: 0.0064, Train: 68.06%, Valid: 65.42%, Test: 66.31%, Best Valid: 68.12%, Best Test: 68.57%
Epoch: 2500, Loss: 0.0042, Train: 68.37%, Valid: 65.31%, Test: 67.03%, Best Valid: 68.12%, Best Test: 68.57%
Run 06:
Highest Train: 70.58
Highest Valid: 68.12
Highest Test: 69.36
Chosen epoch: 1828
Final Train: 70.21
Final Test: 68.57
Label budget: 50/class -> 900 train nodes
Computing oracle penalty matrix from true labels...
Oracle penalty matrix frozen.
Epoch: 00, Loss: 6.5017, Train: 5.13%, Valid: 5.33%, Test: 5.05%, Best Valid: 5.33%, Best Test: 5.05%
Switching Polynormer to global attention phase.
Epoch: 100, Loss: 5.2285, Train: 14.06%, Valid: 14.10%, Test: 14.10%, Best Valid: 68.05%, Best Test: 67.70%
Epoch: 200, Loss: 0.0731, Train: 70.61%, Valid: 67.86%, Test: 67.76%, Best Valid: 68.70%, Best Test: 68.71%
Epoch: 300, Loss: 0.0320, Train: 71.08%, Valid: 68.46%, Test: 68.20%, Best Valid: 69.36%, Best Test: 69.70%
Epoch: 400, Loss: 0.0306, Train: 70.93%, Valid: 67.82%, Test: 68.34%, Best Valid: 69.43%, Best Test: 69.31%
Epoch: 500, Loss: 0.0342, Train: 69.93%, Valid: 67.06%, Test: 67.38%, Best Valid: 69.43%, Best Test: 69.31%
Epoch: 600, Loss: 0.0077, Train: 70.32%, Valid: 67.26%, Test: 67.17%, Best Valid: 69.50%, Best Test: 69.26%
Epoch: 700, Loss: 0.0847, Train: 71.25%, Valid: 68.61%, Test: 69.03%, Best Valid: 69.50%, Best Test: 69.26%
Epoch: 800, Loss: 0.0178, Train: 70.94%, Valid: 68.31%, Test: 68.83%, Best Valid: 69.50%, Best Test: 69.26%
Epoch: 900, Loss: 0.0317, Train: 70.25%, Valid: 67.54%, Test: 68.36%, Best Valid: 69.50%, Best Test: 69.26%
Epoch: 1000, Loss: 0.0032, Train: 69.39%, Valid: 66.09%, Test: 67.23%, Best Valid: 69.50%, Best Test: 69.26%
Epoch: 1100, Loss: 0.0226, Train: 69.70%, Valid: 66.62%, Test: 67.54%, Best Valid: 69.50%, Best Test: 69.26%
Epoch: 1200, Loss: 0.0067, Train: 70.12%, Valid: 66.76%, Test: 68.16%, Best Valid: 69.50%, Best Test: 69.26%
Epoch: 1300, Loss: 0.0054, Train: 70.07%, Valid: 67.48%, Test: 67.38%, Best Valid: 69.50%, Best Test: 69.26%
Epoch: 1400, Loss: 0.0309, Train: 69.72%, Valid: 66.74%, Test: 66.80%, Best Valid: 69.50%, Best Test: 69.26%
Epoch: 1500, Loss: 0.0006, Train: 70.22%, Valid: 67.01%, Test: 67.51%, Best Valid: 69.50%, Best Test: 69.26%
Epoch: 1600, Loss: 0.0017, Train: 70.71%, Valid: 68.44%, Test: 68.71%, Best Valid: 69.50%, Best Test: 69.26%
Epoch: 1700, Loss: 0.0055, Train: 70.29%, Valid: 67.38%, Test: 67.44%, Best Valid: 69.50%, Best Test: 69.26%
Epoch: 1800, Loss: 0.0191, Train: 71.19%, Valid: 69.06%, Test: 69.22%, Best Valid: 69.50%, Best Test: 69.26%
Epoch: 1900, Loss: 0.0024, Train: 70.17%, Valid: 66.95%, Test: 67.76%, Best Valid: 69.50%, Best Test: 69.26%
Epoch: 2000, Loss: 0.0116, Train: 69.53%, Valid: 66.18%, Test: 66.68%, Best Valid: 69.50%, Best Test: 69.26%
Epoch: 2100, Loss: 0.0020, Train: 70.58%, Valid: 67.73%, Test: 68.41%, Best Valid: 69.50%, Best Test: 69.26%
Epoch: 2200, Loss: 0.0036, Train: 69.06%, Valid: 66.35%, Test: 66.91%, Best Valid: 69.50%, Best Test: 69.26%
Epoch: 2300, Loss: 0.0091, Train: 70.15%, Valid: 67.27%, Test: 67.37%, Best Valid: 69.50%, Best Test: 69.26%
Epoch: 2400, Loss: 0.0142, Train: 69.95%, Valid: 66.83%, Test: 66.85%, Best Valid: 69.50%, Best Test: 69.26%
Epoch: 2500, Loss: 0.0159, Train: 69.56%, Valid: 66.51%, Test: 67.17%, Best Valid: 69.50%, Best Test: 69.26%
Run 07:
Highest Train: 72.28
Highest Valid: 69.50
Highest Test: 70.31
Chosen epoch: 567
Final Train: 71.84
Final Test: 69.26
Label budget: 50/class -> 900 train nodes
Computing oracle penalty matrix from true labels...
Oracle penalty matrix frozen.
Epoch: 00, Loss: 6.3860, Train: 10.46%, Valid: 10.63%, Test: 10.73%, Best Valid: 10.63%, Best Test: 10.73%
Switching Polynormer to global attention phase.
Epoch: 100, Loss: 5.2367, Train: 8.08%, Valid: 8.08%, Test: 8.26%, Best Valid: 66.97%, Best Test: 66.84%
Epoch: 200, Loss: 0.1084, Train: 69.08%, Valid: 66.28%, Test: 65.73%, Best Valid: 68.01%, Best Test: 67.58%
Epoch: 300, Loss: 0.0210, Train: 69.86%, Valid: 67.17%, Test: 67.67%, Best Valid: 68.01%, Best Test: 67.58%
Epoch: 400, Loss: 0.0782, Train: 68.41%, Valid: 65.83%, Test: 65.44%, Best Valid: 68.58%, Best Test: 68.44%
Epoch: 500, Loss: 0.0245, Train: 69.98%, Valid: 67.20%, Test: 67.30%, Best Valid: 68.58%, Best Test: 68.44%
Epoch: 600, Loss: 0.0012, Train: 69.09%, Valid: 66.14%, Test: 66.40%, Best Valid: 68.58%, Best Test: 68.44%
Epoch: 700, Loss: 0.0270, Train: 70.60%, Valid: 67.91%, Test: 68.48%, Best Valid: 68.58%, Best Test: 68.44%
Epoch: 800, Loss: 0.0517, Train: 69.76%, Valid: 66.95%, Test: 66.80%, Best Valid: 68.58%, Best Test: 68.44%
Epoch: 900, Loss: 0.0293, Train: 69.14%, Valid: 66.64%, Test: 66.68%, Best Valid: 68.58%, Best Test: 68.44%
Epoch: 1000, Loss: 0.0243, Train: 69.36%, Valid: 66.85%, Test: 67.21%, Best Valid: 68.58%, Best Test: 68.44%
Epoch: 1100, Loss: 0.0273, Train: 69.70%, Valid: 66.44%, Test: 67.12%, Best Valid: 68.58%, Best Test: 68.44%
Epoch: 1200, Loss: 0.0353, Train: 69.51%, Valid: 66.55%, Test: 66.85%, Best Valid: 68.58%, Best Test: 68.44%
Epoch: 1300, Loss: 0.0112, Train: 69.91%, Valid: 67.10%, Test: 67.05%, Best Valid: 68.58%, Best Test: 68.44%
Epoch: 1400, Loss: 0.0312, Train: 68.78%, Valid: 65.47%, Test: 65.99%, Best Valid: 68.58%, Best Test: 68.44%
Epoch: 1500, Loss: 0.0343, Train: 69.03%, Valid: 65.90%, Test: 65.92%, Best Valid: 68.58%, Best Test: 68.44%
Epoch: 1600, Loss: 0.0023, Train: 68.69%, Valid: 66.23%, Test: 66.75%, Best Valid: 68.58%, Best Test: 68.44%
Epoch: 1700, Loss: 0.0364, Train: 68.49%, Valid: 66.37%, Test: 66.18%, Best Valid: 68.58%, Best Test: 68.44%
Epoch: 1800, Loss: 0.0116, Train: 66.74%, Valid: 63.90%, Test: 64.70%, Best Valid: 68.79%, Best Test: 68.80%
Epoch: 1900, Loss: 0.0355, Train: 70.22%, Valid: 67.89%, Test: 68.14%, Best Valid: 68.79%, Best Test: 68.80%
Epoch: 2000, Loss: 0.0040, Train: 68.44%, Valid: 65.58%, Test: 66.41%, Best Valid: 68.79%, Best Test: 68.80%
Epoch: 2100, Loss: 0.0171, Train: 69.69%, Valid: 66.71%, Test: 67.38%, Best Valid: 68.79%, Best Test: 68.80%
Epoch: 2200, Loss: 0.0302, Train: 68.85%, Valid: 66.07%, Test: 66.63%, Best Valid: 68.79%, Best Test: 68.80%
Epoch: 2300, Loss: 0.0020, Train: 68.36%, Valid: 65.86%, Test: 66.33%, Best Valid: 68.79%, Best Test: 68.80%
Epoch: 2400, Loss: 0.0080, Train: 68.61%, Valid: 65.75%, Test: 66.03%, Best Valid: 68.79%, Best Test: 68.80%
Epoch: 2500, Loss: 0.0055, Train: 69.11%, Valid: 66.32%, Test: 66.52%, Best Valid: 68.79%, Best Test: 68.80%
Run 08:
Highest Train: 71.16
Highest Valid: 68.79
Highest Test: 69.04
Chosen epoch: 1775
Final Train: 70.55
Final Test: 68.80
Label budget: 50/class -> 900 train nodes
Computing oracle penalty matrix from true labels...
Oracle penalty matrix frozen.
Epoch: 00, Loss: 6.2815, Train: 8.21%, Valid: 8.00%, Test: 8.31%, Best Valid: 8.00%, Best Test: 8.31%
Switching Polynormer to global attention phase.
Epoch: 100, Loss: 5.2313, Train: 3.76%, Valid: 3.78%, Test: 3.76%, Best Valid: 67.47%, Best Test: 67.14%
Epoch: 200, Loss: 0.0690, Train: 69.68%, Valid: 67.34%, Test: 66.47%, Best Valid: 67.48%, Best Test: 67.08%
Epoch: 300, Loss: 0.0520, Train: 69.22%, Valid: 67.17%, Test: 66.64%, Best Valid: 68.51%, Best Test: 67.74%
Epoch: 400, Loss: 0.0848, Train: 68.93%, Valid: 66.85%, Test: 66.66%, Best Valid: 68.53%, Best Test: 68.02%
Epoch: 500, Loss: 0.0466, Train: 70.64%, Valid: 67.98%, Test: 67.83%, Best Valid: 68.53%, Best Test: 68.02%
Epoch: 600, Loss: 0.0417, Train: 69.70%, Valid: 67.66%, Test: 66.50%, Best Valid: 68.53%, Best Test: 68.02%
Epoch: 700, Loss: 0.0150, Train: 69.67%, Valid: 67.24%, Test: 66.31%, Best Valid: 69.09%, Best Test: 68.67%
Epoch: 800, Loss: 0.0348, Train: 69.28%, Valid: 66.83%, Test: 66.22%, Best Valid: 69.09%, Best Test: 68.67%
Epoch: 900, Loss: 0.0057, Train: 68.53%, Valid: 66.21%, Test: 66.01%, Best Valid: 69.09%, Best Test: 68.67%
Epoch: 1000, Loss: 0.0178, Train: 69.72%, Valid: 67.01%, Test: 66.89%, Best Valid: 69.09%, Best Test: 68.67%
Epoch: 1100, Loss: 0.0152, Train: 68.92%, Valid: 66.11%, Test: 65.21%, Best Valid: 69.09%, Best Test: 68.67%
Epoch: 1200, Loss: 0.0406, Train: 68.29%, Valid: 65.93%, Test: 65.18%, Best Valid: 69.09%, Best Test: 68.67%
Epoch: 1300, Loss: 0.0320, Train: 71.27%, Valid: 68.19%, Test: 68.13%, Best Valid: 69.09%, Best Test: 68.67%
Epoch: 1400, Loss: 0.0289, Train: 69.59%, Valid: 67.31%, Test: 66.87%, Best Valid: 69.09%, Best Test: 68.67%
Epoch: 1500, Loss: 0.0195, Train: 69.19%, Valid: 66.64%, Test: 66.71%, Best Valid: 69.09%, Best Test: 68.67%
Epoch: 1600, Loss: 0.0083, Train: 68.17%, Valid: 65.84%, Test: 65.78%, Best Valid: 69.09%, Best Test: 68.67%
Epoch: 1700, Loss: 0.0142, Train: 70.20%, Valid: 67.15%, Test: 67.12%, Best Valid: 69.09%, Best Test: 68.67%
Epoch: 1800, Loss: 0.0242, Train: 70.36%, Valid: 67.38%, Test: 67.23%, Best Valid: 69.09%, Best Test: 68.67%
Epoch: 1900, Loss: 0.0084, Train: 69.33%, Valid: 66.07%, Test: 66.31%, Best Valid: 69.09%, Best Test: 68.67%
Epoch: 2000, Loss: 0.0280, Train: 71.28%, Valid: 68.26%, Test: 68.44%, Best Valid: 69.09%, Best Test: 68.67%
Epoch: 2100, Loss: 0.0054, Train: 69.24%, Valid: 66.81%, Test: 66.29%, Best Valid: 69.09%, Best Test: 68.67%
Epoch: 2200, Loss: 0.0229, Train: 67.61%, Valid: 65.38%, Test: 65.05%, Best Valid: 69.09%, Best Test: 68.67%
Epoch: 2300, Loss: 0.0293, Train: 69.47%, Valid: 67.15%, Test: 67.08%, Best Valid: 69.09%, Best Test: 68.67%
Epoch: 2400, Loss: 0.0164, Train: 69.83%, Valid: 67.10%, Test: 67.03%, Best Valid: 69.09%, Best Test: 68.67%
Epoch: 2500, Loss: 0.0259, Train: 68.45%, Valid: 66.28%, Test: 65.90%, Best Valid: 69.09%, Best Test: 68.67%
Run 09:
Highest Train: 71.50
Highest Valid: 69.09
Highest Test: 69.11
Chosen epoch: 691
Final Train: 71.30
Final Test: 68.67
Label budget: 50/class -> 900 train nodes
Computing oracle penalty matrix from true labels...
Oracle penalty matrix frozen.
Epoch: 00, Loss: 6.5834, Train: 8.66%, Valid: 8.88%, Test: 8.90%, Best Valid: 8.88%, Best Test: 8.90%
Switching Polynormer to global attention phase.
Epoch: 100, Loss: 5.2337, Train: 4.17%, Valid: 4.17%, Test: 4.17%, Best Valid: 66.65%, Best Test: 66.22%
Epoch: 200, Loss: 0.0844, Train: 69.04%, Valid: 67.56%, Test: 65.92%, Best Valid: 68.17%, Best Test: 67.42%
Epoch: 300, Loss: 0.0457, Train: 68.59%, Valid: 67.26%, Test: 66.33%, Best Valid: 68.17%, Best Test: 67.42%
Epoch: 400, Loss: 0.0406, Train: 68.68%, Valid: 67.04%, Test: 66.08%, Best Valid: 68.70%, Best Test: 67.76%
Epoch: 500, Loss: 0.0181, Train: 68.62%, Valid: 67.11%, Test: 66.33%, Best Valid: 68.70%, Best Test: 67.76%
Epoch: 600, Loss: 0.0024, Train: 69.01%, Valid: 66.83%, Test: 66.70%, Best Valid: 68.70%, Best Test: 67.76%
Epoch: 700, Loss: 0.0182, Train: 68.99%, Valid: 66.81%, Test: 66.85%, Best Valid: 68.97%, Best Test: 68.46%
Epoch: 800, Loss: 0.0375, Train: 69.52%, Valid: 68.05%, Test: 67.68%, Best Valid: 68.97%, Best Test: 68.46%
Epoch: 900, Loss: 0.0770, Train: 69.75%, Valid: 67.94%, Test: 67.68%, Best Valid: 69.11%, Best Test: 67.98%
Epoch: 1000, Loss: 0.0065, Train: 70.39%, Valid: 68.88%, Test: 68.27%, Best Valid: 69.11%, Best Test: 67.98%
Epoch: 1100, Loss: 0.0186, Train: 69.50%, Valid: 67.78%, Test: 67.58%, Best Valid: 69.11%, Best Test: 67.98%
Epoch: 1200, Loss: 0.0016, Train: 69.28%, Valid: 67.56%, Test: 66.66%, Best Valid: 69.11%, Best Test: 67.98%
Epoch: 1300, Loss: 0.0334, Train: 67.36%, Valid: 65.91%, Test: 64.95%, Best Valid: 69.11%, Best Test: 67.98%
Epoch: 1400, Loss: 0.0112, Train: 69.31%, Valid: 67.91%, Test: 67.44%, Best Valid: 69.11%, Best Test: 67.98%
Epoch: 1500, Loss: 0.0089, Train: 69.45%, Valid: 68.01%, Test: 67.15%, Best Valid: 69.11%, Best Test: 67.98%
Epoch: 1600, Loss: 0.0091, Train: 69.52%, Valid: 67.31%, Test: 67.24%, Best Valid: 69.23%, Best Test: 67.28%
Epoch: 1700, Loss: 0.0383, Train: 66.84%, Valid: 65.74%, Test: 64.03%, Best Valid: 69.23%, Best Test: 67.28%
Epoch: 1800, Loss: 0.0492, Train: 69.78%, Valid: 68.63%, Test: 67.91%, Best Valid: 69.25%, Best Test: 68.18%
Epoch: 1900, Loss: 0.0286, Train: 70.61%, Valid: 69.06%, Test: 68.94%, Best Valid: 69.53%, Best Test: 67.77%
Epoch: 2000, Loss: 0.0396, Train: 68.20%, Valid: 66.95%, Test: 65.90%, Best Valid: 69.83%, Best Test: 69.10%
Epoch: 2100, Loss: 0.0055, Train: 68.70%, Valid: 67.04%, Test: 65.94%, Best Valid: 69.83%, Best Test: 69.10%
Epoch: 2200, Loss: 0.0158, Train: 70.30%, Valid: 68.46%, Test: 67.90%, Best Valid: 70.04%, Best Test: 69.17%
Epoch: 2300, Loss: 0.0144, Train: 69.88%, Valid: 67.33%, Test: 66.70%, Best Valid: 70.04%, Best Test: 69.17%
Epoch: 2400, Loss: 0.0003, Train: 69.68%, Valid: 67.57%, Test: 67.01%, Best Valid: 70.04%, Best Test: 69.17%
Epoch: 2500, Loss: 0.0233, Train: 70.37%, Valid: 68.88%, Test: 67.63%, Best Valid: 70.04%, Best Test: 69.17%
Run 10:
Highest Train: 71.86
Highest Valid: 70.04
Highest Test: 69.41
Chosen epoch: 2143
Final Train: 71.72
Final Test: 69.17
All runs:
Highest Train: 71.68 ± 0.55
Highest Test: 69.53 ± 0.79
Highest Valid: 69.25 ± 0.66
  Final Train: 71.34 ± 0.63
   Final Test: 68.98 ± 0.77
Saving results to ../results/lowlabel/roman-empire/polynormer.csv
--- oracle_reg | lambda=1.6 ---
Namespace(aggregate='add', alpha=0.5, attention='gcn', beta=0.5, bn=False, budget_tag='50', count_reg=False, count_smoothing=1.0, cpu=False, data_dir='../data/', dataset='roman-empire', device=0, dim_inner=64, display_step=100, dropout=0.3, epochs=500, global_dropout=0.5, global_epochs=2500, global_layers=2, gnn='gcn', graph_weight=0.8, hidden_channels=64, hops=10, in_dropout=0.15, jk=False, label_num_per_class=20, lambda_val=1.6, layers=1, ln=False, local_epochs=100, local_gnn_type='GCN', local_layers=10, lr=0.001, metric='acc', mlp_epochs=500, mlp_reg=False, model='polynormer', model_dir='models/lowlabel_1178246_398', n_heads=8, num_centroids=4096, num_heads=8, oracle_reg=True, paired_seeds=True, pe_types='RWSE', penalty_transform='none', pre_linear=False, pre_ln=False, rand_split=False, rand_split_class=False, reg_start_epoch=10, reg_update_freq=5, res=False, resample_split_per_run=False, result_dir='../results/lowlabel', runs=10, save_model=True, save_result=False, seed=42, test_num=1000, tr_dropout=None, tr_layers=1, tr_weight_decay=None, train_per_class=50, train_prop=0.5, use_act=False, use_bn=False, use_graph=False, use_reg=True, use_residual=False, use_weight=False, valid_num=500, valid_per_class=0, valid_prop=0.25, weight_decay=0.0)
roman-empire
dataset roman-empire | num nodes 22662 | num edge 32927 | num node feats 300 | num classes 18
MODEL: Polynormer(
  (h_lins): ModuleList(
    (0): Linear(in_features=512, out_features=512, bias=True)
    (1): Linear(in_features=512, out_features=512, bias=True)
    (2): Linear(in_features=512, out_features=512, bias=True)
    (3): Linear(in_features=512, out_features=512, bias=True)
    (4): Linear(in_features=512, out_features=512, bias=True)
    (5): Linear(in_features=512, out_features=512, bias=True)
    (6): Linear(in_features=512, out_features=512, bias=True)
    (7): Linear(in_features=512, out_features=512, bias=True)
    (8): Linear(in_features=512, out_features=512, bias=True)
    (9): Linear(in_features=512, out_features=512, bias=True)
  )
  (local_convs): ModuleList(
    (0): GATConv(512, 64, heads=8)
    (1): GATConv(512, 64, heads=8)
    (2): GATConv(512, 64, heads=8)
    (3): GATConv(512, 64, heads=8)
    (4): GATConv(512, 64, heads=8)
    (5): GATConv(512, 64, heads=8)
    (6): GATConv(512, 64, heads=8)
    (7): GATConv(512, 64, heads=8)
    (8): GATConv(512, 64, heads=8)
    (9): GATConv(512, 64, heads=8)
  )
  (lins): ModuleList(
    (0): Linear(in_features=512, out_features=512, bias=True)
    (1): Linear(in_features=512, out_features=512, bias=True)
    (2): Linear(in_features=512, out_features=512, bias=True)
    (3): Linear(in_features=512, out_features=512, bias=True)
    (4): Linear(in_features=512, out_features=512, bias=True)
    (5): Linear(in_features=512, out_features=512, bias=True)
    (6): Linear(in_features=512, out_features=512, bias=True)
    (7): Linear(in_features=512, out_features=512, bias=True)
    (8): Linear(in_features=512, out_features=512, bias=True)
    (9): Linear(in_features=512, out_features=512, bias=True)
  )
  (lns): ModuleList(
    (0): LayerNorm((512,), eps=1e-05, elementwise_affine=True)
    (1): LayerNorm((512,), eps=1e-05, elementwise_affine=True)
    (2): LayerNorm((512,), eps=1e-05, elementwise_affine=True)
    (3): LayerNorm((512,), eps=1e-05, elementwise_affine=True)
    (4): LayerNorm((512,), eps=1e-05, elementwise_affine=True)
    (5): LayerNorm((512,), eps=1e-05, elementwise_affine=True)
    (6): LayerNorm((512,), eps=1e-05, elementwise_affine=True)
    (7): LayerNorm((512,), eps=1e-05, elementwise_affine=True)
    (8): LayerNorm((512,), eps=1e-05, elementwise_affine=True)
    (9): LayerNorm((512,), eps=1e-05, elementwise_affine=True)
  )
  (lin_in): Linear(in_features=300, out_features=512, bias=True)
  (ln): LayerNorm((512,), eps=1e-05, elementwise_affine=True)
  (global_attn): GlobalAttn(
    (h_lins): ModuleList(
      (0): Linear(in_features=512, out_features=512, bias=True)
      (1): Linear(in_features=512, out_features=512, bias=True)
    )
    (k_lins): ModuleList(
      (0): Linear(in_features=512, out_features=512, bias=True)
      (1): Linear(in_features=512, out_features=512, bias=True)
    )
    (v_lins): ModuleList(
      (0): Linear(in_features=512, out_features=512, bias=True)
      (1): Linear(in_features=512, out_features=512, bias=True)
    )
    (lns): ModuleList(
      (0): LayerNorm((512,), eps=1e-05, elementwise_affine=True)
      (1): LayerNorm((512,), eps=1e-05, elementwise_affine=True)
    )
    (lin_out): Linear(in_features=512, out_features=512, bias=True)
  )
  (pred_local): Linear(in_features=512, out_features=18, bias=True)
  (pred_global): Linear(in_features=512, out_features=18, bias=True)
)
Label budget: 50/class -> 900 train nodes
Computing oracle penalty matrix from true labels...
Oracle penalty matrix frozen.
Epoch: 00, Loss: 9.3332, Train: 13.98%, Valid: 13.98%, Test: 13.94%, Best Valid: 13.98%, Best Test: 13.94%
Switching Polynormer to global attention phase.
Epoch: 100, Loss: 7.5367, Train: 13.95%, Valid: 13.96%, Test: 13.96%, Best Valid: 68.26%, Best Test: 66.96%
Epoch: 200, Loss: 0.1296, Train: 68.49%, Valid: 66.58%, Test: 65.69%, Best Valid: 68.60%, Best Test: 67.45%
Epoch: 300, Loss: 0.0548, Train: 70.44%, Valid: 67.52%, Test: 66.55%, Best Valid: 68.60%, Best Test: 67.45%
Epoch: 400, Loss: 0.0345, Train: 71.06%, Valid: 67.91%, Test: 66.77%, Best Valid: 69.29%, Best Test: 67.81%
Epoch: 500, Loss: 0.0054, Train: 70.82%, Valid: 67.68%, Test: 67.14%, Best Valid: 69.29%, Best Test: 67.81%
Epoch: 600, Loss: 0.0347, Train: 70.10%, Valid: 67.40%, Test: 66.40%, Best Valid: 69.29%, Best Test: 67.81%
Epoch: 700, Loss: 0.0397, Train: 68.90%, Valid: 65.53%, Test: 65.90%, Best Valid: 69.29%, Best Test: 67.81%
Epoch: 800, Loss: 0.0304, Train: 70.06%, Valid: 66.16%, Test: 66.64%, Best Valid: 69.29%, Best Test: 67.81%
Epoch: 900, Loss: 0.0732, Train: 70.54%, Valid: 67.10%, Test: 67.05%, Best Valid: 69.29%, Best Test: 67.81%
Epoch: 1000, Loss: 0.0090, Train: 70.16%, Valid: 68.07%, Test: 67.00%, Best Valid: 69.29%, Best Test: 67.81%
Epoch: 1100, Loss: 0.0118, Train: 71.12%, Valid: 68.05%, Test: 67.19%, Best Valid: 69.29%, Best Test: 67.81%
Epoch: 1200, Loss: 0.0465, Train: 68.25%, Valid: 65.26%, Test: 65.00%, Best Valid: 69.29%, Best Test: 67.81%
Epoch: 1300, Loss: 0.0032, Train: 70.55%, Valid: 68.16%, Test: 67.10%, Best Valid: 69.29%, Best Test: 67.81%
Epoch: 1400, Loss: 0.0062, Train: 70.54%, Valid: 67.86%, Test: 66.04%, Best Valid: 69.29%, Best Test: 67.81%
Epoch: 1500, Loss: 0.0031, Train: 71.44%, Valid: 68.35%, Test: 67.24%, Best Valid: 69.29%, Best Test: 67.81%
Epoch: 1600, Loss: 0.0033, Train: 70.93%, Valid: 67.59%, Test: 67.67%, Best Valid: 69.29%, Best Test: 67.81%
Epoch: 1700, Loss: 0.0144, Train: 70.67%, Valid: 67.75%, Test: 67.19%, Best Valid: 69.29%, Best Test: 67.81%
Epoch: 1800, Loss: 0.0153, Train: 71.28%, Valid: 68.53%, Test: 67.83%, Best Valid: 69.29%, Best Test: 67.81%
Epoch: 1900, Loss: 0.0046, Train: 70.46%, Valid: 67.77%, Test: 66.68%, Best Valid: 69.29%, Best Test: 67.81%
Epoch: 2000, Loss: 0.0381, Train: 69.03%, Valid: 65.84%, Test: 65.48%, Best Valid: 69.29%, Best Test: 67.81%
Epoch: 2100, Loss: 0.0136, Train: 70.20%, Valid: 66.99%, Test: 66.55%, Best Valid: 69.29%, Best Test: 67.81%
Epoch: 2200, Loss: 0.0011, Train: 71.29%, Valid: 68.23%, Test: 67.86%, Best Valid: 69.29%, Best Test: 67.81%
Epoch: 2300, Loss: 0.0084, Train: 71.25%, Valid: 68.98%, Test: 67.44%, Best Valid: 69.37%, Best Test: 67.90%
Epoch: 2400, Loss: 0.0010, Train: 70.40%, Valid: 67.52%, Test: 66.85%, Best Valid: 69.37%, Best Test: 67.90%
Epoch: 2500, Loss: 0.0022, Train: 70.61%, Valid: 67.26%, Test: 66.61%, Best Valid: 69.37%, Best Test: 67.90%
Run 01:
Highest Train: 72.59
Highest Valid: 69.37
Highest Test: 69.01
Chosen epoch: 2269
Final Train: 72.16
Final Test: 67.90
Label budget: 50/class -> 900 train nodes
Computing oracle penalty matrix from true labels...
Oracle penalty matrix frozen.
Epoch: 00, Loss: 9.1764, Train: 9.52%, Valid: 9.14%, Test: 9.42%, Best Valid: 9.14%, Best Test: 9.42%
Switching Polynormer to global attention phase.
Epoch: 100, Loss: 7.5884, Train: 5.50%, Valid: 5.51%, Test: 5.49%, Best Valid: 66.43%, Best Test: 66.20%
Epoch: 200, Loss: 0.1646, Train: 68.89%, Valid: 66.90%, Test: 65.94%, Best Valid: 66.95%, Best Test: 66.13%
Epoch: 300, Loss: 0.0405, Train: 68.63%, Valid: 66.05%, Test: 65.94%, Best Valid: 67.27%, Best Test: 66.55%
Epoch: 400, Loss: 0.0146, Train: 69.36%, Valid: 67.57%, Test: 67.54%, Best Valid: 67.57%, Best Test: 67.54%
Epoch: 500, Loss: 0.0275, Train: 68.97%, Valid: 66.73%, Test: 66.77%, Best Valid: 67.57%, Best Test: 67.54%
Epoch: 600, Loss: 0.0704, Train: 68.10%, Valid: 65.97%, Test: 65.99%, Best Valid: 67.84%, Best Test: 67.67%
Epoch: 700, Loss: 0.0120, Train: 67.85%, Valid: 66.11%, Test: 65.99%, Best Valid: 68.12%, Best Test: 67.40%
Epoch: 800, Loss: 0.0131, Train: 69.39%, Valid: 67.56%, Test: 67.60%, Best Valid: 68.12%, Best Test: 67.40%
Epoch: 900, Loss: 0.0353, Train: 69.29%, Valid: 66.99%, Test: 67.17%, Best Valid: 68.54%, Best Test: 67.33%
Epoch: 1000, Loss: 0.0345, Train: 70.01%, Valid: 68.12%, Test: 67.91%, Best Valid: 68.54%, Best Test: 67.33%
Epoch: 1100, Loss: 0.0196, Train: 70.06%, Valid: 68.14%, Test: 67.67%, Best Valid: 68.54%, Best Test: 67.33%
Epoch: 1200, Loss: 0.0036, Train: 69.69%, Valid: 68.00%, Test: 68.28%, Best Valid: 68.77%, Best Test: 68.55%
Epoch: 1300, Loss: 0.0304, Train: 68.65%, Valid: 67.17%, Test: 67.24%, Best Valid: 69.16%, Best Test: 69.08%
Epoch: 1400, Loss: 0.0739, Train: 69.56%, Valid: 68.42%, Test: 68.27%, Best Valid: 69.30%, Best Test: 68.87%
Epoch: 1500, Loss: 0.0039, Train: 69.51%, Valid: 67.48%, Test: 67.35%, Best Valid: 69.30%, Best Test: 68.87%
Epoch: 1600, Loss: 0.0136, Train: 69.30%, Valid: 66.64%, Test: 66.66%, Best Valid: 69.30%, Best Test: 68.87%
Epoch: 1700, Loss: 0.0033, Train: 70.25%, Valid: 67.48%, Test: 68.07%, Best Valid: 69.30%, Best Test: 68.87%
Epoch: 1800, Loss: 0.0099, Train: 69.62%, Valid: 67.45%, Test: 67.97%, Best Valid: 69.30%, Best Test: 68.87%
Epoch: 1900, Loss: 0.0111, Train: 70.09%, Valid: 68.37%, Test: 67.47%, Best Valid: 69.30%, Best Test: 68.87%
Epoch: 2000, Loss: 0.0109, Train: 70.35%, Valid: 67.71%, Test: 67.95%, Best Valid: 69.30%, Best Test: 68.87%
Epoch: 2100, Loss: 0.0034, Train: 69.83%, Valid: 67.86%, Test: 67.84%, Best Valid: 69.30%, Best Test: 68.87%
Epoch: 2200, Loss: 0.0037, Train: 68.95%, Valid: 66.94%, Test: 66.57%, Best Valid: 69.30%, Best Test: 68.87%
Epoch: 2300, Loss: 0.0149, Train: 69.38%, Valid: 67.52%, Test: 66.71%, Best Valid: 69.30%, Best Test: 68.87%
Epoch: 2400, Loss: 0.0495, Train: 68.11%, Valid: 66.09%, Test: 65.92%, Best Valid: 69.30%, Best Test: 68.87%
Epoch: 2500, Loss: 0.0610, Train: 68.92%, Valid: 67.45%, Test: 66.61%, Best Valid: 69.30%, Best Test: 68.87%
Run 02:
Highest Train: 71.37
Highest Valid: 69.30
Highest Test: 69.34
Chosen epoch: 1331
Final Train: 70.67
Final Test: 68.87
Label budget: 50/class -> 900 train nodes
Computing oracle penalty matrix from true labels...
Oracle penalty matrix frozen.
Epoch: 00, Loss: 9.1339, Train: 5.60%, Valid: 5.40%, Test: 5.79%, Best Valid: 5.40%, Best Test: 5.79%
Switching Polynormer to global attention phase.
Epoch: 100, Loss: 7.5236, Train: 13.95%, Valid: 13.96%, Test: 13.96%, Best Valid: 65.10%, Best Test: 64.42%
Epoch: 200, Loss: 0.1686, Train: 67.75%, Valid: 64.31%, Test: 64.01%, Best Valid: 65.74%, Best Test: 64.84%
Epoch: 300, Loss: 0.0577, Train: 68.63%, Valid: 66.23%, Test: 65.69%, Best Valid: 66.58%, Best Test: 66.03%
Epoch: 400, Loss: 0.0155, Train: 68.38%, Valid: 65.77%, Test: 65.51%, Best Valid: 66.58%, Best Test: 66.03%
Epoch: 500, Loss: 0.0401, Train: 68.56%, Valid: 65.70%, Test: 65.81%, Best Valid: 66.97%, Best Test: 66.77%
Epoch: 600, Loss: 0.0269, Train: 68.52%, Valid: 65.10%, Test: 65.67%, Best Valid: 66.97%, Best Test: 66.77%
Epoch: 700, Loss: 0.0042, Train: 68.91%, Valid: 65.93%, Test: 65.34%, Best Valid: 67.18%, Best Test: 67.15%
Epoch: 800, Loss: 0.0668, Train: 68.64%, Valid: 65.53%, Test: 64.72%, Best Valid: 67.18%, Best Test: 67.15%
Epoch: 900, Loss: 0.0987, Train: 69.04%, Valid: 66.04%, Test: 65.35%, Best Valid: 67.18%, Best Test: 67.15%
Epoch: 1000, Loss: 0.0187, Train: 69.27%, Valid: 66.09%, Test: 66.15%, Best Valid: 67.18%, Best Test: 67.15%
Epoch: 1100, Loss: 0.0187, Train: 68.61%, Valid: 66.25%, Test: 65.94%, Best Valid: 67.18%, Best Test: 67.15%
Epoch: 1200, Loss: 0.0709, Train: 67.81%, Valid: 65.37%, Test: 65.07%, Best Valid: 67.18%, Best Test: 67.15%
Epoch: 1300, Loss: 0.0047, Train: 68.77%, Valid: 66.51%, Test: 65.34%, Best Valid: 67.36%, Best Test: 65.85%
Epoch: 1400, Loss: 0.0128, Train: 68.63%, Valid: 65.90%, Test: 66.15%, Best Valid: 67.36%, Best Test: 65.85%
Epoch: 1500, Loss: 0.0222, Train: 69.57%, Valid: 66.35%, Test: 66.06%, Best Valid: 67.36%, Best Test: 65.85%
Epoch: 1600, Loss: 0.0116, Train: 69.90%, Valid: 67.15%, Test: 66.91%, Best Valid: 67.36%, Best Test: 65.85%
Epoch: 1700, Loss: 0.0120, Train: 68.12%, Valid: 64.87%, Test: 65.69%, Best Valid: 67.36%, Best Test: 65.85%
Epoch: 1800, Loss: 0.0028, Train: 69.52%, Valid: 66.74%, Test: 66.45%, Best Valid: 67.54%, Best Test: 67.15%
Epoch: 1900, Loss: 0.0177, Train: 70.37%, Valid: 67.64%, Test: 67.00%, Best Valid: 67.84%, Best Test: 67.14%
Epoch: 2000, Loss: 0.0127, Train: 69.83%, Valid: 67.36%, Test: 66.96%, Best Valid: 68.46%, Best Test: 67.44%
Epoch: 2100, Loss: 0.0089, Train: 69.33%, Valid: 66.51%, Test: 66.47%, Best Valid: 68.46%, Best Test: 67.44%
Epoch: 2200, Loss: 0.0054, Train: 68.95%, Valid: 66.32%, Test: 66.22%, Best Valid: 68.46%, Best Test: 67.44%
Epoch: 2300, Loss: 0.0172, Train: 69.07%, Valid: 66.00%, Test: 66.08%, Best Valid: 68.46%, Best Test: 67.44%
Epoch: 2400, Loss: 0.0294, Train: 68.93%, Valid: 65.84%, Test: 66.11%, Best Valid: 68.46%, Best Test: 67.44%
Epoch: 2500, Loss: 0.0098, Train: 66.30%, Valid: 64.43%, Test: 63.59%, Best Valid: 68.46%, Best Test: 67.44%
Run 03:
Highest Train: 70.63
Highest Valid: 68.46
Highest Test: 67.67
Chosen epoch: 1943
Final Train: 70.59
Final Test: 67.44
Label budget: 50/class -> 900 train nodes
Computing oracle penalty matrix from true labels...
Oracle penalty matrix frozen.
Epoch: 00, Loss: 9.5376, Train: 13.45%, Valid: 13.73%, Test: 13.22%, Best Valid: 13.73%, Best Test: 13.22%
Switching Polynormer to global attention phase.
Epoch: 100, Loss: 7.5424, Train: 5.99%, Valid: 6.00%, Test: 6.00%, Best Valid: 68.47%, Best Test: 68.99%
Epoch: 200, Loss: 0.1978, Train: 71.34%, Valid: 69.89%, Test: 69.82%, Best Valid: 69.89%, Best Test: 69.82%
Epoch: 300, Loss: 0.0259, Train: 70.48%, Valid: 69.27%, Test: 68.88%, Best Valid: 70.06%, Best Test: 70.53%
Epoch: 400, Loss: 0.0269, Train: 69.44%, Valid: 68.44%, Test: 68.66%, Best Valid: 70.06%, Best Test: 70.53%
Epoch: 500, Loss: 0.0606, Train: 69.46%, Valid: 68.97%, Test: 68.78%, Best Valid: 70.06%, Best Test: 70.53%
Epoch: 600, Loss: 0.0152, Train: 69.03%, Valid: 68.01%, Test: 68.73%, Best Valid: 70.31%, Best Test: 70.21%
Epoch: 700, Loss: 0.0418, Train: 69.96%, Valid: 69.02%, Test: 69.26%, Best Valid: 70.31%, Best Test: 70.21%
Epoch: 800, Loss: 0.0071, Train: 69.83%, Valid: 68.42%, Test: 67.81%, Best Valid: 70.31%, Best Test: 70.21%
Epoch: 900, Loss: 0.0268, Train: 70.09%, Valid: 68.95%, Test: 69.27%, Best Valid: 70.31%, Best Test: 70.21%
Epoch: 1000, Loss: 0.0118, Train: 70.76%, Valid: 68.74%, Test: 69.52%, Best Valid: 70.31%, Best Test: 70.21%
Epoch: 1100, Loss: 0.0256, Train: 70.16%, Valid: 68.44%, Test: 68.87%, Best Valid: 70.31%, Best Test: 70.21%
Epoch: 1200, Loss: 0.0145, Train: 69.04%, Valid: 67.75%, Test: 68.53%, Best Valid: 70.31%, Best Test: 70.21%
Epoch: 1300, Loss: 0.0273, Train: 69.92%, Valid: 68.95%, Test: 68.90%, Best Valid: 70.31%, Best Test: 70.21%
Epoch: 1400, Loss: 0.0343, Train: 70.65%, Valid: 69.62%, Test: 69.96%, Best Valid: 70.31%, Best Test: 70.21%
Epoch: 1500, Loss: 0.0175, Train: 69.69%, Valid: 68.58%, Test: 69.43%, Best Valid: 70.31%, Best Test: 70.21%
Epoch: 1600, Loss: 0.0280, Train: 71.12%, Valid: 69.36%, Test: 70.33%, Best Valid: 70.31%, Best Test: 70.21%
Epoch: 1700, Loss: 0.0417, Train: 71.13%, Valid: 69.14%, Test: 70.19%, Best Valid: 70.31%, Best Test: 70.21%
Epoch: 1800, Loss: 0.0406, Train: 70.21%, Valid: 68.00%, Test: 69.17%, Best Valid: 70.31%, Best Test: 70.21%
Epoch: 1900, Loss: 0.0016, Train: 70.66%, Valid: 69.46%, Test: 70.12%, Best Valid: 70.31%, Best Test: 70.21%
Epoch: 2000, Loss: 0.0360, Train: 70.51%, Valid: 68.21%, Test: 69.17%, Best Valid: 70.31%, Best Test: 70.21%
Epoch: 2100, Loss: 0.0014, Train: 70.29%, Valid: 68.61%, Test: 69.61%, Best Valid: 70.31%, Best Test: 70.21%
Epoch: 2200, Loss: 0.0091, Train: 70.06%, Valid: 68.30%, Test: 68.87%, Best Valid: 70.63%, Best Test: 71.14%
Epoch: 2300, Loss: 0.0648, Train: 69.86%, Valid: 67.93%, Test: 69.06%, Best Valid: 70.63%, Best Test: 71.14%
Epoch: 2400, Loss: 0.0124, Train: 70.86%, Valid: 69.57%, Test: 69.24%, Best Valid: 70.63%, Best Test: 71.14%
Epoch: 2500, Loss: 0.0845, Train: 70.67%, Valid: 69.32%, Test: 69.61%, Best Valid: 70.63%, Best Test: 71.14%
Run 04:
Highest Train: 72.18
Highest Valid: 70.63
Highest Test: 71.14
Chosen epoch: 2189
Final Train: 72.18
Final Test: 71.14
Label budget: 50/class -> 900 train nodes
Computing oracle penalty matrix from true labels...
Oracle penalty matrix frozen.
Epoch: 00, Loss: 9.4948, Train: 3.42%, Valid: 3.42%, Test: 3.09%, Best Valid: 3.42%, Best Test: 3.09%
Switching Polynormer to global attention phase.
Epoch: 100, Loss: 7.5451, Train: 9.68%, Valid: 9.67%, Test: 9.69%, Best Valid: 66.34%, Best Test: 66.34%
Epoch: 200, Loss: 0.1736, Train: 65.36%, Valid: 62.10%, Test: 62.65%, Best Valid: 67.17%, Best Test: 66.85%
Epoch: 300, Loss: 0.0828, Train: 67.61%, Valid: 64.27%, Test: 65.41%, Best Valid: 67.33%, Best Test: 67.51%
Epoch: 400, Loss: 0.0712, Train: 68.99%, Valid: 66.32%, Test: 66.64%, Best Valid: 67.38%, Best Test: 67.40%
Epoch: 500, Loss: 0.0371, Train: 69.09%, Valid: 66.30%, Test: 66.89%, Best Valid: 67.89%, Best Test: 67.00%
Epoch: 600, Loss: 0.0389, Train: 70.21%, Valid: 66.90%, Test: 67.56%, Best Valid: 68.03%, Best Test: 67.76%
Epoch: 700, Loss: 0.0043, Train: 70.06%, Valid: 66.99%, Test: 67.53%, Best Valid: 68.03%, Best Test: 67.76%
Epoch: 800, Loss: 0.0075, Train: 70.49%, Valid: 67.54%, Test: 67.44%, Best Valid: 68.03%, Best Test: 67.76%
Epoch: 900, Loss: 0.0226, Train: 70.85%, Valid: 68.46%, Test: 67.74%, Best Valid: 68.93%, Best Test: 68.20%
Epoch: 1000, Loss: 0.0518, Train: 69.31%, Valid: 65.93%, Test: 66.52%, Best Valid: 68.93%, Best Test: 68.20%
Epoch: 1100, Loss: 0.0379, Train: 70.23%, Valid: 66.76%, Test: 67.05%, Best Valid: 68.93%, Best Test: 68.20%
Epoch: 1200, Loss: 0.0064, Train: 70.74%, Valid: 67.57%, Test: 68.16%, Best Valid: 68.93%, Best Test: 68.20%
Epoch: 1300, Loss: 0.0049, Train: 71.58%, Valid: 68.70%, Test: 68.78%, Best Valid: 68.93%, Best Test: 68.20%
Epoch: 1400, Loss: 0.0114, Train: 69.54%, Valid: 67.29%, Test: 67.12%, Best Valid: 68.93%, Best Test: 68.20%
Epoch: 1500, Loss: 0.0448, Train: 70.04%, Valid: 67.08%, Test: 67.21%, Best Valid: 68.93%, Best Test: 68.20%
Epoch: 1600, Loss: 0.0177, Train: 71.52%, Valid: 68.60%, Test: 69.13%, Best Valid: 68.93%, Best Test: 68.20%
Epoch: 1700, Loss: 0.0398, Train: 70.54%, Valid: 68.40%, Test: 68.85%, Best Valid: 68.93%, Best Test: 68.20%
Epoch: 1800, Loss: 0.0149, Train: 71.59%, Valid: 69.11%, Test: 69.18%, Best Valid: 69.18%, Best Test: 68.85%
Epoch: 1900, Loss: 0.0850, Train: 70.28%, Valid: 67.64%, Test: 68.58%, Best Valid: 69.20%, Best Test: 69.04%
Epoch: 2000, Loss: 0.0755, Train: 70.96%, Valid: 67.98%, Test: 68.55%, Best Valid: 69.64%, Best Test: 69.87%
Epoch: 2100, Loss: 0.0028, Train: 70.68%, Valid: 67.73%, Test: 67.86%, Best Valid: 69.64%, Best Test: 69.87%
Epoch: 2200, Loss: 0.0471, Train: 70.21%, Valid: 66.92%, Test: 68.04%, Best Valid: 69.64%, Best Test: 69.87%
Epoch: 2300, Loss: 0.0143, Train: 70.66%, Valid: 67.18%, Test: 68.73%, Best Valid: 69.64%, Best Test: 69.87%
Epoch: 2400, Loss: 0.0119, Train: 71.84%, Valid: 68.98%, Test: 69.06%, Best Valid: 69.64%, Best Test: 69.87%
Epoch: 2500, Loss: 0.0053, Train: 70.95%, Valid: 67.63%, Test: 67.90%, Best Valid: 69.64%, Best Test: 69.87%
Run 05:
Highest Train: 72.46
Highest Valid: 69.64
Highest Test: 69.94
Chosen epoch: 1976
Final Train: 72.34
Final Test: 69.87
Label budget: 50/class -> 900 train nodes
Computing oracle penalty matrix from true labels...
Oracle penalty matrix frozen.
Epoch: 00, Loss: 9.4513, Train: 9.71%, Valid: 9.67%, Test: 9.69%, Best Valid: 9.67%, Best Test: 9.69%
Switching Polynormer to global attention phase.
Epoch: 100, Loss: 7.5511, Train: 9.68%, Valid: 9.67%, Test: 9.69%, Best Valid: 65.03%, Best Test: 65.78%
Epoch: 200, Loss: 0.1689, Train: 66.89%, Valid: 64.01%, Test: 64.79%, Best Valid: 65.03%, Best Test: 65.78%
Epoch: 300, Loss: 0.1670, Train: 68.72%, Valid: 65.79%, Test: 66.54%, Best Valid: 66.09%, Best Test: 66.50%
Epoch: 400, Loss: 0.1018, Train: 67.51%, Valid: 64.24%, Test: 65.78%, Best Valid: 66.09%, Best Test: 66.50%
Epoch: 500, Loss: 0.0515, Train: 68.77%, Valid: 65.67%, Test: 66.33%, Best Valid: 66.39%, Best Test: 67.08%
Epoch: 600, Loss: 0.0246, Train: 67.44%, Valid: 64.92%, Test: 65.62%, Best Valid: 66.39%, Best Test: 67.08%
Epoch: 700, Loss: 0.0139, Train: 68.28%, Valid: 65.54%, Test: 66.24%, Best Valid: 66.39%, Best Test: 67.08%
Epoch: 800, Loss: 0.0765, Train: 68.32%, Valid: 65.30%, Test: 66.15%, Best Valid: 66.39%, Best Test: 67.08%
Epoch: 900, Loss: 0.0024, Train: 68.69%, Valid: 66.09%, Test: 67.08%, Best Valid: 66.62%, Best Test: 66.75%
Epoch: 1000, Loss: 0.0117, Train: 69.08%, Valid: 66.60%, Test: 66.55%, Best Valid: 66.78%, Best Test: 67.03%
Epoch: 1100, Loss: 0.0210, Train: 68.68%, Valid: 65.70%, Test: 66.73%, Best Valid: 67.17%, Best Test: 67.63%
Epoch: 1200, Loss: 0.0103, Train: 67.54%, Valid: 65.68%, Test: 66.18%, Best Valid: 67.17%, Best Test: 67.63%
Epoch: 1300, Loss: 0.0051, Train: 68.76%, Valid: 66.73%, Test: 66.89%, Best Valid: 67.17%, Best Test: 67.63%
Epoch: 1400, Loss: 0.0029, Train: 68.67%, Valid: 66.50%, Test: 66.96%, Best Valid: 67.17%, Best Test: 67.63%
Epoch: 1500, Loss: 0.0148, Train: 69.61%, Valid: 66.85%, Test: 67.74%, Best Valid: 67.17%, Best Test: 67.63%
Epoch: 1600, Loss: 0.0366, Train: 68.01%, Valid: 65.75%, Test: 66.45%, Best Valid: 67.17%, Best Test: 67.63%
Epoch: 1700, Loss: 0.0183, Train: 69.39%, Valid: 65.81%, Test: 67.58%, Best Valid: 67.40%, Best Test: 67.91%
Epoch: 1800, Loss: 0.0289, Train: 68.30%, Valid: 65.65%, Test: 66.78%, Best Valid: 67.40%, Best Test: 67.91%
Epoch: 1900, Loss: 0.0105, Train: 68.70%, Valid: 66.34%, Test: 66.34%, Best Valid: 67.40%, Best Test: 67.91%
Epoch: 2000, Loss: 0.0118, Train: 69.60%, Valid: 66.62%, Test: 67.67%, Best Valid: 67.50%, Best Test: 67.81%
Epoch: 2100, Loss: 0.0165, Train: 68.15%, Valid: 65.67%, Test: 67.45%, Best Valid: 67.50%, Best Test: 67.81%
Epoch: 2200, Loss: 0.0039, Train: 66.93%, Valid: 64.45%, Test: 65.64%, Best Valid: 67.50%, Best Test: 67.81%
Epoch: 2300, Loss: 0.0063, Train: 67.96%, Valid: 65.58%, Test: 66.55%, Best Valid: 67.50%, Best Test: 67.81%
Epoch: 2400, Loss: 0.0447, Train: 69.49%, Valid: 67.06%, Test: 68.30%, Best Valid: 67.50%, Best Test: 67.81%
Epoch: 2500, Loss: 0.0175, Train: 67.95%, Valid: 66.16%, Test: 66.61%, Best Valid: 67.50%, Best Test: 67.81%
Run 06:
Highest Train: 70.27
Highest Valid: 67.50
Highest Test: 68.62
Chosen epoch: 1941
Final Train: 69.62
Final Test: 67.81
Label budget: 50/class -> 900 train nodes
Computing oracle penalty matrix from true labels...
Oracle penalty matrix frozen.
Epoch: 00, Loss: 9.3913, Train: 5.52%, Valid: 5.47%, Test: 5.47%, Best Valid: 5.47%, Best Test: 5.47%
Switching Polynormer to global attention phase.
Epoch: 100, Loss: 7.5701, Train: 1.50%, Valid: 1.50%, Test: 1.50%, Best Valid: 68.40%, Best Test: 68.04%
Epoch: 200, Loss: 0.0991, Train: 69.81%, Valid: 66.74%, Test: 67.14%, Best Valid: 69.16%, Best Test: 68.57%
Epoch: 300, Loss: 0.0587, Train: 70.90%, Valid: 67.94%, Test: 67.93%, Best Valid: 69.16%, Best Test: 68.57%
Epoch: 400, Loss: 0.0575, Train: 71.21%, Valid: 68.23%, Test: 69.08%, Best Valid: 69.16%, Best Test: 68.57%
Epoch: 500, Loss: 0.0076, Train: 70.36%, Valid: 67.40%, Test: 67.33%, Best Valid: 69.16%, Best Test: 68.57%
Epoch: 600, Loss: 0.0213, Train: 71.49%, Valid: 68.67%, Test: 68.88%, Best Valid: 69.16%, Best Test: 68.57%
Epoch: 700, Loss: 0.0276, Train: 71.07%, Valid: 68.38%, Test: 69.24%, Best Valid: 69.41%, Best Test: 69.43%
Epoch: 800, Loss: 0.0349, Train: 71.61%, Valid: 67.87%, Test: 69.34%, Best Valid: 69.41%, Best Test: 69.43%
Epoch: 900, Loss: 0.0080, Train: 71.71%, Valid: 68.08%, Test: 68.60%, Best Valid: 69.60%, Best Test: 69.66%
Epoch: 1000, Loss: 0.0578, Train: 71.08%, Valid: 68.83%, Test: 68.44%, Best Valid: 69.60%, Best Test: 69.66%
Epoch: 1100, Loss: 0.0269, Train: 70.82%, Valid: 68.26%, Test: 68.48%, Best Valid: 69.60%, Best Test: 69.66%
Epoch: 1200, Loss: 0.0498, Train: 71.18%, Valid: 67.15%, Test: 67.93%, Best Valid: 69.60%, Best Test: 69.66%
Epoch: 1300, Loss: 0.0139, Train: 71.30%, Valid: 68.14%, Test: 68.92%, Best Valid: 69.60%, Best Test: 69.66%
Epoch: 1400, Loss: 0.0099, Train: 71.70%, Valid: 68.44%, Test: 69.22%, Best Valid: 69.60%, Best Test: 69.66%
Epoch: 1500, Loss: 0.0264, Train: 71.41%, Valid: 67.93%, Test: 68.71%, Best Valid: 69.60%, Best Test: 69.66%
Epoch: 1600, Loss: 0.0628, Train: 70.21%, Valid: 66.60%, Test: 68.13%, Best Valid: 69.60%, Best Test: 69.66%
Epoch: 1700, Loss: 0.0326, Train: 71.60%, Valid: 68.83%, Test: 69.61%, Best Valid: 69.60%, Best Test: 69.66%
Epoch: 1800, Loss: 0.0304, Train: 71.43%, Valid: 68.33%, Test: 68.78%, Best Valid: 69.60%, Best Test: 69.66%
Epoch: 1900, Loss: 0.0050, Train: 70.37%, Valid: 67.33%, Test: 67.83%, Best Valid: 69.60%, Best Test: 69.66%
Epoch: 2000, Loss: 0.0135, Train: 71.79%, Valid: 68.51%, Test: 69.41%, Best Valid: 70.04%, Best Test: 69.94%
Epoch: 2100, Loss: 0.0020, Train: 71.84%, Valid: 68.56%, Test: 69.40%, Best Valid: 70.04%, Best Test: 69.94%
Epoch: 2200, Loss: 0.0228, Train: 70.83%, Valid: 68.37%, Test: 69.48%, Best Valid: 70.17%, Best Test: 70.49%
Epoch: 2300, Loss: 0.0072, Train: 70.25%, Valid: 66.97%, Test: 68.02%, Best Valid: 70.17%, Best Test: 70.49%
Epoch: 2400, Loss: 0.0688, Train: 71.46%, Valid: 68.12%, Test: 69.33%, Best Valid: 70.17%, Best Test: 70.49%
Epoch: 2500, Loss: 0.0023, Train: 71.23%, Valid: 67.93%, Test: 68.87%, Best Valid: 70.17%, Best Test: 70.49%
Run 07:
Highest Train: 72.69
Highest Valid: 70.17
Highest Test: 70.61
Chosen epoch: 2175
Final Train: 72.41
Final Test: 70.49
Label budget: 50/class -> 900 train nodes
Computing oracle penalty matrix from true labels...
Oracle penalty matrix frozen.
Epoch: 00, Loss: 9.2242, Train: 11.27%, Valid: 11.58%, Test: 10.89%, Best Valid: 11.58%, Best Test: 10.89%
Switching Polynormer to global attention phase.
Epoch: 100, Loss: 7.5539, Train: 9.29%, Valid: 9.13%, Test: 9.12%, Best Valid: 68.23%, Best Test: 67.79%
Epoch: 200, Loss: 0.1627, Train: 70.06%, Valid: 67.41%, Test: 68.06%, Best Valid: 68.44%, Best Test: 68.64%
Epoch: 300, Loss: 0.0570, Train: 69.93%, Valid: 67.68%, Test: 67.63%, Best Valid: 68.44%, Best Test: 68.64%
Epoch: 400, Loss: 0.0353, Train: 71.03%, Valid: 68.26%, Test: 68.60%, Best Valid: 68.63%, Best Test: 68.25%
Epoch: 500, Loss: 0.0308, Train: 70.23%, Valid: 68.03%, Test: 67.68%, Best Valid: 68.77%, Best Test: 68.76%
Epoch: 600, Loss: 0.0462, Train: 69.82%, Valid: 67.48%, Test: 67.51%, Best Valid: 69.41%, Best Test: 69.33%
Epoch: 700, Loss: 0.0654, Train: 69.22%, Valid: 66.60%, Test: 66.93%, Best Valid: 69.41%, Best Test: 69.33%
Epoch: 800, Loss: 0.0200, Train: 71.40%, Valid: 69.23%, Test: 68.18%, Best Valid: 69.41%, Best Test: 69.33%
Epoch: 900, Loss: 0.0477, Train: 69.60%, Valid: 67.33%, Test: 67.37%, Best Valid: 69.41%, Best Test: 69.33%
Epoch: 1000, Loss: 0.0146, Train: 69.88%, Valid: 67.64%, Test: 67.91%, Best Valid: 69.41%, Best Test: 69.33%
Epoch: 1100, Loss: 0.0860, Train: 70.12%, Valid: 68.01%, Test: 68.36%, Best Valid: 69.41%, Best Test: 69.33%
Epoch: 1200, Loss: 0.0128, Train: 70.26%, Valid: 68.17%, Test: 68.20%, Best Valid: 69.41%, Best Test: 69.33%
Epoch: 1300, Loss: 0.0167, Train: 71.11%, Valid: 68.65%, Test: 69.24%, Best Valid: 69.41%, Best Test: 69.33%
Epoch: 1400, Loss: 0.0139, Train: 69.47%, Valid: 66.28%, Test: 67.21%, Best Valid: 69.41%, Best Test: 69.33%
Epoch: 1500, Loss: 0.0196, Train: 70.58%, Valid: 67.36%, Test: 67.97%, Best Valid: 69.41%, Best Test: 69.33%
Epoch: 1600, Loss: 0.0019, Train: 71.09%, Valid: 68.30%, Test: 68.94%, Best Valid: 69.41%, Best Test: 69.33%
Epoch: 1700, Loss: 0.0382, Train: 70.83%, Valid: 67.70%, Test: 67.91%, Best Valid: 69.41%, Best Test: 69.33%
Epoch: 1800, Loss: 0.0022, Train: 70.09%, Valid: 67.11%, Test: 67.47%, Best Valid: 69.41%, Best Test: 69.33%
Epoch: 1900, Loss: 0.0066, Train: 69.70%, Valid: 66.74%, Test: 67.26%, Best Valid: 69.41%, Best Test: 69.33%
Epoch: 2000, Loss: 0.0147, Train: 70.96%, Valid: 68.05%, Test: 68.07%, Best Valid: 69.41%, Best Test: 69.33%
Epoch: 2100, Loss: 0.0126, Train: 69.53%, Valid: 66.21%, Test: 66.03%, Best Valid: 69.41%, Best Test: 69.33%
Epoch: 2200, Loss: 0.0009, Train: 70.72%, Valid: 67.17%, Test: 67.53%, Best Valid: 69.41%, Best Test: 69.33%
Epoch: 2300, Loss: 0.0341, Train: 70.96%, Valid: 68.21%, Test: 68.07%, Best Valid: 69.41%, Best Test: 69.33%
Epoch: 2400, Loss: 0.0384, Train: 70.05%, Valid: 67.15%, Test: 67.35%, Best Valid: 69.41%, Best Test: 69.33%
Epoch: 2500, Loss: 0.0259, Train: 70.19%, Valid: 67.20%, Test: 67.79%, Best Valid: 69.41%, Best Test: 69.33%
Run 08:
Highest Train: 72.19
Highest Valid: 69.41
Highest Test: 69.82
Chosen epoch: 562
Final Train: 71.59
Final Test: 69.33
Label budget: 50/class -> 900 train nodes
Computing oracle penalty matrix from true labels...
Oracle penalty matrix frozen.
Epoch: 00, Loss: 9.0733, Train: 8.37%, Valid: 8.30%, Test: 8.84%, Best Valid: 8.30%, Best Test: 8.84%
Switching Polynormer to global attention phase.
Epoch: 100, Loss: 7.5809, Train: 5.01%, Valid: 5.10%, Test: 5.42%, Best Valid: 65.68%, Best Test: 65.48%
Epoch: 200, Loss: 0.1458, Train: 69.63%, Valid: 66.27%, Test: 66.18%, Best Valid: 66.46%, Best Test: 66.84%
Epoch: 300, Loss: 0.1174, Train: 69.98%, Valid: 66.25%, Test: 66.38%, Best Valid: 66.51%, Best Test: 66.24%
Epoch: 400, Loss: 0.1018, Train: 69.63%, Valid: 66.23%, Test: 66.40%, Best Valid: 68.01%, Best Test: 68.02%
Epoch: 500, Loss: 0.0857, Train: 69.64%, Valid: 66.43%, Test: 66.61%, Best Valid: 68.01%, Best Test: 68.02%
Epoch: 600, Loss: 0.0096, Train: 70.27%, Valid: 67.08%, Test: 66.93%, Best Valid: 68.01%, Best Test: 68.02%
Epoch: 700, Loss: 0.0234, Train: 71.48%, Valid: 67.93%, Test: 68.20%, Best Valid: 68.01%, Best Test: 68.02%
Epoch: 800, Loss: 0.0066, Train: 70.59%, Valid: 66.99%, Test: 67.47%, Best Valid: 68.01%, Best Test: 68.02%
Epoch: 900, Loss: 0.0707, Train: 69.00%, Valid: 65.77%, Test: 65.99%, Best Valid: 68.14%, Best Test: 68.21%
Epoch: 1000, Loss: 0.0093, Train: 69.73%, Valid: 66.65%, Test: 66.87%, Best Valid: 68.14%, Best Test: 68.21%
Epoch: 1100, Loss: 0.0246, Train: 70.47%, Valid: 67.47%, Test: 66.98%, Best Valid: 68.14%, Best Test: 68.21%
Epoch: 1200, Loss: 0.0181, Train: 70.05%, Valid: 66.87%, Test: 66.55%, Best Valid: 68.49%, Best Test: 67.76%
Epoch: 1300, Loss: 0.0725, Train: 70.51%, Valid: 67.13%, Test: 67.01%, Best Valid: 68.49%, Best Test: 67.76%
Epoch: 1400, Loss: 0.0075, Train: 70.81%, Valid: 67.38%, Test: 67.31%, Best Valid: 68.49%, Best Test: 67.76%
Epoch: 1500, Loss: 0.0305, Train: 70.92%, Valid: 67.63%, Test: 67.08%, Best Valid: 68.49%, Best Test: 67.76%
Epoch: 1600, Loss: 0.0659, Train: 70.16%, Valid: 66.64%, Test: 66.47%, Best Valid: 68.49%, Best Test: 67.76%
Epoch: 1700, Loss: 0.0011, Train: 68.74%, Valid: 65.47%, Test: 65.51%, Best Valid: 68.49%, Best Test: 67.76%
Epoch: 1800, Loss: 0.0261, Train: 70.21%, Valid: 67.26%, Test: 66.57%, Best Valid: 68.49%, Best Test: 67.76%
Epoch: 1900, Loss: 0.0553, Train: 69.47%, Valid: 66.11%, Test: 66.20%, Best Valid: 68.68%, Best Test: 68.30%
Epoch: 2000, Loss: 0.0042, Train: 70.47%, Valid: 66.74%, Test: 67.42%, Best Valid: 68.68%, Best Test: 68.30%
Epoch: 2100, Loss: 0.0253, Train: 71.12%, Valid: 67.84%, Test: 67.51%, Best Valid: 68.97%, Best Test: 68.43%
Epoch: 2200, Loss: 0.0008, Train: 70.16%, Valid: 67.45%, Test: 67.01%, Best Valid: 68.97%, Best Test: 68.43%
Epoch: 2300, Loss: 0.0275, Train: 70.27%, Valid: 66.94%, Test: 67.35%, Best Valid: 68.97%, Best Test: 68.43%
Epoch: 2400, Loss: 0.0007, Train: 69.38%, Valid: 66.71%, Test: 65.64%, Best Valid: 68.97%, Best Test: 68.43%
Epoch: 2500, Loss: 0.0638, Train: 70.03%, Valid: 67.11%, Test: 66.43%, Best Valid: 68.97%, Best Test: 68.43%
Run 09:
Highest Train: 71.91
Highest Valid: 68.97
Highest Test: 68.80
Chosen epoch: 2093
Final Train: 71.85
Final Test: 68.43
Label budget: 50/class -> 900 train nodes
Computing oracle penalty matrix from true labels...
Oracle penalty matrix frozen.
Epoch: 00, Loss: 9.5093, Train: 7.34%, Valid: 7.31%, Test: 7.66%, Best Valid: 7.31%, Best Test: 7.66%
Switching Polynormer to global attention phase.
Epoch: 100, Loss: 7.5577, Train: 4.17%, Valid: 4.17%, Test: 4.17%, Best Valid: 67.01%, Best Test: 66.80%
Epoch: 200, Loss: 0.1868, Train: 69.46%, Valid: 67.61%, Test: 66.41%, Best Valid: 67.61%, Best Test: 66.41%
Epoch: 300, Loss: 0.1079, Train: 69.54%, Valid: 67.36%, Test: 66.50%, Best Valid: 68.30%, Best Test: 66.71%
Epoch: 400, Loss: 0.0332, Train: 69.50%, Valid: 67.98%, Test: 67.07%, Best Valid: 69.29%, Best Test: 67.90%
Epoch: 500, Loss: 0.0316, Train: 70.10%, Valid: 67.82%, Test: 67.45%, Best Valid: 69.29%, Best Test: 67.90%
Epoch: 600, Loss: 0.0485, Train: 70.56%, Valid: 68.60%, Test: 67.37%, Best Valid: 69.29%, Best Test: 67.90%
Epoch: 700, Loss: 0.0055, Train: 69.38%, Valid: 67.50%, Test: 66.34%, Best Valid: 69.29%, Best Test: 67.90%
Epoch: 800, Loss: 0.0118, Train: 69.63%, Valid: 67.38%, Test: 66.36%, Best Valid: 69.29%, Best Test: 67.90%
Epoch: 900, Loss: 0.0352, Train: 69.74%, Valid: 68.12%, Test: 67.60%, Best Valid: 69.48%, Best Test: 68.74%
Epoch: 1000, Loss: 0.0115, Train: 70.23%, Valid: 68.65%, Test: 67.19%, Best Valid: 69.48%, Best Test: 68.74%
Epoch: 1100, Loss: 0.0094, Train: 69.25%, Valid: 67.41%, Test: 65.99%, Best Valid: 69.50%, Best Test: 68.04%
Epoch: 1200, Loss: 0.0026, Train: 69.90%, Valid: 68.05%, Test: 67.03%, Best Valid: 69.50%, Best Test: 68.04%
Epoch: 1300, Loss: 0.0701, Train: 70.29%, Valid: 68.65%, Test: 68.32%, Best Valid: 69.50%, Best Test: 68.04%
Epoch: 1400, Loss: 0.0034, Train: 70.24%, Valid: 68.12%, Test: 67.67%, Best Valid: 69.50%, Best Test: 68.04%
Epoch: 1500, Loss: 0.0020, Train: 70.32%, Valid: 68.19%, Test: 67.51%, Best Valid: 69.50%, Best Test: 68.04%
Epoch: 1600, Loss: 0.0088, Train: 69.41%, Valid: 67.87%, Test: 66.66%, Best Valid: 69.50%, Best Test: 68.04%
Epoch: 1700, Loss: 0.0148, Train: 70.61%, Valid: 68.67%, Test: 67.76%, Best Valid: 69.50%, Best Test: 68.04%
Epoch: 1800, Loss: 0.0035, Train: 69.65%, Valid: 67.78%, Test: 66.82%, Best Valid: 69.50%, Best Test: 68.04%
Epoch: 1900, Loss: 0.0091, Train: 71.23%, Valid: 69.00%, Test: 68.46%, Best Valid: 69.50%, Best Test: 68.04%
Epoch: 2000, Loss: 0.0029, Train: 69.42%, Valid: 67.24%, Test: 67.07%, Best Valid: 69.50%, Best Test: 68.04%
Epoch: 2100, Loss: 0.0027, Train: 68.77%, Valid: 66.60%, Test: 65.67%, Best Valid: 69.50%, Best Test: 68.04%
Epoch: 2200, Loss: 0.0191, Train: 70.45%, Valid: 68.19%, Test: 67.44%, Best Valid: 69.50%, Best Test: 68.04%
Epoch: 2300, Loss: 0.0019, Train: 69.70%, Valid: 67.40%, Test: 66.91%, Best Valid: 69.50%, Best Test: 68.04%
Epoch: 2400, Loss: 0.0022, Train: 69.49%, Valid: 67.17%, Test: 67.68%, Best Valid: 69.50%, Best Test: 68.04%
Epoch: 2500, Loss: 0.0008, Train: 69.38%, Valid: 67.50%, Test: 67.35%, Best Valid: 69.50%, Best Test: 68.04%
Run 10:
Highest Train: 71.45
Highest Valid: 69.66
Highest Test: 69.40
Chosen epoch: 2583
Final Train: 71.34
Final Test: 69.10
All runs:
Highest Train: 71.77 ± 0.83
Highest Test: 69.44 ± 1.01
Highest Valid: 69.31 ± 0.87
  Final Train: 71.47 ± 0.92
   Final Test: 69.04 ± 1.21
Saving results to ../results/lowlabel/roman-empire/polynormer.csv
Low-label sweep completed.
Task 398 done.
