Thu Aug  6 11:31:44 2026       
+-----------------------------------------------------------------------------------------+
| NVIDIA-SMI 580.159.04             Driver Version: 580.159.04     CUDA Version: 13.0     |
+-----------------------------------------+------------------------+----------------------+
| GPU  Name                 Persistence-M | Bus-Id          Disp.A | Volatile Uncorr. ECC |
| Fan  Temp   Perf          Pwr:Usage/Cap |           Memory-Usage | GPU-Util  Compute M. |
|                                         |                        |               MIG M. |
|=========================================+========================+======================|
|   0  NVIDIA A100-SXM4-80GB          On  |   00000000:01:00.0 Off |                   On |
| N/A   33C    P0             55W /  500W |     249MiB /  81920MiB |     N/A      Default |
|                                         |                        |              Enabled |
+-----------------------------------------+------------------------+----------------------+
|   1  NVIDIA A100-SXM4-80GB          On  |   00000000:41:00.0 Off |                   On |
| N/A   31C    P0            113W /  500W |     837MiB /  81920MiB |     N/A      Default |
|                                         |                        |              Enabled |
+-----------------------------------------+------------------------+----------------------+
|   2  NVIDIA A100-SXM4-80GB          On  |   00000000:81:00.0 Off |                   On |
| N/A   36C    P0            134W /  500W |   11419MiB /  81920MiB |     N/A      Default |
|                                         |                        |              Enabled |
+-----------------------------------------+------------------------+----------------------+
|   3  NVIDIA A100-SXM4-80GB          On  |   00000000:C1:00.0 Off |                   On |
| N/A   34C    P0            134W /  500W |   11529MiB /  81920MiB |     N/A      Default |
|                                         |                        |              Enabled |
+-----------------------------------------+------------------------+----------------------+

+-----------------------------------------------------------------------------------------+
| MIG devices:                                                                            |
+------------------+----------------------------------+-----------+-----------------------+
| GPU  GI  CI  MIG |              Shared Memory-Usage |        Vol|        Shared         |
|      ID  ID  Dev |                Shared BAR1-Usage | SM     Unc| CE ENC  DEC  OFA  JPG |
|                  |                                  |        ECC|                       |
|==================+==================================+===========+=======================|
|  0    5   0   0  |              71MiB / 19968MiB    | 28      0 |  2   0    1    0    0 |
|                  |               0MiB / 12271MiB    |           |                       |
+------------------+----------------------------------+-----------+-----------------------+

+-----------------------------------------------------------------------------------------+
| Processes:                                                                              |
|  GPU   GI   CI              PID   Type   Process name                        GPU Memory |
|        ID   ID                                                               Usage      |
|=========================================================================================|
|    1    5    0           521780      C   ...envs/torch-cuda-mm/bin/python        580MiB |
|    2    3    0           548236      C   python                                11162MiB |
|    3    5    0           523382      C   python                                11272MiB |
+-----------------------------------------------------------------------------------------+
Cell: amazon-computer / polynormer / budget 20 per class / group 2
python main.py --model polynormer --dataset amazon-computer --hidden_channels 64 --local_epochs 200 --global_epochs 1000 --lr 0.001 --runs 10 --local_layers 5 --global_layers 1 --weight_decay 5e-5 --dropout 0.7 --in_dropout 0.2 --num_heads 8 --save_model --device 0 --model_dir models/lowlabel_1161133_192 --train_per_class 20 --budget_tag 20
==========================================================
Low-label sweep: python main.py --model polynormer --dataset amazon-computer --hidden_channels 64 --local_epochs 200 --global_epochs 1000 --lr 0.001 --runs 10 --local_layers 5 --global_layers 1 --weight_decay 5e-5 --dropout 0.7 --in_dropout 0.2 --num_heads 8 --save_model --device 0 --model_dir models/lowlabel_1161133_192 --train_per_class 20 --budget_tag 20
result_dir=../results/lowlabel conditions=[mlp]
==========================================================
--- mlp_reg | lambda=0.01 ---
Namespace(aggregate='add', alpha=0.5, attention='gcn', beta=-1.0, bn=False, budget_tag='20', count_reg=False, count_smoothing=1.0, cpu=False, data_dir='../data/', dataset='amazon-computer', device=0, dim_inner=64, display_step=100, dropout=0.7, epochs=500, global_dropout=None, global_epochs=1000, global_layers=1, gnn='gcn', graph_weight=0.8, hidden_channels=64, hops=10, in_dropout=0.2, jk=False, label_num_per_class=20, lambda_val=0.01, layers=1, ln=False, local_epochs=200, local_gnn_type='GCN', local_layers=5, lr=0.001, metric='acc', mlp_epochs=500, mlp_reg=True, model='polynormer', model_dir='models/lowlabel_1161133_192', n_heads=8, num_centroids=4096, num_heads=8, oracle_reg=False, paired_seeds=True, pe_types='RWSE', penalty_transform='none', pre_linear=False, pre_ln=False, rand_split=False, rand_split_class=False, reg_start_epoch=10, reg_update_freq=5, res=False, resample_split_per_run=False, result_dir='../results/lowlabel', runs=10, save_model=True, save_result=False, seed=42, test_num=1000, tr_dropout=None, tr_layers=1, tr_weight_decay=None, train_per_class=20, train_prop=0.5, use_act=False, use_bn=False, use_graph=False, use_reg=True, use_residual=False, use_weight=False, valid_num=500, valid_per_class=0, valid_prop=0.25, weight_decay=5e-05)
amazon-computer
dataset amazon-computer | num nodes 13752 | num edge 491722 | num node feats 767 | num classes 10
MODEL: Polynormer(
  (h_lins): ModuleList(
    (0): Linear(in_features=512, out_features=512, bias=True)
    (1): Linear(in_features=512, out_features=512, bias=True)
    (2): Linear(in_features=512, out_features=512, bias=True)
    (3): Linear(in_features=512, out_features=512, bias=True)
    (4): Linear(in_features=512, out_features=512, bias=True)
  )
  (local_convs): ModuleList(
    (0): GATConv(512, 64, heads=8)
    (1): GATConv(512, 64, heads=8)
    (2): GATConv(512, 64, heads=8)
    (3): GATConv(512, 64, heads=8)
    (4): GATConv(512, 64, heads=8)
  )
  (lins): ModuleList(
    (0): Linear(in_features=512, out_features=512, bias=True)
    (1): Linear(in_features=512, out_features=512, bias=True)
    (2): Linear(in_features=512, out_features=512, bias=True)
    (3): Linear(in_features=512, out_features=512, bias=True)
    (4): Linear(in_features=512, out_features=512, bias=True)
  )
  (lns): ModuleList(
    (0): LayerNorm((512,), eps=1e-05, elementwise_affine=True)
    (1): LayerNorm((512,), eps=1e-05, elementwise_affine=True)
    (2): LayerNorm((512,), eps=1e-05, elementwise_affine=True)
    (3): LayerNorm((512,), eps=1e-05, elementwise_affine=True)
    (4): LayerNorm((512,), eps=1e-05, elementwise_affine=True)
  )
  (lin_in): Linear(in_features=767, out_features=512, bias=True)
  (ln): LayerNorm((512,), eps=1e-05, elementwise_affine=True)
  (global_attn): GlobalAttn(
    (h_lins): ModuleList(
      (0): Linear(in_features=512, out_features=512, bias=True)
    )
    (k_lins): ModuleList(
      (0): Linear(in_features=512, out_features=512, bias=True)
    )
    (v_lins): ModuleList(
      (0): Linear(in_features=512, out_features=512, bias=True)
    )
    (lns): ModuleList(
      (0): LayerNorm((512,), eps=1e-05, elementwise_affine=True)
    )
    (lin_out): Linear(in_features=512, out_features=512, bias=True)
  )
  (pred_local): Linear(in_features=512, out_features=10, bias=True)
  (pred_global): Linear(in_features=512, out_features=10, bias=True)
)
Label budget: 20/class -> 200 train nodes
Pre-training MLP for 500 epochs to generate co-occurrence matrix...
MLP pre-training complete. Penalty matrix frozen.
Epoch: 00, Loss: 2.5730, Train: 3.84%, Valid: 3.75%, Test: 4.43%, Best Valid: 3.75%, Best Test: 4.43%
Epoch: 100, Loss: 2.3867, Train: 10.62%, Valid: 9.53%, Test: 10.03%, Best Valid: 36.18%, Best Test: 38.53%
Switching Polynormer to global attention phase.
Epoch: 200, Loss: 2.4237, Train: 19.97%, Valid: 21.05%, Test: 20.76%, Best Valid: 55.05%, Best Test: 55.94%
Epoch: 300, Loss: 0.3234, Train: 76.29%, Valid: 76.36%, Test: 76.92%, Best Valid: 76.36%, Best Test: 76.92%
Epoch: 400, Loss: 0.1135, Train: 74.02%, Valid: 73.71%, Test: 76.30%, Best Valid: 80.55%, Best Test: 81.21%
Epoch: 500, Loss: 0.0198, Train: 76.45%, Valid: 77.49%, Test: 77.83%, Best Valid: 81.53%, Best Test: 82.59%
Epoch: 600, Loss: 0.0318, Train: 78.45%, Valid: 79.60%, Test: 80.48%, Best Valid: 81.93%, Best Test: 82.41%
Epoch: 700, Loss: 0.0538, Train: 79.86%, Valid: 80.22%, Test: 81.39%, Best Valid: 82.76%, Best Test: 83.53%
Epoch: 800, Loss: 0.0081, Train: 79.44%, Valid: 81.05%, Test: 81.10%, Best Valid: 83.02%, Best Test: 83.13%
Epoch: 900, Loss: 0.0207, Train: 82.00%, Valid: 82.87%, Test: 83.42%, Best Valid: 83.02%, Best Test: 83.13%
Epoch: 1000, Loss: 0.0091, Train: 77.05%, Valid: 77.67%, Test: 77.57%, Best Valid: 83.38%, Best Test: 83.86%
Epoch: 1100, Loss: 0.0272, Train: 76.25%, Valid: 76.58%, Test: 77.54%, Best Valid: 83.38%, Best Test: 83.86%
Run 01:
Highest Train: 82.37
Highest Valid: 83.38
Highest Test: 84.01
Chosen epoch: 902
Final Train: 82.31
Final Test: 83.86
Label budget: 20/class -> 200 train nodes
Pre-training MLP for 500 epochs to generate co-occurrence matrix...
MLP pre-training complete. Penalty matrix frozen.
Epoch: 00, Loss: 2.5287, Train: 2.15%, Valid: 2.55%, Test: 2.25%, Best Valid: 2.55%, Best Test: 2.25%
Epoch: 100, Loss: 2.4302, Train: 3.68%, Valid: 3.67%, Test: 3.85%, Best Valid: 36.15%, Best Test: 38.53%
Switching Polynormer to global attention phase.
Epoch: 200, Loss: 2.3256, Train: 3.36%, Valid: 4.00%, Test: 3.64%, Best Valid: 77.75%, Best Test: 77.97%
Epoch: 300, Loss: 0.3135, Train: 76.40%, Valid: 76.84%, Test: 76.55%, Best Valid: 81.53%, Best Test: 82.44%
Epoch: 400, Loss: 0.1191, Train: 75.23%, Valid: 76.18%, Test: 76.37%, Best Valid: 81.53%, Best Test: 82.44%
Epoch: 500, Loss: 0.0470, Train: 78.45%, Valid: 78.91%, Test: 79.86%, Best Valid: 81.53%, Best Test: 82.44%
Epoch: 600, Loss: 0.0530, Train: 74.65%, Valid: 74.91%, Test: 75.32%, Best Valid: 81.60%, Best Test: 82.52%
Epoch: 700, Loss: 0.0553, Train: 80.27%, Valid: 80.73%, Test: 81.64%, Best Valid: 82.22%, Best Test: 81.50%
Epoch: 800, Loss: 0.0135, Train: 76.80%, Valid: 77.71%, Test: 77.21%, Best Valid: 82.22%, Best Test: 81.50%
Epoch: 900, Loss: 0.0057, Train: 77.05%, Valid: 78.11%, Test: 77.43%, Best Valid: 82.22%, Best Test: 81.50%
Epoch: 1000, Loss: 0.0457, Train: 80.43%, Valid: 81.45%, Test: 81.57%, Best Valid: 82.22%, Best Test: 81.50%
Epoch: 1100, Loss: 0.0184, Train: 79.29%, Valid: 80.22%, Test: 80.30%, Best Valid: 82.22%, Best Test: 81.50%
Run 02:
Highest Train: 82.75
Highest Valid: 82.73
Highest Test: 83.06
Chosen epoch: 1166
Final Train: 82.75
Final Test: 83.06
Label budget: 20/class -> 200 train nodes
Pre-training MLP for 500 epochs to generate co-occurrence matrix...
MLP pre-training complete. Penalty matrix frozen.
Epoch: 00, Loss: 2.5135, Train: 10.60%, Valid: 9.49%, Test: 10.11%, Best Valid: 9.49%, Best Test: 10.11%
Epoch: 100, Loss: 2.3707, Train: 10.62%, Valid: 9.53%, Test: 10.03%, Best Valid: 18.07%, Best Test: 16.65%
Switching Polynormer to global attention phase.
Epoch: 200, Loss: 2.3256, Train: 3.36%, Valid: 4.00%, Test: 3.64%, Best Valid: 69.89%, Best Test: 70.52%
Epoch: 300, Loss: 0.4300, Train: 63.69%, Valid: 63.16%, Test: 64.92%, Best Valid: 80.15%, Best Test: 82.37%
Epoch: 400, Loss: 0.3231, Train: 75.69%, Valid: 76.47%, Test: 76.95%, Best Valid: 82.22%, Best Test: 84.01%
Epoch: 500, Loss: 0.1089, Train: 78.86%, Valid: 78.87%, Test: 80.81%, Best Valid: 82.33%, Best Test: 84.08%
Epoch: 600, Loss: 0.0526, Train: 79.40%, Valid: 79.82%, Test: 80.70%, Best Valid: 83.27%, Best Test: 83.79%
Epoch: 700, Loss: 0.0310, Train: 81.13%, Valid: 81.09%, Test: 83.13%, Best Valid: 83.27%, Best Test: 83.79%
Epoch: 800, Loss: 0.0257, Train: 78.98%, Valid: 78.87%, Test: 80.55%, Best Valid: 83.42%, Best Test: 83.79%
Epoch: 900, Loss: 0.0160, Train: 76.45%, Valid: 77.02%, Test: 77.50%, Best Valid: 83.93%, Best Test: 85.64%
Epoch: 1000, Loss: 0.0572, Train: 80.85%, Valid: 81.60%, Test: 82.37%, Best Valid: 84.04%, Best Test: 83.75%
Epoch: 1100, Loss: 0.0405, Train: 77.99%, Valid: 78.11%, Test: 79.21%, Best Valid: 84.04%, Best Test: 83.75%
Run 03:
Highest Train: 83.54
Highest Valid: 84.04
Highest Test: 85.64
Chosen epoch: 911
Final Train: 82.74
Final Test: 83.75
Label budget: 20/class -> 200 train nodes
Pre-training MLP for 500 epochs to generate co-occurrence matrix...
MLP pre-training complete. Penalty matrix frozen.
Epoch: 00, Loss: 2.6706, Train: 3.83%, Valid: 3.78%, Test: 4.43%, Best Valid: 3.78%, Best Test: 4.43%
Epoch: 100, Loss: 2.3508, Train: 3.36%, Valid: 4.00%, Test: 3.64%, Best Valid: 37.45%, Best Test: 40.17%
Switching Polynormer to global attention phase.
Epoch: 200, Loss: 2.3256, Train: 3.36%, Valid: 4.00%, Test: 3.64%, Best Valid: 60.25%, Best Test: 61.36%
Epoch: 300, Loss: 0.3854, Train: 73.85%, Valid: 74.36%, Test: 74.41%, Best Valid: 75.89%, Best Test: 74.92%
Epoch: 400, Loss: 0.1318, Train: 73.63%, Valid: 74.15%, Test: 74.74%, Best Valid: 75.93%, Best Test: 75.14%
Epoch: 500, Loss: 0.0686, Train: 70.88%, Valid: 71.16%, Test: 71.83%, Best Valid: 76.07%, Best Test: 75.10%
Epoch: 600, Loss: 0.0554, Train: 72.99%, Valid: 72.51%, Test: 74.08%, Best Valid: 76.33%, Best Test: 75.43%
Epoch: 700, Loss: 0.1109, Train: 73.09%, Valid: 72.84%, Test: 72.85%, Best Valid: 76.62%, Best Test: 76.81%
Epoch: 800, Loss: 0.0200, Train: 75.77%, Valid: 75.85%, Test: 75.65%, Best Valid: 78.00%, Best Test: 77.86%
Epoch: 900, Loss: 0.0063, Train: 76.49%, Valid: 76.40%, Test: 76.12%, Best Valid: 78.00%, Best Test: 77.86%
Epoch: 1000, Loss: 0.0323, Train: 75.46%, Valid: 75.02%, Test: 76.30%, Best Valid: 78.00%, Best Test: 77.86%
Epoch: 1100, Loss: 0.0087, Train: 76.50%, Valid: 76.73%, Test: 76.48%, Best Valid: 78.55%, Best Test: 78.70%
Run 04:
Highest Train: 78.35
Highest Valid: 78.55
Highest Test: 79.06
Chosen epoch: 1076
Final Train: 77.83
Final Test: 78.70
Label budget: 20/class -> 200 train nodes
Pre-training MLP for 500 epochs to generate co-occurrence matrix...
MLP pre-training complete. Penalty matrix frozen.
Epoch: 00, Loss: 2.5820, Train: 3.44%, Valid: 4.22%, Test: 3.67%, Best Valid: 4.22%, Best Test: 3.67%
Epoch: 100, Loss: 2.3822, Train: 3.37%, Valid: 4.00%, Test: 3.64%, Best Valid: 38.00%, Best Test: 39.88%
Switching Polynormer to global attention phase.
Epoch: 200, Loss: 2.3256, Train: 15.79%, Valid: 16.33%, Test: 14.69%, Best Valid: 57.64%, Best Test: 58.09%
Epoch: 300, Loss: 0.4818, Train: 69.74%, Valid: 70.47%, Test: 70.85%, Best Valid: 73.67%, Best Test: 72.96%
Epoch: 400, Loss: 0.2281, Train: 73.45%, Valid: 73.45%, Test: 73.72%, Best Valid: 75.35%, Best Test: 76.70%
Epoch: 500, Loss: 0.0844, Train: 73.99%, Valid: 73.27%, Test: 74.88%, Best Valid: 76.22%, Best Test: 76.88%
Epoch: 600, Loss: 0.0885, Train: 74.10%, Valid: 74.36%, Test: 74.63%, Best Valid: 77.31%, Best Test: 77.54%
Epoch: 700, Loss: 0.0271, Train: 76.04%, Valid: 76.44%, Test: 76.95%, Best Valid: 79.27%, Best Test: 80.77%
Epoch: 800, Loss: 0.0310, Train: 78.78%, Valid: 78.04%, Test: 79.79%, Best Valid: 79.27%, Best Test: 80.77%
Epoch: 900, Loss: 0.0499, Train: 77.47%, Valid: 77.38%, Test: 78.37%, Best Valid: 79.27%, Best Test: 80.77%
Epoch: 1000, Loss: 0.0239, Train: 77.91%, Valid: 77.38%, Test: 78.84%, Best Valid: 79.27%, Best Test: 80.77%
Epoch: 1100, Loss: 0.0626, Train: 73.18%, Valid: 73.27%, Test: 74.19%, Best Valid: 80.22%, Best Test: 82.52%
Run 05:
Highest Train: 81.15
Highest Valid: 80.22
Highest Test: 82.55
Chosen epoch: 1061
Final Train: 81.11
Final Test: 82.52
Label budget: 20/class -> 200 train nodes
Pre-training MLP for 500 epochs to generate co-occurrence matrix...
MLP pre-training complete. Penalty matrix frozen.
Epoch: 00, Loss: 2.5581, Train: 10.62%, Valid: 9.56%, Test: 10.03%, Best Valid: 9.56%, Best Test: 10.03%
Epoch: 100, Loss: 2.3520, Train: 3.36%, Valid: 4.00%, Test: 3.64%, Best Valid: 37.93%, Best Test: 39.91%
Switching Polynormer to global attention phase.
Epoch: 200, Loss: 2.3256, Train: 37.61%, Valid: 36.18%, Test: 38.53%, Best Valid: 57.75%, Best Test: 57.22%
Epoch: 300, Loss: 0.3790, Train: 73.15%, Valid: 73.20%, Test: 72.34%, Best Valid: 74.44%, Best Test: 74.26%
Epoch: 400, Loss: 0.1605, Train: 71.69%, Valid: 72.55%, Test: 71.72%, Best Valid: 78.65%, Best Test: 78.41%
Epoch: 500, Loss: 0.0882, Train: 78.08%, Valid: 77.82%, Test: 78.12%, Best Valid: 78.65%, Best Test: 78.41%
Epoch: 600, Loss: 0.0439, Train: 79.88%, Valid: 79.93%, Test: 80.26%, Best Valid: 79.93%, Best Test: 80.26%
Epoch: 700, Loss: 0.0250, Train: 78.90%, Valid: 78.40%, Test: 78.99%, Best Valid: 79.93%, Best Test: 80.26%
Epoch: 800, Loss: 0.2761, Train: 75.82%, Valid: 75.67%, Test: 74.70%, Best Valid: 79.93%, Best Test: 80.26%
Epoch: 900, Loss: 0.0232, Train: 77.25%, Valid: 76.25%, Test: 77.24%, Best Valid: 79.93%, Best Test: 80.26%
Epoch: 1000, Loss: 0.0081, Train: 77.76%, Valid: 77.75%, Test: 78.30%, Best Valid: 81.60%, Best Test: 81.90%
Epoch: 1100, Loss: 0.0235, Train: 76.11%, Valid: 75.64%, Test: 76.05%, Best Valid: 81.60%, Best Test: 81.90%
Run 06:
Highest Train: 81.94
Highest Valid: 81.60
Highest Test: 82.01
Chosen epoch: 956
Final Train: 81.53
Final Test: 81.90
Label budget: 20/class -> 200 train nodes
Pre-training MLP for 500 epochs to generate co-occurrence matrix...
MLP pre-training complete. Penalty matrix frozen.
Epoch: 00, Loss: 2.5711, Train: 8.28%, Valid: 7.71%, Test: 7.74%, Best Valid: 7.71%, Best Test: 7.74%
Epoch: 100, Loss: 2.3937, Train: 15.79%, Valid: 16.33%, Test: 14.69%, Best Valid: 35.89%, Best Test: 38.31%
Switching Polynormer to global attention phase.
Epoch: 200, Loss: 2.3256, Train: 6.04%, Valid: 6.25%, Test: 5.38%, Best Valid: 51.60%, Best Test: 51.87%
Epoch: 300, Loss: 0.4063, Train: 64.42%, Valid: 64.33%, Test: 65.07%, Best Valid: 80.36%, Best Test: 81.53%
Epoch: 400, Loss: 0.1723, Train: 79.53%, Valid: 79.93%, Test: 80.04%, Best Valid: 81.67%, Best Test: 81.93%
Epoch: 500, Loss: 0.0492, Train: 81.38%, Valid: 81.42%, Test: 81.57%, Best Valid: 81.67%, Best Test: 81.93%
Epoch: 600, Loss: 0.0356, Train: 76.04%, Valid: 75.56%, Test: 76.15%, Best Valid: 81.67%, Best Test: 81.93%
Epoch: 700, Loss: 0.0056, Train: 80.31%, Valid: 79.49%, Test: 80.37%, Best Valid: 82.07%, Best Test: 83.02%
Epoch: 800, Loss: 0.0784, Train: 79.83%, Valid: 79.09%, Test: 80.81%, Best Valid: 82.07%, Best Test: 83.02%
Epoch: 900, Loss: 0.0063, Train: 79.77%, Valid: 79.27%, Test: 79.35%, Best Valid: 82.22%, Best Test: 83.50%
Epoch: 1000, Loss: 0.0134, Train: 78.90%, Valid: 78.62%, Test: 79.57%, Best Valid: 82.22%, Best Test: 83.50%
Epoch: 1100, Loss: 0.0478, Train: 76.15%, Valid: 75.02%, Test: 75.10%, Best Valid: 82.22%, Best Test: 83.50%
Run 07:
Highest Train: 82.33
Highest Valid: 82.22
Highest Test: 83.50
Chosen epoch: 857
Final Train: 82.14
Final Test: 83.50
Label budget: 20/class -> 200 train nodes
Pre-training MLP for 500 epochs to generate co-occurrence matrix...
MLP pre-training complete. Penalty matrix frozen.
Epoch: 00, Loss: 2.5740, Train: 15.79%, Valid: 16.33%, Test: 14.72%, Best Valid: 16.33%, Best Test: 14.72%
Epoch: 100, Loss: 2.3021, Train: 3.36%, Valid: 4.00%, Test: 3.64%, Best Valid: 36.18%, Best Test: 38.53%
Switching Polynormer to global attention phase.
Epoch: 200, Loss: 2.3256, Train: 37.61%, Valid: 36.18%, Test: 38.53%, Best Valid: 61.20%, Best Test: 63.25%
Epoch: 300, Loss: 0.2697, Train: 70.54%, Valid: 70.51%, Test: 71.90%, Best Valid: 77.75%, Best Test: 79.13%
Epoch: 400, Loss: 0.1402, Train: 77.54%, Valid: 76.98%, Test: 79.13%, Best Valid: 81.82%, Best Test: 84.15%
Epoch: 500, Loss: 0.0803, Train: 81.41%, Valid: 80.84%, Test: 83.35%, Best Valid: 83.27%, Best Test: 84.15%
Epoch: 600, Loss: 0.0716, Train: 82.67%, Valid: 81.38%, Test: 84.08%, Best Valid: 83.27%, Best Test: 84.15%
Epoch: 700, Loss: 0.0370, Train: 80.91%, Valid: 80.04%, Test: 83.17%, Best Valid: 83.27%, Best Test: 84.15%
Epoch: 800, Loss: 0.0249, Train: 82.27%, Valid: 81.13%, Test: 84.15%, Best Valid: 83.45%, Best Test: 86.11%
Epoch: 900, Loss: 0.0926, Train: 83.64%, Valid: 82.58%, Test: 85.17%, Best Valid: 83.93%, Best Test: 85.53%
Epoch: 1000, Loss: 0.0213, Train: 82.04%, Valid: 80.80%, Test: 83.57%, Best Valid: 83.93%, Best Test: 85.53%
Epoch: 1100, Loss: 0.0265, Train: 82.28%, Valid: 80.98%, Test: 83.57%, Best Valid: 83.93%, Best Test: 85.53%
Run 08:
Highest Train: 84.79
Highest Valid: 83.93
Highest Test: 86.55
Chosen epoch: 878
Final Train: 84.06
Final Test: 85.53
Label budget: 20/class -> 200 train nodes
Pre-training MLP for 500 epochs to generate co-occurrence matrix...
MLP pre-training complete. Penalty matrix frozen.
Epoch: 00, Loss: 2.6301, Train: 3.87%, Valid: 3.78%, Test: 4.43%, Best Valid: 3.78%, Best Test: 4.43%
Epoch: 100, Loss: 2.3397, Train: 37.98%, Valid: 36.55%, Test: 38.68%, Best Valid: 36.76%, Best Test: 38.75%
Switching Polynormer to global attention phase.
Epoch: 200, Loss: 2.3256, Train: 6.04%, Valid: 6.25%, Test: 5.38%, Best Valid: 73.13%, Best Test: 73.72%
Epoch: 300, Loss: 0.2426, Train: 70.16%, Valid: 70.29%, Test: 70.96%, Best Valid: 78.04%, Best Test: 78.88%
Epoch: 400, Loss: 0.1680, Train: 74.74%, Valid: 74.62%, Test: 74.66%, Best Valid: 81.05%, Best Test: 81.72%
Epoch: 500, Loss: 0.0674, Train: 79.78%, Valid: 80.25%, Test: 80.41%, Best Valid: 81.24%, Best Test: 81.82%
Epoch: 600, Loss: 0.0754, Train: 80.04%, Valid: 80.04%, Test: 80.26%, Best Valid: 81.35%, Best Test: 80.84%
Epoch: 700, Loss: 0.1024, Train: 80.58%, Valid: 80.15%, Test: 81.72%, Best Valid: 81.35%, Best Test: 80.84%
Epoch: 800, Loss: 0.0448, Train: 80.58%, Valid: 80.51%, Test: 80.95%, Best Valid: 82.33%, Best Test: 82.37%
Epoch: 900, Loss: 0.0133, Train: 77.85%, Valid: 77.85%, Test: 78.74%, Best Valid: 82.33%, Best Test: 82.37%
Epoch: 1000, Loss: 0.0105, Train: 78.49%, Valid: 78.07%, Test: 80.19%, Best Valid: 82.33%, Best Test: 82.37%
Epoch: 1100, Loss: 0.0057, Train: 79.68%, Valid: 80.04%, Test: 80.52%, Best Valid: 82.33%, Best Test: 82.37%
Run 09:
Highest Train: 82.56
Highest Valid: 82.33
Highest Test: 82.92
Chosen epoch: 715
Final Train: 82.40
Final Test: 82.37
Label budget: 20/class -> 200 train nodes
Pre-training MLP for 500 epochs to generate co-occurrence matrix...
MLP pre-training complete. Penalty matrix frozen.
Epoch: 00, Loss: 2.7173, Train: 15.50%, Valid: 16.00%, Test: 15.38%, Best Valid: 16.00%, Best Test: 15.38%
Epoch: 100, Loss: 2.3393, Train: 2.18%, Valid: 2.29%, Test: 2.36%, Best Valid: 26.73%, Best Test: 26.90%
Switching Polynormer to global attention phase.
Epoch: 200, Loss: 2.3256, Train: 37.61%, Valid: 36.18%, Test: 38.53%, Best Valid: 62.76%, Best Test: 63.54%
Epoch: 300, Loss: 0.2673, Train: 71.81%, Valid: 72.00%, Test: 73.54%, Best Valid: 74.51%, Best Test: 76.15%
Epoch: 400, Loss: 0.1404, Train: 78.46%, Valid: 79.27%, Test: 80.63%, Best Valid: 79.35%, Best Test: 80.95%
Epoch: 500, Loss: 0.0149, Train: 77.36%, Valid: 77.78%, Test: 79.86%, Best Valid: 81.35%, Best Test: 82.22%
Epoch: 600, Loss: 0.1425, Train: 76.31%, Valid: 76.51%, Test: 78.55%, Best Valid: 81.35%, Best Test: 82.22%
Epoch: 700, Loss: 0.0125, Train: 78.27%, Valid: 78.65%, Test: 79.90%, Best Valid: 81.35%, Best Test: 82.22%
Epoch: 800, Loss: 0.0213, Train: 77.95%, Valid: 78.95%, Test: 79.79%, Best Valid: 81.35%, Best Test: 82.22%
Epoch: 900, Loss: 0.0213, Train: 79.07%, Valid: 79.49%, Test: 81.32%, Best Valid: 81.35%, Best Test: 82.22%
Epoch: 1000, Loss: 0.0031, Train: 75.11%, Valid: 75.42%, Test: 77.28%, Best Valid: 81.35%, Best Test: 82.22%
Epoch: 1100, Loss: 0.0243, Train: 76.75%, Valid: 77.27%, Test: 79.21%, Best Valid: 81.35%, Best Test: 82.22%
Run 10:
Highest Train: 80.33
Highest Valid: 81.35
Highest Test: 82.88
Chosen epoch: 404
Final Train: 80.33
Final Test: 82.22
All runs:
Highest Train: 82.01 ± 1.77
Highest Test: 83.22 ± 2.03
Highest Valid: 82.03 ± 1.70
  Final Train: 81.72 ± 1.70
   Final Test: 82.74 ± 1.77
Saving results to ../results/lowlabel/amazon-computer/polynormer.csv
--- mlp_reg | lambda=0.05 ---
Namespace(aggregate='add', alpha=0.5, attention='gcn', beta=-1.0, bn=False, budget_tag='20', count_reg=False, count_smoothing=1.0, cpu=False, data_dir='../data/', dataset='amazon-computer', device=0, dim_inner=64, display_step=100, dropout=0.7, epochs=500, global_dropout=None, global_epochs=1000, global_layers=1, gnn='gcn', graph_weight=0.8, hidden_channels=64, hops=10, in_dropout=0.2, jk=False, label_num_per_class=20, lambda_val=0.05, layers=1, ln=False, local_epochs=200, local_gnn_type='GCN', local_layers=5, lr=0.001, metric='acc', mlp_epochs=500, mlp_reg=True, model='polynormer', model_dir='models/lowlabel_1161133_192', n_heads=8, num_centroids=4096, num_heads=8, oracle_reg=False, paired_seeds=True, pe_types='RWSE', penalty_transform='none', pre_linear=False, pre_ln=False, rand_split=False, rand_split_class=False, reg_start_epoch=10, reg_update_freq=5, res=False, resample_split_per_run=False, result_dir='../results/lowlabel', runs=10, save_model=True, save_result=False, seed=42, test_num=1000, tr_dropout=None, tr_layers=1, tr_weight_decay=None, train_per_class=20, train_prop=0.5, use_act=False, use_bn=False, use_graph=False, use_reg=True, use_residual=False, use_weight=False, valid_num=500, valid_per_class=0, valid_prop=0.25, weight_decay=5e-05)
amazon-computer
dataset amazon-computer | num nodes 13752 | num edge 491722 | num node feats 767 | num classes 10
MODEL: Polynormer(
  (h_lins): ModuleList(
    (0): Linear(in_features=512, out_features=512, bias=True)
    (1): Linear(in_features=512, out_features=512, bias=True)
    (2): Linear(in_features=512, out_features=512, bias=True)
    (3): Linear(in_features=512, out_features=512, bias=True)
    (4): Linear(in_features=512, out_features=512, bias=True)
  )
  (local_convs): ModuleList(
    (0): GATConv(512, 64, heads=8)
    (1): GATConv(512, 64, heads=8)
    (2): GATConv(512, 64, heads=8)
    (3): GATConv(512, 64, heads=8)
    (4): GATConv(512, 64, heads=8)
  )
  (lins): ModuleList(
    (0): Linear(in_features=512, out_features=512, bias=True)
    (1): Linear(in_features=512, out_features=512, bias=True)
    (2): Linear(in_features=512, out_features=512, bias=True)
    (3): Linear(in_features=512, out_features=512, bias=True)
    (4): Linear(in_features=512, out_features=512, bias=True)
  )
  (lns): ModuleList(
    (0): LayerNorm((512,), eps=1e-05, elementwise_affine=True)
    (1): LayerNorm((512,), eps=1e-05, elementwise_affine=True)
    (2): LayerNorm((512,), eps=1e-05, elementwise_affine=True)
    (3): LayerNorm((512,), eps=1e-05, elementwise_affine=True)
    (4): LayerNorm((512,), eps=1e-05, elementwise_affine=True)
  )
  (lin_in): Linear(in_features=767, out_features=512, bias=True)
  (ln): LayerNorm((512,), eps=1e-05, elementwise_affine=True)
  (global_attn): GlobalAttn(
    (h_lins): ModuleList(
      (0): Linear(in_features=512, out_features=512, bias=True)
    )
    (k_lins): ModuleList(
      (0): Linear(in_features=512, out_features=512, bias=True)
    )
    (v_lins): ModuleList(
      (0): Linear(in_features=512, out_features=512, bias=True)
    )
    (lns): ModuleList(
      (0): LayerNorm((512,), eps=1e-05, elementwise_affine=True)
    )
    (lin_out): Linear(in_features=512, out_features=512, bias=True)
  )
  (pred_local): Linear(in_features=512, out_features=10, bias=True)
  (pred_global): Linear(in_features=512, out_features=10, bias=True)
)
Label budget: 20/class -> 200 train nodes
Pre-training MLP for 500 epochs to generate co-occurrence matrix...
MLP pre-training complete. Penalty matrix frozen.
Epoch: 00, Loss: 2.6749, Train: 3.84%, Valid: 3.75%, Test: 4.43%, Best Valid: 3.75%, Best Test: 4.43%
Epoch: 100, Loss: 2.4966, Train: 5.01%, Valid: 5.16%, Test: 5.16%, Best Valid: 37.67%, Best Test: 40.06%
Switching Polynormer to global attention phase.
Epoch: 200, Loss: 2.5398, Train: 42.41%, Valid: 41.56%, Test: 43.87%, Best Valid: 62.98%, Best Test: 64.01%
Epoch: 300, Loss: 0.4448, Train: 69.37%, Valid: 70.36%, Test: 69.76%, Best Valid: 75.42%, Best Test: 76.12%
Epoch: 400, Loss: 0.1714, Train: 72.10%, Valid: 71.78%, Test: 74.01%, Best Valid: 79.05%, Best Test: 81.03%
Epoch: 500, Loss: 0.0761, Train: 78.98%, Valid: 79.42%, Test: 80.44%, Best Valid: 79.82%, Best Test: 80.95%
Epoch: 600, Loss: 0.0269, Train: 79.15%, Valid: 79.16%, Test: 81.50%, Best Valid: 82.07%, Best Test: 83.02%
Epoch: 700, Loss: 0.0421, Train: 79.71%, Valid: 80.33%, Test: 81.03%, Best Valid: 82.07%, Best Test: 83.02%
Epoch: 800, Loss: 0.1747, Train: 80.89%, Valid: 81.78%, Test: 82.66%, Best Valid: 82.47%, Best Test: 83.53%
Epoch: 900, Loss: 0.0026, Train: 79.01%, Valid: 79.24%, Test: 80.95%, Best Valid: 83.02%, Best Test: 83.79%
Epoch: 1000, Loss: 0.0084, Train: 81.20%, Valid: 82.15%, Test: 82.88%, Best Valid: 83.13%, Best Test: 84.01%
Epoch: 1100, Loss: 0.0140, Train: 79.63%, Valid: 80.33%, Test: 81.21%, Best Valid: 83.13%, Best Test: 84.01%
Run 01:
Highest Train: 82.49
Highest Valid: 83.13
Highest Test: 84.55
Chosen epoch: 911
Final Train: 82.41
Final Test: 84.01
Label budget: 20/class -> 200 train nodes
Pre-training MLP for 500 epochs to generate co-occurrence matrix...
MLP pre-training complete. Penalty matrix frozen.
Epoch: 00, Loss: 2.6288, Train: 2.24%, Valid: 2.65%, Test: 2.40%, Best Valid: 2.65%, Best Test: 2.40%
Epoch: 100, Loss: 2.5024, Train: 10.62%, Valid: 9.53%, Test: 10.03%, Best Valid: 36.58%, Best Test: 39.15%
Switching Polynormer to global attention phase.
Epoch: 200, Loss: 2.4177, Train: 3.36%, Valid: 4.00%, Test: 3.64%, Best Valid: 80.07%, Best Test: 80.55%
Epoch: 300, Loss: 0.2414, Train: 77.42%, Valid: 78.15%, Test: 78.44%, Best Valid: 81.35%, Best Test: 81.64%
Epoch: 400, Loss: 0.0912, Train: 81.23%, Valid: 81.67%, Test: 82.52%, Best Valid: 83.16%, Best Test: 84.37%
Epoch: 500, Loss: 0.0417, Train: 79.42%, Valid: 79.53%, Test: 80.81%, Best Valid: 83.16%, Best Test: 84.37%
Epoch: 600, Loss: 0.0049, Train: 81.03%, Valid: 81.35%, Test: 82.73%, Best Valid: 83.16%, Best Test: 84.37%
Epoch: 700, Loss: 0.0131, Train: 78.75%, Valid: 79.38%, Test: 79.90%, Best Valid: 83.16%, Best Test: 84.37%
Epoch: 800, Loss: 0.0654, Train: 80.34%, Valid: 80.58%, Test: 81.50%, Best Valid: 83.45%, Best Test: 84.33%
Epoch: 900, Loss: 0.0099, Train: 80.88%, Valid: 81.05%, Test: 82.08%, Best Valid: 83.45%, Best Test: 84.33%
Epoch: 1000, Loss: 0.0629, Train: 76.32%, Valid: 77.02%, Test: 77.32%, Best Valid: 83.53%, Best Test: 84.44%
Epoch: 1100, Loss: 0.0089, Train: 76.02%, Valid: 76.04%, Test: 76.95%, Best Valid: 84.11%, Best Test: 84.95%
Run 02:
Highest Train: 84.04
Highest Valid: 84.11
Highest Test: 84.95
Chosen epoch: 1011
Final Train: 84.04
Final Test: 84.95
Label budget: 20/class -> 200 train nodes
Pre-training MLP for 500 epochs to generate co-occurrence matrix...
MLP pre-training complete. Penalty matrix frozen.
Epoch: 00, Loss: 2.6131, Train: 10.62%, Valid: 9.53%, Test: 10.11%, Best Valid: 9.53%, Best Test: 10.11%
Epoch: 100, Loss: 2.5029, Train: 4.25%, Valid: 4.44%, Test: 4.58%, Best Valid: 38.22%, Best Test: 40.09%
Switching Polynormer to global attention phase.
Epoch: 200, Loss: 2.4177, Train: 3.36%, Valid: 4.00%, Test: 3.64%, Best Valid: 44.95%, Best Test: 44.09%
Epoch: 300, Loss: 0.5904, Train: 69.62%, Valid: 68.98%, Test: 70.81%, Best Valid: 75.96%, Best Test: 77.14%
Epoch: 400, Loss: 0.1850, Train: 78.79%, Valid: 79.67%, Test: 81.50%, Best Valid: 83.16%, Best Test: 84.41%
Epoch: 500, Loss: 0.1204, Train: 83.43%, Valid: 83.78%, Test: 84.91%, Best Valid: 84.33%, Best Test: 85.86%
Epoch: 600, Loss: 0.0234, Train: 81.19%, Valid: 81.78%, Test: 81.75%, Best Valid: 84.87%, Best Test: 86.04%
Epoch: 700, Loss: 0.0464, Train: 82.14%, Valid: 83.09%, Test: 83.64%, Best Valid: 85.31%, Best Test: 86.51%
Epoch: 800, Loss: 0.0485, Train: 82.83%, Valid: 83.78%, Test: 84.30%, Best Valid: 85.31%, Best Test: 86.51%
Epoch: 900, Loss: 0.0186, Train: 82.06%, Valid: 82.58%, Test: 84.04%, Best Valid: 85.31%, Best Test: 86.51%
Epoch: 1000, Loss: 0.0248, Train: 80.92%, Valid: 82.80%, Test: 82.04%, Best Valid: 85.31%, Best Test: 86.51%
Epoch: 1100, Loss: 1.2336, Train: 66.43%, Valid: 66.98%, Test: 68.16%, Best Valid: 85.60%, Best Test: 86.55%
Run 03:
Highest Train: 84.81
Highest Valid: 85.60
Highest Test: 86.66
Chosen epoch: 1006
Final Train: 84.64
Final Test: 86.55
Label budget: 20/class -> 200 train nodes
Pre-training MLP for 500 epochs to generate co-occurrence matrix...
MLP pre-training complete. Penalty matrix frozen.
Epoch: 00, Loss: 2.7764, Train: 3.84%, Valid: 3.75%, Test: 4.43%, Best Valid: 3.75%, Best Test: 4.43%
Epoch: 100, Loss: 2.4124, Train: 2.18%, Valid: 2.29%, Test: 2.36%, Best Valid: 38.91%, Best Test: 41.19%
Switching Polynormer to global attention phase.
Epoch: 200, Loss: 2.4177, Train: 37.61%, Valid: 36.18%, Test: 38.53%, Best Valid: 60.98%, Best Test: 62.60%
Epoch: 300, Loss: 0.2519, Train: 73.89%, Valid: 74.15%, Test: 74.92%, Best Valid: 75.64%, Best Test: 76.70%
Epoch: 400, Loss: 0.1089, Train: 74.77%, Valid: 74.40%, Test: 75.39%, Best Valid: 77.45%, Best Test: 77.46%
Epoch: 500, Loss: 0.0349, Train: 75.42%, Valid: 75.53%, Test: 75.79%, Best Valid: 77.45%, Best Test: 77.46%
Epoch: 600, Loss: 0.1171, Train: 75.49%, Valid: 75.64%, Test: 75.94%, Best Valid: 78.22%, Best Test: 78.37%
Epoch: 700, Loss: 0.0167, Train: 76.67%, Valid: 76.95%, Test: 76.55%, Best Valid: 78.22%, Best Test: 78.37%
Epoch: 800, Loss: 0.0147, Train: 75.97%, Valid: 76.18%, Test: 75.97%, Best Valid: 78.25%, Best Test: 78.84%
Epoch: 900, Loss: 0.0039, Train: 76.68%, Valid: 76.76%, Test: 76.48%, Best Valid: 78.25%, Best Test: 78.84%
Epoch: 1000, Loss: 0.0059, Train: 76.33%, Valid: 76.47%, Test: 76.41%, Best Valid: 78.69%, Best Test: 78.37%
Epoch: 1100, Loss: 0.4139, Train: 71.63%, Valid: 72.15%, Test: 72.45%, Best Valid: 78.69%, Best Test: 78.37%
Run 04:
Highest Train: 78.15
Highest Valid: 78.69
Highest Test: 79.13
Chosen epoch: 914
Final Train: 78.06
Final Test: 78.37
Label budget: 20/class -> 200 train nodes
Pre-training MLP for 500 epochs to generate co-occurrence matrix...
MLP pre-training complete. Penalty matrix frozen.
Epoch: 00, Loss: 2.6843, Train: 3.49%, Valid: 4.29%, Test: 3.71%, Best Valid: 4.29%, Best Test: 3.71%
Epoch: 100, Loss: 2.4636, Train: 10.85%, Valid: 9.82%, Test: 10.21%, Best Valid: 36.22%, Best Test: 38.57%
Switching Polynormer to global attention phase.
Epoch: 200, Loss: 2.4177, Train: 15.79%, Valid: 16.33%, Test: 14.69%, Best Valid: 43.02%, Best Test: 43.69%
Epoch: 300, Loss: 0.7013, Train: 48.48%, Valid: 49.60%, Test: 47.84%, Best Valid: 62.84%, Best Test: 62.63%
Epoch: 400, Loss: 0.2179, Train: 70.00%, Valid: 68.76%, Test: 68.88%, Best Valid: 71.20%, Best Test: 71.03%
Epoch: 500, Loss: 0.1037, Train: 74.23%, Valid: 73.82%, Test: 73.03%, Best Valid: 74.44%, Best Test: 74.52%
Epoch: 600, Loss: 0.0807, Train: 73.43%, Valid: 73.13%, Test: 73.57%, Best Valid: 74.47%, Best Test: 73.97%
Epoch: 700, Loss: 0.1059, Train: 73.59%, Valid: 73.49%, Test: 74.05%, Best Valid: 75.96%, Best Test: 76.34%
Epoch: 800, Loss: 0.0175, Train: 74.18%, Valid: 73.31%, Test: 74.66%, Best Valid: 75.96%, Best Test: 76.34%
Epoch: 900, Loss: 0.0206, Train: 74.80%, Valid: 74.44%, Test: 75.61%, Best Valid: 75.96%, Best Test: 76.34%
Epoch: 1000, Loss: 0.0046, Train: 72.43%, Valid: 72.76%, Test: 72.85%, Best Valid: 77.89%, Best Test: 78.84%
Epoch: 1100, Loss: 0.0202, Train: 74.85%, Valid: 74.11%, Test: 76.01%, Best Valid: 77.89%, Best Test: 78.84%
Run 05:
Highest Train: 78.37
Highest Valid: 77.89
Highest Test: 78.84
Chosen epoch: 965
Final Train: 78.37
Final Test: 78.84
Label budget: 20/class -> 200 train nodes
Pre-training MLP for 500 epochs to generate co-occurrence matrix...
MLP pre-training complete. Penalty matrix frozen.
Epoch: 00, Loss: 2.6594, Train: 10.62%, Valid: 9.56%, Test: 10.03%, Best Valid: 9.56%, Best Test: 10.03%
Epoch: 100, Loss: 2.4425, Train: 3.36%, Valid: 4.00%, Test: 3.64%, Best Valid: 19.56%, Best Test: 18.61%
Switching Polynormer to global attention phase.
Epoch: 200, Loss: 2.4177, Train: 37.61%, Valid: 36.18%, Test: 38.53%, Best Valid: 42.95%, Best Test: 42.17%
Epoch: 300, Loss: 0.4600, Train: 55.90%, Valid: 56.29%, Test: 57.25%, Best Valid: 66.87%, Best Test: 67.32%
Epoch: 400, Loss: 0.2516, Train: 69.58%, Valid: 69.93%, Test: 70.67%, Best Valid: 74.11%, Best Test: 74.74%
Epoch: 500, Loss: 0.1026, Train: 73.99%, Valid: 73.16%, Test: 73.97%, Best Valid: 76.87%, Best Test: 77.61%
Epoch: 600, Loss: 0.0816, Train: 74.77%, Valid: 73.56%, Test: 75.65%, Best Valid: 78.58%, Best Test: 79.17%
Epoch: 700, Loss: 0.0631, Train: 69.19%, Valid: 70.22%, Test: 69.32%, Best Valid: 79.27%, Best Test: 80.19%
Epoch: 800, Loss: 0.0413, Train: 77.01%, Valid: 76.11%, Test: 77.61%, Best Valid: 79.27%, Best Test: 80.19%
Epoch: 900, Loss: 0.0110, Train: 73.42%, Valid: 73.05%, Test: 73.65%, Best Valid: 79.27%, Best Test: 80.19%
Epoch: 1000, Loss: 0.0029, Train: 71.48%, Valid: 70.91%, Test: 71.86%, Best Valid: 80.07%, Best Test: 80.77%
Epoch: 1100, Loss: 0.0359, Train: 78.85%, Valid: 78.15%, Test: 79.43%, Best Valid: 80.07%, Best Test: 80.77%
Run 06:
Highest Train: 81.06
Highest Valid: 80.22
Highest Test: 82.01
Chosen epoch: 1188
Final Train: 80.89
Final Test: 82.01
Label budget: 20/class -> 200 train nodes
Pre-training MLP for 500 epochs to generate co-occurrence matrix...
MLP pre-training complete. Penalty matrix frozen.
Epoch: 00, Loss: 2.6729, Train: 8.87%, Valid: 8.22%, Test: 8.22%, Best Valid: 8.22%, Best Test: 8.22%
Epoch: 100, Loss: 2.4631, Train: 4.54%, Valid: 4.58%, Test: 4.80%, Best Valid: 44.62%, Best Test: 46.06%
Switching Polynormer to global attention phase.
Epoch: 200, Loss: 2.4177, Train: 6.04%, Valid: 6.25%, Test: 5.38%, Best Valid: 73.02%, Best Test: 73.17%
Epoch: 300, Loss: 0.2682, Train: 76.73%, Valid: 76.62%, Test: 78.63%, Best Valid: 79.67%, Best Test: 81.21%
Epoch: 400, Loss: 0.1105, Train: 81.34%, Valid: 80.62%, Test: 82.12%, Best Valid: 81.20%, Best Test: 82.01%
Epoch: 500, Loss: 0.0552, Train: 78.80%, Valid: 78.22%, Test: 79.39%, Best Valid: 82.25%, Best Test: 82.77%
Epoch: 600, Loss: 0.0346, Train: 78.89%, Valid: 78.87%, Test: 79.50%, Best Valid: 82.25%, Best Test: 82.77%
Epoch: 700, Loss: 0.0413, Train: 81.52%, Valid: 81.05%, Test: 81.79%, Best Valid: 82.25%, Best Test: 82.77%
Epoch: 800, Loss: 0.0357, Train: 79.32%, Valid: 78.87%, Test: 79.57%, Best Valid: 82.25%, Best Test: 82.77%
Epoch: 900, Loss: 0.0121, Train: 80.18%, Valid: 80.25%, Test: 80.52%, Best Valid: 82.25%, Best Test: 82.77%
Epoch: 1000, Loss: 0.0072, Train: 80.28%, Valid: 79.78%, Test: 80.59%, Best Valid: 82.25%, Best Test: 82.77%
Epoch: 1100, Loss: 0.0541, Train: 77.97%, Valid: 77.96%, Test: 79.17%, Best Valid: 82.25%, Best Test: 82.77%
Run 07:
Highest Train: 82.58
Highest Valid: 82.25
Highest Test: 83.32
Chosen epoch: 444
Final Train: 81.72
Final Test: 82.77
Label budget: 20/class -> 200 train nodes
Pre-training MLP for 500 epochs to generate co-occurrence matrix...
MLP pre-training complete. Penalty matrix frozen.
Epoch: 00, Loss: 2.6759, Train: 15.82%, Valid: 16.33%, Test: 14.72%, Best Valid: 16.33%, Best Test: 14.72%
Epoch: 100, Loss: 2.3947, Train: 3.36%, Valid: 4.00%, Test: 3.64%, Best Valid: 37.13%, Best Test: 39.91%
Switching Polynormer to global attention phase.
Epoch: 200, Loss: 2.4177, Train: 3.36%, Valid: 4.00%, Test: 3.64%, Best Valid: 55.89%, Best Test: 56.74%
Epoch: 300, Loss: 0.3777, Train: 73.88%, Valid: 73.05%, Test: 75.54%, Best Valid: 79.05%, Best Test: 78.92%
Epoch: 400, Loss: 0.1304, Train: 82.09%, Valid: 81.64%, Test: 83.50%, Best Valid: 82.65%, Best Test: 84.70%
Epoch: 500, Loss: 0.1109, Train: 81.88%, Valid: 81.45%, Test: 83.64%, Best Valid: 83.49%, Best Test: 85.86%
Epoch: 600, Loss: 0.0626, Train: 82.26%, Valid: 81.31%, Test: 83.68%, Best Valid: 83.67%, Best Test: 85.50%
Epoch: 700, Loss: 0.0386, Train: 81.63%, Valid: 80.58%, Test: 83.72%, Best Valid: 83.67%, Best Test: 85.50%
Epoch: 800, Loss: 0.0157, Train: 83.61%, Valid: 83.24%, Test: 84.22%, Best Valid: 83.82%, Best Test: 85.82%
Epoch: 900, Loss: 0.0091, Train: 84.16%, Valid: 83.13%, Test: 85.50%, Best Valid: 83.82%, Best Test: 85.82%
Epoch: 1000, Loss: 0.0154, Train: 82.09%, Valid: 80.69%, Test: 83.53%, Best Valid: 83.82%, Best Test: 85.82%
Epoch: 1100, Loss: 0.0865, Train: 75.00%, Valid: 73.85%, Test: 75.21%, Best Valid: 83.82%, Best Test: 85.82%
Run 08:
Highest Train: 84.78
Highest Valid: 83.82
Highest Test: 86.19
Chosen epoch: 798
Final Train: 84.78
Final Test: 85.82
Label budget: 20/class -> 200 train nodes
Pre-training MLP for 500 epochs to generate co-occurrence matrix...
MLP pre-training complete. Penalty matrix frozen.
Epoch: 00, Loss: 2.7343, Train: 3.87%, Valid: 3.78%, Test: 4.43%, Best Valid: 3.78%, Best Test: 4.43%
Epoch: 100, Loss: 2.4526, Train: 2.22%, Valid: 2.33%, Test: 2.40%, Best Valid: 36.18%, Best Test: 38.53%
Switching Polynormer to global attention phase.
Epoch: 200, Loss: 2.4177, Train: 6.04%, Valid: 6.25%, Test: 5.38%, Best Valid: 67.02%, Best Test: 66.63%
Epoch: 300, Loss: 0.4778, Train: 73.99%, Valid: 74.33%, Test: 75.14%, Best Valid: 74.33%, Best Test: 75.14%
Epoch: 400, Loss: 0.2047, Train: 78.60%, Valid: 78.29%, Test: 79.46%, Best Valid: 79.82%, Best Test: 80.37%
Epoch: 500, Loss: 0.1049, Train: 78.51%, Valid: 78.44%, Test: 80.08%, Best Valid: 81.60%, Best Test: 81.64%
Epoch: 600, Loss: 0.0374, Train: 78.14%, Valid: 78.47%, Test: 78.74%, Best Valid: 81.60%, Best Test: 81.64%
Epoch: 700, Loss: 0.0424, Train: 79.03%, Valid: 79.13%, Test: 80.52%, Best Valid: 81.60%, Best Test: 81.64%
Epoch: 800, Loss: 0.0432, Train: 79.18%, Valid: 78.62%, Test: 79.83%, Best Valid: 81.60%, Best Test: 81.64%
Epoch: 900, Loss: 0.0243, Train: 77.14%, Valid: 77.16%, Test: 78.48%, Best Valid: 81.78%, Best Test: 81.90%
Epoch: 1000, Loss: 0.0055, Train: 78.89%, Valid: 79.13%, Test: 80.08%, Best Valid: 81.89%, Best Test: 82.48%
Epoch: 1100, Loss: 0.0056, Train: 80.51%, Valid: 80.69%, Test: 81.06%, Best Valid: 82.18%, Best Test: 82.12%
Run 09:
Highest Train: 82.34
Highest Valid: 82.18
Highest Test: 83.21
Chosen epoch: 1074
Final Train: 81.69
Final Test: 82.12
Label budget: 20/class -> 200 train nodes
Pre-training MLP for 500 epochs to generate co-occurrence matrix...
MLP pre-training complete. Penalty matrix frozen.
Epoch: 00, Loss: 2.8250, Train: 15.50%, Valid: 16.00%, Test: 15.38%, Best Valid: 16.00%, Best Test: 15.38%
Epoch: 100, Loss: 2.4277, Train: 10.87%, Valid: 9.67%, Test: 10.07%, Best Valid: 16.00%, Best Test: 15.38%
Switching Polynormer to global attention phase.
Epoch: 200, Loss: 2.4177, Train: 3.84%, Valid: 3.75%, Test: 4.43%, Best Valid: 59.35%, Best Test: 60.16%
Epoch: 300, Loss: 0.4533, Train: 59.33%, Valid: 59.67%, Test: 60.60%, Best Valid: 66.91%, Best Test: 69.43%
Epoch: 400, Loss: 0.2128, Train: 72.03%, Valid: 72.33%, Test: 73.32%, Best Valid: 79.89%, Best Test: 81.17%
Epoch: 500, Loss: 0.0743, Train: 73.23%, Valid: 74.04%, Test: 74.48%, Best Valid: 79.89%, Best Test: 81.17%
Epoch: 600, Loss: 0.0461, Train: 74.35%, Valid: 74.47%, Test: 74.59%, Best Valid: 79.89%, Best Test: 81.17%
Epoch: 700, Loss: 0.0742, Train: 76.43%, Valid: 76.18%, Test: 78.08%, Best Valid: 79.89%, Best Test: 81.17%
Epoch: 800, Loss: 0.0329, Train: 77.12%, Valid: 77.27%, Test: 78.66%, Best Valid: 79.89%, Best Test: 81.17%
Epoch: 900, Loss: 0.0179, Train: 77.14%, Valid: 77.42%, Test: 78.08%, Best Valid: 79.89%, Best Test: 81.17%
Epoch: 1000, Loss: 0.0022, Train: 73.51%, Valid: 74.25%, Test: 74.66%, Best Valid: 79.89%, Best Test: 81.17%
Epoch: 1100, Loss: 0.0464, Train: 78.11%, Valid: 77.82%, Test: 79.57%, Best Valid: 79.89%, Best Test: 81.17%
Run 10:
Highest Train: 80.86
Highest Valid: 80.40
Highest Test: 81.35
Chosen epoch: 1122
Final Train: 80.86
Final Test: 81.28
All runs:
Highest Train: 81.95 ± 2.37
Highest Test: 83.02 ± 2.70
Highest Valid: 81.83 ± 2.48
  Final Train: 81.75 ± 2.35
   Final Test: 82.67 ± 2.74
Saving results to ../results/lowlabel/amazon-computer/polynormer.csv
--- mlp_reg | lambda=0.1 ---
Namespace(aggregate='add', alpha=0.5, attention='gcn', beta=-1.0, bn=False, budget_tag='20', count_reg=False, count_smoothing=1.0, cpu=False, data_dir='../data/', dataset='amazon-computer', device=0, dim_inner=64, display_step=100, dropout=0.7, epochs=500, global_dropout=None, global_epochs=1000, global_layers=1, gnn='gcn', graph_weight=0.8, hidden_channels=64, hops=10, in_dropout=0.2, jk=False, label_num_per_class=20, lambda_val=0.1, layers=1, ln=False, local_epochs=200, local_gnn_type='GCN', local_layers=5, lr=0.001, metric='acc', mlp_epochs=500, mlp_reg=True, model='polynormer', model_dir='models/lowlabel_1161133_192', n_heads=8, num_centroids=4096, num_heads=8, oracle_reg=False, paired_seeds=True, pe_types='RWSE', penalty_transform='none', pre_linear=False, pre_ln=False, rand_split=False, rand_split_class=False, reg_start_epoch=10, reg_update_freq=5, res=False, resample_split_per_run=False, result_dir='../results/lowlabel', runs=10, save_model=True, save_result=False, seed=42, test_num=1000, tr_dropout=None, tr_layers=1, tr_weight_decay=None, train_per_class=20, train_prop=0.5, use_act=False, use_bn=False, use_graph=False, use_reg=True, use_residual=False, use_weight=False, valid_num=500, valid_per_class=0, valid_prop=0.25, weight_decay=5e-05)
amazon-computer
dataset amazon-computer | num nodes 13752 | num edge 491722 | num node feats 767 | num classes 10
MODEL: Polynormer(
  (h_lins): ModuleList(
    (0): Linear(in_features=512, out_features=512, bias=True)
    (1): Linear(in_features=512, out_features=512, bias=True)
    (2): Linear(in_features=512, out_features=512, bias=True)
    (3): Linear(in_features=512, out_features=512, bias=True)
    (4): Linear(in_features=512, out_features=512, bias=True)
  )
  (local_convs): ModuleList(
    (0): GATConv(512, 64, heads=8)
    (1): GATConv(512, 64, heads=8)
    (2): GATConv(512, 64, heads=8)
    (3): GATConv(512, 64, heads=8)
    (4): GATConv(512, 64, heads=8)
  )
  (lins): ModuleList(
    (0): Linear(in_features=512, out_features=512, bias=True)
    (1): Linear(in_features=512, out_features=512, bias=True)
    (2): Linear(in_features=512, out_features=512, bias=True)
    (3): Linear(in_features=512, out_features=512, bias=True)
    (4): Linear(in_features=512, out_features=512, bias=True)
  )
  (lns): ModuleList(
    (0): LayerNorm((512,), eps=1e-05, elementwise_affine=True)
    (1): LayerNorm((512,), eps=1e-05, elementwise_affine=True)
    (2): LayerNorm((512,), eps=1e-05, elementwise_affine=True)
    (3): LayerNorm((512,), eps=1e-05, elementwise_affine=True)
    (4): LayerNorm((512,), eps=1e-05, elementwise_affine=True)
  )
  (lin_in): Linear(in_features=767, out_features=512, bias=True)
  (ln): LayerNorm((512,), eps=1e-05, elementwise_affine=True)
  (global_attn): GlobalAttn(
    (h_lins): ModuleList(
      (0): Linear(in_features=512, out_features=512, bias=True)
    )
    (k_lins): ModuleList(
      (0): Linear(in_features=512, out_features=512, bias=True)
    )
    (v_lins): ModuleList(
      (0): Linear(in_features=512, out_features=512, bias=True)
    )
    (lns): ModuleList(
      (0): LayerNorm((512,), eps=1e-05, elementwise_affine=True)
    )
    (lin_out): Linear(in_features=512, out_features=512, bias=True)
  )
  (pred_local): Linear(in_features=512, out_features=10, bias=True)
  (pred_global): Linear(in_features=512, out_features=10, bias=True)
)
Label budget: 20/class -> 200 train nodes
Pre-training MLP for 500 epochs to generate co-occurrence matrix...
MLP pre-training complete. Penalty matrix frozen.
Epoch: 00, Loss: 2.8023, Train: 3.84%, Valid: 3.75%, Test: 4.43%, Best Valid: 3.75%, Best Test: 4.43%
Epoch: 100, Loss: 2.6043, Train: 3.36%, Valid: 4.00%, Test: 3.64%, Best Valid: 9.56%, Best Test: 10.03%
Switching Polynormer to global attention phase.
Epoch: 200, Loss: 2.5871, Train: 49.52%, Valid: 47.38%, Test: 49.95%, Best Valid: 58.80%, Best Test: 60.60%
Epoch: 300, Loss: 0.4312, Train: 72.86%, Valid: 73.05%, Test: 73.28%, Best Valid: 75.16%, Best Test: 75.57%
Epoch: 400, Loss: 0.1255, Train: 77.19%, Valid: 77.96%, Test: 79.35%, Best Valid: 78.29%, Best Test: 78.95%
Epoch: 500, Loss: 0.0403, Train: 76.60%, Valid: 77.38%, Test: 78.48%, Best Valid: 80.76%, Best Test: 82.59%
Epoch: 600, Loss: 0.1026, Train: 75.81%, Valid: 77.13%, Test: 77.24%, Best Valid: 82.25%, Best Test: 83.72%
Epoch: 700, Loss: 0.1074, Train: 75.12%, Valid: 75.53%, Test: 76.55%, Best Valid: 82.25%, Best Test: 83.72%
Epoch: 800, Loss: 0.0177, Train: 79.19%, Valid: 79.67%, Test: 80.33%, Best Valid: 82.25%, Best Test: 83.72%
Epoch: 900, Loss: 0.0202, Train: 76.63%, Valid: 77.78%, Test: 78.04%, Best Valid: 82.65%, Best Test: 84.37%
Epoch: 1000, Loss: 0.0293, Train: 72.62%, Valid: 72.73%, Test: 71.86%, Best Valid: 82.65%, Best Test: 84.37%
Epoch: 1100, Loss: 0.0171, Train: 74.77%, Valid: 74.62%, Test: 74.74%, Best Valid: 82.65%, Best Test: 84.37%
Run 01:
Highest Train: 82.18
Highest Valid: 82.73
Highest Test: 84.37
Chosen epoch: 1187
Final Train: 81.58
Final Test: 82.33
Label budget: 20/class -> 200 train nodes
Pre-training MLP for 500 epochs to generate co-occurrence matrix...
MLP pre-training complete. Penalty matrix frozen.
Epoch: 00, Loss: 2.7540, Train: 2.24%, Valid: 2.65%, Test: 2.36%, Best Valid: 2.65%, Best Test: 2.36%
Epoch: 100, Loss: 2.5863, Train: 37.62%, Valid: 36.18%, Test: 38.53%, Best Valid: 44.29%, Best Test: 46.64%
Switching Polynormer to global attention phase.
Epoch: 200, Loss: 2.5328, Train: 3.36%, Valid: 4.00%, Test: 3.64%, Best Valid: 72.29%, Best Test: 73.94%
Epoch: 300, Loss: 0.2940, Train: 80.01%, Valid: 81.05%, Test: 81.10%, Best Valid: 81.85%, Best Test: 82.08%
Epoch: 400, Loss: 0.1075, Train: 75.43%, Valid: 75.93%, Test: 76.81%, Best Valid: 83.53%, Best Test: 84.44%
Epoch: 500, Loss: 0.0342, Train: 78.35%, Valid: 78.76%, Test: 79.13%, Best Valid: 83.53%, Best Test: 84.44%
Epoch: 600, Loss: 0.0657, Train: 81.66%, Valid: 82.22%, Test: 82.88%, Best Valid: 83.53%, Best Test: 84.44%
Epoch: 700, Loss: 0.0570, Train: 77.21%, Valid: 77.78%, Test: 78.08%, Best Valid: 83.53%, Best Test: 84.44%
Epoch: 800, Loss: 0.0971, Train: 77.74%, Valid: 78.62%, Test: 78.19%, Best Valid: 83.53%, Best Test: 84.44%
Epoch: 900, Loss: 0.0227, Train: 75.18%, Valid: 75.38%, Test: 75.54%, Best Valid: 83.53%, Best Test: 84.44%
Epoch: 1000, Loss: 0.0258, Train: 81.53%, Valid: 82.15%, Test: 83.21%, Best Valid: 83.53%, Best Test: 84.44%
Epoch: 1100, Loss: 0.0326, Train: 80.97%, Valid: 80.95%, Test: 82.59%, Best Valid: 83.60%, Best Test: 84.48%
Run 02:
Highest Train: 83.54
Highest Valid: 83.89
Highest Test: 84.70
Chosen epoch: 1111
Final Train: 82.80
Final Test: 84.30
Label budget: 20/class -> 200 train nodes
Pre-training MLP for 500 epochs to generate co-occurrence matrix...
MLP pre-training complete. Penalty matrix frozen.
Epoch: 00, Loss: 2.7375, Train: 10.63%, Valid: 9.53%, Test: 10.00%, Best Valid: 9.53%, Best Test: 10.00%
Epoch: 100, Loss: 2.5423, Train: 15.79%, Valid: 16.33%, Test: 14.69%, Best Valid: 36.22%, Best Test: 38.57%
Switching Polynormer to global attention phase.
Epoch: 200, Loss: 2.5328, Train: 3.36%, Valid: 4.00%, Test: 3.64%, Best Valid: 68.11%, Best Test: 69.43%
Epoch: 300, Loss: 0.2984, Train: 77.77%, Valid: 77.45%, Test: 79.35%, Best Valid: 82.25%, Best Test: 83.53%
Epoch: 400, Loss: 0.1282, Train: 83.38%, Valid: 82.73%, Test: 85.02%, Best Valid: 84.22%, Best Test: 86.48%
Epoch: 500, Loss: 0.1080, Train: 79.99%, Valid: 80.00%, Test: 81.39%, Best Valid: 84.87%, Best Test: 87.17%
Epoch: 600, Loss: 0.0337, Train: 83.07%, Valid: 84.07%, Test: 85.35%, Best Valid: 85.05%, Best Test: 86.62%
Epoch: 700, Loss: 0.0654, Train: 83.87%, Valid: 83.27%, Test: 85.90%, Best Valid: 85.05%, Best Test: 86.62%
Epoch: 800, Loss: 0.0560, Train: 80.79%, Valid: 81.27%, Test: 81.64%, Best Valid: 85.05%, Best Test: 86.62%
Epoch: 900, Loss: 0.0318, Train: 83.57%, Valid: 84.69%, Test: 85.13%, Best Valid: 85.05%, Best Test: 86.62%
Epoch: 1000, Loss: 0.0272, Train: 81.69%, Valid: 81.82%, Test: 83.79%, Best Valid: 85.05%, Best Test: 86.62%
Epoch: 1100, Loss: 0.0062, Train: 79.18%, Valid: 79.82%, Test: 80.19%, Best Valid: 85.05%, Best Test: 86.62%
Run 03:
Highest Train: 85.42
Highest Valid: 85.05
Highest Test: 87.28
Chosen epoch: 542
Final Train: 84.68
Final Test: 86.62
Label budget: 20/class -> 200 train nodes
Pre-training MLP for 500 epochs to generate co-occurrence matrix...
MLP pre-training complete. Penalty matrix frozen.
Epoch: 00, Loss: 2.9086, Train: 3.84%, Valid: 3.75%, Test: 4.43%, Best Valid: 3.75%, Best Test: 4.43%
Epoch: 100, Loss: 2.5148, Train: 3.51%, Valid: 4.00%, Test: 3.82%, Best Valid: 37.89%, Best Test: 40.20%
Switching Polynormer to global attention phase.
Epoch: 200, Loss: 2.5328, Train: 3.84%, Valid: 3.75%, Test: 4.43%, Best Valid: 70.07%, Best Test: 69.61%
Epoch: 300, Loss: 0.3102, Train: 73.18%, Valid: 73.85%, Test: 72.01%, Best Valid: 76.22%, Best Test: 75.17%
Epoch: 400, Loss: 0.1595, Train: 74.48%, Valid: 74.69%, Test: 75.14%, Best Valid: 77.64%, Best Test: 77.50%
Epoch: 500, Loss: 0.0625, Train: 74.37%, Valid: 74.80%, Test: 74.95%, Best Valid: 78.18%, Best Test: 78.34%
Epoch: 600, Loss: 0.0687, Train: 75.64%, Valid: 76.22%, Test: 75.14%, Best Valid: 78.40%, Best Test: 78.04%
Epoch: 700, Loss: 0.0310, Train: 76.14%, Valid: 76.62%, Test: 77.28%, Best Valid: 79.27%, Best Test: 78.59%
Epoch: 800, Loss: 0.0364, Train: 75.41%, Valid: 75.85%, Test: 76.12%, Best Valid: 79.64%, Best Test: 79.53%
Epoch: 900, Loss: 0.0137, Train: 77.09%, Valid: 77.96%, Test: 77.61%, Best Valid: 79.64%, Best Test: 79.53%
Epoch: 1000, Loss: 0.0298, Train: 78.74%, Valid: 79.02%, Test: 78.63%, Best Valid: 79.71%, Best Test: 79.17%
Epoch: 1100, Loss: 0.0053, Train: 78.35%, Valid: 78.18%, Test: 78.59%, Best Valid: 79.85%, Best Test: 79.97%
Run 04:
Highest Train: 80.14
Highest Valid: 80.44
Highest Test: 80.19
Chosen epoch: 1199
Final Train: 80.01
Final Test: 79.90
Label budget: 20/class -> 200 train nodes
Pre-training MLP for 500 epochs to generate co-occurrence matrix...
MLP pre-training complete. Penalty matrix frozen.
Epoch: 00, Loss: 2.8121, Train: 3.89%, Valid: 4.58%, Test: 4.18%, Best Valid: 4.58%, Best Test: 4.18%
Epoch: 100, Loss: 2.6215, Train: 10.62%, Valid: 9.53%, Test: 10.03%, Best Valid: 36.44%, Best Test: 38.64%
Switching Polynormer to global attention phase.
Epoch: 200, Loss: 2.5328, Train: 15.79%, Valid: 16.33%, Test: 14.69%, Best Valid: 44.87%, Best Test: 48.53%
Epoch: 300, Loss: 0.6606, Train: 65.88%, Valid: 64.95%, Test: 66.78%, Best Valid: 71.42%, Best Test: 72.99%
Epoch: 400, Loss: 0.1792, Train: 71.08%, Valid: 72.07%, Test: 72.34%, Best Valid: 75.27%, Best Test: 76.23%
Epoch: 500, Loss: 0.1308, Train: 72.05%, Valid: 71.82%, Test: 72.12%, Best Valid: 75.85%, Best Test: 77.68%
Epoch: 600, Loss: 0.0389, Train: 74.09%, Valid: 74.40%, Test: 74.48%, Best Valid: 76.25%, Best Test: 77.14%
Epoch: 700, Loss: 0.0186, Train: 75.78%, Valid: 75.27%, Test: 76.30%, Best Valid: 77.27%, Best Test: 78.66%
Epoch: 800, Loss: 0.0447, Train: 74.82%, Valid: 74.76%, Test: 76.41%, Best Valid: 77.85%, Best Test: 79.53%
Epoch: 900, Loss: 0.0557, Train: 76.95%, Valid: 76.55%, Test: 77.90%, Best Valid: 77.85%, Best Test: 79.53%
Epoch: 1000, Loss: 0.0046, Train: 78.75%, Valid: 79.24%, Test: 79.79%, Best Valid: 80.07%, Best Test: 81.50%
Epoch: 1100, Loss: 0.0090, Train: 77.83%, Valid: 77.93%, Test: 79.28%, Best Valid: 80.07%, Best Test: 81.50%
Run 05:
Highest Train: 80.55
Highest Valid: 80.33
Highest Test: 81.75
Chosen epoch: 1163
Final Train: 80.32
Final Test: 81.50
Label budget: 20/class -> 200 train nodes
Pre-training MLP for 500 epochs to generate co-occurrence matrix...
MLP pre-training complete. Penalty matrix frozen.
Epoch: 00, Loss: 2.7860, Train: 10.62%, Valid: 9.60%, Test: 10.07%, Best Valid: 9.60%, Best Test: 10.07%
Epoch: 100, Loss: 2.5801, Train: 10.63%, Valid: 9.53%, Test: 10.03%, Best Valid: 24.76%, Best Test: 24.14%
Switching Polynormer to global attention phase.
Epoch: 200, Loss: 2.5328, Train: 37.61%, Valid: 36.18%, Test: 38.53%, Best Valid: 36.65%, Best Test: 37.19%
Epoch: 300, Loss: 0.5720, Train: 64.49%, Valid: 64.62%, Test: 64.92%, Best Valid: 66.91%, Best Test: 67.76%
Epoch: 400, Loss: 0.2518, Train: 70.60%, Valid: 70.69%, Test: 71.28%, Best Valid: 72.55%, Best Test: 72.88%
Epoch: 500, Loss: 0.1107, Train: 68.42%, Valid: 68.91%, Test: 69.03%, Best Valid: 75.45%, Best Test: 76.44%
Epoch: 600, Loss: 0.0231, Train: 72.95%, Valid: 72.22%, Test: 73.14%, Best Valid: 75.89%, Best Test: 77.86%
Epoch: 700, Loss: 0.0202, Train: 75.42%, Valid: 74.95%, Test: 75.28%, Best Valid: 77.64%, Best Test: 79.90%
Epoch: 800, Loss: 0.0259, Train: 77.45%, Valid: 76.98%, Test: 77.83%, Best Valid: 77.78%, Best Test: 79.43%
Epoch: 900, Loss: 0.0258, Train: 77.12%, Valid: 76.22%, Test: 77.35%, Best Valid: 78.55%, Best Test: 80.59%
Epoch: 1000, Loss: 0.0180, Train: 68.95%, Valid: 69.20%, Test: 68.63%, Best Valid: 79.31%, Best Test: 80.88%
Epoch: 1100, Loss: 0.0369, Train: 77.13%, Valid: 76.18%, Test: 77.86%, Best Valid: 79.31%, Best Test: 80.88%
Run 06:
Highest Train: 79.94
Highest Valid: 79.53
Highest Test: 80.88
Chosen epoch: 1130
Final Train: 79.34
Final Test: 79.79
Label budget: 20/class -> 200 train nodes
Pre-training MLP for 500 epochs to generate co-occurrence matrix...
MLP pre-training complete. Penalty matrix frozen.
Epoch: 00, Loss: 2.8002, Train: 6.76%, Valid: 6.36%, Test: 6.98%, Best Valid: 6.36%, Best Test: 6.98%
Epoch: 100, Loss: 2.5622, Train: 4.16%, Valid: 4.87%, Test: 4.33%, Best Valid: 36.18%, Best Test: 38.53%
Switching Polynormer to global attention phase.
Epoch: 200, Loss: 2.5328, Train: 15.79%, Valid: 16.33%, Test: 14.69%, Best Valid: 65.16%, Best Test: 65.61%
Epoch: 300, Loss: 0.3407, Train: 79.58%, Valid: 79.60%, Test: 80.59%, Best Valid: 80.55%, Best Test: 82.01%
Epoch: 400, Loss: 0.0915, Train: 78.55%, Valid: 77.96%, Test: 79.90%, Best Valid: 81.53%, Best Test: 82.30%
Epoch: 500, Loss: 0.1477, Train: 78.16%, Valid: 78.29%, Test: 79.68%, Best Valid: 81.82%, Best Test: 82.77%
Epoch: 600, Loss: 0.0547, Train: 80.66%, Valid: 80.62%, Test: 80.92%, Best Valid: 81.82%, Best Test: 82.77%
Epoch: 700, Loss: 0.0340, Train: 78.73%, Valid: 78.29%, Test: 78.37%, Best Valid: 81.82%, Best Test: 82.77%
Epoch: 800, Loss: 0.0549, Train: 79.52%, Valid: 79.71%, Test: 80.12%, Best Valid: 81.82%, Best Test: 82.77%
Epoch: 900, Loss: 0.0420, Train: 81.94%, Valid: 81.75%, Test: 82.73%, Best Valid: 82.07%, Best Test: 82.37%
Epoch: 1000, Loss: 0.0118, Train: 80.88%, Valid: 80.62%, Test: 81.17%, Best Valid: 82.22%, Best Test: 82.66%
Epoch: 1100, Loss: 0.0028, Train: 75.09%, Valid: 75.45%, Test: 75.86%, Best Valid: 82.22%, Best Test: 82.66%
Run 07:
Highest Train: 82.81
Highest Valid: 82.69
Highest Test: 83.35
Chosen epoch: 1163
Final Train: 82.81
Final Test: 83.32
Label budget: 20/class -> 200 train nodes
Pre-training MLP for 500 epochs to generate co-occurrence matrix...
MLP pre-training complete. Penalty matrix frozen.
Epoch: 00, Loss: 2.8034, Train: 15.84%, Valid: 16.33%, Test: 14.72%, Best Valid: 16.33%, Best Test: 14.72%
Epoch: 100, Loss: 2.6276, Train: 37.61%, Valid: 36.18%, Test: 38.53%, Best Valid: 38.15%, Best Test: 39.95%
Switching Polynormer to global attention phase.
Epoch: 200, Loss: 2.5328, Train: 37.61%, Valid: 36.18%, Test: 38.53%, Best Valid: 64.58%, Best Test: 64.85%
Epoch: 300, Loss: 0.3529, Train: 72.63%, Valid: 72.73%, Test: 74.48%, Best Valid: 78.44%, Best Test: 81.32%
Epoch: 400, Loss: 0.1843, Train: 79.59%, Valid: 79.27%, Test: 80.55%, Best Valid: 82.84%, Best Test: 84.66%
Epoch: 500, Loss: 0.0735, Train: 80.68%, Valid: 78.91%, Test: 82.12%, Best Valid: 83.16%, Best Test: 85.86%
Epoch: 600, Loss: 0.0707, Train: 82.11%, Valid: 81.27%, Test: 83.28%, Best Valid: 83.35%, Best Test: 85.31%
Epoch: 700, Loss: 0.0637, Train: 80.66%, Valid: 79.85%, Test: 82.04%, Best Valid: 83.35%, Best Test: 85.31%
Epoch: 800, Loss: 0.0365, Train: 83.15%, Valid: 82.58%, Test: 83.79%, Best Valid: 83.35%, Best Test: 85.31%
Epoch: 900, Loss: 0.0052, Train: 82.63%, Valid: 81.16%, Test: 83.42%, Best Valid: 83.35%, Best Test: 85.31%
Epoch: 1000, Loss: 0.0281, Train: 82.26%, Valid: 81.27%, Test: 82.88%, Best Valid: 84.44%, Best Test: 85.82%
Epoch: 1100, Loss: 0.0211, Train: 83.80%, Valid: 83.27%, Test: 85.06%, Best Valid: 84.44%, Best Test: 85.82%
Run 08:
Highest Train: 85.23
Highest Valid: 84.44
Highest Test: 86.55
Chosen epoch: 948
Final Train: 85.23
Final Test: 85.82
Label budget: 20/class -> 200 train nodes
Pre-training MLP for 500 epochs to generate co-occurrence matrix...
MLP pre-training complete. Penalty matrix frozen.
Epoch: 00, Loss: 2.8645, Train: 3.87%, Valid: 3.78%, Test: 4.43%, Best Valid: 3.78%, Best Test: 4.43%
Epoch: 100, Loss: 2.5691, Train: 6.19%, Valid: 6.55%, Test: 7.27%, Best Valid: 36.91%, Best Test: 39.40%
Switching Polynormer to global attention phase.
Epoch: 200, Loss: 2.5328, Train: 6.04%, Valid: 6.25%, Test: 5.38%, Best Valid: 71.24%, Best Test: 73.06%
Epoch: 300, Loss: 0.3732, Train: 69.31%, Valid: 69.27%, Test: 71.10%, Best Valid: 79.53%, Best Test: 80.33%
Epoch: 400, Loss: 0.1479, Train: 80.56%, Valid: 81.13%, Test: 80.88%, Best Valid: 82.36%, Best Test: 82.37%
Epoch: 500, Loss: 0.1145, Train: 80.37%, Valid: 81.09%, Test: 81.53%, Best Valid: 82.36%, Best Test: 82.37%
Epoch: 600, Loss: 0.0701, Train: 80.63%, Valid: 80.15%, Test: 80.99%, Best Valid: 82.87%, Best Test: 83.64%
Epoch: 700, Loss: 0.0200, Train: 79.65%, Valid: 80.18%, Test: 80.15%, Best Valid: 82.87%, Best Test: 83.64%
Epoch: 800, Loss: 0.0656, Train: 77.81%, Valid: 78.04%, Test: 78.84%, Best Valid: 82.87%, Best Test: 83.64%
Epoch: 900, Loss: 0.0055, Train: 80.24%, Valid: 80.15%, Test: 80.52%, Best Valid: 82.87%, Best Test: 83.64%
Epoch: 1000, Loss: 0.0046, Train: 81.08%, Valid: 80.44%, Test: 81.17%, Best Valid: 82.87%, Best Test: 83.64%
Epoch: 1100, Loss: 0.0219, Train: 79.86%, Valid: 79.35%, Test: 80.59%, Best Valid: 82.87%, Best Test: 83.64%
Run 09:
Highest Train: 82.68
Highest Valid: 82.87
Highest Test: 83.64
Chosen epoch: 554
Final Train: 82.22
Final Test: 83.64
Label budget: 20/class -> 200 train nodes
Pre-training MLP for 500 epochs to generate co-occurrence matrix...
MLP pre-training complete. Penalty matrix frozen.
Epoch: 00, Loss: 2.9595, Train: 15.50%, Valid: 16.00%, Test: 15.38%, Best Valid: 16.00%, Best Test: 15.38%
Epoch: 100, Loss: 2.6069, Train: 15.50%, Valid: 16.00%, Test: 15.38%, Best Valid: 18.25%, Best Test: 17.63%
Switching Polynormer to global attention phase.
Epoch: 200, Loss: 2.5328, Train: 3.84%, Valid: 3.75%, Test: 4.43%, Best Valid: 55.64%, Best Test: 56.42%
Epoch: 300, Loss: 0.3733, Train: 64.31%, Valid: 65.31%, Test: 66.01%, Best Valid: 65.31%, Best Test: 66.01%
Epoch: 400, Loss: 0.2972, Train: 71.12%, Valid: 71.96%, Test: 72.01%, Best Valid: 76.15%, Best Test: 76.81%
Epoch: 500, Loss: 0.0671, Train: 73.75%, Valid: 73.82%, Test: 74.23%, Best Valid: 78.95%, Best Test: 78.59%
Epoch: 600, Loss: 0.1498, Train: 75.42%, Valid: 75.75%, Test: 76.63%, Best Valid: 80.33%, Best Test: 81.21%
Epoch: 700, Loss: 0.0149, Train: 70.66%, Valid: 71.53%, Test: 72.30%, Best Valid: 80.33%, Best Test: 81.21%
Epoch: 800, Loss: 0.0098, Train: 75.91%, Valid: 76.69%, Test: 77.86%, Best Valid: 80.33%, Best Test: 81.21%
Epoch: 900, Loss: 0.0029, Train: 76.95%, Valid: 76.76%, Test: 78.19%, Best Valid: 81.56%, Best Test: 82.15%
Epoch: 1000, Loss: 0.0030, Train: 77.58%, Valid: 77.56%, Test: 79.46%, Best Valid: 81.56%, Best Test: 82.15%
Epoch: 1100, Loss: 0.0021, Train: 78.86%, Valid: 79.13%, Test: 80.66%, Best Valid: 81.56%, Best Test: 82.15%
Run 10:
Highest Train: 80.88
Highest Valid: 81.56
Highest Test: 82.66
Chosen epoch: 876
Final Train: 80.66
Final Test: 82.15
All runs:
Highest Train: 82.34 ± 1.99
Highest Test: 83.54 ± 2.29
Highest Valid: 82.35 ± 1.85
  Final Train: 81.96 ± 1.97
   Final Test: 82.94 ± 2.28
Saving results to ../results/lowlabel/amazon-computer/polynormer.csv
--- mlp_reg | lambda=0.2 ---
Namespace(aggregate='add', alpha=0.5, attention='gcn', beta=-1.0, bn=False, budget_tag='20', count_reg=False, count_smoothing=1.0, cpu=False, data_dir='../data/', dataset='amazon-computer', device=0, dim_inner=64, display_step=100, dropout=0.7, epochs=500, global_dropout=None, global_epochs=1000, global_layers=1, gnn='gcn', graph_weight=0.8, hidden_channels=64, hops=10, in_dropout=0.2, jk=False, label_num_per_class=20, lambda_val=0.2, layers=1, ln=False, local_epochs=200, local_gnn_type='GCN', local_layers=5, lr=0.001, metric='acc', mlp_epochs=500, mlp_reg=True, model='polynormer', model_dir='models/lowlabel_1161133_192', n_heads=8, num_centroids=4096, num_heads=8, oracle_reg=False, paired_seeds=True, pe_types='RWSE', penalty_transform='none', pre_linear=False, pre_ln=False, rand_split=False, rand_split_class=False, reg_start_epoch=10, reg_update_freq=5, res=False, resample_split_per_run=False, result_dir='../results/lowlabel', runs=10, save_model=True, save_result=False, seed=42, test_num=1000, tr_dropout=None, tr_layers=1, tr_weight_decay=None, train_per_class=20, train_prop=0.5, use_act=False, use_bn=False, use_graph=False, use_reg=True, use_residual=False, use_weight=False, valid_num=500, valid_per_class=0, valid_prop=0.25, weight_decay=5e-05)
amazon-computer
dataset amazon-computer | num nodes 13752 | num edge 491722 | num node feats 767 | num classes 10
MODEL: Polynormer(
  (h_lins): ModuleList(
    (0): Linear(in_features=512, out_features=512, bias=True)
    (1): Linear(in_features=512, out_features=512, bias=True)
    (2): Linear(in_features=512, out_features=512, bias=True)
    (3): Linear(in_features=512, out_features=512, bias=True)
    (4): Linear(in_features=512, out_features=512, bias=True)
  )
  (local_convs): ModuleList(
    (0): GATConv(512, 64, heads=8)
    (1): GATConv(512, 64, heads=8)
    (2): GATConv(512, 64, heads=8)
    (3): GATConv(512, 64, heads=8)
    (4): GATConv(512, 64, heads=8)
  )
  (lins): ModuleList(
    (0): Linear(in_features=512, out_features=512, bias=True)
    (1): Linear(in_features=512, out_features=512, bias=True)
    (2): Linear(in_features=512, out_features=512, bias=True)
    (3): Linear(in_features=512, out_features=512, bias=True)
    (4): Linear(in_features=512, out_features=512, bias=True)
  )
  (lns): ModuleList(
    (0): LayerNorm((512,), eps=1e-05, elementwise_affine=True)
    (1): LayerNorm((512,), eps=1e-05, elementwise_affine=True)
    (2): LayerNorm((512,), eps=1e-05, elementwise_affine=True)
    (3): LayerNorm((512,), eps=1e-05, elementwise_affine=True)
    (4): LayerNorm((512,), eps=1e-05, elementwise_affine=True)
  )
  (lin_in): Linear(in_features=767, out_features=512, bias=True)
  (ln): LayerNorm((512,), eps=1e-05, elementwise_affine=True)
  (global_attn): GlobalAttn(
    (h_lins): ModuleList(
      (0): Linear(in_features=512, out_features=512, bias=True)
    )
    (k_lins): ModuleList(
      (0): Linear(in_features=512, out_features=512, bias=True)
    )
    (v_lins): ModuleList(
      (0): Linear(in_features=512, out_features=512, bias=True)
    )
    (lns): ModuleList(
      (0): LayerNorm((512,), eps=1e-05, elementwise_affine=True)
    )
    (lin_out): Linear(in_features=512, out_features=512, bias=True)
  )
  (pred_local): Linear(in_features=512, out_features=10, bias=True)
  (pred_global): Linear(in_features=512, out_features=10, bias=True)
)
Label budget: 20/class -> 200 train nodes
Pre-training MLP for 500 epochs to generate co-occurrence matrix...
MLP pre-training complete. Penalty matrix frozen.
Epoch: 00, Loss: 3.0571, Train: 3.84%, Valid: 3.75%, Test: 4.43%, Best Valid: 3.75%, Best Test: 4.43%
Epoch: 100, Loss: 2.8195, Train: 3.64%, Valid: 4.07%, Test: 3.78%, Best Valid: 9.82%, Best Test: 10.18%
Switching Polynormer to global attention phase.
Epoch: 200, Loss: 2.7970, Train: 53.05%, Valid: 51.56%, Test: 53.11%, Best Valid: 62.80%, Best Test: 63.83%
Epoch: 300, Loss: 0.3756, Train: 70.59%, Valid: 71.13%, Test: 72.16%, Best Valid: 75.16%, Best Test: 75.68%
Epoch: 400, Loss: 0.1283, Train: 77.58%, Valid: 78.51%, Test: 79.43%, Best Valid: 81.53%, Best Test: 81.61%
Epoch: 500, Loss: 0.0656, Train: 79.61%, Valid: 81.49%, Test: 81.75%, Best Valid: 82.33%, Best Test: 83.79%
Epoch: 600, Loss: 0.0455, Train: 79.29%, Valid: 80.47%, Test: 81.06%, Best Valid: 82.76%, Best Test: 82.77%
Epoch: 700, Loss: 0.0745, Train: 79.93%, Valid: 80.98%, Test: 81.86%, Best Valid: 82.76%, Best Test: 82.77%
Epoch: 800, Loss: 0.0122, Train: 77.57%, Valid: 78.87%, Test: 78.26%, Best Valid: 82.76%, Best Test: 82.77%
Epoch: 900, Loss: 0.0349, Train: 77.23%, Valid: 78.58%, Test: 78.34%, Best Valid: 83.13%, Best Test: 84.01%
Epoch: 1000, Loss: 0.0385, Train: 76.81%, Valid: 78.36%, Test: 78.59%, Best Valid: 83.13%, Best Test: 84.01%
Epoch: 1100, Loss: 0.0059, Train: 77.64%, Valid: 79.13%, Test: 79.57%, Best Valid: 83.13%, Best Test: 84.01%
Run 01:
Highest Train: 81.95
Highest Valid: 83.13
Highest Test: 84.01
Chosen epoch: 820
Final Train: 81.52
Final Test: 84.01
Label budget: 20/class -> 200 train nodes
Pre-training MLP for 500 epochs to generate co-occurrence matrix...
MLP pre-training complete. Penalty matrix frozen.
Epoch: 00, Loss: 3.0043, Train: 2.44%, Valid: 2.87%, Test: 2.65%, Best Valid: 2.87%, Best Test: 2.65%
Epoch: 100, Loss: 2.8686, Train: 37.61%, Valid: 36.18%, Test: 38.53%, Best Valid: 36.62%, Best Test: 39.04%
Switching Polynormer to global attention phase.
Epoch: 200, Loss: 2.7631, Train: 3.36%, Valid: 4.00%, Test: 3.64%, Best Valid: 76.22%, Best Test: 77.39%
Epoch: 300, Loss: 0.2998, Train: 79.25%, Valid: 78.91%, Test: 80.44%, Best Valid: 81.60%, Best Test: 82.92%
Epoch: 400, Loss: 0.1332, Train: 80.18%, Valid: 80.11%, Test: 81.10%, Best Valid: 81.82%, Best Test: 83.13%
Epoch: 500, Loss: 0.0451, Train: 77.21%, Valid: 77.93%, Test: 77.90%, Best Valid: 81.82%, Best Test: 83.13%
Epoch: 600, Loss: 0.0795, Train: 77.98%, Valid: 77.64%, Test: 79.24%, Best Valid: 81.82%, Best Test: 83.13%
Epoch: 700, Loss: 0.0170, Train: 79.77%, Valid: 79.38%, Test: 81.28%, Best Valid: 81.82%, Best Test: 83.13%
Epoch: 800, Loss: 0.0022, Train: 79.03%, Valid: 79.78%, Test: 80.19%, Best Valid: 82.22%, Best Test: 82.48%
Epoch: 900, Loss: 0.0033, Train: 76.43%, Valid: 76.44%, Test: 77.50%, Best Valid: 82.40%, Best Test: 83.17%
Epoch: 1000, Loss: 0.0356, Train: 79.02%, Valid: 78.91%, Test: 79.90%, Best Valid: 82.80%, Best Test: 83.35%
Epoch: 1100, Loss: 0.0105, Train: 78.68%, Valid: 79.02%, Test: 79.97%, Best Valid: 82.80%, Best Test: 83.35%
Run 02:
Highest Train: 82.72
Highest Valid: 82.80
Highest Test: 83.46
Chosen epoch: 957
Final Train: 82.72
Final Test: 83.35
Label budget: 20/class -> 200 train nodes
Pre-training MLP for 500 epochs to generate co-occurrence matrix...
MLP pre-training complete. Penalty matrix frozen.
Epoch: 00, Loss: 2.9864, Train: 10.62%, Valid: 9.53%, Test: 10.03%, Best Valid: 9.53%, Best Test: 10.03%
Epoch: 100, Loss: 2.8197, Train: 15.79%, Valid: 16.33%, Test: 14.69%, Best Valid: 25.13%, Best Test: 24.03%
Switching Polynormer to global attention phase.
Epoch: 200, Loss: 2.7631, Train: 3.36%, Valid: 4.00%, Test: 3.64%, Best Valid: 67.53%, Best Test: 67.79%
Epoch: 300, Loss: 0.4248, Train: 79.23%, Valid: 79.49%, Test: 80.70%, Best Valid: 81.71%, Best Test: 83.42%
Epoch: 400, Loss: 0.1490, Train: 82.87%, Valid: 82.15%, Test: 84.19%, Best Valid: 83.82%, Best Test: 85.42%
Epoch: 500, Loss: 0.0922, Train: 79.14%, Valid: 79.60%, Test: 80.30%, Best Valid: 85.64%, Best Test: 86.99%
Epoch: 600, Loss: 0.0921, Train: 79.55%, Valid: 79.31%, Test: 81.61%, Best Valid: 85.64%, Best Test: 86.99%
Epoch: 700, Loss: 0.0077, Train: 83.64%, Valid: 84.11%, Test: 85.24%, Best Valid: 85.64%, Best Test: 86.99%
Epoch: 800, Loss: 0.0088, Train: 81.40%, Valid: 80.76%, Test: 82.33%, Best Valid: 85.64%, Best Test: 86.99%
Epoch: 900, Loss: 0.0628, Train: 80.72%, Valid: 80.25%, Test: 81.97%, Best Valid: 85.64%, Best Test: 86.99%
Epoch: 1000, Loss: 0.0201, Train: 81.76%, Valid: 81.93%, Test: 83.17%, Best Valid: 85.64%, Best Test: 86.99%
Epoch: 1100, Loss: 0.0064, Train: 81.34%, Valid: 82.29%, Test: 82.84%, Best Valid: 85.64%, Best Test: 86.99%
Run 03:
Highest Train: 85.12
Highest Valid: 85.64
Highest Test: 87.31
Chosen epoch: 482
Final Train: 85.08
Final Test: 86.99
Label budget: 20/class -> 200 train nodes
Pre-training MLP for 500 epochs to generate co-occurrence matrix...
MLP pre-training complete. Penalty matrix frozen.
Epoch: 00, Loss: 3.1730, Train: 3.84%, Valid: 3.75%, Test: 4.43%, Best Valid: 3.75%, Best Test: 4.43%
Epoch: 100, Loss: 2.8245, Train: 5.59%, Valid: 6.18%, Test: 6.03%, Best Valid: 36.18%, Best Test: 38.53%
Switching Polynormer to global attention phase.
Epoch: 200, Loss: 2.7631, Train: 37.61%, Valid: 36.18%, Test: 38.53%, Best Valid: 63.38%, Best Test: 64.63%
Epoch: 300, Loss: 0.3781, Train: 71.87%, Valid: 71.93%, Test: 72.56%, Best Valid: 77.67%, Best Test: 76.44%
Epoch: 400, Loss: 0.2685, Train: 78.46%, Valid: 78.91%, Test: 78.81%, Best Valid: 79.71%, Best Test: 80.23%
Epoch: 500, Loss: 0.0500, Train: 77.21%, Valid: 77.24%, Test: 77.32%, Best Valid: 80.55%, Best Test: 81.13%
Epoch: 600, Loss: 0.4392, Train: 78.91%, Valid: 79.02%, Test: 79.46%, Best Valid: 81.89%, Best Test: 83.02%
Epoch: 700, Loss: 0.0410, Train: 81.78%, Valid: 81.85%, Test: 82.44%, Best Valid: 81.96%, Best Test: 82.08%
Epoch: 800, Loss: 0.0043, Train: 79.68%, Valid: 79.75%, Test: 81.13%, Best Valid: 82.44%, Best Test: 83.10%
Epoch: 900, Loss: 0.0098, Train: 76.50%, Valid: 76.69%, Test: 77.03%, Best Valid: 82.44%, Best Test: 83.10%
Epoch: 1000, Loss: 0.0540, Train: 76.25%, Valid: 76.91%, Test: 76.99%, Best Valid: 82.44%, Best Test: 83.10%
Epoch: 1100, Loss: 0.1122, Train: 78.46%, Valid: 78.25%, Test: 79.24%, Best Valid: 82.44%, Best Test: 83.10%
Run 04:
Highest Train: 83.01
Highest Valid: 82.44
Highest Test: 83.64
Chosen epoch: 789
Final Train: 82.72
Final Test: 83.10
Label budget: 20/class -> 200 train nodes
Pre-training MLP for 500 epochs to generate co-occurrence matrix...
MLP pre-training complete. Penalty matrix frozen.
Epoch: 00, Loss: 3.0677, Train: 4.67%, Valid: 5.09%, Test: 5.63%, Best Valid: 5.09%, Best Test: 5.63%
Epoch: 100, Loss: 2.8213, Train: 37.61%, Valid: 36.18%, Test: 38.53%, Best Valid: 37.78%, Best Test: 40.35%
Switching Polynormer to global attention phase.
Epoch: 200, Loss: 2.7631, Train: 15.79%, Valid: 16.33%, Test: 14.69%, Best Valid: 59.71%, Best Test: 61.14%
Epoch: 300, Loss: 0.3450, Train: 67.30%, Valid: 67.20%, Test: 68.23%, Best Valid: 76.73%, Best Test: 77.21%
Epoch: 400, Loss: 0.1288, Train: 75.86%, Valid: 75.27%, Test: 76.55%, Best Valid: 79.27%, Best Test: 79.53%
Epoch: 500, Loss: 0.0526, Train: 77.05%, Valid: 76.58%, Test: 77.72%, Best Valid: 79.27%, Best Test: 79.53%
Epoch: 600, Loss: 0.2298, Train: 76.85%, Valid: 75.45%, Test: 77.24%, Best Valid: 79.27%, Best Test: 79.53%
Epoch: 700, Loss: 0.0087, Train: 77.74%, Valid: 77.64%, Test: 78.81%, Best Valid: 79.27%, Best Test: 79.53%
Epoch: 800, Loss: 0.0364, Train: 77.13%, Valid: 76.80%, Test: 77.72%, Best Valid: 79.27%, Best Test: 79.53%
Epoch: 900, Loss: 0.0444, Train: 71.12%, Valid: 71.31%, Test: 71.94%, Best Valid: 80.15%, Best Test: 81.39%
Epoch: 1000, Loss: 0.0089, Train: 79.00%, Valid: 78.51%, Test: 79.68%, Best Valid: 80.15%, Best Test: 81.39%
Epoch: 1100, Loss: 0.0076, Train: 77.91%, Valid: 77.89%, Test: 79.17%, Best Valid: 80.15%, Best Test: 81.39%
Run 05:
Highest Train: 80.92
Highest Valid: 80.15
Highest Test: 81.39
Chosen epoch: 871
Final Train: 80.92
Final Test: 81.39
Label budget: 20/class -> 200 train nodes
Pre-training MLP for 500 epochs to generate co-occurrence matrix...
MLP pre-training complete. Penalty matrix frozen.
Epoch: 00, Loss: 3.0393, Train: 10.62%, Valid: 9.60%, Test: 10.07%, Best Valid: 9.60%, Best Test: 10.07%
Epoch: 100, Loss: 2.7690, Train: 3.36%, Valid: 4.00%, Test: 3.64%, Best Valid: 16.33%, Best Test: 14.69%
Switching Polynormer to global attention phase.
Epoch: 200, Loss: 2.7631, Train: 37.61%, Valid: 36.18%, Test: 38.53%, Best Valid: 68.04%, Best Test: 68.34%
Epoch: 300, Loss: 0.4596, Train: 70.83%, Valid: 70.65%, Test: 71.21%, Best Valid: 75.45%, Best Test: 75.65%
Epoch: 400, Loss: 0.1107, Train: 76.78%, Valid: 75.93%, Test: 77.28%, Best Valid: 79.20%, Best Test: 79.93%
Epoch: 500, Loss: 0.0443, Train: 74.10%, Valid: 73.45%, Test: 74.08%, Best Valid: 80.87%, Best Test: 81.28%
Epoch: 600, Loss: 0.1121, Train: 80.46%, Valid: 79.71%, Test: 80.15%, Best Valid: 80.87%, Best Test: 81.28%
Epoch: 700, Loss: 0.0270, Train: 77.55%, Valid: 77.09%, Test: 77.57%, Best Valid: 80.95%, Best Test: 81.32%
Epoch: 800, Loss: 0.0566, Train: 75.91%, Valid: 75.13%, Test: 75.50%, Best Valid: 80.95%, Best Test: 81.32%
Epoch: 900, Loss: 0.0015, Train: 79.19%, Valid: 78.44%, Test: 78.55%, Best Valid: 80.95%, Best Test: 81.32%
Epoch: 1000, Loss: 0.0206, Train: 75.36%, Valid: 75.09%, Test: 75.57%, Best Valid: 82.07%, Best Test: 82.73%
Epoch: 1100, Loss: 0.1799, Train: 80.04%, Valid: 79.02%, Test: 80.99%, Best Valid: 82.07%, Best Test: 82.73%
Run 06:
Highest Train: 82.84
Highest Valid: 82.07
Highest Test: 82.73
Chosen epoch: 910
Final Train: 82.84
Final Test: 82.73
Label budget: 20/class -> 200 train nodes
Pre-training MLP for 500 epochs to generate co-occurrence matrix...
MLP pre-training complete. Penalty matrix frozen.
Epoch: 00, Loss: 3.0547, Train: 10.35%, Valid: 9.38%, Test: 9.71%, Best Valid: 9.38%, Best Test: 9.71%
Epoch: 100, Loss: 2.8243, Train: 37.61%, Valid: 36.18%, Test: 38.53%, Best Valid: 43.82%, Best Test: 44.89%
Switching Polynormer to global attention phase.
Epoch: 200, Loss: 2.7631, Train: 15.79%, Valid: 16.33%, Test: 14.69%, Best Valid: 70.95%, Best Test: 72.56%
Epoch: 300, Loss: 0.3344, Train: 78.73%, Valid: 78.44%, Test: 79.46%, Best Valid: 80.07%, Best Test: 81.46%
Epoch: 400, Loss: 0.1512, Train: 77.07%, Valid: 76.98%, Test: 78.12%, Best Valid: 81.71%, Best Test: 82.99%
Epoch: 500, Loss: 0.0859, Train: 80.04%, Valid: 79.89%, Test: 80.88%, Best Valid: 82.07%, Best Test: 83.39%
Epoch: 600, Loss: 0.1050, Train: 79.82%, Valid: 78.84%, Test: 80.15%, Best Valid: 82.22%, Best Test: 82.70%
Epoch: 700, Loss: 0.0377, Train: 80.48%, Valid: 79.24%, Test: 81.17%, Best Valid: 83.05%, Best Test: 83.42%
Epoch: 800, Loss: 0.0433, Train: 78.25%, Valid: 77.53%, Test: 79.13%, Best Valid: 83.05%, Best Test: 83.42%
Epoch: 900, Loss: 0.0523, Train: 80.23%, Valid: 79.78%, Test: 81.24%, Best Valid: 83.05%, Best Test: 83.42%
Epoch: 1000, Loss: 0.0124, Train: 80.32%, Valid: 79.09%, Test: 80.41%, Best Valid: 83.05%, Best Test: 83.42%
Epoch: 1100, Loss: 0.0524, Train: 79.53%, Valid: 78.65%, Test: 80.26%, Best Valid: 83.05%, Best Test: 83.42%
Run 07:
Highest Train: 82.56
Highest Valid: 83.05
Highest Test: 83.42
Chosen epoch: 604
Final Train: 82.56
Final Test: 83.42
Label budget: 20/class -> 200 train nodes
Pre-training MLP for 500 epochs to generate co-occurrence matrix...
MLP pre-training complete. Penalty matrix frozen.
Epoch: 00, Loss: 3.0582, Train: 15.85%, Valid: 16.40%, Test: 14.69%, Best Valid: 16.40%, Best Test: 14.69%
Epoch: 100, Loss: 2.7101, Train: 14.92%, Valid: 13.93%, Test: 14.18%, Best Valid: 42.40%, Best Test: 45.91%
Switching Polynormer to global attention phase.
Epoch: 200, Loss: 2.7631, Train: 1.96%, Valid: 2.55%, Test: 2.14%, Best Valid: 74.22%, Best Test: 76.12%
Epoch: 300, Loss: 0.3980, Train: 78.52%, Valid: 78.11%, Test: 79.57%, Best Valid: 80.15%, Best Test: 81.21%
Epoch: 400, Loss: 0.2924, Train: 81.70%, Valid: 81.09%, Test: 83.53%, Best Valid: 82.69%, Best Test: 84.81%
Epoch: 500, Loss: 0.0420, Train: 82.63%, Valid: 81.42%, Test: 84.41%, Best Valid: 83.93%, Best Test: 86.48%
Epoch: 600, Loss: 0.0325, Train: 84.22%, Valid: 82.76%, Test: 85.82%, Best Valid: 84.11%, Best Test: 86.59%
Epoch: 700, Loss: 0.1033, Train: 83.02%, Valid: 82.36%, Test: 84.41%, Best Valid: 84.11%, Best Test: 86.59%
Epoch: 800, Loss: 0.0883, Train: 83.61%, Valid: 82.87%, Test: 85.06%, Best Valid: 84.11%, Best Test: 86.59%
Epoch: 900, Loss: 0.0055, Train: 83.88%, Valid: 82.98%, Test: 85.53%, Best Valid: 84.11%, Best Test: 86.59%
Epoch: 1000, Loss: 0.0184, Train: 78.09%, Valid: 77.42%, Test: 79.61%, Best Valid: 84.11%, Best Test: 86.59%
Epoch: 1100, Loss: 0.0013, Train: 83.24%, Valid: 82.00%, Test: 85.35%, Best Valid: 84.11%, Best Test: 86.59%
Run 08:
Highest Train: 84.84
Highest Valid: 84.11
Highest Test: 86.84
Chosen epoch: 590
Final Train: 84.60
Final Test: 86.59
Label budget: 20/class -> 200 train nodes
Pre-training MLP for 500 epochs to generate co-occurrence matrix...
MLP pre-training complete. Penalty matrix frozen.
Epoch: 00, Loss: 3.1249, Train: 3.85%, Valid: 3.78%, Test: 4.43%, Best Valid: 3.78%, Best Test: 4.43%
Epoch: 100, Loss: 2.8351, Train: 4.31%, Valid: 4.40%, Test: 4.54%, Best Valid: 37.78%, Best Test: 40.53%
Switching Polynormer to global attention phase.
Epoch: 200, Loss: 2.7631, Train: 6.04%, Valid: 6.25%, Test: 5.38%, Best Valid: 70.40%, Best Test: 70.85%
Epoch: 300, Loss: 0.3702, Train: 74.72%, Valid: 74.36%, Test: 75.50%, Best Valid: 79.16%, Best Test: 80.04%
Epoch: 400, Loss: 0.1640, Train: 80.38%, Valid: 80.73%, Test: 82.01%, Best Valid: 80.76%, Best Test: 81.50%
Epoch: 500, Loss: 0.0681, Train: 80.66%, Valid: 80.33%, Test: 82.01%, Best Valid: 81.38%, Best Test: 81.61%
Epoch: 600, Loss: 0.0272, Train: 78.97%, Valid: 79.02%, Test: 80.01%, Best Valid: 81.49%, Best Test: 82.01%
Epoch: 700, Loss: 0.0758, Train: 79.83%, Valid: 79.78%, Test: 81.50%, Best Valid: 81.49%, Best Test: 82.01%
Epoch: 800, Loss: 0.0554, Train: 77.13%, Valid: 77.82%, Test: 78.19%, Best Valid: 81.56%, Best Test: 83.10%
Epoch: 900, Loss: 0.0075, Train: 81.88%, Valid: 81.64%, Test: 82.95%, Best Valid: 81.64%, Best Test: 82.95%
Epoch: 1000, Loss: 0.0123, Train: 80.11%, Valid: 80.29%, Test: 82.01%, Best Valid: 81.64%, Best Test: 82.95%
Epoch: 1100, Loss: 0.0048, Train: 79.86%, Valid: 79.75%, Test: 80.44%, Best Valid: 81.64%, Best Test: 82.95%
Run 09:
Highest Train: 81.88
Highest Valid: 81.96
Highest Test: 83.50
Chosen epoch: 1134
Final Train: 81.38
Final Test: 83.50
Label budget: 20/class -> 200 train nodes
Pre-training MLP for 500 epochs to generate co-occurrence matrix...
MLP pre-training complete. Penalty matrix frozen.
Epoch: 00, Loss: 3.2285, Train: 15.50%, Valid: 16.00%, Test: 15.38%, Best Valid: 16.00%, Best Test: 15.38%
Epoch: 100, Loss: 2.7697, Train: 10.64%, Valid: 9.53%, Test: 10.03%, Best Valid: 36.11%, Best Test: 38.42%
Switching Polynormer to global attention phase.
Epoch: 200, Loss: 2.7631, Train: 3.84%, Valid: 3.75%, Test: 4.43%, Best Valid: 44.18%, Best Test: 42.49%
Epoch: 300, Loss: 0.4786, Train: 62.21%, Valid: 61.75%, Test: 62.67%, Best Valid: 64.22%, Best Test: 64.41%
Epoch: 400, Loss: 0.1730, Train: 72.02%, Valid: 72.22%, Test: 72.99%, Best Valid: 77.93%, Best Test: 78.15%
Epoch: 500, Loss: 0.1219, Train: 77.34%, Valid: 77.27%, Test: 78.08%, Best Valid: 78.69%, Best Test: 79.10%
Epoch: 600, Loss: 0.0449, Train: 75.74%, Valid: 75.60%, Test: 76.66%, Best Valid: 78.87%, Best Test: 79.68%
Epoch: 700, Loss: 0.0545, Train: 72.96%, Valid: 73.05%, Test: 74.52%, Best Valid: 79.45%, Best Test: 80.99%
Epoch: 800, Loss: 0.0313, Train: 70.31%, Valid: 70.84%, Test: 71.57%, Best Valid: 79.45%, Best Test: 80.99%
Epoch: 900, Loss: 0.0063, Train: 77.14%, Valid: 76.58%, Test: 78.52%, Best Valid: 80.07%, Best Test: 81.35%
Epoch: 1000, Loss: 0.0102, Train: 74.78%, Valid: 75.09%, Test: 76.55%, Best Valid: 80.73%, Best Test: 81.32%
Epoch: 1100, Loss: 0.0095, Train: 73.55%, Valid: 73.31%, Test: 74.92%, Best Valid: 80.73%, Best Test: 81.32%
Run 10:
Highest Train: 80.45
Highest Valid: 80.73
Highest Test: 81.68
Chosen epoch: 960
Final Train: 80.27
Final Test: 81.32
All runs:
Highest Train: 82.63 ± 1.49
Highest Test: 83.80 ± 1.93
Highest Valid: 82.61 ± 1.57
  Final Train: 82.46 ± 1.52
   Final Test: 83.64 ± 1.88
Saving results to ../results/lowlabel/amazon-computer/polynormer.csv
--- mlp_reg | lambda=0.4 ---
Namespace(aggregate='add', alpha=0.5, attention='gcn', beta=-1.0, bn=False, budget_tag='20', count_reg=False, count_smoothing=1.0, cpu=False, data_dir='../data/', dataset='amazon-computer', device=0, dim_inner=64, display_step=100, dropout=0.7, epochs=500, global_dropout=None, global_epochs=1000, global_layers=1, gnn='gcn', graph_weight=0.8, hidden_channels=64, hops=10, in_dropout=0.2, jk=False, label_num_per_class=20, lambda_val=0.4, layers=1, ln=False, local_epochs=200, local_gnn_type='GCN', local_layers=5, lr=0.001, metric='acc', mlp_epochs=500, mlp_reg=True, model='polynormer', model_dir='models/lowlabel_1161133_192', n_heads=8, num_centroids=4096, num_heads=8, oracle_reg=False, paired_seeds=True, pe_types='RWSE', penalty_transform='none', pre_linear=False, pre_ln=False, rand_split=False, rand_split_class=False, reg_start_epoch=10, reg_update_freq=5, res=False, resample_split_per_run=False, result_dir='../results/lowlabel', runs=10, save_model=True, save_result=False, seed=42, test_num=1000, tr_dropout=None, tr_layers=1, tr_weight_decay=None, train_per_class=20, train_prop=0.5, use_act=False, use_bn=False, use_graph=False, use_reg=True, use_residual=False, use_weight=False, valid_num=500, valid_per_class=0, valid_prop=0.25, weight_decay=5e-05)
amazon-computer
dataset amazon-computer | num nodes 13752 | num edge 491722 | num node feats 767 | num classes 10
MODEL: Polynormer(
  (h_lins): ModuleList(
    (0): Linear(in_features=512, out_features=512, bias=True)
    (1): Linear(in_features=512, out_features=512, bias=True)
    (2): Linear(in_features=512, out_features=512, bias=True)
    (3): Linear(in_features=512, out_features=512, bias=True)
    (4): Linear(in_features=512, out_features=512, bias=True)
  )
  (local_convs): ModuleList(
    (0): GATConv(512, 64, heads=8)
    (1): GATConv(512, 64, heads=8)
    (2): GATConv(512, 64, heads=8)
    (3): GATConv(512, 64, heads=8)
    (4): GATConv(512, 64, heads=8)
  )
  (lins): ModuleList(
    (0): Linear(in_features=512, out_features=512, bias=True)
    (1): Linear(in_features=512, out_features=512, bias=True)
    (2): Linear(in_features=512, out_features=512, bias=True)
    (3): Linear(in_features=512, out_features=512, bias=True)
    (4): Linear(in_features=512, out_features=512, bias=True)
  )
  (lns): ModuleList(
    (0): LayerNorm((512,), eps=1e-05, elementwise_affine=True)
    (1): LayerNorm((512,), eps=1e-05, elementwise_affine=True)
    (2): LayerNorm((512,), eps=1e-05, elementwise_affine=True)
    (3): LayerNorm((512,), eps=1e-05, elementwise_affine=True)
    (4): LayerNorm((512,), eps=1e-05, elementwise_affine=True)
  )
  (lin_in): Linear(in_features=767, out_features=512, bias=True)
  (ln): LayerNorm((512,), eps=1e-05, elementwise_affine=True)
  (global_attn): GlobalAttn(
    (h_lins): ModuleList(
      (0): Linear(in_features=512, out_features=512, bias=True)
    )
    (k_lins): ModuleList(
      (0): Linear(in_features=512, out_features=512, bias=True)
    )
    (v_lins): ModuleList(
      (0): Linear(in_features=512, out_features=512, bias=True)
    )
    (lns): ModuleList(
      (0): LayerNorm((512,), eps=1e-05, elementwise_affine=True)
    )
    (lin_out): Linear(in_features=512, out_features=512, bias=True)
  )
  (pred_local): Linear(in_features=512, out_features=10, bias=True)
  (pred_global): Linear(in_features=512, out_features=10, bias=True)
)
Label budget: 20/class -> 200 train nodes
Pre-training MLP for 500 epochs to generate co-occurrence matrix...
MLP pre-training complete. Penalty matrix frozen.
Epoch: 00, Loss: 3.5666, Train: 3.84%, Valid: 3.75%, Test: 4.43%, Best Valid: 3.75%, Best Test: 4.43%
Epoch: 100, Loss: 3.3652, Train: 3.36%, Valid: 4.00%, Test: 3.64%, Best Valid: 36.76%, Best Test: 38.71%
Switching Polynormer to global attention phase.
Epoch: 200, Loss: 3.3408, Train: 47.62%, Valid: 45.42%, Test: 48.56%, Best Valid: 59.82%, Best Test: 61.29%
Epoch: 300, Loss: 0.3320, Train: 74.29%, Valid: 75.24%, Test: 75.79%, Best Valid: 80.40%, Best Test: 82.81%
Epoch: 400, Loss: 0.1344, Train: 79.75%, Valid: 80.44%, Test: 81.68%, Best Valid: 83.16%, Best Test: 83.50%
Epoch: 500, Loss: 0.0216, Train: 81.44%, Valid: 82.40%, Test: 83.24%, Best Valid: 83.93%, Best Test: 85.24%
Epoch: 600, Loss: 0.0778, Train: 81.07%, Valid: 82.07%, Test: 82.66%, Best Valid: 84.04%, Best Test: 85.21%
Epoch: 700, Loss: 0.1004, Train: 76.39%, Valid: 76.91%, Test: 77.50%, Best Valid: 84.04%, Best Test: 85.21%
Epoch: 800, Loss: 0.0134, Train: 82.00%, Valid: 82.65%, Test: 83.64%, Best Valid: 84.65%, Best Test: 86.33%
Epoch: 900, Loss: 0.0129, Train: 79.58%, Valid: 80.47%, Test: 81.53%, Best Valid: 84.65%, Best Test: 86.33%
Epoch: 1000, Loss: 0.0036, Train: 80.73%, Valid: 81.67%, Test: 82.55%, Best Valid: 84.65%, Best Test: 86.33%
Epoch: 1100, Loss: 0.0083, Train: 81.99%, Valid: 82.47%, Test: 83.46%, Best Valid: 84.65%, Best Test: 86.33%
Run 01:
Highest Train: 84.39
Highest Valid: 84.87
Highest Test: 86.33
Chosen epoch: 1169
Final Train: 84.39
Final Test: 86.19
Label budget: 20/class -> 200 train nodes
Pre-training MLP for 500 epochs to generate co-occurrence matrix...
MLP pre-training complete. Penalty matrix frozen.
Epoch: 00, Loss: 3.5051, Train: 3.04%, Valid: 3.67%, Test: 2.94%, Best Valid: 3.67%, Best Test: 2.94%
Epoch: 100, Loss: 3.2914, Train: 3.36%, Valid: 4.00%, Test: 3.64%, Best Valid: 36.18%, Best Test: 38.53%
Switching Polynormer to global attention phase.
Epoch: 200, Loss: 3.2236, Train: 3.36%, Valid: 4.00%, Test: 3.64%, Best Valid: 58.04%, Best Test: 59.61%
Epoch: 300, Loss: 0.5223, Train: 72.45%, Valid: 72.62%, Test: 75.32%, Best Valid: 79.53%, Best Test: 81.57%
Epoch: 400, Loss: 0.1058, Train: 75.59%, Valid: 77.13%, Test: 77.94%, Best Valid: 81.82%, Best Test: 82.48%
Epoch: 500, Loss: 0.1679, Train: 75.62%, Valid: 76.98%, Test: 77.35%, Best Valid: 82.65%, Best Test: 83.82%
Epoch: 600, Loss: 0.1641, Train: 81.17%, Valid: 82.04%, Test: 82.62%, Best Valid: 83.93%, Best Test: 85.10%
Epoch: 700, Loss: 0.0561, Train: 75.62%, Valid: 75.82%, Test: 76.63%, Best Valid: 84.04%, Best Test: 85.53%
Epoch: 800, Loss: 0.0353, Train: 78.05%, Valid: 78.18%, Test: 79.39%, Best Valid: 84.04%, Best Test: 85.53%
Epoch: 900, Loss: 0.0158, Train: 80.29%, Valid: 80.47%, Test: 81.75%, Best Valid: 84.04%, Best Test: 85.53%
Epoch: 1000, Loss: 0.0032, Train: 79.83%, Valid: 80.04%, Test: 81.53%, Best Valid: 84.04%, Best Test: 85.53%
Epoch: 1100, Loss: 0.0024, Train: 81.41%, Valid: 81.96%, Test: 83.53%, Best Valid: 84.04%, Best Test: 85.53%
Run 02:
Highest Train: 84.09
Highest Valid: 84.04
Highest Test: 85.53
Chosen epoch: 691
Final Train: 84.09
Final Test: 85.53
Label budget: 20/class -> 200 train nodes
Pre-training MLP for 500 epochs to generate co-occurrence matrix...
MLP pre-training complete. Penalty matrix frozen.
Epoch: 00, Loss: 3.4841, Train: 10.62%, Valid: 9.53%, Test: 10.03%, Best Valid: 9.53%, Best Test: 10.03%
Epoch: 100, Loss: 3.3289, Train: 37.60%, Valid: 36.18%, Test: 38.53%, Best Valid: 37.42%, Best Test: 40.20%
Switching Polynormer to global attention phase.
Epoch: 200, Loss: 3.2236, Train: 3.36%, Valid: 4.00%, Test: 3.64%, Best Valid: 65.93%, Best Test: 68.19%
Epoch: 300, Loss: 0.5048, Train: 70.57%, Valid: 70.25%, Test: 71.97%, Best Valid: 74.00%, Best Test: 73.61%
Epoch: 400, Loss: 0.2220, Train: 77.02%, Valid: 77.53%, Test: 78.77%, Best Valid: 77.53%, Best Test: 78.77%
Epoch: 500, Loss: 0.2327, Train: 78.31%, Valid: 80.04%, Test: 80.23%, Best Valid: 81.38%, Best Test: 81.82%
Epoch: 600, Loss: 0.1327, Train: 76.97%, Valid: 78.62%, Test: 78.77%, Best Valid: 82.55%, Best Test: 84.33%
Epoch: 700, Loss: 0.0428, Train: 75.13%, Valid: 74.91%, Test: 77.10%, Best Valid: 82.91%, Best Test: 84.26%
Epoch: 800, Loss: 0.0781, Train: 80.45%, Valid: 81.93%, Test: 82.84%, Best Valid: 82.98%, Best Test: 84.30%
Epoch: 900, Loss: 0.0229, Train: 74.57%, Valid: 75.16%, Test: 77.28%, Best Valid: 84.87%, Best Test: 86.40%
Epoch: 1000, Loss: 0.1173, Train: 82.23%, Valid: 83.05%, Test: 83.97%, Best Valid: 84.87%, Best Test: 86.40%
Epoch: 1100, Loss: 0.0141, Train: 82.10%, Valid: 83.02%, Test: 82.66%, Best Valid: 84.87%, Best Test: 86.40%
Run 03:
Highest Train: 84.40
Highest Valid: 84.98
Highest Test: 86.40
Chosen epoch: 1122
Final Train: 84.24
Final Test: 85.97
Label budget: 20/class -> 200 train nodes
Pre-training MLP for 500 epochs to generate co-occurrence matrix...
MLP pre-training complete. Penalty matrix frozen.
Epoch: 00, Loss: 3.7018, Train: 3.84%, Valid: 3.75%, Test: 4.43%, Best Valid: 3.75%, Best Test: 4.43%
Epoch: 100, Loss: 3.2588, Train: 3.36%, Valid: 4.00%, Test: 3.64%, Best Valid: 36.18%, Best Test: 38.53%
Switching Polynormer to global attention phase.
Epoch: 200, Loss: 3.2236, Train: 37.61%, Valid: 36.18%, Test: 38.53%, Best Valid: 68.15%, Best Test: 68.05%
Epoch: 300, Loss: 0.5616, Train: 69.31%, Valid: 70.95%, Test: 70.96%, Best Valid: 72.76%, Best Test: 73.68%
Epoch: 400, Loss: 0.2428, Train: 77.55%, Valid: 78.76%, Test: 78.66%, Best Valid: 81.56%, Best Test: 82.15%
Epoch: 500, Loss: 0.0812, Train: 81.69%, Valid: 81.49%, Test: 82.37%, Best Valid: 82.29%, Best Test: 82.95%
Epoch: 600, Loss: 0.1507, Train: 80.40%, Valid: 80.18%, Test: 81.82%, Best Valid: 82.29%, Best Test: 82.95%
Epoch: 700, Loss: 0.1204, Train: 80.04%, Valid: 79.64%, Test: 81.35%, Best Valid: 82.29%, Best Test: 82.95%
Epoch: 800, Loss: 0.0232, Train: 80.10%, Valid: 80.18%, Test: 80.63%, Best Valid: 82.29%, Best Test: 82.95%
Epoch: 900, Loss: 0.0359, Train: 81.53%, Valid: 80.87%, Test: 82.88%, Best Valid: 82.29%, Best Test: 82.95%
Epoch: 1000, Loss: 0.0322, Train: 79.11%, Valid: 79.09%, Test: 79.79%, Best Valid: 82.29%, Best Test: 82.95%
Epoch: 1100, Loss: 0.0264, Train: 79.31%, Valid: 79.27%, Test: 79.43%, Best Valid: 82.29%, Best Test: 82.95%
Run 04:
Highest Train: 82.71
Highest Valid: 82.29
Highest Test: 83.72
Chosen epoch: 499
Final Train: 82.17
Final Test: 82.95
Label budget: 20/class -> 200 train nodes
Pre-training MLP for 500 epochs to generate co-occurrence matrix...
MLP pre-training complete. Penalty matrix frozen.
Epoch: 00, Loss: 3.5790, Train: 3.48%, Valid: 3.53%, Test: 3.56%, Best Valid: 3.53%, Best Test: 3.56%
Epoch: 100, Loss: 3.2783, Train: 15.79%, Valid: 16.33%, Test: 14.69%, Best Valid: 36.18%, Best Test: 38.53%
Switching Polynormer to global attention phase.
Epoch: 200, Loss: 3.2236, Train: 15.79%, Valid: 16.33%, Test: 14.69%, Best Valid: 67.27%, Best Test: 68.23%
Epoch: 300, Loss: 0.6461, Train: 72.91%, Valid: 72.36%, Test: 73.39%, Best Valid: 72.36%, Best Test: 73.39%
Epoch: 400, Loss: 0.2165, Train: 76.75%, Valid: 75.67%, Test: 76.55%, Best Valid: 77.38%, Best Test: 78.15%
Epoch: 500, Loss: 0.0626, Train: 77.18%, Valid: 76.62%, Test: 77.68%, Best Valid: 78.15%, Best Test: 79.10%
Epoch: 600, Loss: 0.0268, Train: 76.67%, Valid: 76.58%, Test: 78.48%, Best Valid: 79.27%, Best Test: 81.06%
Epoch: 700, Loss: 0.0323, Train: 77.78%, Valid: 77.42%, Test: 78.77%, Best Valid: 79.27%, Best Test: 81.06%
Epoch: 800, Loss: 0.0209, Train: 76.04%, Valid: 75.82%, Test: 77.90%, Best Valid: 79.53%, Best Test: 81.13%
Epoch: 900, Loss: 0.0112, Train: 77.63%, Valid: 78.07%, Test: 78.70%, Best Valid: 79.67%, Best Test: 81.57%
Epoch: 1000, Loss: 0.0175, Train: 79.57%, Valid: 79.05%, Test: 80.73%, Best Valid: 81.13%, Best Test: 82.73%
Epoch: 1100, Loss: 0.0263, Train: 80.14%, Valid: 79.16%, Test: 81.79%, Best Valid: 81.13%, Best Test: 82.73%
Run 05:
Highest Train: 82.04
Highest Valid: 81.13
Highest Test: 83.42
Chosen epoch: 927
Final Train: 81.86
Final Test: 82.73
Label budget: 20/class -> 200 train nodes
Pre-training MLP for 500 epochs to generate co-occurrence matrix...
MLP pre-training complete. Penalty matrix frozen.
Epoch: 00, Loss: 3.5459, Train: 10.63%, Valid: 9.60%, Test: 10.11%, Best Valid: 9.60%, Best Test: 10.11%
Epoch: 100, Loss: 3.2456, Train: 39.20%, Valid: 38.65%, Test: 40.64%, Best Valid: 38.65%, Best Test: 40.64%
Switching Polynormer to global attention phase.
Epoch: 200, Loss: 3.2236, Train: 37.61%, Valid: 36.18%, Test: 38.53%, Best Valid: 62.91%, Best Test: 64.41%
Epoch: 300, Loss: 0.4391, Train: 66.16%, Valid: 67.49%, Test: 67.10%, Best Valid: 74.15%, Best Test: 73.39%
Epoch: 400, Loss: 0.2871, Train: 72.22%, Valid: 72.29%, Test: 72.74%, Best Valid: 76.98%, Best Test: 78.55%
Epoch: 500, Loss: 0.0573, Train: 73.09%, Valid: 73.38%, Test: 73.54%, Best Valid: 77.35%, Best Test: 77.72%
Epoch: 600, Loss: 0.0743, Train: 73.48%, Valid: 73.75%, Test: 74.08%, Best Valid: 77.64%, Best Test: 77.32%
Epoch: 700, Loss: 0.0636, Train: 72.79%, Valid: 73.24%, Test: 72.59%, Best Valid: 77.64%, Best Test: 77.32%
Epoch: 800, Loss: 0.0522, Train: 74.05%, Valid: 74.29%, Test: 74.26%, Best Valid: 77.64%, Best Test: 77.32%
Epoch: 900, Loss: 0.0216, Train: 75.52%, Valid: 74.95%, Test: 75.03%, Best Valid: 78.29%, Best Test: 78.70%
Epoch: 1000, Loss: 0.0194, Train: 73.83%, Valid: 74.40%, Test: 73.14%, Best Valid: 78.29%, Best Test: 78.70%
Epoch: 1100, Loss: 0.0396, Train: 72.46%, Valid: 72.40%, Test: 72.59%, Best Valid: 78.29%, Best Test: 78.70%
Run 06:
Highest Train: 78.52
Highest Valid: 78.62
Highest Test: 79.10
Chosen epoch: 1199
Final Train: 78.52
Final Test: 78.84
Label budget: 20/class -> 200 train nodes
Pre-training MLP for 500 epochs to generate co-occurrence matrix...
MLP pre-training complete. Penalty matrix frozen.
Epoch: 00, Loss: 3.5639, Train: 9.59%, Valid: 8.55%, Test: 8.91%, Best Valid: 8.55%, Best Test: 8.91%
Epoch: 100, Loss: 3.2446, Train: 34.77%, Valid: 34.33%, Test: 34.79%, Best Valid: 42.29%, Best Test: 44.20%
Switching Polynormer to global attention phase.
Epoch: 200, Loss: 3.2236, Train: 6.04%, Valid: 6.25%, Test: 5.38%, Best Valid: 68.18%, Best Test: 69.50%
Epoch: 300, Loss: 0.4104, Train: 75.68%, Valid: 75.20%, Test: 75.97%, Best Valid: 80.69%, Best Test: 80.70%
Epoch: 400, Loss: 0.2248, Train: 76.81%, Valid: 76.62%, Test: 77.28%, Best Valid: 83.49%, Best Test: 84.66%
Epoch: 500, Loss: 0.1222, Train: 82.57%, Valid: 83.53%, Test: 83.46%, Best Valid: 83.78%, Best Test: 84.55%
Epoch: 600, Loss: 0.0631, Train: 82.78%, Valid: 82.51%, Test: 84.11%, Best Valid: 84.15%, Best Test: 84.84%
Epoch: 700, Loss: 0.0713, Train: 81.08%, Valid: 81.53%, Test: 82.95%, Best Valid: 84.15%, Best Test: 84.84%
Epoch: 800, Loss: 0.0695, Train: 82.73%, Valid: 82.65%, Test: 84.08%, Best Valid: 84.15%, Best Test: 84.84%
Epoch: 900, Loss: 0.0361, Train: 81.98%, Valid: 82.51%, Test: 82.92%, Best Valid: 84.15%, Best Test: 84.84%
Epoch: 1000, Loss: 0.0320, Train: 82.35%, Valid: 83.09%, Test: 83.46%, Best Valid: 84.15%, Best Test: 84.84%
Epoch: 1100, Loss: 0.0230, Train: 81.75%, Valid: 81.75%, Test: 82.66%, Best Valid: 84.15%, Best Test: 84.84%
Run 07:
Highest Train: 83.88
Highest Valid: 84.15
Highest Test: 85.50
Chosen epoch: 531
Final Train: 83.44
Final Test: 84.84
Label budget: 20/class -> 200 train nodes
Pre-training MLP for 500 epochs to generate co-occurrence matrix...
MLP pre-training complete. Penalty matrix frozen.
Epoch: 00, Loss: 3.5679, Train: 16.05%, Valid: 16.40%, Test: 14.87%, Best Valid: 16.40%, Best Test: 14.87%
Epoch: 100, Loss: 3.3235, Train: 37.61%, Valid: 36.18%, Test: 38.53%, Best Valid: 37.60%, Best Test: 40.02%
Switching Polynormer to global attention phase.
Epoch: 200, Loss: 3.2236, Train: 1.96%, Valid: 2.55%, Test: 2.14%, Best Valid: 61.27%, Best Test: 62.92%
Epoch: 300, Loss: 0.4880, Train: 76.78%, Valid: 76.65%, Test: 78.26%, Best Valid: 78.76%, Best Test: 80.37%
Epoch: 400, Loss: 0.2710, Train: 77.14%, Valid: 76.95%, Test: 78.48%, Best Valid: 80.29%, Best Test: 81.17%
Epoch: 500, Loss: 0.1359, Train: 77.76%, Valid: 77.35%, Test: 79.39%, Best Valid: 81.49%, Best Test: 82.84%
Epoch: 600, Loss: 0.0657, Train: 79.54%, Valid: 78.80%, Test: 81.06%, Best Valid: 82.95%, Best Test: 84.37%
Epoch: 700, Loss: 0.0187, Train: 81.75%, Valid: 81.09%, Test: 82.48%, Best Valid: 82.98%, Best Test: 84.44%
Epoch: 800, Loss: 0.0438, Train: 80.08%, Valid: 79.53%, Test: 81.61%, Best Valid: 82.98%, Best Test: 84.44%
Epoch: 900, Loss: 0.0720, Train: 75.75%, Valid: 75.35%, Test: 76.66%, Best Valid: 82.98%, Best Test: 84.44%
Epoch: 1000, Loss: 0.0323, Train: 81.65%, Valid: 80.62%, Test: 82.95%, Best Valid: 82.98%, Best Test: 84.44%
Epoch: 1100, Loss: 0.0351, Train: 80.24%, Valid: 79.45%, Test: 81.86%, Best Valid: 82.98%, Best Test: 84.44%
Run 08:
Highest Train: 83.59
Highest Valid: 82.98
Highest Test: 84.91
Chosen epoch: 613
Final Train: 83.54
Final Test: 84.44
Label budget: 20/class -> 200 train nodes
Pre-training MLP for 500 epochs to generate co-occurrence matrix...
MLP pre-training complete. Penalty matrix frozen.
Epoch: 00, Loss: 3.6457, Train: 3.90%, Valid: 3.71%, Test: 4.51%, Best Valid: 3.71%, Best Test: 4.51%
Epoch: 100, Loss: 3.2560, Train: 37.80%, Valid: 36.25%, Test: 38.64%, Best Valid: 40.33%, Best Test: 41.98%
Switching Polynormer to global attention phase.
Epoch: 200, Loss: 3.2236, Train: 6.04%, Valid: 6.25%, Test: 5.38%, Best Valid: 72.47%, Best Test: 72.37%
Epoch: 300, Loss: 0.3849, Train: 67.18%, Valid: 67.64%, Test: 67.58%, Best Valid: 79.27%, Best Test: 79.93%
Epoch: 400, Loss: 0.1711, Train: 79.11%, Valid: 79.75%, Test: 80.19%, Best Valid: 79.75%, Best Test: 80.19%
Epoch: 500, Loss: 0.2330, Train: 74.39%, Valid: 75.42%, Test: 75.25%, Best Valid: 80.58%, Best Test: 81.82%
Epoch: 600, Loss: 0.0779, Train: 79.65%, Valid: 80.36%, Test: 80.48%, Best Valid: 81.49%, Best Test: 81.79%
Epoch: 700, Loss: 0.0968, Train: 81.29%, Valid: 81.24%, Test: 82.59%, Best Valid: 81.49%, Best Test: 81.79%
Epoch: 800, Loss: 0.0687, Train: 80.33%, Valid: 80.44%, Test: 82.08%, Best Valid: 81.64%, Best Test: 82.95%
Epoch: 900, Loss: 0.0652, Train: 78.25%, Valid: 78.36%, Test: 80.04%, Best Valid: 81.64%, Best Test: 82.95%
Epoch: 1000, Loss: 0.0332, Train: 78.83%, Valid: 79.02%, Test: 79.86%, Best Valid: 82.00%, Best Test: 82.73%
Epoch: 1100, Loss: 0.0498, Train: 79.49%, Valid: 80.07%, Test: 80.04%, Best Valid: 82.00%, Best Test: 82.73%
Run 09:
Highest Train: 81.76
Highest Valid: 82.00
Highest Test: 82.95
Chosen epoch: 974
Final Train: 81.76
Final Test: 82.73
Label budget: 20/class -> 200 train nodes
Pre-training MLP for 500 epochs to generate co-occurrence matrix...
MLP pre-training complete. Penalty matrix frozen.
Epoch: 00, Loss: 3.7666, Train: 15.50%, Valid: 16.00%, Test: 15.38%, Best Valid: 16.00%, Best Test: 15.38%
Epoch: 100, Loss: 3.2752, Train: 15.50%, Valid: 16.00%, Test: 15.38%, Best Valid: 36.18%, Best Test: 38.53%
Switching Polynormer to global attention phase.
Epoch: 200, Loss: 3.2236, Train: 3.84%, Valid: 3.75%, Test: 4.43%, Best Valid: 56.25%, Best Test: 56.71%
Epoch: 300, Loss: 0.6370, Train: 70.44%, Valid: 69.96%, Test: 71.36%, Best Valid: 70.36%, Best Test: 71.14%
Epoch: 400, Loss: 0.3234, Train: 71.08%, Valid: 72.36%, Test: 72.66%, Best Valid: 76.00%, Best Test: 76.05%
Epoch: 500, Loss: 0.1031, Train: 75.85%, Valid: 75.82%, Test: 76.74%, Best Valid: 79.49%, Best Test: 79.97%
Epoch: 600, Loss: 0.0410, Train: 77.60%, Valid: 78.11%, Test: 78.81%, Best Valid: 79.56%, Best Test: 79.83%
Epoch: 700, Loss: 0.0190, Train: 78.43%, Valid: 78.65%, Test: 79.79%, Best Valid: 79.85%, Best Test: 80.55%
Epoch: 800, Loss: 0.0090, Train: 76.40%, Valid: 76.87%, Test: 77.54%, Best Valid: 79.85%, Best Test: 80.55%
Epoch: 900, Loss: 0.0027, Train: 77.12%, Valid: 77.89%, Test: 78.37%, Best Valid: 80.98%, Best Test: 81.97%
Epoch: 1000, Loss: 0.0072, Train: 77.40%, Valid: 78.15%, Test: 78.04%, Best Valid: 80.98%, Best Test: 81.97%
Epoch: 1100, Loss: 0.0095, Train: 80.24%, Valid: 80.25%, Test: 81.50%, Best Valid: 80.98%, Best Test: 81.97%
Run 10:
Highest Train: 80.85
Highest Valid: 80.98
Highest Test: 81.97
Chosen epoch: 847
Final Train: 80.24
Final Test: 81.97
All runs:
Highest Train: 82.62 ± 1.89
Highest Test: 83.98 ± 2.27
Highest Valid: 82.60 ± 2.01
  Final Train: 82.43 ± 1.92
   Final Test: 83.62 ± 2.25
Saving results to ../results/lowlabel/amazon-computer/polynormer.csv
--- mlp_reg | lambda=0.8 ---
Namespace(aggregate='add', alpha=0.5, attention='gcn', beta=-1.0, bn=False, budget_tag='20', count_reg=False, count_smoothing=1.0, cpu=False, data_dir='../data/', dataset='amazon-computer', device=0, dim_inner=64, display_step=100, dropout=0.7, epochs=500, global_dropout=None, global_epochs=1000, global_layers=1, gnn='gcn', graph_weight=0.8, hidden_channels=64, hops=10, in_dropout=0.2, jk=False, label_num_per_class=20, lambda_val=0.8, layers=1, ln=False, local_epochs=200, local_gnn_type='GCN', local_layers=5, lr=0.001, metric='acc', mlp_epochs=500, mlp_reg=True, model='polynormer', model_dir='models/lowlabel_1161133_192', n_heads=8, num_centroids=4096, num_heads=8, oracle_reg=False, paired_seeds=True, pe_types='RWSE', penalty_transform='none', pre_linear=False, pre_ln=False, rand_split=False, rand_split_class=False, reg_start_epoch=10, reg_update_freq=5, res=False, resample_split_per_run=False, result_dir='../results/lowlabel', runs=10, save_model=True, save_result=False, seed=42, test_num=1000, tr_dropout=None, tr_layers=1, tr_weight_decay=None, train_per_class=20, train_prop=0.5, use_act=False, use_bn=False, use_graph=False, use_reg=True, use_residual=False, use_weight=False, valid_num=500, valid_per_class=0, valid_prop=0.25, weight_decay=5e-05)
amazon-computer
dataset amazon-computer | num nodes 13752 | num edge 491722 | num node feats 767 | num classes 10
MODEL: Polynormer(
  (h_lins): ModuleList(
    (0): Linear(in_features=512, out_features=512, bias=True)
    (1): Linear(in_features=512, out_features=512, bias=True)
    (2): Linear(in_features=512, out_features=512, bias=True)
    (3): Linear(in_features=512, out_features=512, bias=True)
    (4): Linear(in_features=512, out_features=512, bias=True)
  )
  (local_convs): ModuleList(
    (0): GATConv(512, 64, heads=8)
    (1): GATConv(512, 64, heads=8)
    (2): GATConv(512, 64, heads=8)
    (3): GATConv(512, 64, heads=8)
    (4): GATConv(512, 64, heads=8)
  )
  (lins): ModuleList(
    (0): Linear(in_features=512, out_features=512, bias=True)
    (1): Linear(in_features=512, out_features=512, bias=True)
    (2): Linear(in_features=512, out_features=512, bias=True)
    (3): Linear(in_features=512, out_features=512, bias=True)
    (4): Linear(in_features=512, out_features=512, bias=True)
  )
  (lns): ModuleList(
    (0): LayerNorm((512,), eps=1e-05, elementwise_affine=True)
    (1): LayerNorm((512,), eps=1e-05, elementwise_affine=True)
    (2): LayerNorm((512,), eps=1e-05, elementwise_affine=True)
    (3): LayerNorm((512,), eps=1e-05, elementwise_affine=True)
    (4): LayerNorm((512,), eps=1e-05, elementwise_affine=True)
  )
  (lin_in): Linear(in_features=767, out_features=512, bias=True)
  (ln): LayerNorm((512,), eps=1e-05, elementwise_affine=True)
  (global_attn): GlobalAttn(
    (h_lins): ModuleList(
      (0): Linear(in_features=512, out_features=512, bias=True)
    )
    (k_lins): ModuleList(
      (0): Linear(in_features=512, out_features=512, bias=True)
    )
    (v_lins): ModuleList(
      (0): Linear(in_features=512, out_features=512, bias=True)
    )
    (lns): ModuleList(
      (0): LayerNorm((512,), eps=1e-05, elementwise_affine=True)
    )
    (lin_out): Linear(in_features=512, out_features=512, bias=True)
  )
  (pred_local): Linear(in_features=512, out_features=10, bias=True)
  (pred_global): Linear(in_features=512, out_features=10, bias=True)
)
Label budget: 20/class -> 200 train nodes
Pre-training MLP for 500 epochs to generate co-occurrence matrix...
MLP pre-training complete. Penalty matrix frozen.
Epoch: 00, Loss: 4.5856, Train: 3.84%, Valid: 3.75%, Test: 4.43%, Best Valid: 3.75%, Best Test: 4.43%
Epoch: 100, Loss: 4.3820, Train: 37.61%, Valid: 36.18%, Test: 38.53%, Best Valid: 36.98%, Best Test: 39.11%
Switching Polynormer to global attention phase.
Epoch: 200, Loss: 4.3401, Train: 53.80%, Valid: 52.95%, Test: 55.29%, Best Valid: 65.82%, Best Test: 67.14%
Epoch: 300, Loss: 0.4778, Train: 75.78%, Valid: 77.02%, Test: 77.50%, Best Valid: 78.84%, Best Test: 79.53%
Epoch: 400, Loss: 0.3106, Train: 81.00%, Valid: 80.76%, Test: 83.35%, Best Valid: 84.11%, Best Test: 85.53%
Epoch: 500, Loss: 0.0305, Train: 82.63%, Valid: 83.13%, Test: 84.77%, Best Valid: 84.11%, Best Test: 85.53%
Epoch: 600, Loss: 0.0610, Train: 80.86%, Valid: 81.53%, Test: 81.90%, Best Valid: 84.11%, Best Test: 85.53%
Epoch: 700, Loss: 0.0692, Train: 82.27%, Valid: 82.87%, Test: 83.57%, Best Valid: 84.11%, Best Test: 85.53%
Epoch: 800, Loss: 0.0256, Train: 81.15%, Valid: 81.64%, Test: 83.42%, Best Valid: 84.58%, Best Test: 85.93%
Epoch: 900, Loss: 0.0450, Train: 79.58%, Valid: 81.02%, Test: 82.12%, Best Valid: 84.58%, Best Test: 85.93%
Epoch: 1000, Loss: 0.0326, Train: 81.55%, Valid: 82.22%, Test: 83.42%, Best Valid: 84.58%, Best Test: 85.93%
Epoch: 1100, Loss: 0.0051, Train: 81.43%, Valid: 82.91%, Test: 84.01%, Best Valid: 84.58%, Best Test: 85.93%
Run 01:
Highest Train: 83.98
Highest Valid: 84.58
Highest Test: 85.97
Chosen epoch: 773
Final Train: 83.92
Final Test: 85.93
Label budget: 20/class -> 200 train nodes
Pre-training MLP for 500 epochs to generate co-occurrence matrix...
MLP pre-training complete. Penalty matrix frozen.
Epoch: 00, Loss: 4.5065, Train: 3.36%, Valid: 4.00%, Test: 3.64%, Best Valid: 4.00%, Best Test: 3.64%
Epoch: 100, Loss: 4.3917, Train: 3.36%, Valid: 4.00%, Test: 3.64%, Best Valid: 36.11%, Best Test: 38.53%
Switching Polynormer to global attention phase.
Epoch: 200, Loss: 4.1447, Train: 3.36%, Valid: 4.00%, Test: 3.64%, Best Valid: 67.05%, Best Test: 67.21%
Epoch: 300, Loss: 0.5284, Train: 75.59%, Valid: 75.67%, Test: 75.83%, Best Valid: 77.38%, Best Test: 78.34%
Epoch: 400, Loss: 0.1978, Train: 76.35%, Valid: 76.22%, Test: 77.14%, Best Valid: 79.38%, Best Test: 80.41%
Epoch: 500, Loss: 0.0507, Train: 76.02%, Valid: 75.82%, Test: 77.24%, Best Valid: 79.38%, Best Test: 80.41%
Epoch: 600, Loss: 0.1022, Train: 76.96%, Valid: 77.16%, Test: 77.90%, Best Valid: 79.96%, Best Test: 80.59%
Epoch: 700, Loss: 0.1266, Train: 76.09%, Valid: 76.04%, Test: 77.03%, Best Valid: 79.96%, Best Test: 80.59%
Epoch: 800, Loss: 0.0118, Train: 78.05%, Valid: 77.85%, Test: 79.53%, Best Valid: 79.96%, Best Test: 80.59%
Epoch: 900, Loss: 0.0028, Train: 77.78%, Valid: 77.35%, Test: 79.39%, Best Valid: 79.96%, Best Test: 80.59%
Epoch: 1000, Loss: 0.0128, Train: 78.28%, Valid: 78.47%, Test: 79.24%, Best Valid: 81.67%, Best Test: 83.32%
Epoch: 1100, Loss: 0.1298, Train: 80.40%, Valid: 79.24%, Test: 81.24%, Best Valid: 81.67%, Best Test: 83.32%
Run 02:
Highest Train: 81.91
Highest Valid: 82.00
Highest Test: 83.32
Chosen epoch: 1163
Final Train: 81.67
Final Test: 82.55
Label budget: 20/class -> 200 train nodes
Pre-training MLP for 500 epochs to generate co-occurrence matrix...
MLP pre-training complete. Penalty matrix frozen.
Epoch: 00, Loss: 4.4796, Train: 10.62%, Valid: 9.53%, Test: 10.03%, Best Valid: 9.53%, Best Test: 10.03%
Epoch: 100, Loss: 4.3473, Train: 3.36%, Valid: 4.00%, Test: 3.64%, Best Valid: 36.18%, Best Test: 38.53%
Switching Polynormer to global attention phase.
Epoch: 200, Loss: 4.1447, Train: 37.61%, Valid: 36.18%, Test: 38.53%, Best Valid: 41.89%, Best Test: 40.57%
Epoch: 300, Loss: 1.0875, Train: 71.55%, Valid: 71.31%, Test: 71.10%, Best Valid: 71.75%, Best Test: 71.50%
Epoch: 400, Loss: 0.3433, Train: 80.35%, Valid: 80.07%, Test: 81.61%, Best Valid: 82.58%, Best Test: 84.99%
Epoch: 500, Loss: 0.1425, Train: 82.79%, Valid: 82.73%, Test: 83.39%, Best Valid: 83.49%, Best Test: 85.46%
Epoch: 600, Loss: 0.2625, Train: 83.44%, Valid: 83.75%, Test: 84.70%, Best Valid: 84.29%, Best Test: 85.06%
Epoch: 700, Loss: 0.1434, Train: 81.78%, Valid: 82.00%, Test: 82.55%, Best Valid: 84.55%, Best Test: 85.17%
Epoch: 800, Loss: 0.0278, Train: 80.56%, Valid: 80.98%, Test: 81.24%, Best Valid: 84.55%, Best Test: 85.17%
Epoch: 900, Loss: 0.0165, Train: 81.74%, Valid: 82.15%, Test: 82.26%, Best Valid: 84.55%, Best Test: 85.17%
Epoch: 1000, Loss: 0.0196, Train: 82.62%, Valid: 83.49%, Test: 83.93%, Best Valid: 84.55%, Best Test: 85.17%
Epoch: 1100, Loss: 0.0270, Train: 79.72%, Valid: 80.29%, Test: 80.41%, Best Valid: 84.55%, Best Test: 85.17%
Run 03:
Highest Train: 84.61
Highest Valid: 84.55
Highest Test: 85.64
Chosen epoch: 689
Final Train: 84.61
Final Test: 85.17
Label budget: 20/class -> 200 train nodes
Pre-training MLP for 500 epochs to generate co-occurrence matrix...
MLP pre-training complete. Penalty matrix frozen.
Epoch: 00, Loss: 4.7595, Train: 3.84%, Valid: 3.75%, Test: 4.43%, Best Valid: 3.75%, Best Test: 4.43%
Epoch: 100, Loss: 3.8945, Train: 19.04%, Valid: 20.00%, Test: 18.58%, Best Valid: 20.00%, Best Test: 18.58%
Switching Polynormer to global attention phase.
Epoch: 200, Loss: 4.1447, Train: 3.84%, Valid: 3.75%, Test: 4.43%, Best Valid: 41.13%, Best Test: 38.50%
Epoch: 300, Loss: 1.4775, Train: 53.29%, Valid: 54.44%, Test: 52.96%, Best Valid: 54.44%, Best Test: 52.96%
Epoch: 400, Loss: 0.7123, Train: 76.84%, Valid: 77.16%, Test: 75.97%, Best Valid: 77.85%, Best Test: 78.15%
Epoch: 500, Loss: 0.3344, Train: 76.81%, Valid: 76.73%, Test: 76.44%, Best Valid: 79.96%, Best Test: 80.23%
Epoch: 600, Loss: 0.0704, Train: 81.37%, Valid: 81.20%, Test: 80.92%, Best Valid: 82.00%, Best Test: 82.26%
Epoch: 700, Loss: 0.0399, Train: 78.79%, Valid: 79.56%, Test: 78.37%, Best Valid: 82.44%, Best Test: 82.26%
Epoch: 800, Loss: 0.0149, Train: 79.26%, Valid: 78.87%, Test: 79.10%, Best Valid: 82.51%, Best Test: 82.22%
Epoch: 900, Loss: 0.0936, Train: 77.54%, Valid: 77.85%, Test: 77.35%, Best Valid: 82.51%, Best Test: 82.22%
Epoch: 1000, Loss: 0.5850, Train: 73.57%, Valid: 73.75%, Test: 73.61%, Best Valid: 82.51%, Best Test: 82.22%
Epoch: 1100, Loss: 0.1098, Train: 78.71%, Valid: 77.64%, Test: 77.97%, Best Valid: 82.51%, Best Test: 82.22%
Run 04:
Highest Train: 82.37
Highest Valid: 82.51
Highest Test: 82.48
Chosen epoch: 732
Final Train: 82.01
Final Test: 82.22
Label budget: 20/class -> 200 train nodes
Pre-training MLP for 500 epochs to generate co-occurrence matrix...
MLP pre-training complete. Penalty matrix frozen.
Epoch: 00, Loss: 4.6016, Train: 17.99%, Valid: 17.53%, Test: 15.99%, Best Valid: 17.53%, Best Test: 15.99%
Epoch: 100, Loss: 4.4123, Train: 15.79%, Valid: 16.33%, Test: 14.69%, Best Valid: 36.18%, Best Test: 38.50%
Switching Polynormer to global attention phase.
Epoch: 200, Loss: 4.1447, Train: 15.79%, Valid: 16.33%, Test: 14.69%, Best Valid: 44.91%, Best Test: 43.11%
Epoch: 300, Loss: 1.1372, Train: 63.30%, Valid: 62.44%, Test: 63.58%, Best Valid: 68.47%, Best Test: 67.76%
Epoch: 400, Loss: 0.4836, Train: 74.09%, Valid: 73.27%, Test: 74.15%, Best Valid: 75.96%, Best Test: 76.34%
Epoch: 500, Loss: 0.1930, Train: 77.13%, Valid: 76.11%, Test: 76.26%, Best Valid: 76.98%, Best Test: 77.21%
Epoch: 600, Loss: 0.0869, Train: 75.89%, Valid: 75.49%, Test: 76.41%, Best Valid: 77.24%, Best Test: 78.74%
Epoch: 700, Loss: 0.0526, Train: 73.57%, Valid: 73.82%, Test: 73.94%, Best Valid: 77.24%, Best Test: 78.74%
Epoch: 800, Loss: 0.0109, Train: 76.84%, Valid: 76.25%, Test: 77.75%, Best Valid: 77.93%, Best Test: 79.46%
Epoch: 900, Loss: 0.0833, Train: 76.79%, Valid: 77.02%, Test: 77.61%, Best Valid: 78.00%, Best Test: 78.81%
Epoch: 1000, Loss: 0.1023, Train: 77.53%, Valid: 77.42%, Test: 78.84%, Best Valid: 78.33%, Best Test: 79.10%
Epoch: 1100, Loss: 0.0884, Train: 73.94%, Valid: 73.85%, Test: 73.32%, Best Valid: 78.33%, Best Test: 79.10%
Run 05:
Highest Train: 79.53
Highest Valid: 79.42
Highest Test: 80.23
Chosen epoch: 1125
Final Train: 79.53
Final Test: 79.97
Label budget: 20/class -> 200 train nodes
Pre-training MLP for 500 epochs to generate co-occurrence matrix...
MLP pre-training complete. Penalty matrix frozen.
Epoch: 00, Loss: 4.5590, Train: 10.34%, Valid: 9.42%, Test: 10.03%, Best Valid: 9.42%, Best Test: 10.03%
Epoch: 100, Loss: 4.4183, Train: 3.53%, Valid: 4.15%, Test: 3.96%, Best Valid: 37.35%, Best Test: 39.33%
Switching Polynormer to global attention phase.
Epoch: 200, Loss: 4.1447, Train: 37.61%, Valid: 36.18%, Test: 38.53%, Best Valid: 58.00%, Best Test: 57.18%
Epoch: 300, Loss: 0.7427, Train: 61.36%, Valid: 61.78%, Test: 62.09%, Best Valid: 72.04%, Best Test: 72.16%
Epoch: 400, Loss: 0.4209, Train: 74.31%, Valid: 74.84%, Test: 75.14%, Best Valid: 76.29%, Best Test: 76.70%
Epoch: 500, Loss: 0.2623, Train: 75.85%, Valid: 75.64%, Test: 76.23%, Best Valid: 77.67%, Best Test: 77.90%
Epoch: 600, Loss: 0.1142, Train: 74.72%, Valid: 74.58%, Test: 74.19%, Best Valid: 77.67%, Best Test: 77.90%
Epoch: 700, Loss: 0.0380, Train: 74.95%, Valid: 75.09%, Test: 74.63%, Best Valid: 77.93%, Best Test: 77.39%
Epoch: 800, Loss: 0.0365, Train: 75.91%, Valid: 75.75%, Test: 76.12%, Best Valid: 79.24%, Best Test: 79.90%
Epoch: 900, Loss: 0.0099, Train: 76.91%, Valid: 76.80%, Test: 77.17%, Best Valid: 79.49%, Best Test: 80.04%
Epoch: 1000, Loss: 0.0286, Train: 75.47%, Valid: 75.27%, Test: 74.99%, Best Valid: 79.49%, Best Test: 80.04%
Epoch: 1100, Loss: 0.0450, Train: 77.99%, Valid: 77.89%, Test: 78.08%, Best Valid: 79.49%, Best Test: 80.04%
Run 06:
Highest Train: 80.14
Highest Valid: 79.82
Highest Test: 80.44
Chosen epoch: 1179
Final Train: 79.43
Final Test: 79.50
Label budget: 20/class -> 200 train nodes
Pre-training MLP for 500 epochs to generate co-occurrence matrix...
MLP pre-training complete. Penalty matrix frozen.
Epoch: 00, Loss: 4.5821, Train: 10.60%, Valid: 9.53%, Test: 10.07%, Best Valid: 9.53%, Best Test: 10.07%
Epoch: 100, Loss: 4.1660, Train: 37.60%, Valid: 36.15%, Test: 38.53%, Best Valid: 36.18%, Best Test: 38.50%
Switching Polynormer to global attention phase.
Epoch: 200, Loss: 4.1447, Train: 15.79%, Valid: 16.33%, Test: 14.69%, Best Valid: 74.51%, Best Test: 75.10%
Epoch: 300, Loss: 0.8957, Train: 74.90%, Valid: 75.60%, Test: 75.21%, Best Valid: 76.76%, Best Test: 77.35%
Epoch: 400, Loss: 0.3985, Train: 77.89%, Valid: 78.04%, Test: 78.19%, Best Valid: 82.65%, Best Test: 82.77%
Epoch: 500, Loss: 0.2279, Train: 81.08%, Valid: 80.95%, Test: 81.06%, Best Valid: 82.65%, Best Test: 82.77%
Epoch: 600, Loss: 0.1156, Train: 80.83%, Valid: 80.84%, Test: 81.50%, Best Valid: 82.65%, Best Test: 82.77%
Epoch: 700, Loss: 0.0357, Train: 81.36%, Valid: 81.49%, Test: 82.55%, Best Valid: 82.65%, Best Test: 82.77%
Epoch: 800, Loss: 0.0490, Train: 81.02%, Valid: 81.20%, Test: 82.41%, Best Valid: 82.65%, Best Test: 82.77%
Epoch: 900, Loss: 0.0176, Train: 80.34%, Valid: 80.73%, Test: 81.28%, Best Valid: 82.87%, Best Test: 83.82%
Epoch: 1000, Loss: 0.0391, Train: 79.57%, Valid: 79.64%, Test: 80.26%, Best Valid: 82.87%, Best Test: 83.82%
Epoch: 1100, Loss: 0.0836, Train: 79.03%, Valid: 79.02%, Test: 79.24%, Best Valid: 82.87%, Best Test: 83.82%
Run 07:
Highest Train: 82.46
Highest Valid: 82.87
Highest Test: 83.82
Chosen epoch: 893
Final Train: 82.34
Final Test: 83.82
Label budget: 20/class -> 200 train nodes
Pre-training MLP for 500 epochs to generate co-occurrence matrix...
MLP pre-training complete. Penalty matrix frozen.
Epoch: 00, Loss: 4.5873, Train: 37.38%, Valid: 35.75%, Test: 38.10%, Best Valid: 35.75%, Best Test: 38.10%
Epoch: 100, Loss: 4.3352, Train: 37.61%, Valid: 36.18%, Test: 38.53%, Best Valid: 36.18%, Best Test: 38.53%
Switching Polynormer to global attention phase.
Epoch: 200, Loss: 4.1447, Train: 1.96%, Valid: 2.55%, Test: 2.14%, Best Valid: 68.07%, Best Test: 67.25%
Epoch: 300, Loss: 0.5900, Train: 74.03%, Valid: 73.93%, Test: 75.65%, Best Valid: 78.58%, Best Test: 79.24%
Epoch: 400, Loss: 0.4134, Train: 79.20%, Valid: 79.27%, Test: 80.23%, Best Valid: 82.04%, Best Test: 84.22%
Epoch: 500, Loss: 0.1777, Train: 81.14%, Valid: 80.18%, Test: 83.17%, Best Valid: 82.04%, Best Test: 84.22%
Epoch: 600, Loss: 0.0834, Train: 82.17%, Valid: 81.49%, Test: 84.33%, Best Valid: 82.98%, Best Test: 85.06%
Epoch: 700, Loss: 0.0924, Train: 82.44%, Valid: 81.78%, Test: 84.37%, Best Valid: 83.53%, Best Test: 85.64%
Epoch: 800, Loss: 0.0266, Train: 80.63%, Valid: 80.15%, Test: 83.02%, Best Valid: 83.89%, Best Test: 85.39%
Epoch: 900, Loss: 0.0451, Train: 82.54%, Valid: 82.69%, Test: 84.70%, Best Valid: 83.89%, Best Test: 85.39%
Epoch: 1000, Loss: 0.0348, Train: 83.25%, Valid: 83.09%, Test: 84.48%, Best Valid: 83.93%, Best Test: 85.57%
Epoch: 1100, Loss: 0.0345, Train: 83.57%, Valid: 83.42%, Test: 86.40%, Best Valid: 84.47%, Best Test: 86.55%
Run 08:
Highest Train: 84.49
Highest Valid: 84.47
Highest Test: 86.55
Chosen epoch: 1072
Final Train: 84.49
Final Test: 86.55
Label budget: 20/class -> 200 train nodes
Pre-training MLP for 500 epochs to generate co-occurrence matrix...
MLP pre-training complete. Penalty matrix frozen.
Epoch: 00, Loss: 4.6874, Train: 4.14%, Valid: 4.00%, Test: 4.62%, Best Valid: 4.00%, Best Test: 4.62%
Epoch: 100, Loss: 4.3102, Train: 38.26%, Valid: 38.36%, Test: 37.33%, Best Valid: 46.15%, Best Test: 47.26%
Switching Polynormer to global attention phase.
Epoch: 200, Loss: 4.1447, Train: 6.04%, Valid: 6.25%, Test: 5.38%, Best Valid: 68.47%, Best Test: 70.56%
Epoch: 300, Loss: 0.5488, Train: 75.35%, Valid: 76.58%, Test: 77.54%, Best Valid: 79.35%, Best Test: 80.30%
Epoch: 400, Loss: 0.2793, Train: 82.03%, Valid: 82.00%, Test: 83.02%, Best Valid: 82.58%, Best Test: 83.57%
Epoch: 500, Loss: 0.2774, Train: 80.66%, Valid: 80.98%, Test: 81.53%, Best Valid: 83.24%, Best Test: 83.57%
Epoch: 600, Loss: 0.1314, Train: 80.61%, Valid: 80.33%, Test: 81.68%, Best Valid: 83.24%, Best Test: 83.57%
Epoch: 700, Loss: 0.0282, Train: 79.19%, Valid: 79.82%, Test: 81.57%, Best Valid: 83.45%, Best Test: 84.51%
Epoch: 800, Loss: 0.0591, Train: 82.22%, Valid: 82.55%, Test: 82.95%, Best Valid: 83.45%, Best Test: 84.51%
Epoch: 900, Loss: 0.0372, Train: 78.33%, Valid: 78.11%, Test: 79.57%, Best Valid: 83.45%, Best Test: 84.51%
Epoch: 1000, Loss: 0.0108, Train: 79.19%, Valid: 79.20%, Test: 80.66%, Best Valid: 83.45%, Best Test: 84.51%
Epoch: 1100, Loss: 0.0174, Train: 81.19%, Valid: 81.05%, Test: 81.93%, Best Valid: 83.45%, Best Test: 84.51%
Run 09:
Highest Train: 83.44
Highest Valid: 83.45
Highest Test: 84.77
Chosen epoch: 607
Final Train: 82.81
Final Test: 84.51
Label budget: 20/class -> 200 train nodes
Pre-training MLP for 500 epochs to generate co-occurrence matrix...
MLP pre-training complete. Penalty matrix frozen.
Epoch: 00, Loss: 4.8428, Train: 15.50%, Valid: 16.00%, Test: 15.38%, Best Valid: 16.00%, Best Test: 15.38%
Epoch: 100, Loss: 4.2115, Train: 15.84%, Valid: 16.44%, Test: 15.59%, Best Valid: 36.15%, Best Test: 38.57%
Switching Polynormer to global attention phase.
Epoch: 200, Loss: 4.1447, Train: 3.84%, Valid: 3.75%, Test: 4.43%, Best Valid: 42.44%, Best Test: 41.19%
Epoch: 300, Loss: 0.6634, Train: 65.52%, Valid: 64.87%, Test: 66.81%, Best Valid: 68.58%, Best Test: 69.03%
Epoch: 400, Loss: 0.3561, Train: 73.51%, Valid: 73.49%, Test: 73.32%, Best Valid: 76.15%, Best Test: 77.06%
Epoch: 500, Loss: 0.1653, Train: 76.06%, Valid: 76.29%, Test: 77.28%, Best Valid: 78.07%, Best Test: 78.26%
Epoch: 600, Loss: 0.0901, Train: 75.85%, Valid: 75.85%, Test: 77.17%, Best Valid: 79.49%, Best Test: 79.28%
Epoch: 700, Loss: 0.2612, Train: 74.17%, Valid: 75.20%, Test: 74.70%, Best Valid: 81.24%, Best Test: 80.63%
Epoch: 800, Loss: 0.0097, Train: 75.26%, Valid: 76.25%, Test: 76.81%, Best Valid: 81.24%, Best Test: 80.63%
Epoch: 900, Loss: 0.0090, Train: 74.66%, Valid: 75.64%, Test: 76.05%, Best Valid: 81.24%, Best Test: 80.63%
Epoch: 1000, Loss: 0.0116, Train: 79.09%, Valid: 79.78%, Test: 80.77%, Best Valid: 81.24%, Best Test: 80.63%
Epoch: 1100, Loss: 0.0072, Train: 71.71%, Valid: 73.05%, Test: 72.77%, Best Valid: 81.24%, Best Test: 80.63%
Run 10:
Highest Train: 79.84
Highest Valid: 81.24
Highest Test: 81.53
Chosen epoch: 692
Final Train: 79.25
Final Test: 80.63
All runs:
Highest Train: 82.28 ± 1.91
Highest Test: 83.48 ± 2.28
Highest Valid: 82.49 ± 1.89
  Final Train: 82.01 ± 2.05
   Final Test: 83.09 ± 2.51
Saving results to ../results/lowlabel/amazon-computer/polynormer.csv
--- mlp_reg | lambda=1.6 ---
Namespace(aggregate='add', alpha=0.5, attention='gcn', beta=-1.0, bn=False, budget_tag='20', count_reg=False, count_smoothing=1.0, cpu=False, data_dir='../data/', dataset='amazon-computer', device=0, dim_inner=64, display_step=100, dropout=0.7, epochs=500, global_dropout=None, global_epochs=1000, global_layers=1, gnn='gcn', graph_weight=0.8, hidden_channels=64, hops=10, in_dropout=0.2, jk=False, label_num_per_class=20, lambda_val=1.6, layers=1, ln=False, local_epochs=200, local_gnn_type='GCN', local_layers=5, lr=0.001, metric='acc', mlp_epochs=500, mlp_reg=True, model='polynormer', model_dir='models/lowlabel_1161133_192', n_heads=8, num_centroids=4096, num_heads=8, oracle_reg=False, paired_seeds=True, pe_types='RWSE', penalty_transform='none', pre_linear=False, pre_ln=False, rand_split=False, rand_split_class=False, reg_start_epoch=10, reg_update_freq=5, res=False, resample_split_per_run=False, result_dir='../results/lowlabel', runs=10, save_model=True, save_result=False, seed=42, test_num=1000, tr_dropout=None, tr_layers=1, tr_weight_decay=None, train_per_class=20, train_prop=0.5, use_act=False, use_bn=False, use_graph=False, use_reg=True, use_residual=False, use_weight=False, valid_num=500, valid_per_class=0, valid_prop=0.25, weight_decay=5e-05)
amazon-computer
dataset amazon-computer | num nodes 13752 | num edge 491722 | num node feats 767 | num classes 10
MODEL: Polynormer(
  (h_lins): ModuleList(
    (0): Linear(in_features=512, out_features=512, bias=True)
    (1): Linear(in_features=512, out_features=512, bias=True)
    (2): Linear(in_features=512, out_features=512, bias=True)
    (3): Linear(in_features=512, out_features=512, bias=True)
    (4): Linear(in_features=512, out_features=512, bias=True)
  )
  (local_convs): ModuleList(
    (0): GATConv(512, 64, heads=8)
    (1): GATConv(512, 64, heads=8)
    (2): GATConv(512, 64, heads=8)
    (3): GATConv(512, 64, heads=8)
    (4): GATConv(512, 64, heads=8)
  )
  (lins): ModuleList(
    (0): Linear(in_features=512, out_features=512, bias=True)
    (1): Linear(in_features=512, out_features=512, bias=True)
    (2): Linear(in_features=512, out_features=512, bias=True)
    (3): Linear(in_features=512, out_features=512, bias=True)
    (4): Linear(in_features=512, out_features=512, bias=True)
  )
  (lns): ModuleList(
    (0): LayerNorm((512,), eps=1e-05, elementwise_affine=True)
    (1): LayerNorm((512,), eps=1e-05, elementwise_affine=True)
    (2): LayerNorm((512,), eps=1e-05, elementwise_affine=True)
    (3): LayerNorm((512,), eps=1e-05, elementwise_affine=True)
    (4): LayerNorm((512,), eps=1e-05, elementwise_affine=True)
  )
  (lin_in): Linear(in_features=767, out_features=512, bias=True)
  (ln): LayerNorm((512,), eps=1e-05, elementwise_affine=True)
  (global_attn): GlobalAttn(
    (h_lins): ModuleList(
      (0): Linear(in_features=512, out_features=512, bias=True)
    )
    (k_lins): ModuleList(
      (0): Linear(in_features=512, out_features=512, bias=True)
    )
    (v_lins): ModuleList(
      (0): Linear(in_features=512, out_features=512, bias=True)
    )
    (lns): ModuleList(
      (0): LayerNorm((512,), eps=1e-05, elementwise_affine=True)
    )
    (lin_out): Linear(in_features=512, out_features=512, bias=True)
  )
  (pred_local): Linear(in_features=512, out_features=10, bias=True)
  (pred_global): Linear(in_features=512, out_features=10, bias=True)
)
Label budget: 20/class -> 200 train nodes
Pre-training MLP for 500 epochs to generate co-occurrence matrix...
MLP pre-training complete. Penalty matrix frozen.
Epoch: 00, Loss: 6.6237, Train: 3.84%, Valid: 3.75%, Test: 4.43%, Best Valid: 3.75%, Best Test: 4.43%
Epoch: 100, Loss: 4.8263, Train: 31.67%, Valid: 31.67%, Test: 31.30%, Best Valid: 46.51%, Best Test: 48.09%
Switching Polynormer to global attention phase.
Epoch: 200, Loss: 6.2107, Train: 48.47%, Valid: 48.04%, Test: 49.22%, Best Valid: 66.98%, Best Test: 68.23%
Epoch: 300, Loss: 1.2111, Train: 73.58%, Valid: 73.13%, Test: 74.52%, Best Valid: 73.67%, Best Test: 74.12%
Epoch: 400, Loss: 0.4945, Train: 74.58%, Valid: 75.02%, Test: 76.19%, Best Valid: 78.69%, Best Test: 79.32%
Epoch: 500, Loss: 0.3649, Train: 77.38%, Valid: 77.89%, Test: 78.77%, Best Valid: 81.93%, Best Test: 81.90%
Epoch: 600, Loss: 0.3157, Train: 81.94%, Valid: 81.75%, Test: 83.21%, Best Valid: 82.55%, Best Test: 83.57%
Epoch: 700, Loss: 0.0768, Train: 81.98%, Valid: 82.00%, Test: 82.70%, Best Valid: 83.85%, Best Test: 84.95%
Epoch: 800, Loss: 0.0555, Train: 80.44%, Valid: 81.09%, Test: 81.42%, Best Valid: 83.85%, Best Test: 84.95%
Epoch: 900, Loss: 0.0339, Train: 81.46%, Valid: 81.93%, Test: 82.77%, Best Valid: 83.93%, Best Test: 84.84%
Epoch: 1000, Loss: 0.0098, Train: 80.63%, Valid: 81.09%, Test: 81.86%, Best Valid: 84.33%, Best Test: 84.62%
Epoch: 1100, Loss: 0.0739, Train: 81.65%, Valid: 81.89%, Test: 82.95%, Best Valid: 84.33%, Best Test: 84.62%
Run 01:
Highest Train: 84.29
Highest Valid: 84.33
Highest Test: 85.35
Chosen epoch: 976
Final Train: 83.83
Final Test: 84.62
Label budget: 20/class -> 200 train nodes
Pre-training MLP for 500 epochs to generate co-occurrence matrix...
MLP pre-training complete. Penalty matrix frozen.
Epoch: 00, Loss: 6.5094, Train: 3.36%, Valid: 4.00%, Test: 3.64%, Best Valid: 4.00%, Best Test: 3.64%
Epoch: 100, Loss: 6.0958, Train: 9.96%, Valid: 10.95%, Test: 9.74%, Best Valid: 12.25%, Best Test: 11.30%
Switching Polynormer to global attention phase.
Epoch: 200, Loss: 5.9867, Train: 3.36%, Valid: 4.00%, Test: 3.64%, Best Valid: 42.58%, Best Test: 41.51%
Epoch: 300, Loss: 1.6948, Train: 49.92%, Valid: 49.35%, Test: 49.62%, Best Valid: 62.87%, Best Test: 62.70%
Epoch: 400, Loss: 0.7882, Train: 69.62%, Valid: 69.78%, Test: 68.23%, Best Valid: 73.56%, Best Test: 74.30%
Epoch: 500, Loss: 0.3938, Train: 70.50%, Valid: 70.73%, Test: 71.68%, Best Valid: 77.02%, Best Test: 77.17%
Epoch: 600, Loss: 0.1611, Train: 74.91%, Valid: 74.47%, Test: 75.54%, Best Valid: 77.16%, Best Test: 77.83%
Epoch: 700, Loss: 0.2149, Train: 77.01%, Valid: 76.98%, Test: 77.39%, Best Valid: 78.36%, Best Test: 79.24%
Epoch: 800, Loss: 0.1802, Train: 75.30%, Valid: 75.27%, Test: 75.10%, Best Valid: 78.36%, Best Test: 79.24%
Epoch: 900, Loss: 0.0820, Train: 75.83%, Valid: 75.49%, Test: 76.63%, Best Valid: 78.36%, Best Test: 79.24%
Epoch: 1000, Loss: 0.0454, Train: 77.26%, Valid: 77.27%, Test: 78.30%, Best Valid: 78.58%, Best Test: 79.13%
Epoch: 1100, Loss: 0.0155, Train: 77.07%, Valid: 77.16%, Test: 78.04%, Best Valid: 78.58%, Best Test: 79.13%
Run 02:
Highest Train: 79.18
Highest Valid: 79.31
Highest Test: 80.08
Chosen epoch: 1109
Final Train: 79.18
Final Test: 80.08
Label budget: 20/class -> 200 train nodes
Pre-training MLP for 500 epochs to generate co-occurrence matrix...
MLP pre-training complete. Penalty matrix frozen.
Epoch: 00, Loss: 6.4705, Train: 10.56%, Valid: 9.45%, Test: 9.92%, Best Valid: 9.45%, Best Test: 9.92%
Epoch: 100, Loss: 5.2247, Train: 19.29%, Valid: 18.40%, Test: 18.61%, Best Valid: 18.40%, Best Test: 18.61%
Switching Polynormer to global attention phase.
Epoch: 200, Loss: 5.9867, Train: 3.36%, Valid: 4.00%, Test: 3.64%, Best Valid: 48.95%, Best Test: 47.55%
Epoch: 300, Loss: 1.9742, Train: 20.03%, Valid: 22.22%, Test: 21.37%, Best Valid: 48.95%, Best Test: 47.55%
Epoch: 400, Loss: 1.3451, Train: 49.21%, Valid: 49.24%, Test: 49.80%, Best Valid: 64.04%, Best Test: 64.74%
Epoch: 500, Loss: 0.5071, Train: 77.46%, Valid: 77.49%, Test: 77.61%, Best Valid: 78.18%, Best Test: 79.03%
Epoch: 600, Loss: 0.3637, Train: 73.83%, Valid: 73.42%, Test: 74.66%, Best Valid: 78.22%, Best Test: 80.12%
Epoch: 700, Loss: 0.2783, Train: 76.65%, Valid: 75.38%, Test: 76.52%, Best Valid: 78.22%, Best Test: 80.12%
Epoch: 800, Loss: 0.2229, Train: 77.68%, Valid: 77.89%, Test: 79.46%, Best Valid: 80.51%, Best Test: 81.90%
Epoch: 900, Loss: 0.2363, Train: 78.73%, Valid: 78.40%, Test: 79.93%, Best Valid: 80.51%, Best Test: 81.90%
Epoch: 1000, Loss: 0.1670, Train: 77.91%, Valid: 77.93%, Test: 79.32%, Best Valid: 81.45%, Best Test: 82.44%
Epoch: 1100, Loss: 0.0401, Train: 77.99%, Valid: 77.53%, Test: 79.13%, Best Valid: 82.15%, Best Test: 82.73%
Run 03:
Highest Train: 81.42
Highest Valid: 82.15
Highest Test: 82.73
Chosen epoch: 1050
Final Train: 81.19
Final Test: 82.73
Label budget: 20/class -> 200 train nodes
Pre-training MLP for 500 epochs to generate co-occurrence matrix...
MLP pre-training complete. Penalty matrix frozen.
Epoch: 00, Loss: 6.8748, Train: 3.84%, Valid: 3.75%, Test: 4.43%, Best Valid: 3.75%, Best Test: 4.43%
Epoch: 100, Loss: 5.0138, Train: 11.02%, Valid: 12.51%, Test: 11.01%, Best Valid: 14.04%, Best Test: 12.76%
Switching Polynormer to global attention phase.
Epoch: 200, Loss: 5.9867, Train: 3.84%, Valid: 3.75%, Test: 4.43%, Best Valid: 39.56%, Best Test: 36.90%
Epoch: 300, Loss: 2.1930, Train: 34.12%, Valid: 35.85%, Test: 33.04%, Best Valid: 43.42%, Best Test: 41.29%
Epoch: 400, Loss: 1.1239, Train: 59.12%, Valid: 59.35%, Test: 58.05%, Best Valid: 70.80%, Best Test: 69.21%
Epoch: 500, Loss: 0.6197, Train: 73.03%, Valid: 73.89%, Test: 72.52%, Best Valid: 80.00%, Best Test: 78.84%
Epoch: 600, Loss: 0.1165, Train: 78.17%, Valid: 78.98%, Test: 77.54%, Best Valid: 80.69%, Best Test: 79.46%
Epoch: 700, Loss: 0.0610, Train: 81.72%, Valid: 81.93%, Test: 81.79%, Best Valid: 81.93%, Best Test: 81.79%
Epoch: 800, Loss: 0.0331, Train: 81.29%, Valid: 81.82%, Test: 81.28%, Best Valid: 82.18%, Best Test: 81.21%
Epoch: 900, Loss: 0.1444, Train: 80.10%, Valid: 80.47%, Test: 80.37%, Best Valid: 82.18%, Best Test: 81.21%
Epoch: 1000, Loss: 0.0509, Train: 78.50%, Valid: 79.31%, Test: 78.23%, Best Valid: 83.02%, Best Test: 82.92%
Epoch: 1100, Loss: 0.0043, Train: 80.23%, Valid: 80.73%, Test: 79.86%, Best Valid: 83.02%, Best Test: 82.92%
Run 04:
Highest Train: 82.62
Highest Valid: 83.02
Highest Test: 82.92
Chosen epoch: 923
Final Train: 82.62
Final Test: 82.92
Label budget: 20/class -> 200 train nodes
Pre-training MLP for 500 epochs to generate co-occurrence matrix...
MLP pre-training complete. Penalty matrix frozen.
Epoch: 00, Loss: 6.6468, Train: 37.52%, Valid: 36.04%, Test: 38.39%, Best Valid: 36.04%, Best Test: 38.39%
Epoch: 100, Loss: 5.1374, Train: 18.53%, Valid: 19.13%, Test: 18.68%, Best Valid: 36.18%, Best Test: 38.53%
Switching Polynormer to global attention phase.
Epoch: 200, Loss: 6.0803, Train: 15.79%, Valid: 16.33%, Test: 14.69%, Best Valid: 36.18%, Best Test: 38.53%
Epoch: 300, Loss: 5.3891, Train: 18.71%, Valid: 19.20%, Test: 17.88%, Best Valid: 36.18%, Best Test: 38.53%
Epoch: 400, Loss: 3.2233, Train: 24.93%, Valid: 25.24%, Test: 24.83%, Best Valid: 36.18%, Best Test: 38.53%
Epoch: 500, Loss: 1.3016, Train: 67.81%, Valid: 66.73%, Test: 68.59%, Best Valid: 67.20%, Best Test: 67.47%
Epoch: 600, Loss: 2.0278, Train: 62.85%, Valid: 62.98%, Test: 63.87%, Best Valid: 68.15%, Best Test: 69.83%
Epoch: 700, Loss: 0.5524, Train: 69.14%, Valid: 68.80%, Test: 70.30%, Best Valid: 71.67%, Best Test: 72.16%
Epoch: 800, Loss: 0.1608, Train: 74.61%, Valid: 74.95%, Test: 75.65%, Best Valid: 75.31%, Best Test: 75.32%
Epoch: 900, Loss: 0.2432, Train: 77.42%, Valid: 77.89%, Test: 77.94%, Best Valid: 78.76%, Best Test: 78.55%
Epoch: 1000, Loss: 0.2237, Train: 76.29%, Valid: 76.25%, Test: 76.88%, Best Valid: 78.76%, Best Test: 78.55%
Epoch: 1100, Loss: 0.0824, Train: 77.68%, Valid: 77.31%, Test: 78.92%, Best Valid: 78.80%, Best Test: 78.81%
Run 05:
Highest Train: 78.75
Highest Valid: 78.80
Highest Test: 79.97
Chosen epoch: 1091
Final Train: 77.41
Final Test: 78.81
Label budget: 20/class -> 200 train nodes
Pre-training MLP for 500 epochs to generate co-occurrence matrix...
MLP pre-training complete. Penalty matrix frozen.
Epoch: 00, Loss: 6.5852, Train: 8.86%, Valid: 9.35%, Test: 8.22%, Best Valid: 9.35%, Best Test: 8.22%
Epoch: 100, Loss: 4.4872, Train: 35.01%, Valid: 34.07%, Test: 34.53%, Best Valid: 48.07%, Best Test: 50.20%
Switching Polynormer to global attention phase.
Epoch: 200, Loss: 5.9867, Train: 37.61%, Valid: 36.18%, Test: 38.53%, Best Valid: 60.84%, Best Test: 60.27%
Epoch: 300, Loss: 1.3197, Train: 68.88%, Valid: 70.07%, Test: 69.57%, Best Valid: 70.62%, Best Test: 70.34%
Epoch: 400, Loss: 0.6248, Train: 75.06%, Valid: 74.55%, Test: 74.74%, Best Valid: 75.53%, Best Test: 75.35%
Epoch: 500, Loss: 0.4034, Train: 77.21%, Valid: 77.96%, Test: 78.30%, Best Valid: 79.85%, Best Test: 79.39%
Epoch: 600, Loss: 0.3782, Train: 78.21%, Valid: 78.51%, Test: 79.13%, Best Valid: 80.07%, Best Test: 81.06%
Epoch: 700, Loss: 0.2433, Train: 79.34%, Valid: 78.62%, Test: 78.26%, Best Valid: 81.56%, Best Test: 81.72%
Epoch: 800, Loss: 0.0541, Train: 80.06%, Valid: 80.40%, Test: 80.77%, Best Valid: 82.22%, Best Test: 82.99%
Epoch: 900, Loss: 0.8362, Train: 77.64%, Valid: 77.02%, Test: 77.17%, Best Valid: 82.55%, Best Test: 82.88%
Epoch: 1000, Loss: 0.1350, Train: 77.88%, Valid: 77.45%, Test: 78.30%, Best Valid: 82.55%, Best Test: 82.88%
Epoch: 1100, Loss: 0.2380, Train: 78.77%, Valid: 78.07%, Test: 78.77%, Best Valid: 82.55%, Best Test: 82.88%
Run 06:
Highest Train: 82.29
Highest Valid: 82.55
Highest Test: 82.99
Chosen epoch: 810
Final Train: 82.29
Final Test: 82.88
Label budget: 20/class -> 200 train nodes
Pre-training MLP for 500 epochs to generate co-occurrence matrix...
MLP pre-training complete. Penalty matrix frozen.
Epoch: 00, Loss: 6.6186, Train: 10.62%, Valid: 9.53%, Test: 10.03%, Best Valid: 9.53%, Best Test: 10.03%
Epoch: 100, Loss: 4.2049, Train: 50.72%, Valid: 49.85%, Test: 51.33%, Best Valid: 49.85%, Best Test: 51.33%
Switching Polynormer to global attention phase.
Epoch: 200, Loss: 5.9867, Train: 6.04%, Valid: 6.25%, Test: 5.38%, Best Valid: 66.91%, Best Test: 68.16%
Epoch: 300, Loss: 1.5866, Train: 73.35%, Valid: 72.58%, Test: 74.34%, Best Valid: 72.58%, Best Test: 73.68%
Epoch: 400, Loss: 1.0792, Train: 77.14%, Valid: 75.96%, Test: 77.39%, Best Valid: 77.67%, Best Test: 78.74%
Epoch: 500, Loss: 0.7433, Train: 76.71%, Valid: 76.51%, Test: 77.57%, Best Valid: 78.40%, Best Test: 80.44%
Epoch: 600, Loss: 0.3686, Train: 80.39%, Valid: 78.98%, Test: 80.99%, Best Valid: 79.78%, Best Test: 81.72%
Epoch: 700, Loss: 0.2651, Train: 79.61%, Valid: 79.56%, Test: 80.52%, Best Valid: 80.95%, Best Test: 81.06%
Epoch: 800, Loss: 0.3632, Train: 78.95%, Valid: 78.00%, Test: 79.90%, Best Valid: 81.09%, Best Test: 82.59%
Epoch: 900, Loss: 0.0288, Train: 80.62%, Valid: 80.91%, Test: 81.86%, Best Valid: 81.45%, Best Test: 82.99%
Epoch: 1000, Loss: 0.1464, Train: 80.97%, Valid: 79.85%, Test: 82.59%, Best Valid: 81.89%, Best Test: 83.06%
Epoch: 1100, Loss: 0.2855, Train: 79.70%, Valid: 78.65%, Test: 81.17%, Best Valid: 82.22%, Best Test: 83.42%
Run 07:
Highest Train: 82.35
Highest Valid: 82.22
Highest Test: 83.50
Chosen epoch: 1035
Final Train: 82.11
Final Test: 83.42
Label budget: 20/class -> 200 train nodes
Pre-training MLP for 500 epochs to generate co-occurrence matrix...
MLP pre-training complete. Penalty matrix frozen.
Epoch: 00, Loss: 6.6261, Train: 37.61%, Valid: 36.18%, Test: 38.53%, Best Valid: 36.18%, Best Test: 38.53%
Epoch: 100, Loss: 4.5006, Train: 44.18%, Valid: 42.69%, Test: 45.00%, Best Valid: 49.13%, Best Test: 51.76%
Switching Polynormer to global attention phase.
Epoch: 200, Loss: 5.9867, Train: 15.50%, Valid: 16.00%, Test: 15.38%, Best Valid: 49.13%, Best Test: 51.76%
Epoch: 300, Loss: 3.5830, Train: 38.89%, Valid: 39.24%, Test: 38.35%, Best Valid: 49.96%, Best Test: 50.64%
Epoch: 400, Loss: 1.6460, Train: 68.96%, Valid: 68.55%, Test: 70.05%, Best Valid: 69.89%, Best Test: 71.94%
Epoch: 500, Loss: 0.9867, Train: 71.07%, Valid: 71.71%, Test: 71.79%, Best Valid: 74.65%, Best Test: 77.21%
Epoch: 600, Loss: 0.5577, Train: 76.21%, Valid: 76.58%, Test: 77.83%, Best Valid: 78.18%, Best Test: 79.86%
Epoch: 700, Loss: 0.3335, Train: 73.35%, Valid: 72.95%, Test: 74.15%, Best Valid: 78.58%, Best Test: 80.55%
Epoch: 800, Loss: 0.4133, Train: 78.81%, Valid: 77.89%, Test: 79.68%, Best Valid: 79.13%, Best Test: 80.55%
Epoch: 900, Loss: 0.2397, Train: 79.49%, Valid: 78.98%, Test: 80.81%, Best Valid: 79.60%, Best Test: 80.95%
Epoch: 1000, Loss: 0.1550, Train: 79.49%, Valid: 78.91%, Test: 80.63%, Best Valid: 80.40%, Best Test: 82.01%
Epoch: 1100, Loss: 0.1425, Train: 78.81%, Valid: 77.85%, Test: 79.79%, Best Valid: 80.40%, Best Test: 82.01%
Run 08:
Highest Train: 81.07
Highest Valid: 80.40
Highest Test: 82.12
Chosen epoch: 965
Final Train: 81.01
Final Test: 82.01
Label budget: 20/class -> 200 train nodes
Pre-training MLP for 500 epochs to generate co-occurrence matrix...
MLP pre-training complete. Penalty matrix frozen.
Epoch: 00, Loss: 6.7706, Train: 15.79%, Valid: 16.25%, Test: 14.72%, Best Valid: 16.25%, Best Test: 14.72%
Epoch: 100, Loss: 5.9271, Train: 11.54%, Valid: 12.00%, Test: 10.80%, Best Valid: 19.20%, Best Test: 17.01%
Switching Polynormer to global attention phase.
Epoch: 200, Loss: 5.9867, Train: 6.04%, Valid: 6.25%, Test: 5.38%, Best Valid: 39.31%, Best Test: 37.51%
Epoch: 300, Loss: 1.9793, Train: 35.45%, Valid: 37.13%, Test: 35.08%, Best Valid: 39.85%, Best Test: 37.30%
Epoch: 400, Loss: 0.9431, Train: 60.57%, Valid: 60.95%, Test: 61.03%, Best Valid: 63.89%, Best Test: 64.38%
Epoch: 500, Loss: 0.6719, Train: 72.68%, Valid: 73.20%, Test: 74.08%, Best Valid: 78.25%, Best Test: 78.12%
Epoch: 600, Loss: 0.3256, Train: 75.47%, Valid: 75.71%, Test: 76.41%, Best Valid: 78.91%, Best Test: 79.13%
Epoch: 700, Loss: 0.0857, Train: 76.62%, Valid: 76.87%, Test: 77.35%, Best Valid: 78.91%, Best Test: 79.13%
Epoch: 800, Loss: 0.0470, Train: 76.66%, Valid: 77.31%, Test: 77.86%, Best Valid: 79.85%, Best Test: 80.37%
Epoch: 900, Loss: 0.0366, Train: 78.98%, Valid: 79.71%, Test: 79.43%, Best Valid: 79.85%, Best Test: 80.37%
Epoch: 1000, Loss: 0.0304, Train: 78.96%, Valid: 78.58%, Test: 79.93%, Best Valid: 80.07%, Best Test: 80.30%
Epoch: 1100, Loss: 0.1359, Train: 76.15%, Valid: 77.05%, Test: 77.32%, Best Valid: 80.07%, Best Test: 80.30%
Run 09:
Highest Train: 80.78
Highest Valid: 81.02
Highest Test: 81.46
Chosen epoch: 1103
Final Train: 80.78
Final Test: 81.46
Label budget: 20/class -> 200 train nodes
Pre-training MLP for 500 epochs to generate co-occurrence matrix...
MLP pre-training complete. Penalty matrix frozen.
Epoch: 00, Loss: 6.9951, Train: 15.50%, Valid: 16.00%, Test: 15.38%, Best Valid: 16.00%, Best Test: 15.38%
Epoch: 100, Loss: 5.0889, Train: 15.21%, Valid: 14.95%, Test: 15.38%, Best Valid: 16.00%, Best Test: 15.38%
Switching Polynormer to global attention phase.
Epoch: 200, Loss: 5.9867, Train: 3.84%, Valid: 3.75%, Test: 4.43%, Best Valid: 37.67%, Best Test: 36.60%
Epoch: 300, Loss: 1.9767, Train: 39.79%, Valid: 39.60%, Test: 38.97%, Best Valid: 40.80%, Best Test: 40.49%
Epoch: 400, Loss: 0.8801, Train: 69.40%, Valid: 68.15%, Test: 68.38%, Best Valid: 69.27%, Best Test: 70.01%
Epoch: 500, Loss: 0.1713, Train: 72.56%, Valid: 71.75%, Test: 72.70%, Best Valid: 73.85%, Best Test: 75.35%
Epoch: 600, Loss: 0.2236, Train: 73.25%, Valid: 72.22%, Test: 73.17%, Best Valid: 74.87%, Best Test: 76.70%
Epoch: 700, Loss: 0.2270, Train: 70.56%, Valid: 68.69%, Test: 70.77%, Best Valid: 74.91%, Best Test: 75.68%
Epoch: 800, Loss: 0.0941, Train: 72.61%, Valid: 71.71%, Test: 73.10%, Best Valid: 75.67%, Best Test: 76.44%
Epoch: 900, Loss: 0.0678, Train: 75.59%, Valid: 74.80%, Test: 75.83%, Best Valid: 75.89%, Best Test: 76.81%
Epoch: 1000, Loss: 0.1357, Train: 74.20%, Valid: 73.24%, Test: 75.25%, Best Valid: 76.36%, Best Test: 76.95%
Epoch: 1100, Loss: 0.1313, Train: 75.37%, Valid: 74.55%, Test: 75.75%, Best Valid: 76.36%, Best Test: 76.95%
Run 10:
Highest Train: 77.07
Highest Valid: 76.36
Highest Test: 77.17
Chosen epoch: 916
Final Train: 76.58
Final Test: 76.95
All runs:
Highest Train: 80.98 ± 2.13
Highest Test: 81.83 ± 2.28
Highest Valid: 81.01 ± 2.35
  Final Train: 80.70 ± 2.32
   Final Test: 81.59 ± 2.33
Saving results to ../results/lowlabel/amazon-computer/polynormer.csv
Low-label sweep completed.
Task 192 done.
