Fri Aug 14 00:50:58 2026       
+-----------------------------------------------------------------------------------------+
| NVIDIA-SMI 580.159.04             Driver Version: 580.159.04     CUDA Version: 13.0     |
+-----------------------------------------+------------------------+----------------------+
| GPU  Name                 Persistence-M | Bus-Id          Disp.A | Volatile Uncorr. ECC |
| Fan  Temp   Perf          Pwr:Usage/Cap |           Memory-Usage | GPU-Util  Compute M. |
|                                         |                        |               MIG M. |
|=========================================+========================+======================|
|   0  NVIDIA A100-SXM4-80GB          On  |   00000000:01:00.0 Off |                   On |
| N/A   57C    P0            264W /  500W |   40835MiB /  81920MiB |     N/A      Default |
|                                         |                        |              Enabled |
+-----------------------------------------+------------------------+----------------------+
|   1  NVIDIA A100-SXM4-80GB          On  |   00000000:41:00.0 Off |                   On |
| N/A   46C    P0            228W /  500W |   41131MiB /  81920MiB |     N/A      Default |
|                                         |                        |              Enabled |
+-----------------------------------------+------------------------+----------------------+
|   2  NVIDIA A100-SXM4-80GB          On  |   00000000:81:00.0 Off |                   On |
| N/A   52C    P0            195W /  500W |   41163MiB /  81920MiB |     N/A      Default |
|                                         |                        |              Enabled |
+-----------------------------------------+------------------------+----------------------+
|   3  NVIDIA A100-SXM4-80GB          On  |   00000000:C1:00.0 Off |                   On |
| N/A   51C    P0            272W /  500W |   44149MiB /  81920MiB |     N/A      Default |
|                                         |                        |              Enabled |
+-----------------------------------------+------------------------+----------------------+

+-----------------------------------------------------------------------------------------+
| MIG devices:                                                                            |
+------------------+----------------------------------+-----------+-----------------------+
| GPU  GI  CI  MIG |              Shared Memory-Usage |        Vol|        Shared         |
|      ID  ID  Dev |                Shared BAR1-Usage | SM     Unc| CE ENC  DEC  OFA  JPG |
|                  |                                  |        ECC|                       |
|==================+==================================+===========+=======================|
|  0    5   0   0  |              71MiB / 19968MiB    | 28      0 |  2   0    1    0    0 |
|                  |               0MiB / 12271MiB    |           |                       |
+------------------+----------------------------------+-----------+-----------------------+

+-----------------------------------------------------------------------------------------+
| Processes:                                                                              |
|  GPU   GI   CI              PID   Type   Process name                        GPU Memory |
|        ID   ID                                                               Usage      |
|=========================================================================================|
|    1    1    0           252240      C   python                                39270MiB |
|    1   13    0           604032      C   ...ware/symmetrix-env/bin/python        794MiB |
|    1   14    0           604034      C   ...ware/symmetrix-env/bin/python        794MiB |
|    2    2    0           252242      C   python                                39270MiB |
|    2   10    0           604033      C   ...ware/symmetrix-env/bin/python        794MiB |
|    2    9    0           604036      C   ...ware/symmetrix-env/bin/python        794MiB |
|    3    1    0           252238      C   python                                39270MiB |
|    3   14    0           604029      C   ...ware/symmetrix-env/bin/python        982MiB |
|    3   13    0           604035      C   ...ware/symmetrix-env/bin/python        794MiB |
|    3    5    0          1200500      C   python                                 2790MiB |
+-----------------------------------------------------------------------------------------+
Cell: roman-empire / gcn / budget 20 per class / group 2
python main.py --gnn gcn --dataset roman-empire --pre_linear --hidden_channels 512 --epochs 2500 --lr 0.001 --runs 3 --local_layers 9 --weight_decay 0.0 --dropout 0.5 --device 0 --bn --res --runs 10 --train_per_class 20 --budget_tag 20
==========================================================
Low-label sweep: python main.py --gnn gcn --dataset roman-empire --pre_linear --hidden_channels 512 --epochs 2500 --lr 0.001 --runs 3 --local_layers 9 --weight_decay 0.0 --dropout 0.5 --device 0 --bn --res --runs 10 --train_per_class 20 --budget_tag 20
result_dir=results/lowlabel conditions=[mlp]
==========================================================
--- mlp_reg | lambda=0.01 ---
Namespace(bn=True, budget_tag='20', count_reg=False, count_smoothing=1.0, cpu=False, data_dir='./data/', dataset='roman-empire', device=0, display_step=100, dropout=0.5, epochs=2500, gnn='gcn', hidden_channels=512, jk=False, label_num_per_class=20, lambda_val=0.01, ln=False, local_layers=9, lr=0.001, metric='acc', mlp_epochs=500, mlp_reg=True, model='MPNN', model_dir='models', num_heads=1, oracle_reg=False, paired_seeds=True, penalty_transform='none', pre_linear=True, pre_ln=False, rand_split=False, rand_split_class=False, reg_start_epoch=10, reg_update_freq=5, res=True, resample_split_per_run=False, result_dir='results/lowlabel', runs=10, save_model=False, seed=42, test_num=1000, train_per_class=20, train_prop=0.5, use_reg=True, valid_num=500, valid_per_class=0, valid_prop=0.25, weight_decay=0.0)
roman-empire
dataset roman-empire | num nodes 22662 | num edge 32927 | num node feats 300 | num classes 18
MODEL: MPNNs(
  (h_lins): ModuleList()
  (local_convs): ModuleList(
    (0): GCNConv(512, 512)
    (1): GCNConv(512, 512)
    (2): GCNConv(512, 512)
    (3): GCNConv(512, 512)
    (4): GCNConv(512, 512)
    (5): GCNConv(512, 512)
    (6): GCNConv(512, 512)
    (7): GCNConv(512, 512)
    (8): GCNConv(512, 512)
  )
  (lins): ModuleList(
    (0): Linear(in_features=512, out_features=512, bias=True)
    (1): Linear(in_features=512, out_features=512, bias=True)
    (2): Linear(in_features=512, out_features=512, bias=True)
    (3): Linear(in_features=512, out_features=512, bias=True)
    (4): Linear(in_features=512, out_features=512, bias=True)
    (5): Linear(in_features=512, out_features=512, bias=True)
    (6): Linear(in_features=512, out_features=512, bias=True)
    (7): Linear(in_features=512, out_features=512, bias=True)
    (8): Linear(in_features=512, out_features=512, bias=True)
  )
  (lns): ModuleList(
    (0): LayerNorm((512,), eps=1e-05, elementwise_affine=True)
    (1): LayerNorm((512,), eps=1e-05, elementwise_affine=True)
    (2): LayerNorm((512,), eps=1e-05, elementwise_affine=True)
    (3): LayerNorm((512,), eps=1e-05, elementwise_affine=True)
    (4): LayerNorm((512,), eps=1e-05, elementwise_affine=True)
    (5): LayerNorm((512,), eps=1e-05, elementwise_affine=True)
    (6): LayerNorm((512,), eps=1e-05, elementwise_affine=True)
    (7): LayerNorm((512,), eps=1e-05, elementwise_affine=True)
    (8): LayerNorm((512,), eps=1e-05, elementwise_affine=True)
  )
  (bns): ModuleList(
    (0): BatchNorm1d(512, eps=1e-05, momentum=0.1, affine=True, track_running_stats=True)
    (1): BatchNorm1d(512, eps=1e-05, momentum=0.1, affine=True, track_running_stats=True)
    (2): BatchNorm1d(512, eps=1e-05, momentum=0.1, affine=True, track_running_stats=True)
    (3): BatchNorm1d(512, eps=1e-05, momentum=0.1, affine=True, track_running_stats=True)
    (4): BatchNorm1d(512, eps=1e-05, momentum=0.1, affine=True, track_running_stats=True)
    (5): BatchNorm1d(512, eps=1e-05, momentum=0.1, affine=True, track_running_stats=True)
    (6): BatchNorm1d(512, eps=1e-05, momentum=0.1, affine=True, track_running_stats=True)
    (7): BatchNorm1d(512, eps=1e-05, momentum=0.1, affine=True, track_running_stats=True)
    (8): BatchNorm1d(512, eps=1e-05, momentum=0.1, affine=True, track_running_stats=True)
  )
  (lin_in): Linear(in_features=300, out_features=512, bias=True)
  (pred_local): Linear(in_features=512, out_features=18, bias=True)
)
Label budget: 20/class -> 360 train nodes
Pre-training MLP for 500 epochs to generate co-occurrence matrix...
MLP pre-training complete. Penalty matrix frozen.
Epoch: 00, Loss: 3.1123, Train: 4.17%, Valid: 4.17%, Test: 4.17%, Best Valid: 4.17%, Best Test: 4.17%
Epoch: 100, Loss: 0.8861, Train: 16.13%, Valid: 14.60%, Test: 14.67%, Best Valid: 14.60%, Best Test: 14.67%
Epoch: 200, Loss: 0.1333, Train: 23.33%, Valid: 21.04%, Test: 21.25%, Best Valid: 21.04%, Best Test: 21.25%
Epoch: 300, Loss: 0.0612, Train: 23.74%, Valid: 21.41%, Test: 21.76%, Best Valid: 21.91%, Best Test: 22.08%
Epoch: 400, Loss: 0.0297, Train: 25.02%, Valid: 21.89%, Test: 22.73%, Best Valid: 21.99%, Best Test: 22.22%
Epoch: 500, Loss: 0.0362, Train: 24.46%, Valid: 22.05%, Test: 22.50%, Best Valid: 22.86%, Best Test: 22.91%
Epoch: 600, Loss: 0.0232, Train: 24.55%, Valid: 21.94%, Test: 22.24%, Best Valid: 22.86%, Best Test: 22.91%
Epoch: 700, Loss: 0.0099, Train: 25.06%, Valid: 22.24%, Test: 22.40%, Best Valid: 23.85%, Best Test: 23.95%
Epoch: 800, Loss: 0.0111, Train: 25.51%, Valid: 23.41%, Test: 22.79%, Best Valid: 23.85%, Best Test: 23.95%
Epoch: 900, Loss: 0.0186, Train: 25.45%, Valid: 22.14%, Test: 22.82%, Best Valid: 23.85%, Best Test: 23.95%
Epoch: 1000, Loss: 0.0040, Train: 25.04%, Valid: 21.89%, Test: 22.08%, Best Valid: 24.08%, Best Test: 23.77%
Epoch: 1100, Loss: 0.0184, Train: 26.05%, Valid: 23.14%, Test: 23.35%, Best Valid: 24.08%, Best Test: 23.77%
Epoch: 1200, Loss: 0.0766, Train: 25.98%, Valid: 23.27%, Test: 22.91%, Best Valid: 24.15%, Best Test: 24.32%
Epoch: 1300, Loss: 0.0211, Train: 27.25%, Valid: 24.17%, Test: 23.91%, Best Valid: 24.38%, Best Test: 23.77%
Epoch: 1400, Loss: 0.0049, Train: 25.85%, Valid: 23.81%, Test: 23.37%, Best Valid: 24.41%, Best Test: 24.06%
Epoch: 1500, Loss: 0.0245, Train: 26.83%, Valid: 24.82%, Test: 24.62%, Best Valid: 24.82%, Best Test: 24.62%
Epoch: 1600, Loss: 0.0057, Train: 26.36%, Valid: 23.46%, Test: 23.33%, Best Valid: 25.90%, Best Test: 25.38%
Epoch: 1700, Loss: 0.0020, Train: 26.87%, Valid: 24.38%, Test: 24.39%, Best Valid: 25.90%, Best Test: 25.38%
Epoch: 1800, Loss: 0.0021, Train: 26.47%, Valid: 23.78%, Test: 23.63%, Best Valid: 25.90%, Best Test: 25.38%
Epoch: 1900, Loss: 0.0080, Train: 26.41%, Valid: 23.88%, Test: 24.09%, Best Valid: 25.90%, Best Test: 25.38%
Epoch: 2000, Loss: 0.0058, Train: 26.57%, Valid: 23.69%, Test: 24.43%, Best Valid: 25.90%, Best Test: 25.38%
Epoch: 2100, Loss: 0.0260, Train: 27.47%, Valid: 24.55%, Test: 24.53%, Best Valid: 25.90%, Best Test: 25.38%
Epoch: 2200, Loss: 0.0146, Train: 26.35%, Valid: 24.01%, Test: 24.00%, Best Valid: 25.90%, Best Test: 25.38%
Epoch: 2300, Loss: 0.0036, Train: 27.50%, Valid: 25.33%, Test: 24.87%, Best Valid: 25.90%, Best Test: 25.38%
Epoch: 2400, Loss: 0.0185, Train: 26.41%, Valid: 24.18%, Test: 24.43%, Best Valid: 25.90%, Best Test: 25.38%
Run 01:
Highest Train: 28.37
Highest Valid: 25.90
Highest Test: 26.09
Chosen epoch: 1584
Final Train: 27.91
Final Test: 25.38
Label budget: 20/class -> 360 train nodes
Pre-training MLP for 500 epochs to generate co-occurrence matrix...
MLP pre-training complete. Penalty matrix frozen.
Epoch: 00, Loss: 3.0631, Train: 1.47%, Valid: 1.45%, Test: 1.41%, Best Valid: 1.45%, Best Test: 1.41%
Epoch: 100, Loss: 1.0078, Train: 17.50%, Valid: 15.66%, Test: 16.48%, Best Valid: 15.68%, Best Test: 16.43%
Epoch: 200, Loss: 0.1438, Train: 19.11%, Valid: 16.43%, Test: 17.01%, Best Valid: 17.26%, Best Test: 18.46%
Epoch: 300, Loss: 0.0713, Train: 17.84%, Valid: 15.85%, Test: 16.27%, Best Valid: 17.78%, Best Test: 17.60%
Epoch: 400, Loss: 0.0690, Train: 18.68%, Valid: 16.10%, Test: 17.17%, Best Valid: 17.78%, Best Test: 17.60%
Epoch: 500, Loss: 0.0329, Train: 19.11%, Valid: 16.91%, Test: 17.84%, Best Valid: 17.97%, Best Test: 19.11%
Epoch: 600, Loss: 0.0190, Train: 19.67%, Valid: 17.07%, Test: 17.97%, Best Valid: 18.55%, Best Test: 19.27%
Epoch: 700, Loss: 0.0288, Train: 19.68%, Valid: 16.77%, Test: 17.74%, Best Valid: 18.55%, Best Test: 19.27%
Epoch: 800, Loss: 0.0262, Train: 20.17%, Valid: 17.23%, Test: 18.39%, Best Valid: 18.55%, Best Test: 19.27%
Epoch: 900, Loss: 0.0078, Train: 20.37%, Valid: 17.33%, Test: 18.07%, Best Valid: 18.55%, Best Test: 19.27%
Epoch: 1000, Loss: 0.0124, Train: 19.91%, Valid: 17.21%, Test: 18.66%, Best Valid: 18.55%, Best Test: 19.27%
Epoch: 1100, Loss: 0.0176, Train: 18.98%, Valid: 15.62%, Test: 17.58%, Best Valid: 18.55%, Best Test: 19.27%
Epoch: 1200, Loss: 0.0067, Train: 20.58%, Valid: 17.12%, Test: 18.88%, Best Valid: 18.55%, Best Test: 19.27%
Epoch: 1300, Loss: 0.0146, Train: 20.25%, Valid: 17.56%, Test: 18.60%, Best Valid: 18.69%, Best Test: 18.78%
Epoch: 1400, Loss: 0.0064, Train: 19.63%, Valid: 16.82%, Test: 18.14%, Best Valid: 18.69%, Best Test: 18.78%
Epoch: 1500, Loss: 0.0305, Train: 20.41%, Valid: 17.56%, Test: 18.80%, Best Valid: 18.69%, Best Test: 18.78%
Epoch: 1600, Loss: 0.0101, Train: 19.91%, Valid: 17.78%, Test: 19.17%, Best Valid: 18.69%, Best Test: 18.78%
Epoch: 1700, Loss: 0.0203, Train: 20.76%, Valid: 17.97%, Test: 18.94%, Best Valid: 18.69%, Best Test: 18.78%
Epoch: 1800, Loss: 0.0058, Train: 20.62%, Valid: 17.78%, Test: 19.11%, Best Valid: 18.87%, Best Test: 19.24%
Epoch: 1900, Loss: 0.0128, Train: 20.73%, Valid: 17.46%, Test: 18.87%, Best Valid: 18.87%, Best Test: 19.24%
Epoch: 2000, Loss: 0.0173, Train: 20.12%, Valid: 17.86%, Test: 18.60%, Best Valid: 18.87%, Best Test: 19.24%
Epoch: 2100, Loss: 0.0014, Train: 20.48%, Valid: 18.34%, Test: 19.27%, Best Valid: 18.87%, Best Test: 19.24%
Epoch: 2200, Loss: 0.0418, Train: 21.07%, Valid: 18.39%, Test: 19.50%, Best Valid: 18.87%, Best Test: 19.24%
Epoch: 2300, Loss: 0.0196, Train: 19.90%, Valid: 17.03%, Test: 18.62%, Best Valid: 18.87%, Best Test: 19.24%
Epoch: 2400, Loss: 0.0108, Train: 19.77%, Valid: 17.56%, Test: 17.95%, Best Valid: 18.87%, Best Test: 19.24%
Run 02:
Highest Train: 21.48
Highest Valid: 18.87
Highest Test: 20.40
Chosen epoch: 1707
Final Train: 20.83
Final Test: 19.24
Label budget: 20/class -> 360 train nodes
Pre-training MLP for 500 epochs to generate co-occurrence matrix...
MLP pre-training complete. Penalty matrix frozen.
Epoch: 00, Loss: 3.0495, Train: 5.22%, Valid: 5.26%, Test: 5.22%, Best Valid: 5.26%, Best Test: 5.22%
Epoch: 100, Loss: 0.8610, Train: 17.50%, Valid: 15.53%, Test: 16.29%, Best Valid: 15.96%, Best Test: 16.03%
Epoch: 200, Loss: 0.1335, Train: 18.30%, Valid: 15.75%, Test: 16.63%, Best Valid: 16.91%, Best Test: 17.51%
Epoch: 300, Loss: 0.0693, Train: 18.91%, Valid: 16.28%, Test: 17.60%, Best Valid: 17.23%, Best Test: 17.63%
Epoch: 400, Loss: 0.0558, Train: 19.12%, Valid: 16.52%, Test: 17.28%, Best Valid: 17.72%, Best Test: 17.45%
Epoch: 500, Loss: 0.0291, Train: 19.46%, Valid: 16.43%, Test: 17.33%, Best Valid: 18.36%, Best Test: 18.62%
Epoch: 600, Loss: 0.0227, Train: 19.98%, Valid: 17.63%, Test: 17.86%, Best Valid: 18.36%, Best Test: 18.62%
Epoch: 700, Loss: 0.0242, Train: 19.92%, Valid: 17.16%, Test: 17.30%, Best Valid: 18.45%, Best Test: 18.87%
Epoch: 800, Loss: 0.0101, Train: 19.49%, Valid: 16.82%, Test: 17.07%, Best Valid: 18.45%, Best Test: 18.87%
Epoch: 900, Loss: 0.0300, Train: 19.43%, Valid: 16.56%, Test: 17.65%, Best Valid: 18.45%, Best Test: 18.87%
Epoch: 1000, Loss: 0.0222, Train: 19.78%, Valid: 17.16%, Test: 17.81%, Best Valid: 18.48%, Best Test: 19.48%
Epoch: 1100, Loss: 0.0381, Train: 19.32%, Valid: 16.38%, Test: 17.49%, Best Valid: 18.48%, Best Test: 19.48%
Epoch: 1200, Loss: 0.0433, Train: 19.77%, Valid: 17.30%, Test: 17.84%, Best Valid: 18.48%, Best Test: 19.48%
Epoch: 1300, Loss: 0.0042, Train: 19.74%, Valid: 17.30%, Test: 18.34%, Best Valid: 18.75%, Best Test: 18.88%
Epoch: 1400, Loss: 0.0097, Train: 20.09%, Valid: 17.33%, Test: 18.23%, Best Valid: 18.75%, Best Test: 18.88%
Epoch: 1500, Loss: 0.0140, Train: 20.13%, Valid: 17.26%, Test: 18.00%, Best Valid: 18.75%, Best Test: 18.88%
Epoch: 1600, Loss: 0.0134, Train: 20.40%, Valid: 18.20%, Test: 19.38%, Best Valid: 18.75%, Best Test: 18.88%
Epoch: 1700, Loss: 0.0084, Train: 19.42%, Valid: 17.00%, Test: 18.25%, Best Valid: 18.75%, Best Test: 18.88%
Epoch: 1800, Loss: 0.0108, Train: 20.60%, Valid: 17.35%, Test: 18.21%, Best Valid: 18.75%, Best Test: 18.88%
Epoch: 1900, Loss: 0.0065, Train: 19.87%, Valid: 17.21%, Test: 17.90%, Best Valid: 18.91%, Best Test: 19.75%
Epoch: 2000, Loss: 0.0174, Train: 19.09%, Valid: 16.15%, Test: 17.31%, Best Valid: 18.91%, Best Test: 19.75%
Epoch: 2100, Loss: 0.0036, Train: 21.17%, Valid: 19.05%, Test: 19.87%, Best Valid: 19.33%, Best Test: 19.98%
Epoch: 2200, Loss: 0.0039, Train: 21.23%, Valid: 18.62%, Test: 19.27%, Best Valid: 19.36%, Best Test: 19.89%
Epoch: 2300, Loss: 0.0026, Train: 19.57%, Valid: 17.58%, Test: 17.81%, Best Valid: 19.36%, Best Test: 19.89%
Epoch: 2400, Loss: 0.0050, Train: 19.73%, Valid: 17.09%, Test: 17.70%, Best Valid: 19.36%, Best Test: 19.89%
Run 03:
Highest Train: 21.77
Highest Valid: 19.36
Highest Test: 20.28
Chosen epoch: 2185
Final Train: 21.39
Final Test: 19.89
Label budget: 20/class -> 360 train nodes
Pre-training MLP for 500 epochs to generate co-occurrence matrix...
MLP pre-training complete. Penalty matrix frozen.
Epoch: 00, Loss: 3.0473, Train: 4.93%, Valid: 4.92%, Test: 5.01%, Best Valid: 4.92%, Best Test: 5.01%
Epoch: 100, Loss: 0.8785, Train: 18.26%, Valid: 17.30%, Test: 16.98%, Best Valid: 18.15%, Best Test: 17.93%
Epoch: 200, Loss: 0.1322, Train: 22.11%, Valid: 19.44%, Test: 19.01%, Best Valid: 19.65%, Best Test: 19.01%
Epoch: 300, Loss: 0.0654, Train: 20.38%, Valid: 17.95%, Test: 17.79%, Best Valid: 20.04%, Best Test: 19.10%
Epoch: 400, Loss: 0.0468, Train: 20.27%, Valid: 17.93%, Test: 17.81%, Best Valid: 20.04%, Best Test: 19.10%
Epoch: 500, Loss: 0.0218, Train: 19.96%, Valid: 17.97%, Test: 17.40%, Best Valid: 20.04%, Best Test: 19.10%
Epoch: 600, Loss: 0.0139, Train: 21.51%, Valid: 19.06%, Test: 19.41%, Best Valid: 20.04%, Best Test: 19.10%
Epoch: 700, Loss: 0.0429, Train: 20.55%, Valid: 18.01%, Test: 17.77%, Best Valid: 20.04%, Best Test: 19.10%
Epoch: 800, Loss: 0.0113, Train: 20.33%, Valid: 17.63%, Test: 17.84%, Best Valid: 20.04%, Best Test: 19.10%
Epoch: 900, Loss: 0.0211, Train: 19.87%, Valid: 17.95%, Test: 17.61%, Best Valid: 20.04%, Best Test: 19.10%
Epoch: 1000, Loss: 0.0155, Train: 21.01%, Valid: 19.44%, Test: 18.88%, Best Valid: 20.18%, Best Test: 19.36%
Epoch: 1100, Loss: 0.0048, Train: 21.66%, Valid: 18.59%, Test: 18.73%, Best Valid: 20.35%, Best Test: 19.48%
Epoch: 1200, Loss: 0.0170, Train: 21.84%, Valid: 19.52%, Test: 18.94%, Best Valid: 20.35%, Best Test: 19.48%
Epoch: 1300, Loss: 0.0144, Train: 21.78%, Valid: 19.22%, Test: 19.47%, Best Valid: 20.53%, Best Test: 20.21%
Epoch: 1400, Loss: 0.0020, Train: 21.68%, Valid: 19.58%, Test: 18.60%, Best Valid: 20.67%, Best Test: 19.77%
Epoch: 1500, Loss: 0.0028, Train: 21.86%, Valid: 20.04%, Test: 19.13%, Best Valid: 20.81%, Best Test: 19.40%
Epoch: 1600, Loss: 0.0185, Train: 21.92%, Valid: 19.81%, Test: 19.48%, Best Valid: 20.81%, Best Test: 19.40%
Epoch: 1700, Loss: 0.0491, Train: 21.37%, Valid: 18.61%, Test: 18.44%, Best Valid: 20.81%, Best Test: 19.40%
Epoch: 1800, Loss: 0.0047, Train: 21.83%, Valid: 19.88%, Test: 19.54%, Best Valid: 20.81%, Best Test: 19.40%
Epoch: 1900, Loss: 0.0194, Train: 21.80%, Valid: 20.00%, Test: 19.64%, Best Valid: 20.81%, Best Test: 19.40%
Epoch: 2000, Loss: 0.0049, Train: 21.89%, Valid: 20.41%, Test: 19.52%, Best Valid: 20.81%, Best Test: 19.40%
Epoch: 2100, Loss: 0.0064, Train: 21.52%, Valid: 19.28%, Test: 18.90%, Best Valid: 20.88%, Best Test: 20.56%
Epoch: 2200, Loss: 0.0071, Train: 22.50%, Valid: 20.32%, Test: 19.57%, Best Valid: 21.92%, Best Test: 21.11%
Epoch: 2300, Loss: 0.0011, Train: 22.95%, Valid: 21.27%, Test: 20.60%, Best Valid: 21.92%, Best Test: 21.11%
Epoch: 2400, Loss: 0.0046, Train: 22.31%, Valid: 20.21%, Test: 20.17%, Best Valid: 21.92%, Best Test: 21.11%
Run 04:
Highest Train: 23.76
Highest Valid: 21.92
Highest Test: 21.28
Chosen epoch: 2179
Final Train: 23.49
Final Test: 21.11
Label budget: 20/class -> 360 train nodes
Pre-training MLP for 500 epochs to generate co-occurrence matrix...
MLP pre-training complete. Penalty matrix frozen.
Epoch: 00, Loss: 3.0986, Train: 3.93%, Valid: 3.99%, Test: 3.81%, Best Valid: 3.99%, Best Test: 3.81%
Epoch: 100, Loss: 0.8443, Train: 20.25%, Valid: 18.61%, Test: 18.27%, Best Valid: 19.59%, Best Test: 18.90%
Epoch: 200, Loss: 0.1517, Train: 22.78%, Valid: 19.38%, Test: 19.22%, Best Valid: 20.23%, Best Test: 19.78%
Epoch: 300, Loss: 0.0993, Train: 21.45%, Valid: 19.24%, Test: 18.64%, Best Valid: 20.23%, Best Test: 19.78%
Epoch: 400, Loss: 0.0745, Train: 21.75%, Valid: 18.73%, Test: 18.66%, Best Valid: 20.71%, Best Test: 20.07%
Epoch: 500, Loss: 0.0348, Train: 22.48%, Valid: 19.58%, Test: 19.45%, Best Valid: 20.71%, Best Test: 20.07%
Epoch: 600, Loss: 0.0409, Train: 22.35%, Valid: 19.28%, Test: 19.29%, Best Valid: 20.71%, Best Test: 20.07%
Epoch: 700, Loss: 0.0176, Train: 21.84%, Valid: 19.40%, Test: 19.29%, Best Valid: 21.39%, Best Test: 20.23%
Epoch: 800, Loss: 0.0238, Train: 22.27%, Valid: 20.23%, Test: 19.68%, Best Valid: 21.39%, Best Test: 20.23%
Epoch: 900, Loss: 0.0108, Train: 23.34%, Valid: 20.62%, Test: 19.96%, Best Valid: 21.39%, Best Test: 20.23%
Epoch: 1000, Loss: 0.0096, Train: 22.14%, Valid: 19.84%, Test: 19.33%, Best Valid: 21.39%, Best Test: 20.23%
Epoch: 1100, Loss: 0.0128, Train: 23.31%, Valid: 21.09%, Test: 20.23%, Best Valid: 21.39%, Best Test: 20.23%
Epoch: 1200, Loss: 0.0122, Train: 22.04%, Valid: 20.19%, Test: 19.45%, Best Valid: 21.39%, Best Test: 20.23%
Epoch: 1300, Loss: 0.0176, Train: 22.96%, Valid: 20.65%, Test: 20.33%, Best Valid: 21.39%, Best Test: 20.23%
Epoch: 1400, Loss: 0.0124, Train: 23.13%, Valid: 20.90%, Test: 20.51%, Best Valid: 21.39%, Best Test: 20.23%
Epoch: 1500, Loss: 0.0096, Train: 22.18%, Valid: 20.11%, Test: 20.16%, Best Valid: 21.39%, Best Test: 20.23%
Epoch: 1600, Loss: 0.0055, Train: 23.18%, Valid: 21.01%, Test: 20.83%, Best Valid: 21.39%, Best Test: 20.23%
Epoch: 1700, Loss: 0.0032, Train: 22.82%, Valid: 20.64%, Test: 20.63%, Best Valid: 21.39%, Best Test: 20.23%
Epoch: 1800, Loss: 0.0381, Train: 22.74%, Valid: 20.74%, Test: 20.77%, Best Valid: 21.43%, Best Test: 20.56%
Epoch: 1900, Loss: 0.0373, Train: 22.39%, Valid: 20.37%, Test: 20.08%, Best Valid: 21.43%, Best Test: 20.56%
Epoch: 2000, Loss: 0.0062, Train: 22.91%, Valid: 20.30%, Test: 19.89%, Best Valid: 21.43%, Best Test: 20.56%
Epoch: 2100, Loss: 0.0049, Train: 22.64%, Valid: 19.91%, Test: 20.08%, Best Valid: 21.71%, Best Test: 21.13%
Epoch: 2200, Loss: 0.0008, Train: 22.46%, Valid: 20.69%, Test: 19.86%, Best Valid: 21.71%, Best Test: 21.13%
Epoch: 2300, Loss: 0.0006, Train: 24.18%, Valid: 22.22%, Test: 21.07%, Best Valid: 22.29%, Best Test: 20.91%
Epoch: 2400, Loss: 0.0182, Train: 23.52%, Valid: 21.34%, Test: 20.23%, Best Valid: 22.42%, Best Test: 21.53%
Run 05:
Highest Train: 24.18
Highest Valid: 22.42
Highest Test: 21.55
Chosen epoch: 2330
Final Train: 24.02
Final Test: 21.53
Label budget: 20/class -> 360 train nodes
Pre-training MLP for 500 epochs to generate co-occurrence matrix...
MLP pre-training complete. Penalty matrix frozen.
Epoch: 00, Loss: 3.0050, Train: 2.07%, Valid: 2.07%, Test: 1.94%, Best Valid: 2.07%, Best Test: 1.94%
Epoch: 100, Loss: 0.7470, Train: 19.72%, Valid: 17.88%, Test: 17.74%, Best Valid: 18.08%, Best Test: 18.04%
Epoch: 200, Loss: 0.0967, Train: 21.73%, Valid: 19.24%, Test: 18.43%, Best Valid: 19.52%, Best Test: 18.76%
Epoch: 300, Loss: 0.0539, Train: 21.60%, Valid: 18.87%, Test: 18.14%, Best Valid: 19.52%, Best Test: 18.76%
Epoch: 400, Loss: 0.0209, Train: 21.62%, Valid: 18.69%, Test: 18.20%, Best Valid: 19.52%, Best Test: 18.76%
Epoch: 500, Loss: 0.0503, Train: 21.76%, Valid: 19.19%, Test: 18.43%, Best Valid: 20.04%, Best Test: 18.44%
Epoch: 600, Loss: 0.0616, Train: 22.37%, Valid: 19.74%, Test: 18.80%, Best Valid: 20.04%, Best Test: 18.44%
Epoch: 700, Loss: 0.0121, Train: 21.07%, Valid: 18.15%, Test: 17.84%, Best Valid: 20.04%, Best Test: 18.44%
Epoch: 800, Loss: 0.0168, Train: 21.05%, Valid: 17.92%, Test: 17.49%, Best Valid: 20.04%, Best Test: 18.44%
Epoch: 900, Loss: 0.0408, Train: 21.53%, Valid: 18.32%, Test: 18.41%, Best Valid: 20.04%, Best Test: 18.44%
Epoch: 1000, Loss: 0.0070, Train: 21.99%, Valid: 18.85%, Test: 19.24%, Best Valid: 20.34%, Best Test: 19.15%
Epoch: 1100, Loss: 0.0120, Train: 21.71%, Valid: 18.80%, Test: 18.74%, Best Valid: 20.34%, Best Test: 19.15%
Epoch: 1200, Loss: 0.0092, Train: 20.92%, Valid: 18.36%, Test: 18.43%, Best Valid: 20.34%, Best Test: 19.15%
Epoch: 1300, Loss: 0.0134, Train: 21.34%, Valid: 18.82%, Test: 18.21%, Best Valid: 20.34%, Best Test: 19.15%
Epoch: 1400, Loss: 0.0091, Train: 21.24%, Valid: 18.82%, Test: 18.21%, Best Valid: 20.34%, Best Test: 19.15%
Epoch: 1500, Loss: 0.0039, Train: 20.39%, Valid: 17.88%, Test: 17.42%, Best Valid: 20.34%, Best Test: 19.15%
Epoch: 1600, Loss: 0.0122, Train: 22.69%, Valid: 20.07%, Test: 19.50%, Best Valid: 20.34%, Best Test: 19.15%
Epoch: 1700, Loss: 0.0247, Train: 21.73%, Valid: 19.19%, Test: 18.71%, Best Valid: 20.42%, Best Test: 19.61%
Epoch: 1800, Loss: 0.0181, Train: 22.63%, Valid: 20.34%, Test: 20.12%, Best Valid: 20.42%, Best Test: 19.61%
Epoch: 1900, Loss: 0.0089, Train: 22.14%, Valid: 19.66%, Test: 19.47%, Best Valid: 20.65%, Best Test: 20.19%
Epoch: 2000, Loss: 0.0063, Train: 21.13%, Valid: 18.23%, Test: 18.36%, Best Valid: 20.65%, Best Test: 20.19%
Epoch: 2100, Loss: 0.0059, Train: 22.76%, Valid: 20.12%, Test: 19.66%, Best Valid: 20.65%, Best Test: 20.19%
Epoch: 2200, Loss: 0.0236, Train: 21.35%, Valid: 18.38%, Test: 18.50%, Best Valid: 20.65%, Best Test: 20.19%
Epoch: 2300, Loss: 0.0241, Train: 21.68%, Valid: 19.19%, Test: 18.90%, Best Valid: 20.65%, Best Test: 20.19%
Epoch: 2400, Loss: 0.0021, Train: 22.86%, Valid: 20.04%, Test: 19.15%, Best Valid: 20.65%, Best Test: 20.19%
Run 06:
Highest Train: 23.27
Highest Valid: 20.65
Highest Test: 20.65
Chosen epoch: 1803
Final Train: 22.55
Final Test: 20.19
Label budget: 20/class -> 360 train nodes
Pre-training MLP for 500 epochs to generate co-occurrence matrix...
MLP pre-training complete. Penalty matrix frozen.
Epoch: 00, Loss: 3.0673, Train: 11.05%, Valid: 11.03%, Test: 11.05%, Best Valid: 11.03%, Best Test: 11.05%
Epoch: 100, Loss: 0.8936, Train: 15.82%, Valid: 14.17%, Test: 14.91%, Best Valid: 14.63%, Best Test: 14.67%
Epoch: 200, Loss: 0.1695, Train: 19.50%, Valid: 16.66%, Test: 17.72%, Best Valid: 17.32%, Best Test: 17.58%
Epoch: 300, Loss: 0.0750, Train: 19.64%, Valid: 16.65%, Test: 17.54%, Best Valid: 17.60%, Best Test: 18.90%
Epoch: 400, Loss: 0.0375, Train: 18.73%, Valid: 15.55%, Test: 17.31%, Best Valid: 18.75%, Best Test: 20.07%
Epoch: 500, Loss: 0.0558, Train: 19.47%, Valid: 16.36%, Test: 17.40%, Best Valid: 18.75%, Best Test: 20.07%
Epoch: 600, Loss: 0.0518, Train: 20.08%, Valid: 17.18%, Test: 17.88%, Best Valid: 18.75%, Best Test: 20.07%
Epoch: 700, Loss: 0.0179, Train: 20.25%, Valid: 16.98%, Test: 17.81%, Best Valid: 18.75%, Best Test: 20.07%
Epoch: 800, Loss: 0.0370, Train: 19.52%, Valid: 16.98%, Test: 17.07%, Best Valid: 19.54%, Best Test: 19.64%
Epoch: 900, Loss: 0.0190, Train: 20.98%, Valid: 18.01%, Test: 18.87%, Best Valid: 19.54%, Best Test: 19.64%
Epoch: 1000, Loss: 0.0171, Train: 20.34%, Valid: 18.31%, Test: 18.14%, Best Valid: 19.54%, Best Test: 19.64%
Epoch: 1100, Loss: 0.0132, Train: 20.05%, Valid: 17.86%, Test: 18.39%, Best Valid: 19.54%, Best Test: 19.64%
Epoch: 1200, Loss: 0.0024, Train: 20.64%, Valid: 17.78%, Test: 19.27%, Best Valid: 19.54%, Best Test: 19.64%
Epoch: 1300, Loss: 0.0033, Train: 20.67%, Valid: 18.31%, Test: 18.78%, Best Valid: 19.54%, Best Test: 19.64%
Epoch: 1400, Loss: 0.0161, Train: 20.58%, Valid: 18.27%, Test: 19.04%, Best Valid: 19.72%, Best Test: 20.44%
Epoch: 1500, Loss: 0.0047, Train: 21.86%, Valid: 18.69%, Test: 19.63%, Best Valid: 19.72%, Best Test: 20.44%
Epoch: 1600, Loss: 0.0019, Train: 21.12%, Valid: 18.01%, Test: 18.80%, Best Valid: 19.72%, Best Test: 20.44%
Epoch: 1700, Loss: 0.0171, Train: 20.44%, Valid: 17.92%, Test: 19.45%, Best Valid: 19.72%, Best Test: 20.44%
Epoch: 1800, Loss: 0.0038, Train: 21.23%, Valid: 18.38%, Test: 19.50%, Best Valid: 19.72%, Best Test: 20.44%
Epoch: 1900, Loss: 0.0226, Train: 20.95%, Valid: 18.09%, Test: 19.17%, Best Valid: 19.72%, Best Test: 20.44%
Epoch: 2000, Loss: 0.0082, Train: 20.92%, Valid: 18.02%, Test: 19.01%, Best Valid: 19.72%, Best Test: 20.44%
Epoch: 2100, Loss: 0.0076, Train: 21.24%, Valid: 18.92%, Test: 19.56%, Best Valid: 19.72%, Best Test: 20.44%
Epoch: 2200, Loss: 0.0022, Train: 20.74%, Valid: 17.81%, Test: 19.11%, Best Valid: 19.72%, Best Test: 20.44%
Epoch: 2300, Loss: 0.0308, Train: 19.24%, Valid: 16.70%, Test: 17.88%, Best Valid: 19.72%, Best Test: 20.44%
Epoch: 2400, Loss: 0.0017, Train: 20.56%, Valid: 17.95%, Test: 19.43%, Best Valid: 19.72%, Best Test: 20.44%
Run 07:
Highest Train: 22.37
Highest Valid: 19.82
Highest Test: 20.81
Chosen epoch: 2478
Final Train: 22.33
Final Test: 20.33
Label budget: 20/class -> 360 train nodes
Pre-training MLP for 500 epochs to generate co-occurrence matrix...
MLP pre-training complete. Penalty matrix frozen.
Epoch: 00, Loss: 3.0621, Train: 3.48%, Valid: 3.50%, Test: 3.48%, Best Valid: 3.50%, Best Test: 3.48%
Epoch: 100, Loss: 0.7871, Train: 18.76%, Valid: 17.26%, Test: 18.34%, Best Valid: 17.37%, Best Test: 17.70%
Epoch: 200, Loss: 0.1050, Train: 21.10%, Valid: 18.06%, Test: 18.50%, Best Valid: 19.42%, Best Test: 19.63%
Epoch: 300, Loss: 0.0566, Train: 20.48%, Valid: 17.62%, Test: 18.73%, Best Valid: 19.42%, Best Test: 19.63%
Epoch: 400, Loss: 0.0337, Train: 21.95%, Valid: 19.52%, Test: 19.54%, Best Valid: 19.52%, Best Test: 19.54%
Epoch: 500, Loss: 0.0221, Train: 21.86%, Valid: 19.75%, Test: 20.16%, Best Valid: 19.75%, Best Test: 20.30%
Epoch: 600, Loss: 0.0124, Train: 21.44%, Valid: 18.82%, Test: 19.68%, Best Valid: 19.75%, Best Test: 20.30%
Epoch: 700, Loss: 0.0225, Train: 21.47%, Valid: 19.08%, Test: 19.59%, Best Valid: 19.81%, Best Test: 20.49%
Epoch: 800, Loss: 0.0179, Train: 21.79%, Valid: 18.99%, Test: 19.75%, Best Valid: 19.82%, Best Test: 20.44%
Epoch: 900, Loss: 0.0096, Train: 21.90%, Valid: 19.75%, Test: 20.00%, Best Valid: 20.41%, Best Test: 20.33%
Epoch: 1000, Loss: 0.0100, Train: 22.18%, Valid: 19.56%, Test: 20.38%, Best Valid: 20.41%, Best Test: 20.33%
Epoch: 1100, Loss: 0.0114, Train: 20.94%, Valid: 18.34%, Test: 19.26%, Best Valid: 20.41%, Best Test: 20.33%
Epoch: 1200, Loss: 0.0068, Train: 21.13%, Valid: 18.02%, Test: 19.33%, Best Valid: 20.41%, Best Test: 20.33%
Epoch: 1300, Loss: 0.0343, Train: 21.93%, Valid: 19.31%, Test: 19.50%, Best Valid: 20.41%, Best Test: 20.33%
Epoch: 1400, Loss: 0.0087, Train: 22.00%, Valid: 19.08%, Test: 20.21%, Best Valid: 20.58%, Best Test: 20.86%
Epoch: 1500, Loss: 0.0409, Train: 22.13%, Valid: 19.33%, Test: 20.23%, Best Valid: 20.58%, Best Test: 20.86%
Epoch: 1600, Loss: 0.0046, Train: 21.68%, Valid: 19.42%, Test: 19.98%, Best Valid: 20.58%, Best Test: 20.86%
Epoch: 1700, Loss: 0.0088, Train: 21.79%, Valid: 19.56%, Test: 20.14%, Best Valid: 20.58%, Best Test: 20.86%
Epoch: 1800, Loss: 0.0139, Train: 21.80%, Valid: 18.59%, Test: 19.59%, Best Valid: 20.58%, Best Test: 20.86%
Epoch: 1900, Loss: 0.0091, Train: 22.32%, Valid: 19.56%, Test: 20.95%, Best Valid: 20.58%, Best Test: 20.86%
Epoch: 2000, Loss: 0.0207, Train: 22.23%, Valid: 19.91%, Test: 19.80%, Best Valid: 20.86%, Best Test: 20.91%
Epoch: 2100, Loss: 0.0077, Train: 22.10%, Valid: 19.45%, Test: 20.16%, Best Valid: 20.86%, Best Test: 20.91%
Epoch: 2200, Loss: 0.0177, Train: 23.05%, Valid: 20.79%, Test: 21.58%, Best Valid: 20.92%, Best Test: 21.83%
Epoch: 2300, Loss: 0.0016, Train: 21.55%, Valid: 19.19%, Test: 19.94%, Best Valid: 21.02%, Best Test: 21.58%
Epoch: 2400, Loss: 0.0016, Train: 22.76%, Valid: 20.48%, Test: 21.27%, Best Valid: 21.02%, Best Test: 21.58%
Run 08:
Highest Train: 23.57
Highest Valid: 21.02
Highest Test: 22.15
Chosen epoch: 2216
Final Train: 23.34
Final Test: 21.58
Label budget: 20/class -> 360 train nodes
Pre-training MLP for 500 epochs to generate co-occurrence matrix...
MLP pre-training complete. Penalty matrix frozen.
Epoch: 00, Loss: 3.0897, Train: 10.88%, Valid: 10.98%, Test: 11.07%, Best Valid: 10.98%, Best Test: 11.07%
Epoch: 100, Loss: 0.8282, Train: 18.72%, Valid: 16.77%, Test: 16.57%, Best Valid: 16.93%, Best Test: 16.06%
Epoch: 200, Loss: 0.1905, Train: 21.35%, Valid: 18.04%, Test: 17.63%, Best Valid: 19.42%, Best Test: 18.43%
Epoch: 300, Loss: 0.0967, Train: 20.52%, Valid: 17.46%, Test: 17.53%, Best Valid: 19.42%, Best Test: 18.43%
Epoch: 400, Loss: 0.0323, Train: 20.93%, Valid: 17.65%, Test: 17.76%, Best Valid: 19.42%, Best Test: 18.43%
Epoch: 500, Loss: 0.0316, Train: 21.36%, Valid: 18.29%, Test: 17.83%, Best Valid: 19.42%, Best Test: 18.43%
Epoch: 600, Loss: 0.0270, Train: 21.75%, Valid: 18.75%, Test: 18.39%, Best Valid: 19.42%, Best Test: 18.43%
Epoch: 700, Loss: 0.0253, Train: 21.37%, Valid: 18.87%, Test: 18.53%, Best Valid: 19.42%, Best Test: 18.43%
Epoch: 800, Loss: 0.0119, Train: 21.60%, Valid: 19.03%, Test: 18.81%, Best Valid: 19.42%, Best Test: 18.43%
Epoch: 900, Loss: 0.0101, Train: 21.77%, Valid: 18.57%, Test: 18.92%, Best Valid: 19.49%, Best Test: 19.08%
Epoch: 1000, Loss: 0.0380, Train: 21.60%, Valid: 18.91%, Test: 18.76%, Best Valid: 19.49%, Best Test: 19.08%
Epoch: 1100, Loss: 0.0105, Train: 20.95%, Valid: 18.39%, Test: 17.83%, Best Valid: 19.49%, Best Test: 19.08%
Epoch: 1200, Loss: 0.0036, Train: 21.28%, Valid: 18.27%, Test: 18.55%, Best Valid: 20.12%, Best Test: 19.71%
Epoch: 1300, Loss: 0.0037, Train: 21.47%, Valid: 19.01%, Test: 19.18%, Best Valid: 20.12%, Best Test: 19.71%
Epoch: 1400, Loss: 0.0186, Train: 22.05%, Valid: 18.96%, Test: 18.97%, Best Valid: 20.12%, Best Test: 19.71%
Epoch: 1500, Loss: 0.0233, Train: 22.17%, Valid: 18.96%, Test: 19.11%, Best Valid: 20.12%, Best Test: 19.71%
Epoch: 1600, Loss: 0.0072, Train: 22.35%, Valid: 18.80%, Test: 18.99%, Best Valid: 20.12%, Best Test: 19.71%
Epoch: 1700, Loss: 0.0057, Train: 22.79%, Valid: 19.45%, Test: 19.52%, Best Valid: 20.12%, Best Test: 19.71%
Epoch: 1800, Loss: 0.0052, Train: 21.28%, Valid: 18.55%, Test: 18.32%, Best Valid: 20.34%, Best Test: 20.00%
Epoch: 1900, Loss: 0.0241, Train: 21.11%, Valid: 18.50%, Test: 18.80%, Best Valid: 20.34%, Best Test: 20.00%
Epoch: 2000, Loss: 0.0084, Train: 21.98%, Valid: 19.91%, Test: 19.66%, Best Valid: 20.34%, Best Test: 20.00%
Epoch: 2100, Loss: 0.0018, Train: 21.29%, Valid: 19.54%, Test: 19.10%, Best Valid: 20.34%, Best Test: 20.00%
Epoch: 2200, Loss: 0.0163, Train: 21.35%, Valid: 19.05%, Test: 19.38%, Best Valid: 20.34%, Best Test: 20.00%
Epoch: 2300, Loss: 0.0202, Train: 21.51%, Valid: 18.83%, Test: 19.08%, Best Valid: 20.34%, Best Test: 20.00%
Epoch: 2400, Loss: 0.0010, Train: 20.96%, Valid: 18.15%, Test: 18.32%, Best Valid: 20.34%, Best Test: 20.00%
Run 09:
Highest Train: 23.05
Highest Valid: 20.34
Highest Test: 20.26
Chosen epoch: 1749
Final Train: 22.69
Final Test: 20.00
Label budget: 20/class -> 360 train nodes
Pre-training MLP for 500 epochs to generate co-occurrence matrix...
MLP pre-training complete. Penalty matrix frozen.
Epoch: 00, Loss: 3.0657, Train: 4.17%, Valid: 4.17%, Test: 4.17%, Best Valid: 4.17%, Best Test: 4.17%
Epoch: 100, Loss: 0.9073, Train: 18.54%, Valid: 17.93%, Test: 17.33%, Best Valid: 17.93%, Best Test: 17.33%
Epoch: 200, Loss: 0.1378, Train: 20.55%, Valid: 18.52%, Test: 18.88%, Best Valid: 20.62%, Best Test: 19.26%
Epoch: 300, Loss: 0.0711, Train: 20.85%, Valid: 19.08%, Test: 19.11%, Best Valid: 20.90%, Best Test: 20.07%
Epoch: 400, Loss: 0.0608, Train: 21.07%, Valid: 19.98%, Test: 19.78%, Best Valid: 20.90%, Best Test: 20.07%
Epoch: 500, Loss: 0.0341, Train: 20.80%, Valid: 19.58%, Test: 19.40%, Best Valid: 20.90%, Best Test: 20.07%
Epoch: 600, Loss: 0.0241, Train: 20.39%, Valid: 19.17%, Test: 18.90%, Best Valid: 20.90%, Best Test: 20.07%
Epoch: 700, Loss: 0.0086, Train: 21.75%, Valid: 20.09%, Test: 19.70%, Best Valid: 20.90%, Best Test: 20.07%
Epoch: 800, Loss: 0.0127, Train: 20.38%, Valid: 19.21%, Test: 18.85%, Best Valid: 20.90%, Best Test: 20.07%
Epoch: 900, Loss: 0.0100, Train: 21.25%, Valid: 19.65%, Test: 19.10%, Best Valid: 20.90%, Best Test: 20.07%
Epoch: 1000, Loss: 0.0086, Train: 20.92%, Valid: 19.10%, Test: 19.26%, Best Valid: 20.90%, Best Test: 20.07%
Epoch: 1100, Loss: 0.0068, Train: 21.18%, Valid: 19.49%, Test: 19.68%, Best Valid: 20.90%, Best Test: 20.07%
Epoch: 1200, Loss: 0.0066, Train: 21.51%, Valid: 20.53%, Test: 19.43%, Best Valid: 20.90%, Best Test: 20.07%
Epoch: 1300, Loss: 0.0091, Train: 21.60%, Valid: 20.02%, Test: 19.40%, Best Valid: 21.29%, Best Test: 19.87%
Epoch: 1400, Loss: 0.0308, Train: 21.87%, Valid: 20.07%, Test: 19.36%, Best Valid: 21.62%, Best Test: 20.70%
Epoch: 1500, Loss: 0.0276, Train: 22.37%, Valid: 20.48%, Test: 20.70%, Best Valid: 21.62%, Best Test: 20.70%
Epoch: 1600, Loss: 0.0152, Train: 21.83%, Valid: 20.05%, Test: 19.64%, Best Valid: 21.98%, Best Test: 20.67%
Epoch: 1700, Loss: 0.0318, Train: 21.22%, Valid: 19.66%, Test: 19.26%, Best Valid: 21.98%, Best Test: 20.67%
Epoch: 1800, Loss: 0.0042, Train: 21.93%, Valid: 20.67%, Test: 20.23%, Best Valid: 21.98%, Best Test: 20.67%
Epoch: 1900, Loss: 0.0096, Train: 21.86%, Valid: 20.12%, Test: 19.75%, Best Valid: 21.98%, Best Test: 20.67%
Epoch: 2000, Loss: 0.0014, Train: 22.04%, Valid: 20.79%, Test: 19.68%, Best Valid: 21.98%, Best Test: 20.67%
Epoch: 2100, Loss: 0.0017, Train: 22.52%, Valid: 20.79%, Test: 20.28%, Best Valid: 21.98%, Best Test: 20.67%
Epoch: 2200, Loss: 0.0095, Train: 21.33%, Valid: 20.02%, Test: 19.47%, Best Valid: 21.98%, Best Test: 20.67%
Epoch: 2300, Loss: 0.0024, Train: 22.05%, Valid: 20.88%, Test: 20.47%, Best Valid: 21.98%, Best Test: 20.67%
Epoch: 2400, Loss: 0.0116, Train: 22.05%, Valid: 20.44%, Test: 19.47%, Best Valid: 22.17%, Best Test: 21.39%
Run 10:
Highest Train: 23.40
Highest Valid: 22.17
Highest Test: 22.10
Chosen epoch: 2328
Final Train: 23.29
Final Test: 21.39
All runs:
Highest Train: 23.52 ± 1.91
Highest Test: 21.56 ± 1.74
Highest Valid: 21.25 ± 2.02
  Final Train: 23.18 ± 1.92
   Final Test: 21.06 ± 1.71
Saving results to results/lowlabel/roman-empire/MPNN_gcn.csv
--- mlp_reg | lambda=0.05 ---
Namespace(bn=True, budget_tag='20', count_reg=False, count_smoothing=1.0, cpu=False, data_dir='./data/', dataset='roman-empire', device=0, display_step=100, dropout=0.5, epochs=2500, gnn='gcn', hidden_channels=512, jk=False, label_num_per_class=20, lambda_val=0.05, ln=False, local_layers=9, lr=0.001, metric='acc', mlp_epochs=500, mlp_reg=True, model='MPNN', model_dir='models', num_heads=1, oracle_reg=False, paired_seeds=True, penalty_transform='none', pre_linear=True, pre_ln=False, rand_split=False, rand_split_class=False, reg_start_epoch=10, reg_update_freq=5, res=True, resample_split_per_run=False, result_dir='results/lowlabel', runs=10, save_model=False, seed=42, test_num=1000, train_per_class=20, train_prop=0.5, use_reg=True, valid_num=500, valid_per_class=0, valid_prop=0.25, weight_decay=0.0)
roman-empire
dataset roman-empire | num nodes 22662 | num edge 32927 | num node feats 300 | num classes 18
MODEL: MPNNs(
  (h_lins): ModuleList()
  (local_convs): ModuleList(
    (0): GCNConv(512, 512)
    (1): GCNConv(512, 512)
    (2): GCNConv(512, 512)
    (3): GCNConv(512, 512)
    (4): GCNConv(512, 512)
    (5): GCNConv(512, 512)
    (6): GCNConv(512, 512)
    (7): GCNConv(512, 512)
    (8): GCNConv(512, 512)
  )
  (lins): ModuleList(
    (0): Linear(in_features=512, out_features=512, bias=True)
    (1): Linear(in_features=512, out_features=512, bias=True)
    (2): Linear(in_features=512, out_features=512, bias=True)
    (3): Linear(in_features=512, out_features=512, bias=True)
    (4): Linear(in_features=512, out_features=512, bias=True)
    (5): Linear(in_features=512, out_features=512, bias=True)
    (6): Linear(in_features=512, out_features=512, bias=True)
    (7): Linear(in_features=512, out_features=512, bias=True)
    (8): Linear(in_features=512, out_features=512, bias=True)
  )
  (lns): ModuleList(
    (0): LayerNorm((512,), eps=1e-05, elementwise_affine=True)
    (1): LayerNorm((512,), eps=1e-05, elementwise_affine=True)
    (2): LayerNorm((512,), eps=1e-05, elementwise_affine=True)
    (3): LayerNorm((512,), eps=1e-05, elementwise_affine=True)
    (4): LayerNorm((512,), eps=1e-05, elementwise_affine=True)
    (5): LayerNorm((512,), eps=1e-05, elementwise_affine=True)
    (6): LayerNorm((512,), eps=1e-05, elementwise_affine=True)
    (7): LayerNorm((512,), eps=1e-05, elementwise_affine=True)
    (8): LayerNorm((512,), eps=1e-05, elementwise_affine=True)
  )
  (bns): ModuleList(
    (0): BatchNorm1d(512, eps=1e-05, momentum=0.1, affine=True, track_running_stats=True)
    (1): BatchNorm1d(512, eps=1e-05, momentum=0.1, affine=True, track_running_stats=True)
    (2): BatchNorm1d(512, eps=1e-05, momentum=0.1, affine=True, track_running_stats=True)
    (3): BatchNorm1d(512, eps=1e-05, momentum=0.1, affine=True, track_running_stats=True)
    (4): BatchNorm1d(512, eps=1e-05, momentum=0.1, affine=True, track_running_stats=True)
    (5): BatchNorm1d(512, eps=1e-05, momentum=0.1, affine=True, track_running_stats=True)
    (6): BatchNorm1d(512, eps=1e-05, momentum=0.1, affine=True, track_running_stats=True)
    (7): BatchNorm1d(512, eps=1e-05, momentum=0.1, affine=True, track_running_stats=True)
    (8): BatchNorm1d(512, eps=1e-05, momentum=0.1, affine=True, track_running_stats=True)
  )
  (lin_in): Linear(in_features=300, out_features=512, bias=True)
  (pred_local): Linear(in_features=512, out_features=18, bias=True)
)
Label budget: 20/class -> 360 train nodes
Pre-training MLP for 500 epochs to generate co-occurrence matrix...
MLP pre-training complete. Penalty matrix frozen.
Epoch: 00, Loss: 3.2356, Train: 4.17%, Valid: 4.17%, Test: 4.17%, Best Valid: 4.17%, Best Test: 4.17%
Epoch: 100, Loss: 0.9278, Train: 18.28%, Valid: 17.25%, Test: 16.54%, Best Valid: 17.25%, Best Test: 16.54%
Epoch: 200, Loss: 0.1884, Train: 22.93%, Valid: 20.94%, Test: 19.94%, Best Valid: 21.31%, Best Test: 20.74%
Epoch: 300, Loss: 0.0633, Train: 22.77%, Valid: 20.55%, Test: 20.23%, Best Valid: 21.52%, Best Test: 21.14%
Epoch: 400, Loss: 0.0709, Train: 23.95%, Valid: 21.22%, Test: 20.53%, Best Valid: 21.71%, Best Test: 20.86%
Epoch: 500, Loss: 0.0424, Train: 23.70%, Valid: 21.13%, Test: 21.09%, Best Valid: 21.71%, Best Test: 20.86%
Epoch: 600, Loss: 0.0240, Train: 25.20%, Valid: 22.15%, Test: 22.48%, Best Valid: 22.37%, Best Test: 22.18%
Epoch: 700, Loss: 0.0224, Train: 25.13%, Valid: 22.86%, Test: 22.57%, Best Valid: 23.02%, Best Test: 22.79%
Epoch: 800, Loss: 0.0153, Train: 25.62%, Valid: 22.40%, Test: 22.27%, Best Valid: 23.02%, Best Test: 22.79%
Epoch: 900, Loss: 0.0166, Train: 25.08%, Valid: 23.44%, Test: 22.82%, Best Valid: 23.44%, Best Test: 22.82%
Epoch: 1000, Loss: 0.0164, Train: 24.77%, Valid: 23.07%, Test: 22.54%, Best Valid: 23.44%, Best Test: 22.82%
Epoch: 1100, Loss: 0.0154, Train: 25.41%, Valid: 22.93%, Test: 22.36%, Best Valid: 23.78%, Best Test: 23.91%
Epoch: 1200, Loss: 0.0046, Train: 25.60%, Valid: 23.04%, Test: 23.10%, Best Valid: 23.78%, Best Test: 23.91%
Epoch: 1300, Loss: 0.0205, Train: 25.88%, Valid: 23.14%, Test: 23.70%, Best Valid: 23.78%, Best Test: 23.91%
Epoch: 1400, Loss: 0.0099, Train: 24.74%, Valid: 21.96%, Test: 22.06%, Best Valid: 23.78%, Best Test: 23.91%
Epoch: 1500, Loss: 0.0030, Train: 24.90%, Valid: 22.07%, Test: 22.84%, Best Valid: 24.18%, Best Test: 23.01%
Epoch: 1600, Loss: 0.0026, Train: 25.88%, Valid: 22.70%, Test: 22.80%, Best Valid: 24.18%, Best Test: 23.01%
Epoch: 1700, Loss: 0.0133, Train: 25.68%, Valid: 22.91%, Test: 22.94%, Best Valid: 24.18%, Best Test: 23.01%
Epoch: 1800, Loss: 0.0226, Train: 25.15%, Valid: 22.59%, Test: 21.97%, Best Valid: 24.73%, Best Test: 25.15%
Epoch: 1900, Loss: 0.0176, Train: 25.23%, Valid: 22.22%, Test: 21.88%, Best Valid: 24.73%, Best Test: 25.15%
Epoch: 2000, Loss: 0.0024, Train: 24.46%, Valid: 21.68%, Test: 21.50%, Best Valid: 24.73%, Best Test: 25.15%
Epoch: 2100, Loss: 0.0061, Train: 26.27%, Valid: 24.41%, Test: 23.81%, Best Valid: 24.73%, Best Test: 25.15%
Epoch: 2200, Loss: 0.0222, Train: 26.73%, Valid: 24.01%, Test: 23.77%, Best Valid: 24.73%, Best Test: 25.15%
Epoch: 2300, Loss: 0.0024, Train: 26.47%, Valid: 23.41%, Test: 23.05%, Best Valid: 24.73%, Best Test: 25.15%
Epoch: 2400, Loss: 0.0104, Train: 26.92%, Valid: 24.45%, Test: 24.46%, Best Valid: 24.73%, Best Test: 25.15%
Run 01:
Highest Train: 27.79
Highest Valid: 24.78
Highest Test: 25.61
Chosen epoch: 2458
Final Train: 27.57
Final Test: 24.97
Label budget: 20/class -> 360 train nodes
Pre-training MLP for 500 epochs to generate co-occurrence matrix...
MLP pre-training complete. Penalty matrix frozen.
Epoch: 00, Loss: 3.1844, Train: 1.50%, Valid: 1.55%, Test: 1.41%, Best Valid: 1.55%, Best Test: 1.41%
Epoch: 100, Loss: 1.0356, Train: 17.31%, Valid: 15.43%, Test: 15.69%, Best Valid: 15.43%, Best Test: 15.69%
Epoch: 200, Loss: 0.1466, Train: 18.68%, Valid: 16.29%, Test: 16.68%, Best Valid: 17.07%, Best Test: 17.15%
Epoch: 300, Loss: 0.0560, Train: 19.18%, Valid: 15.64%, Test: 16.98%, Best Valid: 17.42%, Best Test: 17.84%
Epoch: 400, Loss: 0.0409, Train: 19.02%, Valid: 16.38%, Test: 16.34%, Best Valid: 17.88%, Best Test: 18.02%
Epoch: 500, Loss: 0.0339, Train: 19.26%, Valid: 17.18%, Test: 17.54%, Best Valid: 17.88%, Best Test: 18.02%
Epoch: 600, Loss: 0.0133, Train: 19.04%, Valid: 16.65%, Test: 17.37%, Best Valid: 18.43%, Best Test: 18.48%
Epoch: 700, Loss: 0.0241, Train: 19.74%, Valid: 16.95%, Test: 18.20%, Best Valid: 18.43%, Best Test: 18.48%
Epoch: 800, Loss: 0.0205, Train: 20.12%, Valid: 17.58%, Test: 18.23%, Best Valid: 18.43%, Best Test: 18.48%
Epoch: 900, Loss: 0.0155, Train: 20.82%, Valid: 17.60%, Test: 18.62%, Best Valid: 18.43%, Best Test: 18.48%
Epoch: 1000, Loss: 0.0112, Train: 20.09%, Valid: 17.56%, Test: 18.37%, Best Valid: 18.43%, Best Test: 18.48%
Epoch: 1100, Loss: 0.0045, Train: 19.90%, Valid: 17.37%, Test: 18.06%, Best Valid: 18.43%, Best Test: 18.48%
Epoch: 1200, Loss: 0.0170, Train: 20.32%, Valid: 17.58%, Test: 18.53%, Best Valid: 18.43%, Best Test: 18.48%
Epoch: 1300, Loss: 0.0127, Train: 20.81%, Valid: 18.13%, Test: 18.96%, Best Valid: 18.55%, Best Test: 18.69%
Epoch: 1400, Loss: 0.0061, Train: 20.77%, Valid: 18.61%, Test: 19.29%, Best Valid: 18.75%, Best Test: 19.38%
Epoch: 1500, Loss: 0.0257, Train: 20.74%, Valid: 18.46%, Test: 18.50%, Best Valid: 18.76%, Best Test: 18.81%
Epoch: 1600, Loss: 0.0199, Train: 20.08%, Valid: 17.48%, Test: 18.50%, Best Valid: 18.76%, Best Test: 18.81%
Epoch: 1700, Loss: 0.0100, Train: 20.21%, Valid: 17.25%, Test: 17.74%, Best Valid: 18.76%, Best Test: 18.81%
Epoch: 1800, Loss: 0.0019, Train: 20.33%, Valid: 17.41%, Test: 18.39%, Best Valid: 18.76%, Best Test: 18.81%
Epoch: 1900, Loss: 0.0100, Train: 20.28%, Valid: 17.85%, Test: 18.44%, Best Valid: 18.76%, Best Test: 18.81%
Epoch: 2000, Loss: 0.0078, Train: 21.24%, Valid: 18.98%, Test: 19.22%, Best Valid: 19.42%, Best Test: 19.56%
Epoch: 2100, Loss: 0.0056, Train: 20.47%, Valid: 17.83%, Test: 18.57%, Best Valid: 19.42%, Best Test: 19.56%
Epoch: 2200, Loss: 0.0134, Train: 20.06%, Valid: 17.07%, Test: 17.77%, Best Valid: 19.42%, Best Test: 19.56%
Epoch: 2300, Loss: 0.0069, Train: 20.39%, Valid: 17.90%, Test: 18.92%, Best Valid: 19.42%, Best Test: 19.56%
Epoch: 2400, Loss: 0.0017, Train: 20.19%, Valid: 18.04%, Test: 18.28%, Best Valid: 19.42%, Best Test: 19.56%
Run 02:
Highest Train: 21.45
Highest Valid: 19.42
Highest Test: 19.89
Chosen epoch: 1996
Final Train: 21.45
Final Test: 19.56
Label budget: 20/class -> 360 train nodes
Pre-training MLP for 500 epochs to generate co-occurrence matrix...
MLP pre-training complete. Penalty matrix frozen.
Epoch: 00, Loss: 3.1703, Train: 5.56%, Valid: 5.38%, Test: 5.38%, Best Valid: 5.38%, Best Test: 5.38%
Epoch: 100, Loss: 0.7957, Train: 16.99%, Valid: 15.29%, Test: 16.15%, Best Valid: 15.83%, Best Test: 16.43%
Epoch: 200, Loss: 0.1906, Train: 17.94%, Valid: 15.43%, Test: 16.11%, Best Valid: 16.66%, Best Test: 17.08%
Epoch: 300, Loss: 0.0704, Train: 19.30%, Valid: 16.59%, Test: 17.58%, Best Valid: 16.93%, Best Test: 17.28%
Epoch: 400, Loss: 0.0570, Train: 19.73%, Valid: 16.56%, Test: 17.17%, Best Valid: 17.21%, Best Test: 17.90%
Epoch: 500, Loss: 0.0189, Train: 18.88%, Valid: 16.36%, Test: 16.52%, Best Valid: 18.20%, Best Test: 18.21%
Epoch: 600, Loss: 0.0137, Train: 19.43%, Valid: 16.80%, Test: 18.02%, Best Valid: 18.52%, Best Test: 18.94%
Epoch: 700, Loss: 0.0161, Train: 20.92%, Valid: 18.06%, Test: 19.75%, Best Valid: 18.52%, Best Test: 18.94%
Epoch: 800, Loss: 0.0234, Train: 19.06%, Valid: 16.63%, Test: 17.67%, Best Valid: 18.57%, Best Test: 19.26%
Epoch: 900, Loss: 0.0210, Train: 21.23%, Valid: 18.16%, Test: 18.99%, Best Valid: 18.57%, Best Test: 19.26%
Epoch: 1000, Loss: 0.0228, Train: 19.36%, Valid: 16.82%, Test: 17.17%, Best Valid: 18.57%, Best Test: 19.26%
Epoch: 1100, Loss: 0.0072, Train: 20.17%, Valid: 17.65%, Test: 17.81%, Best Valid: 18.57%, Best Test: 19.26%
Epoch: 1200, Loss: 0.0034, Train: 19.53%, Valid: 16.89%, Test: 18.11%, Best Valid: 18.68%, Best Test: 18.73%
Epoch: 1300, Loss: 0.0137, Train: 19.60%, Valid: 17.18%, Test: 17.95%, Best Valid: 18.68%, Best Test: 18.73%
Epoch: 1400, Loss: 0.0125, Train: 18.90%, Valid: 15.76%, Test: 17.19%, Best Valid: 18.68%, Best Test: 18.73%
Epoch: 1500, Loss: 0.0027, Train: 19.70%, Valid: 16.91%, Test: 18.46%, Best Valid: 18.92%, Best Test: 18.62%
Epoch: 1600, Loss: 0.0091, Train: 20.61%, Valid: 17.56%, Test: 18.37%, Best Valid: 18.92%, Best Test: 18.62%
Epoch: 1700, Loss: 0.0024, Train: 20.87%, Valid: 17.92%, Test: 18.83%, Best Valid: 18.92%, Best Test: 18.62%
Epoch: 1800, Loss: 0.0043, Train: 20.25%, Valid: 17.00%, Test: 17.83%, Best Valid: 18.92%, Best Test: 18.62%
Epoch: 1900, Loss: 0.0063, Train: 19.93%, Valid: 17.11%, Test: 18.37%, Best Valid: 18.92%, Best Test: 18.62%
Epoch: 2000, Loss: 0.0521, Train: 19.25%, Valid: 15.98%, Test: 17.33%, Best Valid: 18.92%, Best Test: 18.62%
Epoch: 2100, Loss: 0.0042, Train: 20.40%, Valid: 18.53%, Test: 18.58%, Best Valid: 18.92%, Best Test: 18.62%
Epoch: 2200, Loss: 0.0145, Train: 19.57%, Valid: 17.55%, Test: 17.74%, Best Valid: 18.92%, Best Test: 18.62%
Epoch: 2300, Loss: 0.0071, Train: 20.78%, Valid: 18.43%, Test: 19.98%, Best Valid: 18.92%, Best Test: 18.62%
Epoch: 2400, Loss: 0.0048, Train: 20.86%, Valid: 18.11%, Test: 19.34%, Best Valid: 19.54%, Best Test: 20.19%
Run 03:
Highest Train: 22.06
Highest Valid: 19.54
Highest Test: 20.33
Chosen epoch: 2324
Final Train: 22.01
Final Test: 20.19
Label budget: 20/class -> 360 train nodes
Pre-training MLP for 500 epochs to generate co-occurrence matrix...
MLP pre-training complete. Penalty matrix frozen.
Epoch: 00, Loss: 3.1680, Train: 5.00%, Valid: 5.00%, Test: 5.12%, Best Valid: 5.00%, Best Test: 5.12%
Epoch: 100, Loss: 0.9232, Train: 18.07%, Valid: 17.55%, Test: 17.56%, Best Valid: 18.61%, Best Test: 18.14%
Epoch: 200, Loss: 0.1085, Train: 20.47%, Valid: 18.41%, Test: 18.50%, Best Valid: 19.42%, Best Test: 18.44%
Epoch: 300, Loss: 0.0502, Train: 20.27%, Valid: 17.88%, Test: 17.30%, Best Valid: 19.42%, Best Test: 18.44%
Epoch: 400, Loss: 0.0533, Train: 19.94%, Valid: 17.63%, Test: 17.24%, Best Valid: 19.42%, Best Test: 18.44%
Epoch: 500, Loss: 0.0753, Train: 19.81%, Valid: 17.93%, Test: 17.63%, Best Valid: 19.42%, Best Test: 18.44%
Epoch: 600, Loss: 0.0101, Train: 21.22%, Valid: 18.66%, Test: 17.28%, Best Valid: 20.19%, Best Test: 18.85%
Epoch: 700, Loss: 0.0087, Train: 19.93%, Valid: 17.56%, Test: 16.82%, Best Valid: 20.19%, Best Test: 18.85%
Epoch: 800, Loss: 0.0218, Train: 20.32%, Valid: 18.15%, Test: 17.58%, Best Valid: 20.19%, Best Test: 18.85%
Epoch: 900, Loss: 0.0328, Train: 20.02%, Valid: 17.58%, Test: 17.19%, Best Valid: 20.19%, Best Test: 18.85%
Epoch: 1000, Loss: 0.0092, Train: 20.43%, Valid: 18.06%, Test: 17.45%, Best Valid: 20.19%, Best Test: 18.85%
Epoch: 1100, Loss: 0.0147, Train: 20.86%, Valid: 18.75%, Test: 17.19%, Best Valid: 20.19%, Best Test: 18.85%
Epoch: 1200, Loss: 0.0205, Train: 20.23%, Valid: 17.71%, Test: 17.01%, Best Valid: 20.26%, Best Test: 18.57%
Epoch: 1300, Loss: 0.0126, Train: 21.67%, Valid: 19.54%, Test: 18.32%, Best Valid: 20.26%, Best Test: 18.57%
Epoch: 1400, Loss: 0.0354, Train: 21.92%, Valid: 19.31%, Test: 18.85%, Best Valid: 20.26%, Best Test: 18.57%
Epoch: 1500, Loss: 0.0060, Train: 21.64%, Valid: 20.00%, Test: 18.76%, Best Valid: 20.37%, Best Test: 18.90%
Epoch: 1600, Loss: 0.0266, Train: 21.52%, Valid: 19.10%, Test: 18.64%, Best Valid: 20.46%, Best Test: 18.90%
Epoch: 1700, Loss: 0.0052, Train: 21.73%, Valid: 19.77%, Test: 19.01%, Best Valid: 20.46%, Best Test: 18.90%
Epoch: 1800, Loss: 0.0293, Train: 21.12%, Valid: 19.72%, Test: 18.44%, Best Valid: 21.57%, Best Test: 20.76%
Epoch: 1900, Loss: 0.0017, Train: 21.61%, Valid: 20.09%, Test: 18.90%, Best Valid: 21.57%, Best Test: 20.76%
Epoch: 2000, Loss: 0.0407, Train: 21.97%, Valid: 19.86%, Test: 18.94%, Best Valid: 21.57%, Best Test: 20.76%
Epoch: 2100, Loss: 0.0184, Train: 21.47%, Valid: 19.15%, Test: 18.41%, Best Valid: 21.57%, Best Test: 20.76%
Epoch: 2200, Loss: 0.0078, Train: 20.93%, Valid: 17.83%, Test: 17.79%, Best Valid: 21.57%, Best Test: 20.76%
Epoch: 2300, Loss: 0.0020, Train: 22.20%, Valid: 19.79%, Test: 19.17%, Best Valid: 21.57%, Best Test: 20.76%
Epoch: 2400, Loss: 0.0117, Train: 22.50%, Valid: 20.46%, Test: 19.78%, Best Valid: 21.57%, Best Test: 20.76%
Run 04:
Highest Train: 23.24
Highest Valid: 21.57
Highest Test: 20.76
Chosen epoch: 1760
Final Train: 23.24
Final Test: 20.76
Label budget: 20/class -> 360 train nodes
Pre-training MLP for 500 epochs to generate co-occurrence matrix...
MLP pre-training complete. Penalty matrix frozen.
Epoch: 00, Loss: 3.2213, Train: 3.78%, Valid: 3.80%, Test: 3.76%, Best Valid: 3.80%, Best Test: 3.76%
Epoch: 100, Loss: 0.8823, Train: 21.12%, Valid: 18.68%, Test: 19.08%, Best Valid: 19.98%, Best Test: 19.87%
Epoch: 200, Loss: 0.1602, Train: 22.73%, Valid: 20.30%, Test: 20.33%, Best Valid: 20.81%, Best Test: 20.12%
Epoch: 300, Loss: 0.0964, Train: 22.13%, Valid: 19.58%, Test: 19.98%, Best Valid: 20.81%, Best Test: 20.12%
Epoch: 400, Loss: 0.0461, Train: 20.81%, Valid: 17.85%, Test: 18.74%, Best Valid: 20.81%, Best Test: 20.12%
Epoch: 500, Loss: 0.0506, Train: 21.73%, Valid: 19.03%, Test: 19.26%, Best Valid: 20.81%, Best Test: 20.12%
Epoch: 600, Loss: 0.0627, Train: 22.03%, Valid: 19.12%, Test: 19.29%, Best Valid: 20.81%, Best Test: 20.12%
Epoch: 700, Loss: 0.0642, Train: 21.11%, Valid: 18.25%, Test: 18.53%, Best Valid: 20.81%, Best Test: 20.12%
Epoch: 800, Loss: 0.0356, Train: 22.70%, Valid: 20.12%, Test: 19.87%, Best Valid: 21.01%, Best Test: 20.35%
Epoch: 900, Loss: 0.0090, Train: 23.07%, Valid: 20.35%, Test: 20.60%, Best Valid: 21.01%, Best Test: 20.35%
Epoch: 1000, Loss: 0.0071, Train: 22.72%, Valid: 20.04%, Test: 19.43%, Best Valid: 21.01%, Best Test: 20.35%
Epoch: 1100, Loss: 0.0175, Train: 21.77%, Valid: 19.45%, Test: 19.03%, Best Valid: 21.01%, Best Test: 20.35%
Epoch: 1200, Loss: 0.0108, Train: 22.78%, Valid: 20.16%, Test: 20.26%, Best Valid: 21.01%, Best Test: 20.35%
Epoch: 1300, Loss: 0.0098, Train: 22.57%, Valid: 20.14%, Test: 19.54%, Best Valid: 21.01%, Best Test: 20.35%
Epoch: 1400, Loss: 0.0287, Train: 22.53%, Valid: 19.91%, Test: 19.71%, Best Valid: 21.80%, Best Test: 20.98%
Epoch: 1500, Loss: 0.0034, Train: 22.36%, Valid: 20.28%, Test: 19.38%, Best Valid: 21.80%, Best Test: 20.98%
Epoch: 1600, Loss: 0.0132, Train: 23.90%, Valid: 20.97%, Test: 20.40%, Best Valid: 21.80%, Best Test: 20.98%
Epoch: 1700, Loss: 0.0075, Train: 23.35%, Valid: 20.60%, Test: 19.93%, Best Valid: 21.80%, Best Test: 20.98%
Epoch: 1800, Loss: 0.0154, Train: 23.70%, Valid: 20.95%, Test: 20.47%, Best Valid: 21.80%, Best Test: 20.98%
Epoch: 1900, Loss: 0.0049, Train: 22.43%, Valid: 20.02%, Test: 19.61%, Best Valid: 21.80%, Best Test: 20.98%
Epoch: 2000, Loss: 0.0179, Train: 22.63%, Valid: 20.07%, Test: 19.70%, Best Valid: 21.80%, Best Test: 20.98%
Epoch: 2100, Loss: 0.0504, Train: 22.38%, Valid: 19.93%, Test: 19.86%, Best Valid: 21.80%, Best Test: 20.98%
Epoch: 2200, Loss: 0.0091, Train: 22.79%, Valid: 20.30%, Test: 20.12%, Best Valid: 21.80%, Best Test: 20.98%
Epoch: 2300, Loss: 0.0050, Train: 21.59%, Valid: 19.28%, Test: 19.27%, Best Valid: 21.80%, Best Test: 20.98%
Epoch: 2400, Loss: 0.0073, Train: 23.19%, Valid: 20.71%, Test: 19.84%, Best Valid: 21.80%, Best Test: 20.98%
Run 05:
Highest Train: 24.33
Highest Valid: 21.80
Highest Test: 21.71
Chosen epoch: 1362
Final Train: 24.09
Final Test: 20.98
Label budget: 20/class -> 360 train nodes
Pre-training MLP for 500 epochs to generate co-occurrence matrix...
MLP pre-training complete. Penalty matrix frozen.
Epoch: 00, Loss: 3.1240, Train: 2.17%, Valid: 2.15%, Test: 2.01%, Best Valid: 2.15%, Best Test: 2.01%
Epoch: 100, Loss: 0.8857, Train: 18.92%, Valid: 17.41%, Test: 17.63%, Best Valid: 17.58%, Best Test: 17.67%
Epoch: 200, Loss: 0.1389, Train: 20.94%, Valid: 18.68%, Test: 18.20%, Best Valid: 18.80%, Best Test: 18.04%
Epoch: 300, Loss: 0.0827, Train: 20.88%, Valid: 18.64%, Test: 18.28%, Best Valid: 19.36%, Best Test: 18.28%
Epoch: 400, Loss: 0.0647, Train: 20.67%, Valid: 18.45%, Test: 17.74%, Best Valid: 19.70%, Best Test: 18.97%
Epoch: 500, Loss: 0.0405, Train: 21.13%, Valid: 18.68%, Test: 18.62%, Best Valid: 19.70%, Best Test: 18.97%
Epoch: 600, Loss: 0.0275, Train: 21.25%, Valid: 18.83%, Test: 18.36%, Best Valid: 19.95%, Best Test: 18.73%
Epoch: 700, Loss: 0.0310, Train: 20.82%, Valid: 18.55%, Test: 18.09%, Best Valid: 19.95%, Best Test: 18.73%
Epoch: 800, Loss: 0.0144, Train: 20.77%, Valid: 18.31%, Test: 18.11%, Best Valid: 19.95%, Best Test: 18.73%
Epoch: 900, Loss: 0.0117, Train: 21.51%, Valid: 19.22%, Test: 18.43%, Best Valid: 19.95%, Best Test: 18.73%
Epoch: 1000, Loss: 0.0337, Train: 21.71%, Valid: 19.54%, Test: 19.26%, Best Valid: 20.18%, Best Test: 19.33%
Epoch: 1100, Loss: 0.0216, Train: 21.60%, Valid: 19.33%, Test: 18.97%, Best Valid: 20.18%, Best Test: 19.33%
Epoch: 1200, Loss: 0.0215, Train: 22.64%, Valid: 20.32%, Test: 19.31%, Best Valid: 20.32%, Best Test: 19.31%
Epoch: 1300, Loss: 0.0255, Train: 21.85%, Valid: 19.31%, Test: 18.87%, Best Valid: 20.41%, Best Test: 19.96%
Epoch: 1400, Loss: 0.0089, Train: 21.92%, Valid: 20.02%, Test: 18.92%, Best Valid: 20.41%, Best Test: 19.96%
Epoch: 1500, Loss: 0.0025, Train: 21.12%, Valid: 18.36%, Test: 17.98%, Best Valid: 20.41%, Best Test: 19.96%
Epoch: 1600, Loss: 0.0058, Train: 21.84%, Valid: 19.12%, Test: 18.87%, Best Valid: 20.41%, Best Test: 19.96%
Epoch: 1700, Loss: 0.0099, Train: 21.13%, Valid: 19.05%, Test: 18.78%, Best Valid: 20.41%, Best Test: 19.96%
Epoch: 1800, Loss: 0.0098, Train: 22.11%, Valid: 19.03%, Test: 18.87%, Best Valid: 20.41%, Best Test: 19.96%
Epoch: 1900, Loss: 0.0025, Train: 21.81%, Valid: 19.10%, Test: 19.26%, Best Valid: 20.41%, Best Test: 19.96%
Epoch: 2000, Loss: 0.0179, Train: 21.05%, Valid: 18.94%, Test: 18.44%, Best Valid: 20.41%, Best Test: 19.96%
Epoch: 2100, Loss: 0.0037, Train: 21.59%, Valid: 18.64%, Test: 18.76%, Best Valid: 20.41%, Best Test: 19.96%
Epoch: 2200, Loss: 0.0074, Train: 22.65%, Valid: 20.16%, Test: 20.00%, Best Valid: 20.65%, Best Test: 20.19%
Epoch: 2300, Loss: 0.0116, Train: 21.00%, Valid: 19.06%, Test: 18.58%, Best Valid: 20.65%, Best Test: 20.19%
Epoch: 2400, Loss: 0.0222, Train: 20.70%, Valid: 18.18%, Test: 17.61%, Best Valid: 20.65%, Best Test: 20.19%
Run 06:
Highest Train: 22.76
Highest Valid: 20.65
Highest Test: 20.31
Chosen epoch: 2194
Final Train: 22.44
Final Test: 20.19
Label budget: 20/class -> 360 train nodes
Pre-training MLP for 500 epochs to generate co-occurrence matrix...
MLP pre-training complete. Penalty matrix frozen.
Epoch: 00, Loss: 3.1888, Train: 11.05%, Valid: 11.03%, Test: 11.05%, Best Valid: 11.03%, Best Test: 11.05%
Epoch: 100, Loss: 0.9014, Train: 15.34%, Valid: 14.33%, Test: 15.34%, Best Valid: 14.63%, Best Test: 14.84%
Epoch: 200, Loss: 0.1604, Train: 17.63%, Valid: 15.30%, Test: 16.04%, Best Valid: 18.31%, Best Test: 19.31%
Epoch: 300, Loss: 0.1119, Train: 19.53%, Valid: 17.28%, Test: 18.32%, Best Valid: 18.94%, Best Test: 19.89%
Epoch: 400, Loss: 0.0423, Train: 19.83%, Valid: 17.28%, Test: 19.01%, Best Valid: 19.33%, Best Test: 20.14%
Epoch: 500, Loss: 0.0325, Train: 20.46%, Valid: 17.93%, Test: 18.53%, Best Valid: 19.33%, Best Test: 20.14%
Epoch: 600, Loss: 0.0138, Train: 20.98%, Valid: 18.32%, Test: 18.76%, Best Valid: 19.33%, Best Test: 20.14%
Epoch: 700, Loss: 0.0194, Train: 20.26%, Valid: 17.85%, Test: 18.97%, Best Valid: 19.44%, Best Test: 19.86%
Epoch: 800, Loss: 0.0137, Train: 21.27%, Valid: 19.19%, Test: 19.89%, Best Valid: 19.81%, Best Test: 20.37%
Epoch: 900, Loss: 0.0450, Train: 20.62%, Valid: 18.62%, Test: 19.08%, Best Valid: 19.81%, Best Test: 20.37%
Epoch: 1000, Loss: 0.0090, Train: 20.75%, Valid: 17.92%, Test: 18.67%, Best Valid: 20.23%, Best Test: 20.83%
Epoch: 1100, Loss: 0.0046, Train: 21.05%, Valid: 18.68%, Test: 19.13%, Best Valid: 20.23%, Best Test: 20.83%
Epoch: 1200, Loss: 0.0058, Train: 20.61%, Valid: 17.88%, Test: 18.73%, Best Valid: 20.23%, Best Test: 20.83%
Epoch: 1300, Loss: 0.0653, Train: 20.76%, Valid: 18.31%, Test: 18.50%, Best Valid: 20.23%, Best Test: 20.83%
Epoch: 1400, Loss: 0.0238, Train: 22.33%, Valid: 20.05%, Test: 21.09%, Best Valid: 20.60%, Best Test: 20.88%
Epoch: 1500, Loss: 0.0039, Train: 22.52%, Valid: 19.47%, Test: 20.42%, Best Valid: 20.60%, Best Test: 20.88%
Epoch: 1600, Loss: 0.0272, Train: 20.23%, Valid: 18.08%, Test: 19.15%, Best Valid: 20.60%, Best Test: 20.88%
Epoch: 1700, Loss: 0.0158, Train: 21.35%, Valid: 18.78%, Test: 19.61%, Best Valid: 20.60%, Best Test: 20.88%
Epoch: 1800, Loss: 0.0266, Train: 20.72%, Valid: 17.93%, Test: 19.48%, Best Valid: 20.60%, Best Test: 20.88%
Epoch: 1900, Loss: 0.0123, Train: 20.84%, Valid: 18.43%, Test: 19.15%, Best Valid: 20.60%, Best Test: 20.88%
Epoch: 2000, Loss: 0.0198, Train: 20.98%, Valid: 17.97%, Test: 18.64%, Best Valid: 20.60%, Best Test: 20.88%
Epoch: 2100, Loss: 0.0026, Train: 21.83%, Valid: 18.96%, Test: 20.24%, Best Valid: 20.60%, Best Test: 20.88%
Epoch: 2200, Loss: 0.0175, Train: 20.28%, Valid: 18.38%, Test: 18.44%, Best Valid: 20.60%, Best Test: 20.88%
Epoch: 2300, Loss: 0.0039, Train: 20.61%, Valid: 18.96%, Test: 19.61%, Best Valid: 20.60%, Best Test: 20.88%
Epoch: 2400, Loss: 0.0035, Train: 21.52%, Valid: 18.94%, Test: 20.01%, Best Valid: 20.60%, Best Test: 20.88%
Run 07:
Highest Train: 22.73
Highest Valid: 20.60
Highest Test: 21.58
Chosen epoch: 1391
Final Train: 22.65
Final Test: 20.88
Label budget: 20/class -> 360 train nodes
Pre-training MLP for 500 epochs to generate co-occurrence matrix...
MLP pre-training complete. Penalty matrix frozen.
Epoch: 00, Loss: 3.1834, Train: 3.48%, Valid: 3.50%, Test: 3.46%, Best Valid: 3.50%, Best Test: 3.46%
Epoch: 100, Loss: 0.8758, Train: 18.32%, Valid: 17.07%, Test: 17.10%, Best Valid: 17.14%, Best Test: 16.66%
Epoch: 200, Loss: 0.1921, Train: 20.56%, Valid: 18.27%, Test: 18.94%, Best Valid: 20.02%, Best Test: 20.16%
Epoch: 300, Loss: 0.0617, Train: 21.03%, Valid: 18.91%, Test: 19.45%, Best Valid: 20.02%, Best Test: 20.16%
Epoch: 400, Loss: 0.0414, Train: 21.55%, Valid: 18.85%, Test: 20.01%, Best Valid: 20.02%, Best Test: 20.16%
Epoch: 500, Loss: 0.0374, Train: 22.14%, Valid: 19.14%, Test: 19.94%, Best Valid: 20.02%, Best Test: 20.16%
Epoch: 600, Loss: 0.0096, Train: 22.06%, Valid: 19.03%, Test: 20.00%, Best Valid: 20.02%, Best Test: 20.16%
Epoch: 700, Loss: 0.0101, Train: 21.47%, Valid: 18.89%, Test: 20.00%, Best Valid: 20.23%, Best Test: 20.35%
Epoch: 800, Loss: 0.0155, Train: 22.51%, Valid: 19.28%, Test: 19.98%, Best Valid: 20.78%, Best Test: 21.34%
Epoch: 900, Loss: 0.0108, Train: 22.42%, Valid: 19.96%, Test: 20.93%, Best Valid: 20.78%, Best Test: 21.34%
Epoch: 1000, Loss: 0.0148, Train: 22.79%, Valid: 20.00%, Test: 20.58%, Best Valid: 20.78%, Best Test: 21.34%
Epoch: 1100, Loss: 0.0375, Train: 22.05%, Valid: 19.19%, Test: 20.44%, Best Valid: 20.78%, Best Test: 21.34%
Epoch: 1200, Loss: 0.0527, Train: 23.11%, Valid: 20.46%, Test: 21.55%, Best Valid: 20.78%, Best Test: 21.34%
Epoch: 1300, Loss: 0.0057, Train: 22.06%, Valid: 19.54%, Test: 20.40%, Best Valid: 20.78%, Best Test: 21.34%
Epoch: 1400, Loss: 0.0077, Train: 22.62%, Valid: 19.84%, Test: 20.72%, Best Valid: 20.78%, Best Test: 21.34%
Epoch: 1500, Loss: 0.0205, Train: 23.10%, Valid: 20.16%, Test: 21.07%, Best Valid: 21.36%, Best Test: 21.36%
Epoch: 1600, Loss: 0.0127, Train: 22.20%, Valid: 19.66%, Test: 20.38%, Best Valid: 21.36%, Best Test: 21.36%
Epoch: 1700, Loss: 0.0188, Train: 22.88%, Valid: 20.12%, Test: 22.06%, Best Valid: 21.36%, Best Test: 21.36%
Epoch: 1800, Loss: 0.0054, Train: 23.63%, Valid: 21.13%, Test: 22.10%, Best Valid: 21.36%, Best Test: 21.36%
Epoch: 1900, Loss: 0.0027, Train: 23.40%, Valid: 20.79%, Test: 21.32%, Best Valid: 21.84%, Best Test: 22.15%
Epoch: 2000, Loss: 0.0055, Train: 23.29%, Valid: 20.51%, Test: 21.78%, Best Valid: 21.84%, Best Test: 22.15%
Epoch: 2100, Loss: 0.0191, Train: 22.78%, Valid: 20.21%, Test: 21.18%, Best Valid: 21.84%, Best Test: 22.15%
Epoch: 2200, Loss: 0.0011, Train: 22.85%, Valid: 20.32%, Test: 21.80%, Best Valid: 21.84%, Best Test: 22.15%
Epoch: 2300, Loss: 0.0039, Train: 23.63%, Valid: 20.86%, Test: 22.11%, Best Valid: 21.84%, Best Test: 22.15%
Epoch: 2400, Loss: 0.0022, Train: 23.64%, Valid: 20.90%, Test: 22.38%, Best Valid: 21.84%, Best Test: 22.15%
Run 08:
Highest Train: 24.15
Highest Valid: 21.84
Highest Test: 22.61
Chosen epoch: 1818
Final Train: 24.07
Final Test: 22.15
Label budget: 20/class -> 360 train nodes
Pre-training MLP for 500 epochs to generate co-occurrence matrix...
MLP pre-training complete. Penalty matrix frozen.
Epoch: 00, Loss: 3.2121, Train: 11.02%, Valid: 11.09%, Test: 11.14%, Best Valid: 11.09%, Best Test: 11.14%
Epoch: 100, Loss: 0.8754, Train: 18.99%, Valid: 17.07%, Test: 16.43%, Best Valid: 17.30%, Best Test: 16.63%
Epoch: 200, Loss: 0.1722, Train: 20.35%, Valid: 16.86%, Test: 17.15%, Best Valid: 18.36%, Best Test: 16.63%
Epoch: 300, Loss: 0.0731, Train: 20.41%, Valid: 17.32%, Test: 17.88%, Best Valid: 18.36%, Best Test: 16.63%
Epoch: 400, Loss: 0.0391, Train: 20.81%, Valid: 17.55%, Test: 17.88%, Best Valid: 18.71%, Best Test: 18.14%
Epoch: 500, Loss: 0.0809, Train: 20.32%, Valid: 17.67%, Test: 17.91%, Best Valid: 18.71%, Best Test: 18.14%
Epoch: 600, Loss: 0.0165, Train: 21.83%, Valid: 18.36%, Test: 18.57%, Best Valid: 18.71%, Best Test: 18.14%
Epoch: 700, Loss: 0.0135, Train: 21.03%, Valid: 18.43%, Test: 17.90%, Best Valid: 18.71%, Best Test: 18.14%
Epoch: 800, Loss: 0.0144, Train: 21.11%, Valid: 17.81%, Test: 17.90%, Best Valid: 18.75%, Best Test: 18.44%
Epoch: 900, Loss: 0.0091, Train: 21.05%, Valid: 17.42%, Test: 18.18%, Best Valid: 18.75%, Best Test: 18.44%
Epoch: 1000, Loss: 0.0128, Train: 20.88%, Valid: 17.72%, Test: 18.58%, Best Valid: 18.75%, Best Test: 18.44%
Epoch: 1100, Loss: 0.0160, Train: 22.35%, Valid: 18.99%, Test: 19.40%, Best Valid: 19.10%, Best Test: 19.36%
Epoch: 1200, Loss: 0.0185, Train: 21.22%, Valid: 18.34%, Test: 18.64%, Best Valid: 20.19%, Best Test: 20.76%
Epoch: 1300, Loss: 0.0284, Train: 21.11%, Valid: 18.45%, Test: 18.41%, Best Valid: 20.19%, Best Test: 20.76%
Epoch: 1400, Loss: 0.0149, Train: 21.60%, Valid: 18.57%, Test: 19.15%, Best Valid: 20.19%, Best Test: 20.76%
Epoch: 1500, Loss: 0.0184, Train: 22.01%, Valid: 18.85%, Test: 19.17%, Best Valid: 20.19%, Best Test: 20.76%
Epoch: 1600, Loss: 0.0073, Train: 21.45%, Valid: 18.48%, Test: 18.41%, Best Valid: 20.19%, Best Test: 20.76%
Epoch: 1700, Loss: 0.0054, Train: 22.33%, Valid: 18.75%, Test: 19.41%, Best Valid: 20.19%, Best Test: 20.76%
Epoch: 1800, Loss: 0.0046, Train: 21.65%, Valid: 18.80%, Test: 19.03%, Best Valid: 20.19%, Best Test: 20.76%
Epoch: 1900, Loss: 0.0144, Train: 23.09%, Valid: 20.09%, Test: 20.00%, Best Valid: 20.19%, Best Test: 20.76%
Epoch: 2000, Loss: 0.0185, Train: 21.23%, Valid: 17.56%, Test: 18.41%, Best Valid: 20.56%, Best Test: 20.47%
Epoch: 2100, Loss: 0.0143, Train: 23.21%, Valid: 19.93%, Test: 21.09%, Best Valid: 20.56%, Best Test: 20.47%
Epoch: 2200, Loss: 0.0391, Train: 21.72%, Valid: 17.74%, Test: 18.94%, Best Valid: 20.56%, Best Test: 20.47%
Epoch: 2300, Loss: 0.0221, Train: 21.97%, Valid: 19.03%, Test: 19.15%, Best Valid: 20.56%, Best Test: 20.47%
Epoch: 2400, Loss: 0.0078, Train: 21.85%, Valid: 18.61%, Test: 18.90%, Best Valid: 20.56%, Best Test: 20.47%
Run 09:
Highest Train: 23.36
Highest Valid: 20.56
Highest Test: 21.09
Chosen epoch: 1913
Final Train: 23.03
Final Test: 20.47
Label budget: 20/class -> 360 train nodes
Pre-training MLP for 500 epochs to generate co-occurrence matrix...
MLP pre-training complete. Penalty matrix frozen.
Epoch: 00, Loss: 3.1871, Train: 4.17%, Valid: 4.17%, Test: 4.17%, Best Valid: 4.17%, Best Test: 4.17%
Epoch: 100, Loss: 0.8774, Train: 19.43%, Valid: 18.83%, Test: 18.11%, Best Valid: 18.91%, Best Test: 18.13%
Epoch: 200, Loss: 0.1804, Train: 20.85%, Valid: 19.38%, Test: 18.94%, Best Valid: 20.26%, Best Test: 18.92%
Epoch: 300, Loss: 0.0727, Train: 19.86%, Valid: 19.22%, Test: 18.27%, Best Valid: 20.26%, Best Test: 18.92%
Epoch: 400, Loss: 0.0449, Train: 20.10%, Valid: 18.76%, Test: 18.34%, Best Valid: 20.26%, Best Test: 18.92%
Epoch: 500, Loss: 0.0331, Train: 20.87%, Valid: 20.11%, Test: 19.06%, Best Valid: 20.26%, Best Test: 18.92%
Epoch: 600, Loss: 0.0401, Train: 20.73%, Valid: 19.35%, Test: 18.39%, Best Valid: 20.92%, Best Test: 19.78%
Epoch: 700, Loss: 0.0104, Train: 21.37%, Valid: 19.95%, Test: 19.41%, Best Valid: 20.92%, Best Test: 19.78%
Epoch: 800, Loss: 0.0325, Train: 20.23%, Valid: 18.76%, Test: 18.16%, Best Valid: 20.92%, Best Test: 19.78%
Epoch: 900, Loss: 0.0426, Train: 20.44%, Valid: 18.76%, Test: 18.62%, Best Valid: 21.02%, Best Test: 19.82%
Epoch: 1000, Loss: 0.0179, Train: 21.90%, Valid: 20.90%, Test: 20.76%, Best Valid: 21.02%, Best Test: 19.82%
Epoch: 1100, Loss: 0.0142, Train: 21.90%, Valid: 20.79%, Test: 19.40%, Best Valid: 21.02%, Best Test: 19.82%
Epoch: 1200, Loss: 0.0450, Train: 21.78%, Valid: 20.23%, Test: 19.68%, Best Valid: 21.47%, Best Test: 19.77%
Epoch: 1300, Loss: 0.0091, Train: 21.12%, Valid: 19.91%, Test: 19.06%, Best Valid: 21.47%, Best Test: 19.77%
Epoch: 1400, Loss: 0.0036, Train: 21.15%, Valid: 20.09%, Test: 18.88%, Best Valid: 21.47%, Best Test: 19.77%
Epoch: 1500, Loss: 0.0031, Train: 22.39%, Valid: 21.01%, Test: 20.40%, Best Valid: 21.47%, Best Test: 19.77%
Epoch: 1600, Loss: 0.0025, Train: 22.20%, Valid: 20.51%, Test: 20.21%, Best Valid: 21.47%, Best Test: 19.77%
Epoch: 1700, Loss: 0.0105, Train: 21.71%, Valid: 20.56%, Test: 20.00%, Best Valid: 21.47%, Best Test: 19.77%
Epoch: 1800, Loss: 0.0121, Train: 22.48%, Valid: 21.04%, Test: 20.07%, Best Valid: 21.47%, Best Test: 19.77%
Epoch: 1900, Loss: 0.0015, Train: 21.61%, Valid: 20.60%, Test: 19.63%, Best Valid: 21.47%, Best Test: 19.77%
Epoch: 2000, Loss: 0.0269, Train: 21.07%, Valid: 19.82%, Test: 19.40%, Best Valid: 21.47%, Best Test: 19.77%
Epoch: 2100, Loss: 0.0034, Train: 21.24%, Valid: 19.75%, Test: 19.26%, Best Valid: 21.61%, Best Test: 20.26%
Epoch: 2200, Loss: 0.0131, Train: 20.64%, Valid: 19.86%, Test: 18.71%, Best Valid: 21.61%, Best Test: 20.26%
Epoch: 2300, Loss: 0.0110, Train: 22.20%, Valid: 20.65%, Test: 20.10%, Best Valid: 21.64%, Best Test: 20.81%
Epoch: 2400, Loss: 0.0025, Train: 21.61%, Valid: 19.91%, Test: 19.31%, Best Valid: 21.64%, Best Test: 20.81%
Run 10:
Highest Train: 22.96
Highest Valid: 21.64
Highest Test: 20.83
Chosen epoch: 2240
Final Train: 22.58
Final Test: 20.81
All runs:
Highest Train: 23.49 ± 1.74
Highest Test: 21.47 ± 1.66
Highest Valid: 21.24 ± 1.52
  Final Train: 23.31 ± 1.71
   Final Test: 21.10 ± 1.52
Saving results to results/lowlabel/roman-empire/MPNN_gcn.csv
--- mlp_reg | lambda=0.1 ---
Namespace(bn=True, budget_tag='20', count_reg=False, count_smoothing=1.0, cpu=False, data_dir='./data/', dataset='roman-empire', device=0, display_step=100, dropout=0.5, epochs=2500, gnn='gcn', hidden_channels=512, jk=False, label_num_per_class=20, lambda_val=0.1, ln=False, local_layers=9, lr=0.001, metric='acc', mlp_epochs=500, mlp_reg=True, model='MPNN', model_dir='models', num_heads=1, oracle_reg=False, paired_seeds=True, penalty_transform='none', pre_linear=True, pre_ln=False, rand_split=False, rand_split_class=False, reg_start_epoch=10, reg_update_freq=5, res=True, resample_split_per_run=False, result_dir='results/lowlabel', runs=10, save_model=False, seed=42, test_num=1000, train_per_class=20, train_prop=0.5, use_reg=True, valid_num=500, valid_per_class=0, valid_prop=0.25, weight_decay=0.0)
roman-empire
dataset roman-empire | num nodes 22662 | num edge 32927 | num node feats 300 | num classes 18
MODEL: MPNNs(
  (h_lins): ModuleList()
  (local_convs): ModuleList(
    (0): GCNConv(512, 512)
    (1): GCNConv(512, 512)
    (2): GCNConv(512, 512)
    (3): GCNConv(512, 512)
    (4): GCNConv(512, 512)
    (5): GCNConv(512, 512)
    (6): GCNConv(512, 512)
    (7): GCNConv(512, 512)
    (8): GCNConv(512, 512)
  )
  (lins): ModuleList(
    (0): Linear(in_features=512, out_features=512, bias=True)
    (1): Linear(in_features=512, out_features=512, bias=True)
    (2): Linear(in_features=512, out_features=512, bias=True)
    (3): Linear(in_features=512, out_features=512, bias=True)
    (4): Linear(in_features=512, out_features=512, bias=True)
    (5): Linear(in_features=512, out_features=512, bias=True)
    (6): Linear(in_features=512, out_features=512, bias=True)
    (7): Linear(in_features=512, out_features=512, bias=True)
    (8): Linear(in_features=512, out_features=512, bias=True)
  )
  (lns): ModuleList(
    (0): LayerNorm((512,), eps=1e-05, elementwise_affine=True)
    (1): LayerNorm((512,), eps=1e-05, elementwise_affine=True)
    (2): LayerNorm((512,), eps=1e-05, elementwise_affine=True)
    (3): LayerNorm((512,), eps=1e-05, elementwise_affine=True)
    (4): LayerNorm((512,), eps=1e-05, elementwise_affine=True)
    (5): LayerNorm((512,), eps=1e-05, elementwise_affine=True)
    (6): LayerNorm((512,), eps=1e-05, elementwise_affine=True)
    (7): LayerNorm((512,), eps=1e-05, elementwise_affine=True)
    (8): LayerNorm((512,), eps=1e-05, elementwise_affine=True)
  )
  (bns): ModuleList(
    (0): BatchNorm1d(512, eps=1e-05, momentum=0.1, affine=True, track_running_stats=True)
    (1): BatchNorm1d(512, eps=1e-05, momentum=0.1, affine=True, track_running_stats=True)
    (2): BatchNorm1d(512, eps=1e-05, momentum=0.1, affine=True, track_running_stats=True)
    (3): BatchNorm1d(512, eps=1e-05, momentum=0.1, affine=True, track_running_stats=True)
    (4): BatchNorm1d(512, eps=1e-05, momentum=0.1, affine=True, track_running_stats=True)
    (5): BatchNorm1d(512, eps=1e-05, momentum=0.1, affine=True, track_running_stats=True)
    (6): BatchNorm1d(512, eps=1e-05, momentum=0.1, affine=True, track_running_stats=True)
    (7): BatchNorm1d(512, eps=1e-05, momentum=0.1, affine=True, track_running_stats=True)
    (8): BatchNorm1d(512, eps=1e-05, momentum=0.1, affine=True, track_running_stats=True)
  )
  (lin_in): Linear(in_features=300, out_features=512, bias=True)
  (pred_local): Linear(in_features=512, out_features=18, bias=True)
)
Label budget: 20/class -> 360 train nodes
Pre-training MLP for 500 epochs to generate co-occurrence matrix...
MLP pre-training complete. Penalty matrix frozen.
Epoch: 00, Loss: 3.3896, Train: 4.17%, Valid: 4.17%, Test: 4.17%, Best Valid: 4.17%, Best Test: 4.17%
Epoch: 100, Loss: 1.0546, Train: 17.73%, Valid: 16.29%, Test: 16.01%, Best Valid: 16.29%, Best Test: 16.01%
Epoch: 200, Loss: 0.1460, Train: 22.74%, Valid: 19.66%, Test: 20.17%, Best Valid: 20.30%, Best Test: 19.56%
Epoch: 300, Loss: 0.0646, Train: 22.00%, Valid: 19.21%, Test: 19.71%, Best Valid: 20.90%, Best Test: 21.11%
Epoch: 400, Loss: 0.0512, Train: 23.18%, Valid: 20.67%, Test: 21.16%, Best Valid: 20.90%, Best Test: 21.11%
Epoch: 500, Loss: 0.0356, Train: 23.23%, Valid: 20.25%, Test: 20.68%, Best Valid: 21.69%, Best Test: 21.41%
Epoch: 600, Loss: 0.0082, Train: 23.25%, Valid: 21.13%, Test: 21.53%, Best Valid: 21.69%, Best Test: 21.41%
Epoch: 700, Loss: 0.0320, Train: 23.42%, Valid: 21.69%, Test: 21.43%, Best Valid: 22.58%, Best Test: 22.11%
Epoch: 800, Loss: 0.0070, Train: 23.12%, Valid: 20.92%, Test: 20.46%, Best Valid: 23.07%, Best Test: 22.56%
Epoch: 900, Loss: 0.0342, Train: 22.73%, Valid: 20.83%, Test: 20.86%, Best Valid: 23.07%, Best Test: 22.56%
Epoch: 1000, Loss: 0.0118, Train: 23.99%, Valid: 21.29%, Test: 21.37%, Best Valid: 23.07%, Best Test: 22.56%
Epoch: 1100, Loss: 0.0216, Train: 24.84%, Valid: 21.94%, Test: 22.56%, Best Valid: 23.07%, Best Test: 22.56%
Epoch: 1200, Loss: 0.0260, Train: 23.24%, Valid: 20.39%, Test: 20.38%, Best Valid: 23.07%, Best Test: 22.56%
Epoch: 1300, Loss: 0.0186, Train: 24.54%, Valid: 22.56%, Test: 22.31%, Best Valid: 23.07%, Best Test: 22.56%
Epoch: 1400, Loss: 0.0065, Train: 24.50%, Valid: 21.98%, Test: 21.96%, Best Valid: 23.55%, Best Test: 23.60%
Epoch: 1500, Loss: 0.0042, Train: 24.98%, Valid: 21.91%, Test: 22.63%, Best Valid: 23.55%, Best Test: 23.60%
Epoch: 1600, Loss: 0.0129, Train: 25.09%, Valid: 22.58%, Test: 22.87%, Best Valid: 23.55%, Best Test: 23.60%
Epoch: 1700, Loss: 0.0055, Train: 25.88%, Valid: 23.07%, Test: 23.31%, Best Valid: 23.55%, Best Test: 23.60%
Epoch: 1800, Loss: 0.0038, Train: 23.93%, Valid: 21.39%, Test: 21.02%, Best Valid: 23.55%, Best Test: 23.60%
Epoch: 1900, Loss: 0.0047, Train: 25.96%, Valid: 22.97%, Test: 22.77%, Best Valid: 23.55%, Best Test: 23.60%
Epoch: 2000, Loss: 0.0261, Train: 24.46%, Valid: 22.47%, Test: 22.27%, Best Valid: 23.78%, Best Test: 23.90%
Epoch: 2100, Loss: 0.0136, Train: 24.91%, Valid: 22.84%, Test: 22.18%, Best Valid: 25.93%, Best Test: 25.79%
Epoch: 2200, Loss: 0.0069, Train: 25.06%, Valid: 22.95%, Test: 22.61%, Best Valid: 25.93%, Best Test: 25.79%
Epoch: 2300, Loss: 0.0072, Train: 24.94%, Valid: 22.15%, Test: 21.81%, Best Valid: 25.93%, Best Test: 25.79%
Epoch: 2400, Loss: 0.0137, Train: 24.72%, Valid: 22.68%, Test: 22.13%, Best Valid: 25.93%, Best Test: 25.79%
Run 01:
Highest Train: 27.57
Highest Valid: 25.93
Highest Test: 25.79
Chosen epoch: 2043
Final Train: 27.47
Final Test: 25.79
Label budget: 20/class -> 360 train nodes
Pre-training MLP for 500 epochs to generate co-occurrence matrix...
MLP pre-training complete. Penalty matrix frozen.
Epoch: 00, Loss: 3.3360, Train: 1.64%, Valid: 1.78%, Test: 1.50%, Best Valid: 1.78%, Best Test: 1.50%
Epoch: 100, Loss: 1.0571, Train: 18.04%, Valid: 15.85%, Test: 16.77%, Best Valid: 15.85%, Best Test: 16.77%
Epoch: 200, Loss: 0.1324, Train: 19.87%, Valid: 17.56%, Test: 17.81%, Best Valid: 17.56%, Best Test: 17.81%
Epoch: 300, Loss: 0.0742, Train: 19.21%, Valid: 17.18%, Test: 17.35%, Best Valid: 17.56%, Best Test: 17.81%
Epoch: 400, Loss: 0.0305, Train: 19.61%, Valid: 16.19%, Test: 16.91%, Best Valid: 17.56%, Best Test: 17.81%
Epoch: 500, Loss: 0.0772, Train: 20.26%, Valid: 17.19%, Test: 18.04%, Best Valid: 17.58%, Best Test: 18.21%
Epoch: 600, Loss: 0.0301, Train: 21.10%, Valid: 18.08%, Test: 18.48%, Best Valid: 18.15%, Best Test: 18.90%
Epoch: 700, Loss: 0.0226, Train: 19.82%, Valid: 16.82%, Test: 17.05%, Best Valid: 18.15%, Best Test: 18.90%
Epoch: 800, Loss: 0.0090, Train: 20.44%, Valid: 17.83%, Test: 18.00%, Best Valid: 18.23%, Best Test: 17.93%
Epoch: 900, Loss: 0.0059, Train: 19.95%, Valid: 17.14%, Test: 17.35%, Best Valid: 18.50%, Best Test: 19.08%
Epoch: 1000, Loss: 0.0171, Train: 20.06%, Valid: 17.46%, Test: 17.03%, Best Valid: 18.64%, Best Test: 18.69%
Epoch: 1100, Loss: 0.0236, Train: 20.60%, Valid: 18.04%, Test: 18.21%, Best Valid: 18.78%, Best Test: 18.32%
Epoch: 1200, Loss: 0.0171, Train: 21.48%, Valid: 17.95%, Test: 19.15%, Best Valid: 18.91%, Best Test: 18.48%
Epoch: 1300, Loss: 0.0082, Train: 21.15%, Valid: 18.01%, Test: 19.45%, Best Valid: 18.91%, Best Test: 18.48%
Epoch: 1400, Loss: 0.0483, Train: 19.76%, Valid: 17.16%, Test: 17.49%, Best Valid: 18.91%, Best Test: 18.48%
Epoch: 1500, Loss: 0.0103, Train: 20.55%, Valid: 17.53%, Test: 18.27%, Best Valid: 18.91%, Best Test: 18.48%
Epoch: 1600, Loss: 0.0081, Train: 20.88%, Valid: 17.90%, Test: 19.68%, Best Valid: 19.06%, Best Test: 19.66%
Epoch: 1700, Loss: 0.0037, Train: 20.96%, Valid: 18.04%, Test: 18.64%, Best Valid: 19.06%, Best Test: 19.66%
Epoch: 1800, Loss: 0.0119, Train: 20.85%, Valid: 18.09%, Test: 18.71%, Best Valid: 19.06%, Best Test: 19.66%
Epoch: 1900, Loss: 0.0157, Train: 21.38%, Valid: 18.08%, Test: 19.34%, Best Valid: 19.06%, Best Test: 19.66%
Epoch: 2000, Loss: 0.0023, Train: 21.45%, Valid: 18.66%, Test: 19.38%, Best Valid: 19.17%, Best Test: 18.85%
Epoch: 2100, Loss: 0.0032, Train: 20.79%, Valid: 17.53%, Test: 18.67%, Best Valid: 19.17%, Best Test: 18.85%
Epoch: 2200, Loss: 0.0021, Train: 19.96%, Valid: 17.28%, Test: 17.67%, Best Valid: 19.17%, Best Test: 18.85%
Epoch: 2300, Loss: 0.0234, Train: 21.80%, Valid: 18.92%, Test: 19.57%, Best Valid: 19.31%, Best Test: 19.38%
Epoch: 2400, Loss: 0.0064, Train: 20.88%, Valid: 17.86%, Test: 18.87%, Best Valid: 19.31%, Best Test: 19.38%
Run 02:
Highest Train: 22.12
Highest Valid: 19.31
Highest Test: 19.94
Chosen epoch: 2270
Final Train: 21.61
Final Test: 19.38
Label budget: 20/class -> 360 train nodes
Pre-training MLP for 500 epochs to generate co-occurrence matrix...
MLP pre-training complete. Penalty matrix frozen.
Epoch: 00, Loss: 3.3213, Train: 5.34%, Valid: 5.24%, Test: 5.21%, Best Valid: 5.24%, Best Test: 5.21%
Epoch: 100, Loss: 0.8054, Train: 17.79%, Valid: 16.01%, Test: 17.10%, Best Valid: 16.05%, Best Test: 16.63%
Epoch: 200, Loss: 0.1412, Train: 18.36%, Valid: 15.78%, Test: 16.40%, Best Valid: 16.49%, Best Test: 17.17%
Epoch: 300, Loss: 0.0492, Train: 19.45%, Valid: 16.45%, Test: 17.93%, Best Valid: 17.56%, Best Test: 17.97%
Epoch: 400, Loss: 0.0447, Train: 20.20%, Valid: 17.62%, Test: 18.66%, Best Valid: 17.90%, Best Test: 18.09%
Epoch: 500, Loss: 0.0337, Train: 19.28%, Valid: 16.40%, Test: 17.31%, Best Valid: 18.08%, Best Test: 18.37%
Epoch: 600, Loss: 0.0213, Train: 20.05%, Valid: 17.65%, Test: 18.39%, Best Valid: 18.08%, Best Test: 18.37%
Epoch: 700, Loss: 0.0203, Train: 21.30%, Valid: 18.27%, Test: 18.80%, Best Valid: 18.27%, Best Test: 18.67%
Epoch: 800, Loss: 0.0234, Train: 20.79%, Valid: 17.62%, Test: 19.29%, Best Valid: 18.38%, Best Test: 19.17%
Epoch: 900, Loss: 0.0186, Train: 20.22%, Valid: 17.55%, Test: 18.30%, Best Valid: 18.38%, Best Test: 19.17%
Epoch: 1000, Loss: 0.0096, Train: 20.51%, Valid: 17.46%, Test: 18.88%, Best Valid: 18.75%, Best Test: 20.01%
Epoch: 1100, Loss: 0.0188, Train: 20.16%, Valid: 17.25%, Test: 18.13%, Best Valid: 18.98%, Best Test: 19.08%
Epoch: 1200, Loss: 0.0316, Train: 19.84%, Valid: 17.39%, Test: 18.04%, Best Valid: 18.98%, Best Test: 19.08%
Epoch: 1300, Loss: 0.0101, Train: 19.94%, Valid: 17.21%, Test: 18.28%, Best Valid: 18.98%, Best Test: 19.08%
Epoch: 1400, Loss: 0.0151, Train: 20.02%, Valid: 16.65%, Test: 18.46%, Best Valid: 18.98%, Best Test: 19.08%
Epoch: 1500, Loss: 0.0111, Train: 19.73%, Valid: 16.82%, Test: 18.02%, Best Valid: 18.98%, Best Test: 19.08%
Epoch: 1600, Loss: 0.0069, Train: 20.63%, Valid: 17.90%, Test: 18.90%, Best Valid: 19.65%, Best Test: 19.70%
Epoch: 1700, Loss: 0.0134, Train: 20.15%, Valid: 17.39%, Test: 18.34%, Best Valid: 19.65%, Best Test: 19.70%
Epoch: 1800, Loss: 0.0026, Train: 21.00%, Valid: 17.90%, Test: 19.43%, Best Valid: 19.65%, Best Test: 19.70%
Epoch: 1900, Loss: 0.0222, Train: 20.48%, Valid: 17.44%, Test: 19.29%, Best Valid: 19.65%, Best Test: 19.70%
Epoch: 2000, Loss: 0.0432, Train: 19.87%, Valid: 16.80%, Test: 17.38%, Best Valid: 19.65%, Best Test: 19.70%
Epoch: 2100, Loss: 0.0029, Train: 20.92%, Valid: 17.88%, Test: 18.81%, Best Valid: 19.65%, Best Test: 19.70%
Epoch: 2200, Loss: 0.0080, Train: 20.58%, Valid: 17.63%, Test: 18.55%, Best Valid: 19.65%, Best Test: 19.70%
Epoch: 2300, Loss: 0.0050, Train: 20.78%, Valid: 17.78%, Test: 19.18%, Best Valid: 19.65%, Best Test: 19.70%
Epoch: 2400, Loss: 0.0055, Train: 20.10%, Valid: 17.85%, Test: 18.60%, Best Valid: 19.65%, Best Test: 19.70%
Run 03:
Highest Train: 22.17
Highest Valid: 19.65
Highest Test: 20.31
Chosen epoch: 1516
Final Train: 21.53
Final Test: 19.70
Label budget: 20/class -> 360 train nodes
Pre-training MLP for 500 epochs to generate co-occurrence matrix...
MLP pre-training complete. Penalty matrix frozen.
Epoch: 00, Loss: 3.3188, Train: 5.07%, Valid: 5.10%, Test: 5.17%, Best Valid: 5.10%, Best Test: 5.17%
Epoch: 100, Loss: 0.9395, Train: 17.59%, Valid: 16.31%, Test: 16.66%, Best Valid: 18.02%, Best Test: 17.97%
Epoch: 200, Loss: 0.1126, Train: 20.78%, Valid: 18.55%, Test: 17.68%, Best Valid: 19.63%, Best Test: 18.39%
Epoch: 300, Loss: 0.0507, Train: 20.52%, Valid: 18.22%, Test: 18.39%, Best Valid: 19.63%, Best Test: 18.39%
Epoch: 400, Loss: 0.0719, Train: 20.23%, Valid: 18.25%, Test: 17.44%, Best Valid: 19.63%, Best Test: 18.39%
Epoch: 500, Loss: 0.0548, Train: 20.98%, Valid: 18.89%, Test: 18.11%, Best Valid: 19.63%, Best Test: 18.39%
Epoch: 600, Loss: 0.0180, Train: 21.14%, Valid: 18.32%, Test: 18.32%, Best Valid: 20.12%, Best Test: 18.97%
Epoch: 700, Loss: 0.0265, Train: 21.00%, Valid: 18.32%, Test: 18.09%, Best Valid: 20.12%, Best Test: 18.97%
Epoch: 800, Loss: 0.0143, Train: 20.95%, Valid: 17.90%, Test: 17.45%, Best Valid: 20.41%, Best Test: 19.63%
Epoch: 900, Loss: 0.0125, Train: 20.71%, Valid: 18.27%, Test: 17.28%, Best Valid: 20.41%, Best Test: 19.63%
Epoch: 1000, Loss: 0.0131, Train: 20.35%, Valid: 17.95%, Test: 17.88%, Best Valid: 20.41%, Best Test: 19.63%
Epoch: 1100, Loss: 0.0325, Train: 20.47%, Valid: 18.41%, Test: 17.31%, Best Valid: 20.41%, Best Test: 19.63%
Epoch: 1200, Loss: 0.0161, Train: 21.01%, Valid: 19.17%, Test: 18.55%, Best Valid: 20.41%, Best Test: 19.63%
Epoch: 1300, Loss: 0.0082, Train: 21.63%, Valid: 19.08%, Test: 18.74%, Best Valid: 20.41%, Best Test: 19.63%
Epoch: 1400, Loss: 0.0066, Train: 20.03%, Valid: 17.37%, Test: 17.12%, Best Valid: 20.41%, Best Test: 19.63%
Epoch: 1500, Loss: 0.0251, Train: 22.09%, Valid: 20.12%, Test: 19.78%, Best Valid: 20.41%, Best Test: 19.63%
Epoch: 1600, Loss: 0.0017, Train: 21.42%, Valid: 18.39%, Test: 17.81%, Best Valid: 20.41%, Best Test: 19.63%
Epoch: 1700, Loss: 0.0162, Train: 22.73%, Valid: 20.39%, Test: 20.61%, Best Valid: 20.41%, Best Test: 19.63%
Epoch: 1800, Loss: 0.0087, Train: 22.20%, Valid: 19.95%, Test: 19.56%, Best Valid: 20.67%, Best Test: 20.37%
Epoch: 1900, Loss: 0.0113, Train: 20.96%, Valid: 19.24%, Test: 19.01%, Best Valid: 20.67%, Best Test: 20.37%
Epoch: 2000, Loss: 0.0044, Train: 21.97%, Valid: 20.37%, Test: 19.26%, Best Valid: 20.67%, Best Test: 20.37%
Epoch: 2100, Loss: 0.0168, Train: 20.76%, Valid: 18.76%, Test: 18.25%, Best Valid: 21.27%, Best Test: 20.67%
Epoch: 2200, Loss: 0.0246, Train: 21.17%, Valid: 19.19%, Test: 19.06%, Best Valid: 21.27%, Best Test: 20.67%
Epoch: 2300, Loss: 0.0040, Train: 22.54%, Valid: 20.37%, Test: 19.96%, Best Valid: 21.27%, Best Test: 20.67%
Epoch: 2400, Loss: 0.0019, Train: 22.25%, Valid: 19.58%, Test: 18.88%, Best Valid: 21.27%, Best Test: 20.67%
Run 04:
Highest Train: 23.33
Highest Valid: 21.27
Highest Test: 20.97
Chosen epoch: 2022
Final Train: 22.61
Final Test: 20.67
Label budget: 20/class -> 360 train nodes
Pre-training MLP for 500 epochs to generate co-occurrence matrix...
MLP pre-training complete. Penalty matrix frozen.
Epoch: 00, Loss: 3.3747, Train: 3.76%, Valid: 3.76%, Test: 3.76%, Best Valid: 3.76%, Best Test: 3.76%
Epoch: 100, Loss: 0.9291, Train: 21.77%, Valid: 19.91%, Test: 19.33%, Best Valid: 21.18%, Best Test: 20.63%
Epoch: 200, Loss: 0.1964, Train: 22.37%, Valid: 19.05%, Test: 19.68%, Best Valid: 21.18%, Best Test: 20.63%
Epoch: 300, Loss: 0.0856, Train: 21.66%, Valid: 19.61%, Test: 19.80%, Best Valid: 21.36%, Best Test: 20.60%
Epoch: 400, Loss: 0.0356, Train: 21.99%, Valid: 19.21%, Test: 18.27%, Best Valid: 21.36%, Best Test: 20.60%
Epoch: 500, Loss: 0.0512, Train: 22.34%, Valid: 19.51%, Test: 19.54%, Best Valid: 21.36%, Best Test: 20.60%
Epoch: 600, Loss: 0.0164, Train: 22.66%, Valid: 20.26%, Test: 19.77%, Best Valid: 21.36%, Best Test: 20.60%
Epoch: 700, Loss: 0.0171, Train: 22.81%, Valid: 20.30%, Test: 19.98%, Best Valid: 21.36%, Best Test: 20.60%
Epoch: 800, Loss: 0.0196, Train: 22.97%, Valid: 20.85%, Test: 20.40%, Best Valid: 21.36%, Best Test: 20.60%
Epoch: 900, Loss: 0.0280, Train: 22.67%, Valid: 20.18%, Test: 19.59%, Best Valid: 21.36%, Best Test: 20.60%
Epoch: 1000, Loss: 0.0256, Train: 22.28%, Valid: 19.96%, Test: 19.94%, Best Valid: 21.36%, Best Test: 20.60%
Epoch: 1100, Loss: 0.0087, Train: 22.92%, Valid: 20.42%, Test: 19.33%, Best Valid: 21.38%, Best Test: 20.12%
Epoch: 1200, Loss: 0.0116, Train: 23.56%, Valid: 20.85%, Test: 20.16%, Best Valid: 21.99%, Best Test: 20.86%
Epoch: 1300, Loss: 0.0106, Train: 21.64%, Valid: 18.98%, Test: 18.97%, Best Valid: 21.99%, Best Test: 20.86%
Epoch: 1400, Loss: 0.0126, Train: 23.20%, Valid: 21.17%, Test: 20.24%, Best Valid: 21.99%, Best Test: 20.86%
Epoch: 1500, Loss: 0.0160, Train: 22.48%, Valid: 20.26%, Test: 19.26%, Best Valid: 21.99%, Best Test: 20.86%
Epoch: 1600, Loss: 0.0123, Train: 23.35%, Valid: 20.81%, Test: 20.40%, Best Valid: 21.99%, Best Test: 20.86%
Epoch: 1700, Loss: 0.0253, Train: 22.91%, Valid: 20.30%, Test: 20.26%, Best Valid: 21.99%, Best Test: 20.86%
Epoch: 1800, Loss: 0.0412, Train: 22.78%, Valid: 20.02%, Test: 19.71%, Best Valid: 21.99%, Best Test: 20.86%
Epoch: 1900, Loss: 0.0221, Train: 23.52%, Valid: 21.04%, Test: 20.47%, Best Valid: 21.99%, Best Test: 20.86%
Epoch: 2000, Loss: 0.0026, Train: 22.96%, Valid: 20.02%, Test: 20.37%, Best Valid: 21.99%, Best Test: 20.86%
Epoch: 2100, Loss: 0.0061, Train: 22.62%, Valid: 20.35%, Test: 19.43%, Best Valid: 21.99%, Best Test: 20.86%
Epoch: 2200, Loss: 0.0060, Train: 23.05%, Valid: 20.67%, Test: 20.10%, Best Valid: 21.99%, Best Test: 20.86%
Epoch: 2300, Loss: 0.0025, Train: 23.29%, Valid: 20.94%, Test: 20.05%, Best Valid: 21.99%, Best Test: 20.86%
Epoch: 2400, Loss: 0.0123, Train: 22.64%, Valid: 20.44%, Test: 19.52%, Best Valid: 21.99%, Best Test: 20.86%
Run 05:
Highest Train: 24.75
Highest Valid: 21.99
Highest Test: 21.34
Chosen epoch: 1132
Final Train: 24.44
Final Test: 20.86
Label budget: 20/class -> 360 train nodes
Pre-training MLP for 500 epochs to generate co-occurrence matrix...
MLP pre-training complete. Penalty matrix frozen.
Epoch: 00, Loss: 3.2728, Train: 2.25%, Valid: 2.35%, Test: 2.12%, Best Valid: 2.35%, Best Test: 2.12%
Epoch: 100, Loss: 0.8320, Train: 19.27%, Valid: 17.14%, Test: 17.00%, Best Valid: 17.53%, Best Test: 17.21%
Epoch: 200, Loss: 0.1514, Train: 20.55%, Valid: 18.25%, Test: 17.53%, Best Valid: 19.28%, Best Test: 18.71%
Epoch: 300, Loss: 0.0740, Train: 21.70%, Valid: 19.12%, Test: 18.67%, Best Valid: 20.04%, Best Test: 18.53%
Epoch: 400, Loss: 0.0300, Train: 20.14%, Valid: 17.49%, Test: 17.63%, Best Valid: 20.04%, Best Test: 18.53%
Epoch: 500, Loss: 0.0359, Train: 21.26%, Valid: 19.15%, Test: 18.37%, Best Valid: 20.04%, Best Test: 18.53%
Epoch: 600, Loss: 0.0227, Train: 22.15%, Valid: 19.31%, Test: 18.57%, Best Valid: 20.04%, Best Test: 18.53%
Epoch: 700, Loss: 0.0213, Train: 20.98%, Valid: 18.16%, Test: 18.46%, Best Valid: 20.04%, Best Test: 18.53%
Epoch: 800, Loss: 0.0344, Train: 21.29%, Valid: 18.43%, Test: 18.21%, Best Valid: 20.04%, Best Test: 18.53%
Epoch: 900, Loss: 0.0280, Train: 21.04%, Valid: 18.46%, Test: 17.77%, Best Valid: 20.04%, Best Test: 18.53%
Epoch: 1000, Loss: 0.0283, Train: 20.58%, Valid: 17.72%, Test: 17.53%, Best Valid: 20.04%, Best Test: 18.53%
Epoch: 1100, Loss: 0.0048, Train: 21.90%, Valid: 19.79%, Test: 19.15%, Best Valid: 20.04%, Best Test: 18.53%
Epoch: 1200, Loss: 0.0147, Train: 20.84%, Valid: 18.22%, Test: 17.93%, Best Valid: 20.04%, Best Test: 18.53%
Epoch: 1300, Loss: 0.0324, Train: 21.34%, Valid: 18.57%, Test: 18.46%, Best Valid: 20.04%, Best Test: 18.53%
Epoch: 1400, Loss: 0.0094, Train: 21.45%, Valid: 19.14%, Test: 19.24%, Best Valid: 20.04%, Best Test: 18.53%
Epoch: 1500, Loss: 0.0125, Train: 22.13%, Valid: 19.47%, Test: 19.27%, Best Valid: 20.04%, Best Test: 18.53%
Epoch: 1600, Loss: 0.0015, Train: 21.49%, Valid: 19.24%, Test: 18.20%, Best Valid: 20.07%, Best Test: 18.67%
Epoch: 1700, Loss: 0.0082, Train: 21.05%, Valid: 18.45%, Test: 18.27%, Best Valid: 20.07%, Best Test: 18.67%
Epoch: 1800, Loss: 0.0052, Train: 21.79%, Valid: 19.33%, Test: 19.03%, Best Valid: 20.07%, Best Test: 18.67%
Epoch: 1900, Loss: 0.0208, Train: 20.62%, Valid: 18.61%, Test: 18.30%, Best Valid: 20.07%, Best Test: 18.67%
Epoch: 2000, Loss: 0.0073, Train: 21.30%, Valid: 18.69%, Test: 18.80%, Best Valid: 20.07%, Best Test: 18.67%
Epoch: 2100, Loss: 0.0110, Train: 21.42%, Valid: 19.22%, Test: 18.92%, Best Valid: 20.07%, Best Test: 18.67%
Epoch: 2200, Loss: 0.0034, Train: 21.22%, Valid: 19.45%, Test: 19.13%, Best Valid: 20.07%, Best Test: 18.67%
Epoch: 2300, Loss: 0.0019, Train: 21.60%, Valid: 19.35%, Test: 19.45%, Best Valid: 20.39%, Best Test: 19.68%
Epoch: 2400, Loss: 0.0074, Train: 21.40%, Valid: 19.17%, Test: 19.06%, Best Valid: 20.51%, Best Test: 19.64%
Run 06:
Highest Train: 22.80
Highest Valid: 20.51
Highest Test: 20.54
Chosen epoch: 2335
Final Train: 22.20
Final Test: 19.64
Label budget: 20/class -> 360 train nodes
Pre-training MLP for 500 epochs to generate co-occurrence matrix...
MLP pre-training complete. Penalty matrix frozen.
Epoch: 00, Loss: 3.3407, Train: 11.05%, Valid: 11.03%, Test: 11.05%, Best Valid: 11.03%, Best Test: 11.05%
Epoch: 100, Loss: 0.9803, Train: 15.22%, Valid: 14.28%, Test: 14.65%, Best Valid: 14.28%, Best Test: 14.65%
Epoch: 200, Loss: 0.1546, Train: 19.60%, Valid: 16.88%, Test: 18.30%, Best Valid: 18.39%, Best Test: 19.29%
Epoch: 300, Loss: 0.0810, Train: 20.55%, Valid: 17.42%, Test: 18.50%, Best Valid: 18.45%, Best Test: 19.41%
Epoch: 400, Loss: 0.0777, Train: 19.82%, Valid: 16.82%, Test: 18.14%, Best Valid: 18.45%, Best Test: 19.41%
Epoch: 500, Loss: 0.0660, Train: 21.03%, Valid: 17.85%, Test: 19.08%, Best Valid: 18.59%, Best Test: 19.31%
Epoch: 600, Loss: 0.0343, Train: 20.71%, Valid: 17.81%, Test: 18.53%, Best Valid: 18.98%, Best Test: 19.93%
Epoch: 700, Loss: 0.0246, Train: 21.39%, Valid: 19.10%, Test: 19.63%, Best Valid: 19.40%, Best Test: 20.51%
Epoch: 800, Loss: 0.0112, Train: 21.77%, Valid: 19.22%, Test: 20.33%, Best Valid: 19.40%, Best Test: 20.51%
Epoch: 900, Loss: 0.0096, Train: 21.62%, Valid: 19.47%, Test: 19.59%, Best Valid: 19.66%, Best Test: 20.16%
Epoch: 1000, Loss: 0.0246, Train: 21.20%, Valid: 18.45%, Test: 19.08%, Best Valid: 19.66%, Best Test: 20.16%
Epoch: 1100, Loss: 0.0067, Train: 21.34%, Valid: 18.52%, Test: 19.26%, Best Valid: 19.66%, Best Test: 20.16%
Epoch: 1200, Loss: 0.0104, Train: 20.95%, Valid: 18.20%, Test: 19.04%, Best Valid: 19.66%, Best Test: 20.16%
Epoch: 1300, Loss: 0.0263, Train: 20.92%, Valid: 18.83%, Test: 19.52%, Best Valid: 19.74%, Best Test: 20.37%
Epoch: 1400, Loss: 0.0143, Train: 22.07%, Valid: 19.74%, Test: 20.44%, Best Valid: 19.74%, Best Test: 20.37%
Epoch: 1500, Loss: 0.0081, Train: 21.22%, Valid: 18.98%, Test: 19.57%, Best Valid: 20.64%, Best Test: 20.21%
Epoch: 1600, Loss: 0.0068, Train: 21.28%, Valid: 18.76%, Test: 19.94%, Best Valid: 20.64%, Best Test: 20.21%
Epoch: 1700, Loss: 0.0111, Train: 21.58%, Valid: 19.36%, Test: 20.10%, Best Valid: 20.64%, Best Test: 20.21%
Epoch: 1800, Loss: 0.0063, Train: 21.64%, Valid: 18.94%, Test: 20.21%, Best Valid: 20.64%, Best Test: 20.21%
Epoch: 1900, Loss: 0.0077, Train: 22.47%, Valid: 19.72%, Test: 20.65%, Best Valid: 20.64%, Best Test: 20.21%
Epoch: 2000, Loss: 0.0070, Train: 21.39%, Valid: 18.61%, Test: 19.33%, Best Valid: 20.64%, Best Test: 20.21%
Epoch: 2100, Loss: 0.0365, Train: 22.87%, Valid: 20.56%, Test: 20.93%, Best Valid: 20.83%, Best Test: 21.27%
Epoch: 2200, Loss: 0.0045, Train: 21.60%, Valid: 19.36%, Test: 19.50%, Best Valid: 20.83%, Best Test: 21.27%
Epoch: 2300, Loss: 0.0239, Train: 21.26%, Valid: 18.62%, Test: 19.18%, Best Valid: 20.83%, Best Test: 21.27%
Epoch: 2400, Loss: 0.0113, Train: 22.15%, Valid: 19.44%, Test: 20.21%, Best Valid: 20.83%, Best Test: 21.27%
Run 07:
Highest Train: 23.41
Highest Valid: 20.83
Highest Test: 21.36
Chosen epoch: 2098
Final Train: 23.00
Final Test: 21.27
Label budget: 20/class -> 360 train nodes
Pre-training MLP for 500 epochs to generate co-occurrence matrix...
MLP pre-training complete. Penalty matrix frozen.
Epoch: 00, Loss: 3.3349, Train: 3.47%, Valid: 3.50%, Test: 3.44%, Best Valid: 3.50%, Best Test: 3.44%
Epoch: 100, Loss: 0.9157, Train: 19.41%, Valid: 18.45%, Test: 18.88%, Best Valid: 18.45%, Best Test: 18.88%
Epoch: 200, Loss: 0.1849, Train: 20.86%, Valid: 18.61%, Test: 19.24%, Best Valid: 18.83%, Best Test: 18.83%
Epoch: 300, Loss: 0.0781, Train: 20.25%, Valid: 17.49%, Test: 18.64%, Best Valid: 20.02%, Best Test: 20.54%
Epoch: 400, Loss: 0.0828, Train: 21.79%, Valid: 19.22%, Test: 19.57%, Best Valid: 20.02%, Best Test: 20.54%
Epoch: 500, Loss: 0.0496, Train: 22.17%, Valid: 19.65%, Test: 20.53%, Best Valid: 20.12%, Best Test: 20.67%
Epoch: 600, Loss: 0.0225, Train: 22.20%, Valid: 19.06%, Test: 19.63%, Best Valid: 20.12%, Best Test: 20.67%
Epoch: 700, Loss: 0.0164, Train: 22.47%, Valid: 19.68%, Test: 20.42%, Best Valid: 20.12%, Best Test: 20.67%
Epoch: 800, Loss: 0.0335, Train: 22.56%, Valid: 20.26%, Test: 20.56%, Best Valid: 20.58%, Best Test: 21.53%
Epoch: 900, Loss: 0.0224, Train: 22.45%, Valid: 19.08%, Test: 20.10%, Best Valid: 20.83%, Best Test: 21.51%
Epoch: 1000, Loss: 0.0042, Train: 21.97%, Valid: 19.66%, Test: 20.00%, Best Valid: 21.08%, Best Test: 21.20%
Epoch: 1100, Loss: 0.0110, Train: 22.00%, Valid: 19.24%, Test: 19.84%, Best Valid: 21.08%, Best Test: 21.20%
Epoch: 1200, Loss: 0.0401, Train: 20.86%, Valid: 17.95%, Test: 18.51%, Best Valid: 21.08%, Best Test: 21.20%
Epoch: 1300, Loss: 0.0446, Train: 22.21%, Valid: 19.77%, Test: 20.01%, Best Valid: 21.08%, Best Test: 21.20%
Epoch: 1400, Loss: 0.0069, Train: 21.84%, Valid: 18.96%, Test: 20.17%, Best Valid: 21.08%, Best Test: 21.20%
Epoch: 1500, Loss: 0.0120, Train: 23.77%, Valid: 21.06%, Test: 21.39%, Best Valid: 21.48%, Best Test: 21.96%
Epoch: 1600, Loss: 0.0028, Train: 22.47%, Valid: 19.42%, Test: 20.38%, Best Valid: 21.48%, Best Test: 21.96%
Epoch: 1700, Loss: 0.0034, Train: 23.11%, Valid: 20.09%, Test: 21.83%, Best Valid: 21.48%, Best Test: 21.96%
Epoch: 1800, Loss: 0.0019, Train: 21.73%, Valid: 19.47%, Test: 20.31%, Best Valid: 21.48%, Best Test: 21.96%
Epoch: 1900, Loss: 0.0304, Train: 23.04%, Valid: 20.44%, Test: 20.97%, Best Valid: 21.64%, Best Test: 21.92%
Epoch: 2000, Loss: 0.0037, Train: 23.07%, Valid: 20.78%, Test: 20.84%, Best Valid: 21.64%, Best Test: 21.92%
Epoch: 2100, Loss: 0.0089, Train: 22.83%, Valid: 20.04%, Test: 20.30%, Best Valid: 21.64%, Best Test: 21.92%
Epoch: 2200, Loss: 0.0029, Train: 23.75%, Valid: 20.51%, Test: 21.97%, Best Valid: 21.64%, Best Test: 21.92%
Epoch: 2300, Loss: 0.0025, Train: 23.15%, Valid: 20.44%, Test: 21.09%, Best Valid: 21.64%, Best Test: 21.92%
Epoch: 2400, Loss: 0.0110, Train: 23.62%, Valid: 21.25%, Test: 21.67%, Best Valid: 21.64%, Best Test: 21.92%
Run 08:
Highest Train: 24.31
Highest Valid: 21.66
Highest Test: 22.79
Chosen epoch: 2412
Final Train: 23.98
Final Test: 21.87
Label budget: 20/class -> 360 train nodes
Pre-training MLP for 500 epochs to generate co-occurrence matrix...
MLP pre-training complete. Penalty matrix frozen.
Epoch: 00, Loss: 3.3650, Train: 11.85%, Valid: 11.76%, Test: 12.23%, Best Valid: 11.76%, Best Test: 12.23%
Epoch: 100, Loss: 0.8034, Train: 19.29%, Valid: 17.00%, Test: 16.48%, Best Valid: 17.00%, Best Test: 16.48%
Epoch: 200, Loss: 0.1514, Train: 20.55%, Valid: 17.76%, Test: 17.15%, Best Valid: 19.29%, Best Test: 18.23%
Epoch: 300, Loss: 0.0870, Train: 20.85%, Valid: 17.65%, Test: 17.00%, Best Valid: 19.29%, Best Test: 18.23%
Epoch: 400, Loss: 0.0409, Train: 21.36%, Valid: 18.23%, Test: 17.63%, Best Valid: 19.29%, Best Test: 18.23%
Epoch: 500, Loss: 0.0341, Train: 21.54%, Valid: 18.53%, Test: 17.74%, Best Valid: 19.29%, Best Test: 18.23%
Epoch: 600, Loss: 0.0294, Train: 20.90%, Valid: 17.65%, Test: 17.40%, Best Valid: 19.29%, Best Test: 18.23%
Epoch: 700, Loss: 0.0357, Train: 20.28%, Valid: 17.35%, Test: 17.28%, Best Valid: 19.29%, Best Test: 18.23%
Epoch: 800, Loss: 0.0476, Train: 20.17%, Valid: 17.03%, Test: 17.74%, Best Valid: 19.49%, Best Test: 18.46%
Epoch: 900, Loss: 0.0053, Train: 21.35%, Valid: 18.50%, Test: 18.71%, Best Valid: 19.49%, Best Test: 18.46%
Epoch: 1000, Loss: 0.0205, Train: 21.11%, Valid: 18.06%, Test: 18.09%, Best Valid: 19.49%, Best Test: 18.46%
Epoch: 1100, Loss: 0.0211, Train: 21.57%, Valid: 18.59%, Test: 19.13%, Best Valid: 19.49%, Best Test: 18.46%
Epoch: 1200, Loss: 0.0161, Train: 21.37%, Valid: 18.34%, Test: 19.22%, Best Valid: 19.52%, Best Test: 19.29%
Epoch: 1300, Loss: 0.0088, Train: 20.03%, Valid: 16.75%, Test: 17.15%, Best Valid: 19.52%, Best Test: 19.29%
Epoch: 1400, Loss: 0.0339, Train: 21.30%, Valid: 18.29%, Test: 18.53%, Best Valid: 19.52%, Best Test: 19.29%
Epoch: 1500, Loss: 0.0094, Train: 21.29%, Valid: 18.23%, Test: 18.53%, Best Valid: 19.52%, Best Test: 19.29%
Epoch: 1600, Loss: 0.0086, Train: 22.21%, Valid: 19.19%, Test: 19.43%, Best Valid: 19.52%, Best Test: 19.29%
Epoch: 1700, Loss: 0.0056, Train: 21.24%, Valid: 18.23%, Test: 18.58%, Best Valid: 19.84%, Best Test: 19.50%
Epoch: 1800, Loss: 0.0112, Train: 21.36%, Valid: 18.09%, Test: 18.43%, Best Valid: 19.84%, Best Test: 19.50%
Epoch: 1900, Loss: 0.0265, Train: 20.27%, Valid: 17.35%, Test: 17.60%, Best Valid: 19.84%, Best Test: 19.50%
Epoch: 2000, Loss: 0.0098, Train: 22.35%, Valid: 18.91%, Test: 19.82%, Best Valid: 19.84%, Best Test: 19.50%
Epoch: 2100, Loss: 0.0085, Train: 21.73%, Valid: 18.87%, Test: 18.57%, Best Valid: 19.84%, Best Test: 19.50%
Epoch: 2200, Loss: 0.0065, Train: 21.84%, Valid: 18.53%, Test: 19.20%, Best Valid: 19.84%, Best Test: 19.50%
Epoch: 2300, Loss: 0.0011, Train: 21.55%, Valid: 18.50%, Test: 19.78%, Best Valid: 19.84%, Best Test: 19.50%
Epoch: 2400, Loss: 0.0263, Train: 21.20%, Valid: 18.11%, Test: 18.41%, Best Valid: 19.84%, Best Test: 19.50%
Run 09:
Highest Train: 23.00
Highest Valid: 19.98
Highest Test: 20.26
Chosen epoch: 2465
Final Train: 22.90
Final Test: 19.91
Label budget: 20/class -> 360 train nodes
Pre-training MLP for 500 epochs to generate co-occurrence matrix...
MLP pre-training complete. Penalty matrix frozen.
Epoch: 00, Loss: 3.3389, Train: 4.15%, Valid: 4.17%, Test: 4.13%, Best Valid: 4.17%, Best Test: 4.13%
Epoch: 100, Loss: 0.9171, Train: 19.25%, Valid: 18.52%, Test: 17.79%, Best Valid: 18.52%, Best Test: 17.79%
Epoch: 200, Loss: 0.1475, Train: 21.14%, Valid: 19.58%, Test: 19.08%, Best Valid: 20.34%, Best Test: 18.87%
Epoch: 300, Loss: 0.0489, Train: 20.90%, Valid: 19.47%, Test: 19.10%, Best Valid: 20.34%, Best Test: 18.87%
Epoch: 400, Loss: 0.0423, Train: 21.05%, Valid: 19.59%, Test: 18.62%, Best Valid: 20.35%, Best Test: 19.40%
Epoch: 500, Loss: 0.0260, Train: 20.90%, Valid: 19.56%, Test: 19.26%, Best Valid: 20.35%, Best Test: 19.40%
Epoch: 600, Loss: 0.0405, Train: 21.07%, Valid: 19.93%, Test: 19.48%, Best Valid: 21.02%, Best Test: 20.10%
Epoch: 700, Loss: 0.0217, Train: 21.67%, Valid: 19.84%, Test: 20.10%, Best Valid: 21.02%, Best Test: 20.10%
Epoch: 800, Loss: 0.0227, Train: 20.64%, Valid: 19.56%, Test: 18.87%, Best Valid: 21.18%, Best Test: 20.53%
Epoch: 900, Loss: 0.0186, Train: 21.29%, Valid: 20.02%, Test: 19.75%, Best Valid: 21.18%, Best Test: 20.53%
Epoch: 1000, Loss: 0.0153, Train: 21.45%, Valid: 19.95%, Test: 19.61%, Best Valid: 21.18%, Best Test: 20.53%
Epoch: 1100, Loss: 0.0257, Train: 20.68%, Valid: 19.49%, Test: 18.57%, Best Valid: 21.18%, Best Test: 20.53%
Epoch: 1200, Loss: 0.0044, Train: 21.45%, Valid: 20.58%, Test: 19.33%, Best Valid: 21.18%, Best Test: 20.53%
Epoch: 1300, Loss: 0.0056, Train: 22.31%, Valid: 21.04%, Test: 20.60%, Best Valid: 21.47%, Best Test: 20.33%
Epoch: 1400, Loss: 0.0245, Train: 21.75%, Valid: 20.35%, Test: 20.24%, Best Valid: 21.47%, Best Test: 20.33%
Epoch: 1500, Loss: 0.0211, Train: 21.30%, Valid: 20.94%, Test: 20.70%, Best Valid: 21.47%, Best Test: 20.33%
Epoch: 1600, Loss: 0.0324, Train: 20.82%, Valid: 19.75%, Test: 19.47%, Best Valid: 21.48%, Best Test: 20.44%
Epoch: 1700, Loss: 0.0169, Train: 21.54%, Valid: 19.84%, Test: 19.36%, Best Valid: 21.48%, Best Test: 20.44%
Epoch: 1800, Loss: 0.0079, Train: 21.53%, Valid: 20.44%, Test: 19.93%, Best Valid: 21.48%, Best Test: 20.44%
Epoch: 1900, Loss: 0.0294, Train: 21.96%, Valid: 20.09%, Test: 20.07%, Best Valid: 21.48%, Best Test: 20.44%
Epoch: 2000, Loss: 0.0025, Train: 21.47%, Valid: 20.19%, Test: 19.89%, Best Valid: 21.48%, Best Test: 20.44%
Epoch: 2100, Loss: 0.0180, Train: 22.79%, Valid: 21.39%, Test: 20.76%, Best Valid: 21.75%, Best Test: 20.67%
Epoch: 2200, Loss: 0.0072, Train: 22.11%, Valid: 20.28%, Test: 20.01%, Best Valid: 21.75%, Best Test: 20.67%
Epoch: 2300, Loss: 0.0188, Train: 21.68%, Valid: 19.77%, Test: 19.64%, Best Valid: 21.75%, Best Test: 20.67%
Epoch: 2400, Loss: 0.0011, Train: 21.90%, Valid: 19.98%, Test: 20.17%, Best Valid: 21.75%, Best Test: 20.67%
Run 10:
Highest Train: 23.02
Highest Valid: 21.75
Highest Test: 21.16
Chosen epoch: 2097
Final Train: 22.85
Final Test: 20.67
All runs:
Highest Train: 23.65 ± 1.61
Highest Test: 21.45 ± 1.72
Highest Valid: 21.29 ± 1.87
  Final Train: 23.26 ± 1.74
   Final Test: 20.97 ± 1.87
Saving results to results/lowlabel/roman-empire/MPNN_gcn.csv
--- mlp_reg | lambda=0.2 ---
Namespace(bn=True, budget_tag='20', count_reg=False, count_smoothing=1.0, cpu=False, data_dir='./data/', dataset='roman-empire', device=0, display_step=100, dropout=0.5, epochs=2500, gnn='gcn', hidden_channels=512, jk=False, label_num_per_class=20, lambda_val=0.2, ln=False, local_layers=9, lr=0.001, metric='acc', mlp_epochs=500, mlp_reg=True, model='MPNN', model_dir='models', num_heads=1, oracle_reg=False, paired_seeds=True, penalty_transform='none', pre_linear=True, pre_ln=False, rand_split=False, rand_split_class=False, reg_start_epoch=10, reg_update_freq=5, res=True, resample_split_per_run=False, result_dir='results/lowlabel', runs=10, save_model=False, seed=42, test_num=1000, train_per_class=20, train_prop=0.5, use_reg=True, valid_num=500, valid_per_class=0, valid_prop=0.25, weight_decay=0.0)
roman-empire
dataset roman-empire | num nodes 22662 | num edge 32927 | num node feats 300 | num classes 18
MODEL: MPNNs(
  (h_lins): ModuleList()
  (local_convs): ModuleList(
    (0): GCNConv(512, 512)
    (1): GCNConv(512, 512)
    (2): GCNConv(512, 512)
    (3): GCNConv(512, 512)
    (4): GCNConv(512, 512)
    (5): GCNConv(512, 512)
    (6): GCNConv(512, 512)
    (7): GCNConv(512, 512)
    (8): GCNConv(512, 512)
  )
  (lins): ModuleList(
    (0): Linear(in_features=512, out_features=512, bias=True)
    (1): Linear(in_features=512, out_features=512, bias=True)
    (2): Linear(in_features=512, out_features=512, bias=True)
    (3): Linear(in_features=512, out_features=512, bias=True)
    (4): Linear(in_features=512, out_features=512, bias=True)
    (5): Linear(in_features=512, out_features=512, bias=True)
    (6): Linear(in_features=512, out_features=512, bias=True)
    (7): Linear(in_features=512, out_features=512, bias=True)
    (8): Linear(in_features=512, out_features=512, bias=True)
  )
  (lns): ModuleList(
    (0): LayerNorm((512,), eps=1e-05, elementwise_affine=True)
    (1): LayerNorm((512,), eps=1e-05, elementwise_affine=True)
    (2): LayerNorm((512,), eps=1e-05, elementwise_affine=True)
    (3): LayerNorm((512,), eps=1e-05, elementwise_affine=True)
    (4): LayerNorm((512,), eps=1e-05, elementwise_affine=True)
    (5): LayerNorm((512,), eps=1e-05, elementwise_affine=True)
    (6): LayerNorm((512,), eps=1e-05, elementwise_affine=True)
    (7): LayerNorm((512,), eps=1e-05, elementwise_affine=True)
    (8): LayerNorm((512,), eps=1e-05, elementwise_affine=True)
  )
  (bns): ModuleList(
    (0): BatchNorm1d(512, eps=1e-05, momentum=0.1, affine=True, track_running_stats=True)
    (1): BatchNorm1d(512, eps=1e-05, momentum=0.1, affine=True, track_running_stats=True)
    (2): BatchNorm1d(512, eps=1e-05, momentum=0.1, affine=True, track_running_stats=True)
    (3): BatchNorm1d(512, eps=1e-05, momentum=0.1, affine=True, track_running_stats=True)
    (4): BatchNorm1d(512, eps=1e-05, momentum=0.1, affine=True, track_running_stats=True)
    (5): BatchNorm1d(512, eps=1e-05, momentum=0.1, affine=True, track_running_stats=True)
    (6): BatchNorm1d(512, eps=1e-05, momentum=0.1, affine=True, track_running_stats=True)
    (7): BatchNorm1d(512, eps=1e-05, momentum=0.1, affine=True, track_running_stats=True)
    (8): BatchNorm1d(512, eps=1e-05, momentum=0.1, affine=True, track_running_stats=True)
  )
  (lin_in): Linear(in_features=300, out_features=512, bias=True)
  (pred_local): Linear(in_features=512, out_features=18, bias=True)
)
Label budget: 20/class -> 360 train nodes
Pre-training MLP for 500 epochs to generate co-occurrence matrix...
MLP pre-training complete. Penalty matrix frozen.
Epoch: 00, Loss: 3.6978, Train: 4.17%, Valid: 4.17%, Test: 4.17%, Best Valid: 4.17%, Best Test: 4.17%
Epoch: 100, Loss: 1.0459, Train: 17.08%, Valid: 15.60%, Test: 15.58%, Best Valid: 15.80%, Best Test: 15.62%
Epoch: 200, Loss: 0.1697, Train: 22.44%, Valid: 20.07%, Test: 20.05%, Best Valid: 20.07%, Best Test: 20.05%
Epoch: 300, Loss: 0.0573, Train: 22.00%, Valid: 18.94%, Test: 18.80%, Best Valid: 20.44%, Best Test: 19.86%
Epoch: 400, Loss: 0.0578, Train: 22.49%, Valid: 19.68%, Test: 20.40%, Best Valid: 20.55%, Best Test: 20.58%
Epoch: 500, Loss: 0.0486, Train: 22.59%, Valid: 19.88%, Test: 20.26%, Best Valid: 21.09%, Best Test: 21.30%
Epoch: 600, Loss: 0.0236, Train: 22.58%, Valid: 19.77%, Test: 20.42%, Best Valid: 21.09%, Best Test: 21.30%
Epoch: 700, Loss: 0.0373, Train: 22.92%, Valid: 20.39%, Test: 20.79%, Best Valid: 21.09%, Best Test: 21.30%
Epoch: 800, Loss: 0.0131, Train: 22.78%, Valid: 20.65%, Test: 20.58%, Best Valid: 21.09%, Best Test: 21.30%
Epoch: 900, Loss: 0.0446, Train: 22.18%, Valid: 19.91%, Test: 19.93%, Best Valid: 21.32%, Best Test: 21.43%
Epoch: 1000, Loss: 0.0183, Train: 23.44%, Valid: 20.90%, Test: 21.02%, Best Valid: 21.32%, Best Test: 21.43%
Epoch: 1100, Loss: 0.0257, Train: 23.38%, Valid: 20.51%, Test: 20.68%, Best Valid: 21.34%, Best Test: 21.67%
Epoch: 1200, Loss: 0.0135, Train: 22.79%, Valid: 19.91%, Test: 20.97%, Best Valid: 21.34%, Best Test: 21.67%
Epoch: 1300, Loss: 0.0117, Train: 24.15%, Valid: 20.71%, Test: 21.44%, Best Valid: 21.34%, Best Test: 21.67%
Epoch: 1400, Loss: 0.0109, Train: 23.78%, Valid: 21.11%, Test: 22.08%, Best Valid: 21.34%, Best Test: 21.67%
Epoch: 1500, Loss: 0.0208, Train: 23.97%, Valid: 21.08%, Test: 21.71%, Best Valid: 21.34%, Best Test: 21.67%
Epoch: 1600, Loss: 0.0218, Train: 24.38%, Valid: 21.22%, Test: 21.85%, Best Valid: 21.78%, Best Test: 21.48%
Epoch: 1700, Loss: 0.0071, Train: 24.23%, Valid: 21.61%, Test: 22.13%, Best Valid: 22.07%, Best Test: 22.47%
Epoch: 1800, Loss: 0.0021, Train: 23.73%, Valid: 20.05%, Test: 21.37%, Best Valid: 22.07%, Best Test: 22.47%
Epoch: 1900, Loss: 0.0323, Train: 24.00%, Valid: 20.49%, Test: 21.64%, Best Valid: 22.07%, Best Test: 22.47%
Epoch: 2000, Loss: 0.0159, Train: 23.93%, Valid: 21.06%, Test: 21.78%, Best Valid: 22.07%, Best Test: 22.47%
Epoch: 2100, Loss: 0.0137, Train: 24.50%, Valid: 21.39%, Test: 22.45%, Best Valid: 22.07%, Best Test: 22.47%
Epoch: 2200, Loss: 0.0108, Train: 24.20%, Valid: 20.79%, Test: 21.27%, Best Valid: 22.07%, Best Test: 22.47%
Epoch: 2300, Loss: 0.0144, Train: 23.21%, Valid: 20.16%, Test: 20.44%, Best Valid: 22.07%, Best Test: 22.47%
Epoch: 2400, Loss: 0.0048, Train: 23.72%, Valid: 20.41%, Test: 21.30%, Best Valid: 22.28%, Best Test: 22.68%
Run 01:
Highest Train: 25.51
Highest Valid: 22.28
Highest Test: 23.10
Chosen epoch: 2339
Final Train: 25.30
Final Test: 22.68
Label budget: 20/class -> 360 train nodes
Pre-training MLP for 500 epochs to generate co-occurrence matrix...
MLP pre-training complete. Penalty matrix frozen.
Epoch: 00, Loss: 3.6393, Train: 2.14%, Valid: 2.19%, Test: 1.96%, Best Valid: 2.19%, Best Test: 1.96%
Epoch: 100, Loss: 1.1427, Train: 17.97%, Valid: 16.22%, Test: 16.87%, Best Valid: 16.22%, Best Test: 16.87%
Epoch: 200, Loss: 0.1680, Train: 20.22%, Valid: 17.53%, Test: 18.20%, Best Valid: 18.23%, Best Test: 18.92%
Epoch: 300, Loss: 0.0633, Train: 19.98%, Valid: 16.70%, Test: 17.77%, Best Valid: 18.23%, Best Test: 18.92%
Epoch: 400, Loss: 0.0334, Train: 20.24%, Valid: 17.49%, Test: 17.72%, Best Valid: 18.23%, Best Test: 18.92%
Epoch: 500, Loss: 0.0425, Train: 20.69%, Valid: 17.11%, Test: 17.65%, Best Valid: 18.23%, Best Test: 18.92%
Epoch: 600, Loss: 0.0588, Train: 19.78%, Valid: 16.56%, Test: 17.88%, Best Valid: 18.29%, Best Test: 18.21%
Epoch: 700, Loss: 0.0091, Train: 21.05%, Valid: 18.32%, Test: 18.67%, Best Valid: 18.36%, Best Test: 18.73%
Epoch: 800, Loss: 0.0506, Train: 21.13%, Valid: 18.22%, Test: 19.18%, Best Valid: 18.36%, Best Test: 18.73%
Epoch: 900, Loss: 0.0369, Train: 20.68%, Valid: 18.62%, Test: 18.83%, Best Valid: 18.82%, Best Test: 19.54%
Epoch: 1000, Loss: 0.0102, Train: 20.77%, Valid: 18.55%, Test: 19.41%, Best Valid: 19.19%, Best Test: 19.10%
Epoch: 1100, Loss: 0.0065, Train: 20.83%, Valid: 18.04%, Test: 18.36%, Best Valid: 19.19%, Best Test: 19.10%
Epoch: 1200, Loss: 0.0185, Train: 19.94%, Valid: 18.11%, Test: 17.88%, Best Valid: 19.19%, Best Test: 19.10%
Epoch: 1300, Loss: 0.0374, Train: 20.33%, Valid: 17.63%, Test: 18.14%, Best Valid: 19.19%, Best Test: 19.10%
Epoch: 1400, Loss: 0.0236, Train: 20.74%, Valid: 18.45%, Test: 18.74%, Best Valid: 19.19%, Best Test: 19.10%
Epoch: 1500, Loss: 0.0204, Train: 20.59%, Valid: 18.27%, Test: 18.73%, Best Valid: 19.19%, Best Test: 19.10%
Epoch: 1600, Loss: 0.0121, Train: 21.00%, Valid: 18.66%, Test: 18.48%, Best Valid: 19.19%, Best Test: 19.10%
Epoch: 1700, Loss: 0.0060, Train: 20.57%, Valid: 18.01%, Test: 18.92%, Best Valid: 19.21%, Best Test: 19.06%
Epoch: 1800, Loss: 0.0100, Train: 20.62%, Valid: 18.08%, Test: 18.71%, Best Valid: 19.21%, Best Test: 19.06%
Epoch: 1900, Loss: 0.0121, Train: 20.58%, Valid: 18.06%, Test: 18.99%, Best Valid: 19.21%, Best Test: 19.06%
Epoch: 2000, Loss: 0.0255, Train: 20.29%, Valid: 17.63%, Test: 18.28%, Best Valid: 19.21%, Best Test: 19.06%
Epoch: 2100, Loss: 0.0034, Train: 21.57%, Valid: 18.45%, Test: 19.34%, Best Valid: 19.21%, Best Test: 19.06%
Epoch: 2200, Loss: 0.0126, Train: 20.65%, Valid: 17.63%, Test: 18.50%, Best Valid: 19.21%, Best Test: 19.06%
Epoch: 2300, Loss: 0.0231, Train: 21.70%, Valid: 18.89%, Test: 19.93%, Best Valid: 19.26%, Best Test: 19.84%
Epoch: 2400, Loss: 0.0037, Train: 20.74%, Valid: 18.13%, Test: 18.88%, Best Valid: 19.26%, Best Test: 19.84%
Run 02:
Highest Train: 21.78
Highest Valid: 19.26
Highest Test: 20.47
Chosen epoch: 2232
Final Train: 21.43
Final Test: 19.84
Label budget: 20/class -> 360 train nodes
Pre-training MLP for 500 epochs to generate co-occurrence matrix...
MLP pre-training complete. Penalty matrix frozen.
Epoch: 00, Loss: 3.6232, Train: 6.98%, Valid: 6.35%, Test: 6.48%, Best Valid: 6.35%, Best Test: 6.48%
Epoch: 100, Loss: 0.8901, Train: 16.85%, Valid: 15.39%, Test: 16.47%, Best Valid: 15.76%, Best Test: 16.61%
Epoch: 200, Loss: 0.1353, Train: 18.90%, Valid: 16.42%, Test: 17.35%, Best Valid: 17.48%, Best Test: 17.65%
Epoch: 300, Loss: 0.1022, Train: 18.88%, Valid: 16.03%, Test: 17.38%, Best Valid: 17.48%, Best Test: 17.65%
Epoch: 400, Loss: 0.1002, Train: 20.34%, Valid: 16.89%, Test: 18.09%, Best Valid: 17.88%, Best Test: 18.55%
Epoch: 500, Loss: 0.0532, Train: 19.34%, Valid: 16.61%, Test: 17.38%, Best Valid: 17.88%, Best Test: 18.55%
Epoch: 600, Loss: 0.0322, Train: 19.67%, Valid: 16.01%, Test: 18.14%, Best Valid: 17.88%, Best Test: 18.55%
Epoch: 700, Loss: 0.0270, Train: 19.89%, Valid: 16.98%, Test: 17.70%, Best Valid: 17.88%, Best Test: 18.55%
Epoch: 800, Loss: 0.0177, Train: 19.68%, Valid: 16.86%, Test: 17.79%, Best Valid: 18.22%, Best Test: 19.84%
Epoch: 900, Loss: 0.0150, Train: 19.30%, Valid: 16.15%, Test: 17.03%, Best Valid: 18.22%, Best Test: 19.84%
Epoch: 1000, Loss: 0.0069, Train: 20.25%, Valid: 17.28%, Test: 18.16%, Best Valid: 18.22%, Best Test: 19.84%
Epoch: 1100, Loss: 0.0120, Train: 18.82%, Valid: 15.22%, Test: 16.85%, Best Valid: 18.22%, Best Test: 19.84%
Epoch: 1200, Loss: 0.0320, Train: 20.38%, Valid: 17.55%, Test: 18.57%, Best Valid: 18.22%, Best Test: 19.84%
Epoch: 1300, Loss: 0.0116, Train: 20.34%, Valid: 17.51%, Test: 18.87%, Best Valid: 18.59%, Best Test: 19.29%
Epoch: 1400, Loss: 0.0033, Train: 20.51%, Valid: 17.21%, Test: 18.58%, Best Valid: 18.59%, Best Test: 19.29%
Epoch: 1500, Loss: 0.0039, Train: 19.95%, Valid: 17.11%, Test: 17.83%, Best Valid: 18.59%, Best Test: 19.29%
Epoch: 1600, Loss: 0.0144, Train: 20.38%, Valid: 17.58%, Test: 17.53%, Best Valid: 18.87%, Best Test: 19.38%
Epoch: 1700, Loss: 0.0066, Train: 20.73%, Valid: 17.60%, Test: 18.83%, Best Valid: 18.87%, Best Test: 19.38%
Epoch: 1800, Loss: 0.0056, Train: 20.36%, Valid: 17.18%, Test: 18.57%, Best Valid: 18.87%, Best Test: 19.38%
Epoch: 1900, Loss: 0.0103, Train: 20.90%, Valid: 17.71%, Test: 18.60%, Best Valid: 18.87%, Best Test: 19.38%
Epoch: 2000, Loss: 0.0033, Train: 20.55%, Valid: 17.97%, Test: 18.55%, Best Valid: 18.87%, Best Test: 19.38%
Epoch: 2100, Loss: 0.0279, Train: 20.14%, Valid: 17.62%, Test: 18.04%, Best Valid: 18.87%, Best Test: 19.38%
Epoch: 2200, Loss: 0.0146, Train: 20.24%, Valid: 18.13%, Test: 18.36%, Best Valid: 18.87%, Best Test: 19.38%
Epoch: 2300, Loss: 0.0030, Train: 20.19%, Valid: 18.15%, Test: 18.02%, Best Valid: 18.87%, Best Test: 19.38%
Epoch: 2400, Loss: 0.0055, Train: 20.47%, Valid: 18.08%, Test: 18.90%, Best Valid: 19.01%, Best Test: 18.81%
Run 03:
Highest Train: 21.85
Highest Valid: 19.01
Highest Test: 19.84
Chosen epoch: 2310
Final Train: 20.68
Final Test: 18.81
Label budget: 20/class -> 360 train nodes
Pre-training MLP for 500 epochs to generate co-occurrence matrix...
MLP pre-training complete. Penalty matrix frozen.
Epoch: 00, Loss: 3.6205, Train: 5.55%, Valid: 5.51%, Test: 5.59%, Best Valid: 5.51%, Best Test: 5.59%
Epoch: 100, Loss: 1.0470, Train: 19.22%, Valid: 18.27%, Test: 17.53%, Best Valid: 18.27%, Best Test: 17.53%
Epoch: 200, Loss: 0.1401, Train: 21.45%, Valid: 19.98%, Test: 18.83%, Best Valid: 20.78%, Best Test: 18.96%
Epoch: 300, Loss: 0.0603, Train: 20.26%, Valid: 18.62%, Test: 17.33%, Best Valid: 20.78%, Best Test: 18.96%
Epoch: 400, Loss: 0.0349, Train: 20.03%, Valid: 18.43%, Test: 17.61%, Best Valid: 20.78%, Best Test: 18.96%
Epoch: 500, Loss: 0.0379, Train: 20.98%, Valid: 19.74%, Test: 17.90%, Best Valid: 20.78%, Best Test: 18.96%
Epoch: 600, Loss: 0.0135, Train: 21.24%, Valid: 19.79%, Test: 19.45%, Best Valid: 20.78%, Best Test: 18.96%
Epoch: 700, Loss: 0.0336, Train: 21.70%, Valid: 19.93%, Test: 18.46%, Best Valid: 20.81%, Best Test: 19.10%
Epoch: 800, Loss: 0.0085, Train: 20.73%, Valid: 19.36%, Test: 17.47%, Best Valid: 20.81%, Best Test: 19.10%
Epoch: 900, Loss: 0.0531, Train: 21.60%, Valid: 20.11%, Test: 18.58%, Best Valid: 20.81%, Best Test: 19.10%
Epoch: 1000, Loss: 0.0089, Train: 20.88%, Valid: 19.82%, Test: 18.21%, Best Valid: 20.81%, Best Test: 19.10%
Epoch: 1100, Loss: 0.0103, Train: 21.62%, Valid: 19.79%, Test: 17.98%, Best Valid: 20.81%, Best Test: 19.10%
Epoch: 1200, Loss: 0.0204, Train: 21.03%, Valid: 19.29%, Test: 18.34%, Best Valid: 21.39%, Best Test: 19.82%
Epoch: 1300, Loss: 0.0398, Train: 21.75%, Valid: 19.38%, Test: 18.57%, Best Valid: 21.39%, Best Test: 19.82%
Epoch: 1400, Loss: 0.0042, Train: 22.09%, Valid: 20.37%, Test: 19.15%, Best Valid: 21.39%, Best Test: 19.82%
Epoch: 1500, Loss: 0.0024, Train: 21.69%, Valid: 19.81%, Test: 18.80%, Best Valid: 21.39%, Best Test: 19.82%
Epoch: 1600, Loss: 0.0044, Train: 21.87%, Valid: 20.07%, Test: 18.11%, Best Valid: 21.39%, Best Test: 19.82%
Epoch: 1700, Loss: 0.0363, Train: 22.40%, Valid: 20.65%, Test: 19.36%, Best Valid: 21.39%, Best Test: 19.82%
Epoch: 1800, Loss: 0.0055, Train: 21.35%, Valid: 19.77%, Test: 18.39%, Best Valid: 21.41%, Best Test: 19.64%
Epoch: 1900, Loss: 0.0029, Train: 22.35%, Valid: 20.37%, Test: 19.63%, Best Valid: 21.41%, Best Test: 19.64%
Epoch: 2000, Loss: 0.0080, Train: 23.03%, Valid: 21.80%, Test: 20.93%, Best Valid: 21.94%, Best Test: 20.95%
Epoch: 2100, Loss: 0.0277, Train: 21.89%, Valid: 20.19%, Test: 19.36%, Best Valid: 21.96%, Best Test: 20.93%
Epoch: 2200, Loss: 0.0044, Train: 22.24%, Valid: 20.42%, Test: 18.94%, Best Valid: 21.96%, Best Test: 20.93%
Epoch: 2300, Loss: 0.0374, Train: 20.85%, Valid: 19.47%, Test: 17.83%, Best Valid: 21.96%, Best Test: 20.93%
Epoch: 2400, Loss: 0.0036, Train: 21.77%, Valid: 19.91%, Test: 18.81%, Best Valid: 21.96%, Best Test: 20.93%
Run 04:
Highest Train: 23.11
Highest Valid: 21.96
Highest Test: 21.41
Chosen epoch: 2003
Final Train: 23.02
Final Test: 20.93
Label budget: 20/class -> 360 train nodes
Pre-training MLP for 500 epochs to generate co-occurrence matrix...
MLP pre-training complete. Penalty matrix frozen.
Epoch: 00, Loss: 3.6815, Train: 3.76%, Valid: 3.76%, Test: 3.76%, Best Valid: 3.76%, Best Test: 3.76%
Epoch: 100, Loss: 1.0189, Train: 20.93%, Valid: 18.80%, Test: 17.83%, Best Valid: 19.54%, Best Test: 18.90%
Epoch: 200, Loss: 0.1415, Train: 21.96%, Valid: 19.14%, Test: 18.94%, Best Valid: 20.12%, Best Test: 19.36%
Epoch: 300, Loss: 0.0912, Train: 21.76%, Valid: 18.94%, Test: 19.03%, Best Valid: 20.12%, Best Test: 19.36%
Epoch: 400, Loss: 0.0345, Train: 21.49%, Valid: 18.43%, Test: 18.58%, Best Valid: 20.12%, Best Test: 19.36%
Epoch: 500, Loss: 0.0358, Train: 22.31%, Valid: 20.14%, Test: 19.87%, Best Valid: 20.32%, Best Test: 19.78%
Epoch: 600, Loss: 0.0530, Train: 21.79%, Valid: 19.06%, Test: 18.74%, Best Valid: 20.88%, Best Test: 20.74%
Epoch: 700, Loss: 0.0630, Train: 21.87%, Valid: 19.24%, Test: 18.90%, Best Valid: 21.06%, Best Test: 19.89%
Epoch: 800, Loss: 0.0450, Train: 22.01%, Valid: 19.28%, Test: 19.66%, Best Valid: 21.06%, Best Test: 19.89%
Epoch: 900, Loss: 0.0130, Train: 23.07%, Valid: 20.83%, Test: 20.58%, Best Valid: 21.25%, Best Test: 20.19%
Epoch: 1000, Loss: 0.0100, Train: 22.02%, Valid: 19.17%, Test: 19.10%, Best Valid: 21.25%, Best Test: 20.19%
Epoch: 1100, Loss: 0.0122, Train: 21.85%, Valid: 19.79%, Test: 18.32%, Best Valid: 21.25%, Best Test: 20.19%
Epoch: 1200, Loss: 0.0248, Train: 21.42%, Valid: 19.31%, Test: 18.83%, Best Valid: 21.73%, Best Test: 20.51%
Epoch: 1300, Loss: 0.0121, Train: 21.83%, Valid: 19.77%, Test: 18.96%, Best Valid: 21.73%, Best Test: 20.51%
Epoch: 1400, Loss: 0.0154, Train: 22.71%, Valid: 20.74%, Test: 19.70%, Best Valid: 21.73%, Best Test: 20.51%
Epoch: 1500, Loss: 0.0090, Train: 21.40%, Valid: 18.98%, Test: 18.60%, Best Valid: 21.80%, Best Test: 21.04%
Epoch: 1600, Loss: 0.0137, Train: 22.82%, Valid: 20.25%, Test: 19.86%, Best Valid: 21.80%, Best Test: 21.04%
Epoch: 1700, Loss: 0.0106, Train: 21.97%, Valid: 20.21%, Test: 19.08%, Best Valid: 21.80%, Best Test: 21.04%
Epoch: 1800, Loss: 0.0470, Train: 23.70%, Valid: 21.55%, Test: 20.77%, Best Valid: 21.87%, Best Test: 20.97%
Epoch: 1900, Loss: 0.0010, Train: 23.16%, Valid: 21.29%, Test: 20.38%, Best Valid: 21.87%, Best Test: 20.97%
Epoch: 2000, Loss: 0.0267, Train: 22.64%, Valid: 20.23%, Test: 19.80%, Best Valid: 21.87%, Best Test: 20.97%
Epoch: 2100, Loss: 0.0123, Train: 23.67%, Valid: 22.08%, Test: 20.37%, Best Valid: 22.28%, Best Test: 20.38%
Epoch: 2200, Loss: 0.0387, Train: 22.34%, Valid: 20.30%, Test: 20.17%, Best Valid: 22.28%, Best Test: 20.38%
Epoch: 2300, Loss: 0.0344, Train: 22.85%, Valid: 20.56%, Test: 20.19%, Best Valid: 22.28%, Best Test: 20.38%
Epoch: 2400, Loss: 0.0097, Train: 23.11%, Valid: 20.83%, Test: 19.94%, Best Valid: 22.28%, Best Test: 20.38%
Run 05:
Highest Train: 24.26
Highest Valid: 22.28
Highest Test: 21.69
Chosen epoch: 2095
Final Train: 23.92
Final Test: 20.38
Label budget: 20/class -> 360 train nodes
Pre-training MLP for 500 epochs to generate co-occurrence matrix...
MLP pre-training complete. Penalty matrix frozen.
Epoch: 00, Loss: 3.5703, Train: 2.52%, Valid: 2.44%, Test: 2.42%, Best Valid: 2.44%, Best Test: 2.42%
Epoch: 100, Loss: 0.9258, Train: 18.82%, Valid: 16.61%, Test: 16.77%, Best Valid: 18.01%, Best Test: 17.58%
Epoch: 200, Loss: 0.1463, Train: 21.57%, Valid: 18.61%, Test: 18.21%, Best Valid: 19.38%, Best Test: 18.13%
Epoch: 300, Loss: 0.0980, Train: 19.79%, Valid: 17.42%, Test: 18.28%, Best Valid: 19.51%, Best Test: 18.78%
Epoch: 400, Loss: 0.0386, Train: 20.87%, Valid: 18.92%, Test: 18.36%, Best Valid: 19.65%, Best Test: 19.57%
Epoch: 500, Loss: 0.0284, Train: 20.47%, Valid: 18.29%, Test: 17.68%, Best Valid: 19.66%, Best Test: 18.81%
Epoch: 600, Loss: 0.0730, Train: 21.42%, Valid: 19.26%, Test: 18.48%, Best Valid: 19.74%, Best Test: 18.85%
Epoch: 700, Loss: 0.0163, Train: 20.81%, Valid: 18.20%, Test: 17.77%, Best Valid: 19.74%, Best Test: 18.85%
Epoch: 800, Loss: 0.0229, Train: 20.68%, Valid: 17.71%, Test: 18.04%, Best Valid: 19.93%, Best Test: 19.18%
Epoch: 900, Loss: 0.0157, Train: 20.59%, Valid: 19.01%, Test: 18.06%, Best Valid: 19.96%, Best Test: 18.57%
Epoch: 1000, Loss: 0.0047, Train: 21.38%, Valid: 18.66%, Test: 18.39%, Best Valid: 19.96%, Best Test: 18.57%
Epoch: 1100, Loss: 0.0066, Train: 21.35%, Valid: 18.53%, Test: 18.69%, Best Valid: 19.96%, Best Test: 18.57%
Epoch: 1200, Loss: 0.0098, Train: 21.43%, Valid: 19.35%, Test: 18.44%, Best Valid: 19.96%, Best Test: 18.57%
Epoch: 1300, Loss: 0.0275, Train: 20.54%, Valid: 18.06%, Test: 17.91%, Best Valid: 20.48%, Best Test: 20.51%
Epoch: 1400, Loss: 0.0056, Train: 21.77%, Valid: 19.66%, Test: 19.03%, Best Valid: 20.48%, Best Test: 20.51%
Epoch: 1500, Loss: 0.0414, Train: 21.51%, Valid: 18.57%, Test: 18.92%, Best Valid: 20.48%, Best Test: 20.51%
Epoch: 1600, Loss: 0.0111, Train: 21.92%, Valid: 19.19%, Test: 19.38%, Best Valid: 20.48%, Best Test: 20.51%
Epoch: 1700, Loss: 0.0042, Train: 20.56%, Valid: 18.08%, Test: 18.09%, Best Valid: 20.48%, Best Test: 20.51%
Epoch: 1800, Loss: 0.0037, Train: 20.72%, Valid: 18.46%, Test: 17.76%, Best Valid: 20.48%, Best Test: 20.51%
Epoch: 1900, Loss: 0.0113, Train: 21.65%, Valid: 19.21%, Test: 19.17%, Best Valid: 20.48%, Best Test: 20.51%
Epoch: 2000, Loss: 0.0056, Train: 21.04%, Valid: 18.69%, Test: 18.64%, Best Valid: 20.48%, Best Test: 20.51%
Epoch: 2100, Loss: 0.0017, Train: 21.42%, Valid: 19.59%, Test: 19.08%, Best Valid: 20.48%, Best Test: 20.51%
Epoch: 2200, Loss: 0.0017, Train: 21.83%, Valid: 19.21%, Test: 19.50%, Best Valid: 20.48%, Best Test: 20.51%
Epoch: 2300, Loss: 0.0034, Train: 21.45%, Valid: 19.05%, Test: 18.78%, Best Valid: 20.48%, Best Test: 20.51%
Epoch: 2400, Loss: 0.0133, Train: 19.87%, Valid: 17.56%, Test: 17.86%, Best Valid: 20.48%, Best Test: 20.51%
Run 06:
Highest Train: 22.54
Highest Valid: 20.48
Highest Test: 20.51
Chosen epoch: 1269
Final Train: 22.20
Final Test: 20.51
Label budget: 20/class -> 360 train nodes
Pre-training MLP for 500 epochs to generate co-occurrence matrix...
MLP pre-training complete. Penalty matrix frozen.
Epoch: 00, Loss: 3.6444, Train: 11.05%, Valid: 11.03%, Test: 11.05%, Best Valid: 11.03%, Best Test: 11.05%
Epoch: 100, Loss: 1.1196, Train: 14.65%, Valid: 13.65%, Test: 14.72%, Best Valid: 13.89%, Best Test: 14.28%
Epoch: 200, Loss: 0.2166, Train: 18.77%, Valid: 15.98%, Test: 16.40%, Best Valid: 18.23%, Best Test: 17.72%
Epoch: 300, Loss: 0.1181, Train: 21.02%, Valid: 17.79%, Test: 18.87%, Best Valid: 18.52%, Best Test: 19.36%
Epoch: 400, Loss: 0.0551, Train: 21.11%, Valid: 17.79%, Test: 18.76%, Best Valid: 18.99%, Best Test: 19.48%
Epoch: 500, Loss: 0.0584, Train: 20.47%, Valid: 17.48%, Test: 18.43%, Best Valid: 19.49%, Best Test: 20.67%
Epoch: 600, Loss: 0.0363, Train: 20.73%, Valid: 18.57%, Test: 19.04%, Best Valid: 19.49%, Best Test: 20.67%
Epoch: 700, Loss: 0.0273, Train: 21.03%, Valid: 18.32%, Test: 18.88%, Best Valid: 19.49%, Best Test: 20.67%
Epoch: 800, Loss: 0.0121, Train: 20.93%, Valid: 17.93%, Test: 18.57%, Best Valid: 20.07%, Best Test: 20.93%
Epoch: 900, Loss: 0.0376, Train: 21.07%, Valid: 17.55%, Test: 18.37%, Best Valid: 20.07%, Best Test: 20.93%
Epoch: 1000, Loss: 0.0176, Train: 20.77%, Valid: 17.56%, Test: 18.71%, Best Valid: 20.07%, Best Test: 20.93%
Epoch: 1100, Loss: 0.0074, Train: 22.12%, Valid: 19.22%, Test: 20.17%, Best Valid: 20.07%, Best Test: 20.93%
Epoch: 1200, Loss: 0.0092, Train: 20.73%, Valid: 17.58%, Test: 18.80%, Best Valid: 20.07%, Best Test: 20.93%
Epoch: 1300, Loss: 0.0291, Train: 21.14%, Valid: 18.22%, Test: 18.81%, Best Valid: 20.07%, Best Test: 20.93%
Epoch: 1400, Loss: 0.0046, Train: 21.67%, Valid: 18.22%, Test: 19.10%, Best Valid: 20.07%, Best Test: 20.93%
Epoch: 1500, Loss: 0.0137, Train: 21.07%, Valid: 18.20%, Test: 18.83%, Best Valid: 20.07%, Best Test: 20.93%
Epoch: 1600, Loss: 0.0031, Train: 21.81%, Valid: 18.75%, Test: 19.48%, Best Valid: 20.07%, Best Test: 20.93%
Epoch: 1700, Loss: 0.0062, Train: 21.15%, Valid: 17.90%, Test: 18.55%, Best Valid: 20.07%, Best Test: 20.93%
Epoch: 1800, Loss: 0.0106, Train: 20.93%, Valid: 18.22%, Test: 18.83%, Best Valid: 20.07%, Best Test: 20.93%
Epoch: 1900, Loss: 0.0133, Train: 23.07%, Valid: 19.95%, Test: 20.77%, Best Valid: 20.07%, Best Test: 20.93%
Epoch: 2000, Loss: 0.0115, Train: 22.22%, Valid: 19.24%, Test: 20.26%, Best Valid: 20.07%, Best Test: 20.93%
Epoch: 2100, Loss: 0.0540, Train: 21.94%, Valid: 19.40%, Test: 20.07%, Best Valid: 20.07%, Best Test: 20.93%
Epoch: 2200, Loss: 0.0044, Train: 21.12%, Valid: 18.09%, Test: 19.18%, Best Valid: 20.07%, Best Test: 20.93%
Epoch: 2300, Loss: 0.0020, Train: 22.80%, Valid: 20.53%, Test: 20.86%, Best Valid: 20.53%, Best Test: 20.86%
Epoch: 2400, Loss: 0.0240, Train: 21.65%, Valid: 18.80%, Test: 19.77%, Best Valid: 20.71%, Best Test: 21.23%
Run 07:
Highest Train: 23.78
Highest Valid: 20.71
Highest Test: 21.51
Chosen epoch: 2340
Final Train: 23.70
Final Test: 21.23
Label budget: 20/class -> 360 train nodes
Pre-training MLP for 500 epochs to generate co-occurrence matrix...
MLP pre-training complete. Penalty matrix frozen.
Epoch: 00, Loss: 3.6381, Train: 3.47%, Valid: 3.50%, Test: 3.44%, Best Valid: 3.50%, Best Test: 3.44%
Epoch: 100, Loss: 0.9833, Train: 18.41%, Valid: 16.75%, Test: 17.21%, Best Valid: 17.90%, Best Test: 18.28%
Epoch: 200, Loss: 0.1272, Train: 21.19%, Valid: 19.05%, Test: 19.24%, Best Valid: 19.26%, Best Test: 19.59%
Epoch: 300, Loss: 0.0367, Train: 20.85%, Valid: 18.09%, Test: 18.69%, Best Valid: 19.52%, Best Test: 19.56%
Epoch: 400, Loss: 0.0499, Train: 21.29%, Valid: 18.69%, Test: 19.27%, Best Valid: 20.09%, Best Test: 20.53%
Epoch: 500, Loss: 0.0520, Train: 20.85%, Valid: 18.91%, Test: 19.82%, Best Valid: 20.41%, Best Test: 20.76%
Epoch: 600, Loss: 0.0287, Train: 21.26%, Valid: 19.28%, Test: 19.70%, Best Valid: 20.92%, Best Test: 19.86%
Epoch: 700, Loss: 0.0186, Train: 21.90%, Valid: 20.16%, Test: 20.30%, Best Valid: 20.92%, Best Test: 19.86%
Epoch: 800, Loss: 0.0203, Train: 23.01%, Valid: 20.41%, Test: 20.72%, Best Valid: 20.92%, Best Test: 19.86%
Epoch: 900, Loss: 0.0055, Train: 22.20%, Valid: 19.70%, Test: 20.03%, Best Valid: 20.92%, Best Test: 19.86%
Epoch: 1000, Loss: 0.0363, Train: 22.62%, Valid: 20.25%, Test: 20.77%, Best Valid: 21.34%, Best Test: 21.50%
Epoch: 1100, Loss: 0.0118, Train: 22.15%, Valid: 19.68%, Test: 20.17%, Best Valid: 21.34%, Best Test: 21.50%
Epoch: 1200, Loss: 0.0434, Train: 22.76%, Valid: 21.25%, Test: 21.09%, Best Valid: 21.36%, Best Test: 21.28%
Epoch: 1300, Loss: 0.0263, Train: 22.62%, Valid: 20.51%, Test: 21.13%, Best Valid: 21.36%, Best Test: 21.28%
Epoch: 1400, Loss: 0.0047, Train: 23.10%, Valid: 20.07%, Test: 21.00%, Best Valid: 21.36%, Best Test: 21.28%
Epoch: 1500, Loss: 0.0172, Train: 22.60%, Valid: 19.35%, Test: 20.72%, Best Valid: 21.57%, Best Test: 21.44%
Epoch: 1600, Loss: 0.0024, Train: 22.92%, Valid: 19.95%, Test: 20.56%, Best Valid: 21.57%, Best Test: 21.44%
Epoch: 1700, Loss: 0.0277, Train: 23.59%, Valid: 20.76%, Test: 21.53%, Best Valid: 21.57%, Best Test: 21.44%
Epoch: 1800, Loss: 0.0084, Train: 23.43%, Valid: 21.09%, Test: 21.11%, Best Valid: 22.14%, Best Test: 21.53%
Epoch: 1900, Loss: 0.0022, Train: 22.90%, Valid: 20.48%, Test: 20.84%, Best Valid: 22.14%, Best Test: 21.53%
Epoch: 2000, Loss: 0.0012, Train: 22.46%, Valid: 19.38%, Test: 20.68%, Best Valid: 22.14%, Best Test: 21.53%
Epoch: 2100, Loss: 0.0037, Train: 23.13%, Valid: 20.32%, Test: 21.07%, Best Valid: 22.14%, Best Test: 21.53%
Epoch: 2200, Loss: 0.0053, Train: 22.57%, Valid: 20.00%, Test: 20.79%, Best Valid: 22.14%, Best Test: 21.53%
Epoch: 2300, Loss: 0.0341, Train: 23.37%, Valid: 21.02%, Test: 21.94%, Best Valid: 22.14%, Best Test: 21.53%
Epoch: 2400, Loss: 0.0030, Train: 23.44%, Valid: 20.86%, Test: 21.64%, Best Valid: 22.14%, Best Test: 21.53%
Run 08:
Highest Train: 24.08
Highest Valid: 22.14
Highest Test: 23.05
Chosen epoch: 1771
Final Train: 23.95
Final Test: 21.53
Label budget: 20/class -> 360 train nodes
Pre-training MLP for 500 epochs to generate co-occurrence matrix...
MLP pre-training complete. Penalty matrix frozen.
Epoch: 00, Loss: 3.6709, Train: 13.30%, Valid: 13.31%, Test: 13.38%, Best Valid: 13.31%, Best Test: 13.38%
Epoch: 100, Loss: 0.9586, Train: 20.54%, Valid: 18.11%, Test: 17.72%, Best Valid: 18.11%, Best Test: 17.72%
Epoch: 200, Loss: 0.2176, Train: 20.09%, Valid: 17.23%, Test: 16.94%, Best Valid: 18.64%, Best Test: 17.83%
Epoch: 300, Loss: 0.1034, Train: 20.95%, Valid: 17.35%, Test: 17.40%, Best Valid: 18.64%, Best Test: 17.83%
Epoch: 400, Loss: 0.0707, Train: 20.92%, Valid: 16.93%, Test: 17.68%, Best Valid: 18.73%, Best Test: 18.41%
Epoch: 500, Loss: 0.0402, Train: 21.34%, Valid: 18.09%, Test: 18.67%, Best Valid: 19.01%, Best Test: 18.36%
Epoch: 600, Loss: 0.0206, Train: 21.63%, Valid: 18.09%, Test: 18.28%, Best Valid: 19.06%, Best Test: 18.60%
Epoch: 700, Loss: 0.0094, Train: 20.34%, Valid: 17.51%, Test: 17.33%, Best Valid: 19.06%, Best Test: 18.60%
Epoch: 800, Loss: 0.0246, Train: 20.54%, Valid: 17.67%, Test: 17.77%, Best Valid: 19.06%, Best Test: 18.60%
Epoch: 900, Loss: 0.0148, Train: 21.70%, Valid: 18.16%, Test: 18.58%, Best Valid: 19.06%, Best Test: 18.60%
Epoch: 1000, Loss: 0.0274, Train: 21.28%, Valid: 17.78%, Test: 18.20%, Best Valid: 19.42%, Best Test: 19.50%
Epoch: 1100, Loss: 0.0116, Train: 21.31%, Valid: 18.64%, Test: 18.41%, Best Valid: 19.42%, Best Test: 19.50%
Epoch: 1200, Loss: 0.0116, Train: 21.15%, Valid: 18.39%, Test: 19.15%, Best Valid: 19.42%, Best Test: 19.50%
Epoch: 1300, Loss: 0.0224, Train: 21.94%, Valid: 18.59%, Test: 18.46%, Best Valid: 19.42%, Best Test: 19.50%
Epoch: 1400, Loss: 0.0048, Train: 22.02%, Valid: 18.71%, Test: 18.57%, Best Valid: 19.42%, Best Test: 19.50%
Epoch: 1500, Loss: 0.0061, Train: 21.37%, Valid: 18.31%, Test: 18.69%, Best Valid: 19.42%, Best Test: 19.50%
Epoch: 1600, Loss: 0.0052, Train: 22.51%, Valid: 18.73%, Test: 19.06%, Best Valid: 19.63%, Best Test: 19.66%
Epoch: 1700, Loss: 0.0111, Train: 22.58%, Valid: 18.82%, Test: 19.27%, Best Valid: 19.63%, Best Test: 19.66%
Epoch: 1800, Loss: 0.0369, Train: 23.20%, Valid: 20.00%, Test: 20.46%, Best Valid: 20.04%, Best Test: 20.46%
Epoch: 1900, Loss: 0.0040, Train: 21.85%, Valid: 18.80%, Test: 19.52%, Best Valid: 20.12%, Best Test: 20.49%
Epoch: 2000, Loss: 0.0053, Train: 21.96%, Valid: 18.91%, Test: 19.24%, Best Valid: 20.12%, Best Test: 20.49%
Epoch: 2100, Loss: 0.0193, Train: 22.56%, Valid: 18.85%, Test: 19.66%, Best Valid: 20.12%, Best Test: 20.49%
Epoch: 2200, Loss: 0.0318, Train: 21.62%, Valid: 18.23%, Test: 18.85%, Best Valid: 20.12%, Best Test: 20.49%
Epoch: 2300, Loss: 0.0313, Train: 21.47%, Valid: 18.25%, Test: 18.96%, Best Valid: 20.12%, Best Test: 20.49%
Epoch: 2400, Loss: 0.0463, Train: 21.11%, Valid: 17.88%, Test: 18.44%, Best Valid: 20.12%, Best Test: 20.49%
Run 09:
Highest Train: 23.29
Highest Valid: 20.12
Highest Test: 20.49
Chosen epoch: 1801
Final Train: 23.19
Final Test: 20.49
Label budget: 20/class -> 360 train nodes
Pre-training MLP for 500 epochs to generate co-occurrence matrix...
MLP pre-training complete. Penalty matrix frozen.
Epoch: 00, Loss: 3.6424, Train: 4.07%, Valid: 4.06%, Test: 4.11%, Best Valid: 4.06%, Best Test: 4.11%
Epoch: 100, Loss: 0.9494, Train: 19.54%, Valid: 18.76%, Test: 18.14%, Best Valid: 18.76%, Best Test: 18.14%
Epoch: 200, Loss: 0.2102, Train: 20.45%, Valid: 19.81%, Test: 18.60%, Best Valid: 19.81%, Best Test: 18.60%
Epoch: 300, Loss: 0.1105, Train: 19.54%, Valid: 18.91%, Test: 17.90%, Best Valid: 20.18%, Best Test: 18.81%
Epoch: 400, Loss: 0.0459, Train: 20.14%, Valid: 18.91%, Test: 18.69%, Best Valid: 20.32%, Best Test: 18.80%
Epoch: 500, Loss: 0.0469, Train: 19.65%, Valid: 18.89%, Test: 17.37%, Best Valid: 20.37%, Best Test: 19.04%
Epoch: 600, Loss: 0.0207, Train: 20.40%, Valid: 19.70%, Test: 18.50%, Best Valid: 20.64%, Best Test: 20.07%
Epoch: 700, Loss: 0.0225, Train: 21.40%, Valid: 20.51%, Test: 19.45%, Best Valid: 20.64%, Best Test: 20.07%
Epoch: 800, Loss: 0.0174, Train: 20.62%, Valid: 19.70%, Test: 18.76%, Best Valid: 20.81%, Best Test: 19.10%
Epoch: 900, Loss: 0.0600, Train: 19.78%, Valid: 18.91%, Test: 18.18%, Best Valid: 21.24%, Best Test: 20.31%
Epoch: 1000, Loss: 0.0356, Train: 21.68%, Valid: 21.27%, Test: 20.49%, Best Valid: 21.68%, Best Test: 20.81%
Epoch: 1100, Loss: 0.0070, Train: 20.53%, Valid: 20.05%, Test: 19.24%, Best Valid: 21.68%, Best Test: 20.81%
Epoch: 1200, Loss: 0.0172, Train: 21.03%, Valid: 19.96%, Test: 19.52%, Best Valid: 21.68%, Best Test: 20.81%
Epoch: 1300, Loss: 0.0076, Train: 20.59%, Valid: 20.04%, Test: 18.74%, Best Valid: 22.17%, Best Test: 20.19%
Epoch: 1400, Loss: 0.0156, Train: 21.75%, Valid: 20.79%, Test: 20.30%, Best Valid: 22.17%, Best Test: 20.19%
Epoch: 1500, Loss: 0.0175, Train: 21.34%, Valid: 20.18%, Test: 19.75%, Best Valid: 22.17%, Best Test: 20.19%
Epoch: 1600, Loss: 0.0102, Train: 21.17%, Valid: 20.19%, Test: 18.96%, Best Valid: 22.17%, Best Test: 20.19%
Epoch: 1700, Loss: 0.0136, Train: 20.75%, Valid: 19.49%, Test: 18.73%, Best Valid: 22.17%, Best Test: 20.19%
Epoch: 1800, Loss: 0.0285, Train: 21.73%, Valid: 20.51%, Test: 19.22%, Best Valid: 22.17%, Best Test: 20.19%
Epoch: 1900, Loss: 0.0009, Train: 21.29%, Valid: 20.65%, Test: 19.01%, Best Valid: 22.17%, Best Test: 20.19%
Epoch: 2000, Loss: 0.0138, Train: 20.65%, Valid: 19.54%, Test: 18.51%, Best Valid: 22.17%, Best Test: 20.19%
Epoch: 2100, Loss: 0.0222, Train: 21.11%, Valid: 19.72%, Test: 18.85%, Best Valid: 22.17%, Best Test: 20.19%
Epoch: 2200, Loss: 0.0392, Train: 21.22%, Valid: 19.14%, Test: 19.11%, Best Valid: 22.17%, Best Test: 20.19%
Epoch: 2300, Loss: 0.0024, Train: 21.45%, Valid: 20.35%, Test: 19.64%, Best Valid: 22.17%, Best Test: 20.19%
Epoch: 2400, Loss: 0.0020, Train: 21.97%, Valid: 21.73%, Test: 20.26%, Best Valid: 22.17%, Best Test: 20.19%
Run 10:
Highest Train: 23.04
Highest Valid: 22.38
Highest Test: 20.98
Chosen epoch: 2407
Final Train: 22.67
Final Test: 20.90
All runs:
Highest Train: 23.32 ± 1.14
Highest Test: 21.31 ± 1.09
Highest Valid: 21.06 ± 1.31
  Final Train: 23.01 ± 1.34
   Final Test: 20.73 ± 1.03
Saving results to results/lowlabel/roman-empire/MPNN_gcn.csv
--- mlp_reg | lambda=0.4 ---
