Wed Sep  2 05:46:40 2026       
+-----------------------------------------------------------------------------------------+
| NVIDIA-SMI 580.159.04             Driver Version: 580.159.04     CUDA Version: 13.0     |
+-----------------------------------------+------------------------+----------------------+
| GPU  Name                 Persistence-M | Bus-Id          Disp.A | Volatile Uncorr. ECC |
| Fan  Temp   Perf          Pwr:Usage/Cap |           Memory-Usage | GPU-Util  Compute M. |
|                                         |                        |               MIG M. |
|=========================================+========================+======================|
|   0  NVIDIA A100-SXM4-80GB          On  |   00000000:01:00.0 Off |                   On |
| N/A   40C    P0            146W /  500W |   16615MiB /  81920MiB |     N/A      Default |
|                                         |                        |              Enabled |
+-----------------------------------------+------------------------+----------------------+
|   1  NVIDIA A100-SXM4-80GB          On  |   00000000:41:00.0 Off |                   On |
| N/A   36C    P0            136W /  500W |    3745MiB /  81920MiB |     N/A      Default |
|                                         |                        |              Enabled |
+-----------------------------------------+------------------------+----------------------+
|   2  NVIDIA A100-SXM4-80GB          On  |   00000000:81:00.0 Off |                   On |
| N/A   39C    P0            136W /  500W |    4391MiB /  81920MiB |     N/A      Default |
|                                         |                        |              Enabled |
+-----------------------------------------+------------------------+----------------------+
|   3  NVIDIA A100-SXM4-80GB          On  |   00000000:C1:00.0 Off |                   On |
| N/A   31C    P0             54W /  500W |     249MiB /  81920MiB |     N/A      Default |
|                                         |                        |              Enabled |
+-----------------------------------------+------------------------+----------------------+

+-----------------------------------------------------------------------------------------+
| MIG devices:                                                                            |
+------------------+----------------------------------+-----------+-----------------------+
| GPU  GI  CI  MIG |              Shared Memory-Usage |        Vol|        Shared         |
|      ID  ID  Dev |                Shared BAR1-Usage | SM     Unc| CE ENC  DEC  OFA  JPG |
|                  |                                  |        ECC|                       |
|==================+==================================+===========+=======================|
|  3    5   0   0  |              71MiB / 19968MiB    | 28      0 |  2   0    1    0    0 |
|                  |               0MiB / 12271MiB    |           |                       |
+------------------+----------------------------------+-----------+-----------------------+

+-----------------------------------------------------------------------------------------+
| Processes:                                                                              |
|  GPU   GI   CI              PID   Type   Process name                        GPU Memory |
|        ID   ID                                                               Usage      |
|=========================================================================================|
|    0    5    0           153493      C   python                                16358MiB |
|    1    5    0           145052      C   python                                 3488MiB |
|    2    3    0           152330      C   python                                 4134MiB |
+-----------------------------------------------------------------------------------------+
Control cell: amazon-computer / polynormer / budget 20 per class / shuffle -> results/lowlabel
python main.py --model polynormer --dataset amazon-computer --hidden_channels 64 --local_epochs 200 --global_epochs 1000 --lr 0.001 --runs 10 --local_layers 5 --global_layers 1 --weight_decay 5e-5 --dropout 0.7 --in_dropout 0.2 --num_heads 8 --save_model --device 0 --model_dir models/lowlabel_ctrl_1214890_60 --train_per_class 20  --budget_tag 20
==========================================================
Low-label sweep: python main.py --model polynormer --dataset amazon-computer --hidden_channels 64 --local_epochs 200 --global_epochs 1000 --lr 0.001 --runs 10 --local_layers 5 --global_layers 1 --weight_decay 5e-5 --dropout 0.7 --in_dropout 0.2 --num_heads 8 --save_model --device 0 --model_dir models/lowlabel_ctrl_1214890_60 --train_per_class 20  --budget_tag 20
result_dir=../results/lowlabel conditions=[shuffle]
==========================================================
--- mlp_reg/shuffle placebo | lambda=0.01 ---
Namespace(aggregate='add', alpha=0.5, attention='gcn', beta=-1.0, bn=False, budget_tag='20', count_reg=False, count_smoothing=1.0, cpu=False, data_dir='../data/', dataset='amazon-computer', device=0, dim_inner=64, display_step=100, dropout=0.7, epochs=500, global_dropout=None, global_epochs=1000, global_layers=1, gnn='gcn', graph_weight=0.8, hidden_channels=64, hops=10, in_dropout=0.2, jk=False, label_num_per_class=20, lambda_val=0.01, layers=1, ln=False, local_epochs=200, local_gnn_type='GCN', local_layers=5, lr=0.001, metric='acc', mlp_epochs=500, mlp_reg=True, model='polynormer', model_dir='models/lowlabel_ctrl_1214890_60', n_heads=8, num_centroids=4096, num_heads=8, oracle_reg=False, paired_seeds=True, pe_types='RWSE', penalty_transform='shuffle', pre_linear=False, pre_ln=False, rand_split=False, rand_split_class=False, reg_start_epoch=10, reg_update_freq=5, res=False, resample_split_per_run=False, result_dir='../results/lowlabel', runs=10, save_model=True, save_result=False, seed=42, test_num=1000, tr_dropout=None, tr_layers=1, tr_weight_decay=None, train_per_class=20, train_prop=0.5, use_act=False, use_bn=False, use_graph=False, use_reg=True, use_residual=False, use_weight=False, valid_num=500, valid_per_class=0, valid_prop=0.25, weight_decay=5e-05)
amazon-computer
dataset amazon-computer | num nodes 13752 | num edge 491722 | num node feats 767 | num classes 10
MODEL: Polynormer(
  (h_lins): ModuleList(
    (0): Linear(in_features=512, out_features=512, bias=True)
    (1): Linear(in_features=512, out_features=512, bias=True)
    (2): Linear(in_features=512, out_features=512, bias=True)
    (3): Linear(in_features=512, out_features=512, bias=True)
    (4): Linear(in_features=512, out_features=512, bias=True)
  )
  (local_convs): ModuleList(
    (0): GATConv(512, 64, heads=8)
    (1): GATConv(512, 64, heads=8)
    (2): GATConv(512, 64, heads=8)
    (3): GATConv(512, 64, heads=8)
    (4): GATConv(512, 64, heads=8)
  )
  (lins): ModuleList(
    (0): Linear(in_features=512, out_features=512, bias=True)
    (1): Linear(in_features=512, out_features=512, bias=True)
    (2): Linear(in_features=512, out_features=512, bias=True)
    (3): Linear(in_features=512, out_features=512, bias=True)
    (4): Linear(in_features=512, out_features=512, bias=True)
  )
  (lns): ModuleList(
    (0): LayerNorm((512,), eps=1e-05, elementwise_affine=True)
    (1): LayerNorm((512,), eps=1e-05, elementwise_affine=True)
    (2): LayerNorm((512,), eps=1e-05, elementwise_affine=True)
    (3): LayerNorm((512,), eps=1e-05, elementwise_affine=True)
    (4): LayerNorm((512,), eps=1e-05, elementwise_affine=True)
  )
  (lin_in): Linear(in_features=767, out_features=512, bias=True)
  (ln): LayerNorm((512,), eps=1e-05, elementwise_affine=True)
  (global_attn): GlobalAttn(
    (h_lins): ModuleList(
      (0): Linear(in_features=512, out_features=512, bias=True)
    )
    (k_lins): ModuleList(
      (0): Linear(in_features=512, out_features=512, bias=True)
    )
    (v_lins): ModuleList(
      (0): Linear(in_features=512, out_features=512, bias=True)
    )
    (lns): ModuleList(
      (0): LayerNorm((512,), eps=1e-05, elementwise_affine=True)
    )
    (lin_out): Linear(in_features=512, out_features=512, bias=True)
  )
  (pred_local): Linear(in_features=512, out_features=10, bias=True)
  (pred_global): Linear(in_features=512, out_features=10, bias=True)
)
Label budget: 20/class -> 200 train nodes
Pre-training MLP for 500 epochs to generate co-occurrence matrix...
Penalty transform 'shuffle': rel Frobenius dist to original = 0.2615, off-diag CV of original penalty = 0.1431
MLP pre-training complete. Penalty matrix frozen.
Epoch: 00, Loss: 2.5730, Train: 3.84%, Valid: 3.75%, Test: 4.43%, Best Valid: 3.75%, Best Test: 4.43%
Epoch: 100, Loss: 2.4005, Train: 10.62%, Valid: 9.53%, Test: 10.03%, Best Valid: 13.60%, Best Test: 13.74%
Switching Polynormer to global attention phase.
Epoch: 200, Loss: 2.4028, Train: 24.68%, Valid: 26.07%, Test: 24.35%, Best Valid: 48.25%, Best Test: 49.40%
Epoch: 300, Loss: 0.3313, Train: 70.65%, Valid: 71.02%, Test: 72.05%, Best Valid: 76.33%, Best Test: 76.95%
Epoch: 400, Loss: 0.3029, Train: 75.09%, Valid: 76.44%, Test: 77.61%, Best Valid: 80.76%, Best Test: 81.17%
Epoch: 500, Loss: 0.0921, Train: 76.25%, Valid: 76.47%, Test: 78.01%, Best Valid: 83.53%, Best Test: 83.50%
Epoch: 600, Loss: 0.0242, Train: 79.66%, Valid: 81.35%, Test: 81.50%, Best Valid: 83.53%, Best Test: 83.50%
Epoch: 700, Loss: 0.0615, Train: 77.23%, Valid: 78.73%, Test: 79.06%, Best Valid: 83.53%, Best Test: 83.50%
Epoch: 800, Loss: 0.0099, Train: 80.78%, Valid: 82.11%, Test: 83.21%, Best Valid: 83.53%, Best Test: 83.50%
Epoch: 900, Loss: 0.0479, Train: 78.49%, Valid: 79.35%, Test: 79.21%, Best Valid: 83.53%, Best Test: 83.50%
Epoch: 1000, Loss: 0.0074, Train: 78.25%, Valid: 79.27%, Test: 78.81%, Best Valid: 83.53%, Best Test: 83.50%
Epoch: 1100, Loss: 0.0311, Train: 78.83%, Valid: 79.35%, Test: 79.79%, Best Valid: 83.53%, Best Test: 83.50%
Run 01:
Highest Train: 82.54
Highest Valid: 83.53
Highest Test: 84.30
Chosen epoch: 471
Final Train: 81.99
Final Test: 83.50
Label budget: 20/class -> 200 train nodes
Pre-training MLP for 500 epochs to generate co-occurrence matrix...
Penalty transform 'shuffle': rel Frobenius dist to original = 0.2212, off-diag CV of original penalty = 0.1260
MLP pre-training complete. Penalty matrix frozen.
Epoch: 00, Loss: 2.5287, Train: 2.13%, Valid: 2.58%, Test: 2.25%, Best Valid: 2.58%, Best Test: 2.25%
Epoch: 100, Loss: 2.3785, Train: 12.56%, Valid: 11.71%, Test: 12.21%, Best Valid: 36.36%, Best Test: 38.68%
Switching Polynormer to global attention phase.
Epoch: 200, Loss: 2.3256, Train: 3.10%, Valid: 3.13%, Test: 3.42%, Best Valid: 70.47%, Best Test: 72.56%
Epoch: 300, Loss: 0.2311, Train: 79.98%, Valid: 80.33%, Test: 81.46%, Best Valid: 80.91%, Best Test: 81.64%
Epoch: 400, Loss: 0.0808, Train: 73.91%, Valid: 74.95%, Test: 74.37%, Best Valid: 80.91%, Best Test: 81.64%
Epoch: 500, Loss: 0.0146, Train: 76.58%, Valid: 76.98%, Test: 78.34%, Best Valid: 82.04%, Best Test: 81.64%
Epoch: 600, Loss: 0.0281, Train: 77.75%, Valid: 77.71%, Test: 78.01%, Best Valid: 82.04%, Best Test: 81.64%
Epoch: 700, Loss: 0.0134, Train: 80.00%, Valid: 80.65%, Test: 79.68%, Best Valid: 82.04%, Best Test: 81.64%
Epoch: 800, Loss: 0.0067, Train: 77.70%, Valid: 77.93%, Test: 78.81%, Best Valid: 82.04%, Best Test: 81.64%
Epoch: 900, Loss: 0.0172, Train: 81.02%, Valid: 80.87%, Test: 82.33%, Best Valid: 82.15%, Best Test: 82.48%
Epoch: 1000, Loss: 0.0132, Train: 79.01%, Valid: 79.56%, Test: 80.15%, Best Valid: 82.47%, Best Test: 82.44%
Epoch: 1100, Loss: 0.0408, Train: 76.89%, Valid: 77.35%, Test: 77.43%, Best Valid: 82.47%, Best Test: 82.44%
Run 02:
Highest Train: 82.39
Highest Valid: 82.47
Highest Test: 83.35
Chosen epoch: 996
Final Train: 81.95
Final Test: 82.44
Label budget: 20/class -> 200 train nodes
Pre-training MLP for 500 epochs to generate co-occurrence matrix...
Penalty transform 'shuffle': rel Frobenius dist to original = 0.2681, off-diag CV of original penalty = 0.1533
MLP pre-training complete. Penalty matrix frozen.
Epoch: 00, Loss: 2.5135, Train: 10.58%, Valid: 9.49%, Test: 10.11%, Best Valid: 9.49%, Best Test: 10.11%
Epoch: 100, Loss: 2.3616, Train: 12.71%, Valid: 11.64%, Test: 11.52%, Best Valid: 17.82%, Best Test: 17.48%
Switching Polynormer to global attention phase.
Epoch: 200, Loss: 2.3256, Train: 1.96%, Valid: 2.55%, Test: 2.14%, Best Valid: 69.71%, Best Test: 70.12%
Epoch: 300, Loss: 0.4729, Train: 71.92%, Valid: 72.00%, Test: 73.75%, Best Valid: 80.00%, Best Test: 81.32%
Epoch: 400, Loss: 0.2449, Train: 82.54%, Valid: 82.07%, Test: 83.82%, Best Valid: 82.07%, Best Test: 83.82%
Epoch: 500, Loss: 0.1523, Train: 80.22%, Valid: 80.29%, Test: 81.10%, Best Valid: 83.31%, Best Test: 85.35%
Epoch: 600, Loss: 0.0480, Train: 82.74%, Valid: 83.31%, Test: 83.79%, Best Valid: 84.07%, Best Test: 85.21%
Epoch: 700, Loss: 0.0655, Train: 81.88%, Valid: 81.64%, Test: 82.70%, Best Valid: 84.07%, Best Test: 85.21%
Epoch: 800, Loss: 0.0436, Train: 83.69%, Valid: 83.49%, Test: 84.99%, Best Valid: 84.65%, Best Test: 85.61%
Epoch: 900, Loss: 0.0059, Train: 83.08%, Valid: 83.02%, Test: 85.06%, Best Valid: 84.65%, Best Test: 85.61%
Epoch: 1000, Loss: 0.0745, Train: 82.41%, Valid: 82.98%, Test: 83.79%, Best Valid: 84.65%, Best Test: 85.61%
Epoch: 1100, Loss: 0.0317, Train: 79.88%, Valid: 80.04%, Test: 81.39%, Best Valid: 84.65%, Best Test: 85.61%
Run 03:
Highest Train: 84.44
Highest Valid: 84.65
Highest Test: 86.08
Chosen epoch: 780
Final Train: 84.37
Final Test: 85.61
Label budget: 20/class -> 200 train nodes
Pre-training MLP for 500 epochs to generate co-occurrence matrix...
Penalty transform 'shuffle': rel Frobenius dist to original = 0.2560, off-diag CV of original penalty = 0.1487
MLP pre-training complete. Penalty matrix frozen.
Epoch: 00, Loss: 2.6706, Train: 3.84%, Valid: 3.78%, Test: 4.43%, Best Valid: 3.78%, Best Test: 4.43%
Epoch: 100, Loss: 2.3746, Train: 2.21%, Valid: 2.29%, Test: 2.36%, Best Valid: 35.42%, Best Test: 37.70%
Switching Polynormer to global attention phase.
Epoch: 200, Loss: 2.3256, Train: 37.61%, Valid: 36.18%, Test: 38.53%, Best Valid: 66.47%, Best Test: 65.87%
Epoch: 300, Loss: 0.3462, Train: 71.06%, Valid: 71.13%, Test: 73.25%, Best Valid: 75.56%, Best Test: 74.81%
Epoch: 400, Loss: 0.0777, Train: 70.14%, Valid: 70.25%, Test: 70.41%, Best Valid: 76.76%, Best Test: 76.63%
Epoch: 500, Loss: 0.0876, Train: 70.88%, Valid: 71.09%, Test: 72.37%, Best Valid: 76.76%, Best Test: 76.63%
Epoch: 600, Loss: 0.0420, Train: 75.05%, Valid: 75.64%, Test: 74.74%, Best Valid: 76.76%, Best Test: 76.63%
Epoch: 700, Loss: 0.1343, Train: 72.04%, Valid: 72.11%, Test: 72.81%, Best Valid: 76.76%, Best Test: 76.63%
Epoch: 800, Loss: 0.0504, Train: 72.83%, Valid: 73.20%, Test: 74.34%, Best Valid: 76.76%, Best Test: 76.63%
Epoch: 900, Loss: 0.0233, Train: 75.82%, Valid: 76.00%, Test: 77.57%, Best Valid: 77.96%, Best Test: 78.12%
Epoch: 1000, Loss: 0.2065, Train: 74.12%, Valid: 74.65%, Test: 75.61%, Best Valid: 77.96%, Best Test: 78.12%
Epoch: 1100, Loss: 0.0497, Train: 77.03%, Valid: 77.49%, Test: 76.52%, Best Valid: 79.13%, Best Test: 79.24%
Run 04:
Highest Train: 78.92
Highest Valid: 79.27
Highest Test: 79.50
Chosen epoch: 1158
Final Train: 78.46
Final Test: 79.06
Label budget: 20/class -> 200 train nodes
Pre-training MLP for 500 epochs to generate co-occurrence matrix...
Penalty transform 'shuffle': rel Frobenius dist to original = 0.2861, off-diag CV of original penalty = 0.1690
MLP pre-training complete. Penalty matrix frozen.
Epoch: 00, Loss: 2.5820, Train: 3.42%, Valid: 4.11%, Test: 3.67%, Best Valid: 4.11%, Best Test: 3.67%
Epoch: 100, Loss: 2.3470, Train: 13.26%, Valid: 12.98%, Test: 12.80%, Best Valid: 36.18%, Best Test: 38.53%
Switching Polynormer to global attention phase.
Epoch: 200, Loss: 2.3256, Train: 10.62%, Valid: 9.53%, Test: 10.03%, Best Valid: 58.11%, Best Test: 57.94%
Epoch: 300, Loss: 0.4156, Train: 60.66%, Valid: 60.58%, Test: 60.23%, Best Valid: 65.42%, Best Test: 66.05%
Epoch: 400, Loss: 0.1766, Train: 76.35%, Valid: 74.47%, Test: 76.30%, Best Valid: 76.25%, Best Test: 76.88%
Epoch: 500, Loss: 0.0683, Train: 74.79%, Valid: 73.93%, Test: 75.79%, Best Valid: 76.25%, Best Test: 76.88%
Epoch: 600, Loss: 0.0748, Train: 76.46%, Valid: 75.96%, Test: 77.14%, Best Valid: 76.91%, Best Test: 78.81%
Epoch: 700, Loss: 0.0042, Train: 75.14%, Valid: 75.45%, Test: 76.74%, Best Valid: 77.27%, Best Test: 79.64%
Epoch: 800, Loss: 0.0042, Train: 74.29%, Valid: 74.65%, Test: 75.39%, Best Valid: 77.67%, Best Test: 79.03%
Epoch: 900, Loss: 0.0195, Train: 75.00%, Valid: 74.84%, Test: 75.86%, Best Valid: 78.58%, Best Test: 79.64%
Epoch: 1000, Loss: 0.0323, Train: 77.32%, Valid: 77.75%, Test: 78.34%, Best Valid: 78.58%, Best Test: 79.64%
Epoch: 1100, Loss: 0.0216, Train: 72.14%, Valid: 72.80%, Test: 73.32%, Best Valid: 79.45%, Best Test: 80.23%
Run 05:
Highest Train: 79.07
Highest Valid: 79.45
Highest Test: 80.44
Chosen epoch: 1029
Final Train: 79.00
Final Test: 80.23
Label budget: 20/class -> 200 train nodes
Pre-training MLP for 500 epochs to generate co-occurrence matrix...
Penalty transform 'shuffle': rel Frobenius dist to original = 0.2861, off-diag CV of original penalty = 0.1709
MLP pre-training complete. Penalty matrix frozen.
Epoch: 00, Loss: 2.5581, Train: 10.62%, Valid: 9.56%, Test: 10.03%, Best Valid: 9.56%, Best Test: 10.03%
Epoch: 100, Loss: 2.3392, Train: 3.36%, Valid: 4.00%, Test: 3.64%, Best Valid: 16.44%, Best Test: 14.54%
Switching Polynormer to global attention phase.
Epoch: 200, Loss: 2.3256, Train: 3.36%, Valid: 4.00%, Test: 3.64%, Best Valid: 67.27%, Best Test: 66.85%
Epoch: 300, Loss: 0.3268, Train: 73.99%, Valid: 74.33%, Test: 74.05%, Best Valid: 78.15%, Best Test: 77.32%
Epoch: 400, Loss: 0.1905, Train: 78.67%, Valid: 78.58%, Test: 78.63%, Best Valid: 79.60%, Best Test: 80.01%
Epoch: 500, Loss: 0.0510, Train: 79.46%, Valid: 78.84%, Test: 79.68%, Best Valid: 81.02%, Best Test: 81.24%
Epoch: 600, Loss: 0.0149, Train: 77.86%, Valid: 77.85%, Test: 78.19%, Best Valid: 81.20%, Best Test: 82.30%
Epoch: 700, Loss: 0.1131, Train: 76.80%, Valid: 77.16%, Test: 76.92%, Best Valid: 81.20%, Best Test: 82.30%
Epoch: 800, Loss: 0.0271, Train: 78.88%, Valid: 79.16%, Test: 79.06%, Best Valid: 81.82%, Best Test: 82.22%
Epoch: 900, Loss: 0.0390, Train: 81.78%, Valid: 81.71%, Test: 81.17%, Best Valid: 81.82%, Best Test: 82.22%
Epoch: 1000, Loss: 0.0128, Train: 77.55%, Valid: 77.78%, Test: 77.39%, Best Valid: 82.47%, Best Test: 81.61%
Epoch: 1100, Loss: 0.3047, Train: 66.39%, Valid: 64.95%, Test: 65.50%, Best Valid: 82.87%, Best Test: 82.04%
Run 06:
Highest Train: 82.28
Highest Valid: 82.87
Highest Test: 82.48
Chosen epoch: 1054
Final Train: 82.23
Final Test: 82.04
Label budget: 20/class -> 200 train nodes
Pre-training MLP for 500 epochs to generate co-occurrence matrix...
Penalty transform 'shuffle': rel Frobenius dist to original = 0.2273, off-diag CV of original penalty = 0.1458
MLP pre-training complete. Penalty matrix frozen.
Epoch: 00, Loss: 2.5711, Train: 7.26%, Valid: 6.69%, Test: 7.09%, Best Valid: 6.69%, Best Test: 7.09%
Epoch: 100, Loss: 2.3693, Train: 15.79%, Valid: 16.33%, Test: 14.69%, Best Valid: 36.18%, Best Test: 38.50%
Switching Polynormer to global attention phase.
Epoch: 200, Loss: 2.3256, Train: 15.79%, Valid: 16.33%, Test: 14.69%, Best Valid: 72.58%, Best Test: 73.54%
Epoch: 300, Loss: 0.3252, Train: 79.20%, Valid: 79.09%, Test: 79.90%, Best Valid: 80.33%, Best Test: 82.04%
Epoch: 400, Loss: 0.1265, Train: 79.71%, Valid: 79.56%, Test: 80.84%, Best Valid: 82.15%, Best Test: 83.42%
Epoch: 500, Loss: 0.1373, Train: 81.55%, Valid: 81.67%, Test: 83.17%, Best Valid: 82.51%, Best Test: 83.42%
Epoch: 600, Loss: 0.0514, Train: 80.32%, Valid: 79.20%, Test: 79.68%, Best Valid: 82.51%, Best Test: 83.42%
Epoch: 700, Loss: 0.0203, Train: 79.83%, Valid: 79.53%, Test: 79.90%, Best Valid: 82.51%, Best Test: 83.42%
Epoch: 800, Loss: 0.0213, Train: 80.28%, Valid: 80.18%, Test: 80.92%, Best Valid: 82.51%, Best Test: 83.42%
Epoch: 900, Loss: 0.0431, Train: 75.29%, Valid: 74.47%, Test: 74.34%, Best Valid: 82.80%, Best Test: 83.57%
Epoch: 1000, Loss: 0.0046, Train: 79.92%, Valid: 79.05%, Test: 80.66%, Best Valid: 82.80%, Best Test: 83.57%
Epoch: 1100, Loss: 0.0066, Train: 79.60%, Valid: 79.38%, Test: 80.26%, Best Valid: 82.80%, Best Test: 83.57%
Run 07:
Highest Train: 82.86
Highest Valid: 82.80
Highest Test: 84.08
Chosen epoch: 877
Final Train: 82.86
Final Test: 83.57
Label budget: 20/class -> 200 train nodes
Pre-training MLP for 500 epochs to generate co-occurrence matrix...
Penalty transform 'shuffle': rel Frobenius dist to original = 0.2421, off-diag CV of original penalty = 0.1528
MLP pre-training complete. Penalty matrix frozen.
Epoch: 00, Loss: 2.5740, Train: 15.79%, Valid: 16.33%, Test: 14.72%, Best Valid: 16.33%, Best Test: 14.72%
Epoch: 100, Loss: 2.3314, Train: 3.36%, Valid: 4.00%, Test: 3.64%, Best Valid: 36.18%, Best Test: 38.53%
Switching Polynormer to global attention phase.
Epoch: 200, Loss: 2.3256, Train: 3.36%, Valid: 4.00%, Test: 3.64%, Best Valid: 57.56%, Best Test: 58.31%
Epoch: 300, Loss: 0.3028, Train: 69.51%, Valid: 68.51%, Test: 71.76%, Best Valid: 75.60%, Best Test: 77.39%
Epoch: 400, Loss: 0.1810, Train: 78.34%, Valid: 77.82%, Test: 80.37%, Best Valid: 81.49%, Best Test: 83.21%
Epoch: 500, Loss: 0.0626, Train: 82.26%, Valid: 81.27%, Test: 83.90%, Best Valid: 82.62%, Best Test: 85.02%
Epoch: 600, Loss: 0.0629, Train: 82.15%, Valid: 80.55%, Test: 83.32%, Best Valid: 82.69%, Best Test: 84.26%
Epoch: 700, Loss: 0.0663, Train: 81.35%, Valid: 80.40%, Test: 83.10%, Best Valid: 83.42%, Best Test: 85.90%
Epoch: 800, Loss: 0.0817, Train: 80.55%, Valid: 79.67%, Test: 82.44%, Best Valid: 83.42%, Best Test: 85.90%
Epoch: 900, Loss: 0.0177, Train: 76.56%, Valid: 75.75%, Test: 77.83%, Best Valid: 83.42%, Best Test: 85.90%
Epoch: 1000, Loss: 0.0245, Train: 79.97%, Valid: 79.53%, Test: 81.79%, Best Valid: 83.42%, Best Test: 85.90%
Epoch: 1100, Loss: 0.0010, Train: 80.68%, Valid: 80.04%, Test: 82.33%, Best Valid: 83.42%, Best Test: 85.90%
Run 08:
Highest Train: 84.32
Highest Valid: 83.42
Highest Test: 85.90
Chosen epoch: 623
Final Train: 84.32
Final Test: 85.90
Label budget: 20/class -> 200 train nodes
Pre-training MLP for 500 epochs to generate co-occurrence matrix...
Penalty transform 'shuffle': rel Frobenius dist to original = 0.2931, off-diag CV of original penalty = 0.1653
MLP pre-training complete. Penalty matrix frozen.
Epoch: 00, Loss: 2.6301, Train: 3.87%, Valid: 3.78%, Test: 4.43%, Best Valid: 3.78%, Best Test: 4.43%
Epoch: 100, Loss: 2.3704, Train: 2.18%, Valid: 2.29%, Test: 2.36%, Best Valid: 37.31%, Best Test: 40.09%
Switching Polynormer to global attention phase.
Epoch: 200, Loss: 2.3256, Train: 1.96%, Valid: 2.55%, Test: 2.14%, Best Valid: 74.00%, Best Test: 74.81%
Epoch: 300, Loss: 0.2527, Train: 77.66%, Valid: 77.67%, Test: 78.26%, Best Valid: 79.27%, Best Test: 79.10%
Epoch: 400, Loss: 0.1677, Train: 80.12%, Valid: 80.69%, Test: 80.99%, Best Valid: 81.09%, Best Test: 82.19%
Epoch: 500, Loss: 0.0847, Train: 78.74%, Valid: 79.71%, Test: 80.15%, Best Valid: 81.85%, Best Test: 82.08%
Epoch: 600, Loss: 0.1785, Train: 78.45%, Valid: 79.56%, Test: 79.75%, Best Valid: 82.07%, Best Test: 82.19%
Epoch: 700, Loss: 0.0197, Train: 80.60%, Valid: 81.27%, Test: 82.44%, Best Valid: 82.07%, Best Test: 82.19%
Epoch: 800, Loss: 0.0190, Train: 77.66%, Valid: 78.40%, Test: 79.28%, Best Valid: 82.07%, Best Test: 82.19%
Epoch: 900, Loss: 0.0176, Train: 79.81%, Valid: 80.55%, Test: 80.99%, Best Valid: 82.07%, Best Test: 82.19%
Epoch: 1000, Loss: 0.0094, Train: 76.66%, Valid: 77.64%, Test: 77.54%, Best Valid: 82.07%, Best Test: 82.19%
Epoch: 1100, Loss: 0.4901, Train: 68.60%, Valid: 68.51%, Test: 68.01%, Best Valid: 82.07%, Best Test: 82.19%
Run 09:
Highest Train: 81.78
Highest Valid: 82.07
Highest Test: 83.21
Chosen epoch: 516
Final Train: 81.29
Final Test: 82.19
Label budget: 20/class -> 200 train nodes
Pre-training MLP for 500 epochs to generate co-occurrence matrix...
Penalty transform 'shuffle': rel Frobenius dist to original = 0.2292, off-diag CV of original penalty = 0.1204
MLP pre-training complete. Penalty matrix frozen.
Epoch: 00, Loss: 2.7173, Train: 15.50%, Valid: 16.00%, Test: 15.38%, Best Valid: 16.00%, Best Test: 15.38%
Epoch: 100, Loss: 2.3531, Train: 10.62%, Valid: 9.53%, Test: 10.03%, Best Valid: 16.40%, Best Test: 15.59%
Switching Polynormer to global attention phase.
Epoch: 200, Loss: 2.3256, Train: 37.61%, Valid: 36.18%, Test: 38.53%, Best Valid: 45.56%, Best Test: 43.87%
Epoch: 300, Loss: 0.4068, Train: 48.43%, Valid: 49.38%, Test: 48.67%, Best Valid: 55.78%, Best Test: 56.23%
Epoch: 400, Loss: 0.2303, Train: 60.97%, Valid: 58.44%, Test: 61.83%, Best Valid: 64.18%, Best Test: 64.27%
Epoch: 500, Loss: 0.1014, Train: 69.94%, Valid: 69.13%, Test: 69.79%, Best Valid: 69.13%, Best Test: 69.79%
Epoch: 600, Loss: 0.1994, Train: 70.55%, Valid: 69.75%, Test: 70.45%, Best Valid: 74.44%, Best Test: 75.21%
Epoch: 700, Loss: 0.0695, Train: 75.26%, Valid: 74.55%, Test: 75.83%, Best Valid: 77.24%, Best Test: 77.72%
Epoch: 800, Loss: 0.0200, Train: 71.82%, Valid: 72.07%, Test: 72.59%, Best Valid: 77.24%, Best Test: 77.72%
Epoch: 900, Loss: 0.0041, Train: 78.28%, Valid: 77.93%, Test: 79.32%, Best Valid: 77.93%, Best Test: 79.32%
Epoch: 1000, Loss: 0.0524, Train: 73.45%, Valid: 73.09%, Test: 74.45%, Best Valid: 77.93%, Best Test: 79.32%
Epoch: 1100, Loss: 0.0013, Train: 74.62%, Valid: 74.07%, Test: 75.17%, Best Valid: 78.55%, Best Test: 79.79%
Run 10:
Highest Train: 79.80
Highest Valid: 78.62
Highest Test: 80.66
Chosen epoch: 1192
Final Train: 79.63
Final Test: 80.66
All runs:
Highest Train: 81.84 ± 1.98
Highest Test: 83.00 ± 2.25
Highest Valid: 81.92 ± 2.06
  Final Train: 81.61 ± 2.05
   Final Test: 82.52 ± 2.21
Saving results to ../results/lowlabel/amazon-computer/polynormer.csv
--- mlp_reg/shuffle placebo | lambda=0.05 ---
Namespace(aggregate='add', alpha=0.5, attention='gcn', beta=-1.0, bn=False, budget_tag='20', count_reg=False, count_smoothing=1.0, cpu=False, data_dir='../data/', dataset='amazon-computer', device=0, dim_inner=64, display_step=100, dropout=0.7, epochs=500, global_dropout=None, global_epochs=1000, global_layers=1, gnn='gcn', graph_weight=0.8, hidden_channels=64, hops=10, in_dropout=0.2, jk=False, label_num_per_class=20, lambda_val=0.05, layers=1, ln=False, local_epochs=200, local_gnn_type='GCN', local_layers=5, lr=0.001, metric='acc', mlp_epochs=500, mlp_reg=True, model='polynormer', model_dir='models/lowlabel_ctrl_1214890_60', n_heads=8, num_centroids=4096, num_heads=8, oracle_reg=False, paired_seeds=True, pe_types='RWSE', penalty_transform='shuffle', pre_linear=False, pre_ln=False, rand_split=False, rand_split_class=False, reg_start_epoch=10, reg_update_freq=5, res=False, resample_split_per_run=False, result_dir='../results/lowlabel', runs=10, save_model=True, save_result=False, seed=42, test_num=1000, tr_dropout=None, tr_layers=1, tr_weight_decay=None, train_per_class=20, train_prop=0.5, use_act=False, use_bn=False, use_graph=False, use_reg=True, use_residual=False, use_weight=False, valid_num=500, valid_per_class=0, valid_prop=0.25, weight_decay=5e-05)
amazon-computer
dataset amazon-computer | num nodes 13752 | num edge 491722 | num node feats 767 | num classes 10
MODEL: Polynormer(
  (h_lins): ModuleList(
    (0): Linear(in_features=512, out_features=512, bias=True)
    (1): Linear(in_features=512, out_features=512, bias=True)
    (2): Linear(in_features=512, out_features=512, bias=True)
    (3): Linear(in_features=512, out_features=512, bias=True)
    (4): Linear(in_features=512, out_features=512, bias=True)
  )
  (local_convs): ModuleList(
    (0): GATConv(512, 64, heads=8)
    (1): GATConv(512, 64, heads=8)
    (2): GATConv(512, 64, heads=8)
    (3): GATConv(512, 64, heads=8)
    (4): GATConv(512, 64, heads=8)
  )
  (lins): ModuleList(
    (0): Linear(in_features=512, out_features=512, bias=True)
    (1): Linear(in_features=512, out_features=512, bias=True)
    (2): Linear(in_features=512, out_features=512, bias=True)
    (3): Linear(in_features=512, out_features=512, bias=True)
    (4): Linear(in_features=512, out_features=512, bias=True)
  )
  (lns): ModuleList(
    (0): LayerNorm((512,), eps=1e-05, elementwise_affine=True)
    (1): LayerNorm((512,), eps=1e-05, elementwise_affine=True)
    (2): LayerNorm((512,), eps=1e-05, elementwise_affine=True)
    (3): LayerNorm((512,), eps=1e-05, elementwise_affine=True)
    (4): LayerNorm((512,), eps=1e-05, elementwise_affine=True)
  )
  (lin_in): Linear(in_features=767, out_features=512, bias=True)
  (ln): LayerNorm((512,), eps=1e-05, elementwise_affine=True)
  (global_attn): GlobalAttn(
    (h_lins): ModuleList(
      (0): Linear(in_features=512, out_features=512, bias=True)
    )
    (k_lins): ModuleList(
      (0): Linear(in_features=512, out_features=512, bias=True)
    )
    (v_lins): ModuleList(
      (0): Linear(in_features=512, out_features=512, bias=True)
    )
    (lns): ModuleList(
      (0): LayerNorm((512,), eps=1e-05, elementwise_affine=True)
    )
    (lin_out): Linear(in_features=512, out_features=512, bias=True)
  )
  (pred_local): Linear(in_features=512, out_features=10, bias=True)
  (pred_global): Linear(in_features=512, out_features=10, bias=True)
)
Label budget: 20/class -> 200 train nodes
Pre-training MLP for 500 epochs to generate co-occurrence matrix...
Penalty transform 'shuffle': rel Frobenius dist to original = 0.2615, off-diag CV of original penalty = 0.1431
MLP pre-training complete. Penalty matrix frozen.
Epoch: 00, Loss: 2.6749, Train: 3.84%, Valid: 3.75%, Test: 4.43%, Best Valid: 3.75%, Best Test: 4.43%
Epoch: 100, Loss: 2.4852, Train: 3.36%, Valid: 4.00%, Test: 3.64%, Best Valid: 12.73%, Best Test: 12.65%
Switching Polynormer to global attention phase.
Epoch: 200, Loss: 2.4905, Train: 48.95%, Valid: 49.09%, Test: 48.78%, Best Valid: 65.16%, Best Test: 65.87%
Epoch: 300, Loss: 0.2372, Train: 75.53%, Valid: 76.44%, Test: 77.50%, Best Valid: 77.13%, Best Test: 78.12%
Epoch: 400, Loss: 0.1455, Train: 80.67%, Valid: 81.05%, Test: 82.66%, Best Valid: 83.35%, Best Test: 84.37%
Epoch: 500, Loss: 0.0408, Train: 77.24%, Valid: 78.91%, Test: 78.84%, Best Valid: 83.35%, Best Test: 84.37%
Epoch: 600, Loss: 0.0343, Train: 80.24%, Valid: 80.76%, Test: 81.97%, Best Valid: 83.35%, Best Test: 84.37%
Epoch: 700, Loss: 0.0374, Train: 78.52%, Valid: 80.55%, Test: 80.23%, Best Valid: 83.38%, Best Test: 83.86%
Epoch: 800, Loss: 0.0585, Train: 74.26%, Valid: 75.42%, Test: 75.32%, Best Valid: 83.38%, Best Test: 83.86%
Epoch: 900, Loss: 0.1149, Train: 68.09%, Valid: 69.53%, Test: 68.52%, Best Valid: 83.78%, Best Test: 84.26%
Epoch: 1000, Loss: 0.0109, Train: 79.31%, Valid: 80.22%, Test: 80.73%, Best Valid: 83.78%, Best Test: 84.26%
Epoch: 1100, Loss: 0.0186, Train: 78.29%, Valid: 79.05%, Test: 80.01%, Best Valid: 83.78%, Best Test: 84.26%
Run 01:
Highest Train: 82.81
Highest Valid: 83.78
Highest Test: 84.41
Chosen epoch: 837
Final Train: 82.81
Final Test: 84.26
Label budget: 20/class -> 200 train nodes
Pre-training MLP for 500 epochs to generate co-occurrence matrix...
Penalty transform 'shuffle': rel Frobenius dist to original = 0.2212, off-diag CV of original penalty = 0.1260
MLP pre-training complete. Penalty matrix frozen.
Epoch: 00, Loss: 2.6288, Train: 2.13%, Valid: 2.58%, Test: 2.25%, Best Valid: 2.58%, Best Test: 2.25%
Epoch: 100, Loss: 2.4750, Train: 3.10%, Valid: 3.13%, Test: 3.42%, Best Valid: 36.18%, Best Test: 38.53%
Switching Polynormer to global attention phase.
Epoch: 200, Loss: 2.4177, Train: 15.79%, Valid: 16.33%, Test: 14.69%, Best Valid: 68.58%, Best Test: 69.17%
Epoch: 300, Loss: 0.4037, Train: 74.73%, Valid: 74.47%, Test: 74.77%, Best Valid: 78.84%, Best Test: 78.88%
Epoch: 400, Loss: 0.1450, Train: 80.64%, Valid: 80.44%, Test: 80.12%, Best Valid: 81.60%, Best Test: 81.50%
Epoch: 500, Loss: 0.0932, Train: 75.64%, Valid: 76.44%, Test: 75.61%, Best Valid: 81.71%, Best Test: 82.73%
Epoch: 600, Loss: 0.0290, Train: 80.09%, Valid: 79.96%, Test: 80.23%, Best Valid: 81.71%, Best Test: 82.73%
Epoch: 700, Loss: 0.0122, Train: 76.88%, Valid: 78.07%, Test: 76.95%, Best Valid: 82.55%, Best Test: 83.53%
Epoch: 800, Loss: 0.1696, Train: 78.03%, Valid: 78.87%, Test: 79.10%, Best Valid: 82.55%, Best Test: 83.53%
Epoch: 900, Loss: 0.0283, Train: 79.83%, Valid: 80.11%, Test: 80.81%, Best Valid: 82.58%, Best Test: 83.32%
Epoch: 1000, Loss: 0.0030, Train: 78.58%, Valid: 78.55%, Test: 79.35%, Best Valid: 82.58%, Best Test: 83.32%
Epoch: 1100, Loss: 0.0184, Train: 82.35%, Valid: 82.11%, Test: 83.17%, Best Valid: 82.98%, Best Test: 83.53%
Run 02:
Highest Train: 82.77
Highest Valid: 82.98
Highest Test: 83.82
Chosen epoch: 1099
Final Train: 82.77
Final Test: 83.53
Label budget: 20/class -> 200 train nodes
Pre-training MLP for 500 epochs to generate co-occurrence matrix...
Penalty transform 'shuffle': rel Frobenius dist to original = 0.2681, off-diag CV of original penalty = 0.1533
MLP pre-training complete. Penalty matrix frozen.
Epoch: 00, Loss: 2.6131, Train: 10.60%, Valid: 9.49%, Test: 10.11%, Best Valid: 9.49%, Best Test: 10.11%
Epoch: 100, Loss: 2.4296, Train: 25.08%, Valid: 24.87%, Test: 23.52%, Best Valid: 26.25%, Best Test: 24.79%
Switching Polynormer to global attention phase.
Epoch: 200, Loss: 2.4177, Train: 10.62%, Valid: 9.53%, Test: 10.03%, Best Valid: 68.69%, Best Test: 69.65%
Epoch: 300, Loss: 0.5245, Train: 67.25%, Valid: 66.04%, Test: 67.61%, Best Valid: 70.65%, Best Test: 72.19%
Epoch: 400, Loss: 0.3325, Train: 74.10%, Valid: 73.67%, Test: 76.15%, Best Valid: 78.22%, Best Test: 79.68%
Epoch: 500, Loss: 0.1920, Train: 77.52%, Valid: 76.40%, Test: 79.10%, Best Valid: 78.55%, Best Test: 80.26%
Epoch: 600, Loss: 0.0835, Train: 77.00%, Valid: 76.58%, Test: 78.48%, Best Valid: 81.16%, Best Test: 82.15%
Epoch: 700, Loss: 0.0520, Train: 78.32%, Valid: 78.84%, Test: 79.83%, Best Valid: 81.35%, Best Test: 82.37%
Epoch: 800, Loss: 0.0146, Train: 81.23%, Valid: 81.67%, Test: 82.70%, Best Valid: 82.44%, Best Test: 83.68%
Epoch: 900, Loss: 0.0615, Train: 81.01%, Valid: 81.05%, Test: 82.73%, Best Valid: 82.44%, Best Test: 83.68%
Epoch: 1000, Loss: 0.0484, Train: 81.04%, Valid: 80.80%, Test: 83.06%, Best Valid: 82.44%, Best Test: 83.68%
Epoch: 1100, Loss: 0.0208, Train: 78.00%, Valid: 78.04%, Test: 79.03%, Best Valid: 82.44%, Best Test: 83.68%
Run 03:
Highest Train: 82.33
Highest Valid: 82.44
Highest Test: 83.75
Chosen epoch: 753
Final Train: 82.32
Final Test: 83.68
Label budget: 20/class -> 200 train nodes
Pre-training MLP for 500 epochs to generate co-occurrence matrix...
Penalty transform 'shuffle': rel Frobenius dist to original = 0.2560, off-diag CV of original penalty = 0.1487
MLP pre-training complete. Penalty matrix frozen.
Epoch: 00, Loss: 2.7764, Train: 3.84%, Valid: 3.78%, Test: 4.43%, Best Valid: 3.78%, Best Test: 4.43%
Epoch: 100, Loss: 2.4262, Train: 13.68%, Valid: 13.75%, Test: 14.69%, Best Valid: 36.76%, Best Test: 39.00%
Switching Polynormer to global attention phase.
Epoch: 200, Loss: 2.4177, Train: 2.18%, Valid: 2.29%, Test: 2.36%, Best Valid: 64.15%, Best Test: 65.43%
Epoch: 300, Loss: 0.4807, Train: 68.20%, Valid: 68.73%, Test: 70.59%, Best Valid: 75.64%, Best Test: 76.23%
Epoch: 400, Loss: 0.1586, Train: 75.60%, Valid: 75.96%, Test: 77.64%, Best Valid: 77.64%, Best Test: 79.28%
Epoch: 500, Loss: 0.0509, Train: 78.44%, Valid: 78.73%, Test: 79.24%, Best Valid: 79.20%, Best Test: 79.72%
Epoch: 600, Loss: 0.0569, Train: 74.74%, Valid: 75.09%, Test: 74.48%, Best Valid: 79.20%, Best Test: 79.72%
Epoch: 700, Loss: 0.0276, Train: 76.79%, Valid: 76.95%, Test: 77.10%, Best Valid: 79.20%, Best Test: 79.72%
Epoch: 800, Loss: 0.0036, Train: 74.37%, Valid: 74.65%, Test: 74.34%, Best Valid: 80.95%, Best Test: 81.10%
Epoch: 900, Loss: 0.0489, Train: 78.52%, Valid: 79.13%, Test: 79.68%, Best Valid: 81.16%, Best Test: 81.57%
Epoch: 1000, Loss: 0.0336, Train: 80.35%, Valid: 79.89%, Test: 80.63%, Best Valid: 81.42%, Best Test: 82.01%
Epoch: 1100, Loss: 0.0187, Train: 75.46%, Valid: 75.96%, Test: 75.35%, Best Valid: 81.60%, Best Test: 81.93%
Run 04:
Highest Train: 81.82
Highest Valid: 82.04
Highest Test: 82.41
Chosen epoch: 1191
Final Train: 81.60
Final Test: 82.19
Label budget: 20/class -> 200 train nodes
Pre-training MLP for 500 epochs to generate co-occurrence matrix...
Penalty transform 'shuffle': rel Frobenius dist to original = 0.2861, off-diag CV of original penalty = 0.1690
MLP pre-training complete. Penalty matrix frozen.
Epoch: 00, Loss: 2.6843, Train: 3.42%, Valid: 4.07%, Test: 3.64%, Best Valid: 4.07%, Best Test: 3.64%
Epoch: 100, Loss: 2.4798, Train: 3.36%, Valid: 4.00%, Test: 3.64%, Best Valid: 36.36%, Best Test: 38.71%
Switching Polynormer to global attention phase.
Epoch: 200, Loss: 2.4177, Train: 6.04%, Valid: 6.25%, Test: 5.38%, Best Valid: 47.31%, Best Test: 49.44%
Epoch: 300, Loss: 0.5276, Train: 56.61%, Valid: 57.42%, Test: 57.91%, Best Valid: 68.84%, Best Test: 69.47%
Epoch: 400, Loss: 0.2773, Train: 65.41%, Valid: 64.76%, Test: 65.90%, Best Valid: 74.33%, Best Test: 75.14%
Epoch: 500, Loss: 0.0891, Train: 75.09%, Valid: 74.84%, Test: 75.32%, Best Valid: 75.05%, Best Test: 76.88%
Epoch: 600, Loss: 0.0491, Train: 70.44%, Valid: 69.24%, Test: 70.23%, Best Valid: 76.95%, Best Test: 78.63%
Epoch: 700, Loss: 0.0179, Train: 71.41%, Valid: 71.93%, Test: 72.01%, Best Valid: 78.47%, Best Test: 80.12%
Epoch: 800, Loss: 0.0493, Train: 77.28%, Valid: 76.87%, Test: 78.23%, Best Valid: 78.47%, Best Test: 80.12%
Epoch: 900, Loss: 0.0179, Train: 77.58%, Valid: 77.20%, Test: 78.41%, Best Valid: 78.80%, Best Test: 81.10%
Epoch: 1000, Loss: 0.0052, Train: 78.21%, Valid: 77.89%, Test: 79.06%, Best Valid: 79.38%, Best Test: 81.10%
Epoch: 1100, Loss: 0.0170, Train: 76.61%, Valid: 76.36%, Test: 78.01%, Best Valid: 79.38%, Best Test: 81.10%
Run 05:
Highest Train: 80.88
Highest Valid: 79.85
Highest Test: 82.73
Chosen epoch: 1110
Final Train: 80.78
Final Test: 82.70
Label budget: 20/class -> 200 train nodes
Pre-training MLP for 500 epochs to generate co-occurrence matrix...
Penalty transform 'shuffle': rel Frobenius dist to original = 0.2861, off-diag CV of original penalty = 0.1709
MLP pre-training complete. Penalty matrix frozen.
Epoch: 00, Loss: 2.6594, Train: 10.62%, Valid: 9.53%, Test: 10.03%, Best Valid: 9.53%, Best Test: 10.03%
Epoch: 100, Loss: 2.4325, Train: 3.36%, Valid: 4.00%, Test: 3.64%, Best Valid: 36.22%, Best Test: 38.68%
Switching Polynormer to global attention phase.
Epoch: 200, Loss: 2.4177, Train: 37.61%, Valid: 36.18%, Test: 38.53%, Best Valid: 44.84%, Best Test: 45.33%
Epoch: 300, Loss: 0.2932, Train: 70.54%, Valid: 70.80%, Test: 70.48%, Best Valid: 73.05%, Best Test: 73.36%
Epoch: 400, Loss: 0.1673, Train: 73.47%, Valid: 73.67%, Test: 74.19%, Best Valid: 76.25%, Best Test: 77.61%
Epoch: 500, Loss: 0.0962, Train: 70.10%, Valid: 70.11%, Test: 69.87%, Best Valid: 76.25%, Best Test: 77.61%
Epoch: 600, Loss: 0.0264, Train: 76.29%, Valid: 75.49%, Test: 75.83%, Best Valid: 76.55%, Best Test: 77.06%
Epoch: 700, Loss: 0.0091, Train: 75.72%, Valid: 75.31%, Test: 75.86%, Best Valid: 80.00%, Best Test: 80.92%
Epoch: 800, Loss: 0.0201, Train: 73.25%, Valid: 72.91%, Test: 72.92%, Best Valid: 80.00%, Best Test: 80.92%
Epoch: 900, Loss: 0.1090, Train: 79.19%, Valid: 78.62%, Test: 79.10%, Best Valid: 80.00%, Best Test: 80.92%
Epoch: 1000, Loss: 0.3575, Train: 75.75%, Valid: 74.98%, Test: 75.86%, Best Valid: 80.25%, Best Test: 80.59%
Epoch: 1100, Loss: 0.0303, Train: 74.71%, Valid: 74.33%, Test: 74.77%, Best Valid: 80.25%, Best Test: 80.59%
Run 06:
Highest Train: 80.41
Highest Valid: 80.25
Highest Test: 80.99
Chosen epoch: 959
Final Train: 80.09
Final Test: 80.59
Label budget: 20/class -> 200 train nodes
Pre-training MLP for 500 epochs to generate co-occurrence matrix...
Penalty transform 'shuffle': rel Frobenius dist to original = 0.2273, off-diag CV of original penalty = 0.1458
MLP pre-training complete. Penalty matrix frozen.
Epoch: 00, Loss: 2.6729, Train: 6.33%, Valid: 5.45%, Test: 6.32%, Best Valid: 5.45%, Best Test: 6.32%
Epoch: 100, Loss: 2.4900, Train: 15.79%, Valid: 16.33%, Test: 14.69%, Best Valid: 16.33%, Best Test: 14.69%
Switching Polynormer to global attention phase.
Epoch: 200, Loss: 2.4177, Train: 15.79%, Valid: 16.33%, Test: 14.69%, Best Valid: 65.71%, Best Test: 66.16%
Epoch: 300, Loss: 0.3996, Train: 75.34%, Valid: 74.62%, Test: 75.57%, Best Valid: 77.53%, Best Test: 79.90%
Epoch: 400, Loss: 0.0927, Train: 78.88%, Valid: 78.55%, Test: 80.19%, Best Valid: 80.18%, Best Test: 82.15%
Epoch: 500, Loss: 0.1193, Train: 71.60%, Valid: 72.84%, Test: 73.97%, Best Valid: 81.05%, Best Test: 82.59%
Epoch: 600, Loss: 0.1069, Train: 76.72%, Valid: 77.35%, Test: 77.46%, Best Valid: 81.05%, Best Test: 82.59%
Epoch: 700, Loss: 0.0163, Train: 78.10%, Valid: 77.31%, Test: 78.99%, Best Valid: 81.13%, Best Test: 81.13%
Epoch: 800, Loss: 0.0173, Train: 78.22%, Valid: 77.53%, Test: 77.83%, Best Valid: 81.53%, Best Test: 81.68%
Epoch: 900, Loss: 0.0034, Train: 80.32%, Valid: 80.44%, Test: 81.28%, Best Valid: 81.53%, Best Test: 81.68%
Epoch: 1000, Loss: 0.0034, Train: 80.84%, Valid: 80.95%, Test: 82.26%, Best Valid: 81.53%, Best Test: 81.68%
Epoch: 1100, Loss: 0.0118, Train: 80.33%, Valid: 79.45%, Test: 80.77%, Best Valid: 81.60%, Best Test: 81.75%
Run 07:
Highest Train: 81.77
Highest Valid: 81.60
Highest Test: 82.59
Chosen epoch: 1043
Final Train: 81.24
Final Test: 81.75
Label budget: 20/class -> 200 train nodes
Pre-training MLP for 500 epochs to generate co-occurrence matrix...
Penalty transform 'shuffle': rel Frobenius dist to original = 0.2421, off-diag CV of original penalty = 0.1528
MLP pre-training complete. Penalty matrix frozen.
Epoch: 00, Loss: 2.6759, Train: 15.78%, Valid: 16.33%, Test: 14.72%, Best Valid: 16.33%, Best Test: 14.72%
Epoch: 100, Loss: 2.4074, Train: 37.61%, Valid: 36.18%, Test: 38.53%, Best Valid: 36.22%, Best Test: 38.53%
Switching Polynormer to global attention phase.
Epoch: 200, Loss: 2.4177, Train: 3.36%, Valid: 4.00%, Test: 3.64%, Best Valid: 62.25%, Best Test: 61.58%
Epoch: 300, Loss: 0.4728, Train: 67.82%, Valid: 67.56%, Test: 70.08%, Best Valid: 77.20%, Best Test: 78.30%
Epoch: 400, Loss: 0.2514, Train: 80.83%, Valid: 80.15%, Test: 81.86%, Best Valid: 82.00%, Best Test: 83.72%
Epoch: 500, Loss: 0.1007, Train: 83.20%, Valid: 82.15%, Test: 83.79%, Best Valid: 82.58%, Best Test: 84.59%
Epoch: 600, Loss: 0.1275, Train: 81.89%, Valid: 80.95%, Test: 84.33%, Best Valid: 83.71%, Best Test: 85.68%
Epoch: 700, Loss: 0.0584, Train: 80.44%, Valid: 80.29%, Test: 81.35%, Best Valid: 83.71%, Best Test: 85.68%
Epoch: 800, Loss: 0.1452, Train: 80.96%, Valid: 80.18%, Test: 81.82%, Best Valid: 83.71%, Best Test: 85.68%
Epoch: 900, Loss: 0.0167, Train: 82.05%, Valid: 80.76%, Test: 83.21%, Best Valid: 83.71%, Best Test: 85.68%
Epoch: 1000, Loss: 0.0055, Train: 81.91%, Valid: 81.09%, Test: 82.44%, Best Valid: 83.71%, Best Test: 85.68%
Epoch: 1100, Loss: 0.0025, Train: 81.57%, Valid: 80.80%, Test: 81.97%, Best Valid: 83.71%, Best Test: 85.68%
Run 08:
Highest Train: 84.49
Highest Valid: 83.71
Highest Test: 85.68
Chosen epoch: 560
Final Train: 84.49
Final Test: 85.68
Label budget: 20/class -> 200 train nodes
Pre-training MLP for 500 epochs to generate co-occurrence matrix...
Penalty transform 'shuffle': rel Frobenius dist to original = 0.2931, off-diag CV of original penalty = 0.1653
MLP pre-training complete. Penalty matrix frozen.
Epoch: 00, Loss: 2.7343, Train: 3.87%, Valid: 3.78%, Test: 4.43%, Best Valid: 3.78%, Best Test: 4.43%
Epoch: 100, Loss: 2.4338, Train: 2.18%, Valid: 2.29%, Test: 2.36%, Best Valid: 36.25%, Best Test: 38.57%
Switching Polynormer to global attention phase.
Epoch: 200, Loss: 2.4177, Train: 1.96%, Valid: 2.55%, Test: 2.14%, Best Valid: 70.58%, Best Test: 69.47%
Epoch: 300, Loss: 0.4854, Train: 74.66%, Valid: 75.38%, Test: 77.06%, Best Valid: 77.96%, Best Test: 78.55%
Epoch: 400, Loss: 0.1621, Train: 80.12%, Valid: 80.58%, Test: 80.59%, Best Valid: 80.58%, Best Test: 80.59%
Epoch: 500, Loss: 0.0809, Train: 81.77%, Valid: 80.84%, Test: 81.21%, Best Valid: 81.27%, Best Test: 81.42%
Epoch: 600, Loss: 0.0377, Train: 80.29%, Valid: 79.45%, Test: 80.44%, Best Valid: 81.27%, Best Test: 81.42%
Epoch: 700, Loss: 0.0177, Train: 81.31%, Valid: 80.33%, Test: 81.93%, Best Valid: 81.27%, Best Test: 81.42%
Epoch: 800, Loss: 0.0138, Train: 81.34%, Valid: 81.05%, Test: 81.61%, Best Valid: 81.38%, Best Test: 82.15%
Epoch: 900, Loss: 0.0082, Train: 73.89%, Valid: 73.49%, Test: 74.85%, Best Valid: 81.38%, Best Test: 82.15%
Epoch: 1000, Loss: 0.0072, Train: 78.85%, Valid: 78.55%, Test: 80.26%, Best Valid: 81.38%, Best Test: 82.15%
Epoch: 1100, Loss: 0.0022, Train: 77.24%, Valid: 77.20%, Test: 78.26%, Best Valid: 81.38%, Best Test: 82.15%
Run 09:
Highest Train: 81.97
Highest Valid: 81.38
Highest Test: 82.92
Chosen epoch: 796
Final Train: 81.74
Final Test: 82.15
Label budget: 20/class -> 200 train nodes
Pre-training MLP for 500 epochs to generate co-occurrence matrix...
Penalty transform 'shuffle': rel Frobenius dist to original = 0.2292, off-diag CV of original penalty = 0.1204
MLP pre-training complete. Penalty matrix frozen.
Epoch: 00, Loss: 2.8250, Train: 15.50%, Valid: 16.00%, Test: 15.38%, Best Valid: 16.00%, Best Test: 15.38%
Epoch: 100, Loss: 2.4550, Train: 12.79%, Valid: 11.82%, Test: 12.40%, Best Valid: 32.98%, Best Test: 34.97%
Switching Polynormer to global attention phase.
Epoch: 200, Loss: 2.4177, Train: 37.61%, Valid: 36.18%, Test: 38.53%, Best Valid: 64.51%, Best Test: 64.81%
Epoch: 300, Loss: 0.2697, Train: 71.57%, Valid: 72.44%, Test: 71.72%, Best Valid: 76.18%, Best Test: 75.83%
Epoch: 400, Loss: 0.0377, Train: 80.43%, Valid: 80.07%, Test: 80.95%, Best Valid: 80.07%, Best Test: 80.63%
Epoch: 500, Loss: 0.0926, Train: 74.74%, Valid: 75.64%, Test: 76.66%, Best Valid: 80.87%, Best Test: 80.99%
Epoch: 600, Loss: 0.0599, Train: 71.13%, Valid: 72.36%, Test: 72.45%, Best Valid: 81.05%, Best Test: 81.57%
Epoch: 700, Loss: 0.0793, Train: 78.72%, Valid: 79.02%, Test: 79.53%, Best Valid: 81.05%, Best Test: 81.57%
Epoch: 800, Loss: 0.0079, Train: 75.24%, Valid: 75.85%, Test: 76.55%, Best Valid: 81.60%, Best Test: 81.46%
Epoch: 900, Loss: 0.0090, Train: 76.44%, Valid: 76.33%, Test: 77.06%, Best Valid: 81.60%, Best Test: 81.46%
Epoch: 1000, Loss: 0.0024, Train: 77.65%, Valid: 77.45%, Test: 78.30%, Best Valid: 81.60%, Best Test: 81.46%
Epoch: 1100, Loss: 0.0112, Train: 76.09%, Valid: 76.47%, Test: 76.66%, Best Valid: 81.60%, Best Test: 81.46%
Run 10:
Highest Train: 81.20
Highest Valid: 81.60
Highest Test: 82.15
Chosen epoch: 772
Final Train: 80.78
Final Test: 81.46
All runs:
Highest Train: 82.04 ± 1.16
Highest Test: 83.14 ± 1.31
Highest Valid: 81.96 ± 1.32
  Final Train: 81.86 ± 1.28
   Final Test: 82.80 ± 1.50
Saving results to ../results/lowlabel/amazon-computer/polynormer.csv
--- mlp_reg/shuffle placebo | lambda=0.1 ---
Namespace(aggregate='add', alpha=0.5, attention='gcn', beta=-1.0, bn=False, budget_tag='20', count_reg=False, count_smoothing=1.0, cpu=False, data_dir='../data/', dataset='amazon-computer', device=0, dim_inner=64, display_step=100, dropout=0.7, epochs=500, global_dropout=None, global_epochs=1000, global_layers=1, gnn='gcn', graph_weight=0.8, hidden_channels=64, hops=10, in_dropout=0.2, jk=False, label_num_per_class=20, lambda_val=0.1, layers=1, ln=False, local_epochs=200, local_gnn_type='GCN', local_layers=5, lr=0.001, metric='acc', mlp_epochs=500, mlp_reg=True, model='polynormer', model_dir='models/lowlabel_ctrl_1214890_60', n_heads=8, num_centroids=4096, num_heads=8, oracle_reg=False, paired_seeds=True, pe_types='RWSE', penalty_transform='shuffle', pre_linear=False, pre_ln=False, rand_split=False, rand_split_class=False, reg_start_epoch=10, reg_update_freq=5, res=False, resample_split_per_run=False, result_dir='../results/lowlabel', runs=10, save_model=True, save_result=False, seed=42, test_num=1000, tr_dropout=None, tr_layers=1, tr_weight_decay=None, train_per_class=20, train_prop=0.5, use_act=False, use_bn=False, use_graph=False, use_reg=True, use_residual=False, use_weight=False, valid_num=500, valid_per_class=0, valid_prop=0.25, weight_decay=5e-05)
amazon-computer
dataset amazon-computer | num nodes 13752 | num edge 491722 | num node feats 767 | num classes 10
MODEL: Polynormer(
  (h_lins): ModuleList(
    (0): Linear(in_features=512, out_features=512, bias=True)
    (1): Linear(in_features=512, out_features=512, bias=True)
    (2): Linear(in_features=512, out_features=512, bias=True)
    (3): Linear(in_features=512, out_features=512, bias=True)
    (4): Linear(in_features=512, out_features=512, bias=True)
  )
  (local_convs): ModuleList(
    (0): GATConv(512, 64, heads=8)
    (1): GATConv(512, 64, heads=8)
    (2): GATConv(512, 64, heads=8)
    (3): GATConv(512, 64, heads=8)
    (4): GATConv(512, 64, heads=8)
  )
  (lins): ModuleList(
    (0): Linear(in_features=512, out_features=512, bias=True)
    (1): Linear(in_features=512, out_features=512, bias=True)
    (2): Linear(in_features=512, out_features=512, bias=True)
    (3): Linear(in_features=512, out_features=512, bias=True)
    (4): Linear(in_features=512, out_features=512, bias=True)
  )
  (lns): ModuleList(
    (0): LayerNorm((512,), eps=1e-05, elementwise_affine=True)
    (1): LayerNorm((512,), eps=1e-05, elementwise_affine=True)
    (2): LayerNorm((512,), eps=1e-05, elementwise_affine=True)
    (3): LayerNorm((512,), eps=1e-05, elementwise_affine=True)
    (4): LayerNorm((512,), eps=1e-05, elementwise_affine=True)
  )
  (lin_in): Linear(in_features=767, out_features=512, bias=True)
  (ln): LayerNorm((512,), eps=1e-05, elementwise_affine=True)
  (global_attn): GlobalAttn(
    (h_lins): ModuleList(
      (0): Linear(in_features=512, out_features=512, bias=True)
    )
    (k_lins): ModuleList(
      (0): Linear(in_features=512, out_features=512, bias=True)
    )
    (v_lins): ModuleList(
      (0): Linear(in_features=512, out_features=512, bias=True)
    )
    (lns): ModuleList(
      (0): LayerNorm((512,), eps=1e-05, elementwise_affine=True)
    )
    (lin_out): Linear(in_features=512, out_features=512, bias=True)
  )
  (pred_local): Linear(in_features=512, out_features=10, bias=True)
  (pred_global): Linear(in_features=512, out_features=10, bias=True)
)
Label budget: 20/class -> 200 train nodes
Pre-training MLP for 500 epochs to generate co-occurrence matrix...
Penalty transform 'shuffle': rel Frobenius dist to original = 0.2615, off-diag CV of original penalty = 0.1431
MLP pre-training complete. Penalty matrix frozen.
Epoch: 00, Loss: 2.8023, Train: 3.84%, Valid: 3.75%, Test: 4.43%, Best Valid: 3.75%, Best Test: 4.43%
Epoch: 100, Loss: 2.5716, Train: 3.10%, Valid: 3.13%, Test: 3.42%, Best Valid: 5.96%, Best Test: 5.53%
Switching Polynormer to global attention phase.
Epoch: 200, Loss: 2.5795, Train: 52.58%, Valid: 52.98%, Test: 53.04%, Best Valid: 65.20%, Best Test: 66.05%
Epoch: 300, Loss: 0.2634, Train: 74.80%, Valid: 74.80%, Test: 77.03%, Best Valid: 77.13%, Best Test: 78.52%
Epoch: 400, Loss: 0.0365, Train: 76.02%, Valid: 76.76%, Test: 76.81%, Best Valid: 82.40%, Best Test: 83.17%
Epoch: 500, Loss: 0.0124, Train: 78.73%, Valid: 79.42%, Test: 80.01%, Best Valid: 83.09%, Best Test: 83.68%
Epoch: 600, Loss: 0.0083, Train: 80.68%, Valid: 80.95%, Test: 82.99%, Best Valid: 83.09%, Best Test: 83.68%
Epoch: 700, Loss: 0.0786, Train: 78.29%, Valid: 78.87%, Test: 79.21%, Best Valid: 83.16%, Best Test: 84.70%
Epoch: 800, Loss: 0.0274, Train: 77.63%, Valid: 78.91%, Test: 78.77%, Best Valid: 83.16%, Best Test: 84.70%
Epoch: 900, Loss: 0.0772, Train: 76.75%, Valid: 78.07%, Test: 77.61%, Best Valid: 83.16%, Best Test: 84.70%
Epoch: 1000, Loss: 0.0149, Train: 76.86%, Valid: 77.93%, Test: 78.52%, Best Valid: 83.16%, Best Test: 84.70%
Epoch: 1100, Loss: 0.0195, Train: 80.64%, Valid: 81.78%, Test: 82.66%, Best Valid: 83.16%, Best Test: 84.70%
Run 01:
Highest Train: 82.60
Highest Valid: 83.16
Highest Test: 84.77
Chosen epoch: 612
Final Train: 82.60
Final Test: 84.70
Label budget: 20/class -> 200 train nodes
Pre-training MLP for 500 epochs to generate co-occurrence matrix...
Penalty transform 'shuffle': rel Frobenius dist to original = 0.2212, off-diag CV of original penalty = 0.1260
MLP pre-training complete. Penalty matrix frozen.
Epoch: 00, Loss: 2.7540, Train: 2.13%, Valid: 2.58%, Test: 2.25%, Best Valid: 2.58%, Best Test: 2.25%
Epoch: 100, Loss: 2.5624, Train: 3.78%, Valid: 3.71%, Test: 3.89%, Best Valid: 36.18%, Best Test: 38.53%
Switching Polynormer to global attention phase.
Epoch: 200, Loss: 2.5328, Train: 15.79%, Valid: 16.33%, Test: 14.69%, Best Valid: 77.16%, Best Test: 78.41%
Epoch: 300, Loss: 0.3304, Train: 62.34%, Valid: 62.44%, Test: 62.96%, Best Valid: 81.24%, Best Test: 82.12%
Epoch: 400, Loss: 0.0936, Train: 74.23%, Valid: 74.07%, Test: 74.88%, Best Valid: 81.56%, Best Test: 81.57%
Epoch: 500, Loss: 0.0769, Train: 81.41%, Valid: 81.38%, Test: 82.73%, Best Valid: 82.84%, Best Test: 83.10%
Epoch: 600, Loss: 0.1024, Train: 78.27%, Valid: 78.15%, Test: 80.12%, Best Valid: 82.84%, Best Test: 83.10%
Epoch: 700, Loss: 0.0408, Train: 79.34%, Valid: 78.69%, Test: 80.77%, Best Valid: 82.84%, Best Test: 83.10%
Epoch: 800, Loss: 0.0093, Train: 78.58%, Valid: 78.73%, Test: 79.61%, Best Valid: 82.84%, Best Test: 83.10%
Epoch: 900, Loss: 0.0109, Train: 78.69%, Valid: 78.22%, Test: 80.19%, Best Valid: 82.84%, Best Test: 83.10%
Epoch: 1000, Loss: 0.0065, Train: 78.10%, Valid: 78.00%, Test: 79.24%, Best Valid: 82.84%, Best Test: 83.10%
Epoch: 1100, Loss: 0.0132, Train: 81.03%, Valid: 80.80%, Test: 82.81%, Best Valid: 82.84%, Best Test: 83.10%
Run 02:
Highest Train: 82.91
Highest Valid: 82.84
Highest Test: 83.86
Chosen epoch: 407
Final Train: 82.91
Final Test: 83.10
Label budget: 20/class -> 200 train nodes
Pre-training MLP for 500 epochs to generate co-occurrence matrix...
Penalty transform 'shuffle': rel Frobenius dist to original = 0.2681, off-diag CV of original penalty = 0.1533
MLP pre-training complete. Penalty matrix frozen.
Epoch: 00, Loss: 2.7375, Train: 10.63%, Valid: 9.53%, Test: 10.00%, Best Valid: 9.53%, Best Test: 10.00%
Epoch: 100, Loss: 2.5918, Train: 41.92%, Valid: 39.42%, Test: 41.08%, Best Valid: 39.42%, Best Test: 41.08%
Switching Polynormer to global attention phase.
Epoch: 200, Loss: 2.5328, Train: 15.79%, Valid: 16.33%, Test: 14.69%, Best Valid: 58.04%, Best Test: 57.69%
Epoch: 300, Loss: 0.4648, Train: 71.87%, Valid: 71.75%, Test: 73.75%, Best Valid: 74.58%, Best Test: 77.21%
Epoch: 400, Loss: 0.1894, Train: 81.20%, Valid: 80.47%, Test: 82.88%, Best Valid: 80.84%, Best Test: 82.41%
Epoch: 500, Loss: 0.1978, Train: 79.47%, Valid: 79.60%, Test: 81.61%, Best Valid: 82.65%, Best Test: 84.19%
Epoch: 600, Loss: 0.1361, Train: 77.70%, Valid: 77.60%, Test: 79.86%, Best Valid: 83.78%, Best Test: 85.35%
Epoch: 700, Loss: 0.0595, Train: 82.57%, Valid: 82.18%, Test: 83.72%, Best Valid: 84.25%, Best Test: 86.01%
Epoch: 800, Loss: 0.0437, Train: 83.47%, Valid: 83.60%, Test: 85.46%, Best Valid: 84.25%, Best Test: 86.01%
Epoch: 900, Loss: 0.0068, Train: 82.03%, Valid: 82.80%, Test: 84.26%, Best Valid: 84.25%, Best Test: 86.01%
Epoch: 1000, Loss: 0.0171, Train: 83.02%, Valid: 83.64%, Test: 84.91%, Best Valid: 84.25%, Best Test: 86.01%
Epoch: 1100, Loss: 0.0230, Train: 81.93%, Valid: 82.80%, Test: 83.24%, Best Valid: 84.55%, Best Test: 85.79%
Run 03:
Highest Train: 84.22
Highest Valid: 84.55
Highest Test: 86.80
Chosen epoch: 1078
Final Train: 83.98
Final Test: 85.79
Label budget: 20/class -> 200 train nodes
Pre-training MLP for 500 epochs to generate co-occurrence matrix...
Penalty transform 'shuffle': rel Frobenius dist to original = 0.2560, off-diag CV of original penalty = 0.1487
MLP pre-training complete. Penalty matrix frozen.
Epoch: 00, Loss: 2.9086, Train: 3.84%, Valid: 3.78%, Test: 4.43%, Best Valid: 3.78%, Best Test: 4.43%
Epoch: 100, Loss: 2.5267, Train: 37.61%, Valid: 36.18%, Test: 38.53%, Best Valid: 37.31%, Best Test: 39.62%
Switching Polynormer to global attention phase.
Epoch: 200, Loss: 2.5328, Train: 2.18%, Valid: 2.29%, Test: 2.36%, Best Valid: 66.73%, Best Test: 68.38%
Epoch: 300, Loss: 0.5322, Train: 71.57%, Valid: 71.60%, Test: 72.45%, Best Valid: 73.85%, Best Test: 75.14%
Epoch: 400, Loss: 0.2045, Train: 79.13%, Valid: 80.04%, Test: 79.50%, Best Valid: 80.51%, Best Test: 80.08%
Epoch: 500, Loss: 0.0789, Train: 76.50%, Valid: 76.87%, Test: 75.97%, Best Valid: 81.64%, Best Test: 82.22%
Epoch: 600, Loss: 0.0132, Train: 79.69%, Valid: 79.53%, Test: 79.97%, Best Valid: 82.47%, Best Test: 82.84%
Epoch: 700, Loss: 0.0207, Train: 80.04%, Valid: 80.04%, Test: 80.30%, Best Valid: 82.47%, Best Test: 82.84%
Epoch: 800, Loss: 0.0799, Train: 81.32%, Valid: 80.62%, Test: 81.90%, Best Valid: 82.65%, Best Test: 82.70%
Epoch: 900, Loss: 0.0616, Train: 83.07%, Valid: 82.47%, Test: 83.86%, Best Valid: 83.31%, Best Test: 82.95%
Epoch: 1000, Loss: 0.0041, Train: 78.65%, Valid: 79.64%, Test: 79.06%, Best Valid: 83.45%, Best Test: 84.30%
Epoch: 1100, Loss: 0.0168, Train: 78.67%, Valid: 78.73%, Test: 79.24%, Best Valid: 83.45%, Best Test: 84.30%
Run 04:
Highest Train: 83.48
Highest Valid: 83.45
Highest Test: 84.77
Chosen epoch: 993
Final Train: 83.48
Final Test: 84.30
Label budget: 20/class -> 200 train nodes
Pre-training MLP for 500 epochs to generate co-occurrence matrix...
Penalty transform 'shuffle': rel Frobenius dist to original = 0.2861, off-diag CV of original penalty = 0.1690
MLP pre-training complete. Penalty matrix frozen.
Epoch: 00, Loss: 2.8121, Train: 3.36%, Valid: 4.07%, Test: 3.64%, Best Valid: 4.07%, Best Test: 3.64%
Epoch: 100, Loss: 2.6122, Train: 3.36%, Valid: 4.00%, Test: 3.64%, Best Valid: 36.18%, Best Test: 38.53%
Switching Polynormer to global attention phase.
Epoch: 200, Loss: 2.5328, Train: 15.79%, Valid: 16.33%, Test: 14.69%, Best Valid: 47.89%, Best Test: 49.91%
Epoch: 300, Loss: 0.8957, Train: 65.12%, Valid: 64.55%, Test: 65.10%, Best Valid: 64.55%, Best Test: 65.10%
Epoch: 400, Loss: 0.2770, Train: 75.58%, Valid: 74.62%, Test: 75.43%, Best Valid: 74.62%, Best Test: 75.43%
Epoch: 500, Loss: 0.0994, Train: 74.45%, Valid: 74.04%, Test: 75.17%, Best Valid: 76.73%, Best Test: 78.26%
Epoch: 600, Loss: 0.0562, Train: 75.87%, Valid: 74.69%, Test: 76.37%, Best Valid: 77.27%, Best Test: 78.44%
Epoch: 700, Loss: 0.0959, Train: 72.69%, Valid: 71.49%, Test: 73.25%, Best Valid: 79.35%, Best Test: 80.73%
Epoch: 800, Loss: 0.0052, Train: 76.49%, Valid: 75.89%, Test: 76.55%, Best Valid: 79.75%, Best Test: 80.77%
Epoch: 900, Loss: 0.0838, Train: 76.54%, Valid: 76.98%, Test: 77.79%, Best Valid: 79.75%, Best Test: 80.77%
Epoch: 1000, Loss: 0.0428, Train: 75.09%, Valid: 75.27%, Test: 75.65%, Best Valid: 79.75%, Best Test: 80.77%
Epoch: 1100, Loss: 0.0501, Train: 78.44%, Valid: 77.75%, Test: 79.46%, Best Valid: 79.75%, Best Test: 80.77%
Run 05:
Highest Train: 80.74
Highest Valid: 79.75
Highest Test: 80.95
Chosen epoch: 707
Final Train: 80.74
Final Test: 80.77
Label budget: 20/class -> 200 train nodes
Pre-training MLP for 500 epochs to generate co-occurrence matrix...
Penalty transform 'shuffle': rel Frobenius dist to original = 0.2861, off-diag CV of original penalty = 0.1709
MLP pre-training complete. Penalty matrix frozen.
Epoch: 00, Loss: 2.7860, Train: 10.62%, Valid: 9.53%, Test: 10.03%, Best Valid: 9.53%, Best Test: 10.03%
Epoch: 100, Loss: 2.5972, Train: 3.36%, Valid: 4.00%, Test: 3.64%, Best Valid: 23.38%, Best Test: 22.39%
Switching Polynormer to global attention phase.
Epoch: 200, Loss: 2.5328, Train: 2.18%, Valid: 2.29%, Test: 2.36%, Best Valid: 47.42%, Best Test: 50.02%
Epoch: 300, Loss: 0.6876, Train: 41.79%, Valid: 42.95%, Test: 43.11%, Best Valid: 54.58%, Best Test: 54.60%
Epoch: 400, Loss: 0.4115, Train: 66.13%, Valid: 66.11%, Test: 67.32%, Best Valid: 69.45%, Best Test: 71.10%
Epoch: 500, Loss: 0.2196, Train: 65.14%, Valid: 65.75%, Test: 65.65%, Best Valid: 73.45%, Best Test: 75.32%
Epoch: 600, Loss: 0.1245, Train: 66.77%, Valid: 67.27%, Test: 67.58%, Best Valid: 75.09%, Best Test: 76.05%
Epoch: 700, Loss: 0.0805, Train: 73.00%, Valid: 72.47%, Test: 73.43%, Best Valid: 76.07%, Best Test: 77.39%
Epoch: 800, Loss: 0.1107, Train: 70.14%, Valid: 70.22%, Test: 69.57%, Best Valid: 76.29%, Best Test: 76.30%
Epoch: 900, Loss: 0.0386, Train: 74.27%, Valid: 74.44%, Test: 75.32%, Best Valid: 77.24%, Best Test: 78.66%
Epoch: 1000, Loss: 0.0184, Train: 73.34%, Valid: 72.33%, Test: 73.72%, Best Valid: 77.31%, Best Test: 78.15%
Epoch: 1100, Loss: 0.0415, Train: 72.03%, Valid: 71.82%, Test: 72.92%, Best Valid: 78.55%, Best Test: 80.08%
Run 06:
Highest Train: 79.02
Highest Valid: 78.55
Highest Test: 80.33
Chosen epoch: 1009
Final Train: 79.02
Final Test: 80.08
Label budget: 20/class -> 200 train nodes
Pre-training MLP for 500 epochs to generate co-occurrence matrix...
Penalty transform 'shuffle': rel Frobenius dist to original = 0.2273, off-diag CV of original penalty = 0.1458
MLP pre-training complete. Penalty matrix frozen.
Epoch: 00, Loss: 2.8002, Train: 3.75%, Valid: 3.53%, Test: 4.36%, Best Valid: 3.53%, Best Test: 4.36%
Epoch: 100, Loss: 2.5983, Train: 3.36%, Valid: 4.00%, Test: 3.64%, Best Valid: 36.18%, Best Test: 38.53%
Switching Polynormer to global attention phase.
Epoch: 200, Loss: 2.5328, Train: 15.79%, Valid: 16.33%, Test: 14.69%, Best Valid: 68.62%, Best Test: 69.65%
Epoch: 300, Loss: 0.3267, Train: 77.07%, Valid: 77.35%, Test: 78.30%, Best Valid: 79.60%, Best Test: 80.19%
Epoch: 400, Loss: 0.1190, Train: 78.17%, Valid: 77.96%, Test: 79.53%, Best Valid: 82.98%, Best Test: 83.53%
Epoch: 500, Loss: 0.0607, Train: 81.20%, Valid: 80.98%, Test: 82.66%, Best Valid: 82.98%, Best Test: 83.53%
Epoch: 600, Loss: 0.0853, Train: 82.60%, Valid: 82.84%, Test: 83.57%, Best Valid: 82.98%, Best Test: 83.53%
Epoch: 700, Loss: 0.0763, Train: 79.40%, Valid: 79.49%, Test: 80.41%, Best Valid: 83.13%, Best Test: 84.08%
Epoch: 800, Loss: 0.0456, Train: 76.41%, Valid: 75.64%, Test: 76.12%, Best Valid: 83.13%, Best Test: 84.08%
Epoch: 900, Loss: 0.0077, Train: 78.32%, Valid: 78.55%, Test: 79.50%, Best Valid: 83.13%, Best Test: 84.08%
Epoch: 1000, Loss: 0.0200, Train: 80.84%, Valid: 80.95%, Test: 81.53%, Best Valid: 83.13%, Best Test: 84.08%
Epoch: 1100, Loss: 0.0081, Train: 79.92%, Valid: 79.05%, Test: 80.52%, Best Valid: 83.13%, Best Test: 84.08%
Run 07:
Highest Train: 83.31
Highest Valid: 83.13
Highest Test: 84.08
Chosen epoch: 638
Final Train: 83.21
Final Test: 84.08
Label budget: 20/class -> 200 train nodes
Pre-training MLP for 500 epochs to generate co-occurrence matrix...
Penalty transform 'shuffle': rel Frobenius dist to original = 0.2421, off-diag CV of original penalty = 0.1528
MLP pre-training complete. Penalty matrix frozen.
Epoch: 00, Loss: 2.8034, Train: 15.78%, Valid: 16.33%, Test: 14.72%, Best Valid: 16.33%, Best Test: 14.72%
Epoch: 100, Loss: 2.5171, Train: 37.61%, Valid: 36.18%, Test: 38.53%, Best Valid: 39.16%, Best Test: 41.00%
Switching Polynormer to global attention phase.
Epoch: 200, Loss: 2.5328, Train: 1.96%, Valid: 2.55%, Test: 2.14%, Best Valid: 59.38%, Best Test: 59.98%
Epoch: 300, Loss: 0.4836, Train: 77.52%, Valid: 76.98%, Test: 78.81%, Best Valid: 81.75%, Best Test: 82.88%
Epoch: 400, Loss: 0.2107, Train: 82.73%, Valid: 81.38%, Test: 83.57%, Best Valid: 83.05%, Best Test: 84.55%
Epoch: 500, Loss: 0.0961, Train: 82.67%, Valid: 82.15%, Test: 83.64%, Best Valid: 83.20%, Best Test: 84.11%
Epoch: 600, Loss: 0.0321, Train: 83.42%, Valid: 83.31%, Test: 84.33%, Best Valid: 83.31%, Best Test: 84.33%
Epoch: 700, Loss: 0.0742, Train: 79.53%, Valid: 79.20%, Test: 80.99%, Best Valid: 83.45%, Best Test: 84.26%
Epoch: 800, Loss: 0.0328, Train: 82.33%, Valid: 82.04%, Test: 83.10%, Best Valid: 83.71%, Best Test: 84.77%
Epoch: 900, Loss: 0.0667, Train: 81.32%, Valid: 81.53%, Test: 81.61%, Best Valid: 83.71%, Best Test: 84.77%
Epoch: 1000, Loss: 0.0331, Train: 80.98%, Valid: 81.09%, Test: 82.19%, Best Valid: 83.71%, Best Test: 84.77%
Epoch: 1100, Loss: 0.0395, Train: 80.27%, Valid: 79.85%, Test: 81.03%, Best Valid: 83.71%, Best Test: 84.77%
Run 08:
Highest Train: 84.32
Highest Valid: 83.71
Highest Test: 85.53
Chosen epoch: 704
Final Train: 83.80
Final Test: 84.77
Label budget: 20/class -> 200 train nodes
Pre-training MLP for 500 epochs to generate co-occurrence matrix...
Penalty transform 'shuffle': rel Frobenius dist to original = 0.2931, off-diag CV of original penalty = 0.1653
MLP pre-training complete. Penalty matrix frozen.
Epoch: 00, Loss: 2.8645, Train: 3.87%, Valid: 3.78%, Test: 4.43%, Best Valid: 3.78%, Best Test: 4.43%
Epoch: 100, Loss: 2.5123, Train: 2.18%, Valid: 2.29%, Test: 2.36%, Best Valid: 36.18%, Best Test: 38.53%
Switching Polynormer to global attention phase.
Epoch: 200, Loss: 2.5328, Train: 1.96%, Valid: 2.55%, Test: 2.14%, Best Valid: 72.91%, Best Test: 73.39%
Epoch: 300, Loss: 0.3070, Train: 74.94%, Valid: 75.42%, Test: 75.39%, Best Valid: 79.38%, Best Test: 79.46%
Epoch: 400, Loss: 0.2172, Train: 76.79%, Valid: 76.22%, Test: 78.12%, Best Valid: 80.33%, Best Test: 80.41%
Epoch: 500, Loss: 0.1020, Train: 80.17%, Valid: 80.22%, Test: 80.19%, Best Valid: 80.73%, Best Test: 80.23%
Epoch: 600, Loss: 0.0436, Train: 76.51%, Valid: 77.49%, Test: 76.01%, Best Valid: 80.87%, Best Test: 80.92%
Epoch: 700, Loss: 0.0348, Train: 78.06%, Valid: 78.44%, Test: 78.70%, Best Valid: 80.87%, Best Test: 80.92%
Epoch: 800, Loss: 0.0500, Train: 79.84%, Valid: 80.18%, Test: 80.44%, Best Valid: 81.67%, Best Test: 82.73%
Epoch: 900, Loss: 0.0074, Train: 79.97%, Valid: 80.33%, Test: 80.26%, Best Valid: 81.67%, Best Test: 82.73%
Epoch: 1000, Loss: 0.0394, Train: 75.11%, Valid: 75.13%, Test: 74.99%, Best Valid: 81.67%, Best Test: 82.73%
Epoch: 1100, Loss: 0.0237, Train: 75.98%, Valid: 75.82%, Test: 77.03%, Best Valid: 81.67%, Best Test: 82.73%
Run 09:
Highest Train: 81.28
Highest Valid: 81.67
Highest Test: 82.92
Chosen epoch: 764
Final Train: 81.28
Final Test: 82.73
Label budget: 20/class -> 200 train nodes
Pre-training MLP for 500 epochs to generate co-occurrence matrix...
Penalty transform 'shuffle': rel Frobenius dist to original = 0.2292, off-diag CV of original penalty = 0.1204
MLP pre-training complete. Penalty matrix frozen.
Epoch: 00, Loss: 2.9595, Train: 15.50%, Valid: 16.00%, Test: 15.38%, Best Valid: 16.00%, Best Test: 15.38%
Epoch: 100, Loss: 2.5663, Train: 10.62%, Valid: 9.53%, Test: 10.03%, Best Valid: 36.18%, Best Test: 38.53%
Switching Polynormer to global attention phase.
Epoch: 200, Loss: 2.5328, Train: 1.96%, Valid: 2.55%, Test: 2.14%, Best Valid: 61.71%, Best Test: 61.36%
Epoch: 300, Loss: 0.4607, Train: 70.85%, Valid: 71.67%, Test: 70.67%, Best Valid: 75.13%, Best Test: 76.84%
Epoch: 400, Loss: 0.1916, Train: 74.17%, Valid: 73.67%, Test: 75.90%, Best Valid: 78.58%, Best Test: 79.32%
Epoch: 500, Loss: 0.0372, Train: 76.72%, Valid: 77.60%, Test: 78.37%, Best Valid: 79.64%, Best Test: 81.10%
Epoch: 600, Loss: 0.0864, Train: 78.52%, Valid: 78.76%, Test: 80.23%, Best Valid: 80.29%, Best Test: 81.03%
Epoch: 700, Loss: 0.0844, Train: 77.95%, Valid: 78.04%, Test: 79.61%, Best Valid: 80.29%, Best Test: 81.03%
Epoch: 800, Loss: 0.0169, Train: 77.31%, Valid: 76.80%, Test: 78.99%, Best Valid: 81.05%, Best Test: 83.02%
Epoch: 900, Loss: 0.0040, Train: 72.72%, Valid: 73.78%, Test: 74.01%, Best Valid: 81.05%, Best Test: 83.02%
Epoch: 1000, Loss: 0.0040, Train: 78.74%, Valid: 78.84%, Test: 80.66%, Best Valid: 81.05%, Best Test: 83.02%
Epoch: 1100, Loss: 0.0074, Train: 78.45%, Valid: 77.31%, Test: 79.68%, Best Valid: 81.05%, Best Test: 83.02%
Run 10:
Highest Train: 81.01
Highest Valid: 81.05
Highest Test: 83.17
Chosen epoch: 757
Final Train: 80.91
Final Test: 83.02
All runs:
Highest Train: 82.29 ± 1.72
Highest Test: 83.72 ± 1.98
Highest Valid: 82.19 ± 1.90
  Final Train: 82.19 ± 1.63
   Final Test: 83.33 ± 1.80
Saving results to ../results/lowlabel/amazon-computer/polynormer.csv
--- mlp_reg/shuffle placebo | lambda=0.2 ---
Namespace(aggregate='add', alpha=0.5, attention='gcn', beta=-1.0, bn=False, budget_tag='20', count_reg=False, count_smoothing=1.0, cpu=False, data_dir='../data/', dataset='amazon-computer', device=0, dim_inner=64, display_step=100, dropout=0.7, epochs=500, global_dropout=None, global_epochs=1000, global_layers=1, gnn='gcn', graph_weight=0.8, hidden_channels=64, hops=10, in_dropout=0.2, jk=False, label_num_per_class=20, lambda_val=0.2, layers=1, ln=False, local_epochs=200, local_gnn_type='GCN', local_layers=5, lr=0.001, metric='acc', mlp_epochs=500, mlp_reg=True, model='polynormer', model_dir='models/lowlabel_ctrl_1214890_60', n_heads=8, num_centroids=4096, num_heads=8, oracle_reg=False, paired_seeds=True, pe_types='RWSE', penalty_transform='shuffle', pre_linear=False, pre_ln=False, rand_split=False, rand_split_class=False, reg_start_epoch=10, reg_update_freq=5, res=False, resample_split_per_run=False, result_dir='../results/lowlabel', runs=10, save_model=True, save_result=False, seed=42, test_num=1000, tr_dropout=None, tr_layers=1, tr_weight_decay=None, train_per_class=20, train_prop=0.5, use_act=False, use_bn=False, use_graph=False, use_reg=True, use_residual=False, use_weight=False, valid_num=500, valid_per_class=0, valid_prop=0.25, weight_decay=5e-05)
amazon-computer
dataset amazon-computer | num nodes 13752 | num edge 491722 | num node feats 767 | num classes 10
MODEL: Polynormer(
  (h_lins): ModuleList(
    (0): Linear(in_features=512, out_features=512, bias=True)
    (1): Linear(in_features=512, out_features=512, bias=True)
    (2): Linear(in_features=512, out_features=512, bias=True)
    (3): Linear(in_features=512, out_features=512, bias=True)
    (4): Linear(in_features=512, out_features=512, bias=True)
  )
  (local_convs): ModuleList(
    (0): GATConv(512, 64, heads=8)
    (1): GATConv(512, 64, heads=8)
    (2): GATConv(512, 64, heads=8)
    (3): GATConv(512, 64, heads=8)
    (4): GATConv(512, 64, heads=8)
  )
  (lins): ModuleList(
    (0): Linear(in_features=512, out_features=512, bias=True)
    (1): Linear(in_features=512, out_features=512, bias=True)
    (2): Linear(in_features=512, out_features=512, bias=True)
    (3): Linear(in_features=512, out_features=512, bias=True)
    (4): Linear(in_features=512, out_features=512, bias=True)
  )
  (lns): ModuleList(
    (0): LayerNorm((512,), eps=1e-05, elementwise_affine=True)
    (1): LayerNorm((512,), eps=1e-05, elementwise_affine=True)
    (2): LayerNorm((512,), eps=1e-05, elementwise_affine=True)
    (3): LayerNorm((512,), eps=1e-05, elementwise_affine=True)
    (4): LayerNorm((512,), eps=1e-05, elementwise_affine=True)
  )
  (lin_in): Linear(in_features=767, out_features=512, bias=True)
  (ln): LayerNorm((512,), eps=1e-05, elementwise_affine=True)
  (global_attn): GlobalAttn(
    (h_lins): ModuleList(
      (0): Linear(in_features=512, out_features=512, bias=True)
    )
    (k_lins): ModuleList(
      (0): Linear(in_features=512, out_features=512, bias=True)
    )
    (v_lins): ModuleList(
      (0): Linear(in_features=512, out_features=512, bias=True)
    )
    (lns): ModuleList(
      (0): LayerNorm((512,), eps=1e-05, elementwise_affine=True)
    )
    (lin_out): Linear(in_features=512, out_features=512, bias=True)
  )
  (pred_local): Linear(in_features=512, out_features=10, bias=True)
  (pred_global): Linear(in_features=512, out_features=10, bias=True)
)
Label budget: 20/class -> 200 train nodes
Pre-training MLP for 500 epochs to generate co-occurrence matrix...
Penalty transform 'shuffle': rel Frobenius dist to original = 0.2615, off-diag CV of original penalty = 0.1431
MLP pre-training complete. Penalty matrix frozen.
Epoch: 00, Loss: 3.0571, Train: 3.84%, Valid: 3.75%, Test: 4.43%, Best Valid: 3.75%, Best Test: 4.43%
Epoch: 100, Loss: 2.8362, Train: 11.97%, Valid: 11.67%, Test: 11.60%, Best Valid: 12.33%, Best Test: 12.50%
Switching Polynormer to global attention phase.
Epoch: 200, Loss: 2.8395, Train: 27.35%, Valid: 26.91%, Test: 28.43%, Best Valid: 58.29%, Best Test: 60.45%
Epoch: 300, Loss: 0.3009, Train: 72.20%, Valid: 73.24%, Test: 74.23%, Best Valid: 77.24%, Best Test: 77.54%
Epoch: 400, Loss: 0.0925, Train: 78.21%, Valid: 79.93%, Test: 80.92%, Best Valid: 82.00%, Best Test: 82.37%
Epoch: 500, Loss: 0.0334, Train: 78.38%, Valid: 79.85%, Test: 80.84%, Best Valid: 83.56%, Best Test: 84.19%
Epoch: 600, Loss: 0.0956, Train: 75.88%, Valid: 76.84%, Test: 78.23%, Best Valid: 83.56%, Best Test: 84.19%
Epoch: 700, Loss: 0.0107, Train: 76.28%, Valid: 77.02%, Test: 77.35%, Best Valid: 83.56%, Best Test: 84.19%
Epoch: 800, Loss: 0.0283, Train: 78.79%, Valid: 80.84%, Test: 80.59%, Best Valid: 83.56%, Best Test: 84.19%
Epoch: 900, Loss: 0.0912, Train: 78.80%, Valid: 80.25%, Test: 78.77%, Best Valid: 83.56%, Best Test: 84.19%
Epoch: 1000, Loss: 0.0340, Train: 77.99%, Valid: 79.35%, Test: 79.21%, Best Valid: 83.56%, Best Test: 84.19%
Epoch: 1100, Loss: 0.0092, Train: 77.08%, Valid: 79.13%, Test: 78.52%, Best Valid: 83.56%, Best Test: 84.19%
Run 01:
Highest Train: 81.95
Highest Valid: 83.56
Highest Test: 84.19
Chosen epoch: 453
Final Train: 81.95
Final Test: 84.19
Label budget: 20/class -> 200 train nodes
Pre-training MLP for 500 epochs to generate co-occurrence matrix...
Penalty transform 'shuffle': rel Frobenius dist to original = 0.2212, off-diag CV of original penalty = 0.1260
MLP pre-training complete. Penalty matrix frozen.
Epoch: 00, Loss: 3.0043, Train: 2.10%, Valid: 2.55%, Test: 2.25%, Best Valid: 2.55%, Best Test: 2.25%
Epoch: 100, Loss: 2.7857, Train: 2.25%, Valid: 2.29%, Test: 2.36%, Best Valid: 36.11%, Best Test: 38.53%
Switching Polynormer to global attention phase.
Epoch: 200, Loss: 2.7631, Train: 15.79%, Valid: 16.33%, Test: 14.69%, Best Valid: 72.22%, Best Test: 73.46%
Epoch: 300, Loss: 0.3203, Train: 76.12%, Valid: 76.22%, Test: 77.57%, Best Valid: 80.22%, Best Test: 80.92%
Epoch: 400, Loss: 0.0744, Train: 78.88%, Valid: 78.29%, Test: 79.97%, Best Valid: 82.69%, Best Test: 84.30%
Epoch: 500, Loss: 0.0589, Train: 79.66%, Valid: 79.60%, Test: 81.32%, Best Valid: 82.69%, Best Test: 84.30%
Epoch: 600, Loss: 0.0219, Train: 77.76%, Valid: 78.29%, Test: 79.10%, Best Valid: 83.60%, Best Test: 84.08%
Epoch: 700, Loss: 0.0032, Train: 79.44%, Valid: 79.27%, Test: 80.26%, Best Valid: 83.60%, Best Test: 84.08%
Epoch: 800, Loss: 0.0309, Train: 79.01%, Valid: 78.95%, Test: 80.88%, Best Valid: 83.60%, Best Test: 84.08%
Epoch: 900, Loss: 0.0201, Train: 81.06%, Valid: 81.82%, Test: 82.73%, Best Valid: 83.71%, Best Test: 84.84%
Epoch: 1000, Loss: 0.0363, Train: 82.73%, Valid: 83.31%, Test: 84.15%, Best Valid: 83.82%, Best Test: 84.77%
Epoch: 1100, Loss: 0.0350, Train: 79.15%, Valid: 78.95%, Test: 80.26%, Best Valid: 83.82%, Best Test: 84.77%
Run 02:
Highest Train: 83.42
Highest Valid: 83.82
Highest Test: 85.06
Chosen epoch: 998
Final Train: 83.42
Final Test: 84.77
Label budget: 20/class -> 200 train nodes
Pre-training MLP for 500 epochs to generate co-occurrence matrix...
Penalty transform 'shuffle': rel Frobenius dist to original = 0.2681, off-diag CV of original penalty = 0.1533
MLP pre-training complete. Penalty matrix frozen.
Epoch: 00, Loss: 2.9864, Train: 10.63%, Valid: 9.53%, Test: 10.00%, Best Valid: 9.53%, Best Test: 10.00%
Epoch: 100, Loss: 2.7761, Train: 10.87%, Valid: 9.93%, Test: 10.18%, Best Valid: 36.18%, Best Test: 38.53%
Switching Polynormer to global attention phase.
Epoch: 200, Loss: 2.7631, Train: 1.96%, Valid: 2.55%, Test: 2.14%, Best Valid: 66.91%, Best Test: 68.16%
Epoch: 300, Loss: 0.4566, Train: 75.41%, Valid: 74.47%, Test: 77.32%, Best Valid: 80.40%, Best Test: 81.42%
Epoch: 400, Loss: 0.2462, Train: 75.45%, Valid: 74.87%, Test: 76.74%, Best Valid: 82.80%, Best Test: 84.77%
Epoch: 500, Loss: 0.1341, Train: 82.16%, Valid: 82.00%, Test: 83.75%, Best Valid: 84.25%, Best Test: 84.73%
Epoch: 600, Loss: 0.2641, Train: 79.78%, Valid: 80.29%, Test: 81.10%, Best Valid: 84.84%, Best Test: 86.01%
Epoch: 700, Loss: 0.0564, Train: 83.25%, Valid: 83.60%, Test: 84.73%, Best Valid: 84.98%, Best Test: 86.11%
Epoch: 800, Loss: 0.0367, Train: 82.77%, Valid: 83.78%, Test: 84.15%, Best Valid: 85.38%, Best Test: 86.66%
Epoch: 900, Loss: 0.0121, Train: 83.64%, Valid: 84.51%, Test: 85.35%, Best Valid: 85.89%, Best Test: 86.88%
Epoch: 1000, Loss: 0.0344, Train: 83.72%, Valid: 84.22%, Test: 85.21%, Best Valid: 85.89%, Best Test: 86.88%
Epoch: 1100, Loss: 0.0129, Train: 83.38%, Valid: 84.15%, Test: 84.91%, Best Valid: 85.89%, Best Test: 86.88%
Run 03:
Highest Train: 85.14
Highest Valid: 85.89
Highest Test: 86.95
Chosen epoch: 872
Final Train: 85.14
Final Test: 86.88
Label budget: 20/class -> 200 train nodes
Pre-training MLP for 500 epochs to generate co-occurrence matrix...
Penalty transform 'shuffle': rel Frobenius dist to original = 0.2560, off-diag CV of original penalty = 0.1487
MLP pre-training complete. Penalty matrix frozen.
Epoch: 00, Loss: 3.1730, Train: 3.84%, Valid: 3.78%, Test: 4.43%, Best Valid: 3.78%, Best Test: 4.43%
Epoch: 100, Loss: 2.7253, Train: 39.07%, Valid: 38.55%, Test: 40.57%, Best Valid: 38.55%, Best Test: 40.57%
Switching Polynormer to global attention phase.
Epoch: 200, Loss: 2.7631, Train: 2.18%, Valid: 2.29%, Test: 2.36%, Best Valid: 68.04%, Best Test: 69.10%
Epoch: 300, Loss: 0.4736, Train: 75.34%, Valid: 74.25%, Test: 74.99%, Best Valid: 76.65%, Best Test: 77.03%
Epoch: 400, Loss: 0.1180, Train: 74.14%, Valid: 74.98%, Test: 74.37%, Best Valid: 79.09%, Best Test: 78.84%
Epoch: 500, Loss: 0.0434, Train: 77.94%, Valid: 78.07%, Test: 78.12%, Best Valid: 79.56%, Best Test: 79.13%
Epoch: 600, Loss: 0.0220, Train: 80.63%, Valid: 80.84%, Test: 81.42%, Best Valid: 80.87%, Best Test: 81.57%
Epoch: 700, Loss: 0.1189, Train: 77.95%, Valid: 77.24%, Test: 78.04%, Best Valid: 81.45%, Best Test: 81.28%
Epoch: 800, Loss: 0.0088, Train: 74.17%, Valid: 75.05%, Test: 73.65%, Best Valid: 81.45%, Best Test: 81.28%
Epoch: 900, Loss: 0.0518, Train: 81.25%, Valid: 81.42%, Test: 81.42%, Best Valid: 82.40%, Best Test: 82.26%
Epoch: 1000, Loss: 0.0325, Train: 77.49%, Valid: 78.36%, Test: 77.54%, Best Valid: 82.51%, Best Test: 82.41%
Epoch: 1100, Loss: 0.0091, Train: 81.25%, Valid: 81.60%, Test: 81.28%, Best Valid: 82.51%, Best Test: 82.41%
Run 04:
Highest Train: 82.23
Highest Valid: 82.69
Highest Test: 82.55
Chosen epoch: 1109
Final Train: 82.20
Final Test: 82.26
Label budget: 20/class -> 200 train nodes
Pre-training MLP for 500 epochs to generate co-occurrence matrix...
Penalty transform 'shuffle': rel Frobenius dist to original = 0.2861, off-diag CV of original penalty = 0.1690
MLP pre-training complete. Penalty matrix frozen.
Epoch: 00, Loss: 3.0677, Train: 3.36%, Valid: 4.04%, Test: 3.64%, Best Valid: 4.04%, Best Test: 3.64%
Epoch: 100, Loss: 2.7951, Train: 10.62%, Valid: 9.53%, Test: 10.03%, Best Valid: 36.18%, Best Test: 38.53%
Switching Polynormer to global attention phase.
Epoch: 200, Loss: 2.7631, Train: 15.79%, Valid: 16.33%, Test: 14.69%, Best Valid: 56.04%, Best Test: 58.85%
Epoch: 300, Loss: 0.7404, Train: 51.53%, Valid: 51.71%, Test: 54.16%, Best Valid: 67.20%, Best Test: 68.05%
Epoch: 400, Loss: 0.2682, Train: 76.22%, Valid: 75.42%, Test: 76.92%, Best Valid: 76.47%, Best Test: 76.23%
Epoch: 500, Loss: 0.1457, Train: 74.71%, Valid: 74.51%, Test: 74.81%, Best Valid: 77.78%, Best Test: 78.92%
Epoch: 600, Loss: 0.0778, Train: 78.75%, Valid: 78.25%, Test: 79.10%, Best Valid: 78.91%, Best Test: 78.99%
Epoch: 700, Loss: 0.1047, Train: 74.80%, Valid: 75.42%, Test: 75.83%, Best Valid: 79.45%, Best Test: 79.79%
Epoch: 800, Loss: 0.0275, Train: 76.86%, Valid: 76.95%, Test: 76.95%, Best Valid: 79.56%, Best Test: 79.24%
Epoch: 900, Loss: 0.0362, Train: 77.60%, Valid: 77.75%, Test: 78.92%, Best Valid: 80.33%, Best Test: 81.28%
Epoch: 1000, Loss: 0.0486, Train: 74.17%, Valid: 74.87%, Test: 73.79%, Best Valid: 80.33%, Best Test: 81.28%
Epoch: 1100, Loss: 0.0092, Train: 78.41%, Valid: 78.33%, Test: 79.24%, Best Valid: 80.33%, Best Test: 81.28%
Run 05:
Highest Train: 80.83
Highest Valid: 80.33
Highest Test: 82.19
Chosen epoch: 886
Final Train: 80.32
Final Test: 81.28
Label budget: 20/class -> 200 train nodes
Pre-training MLP for 500 epochs to generate co-occurrence matrix...
Penalty transform 'shuffle': rel Frobenius dist to original = 0.2861, off-diag CV of original penalty = 0.1709
MLP pre-training complete. Penalty matrix frozen.
Epoch: 00, Loss: 3.0393, Train: 10.62%, Valid: 9.53%, Test: 10.03%, Best Valid: 9.53%, Best Test: 10.03%
Epoch: 100, Loss: 2.7719, Train: 10.62%, Valid: 9.53%, Test: 10.03%, Best Valid: 36.18%, Best Test: 38.53%
Switching Polynormer to global attention phase.
Epoch: 200, Loss: 2.7967, Train: 3.36%, Valid: 4.00%, Test: 3.64%, Best Valid: 36.18%, Best Test: 38.53%
Epoch: 300, Loss: 2.7675, Train: 3.36%, Valid: 4.00%, Test: 3.64%, Best Valid: 36.18%, Best Test: 38.53%
Epoch: 400, Loss: 2.7430, Train: 3.36%, Valid: 4.00%, Test: 3.64%, Best Valid: 36.18%, Best Test: 38.53%
Epoch: 500, Loss: 1.9928, Train: 19.80%, Valid: 20.65%, Test: 20.14%, Best Valid: 36.18%, Best Test: 38.53%
Epoch: 600, Loss: 1.0291, Train: 56.31%, Valid: 54.22%, Test: 55.58%, Best Valid: 56.69%, Best Test: 58.05%
Epoch: 700, Loss: 0.5892, Train: 58.95%, Valid: 59.42%, Test: 60.34%, Best Valid: 70.47%, Best Test: 71.54%
Epoch: 800, Loss: 0.3466, Train: 67.75%, Valid: 67.67%, Test: 68.45%, Best Valid: 70.69%, Best Test: 72.59%
Epoch: 900, Loss: 0.3913, Train: 65.28%, Valid: 66.91%, Test: 65.54%, Best Valid: 71.96%, Best Test: 73.17%
Epoch: 1000, Loss: 0.0732, Train: 70.89%, Valid: 71.89%, Test: 70.52%, Best Valid: 74.55%, Best Test: 75.25%
Epoch: 1100, Loss: 0.0627, Train: 73.25%, Valid: 72.07%, Test: 73.43%, Best Valid: 74.55%, Best Test: 75.25%
Run 06:
Highest Train: 74.95
Highest Valid: 74.55
Highest Test: 75.68
Chosen epoch: 919
Final Train: 74.86
Final Test: 75.25
Label budget: 20/class -> 200 train nodes
Pre-training MLP for 500 epochs to generate co-occurrence matrix...
Penalty transform 'shuffle': rel Frobenius dist to original = 0.2273, off-diag CV of original penalty = 0.1458
MLP pre-training complete. Penalty matrix frozen.
Epoch: 00, Loss: 3.0547, Train: 3.65%, Valid: 3.56%, Test: 4.33%, Best Valid: 3.56%, Best Test: 4.33%
Epoch: 100, Loss: 2.7890, Train: 15.79%, Valid: 16.33%, Test: 14.69%, Best Valid: 35.71%, Best Test: 38.39%
Switching Polynormer to global attention phase.
Epoch: 200, Loss: 2.7631, Train: 15.79%, Valid: 16.33%, Test: 14.69%, Best Valid: 74.80%, Best Test: 76.26%
Epoch: 300, Loss: 0.2932, Train: 78.26%, Valid: 78.51%, Test: 79.06%, Best Valid: 78.69%, Best Test: 79.43%
Epoch: 400, Loss: 0.1203, Train: 76.28%, Valid: 76.18%, Test: 76.77%, Best Valid: 81.60%, Best Test: 82.92%
Epoch: 500, Loss: 0.0638, Train: 79.95%, Valid: 79.38%, Test: 80.73%, Best Valid: 81.75%, Best Test: 83.06%
Epoch: 600, Loss: 0.0937, Train: 79.72%, Valid: 79.38%, Test: 80.48%, Best Valid: 81.75%, Best Test: 83.06%
Epoch: 700, Loss: 0.0180, Train: 78.89%, Valid: 78.44%, Test: 79.21%, Best Valid: 81.96%, Best Test: 82.33%
Epoch: 800, Loss: 0.0113, Train: 77.88%, Valid: 78.15%, Test: 79.24%, Best Valid: 81.96%, Best Test: 82.33%
Epoch: 900, Loss: 0.0232, Train: 79.55%, Valid: 78.40%, Test: 80.37%, Best Valid: 81.96%, Best Test: 82.33%
Epoch: 1000, Loss: 0.0059, Train: 79.32%, Valid: 78.84%, Test: 79.64%, Best Valid: 81.96%, Best Test: 82.33%
Epoch: 1100, Loss: 0.0060, Train: 77.89%, Valid: 77.49%, Test: 77.94%, Best Valid: 82.07%, Best Test: 82.37%
Run 07:
Highest Train: 82.03
Highest Valid: 82.07
Highest Test: 83.17
Chosen epoch: 1069
Final Train: 81.94
Final Test: 82.37
Label budget: 20/class -> 200 train nodes
Pre-training MLP for 500 epochs to generate co-occurrence matrix...
Penalty transform 'shuffle': rel Frobenius dist to original = 0.2421, off-diag CV of original penalty = 0.1528
MLP pre-training complete. Penalty matrix frozen.
Epoch: 00, Loss: 3.0582, Train: 15.78%, Valid: 16.33%, Test: 14.72%, Best Valid: 16.33%, Best Test: 14.72%
Epoch: 100, Loss: 2.7773, Train: 3.37%, Valid: 4.00%, Test: 3.64%, Best Valid: 44.18%, Best Test: 45.33%
Switching Polynormer to global attention phase.
Epoch: 200, Loss: 2.7631, Train: 1.96%, Valid: 2.55%, Test: 2.14%, Best Valid: 58.55%, Best Test: 57.87%
Epoch: 300, Loss: 0.4168, Train: 72.26%, Valid: 71.53%, Test: 73.46%, Best Valid: 79.45%, Best Test: 80.12%
Epoch: 400, Loss: 0.1410, Train: 81.49%, Valid: 80.69%, Test: 82.95%, Best Valid: 82.76%, Best Test: 82.59%
Epoch: 500, Loss: 0.0739, Train: 83.13%, Valid: 82.91%, Test: 84.37%, Best Valid: 83.09%, Best Test: 85.17%
Epoch: 600, Loss: 0.0718, Train: 82.21%, Valid: 81.96%, Test: 83.35%, Best Valid: 83.20%, Best Test: 83.82%
Epoch: 700, Loss: 0.0158, Train: 83.15%, Valid: 83.16%, Test: 84.08%, Best Valid: 83.60%, Best Test: 85.21%
Epoch: 800, Loss: 0.0112, Train: 83.58%, Valid: 83.24%, Test: 84.48%, Best Valid: 83.60%, Best Test: 85.21%
Epoch: 900, Loss: 0.0170, Train: 83.23%, Valid: 82.62%, Test: 84.44%, Best Valid: 83.60%, Best Test: 85.21%
Epoch: 1000, Loss: 0.0433, Train: 80.49%, Valid: 79.96%, Test: 81.35%, Best Valid: 83.60%, Best Test: 85.21%
Epoch: 1100, Loss: 0.1362, Train: 83.29%, Valid: 82.76%, Test: 84.30%, Best Valid: 83.64%, Best Test: 85.42%
Run 08:
Highest Train: 84.95
Highest Valid: 83.64
Highest Test: 85.71
Chosen epoch: 1043
Final Train: 83.92
Final Test: 85.42
Label budget: 20/class -> 200 train nodes
Pre-training MLP for 500 epochs to generate co-occurrence matrix...
Penalty transform 'shuffle': rel Frobenius dist to original = 0.2931, off-diag CV of original penalty = 0.1653
MLP pre-training complete. Penalty matrix frozen.
Epoch: 00, Loss: 3.1249, Train: 3.85%, Valid: 3.78%, Test: 4.43%, Best Valid: 3.78%, Best Test: 4.43%
Epoch: 100, Loss: 2.8225, Train: 2.18%, Valid: 2.29%, Test: 2.36%, Best Valid: 37.96%, Best Test: 40.64%
Switching Polynormer to global attention phase.
Epoch: 200, Loss: 2.7631, Train: 1.96%, Valid: 2.55%, Test: 2.14%, Best Valid: 64.25%, Best Test: 66.23%
Epoch: 300, Loss: 0.2681, Train: 73.54%, Valid: 73.09%, Test: 74.26%, Best Valid: 77.67%, Best Test: 77.46%
Epoch: 400, Loss: 0.1309, Train: 79.30%, Valid: 79.13%, Test: 79.93%, Best Valid: 79.27%, Best Test: 79.50%
Epoch: 500, Loss: 0.1883, Train: 78.33%, Valid: 77.78%, Test: 78.66%, Best Valid: 79.38%, Best Test: 80.04%
Epoch: 600, Loss: 0.0363, Train: 79.24%, Valid: 78.84%, Test: 79.10%, Best Valid: 80.40%, Best Test: 81.97%
Epoch: 700, Loss: 0.0090, Train: 79.99%, Valid: 79.89%, Test: 80.48%, Best Valid: 80.40%, Best Test: 81.97%
Epoch: 800, Loss: 0.0421, Train: 78.25%, Valid: 78.00%, Test: 79.28%, Best Valid: 80.40%, Best Test: 81.97%
Epoch: 900, Loss: 0.0427, Train: 80.56%, Valid: 79.82%, Test: 80.66%, Best Valid: 80.62%, Best Test: 81.90%
Epoch: 1000, Loss: 0.0106, Train: 78.44%, Valid: 78.11%, Test: 79.32%, Best Valid: 80.62%, Best Test: 81.90%
Epoch: 1100, Loss: 0.0339, Train: 79.07%, Valid: 78.51%, Test: 79.50%, Best Valid: 80.62%, Best Test: 81.90%
Run 09:
Highest Train: 81.07
Highest Valid: 80.62
Highest Test: 81.97
Chosen epoch: 867
Final Train: 80.85
Final Test: 81.90
Label budget: 20/class -> 200 train nodes
Pre-training MLP for 500 epochs to generate co-occurrence matrix...
Penalty transform 'shuffle': rel Frobenius dist to original = 0.2292, off-diag CV of original penalty = 0.1204
MLP pre-training complete. Penalty matrix frozen.
Epoch: 00, Loss: 3.2285, Train: 15.50%, Valid: 16.00%, Test: 15.38%, Best Valid: 16.00%, Best Test: 15.38%
Epoch: 100, Loss: 2.8195, Train: 2.18%, Valid: 2.29%, Test: 2.36%, Best Valid: 36.18%, Best Test: 38.53%
Switching Polynormer to global attention phase.
Epoch: 200, Loss: 2.7631, Train: 15.79%, Valid: 16.33%, Test: 14.69%, Best Valid: 65.16%, Best Test: 66.34%
Epoch: 300, Loss: 0.3578, Train: 58.55%, Valid: 57.38%, Test: 58.63%, Best Valid: 70.00%, Best Test: 69.32%
Epoch: 400, Loss: 0.1307, Train: 75.78%, Valid: 76.55%, Test: 77.43%, Best Valid: 77.02%, Best Test: 78.37%
Epoch: 500, Loss: 0.0490, Train: 68.21%, Valid: 69.16%, Test: 69.57%, Best Valid: 79.24%, Best Test: 80.59%
Epoch: 600, Loss: 0.1078, Train: 77.01%, Valid: 77.27%, Test: 77.97%, Best Valid: 79.24%, Best Test: 80.59%
Epoch: 700, Loss: 0.0194, Train: 78.33%, Valid: 77.67%, Test: 79.90%, Best Valid: 79.96%, Best Test: 80.70%
Epoch: 800, Loss: 0.0191, Train: 76.67%, Valid: 77.49%, Test: 77.75%, Best Valid: 79.96%, Best Test: 80.70%
Epoch: 900, Loss: 0.0045, Train: 72.77%, Valid: 72.55%, Test: 74.63%, Best Valid: 79.96%, Best Test: 80.70%
Epoch: 1000, Loss: 0.0024, Train: 74.86%, Valid: 74.87%, Test: 75.86%, Best Valid: 79.96%, Best Test: 80.70%
Epoch: 1100, Loss: 0.0202, Train: 75.53%, Valid: 75.53%, Test: 76.74%, Best Valid: 80.80%, Best Test: 81.64%
Run 10:
Highest Train: 80.50
Highest Valid: 80.80
Highest Test: 82.01
Chosen epoch: 1026
Final Train: 80.40
Final Test: 81.64
All runs:
Highest Train: 81.71 ± 2.87
Highest Test: 82.95 ± 3.07
Highest Valid: 81.80 ± 3.08
  Final Train: 81.50 ± 2.80
   Final Test: 82.60 ± 3.18
Saving results to ../results/lowlabel/amazon-computer/polynormer.csv
--- mlp_reg/shuffle placebo | lambda=0.4 ---
Namespace(aggregate='add', alpha=0.5, attention='gcn', beta=-1.0, bn=False, budget_tag='20', count_reg=False, count_smoothing=1.0, cpu=False, data_dir='../data/', dataset='amazon-computer', device=0, dim_inner=64, display_step=100, dropout=0.7, epochs=500, global_dropout=None, global_epochs=1000, global_layers=1, gnn='gcn', graph_weight=0.8, hidden_channels=64, hops=10, in_dropout=0.2, jk=False, label_num_per_class=20, lambda_val=0.4, layers=1, ln=False, local_epochs=200, local_gnn_type='GCN', local_layers=5, lr=0.001, metric='acc', mlp_epochs=500, mlp_reg=True, model='polynormer', model_dir='models/lowlabel_ctrl_1214890_60', n_heads=8, num_centroids=4096, num_heads=8, oracle_reg=False, paired_seeds=True, pe_types='RWSE', penalty_transform='shuffle', pre_linear=False, pre_ln=False, rand_split=False, rand_split_class=False, reg_start_epoch=10, reg_update_freq=5, res=False, resample_split_per_run=False, result_dir='../results/lowlabel', runs=10, save_model=True, save_result=False, seed=42, test_num=1000, tr_dropout=None, tr_layers=1, tr_weight_decay=None, train_per_class=20, train_prop=0.5, use_act=False, use_bn=False, use_graph=False, use_reg=True, use_residual=False, use_weight=False, valid_num=500, valid_per_class=0, valid_prop=0.25, weight_decay=5e-05)
amazon-computer
dataset amazon-computer | num nodes 13752 | num edge 491722 | num node feats 767 | num classes 10
MODEL: Polynormer(
  (h_lins): ModuleList(
    (0): Linear(in_features=512, out_features=512, bias=True)
    (1): Linear(in_features=512, out_features=512, bias=True)
    (2): Linear(in_features=512, out_features=512, bias=True)
    (3): Linear(in_features=512, out_features=512, bias=True)
    (4): Linear(in_features=512, out_features=512, bias=True)
  )
  (local_convs): ModuleList(
    (0): GATConv(512, 64, heads=8)
    (1): GATConv(512, 64, heads=8)
    (2): GATConv(512, 64, heads=8)
    (3): GATConv(512, 64, heads=8)
    (4): GATConv(512, 64, heads=8)
  )
  (lins): ModuleList(
    (0): Linear(in_features=512, out_features=512, bias=True)
    (1): Linear(in_features=512, out_features=512, bias=True)
    (2): Linear(in_features=512, out_features=512, bias=True)
    (3): Linear(in_features=512, out_features=512, bias=True)
    (4): Linear(in_features=512, out_features=512, bias=True)
  )
  (lns): ModuleList(
    (0): LayerNorm((512,), eps=1e-05, elementwise_affine=True)
    (1): LayerNorm((512,), eps=1e-05, elementwise_affine=True)
    (2): LayerNorm((512,), eps=1e-05, elementwise_affine=True)
    (3): LayerNorm((512,), eps=1e-05, elementwise_affine=True)
    (4): LayerNorm((512,), eps=1e-05, elementwise_affine=True)
  )
  (lin_in): Linear(in_features=767, out_features=512, bias=True)
  (ln): LayerNorm((512,), eps=1e-05, elementwise_affine=True)
  (global_attn): GlobalAttn(
    (h_lins): ModuleList(
      (0): Linear(in_features=512, out_features=512, bias=True)
    )
    (k_lins): ModuleList(
      (0): Linear(in_features=512, out_features=512, bias=True)
    )
    (v_lins): ModuleList(
      (0): Linear(in_features=512, out_features=512, bias=True)
    )
    (lns): ModuleList(
      (0): LayerNorm((512,), eps=1e-05, elementwise_affine=True)
    )
    (lin_out): Linear(in_features=512, out_features=512, bias=True)
  )
  (pred_local): Linear(in_features=512, out_features=10, bias=True)
  (pred_global): Linear(in_features=512, out_features=10, bias=True)
)
Label budget: 20/class -> 200 train nodes
Pre-training MLP for 500 epochs to generate co-occurrence matrix...
Penalty transform 'shuffle': rel Frobenius dist to original = 0.2615, off-diag CV of original penalty = 0.1431
MLP pre-training complete. Penalty matrix frozen.
Epoch: 00, Loss: 3.5666, Train: 3.84%, Valid: 3.75%, Test: 4.43%, Best Valid: 3.75%, Best Test: 4.43%
Epoch: 100, Loss: 3.3166, Train: 2.18%, Valid: 2.29%, Test: 2.36%, Best Valid: 16.07%, Best Test: 15.38%
Switching Polynormer to global attention phase.
Epoch: 200, Loss: 3.3651, Train: 38.90%, Valid: 38.18%, Test: 37.30%, Best Valid: 53.24%, Best Test: 53.22%
Epoch: 300, Loss: 0.3811, Train: 72.83%, Valid: 73.13%, Test: 74.59%, Best Valid: 75.75%, Best Test: 76.30%
Epoch: 400, Loss: 0.1104, Train: 75.37%, Valid: 75.67%, Test: 76.34%, Best Valid: 79.82%, Best Test: 80.44%
Epoch: 500, Loss: 0.0414, Train: 77.94%, Valid: 78.73%, Test: 79.75%, Best Valid: 81.16%, Best Test: 81.90%
Epoch: 600, Loss: 0.0228, Train: 77.55%, Valid: 78.62%, Test: 79.39%, Best Valid: 84.07%, Best Test: 84.37%
Epoch: 700, Loss: 0.1309, Train: 81.06%, Valid: 81.27%, Test: 82.30%, Best Valid: 84.07%, Best Test: 84.37%
Epoch: 800, Loss: 0.0087, Train: 78.06%, Valid: 78.73%, Test: 79.53%, Best Valid: 84.07%, Best Test: 84.37%
Epoch: 900, Loss: 0.0654, Train: 73.69%, Valid: 74.15%, Test: 74.88%, Best Valid: 84.07%, Best Test: 84.37%
Epoch: 1000, Loss: 0.0412, Train: 82.00%, Valid: 81.89%, Test: 83.39%, Best Valid: 84.07%, Best Test: 84.37%
Epoch: 1100, Loss: 0.0065, Train: 77.75%, Valid: 77.85%, Test: 78.44%, Best Valid: 84.07%, Best Test: 84.37%
Run 01:
Highest Train: 83.42
Highest Valid: 84.07
Highest Test: 84.37
Chosen epoch: 577
Final Train: 83.42
Final Test: 84.37
Label budget: 20/class -> 200 train nodes
Pre-training MLP for 500 epochs to generate co-occurrence matrix...
Penalty transform 'shuffle': rel Frobenius dist to original = 0.2212, off-diag CV of original penalty = 0.1260
MLP pre-training complete. Penalty matrix frozen.
Epoch: 00, Loss: 3.5051, Train: 2.01%, Valid: 2.51%, Test: 2.22%, Best Valid: 2.51%, Best Test: 2.22%
Epoch: 100, Loss: 3.3029, Train: 3.10%, Valid: 3.13%, Test: 3.42%, Best Valid: 35.56%, Best Test: 37.91%
Switching Polynormer to global attention phase.
Epoch: 200, Loss: 3.2236, Train: 15.79%, Valid: 16.33%, Test: 14.69%, Best Valid: 65.89%, Best Test: 67.14%
Epoch: 300, Loss: 0.4363, Train: 70.88%, Valid: 72.47%, Test: 71.21%, Best Valid: 83.02%, Best Test: 84.08%
Epoch: 400, Loss: 0.2127, Train: 69.93%, Valid: 70.33%, Test: 70.01%, Best Valid: 83.02%, Best Test: 84.08%
Epoch: 500, Loss: 0.0260, Train: 78.11%, Valid: 78.44%, Test: 79.43%, Best Valid: 83.02%, Best Test: 84.08%
Epoch: 600, Loss: 0.1004, Train: 73.94%, Valid: 74.80%, Test: 74.48%, Best Valid: 83.02%, Best Test: 84.08%
Epoch: 700, Loss: 0.0171, Train: 79.74%, Valid: 80.36%, Test: 81.46%, Best Valid: 83.02%, Best Test: 84.08%
Epoch: 800, Loss: 0.0606, Train: 79.91%, Valid: 79.85%, Test: 80.84%, Best Valid: 84.11%, Best Test: 84.99%
Epoch: 900, Loss: 0.0399, Train: 77.13%, Valid: 77.56%, Test: 78.26%, Best Valid: 84.11%, Best Test: 84.99%
Epoch: 1000, Loss: 0.0351, Train: 81.14%, Valid: 81.16%, Test: 82.84%, Best Valid: 84.11%, Best Test: 84.99%
Epoch: 1100, Loss: 0.0066, Train: 75.30%, Valid: 75.96%, Test: 76.08%, Best Valid: 84.11%, Best Test: 84.99%
Run 02:
Highest Train: 83.69
Highest Valid: 84.11
Highest Test: 84.99
Chosen epoch: 787
Final Train: 83.69
Final Test: 84.99
Label budget: 20/class -> 200 train nodes
Pre-training MLP for 500 epochs to generate co-occurrence matrix...
Penalty transform 'shuffle': rel Frobenius dist to original = 0.2681, off-diag CV of original penalty = 0.1533
MLP pre-training complete. Penalty matrix frozen.
Epoch: 00, Loss: 3.4841, Train: 10.62%, Valid: 9.53%, Test: 10.03%, Best Valid: 9.53%, Best Test: 10.03%
Epoch: 100, Loss: 3.3408, Train: 10.62%, Valid: 9.53%, Test: 10.03%, Best Valid: 26.29%, Best Test: 24.83%
Switching Polynormer to global attention phase.
Epoch: 200, Loss: 3.2236, Train: 10.62%, Valid: 9.53%, Test: 10.03%, Best Valid: 65.85%, Best Test: 66.59%
Epoch: 300, Loss: 0.8927, Train: 50.68%, Valid: 52.25%, Test: 51.69%, Best Valid: 69.45%, Best Test: 70.45%
Epoch: 400, Loss: 0.5175, Train: 76.55%, Valid: 76.62%, Test: 77.10%, Best Valid: 76.91%, Best Test: 78.23%
Epoch: 500, Loss: 0.2595, Train: 78.78%, Valid: 79.27%, Test: 79.93%, Best Valid: 80.73%, Best Test: 82.08%
Epoch: 600, Loss: 0.1113, Train: 78.23%, Valid: 79.20%, Test: 79.24%, Best Valid: 82.62%, Best Test: 83.93%
Epoch: 700, Loss: 0.0763, Train: 80.62%, Valid: 80.84%, Test: 82.70%, Best Valid: 82.62%, Best Test: 83.93%
Epoch: 800, Loss: 0.0514, Train: 77.64%, Valid: 78.87%, Test: 79.21%, Best Valid: 83.31%, Best Test: 84.55%
Epoch: 900, Loss: 0.0681, Train: 76.21%, Valid: 78.36%, Test: 76.95%, Best Valid: 83.31%, Best Test: 84.55%
Epoch: 1000, Loss: 0.0534, Train: 81.26%, Valid: 80.84%, Test: 82.22%, Best Valid: 83.82%, Best Test: 85.06%
Epoch: 1100, Loss: 0.0175, Train: 80.74%, Valid: 80.87%, Test: 83.21%, Best Valid: 83.82%, Best Test: 85.06%
Run 03:
Highest Train: 83.40
Highest Valid: 83.82
Highest Test: 85.10
Chosen epoch: 938
Final Train: 83.32
Final Test: 85.06
Label budget: 20/class -> 200 train nodes
Pre-training MLP for 500 epochs to generate co-occurrence matrix...
Penalty transform 'shuffle': rel Frobenius dist to original = 0.2560, off-diag CV of original penalty = 0.1487
MLP pre-training complete. Penalty matrix frozen.
Epoch: 00, Loss: 3.7018, Train: 3.98%, Valid: 4.00%, Test: 4.47%, Best Valid: 4.00%, Best Test: 4.47%
Epoch: 100, Loss: 3.2682, Train: 37.63%, Valid: 36.18%, Test: 38.53%, Best Valid: 36.87%, Best Test: 39.62%
Switching Polynormer to global attention phase.
Epoch: 200, Loss: 3.2236, Train: 2.18%, Valid: 2.29%, Test: 2.36%, Best Valid: 72.62%, Best Test: 73.54%
Epoch: 300, Loss: 0.4597, Train: 68.15%, Valid: 68.76%, Test: 69.07%, Best Valid: 74.47%, Best Test: 75.03%
Epoch: 400, Loss: 0.2160, Train: 73.52%, Valid: 73.85%, Test: 74.30%, Best Valid: 75.75%, Best Test: 75.68%
Epoch: 500, Loss: 0.2080, Train: 74.74%, Valid: 74.33%, Test: 73.75%, Best Valid: 76.58%, Best Test: 76.95%
Epoch: 600, Loss: 0.2140, Train: 74.95%, Valid: 75.38%, Test: 75.32%, Best Valid: 76.58%, Best Test: 76.95%
Epoch: 700, Loss: 0.0834, Train: 70.85%, Valid: 70.98%, Test: 71.94%, Best Valid: 76.58%, Best Test: 76.95%
Epoch: 800, Loss: 0.0647, Train: 74.09%, Valid: 74.18%, Test: 74.26%, Best Valid: 76.58%, Best Test: 76.95%
Epoch: 900, Loss: 0.0280, Train: 74.71%, Valid: 74.91%, Test: 75.21%, Best Valid: 77.02%, Best Test: 76.88%
Epoch: 1000, Loss: 0.0101, Train: 75.98%, Valid: 75.45%, Test: 75.32%, Best Valid: 77.02%, Best Test: 76.88%
Epoch: 1100, Loss: 0.0260, Train: 75.85%, Valid: 76.18%, Test: 74.88%, Best Valid: 77.45%, Best Test: 77.46%
Run 04:
Highest Train: 77.20
Highest Valid: 77.45
Highest Test: 77.46
Chosen epoch: 1074
Final Train: 77.07
Final Test: 77.46
Label budget: 20/class -> 200 train nodes
Pre-training MLP for 500 epochs to generate co-occurrence matrix...
Penalty transform 'shuffle': rel Frobenius dist to original = 0.2861, off-diag CV of original penalty = 0.1690
MLP pre-training complete. Penalty matrix frozen.
Epoch: 00, Loss: 3.5790, Train: 3.51%, Valid: 4.33%, Test: 3.82%, Best Valid: 4.33%, Best Test: 3.82%
Epoch: 100, Loss: 3.2946, Train: 10.62%, Valid: 9.53%, Test: 10.03%, Best Valid: 36.18%, Best Test: 38.53%
Switching Polynormer to global attention phase.
Epoch: 200, Loss: 3.2236, Train: 15.79%, Valid: 16.33%, Test: 14.69%, Best Valid: 50.07%, Best Test: 53.33%
Epoch: 300, Loss: 0.7826, Train: 70.86%, Valid: 71.89%, Test: 72.19%, Best Valid: 71.89%, Best Test: 72.19%
Epoch: 400, Loss: 0.3438, Train: 70.08%, Valid: 70.69%, Test: 69.72%, Best Valid: 76.91%, Best Test: 77.83%
Epoch: 500, Loss: 0.0739, Train: 77.03%, Valid: 78.18%, Test: 77.75%, Best Valid: 79.78%, Best Test: 80.52%
Epoch: 600, Loss: 0.0256, Train: 75.78%, Valid: 76.15%, Test: 77.35%, Best Valid: 80.15%, Best Test: 81.46%
Epoch: 700, Loss: 0.0463, Train: 76.18%, Valid: 76.84%, Test: 77.39%, Best Valid: 80.33%, Best Test: 80.12%
Epoch: 800, Loss: 0.0081, Train: 78.27%, Valid: 78.33%, Test: 78.63%, Best Valid: 80.33%, Best Test: 80.12%
Epoch: 900, Loss: 0.0290, Train: 73.80%, Valid: 74.22%, Test: 74.74%, Best Valid: 81.02%, Best Test: 81.13%
Epoch: 1000, Loss: 0.0213, Train: 79.37%, Valid: 80.07%, Test: 80.12%, Best Valid: 81.02%, Best Test: 81.13%
Epoch: 1100, Loss: 0.0412, Train: 77.26%, Valid: 78.07%, Test: 79.35%, Best Valid: 81.02%, Best Test: 81.13%
Run 05:
Highest Train: 81.06
Highest Valid: 81.42
Highest Test: 83.02
Chosen epoch: 1193
Final Train: 81.06
Final Test: 82.77
Label budget: 20/class -> 200 train nodes
Pre-training MLP for 500 epochs to generate co-occurrence matrix...
Penalty transform 'shuffle': rel Frobenius dist to original = 0.2861, off-diag CV of original penalty = 0.1709
MLP pre-training complete. Penalty matrix frozen.
Epoch: 00, Loss: 3.5459, Train: 10.62%, Valid: 9.53%, Test: 10.03%, Best Valid: 9.53%, Best Test: 10.03%
Epoch: 100, Loss: 3.2877, Train: 3.36%, Valid: 4.00%, Test: 3.64%, Best Valid: 18.22%, Best Test: 16.39%
Switching Polynormer to global attention phase.
Epoch: 200, Loss: 3.2236, Train: 37.61%, Valid: 36.18%, Test: 38.53%, Best Valid: 71.24%, Best Test: 72.56%
Epoch: 300, Loss: 0.4335, Train: 74.17%, Valid: 74.33%, Test: 74.92%, Best Valid: 76.55%, Best Test: 77.50%
Epoch: 400, Loss: 0.1524, Train: 75.60%, Valid: 74.87%, Test: 75.86%, Best Valid: 78.33%, Best Test: 79.57%
Epoch: 500, Loss: 0.0709, Train: 77.86%, Valid: 76.62%, Test: 77.57%, Best Valid: 79.31%, Best Test: 80.19%
Epoch: 600, Loss: 0.3148, Train: 72.55%, Valid: 72.84%, Test: 72.16%, Best Valid: 79.60%, Best Test: 80.01%
Epoch: 700, Loss: 0.0650, Train: 75.29%, Valid: 75.13%, Test: 75.43%, Best Valid: 80.00%, Best Test: 80.52%
Epoch: 800, Loss: 0.0451, Train: 76.49%, Valid: 76.76%, Test: 76.41%, Best Valid: 80.69%, Best Test: 81.79%
Epoch: 900, Loss: 0.0751, Train: 79.83%, Valid: 79.20%, Test: 80.04%, Best Valid: 80.84%, Best Test: 81.21%
Epoch: 1000, Loss: 0.0542, Train: 73.69%, Valid: 73.49%, Test: 73.79%, Best Valid: 81.75%, Best Test: 82.41%
Epoch: 1100, Loss: 0.0093, Train: 79.75%, Valid: 80.44%, Test: 80.44%, Best Valid: 81.75%, Best Test: 82.41%
Run 06:
Highest Train: 82.58
Highest Valid: 81.93
Highest Test: 83.39
Chosen epoch: 1105
Final Train: 82.05
Final Test: 82.66
Label budget: 20/class -> 200 train nodes
Pre-training MLP for 500 epochs to generate co-occurrence matrix...
Penalty transform 'shuffle': rel Frobenius dist to original = 0.2273, off-diag CV of original penalty = 0.1458
MLP pre-training complete. Penalty matrix frozen.
Epoch: 00, Loss: 3.5639, Train: 3.78%, Valid: 3.64%, Test: 4.22%, Best Valid: 3.64%, Best Test: 4.22%
Epoch: 100, Loss: 3.3201, Train: 15.79%, Valid: 16.33%, Test: 14.69%, Best Valid: 36.18%, Best Test: 38.53%
Switching Polynormer to global attention phase.
Epoch: 200, Loss: 3.2236, Train: 15.79%, Valid: 16.33%, Test: 14.69%, Best Valid: 70.87%, Best Test: 71.21%
Epoch: 300, Loss: 0.4065, Train: 74.44%, Valid: 72.73%, Test: 75.86%, Best Valid: 78.84%, Best Test: 80.84%
Epoch: 400, Loss: 0.1221, Train: 81.46%, Valid: 81.20%, Test: 82.08%, Best Valid: 82.65%, Best Test: 83.86%
Epoch: 500, Loss: 0.0809, Train: 79.60%, Valid: 79.05%, Test: 80.33%, Best Valid: 82.65%, Best Test: 83.86%
Epoch: 600, Loss: 0.0545, Train: 81.14%, Valid: 81.24%, Test: 81.17%, Best Valid: 82.65%, Best Test: 83.86%
Epoch: 700, Loss: 0.0177, Train: 80.62%, Valid: 79.78%, Test: 80.84%, Best Valid: 82.65%, Best Test: 83.86%
Epoch: 800, Loss: 0.0129, Train: 81.27%, Valid: 80.25%, Test: 80.59%, Best Valid: 82.65%, Best Test: 83.86%
Epoch: 900, Loss: 0.0135, Train: 80.75%, Valid: 79.96%, Test: 80.77%, Best Valid: 82.65%, Best Test: 83.86%
Epoch: 1000, Loss: 0.0128, Train: 80.51%, Valid: 79.45%, Test: 80.37%, Best Valid: 82.65%, Best Test: 83.86%
Epoch: 1100, Loss: 0.0057, Train: 82.06%, Valid: 80.98%, Test: 81.82%, Best Valid: 82.65%, Best Test: 83.86%
Run 07:
Highest Train: 82.92
Highest Valid: 82.65
Highest Test: 83.86
Chosen epoch: 373
Final Train: 82.92
Final Test: 83.86
Label budget: 20/class -> 200 train nodes
Pre-training MLP for 500 epochs to generate co-occurrence matrix...
Penalty transform 'shuffle': rel Frobenius dist to original = 0.2421, off-diag CV of original penalty = 0.1528
MLP pre-training complete. Penalty matrix frozen.
Epoch: 00, Loss: 3.5679, Train: 15.78%, Valid: 16.33%, Test: 14.72%, Best Valid: 16.33%, Best Test: 14.72%
Epoch: 100, Loss: 3.2493, Train: 3.36%, Valid: 4.00%, Test: 3.64%, Best Valid: 36.18%, Best Test: 38.53%
Switching Polynormer to global attention phase.
Epoch: 200, Loss: 3.2236, Train: 1.96%, Valid: 2.55%, Test: 2.14%, Best Valid: 62.25%, Best Test: 65.90%
Epoch: 300, Loss: 0.5464, Train: 69.68%, Valid: 68.40%, Test: 71.17%, Best Valid: 79.60%, Best Test: 79.86%
Epoch: 400, Loss: 0.2641, Train: 76.09%, Valid: 75.27%, Test: 76.63%, Best Valid: 81.85%, Best Test: 83.39%
Epoch: 500, Loss: 0.1337, Train: 81.42%, Valid: 80.73%, Test: 82.15%, Best Valid: 81.85%, Best Test: 83.39%
Epoch: 600, Loss: 0.1048, Train: 81.23%, Valid: 80.47%, Test: 81.32%, Best Valid: 82.84%, Best Test: 83.64%
Epoch: 700, Loss: 0.0233, Train: 81.31%, Valid: 80.58%, Test: 82.48%, Best Valid: 82.84%, Best Test: 83.64%
Epoch: 800, Loss: 0.0420, Train: 83.18%, Valid: 82.11%, Test: 83.79%, Best Valid: 82.84%, Best Test: 83.64%
Epoch: 900, Loss: 0.0089, Train: 81.65%, Valid: 81.24%, Test: 82.73%, Best Valid: 82.84%, Best Test: 83.64%
Epoch: 1000, Loss: 0.0053, Train: 83.15%, Valid: 83.31%, Test: 83.75%, Best Valid: 83.31%, Best Test: 83.75%
Epoch: 1100, Loss: 0.0402, Train: 80.94%, Valid: 80.15%, Test: 81.42%, Best Valid: 83.31%, Best Test: 83.75%
Run 08:
Highest Train: 83.97
Highest Valid: 83.38
Highest Test: 84.19
Chosen epoch: 1110
Final Train: 83.63
Final Test: 83.24
Label budget: 20/class -> 200 train nodes
Pre-training MLP for 500 epochs to generate co-occurrence matrix...
Penalty transform 'shuffle': rel Frobenius dist to original = 0.2931, off-diag CV of original penalty = 0.1653
MLP pre-training complete. Penalty matrix frozen.
Epoch: 00, Loss: 3.6457, Train: 3.84%, Valid: 3.78%, Test: 4.43%, Best Valid: 3.78%, Best Test: 4.43%
Epoch: 100, Loss: 3.2521, Train: 2.18%, Valid: 2.29%, Test: 2.36%, Best Valid: 5.42%, Best Test: 5.78%
Switching Polynormer to global attention phase.
Epoch: 200, Loss: 3.2236, Train: 6.04%, Valid: 6.25%, Test: 5.38%, Best Valid: 59.67%, Best Test: 61.40%
Epoch: 300, Loss: 0.4065, Train: 72.25%, Valid: 72.80%, Test: 73.32%, Best Valid: 79.49%, Best Test: 79.61%
Epoch: 400, Loss: 0.2376, Train: 79.03%, Valid: 79.64%, Test: 79.72%, Best Valid: 81.27%, Best Test: 81.17%
Epoch: 500, Loss: 0.1560, Train: 80.03%, Valid: 80.33%, Test: 79.93%, Best Valid: 81.78%, Best Test: 82.73%
Epoch: 600, Loss: 0.0584, Train: 80.81%, Valid: 80.55%, Test: 80.48%, Best Valid: 82.00%, Best Test: 82.84%
Epoch: 700, Loss: 0.0363, Train: 80.03%, Valid: 79.38%, Test: 81.35%, Best Valid: 82.00%, Best Test: 82.84%
Epoch: 800, Loss: 0.0318, Train: 79.18%, Valid: 79.67%, Test: 80.30%, Best Valid: 82.00%, Best Test: 82.84%
Epoch: 900, Loss: 0.0299, Train: 81.11%, Valid: 80.65%, Test: 81.46%, Best Valid: 82.00%, Best Test: 82.84%
Epoch: 1000, Loss: 0.0156, Train: 79.68%, Valid: 78.69%, Test: 81.06%, Best Valid: 82.00%, Best Test: 82.84%
Epoch: 1100, Loss: 0.0227, Train: 80.12%, Valid: 80.04%, Test: 81.28%, Best Valid: 82.00%, Best Test: 82.84%
Run 09:
Highest Train: 82.24
Highest Valid: 82.00
Highest Test: 82.95
Chosen epoch: 559
Final Train: 81.76
Final Test: 82.84
Label budget: 20/class -> 200 train nodes
Pre-training MLP for 500 epochs to generate co-occurrence matrix...
Penalty transform 'shuffle': rel Frobenius dist to original = 0.2292, off-diag CV of original penalty = 0.1204
MLP pre-training complete. Penalty matrix frozen.
Epoch: 00, Loss: 3.7666, Train: 15.50%, Valid: 16.00%, Test: 15.38%, Best Valid: 16.00%, Best Test: 15.38%
Epoch: 100, Loss: 3.2238, Train: 3.10%, Valid: 3.13%, Test: 3.42%, Best Valid: 36.18%, Best Test: 38.53%
Switching Polynormer to global attention phase.
Epoch: 200, Loss: 3.2236, Train: 1.96%, Valid: 2.55%, Test: 2.14%, Best Valid: 37.75%, Best Test: 35.99%
Epoch: 300, Loss: 0.9386, Train: 56.57%, Valid: 55.71%, Test: 57.00%, Best Valid: 62.73%, Best Test: 62.16%
Epoch: 400, Loss: 0.2356, Train: 75.13%, Valid: 74.55%, Test: 76.88%, Best Valid: 77.75%, Best Test: 78.70%
Epoch: 500, Loss: 0.0873, Train: 75.48%, Valid: 75.02%, Test: 77.24%, Best Valid: 80.11%, Best Test: 81.79%
Epoch: 600, Loss: 0.1306, Train: 77.07%, Valid: 76.51%, Test: 79.43%, Best Valid: 80.47%, Best Test: 82.59%
Epoch: 700, Loss: 0.1138, Train: 76.89%, Valid: 77.16%, Test: 79.10%, Best Valid: 80.47%, Best Test: 82.59%
Epoch: 800, Loss: 0.0595, Train: 76.03%, Valid: 75.45%, Test: 78.59%, Best Valid: 80.47%, Best Test: 82.59%
Epoch: 900, Loss: 0.0282, Train: 80.57%, Valid: 80.44%, Test: 82.48%, Best Valid: 80.87%, Best Test: 82.77%
Epoch: 1000, Loss: 0.1190, Train: 77.54%, Valid: 76.76%, Test: 78.66%, Best Valid: 81.53%, Best Test: 82.77%
Epoch: 1100, Loss: 0.0063, Train: 79.12%, Valid: 79.13%, Test: 81.46%, Best Valid: 81.53%, Best Test: 82.77%
Run 10:
Highest Train: 81.71
Highest Valid: 81.53
Highest Test: 83.28
Chosen epoch: 901
Final Train: 81.20
Final Test: 82.77
All runs:
Highest Train: 82.22 ± 1.98
Highest Test: 83.26 ± 2.18
Highest Valid: 82.24 ± 1.97
  Final Train: 82.01 ± 2.00
   Final Test: 83.00 ± 2.15
Saving results to ../results/lowlabel/amazon-computer/polynormer.csv
--- mlp_reg/shuffle placebo | lambda=0.8 ---
Namespace(aggregate='add', alpha=0.5, attention='gcn', beta=-1.0, bn=False, budget_tag='20', count_reg=False, count_smoothing=1.0, cpu=False, data_dir='../data/', dataset='amazon-computer', device=0, dim_inner=64, display_step=100, dropout=0.7, epochs=500, global_dropout=None, global_epochs=1000, global_layers=1, gnn='gcn', graph_weight=0.8, hidden_channels=64, hops=10, in_dropout=0.2, jk=False, label_num_per_class=20, lambda_val=0.8, layers=1, ln=False, local_epochs=200, local_gnn_type='GCN', local_layers=5, lr=0.001, metric='acc', mlp_epochs=500, mlp_reg=True, model='polynormer', model_dir='models/lowlabel_ctrl_1214890_60', n_heads=8, num_centroids=4096, num_heads=8, oracle_reg=False, paired_seeds=True, pe_types='RWSE', penalty_transform='shuffle', pre_linear=False, pre_ln=False, rand_split=False, rand_split_class=False, reg_start_epoch=10, reg_update_freq=5, res=False, resample_split_per_run=False, result_dir='../results/lowlabel', runs=10, save_model=True, save_result=False, seed=42, test_num=1000, tr_dropout=None, tr_layers=1, tr_weight_decay=None, train_per_class=20, train_prop=0.5, use_act=False, use_bn=False, use_graph=False, use_reg=True, use_residual=False, use_weight=False, valid_num=500, valid_per_class=0, valid_prop=0.25, weight_decay=5e-05)
amazon-computer
dataset amazon-computer | num nodes 13752 | num edge 491722 | num node feats 767 | num classes 10
MODEL: Polynormer(
  (h_lins): ModuleList(
    (0): Linear(in_features=512, out_features=512, bias=True)
    (1): Linear(in_features=512, out_features=512, bias=True)
    (2): Linear(in_features=512, out_features=512, bias=True)
    (3): Linear(in_features=512, out_features=512, bias=True)
    (4): Linear(in_features=512, out_features=512, bias=True)
  )
  (local_convs): ModuleList(
    (0): GATConv(512, 64, heads=8)
    (1): GATConv(512, 64, heads=8)
    (2): GATConv(512, 64, heads=8)
    (3): GATConv(512, 64, heads=8)
    (4): GATConv(512, 64, heads=8)
  )
  (lins): ModuleList(
    (0): Linear(in_features=512, out_features=512, bias=True)
    (1): Linear(in_features=512, out_features=512, bias=True)
    (2): Linear(in_features=512, out_features=512, bias=True)
    (3): Linear(in_features=512, out_features=512, bias=True)
    (4): Linear(in_features=512, out_features=512, bias=True)
  )
  (lns): ModuleList(
    (0): LayerNorm((512,), eps=1e-05, elementwise_affine=True)
    (1): LayerNorm((512,), eps=1e-05, elementwise_affine=True)
    (2): LayerNorm((512,), eps=1e-05, elementwise_affine=True)
    (3): LayerNorm((512,), eps=1e-05, elementwise_affine=True)
    (4): LayerNorm((512,), eps=1e-05, elementwise_affine=True)
  )
  (lin_in): Linear(in_features=767, out_features=512, bias=True)
  (ln): LayerNorm((512,), eps=1e-05, elementwise_affine=True)
  (global_attn): GlobalAttn(
    (h_lins): ModuleList(
      (0): Linear(in_features=512, out_features=512, bias=True)
    )
    (k_lins): ModuleList(
      (0): Linear(in_features=512, out_features=512, bias=True)
    )
    (v_lins): ModuleList(
      (0): Linear(in_features=512, out_features=512, bias=True)
    )
    (lns): ModuleList(
      (0): LayerNorm((512,), eps=1e-05, elementwise_affine=True)
    )
    (lin_out): Linear(in_features=512, out_features=512, bias=True)
  )
  (pred_local): Linear(in_features=512, out_features=10, bias=True)
  (pred_global): Linear(in_features=512, out_features=10, bias=True)
)
Label budget: 20/class -> 200 train nodes
Pre-training MLP for 500 epochs to generate co-occurrence matrix...
Penalty transform 'shuffle': rel Frobenius dist to original = 0.2615, off-diag CV of original penalty = 0.1431
MLP pre-training complete. Penalty matrix frozen.
Epoch: 00, Loss: 4.5856, Train: 3.84%, Valid: 3.75%, Test: 4.43%, Best Valid: 3.75%, Best Test: 4.43%
Epoch: 100, Loss: 4.2764, Train: 10.62%, Valid: 9.53%, Test: 10.03%, Best Valid: 23.09%, Best Test: 23.48%
Switching Polynormer to global attention phase.
Epoch: 200, Loss: 4.2488, Train: 34.08%, Valid: 33.93%, Test: 33.95%, Best Valid: 69.13%, Best Test: 69.83%
Epoch: 300, Loss: 0.4695, Train: 75.91%, Valid: 76.25%, Test: 77.57%, Best Valid: 79.20%, Best Test: 79.97%
Epoch: 400, Loss: 0.2694, Train: 79.43%, Valid: 80.98%, Test: 81.90%, Best Valid: 83.45%, Best Test: 84.95%
Epoch: 500, Loss: 0.1506, Train: 80.77%, Valid: 81.02%, Test: 82.77%, Best Valid: 83.45%, Best Test: 84.95%
Epoch: 600, Loss: 0.0549, Train: 77.34%, Valid: 79.13%, Test: 79.97%, Best Valid: 83.45%, Best Test: 84.95%
Epoch: 700, Loss: 0.0332, Train: 80.60%, Valid: 81.42%, Test: 82.77%, Best Valid: 83.45%, Best Test: 84.95%
Epoch: 800, Loss: 0.0221, Train: 79.95%, Valid: 80.98%, Test: 81.86%, Best Valid: 83.45%, Best Test: 84.95%
Epoch: 900, Loss: 0.0745, Train: 80.73%, Valid: 81.78%, Test: 82.26%, Best Valid: 83.60%, Best Test: 84.37%
Epoch: 1000, Loss: 0.0039, Train: 73.20%, Valid: 75.24%, Test: 75.32%, Best Valid: 83.60%, Best Test: 84.37%
Epoch: 1100, Loss: 0.1983, Train: 77.42%, Valid: 78.29%, Test: 78.19%, Best Valid: 83.85%, Best Test: 84.11%
Run 01:
Highest Train: 83.32
Highest Valid: 83.85
Highest Test: 84.95
Chosen epoch: 1005
Final Train: 82.80
Final Test: 84.11
Label budget: 20/class -> 200 train nodes
Pre-training MLP for 500 epochs to generate co-occurrence matrix...
Penalty transform 'shuffle': rel Frobenius dist to original = 0.2212, off-diag CV of original penalty = 0.1260
MLP pre-training complete. Penalty matrix frozen.
Epoch: 00, Loss: 4.5065, Train: 1.96%, Valid: 2.51%, Test: 2.18%, Best Valid: 2.51%, Best Test: 2.18%
Epoch: 100, Loss: 4.3010, Train: 3.10%, Valid: 3.13%, Test: 3.42%, Best Valid: 36.18%, Best Test: 38.53%
Switching Polynormer to global attention phase.
Epoch: 200, Loss: 4.1447, Train: 15.79%, Valid: 16.33%, Test: 14.69%, Best Valid: 71.42%, Best Test: 72.85%
Epoch: 300, Loss: 0.3673, Train: 80.98%, Valid: 80.69%, Test: 81.90%, Best Valid: 82.29%, Best Test: 83.53%
Epoch: 400, Loss: 0.2947, Train: 80.24%, Valid: 80.36%, Test: 81.64%, Best Valid: 82.47%, Best Test: 82.99%
Epoch: 500, Loss: 0.0941, Train: 82.45%, Valid: 81.53%, Test: 82.22%, Best Valid: 82.47%, Best Test: 82.99%
Epoch: 600, Loss: 0.1164, Train: 80.03%, Valid: 80.22%, Test: 81.42%, Best Valid: 82.47%, Best Test: 82.99%
Epoch: 700, Loss: 0.0752, Train: 81.32%, Valid: 81.02%, Test: 82.37%, Best Valid: 82.47%, Best Test: 82.99%
Epoch: 800, Loss: 0.0180, Train: 80.31%, Valid: 80.40%, Test: 81.32%, Best Valid: 82.76%, Best Test: 83.90%
Epoch: 900, Loss: 0.0074, Train: 80.95%, Valid: 80.65%, Test: 81.53%, Best Valid: 82.76%, Best Test: 83.90%
Epoch: 1000, Loss: 0.0083, Train: 81.49%, Valid: 82.00%, Test: 82.73%, Best Valid: 82.84%, Best Test: 84.04%
Epoch: 1100, Loss: 0.0133, Train: 77.21%, Valid: 77.27%, Test: 78.15%, Best Valid: 83.13%, Best Test: 83.61%
Run 02:
Highest Train: 83.47
Highest Valid: 83.13
Highest Test: 84.19
Chosen epoch: 1090
Final Train: 83.03
Final Test: 83.61
Label budget: 20/class -> 200 train nodes
Pre-training MLP for 500 epochs to generate co-occurrence matrix...
Penalty transform 'shuffle': rel Frobenius dist to original = 0.2681, off-diag CV of original penalty = 0.1533
MLP pre-training complete. Penalty matrix frozen.
Epoch: 00, Loss: 4.4796, Train: 10.62%, Valid: 9.53%, Test: 10.03%, Best Valid: 9.53%, Best Test: 10.03%
Epoch: 100, Loss: 4.2528, Train: 10.63%, Valid: 9.53%, Test: 10.03%, Best Valid: 13.35%, Best Test: 12.65%
Switching Polynormer to global attention phase.
Epoch: 200, Loss: 4.1447, Train: 10.62%, Valid: 9.53%, Test: 10.03%, Best Valid: 62.04%, Best Test: 61.29%
Epoch: 300, Loss: 0.7633, Train: 67.47%, Valid: 66.36%, Test: 68.05%, Best Valid: 72.36%, Best Test: 73.46%
Epoch: 400, Loss: 0.6742, Train: 76.00%, Valid: 75.78%, Test: 76.88%, Best Valid: 79.82%, Best Test: 81.61%
Epoch: 500, Loss: 0.1890, Train: 80.26%, Valid: 79.93%, Test: 80.77%, Best Valid: 81.38%, Best Test: 82.88%
Epoch: 600, Loss: 0.0778, Train: 81.58%, Valid: 81.82%, Test: 82.26%, Best Valid: 82.44%, Best Test: 83.06%
Epoch: 700, Loss: 0.1082, Train: 80.91%, Valid: 81.49%, Test: 80.99%, Best Valid: 82.44%, Best Test: 83.06%
Epoch: 800, Loss: 0.0722, Train: 81.87%, Valid: 82.44%, Test: 83.39%, Best Valid: 82.44%, Best Test: 83.06%
Epoch: 900, Loss: 0.1433, Train: 79.99%, Valid: 80.04%, Test: 81.32%, Best Valid: 82.62%, Best Test: 83.72%
Epoch: 1000, Loss: 0.0317, Train: 81.34%, Valid: 82.47%, Test: 82.70%, Best Valid: 83.24%, Best Test: 83.93%
Epoch: 1100, Loss: 0.0556, Train: 81.34%, Valid: 81.24%, Test: 82.77%, Best Valid: 83.53%, Best Test: 84.55%
Run 03:
Highest Train: 83.19
Highest Valid: 83.53
Highest Test: 84.55
Chosen epoch: 1048
Final Train: 83.14
Final Test: 84.55
Label budget: 20/class -> 200 train nodes
Pre-training MLP for 500 epochs to generate co-occurrence matrix...
Penalty transform 'shuffle': rel Frobenius dist to original = 0.2560, off-diag CV of original penalty = 0.1487
MLP pre-training complete. Penalty matrix frozen.
Epoch: 00, Loss: 4.7595, Train: 29.33%, Valid: 28.69%, Test: 30.17%, Best Valid: 28.69%, Best Test: 30.17%
Epoch: 100, Loss: 4.0958, Train: 37.61%, Valid: 36.18%, Test: 38.53%, Best Valid: 36.18%, Best Test: 38.53%
Switching Polynormer to global attention phase.
Epoch: 200, Loss: 4.1447, Train: 2.18%, Valid: 2.29%, Test: 2.36%, Best Valid: 66.25%, Best Test: 67.94%
Epoch: 300, Loss: 0.5238, Train: 72.05%, Valid: 72.98%, Test: 73.57%, Best Valid: 76.00%, Best Test: 77.64%
Epoch: 400, Loss: 0.1842, Train: 71.89%, Valid: 72.65%, Test: 74.01%, Best Valid: 77.13%, Best Test: 77.68%
Epoch: 500, Loss: 0.1372, Train: 68.89%, Valid: 70.69%, Test: 69.61%, Best Valid: 77.13%, Best Test: 77.68%
Epoch: 600, Loss: 0.1174, Train: 71.39%, Valid: 72.33%, Test: 72.08%, Best Valid: 77.13%, Best Test: 77.68%
Epoch: 700, Loss: 0.1017, Train: 73.81%, Valid: 73.89%, Test: 74.37%, Best Valid: 77.13%, Best Test: 77.68%
Epoch: 800, Loss: 0.0457, Train: 74.90%, Valid: 74.91%, Test: 75.43%, Best Valid: 77.13%, Best Test: 77.68%
Epoch: 900, Loss: 0.0371, Train: 73.13%, Valid: 73.71%, Test: 73.57%, Best Valid: 77.13%, Best Test: 77.68%
Epoch: 1000, Loss: 0.0606, Train: 73.81%, Valid: 74.11%, Test: 74.05%, Best Valid: 77.27%, Best Test: 76.63%
Epoch: 1100, Loss: 0.0106, Train: 71.30%, Valid: 72.29%, Test: 71.46%, Best Valid: 77.27%, Best Test: 76.63%
Run 04:
Highest Train: 76.92
Highest Valid: 77.27
Highest Test: 77.97
Chosen epoch: 940
Final Train: 76.92
Final Test: 76.63
Label budget: 20/class -> 200 train nodes
Pre-training MLP for 500 epochs to generate co-occurrence matrix...
Penalty transform 'shuffle': rel Frobenius dist to original = 0.2861, off-diag CV of original penalty = 0.1690
MLP pre-training complete. Penalty matrix frozen.
Epoch: 00, Loss: 4.6016, Train: 31.71%, Valid: 30.07%, Test: 32.75%, Best Valid: 30.07%, Best Test: 32.75%
Epoch: 100, Loss: 4.2581, Train: 10.62%, Valid: 9.53%, Test: 10.03%, Best Valid: 30.07%, Best Test: 32.75%
Switching Polynormer to global attention phase.
Epoch: 200, Loss: 4.1447, Train: 15.79%, Valid: 16.33%, Test: 14.69%, Best Valid: 65.82%, Best Test: 66.70%
Epoch: 300, Loss: 0.7304, Train: 63.79%, Valid: 63.85%, Test: 63.65%, Best Valid: 71.89%, Best Test: 72.16%
Epoch: 400, Loss: 0.2410, Train: 74.88%, Valid: 74.29%, Test: 75.75%, Best Valid: 75.53%, Best Test: 76.59%
Epoch: 500, Loss: 0.1120, Train: 74.83%, Valid: 75.27%, Test: 75.79%, Best Valid: 78.36%, Best Test: 79.46%
Epoch: 600, Loss: 0.0142, Train: 75.23%, Valid: 74.25%, Test: 75.83%, Best Valid: 79.85%, Best Test: 81.06%
Epoch: 700, Loss: 0.0457, Train: 78.10%, Valid: 77.42%, Test: 78.41%, Best Valid: 79.85%, Best Test: 81.06%
Epoch: 800, Loss: 0.1155, Train: 80.52%, Valid: 80.33%, Test: 81.32%, Best Valid: 80.44%, Best Test: 81.28%
Epoch: 900, Loss: 0.0116, Train: 75.42%, Valid: 75.64%, Test: 75.68%, Best Valid: 81.09%, Best Test: 82.26%
Epoch: 1000, Loss: 0.0434, Train: 77.61%, Valid: 77.24%, Test: 78.59%, Best Valid: 81.09%, Best Test: 82.26%
Epoch: 1100, Loss: 0.0896, Train: 77.95%, Valid: 77.27%, Test: 78.77%, Best Valid: 81.09%, Best Test: 82.26%
Run 05:
Highest Train: 81.41
Highest Valid: 81.09
Highest Test: 82.33
Chosen epoch: 891
Final Train: 81.02
Final Test: 82.26
Label budget: 20/class -> 200 train nodes
Pre-training MLP for 500 epochs to generate co-occurrence matrix...
Penalty transform 'shuffle': rel Frobenius dist to original = 0.2861, off-diag CV of original penalty = 0.1709
MLP pre-training complete. Penalty matrix frozen.
Epoch: 00, Loss: 4.5590, Train: 10.62%, Valid: 9.53%, Test: 10.03%, Best Valid: 9.53%, Best Test: 10.03%
Epoch: 100, Loss: 4.1706, Train: 3.36%, Valid: 4.00%, Test: 3.64%, Best Valid: 36.11%, Best Test: 38.50%
Switching Polynormer to global attention phase.
Epoch: 200, Loss: 4.1447, Train: 37.61%, Valid: 36.18%, Test: 38.53%, Best Valid: 60.84%, Best Test: 60.60%
Epoch: 300, Loss: 0.6487, Train: 72.48%, Valid: 71.75%, Test: 73.50%, Best Valid: 76.04%, Best Test: 77.17%
Epoch: 400, Loss: 0.2458, Train: 79.61%, Valid: 78.22%, Test: 79.64%, Best Valid: 78.29%, Best Test: 78.77%
Epoch: 500, Loss: 0.2338, Train: 78.49%, Valid: 79.05%, Test: 78.66%, Best Valid: 80.69%, Best Test: 81.79%
Epoch: 600, Loss: 0.0429, Train: 78.50%, Valid: 77.56%, Test: 79.75%, Best Valid: 81.85%, Best Test: 82.01%
Epoch: 700, Loss: 0.0563, Train: 77.17%, Valid: 78.69%, Test: 76.34%, Best Valid: 82.51%, Best Test: 82.41%
Epoch: 800, Loss: 0.0037, Train: 79.55%, Valid: 80.07%, Test: 80.01%, Best Valid: 82.51%, Best Test: 82.41%
Epoch: 900, Loss: 0.0946, Train: 79.91%, Valid: 79.96%, Test: 80.81%, Best Valid: 82.51%, Best Test: 82.41%
Epoch: 1000, Loss: 0.1611, Train: 78.44%, Valid: 78.07%, Test: 77.61%, Best Valid: 82.51%, Best Test: 82.41%
Epoch: 1100, Loss: 0.0719, Train: 80.27%, Valid: 80.11%, Test: 80.23%, Best Valid: 83.60%, Best Test: 83.50%
Run 06:
Highest Train: 82.78
Highest Valid: 83.60
Highest Test: 83.53
Chosen epoch: 1077
Final Train: 82.78
Final Test: 83.50
Label budget: 20/class -> 200 train nodes
Pre-training MLP for 500 epochs to generate co-occurrence matrix...
Penalty transform 'shuffle': rel Frobenius dist to original = 0.2273, off-diag CV of original penalty = 0.1458
MLP pre-training complete. Penalty matrix frozen.
Epoch: 00, Loss: 4.5821, Train: 3.84%, Valid: 3.75%, Test: 4.43%, Best Valid: 3.75%, Best Test: 4.43%
Epoch: 100, Loss: 4.2497, Train: 15.89%, Valid: 16.44%, Test: 14.76%, Best Valid: 36.29%, Best Test: 38.79%
Switching Polynormer to global attention phase.
Epoch: 200, Loss: 4.1447, Train: 15.50%, Valid: 16.00%, Test: 15.38%, Best Valid: 65.96%, Best Test: 66.81%
Epoch: 300, Loss: 0.5654, Train: 75.55%, Valid: 74.44%, Test: 75.72%, Best Valid: 75.05%, Best Test: 76.08%
Epoch: 400, Loss: 0.2149, Train: 78.78%, Valid: 77.45%, Test: 80.19%, Best Valid: 79.42%, Best Test: 81.17%
Epoch: 500, Loss: 0.2583, Train: 79.44%, Valid: 78.25%, Test: 79.90%, Best Valid: 81.45%, Best Test: 82.44%
Epoch: 600, Loss: 0.1432, Train: 80.24%, Valid: 78.91%, Test: 79.90%, Best Valid: 81.93%, Best Test: 82.15%
Epoch: 700, Loss: 0.0364, Train: 81.57%, Valid: 80.62%, Test: 81.68%, Best Valid: 82.11%, Best Test: 82.73%
Epoch: 800, Loss: 0.0533, Train: 78.97%, Valid: 78.55%, Test: 80.08%, Best Valid: 82.11%, Best Test: 82.73%
Epoch: 900, Loss: 0.1146, Train: 78.18%, Valid: 77.13%, Test: 78.26%, Best Valid: 82.11%, Best Test: 82.73%
Epoch: 1000, Loss: 0.0366, Train: 78.98%, Valid: 78.55%, Test: 80.04%, Best Valid: 82.11%, Best Test: 82.73%
Epoch: 1100, Loss: 0.0205, Train: 80.17%, Valid: 79.38%, Test: 80.48%, Best Valid: 82.11%, Best Test: 82.73%
Run 07:
Highest Train: 82.16
Highest Valid: 82.11
Highest Test: 82.73
Chosen epoch: 617
Final Train: 82.16
Final Test: 82.73
Label budget: 20/class -> 200 train nodes
Pre-training MLP for 500 epochs to generate co-occurrence matrix...
Penalty transform 'shuffle': rel Frobenius dist to original = 0.2421, off-diag CV of original penalty = 0.1528
MLP pre-training complete. Penalty matrix frozen.
Epoch: 00, Loss: 4.5873, Train: 15.53%, Valid: 16.18%, Test: 14.39%, Best Valid: 16.18%, Best Test: 14.39%
Epoch: 100, Loss: 4.2917, Train: 3.36%, Valid: 4.00%, Test: 3.64%, Best Valid: 16.29%, Best Test: 14.69%
Switching Polynormer to global attention phase.
Epoch: 200, Loss: 4.1447, Train: 1.96%, Valid: 2.55%, Test: 2.14%, Best Valid: 22.15%, Best Test: 22.17%
Epoch: 300, Loss: 0.8439, Train: 67.59%, Valid: 67.85%, Test: 70.19%, Best Valid: 72.58%, Best Test: 74.23%
Epoch: 400, Loss: 0.2647, Train: 79.99%, Valid: 79.67%, Test: 80.19%, Best Valid: 80.69%, Best Test: 81.61%
Epoch: 500, Loss: 0.2063, Train: 78.15%, Valid: 77.93%, Test: 79.39%, Best Valid: 81.20%, Best Test: 82.19%
Epoch: 600, Loss: 0.1177, Train: 81.30%, Valid: 80.95%, Test: 81.57%, Best Valid: 81.35%, Best Test: 81.97%
Epoch: 700, Loss: 0.0317, Train: 81.42%, Valid: 81.09%, Test: 81.86%, Best Valid: 81.78%, Best Test: 82.01%
Epoch: 800, Loss: 0.0226, Train: 80.63%, Valid: 80.40%, Test: 81.28%, Best Valid: 81.78%, Best Test: 82.01%
Epoch: 900, Loss: 0.1675, Train: 80.63%, Valid: 79.45%, Test: 80.77%, Best Valid: 81.78%, Best Test: 82.01%
Epoch: 1000, Loss: 0.0053, Train: 79.24%, Valid: 78.76%, Test: 78.95%, Best Valid: 81.78%, Best Test: 82.01%
Epoch: 1100, Loss: 0.0823, Train: 79.03%, Valid: 78.84%, Test: 80.33%, Best Valid: 81.78%, Best Test: 82.01%
Run 08:
Highest Train: 81.97
Highest Valid: 81.78
Highest Test: 82.52
Chosen epoch: 625
Final Train: 81.97
Final Test: 82.01
Label budget: 20/class -> 200 train nodes
Pre-training MLP for 500 epochs to generate co-occurrence matrix...
Penalty transform 'shuffle': rel Frobenius dist to original = 0.2931, off-diag CV of original penalty = 0.1653
MLP pre-training complete. Penalty matrix frozen.
Epoch: 00, Loss: 4.6874, Train: 3.84%, Valid: 3.75%, Test: 4.43%, Best Valid: 3.75%, Best Test: 4.43%
Epoch: 100, Loss: 4.1919, Train: 2.18%, Valid: 2.29%, Test: 2.36%, Best Valid: 36.18%, Best Test: 38.53%
Switching Polynormer to global attention phase.
Epoch: 200, Loss: 4.1447, Train: 1.96%, Valid: 2.55%, Test: 2.14%, Best Valid: 41.56%, Best Test: 40.64%
Epoch: 300, Loss: 0.6453, Train: 78.18%, Valid: 78.11%, Test: 78.77%, Best Valid: 78.80%, Best Test: 79.06%
Epoch: 400, Loss: 0.4491, Train: 75.48%, Valid: 76.29%, Test: 76.95%, Best Valid: 81.24%, Best Test: 80.84%
Epoch: 500, Loss: 0.2120, Train: 79.09%, Valid: 79.67%, Test: 80.12%, Best Valid: 81.45%, Best Test: 81.46%
Epoch: 600, Loss: 0.1363, Train: 77.63%, Valid: 77.96%, Test: 78.84%, Best Valid: 82.15%, Best Test: 82.73%
Epoch: 700, Loss: 0.0342, Train: 79.28%, Valid: 79.05%, Test: 80.26%, Best Valid: 82.15%, Best Test: 82.73%
Epoch: 800, Loss: 0.0959, Train: 80.01%, Valid: 80.69%, Test: 81.28%, Best Valid: 82.15%, Best Test: 82.73%
Epoch: 900, Loss: 0.1464, Train: 79.17%, Valid: 79.67%, Test: 80.55%, Best Valid: 82.15%, Best Test: 82.73%
Epoch: 1000, Loss: 0.1094, Train: 79.03%, Valid: 79.27%, Test: 79.17%, Best Valid: 82.62%, Best Test: 82.84%
Epoch: 1100, Loss: 0.0069, Train: 79.69%, Valid: 79.71%, Test: 80.66%, Best Valid: 82.62%, Best Test: 82.84%
Run 09:
Highest Train: 82.58
Highest Valid: 82.62
Highest Test: 82.84
Chosen epoch: 963
Final Train: 82.51
Final Test: 82.84
Label budget: 20/class -> 200 train nodes
Pre-training MLP for 500 epochs to generate co-occurrence matrix...
Penalty transform 'shuffle': rel Frobenius dist to original = 0.2292, off-diag CV of original penalty = 0.1204
MLP pre-training complete. Penalty matrix frozen.
Epoch: 00, Loss: 4.8428, Train: 15.49%, Valid: 16.00%, Test: 15.38%, Best Valid: 16.00%, Best Test: 15.38%
Epoch: 100, Loss: 4.2464, Train: 10.62%, Valid: 9.53%, Test: 10.03%, Best Valid: 36.18%, Best Test: 38.53%
Switching Polynormer to global attention phase.
Epoch: 200, Loss: 4.1447, Train: 37.61%, Valid: 36.18%, Test: 38.53%, Best Valid: 60.36%, Best Test: 60.89%
Epoch: 300, Loss: 0.7312, Train: 67.19%, Valid: 68.29%, Test: 66.81%, Best Valid: 73.13%, Best Test: 71.97%
Epoch: 400, Loss: 0.3279, Train: 68.40%, Valid: 69.27%, Test: 67.39%, Best Valid: 75.64%, Best Test: 76.37%
Epoch: 500, Loss: 0.2350, Train: 76.38%, Valid: 77.16%, Test: 76.81%, Best Valid: 79.02%, Best Test: 78.44%
Epoch: 600, Loss: 0.1247, Train: 74.88%, Valid: 74.84%, Test: 74.63%, Best Valid: 79.20%, Best Test: 78.99%
Epoch: 700, Loss: 0.2000, Train: 76.51%, Valid: 76.25%, Test: 77.17%, Best Valid: 79.20%, Best Test: 78.99%
Epoch: 800, Loss: 0.0716, Train: 73.70%, Valid: 73.85%, Test: 73.43%, Best Valid: 79.24%, Best Test: 78.95%
Epoch: 900, Loss: 0.0212, Train: 77.30%, Valid: 77.31%, Test: 78.19%, Best Valid: 79.24%, Best Test: 78.95%
Epoch: 1000, Loss: 0.0055, Train: 75.17%, Valid: 75.38%, Test: 75.32%, Best Valid: 79.24%, Best Test: 78.95%
Epoch: 1100, Loss: 0.0430, Train: 76.84%, Valid: 76.58%, Test: 77.03%, Best Valid: 80.58%, Best Test: 80.92%
Run 10:
Highest Train: 80.92
Highest Valid: 81.02
Highest Test: 81.75
Chosen epoch: 1157
Final Train: 80.66
Final Test: 81.46
All runs:
Highest Train: 81.87 ± 1.93
Highest Test: 82.74 ± 1.97
Highest Valid: 82.00 ± 1.95
  Final Train: 81.70 ± 1.87
   Final Test: 82.37 ± 2.23
Saving results to ../results/lowlabel/amazon-computer/polynormer.csv
--- mlp_reg/shuffle placebo | lambda=1.6 ---
Namespace(aggregate='add', alpha=0.5, attention='gcn', beta=-1.0, bn=False, budget_tag='20', count_reg=False, count_smoothing=1.0, cpu=False, data_dir='../data/', dataset='amazon-computer', device=0, dim_inner=64, display_step=100, dropout=0.7, epochs=500, global_dropout=None, global_epochs=1000, global_layers=1, gnn='gcn', graph_weight=0.8, hidden_channels=64, hops=10, in_dropout=0.2, jk=False, label_num_per_class=20, lambda_val=1.6, layers=1, ln=False, local_epochs=200, local_gnn_type='GCN', local_layers=5, lr=0.001, metric='acc', mlp_epochs=500, mlp_reg=True, model='polynormer', model_dir='models/lowlabel_ctrl_1214890_60', n_heads=8, num_centroids=4096, num_heads=8, oracle_reg=False, paired_seeds=True, pe_types='RWSE', penalty_transform='shuffle', pre_linear=False, pre_ln=False, rand_split=False, rand_split_class=False, reg_start_epoch=10, reg_update_freq=5, res=False, resample_split_per_run=False, result_dir='../results/lowlabel', runs=10, save_model=True, save_result=False, seed=42, test_num=1000, tr_dropout=None, tr_layers=1, tr_weight_decay=None, train_per_class=20, train_prop=0.5, use_act=False, use_bn=False, use_graph=False, use_reg=True, use_residual=False, use_weight=False, valid_num=500, valid_per_class=0, valid_prop=0.25, weight_decay=5e-05)
amazon-computer
dataset amazon-computer | num nodes 13752 | num edge 491722 | num node feats 767 | num classes 10
MODEL: Polynormer(
  (h_lins): ModuleList(
    (0): Linear(in_features=512, out_features=512, bias=True)
    (1): Linear(in_features=512, out_features=512, bias=True)
    (2): Linear(in_features=512, out_features=512, bias=True)
    (3): Linear(in_features=512, out_features=512, bias=True)
    (4): Linear(in_features=512, out_features=512, bias=True)
  )
  (local_convs): ModuleList(
    (0): GATConv(512, 64, heads=8)
    (1): GATConv(512, 64, heads=8)
    (2): GATConv(512, 64, heads=8)
    (3): GATConv(512, 64, heads=8)
    (4): GATConv(512, 64, heads=8)
  )
  (lins): ModuleList(
    (0): Linear(in_features=512, out_features=512, bias=True)
    (1): Linear(in_features=512, out_features=512, bias=True)
    (2): Linear(in_features=512, out_features=512, bias=True)
    (3): Linear(in_features=512, out_features=512, bias=True)
    (4): Linear(in_features=512, out_features=512, bias=True)
  )
  (lns): ModuleList(
    (0): LayerNorm((512,), eps=1e-05, elementwise_affine=True)
    (1): LayerNorm((512,), eps=1e-05, elementwise_affine=True)
    (2): LayerNorm((512,), eps=1e-05, elementwise_affine=True)
    (3): LayerNorm((512,), eps=1e-05, elementwise_affine=True)
    (4): LayerNorm((512,), eps=1e-05, elementwise_affine=True)
  )
  (lin_in): Linear(in_features=767, out_features=512, bias=True)
  (ln): LayerNorm((512,), eps=1e-05, elementwise_affine=True)
  (global_attn): GlobalAttn(
    (h_lins): ModuleList(
      (0): Linear(in_features=512, out_features=512, bias=True)
    )
    (k_lins): ModuleList(
      (0): Linear(in_features=512, out_features=512, bias=True)
    )
    (v_lins): ModuleList(
      (0): Linear(in_features=512, out_features=512, bias=True)
    )
    (lns): ModuleList(
      (0): LayerNorm((512,), eps=1e-05, elementwise_affine=True)
    )
    (lin_out): Linear(in_features=512, out_features=512, bias=True)
  )
  (pred_local): Linear(in_features=512, out_features=10, bias=True)
  (pred_global): Linear(in_features=512, out_features=10, bias=True)
)
Label budget: 20/class -> 200 train nodes
Pre-training MLP for 500 epochs to generate co-occurrence matrix...
Penalty transform 'shuffle': rel Frobenius dist to original = 0.2615, off-diag CV of original penalty = 0.1431
MLP pre-training complete. Penalty matrix frozen.
Epoch: 00, Loss: 6.6237, Train: 3.84%, Valid: 3.75%, Test: 4.43%, Best Valid: 3.75%, Best Test: 4.43%
Epoch: 100, Loss: 6.2238, Train: 20.13%, Valid: 20.65%, Test: 19.88%, Best Valid: 24.00%, Best Test: 23.85%
Switching Polynormer to global attention phase.
Epoch: 200, Loss: 6.1547, Train: 30.65%, Valid: 30.15%, Test: 29.63%, Best Valid: 67.82%, Best Test: 68.67%
Epoch: 300, Loss: 0.4712, Train: 70.15%, Valid: 70.33%, Test: 71.17%, Best Valid: 77.60%, Best Test: 78.41%
Epoch: 400, Loss: 0.2746, Train: 82.43%, Valid: 82.76%, Test: 83.72%, Best Valid: 83.78%, Best Test: 83.86%
Epoch: 500, Loss: 0.0268, Train: 78.29%, Valid: 79.60%, Test: 80.73%, Best Valid: 83.78%, Best Test: 83.86%
Epoch: 600, Loss: 0.1693, Train: 75.07%, Valid: 76.29%, Test: 76.37%, Best Valid: 83.78%, Best Test: 83.86%
Epoch: 700, Loss: 0.0123, Train: 82.52%, Valid: 83.49%, Test: 84.55%, Best Valid: 84.25%, Best Test: 85.06%
Epoch: 800, Loss: 0.0860, Train: 81.15%, Valid: 82.84%, Test: 82.77%, Best Valid: 84.25%, Best Test: 85.06%
Epoch: 900, Loss: 0.0691, Train: 82.98%, Valid: 83.71%, Test: 84.88%, Best Valid: 84.25%, Best Test: 85.06%
Epoch: 1000, Loss: 0.0100, Train: 81.40%, Valid: 82.76%, Test: 83.13%, Best Valid: 84.25%, Best Test: 85.06%
Epoch: 1100, Loss: 0.0116, Train: 81.57%, Valid: 82.44%, Test: 83.13%, Best Valid: 84.36%, Best Test: 85.31%
Run 01:
Highest Train: 83.57
Highest Valid: 84.36
Highest Test: 85.31
Chosen epoch: 1061
Final Train: 83.57
Final Test: 85.31
Label budget: 20/class -> 200 train nodes
Pre-training MLP for 500 epochs to generate co-occurrence matrix...
Penalty transform 'shuffle': rel Frobenius dist to original = 0.2212, off-diag CV of original penalty = 0.1260
MLP pre-training complete. Penalty matrix frozen.
Epoch: 00, Loss: 6.5094, Train: 1.96%, Valid: 2.58%, Test: 2.04%, Best Valid: 2.58%, Best Test: 2.04%
Epoch: 100, Loss: 6.6627, Train: 3.10%, Valid: 3.13%, Test: 3.42%, Best Valid: 3.31%, Best Test: 3.45%
Switching Polynormer to global attention phase.
Epoch: 200, Loss: 5.9867, Train: 15.79%, Valid: 16.33%, Test: 14.69%, Best Valid: 68.76%, Best Test: 70.16%
Epoch: 300, Loss: 0.5564, Train: 76.48%, Valid: 76.87%, Test: 77.32%, Best Valid: 81.93%, Best Test: 83.39%
Epoch: 400, Loss: 0.1769, Train: 82.09%, Valid: 81.60%, Test: 82.77%, Best Valid: 82.62%, Best Test: 83.64%
Epoch: 500, Loss: 0.2177, Train: 80.22%, Valid: 80.58%, Test: 81.86%, Best Valid: 82.62%, Best Test: 83.64%
Epoch: 600, Loss: 0.1393, Train: 78.56%, Valid: 77.85%, Test: 78.95%, Best Valid: 82.62%, Best Test: 83.64%
Epoch: 700, Loss: 0.0262, Train: 80.06%, Valid: 79.67%, Test: 81.03%, Best Valid: 82.62%, Best Test: 83.64%
Epoch: 800, Loss: 0.0791, Train: 80.98%, Valid: 80.65%, Test: 81.75%, Best Valid: 82.62%, Best Test: 83.64%
Epoch: 900, Loss: 0.0328, Train: 81.87%, Valid: 81.38%, Test: 82.52%, Best Valid: 82.62%, Best Test: 83.64%
Epoch: 1000, Loss: 0.0847, Train: 81.46%, Valid: 81.09%, Test: 83.24%, Best Valid: 82.62%, Best Test: 83.64%
Epoch: 1100, Loss: 0.0994, Train: 80.96%, Valid: 81.16%, Test: 81.72%, Best Valid: 82.62%, Best Test: 83.64%
Run 02:
Highest Train: 83.25
Highest Valid: 82.62
Highest Test: 83.90
Chosen epoch: 369
Final Train: 83.08
Final Test: 83.64
Label budget: 20/class -> 200 train nodes
Pre-training MLP for 500 epochs to generate co-occurrence matrix...
Penalty transform 'shuffle': rel Frobenius dist to original = 0.2681, off-diag CV of original penalty = 0.1533
MLP pre-training complete. Penalty matrix frozen.
Epoch: 00, Loss: 6.4705, Train: 9.66%, Valid: 8.76%, Test: 9.27%, Best Valid: 8.76%, Best Test: 9.27%
Epoch: 100, Loss: 7.0855, Train: 4.02%, Valid: 4.44%, Test: 4.22%, Best Valid: 18.11%, Best Test: 16.54%
Switching Polynormer to global attention phase.
Epoch: 200, Loss: 5.9867, Train: 10.62%, Valid: 9.53%, Test: 10.03%, Best Valid: 31.20%, Best Test: 29.84%
Epoch: 300, Loss: 1.8193, Train: 31.95%, Valid: 32.95%, Test: 31.81%, Best Valid: 35.13%, Best Test: 34.53%
Epoch: 400, Loss: 1.2262, Train: 36.41%, Valid: 36.11%, Test: 36.46%, Best Valid: 41.42%, Best Test: 41.91%
Epoch: 500, Loss: 0.8847, Train: 58.73%, Valid: 57.16%, Test: 59.14%, Best Valid: 64.47%, Best Test: 65.58%
Epoch: 600, Loss: 0.3520, Train: 65.65%, Valid: 65.20%, Test: 65.32%, Best Valid: 70.87%, Best Test: 71.21%
Epoch: 700, Loss: 0.2195, Train: 62.40%, Valid: 62.04%, Test: 62.09%, Best Valid: 71.09%, Best Test: 72.99%
Epoch: 800, Loss: 0.2706, Train: 66.23%, Valid: 65.31%, Test: 66.41%, Best Valid: 71.09%, Best Test: 72.99%
Epoch: 900, Loss: 0.4413, Train: 71.87%, Valid: 70.69%, Test: 72.52%, Best Valid: 73.75%, Best Test: 75.61%
Epoch: 1000, Loss: 0.0504, Train: 66.43%, Valid: 66.76%, Test: 66.78%, Best Valid: 75.05%, Best Test: 75.94%
Epoch: 1100, Loss: 0.0422, Train: 74.95%, Valid: 75.67%, Test: 75.21%, Best Valid: 75.67%, Best Test: 75.21%
Run 03:
Highest Train: 76.96
Highest Valid: 76.69
Highest Test: 78.12
Chosen epoch: 1126
Final Train: 76.96
Final Test: 78.12
Label budget: 20/class -> 200 train nodes
Pre-training MLP for 500 epochs to generate co-occurrence matrix...
Penalty transform 'shuffle': rel Frobenius dist to original = 0.2560, off-diag CV of original penalty = 0.1487
MLP pre-training complete. Penalty matrix frozen.
Epoch: 00, Loss: 6.8748, Train: 37.57%, Valid: 36.18%, Test: 38.46%, Best Valid: 36.18%, Best Test: 38.46%
Epoch: 100, Loss: 6.1213, Train: 37.61%, Valid: 36.11%, Test: 38.53%, Best Valid: 36.18%, Best Test: 38.46%
Switching Polynormer to global attention phase.
Epoch: 200, Loss: 5.9867, Train: 2.18%, Valid: 2.29%, Test: 2.36%, Best Valid: 72.36%, Best Test: 73.06%
Epoch: 300, Loss: 0.7303, Train: 72.50%, Valid: 73.42%, Test: 74.30%, Best Valid: 75.56%, Best Test: 75.83%
Epoch: 400, Loss: 0.3537, Train: 73.64%, Valid: 73.89%, Test: 74.59%, Best Valid: 76.25%, Best Test: 77.21%
Epoch: 500, Loss: 0.3724, Train: 74.16%, Valid: 74.00%, Test: 74.92%, Best Valid: 76.87%, Best Test: 77.50%
Epoch: 600, Loss: 0.0458, Train: 76.72%, Valid: 76.65%, Test: 76.70%, Best Valid: 78.87%, Best Test: 78.88%
Epoch: 700, Loss: 0.0550, Train: 75.53%, Valid: 75.35%, Test: 75.86%, Best Valid: 78.87%, Best Test: 78.88%
Epoch: 800, Loss: 0.1843, Train: 77.49%, Valid: 77.56%, Test: 78.01%, Best Valid: 78.87%, Best Test: 78.88%
Epoch: 900, Loss: 0.0518, Train: 74.73%, Valid: 74.84%, Test: 74.95%, Best Valid: 78.87%, Best Test: 78.88%
Epoch: 1000, Loss: 0.0310, Train: 76.95%, Valid: 77.35%, Test: 77.43%, Best Valid: 80.15%, Best Test: 80.19%
Epoch: 1100, Loss: 0.0804, Train: 74.66%, Valid: 75.05%, Test: 75.97%, Best Valid: 80.15%, Best Test: 80.19%
Run 04:
Highest Train: 80.69
Highest Valid: 81.09
Highest Test: 80.84
Chosen epoch: 1124
Final Train: 80.69
Final Test: 80.84
Label budget: 20/class -> 200 train nodes
Pre-training MLP for 500 epochs to generate co-occurrence matrix...
Penalty transform 'shuffle': rel Frobenius dist to original = 0.2861, off-diag CV of original penalty = 0.1690
MLP pre-training complete. Penalty matrix frozen.
Epoch: 00, Loss: 6.6468, Train: 37.57%, Valid: 36.18%, Test: 38.50%, Best Valid: 36.18%, Best Test: 38.50%
Epoch: 100, Loss: 6.5593, Train: 10.34%, Valid: 10.22%, Test: 9.85%, Best Valid: 36.18%, Best Test: 38.50%
Switching Polynormer to global attention phase.
Epoch: 200, Loss: 6.1265, Train: 6.04%, Valid: 6.25%, Test: 5.38%, Best Valid: 36.18%, Best Test: 38.50%
Epoch: 300, Loss: 7.9533, Train: 6.04%, Valid: 6.25%, Test: 5.38%, Best Valid: 36.18%, Best Test: 38.50%
Epoch: 400, Loss: 3.9916, Train: 18.25%, Valid: 17.85%, Test: 17.67%, Best Valid: 36.18%, Best Test: 38.50%
Epoch: 500, Loss: 1.9307, Train: 34.41%, Valid: 33.31%, Test: 33.88%, Best Valid: 36.18%, Best Test: 38.50%
Epoch: 600, Loss: 0.8761, Train: 56.03%, Valid: 56.73%, Test: 56.34%, Best Valid: 57.85%, Best Test: 57.03%
Epoch: 700, Loss: 0.6948, Train: 63.19%, Valid: 63.20%, Test: 62.12%, Best Valid: 67.38%, Best Test: 67.07%
Epoch: 800, Loss: 0.5466, Train: 64.04%, Valid: 63.38%, Test: 63.03%, Best Valid: 69.64%, Best Test: 69.57%
Epoch: 900, Loss: 0.1893, Train: 55.11%, Valid: 55.31%, Test: 55.03%, Best Valid: 70.76%, Best Test: 70.30%
Epoch: 1000, Loss: 0.1391, Train: 71.45%, Valid: 71.13%, Test: 72.08%, Best Valid: 73.67%, Best Test: 74.34%
Epoch: 1100, Loss: 0.1022, Train: 72.19%, Valid: 72.84%, Test: 72.52%, Best Valid: 74.15%, Best Test: 73.75%
Run 05:
Highest Train: 75.83
Highest Valid: 75.93
Highest Test: 75.90
Chosen epoch: 1171
Final Train: 75.75
Final Test: 75.72
Label budget: 20/class -> 200 train nodes
Pre-training MLP for 500 epochs to generate co-occurrence matrix...
Penalty transform 'shuffle': rel Frobenius dist to original = 0.2861, off-diag CV of original penalty = 0.1709
MLP pre-training complete. Penalty matrix frozen.
Epoch: 00, Loss: 6.5852, Train: 9.03%, Valid: 8.55%, Test: 8.54%, Best Valid: 8.55%, Best Test: 8.54%
Epoch: 100, Loss: 6.2299, Train: 3.36%, Valid: 4.00%, Test: 3.64%, Best Valid: 9.53%, Best Test: 10.03%
Switching Polynormer to global attention phase.
Epoch: 200, Loss: 5.9867, Train: 37.61%, Valid: 36.18%, Test: 38.53%, Best Valid: 61.09%, Best Test: 59.43%
Epoch: 300, Loss: 1.0310, Train: 58.65%, Valid: 60.04%, Test: 57.03%, Best Valid: 73.67%, Best Test: 72.63%
Epoch: 400, Loss: 0.5371, Train: 72.94%, Valid: 72.25%, Test: 73.72%, Best Valid: 78.40%, Best Test: 79.17%
Epoch: 500, Loss: 0.4082, Train: 75.92%, Valid: 75.75%, Test: 76.41%, Best Valid: 78.62%, Best Test: 79.83%
Epoch: 600, Loss: 0.1848, Train: 77.71%, Valid: 77.09%, Test: 78.12%, Best Valid: 79.56%, Best Test: 80.63%
Epoch: 700, Loss: 0.0829, Train: 77.36%, Valid: 77.42%, Test: 77.83%, Best Valid: 80.15%, Best Test: 80.44%
Epoch: 800, Loss: 0.0571, Train: 76.55%, Valid: 76.11%, Test: 76.55%, Best Valid: 80.73%, Best Test: 81.21%
Epoch: 900, Loss: 0.4703, Train: 79.83%, Valid: 79.64%, Test: 79.28%, Best Valid: 80.73%, Best Test: 81.21%
Epoch: 1000, Loss: 0.0174, Train: 80.96%, Valid: 80.98%, Test: 81.50%, Best Valid: 82.25%, Best Test: 82.33%
Epoch: 1100, Loss: 0.0252, Train: 79.87%, Valid: 79.85%, Test: 80.19%, Best Valid: 82.25%, Best Test: 82.33%
Run 06:
Highest Train: 82.62
Highest Valid: 82.25
Highest Test: 82.62
Chosen epoch: 931
Final Train: 82.31
Final Test: 82.33
Label budget: 20/class -> 200 train nodes
Pre-training MLP for 500 epochs to generate co-occurrence matrix...
Penalty transform 'shuffle': rel Frobenius dist to original = 0.2273, off-diag CV of original penalty = 0.1458
MLP pre-training complete. Penalty matrix frozen.
Epoch: 00, Loss: 6.6186, Train: 6.51%, Valid: 6.80%, Test: 6.80%, Best Valid: 6.80%, Best Test: 6.80%
Epoch: 100, Loss: 6.2574, Train: 1.96%, Valid: 2.55%, Test: 2.14%, Best Valid: 36.18%, Best Test: 38.53%
Switching Polynormer to global attention phase.
Epoch: 200, Loss: 5.9867, Train: 15.79%, Valid: 16.33%, Test: 14.69%, Best Valid: 72.40%, Best Test: 75.57%
Epoch: 300, Loss: 0.9570, Train: 81.11%, Valid: 80.25%, Test: 82.92%, Best Valid: 81.85%, Best Test: 84.51%
Epoch: 400, Loss: 0.7157, Train: 82.43%, Valid: 81.38%, Test: 83.61%, Best Valid: 83.89%, Best Test: 85.42%
Epoch: 500, Loss: 0.1797, Train: 81.47%, Valid: 80.51%, Test: 82.30%, Best Valid: 83.89%, Best Test: 85.42%
Epoch: 600, Loss: 0.1446, Train: 82.73%, Valid: 81.35%, Test: 83.93%, Best Valid: 83.89%, Best Test: 85.42%
Epoch: 700, Loss: 0.5007, Train: 81.30%, Valid: 80.58%, Test: 81.97%, Best Valid: 83.89%, Best Test: 85.42%
Epoch: 800, Loss: 0.0478, Train: 80.29%, Valid: 79.96%, Test: 80.26%, Best Valid: 83.89%, Best Test: 85.42%
Epoch: 900, Loss: 0.0759, Train: 81.26%, Valid: 80.25%, Test: 82.04%, Best Valid: 83.89%, Best Test: 85.42%
Epoch: 1000, Loss: 0.0451, Train: 82.22%, Valid: 81.24%, Test: 82.33%, Best Valid: 83.89%, Best Test: 85.42%
Epoch: 1100, Loss: 0.0087, Train: 81.81%, Valid: 81.35%, Test: 82.08%, Best Valid: 83.89%, Best Test: 85.42%
Run 07:
Highest Train: 83.97
Highest Valid: 83.89
Highest Test: 85.42
Chosen epoch: 368
Final Train: 83.97
Final Test: 85.42
Label budget: 20/class -> 200 train nodes
Pre-training MLP for 500 epochs to generate co-occurrence matrix...
Penalty transform 'shuffle': rel Frobenius dist to original = 0.2421, off-diag CV of original penalty = 0.1528
MLP pre-training complete. Penalty matrix frozen.
Epoch: 00, Loss: 6.6261, Train: 3.37%, Valid: 4.00%, Test: 3.64%, Best Valid: 4.00%, Best Test: 3.64%
Epoch: 100, Loss: 5.7025, Train: 19.10%, Valid: 18.36%, Test: 18.18%, Best Valid: 18.36%, Best Test: 18.18%
Switching Polynormer to global attention phase.
Epoch: 200, Loss: 5.9867, Train: 1.96%, Valid: 2.55%, Test: 2.14%, Best Valid: 40.33%, Best Test: 40.24%
Epoch: 300, Loss: 2.0833, Train: 48.29%, Valid: 48.91%, Test: 47.91%, Best Valid: 48.91%, Best Test: 47.91%
Epoch: 400, Loss: 1.0159, Train: 45.95%, Valid: 45.49%, Test: 44.82%, Best Valid: 51.75%, Best Test: 50.45%
Epoch: 500, Loss: 0.5494, Train: 49.42%, Valid: 49.85%, Test: 49.11%, Best Valid: 52.76%, Best Test: 53.14%
Epoch: 600, Loss: 0.1759, Train: 46.18%, Valid: 46.25%, Test: 45.55%, Best Valid: 57.96%, Best Test: 58.89%
Epoch: 700, Loss: 0.1160, Train: 52.26%, Valid: 52.18%, Test: 52.56%, Best Valid: 57.96%, Best Test: 58.89%
Epoch: 800, Loss: 0.0784, Train: 49.42%, Valid: 49.82%, Test: 50.16%, Best Valid: 57.96%, Best Test: 58.89%
Epoch: 900, Loss: 0.1977, Train: 50.47%, Valid: 51.93%, Test: 51.65%, Best Valid: 57.96%, Best Test: 58.89%
Epoch: 1000, Loss: 0.1009, Train: 53.64%, Valid: 53.75%, Test: 55.00%, Best Valid: 61.31%, Best Test: 62.78%
Epoch: 1100, Loss: 0.0365, Train: 49.90%, Valid: 50.55%, Test: 50.67%, Best Valid: 61.31%, Best Test: 62.78%
Run 08:
Highest Train: 63.36
Highest Valid: 63.02
Highest Test: 64.89
Chosen epoch: 1182
Final Train: 63.36
Final Test: 64.89
Label budget: 20/class -> 200 train nodes
Pre-training MLP for 500 epochs to generate co-occurrence matrix...
Penalty transform 'shuffle': rel Frobenius dist to original = 0.2931, off-diag CV of original penalty = 0.1653
MLP pre-training complete. Penalty matrix frozen.
Epoch: 00, Loss: 6.7706, Train: 3.84%, Valid: 3.75%, Test: 4.43%, Best Valid: 3.75%, Best Test: 4.43%
Epoch: 100, Loss: 5.9441, Train: 6.07%, Valid: 6.55%, Test: 6.72%, Best Valid: 13.78%, Best Test: 13.67%
Switching Polynormer to global attention phase.
Epoch: 200, Loss: 5.9867, Train: 6.04%, Valid: 6.25%, Test: 5.38%, Best Valid: 35.64%, Best Test: 34.71%
Epoch: 300, Loss: 1.6886, Train: 42.26%, Valid: 42.80%, Test: 42.64%, Best Valid: 47.45%, Best Test: 46.35%
Epoch: 400, Loss: 0.6204, Train: 70.08%, Valid: 70.65%, Test: 70.45%, Best Valid: 78.15%, Best Test: 78.48%
Epoch: 500, Loss: 0.2470, Train: 76.15%, Valid: 76.58%, Test: 76.37%, Best Valid: 80.87%, Best Test: 79.64%
Epoch: 600, Loss: 0.2817, Train: 78.57%, Valid: 78.69%, Test: 79.61%, Best Valid: 81.31%, Best Test: 80.84%
Epoch: 700, Loss: 0.1096, Train: 79.81%, Valid: 79.89%, Test: 80.08%, Best Valid: 81.93%, Best Test: 82.08%
Epoch: 800, Loss: 0.0878, Train: 80.73%, Valid: 81.24%, Test: 81.97%, Best Valid: 82.22%, Best Test: 82.22%
Epoch: 900, Loss: 0.0809, Train: 79.49%, Valid: 80.73%, Test: 80.23%, Best Valid: 82.40%, Best Test: 82.15%
Epoch: 1000, Loss: 0.0517, Train: 80.90%, Valid: 80.80%, Test: 80.99%, Best Valid: 82.40%, Best Test: 82.15%
Epoch: 1100, Loss: 0.0410, Train: 79.83%, Valid: 80.25%, Test: 80.55%, Best Valid: 82.40%, Best Test: 82.15%
Run 09:
Highest Train: 81.99
Highest Valid: 82.40
Highest Test: 82.95
Chosen epoch: 889
Final Train: 81.49
Final Test: 82.15
Label budget: 20/class -> 200 train nodes
Pre-training MLP for 500 epochs to generate co-occurrence matrix...
Penalty transform 'shuffle': rel Frobenius dist to original = 0.2292, off-diag CV of original penalty = 0.1204
MLP pre-training complete. Penalty matrix frozen.
Epoch: 00, Loss: 6.9951, Train: 15.38%, Valid: 15.96%, Test: 15.38%, Best Valid: 15.96%, Best Test: 15.38%
Epoch: 100, Loss: 6.1740, Train: 3.14%, Valid: 3.16%, Test: 3.45%, Best Valid: 36.18%, Best Test: 38.53%
Switching Polynormer to global attention phase.
Epoch: 200, Loss: 5.9867, Train: 37.61%, Valid: 36.18%, Test: 38.53%, Best Valid: 62.73%, Best Test: 63.14%
Epoch: 300, Loss: 0.9642, Train: 73.71%, Valid: 73.93%, Test: 73.72%, Best Valid: 76.25%, Best Test: 75.83%
Epoch: 400, Loss: 0.3757, Train: 76.51%, Valid: 75.93%, Test: 76.23%, Best Valid: 80.07%, Best Test: 79.83%
Epoch: 500, Loss: 0.3469, Train: 75.34%, Valid: 75.16%, Test: 75.86%, Best Valid: 80.07%, Best Test: 79.83%
Epoch: 600, Loss: 0.2022, Train: 76.51%, Valid: 76.07%, Test: 76.55%, Best Valid: 80.07%, Best Test: 79.83%
Epoch: 700, Loss: 0.2376, Train: 77.41%, Valid: 77.05%, Test: 78.04%, Best Valid: 80.07%, Best Test: 79.83%
Epoch: 800, Loss: 8.4566, Train: 27.78%, Valid: 27.93%, Test: 26.75%, Best Valid: 80.07%, Best Test: 79.83%
Epoch: 900, Loss: 1.8743, Train: 61.11%, Valid: 61.64%, Test: 62.45%, Best Valid: 80.07%, Best Test: 79.83%
Epoch: 1000, Loss: 0.9125, Train: 74.09%, Valid: 73.49%, Test: 75.32%, Best Valid: 80.07%, Best Test: 79.83%
Epoch: 1100, Loss: 0.3680, Train: 77.15%, Valid: 76.98%, Test: 77.39%, Best Valid: 80.07%, Best Test: 79.83%
Run 10:
Highest Train: 80.69
Highest Valid: 80.07
Highest Test: 80.33
Chosen epoch: 356
Final Train: 80.27
Final Test: 79.83
All runs:
Highest Train: 79.29 ± 6.23
Highest Test: 80.03 ± 6.13
Highest Valid: 79.23 ± 6.35
  Final Train: 79.14 ± 6.17
   Final Test: 79.83 ± 6.07
Saving results to ../results/lowlabel/amazon-computer/polynormer.csv
Low-label sweep completed.
Task 60 done.
