Wed Aug 12 18:25:40 2026       
+-----------------------------------------------------------------------------------------+
| NVIDIA-SMI 580.159.04             Driver Version: 580.159.04     CUDA Version: 13.0     |
+-----------------------------------------+------------------------+----------------------+
| GPU  Name                 Persistence-M | Bus-Id          Disp.A | Volatile Uncorr. ECC |
| Fan  Temp   Perf          Pwr:Usage/Cap |           Memory-Usage | GPU-Util  Compute M. |
|                                         |                        |               MIG M. |
|=========================================+========================+======================|
|   0  NVIDIA A100-SXM4-80GB          On  |   00000000:01:00.0 Off |                   On |
| N/A   27C    P0             51W /  500W |     249MiB /  81920MiB |     N/A      Default |
|                                         |                        |              Enabled |
+-----------------------------------------+------------------------+----------------------+
|   1  NVIDIA A100-SXM4-80GB          On  |   00000000:41:00.0 Off |                   On |
| N/A   26C    P0             49W /  500W |     249MiB /  81920MiB |     N/A      Default |
|                                         |                        |              Enabled |
+-----------------------------------------+------------------------+----------------------+
|   2  NVIDIA A100-SXM4-80GB          On  |   00000000:81:00.0 Off |                   On |
| N/A   27C    P0             48W /  500W |     249MiB /  81920MiB |     N/A      Default |
|                                         |                        |              Enabled |
+-----------------------------------------+------------------------+----------------------+
|   3  NVIDIA A100-SXM4-80GB          On  |   00000000:C1:00.0 Off |                   On |
| N/A   25C    P0             49W /  500W |     249MiB /  81920MiB |     N/A      Default |
|                                         |                        |              Enabled |
+-----------------------------------------+------------------------+----------------------+

+-----------------------------------------------------------------------------------------+
| MIG devices:                                                                            |
+------------------+----------------------------------+-----------+-----------------------+
| GPU  GI  CI  MIG |              Shared Memory-Usage |        Vol|        Shared         |
|      ID  ID  Dev |                Shared BAR1-Usage | SM     Unc| CE ENC  DEC  OFA  JPG |
|                  |                                  |        ECC|                       |
|==================+==================================+===========+=======================|
|  0    5   0   0  |              71MiB / 19968MiB    | 28      0 |  2   0    1    0    0 |
|                  |               0MiB / 12271MiB    |           |                       |
+------------------+----------------------------------+-----------+-----------------------+

+-----------------------------------------------------------------------------------------+
| Processes:                                                                              |
|  GPU   GI   CI              PID   Type   Process name                        GPU Memory |
|        ID   ID                                                               Usage      |
|=========================================================================================|
|  No running processes found                                                             |
+-----------------------------------------------------------------------------------------+
Cell: pubmed / polynormer / budget 5 per class / group 4
python main.py --model polynormer --dataset pubmed --lr 0.001 --hidden_channels 64 --dropout 0.5 --weight_decay 0.0005 --num_heads 8 --runs 10 --device 0 --result_dir ../results/lowlabel --model_dir models/lowlabel_1171808_134 --paired_seeds --rand_split_class --valid_num 500 --test_num 1000 --seed 123 --local_layers 3 --global_layers 1 --local_epochs 100 --global_epochs 1000 --beta -1.0 --in_dropout 0.2 --save_model --label_num_per_class 5 --resample_split_per_run --budget_tag 5
==========================================================
Low-label sweep: python main.py --model polynormer --dataset pubmed --lr 0.001 --hidden_channels 64 --dropout 0.5 --weight_decay 0.0005 --num_heads 8 --runs 10 --device 0 --result_dir ../results/lowlabel --model_dir models/lowlabel_1171808_134 --paired_seeds --rand_split_class --valid_num 500 --test_num 1000 --seed 123 --local_layers 3 --global_layers 1 --local_epochs 100 --global_epochs 1000 --beta -1.0 --in_dropout 0.2 --save_model --label_num_per_class 5 --resample_split_per_run --budget_tag 5
result_dir=../results/lowlabel conditions=[shuffle]
==========================================================
--- mlp_reg/shuffle placebo | lambda=0.01 ---
    (already completed — requeue resume, skipping)
--- mlp_reg/shuffle placebo | lambda=0.05 ---
    (already completed — requeue resume, skipping)
--- mlp_reg/shuffle placebo | lambda=0.1 ---
Namespace(aggregate='add', alpha=0.5, attention='gcn', beta=-1.0, bn=False, budget_tag='5', count_reg=False, count_smoothing=1.0, cpu=False, data_dir='../data/', dataset='pubmed', device=0, dim_inner=64, display_step=100, dropout=0.5, epochs=500, global_dropout=None, global_epochs=1000, global_layers=1, gnn='gcn', graph_weight=0.8, hidden_channels=64, hops=10, in_dropout=0.2, jk=False, label_num_per_class=5, lambda_val=0.1, layers=1, ln=False, local_epochs=100, local_gnn_type='GCN', local_layers=3, lr=0.001, metric='acc', mlp_epochs=500, mlp_reg=True, model='polynormer', model_dir='models/lowlabel_1171808_134', n_heads=8, num_centroids=4096, num_heads=8, oracle_reg=False, paired_seeds=True, pe_types='RWSE', penalty_transform='shuffle', pre_linear=False, pre_ln=False, rand_split=False, rand_split_class=True, reg_start_epoch=10, reg_update_freq=5, res=False, resample_split_per_run=True, result_dir='../results/lowlabel', runs=10, save_model=True, save_result=False, seed=123, test_num=1000, tr_dropout=None, tr_layers=1, tr_weight_decay=None, train_per_class=0, train_prop=0.5, use_act=False, use_bn=False, use_graph=False, use_reg=True, use_residual=False, use_weight=False, valid_num=500, valid_per_class=0, valid_prop=0.25, weight_decay=0.0005)
pubmed
Num nodes: 19717
train:torch.Size([15]), valid:torch.Size([500]), test:torch.Size([1000])
dataset pubmed | num nodes 19717 | num edge 88648 | num node feats 500 | num classes 3
MODEL: Polynormer(
  (h_lins): ModuleList(
    (0): Linear(in_features=512, out_features=512, bias=True)
    (1): Linear(in_features=512, out_features=512, bias=True)
    (2): Linear(in_features=512, out_features=512, bias=True)
  )
  (local_convs): ModuleList(
    (0): GATConv(512, 64, heads=8)
    (1): GATConv(512, 64, heads=8)
    (2): GATConv(512, 64, heads=8)
  )
  (lins): ModuleList(
    (0): Linear(in_features=512, out_features=512, bias=True)
    (1): Linear(in_features=512, out_features=512, bias=True)
    (2): Linear(in_features=512, out_features=512, bias=True)
  )
  (lns): ModuleList(
    (0): LayerNorm((512,), eps=1e-05, elementwise_affine=True)
    (1): LayerNorm((512,), eps=1e-05, elementwise_affine=True)
    (2): LayerNorm((512,), eps=1e-05, elementwise_affine=True)
  )
  (lin_in): Linear(in_features=500, out_features=512, bias=True)
  (ln): LayerNorm((512,), eps=1e-05, elementwise_affine=True)
  (global_attn): GlobalAttn(
    (h_lins): ModuleList(
      (0): Linear(in_features=512, out_features=512, bias=True)
    )
    (k_lins): ModuleList(
      (0): Linear(in_features=512, out_features=512, bias=True)
    )
    (v_lins): ModuleList(
      (0): Linear(in_features=512, out_features=512, bias=True)
    )
    (lns): ModuleList(
      (0): LayerNorm((512,), eps=1e-05, elementwise_affine=True)
    )
    (lin_out): Linear(in_features=512, out_features=512, bias=True)
  )
  (pred_local): Linear(in_features=512, out_features=3, bias=True)
  (pred_global): Linear(in_features=512, out_features=3, bias=True)
)
train:torch.Size([15]), valid:torch.Size([500]), test:torch.Size([1000])
Pre-training MLP for 500 epochs to generate co-occurrence matrix...
Penalty transform 'shuffle': rel Frobenius dist to original = 0.1565, off-diag CV of original penalty = 0.1163
MLP pre-training complete. Penalty matrix frozen.
Epoch: 00, Loss: 1.1793, Train: 40.00%, Valid: 34.00%, Test: 31.90%, Best Valid: 34.00%, Best Test: 31.90%
Switching Polynormer to global attention phase.
Epoch: 100, Loss: 1.2616, Train: 100.00%, Valid: 71.20%, Test: 73.40%, Best Valid: 71.20%, Best Test: 73.40%
Epoch: 200, Loss: 0.0000, Train: 100.00%, Valid: 66.80%, Test: 70.80%, Best Valid: 71.20%, Best Test: 73.40%
Epoch: 300, Loss: 0.0004, Train: 100.00%, Valid: 67.00%, Test: 68.60%, Best Valid: 71.40%, Best Test: 73.10%
Epoch: 400, Loss: 0.0005, Train: 100.00%, Valid: 61.20%, Test: 64.50%, Best Valid: 71.40%, Best Test: 73.10%
Epoch: 500, Loss: 0.0002, Train: 100.00%, Valid: 62.00%, Test: 64.70%, Best Valid: 71.40%, Best Test: 73.10%
Epoch: 600, Loss: 0.0000, Train: 100.00%, Valid: 63.80%, Test: 65.90%, Best Valid: 71.40%, Best Test: 73.10%
Epoch: 700, Loss: 0.0000, Train: 100.00%, Valid: 68.80%, Test: 72.40%, Best Valid: 71.40%, Best Test: 73.10%
Epoch: 800, Loss: 0.0000, Train: 100.00%, Valid: 69.20%, Test: 72.10%, Best Valid: 71.40%, Best Test: 73.10%
Epoch: 900, Loss: 0.0000, Train: 100.00%, Valid: 67.60%, Test: 71.50%, Best Valid: 71.40%, Best Test: 73.10%
Epoch: 1000, Loss: 0.0001, Train: 100.00%, Valid: 68.60%, Test: 71.00%, Best Valid: 71.40%, Best Test: 73.10%
Run 01:
Highest Train: 100.00
Highest Valid: 71.40
Highest Test: 74.50
Chosen epoch: 231
Final Train: 100.00
Final Test: 73.10
train:torch.Size([15]), valid:torch.Size([500]), test:torch.Size([1000])
Pre-training MLP for 500 epochs to generate co-occurrence matrix...
Penalty transform 'shuffle': rel Frobenius dist to original = 0.1430, off-diag CV of original penalty = 0.1105
MLP pre-training complete. Penalty matrix frozen.
Epoch: 00, Loss: 1.4330, Train: 40.00%, Valid: 46.80%, Test: 45.30%, Best Valid: 46.80%, Best Test: 45.30%
Switching Polynormer to global attention phase.
Epoch: 100, Loss: 1.2065, Train: 33.33%, Valid: 36.60%, Test: 39.90%, Best Valid: 60.60%, Best Test: 59.70%
Epoch: 200, Loss: 0.3002, Train: 100.00%, Valid: 48.00%, Test: 54.60%, Best Valid: 60.80%, Best Test: 56.40%
Epoch: 300, Loss: 0.0012, Train: 100.00%, Valid: 65.00%, Test: 61.90%, Best Valid: 65.00%, Best Test: 61.90%
Epoch: 400, Loss: 0.0000, Train: 100.00%, Valid: 64.20%, Test: 61.00%, Best Valid: 65.00%, Best Test: 61.90%
Epoch: 500, Loss: 0.0000, Train: 100.00%, Valid: 63.60%, Test: 60.80%, Best Valid: 65.00%, Best Test: 61.90%
Epoch: 600, Loss: 0.0003, Train: 100.00%, Valid: 57.40%, Test: 58.20%, Best Valid: 65.00%, Best Test: 61.90%
Epoch: 700, Loss: 0.0000, Train: 100.00%, Valid: 41.40%, Test: 44.20%, Best Valid: 66.00%, Best Test: 61.00%
Epoch: 800, Loss: 0.0001, Train: 100.00%, Valid: 55.00%, Test: 57.40%, Best Valid: 66.00%, Best Test: 61.00%
Epoch: 900, Loss: 0.0000, Train: 100.00%, Valid: 55.40%, Test: 57.50%, Best Valid: 66.00%, Best Test: 61.00%
Epoch: 1000, Loss: 0.0000, Train: 100.00%, Valid: 55.20%, Test: 57.20%, Best Valid: 66.00%, Best Test: 61.00%
Run 02:
Highest Train: 100.00
Highest Valid: 66.00
Highest Test: 62.40
Chosen epoch: 650
Final Train: 100.00
Final Test: 61.00
train:torch.Size([15]), valid:torch.Size([500]), test:torch.Size([1000])
Pre-training MLP for 500 epochs to generate co-occurrence matrix...
Penalty transform 'shuffle': rel Frobenius dist to original = 0.1033, off-diag CV of original penalty = 0.0372
MLP pre-training complete. Penalty matrix frozen.
Epoch: 00, Loss: 1.3020, Train: 46.67%, Valid: 29.40%, Test: 26.50%, Best Valid: 29.40%, Best Test: 26.50%
Switching Polynormer to global attention phase.
Epoch: 100, Loss: 1.2085, Train: 33.33%, Valid: 22.20%, Test: 20.60%, Best Valid: 65.60%, Best Test: 64.20%
Epoch: 200, Loss: 0.0000, Train: 100.00%, Valid: 58.20%, Test: 58.70%, Best Valid: 65.60%, Best Test: 64.20%
Epoch: 300, Loss: 0.0000, Train: 100.00%, Valid: 66.20%, Test: 65.10%, Best Valid: 66.20%, Best Test: 65.20%
Epoch: 400, Loss: 0.0000, Train: 100.00%, Valid: 66.20%, Test: 64.50%, Best Valid: 66.20%, Best Test: 65.20%
Epoch: 500, Loss: 0.0000, Train: 100.00%, Valid: 66.40%, Test: 64.20%, Best Valid: 66.80%, Best Test: 64.10%
Epoch: 600, Loss: 0.0000, Train: 100.00%, Valid: 66.00%, Test: 63.80%, Best Valid: 66.80%, Best Test: 64.10%
Epoch: 700, Loss: 0.0000, Train: 100.00%, Valid: 67.00%, Test: 64.00%, Best Valid: 67.00%, Best Test: 64.00%
Epoch: 800, Loss: 0.0022, Train: 100.00%, Valid: 66.00%, Test: 64.30%, Best Valid: 67.00%, Best Test: 64.00%
Epoch: 900, Loss: 0.0005, Train: 100.00%, Valid: 67.00%, Test: 63.50%, Best Valid: 67.20%, Best Test: 63.60%
Epoch: 1000, Loss: 0.0012, Train: 100.00%, Valid: 67.40%, Test: 64.50%, Best Valid: 68.60%, Best Test: 65.50%
Run 03:
Highest Train: 100.00
Highest Valid: 68.60
Highest Test: 65.50
Chosen epoch: 971
Final Train: 100.00
Final Test: 65.50
train:torch.Size([15]), valid:torch.Size([500]), test:torch.Size([1000])
Pre-training MLP for 500 epochs to generate co-occurrence matrix...
Penalty transform 'shuffle': rel Frobenius dist to original = 0.2257, off-diag CV of original penalty = 0.0790
MLP pre-training complete. Penalty matrix frozen.
Epoch: 00, Loss: 1.3410, Train: 33.33%, Valid: 44.60%, Test: 40.00%, Best Valid: 44.60%, Best Test: 40.00%
Switching Polynormer to global attention phase.
Epoch: 100, Loss: 1.2114, Train: 66.67%, Valid: 38.60%, Test: 46.10%, Best Valid: 69.40%, Best Test: 63.40%
Epoch: 200, Loss: 0.0000, Train: 100.00%, Valid: 48.20%, Test: 45.40%, Best Valid: 69.40%, Best Test: 63.40%
Epoch: 300, Loss: 0.0000, Train: 100.00%, Valid: 62.80%, Test: 55.10%, Best Valid: 69.40%, Best Test: 63.40%
Epoch: 400, Loss: 0.0000, Train: 100.00%, Valid: 52.80%, Test: 52.00%, Best Valid: 69.40%, Best Test: 63.40%
Epoch: 500, Loss: 0.0000, Train: 100.00%, Valid: 55.80%, Test: 54.80%, Best Valid: 69.40%, Best Test: 63.40%
Epoch: 600, Loss: 0.0000, Train: 100.00%, Valid: 55.80%, Test: 55.20%, Best Valid: 69.40%, Best Test: 63.40%
Epoch: 700, Loss: 0.0000, Train: 100.00%, Valid: 55.60%, Test: 55.30%, Best Valid: 69.40%, Best Test: 63.40%
Epoch: 800, Loss: 0.0000, Train: 100.00%, Valid: 55.00%, Test: 54.90%, Best Valid: 69.40%, Best Test: 63.40%
Epoch: 900, Loss: 0.0000, Train: 100.00%, Valid: 39.80%, Test: 41.00%, Best Valid: 69.40%, Best Test: 63.40%
Epoch: 1000, Loss: 0.0002, Train: 100.00%, Valid: 55.00%, Test: 54.90%, Best Valid: 69.40%, Best Test: 63.40%
Run 04:
Highest Train: 100.00
Highest Valid: 69.40
Highest Test: 64.40
Chosen epoch: 23
Final Train: 100.00
Final Test: 63.40
train:torch.Size([15]), valid:torch.Size([500]), test:torch.Size([1000])
Pre-training MLP for 500 epochs to generate co-occurrence matrix...
Penalty transform 'shuffle': rel Frobenius dist to original = 0.1551, off-diag CV of original penalty = 0.0582
MLP pre-training complete. Penalty matrix frozen.
Epoch: 00, Loss: 1.2102, Train: 33.33%, Valid: 35.20%, Test: 35.30%, Best Valid: 35.20%, Best Test: 35.30%
Switching Polynormer to global attention phase.
Epoch: 100, Loss: 1.2085, Train: 33.33%, Valid: 37.80%, Test: 39.50%, Best Valid: 72.60%, Best Test: 69.50%
Epoch: 200, Loss: 0.0000, Train: 100.00%, Valid: 70.80%, Test: 69.60%, Best Valid: 72.60%, Best Test: 69.50%
Epoch: 300, Loss: 0.0053, Train: 100.00%, Valid: 45.40%, Test: 46.30%, Best Valid: 72.60%, Best Test: 69.50%
Epoch: 400, Loss: 0.0000, Train: 100.00%, Valid: 64.60%, Test: 64.90%, Best Valid: 72.60%, Best Test: 69.50%
Epoch: 500, Loss: 0.0000, Train: 100.00%, Valid: 68.20%, Test: 67.90%, Best Valid: 72.60%, Best Test: 69.50%
Epoch: 600, Loss: 0.0000, Train: 100.00%, Valid: 68.20%, Test: 68.40%, Best Valid: 72.60%, Best Test: 69.50%
Epoch: 700, Loss: 0.0000, Train: 100.00%, Valid: 68.60%, Test: 68.00%, Best Valid: 72.60%, Best Test: 69.50%
Epoch: 800, Loss: 0.0000, Train: 100.00%, Valid: 68.60%, Test: 68.20%, Best Valid: 72.60%, Best Test: 69.50%
Epoch: 900, Loss: 0.0000, Train: 100.00%, Valid: 68.60%, Test: 67.80%, Best Valid: 72.60%, Best Test: 69.50%
Epoch: 1000, Loss: 0.0000, Train: 100.00%, Valid: 69.40%, Test: 68.00%, Best Valid: 72.60%, Best Test: 69.50%
Run 05:
Highest Train: 100.00
Highest Valid: 72.60
Highest Test: 70.00
Chosen epoch: 53
Final Train: 100.00
Final Test: 69.50
train:torch.Size([15]), valid:torch.Size([500]), test:torch.Size([1000])
Pre-training MLP for 500 epochs to generate co-occurrence matrix...
Penalty transform 'shuffle': rel Frobenius dist to original = 0.2021, off-diag CV of original penalty = 0.0523
MLP pre-training complete. Penalty matrix frozen.
Epoch: 00, Loss: 1.3240, Train: 46.67%, Valid: 44.00%, Test: 43.10%, Best Valid: 44.00%, Best Test: 43.10%
Switching Polynormer to global attention phase.
Epoch: 100, Loss: 1.2086, Train: 33.33%, Valid: 36.60%, Test: 36.70%, Best Valid: 71.00%, Best Test: 73.80%
Epoch: 200, Loss: 0.0000, Train: 100.00%, Valid: 65.20%, Test: 68.70%, Best Valid: 71.00%, Best Test: 73.80%
Epoch: 300, Loss: 0.0000, Train: 100.00%, Valid: 62.60%, Test: 63.20%, Best Valid: 71.00%, Best Test: 73.80%
Epoch: 400, Loss: 0.0000, Train: 100.00%, Valid: 68.20%, Test: 70.60%, Best Valid: 71.00%, Best Test: 73.80%
Epoch: 500, Loss: 0.0000, Train: 100.00%, Valid: 68.20%, Test: 68.20%, Best Valid: 71.00%, Best Test: 73.80%
Epoch: 600, Loss: 0.0000, Train: 100.00%, Valid: 69.20%, Test: 70.00%, Best Valid: 71.00%, Best Test: 73.80%
Epoch: 700, Loss: 0.0000, Train: 100.00%, Valid: 69.80%, Test: 71.10%, Best Valid: 71.00%, Best Test: 73.80%
Epoch: 800, Loss: 0.0001, Train: 100.00%, Valid: 68.80%, Test: 70.90%, Best Valid: 71.00%, Best Test: 73.80%
Epoch: 900, Loss: 0.0001, Train: 100.00%, Valid: 69.60%, Test: 71.20%, Best Valid: 71.00%, Best Test: 73.80%
Epoch: 1000, Loss: 0.0001, Train: 100.00%, Valid: 68.40%, Test: 69.90%, Best Valid: 71.00%, Best Test: 73.80%
Run 06:
Highest Train: 100.00
Highest Valid: 71.00
Highest Test: 74.10
Chosen epoch: 47
Final Train: 100.00
Final Test: 73.80
train:torch.Size([15]), valid:torch.Size([500]), test:torch.Size([1000])
Pre-training MLP for 500 epochs to generate co-occurrence matrix...
Penalty transform 'shuffle': rel Frobenius dist to original = 0.2765, off-diag CV of original penalty = 0.1000
MLP pre-training complete. Penalty matrix frozen.
Epoch: 00, Loss: 1.4153, Train: 40.00%, Valid: 24.60%, Test: 26.20%, Best Valid: 24.60%, Best Test: 26.20%
Switching Polynormer to global attention phase.
Epoch: 100, Loss: 1.2113, Train: 33.33%, Valid: 41.80%, Test: 38.80%, Best Valid: 70.40%, Best Test: 70.90%
Epoch: 200, Loss: 0.0001, Train: 100.00%, Valid: 67.40%, Test: 65.40%, Best Valid: 71.20%, Best Test: 70.00%
Epoch: 300, Loss: 0.0000, Train: 100.00%, Valid: 70.80%, Test: 71.30%, Best Valid: 71.60%, Best Test: 70.40%
Epoch: 400, Loss: 0.0000, Train: 100.00%, Valid: 70.60%, Test: 71.40%, Best Valid: 71.60%, Best Test: 70.40%
Epoch: 500, Loss: 0.0000, Train: 100.00%, Valid: 71.80%, Test: 71.10%, Best Valid: 71.80%, Best Test: 71.00%
Epoch: 600, Loss: 0.0001, Train: 100.00%, Valid: 70.40%, Test: 70.90%, Best Valid: 72.00%, Best Test: 71.10%
Epoch: 700, Loss: 0.0000, Train: 100.00%, Valid: 71.20%, Test: 71.30%, Best Valid: 72.00%, Best Test: 71.10%
Epoch: 800, Loss: 0.0000, Train: 100.00%, Valid: 72.00%, Test: 71.70%, Best Valid: 72.00%, Best Test: 71.10%
Epoch: 900, Loss: 0.0002, Train: 100.00%, Valid: 72.00%, Test: 71.90%, Best Valid: 72.20%, Best Test: 71.70%
Epoch: 1000, Loss: 0.0001, Train: 100.00%, Valid: 72.00%, Test: 71.50%, Best Valid: 72.40%, Best Test: 71.70%
Run 07:
Highest Train: 100.00
Highest Valid: 72.40
Highest Test: 72.20
Chosen epoch: 902
Final Train: 100.00
Final Test: 71.70
train:torch.Size([15]), valid:torch.Size([500]), test:torch.Size([1000])
Pre-training MLP for 500 epochs to generate co-occurrence matrix...
Penalty transform 'shuffle': rel Frobenius dist to original = 0.2207, off-diag CV of original penalty = 0.1369
MLP pre-training complete. Penalty matrix frozen.
Epoch: 00, Loss: 1.3029, Train: 33.33%, Valid: 43.00%, Test: 40.60%, Best Valid: 43.00%, Best Test: 40.60%
Switching Polynormer to global attention phase.
Epoch: 100, Loss: 1.2074, Train: 66.67%, Valid: 52.80%, Test: 52.50%, Best Valid: 69.20%, Best Test: 67.20%
Epoch: 200, Loss: 0.0001, Train: 100.00%, Valid: 66.20%, Test: 65.20%, Best Valid: 70.60%, Best Test: 68.40%
Epoch: 300, Loss: 0.0000, Train: 100.00%, Valid: 63.60%, Test: 58.80%, Best Valid: 70.60%, Best Test: 68.40%
Epoch: 400, Loss: 0.0001, Train: 100.00%, Valid: 64.80%, Test: 64.80%, Best Valid: 70.60%, Best Test: 68.40%
Epoch: 500, Loss: 0.0000, Train: 100.00%, Valid: 62.40%, Test: 64.20%, Best Valid: 70.60%, Best Test: 68.40%
Epoch: 600, Loss: 0.0000, Train: 100.00%, Valid: 58.80%, Test: 61.80%, Best Valid: 70.60%, Best Test: 68.40%
Epoch: 700, Loss: 0.0000, Train: 100.00%, Valid: 59.40%, Test: 61.90%, Best Valid: 70.60%, Best Test: 68.40%
Epoch: 800, Loss: 0.0000, Train: 100.00%, Valid: 59.00%, Test: 61.40%, Best Valid: 70.60%, Best Test: 68.40%
Epoch: 900, Loss: 0.0000, Train: 100.00%, Valid: 69.00%, Test: 64.70%, Best Valid: 70.60%, Best Test: 68.40%
Epoch: 1000, Loss: 0.0000, Train: 100.00%, Valid: 68.20%, Test: 63.80%, Best Valid: 70.60%, Best Test: 68.40%
Run 08:
Highest Train: 100.00
Highest Valid: 70.60
Highest Test: 69.80
Chosen epoch: 173
Final Train: 100.00
Final Test: 68.40
train:torch.Size([15]), valid:torch.Size([500]), test:torch.Size([1000])
Pre-training MLP for 500 epochs to generate co-occurrence matrix...
Penalty transform 'shuffle': rel Frobenius dist to original = 0.2257, off-diag CV of original penalty = 0.1382
MLP pre-training complete. Penalty matrix frozen.
Epoch: 00, Loss: 1.3801, Train: 33.33%, Valid: 21.60%, Test: 20.90%, Best Valid: 21.60%, Best Test: 20.90%
Switching Polynormer to global attention phase.
Epoch: 100, Loss: 1.2084, Train: 33.33%, Valid: 38.80%, Test: 37.80%, Best Valid: 64.80%, Best Test: 65.90%
Epoch: 200, Loss: 0.0000, Train: 100.00%, Valid: 64.60%, Test: 64.40%, Best Valid: 65.60%, Best Test: 65.30%
Epoch: 300, Loss: 0.0001, Train: 100.00%, Valid: 64.20%, Test: 64.80%, Best Valid: 65.60%, Best Test: 65.30%
Epoch: 400, Loss: 0.0001, Train: 100.00%, Valid: 62.40%, Test: 63.20%, Best Valid: 65.60%, Best Test: 65.30%
Epoch: 500, Loss: 0.0000, Train: 100.00%, Valid: 57.40%, Test: 58.80%, Best Valid: 65.60%, Best Test: 65.30%
Epoch: 600, Loss: 0.0000, Train: 100.00%, Valid: 56.20%, Test: 58.50%, Best Valid: 65.60%, Best Test: 65.30%
Epoch: 700, Loss: 0.0000, Train: 100.00%, Valid: 57.20%, Test: 58.10%, Best Valid: 65.60%, Best Test: 65.30%
Epoch: 800, Loss: 0.0000, Train: 100.00%, Valid: 57.60%, Test: 57.70%, Best Valid: 65.60%, Best Test: 65.30%
Epoch: 900, Loss: 0.0000, Train: 100.00%, Valid: 57.80%, Test: 56.40%, Best Valid: 65.60%, Best Test: 65.30%
Epoch: 1000, Loss: 0.0000, Train: 100.00%, Valid: 56.20%, Test: 62.30%, Best Valid: 65.60%, Best Test: 65.30%
Run 09:
Highest Train: 100.00
Highest Valid: 65.60
Highest Test: 66.50
Chosen epoch: 125
Final Train: 100.00
Final Test: 65.30
train:torch.Size([15]), valid:torch.Size([500]), test:torch.Size([1000])
Pre-training MLP for 500 epochs to generate co-occurrence matrix...
Penalty transform 'shuffle': rel Frobenius dist to original = 0.2776, off-diag CV of original penalty = 0.0742
MLP pre-training complete. Penalty matrix frozen.
Epoch: 00, Loss: 1.1703, Train: 46.67%, Valid: 23.40%, Test: 24.50%, Best Valid: 23.40%, Best Test: 24.50%
Switching Polynormer to global attention phase.
Epoch: 100, Loss: 1.2094, Train: 100.00%, Valid: 67.20%, Test: 64.00%, Best Valid: 71.00%, Best Test: 69.90%
Epoch: 200, Loss: 0.0000, Train: 100.00%, Valid: 65.00%, Test: 64.40%, Best Valid: 71.00%, Best Test: 69.90%
Epoch: 300, Loss: 0.0000, Train: 100.00%, Valid: 67.40%, Test: 66.10%, Best Valid: 71.00%, Best Test: 69.90%
Epoch: 400, Loss: 0.0000, Train: 100.00%, Valid: 59.60%, Test: 58.50%, Best Valid: 71.00%, Best Test: 69.90%
Epoch: 500, Loss: 0.0000, Train: 100.00%, Valid: 69.00%, Test: 67.70%, Best Valid: 71.00%, Best Test: 69.90%
Epoch: 600, Loss: 0.0000, Train: 100.00%, Valid: 67.40%, Test: 67.70%, Best Valid: 71.00%, Best Test: 69.90%
Epoch: 700, Loss: 0.0000, Train: 100.00%, Valid: 67.80%, Test: 68.40%, Best Valid: 71.00%, Best Test: 69.90%
Epoch: 800, Loss: 0.0000, Train: 100.00%, Valid: 67.80%, Test: 68.50%, Best Valid: 71.00%, Best Test: 69.90%
Epoch: 900, Loss: 0.0000, Train: 100.00%, Valid: 65.20%, Test: 64.30%, Best Valid: 71.00%, Best Test: 69.90%
Epoch: 1000, Loss: 0.0001, Train: 100.00%, Valid: 64.80%, Test: 65.40%, Best Valid: 71.00%, Best Test: 69.90%
Run 10:
Highest Train: 100.00
Highest Valid: 71.00
Highest Test: 69.90
Chosen epoch: 30
Final Train: 100.00
Final Test: 69.90
All runs:
Highest Train: 100.00 ± 0.00
Highest Test: 68.93 ± 4.11
Highest Valid: 69.86 ± 2.46
  Final Train: 100.00 ± 0.00
   Final Test: 68.16 ± 4.25
Saving results to ../results/lowlabel/pubmed/polynormer.csv
--- mlp_reg/shuffle placebo | lambda=0.2 ---
Namespace(aggregate='add', alpha=0.5, attention='gcn', beta=-1.0, bn=False, budget_tag='5', count_reg=False, count_smoothing=1.0, cpu=False, data_dir='../data/', dataset='pubmed', device=0, dim_inner=64, display_step=100, dropout=0.5, epochs=500, global_dropout=None, global_epochs=1000, global_layers=1, gnn='gcn', graph_weight=0.8, hidden_channels=64, hops=10, in_dropout=0.2, jk=False, label_num_per_class=5, lambda_val=0.2, layers=1, ln=False, local_epochs=100, local_gnn_type='GCN', local_layers=3, lr=0.001, metric='acc', mlp_epochs=500, mlp_reg=True, model='polynormer', model_dir='models/lowlabel_1171808_134', n_heads=8, num_centroids=4096, num_heads=8, oracle_reg=False, paired_seeds=True, pe_types='RWSE', penalty_transform='shuffle', pre_linear=False, pre_ln=False, rand_split=False, rand_split_class=True, reg_start_epoch=10, reg_update_freq=5, res=False, resample_split_per_run=True, result_dir='../results/lowlabel', runs=10, save_model=True, save_result=False, seed=123, test_num=1000, tr_dropout=None, tr_layers=1, tr_weight_decay=None, train_per_class=0, train_prop=0.5, use_act=False, use_bn=False, use_graph=False, use_reg=True, use_residual=False, use_weight=False, valid_num=500, valid_per_class=0, valid_prop=0.25, weight_decay=0.0005)
pubmed
Num nodes: 19717
train:torch.Size([15]), valid:torch.Size([500]), test:torch.Size([1000])
dataset pubmed | num nodes 19717 | num edge 88648 | num node feats 500 | num classes 3
MODEL: Polynormer(
  (h_lins): ModuleList(
    (0): Linear(in_features=512, out_features=512, bias=True)
    (1): Linear(in_features=512, out_features=512, bias=True)
    (2): Linear(in_features=512, out_features=512, bias=True)
  )
  (local_convs): ModuleList(
    (0): GATConv(512, 64, heads=8)
    (1): GATConv(512, 64, heads=8)
    (2): GATConv(512, 64, heads=8)
  )
  (lins): ModuleList(
    (0): Linear(in_features=512, out_features=512, bias=True)
    (1): Linear(in_features=512, out_features=512, bias=True)
    (2): Linear(in_features=512, out_features=512, bias=True)
  )
  (lns): ModuleList(
    (0): LayerNorm((512,), eps=1e-05, elementwise_affine=True)
    (1): LayerNorm((512,), eps=1e-05, elementwise_affine=True)
    (2): LayerNorm((512,), eps=1e-05, elementwise_affine=True)
  )
  (lin_in): Linear(in_features=500, out_features=512, bias=True)
  (ln): LayerNorm((512,), eps=1e-05, elementwise_affine=True)
  (global_attn): GlobalAttn(
    (h_lins): ModuleList(
      (0): Linear(in_features=512, out_features=512, bias=True)
    )
    (k_lins): ModuleList(
      (0): Linear(in_features=512, out_features=512, bias=True)
    )
    (v_lins): ModuleList(
      (0): Linear(in_features=512, out_features=512, bias=True)
    )
    (lns): ModuleList(
      (0): LayerNorm((512,), eps=1e-05, elementwise_affine=True)
    )
    (lin_out): Linear(in_features=512, out_features=512, bias=True)
  )
  (pred_local): Linear(in_features=512, out_features=3, bias=True)
  (pred_global): Linear(in_features=512, out_features=3, bias=True)
)
train:torch.Size([15]), valid:torch.Size([500]), test:torch.Size([1000])
Pre-training MLP for 500 epochs to generate co-occurrence matrix...
Penalty transform 'shuffle': rel Frobenius dist to original = 0.1565, off-diag CV of original penalty = 0.1163
MLP pre-training complete. Penalty matrix frozen.
Epoch: 00, Loss: 1.2865, Train: 46.67%, Valid: 30.80%, Test: 30.20%, Best Valid: 30.80%, Best Test: 30.20%
Switching Polynormer to global attention phase.
Epoch: 100, Loss: 1.3436, Train: 100.00%, Valid: 68.80%, Test: 68.60%, Best Valid: 69.00%, Best Test: 70.90%
Epoch: 200, Loss: 0.0000, Train: 100.00%, Valid: 68.00%, Test: 71.80%, Best Valid: 70.60%, Best Test: 72.20%
Epoch: 300, Loss: 0.0784, Train: 100.00%, Valid: 59.20%, Test: 58.90%, Best Valid: 70.60%, Best Test: 72.20%
Epoch: 400, Loss: 0.0000, Train: 100.00%, Valid: 63.80%, Test: 63.30%, Best Valid: 72.40%, Best Test: 73.40%
Epoch: 500, Loss: 0.0002, Train: 100.00%, Valid: 65.40%, Test: 65.00%, Best Valid: 72.40%, Best Test: 73.40%
Epoch: 600, Loss: 0.0000, Train: 100.00%, Valid: 66.60%, Test: 68.90%, Best Valid: 72.40%, Best Test: 73.40%
Epoch: 700, Loss: 0.0000, Train: 100.00%, Valid: 68.20%, Test: 70.60%, Best Valid: 72.40%, Best Test: 73.40%
Epoch: 800, Loss: 0.0000, Train: 100.00%, Valid: 68.20%, Test: 70.60%, Best Valid: 72.40%, Best Test: 73.40%
Epoch: 900, Loss: 0.0000, Train: 100.00%, Valid: 69.40%, Test: 71.80%, Best Valid: 72.40%, Best Test: 73.40%
Epoch: 1000, Loss: 0.0001, Train: 100.00%, Valid: 65.00%, Test: 70.50%, Best Valid: 72.40%, Best Test: 73.40%
Run 01:
Highest Train: 100.00
Highest Valid: 72.40
Highest Test: 74.20
Chosen epoch: 313
Final Train: 100.00
Final Test: 73.40
train:torch.Size([15]), valid:torch.Size([500]), test:torch.Size([1000])
Pre-training MLP for 500 epochs to generate co-occurrence matrix...
Penalty transform 'shuffle': rel Frobenius dist to original = 0.1430, off-diag CV of original penalty = 0.1105
MLP pre-training complete. Penalty matrix frozen.
Epoch: 00, Loss: 1.5632, Train: 46.67%, Valid: 41.80%, Test: 43.90%, Best Valid: 41.80%, Best Test: 43.90%
Switching Polynormer to global attention phase.
Epoch: 100, Loss: 1.3173, Train: 33.33%, Valid: 36.60%, Test: 39.90%, Best Valid: 62.00%, Best Test: 57.70%
Epoch: 200, Loss: 0.0001, Train: 100.00%, Valid: 51.80%, Test: 53.30%, Best Valid: 62.00%, Best Test: 57.70%
Epoch: 300, Loss: 0.0002, Train: 100.00%, Valid: 54.60%, Test: 56.40%, Best Valid: 62.00%, Best Test: 57.70%
Epoch: 400, Loss: 0.0000, Train: 100.00%, Valid: 54.20%, Test: 55.70%, Best Valid: 62.00%, Best Test: 57.70%
Epoch: 500, Loss: 0.0000, Train: 100.00%, Valid: 57.20%, Test: 56.90%, Best Valid: 62.00%, Best Test: 57.70%
Epoch: 600, Loss: 0.0000, Train: 100.00%, Valid: 56.80%, Test: 57.10%, Best Valid: 62.00%, Best Test: 57.70%
Epoch: 700, Loss: 0.0000, Train: 100.00%, Valid: 56.20%, Test: 57.00%, Best Valid: 62.00%, Best Test: 57.70%
Epoch: 800, Loss: 0.0004, Train: 100.00%, Valid: 52.80%, Test: 55.30%, Best Valid: 62.00%, Best Test: 57.70%
Epoch: 900, Loss: 0.0000, Train: 100.00%, Valid: 53.20%, Test: 55.70%, Best Valid: 62.00%, Best Test: 57.70%
Epoch: 1000, Loss: 0.0001, Train: 100.00%, Valid: 53.40%, Test: 56.30%, Best Valid: 62.00%, Best Test: 57.70%
Run 02:
Highest Train: 100.00
Highest Valid: 62.00
Highest Test: 61.70
Chosen epoch: 27
Final Train: 100.00
Final Test: 57.70
train:torch.Size([15]), valid:torch.Size([500]), test:torch.Size([1000])
Pre-training MLP for 500 epochs to generate co-occurrence matrix...
Penalty transform 'shuffle': rel Frobenius dist to original = 0.1033, off-diag CV of original penalty = 0.0372
MLP pre-training complete. Penalty matrix frozen.
Epoch: 00, Loss: 1.4203, Train: 46.67%, Valid: 27.80%, Test: 26.50%, Best Valid: 27.80%, Best Test: 26.50%
Switching Polynormer to global attention phase.
Epoch: 100, Loss: 1.3182, Train: 33.33%, Valid: 39.20%, Test: 41.80%, Best Valid: 63.40%, Best Test: 61.30%
Epoch: 200, Loss: 0.0000, Train: 100.00%, Valid: 54.40%, Test: 52.20%, Best Valid: 63.40%, Best Test: 61.30%
Epoch: 300, Loss: 0.0004, Train: 100.00%, Valid: 56.80%, Test: 56.50%, Best Valid: 64.20%, Best Test: 61.30%
Epoch: 400, Loss: 0.0000, Train: 100.00%, Valid: 60.20%, Test: 61.50%, Best Valid: 64.20%, Best Test: 61.30%
Epoch: 500, Loss: 0.0000, Train: 100.00%, Valid: 60.40%, Test: 62.60%, Best Valid: 64.20%, Best Test: 61.30%
Epoch: 600, Loss: 0.0000, Train: 100.00%, Valid: 62.00%, Test: 62.90%, Best Valid: 64.20%, Best Test: 61.30%
Epoch: 700, Loss: 0.0000, Train: 100.00%, Valid: 62.40%, Test: 63.90%, Best Valid: 64.20%, Best Test: 61.30%
Epoch: 800, Loss: 0.0000, Train: 100.00%, Valid: 63.60%, Test: 64.80%, Best Valid: 64.20%, Best Test: 61.30%
Epoch: 900, Loss: 0.0001, Train: 100.00%, Valid: 64.20%, Test: 65.10%, Best Valid: 64.40%, Best Test: 64.70%
Epoch: 1000, Loss: 0.0001, Train: 100.00%, Valid: 64.20%, Test: 65.30%, Best Valid: 64.40%, Best Test: 64.70%
Run 03:
Highest Train: 100.00
Highest Valid: 64.80
Highest Test: 65.90
Chosen epoch: 1066
Final Train: 100.00
Final Test: 65.30
train:torch.Size([15]), valid:torch.Size([500]), test:torch.Size([1000])
Pre-training MLP for 500 epochs to generate co-occurrence matrix...
Penalty transform 'shuffle': rel Frobenius dist to original = 0.2257, off-diag CV of original penalty = 0.0790
MLP pre-training complete. Penalty matrix frozen.
Epoch: 00, Loss: 1.4629, Train: 33.33%, Valid: 44.60%, Test: 40.00%, Best Valid: 44.60%, Best Test: 40.00%
Switching Polynormer to global attention phase.
Epoch: 100, Loss: 1.3233, Train: 33.33%, Valid: 32.40%, Test: 40.60%, Best Valid: 68.80%, Best Test: 63.10%
Epoch: 200, Loss: 0.0000, Train: 100.00%, Valid: 58.60%, Test: 56.20%, Best Valid: 68.80%, Best Test: 63.10%
Epoch: 300, Loss: 0.0000, Train: 100.00%, Valid: 56.80%, Test: 57.10%, Best Valid: 68.80%, Best Test: 63.10%
Epoch: 400, Loss: 0.0083, Train: 100.00%, Valid: 63.20%, Test: 55.50%, Best Valid: 68.80%, Best Test: 63.10%
Epoch: 500, Loss: 0.0000, Train: 100.00%, Valid: 64.40%, Test: 56.80%, Best Valid: 68.80%, Best Test: 63.10%
Epoch: 600, Loss: 0.0000, Train: 100.00%, Valid: 64.00%, Test: 55.80%, Best Valid: 68.80%, Best Test: 63.10%
Epoch: 700, Loss: 0.0000, Train: 100.00%, Valid: 63.00%, Test: 54.70%, Best Valid: 68.80%, Best Test: 63.10%
Epoch: 800, Loss: 0.0000, Train: 100.00%, Valid: 60.60%, Test: 53.40%, Best Valid: 68.80%, Best Test: 63.10%
Epoch: 900, Loss: 0.0000, Train: 100.00%, Valid: 59.80%, Test: 52.70%, Best Valid: 68.80%, Best Test: 63.10%
Epoch: 1000, Loss: 0.0000, Train: 100.00%, Valid: 60.80%, Test: 52.90%, Best Valid: 68.80%, Best Test: 63.10%
Run 04:
Highest Train: 100.00
Highest Valid: 68.80
Highest Test: 65.10
Chosen epoch: 21
Final Train: 100.00
Final Test: 63.10
train:torch.Size([15]), valid:torch.Size([500]), test:torch.Size([1000])
Pre-training MLP for 500 epochs to generate co-occurrence matrix...
Penalty transform 'shuffle': rel Frobenius dist to original = 0.1551, off-diag CV of original penalty = 0.0582
MLP pre-training complete. Penalty matrix frozen.
Epoch: 00, Loss: 1.3203, Train: 40.00%, Valid: 39.80%, Test: 39.30%, Best Valid: 39.80%, Best Test: 39.30%
Switching Polynormer to global attention phase.
Epoch: 100, Loss: 1.3179, Train: 33.33%, Valid: 37.80%, Test: 39.50%, Best Valid: 71.00%, Best Test: 68.80%
Epoch: 200, Loss: 0.0000, Train: 100.00%, Valid: 67.20%, Test: 68.80%, Best Valid: 71.40%, Best Test: 68.90%
Epoch: 300, Loss: 0.0000, Train: 100.00%, Valid: 63.80%, Test: 64.30%, Best Valid: 71.40%, Best Test: 68.90%
Epoch: 400, Loss: 0.0000, Train: 100.00%, Valid: 71.40%, Test: 69.60%, Best Valid: 71.60%, Best Test: 69.10%
Epoch: 500, Loss: 0.0002, Train: 100.00%, Valid: 72.00%, Test: 70.90%, Best Valid: 73.40%, Best Test: 71.00%
Epoch: 600, Loss: 0.0125, Train: 100.00%, Valid: 53.20%, Test: 52.10%, Best Valid: 73.40%, Best Test: 71.00%
Epoch: 700, Loss: 0.0000, Train: 100.00%, Valid: 66.40%, Test: 64.50%, Best Valid: 73.40%, Best Test: 71.00%
Epoch: 800, Loss: 0.0000, Train: 100.00%, Valid: 63.80%, Test: 65.70%, Best Valid: 73.40%, Best Test: 71.00%
Epoch: 900, Loss: 0.0000, Train: 100.00%, Valid: 64.60%, Test: 66.00%, Best Valid: 73.40%, Best Test: 71.00%
Epoch: 1000, Loss: 0.0000, Train: 100.00%, Valid: 54.80%, Test: 55.40%, Best Valid: 73.40%, Best Test: 71.00%
Run 05:
Highest Train: 100.00
Highest Valid: 73.40
Highest Test: 71.70
Chosen epoch: 437
Final Train: 100.00
Final Test: 71.00
train:torch.Size([15]), valid:torch.Size([500]), test:torch.Size([1000])
Pre-training MLP for 500 epochs to generate co-occurrence matrix...
Penalty transform 'shuffle': rel Frobenius dist to original = 0.2021, off-diag CV of original penalty = 0.0523
MLP pre-training complete. Penalty matrix frozen.
Epoch: 00, Loss: 1.4444, Train: 40.00%, Valid: 43.40%, Test: 42.70%, Best Valid: 43.40%, Best Test: 42.70%
Switching Polynormer to global attention phase.
Epoch: 100, Loss: 1.3185, Train: 33.33%, Valid: 36.60%, Test: 36.70%, Best Valid: 70.40%, Best Test: 73.80%
Epoch: 200, Loss: 0.0000, Train: 100.00%, Valid: 65.60%, Test: 70.20%, Best Valid: 71.40%, Best Test: 74.40%
Epoch: 300, Loss: 0.0000, Train: 100.00%, Valid: 61.60%, Test: 63.70%, Best Valid: 71.40%, Best Test: 74.40%
Epoch: 400, Loss: 0.0001, Train: 100.00%, Valid: 65.20%, Test: 69.70%, Best Valid: 71.40%, Best Test: 74.40%
Epoch: 500, Loss: 0.0000, Train: 100.00%, Valid: 65.20%, Test: 68.60%, Best Valid: 71.40%, Best Test: 74.40%
Epoch: 600, Loss: 0.0873, Train: 100.00%, Valid: 65.00%, Test: 67.50%, Best Valid: 72.40%, Best Test: 72.80%
Epoch: 700, Loss: 0.1935, Train: 100.00%, Valid: 65.00%, Test: 66.20%, Best Valid: 72.40%, Best Test: 72.80%
Epoch: 800, Loss: 0.0001, Train: 100.00%, Valid: 63.40%, Test: 63.70%, Best Valid: 72.40%, Best Test: 72.80%
Epoch: 900, Loss: 0.0000, Train: 100.00%, Valid: 64.20%, Test: 63.40%, Best Valid: 72.40%, Best Test: 72.80%
Epoch: 1000, Loss: 0.0000, Train: 100.00%, Valid: 63.60%, Test: 65.30%, Best Valid: 72.40%, Best Test: 72.80%
Run 06:
Highest Train: 100.00
Highest Valid: 72.40
Highest Test: 74.60
Chosen epoch: 588
Final Train: 100.00
Final Test: 72.80
train:torch.Size([15]), valid:torch.Size([500]), test:torch.Size([1000])
Pre-training MLP for 500 epochs to generate co-occurrence matrix...
Penalty transform 'shuffle': rel Frobenius dist to original = 0.2765, off-diag CV of original penalty = 0.1000
MLP pre-training complete. Penalty matrix frozen.
Epoch: 00, Loss: 1.5440, Train: 33.33%, Valid: 20.80%, Test: 22.10%, Best Valid: 20.80%, Best Test: 22.10%
Switching Polynormer to global attention phase.
Epoch: 100, Loss: 1.3183, Train: 33.33%, Valid: 19.00%, Test: 20.70%, Best Valid: 71.80%, Best Test: 71.50%
Epoch: 200, Loss: 1.3589, Train: 100.00%, Valid: 55.20%, Test: 54.20%, Best Valid: 72.20%, Best Test: 72.70%
Epoch: 300, Loss: 0.0000, Train: 100.00%, Valid: 68.80%, Test: 70.80%, Best Valid: 72.60%, Best Test: 70.80%
Epoch: 400, Loss: 0.0000, Train: 100.00%, Valid: 68.40%, Test: 70.50%, Best Valid: 72.60%, Best Test: 70.80%
Epoch: 500, Loss: 0.0000, Train: 100.00%, Valid: 67.80%, Test: 70.40%, Best Valid: 72.60%, Best Test: 70.80%
Epoch: 600, Loss: 0.0000, Train: 100.00%, Valid: 65.80%, Test: 71.00%, Best Valid: 72.60%, Best Test: 70.80%
Epoch: 700, Loss: 0.0001, Train: 100.00%, Valid: 64.00%, Test: 68.30%, Best Valid: 72.60%, Best Test: 70.80%
Epoch: 800, Loss: 0.0001, Train: 100.00%, Valid: 63.60%, Test: 67.20%, Best Valid: 72.60%, Best Test: 70.80%
Epoch: 900, Loss: 0.0002, Train: 100.00%, Valid: 64.40%, Test: 68.80%, Best Valid: 72.60%, Best Test: 70.80%
Epoch: 1000, Loss: 0.0003, Train: 100.00%, Valid: 64.60%, Test: 69.80%, Best Valid: 72.60%, Best Test: 70.80%
Run 07:
Highest Train: 100.00
Highest Valid: 72.60
Highest Test: 73.90
Chosen epoch: 208
Final Train: 100.00
Final Test: 70.80
train:torch.Size([15]), valid:torch.Size([500]), test:torch.Size([1000])
Pre-training MLP for 500 epochs to generate co-occurrence matrix...
Penalty transform 'shuffle': rel Frobenius dist to original = 0.2207, off-diag CV of original penalty = 0.1369
MLP pre-training complete. Penalty matrix frozen.
Epoch: 00, Loss: 1.4213, Train: 33.33%, Valid: 42.80%, Test: 40.60%, Best Valid: 42.80%, Best Test: 40.60%
Switching Polynormer to global attention phase.
Epoch: 100, Loss: 1.3184, Train: 33.33%, Valid: 42.80%, Test: 40.40%, Best Valid: 68.80%, Best Test: 68.70%
Epoch: 200, Loss: 0.0000, Train: 100.00%, Valid: 64.80%, Test: 65.20%, Best Valid: 68.80%, Best Test: 68.70%
Epoch: 300, Loss: 0.0000, Train: 100.00%, Valid: 59.00%, Test: 61.00%, Best Valid: 68.80%, Best Test: 68.70%
Epoch: 400, Loss: 0.1109, Train: 100.00%, Valid: 57.60%, Test: 56.90%, Best Valid: 68.80%, Best Test: 68.70%
Epoch: 500, Loss: 0.0000, Train: 100.00%, Valid: 71.40%, Test: 67.40%, Best Valid: 72.80%, Best Test: 68.00%
Epoch: 600, Loss: 0.0000, Train: 100.00%, Valid: 57.00%, Test: 60.40%, Best Valid: 72.80%, Best Test: 68.00%
Epoch: 700, Loss: 0.0000, Train: 100.00%, Valid: 74.00%, Test: 69.80%, Best Valid: 74.20%, Best Test: 69.50%
Epoch: 800, Loss: 0.0000, Train: 100.00%, Valid: 72.60%, Test: 67.60%, Best Valid: 74.20%, Best Test: 69.50%
Epoch: 900, Loss: 0.0001, Train: 100.00%, Valid: 72.60%, Test: 69.40%, Best Valid: 74.20%, Best Test: 69.50%
Epoch: 1000, Loss: 0.0000, Train: 100.00%, Valid: 71.80%, Test: 69.10%, Best Valid: 74.20%, Best Test: 69.50%
Run 08:
Highest Train: 100.00
Highest Valid: 74.20
Highest Test: 69.90
Chosen epoch: 690
Final Train: 100.00
Final Test: 69.50
train:torch.Size([15]), valid:torch.Size([500]), test:torch.Size([1000])
Pre-training MLP for 500 epochs to generate co-occurrence matrix...
Penalty transform 'shuffle': rel Frobenius dist to original = 0.2257, off-diag CV of original penalty = 0.1382
MLP pre-training complete. Penalty matrix frozen.
Epoch: 00, Loss: 1.5056, Train: 33.33%, Valid: 21.60%, Test: 20.90%, Best Valid: 21.60%, Best Test: 20.90%
Switching Polynormer to global attention phase.
Epoch: 100, Loss: 1.3183, Train: 33.33%, Valid: 38.80%, Test: 37.80%, Best Valid: 64.80%, Best Test: 65.60%
Epoch: 200, Loss: 0.0000, Train: 100.00%, Valid: 58.40%, Test: 62.40%, Best Valid: 65.80%, Best Test: 65.90%
Epoch: 300, Loss: 0.0000, Train: 100.00%, Valid: 56.60%, Test: 59.10%, Best Valid: 65.80%, Best Test: 65.90%
Epoch: 400, Loss: 0.0000, Train: 100.00%, Valid: 57.20%, Test: 57.80%, Best Valid: 65.80%, Best Test: 65.90%
Epoch: 500, Loss: 0.0000, Train: 100.00%, Valid: 59.40%, Test: 60.40%, Best Valid: 65.80%, Best Test: 65.90%
Epoch: 600, Loss: 0.0000, Train: 100.00%, Valid: 60.40%, Test: 62.20%, Best Valid: 65.80%, Best Test: 65.90%
Epoch: 700, Loss: 0.0000, Train: 100.00%, Valid: 59.20%, Test: 61.30%, Best Valid: 65.80%, Best Test: 65.90%
Epoch: 800, Loss: 0.0028, Train: 100.00%, Valid: 59.20%, Test: 60.20%, Best Valid: 65.80%, Best Test: 65.90%
Epoch: 900, Loss: 0.0002, Train: 100.00%, Valid: 57.40%, Test: 59.80%, Best Valid: 65.80%, Best Test: 65.90%
Epoch: 1000, Loss: 0.0002, Train: 100.00%, Valid: 56.40%, Test: 58.70%, Best Valid: 65.80%, Best Test: 65.90%
Run 09:
Highest Train: 100.00
Highest Valid: 65.80
Highest Test: 68.10
Chosen epoch: 119
Final Train: 100.00
Final Test: 65.90
train:torch.Size([15]), valid:torch.Size([500]), test:torch.Size([1000])
Pre-training MLP for 500 epochs to generate co-occurrence matrix...
Penalty transform 'shuffle': rel Frobenius dist to original = 0.2776, off-diag CV of original penalty = 0.0742
MLP pre-training complete. Penalty matrix frozen.
Epoch: 00, Loss: 1.2767, Train: 46.67%, Valid: 21.80%, Test: 23.10%, Best Valid: 21.80%, Best Test: 23.10%
Switching Polynormer to global attention phase.
Epoch: 100, Loss: 1.3181, Train: 66.67%, Valid: 49.60%, Test: 49.40%, Best Valid: 70.80%, Best Test: 69.40%
Epoch: 200, Loss: 0.0000, Train: 100.00%, Valid: 65.40%, Test: 63.50%, Best Valid: 70.80%, Best Test: 69.40%
Epoch: 300, Loss: 0.0000, Train: 100.00%, Valid: 66.00%, Test: 65.00%, Best Valid: 70.80%, Best Test: 69.40%
Epoch: 400, Loss: 0.4512, Train: 100.00%, Valid: 68.60%, Test: 67.80%, Best Valid: 70.80%, Best Test: 69.40%
Epoch: 500, Loss: 0.0000, Train: 100.00%, Valid: 69.40%, Test: 67.50%, Best Valid: 70.80%, Best Test: 69.40%
Epoch: 600, Loss: 0.0000, Train: 100.00%, Valid: 69.60%, Test: 67.50%, Best Valid: 70.80%, Best Test: 69.40%
Epoch: 700, Loss: 0.0000, Train: 100.00%, Valid: 70.20%, Test: 67.00%, Best Valid: 70.80%, Best Test: 69.40%
Epoch: 800, Loss: 0.0000, Train: 100.00%, Valid: 69.80%, Test: 66.90%, Best Valid: 70.80%, Best Test: 69.40%
Epoch: 900, Loss: 0.0000, Train: 100.00%, Valid: 69.40%, Test: 67.00%, Best Valid: 70.80%, Best Test: 69.40%
Epoch: 1000, Loss: 0.0000, Train: 100.00%, Valid: 69.40%, Test: 67.00%, Best Valid: 70.80%, Best Test: 69.40%
Run 10:
Highest Train: 100.00
Highest Valid: 70.80
Highest Test: 69.70
Chosen epoch: 29
Final Train: 100.00
Final Test: 69.40
All runs:
Highest Train: 100.00 ± 0.00
Highest Test: 69.48 ± 4.32
Highest Valid: 69.72 ± 4.18
  Final Train: 100.00 ± 0.00
   Final Test: 67.89 ± 4.89
Saving results to ../results/lowlabel/pubmed/polynormer.csv
--- mlp_reg/shuffle placebo | lambda=0.4 ---
Namespace(aggregate='add', alpha=0.5, attention='gcn', beta=-1.0, bn=False, budget_tag='5', count_reg=False, count_smoothing=1.0, cpu=False, data_dir='../data/', dataset='pubmed', device=0, dim_inner=64, display_step=100, dropout=0.5, epochs=500, global_dropout=None, global_epochs=1000, global_layers=1, gnn='gcn', graph_weight=0.8, hidden_channels=64, hops=10, in_dropout=0.2, jk=False, label_num_per_class=5, lambda_val=0.4, layers=1, ln=False, local_epochs=100, local_gnn_type='GCN', local_layers=3, lr=0.001, metric='acc', mlp_epochs=500, mlp_reg=True, model='polynormer', model_dir='models/lowlabel_1171808_134', n_heads=8, num_centroids=4096, num_heads=8, oracle_reg=False, paired_seeds=True, pe_types='RWSE', penalty_transform='shuffle', pre_linear=False, pre_ln=False, rand_split=False, rand_split_class=True, reg_start_epoch=10, reg_update_freq=5, res=False, resample_split_per_run=True, result_dir='../results/lowlabel', runs=10, save_model=True, save_result=False, seed=123, test_num=1000, tr_dropout=None, tr_layers=1, tr_weight_decay=None, train_per_class=0, train_prop=0.5, use_act=False, use_bn=False, use_graph=False, use_reg=True, use_residual=False, use_weight=False, valid_num=500, valid_per_class=0, valid_prop=0.25, weight_decay=0.0005)
pubmed
Num nodes: 19717
train:torch.Size([15]), valid:torch.Size([500]), test:torch.Size([1000])
dataset pubmed | num nodes 19717 | num edge 88648 | num node feats 500 | num classes 3
MODEL: Polynormer(
  (h_lins): ModuleList(
    (0): Linear(in_features=512, out_features=512, bias=True)
    (1): Linear(in_features=512, out_features=512, bias=True)
    (2): Linear(in_features=512, out_features=512, bias=True)
  )
  (local_convs): ModuleList(
    (0): GATConv(512, 64, heads=8)
    (1): GATConv(512, 64, heads=8)
    (2): GATConv(512, 64, heads=8)
  )
  (lins): ModuleList(
    (0): Linear(in_features=512, out_features=512, bias=True)
    (1): Linear(in_features=512, out_features=512, bias=True)
    (2): Linear(in_features=512, out_features=512, bias=True)
  )
  (lns): ModuleList(
    (0): LayerNorm((512,), eps=1e-05, elementwise_affine=True)
    (1): LayerNorm((512,), eps=1e-05, elementwise_affine=True)
    (2): LayerNorm((512,), eps=1e-05, elementwise_affine=True)
  )
  (lin_in): Linear(in_features=500, out_features=512, bias=True)
  (ln): LayerNorm((512,), eps=1e-05, elementwise_affine=True)
  (global_attn): GlobalAttn(
    (h_lins): ModuleList(
      (0): Linear(in_features=512, out_features=512, bias=True)
    )
    (k_lins): ModuleList(
      (0): Linear(in_features=512, out_features=512, bias=True)
    )
    (v_lins): ModuleList(
      (0): Linear(in_features=512, out_features=512, bias=True)
    )
    (lns): ModuleList(
      (0): LayerNorm((512,), eps=1e-05, elementwise_affine=True)
    )
    (lin_out): Linear(in_features=512, out_features=512, bias=True)
  )
  (pred_local): Linear(in_features=512, out_features=3, bias=True)
  (pred_global): Linear(in_features=512, out_features=3, bias=True)
)
train:torch.Size([15]), valid:torch.Size([500]), test:torch.Size([1000])
Pre-training MLP for 500 epochs to generate co-occurrence matrix...
Penalty transform 'shuffle': rel Frobenius dist to original = 0.1565, off-diag CV of original penalty = 0.1163
MLP pre-training complete. Penalty matrix frozen.
Epoch: 00, Loss: 1.5009, Train: 40.00%, Valid: 29.00%, Test: 29.20%, Best Valid: 29.00%, Best Test: 29.20%
Switching Polynormer to global attention phase.
Epoch: 100, Loss: 1.5702, Train: 33.33%, Valid: 37.80%, Test: 39.80%, Best Valid: 65.00%, Best Test: 68.20%
Epoch: 200, Loss: 0.0001, Train: 100.00%, Valid: 69.00%, Test: 67.80%, Best Valid: 69.80%, Best Test: 69.90%
Epoch: 300, Loss: 0.0000, Train: 100.00%, Valid: 68.20%, Test: 71.20%, Best Valid: 69.80%, Best Test: 69.90%
Epoch: 400, Loss: 0.0000, Train: 100.00%, Valid: 64.60%, Test: 68.20%, Best Valid: 70.20%, Best Test: 73.70%
Epoch: 500, Loss: 0.0000, Train: 100.00%, Valid: 51.20%, Test: 55.10%, Best Valid: 70.20%, Best Test: 73.70%
Epoch: 600, Loss: 0.0001, Train: 100.00%, Valid: 43.60%, Test: 45.00%, Best Valid: 70.20%, Best Test: 73.70%
Epoch: 700, Loss: 0.0000, Train: 100.00%, Valid: 54.00%, Test: 56.20%, Best Valid: 70.20%, Best Test: 73.70%
Epoch: 800, Loss: 0.0000, Train: 100.00%, Valid: 55.20%, Test: 57.60%, Best Valid: 70.20%, Best Test: 73.70%
Epoch: 900, Loss: 0.0000, Train: 100.00%, Valid: 55.00%, Test: 57.40%, Best Valid: 70.20%, Best Test: 73.70%
Epoch: 1000, Loss: 0.0000, Train: 100.00%, Valid: 54.60%, Test: 57.60%, Best Valid: 70.20%, Best Test: 73.70%
Run 01:
Highest Train: 100.00
Highest Valid: 70.20
Highest Test: 73.90
Chosen epoch: 334
Final Train: 100.00
Final Test: 73.70
train:torch.Size([15]), valid:torch.Size([500]), test:torch.Size([1000])
Pre-training MLP for 500 epochs to generate co-occurrence matrix...
Penalty transform 'shuffle': rel Frobenius dist to original = 0.1430, off-diag CV of original penalty = 0.1105
MLP pre-training complete. Penalty matrix frozen.
Epoch: 00, Loss: 1.8238, Train: 40.00%, Valid: 37.00%, Test: 40.60%, Best Valid: 37.00%, Best Test: 40.60%
Switching Polynormer to global attention phase.
Epoch: 100, Loss: 1.5351, Train: 33.33%, Valid: 36.60%, Test: 39.90%, Best Valid: 59.00%, Best Test: 61.20%
Epoch: 200, Loss: 0.0000, Train: 100.00%, Valid: 44.40%, Test: 47.50%, Best Valid: 60.00%, Best Test: 61.10%
Epoch: 300, Loss: 0.0000, Train: 100.00%, Valid: 46.40%, Test: 50.90%, Best Valid: 60.00%, Best Test: 61.10%
Epoch: 400, Loss: 0.0000, Train: 100.00%, Valid: 43.20%, Test: 48.70%, Best Valid: 60.00%, Best Test: 61.10%
Epoch: 500, Loss: 0.0000, Train: 100.00%, Valid: 40.00%, Test: 40.30%, Best Valid: 60.00%, Best Test: 61.10%
Epoch: 600, Loss: 0.0000, Train: 100.00%, Valid: 57.60%, Test: 53.70%, Best Valid: 62.40%, Best Test: 57.50%
Epoch: 700, Loss: 0.0000, Train: 100.00%, Valid: 59.20%, Test: 54.80%, Best Valid: 62.40%, Best Test: 57.50%
Epoch: 800, Loss: 0.0000, Train: 100.00%, Valid: 60.00%, Test: 53.90%, Best Valid: 62.40%, Best Test: 57.50%
Epoch: 900, Loss: 0.0000, Train: 100.00%, Valid: 62.60%, Test: 57.50%, Best Valid: 62.60%, Best Test: 57.50%
Epoch: 1000, Loss: 0.0000, Train: 100.00%, Valid: 61.80%, Test: 57.40%, Best Valid: 62.60%, Best Test: 57.50%
Run 02:
Highest Train: 100.00
Highest Valid: 62.60
Highest Test: 61.20
Chosen epoch: 900
Final Train: 100.00
Final Test: 57.50
train:torch.Size([15]), valid:torch.Size([500]), test:torch.Size([1000])
Pre-training MLP for 500 epochs to generate co-occurrence matrix...
Penalty transform 'shuffle': rel Frobenius dist to original = 0.1033, off-diag CV of original penalty = 0.0372
MLP pre-training complete. Penalty matrix frozen.
Epoch: 00, Loss: 1.6571, Train: 46.67%, Valid: 25.60%, Test: 25.10%, Best Valid: 25.60%, Best Test: 25.10%
Switching Polynormer to global attention phase.
Epoch: 100, Loss: 1.5381, Train: 33.33%, Valid: 39.20%, Test: 41.80%, Best Valid: 64.40%, Best Test: 62.60%
Epoch: 200, Loss: 0.0000, Train: 100.00%, Valid: 59.80%, Test: 57.20%, Best Valid: 66.20%, Best Test: 65.10%
Epoch: 300, Loss: 0.0000, Train: 100.00%, Valid: 59.20%, Test: 56.30%, Best Valid: 66.20%, Best Test: 65.10%
Epoch: 400, Loss: 0.0000, Train: 100.00%, Valid: 57.80%, Test: 57.50%, Best Valid: 66.20%, Best Test: 65.10%
Epoch: 500, Loss: 0.0000, Train: 100.00%, Valid: 57.80%, Test: 58.30%, Best Valid: 66.20%, Best Test: 65.10%
Epoch: 600, Loss: 0.0000, Train: 100.00%, Valid: 58.60%, Test: 58.40%, Best Valid: 66.20%, Best Test: 65.10%
Epoch: 700, Loss: 0.0000, Train: 100.00%, Valid: 59.00%, Test: 58.90%, Best Valid: 66.20%, Best Test: 65.10%
Epoch: 800, Loss: 0.0000, Train: 100.00%, Valid: 60.80%, Test: 59.30%, Best Valid: 66.20%, Best Test: 65.10%
Epoch: 900, Loss: 0.0001, Train: 100.00%, Valid: 61.00%, Test: 58.40%, Best Valid: 66.20%, Best Test: 65.10%
Epoch: 1000, Loss: 0.0002, Train: 100.00%, Valid: 58.40%, Test: 56.80%, Best Valid: 66.20%, Best Test: 65.10%
Run 03:
Highest Train: 100.00
Highest Valid: 66.20
Highest Test: 65.30
Chosen epoch: 160
Final Train: 100.00
Final Test: 65.10
train:torch.Size([15]), valid:torch.Size([500]), test:torch.Size([1000])
Pre-training MLP for 500 epochs to generate co-occurrence matrix...
Penalty transform 'shuffle': rel Frobenius dist to original = 0.2257, off-diag CV of original penalty = 0.0790
MLP pre-training complete. Penalty matrix frozen.
Epoch: 00, Loss: 1.7067, Train: 33.33%, Valid: 44.60%, Test: 40.00%, Best Valid: 44.60%, Best Test: 40.00%
Switching Polynormer to global attention phase.
Epoch: 100, Loss: 1.5391, Train: 33.33%, Valid: 32.40%, Test: 40.60%, Best Valid: 68.00%, Best Test: 62.10%
Epoch: 200, Loss: 0.0000, Train: 100.00%, Valid: 64.40%, Test: 58.80%, Best Valid: 68.00%, Best Test: 62.10%
Epoch: 300, Loss: 0.0000, Train: 100.00%, Valid: 58.60%, Test: 54.50%, Best Valid: 68.00%, Best Test: 62.10%
Epoch: 400, Loss: 0.0000, Train: 100.00%, Valid: 60.60%, Test: 54.90%, Best Valid: 68.00%, Best Test: 62.10%
Epoch: 500, Loss: 0.0015, Train: 100.00%, Valid: 60.60%, Test: 55.00%, Best Valid: 68.00%, Best Test: 62.10%
Epoch: 600, Loss: 0.0002, Train: 100.00%, Valid: 60.20%, Test: 57.20%, Best Valid: 68.00%, Best Test: 62.10%
Epoch: 700, Loss: 0.0000, Train: 100.00%, Valid: 58.20%, Test: 54.30%, Best Valid: 68.00%, Best Test: 62.10%
Epoch: 800, Loss: 0.0001, Train: 100.00%, Valid: 57.80%, Test: 54.40%, Best Valid: 68.00%, Best Test: 62.10%
Epoch: 900, Loss: 0.1256, Train: 100.00%, Valid: 48.60%, Test: 50.40%, Best Valid: 68.00%, Best Test: 62.10%
Epoch: 1000, Loss: 0.0000, Train: 100.00%, Valid: 50.00%, Test: 52.30%, Best Valid: 68.00%, Best Test: 62.10%
Run 04:
Highest Train: 100.00
Highest Valid: 68.00
Highest Test: 64.10
Chosen epoch: 19
Final Train: 100.00
Final Test: 62.10
train:torch.Size([15]), valid:torch.Size([500]), test:torch.Size([1000])
Pre-training MLP for 500 epochs to generate co-occurrence matrix...
Penalty transform 'shuffle': rel Frobenius dist to original = 0.1551, off-diag CV of original penalty = 0.0582
MLP pre-training complete. Penalty matrix frozen.
Epoch: 00, Loss: 1.5403, Train: 40.00%, Valid: 44.20%, Test: 40.20%, Best Valid: 44.20%, Best Test: 40.20%
Switching Polynormer to global attention phase.
Epoch: 100, Loss: 1.5380, Train: 33.33%, Valid: 37.80%, Test: 39.50%, Best Valid: 69.20%, Best Test: 67.30%
Epoch: 200, Loss: 0.0000, Train: 100.00%, Valid: 67.80%, Test: 68.00%, Best Valid: 70.20%, Best Test: 69.10%
Epoch: 300, Loss: 0.0001, Train: 100.00%, Valid: 67.80%, Test: 68.40%, Best Valid: 70.20%, Best Test: 69.10%
Epoch: 400, Loss: 0.0000, Train: 100.00%, Valid: 66.00%, Test: 67.10%, Best Valid: 72.00%, Best Test: 70.00%
Epoch: 500, Loss: 0.0000, Train: 100.00%, Valid: 68.40%, Test: 69.30%, Best Valid: 72.00%, Best Test: 70.00%
Epoch: 600, Loss: 0.0001, Train: 100.00%, Valid: 66.20%, Test: 66.50%, Best Valid: 72.00%, Best Test: 70.00%
Epoch: 700, Loss: 0.0000, Train: 100.00%, Valid: 67.40%, Test: 67.00%, Best Valid: 72.00%, Best Test: 70.00%
Epoch: 800, Loss: 0.0007, Train: 100.00%, Valid: 49.20%, Test: 47.80%, Best Valid: 72.00%, Best Test: 70.00%
Epoch: 900, Loss: 0.0016, Train: 100.00%, Valid: 54.20%, Test: 52.90%, Best Valid: 72.00%, Best Test: 70.00%
Epoch: 1000, Loss: 0.0001, Train: 100.00%, Valid: 64.60%, Test: 65.00%, Best Valid: 72.00%, Best Test: 70.00%
Run 05:
Highest Train: 100.00
Highest Valid: 72.00
Highest Test: 70.30
Chosen epoch: 355
Final Train: 100.00
Final Test: 70.00
train:torch.Size([15]), valid:torch.Size([500]), test:torch.Size([1000])
Pre-training MLP for 500 epochs to generate co-occurrence matrix...
Penalty transform 'shuffle': rel Frobenius dist to original = 0.2021, off-diag CV of original penalty = 0.0523
MLP pre-training complete. Penalty matrix frozen.
Epoch: 00, Loss: 1.6851, Train: 33.33%, Valid: 43.40%, Test: 42.80%, Best Valid: 43.40%, Best Test: 42.80%
Switching Polynormer to global attention phase.
Epoch: 100, Loss: 1.5385, Train: 33.33%, Valid: 36.60%, Test: 36.70%, Best Valid: 71.20%, Best Test: 75.40%
Epoch: 200, Loss: 0.0000, Train: 100.00%, Valid: 67.20%, Test: 71.30%, Best Valid: 71.20%, Best Test: 75.40%
Epoch: 300, Loss: 0.0000, Train: 100.00%, Valid: 69.40%, Test: 73.10%, Best Valid: 71.20%, Best Test: 75.40%
Epoch: 400, Loss: 0.0000, Train: 93.33%, Valid: 59.40%, Test: 60.30%, Best Valid: 71.20%, Best Test: 75.40%
Epoch: 500, Loss: 0.0000, Train: 100.00%, Valid: 71.00%, Test: 71.50%, Best Valid: 74.00%, Best Test: 72.60%
Epoch: 600, Loss: 0.0000, Train: 100.00%, Valid: 69.40%, Test: 70.40%, Best Valid: 74.00%, Best Test: 72.60%
Epoch: 700, Loss: 0.0000, Train: 100.00%, Valid: 70.60%, Test: 71.80%, Best Valid: 74.00%, Best Test: 72.60%
Epoch: 800, Loss: 0.0000, Train: 100.00%, Valid: 74.00%, Test: 74.60%, Best Valid: 75.80%, Best Test: 74.10%
Epoch: 900, Loss: 0.0000, Train: 100.00%, Valid: 73.40%, Test: 72.00%, Best Valid: 75.80%, Best Test: 74.10%
Epoch: 1000, Loss: 0.0001, Train: 100.00%, Valid: 66.80%, Test: 69.80%, Best Valid: 75.80%, Best Test: 74.10%
Run 06:
Highest Train: 100.00
Highest Valid: 75.80
Highest Test: 75.40
Chosen epoch: 734
Final Train: 100.00
Final Test: 74.10
train:torch.Size([15]), valid:torch.Size([500]), test:torch.Size([1000])
Pre-training MLP for 500 epochs to generate co-occurrence matrix...
Penalty transform 'shuffle': rel Frobenius dist to original = 0.2765, off-diag CV of original penalty = 0.1000
MLP pre-training complete. Penalty matrix frozen.
Epoch: 00, Loss: 1.8013, Train: 33.33%, Valid: 19.20%, Test: 20.70%, Best Valid: 19.20%, Best Test: 20.70%
Switching Polynormer to global attention phase.
Epoch: 100, Loss: 1.5381, Train: 33.33%, Valid: 19.00%, Test: 20.70%, Best Valid: 71.40%, Best Test: 72.20%
Epoch: 200, Loss: 0.0000, Train: 100.00%, Valid: 65.20%, Test: 67.30%, Best Valid: 71.40%, Best Test: 72.20%
Epoch: 300, Loss: 0.0000, Train: 100.00%, Valid: 60.40%, Test: 59.90%, Best Valid: 71.40%, Best Test: 72.20%
Epoch: 400, Loss: 0.0000, Train: 100.00%, Valid: 64.80%, Test: 66.10%, Best Valid: 71.40%, Best Test: 72.20%
Epoch: 500, Loss: 0.0000, Train: 100.00%, Valid: 64.40%, Test: 65.40%, Best Valid: 71.40%, Best Test: 72.20%
Epoch: 600, Loss: 0.0000, Train: 100.00%, Valid: 63.80%, Test: 64.40%, Best Valid: 71.40%, Best Test: 72.20%
Epoch: 700, Loss: 0.0000, Train: 100.00%, Valid: 63.20%, Test: 63.70%, Best Valid: 71.40%, Best Test: 72.20%
Epoch: 800, Loss: 0.0000, Train: 100.00%, Valid: 63.60%, Test: 63.50%, Best Valid: 71.40%, Best Test: 72.20%
Epoch: 900, Loss: 0.0000, Train: 100.00%, Valid: 70.20%, Test: 68.60%, Best Valid: 71.40%, Best Test: 72.20%
Epoch: 1000, Loss: 0.0000, Train: 100.00%, Valid: 68.40%, Test: 69.70%, Best Valid: 71.60%, Best Test: 69.30%
Run 07:
Highest Train: 100.00
Highest Valid: 71.60
Highest Test: 72.70
Chosen epoch: 901
Final Train: 100.00
Final Test: 69.30
train:torch.Size([15]), valid:torch.Size([500]), test:torch.Size([1000])
Pre-training MLP for 500 epochs to generate co-occurrence matrix...
Penalty transform 'shuffle': rel Frobenius dist to original = 0.2207, off-diag CV of original penalty = 0.1369
MLP pre-training complete. Penalty matrix frozen.
Epoch: 00, Loss: 1.6582, Train: 33.33%, Valid: 42.80%, Test: 40.50%, Best Valid: 42.80%, Best Test: 40.50%
Switching Polynormer to global attention phase.
Epoch: 100, Loss: 1.5376, Train: 33.33%, Valid: 42.80%, Test: 40.40%, Best Valid: 68.60%, Best Test: 66.10%
Epoch: 200, Loss: 0.0000, Train: 100.00%, Valid: 65.60%, Test: 66.60%, Best Valid: 68.60%, Best Test: 66.10%
Epoch: 300, Loss: 0.0000, Train: 100.00%, Valid: 59.40%, Test: 57.00%, Best Valid: 70.60%, Best Test: 68.30%
Epoch: 400, Loss: 0.0003, Train: 100.00%, Valid: 69.80%, Test: 68.60%, Best Valid: 72.00%, Best Test: 68.70%
Epoch: 500, Loss: 0.0000, Train: 100.00%, Valid: 70.40%, Test: 69.10%, Best Valid: 72.00%, Best Test: 68.70%
Epoch: 600, Loss: 0.0000, Train: 100.00%, Valid: 64.80%, Test: 64.70%, Best Valid: 72.00%, Best Test: 68.70%
Epoch: 700, Loss: 0.0000, Train: 100.00%, Valid: 62.80%, Test: 63.70%, Best Valid: 72.00%, Best Test: 68.70%
Epoch: 800, Loss: 0.0003, Train: 100.00%, Valid: 62.80%, Test: 63.00%, Best Valid: 72.00%, Best Test: 68.70%
Epoch: 900, Loss: 0.0001, Train: 100.00%, Valid: 61.80%, Test: 62.30%, Best Valid: 72.00%, Best Test: 68.70%
Epoch: 1000, Loss: 0.0001, Train: 100.00%, Valid: 62.00%, Test: 62.70%, Best Valid: 72.00%, Best Test: 68.70%
Run 08:
Highest Train: 100.00
Highest Valid: 72.00
Highest Test: 69.40
Chosen epoch: 327
Final Train: 100.00
Final Test: 68.70
train:torch.Size([15]), valid:torch.Size([500]), test:torch.Size([1000])
Pre-training MLP for 500 epochs to generate co-occurrence matrix...
Penalty transform 'shuffle': rel Frobenius dist to original = 0.2257, off-diag CV of original penalty = 0.1382
MLP pre-training complete. Penalty matrix frozen.
Epoch: 00, Loss: 1.7565, Train: 33.33%, Valid: 21.60%, Test: 21.00%, Best Valid: 21.60%, Best Test: 21.00%
Switching Polynormer to global attention phase.
Epoch: 100, Loss: 1.5380, Train: 33.33%, Valid: 38.80%, Test: 37.80%, Best Valid: 64.40%, Best Test: 65.80%
Epoch: 200, Loss: 0.0000, Train: 100.00%, Valid: 65.20%, Test: 69.30%, Best Valid: 67.60%, Best Test: 69.10%
Epoch: 300, Loss: 0.0000, Train: 100.00%, Valid: 67.00%, Test: 69.50%, Best Valid: 67.80%, Best Test: 69.80%
Epoch: 400, Loss: 0.0000, Train: 100.00%, Valid: 64.00%, Test: 65.80%, Best Valid: 67.80%, Best Test: 69.80%
Epoch: 500, Loss: 0.0000, Train: 100.00%, Valid: 63.00%, Test: 64.80%, Best Valid: 67.80%, Best Test: 69.80%
Epoch: 600, Loss: 0.0000, Train: 100.00%, Valid: 62.00%, Test: 64.00%, Best Valid: 67.80%, Best Test: 69.80%
Epoch: 700, Loss: 0.0000, Train: 100.00%, Valid: 60.80%, Test: 62.10%, Best Valid: 67.80%, Best Test: 69.80%
Epoch: 800, Loss: 0.0000, Train: 100.00%, Valid: 59.80%, Test: 61.10%, Best Valid: 67.80%, Best Test: 69.80%
Epoch: 900, Loss: 0.0001, Train: 100.00%, Valid: 59.00%, Test: 61.80%, Best Valid: 67.80%, Best Test: 69.80%
Epoch: 1000, Loss: 0.0002, Train: 100.00%, Valid: 59.60%, Test: 62.50%, Best Valid: 67.80%, Best Test: 69.80%
Run 09:
Highest Train: 100.00
Highest Valid: 67.80
Highest Test: 70.50
Chosen epoch: 236
Final Train: 100.00
Final Test: 69.80
train:torch.Size([15]), valid:torch.Size([500]), test:torch.Size([1000])
Pre-training MLP for 500 epochs to generate co-occurrence matrix...
Penalty transform 'shuffle': rel Frobenius dist to original = 0.2776, off-diag CV of original penalty = 0.0742
MLP pre-training complete. Penalty matrix frozen.
Epoch: 00, Loss: 1.4895, Train: 46.67%, Valid: 18.60%, Test: 21.20%, Best Valid: 18.60%, Best Test: 21.20%
Switching Polynormer to global attention phase.
Epoch: 100, Loss: 1.5381, Train: 100.00%, Valid: 59.40%, Test: 58.10%, Best Valid: 67.80%, Best Test: 65.70%
Epoch: 200, Loss: 0.0000, Train: 100.00%, Valid: 65.80%, Test: 63.60%, Best Valid: 69.40%, Best Test: 67.80%
Epoch: 300, Loss: 0.0000, Train: 100.00%, Valid: 67.20%, Test: 66.20%, Best Valid: 69.40%, Best Test: 67.80%
Epoch: 400, Loss: 0.0000, Train: 100.00%, Valid: 65.20%, Test: 66.10%, Best Valid: 69.40%, Best Test: 67.80%
Epoch: 500, Loss: 0.0000, Train: 100.00%, Valid: 63.00%, Test: 59.20%, Best Valid: 70.60%, Best Test: 67.60%
Epoch: 600, Loss: 0.0000, Train: 100.00%, Valid: 66.60%, Test: 62.50%, Best Valid: 71.20%, Best Test: 67.80%
Epoch: 700, Loss: 0.0000, Train: 100.00%, Valid: 65.40%, Test: 63.10%, Best Valid: 71.20%, Best Test: 67.80%
Epoch: 800, Loss: 0.0002, Train: 100.00%, Valid: 66.80%, Test: 62.00%, Best Valid: 71.20%, Best Test: 67.80%
Epoch: 900, Loss: 0.0000, Train: 100.00%, Valid: 65.40%, Test: 63.10%, Best Valid: 71.20%, Best Test: 67.80%
Epoch: 1000, Loss: 0.1946, Train: 100.00%, Valid: 62.60%, Test: 61.20%, Best Valid: 71.20%, Best Test: 67.80%
Run 10:
Highest Train: 100.00
Highest Valid: 71.20
Highest Test: 68.90
Chosen epoch: 508
Final Train: 100.00
Final Test: 67.80
All runs:
Highest Train: 100.00 ± 0.00
Highest Test: 69.17 ± 4.48
Highest Valid: 69.74 ± 3.70
  Final Train: 100.00 ± 0.00
   Final Test: 67.81 ± 5.08
Saving results to ../results/lowlabel/pubmed/polynormer.csv
--- mlp_reg/shuffle placebo | lambda=0.8 ---
Namespace(aggregate='add', alpha=0.5, attention='gcn', beta=-1.0, bn=False, budget_tag='5', count_reg=False, count_smoothing=1.0, cpu=False, data_dir='../data/', dataset='pubmed', device=0, dim_inner=64, display_step=100, dropout=0.5, epochs=500, global_dropout=None, global_epochs=1000, global_layers=1, gnn='gcn', graph_weight=0.8, hidden_channels=64, hops=10, in_dropout=0.2, jk=False, label_num_per_class=5, lambda_val=0.8, layers=1, ln=False, local_epochs=100, local_gnn_type='GCN', local_layers=3, lr=0.001, metric='acc', mlp_epochs=500, mlp_reg=True, model='polynormer', model_dir='models/lowlabel_1171808_134', n_heads=8, num_centroids=4096, num_heads=8, oracle_reg=False, paired_seeds=True, pe_types='RWSE', penalty_transform='shuffle', pre_linear=False, pre_ln=False, rand_split=False, rand_split_class=True, reg_start_epoch=10, reg_update_freq=5, res=False, resample_split_per_run=True, result_dir='../results/lowlabel', runs=10, save_model=True, save_result=False, seed=123, test_num=1000, tr_dropout=None, tr_layers=1, tr_weight_decay=None, train_per_class=0, train_prop=0.5, use_act=False, use_bn=False, use_graph=False, use_reg=True, use_residual=False, use_weight=False, valid_num=500, valid_per_class=0, valid_prop=0.25, weight_decay=0.0005)
pubmed
Num nodes: 19717
train:torch.Size([15]), valid:torch.Size([500]), test:torch.Size([1000])
dataset pubmed | num nodes 19717 | num edge 88648 | num node feats 500 | num classes 3
MODEL: Polynormer(
  (h_lins): ModuleList(
    (0): Linear(in_features=512, out_features=512, bias=True)
    (1): Linear(in_features=512, out_features=512, bias=True)
    (2): Linear(in_features=512, out_features=512, bias=True)
  )
  (local_convs): ModuleList(
    (0): GATConv(512, 64, heads=8)
    (1): GATConv(512, 64, heads=8)
    (2): GATConv(512, 64, heads=8)
  )
  (lins): ModuleList(
    (0): Linear(in_features=512, out_features=512, bias=True)
    (1): Linear(in_features=512, out_features=512, bias=True)
    (2): Linear(in_features=512, out_features=512, bias=True)
  )
  (lns): ModuleList(
    (0): LayerNorm((512,), eps=1e-05, elementwise_affine=True)
    (1): LayerNorm((512,), eps=1e-05, elementwise_affine=True)
    (2): LayerNorm((512,), eps=1e-05, elementwise_affine=True)
  )
  (lin_in): Linear(in_features=500, out_features=512, bias=True)
  (ln): LayerNorm((512,), eps=1e-05, elementwise_affine=True)
  (global_attn): GlobalAttn(
    (h_lins): ModuleList(
      (0): Linear(in_features=512, out_features=512, bias=True)
    )
    (k_lins): ModuleList(
      (0): Linear(in_features=512, out_features=512, bias=True)
    )
    (v_lins): ModuleList(
      (0): Linear(in_features=512, out_features=512, bias=True)
    )
    (lns): ModuleList(
      (0): LayerNorm((512,), eps=1e-05, elementwise_affine=True)
    )
    (lin_out): Linear(in_features=512, out_features=512, bias=True)
  )
  (pred_local): Linear(in_features=512, out_features=3, bias=True)
  (pred_global): Linear(in_features=512, out_features=3, bias=True)
)
train:torch.Size([15]), valid:torch.Size([500]), test:torch.Size([1000])
Pre-training MLP for 500 epochs to generate co-occurrence matrix...
Penalty transform 'shuffle': rel Frobenius dist to original = 0.1565, off-diag CV of original penalty = 0.1163
MLP pre-training complete. Penalty matrix frozen.
Epoch: 00, Loss: 1.9298, Train: 40.00%, Valid: 30.00%, Test: 30.90%, Best Valid: 30.00%, Best Test: 30.90%
Switching Polynormer to global attention phase.
Epoch: 100, Loss: 2.0595, Train: 33.33%, Valid: 37.80%, Test: 39.80%, Best Valid: 64.40%, Best Test: 67.00%
Epoch: 200, Loss: 0.0107, Train: 100.00%, Valid: 49.60%, Test: 50.70%, Best Valid: 65.80%, Best Test: 68.60%
Epoch: 300, Loss: 0.0004, Train: 100.00%, Valid: 58.60%, Test: 62.20%, Best Valid: 71.80%, Best Test: 72.10%
Epoch: 400, Loss: 0.0001, Train: 100.00%, Valid: 59.40%, Test: 63.30%, Best Valid: 71.80%, Best Test: 72.10%
Epoch: 500, Loss: 0.0000, Train: 100.00%, Valid: 62.20%, Test: 64.70%, Best Valid: 71.80%, Best Test: 72.10%
Epoch: 600, Loss: 0.0001, Train: 100.00%, Valid: 65.80%, Test: 67.50%, Best Valid: 71.80%, Best Test: 72.10%
Epoch: 700, Loss: 0.0002, Train: 100.00%, Valid: 66.20%, Test: 67.70%, Best Valid: 71.80%, Best Test: 72.10%
Epoch: 800, Loss: 0.0001, Train: 100.00%, Valid: 64.60%, Test: 66.70%, Best Valid: 71.80%, Best Test: 72.10%
Epoch: 900, Loss: 0.0003, Train: 100.00%, Valid: 65.20%, Test: 67.00%, Best Valid: 71.80%, Best Test: 72.10%
Epoch: 1000, Loss: 0.0001, Train: 100.00%, Valid: 68.40%, Test: 71.40%, Best Valid: 71.80%, Best Test: 72.10%
Run 01:
Highest Train: 100.00
Highest Valid: 71.80
Highest Test: 72.50
Chosen epoch: 264
Final Train: 100.00
Final Test: 72.10
train:torch.Size([15]), valid:torch.Size([500]), test:torch.Size([1000])
Pre-training MLP for 500 epochs to generate co-occurrence matrix...
Penalty transform 'shuffle': rel Frobenius dist to original = 0.1430, off-diag CV of original penalty = 0.1105
MLP pre-training complete. Penalty matrix frozen.
Epoch: 00, Loss: 2.3449, Train: 33.33%, Valid: 36.60%, Test: 39.80%, Best Valid: 36.60%, Best Test: 39.80%
Switching Polynormer to global attention phase.
Epoch: 100, Loss: 1.9818, Train: 33.33%, Valid: 36.60%, Test: 39.90%, Best Valid: 60.00%, Best Test: 59.40%
Epoch: 200, Loss: 0.0001, Train: 100.00%, Valid: 55.00%, Test: 55.40%, Best Valid: 60.00%, Best Test: 59.40%
Epoch: 300, Loss: 0.0000, Train: 100.00%, Valid: 53.80%, Test: 55.60%, Best Valid: 60.00%, Best Test: 59.40%
Epoch: 400, Loss: 0.0000, Train: 100.00%, Valid: 53.40%, Test: 57.30%, Best Valid: 60.00%, Best Test: 59.40%
Epoch: 500, Loss: 0.0000, Train: 100.00%, Valid: 60.00%, Test: 54.30%, Best Valid: 60.60%, Best Test: 54.40%
Epoch: 600, Loss: 0.0000, Train: 100.00%, Valid: 60.00%, Test: 55.30%, Best Valid: 60.60%, Best Test: 54.40%
Epoch: 700, Loss: 0.0000, Train: 100.00%, Valid: 59.80%, Test: 57.70%, Best Valid: 60.60%, Best Test: 54.40%
Epoch: 800, Loss: 0.0001, Train: 100.00%, Valid: 59.80%, Test: 57.90%, Best Valid: 60.60%, Best Test: 54.40%
Epoch: 900, Loss: 0.0001, Train: 100.00%, Valid: 57.40%, Test: 57.40%, Best Valid: 60.60%, Best Test: 54.40%
Epoch: 1000, Loss: 0.0002, Train: 100.00%, Valid: 56.80%, Test: 55.50%, Best Valid: 60.60%, Best Test: 54.40%
Run 02:
Highest Train: 100.00
Highest Valid: 60.60
Highest Test: 59.40
Chosen epoch: 496
Final Train: 100.00
Final Test: 54.40
train:torch.Size([15]), valid:torch.Size([500]), test:torch.Size([1000])
Pre-training MLP for 500 epochs to generate co-occurrence matrix...
Penalty transform 'shuffle': rel Frobenius dist to original = 0.1033, off-diag CV of original penalty = 0.0372
MLP pre-training complete. Penalty matrix frozen.
Epoch: 00, Loss: 2.1305, Train: 46.67%, Valid: 24.60%, Test: 22.70%, Best Valid: 24.60%, Best Test: 22.70%
Switching Polynormer to global attention phase.
Epoch: 100, Loss: 1.9777, Train: 33.33%, Valid: 39.20%, Test: 41.80%, Best Valid: 64.20%, Best Test: 62.60%
Epoch: 200, Loss: 0.0000, Train: 100.00%, Valid: 51.60%, Test: 54.30%, Best Valid: 64.20%, Best Test: 62.60%
Epoch: 300, Loss: 0.0617, Train: 100.00%, Valid: 53.40%, Test: 52.70%, Best Valid: 64.20%, Best Test: 62.60%
Epoch: 400, Loss: 0.0000, Train: 100.00%, Valid: 59.80%, Test: 59.90%, Best Valid: 64.20%, Best Test: 62.60%
Epoch: 500, Loss: 0.0000, Train: 100.00%, Valid: 59.80%, Test: 59.40%, Best Valid: 64.20%, Best Test: 62.60%
Epoch: 600, Loss: 0.0000, Train: 100.00%, Valid: 59.80%, Test: 61.00%, Best Valid: 64.20%, Best Test: 62.60%
Epoch: 700, Loss: 0.0001, Train: 100.00%, Valid: 55.60%, Test: 57.60%, Best Valid: 64.40%, Best Test: 63.30%
Epoch: 800, Loss: 0.0000, Train: 100.00%, Valid: 56.00%, Test: 58.30%, Best Valid: 64.40%, Best Test: 63.30%
Epoch: 900, Loss: 0.0000, Train: 100.00%, Valid: 57.00%, Test: 58.80%, Best Valid: 64.40%, Best Test: 63.30%
Epoch: 1000, Loss: 0.0000, Train: 100.00%, Valid: 58.00%, Test: 58.90%, Best Valid: 64.40%, Best Test: 63.30%
Run 03:
Highest Train: 100.00
Highest Valid: 64.40
Highest Test: 63.30
Chosen epoch: 669
Final Train: 100.00
Final Test: 63.30
train:torch.Size([15]), valid:torch.Size([500]), test:torch.Size([1000])
Pre-training MLP for 500 epochs to generate co-occurrence matrix...
Penalty transform 'shuffle': rel Frobenius dist to original = 0.2257, off-diag CV of original penalty = 0.0790
MLP pre-training complete. Penalty matrix frozen.
Epoch: 00, Loss: 2.1943, Train: 33.33%, Valid: 44.60%, Test: 40.00%, Best Valid: 44.60%, Best Test: 40.00%
Switching Polynormer to global attention phase.
Epoch: 100, Loss: 1.9782, Train: 66.67%, Valid: 33.40%, Test: 41.90%, Best Valid: 67.60%, Best Test: 63.30%
Epoch: 200, Loss: 0.0000, Train: 100.00%, Valid: 53.40%, Test: 54.40%, Best Valid: 67.60%, Best Test: 63.30%
Epoch: 300, Loss: 0.0000, Train: 100.00%, Valid: 57.80%, Test: 59.00%, Best Valid: 67.60%, Best Test: 63.30%
Epoch: 400, Loss: 0.0000, Train: 100.00%, Valid: 65.20%, Test: 61.70%, Best Valid: 67.60%, Best Test: 63.30%
Epoch: 500, Loss: 0.0000, Train: 100.00%, Valid: 65.80%, Test: 61.10%, Best Valid: 67.60%, Best Test: 63.30%
Epoch: 600, Loss: 0.0000, Train: 100.00%, Valid: 66.20%, Test: 60.90%, Best Valid: 67.60%, Best Test: 63.30%
Epoch: 700, Loss: 0.0000, Train: 100.00%, Valid: 65.00%, Test: 60.00%, Best Valid: 67.60%, Best Test: 63.30%
Epoch: 800, Loss: 0.0000, Train: 100.00%, Valid: 63.20%, Test: 59.10%, Best Valid: 67.60%, Best Test: 63.30%
Epoch: 900, Loss: 0.0001, Train: 100.00%, Valid: 62.20%, Test: 57.80%, Best Valid: 67.60%, Best Test: 63.30%
Epoch: 1000, Loss: 0.0000, Train: 100.00%, Valid: 61.60%, Test: 57.10%, Best Valid: 67.60%, Best Test: 63.30%
Run 04:
Highest Train: 100.00
Highest Valid: 67.60
Highest Test: 65.50
Chosen epoch: 34
Final Train: 100.00
Final Test: 63.30
train:torch.Size([15]), valid:torch.Size([500]), test:torch.Size([1000])
Pre-training MLP for 500 epochs to generate co-occurrence matrix...
Penalty transform 'shuffle': rel Frobenius dist to original = 0.1551, off-diag CV of original penalty = 0.0582
MLP pre-training complete. Penalty matrix frozen.
Epoch: 00, Loss: 1.9804, Train: 46.67%, Valid: 41.20%, Test: 40.50%, Best Valid: 41.20%, Best Test: 40.50%
Switching Polynormer to global attention phase.
Epoch: 100, Loss: 1.9775, Train: 33.33%, Valid: 37.80%, Test: 39.50%, Best Valid: 66.20%, Best Test: 65.50%
Epoch: 200, Loss: 0.0000, Train: 100.00%, Valid: 54.20%, Test: 54.70%, Best Valid: 66.20%, Best Test: 65.50%
Epoch: 300, Loss: 0.0000, Train: 100.00%, Valid: 57.20%, Test: 54.80%, Best Valid: 66.20%, Best Test: 65.50%
Epoch: 400, Loss: 0.0000, Train: 100.00%, Valid: 50.20%, Test: 50.40%, Best Valid: 66.20%, Best Test: 65.50%
Epoch: 500, Loss: 0.0000, Train: 100.00%, Valid: 62.00%, Test: 60.40%, Best Valid: 66.20%, Best Test: 65.50%
Epoch: 600, Loss: 0.0000, Train: 100.00%, Valid: 62.20%, Test: 61.50%, Best Valid: 66.20%, Best Test: 65.50%
Epoch: 700, Loss: 0.0000, Train: 100.00%, Valid: 63.00%, Test: 62.40%, Best Valid: 66.20%, Best Test: 65.50%
Epoch: 800, Loss: 0.0000, Train: 100.00%, Valid: 63.00%, Test: 62.60%, Best Valid: 66.80%, Best Test: 64.30%
Epoch: 900, Loss: 0.0000, Train: 100.00%, Valid: 60.60%, Test: 61.40%, Best Valid: 66.80%, Best Test: 64.30%
Epoch: 1000, Loss: 0.0000, Train: 100.00%, Valid: 63.20%, Test: 63.20%, Best Valid: 66.80%, Best Test: 64.30%
Run 05:
Highest Train: 100.00
Highest Valid: 66.80
Highest Test: 65.90
Chosen epoch: 773
Final Train: 100.00
Final Test: 64.30
train:torch.Size([15]), valid:torch.Size([500]), test:torch.Size([1000])
Pre-training MLP for 500 epochs to generate co-occurrence matrix...
Penalty transform 'shuffle': rel Frobenius dist to original = 0.2021, off-diag CV of original penalty = 0.0523
MLP pre-training complete. Penalty matrix frozen.
Epoch: 00, Loss: 2.1665, Train: 33.33%, Valid: 43.00%, Test: 42.00%, Best Valid: 43.00%, Best Test: 42.00%
Switching Polynormer to global attention phase.
Epoch: 100, Loss: 1.9775, Train: 33.33%, Valid: 42.20%, Test: 42.20%, Best Valid: 72.00%, Best Test: 74.50%
Epoch: 200, Loss: 0.0000, Train: 100.00%, Valid: 70.00%, Test: 69.30%, Best Valid: 72.40%, Best Test: 72.60%
Epoch: 300, Loss: 0.0000, Train: 100.00%, Valid: 69.20%, Test: 68.60%, Best Valid: 72.40%, Best Test: 72.60%
Epoch: 400, Loss: 0.0000, Train: 100.00%, Valid: 69.00%, Test: 69.50%, Best Valid: 72.40%, Best Test: 72.60%
Epoch: 500, Loss: 0.0000, Train: 100.00%, Valid: 69.40%, Test: 70.00%, Best Valid: 72.40%, Best Test: 72.60%
Epoch: 600, Loss: 0.0000, Train: 100.00%, Valid: 69.00%, Test: 70.20%, Best Valid: 72.40%, Best Test: 72.60%
Epoch: 700, Loss: 0.0000, Train: 100.00%, Valid: 69.00%, Test: 70.80%, Best Valid: 72.40%, Best Test: 72.60%
Epoch: 800, Loss: 0.0000, Train: 100.00%, Valid: 69.60%, Test: 70.80%, Best Valid: 72.40%, Best Test: 72.60%
Epoch: 900, Loss: 0.0000, Train: 100.00%, Valid: 69.80%, Test: 70.40%, Best Valid: 72.40%, Best Test: 72.60%
Epoch: 1000, Loss: 0.0000, Train: 100.00%, Valid: 70.60%, Test: 70.50%, Best Valid: 72.40%, Best Test: 72.60%
Run 06:
Highest Train: 100.00
Highest Valid: 72.40
Highest Test: 74.90
Chosen epoch: 180
Final Train: 100.00
Final Test: 72.60
train:torch.Size([15]), valid:torch.Size([500]), test:torch.Size([1000])
Pre-training MLP for 500 epochs to generate co-occurrence matrix...
Penalty transform 'shuffle': rel Frobenius dist to original = 0.2765, off-diag CV of original penalty = 0.1000
MLP pre-training complete. Penalty matrix frozen.
Epoch: 00, Loss: 2.3160, Train: 33.33%, Valid: 19.00%, Test: 20.70%, Best Valid: 19.00%, Best Test: 20.70%
Switching Polynormer to global attention phase.
Epoch: 100, Loss: 1.9807, Train: 66.67%, Valid: 48.00%, Test: 44.50%, Best Valid: 70.00%, Best Test: 68.70%
Epoch: 200, Loss: 0.0000, Train: 100.00%, Valid: 70.40%, Test: 71.40%, Best Valid: 70.40%, Best Test: 71.40%
Epoch: 300, Loss: 0.0000, Train: 100.00%, Valid: 67.80%, Test: 66.90%, Best Valid: 70.40%, Best Test: 71.40%
Epoch: 400, Loss: 0.0000, Train: 100.00%, Valid: 68.20%, Test: 68.30%, Best Valid: 71.00%, Best Test: 69.20%
Epoch: 500, Loss: 0.0001, Train: 100.00%, Valid: 67.00%, Test: 70.20%, Best Valid: 71.00%, Best Test: 69.20%
Epoch: 600, Loss: 0.0000, Train: 100.00%, Valid: 66.60%, Test: 69.60%, Best Valid: 71.00%, Best Test: 69.20%
Epoch: 700, Loss: 0.0000, Train: 100.00%, Valid: 67.00%, Test: 68.90%, Best Valid: 71.00%, Best Test: 69.20%
Epoch: 800, Loss: 0.0000, Train: 100.00%, Valid: 66.60%, Test: 68.40%, Best Valid: 71.00%, Best Test: 69.20%
Epoch: 900, Loss: 0.0000, Train: 100.00%, Valid: 66.00%, Test: 67.10%, Best Valid: 71.00%, Best Test: 69.20%
Epoch: 1000, Loss: 0.0000, Train: 100.00%, Valid: 66.40%, Test: 67.20%, Best Valid: 71.00%, Best Test: 69.20%
Run 07:
Highest Train: 100.00
Highest Valid: 71.00
Highest Test: 72.60
Chosen epoch: 331
Final Train: 100.00
Final Test: 69.20
train:torch.Size([15]), valid:torch.Size([500]), test:torch.Size([1000])
Pre-training MLP for 500 epochs to generate co-occurrence matrix...
Penalty transform 'shuffle': rel Frobenius dist to original = 0.2207, off-diag CV of original penalty = 0.1369
MLP pre-training complete. Penalty matrix frozen.
Epoch: 00, Loss: 2.1320, Train: 33.33%, Valid: 42.80%, Test: 40.40%, Best Valid: 42.80%, Best Test: 40.40%
Switching Polynormer to global attention phase.
Epoch: 100, Loss: 1.9755, Train: 33.33%, Valid: 42.80%, Test: 40.40%, Best Valid: 68.80%, Best Test: 66.70%
Epoch: 200, Loss: 0.0139, Train: 100.00%, Valid: 64.60%, Test: 65.20%, Best Valid: 69.20%, Best Test: 67.30%
Epoch: 300, Loss: 0.0000, Train: 100.00%, Valid: 67.00%, Test: 66.40%, Best Valid: 69.20%, Best Test: 67.30%
Epoch: 400, Loss: 0.0000, Train: 100.00%, Valid: 66.80%, Test: 65.70%, Best Valid: 69.20%, Best Test: 67.30%
Epoch: 500, Loss: 0.0000, Train: 100.00%, Valid: 65.20%, Test: 66.60%, Best Valid: 69.20%, Best Test: 67.30%
Epoch: 600, Loss: 0.0025, Train: 100.00%, Valid: 57.80%, Test: 60.40%, Best Valid: 69.20%, Best Test: 67.30%
Epoch: 700, Loss: 0.0000, Train: 100.00%, Valid: 61.20%, Test: 60.80%, Best Valid: 69.20%, Best Test: 67.30%
Epoch: 800, Loss: 0.0000, Train: 100.00%, Valid: 61.80%, Test: 62.30%, Best Valid: 69.20%, Best Test: 67.30%
Epoch: 900, Loss: 0.0001, Train: 100.00%, Valid: 64.40%, Test: 62.70%, Best Valid: 69.20%, Best Test: 67.30%
Epoch: 1000, Loss: 0.0003, Train: 100.00%, Valid: 65.80%, Test: 64.30%, Best Valid: 69.20%, Best Test: 67.30%
Run 08:
Highest Train: 100.00
Highest Valid: 69.20
Highest Test: 68.90
Chosen epoch: 175
Final Train: 100.00
Final Test: 67.30
train:torch.Size([15]), valid:torch.Size([500]), test:torch.Size([1000])
Pre-training MLP for 500 epochs to generate co-occurrence matrix...
Penalty transform 'shuffle': rel Frobenius dist to original = 0.2257, off-diag CV of original penalty = 0.1382
MLP pre-training complete. Penalty matrix frozen.
Epoch: 00, Loss: 2.2584, Train: 33.33%, Valid: 21.60%, Test: 21.20%, Best Valid: 21.60%, Best Test: 21.20%
Switching Polynormer to global attention phase.
Epoch: 100, Loss: 1.9775, Train: 33.33%, Valid: 38.80%, Test: 37.80%, Best Valid: 63.60%, Best Test: 64.20%
Epoch: 200, Loss: 0.0000, Train: 100.00%, Valid: 61.60%, Test: 62.30%, Best Valid: 65.60%, Best Test: 64.40%
Epoch: 300, Loss: 0.0000, Train: 100.00%, Valid: 60.80%, Test: 62.50%, Best Valid: 65.60%, Best Test: 64.40%
Epoch: 400, Loss: 0.0000, Train: 100.00%, Valid: 59.20%, Test: 61.50%, Best Valid: 65.60%, Best Test: 64.40%
Epoch: 500, Loss: 0.0000, Train: 100.00%, Valid: 61.20%, Test: 61.70%, Best Valid: 65.60%, Best Test: 64.40%
Epoch: 600, Loss: 0.0000, Train: 100.00%, Valid: 62.80%, Test: 62.90%, Best Valid: 65.60%, Best Test: 64.40%
Epoch: 700, Loss: 0.0000, Train: 100.00%, Valid: 62.60%, Test: 63.40%, Best Valid: 65.60%, Best Test: 64.40%
Epoch: 800, Loss: 0.0001, Train: 100.00%, Valid: 62.60%, Test: 63.10%, Best Valid: 65.60%, Best Test: 64.40%
Epoch: 900, Loss: 0.0002, Train: 100.00%, Valid: 63.00%, Test: 63.10%, Best Valid: 65.60%, Best Test: 64.40%
Epoch: 1000, Loss: 0.0001, Train: 100.00%, Valid: 63.20%, Test: 62.80%, Best Valid: 65.60%, Best Test: 64.40%
Run 09:
Highest Train: 100.00
Highest Valid: 65.60
Highest Test: 65.80
Chosen epoch: 143
Final Train: 100.00
Final Test: 64.40
train:torch.Size([15]), valid:torch.Size([500]), test:torch.Size([1000])
Pre-training MLP for 500 epochs to generate co-occurrence matrix...
Penalty transform 'shuffle': rel Frobenius dist to original = 0.2776, off-diag CV of original penalty = 0.0742
MLP pre-training complete. Penalty matrix frozen.
Epoch: 00, Loss: 1.9151, Train: 33.33%, Valid: 17.20%, Test: 20.30%, Best Valid: 17.20%, Best Test: 20.30%
Switching Polynormer to global attention phase.
Epoch: 100, Loss: 1.9795, Train: 60.00%, Valid: 28.00%, Test: 30.30%, Best Valid: 66.80%, Best Test: 64.50%
Epoch: 200, Loss: 0.0000, Train: 100.00%, Valid: 64.00%, Test: 60.90%, Best Valid: 66.80%, Best Test: 64.50%
Epoch: 300, Loss: 0.0000, Train: 100.00%, Valid: 64.40%, Test: 62.90%, Best Valid: 66.80%, Best Test: 64.50%
Epoch: 400, Loss: 0.0000, Train: 100.00%, Valid: 64.80%, Test: 62.50%, Best Valid: 67.00%, Best Test: 64.80%
Epoch: 500, Loss: 0.0000, Train: 100.00%, Valid: 50.20%, Test: 49.80%, Best Valid: 70.20%, Best Test: 68.70%
Epoch: 600, Loss: 0.0061, Train: 100.00%, Valid: 44.00%, Test: 45.00%, Best Valid: 70.20%, Best Test: 68.70%
Epoch: 700, Loss: 0.0000, Train: 100.00%, Valid: 60.80%, Test: 59.50%, Best Valid: 70.20%, Best Test: 68.70%
Epoch: 800, Loss: 0.0001, Train: 100.00%, Valid: 59.80%, Test: 59.10%, Best Valid: 70.20%, Best Test: 68.70%
Epoch: 900, Loss: 0.0000, Train: 100.00%, Valid: 59.00%, Test: 58.10%, Best Valid: 70.20%, Best Test: 68.70%
Epoch: 1000, Loss: 0.0000, Train: 100.00%, Valid: 57.20%, Test: 57.20%, Best Valid: 70.20%, Best Test: 68.70%
Run 10:
Highest Train: 100.00
Highest Valid: 70.20
Highest Test: 68.70
Chosen epoch: 445
Final Train: 100.00
Final Test: 68.70
All runs:
Highest Train: 100.00 ± 0.00
Highest Test: 67.75 ± 4.73
Highest Valid: 67.96 ± 3.71
  Final Train: 100.00 ± 0.00
   Final Test: 65.96 ± 5.32
Saving results to ../results/lowlabel/pubmed/polynormer.csv
--- mlp_reg/shuffle placebo | lambda=1.6 ---
Namespace(aggregate='add', alpha=0.5, attention='gcn', beta=-1.0, bn=False, budget_tag='5', count_reg=False, count_smoothing=1.0, cpu=False, data_dir='../data/', dataset='pubmed', device=0, dim_inner=64, display_step=100, dropout=0.5, epochs=500, global_dropout=None, global_epochs=1000, global_layers=1, gnn='gcn', graph_weight=0.8, hidden_channels=64, hops=10, in_dropout=0.2, jk=False, label_num_per_class=5, lambda_val=1.6, layers=1, ln=False, local_epochs=100, local_gnn_type='GCN', local_layers=3, lr=0.001, metric='acc', mlp_epochs=500, mlp_reg=True, model='polynormer', model_dir='models/lowlabel_1171808_134', n_heads=8, num_centroids=4096, num_heads=8, oracle_reg=False, paired_seeds=True, pe_types='RWSE', penalty_transform='shuffle', pre_linear=False, pre_ln=False, rand_split=False, rand_split_class=True, reg_start_epoch=10, reg_update_freq=5, res=False, resample_split_per_run=True, result_dir='../results/lowlabel', runs=10, save_model=True, save_result=False, seed=123, test_num=1000, tr_dropout=None, tr_layers=1, tr_weight_decay=None, train_per_class=0, train_prop=0.5, use_act=False, use_bn=False, use_graph=False, use_reg=True, use_residual=False, use_weight=False, valid_num=500, valid_per_class=0, valid_prop=0.25, weight_decay=0.0005)
pubmed
Num nodes: 19717
train:torch.Size([15]), valid:torch.Size([500]), test:torch.Size([1000])
dataset pubmed | num nodes 19717 | num edge 88648 | num node feats 500 | num classes 3
MODEL: Polynormer(
  (h_lins): ModuleList(
    (0): Linear(in_features=512, out_features=512, bias=True)
    (1): Linear(in_features=512, out_features=512, bias=True)
    (2): Linear(in_features=512, out_features=512, bias=True)
  )
  (local_convs): ModuleList(
    (0): GATConv(512, 64, heads=8)
    (1): GATConv(512, 64, heads=8)
    (2): GATConv(512, 64, heads=8)
  )
  (lins): ModuleList(
    (0): Linear(in_features=512, out_features=512, bias=True)
    (1): Linear(in_features=512, out_features=512, bias=True)
    (2): Linear(in_features=512, out_features=512, bias=True)
  )
  (lns): ModuleList(
    (0): LayerNorm((512,), eps=1e-05, elementwise_affine=True)
    (1): LayerNorm((512,), eps=1e-05, elementwise_affine=True)
    (2): LayerNorm((512,), eps=1e-05, elementwise_affine=True)
  )
  (lin_in): Linear(in_features=500, out_features=512, bias=True)
  (ln): LayerNorm((512,), eps=1e-05, elementwise_affine=True)
  (global_attn): GlobalAttn(
    (h_lins): ModuleList(
      (0): Linear(in_features=512, out_features=512, bias=True)
    )
    (k_lins): ModuleList(
      (0): Linear(in_features=512, out_features=512, bias=True)
    )
    (v_lins): ModuleList(
      (0): Linear(in_features=512, out_features=512, bias=True)
    )
    (lns): ModuleList(
      (0): LayerNorm((512,), eps=1e-05, elementwise_affine=True)
    )
    (lin_out): Linear(in_features=512, out_features=512, bias=True)
  )
  (pred_local): Linear(in_features=512, out_features=3, bias=True)
  (pred_global): Linear(in_features=512, out_features=3, bias=True)
)
train:torch.Size([15]), valid:torch.Size([500]), test:torch.Size([1000])
Pre-training MLP for 500 epochs to generate co-occurrence matrix...
Penalty transform 'shuffle': rel Frobenius dist to original = 0.1565, off-diag CV of original penalty = 0.1163
MLP pre-training complete. Penalty matrix frozen.
Epoch: 00, Loss: 2.7874, Train: 33.33%, Valid: 38.40%, Test: 39.80%, Best Valid: 38.40%, Best Test: 39.80%
Switching Polynormer to global attention phase.
Epoch: 100, Loss: 2.9941, Train: 100.00%, Valid: 52.00%, Test: 53.40%, Best Valid: 57.80%, Best Test: 60.40%
Epoch: 200, Loss: 0.0000, Train: 100.00%, Valid: 48.00%, Test: 48.00%, Best Valid: 57.80%, Best Test: 60.40%
Epoch: 300, Loss: 0.0001, Train: 100.00%, Valid: 52.00%, Test: 52.20%, Best Valid: 57.80%, Best Test: 60.40%
Epoch: 400, Loss: 0.0010, Train: 100.00%, Valid: 57.60%, Test: 58.70%, Best Valid: 57.80%, Best Test: 60.40%
Epoch: 500, Loss: 0.0004, Train: 100.00%, Valid: 65.00%, Test: 67.20%, Best Valid: 65.20%, Best Test: 67.20%
Epoch: 600, Loss: 0.0003, Train: 100.00%, Valid: 40.20%, Test: 42.30%, Best Valid: 67.00%, Best Test: 68.20%
Epoch: 700, Loss: 0.0000, Train: 100.00%, Valid: 50.20%, Test: 54.20%, Best Valid: 67.00%, Best Test: 68.20%
Epoch: 800, Loss: 0.0000, Train: 100.00%, Valid: 53.20%, Test: 56.10%, Best Valid: 67.00%, Best Test: 68.20%
Epoch: 900, Loss: 0.0027, Train: 100.00%, Valid: 57.20%, Test: 60.90%, Best Valid: 67.00%, Best Test: 68.20%
Epoch: 1000, Loss: 0.0001, Train: 100.00%, Valid: 61.20%, Test: 64.20%, Best Valid: 67.00%, Best Test: 68.20%
Run 01:
Highest Train: 100.00
Highest Valid: 67.00
Highest Test: 68.50
Chosen epoch: 548
Final Train: 100.00
Final Test: 68.20
train:torch.Size([15]), valid:torch.Size([500]), test:torch.Size([1000])
Pre-training MLP for 500 epochs to generate co-occurrence matrix...
Penalty transform 'shuffle': rel Frobenius dist to original = 0.1430, off-diag CV of original penalty = 0.1105
MLP pre-training complete. Penalty matrix frozen.
Epoch: 00, Loss: 3.3870, Train: 33.33%, Valid: 36.60%, Test: 39.90%, Best Valid: 36.60%, Best Test: 39.90%
Switching Polynormer to global attention phase.
Epoch: 100, Loss: 2.8343, Train: 33.33%, Valid: 36.60%, Test: 39.90%, Best Valid: 56.80%, Best Test: 54.50%
Epoch: 200, Loss: 0.0014, Train: 100.00%, Valid: 48.80%, Test: 47.40%, Best Valid: 58.20%, Best Test: 58.30%
Epoch: 300, Loss: 0.0000, Train: 100.00%, Valid: 50.00%, Test: 52.30%, Best Valid: 61.00%, Best Test: 57.00%
Epoch: 400, Loss: 0.0000, Train: 100.00%, Valid: 49.20%, Test: 53.00%, Best Valid: 61.00%, Best Test: 57.00%
Epoch: 500, Loss: 0.0000, Train: 100.00%, Valid: 41.20%, Test: 46.10%, Best Valid: 61.00%, Best Test: 57.00%
Epoch: 600, Loss: 0.0000, Train: 100.00%, Valid: 49.80%, Test: 52.80%, Best Valid: 61.00%, Best Test: 57.00%
Epoch: 700, Loss: 0.0000, Train: 100.00%, Valid: 49.40%, Test: 51.90%, Best Valid: 61.00%, Best Test: 57.00%
Epoch: 800, Loss: 0.0000, Train: 100.00%, Valid: 44.80%, Test: 48.00%, Best Valid: 61.00%, Best Test: 57.00%
Epoch: 900, Loss: 0.0000, Train: 100.00%, Valid: 44.00%, Test: 47.30%, Best Valid: 61.00%, Best Test: 57.00%
Epoch: 1000, Loss: 1.8875, Train: 66.67%, Valid: 47.20%, Test: 42.10%, Best Valid: 61.00%, Best Test: 57.00%
Run 02:
Highest Train: 100.00
Highest Valid: 61.00
Highest Test: 58.90
Chosen epoch: 293
Final Train: 100.00
Final Test: 57.00
train:torch.Size([15]), valid:torch.Size([500]), test:torch.Size([1000])
Pre-training MLP for 500 epochs to generate co-occurrence matrix...
Penalty transform 'shuffle': rel Frobenius dist to original = 0.1033, off-diag CV of original penalty = 0.0372
MLP pre-training complete. Penalty matrix frozen.
Epoch: 00, Loss: 3.0774, Train: 33.33%, Valid: 22.60%, Test: 20.60%, Best Valid: 22.60%, Best Test: 20.60%
Switching Polynormer to global attention phase.
Epoch: 100, Loss: 2.8565, Train: 33.33%, Valid: 39.20%, Test: 41.80%, Best Valid: 59.00%, Best Test: 59.60%
Epoch: 200, Loss: 0.0000, Train: 100.00%, Valid: 45.00%, Test: 48.70%, Best Valid: 59.80%, Best Test: 60.10%
Epoch: 300, Loss: 0.0000, Train: 100.00%, Valid: 47.40%, Test: 51.90%, Best Valid: 59.80%, Best Test: 60.10%
Epoch: 400, Loss: 0.0000, Train: 100.00%, Valid: 49.80%, Test: 54.70%, Best Valid: 59.80%, Best Test: 60.10%
Epoch: 500, Loss: 0.0000, Train: 100.00%, Valid: 51.60%, Test: 56.70%, Best Valid: 59.80%, Best Test: 60.10%
Epoch: 600, Loss: 0.0000, Train: 100.00%, Valid: 53.20%, Test: 58.30%, Best Valid: 59.80%, Best Test: 60.10%
Epoch: 700, Loss: 0.0000, Train: 100.00%, Valid: 67.20%, Test: 65.90%, Best Valid: 69.00%, Best Test: 66.00%
Epoch: 800, Loss: 0.0000, Train: 100.00%, Valid: 63.40%, Test: 62.40%, Best Valid: 69.00%, Best Test: 66.00%
Epoch: 900, Loss: 0.0000, Train: 100.00%, Valid: 63.80%, Test: 61.90%, Best Valid: 69.00%, Best Test: 66.00%
Epoch: 1000, Loss: 0.0000, Train: 100.00%, Valid: 63.60%, Test: 62.40%, Best Valid: 69.00%, Best Test: 66.00%
Run 03:
Highest Train: 100.00
Highest Valid: 69.00
Highest Test: 66.00
Chosen epoch: 699
Final Train: 100.00
Final Test: 66.00
train:torch.Size([15]), valid:torch.Size([500]), test:torch.Size([1000])
Pre-training MLP for 500 epochs to generate co-occurrence matrix...
Penalty transform 'shuffle': rel Frobenius dist to original = 0.2257, off-diag CV of original penalty = 0.0790
MLP pre-training complete. Penalty matrix frozen.
Epoch: 00, Loss: 3.1695, Train: 33.33%, Valid: 44.60%, Test: 40.00%, Best Valid: 44.60%, Best Test: 40.00%
Switching Polynormer to global attention phase.
Epoch: 100, Loss: 2.8576, Train: 33.33%, Valid: 32.40%, Test: 40.60%, Best Valid: 67.20%, Best Test: 65.60%
Epoch: 200, Loss: 0.0000, Train: 100.00%, Valid: 63.80%, Test: 65.80%, Best Valid: 67.20%, Best Test: 65.60%
Epoch: 300, Loss: 5.3061, Train: 100.00%, Valid: 50.00%, Test: 47.80%, Best Valid: 67.20%, Best Test: 65.60%
Epoch: 400, Loss: 0.0000, Train: 100.00%, Valid: 61.00%, Test: 52.60%, Best Valid: 67.20%, Best Test: 65.60%
Epoch: 500, Loss: 0.0000, Train: 100.00%, Valid: 55.60%, Test: 53.10%, Best Valid: 67.20%, Best Test: 65.60%
Epoch: 600, Loss: 0.0000, Train: 100.00%, Valid: 56.40%, Test: 53.50%, Best Valid: 67.20%, Best Test: 65.60%
Epoch: 700, Loss: 0.0000, Train: 100.00%, Valid: 56.60%, Test: 53.90%, Best Valid: 67.20%, Best Test: 65.60%
Epoch: 800, Loss: 0.0000, Train: 100.00%, Valid: 56.00%, Test: 53.60%, Best Valid: 67.20%, Best Test: 65.60%
Epoch: 900, Loss: 0.0000, Train: 100.00%, Valid: 53.60%, Test: 51.70%, Best Valid: 67.20%, Best Test: 65.60%
Epoch: 1000, Loss: 0.0000, Train: 100.00%, Valid: 61.60%, Test: 54.80%, Best Valid: 67.20%, Best Test: 65.60%
Run 04:
Highest Train: 100.00
Highest Valid: 67.20
Highest Test: 66.30
Chosen epoch: 28
Final Train: 100.00
Final Test: 65.60
train:torch.Size([15]), valid:torch.Size([500]), test:torch.Size([1000])
Pre-training MLP for 500 epochs to generate co-occurrence matrix...
Penalty transform 'shuffle': rel Frobenius dist to original = 0.1551, off-diag CV of original penalty = 0.0582
MLP pre-training complete. Penalty matrix frozen.
Epoch: 00, Loss: 2.8606, Train: 33.33%, Valid: 38.20%, Test: 39.70%, Best Valid: 38.20%, Best Test: 39.70%
Switching Polynormer to global attention phase.
Epoch: 100, Loss: 2.8563, Train: 33.33%, Valid: 37.80%, Test: 39.50%, Best Valid: 57.00%, Best Test: 57.00%
Epoch: 200, Loss: 0.0000, Train: 100.00%, Valid: 52.40%, Test: 51.70%, Best Valid: 58.20%, Best Test: 57.30%
Epoch: 300, Loss: 0.0000, Train: 100.00%, Valid: 49.00%, Test: 49.00%, Best Valid: 58.20%, Best Test: 57.30%
Epoch: 400, Loss: 0.0000, Train: 100.00%, Valid: 64.20%, Test: 63.00%, Best Valid: 64.40%, Best Test: 62.30%
Epoch: 500, Loss: 0.0000, Train: 100.00%, Valid: 54.40%, Test: 54.10%, Best Valid: 64.40%, Best Test: 62.30%
Epoch: 600, Loss: 0.0000, Train: 100.00%, Valid: 54.60%, Test: 54.90%, Best Valid: 64.40%, Best Test: 62.30%
Epoch: 700, Loss: 0.0001, Train: 100.00%, Valid: 54.60%, Test: 55.50%, Best Valid: 64.40%, Best Test: 62.30%
Epoch: 800, Loss: 0.0000, Train: 100.00%, Valid: 55.40%, Test: 56.20%, Best Valid: 64.40%, Best Test: 62.30%
Epoch: 900, Loss: 0.0005, Train: 100.00%, Valid: 57.20%, Test: 58.10%, Best Valid: 64.40%, Best Test: 62.30%
Epoch: 1000, Loss: 0.0001, Train: 100.00%, Valid: 58.60%, Test: 58.60%, Best Valid: 64.40%, Best Test: 62.30%
Run 05:
Highest Train: 100.00
Highest Valid: 64.40
Highest Test: 65.50
Chosen epoch: 397
Final Train: 100.00
Final Test: 62.30
train:torch.Size([15]), valid:torch.Size([500]), test:torch.Size([1000])
Pre-training MLP for 500 epochs to generate co-occurrence matrix...
Penalty transform 'shuffle': rel Frobenius dist to original = 0.2021, off-diag CV of original penalty = 0.0523
MLP pre-training complete. Penalty matrix frozen.
Epoch: 00, Loss: 3.1294, Train: 33.33%, Valid: 42.20%, Test: 42.30%, Best Valid: 42.20%, Best Test: 42.30%
Switching Polynormer to global attention phase.
Epoch: 100, Loss: 2.8564, Train: 33.33%, Valid: 42.20%, Test: 42.20%, Best Valid: 71.20%, Best Test: 74.90%
Epoch: 200, Loss: 0.0000, Train: 100.00%, Valid: 70.20%, Test: 74.10%, Best Valid: 71.20%, Best Test: 74.90%
Epoch: 300, Loss: 0.0000, Train: 100.00%, Valid: 73.80%, Test: 73.60%, Best Valid: 74.60%, Best Test: 73.10%
Epoch: 400, Loss: 0.0000, Train: 100.00%, Valid: 74.00%, Test: 73.80%, Best Valid: 74.60%, Best Test: 73.10%
Epoch: 500, Loss: 0.0000, Train: 100.00%, Valid: 74.00%, Test: 73.80%, Best Valid: 74.60%, Best Test: 73.10%
Epoch: 600, Loss: 0.0000, Train: 100.00%, Valid: 73.20%, Test: 73.80%, Best Valid: 74.60%, Best Test: 73.10%
Epoch: 700, Loss: 0.0000, Train: 100.00%, Valid: 73.20%, Test: 73.90%, Best Valid: 74.60%, Best Test: 73.10%
Epoch: 800, Loss: 0.0000, Train: 100.00%, Valid: 71.80%, Test: 74.20%, Best Valid: 74.60%, Best Test: 73.10%
Epoch: 900, Loss: 0.0001, Train: 100.00%, Valid: 71.20%, Test: 73.30%, Best Valid: 74.60%, Best Test: 73.10%
Epoch: 1000, Loss: 0.0001, Train: 100.00%, Valid: 70.60%, Test: 72.90%, Best Valid: 74.60%, Best Test: 73.10%
Run 06:
Highest Train: 100.00
Highest Valid: 74.60
Highest Test: 75.10
Chosen epoch: 222
Final Train: 100.00
Final Test: 73.10
train:torch.Size([15]), valid:torch.Size([500]), test:torch.Size([1000])
Pre-training MLP for 500 epochs to generate co-occurrence matrix...
Penalty transform 'shuffle': rel Frobenius dist to original = 0.2765, off-diag CV of original penalty = 0.1000
MLP pre-training complete. Penalty matrix frozen.
Epoch: 00, Loss: 3.3453, Train: 33.33%, Valid: 19.00%, Test: 20.70%, Best Valid: 19.00%, Best Test: 20.70%
Switching Polynormer to global attention phase.
Epoch: 100, Loss: 2.8632, Train: 33.33%, Valid: 19.00%, Test: 20.70%, Best Valid: 67.20%, Best Test: 69.00%
Epoch: 200, Loss: 0.0002, Train: 100.00%, Valid: 53.60%, Test: 54.80%, Best Valid: 67.20%, Best Test: 69.00%
Epoch: 300, Loss: 0.0000, Train: 100.00%, Valid: 66.60%, Test: 67.10%, Best Valid: 67.20%, Best Test: 69.00%
Epoch: 400, Loss: 0.0004, Train: 100.00%, Valid: 69.40%, Test: 69.00%, Best Valid: 69.40%, Best Test: 68.30%
Epoch: 500, Loss: 0.0000, Train: 100.00%, Valid: 69.40%, Test: 73.50%, Best Valid: 69.60%, Best Test: 69.20%
Epoch: 600, Loss: 0.0001, Train: 100.00%, Valid: 66.80%, Test: 70.60%, Best Valid: 69.80%, Best Test: 73.40%
Epoch: 700, Loss: 0.0003, Train: 100.00%, Valid: 66.20%, Test: 69.50%, Best Valid: 71.60%, Best Test: 73.90%
Epoch: 800, Loss: 0.0001, Train: 100.00%, Valid: 65.60%, Test: 69.00%, Best Valid: 71.60%, Best Test: 73.90%
Epoch: 900, Loss: 0.0001, Train: 100.00%, Valid: 67.20%, Test: 70.90%, Best Valid: 71.60%, Best Test: 73.90%
Epoch: 1000, Loss: 0.0001, Train: 100.00%, Valid: 68.20%, Test: 71.70%, Best Valid: 71.60%, Best Test: 73.90%
Run 07:
Highest Train: 100.00
Highest Valid: 71.60
Highest Test: 74.40
Chosen epoch: 675
Final Train: 100.00
Final Test: 73.90
train:torch.Size([15]), valid:torch.Size([500]), test:torch.Size([1000])
Pre-training MLP for 500 epochs to generate co-occurrence matrix...
Penalty transform 'shuffle': rel Frobenius dist to original = 0.2207, off-diag CV of original penalty = 0.1369
MLP pre-training complete. Penalty matrix frozen.
Epoch: 00, Loss: 3.0795, Train: 33.33%, Valid: 42.80%, Test: 40.40%, Best Valid: 42.80%, Best Test: 40.40%
Switching Polynormer to global attention phase.
Epoch: 100, Loss: 2.8561, Train: 33.33%, Valid: 42.80%, Test: 40.40%, Best Valid: 67.00%, Best Test: 64.20%
Epoch: 200, Loss: 0.0000, Train: 100.00%, Valid: 65.20%, Test: 65.40%, Best Valid: 67.00%, Best Test: 64.20%
Epoch: 300, Loss: 0.0002, Train: 100.00%, Valid: 66.00%, Test: 67.10%, Best Valid: 67.00%, Best Test: 64.20%
Epoch: 400, Loss: 0.0004, Train: 100.00%, Valid: 66.40%, Test: 66.20%, Best Valid: 70.20%, Best Test: 67.20%
Epoch: 500, Loss: 0.0001, Train: 100.00%, Valid: 68.60%, Test: 66.70%, Best Valid: 70.20%, Best Test: 67.20%
Epoch: 600, Loss: 0.0001, Train: 100.00%, Valid: 68.20%, Test: 67.20%, Best Valid: 70.20%, Best Test: 67.20%
Epoch: 700, Loss: 4.1704, Train: 100.00%, Valid: 62.00%, Test: 62.60%, Best Valid: 70.20%, Best Test: 67.20%
Epoch: 800, Loss: 0.0000, Train: 100.00%, Valid: 65.80%, Test: 63.40%, Best Valid: 70.20%, Best Test: 67.20%
Epoch: 900, Loss: 0.0001, Train: 100.00%, Valid: 67.20%, Test: 65.30%, Best Valid: 70.20%, Best Test: 67.20%
Epoch: 1000, Loss: 0.0001, Train: 100.00%, Valid: 66.80%, Test: 65.80%, Best Valid: 70.20%, Best Test: 67.20%
Run 08:
Highest Train: 100.00
Highest Valid: 70.20
Highest Test: 67.90
Chosen epoch: 309
Final Train: 100.00
Final Test: 67.20
train:torch.Size([15]), valid:torch.Size([500]), test:torch.Size([1000])
Pre-training MLP for 500 epochs to generate co-occurrence matrix...
Penalty transform 'shuffle': rel Frobenius dist to original = 0.2257, off-diag CV of original penalty = 0.1382
MLP pre-training complete. Penalty matrix frozen.
Epoch: 00, Loss: 3.2622, Train: 33.33%, Valid: 24.00%, Test: 23.90%, Best Valid: 24.00%, Best Test: 23.90%
Switching Polynormer to global attention phase.
Epoch: 100, Loss: 2.8564, Train: 33.33%, Valid: 38.80%, Test: 37.80%, Best Valid: 63.20%, Best Test: 62.80%
Epoch: 200, Loss: 0.0000, Train: 100.00%, Valid: 62.20%, Test: 63.40%, Best Valid: 63.20%, Best Test: 62.80%
Epoch: 300, Loss: 0.0000, Train: 100.00%, Valid: 59.80%, Test: 63.70%, Best Valid: 63.20%, Best Test: 62.80%
Epoch: 400, Loss: 0.0000, Train: 100.00%, Valid: 62.60%, Test: 64.90%, Best Valid: 63.20%, Best Test: 62.80%
Epoch: 500, Loss: 0.0002, Train: 100.00%, Valid: 62.00%, Test: 64.10%, Best Valid: 63.20%, Best Test: 62.80%
Epoch: 600, Loss: 0.0000, Train: 100.00%, Valid: 59.40%, Test: 62.70%, Best Valid: 63.20%, Best Test: 62.80%
Epoch: 700, Loss: 0.0003, Train: 100.00%, Valid: 59.60%, Test: 62.40%, Best Valid: 63.20%, Best Test: 62.80%
Epoch: 800, Loss: 0.2226, Train: 100.00%, Valid: 52.40%, Test: 56.40%, Best Valid: 63.20%, Best Test: 62.80%
Epoch: 900, Loss: 0.0000, Train: 100.00%, Valid: 57.20%, Test: 59.20%, Best Valid: 63.20%, Best Test: 62.80%
Epoch: 1000, Loss: 0.0002, Train: 100.00%, Valid: 62.80%, Test: 67.00%, Best Valid: 64.20%, Best Test: 65.20%
Run 09:
Highest Train: 100.00
Highest Valid: 64.20
Highest Test: 67.50
Chosen epoch: 932
Final Train: 100.00
Final Test: 65.20
train:torch.Size([15]), valid:torch.Size([500]), test:torch.Size([1000])
Pre-training MLP for 500 epochs to generate co-occurrence matrix...
Penalty transform 'shuffle': rel Frobenius dist to original = 0.2776, off-diag CV of original penalty = 0.0742
MLP pre-training complete. Penalty matrix frozen.
Epoch: 00, Loss: 2.7662, Train: 33.33%, Valid: 17.00%, Test: 19.80%, Best Valid: 17.00%, Best Test: 19.80%
Switching Polynormer to global attention phase.
Epoch: 100, Loss: 2.8557, Train: 33.33%, Valid: 41.40%, Test: 39.30%, Best Valid: 64.20%, Best Test: 60.00%
Epoch: 200, Loss: 0.0000, Train: 100.00%, Valid: 56.60%, Test: 55.00%, Best Valid: 65.60%, Best Test: 63.20%
Epoch: 300, Loss: 0.0000, Train: 100.00%, Valid: 65.20%, Test: 62.70%, Best Valid: 66.60%, Best Test: 65.20%
Epoch: 400, Loss: 0.0000, Train: 100.00%, Valid: 64.40%, Test: 63.10%, Best Valid: 66.60%, Best Test: 65.20%
Epoch: 500, Loss: 0.0000, Train: 100.00%, Valid: 64.40%, Test: 63.10%, Best Valid: 66.60%, Best Test: 65.20%
Epoch: 600, Loss: 0.0000, Train: 100.00%, Valid: 63.80%, Test: 62.50%, Best Valid: 66.60%, Best Test: 65.20%
Epoch: 700, Loss: 0.0009, Train: 100.00%, Valid: 66.00%, Test: 64.90%, Best Valid: 66.60%, Best Test: 65.20%
Epoch: 800, Loss: 0.0007, Train: 100.00%, Valid: 42.20%, Test: 41.10%, Best Valid: 68.80%, Best Test: 68.40%
Epoch: 900, Loss: 0.0000, Train: 100.00%, Valid: 54.60%, Test: 53.60%, Best Valid: 68.80%, Best Test: 68.40%
Epoch: 1000, Loss: 0.0000, Train: 100.00%, Valid: 54.80%, Test: 53.00%, Best Valid: 68.80%, Best Test: 68.40%
Run 10:
Highest Train: 100.00
Highest Valid: 68.80
Highest Test: 68.40
Chosen epoch: 739
Final Train: 100.00
Final Test: 68.40
All runs:
Highest Train: 100.00 ± 0.00
Highest Test: 67.85 ± 4.57
Highest Valid: 67.80 ± 3.95
  Final Train: 100.00 ± 0.00
   Final Test: 66.69 ± 4.89
Saving results to ../results/lowlabel/pubmed/polynormer.csv
Low-label sweep completed.
Task 134 done.
