Tue Aug 18 15:22:46 2026       
+-----------------------------------------------------------------------------------------+
| NVIDIA-SMI 580.159.04             Driver Version: 580.159.04     CUDA Version: 13.0     |
+-----------------------------------------+------------------------+----------------------+
| GPU  Name                 Persistence-M | Bus-Id          Disp.A | Volatile Uncorr. ECC |
| Fan  Temp   Perf          Pwr:Usage/Cap |           Memory-Usage | GPU-Util  Compute M. |
|                                         |                        |               MIG M. |
|=========================================+========================+======================|
|   0  NVIDIA A100-SXM4-80GB          On  |   00000000:01:00.0 Off |                   On |
| N/A   44C    P0            178W /  500W |    6073MiB /  81920MiB |     N/A      Default |
|                                         |                        |              Enabled |
+-----------------------------------------+------------------------+----------------------+
|   1  NVIDIA A100-SXM4-80GB          On  |   00000000:41:00.0 Off |                   On |
| N/A   32C    P0             92W /  500W |     976MiB /  81920MiB |     N/A      Default |
|                                         |                        |              Enabled |
+-----------------------------------------+------------------------+----------------------+
|   2  NVIDIA A100-SXM4-80GB          On  |   00000000:81:00.0 Off |                   On |
| N/A   35C    P0             98W /  500W |    1036MiB /  81920MiB |     N/A      Default |
|                                         |                        |              Enabled |
+-----------------------------------------+------------------------+----------------------+
|   3  NVIDIA A100-SXM4-80GB          On  |   00000000:C1:00.0 Off |                   On |
| N/A   32C    P0            107W /  500W |    1128MiB /  81920MiB |     N/A      Default |
|                                         |                        |              Enabled |
+-----------------------------------------+------------------------+----------------------+

+-----------------------------------------------------------------------------------------+
| MIG devices:                                                                            |
+------------------+----------------------------------+-----------+-----------------------+
| GPU  GI  CI  MIG |              Shared Memory-Usage |        Vol|        Shared         |
|      ID  ID  Dev |                Shared BAR1-Usage | SM     Unc| CE ENC  DEC  OFA  JPG |
|                  |                                  |        ECC|                       |
|==================+==================================+===========+=======================|
|  3    5   0   0  |              71MiB / 19968MiB    | 28      0 |  2   0    1    0    0 |
|                  |               0MiB / 12271MiB    |           |                       |
+------------------+----------------------------------+-----------+-----------------------+

+-----------------------------------------------------------------------------------------+
| Processes:                                                                              |
|  GPU   GI   CI              PID   Type   Process name                        GPU Memory |
|        ID   ID                                                               Usage      |
|=========================================================================================|
|    0    1    0          1132463      C   python                                 4724MiB |
|    0   13    0          2399114      C   ...ware/symmetrix-env/bin/python        528MiB |
|    0   14    0          2475711      C   ...ware/symmetrix-env/bin/python        548MiB |
|    1   10    0          1051627      C   ...ware/symmetrix-env/bin/python        366MiB |
|    1    9    0          1051629      C   ...ware/symmetrix-env/bin/python        346MiB |
|    2    9    0          1051621      C   ...ware/symmetrix-env/bin/python        418MiB |
|    2   10    0          1051624      C   ...ware/symmetrix-env/bin/python        418MiB |
+-----------------------------------------------------------------------------------------+
Cell: roman-empire / polynormer / budget 2 per class / group 1
python main.py --model polynormer --dataset roman-empire --hidden_channels 64 --local_epochs 100 --global_epochs 2500 --lr 0.001 --runs 10 --local_layers 10 --global_layers 2 --weight_decay 0.0 --dropout 0.3 --global_dropout 0.5 --in_dropout 0.15 --num_heads 8 --beta 0.5 --save_model --device 0 --model_dir models/lowlabel_1178246_376 --train_per_class 2 --budget_tag 2
==========================================================
Low-label sweep: python main.py --model polynormer --dataset roman-empire --hidden_channels 64 --local_epochs 100 --global_epochs 2500 --lr 0.001 --runs 10 --local_layers 10 --global_layers 2 --weight_decay 0.0 --dropout 0.3 --global_dropout 0.5 --in_dropout 0.15 --num_heads 8 --beta 0.5 --save_model --device 0 --model_dir models/lowlabel_1178246_376 --train_per_class 2 --budget_tag 2
result_dir=../results/lowlabel conditions=[count]
==========================================================
--- count_reg | lambda=0.01 ---
    (already completed — requeue resume, skipping)
--- count_reg | lambda=0.05 ---
Namespace(aggregate='add', alpha=0.5, attention='gcn', beta=0.5, bn=False, budget_tag='2', count_reg=True, count_smoothing=1.0, cpu=False, data_dir='../data/', dataset='roman-empire', device=0, dim_inner=64, display_step=100, dropout=0.3, epochs=500, global_dropout=0.5, global_epochs=2500, global_layers=2, gnn='gcn', graph_weight=0.8, hidden_channels=64, hops=10, in_dropout=0.15, jk=False, label_num_per_class=20, lambda_val=0.05, layers=1, ln=False, local_epochs=100, local_gnn_type='GCN', local_layers=10, lr=0.001, metric='acc', mlp_epochs=500, mlp_reg=False, model='polynormer', model_dir='models/lowlabel_1178246_376', n_heads=8, num_centroids=4096, num_heads=8, oracle_reg=False, paired_seeds=True, pe_types='RWSE', penalty_transform='none', pre_linear=False, pre_ln=False, rand_split=False, rand_split_class=False, reg_start_epoch=10, reg_update_freq=5, res=False, resample_split_per_run=False, result_dir='../results/lowlabel', runs=10, save_model=True, save_result=False, seed=42, test_num=1000, tr_dropout=None, tr_layers=1, tr_weight_decay=None, train_per_class=2, train_prop=0.5, use_act=False, use_bn=False, use_graph=False, use_reg=True, use_residual=False, use_weight=False, valid_num=500, valid_per_class=0, valid_prop=0.25, weight_decay=0.0)
roman-empire
dataset roman-empire | num nodes 22662 | num edge 32927 | num node feats 300 | num classes 18
MODEL: Polynormer(
  (h_lins): ModuleList(
    (0): Linear(in_features=512, out_features=512, bias=True)
    (1): Linear(in_features=512, out_features=512, bias=True)
    (2): Linear(in_features=512, out_features=512, bias=True)
    (3): Linear(in_features=512, out_features=512, bias=True)
    (4): Linear(in_features=512, out_features=512, bias=True)
    (5): Linear(in_features=512, out_features=512, bias=True)
    (6): Linear(in_features=512, out_features=512, bias=True)
    (7): Linear(in_features=512, out_features=512, bias=True)
    (8): Linear(in_features=512, out_features=512, bias=True)
    (9): Linear(in_features=512, out_features=512, bias=True)
  )
  (local_convs): ModuleList(
    (0): GATConv(512, 64, heads=8)
    (1): GATConv(512, 64, heads=8)
    (2): GATConv(512, 64, heads=8)
    (3): GATConv(512, 64, heads=8)
    (4): GATConv(512, 64, heads=8)
    (5): GATConv(512, 64, heads=8)
    (6): GATConv(512, 64, heads=8)
    (7): GATConv(512, 64, heads=8)
    (8): GATConv(512, 64, heads=8)
    (9): GATConv(512, 64, heads=8)
  )
  (lins): ModuleList(
    (0): Linear(in_features=512, out_features=512, bias=True)
    (1): Linear(in_features=512, out_features=512, bias=True)
    (2): Linear(in_features=512, out_features=512, bias=True)
    (3): Linear(in_features=512, out_features=512, bias=True)
    (4): Linear(in_features=512, out_features=512, bias=True)
    (5): Linear(in_features=512, out_features=512, bias=True)
    (6): Linear(in_features=512, out_features=512, bias=True)
    (7): Linear(in_features=512, out_features=512, bias=True)
    (8): Linear(in_features=512, out_features=512, bias=True)
    (9): Linear(in_features=512, out_features=512, bias=True)
  )
  (lns): ModuleList(
    (0): LayerNorm((512,), eps=1e-05, elementwise_affine=True)
    (1): LayerNorm((512,), eps=1e-05, elementwise_affine=True)
    (2): LayerNorm((512,), eps=1e-05, elementwise_affine=True)
    (3): LayerNorm((512,), eps=1e-05, elementwise_affine=True)
    (4): LayerNorm((512,), eps=1e-05, elementwise_affine=True)
    (5): LayerNorm((512,), eps=1e-05, elementwise_affine=True)
    (6): LayerNorm((512,), eps=1e-05, elementwise_affine=True)
    (7): LayerNorm((512,), eps=1e-05, elementwise_affine=True)
    (8): LayerNorm((512,), eps=1e-05, elementwise_affine=True)
    (9): LayerNorm((512,), eps=1e-05, elementwise_affine=True)
  )
  (lin_in): Linear(in_features=300, out_features=512, bias=True)
  (ln): LayerNorm((512,), eps=1e-05, elementwise_affine=True)
  (global_attn): GlobalAttn(
    (h_lins): ModuleList(
      (0): Linear(in_features=512, out_features=512, bias=True)
      (1): Linear(in_features=512, out_features=512, bias=True)
    )
    (k_lins): ModuleList(
      (0): Linear(in_features=512, out_features=512, bias=True)
      (1): Linear(in_features=512, out_features=512, bias=True)
    )
    (v_lins): ModuleList(
      (0): Linear(in_features=512, out_features=512, bias=True)
      (1): Linear(in_features=512, out_features=512, bias=True)
    )
    (lns): ModuleList(
      (0): LayerNorm((512,), eps=1e-05, elementwise_affine=True)
      (1): LayerNorm((512,), eps=1e-05, elementwise_affine=True)
    )
    (lin_out): Linear(in_features=512, out_features=512, bias=True)
  )
  (pred_local): Linear(in_features=512, out_features=18, bias=True)
  (pred_global): Linear(in_features=512, out_features=18, bias=True)
)
Label budget: 2/class -> 36 train nodes
Counting co-occurrence on train-train edges (leakage-free estimator)...
Count penalty frozen (0 train-train edges).
Epoch: 00, Loss: 3.5927, Train: 4.05%, Valid: 3.69%, Test: 4.36%, Best Valid: 3.69%, Best Test: 4.36%
Switching Polynormer to global attention phase.
Epoch: 100, Loss: 3.0215, Train: 1.41%, Valid: 1.41%, Test: 1.41%, Best Valid: 29.39%, Best Test: 27.41%
Epoch: 200, Loss: 0.1524, Train: 19.50%, Valid: 18.96%, Test: 18.43%, Best Valid: 29.39%, Best Test: 27.41%
Epoch: 300, Loss: 0.0347, Train: 23.30%, Valid: 23.58%, Test: 22.31%, Best Valid: 29.39%, Best Test: 27.41%
Epoch: 400, Loss: 0.0002, Train: 23.56%, Valid: 23.00%, Test: 22.38%, Best Valid: 29.39%, Best Test: 27.41%
Epoch: 500, Loss: 0.0129, Train: 27.30%, Valid: 27.45%, Test: 26.81%, Best Valid: 29.39%, Best Test: 27.41%
Epoch: 600, Loss: 0.5596, Train: 23.82%, Valid: 23.28%, Test: 23.05%, Best Valid: 29.39%, Best Test: 27.41%
Epoch: 700, Loss: 0.1564, Train: 20.95%, Valid: 20.86%, Test: 20.17%, Best Valid: 29.39%, Best Test: 27.41%
Epoch: 800, Loss: 0.0007, Train: 25.97%, Valid: 26.21%, Test: 25.89%, Best Valid: 29.39%, Best Test: 27.41%
Epoch: 900, Loss: 0.0000, Train: 24.36%, Valid: 25.03%, Test: 23.77%, Best Valid: 29.39%, Best Test: 27.41%
Epoch: 1000, Loss: 0.0001, Train: 27.45%, Valid: 28.01%, Test: 27.29%, Best Valid: 29.39%, Best Test: 27.41%
Epoch: 1100, Loss: 0.1237, Train: 24.78%, Valid: 25.51%, Test: 23.65%, Best Valid: 29.59%, Best Test: 28.64%
Epoch: 1200, Loss: 0.0002, Train: 26.22%, Valid: 27.38%, Test: 25.68%, Best Valid: 29.59%, Best Test: 28.64%
Epoch: 1300, Loss: 0.0000, Train: 26.22%, Valid: 26.85%, Test: 25.22%, Best Valid: 29.59%, Best Test: 28.64%
Epoch: 1400, Loss: 0.0000, Train: 25.71%, Valid: 25.81%, Test: 25.19%, Best Valid: 29.59%, Best Test: 28.64%
Epoch: 1500, Loss: 0.3178, Train: 24.12%, Valid: 23.90%, Test: 23.14%, Best Valid: 29.89%, Best Test: 29.40%
Epoch: 1600, Loss: 0.0006, Train: 27.52%, Valid: 28.01%, Test: 26.86%, Best Valid: 29.89%, Best Test: 29.40%
Epoch: 1700, Loss: 0.0000, Train: 27.69%, Valid: 28.31%, Test: 26.76%, Best Valid: 30.54%, Best Test: 29.44%
Epoch: 1800, Loss: 0.5517, Train: 25.23%, Valid: 25.31%, Test: 24.50%, Best Valid: 30.54%, Best Test: 29.44%
Epoch: 1900, Loss: 0.0001, Train: 27.35%, Valid: 27.29%, Test: 26.40%, Best Valid: 30.54%, Best Test: 29.44%
Epoch: 2000, Loss: 0.1925, Train: 26.90%, Valid: 26.90%, Test: 25.82%, Best Valid: 30.54%, Best Test: 29.44%
Epoch: 2100, Loss: 0.0000, Train: 28.68%, Valid: 28.31%, Test: 27.83%, Best Valid: 30.54%, Best Test: 29.44%
Epoch: 2200, Loss: 0.0022, Train: 28.43%, Valid: 28.07%, Test: 27.53%, Best Valid: 30.54%, Best Test: 29.44%
Epoch: 2300, Loss: 0.0026, Train: 29.23%, Valid: 29.34%, Test: 28.73%, Best Valid: 30.54%, Best Test: 29.44%
Epoch: 2400, Loss: 0.1276, Train: 28.21%, Valid: 28.17%, Test: 26.81%, Best Valid: 30.54%, Best Test: 29.44%
Epoch: 2500, Loss: 0.6752, Train: 26.97%, Valid: 26.00%, Test: 25.75%, Best Valid: 30.98%, Best Test: 29.65%
Run 01:
Highest Train: 31.24
Highest Valid: 30.98
Highest Test: 29.81
Chosen epoch: 2419
Final Train: 31.24
Final Test: 29.65
Label budget: 2/class -> 36 train nodes
Counting co-occurrence on train-train edges (leakage-free estimator)...
Count penalty frozen (0 train-train edges).
Epoch: 00, Loss: 3.8575, Train: 4.44%, Valid: 4.38%, Test: 4.64%, Best Valid: 4.38%, Best Test: 4.64%
Switching Polynormer to global attention phase.
Epoch: 100, Loss: 3.0613, Train: 15.50%, Valid: 15.46%, Test: 14.86%, Best Valid: 22.59%, Best Test: 22.64%
Epoch: 200, Loss: 0.0510, Train: 18.82%, Valid: 17.99%, Test: 16.87%, Best Valid: 22.59%, Best Test: 22.64%
Epoch: 300, Loss: 0.0147, Train: 19.02%, Valid: 17.42%, Test: 17.30%, Best Valid: 22.59%, Best Test: 22.64%
Epoch: 400, Loss: 0.0777, Train: 19.93%, Valid: 18.89%, Test: 18.14%, Best Valid: 22.86%, Best Test: 22.08%
Epoch: 500, Loss: 0.0003, Train: 18.89%, Valid: 17.93%, Test: 17.49%, Best Valid: 22.86%, Best Test: 22.08%
Epoch: 600, Loss: 0.0011, Train: 22.43%, Valid: 21.68%, Test: 20.79%, Best Valid: 22.86%, Best Test: 22.08%
Epoch: 700, Loss: 0.2715, Train: 21.07%, Valid: 20.55%, Test: 20.03%, Best Valid: 22.86%, Best Test: 22.08%
Epoch: 800, Loss: 0.5065, Train: 20.27%, Valid: 19.42%, Test: 19.08%, Best Valid: 22.86%, Best Test: 22.08%
Epoch: 900, Loss: 0.0000, Train: 23.92%, Valid: 23.60%, Test: 22.80%, Best Valid: 23.60%, Best Test: 22.68%
Epoch: 1000, Loss: 0.1374, Train: 22.05%, Valid: 21.24%, Test: 20.76%, Best Valid: 23.60%, Best Test: 22.68%
Epoch: 1100, Loss: 0.0411, Train: 20.97%, Valid: 19.77%, Test: 20.03%, Best Valid: 23.60%, Best Test: 22.68%
Epoch: 1200, Loss: 0.0074, Train: 20.16%, Valid: 19.38%, Test: 18.94%, Best Valid: 23.60%, Best Test: 22.68%
Epoch: 1300, Loss: 0.0307, Train: 19.18%, Valid: 18.46%, Test: 18.44%, Best Valid: 23.60%, Best Test: 22.68%
Epoch: 1400, Loss: 0.1109, Train: 19.95%, Valid: 19.06%, Test: 18.97%, Best Valid: 23.60%, Best Test: 22.68%
Epoch: 1500, Loss: 0.0232, Train: 20.91%, Valid: 20.19%, Test: 19.80%, Best Valid: 23.60%, Best Test: 22.68%
Epoch: 1600, Loss: 1.1885, Train: 21.16%, Valid: 20.07%, Test: 19.89%, Best Valid: 23.60%, Best Test: 22.68%
Epoch: 1700, Loss: 0.3409, Train: 21.04%, Valid: 20.83%, Test: 20.08%, Best Valid: 23.60%, Best Test: 22.68%
Epoch: 1800, Loss: 0.3627, Train: 23.39%, Valid: 23.11%, Test: 22.43%, Best Valid: 23.60%, Best Test: 22.68%
Epoch: 1900, Loss: 0.0000, Train: 23.94%, Valid: 23.48%, Test: 22.36%, Best Valid: 23.80%, Best Test: 22.84%
Epoch: 2000, Loss: 2.9549, Train: 22.34%, Valid: 21.47%, Test: 21.20%, Best Valid: 23.80%, Best Test: 22.84%
Epoch: 2100, Loss: 0.0083, Train: 23.10%, Valid: 21.94%, Test: 22.34%, Best Valid: 26.58%, Best Test: 25.61%
Epoch: 2200, Loss: 0.1114, Train: 21.95%, Valid: 21.54%, Test: 21.02%, Best Valid: 26.58%, Best Test: 25.61%
Epoch: 2300, Loss: 0.0000, Train: 19.51%, Valid: 19.19%, Test: 18.69%, Best Valid: 26.58%, Best Test: 25.61%
Epoch: 2400, Loss: 0.2072, Train: 18.06%, Valid: 18.01%, Test: 17.37%, Best Valid: 26.58%, Best Test: 25.61%
Epoch: 2500, Loss: 0.2624, Train: 23.03%, Valid: 23.07%, Test: 21.60%, Best Valid: 26.58%, Best Test: 25.61%
Run 02:
Highest Train: 27.06
Highest Valid: 26.58
Highest Test: 25.63
Chosen epoch: 2013
Final Train: 27.06
Final Test: 25.61
Label budget: 2/class -> 36 train nodes
Counting co-occurrence on train-train edges (leakage-free estimator)...
Count penalty frozen (0 train-train edges).
Epoch: 00, Loss: 3.5967, Train: 5.02%, Valid: 5.68%, Test: 5.24%, Best Valid: 5.68%, Best Test: 5.24%
Switching Polynormer to global attention phase.
Epoch: 100, Loss: 3.0297, Train: 10.98%, Valid: 10.96%, Test: 10.98%, Best Valid: 26.05%, Best Test: 25.27%
Epoch: 200, Loss: 0.4012, Train: 24.61%, Valid: 24.10%, Test: 24.62%, Best Valid: 26.65%, Best Test: 26.16%
Epoch: 300, Loss: 0.0311, Train: 20.12%, Valid: 19.63%, Test: 19.84%, Best Valid: 26.65%, Best Test: 26.16%
Epoch: 400, Loss: 0.0499, Train: 24.24%, Valid: 23.14%, Test: 23.26%, Best Valid: 26.65%, Best Test: 26.16%
Epoch: 500, Loss: 0.0014, Train: 23.18%, Valid: 22.03%, Test: 22.33%, Best Valid: 26.65%, Best Test: 26.16%
Epoch: 600, Loss: 0.2423, Train: 26.54%, Valid: 25.70%, Test: 26.21%, Best Valid: 26.65%, Best Test: 26.16%
Epoch: 700, Loss: 0.0165, Train: 21.91%, Valid: 21.29%, Test: 21.71%, Best Valid: 26.65%, Best Test: 26.16%
Epoch: 800, Loss: 0.0001, Train: 26.42%, Valid: 24.85%, Test: 25.71%, Best Valid: 26.65%, Best Test: 26.16%
Epoch: 900, Loss: 0.3661, Train: 25.04%, Valid: 23.99%, Test: 24.39%, Best Valid: 26.65%, Best Test: 26.16%
Epoch: 1000, Loss: 0.0000, Train: 25.95%, Valid: 25.37%, Test: 25.13%, Best Valid: 26.65%, Best Test: 26.16%
Epoch: 1100, Loss: 0.0001, Train: 27.23%, Valid: 26.28%, Test: 26.07%, Best Valid: 26.65%, Best Test: 26.16%
Epoch: 1200, Loss: 0.0000, Train: 26.58%, Valid: 25.49%, Test: 25.80%, Best Valid: 26.65%, Best Test: 26.16%
Epoch: 1300, Loss: 0.0000, Train: 23.96%, Valid: 23.30%, Test: 23.28%, Best Valid: 27.47%, Best Test: 27.16%
Epoch: 1400, Loss: 0.0098, Train: 26.33%, Valid: 26.37%, Test: 25.77%, Best Valid: 27.47%, Best Test: 27.16%
Epoch: 1500, Loss: 0.0032, Train: 25.03%, Valid: 24.43%, Test: 25.08%, Best Valid: 27.47%, Best Test: 27.16%
Epoch: 1600, Loss: 0.0000, Train: 23.12%, Valid: 22.97%, Test: 22.89%, Best Valid: 27.47%, Best Test: 27.16%
Epoch: 1700, Loss: 0.1100, Train: 25.34%, Valid: 24.71%, Test: 25.26%, Best Valid: 27.47%, Best Test: 27.16%
Epoch: 1800, Loss: 1.1133, Train: 24.53%, Valid: 24.84%, Test: 25.38%, Best Valid: 27.47%, Best Test: 27.16%
Epoch: 1900, Loss: 0.0000, Train: 25.31%, Valid: 25.31%, Test: 25.93%, Best Valid: 27.47%, Best Test: 27.16%
Epoch: 2000, Loss: 0.0001, Train: 22.21%, Valid: 22.05%, Test: 22.54%, Best Valid: 27.47%, Best Test: 27.16%
Epoch: 2100, Loss: 0.1007, Train: 19.76%, Valid: 18.99%, Test: 19.93%, Best Valid: 27.47%, Best Test: 27.16%
Epoch: 2200, Loss: 0.0000, Train: 24.14%, Valid: 23.27%, Test: 23.76%, Best Valid: 27.47%, Best Test: 27.16%
Epoch: 2300, Loss: 0.0000, Train: 23.66%, Valid: 23.20%, Test: 23.40%, Best Valid: 27.47%, Best Test: 27.16%
Epoch: 2400, Loss: 0.4500, Train: 25.51%, Valid: 25.53%, Test: 25.06%, Best Valid: 27.47%, Best Test: 27.16%
Epoch: 2500, Loss: 0.0015, Train: 27.10%, Valid: 27.10%, Test: 27.32%, Best Valid: 27.47%, Best Test: 27.16%
Run 03:
Highest Train: 27.91
Highest Valid: 27.96
Highest Test: 28.22
Chosen epoch: 2597
Final Train: 27.87
Final Test: 28.17
Label budget: 2/class -> 36 train nodes
Counting co-occurrence on train-train edges (leakage-free estimator)...
Count penalty frozen (0 train-train edges).
Epoch: 00, Loss: 3.8848, Train: 4.48%, Valid: 4.50%, Test: 4.87%, Best Valid: 4.50%, Best Test: 4.87%
Switching Polynormer to global attention phase.
Epoch: 100, Loss: 3.0416, Train: 1.37%, Valid: 1.18%, Test: 1.27%, Best Valid: 22.24%, Best Test: 21.50%
Epoch: 200, Loss: 0.6714, Train: 16.00%, Valid: 16.20%, Test: 15.76%, Best Valid: 22.24%, Best Test: 21.50%
Epoch: 300, Loss: 0.6195, Train: 22.56%, Valid: 23.69%, Test: 22.73%, Best Valid: 24.50%, Best Test: 24.53%
Epoch: 400, Loss: 0.3264, Train: 17.13%, Valid: 17.05%, Test: 17.58%, Best Valid: 24.50%, Best Test: 24.53%
Epoch: 500, Loss: 0.0008, Train: 18.50%, Valid: 18.82%, Test: 18.87%, Best Valid: 25.15%, Best Test: 24.60%
Epoch: 600, Loss: 0.0692, Train: 17.39%, Valid: 17.33%, Test: 17.88%, Best Valid: 25.15%, Best Test: 24.60%
Epoch: 700, Loss: 0.0065, Train: 21.49%, Valid: 21.92%, Test: 21.80%, Best Valid: 25.15%, Best Test: 24.60%
Epoch: 800, Loss: 0.0017, Train: 21.23%, Valid: 21.25%, Test: 21.51%, Best Valid: 25.15%, Best Test: 24.60%
Epoch: 900, Loss: 0.0892, Train: 22.59%, Valid: 23.04%, Test: 23.24%, Best Valid: 25.15%, Best Test: 24.60%
Epoch: 1000, Loss: 0.6656, Train: 21.46%, Valid: 21.66%, Test: 21.62%, Best Valid: 25.15%, Best Test: 24.60%
Epoch: 1100, Loss: 0.0422, Train: 20.77%, Valid: 20.78%, Test: 20.28%, Best Valid: 25.56%, Best Test: 25.57%
Epoch: 1200, Loss: 0.2279, Train: 20.86%, Valid: 20.71%, Test: 21.09%, Best Valid: 25.56%, Best Test: 25.57%
Epoch: 1300, Loss: 0.0000, Train: 22.42%, Valid: 22.72%, Test: 22.73%, Best Valid: 25.56%, Best Test: 25.57%
Epoch: 1400, Loss: 0.0003, Train: 21.07%, Valid: 20.65%, Test: 20.97%, Best Valid: 25.56%, Best Test: 25.57%
Epoch: 1500, Loss: 0.0502, Train: 20.77%, Valid: 21.31%, Test: 21.27%, Best Valid: 25.56%, Best Test: 25.57%
Epoch: 1600, Loss: 0.1433, Train: 21.79%, Valid: 21.59%, Test: 21.85%, Best Valid: 25.67%, Best Test: 25.94%
Epoch: 1700, Loss: 0.0004, Train: 22.44%, Valid: 22.98%, Test: 22.80%, Best Valid: 25.67%, Best Test: 25.94%
Epoch: 1800, Loss: 0.0482, Train: 18.02%, Valid: 17.99%, Test: 18.73%, Best Valid: 25.67%, Best Test: 25.94%
Epoch: 1900, Loss: 0.0000, Train: 21.09%, Valid: 21.39%, Test: 20.91%, Best Valid: 25.67%, Best Test: 25.94%
Epoch: 2000, Loss: 0.0000, Train: 21.85%, Valid: 22.01%, Test: 22.15%, Best Valid: 25.67%, Best Test: 25.94%
Epoch: 2100, Loss: 0.0000, Train: 21.00%, Valid: 20.76%, Test: 21.64%, Best Valid: 25.67%, Best Test: 25.94%
Epoch: 2200, Loss: 0.0171, Train: 20.53%, Valid: 20.48%, Test: 20.61%, Best Valid: 25.67%, Best Test: 25.94%
Epoch: 2300, Loss: 0.0000, Train: 22.10%, Valid: 22.19%, Test: 22.38%, Best Valid: 25.67%, Best Test: 25.94%
Epoch: 2400, Loss: 0.0774, Train: 17.72%, Valid: 17.86%, Test: 18.64%, Best Valid: 25.67%, Best Test: 25.94%
Epoch: 2500, Loss: 0.0055, Train: 22.16%, Valid: 21.84%, Test: 22.24%, Best Valid: 25.67%, Best Test: 25.94%
Run 04:
Highest Train: 25.36
Highest Valid: 25.67
Highest Test: 26.07
Chosen epoch: 1566
Final Train: 25.36
Final Test: 25.94
Label budget: 2/class -> 36 train nodes
Counting co-occurrence on train-train edges (leakage-free estimator)...
Count penalty frozen (2 train-train edges).
Epoch: 00, Loss: 3.9114, Train: 5.87%, Valid: 6.11%, Test: 6.30%, Best Valid: 6.11%, Best Test: 6.30%
Switching Polynormer to global attention phase.
Epoch: 100, Loss: 3.0603, Train: 12.38%, Valid: 12.69%, Test: 12.20%, Best Valid: 31.74%, Best Test: 31.47%
Epoch: 200, Loss: 0.0863, Train: 25.91%, Valid: 24.66%, Test: 24.04%, Best Valid: 31.74%, Best Test: 31.47%
Epoch: 300, Loss: 0.1022, Train: 29.57%, Valid: 28.74%, Test: 28.43%, Best Valid: 32.20%, Best Test: 31.84%
Epoch: 400, Loss: 0.0523, Train: 25.06%, Valid: 23.41%, Test: 24.44%, Best Valid: 32.20%, Best Test: 31.84%
Epoch: 500, Loss: 0.0072, Train: 29.47%, Valid: 28.26%, Test: 28.27%, Best Valid: 32.20%, Best Test: 31.84%
Epoch: 600, Loss: 0.0001, Train: 30.22%, Valid: 29.53%, Test: 29.76%, Best Valid: 32.20%, Best Test: 31.84%
Epoch: 700, Loss: 1.9927, Train: 27.68%, Valid: 26.57%, Test: 26.88%, Best Valid: 32.20%, Best Test: 31.84%
Epoch: 800, Loss: 0.0008, Train: 28.43%, Valid: 27.17%, Test: 27.29%, Best Valid: 32.20%, Best Test: 31.84%
Epoch: 900, Loss: 0.0021, Train: 28.23%, Valid: 27.43%, Test: 27.27%, Best Valid: 32.20%, Best Test: 31.84%
Epoch: 1000, Loss: 0.4683, Train: 28.27%, Valid: 27.20%, Test: 27.29%, Best Valid: 32.20%, Best Test: 31.84%
Epoch: 1100, Loss: 0.0462, Train: 30.07%, Valid: 29.46%, Test: 29.40%, Best Valid: 32.37%, Best Test: 31.91%
Epoch: 1200, Loss: 0.0009, Train: 26.85%, Valid: 26.34%, Test: 26.10%, Best Valid: 32.99%, Best Test: 32.46%
Epoch: 1300, Loss: 0.0000, Train: 29.72%, Valid: 29.97%, Test: 29.32%, Best Valid: 32.99%, Best Test: 32.46%
Epoch: 1400, Loss: 0.0136, Train: 29.25%, Valid: 28.14%, Test: 27.90%, Best Valid: 32.99%, Best Test: 32.46%
Epoch: 1500, Loss: 0.0012, Train: 27.00%, Valid: 26.23%, Test: 26.21%, Best Valid: 32.99%, Best Test: 32.46%
Epoch: 1600, Loss: 0.0000, Train: 27.80%, Valid: 27.06%, Test: 27.11%, Best Valid: 32.99%, Best Test: 32.46%
Epoch: 1700, Loss: 0.0105, Train: 25.95%, Valid: 25.07%, Test: 24.92%, Best Valid: 32.99%, Best Test: 32.46%
Epoch: 1800, Loss: 0.0985, Train: 26.24%, Valid: 25.19%, Test: 25.45%, Best Valid: 32.99%, Best Test: 32.46%
Epoch: 1900, Loss: 0.0000, Train: 28.58%, Valid: 27.56%, Test: 28.12%, Best Valid: 32.99%, Best Test: 32.46%
Epoch: 2000, Loss: 0.0002, Train: 31.26%, Valid: 30.03%, Test: 30.59%, Best Valid: 32.99%, Best Test: 32.46%
Epoch: 2100, Loss: 0.0000, Train: 29.28%, Valid: 28.37%, Test: 28.57%, Best Valid: 32.99%, Best Test: 32.46%
Epoch: 2200, Loss: 0.0203, Train: 27.29%, Valid: 26.69%, Test: 26.21%, Best Valid: 32.99%, Best Test: 32.46%
Epoch: 2300, Loss: 0.0004, Train: 29.26%, Valid: 28.07%, Test: 28.29%, Best Valid: 32.99%, Best Test: 32.46%
Epoch: 2400, Loss: 0.0000, Train: 27.73%, Valid: 26.67%, Test: 26.14%, Best Valid: 32.99%, Best Test: 32.46%
Epoch: 2500, Loss: 0.0010, Train: 29.06%, Valid: 28.28%, Test: 28.19%, Best Valid: 32.99%, Best Test: 32.46%
Run 05:
Highest Train: 34.14
Highest Valid: 32.99
Highest Test: 33.15
Chosen epoch: 1175
Final Train: 33.89
Final Test: 32.46
Label budget: 2/class -> 36 train nodes
Counting co-occurrence on train-train edges (leakage-free estimator)...
Count penalty frozen (2 train-train edges).
Epoch: 00, Loss: 3.8361, Train: 9.33%, Valid: 9.73%, Test: 8.98%, Best Valid: 9.73%, Best Test: 8.98%
Switching Polynormer to global attention phase.
Epoch: 100, Loss: 3.0584, Train: 13.82%, Valid: 13.82%, Test: 13.84%, Best Valid: 31.70%, Best Test: 30.94%
Epoch: 200, Loss: 0.1603, Train: 28.37%, Valid: 28.07%, Test: 28.82%, Best Valid: 31.70%, Best Test: 30.94%
Epoch: 300, Loss: 0.1662, Train: 29.56%, Valid: 29.44%, Test: 29.62%, Best Valid: 31.70%, Best Test: 30.94%
Epoch: 400, Loss: 0.0065, Train: 30.45%, Valid: 30.54%, Test: 30.87%, Best Valid: 32.34%, Best Test: 32.05%
Epoch: 500, Loss: 0.0281, Train: 27.31%, Valid: 26.60%, Test: 27.21%, Best Valid: 32.34%, Best Test: 32.05%
Epoch: 600, Loss: 0.0056, Train: 26.98%, Valid: 27.47%, Test: 27.55%, Best Valid: 32.34%, Best Test: 32.05%
Epoch: 700, Loss: 0.1011, Train: 28.99%, Valid: 29.13%, Test: 29.42%, Best Valid: 32.34%, Best Test: 32.05%
Epoch: 800, Loss: 0.3941, Train: 27.88%, Valid: 28.19%, Test: 27.82%, Best Valid: 32.34%, Best Test: 32.05%
Epoch: 900, Loss: 0.0002, Train: 32.47%, Valid: 31.53%, Test: 32.83%, Best Valid: 32.34%, Best Test: 32.05%
Epoch: 1000, Loss: 0.0235, Train: 25.28%, Valid: 25.51%, Test: 25.01%, Best Valid: 32.34%, Best Test: 32.05%
Epoch: 1100, Loss: 0.1801, Train: 27.19%, Valid: 26.99%, Test: 27.59%, Best Valid: 32.34%, Best Test: 32.05%
Epoch: 1200, Loss: 0.0011, Train: 26.59%, Valid: 26.57%, Test: 27.06%, Best Valid: 32.34%, Best Test: 32.05%
Epoch: 1300, Loss: 0.0079, Train: 28.02%, Valid: 27.70%, Test: 28.12%, Best Valid: 32.34%, Best Test: 32.05%
Epoch: 1400, Loss: 0.0407, Train: 28.48%, Valid: 28.51%, Test: 29.07%, Best Valid: 32.34%, Best Test: 32.05%
Epoch: 1500, Loss: 0.0000, Train: 29.37%, Valid: 29.59%, Test: 30.71%, Best Valid: 32.34%, Best Test: 32.05%
Epoch: 1600, Loss: 0.5391, Train: 28.40%, Valid: 28.86%, Test: 29.84%, Best Valid: 32.34%, Best Test: 32.05%
Epoch: 1700, Loss: 0.0047, Train: 28.68%, Valid: 29.11%, Test: 29.37%, Best Valid: 32.34%, Best Test: 32.05%
Epoch: 1800, Loss: 0.0000, Train: 29.15%, Valid: 28.81%, Test: 29.46%, Best Valid: 32.34%, Best Test: 32.05%
Epoch: 1900, Loss: 0.1807, Train: 29.97%, Valid: 30.01%, Test: 30.55%, Best Valid: 32.34%, Best Test: 32.05%
Epoch: 2000, Loss: 0.0000, Train: 29.65%, Valid: 29.85%, Test: 30.02%, Best Valid: 32.34%, Best Test: 32.05%
Epoch: 2100, Loss: 0.0000, Train: 30.38%, Valid: 30.24%, Test: 30.94%, Best Valid: 32.34%, Best Test: 32.05%
Epoch: 2200, Loss: 0.0000, Train: 30.02%, Valid: 29.99%, Test: 30.92%, Best Valid: 32.34%, Best Test: 32.05%
Epoch: 2300, Loss: 0.2695, Train: 26.55%, Valid: 26.16%, Test: 26.47%, Best Valid: 32.34%, Best Test: 32.05%
Epoch: 2400, Loss: 0.0000, Train: 27.92%, Valid: 28.17%, Test: 28.70%, Best Valid: 32.34%, Best Test: 32.05%
Epoch: 2500, Loss: 0.0003, Train: 25.99%, Valid: 26.11%, Test: 26.72%, Best Valid: 32.34%, Best Test: 32.05%
Run 06:
Highest Train: 33.52
Highest Valid: 32.34
Highest Test: 34.26
Chosen epoch: 353
Final Train: 32.27
Final Test: 32.05
Label budget: 2/class -> 36 train nodes
Counting co-occurrence on train-train edges (leakage-free estimator)...
Count penalty frozen (0 train-train edges).
Epoch: 00, Loss: 4.1061, Train: 5.82%, Valid: 5.07%, Test: 5.84%, Best Valid: 5.07%, Best Test: 5.84%
Switching Polynormer to global attention phase.
Epoch: 100, Loss: 3.0845, Train: 13.96%, Valid: 13.95%, Test: 13.96%, Best Valid: 25.93%, Best Test: 25.96%
Epoch: 200, Loss: 0.8918, Train: 22.49%, Valid: 22.42%, Test: 22.77%, Best Valid: 25.93%, Best Test: 25.96%
Epoch: 300, Loss: 0.1277, Train: 17.48%, Valid: 17.76%, Test: 18.76%, Best Valid: 25.93%, Best Test: 25.96%
Epoch: 400, Loss: 0.0617, Train: 19.61%, Valid: 20.90%, Test: 20.72%, Best Valid: 25.93%, Best Test: 25.96%
Epoch: 500, Loss: 0.0993, Train: 23.31%, Valid: 23.51%, Test: 23.53%, Best Valid: 25.93%, Best Test: 25.96%
Epoch: 600, Loss: 0.2480, Train: 20.70%, Valid: 20.83%, Test: 21.60%, Best Valid: 25.93%, Best Test: 25.96%
Epoch: 700, Loss: 0.3862, Train: 20.74%, Valid: 21.39%, Test: 21.73%, Best Valid: 25.93%, Best Test: 25.96%
Epoch: 800, Loss: 0.0169, Train: 19.96%, Valid: 20.69%, Test: 20.30%, Best Valid: 25.93%, Best Test: 25.96%
Epoch: 900, Loss: 0.0006, Train: 21.13%, Valid: 21.52%, Test: 21.48%, Best Valid: 25.93%, Best Test: 25.96%
Epoch: 1000, Loss: 0.0000, Train: 21.08%, Valid: 21.69%, Test: 21.57%, Best Valid: 25.93%, Best Test: 25.96%
Epoch: 1100, Loss: 0.0051, Train: 21.18%, Valid: 21.87%, Test: 21.71%, Best Valid: 25.93%, Best Test: 25.96%
Epoch: 1200, Loss: 0.2299, Train: 21.15%, Valid: 21.41%, Test: 21.32%, Best Valid: 25.93%, Best Test: 25.96%
Epoch: 1300, Loss: 0.0000, Train: 20.41%, Valid: 20.44%, Test: 20.88%, Best Valid: 25.93%, Best Test: 25.96%
Epoch: 1400, Loss: 0.1068, Train: 22.19%, Valid: 23.12%, Test: 22.73%, Best Valid: 25.93%, Best Test: 25.96%
Epoch: 1500, Loss: 0.6781, Train: 20.92%, Valid: 20.97%, Test: 21.67%, Best Valid: 25.93%, Best Test: 25.96%
Epoch: 1600, Loss: 0.0152, Train: 22.12%, Valid: 22.49%, Test: 23.44%, Best Valid: 25.93%, Best Test: 25.96%
Epoch: 1700, Loss: 0.0000, Train: 21.17%, Valid: 21.38%, Test: 21.73%, Best Valid: 25.93%, Best Test: 25.96%
Epoch: 1800, Loss: 0.0000, Train: 17.15%, Valid: 17.35%, Test: 17.24%, Best Valid: 25.93%, Best Test: 25.96%
Epoch: 1900, Loss: 0.0102, Train: 19.69%, Valid: 20.00%, Test: 19.89%, Best Valid: 25.93%, Best Test: 25.96%
Epoch: 2000, Loss: 0.0006, Train: 23.05%, Valid: 23.51%, Test: 23.47%, Best Valid: 25.93%, Best Test: 25.96%
Epoch: 2100, Loss: 0.8217, Train: 22.34%, Valid: 22.65%, Test: 22.89%, Best Valid: 25.93%, Best Test: 25.96%
Epoch: 2200, Loss: 0.0000, Train: 24.54%, Valid: 24.61%, Test: 24.99%, Best Valid: 26.02%, Best Test: 25.93%
Epoch: 2300, Loss: 0.0000, Train: 22.14%, Valid: 22.65%, Test: 22.43%, Best Valid: 26.02%, Best Test: 25.93%
Epoch: 2400, Loss: 0.0000, Train: 22.42%, Valid: 22.42%, Test: 22.80%, Best Valid: 26.02%, Best Test: 25.93%
Epoch: 2500, Loss: 0.0000, Train: 22.64%, Valid: 22.40%, Test: 22.80%, Best Valid: 26.02%, Best Test: 25.93%
Run 07:
Highest Train: 25.83
Highest Valid: 26.02
Highest Test: 26.28
Chosen epoch: 2151
Final Train: 25.55
Final Test: 25.93
Label budget: 2/class -> 36 train nodes
Counting co-occurrence on train-train edges (leakage-free estimator)...
Count penalty frozen (0 train-train edges).
Epoch: 00, Loss: 3.9488, Train: 6.27%, Valid: 6.69%, Test: 5.91%, Best Valid: 6.69%, Best Test: 5.91%
Switching Polynormer to global attention phase.
Epoch: 100, Loss: 3.0311, Train: 5.49%, Valid: 5.49%, Test: 5.49%, Best Valid: 30.68%, Best Test: 31.89%
Epoch: 200, Loss: 0.3651, Train: 27.55%, Valid: 25.84%, Test: 26.90%, Best Valid: 30.68%, Best Test: 31.89%
Epoch: 300, Loss: 0.4099, Train: 31.31%, Valid: 30.50%, Test: 30.97%, Best Valid: 31.24%, Best Test: 31.98%
Epoch: 400, Loss: 0.0251, Train: 27.25%, Valid: 26.74%, Test: 27.32%, Best Valid: 32.20%, Best Test: 32.35%
Epoch: 500, Loss: 0.0153, Train: 27.61%, Valid: 26.65%, Test: 28.13%, Best Valid: 32.20%, Best Test: 32.35%
Epoch: 600, Loss: 0.0001, Train: 24.77%, Valid: 23.72%, Test: 24.16%, Best Valid: 32.20%, Best Test: 32.35%
Epoch: 700, Loss: 0.0048, Train: 28.69%, Valid: 27.78%, Test: 28.52%, Best Valid: 32.20%, Best Test: 32.35%
Epoch: 800, Loss: 0.1546, Train: 29.63%, Valid: 28.65%, Test: 29.83%, Best Valid: 32.20%, Best Test: 32.35%
Epoch: 900, Loss: 0.0278, Train: 28.32%, Valid: 27.61%, Test: 28.06%, Best Valid: 32.20%, Best Test: 32.35%
Epoch: 1000, Loss: 0.0002, Train: 23.56%, Valid: 22.40%, Test: 23.19%, Best Valid: 32.20%, Best Test: 32.35%
Epoch: 1100, Loss: 0.0587, Train: 24.06%, Valid: 23.04%, Test: 23.69%, Best Valid: 32.20%, Best Test: 32.35%
Epoch: 1200, Loss: 0.0108, Train: 27.88%, Valid: 26.99%, Test: 28.13%, Best Valid: 32.20%, Best Test: 32.35%
Epoch: 1300, Loss: 0.0000, Train: 28.00%, Valid: 27.40%, Test: 27.99%, Best Valid: 32.20%, Best Test: 32.35%
Epoch: 1400, Loss: 0.0000, Train: 28.96%, Valid: 28.37%, Test: 29.40%, Best Valid: 32.20%, Best Test: 32.35%
Epoch: 1500, Loss: 0.0098, Train: 30.99%, Valid: 30.03%, Test: 31.03%, Best Valid: 32.20%, Best Test: 32.35%
Epoch: 1600, Loss: 0.0000, Train: 28.02%, Valid: 27.64%, Test: 28.66%, Best Valid: 32.20%, Best Test: 32.35%
Epoch: 1700, Loss: 0.0000, Train: 28.22%, Valid: 27.77%, Test: 28.77%, Best Valid: 32.20%, Best Test: 32.35%
Epoch: 1800, Loss: 0.0000, Train: 28.21%, Valid: 27.93%, Test: 28.66%, Best Valid: 32.20%, Best Test: 32.35%
Epoch: 1900, Loss: 0.6492, Train: 28.56%, Valid: 27.63%, Test: 27.66%, Best Valid: 32.20%, Best Test: 32.35%
Epoch: 2000, Loss: 0.0001, Train: 28.43%, Valid: 27.86%, Test: 28.50%, Best Valid: 32.20%, Best Test: 32.35%
Epoch: 2100, Loss: 0.0000, Train: 25.19%, Valid: 24.48%, Test: 25.70%, Best Valid: 32.20%, Best Test: 32.35%
Epoch: 2200, Loss: 0.0162, Train: 25.43%, Valid: 24.70%, Test: 25.63%, Best Valid: 32.20%, Best Test: 32.35%
Epoch: 2300, Loss: 0.0000, Train: 28.25%, Valid: 26.95%, Test: 28.31%, Best Valid: 32.20%, Best Test: 32.35%
Epoch: 2400, Loss: 0.0000, Train: 28.29%, Valid: 26.94%, Test: 28.19%, Best Valid: 32.20%, Best Test: 32.35%
Epoch: 2500, Loss: 0.0000, Train: 27.81%, Valid: 26.78%, Test: 28.15%, Best Valid: 32.20%, Best Test: 32.35%
Run 08:
Highest Train: 32.77
Highest Valid: 32.20
Highest Test: 33.22
Chosen epoch: 302
Final Train: 32.54
Final Test: 32.35
Label budget: 2/class -> 36 train nodes
Counting co-occurrence on train-train edges (leakage-free estimator)...
Count penalty frozen (0 train-train edges).
Epoch: 00, Loss: 3.6891, Train: 7.13%, Valid: 7.24%, Test: 7.15%, Best Valid: 7.24%, Best Test: 7.15%
Switching Polynormer to global attention phase.
Epoch: 100, Loss: 3.0690, Train: 1.89%, Valid: 1.89%, Test: 1.89%, Best Valid: 26.74%, Best Test: 27.13%
Epoch: 200, Loss: 0.4718, Train: 20.46%, Valid: 20.28%, Test: 20.07%, Best Valid: 26.74%, Best Test: 27.13%
Epoch: 300, Loss: 0.1523, Train: 23.33%, Valid: 23.28%, Test: 23.35%, Best Valid: 26.74%, Best Test: 27.13%
Epoch: 400, Loss: 0.0106, Train: 24.55%, Valid: 25.01%, Test: 25.24%, Best Valid: 26.97%, Best Test: 27.11%
Epoch: 500, Loss: 0.0035, Train: 28.04%, Valid: 27.57%, Test: 28.82%, Best Valid: 27.57%, Best Test: 28.82%
Epoch: 600, Loss: 0.0036, Train: 22.19%, Valid: 22.40%, Test: 22.71%, Best Valid: 28.44%, Best Test: 29.30%
Epoch: 700, Loss: 0.0001, Train: 29.50%, Valid: 29.04%, Test: 29.65%, Best Valid: 30.63%, Best Test: 30.87%
Epoch: 800, Loss: 0.1732, Train: 25.61%, Valid: 25.37%, Test: 26.14%, Best Valid: 30.63%, Best Test: 30.87%
Epoch: 900, Loss: 0.0005, Train: 24.00%, Valid: 23.74%, Test: 24.78%, Best Valid: 30.63%, Best Test: 30.87%
Epoch: 1000, Loss: 0.4961, Train: 23.89%, Valid: 24.15%, Test: 23.97%, Best Valid: 30.63%, Best Test: 30.87%
Epoch: 1100, Loss: 0.0001, Train: 25.19%, Valid: 25.26%, Test: 25.82%, Best Valid: 30.63%, Best Test: 30.87%
Epoch: 1200, Loss: 0.0003, Train: 27.70%, Valid: 27.48%, Test: 27.90%, Best Valid: 30.63%, Best Test: 30.87%
Epoch: 1300, Loss: 0.0000, Train: 27.27%, Valid: 27.01%, Test: 28.03%, Best Valid: 30.63%, Best Test: 30.87%
Epoch: 1400, Loss: 0.0011, Train: 25.55%, Valid: 25.54%, Test: 26.03%, Best Valid: 30.63%, Best Test: 30.87%
Epoch: 1500, Loss: 0.0001, Train: 25.08%, Valid: 24.71%, Test: 25.61%, Best Valid: 30.63%, Best Test: 30.87%
Epoch: 1600, Loss: 0.0000, Train: 25.26%, Valid: 25.23%, Test: 26.07%, Best Valid: 30.63%, Best Test: 30.87%
Epoch: 1700, Loss: 0.0000, Train: 24.27%, Valid: 23.78%, Test: 24.97%, Best Valid: 30.63%, Best Test: 30.87%
Epoch: 1800, Loss: 0.1430, Train: 26.11%, Valid: 26.11%, Test: 27.06%, Best Valid: 30.63%, Best Test: 30.87%
Epoch: 1900, Loss: 0.0000, Train: 28.81%, Valid: 28.33%, Test: 29.81%, Best Valid: 30.63%, Best Test: 30.87%
Epoch: 2000, Loss: 0.0000, Train: 29.77%, Valid: 29.48%, Test: 30.89%, Best Valid: 30.63%, Best Test: 30.87%
Epoch: 2100, Loss: 0.0015, Train: 25.44%, Valid: 24.92%, Test: 25.47%, Best Valid: 35.66%, Best Test: 36.50%
Epoch: 2200, Loss: 0.2425, Train: 27.39%, Valid: 27.31%, Test: 27.71%, Best Valid: 35.66%, Best Test: 36.50%
Epoch: 2300, Loss: 0.0000, Train: 29.72%, Valid: 29.37%, Test: 29.37%, Best Valid: 35.66%, Best Test: 36.50%
Epoch: 2400, Loss: 0.0000, Train: 30.22%, Valid: 30.06%, Test: 30.53%, Best Valid: 35.66%, Best Test: 36.50%
Epoch: 2500, Loss: 0.0000, Train: 26.53%, Valid: 26.28%, Test: 27.04%, Best Valid: 35.66%, Best Test: 36.50%
Run 09:
Highest Train: 35.56
Highest Valid: 35.66
Highest Test: 36.50
Chosen epoch: 2040
Final Train: 35.45
Final Test: 36.50
Label budget: 2/class -> 36 train nodes
Counting co-occurrence on train-train edges (leakage-free estimator)...
Count penalty frozen (0 train-train edges).
Epoch: 00, Loss: 3.8784, Train: 4.92%, Valid: 4.68%, Test: 5.03%, Best Valid: 4.68%, Best Test: 5.03%
Switching Polynormer to global attention phase.
Epoch: 100, Loss: 3.0581, Train: 3.76%, Valid: 3.76%, Test: 3.76%, Best Valid: 29.55%, Best Test: 28.96%
Epoch: 200, Loss: 0.5059, Train: 19.16%, Valid: 19.19%, Test: 19.06%, Best Valid: 29.55%, Best Test: 28.96%
Epoch: 300, Loss: 0.4846, Train: 24.88%, Valid: 25.24%, Test: 24.94%, Best Valid: 29.55%, Best Test: 28.96%
Epoch: 400, Loss: 0.0619, Train: 24.00%, Valid: 24.64%, Test: 23.63%, Best Valid: 29.55%, Best Test: 28.96%
Epoch: 500, Loss: 0.0305, Train: 25.58%, Valid: 25.15%, Test: 25.04%, Best Valid: 29.55%, Best Test: 28.96%
Epoch: 600, Loss: 0.0046, Train: 24.84%, Valid: 24.84%, Test: 23.83%, Best Valid: 29.55%, Best Test: 28.96%
Epoch: 700, Loss: 0.0002, Train: 22.82%, Valid: 22.88%, Test: 21.81%, Best Valid: 29.55%, Best Test: 28.96%
Epoch: 800, Loss: 0.0000, Train: 25.30%, Valid: 25.44%, Test: 24.57%, Best Valid: 29.55%, Best Test: 28.96%
Epoch: 900, Loss: 0.0002, Train: 24.39%, Valid: 24.87%, Test: 23.84%, Best Valid: 29.55%, Best Test: 28.96%
Epoch: 1000, Loss: 0.0065, Train: 22.40%, Valid: 23.39%, Test: 22.29%, Best Valid: 29.55%, Best Test: 28.96%
Epoch: 1100, Loss: 0.0000, Train: 23.22%, Valid: 24.61%, Test: 23.26%, Best Valid: 29.55%, Best Test: 28.96%
Epoch: 1200, Loss: 0.0898, Train: 23.17%, Valid: 23.65%, Test: 22.96%, Best Valid: 29.55%, Best Test: 28.96%
Epoch: 1300, Loss: 0.0002, Train: 23.71%, Valid: 23.65%, Test: 22.91%, Best Valid: 29.55%, Best Test: 28.96%
Epoch: 1400, Loss: 0.0000, Train: 24.92%, Valid: 25.74%, Test: 25.04%, Best Valid: 29.55%, Best Test: 28.96%
Epoch: 1500, Loss: 0.0000, Train: 23.31%, Valid: 23.50%, Test: 23.19%, Best Valid: 29.55%, Best Test: 28.96%
Epoch: 1600, Loss: 0.1210, Train: 25.04%, Valid: 25.68%, Test: 24.94%, Best Valid: 29.55%, Best Test: 28.96%
Epoch: 1700, Loss: 0.0447, Train: 23.78%, Valid: 23.57%, Test: 23.54%, Best Valid: 29.55%, Best Test: 28.96%
Epoch: 1800, Loss: 0.0000, Train: 19.87%, Valid: 19.66%, Test: 19.24%, Best Valid: 29.55%, Best Test: 28.96%
Epoch: 1900, Loss: 0.0000, Train: 22.25%, Valid: 22.35%, Test: 22.04%, Best Valid: 29.55%, Best Test: 28.96%
Epoch: 2000, Loss: 0.0000, Train: 23.78%, Valid: 24.29%, Test: 23.01%, Best Valid: 29.55%, Best Test: 28.96%
Epoch: 2100, Loss: 0.0004, Train: 27.61%, Valid: 27.59%, Test: 27.41%, Best Valid: 29.55%, Best Test: 28.96%
Epoch: 2200, Loss: 0.0000, Train: 26.20%, Valid: 26.65%, Test: 25.70%, Best Valid: 29.55%, Best Test: 28.96%
Epoch: 2300, Loss: 0.0270, Train: 21.53%, Valid: 22.42%, Test: 21.78%, Best Valid: 29.55%, Best Test: 28.96%
Epoch: 2400, Loss: 0.0002, Train: 22.83%, Valid: 23.72%, Test: 23.12%, Best Valid: 29.55%, Best Test: 28.96%
Epoch: 2500, Loss: 0.0040, Train: 26.42%, Valid: 27.01%, Test: 26.17%, Best Valid: 29.55%, Best Test: 28.96%
Run 10:
Highest Train: 29.11
Highest Valid: 29.55
Highest Test: 28.96
Chosen epoch: 24
Final Train: 29.11
Final Test: 28.96
All runs:
Highest Train: 30.25 ± 3.68
Highest Test: 30.21 ± 3.84
Highest Valid: 29.99 ± 3.38
  Final Train: 30.04 ± 3.55
   Final Test: 29.76 ± 3.56
Saving results to ../results/lowlabel/roman-empire/polynormer.csv
--- count_reg | lambda=0.1 ---
Namespace(aggregate='add', alpha=0.5, attention='gcn', beta=0.5, bn=False, budget_tag='2', count_reg=True, count_smoothing=1.0, cpu=False, data_dir='../data/', dataset='roman-empire', device=0, dim_inner=64, display_step=100, dropout=0.3, epochs=500, global_dropout=0.5, global_epochs=2500, global_layers=2, gnn='gcn', graph_weight=0.8, hidden_channels=64, hops=10, in_dropout=0.15, jk=False, label_num_per_class=20, lambda_val=0.1, layers=1, ln=False, local_epochs=100, local_gnn_type='GCN', local_layers=10, lr=0.001, metric='acc', mlp_epochs=500, mlp_reg=False, model='polynormer', model_dir='models/lowlabel_1178246_376', n_heads=8, num_centroids=4096, num_heads=8, oracle_reg=False, paired_seeds=True, pe_types='RWSE', penalty_transform='none', pre_linear=False, pre_ln=False, rand_split=False, rand_split_class=False, reg_start_epoch=10, reg_update_freq=5, res=False, resample_split_per_run=False, result_dir='../results/lowlabel', runs=10, save_model=True, save_result=False, seed=42, test_num=1000, tr_dropout=None, tr_layers=1, tr_weight_decay=None, train_per_class=2, train_prop=0.5, use_act=False, use_bn=False, use_graph=False, use_reg=True, use_residual=False, use_weight=False, valid_num=500, valid_per_class=0, valid_prop=0.25, weight_decay=0.0)
roman-empire
dataset roman-empire | num nodes 22662 | num edge 32927 | num node feats 300 | num classes 18
MODEL: Polynormer(
  (h_lins): ModuleList(
    (0): Linear(in_features=512, out_features=512, bias=True)
    (1): Linear(in_features=512, out_features=512, bias=True)
    (2): Linear(in_features=512, out_features=512, bias=True)
    (3): Linear(in_features=512, out_features=512, bias=True)
    (4): Linear(in_features=512, out_features=512, bias=True)
    (5): Linear(in_features=512, out_features=512, bias=True)
    (6): Linear(in_features=512, out_features=512, bias=True)
    (7): Linear(in_features=512, out_features=512, bias=True)
    (8): Linear(in_features=512, out_features=512, bias=True)
    (9): Linear(in_features=512, out_features=512, bias=True)
  )
  (local_convs): ModuleList(
    (0): GATConv(512, 64, heads=8)
    (1): GATConv(512, 64, heads=8)
    (2): GATConv(512, 64, heads=8)
    (3): GATConv(512, 64, heads=8)
    (4): GATConv(512, 64, heads=8)
    (5): GATConv(512, 64, heads=8)
    (6): GATConv(512, 64, heads=8)
    (7): GATConv(512, 64, heads=8)
    (8): GATConv(512, 64, heads=8)
    (9): GATConv(512, 64, heads=8)
  )
  (lins): ModuleList(
    (0): Linear(in_features=512, out_features=512, bias=True)
    (1): Linear(in_features=512, out_features=512, bias=True)
    (2): Linear(in_features=512, out_features=512, bias=True)
    (3): Linear(in_features=512, out_features=512, bias=True)
    (4): Linear(in_features=512, out_features=512, bias=True)
    (5): Linear(in_features=512, out_features=512, bias=True)
    (6): Linear(in_features=512, out_features=512, bias=True)
    (7): Linear(in_features=512, out_features=512, bias=True)
    (8): Linear(in_features=512, out_features=512, bias=True)
    (9): Linear(in_features=512, out_features=512, bias=True)
  )
  (lns): ModuleList(
    (0): LayerNorm((512,), eps=1e-05, elementwise_affine=True)
    (1): LayerNorm((512,), eps=1e-05, elementwise_affine=True)
    (2): LayerNorm((512,), eps=1e-05, elementwise_affine=True)
    (3): LayerNorm((512,), eps=1e-05, elementwise_affine=True)
    (4): LayerNorm((512,), eps=1e-05, elementwise_affine=True)
    (5): LayerNorm((512,), eps=1e-05, elementwise_affine=True)
    (6): LayerNorm((512,), eps=1e-05, elementwise_affine=True)
    (7): LayerNorm((512,), eps=1e-05, elementwise_affine=True)
    (8): LayerNorm((512,), eps=1e-05, elementwise_affine=True)
    (9): LayerNorm((512,), eps=1e-05, elementwise_affine=True)
  )
  (lin_in): Linear(in_features=300, out_features=512, bias=True)
  (ln): LayerNorm((512,), eps=1e-05, elementwise_affine=True)
  (global_attn): GlobalAttn(
    (h_lins): ModuleList(
      (0): Linear(in_features=512, out_features=512, bias=True)
      (1): Linear(in_features=512, out_features=512, bias=True)
    )
    (k_lins): ModuleList(
      (0): Linear(in_features=512, out_features=512, bias=True)
      (1): Linear(in_features=512, out_features=512, bias=True)
    )
    (v_lins): ModuleList(
      (0): Linear(in_features=512, out_features=512, bias=True)
      (1): Linear(in_features=512, out_features=512, bias=True)
    )
    (lns): ModuleList(
      (0): LayerNorm((512,), eps=1e-05, elementwise_affine=True)
      (1): LayerNorm((512,), eps=1e-05, elementwise_affine=True)
    )
    (lin_out): Linear(in_features=512, out_features=512, bias=True)
  )
  (pred_local): Linear(in_features=512, out_features=18, bias=True)
  (pred_global): Linear(in_features=512, out_features=18, bias=True)
)
Label budget: 2/class -> 36 train nodes
Counting co-occurrence on train-train edges (leakage-free estimator)...
Count penalty frozen (0 train-train edges).
Epoch: 00, Loss: 3.7638, Train: 4.05%, Valid: 3.69%, Test: 4.36%, Best Valid: 3.69%, Best Test: 4.36%
Switching Polynormer to global attention phase.
Epoch: 100, Loss: 3.1816, Train: 1.93%, Valid: 2.01%, Test: 2.06%, Best Valid: 28.68%, Best Test: 27.55%
Epoch: 200, Loss: 0.2828, Train: 20.43%, Valid: 19.68%, Test: 19.20%, Best Valid: 28.68%, Best Test: 27.55%
Epoch: 300, Loss: 0.0676, Train: 23.84%, Valid: 23.42%, Test: 23.03%, Best Valid: 28.68%, Best Test: 27.55%
Epoch: 400, Loss: 0.0052, Train: 22.63%, Valid: 21.62%, Test: 21.67%, Best Valid: 28.68%, Best Test: 27.55%
Epoch: 500, Loss: 0.0010, Train: 21.64%, Valid: 21.15%, Test: 20.47%, Best Valid: 28.68%, Best Test: 27.55%
Epoch: 600, Loss: 0.4864, Train: 23.82%, Valid: 23.48%, Test: 22.33%, Best Valid: 28.68%, Best Test: 27.55%
Epoch: 700, Loss: 0.0007, Train: 26.16%, Valid: 25.54%, Test: 25.26%, Best Valid: 28.68%, Best Test: 27.55%
Epoch: 800, Loss: 0.3168, Train: 23.01%, Valid: 22.79%, Test: 21.85%, Best Valid: 29.83%, Best Test: 28.61%
Epoch: 900, Loss: 0.0468, Train: 25.36%, Valid: 24.55%, Test: 23.61%, Best Valid: 29.83%, Best Test: 28.61%
Epoch: 1000, Loss: 0.0023, Train: 28.33%, Valid: 28.17%, Test: 26.30%, Best Valid: 30.68%, Best Test: 29.16%
Epoch: 1100, Loss: 0.0010, Train: 31.43%, Valid: 30.43%, Test: 29.72%, Best Valid: 30.68%, Best Test: 29.16%
Epoch: 1200, Loss: 0.0000, Train: 30.86%, Valid: 29.43%, Test: 28.91%, Best Valid: 30.68%, Best Test: 29.16%
Epoch: 1300, Loss: 0.0000, Train: 27.42%, Valid: 26.62%, Test: 25.86%, Best Valid: 30.68%, Best Test: 29.16%
Epoch: 1400, Loss: 0.0082, Train: 29.59%, Valid: 29.20%, Test: 28.34%, Best Valid: 30.68%, Best Test: 29.16%
Epoch: 1500, Loss: 0.0002, Train: 29.04%, Valid: 28.70%, Test: 27.57%, Best Valid: 30.68%, Best Test: 29.16%
Epoch: 1600, Loss: 0.0252, Train: 26.07%, Valid: 25.44%, Test: 25.33%, Best Valid: 30.68%, Best Test: 29.16%
Epoch: 1700, Loss: 0.0667, Train: 28.42%, Valid: 27.48%, Test: 27.52%, Best Valid: 30.68%, Best Test: 29.16%
Epoch: 1800, Loss: 0.0001, Train: 25.28%, Valid: 25.17%, Test: 23.88%, Best Valid: 30.68%, Best Test: 29.16%
Epoch: 1900, Loss: 0.0000, Train: 26.44%, Valid: 26.00%, Test: 25.63%, Best Valid: 30.68%, Best Test: 29.16%
Epoch: 2000, Loss: 0.0165, Train: 25.67%, Valid: 25.53%, Test: 24.37%, Best Valid: 30.68%, Best Test: 29.16%
Epoch: 2100, Loss: 0.0003, Train: 26.74%, Valid: 25.98%, Test: 25.33%, Best Valid: 30.68%, Best Test: 29.16%
Epoch: 2200, Loss: 0.0000, Train: 27.19%, Valid: 25.91%, Test: 25.93%, Best Valid: 30.68%, Best Test: 29.16%
Epoch: 2300, Loss: 0.1299, Train: 26.37%, Valid: 26.09%, Test: 24.78%, Best Valid: 30.68%, Best Test: 29.16%
Epoch: 2400, Loss: 0.0000, Train: 27.91%, Valid: 27.27%, Test: 26.60%, Best Valid: 30.68%, Best Test: 29.16%
Epoch: 2500, Loss: 0.0000, Train: 27.92%, Valid: 27.48%, Test: 26.76%, Best Valid: 30.68%, Best Test: 29.16%
Run 01:
Highest Train: 31.47
Highest Valid: 30.68
Highest Test: 29.97
Chosen epoch: 975
Final Train: 30.90
Final Test: 29.16
Label budget: 2/class -> 36 train nodes
Counting co-occurrence on train-train edges (leakage-free estimator)...
Count penalty frozen (0 train-train edges).
Epoch: 00, Loss: 4.0412, Train: 4.41%, Valid: 4.40%, Test: 4.61%, Best Valid: 4.40%, Best Test: 4.61%
Switching Polynormer to global attention phase.
Epoch: 100, Loss: 3.1860, Train: 11.04%, Valid: 11.03%, Test: 11.05%, Best Valid: 25.86%, Best Test: 25.64%
Epoch: 200, Loss: 0.2231, Train: 19.31%, Valid: 18.45%, Test: 17.65%, Best Valid: 25.86%, Best Test: 25.64%
Epoch: 300, Loss: 0.0906, Train: 21.07%, Valid: 19.70%, Test: 19.45%, Best Valid: 25.86%, Best Test: 25.64%
Epoch: 400, Loss: 0.0638, Train: 19.65%, Valid: 18.76%, Test: 18.11%, Best Valid: 25.86%, Best Test: 25.64%
Epoch: 500, Loss: 0.5036, Train: 20.65%, Valid: 19.89%, Test: 19.43%, Best Valid: 25.86%, Best Test: 25.64%
Epoch: 600, Loss: 0.0002, Train: 20.78%, Valid: 20.32%, Test: 20.12%, Best Valid: 25.86%, Best Test: 25.64%
Epoch: 700, Loss: 1.2012, Train: 19.87%, Valid: 19.42%, Test: 18.41%, Best Valid: 25.86%, Best Test: 25.64%
Epoch: 800, Loss: 0.0000, Train: 19.39%, Valid: 18.25%, Test: 17.91%, Best Valid: 25.86%, Best Test: 25.64%
Epoch: 900, Loss: 0.0000, Train: 18.19%, Valid: 17.09%, Test: 16.85%, Best Valid: 25.86%, Best Test: 25.64%
Epoch: 1000, Loss: 0.0008, Train: 19.03%, Valid: 18.36%, Test: 18.09%, Best Valid: 25.86%, Best Test: 25.64%
Epoch: 1100, Loss: 0.0000, Train: 20.01%, Valid: 19.12%, Test: 18.67%, Best Valid: 25.86%, Best Test: 25.64%
Epoch: 1200, Loss: 0.0009, Train: 19.04%, Valid: 18.22%, Test: 17.97%, Best Valid: 25.86%, Best Test: 25.64%
Epoch: 1300, Loss: 0.0000, Train: 20.18%, Valid: 19.49%, Test: 19.26%, Best Valid: 25.86%, Best Test: 25.64%
Epoch: 1400, Loss: 0.0000, Train: 20.84%, Valid: 19.91%, Test: 19.52%, Best Valid: 25.86%, Best Test: 25.64%
Epoch: 1500, Loss: 0.1000, Train: 21.81%, Valid: 20.37%, Test: 20.81%, Best Valid: 25.86%, Best Test: 25.64%
Epoch: 1600, Loss: 0.0000, Train: 20.40%, Valid: 20.12%, Test: 19.33%, Best Valid: 25.91%, Best Test: 25.91%
Epoch: 1700, Loss: 0.1509, Train: 20.68%, Valid: 20.04%, Test: 20.08%, Best Valid: 25.91%, Best Test: 25.91%
Epoch: 1800, Loss: 0.0013, Train: 20.24%, Valid: 19.68%, Test: 18.67%, Best Valid: 25.91%, Best Test: 25.91%
Epoch: 1900, Loss: 0.0001, Train: 19.65%, Valid: 19.17%, Test: 19.03%, Best Valid: 25.91%, Best Test: 25.91%
Epoch: 2000, Loss: 0.0000, Train: 18.98%, Valid: 18.46%, Test: 18.11%, Best Valid: 25.91%, Best Test: 25.91%
Epoch: 2100, Loss: 0.3060, Train: 19.57%, Valid: 18.80%, Test: 18.09%, Best Valid: 25.91%, Best Test: 25.91%
Epoch: 2200, Loss: 0.0000, Train: 18.79%, Valid: 17.92%, Test: 17.53%, Best Valid: 25.91%, Best Test: 25.91%
Epoch: 2300, Loss: 1.1803, Train: 20.32%, Valid: 19.42%, Test: 19.15%, Best Valid: 25.91%, Best Test: 25.91%
Epoch: 2400, Loss: 0.0000, Train: 19.56%, Valid: 18.34%, Test: 18.53%, Best Valid: 25.91%, Best Test: 25.91%
Epoch: 2500, Loss: 0.0000, Train: 19.73%, Valid: 18.75%, Test: 18.66%, Best Valid: 25.91%, Best Test: 25.91%
Run 02:
Highest Train: 27.01
Highest Valid: 25.91
Highest Test: 26.01
Chosen epoch: 1526
Final Train: 27.01
Final Test: 25.91
Label budget: 2/class -> 36 train nodes
Counting co-occurrence on train-train edges (leakage-free estimator)...
Count penalty frozen (0 train-train edges).
Epoch: 00, Loss: 3.7680, Train: 5.04%, Valid: 5.67%, Test: 5.24%, Best Valid: 5.67%, Best Test: 5.24%
Switching Polynormer to global attention phase.
Epoch: 100, Loss: 3.1963, Train: 2.10%, Valid: 1.99%, Test: 2.08%, Best Valid: 22.37%, Best Test: 22.91%
Epoch: 200, Loss: 0.1506, Train: 22.76%, Valid: 21.41%, Test: 21.97%, Best Valid: 24.94%, Best Test: 24.59%
Epoch: 300, Loss: 0.0145, Train: 25.38%, Valid: 25.63%, Test: 25.50%, Best Valid: 28.19%, Best Test: 27.27%
Epoch: 400, Loss: 0.0562, Train: 23.22%, Valid: 23.21%, Test: 23.12%, Best Valid: 30.61%, Best Test: 30.11%
Epoch: 500, Loss: 0.1469, Train: 25.32%, Valid: 24.15%, Test: 24.36%, Best Valid: 30.61%, Best Test: 30.11%
Epoch: 600, Loss: 0.0004, Train: 27.76%, Valid: 27.11%, Test: 26.58%, Best Valid: 30.61%, Best Test: 30.11%
Epoch: 700, Loss: 0.2840, Train: 24.57%, Valid: 24.13%, Test: 23.35%, Best Valid: 30.61%, Best Test: 30.11%
Epoch: 800, Loss: 0.0026, Train: 24.01%, Valid: 23.71%, Test: 23.17%, Best Valid: 30.61%, Best Test: 30.11%
Epoch: 900, Loss: 0.0000, Train: 23.42%, Valid: 23.23%, Test: 22.61%, Best Valid: 30.61%, Best Test: 30.11%
Epoch: 1000, Loss: 0.0000, Train: 23.93%, Valid: 23.09%, Test: 23.21%, Best Valid: 30.61%, Best Test: 30.11%
Epoch: 1100, Loss: 0.0001, Train: 25.50%, Valid: 25.03%, Test: 24.96%, Best Valid: 30.61%, Best Test: 30.11%
Epoch: 1200, Loss: 0.0174, Train: 27.16%, Valid: 26.85%, Test: 26.30%, Best Valid: 30.61%, Best Test: 30.11%
Epoch: 1300, Loss: 0.0000, Train: 27.61%, Valid: 26.95%, Test: 26.90%, Best Valid: 30.61%, Best Test: 30.11%
Epoch: 1400, Loss: 5.1378, Train: 20.71%, Valid: 20.44%, Test: 21.00%, Best Valid: 30.61%, Best Test: 30.11%
Epoch: 1500, Loss: 0.0122, Train: 22.32%, Valid: 22.54%, Test: 22.54%, Best Valid: 30.61%, Best Test: 30.11%
Epoch: 1600, Loss: 0.0000, Train: 23.16%, Valid: 23.78%, Test: 23.26%, Best Valid: 30.61%, Best Test: 30.11%
Epoch: 1700, Loss: 0.0000, Train: 23.07%, Valid: 22.86%, Test: 22.64%, Best Valid: 30.61%, Best Test: 30.11%
Epoch: 1800, Loss: 0.5798, Train: 25.12%, Valid: 24.84%, Test: 24.87%, Best Valid: 30.61%, Best Test: 30.11%
Epoch: 1900, Loss: 0.0865, Train: 22.18%, Valid: 21.96%, Test: 22.06%, Best Valid: 30.61%, Best Test: 30.11%
Epoch: 2000, Loss: 0.0000, Train: 22.72%, Valid: 22.24%, Test: 22.89%, Best Valid: 30.61%, Best Test: 30.11%
Epoch: 2100, Loss: 0.2519, Train: 17.87%, Valid: 17.49%, Test: 18.44%, Best Valid: 30.61%, Best Test: 30.11%
Epoch: 2200, Loss: 0.0558, Train: 21.29%, Valid: 21.48%, Test: 21.58%, Best Valid: 30.61%, Best Test: 30.11%
Epoch: 2300, Loss: 0.0206, Train: 20.53%, Valid: 20.79%, Test: 20.97%, Best Valid: 30.61%, Best Test: 30.11%
Epoch: 2400, Loss: 0.0002, Train: 22.84%, Valid: 22.79%, Test: 23.10%, Best Valid: 30.61%, Best Test: 30.11%
Epoch: 2500, Loss: 0.0006, Train: 20.32%, Valid: 20.23%, Test: 20.51%, Best Valid: 30.61%, Best Test: 30.11%
Run 03:
Highest Train: 30.62
Highest Valid: 30.61
Highest Test: 30.11
Chosen epoch: 374
Final Train: 30.62
Final Test: 30.11
Label budget: 2/class -> 36 train nodes
Counting co-occurrence on train-train edges (leakage-free estimator)...
Count penalty frozen (0 train-train edges).
Epoch: 00, Loss: 4.0698, Train: 4.48%, Valid: 4.50%, Test: 4.87%, Best Valid: 4.50%, Best Test: 4.87%
Switching Polynormer to global attention phase.
Epoch: 100, Loss: 3.1685, Train: 5.60%, Valid: 5.56%, Test: 5.49%, Best Valid: 25.37%, Best Test: 24.32%
Epoch: 200, Loss: 0.2637, Train: 22.52%, Valid: 22.97%, Test: 22.38%, Best Valid: 25.37%, Best Test: 24.32%
Epoch: 300, Loss: 0.0239, Train: 20.46%, Valid: 20.83%, Test: 20.54%, Best Valid: 25.37%, Best Test: 24.32%
Epoch: 400, Loss: 0.0171, Train: 20.40%, Valid: 20.64%, Test: 20.58%, Best Valid: 25.98%, Best Test: 24.99%
Epoch: 500, Loss: 0.0120, Train: 17.68%, Valid: 17.71%, Test: 17.61%, Best Valid: 25.98%, Best Test: 24.99%
Epoch: 600, Loss: 0.0203, Train: 24.79%, Valid: 24.96%, Test: 25.50%, Best Valid: 25.98%, Best Test: 24.99%
Epoch: 700, Loss: 0.0636, Train: 18.39%, Valid: 18.61%, Test: 19.03%, Best Valid: 26.07%, Best Test: 26.33%
Epoch: 800, Loss: 0.0000, Train: 20.40%, Valid: 20.64%, Test: 20.49%, Best Valid: 26.07%, Best Test: 26.33%
Epoch: 900, Loss: 0.0000, Train: 20.02%, Valid: 20.53%, Test: 20.21%, Best Valid: 26.07%, Best Test: 26.33%
Epoch: 1000, Loss: 0.0001, Train: 18.95%, Valid: 18.75%, Test: 18.81%, Best Valid: 26.07%, Best Test: 26.33%
Epoch: 1100, Loss: 0.1949, Train: 17.92%, Valid: 18.06%, Test: 17.91%, Best Valid: 26.07%, Best Test: 26.33%
Epoch: 1200, Loss: 0.0002, Train: 15.36%, Valid: 15.13%, Test: 15.23%, Best Valid: 26.07%, Best Test: 26.33%
Epoch: 1300, Loss: 0.0265, Train: 20.16%, Valid: 20.00%, Test: 20.12%, Best Valid: 26.07%, Best Test: 26.33%
Epoch: 1400, Loss: 0.0000, Train: 19.60%, Valid: 19.70%, Test: 20.26%, Best Valid: 26.07%, Best Test: 26.33%
Epoch: 1500, Loss: 0.0362, Train: 18.63%, Valid: 18.92%, Test: 18.32%, Best Valid: 26.07%, Best Test: 26.33%
Epoch: 1600, Loss: 0.2481, Train: 20.64%, Valid: 20.60%, Test: 20.88%, Best Valid: 26.07%, Best Test: 26.33%
Epoch: 1700, Loss: 0.0002, Train: 22.67%, Valid: 22.91%, Test: 23.12%, Best Valid: 26.07%, Best Test: 26.33%
Epoch: 1800, Loss: 0.0000, Train: 20.44%, Valid: 20.41%, Test: 20.60%, Best Valid: 26.07%, Best Test: 26.33%
Epoch: 1900, Loss: 0.0000, Train: 20.97%, Valid: 21.41%, Test: 21.13%, Best Valid: 26.07%, Best Test: 26.33%
Epoch: 2000, Loss: 0.0003, Train: 22.25%, Valid: 22.68%, Test: 22.75%, Best Valid: 26.07%, Best Test: 26.33%
Epoch: 2100, Loss: 0.0169, Train: 18.00%, Valid: 18.13%, Test: 17.97%, Best Valid: 26.07%, Best Test: 26.33%
Epoch: 2200, Loss: 0.0000, Train: 19.31%, Valid: 19.21%, Test: 19.98%, Best Valid: 26.07%, Best Test: 26.33%
Epoch: 2300, Loss: 0.0000, Train: 20.56%, Valid: 21.01%, Test: 21.28%, Best Valid: 26.07%, Best Test: 26.33%
Epoch: 2400, Loss: 0.0000, Train: 17.80%, Valid: 17.32%, Test: 17.98%, Best Valid: 26.07%, Best Test: 26.33%
Epoch: 2500, Loss: 0.0000, Train: 21.20%, Valid: 21.08%, Test: 21.48%, Best Valid: 26.07%, Best Test: 26.33%
Run 04:
Highest Train: 25.75
Highest Valid: 26.07
Highest Test: 26.35
Chosen epoch: 642
Final Train: 24.92
Final Test: 26.33
Label budget: 2/class -> 36 train nodes
Counting co-occurrence on train-train edges (leakage-free estimator)...
Count penalty frozen (2 train-train edges).
Epoch: 00, Loss: 4.0976, Train: 5.87%, Valid: 6.14%, Test: 6.30%, Best Valid: 6.14%, Best Test: 6.30%
Switching Polynormer to global attention phase.
Epoch: 100, Loss: 3.1937, Train: 6.20%, Valid: 6.62%, Test: 6.42%, Best Valid: 29.78%, Best Test: 28.63%
Epoch: 200, Loss: 0.2742, Train: 26.23%, Valid: 24.61%, Test: 25.47%, Best Valid: 31.92%, Best Test: 31.40%
Epoch: 300, Loss: 0.1196, Train: 24.08%, Valid: 23.16%, Test: 22.57%, Best Valid: 31.92%, Best Test: 31.40%
Epoch: 400, Loss: 0.0596, Train: 26.57%, Valid: 25.60%, Test: 25.73%, Best Valid: 31.92%, Best Test: 31.40%
Epoch: 500, Loss: 0.0006, Train: 27.61%, Valid: 26.09%, Test: 26.49%, Best Valid: 31.92%, Best Test: 31.40%
Epoch: 600, Loss: 0.0001, Train: 28.30%, Valid: 26.78%, Test: 26.83%, Best Valid: 31.92%, Best Test: 31.40%
Epoch: 700, Loss: 0.1286, Train: 28.46%, Valid: 27.15%, Test: 27.25%, Best Valid: 31.92%, Best Test: 31.40%
Epoch: 800, Loss: 0.3502, Train: 27.51%, Valid: 26.21%, Test: 26.61%, Best Valid: 31.92%, Best Test: 31.40%
Epoch: 900, Loss: 0.1070, Train: 28.77%, Valid: 27.34%, Test: 27.25%, Best Valid: 31.92%, Best Test: 31.40%
Epoch: 1000, Loss: 0.1581, Train: 28.73%, Valid: 26.60%, Test: 27.11%, Best Valid: 31.92%, Best Test: 31.40%
Epoch: 1100, Loss: 0.0113, Train: 29.39%, Valid: 27.41%, Test: 27.74%, Best Valid: 31.92%, Best Test: 31.40%
Epoch: 1200, Loss: 0.0054, Train: 29.19%, Valid: 27.73%, Test: 28.26%, Best Valid: 31.92%, Best Test: 31.40%
Epoch: 1300, Loss: 0.0000, Train: 30.04%, Valid: 29.59%, Test: 29.46%, Best Valid: 31.92%, Best Test: 31.40%
Epoch: 1400, Loss: 0.0193, Train: 29.01%, Valid: 27.40%, Test: 27.60%, Best Valid: 31.92%, Best Test: 31.40%
Epoch: 1500, Loss: 0.0000, Train: 28.45%, Valid: 26.95%, Test: 27.52%, Best Valid: 31.92%, Best Test: 31.40%
Epoch: 1600, Loss: 0.0003, Train: 27.92%, Valid: 26.50%, Test: 26.72%, Best Valid: 31.92%, Best Test: 31.40%
Epoch: 1700, Loss: 0.0000, Train: 28.00%, Valid: 26.87%, Test: 27.07%, Best Valid: 31.92%, Best Test: 31.40%
Epoch: 1800, Loss: 0.0000, Train: 28.23%, Valid: 26.90%, Test: 27.23%, Best Valid: 31.92%, Best Test: 31.40%
Epoch: 1900, Loss: 0.0709, Train: 30.95%, Valid: 29.02%, Test: 30.04%, Best Valid: 31.92%, Best Test: 31.40%
Epoch: 2000, Loss: 0.0226, Train: 27.13%, Valid: 25.49%, Test: 26.33%, Best Valid: 31.92%, Best Test: 31.40%
Epoch: 2100, Loss: 0.3573, Train: 26.76%, Valid: 25.74%, Test: 25.26%, Best Valid: 32.59%, Best Test: 32.86%
Epoch: 2200, Loss: 0.0000, Train: 28.95%, Valid: 27.87%, Test: 27.89%, Best Valid: 32.59%, Best Test: 32.86%
Epoch: 2300, Loss: 0.3952, Train: 27.16%, Valid: 26.46%, Test: 26.09%, Best Valid: 32.59%, Best Test: 32.86%
Epoch: 2400, Loss: 0.0000, Train: 29.71%, Valid: 28.47%, Test: 28.66%, Best Valid: 32.59%, Best Test: 32.86%
Epoch: 2500, Loss: 0.0000, Train: 28.59%, Valid: 27.45%, Test: 27.97%, Best Valid: 32.59%, Best Test: 32.86%
Run 05:
Highest Train: 33.99
Highest Valid: 32.59
Highest Test: 32.93
Chosen epoch: 2050
Final Train: 33.99
Final Test: 32.86
Label budget: 2/class -> 36 train nodes
Counting co-occurrence on train-train edges (leakage-free estimator)...
Count penalty frozen (2 train-train edges).
Epoch: 00, Loss: 4.0187, Train: 9.33%, Valid: 9.73%, Test: 8.97%, Best Valid: 9.73%, Best Test: 8.97%
Switching Polynormer to global attention phase.
Epoch: 100, Loss: 3.1774, Train: 13.82%, Valid: 13.82%, Test: 13.84%, Best Valid: 29.27%, Best Test: 28.20%
Epoch: 200, Loss: 0.2817, Train: 25.05%, Valid: 25.10%, Test: 24.92%, Best Valid: 29.27%, Best Test: 28.20%
Epoch: 300, Loss: 0.0344, Train: 28.60%, Valid: 29.07%, Test: 28.50%, Best Valid: 29.27%, Best Test: 28.20%
Epoch: 400, Loss: 0.0002, Train: 25.76%, Valid: 25.68%, Test: 26.23%, Best Valid: 30.06%, Best Test: 29.88%
Epoch: 500, Loss: 0.1779, Train: 24.84%, Valid: 25.51%, Test: 26.00%, Best Valid: 30.06%, Best Test: 29.88%
Epoch: 600, Loss: 0.1287, Train: 24.94%, Valid: 24.38%, Test: 25.47%, Best Valid: 30.06%, Best Test: 29.88%
Epoch: 700, Loss: 0.0175, Train: 25.75%, Valid: 25.42%, Test: 25.73%, Best Valid: 30.06%, Best Test: 29.88%
Epoch: 800, Loss: 0.0034, Train: 22.96%, Valid: 22.49%, Test: 22.59%, Best Valid: 30.06%, Best Test: 29.88%
Epoch: 900, Loss: 0.0394, Train: 22.12%, Valid: 21.36%, Test: 22.54%, Best Valid: 30.08%, Best Test: 29.88%
Epoch: 1000, Loss: 0.0076, Train: 21.60%, Valid: 21.17%, Test: 20.88%, Best Valid: 30.08%, Best Test: 29.88%
Epoch: 1100, Loss: 0.0055, Train: 27.19%, Valid: 27.70%, Test: 27.21%, Best Valid: 30.08%, Best Test: 29.88%
Epoch: 1200, Loss: 0.0000, Train: 27.48%, Valid: 28.03%, Test: 27.62%, Best Valid: 30.08%, Best Test: 29.88%
Epoch: 1300, Loss: 0.0000, Train: 27.25%, Valid: 27.77%, Test: 27.46%, Best Valid: 30.08%, Best Test: 29.88%
Epoch: 1400, Loss: 0.0000, Train: 27.12%, Valid: 27.70%, Test: 27.29%, Best Valid: 30.08%, Best Test: 29.88%
Epoch: 1500, Loss: 0.0197, Train: 27.52%, Valid: 27.75%, Test: 27.78%, Best Valid: 30.08%, Best Test: 29.88%
Epoch: 1600, Loss: 0.0000, Train: 27.20%, Valid: 27.56%, Test: 27.04%, Best Valid: 30.08%, Best Test: 29.88%
Epoch: 1700, Loss: 0.2094, Train: 24.21%, Valid: 24.48%, Test: 23.81%, Best Valid: 30.08%, Best Test: 29.88%
Epoch: 1800, Loss: 0.0088, Train: 23.49%, Valid: 23.32%, Test: 23.33%, Best Valid: 30.08%, Best Test: 29.88%
Epoch: 1900, Loss: 0.0000, Train: 24.22%, Valid: 24.13%, Test: 24.51%, Best Valid: 30.08%, Best Test: 29.88%
Epoch: 2000, Loss: 0.0061, Train: 25.38%, Valid: 24.77%, Test: 25.19%, Best Valid: 30.08%, Best Test: 29.88%
Epoch: 2100, Loss: 0.1035, Train: 25.27%, Valid: 25.05%, Test: 25.40%, Best Valid: 30.08%, Best Test: 29.88%
Epoch: 2200, Loss: 0.0007, Train: 24.54%, Valid: 24.68%, Test: 24.69%, Best Valid: 30.08%, Best Test: 29.88%
Epoch: 2300, Loss: 0.0222, Train: 23.17%, Valid: 23.39%, Test: 23.95%, Best Valid: 30.08%, Best Test: 29.88%
Epoch: 2400, Loss: 0.0000, Train: 25.79%, Valid: 25.88%, Test: 25.38%, Best Valid: 30.08%, Best Test: 29.88%
Epoch: 2500, Loss: 0.0000, Train: 26.41%, Valid: 26.50%, Test: 26.33%, Best Valid: 30.08%, Best Test: 29.88%
Run 06:
Highest Train: 29.69
Highest Valid: 30.08
Highest Test: 29.88
Chosen epoch: 866
Final Train: 29.57
Final Test: 29.88
Label budget: 2/class -> 36 train nodes
Counting co-occurrence on train-train edges (leakage-free estimator)...
Count penalty frozen (0 train-train edges).
Epoch: 00, Loss: 4.3016, Train: 5.81%, Valid: 5.07%, Test: 5.84%, Best Valid: 5.07%, Best Test: 5.84%
Switching Polynormer to global attention phase.
Epoch: 100, Loss: 3.2377, Train: 3.43%, Valid: 4.10%, Test: 3.46%, Best Valid: 25.05%, Best Test: 25.45%
Epoch: 200, Loss: 0.3856, Train: 23.25%, Valid: 24.08%, Test: 24.27%, Best Valid: 26.02%, Best Test: 25.17%
Epoch: 300, Loss: 0.5844, Train: 26.26%, Valid: 26.74%, Test: 27.09%, Best Valid: 30.86%, Best Test: 30.99%
Epoch: 400, Loss: 0.0015, Train: 22.33%, Valid: 22.95%, Test: 23.56%, Best Valid: 30.86%, Best Test: 30.99%
Epoch: 500, Loss: 0.0033, Train: 23.34%, Valid: 24.04%, Test: 23.95%, Best Valid: 30.86%, Best Test: 30.99%
Epoch: 600, Loss: 0.0044, Train: 20.26%, Valid: 20.81%, Test: 21.34%, Best Valid: 30.86%, Best Test: 30.99%
Epoch: 700, Loss: 0.0086, Train: 23.63%, Valid: 23.69%, Test: 24.53%, Best Valid: 30.86%, Best Test: 30.99%
Epoch: 800, Loss: 0.0574, Train: 23.26%, Valid: 23.74%, Test: 23.67%, Best Valid: 30.86%, Best Test: 30.99%
Epoch: 900, Loss: 0.0155, Train: 23.64%, Valid: 23.23%, Test: 24.02%, Best Valid: 30.86%, Best Test: 30.99%
Epoch: 1000, Loss: 0.0009, Train: 22.88%, Valid: 22.75%, Test: 23.39%, Best Valid: 30.86%, Best Test: 30.99%
Epoch: 1100, Loss: 0.0000, Train: 20.28%, Valid: 20.53%, Test: 21.07%, Best Valid: 30.86%, Best Test: 30.99%
Epoch: 1200, Loss: 0.2685, Train: 22.52%, Valid: 22.65%, Test: 22.94%, Best Valid: 31.16%, Best Test: 30.67%
Epoch: 1300, Loss: 0.0594, Train: 26.23%, Valid: 26.62%, Test: 27.11%, Best Valid: 31.16%, Best Test: 30.67%
Epoch: 1400, Loss: 0.0061, Train: 26.70%, Valid: 26.65%, Test: 27.82%, Best Valid: 31.16%, Best Test: 30.67%
Epoch: 1500, Loss: 0.0008, Train: 26.10%, Valid: 26.25%, Test: 26.91%, Best Valid: 31.16%, Best Test: 30.67%
Epoch: 1600, Loss: 0.0334, Train: 24.74%, Valid: 25.23%, Test: 25.89%, Best Valid: 31.16%, Best Test: 30.67%
Epoch: 1700, Loss: 0.0000, Train: 22.20%, Valid: 22.26%, Test: 22.94%, Best Valid: 31.16%, Best Test: 30.67%
Epoch: 1800, Loss: 0.0002, Train: 23.18%, Valid: 23.65%, Test: 24.34%, Best Valid: 31.16%, Best Test: 30.67%
Epoch: 1900, Loss: 0.1274, Train: 22.50%, Valid: 22.56%, Test: 23.70%, Best Valid: 31.16%, Best Test: 30.67%
Epoch: 2000, Loss: 0.0000, Train: 22.93%, Valid: 23.48%, Test: 24.18%, Best Valid: 31.16%, Best Test: 30.67%
Epoch: 2100, Loss: 0.0000, Train: 23.29%, Valid: 23.80%, Test: 24.59%, Best Valid: 31.16%, Best Test: 30.67%
Epoch: 2200, Loss: 0.0018, Train: 21.97%, Valid: 22.03%, Test: 22.54%, Best Valid: 31.16%, Best Test: 30.67%
Epoch: 2300, Loss: 0.1305, Train: 21.21%, Valid: 21.64%, Test: 22.17%, Best Valid: 31.16%, Best Test: 30.67%
Epoch: 2400, Loss: 0.0198, Train: 20.27%, Valid: 20.42%, Test: 20.68%, Best Valid: 31.16%, Best Test: 30.67%
Epoch: 2500, Loss: 0.2939, Train: 25.41%, Valid: 26.57%, Test: 26.03%, Best Valid: 31.16%, Best Test: 30.67%
Run 07:
Highest Train: 30.29
Highest Valid: 31.16
Highest Test: 31.31
Chosen epoch: 1136
Final Train: 30.29
Final Test: 30.67
Label budget: 2/class -> 36 train nodes
Counting co-occurrence on train-train edges (leakage-free estimator)...
Count penalty frozen (0 train-train edges).
Epoch: 00, Loss: 4.1368, Train: 6.27%, Valid: 6.69%, Test: 5.91%, Best Valid: 6.69%, Best Test: 5.91%
Switching Polynormer to global attention phase.
Epoch: 100, Loss: 3.1673, Train: 6.57%, Valid: 6.53%, Test: 6.94%, Best Valid: 31.74%, Best Test: 32.35%
Epoch: 200, Loss: 0.4009, Train: 29.25%, Valid: 28.38%, Test: 28.87%, Best Valid: 31.74%, Best Test: 32.35%
Epoch: 300, Loss: 0.0008, Train: 30.47%, Valid: 29.85%, Test: 30.04%, Best Valid: 33.65%, Best Test: 34.15%
Epoch: 400, Loss: 0.0257, Train: 26.93%, Valid: 26.48%, Test: 26.56%, Best Valid: 33.65%, Best Test: 34.15%
Epoch: 500, Loss: 0.0001, Train: 31.70%, Valid: 30.98%, Test: 31.57%, Best Valid: 33.65%, Best Test: 34.15%
Epoch: 600, Loss: 0.0594, Train: 31.22%, Valid: 30.45%, Test: 31.01%, Best Valid: 33.65%, Best Test: 34.15%
Epoch: 700, Loss: 0.0000, Train: 30.06%, Valid: 30.26%, Test: 30.07%, Best Valid: 33.65%, Best Test: 34.15%
Epoch: 800, Loss: 0.0047, Train: 21.68%, Valid: 21.36%, Test: 21.69%, Best Valid: 33.65%, Best Test: 34.15%
Epoch: 900, Loss: 0.7324, Train: 31.72%, Valid: 30.52%, Test: 31.15%, Best Valid: 33.65%, Best Test: 34.15%
Epoch: 1000, Loss: 0.0017, Train: 30.39%, Valid: 29.55%, Test: 30.50%, Best Valid: 33.65%, Best Test: 34.15%
Epoch: 1100, Loss: 0.0033, Train: 27.31%, Valid: 26.71%, Test: 26.97%, Best Valid: 33.65%, Best Test: 34.15%
Epoch: 1200, Loss: 0.0010, Train: 30.56%, Valid: 30.86%, Test: 30.85%, Best Valid: 33.65%, Best Test: 34.15%
Epoch: 1300, Loss: 0.0000, Train: 29.65%, Valid: 29.59%, Test: 29.63%, Best Valid: 33.65%, Best Test: 34.15%
Epoch: 1400, Loss: 0.0000, Train: 27.77%, Valid: 27.59%, Test: 27.43%, Best Valid: 33.65%, Best Test: 34.15%
Epoch: 1500, Loss: 0.1891, Train: 28.06%, Valid: 27.61%, Test: 28.06%, Best Valid: 33.65%, Best Test: 34.15%
Epoch: 1600, Loss: 0.0001, Train: 29.15%, Valid: 28.93%, Test: 29.05%, Best Valid: 33.65%, Best Test: 34.15%
Epoch: 1700, Loss: 0.0000, Train: 29.93%, Valid: 29.55%, Test: 29.92%, Best Valid: 33.65%, Best Test: 34.15%
Epoch: 1800, Loss: 0.0000, Train: 29.85%, Valid: 29.41%, Test: 30.11%, Best Valid: 33.65%, Best Test: 34.15%
Epoch: 1900, Loss: 0.0042, Train: 29.72%, Valid: 29.11%, Test: 30.20%, Best Valid: 33.65%, Best Test: 34.15%
Epoch: 2000, Loss: 0.0006, Train: 26.48%, Valid: 25.40%, Test: 25.61%, Best Valid: 33.65%, Best Test: 34.15%
Epoch: 2100, Loss: 0.0098, Train: 25.69%, Valid: 25.56%, Test: 25.96%, Best Valid: 33.65%, Best Test: 34.15%
Epoch: 2200, Loss: 0.3942, Train: 29.70%, Valid: 29.27%, Test: 30.11%, Best Valid: 33.65%, Best Test: 34.15%
Epoch: 2300, Loss: 0.1739, Train: 29.89%, Valid: 29.90%, Test: 30.11%, Best Valid: 33.65%, Best Test: 34.15%
Epoch: 2400, Loss: 0.0000, Train: 28.17%, Valid: 28.16%, Test: 28.31%, Best Valid: 33.65%, Best Test: 34.15%
Epoch: 2500, Loss: 0.0317, Train: 29.10%, Valid: 27.82%, Test: 28.94%, Best Valid: 33.65%, Best Test: 34.15%
Run 08:
Highest Train: 34.24
Highest Valid: 33.65
Highest Test: 34.15
Chosen epoch: 218
Final Train: 34.24
Final Test: 34.15
Label budget: 2/class -> 36 train nodes
Counting co-occurrence on train-train edges (leakage-free estimator)...
Count penalty frozen (0 train-train edges).
Epoch: 00, Loss: 3.8648, Train: 7.16%, Valid: 7.17%, Test: 7.13%, Best Valid: 7.17%, Best Test: 7.13%
Switching Polynormer to global attention phase.
Epoch: 100, Loss: 3.2138, Train: 3.19%, Valid: 3.16%, Test: 3.16%, Best Valid: 26.34%, Best Test: 26.37%
Epoch: 200, Loss: 0.6073, Train: 21.50%, Valid: 20.92%, Test: 21.97%, Best Valid: 26.34%, Best Test: 26.37%
Epoch: 300, Loss: 0.2681, Train: 24.03%, Valid: 24.25%, Test: 23.99%, Best Valid: 26.34%, Best Test: 26.37%
Epoch: 400, Loss: 0.2847, Train: 20.59%, Valid: 19.96%, Test: 19.98%, Best Valid: 26.34%, Best Test: 26.37%
Epoch: 500, Loss: 0.2032, Train: 22.59%, Valid: 22.45%, Test: 23.84%, Best Valid: 26.34%, Best Test: 26.37%
Epoch: 600, Loss: 0.0105, Train: 26.57%, Valid: 26.69%, Test: 27.23%, Best Valid: 27.52%, Best Test: 27.37%
Epoch: 700, Loss: 0.0003, Train: 27.87%, Valid: 28.05%, Test: 28.26%, Best Valid: 28.79%, Best Test: 29.00%
Epoch: 800, Loss: 0.0000, Train: 27.38%, Valid: 27.11%, Test: 27.00%, Best Valid: 28.79%, Best Test: 29.00%
Epoch: 900, Loss: 0.1313, Train: 26.89%, Valid: 26.80%, Test: 26.90%, Best Valid: 28.79%, Best Test: 29.00%
Epoch: 1000, Loss: 0.0427, Train: 25.06%, Valid: 25.07%, Test: 25.29%, Best Valid: 28.79%, Best Test: 29.00%
Epoch: 1100, Loss: 0.6259, Train: 24.01%, Valid: 24.17%, Test: 24.96%, Best Valid: 28.79%, Best Test: 29.00%
Epoch: 1200, Loss: 0.4208, Train: 21.60%, Valid: 22.31%, Test: 22.70%, Best Valid: 28.79%, Best Test: 29.00%
Epoch: 1300, Loss: 0.0032, Train: 20.24%, Valid: 20.11%, Test: 20.37%, Best Valid: 28.79%, Best Test: 29.00%
Epoch: 1400, Loss: 0.1571, Train: 24.27%, Valid: 24.04%, Test: 23.86%, Best Valid: 28.79%, Best Test: 29.00%
Epoch: 1500, Loss: 0.0001, Train: 25.32%, Valid: 25.24%, Test: 25.17%, Best Valid: 28.79%, Best Test: 29.00%
Epoch: 1600, Loss: 0.0000, Train: 25.26%, Valid: 25.17%, Test: 25.27%, Best Valid: 28.79%, Best Test: 29.00%
Epoch: 1700, Loss: 0.0000, Train: 26.11%, Valid: 26.69%, Test: 26.30%, Best Valid: 28.79%, Best Test: 29.00%
Epoch: 1800, Loss: 0.0001, Train: 24.90%, Valid: 24.40%, Test: 24.76%, Best Valid: 28.79%, Best Test: 29.00%
Epoch: 1900, Loss: 0.1405, Train: 21.25%, Valid: 21.02%, Test: 21.16%, Best Valid: 28.79%, Best Test: 29.00%
Epoch: 2000, Loss: 0.0000, Train: 23.65%, Valid: 23.18%, Test: 24.29%, Best Valid: 28.79%, Best Test: 29.00%
Epoch: 2100, Loss: 0.0000, Train: 23.84%, Valid: 23.09%, Test: 24.81%, Best Valid: 28.79%, Best Test: 29.00%
Epoch: 2200, Loss: 0.0000, Train: 24.32%, Valid: 23.44%, Test: 24.71%, Best Valid: 28.79%, Best Test: 29.00%
Epoch: 2300, Loss: 0.0001, Train: 24.28%, Valid: 23.44%, Test: 24.81%, Best Valid: 28.79%, Best Test: 29.00%
Epoch: 2400, Loss: 0.0000, Train: 21.64%, Valid: 21.45%, Test: 23.03%, Best Valid: 28.79%, Best Test: 29.00%
Epoch: 2500, Loss: 0.0000, Train: 22.62%, Valid: 22.51%, Test: 23.58%, Best Valid: 28.79%, Best Test: 29.00%
Run 09:
Highest Train: 28.63
Highest Valid: 28.79
Highest Test: 29.10
Chosen epoch: 679
Final Train: 28.63
Final Test: 29.00
Label budget: 2/class -> 36 train nodes
Counting co-occurrence on train-train edges (leakage-free estimator)...
Count penalty frozen (0 train-train edges).
Epoch: 00, Loss: 4.0631, Train: 4.91%, Valid: 4.68%, Test: 5.03%, Best Valid: 4.68%, Best Test: 5.03%
Switching Polynormer to global attention phase.
Epoch: 100, Loss: 3.1592, Train: 3.76%, Valid: 3.76%, Test: 3.76%, Best Valid: 29.74%, Best Test: 29.37%
Epoch: 200, Loss: 0.0535, Train: 23.29%, Valid: 23.58%, Test: 23.35%, Best Valid: 29.76%, Best Test: 28.79%
Epoch: 300, Loss: 0.0043, Train: 25.28%, Valid: 25.49%, Test: 25.17%, Best Valid: 29.76%, Best Test: 28.79%
Epoch: 400, Loss: 0.0001, Train: 28.05%, Valid: 28.74%, Test: 27.60%, Best Valid: 29.76%, Best Test: 28.79%
Epoch: 500, Loss: 0.0001, Train: 27.58%, Valid: 28.38%, Test: 27.41%, Best Valid: 29.76%, Best Test: 28.79%
Epoch: 600, Loss: 0.0037, Train: 25.97%, Valid: 26.62%, Test: 26.14%, Best Valid: 30.27%, Best Test: 28.61%
Epoch: 700, Loss: 0.0000, Train: 26.45%, Valid: 27.57%, Test: 26.63%, Best Valid: 30.27%, Best Test: 28.61%
Epoch: 800, Loss: 0.0007, Train: 26.78%, Valid: 28.03%, Test: 27.74%, Best Valid: 30.43%, Best Test: 29.74%
Epoch: 900, Loss: 0.0000, Train: 27.65%, Valid: 29.00%, Test: 27.57%, Best Valid: 30.43%, Best Test: 29.74%
Epoch: 1000, Loss: 0.0005, Train: 25.63%, Valid: 26.16%, Test: 25.41%, Best Valid: 30.43%, Best Test: 29.74%
Epoch: 1100, Loss: 0.0961, Train: 23.17%, Valid: 23.95%, Test: 23.35%, Best Valid: 30.43%, Best Test: 29.74%
Epoch: 1200, Loss: 0.0003, Train: 22.60%, Valid: 22.89%, Test: 22.66%, Best Valid: 30.43%, Best Test: 29.74%
Epoch: 1300, Loss: 0.0002, Train: 26.12%, Valid: 26.35%, Test: 25.94%, Best Valid: 30.43%, Best Test: 29.74%
Epoch: 1400, Loss: 0.0776, Train: 27.87%, Valid: 28.46%, Test: 27.69%, Best Valid: 30.43%, Best Test: 29.74%
Epoch: 1500, Loss: 0.0274, Train: 25.88%, Valid: 26.43%, Test: 26.12%, Best Valid: 30.43%, Best Test: 29.74%
Epoch: 1600, Loss: 0.0011, Train: 26.63%, Valid: 27.71%, Test: 26.39%, Best Valid: 30.43%, Best Test: 29.74%
Epoch: 1700, Loss: 0.0000, Train: 26.76%, Valid: 27.80%, Test: 27.21%, Best Valid: 30.43%, Best Test: 29.74%
Epoch: 1800, Loss: 0.0051, Train: 27.65%, Valid: 28.63%, Test: 27.27%, Best Valid: 30.43%, Best Test: 29.74%
Epoch: 1900, Loss: 0.0284, Train: 26.19%, Valid: 26.99%, Test: 26.16%, Best Valid: 30.43%, Best Test: 29.74%
Epoch: 2000, Loss: 0.0018, Train: 25.16%, Valid: 25.38%, Test: 24.62%, Best Valid: 30.43%, Best Test: 29.74%
Epoch: 2100, Loss: 0.0174, Train: 26.14%, Valid: 26.57%, Test: 26.00%, Best Valid: 30.43%, Best Test: 29.74%
Epoch: 2200, Loss: 0.0006, Train: 26.10%, Valid: 26.57%, Test: 25.91%, Best Valid: 30.43%, Best Test: 29.74%
Epoch: 2300, Loss: 0.0000, Train: 26.41%, Valid: 26.74%, Test: 26.31%, Best Valid: 30.43%, Best Test: 29.74%
Epoch: 2400, Loss: 0.0000, Train: 26.31%, Valid: 27.10%, Test: 26.31%, Best Valid: 30.43%, Best Test: 29.74%
Epoch: 2500, Loss: 0.0000, Train: 26.44%, Valid: 26.99%, Test: 26.19%, Best Valid: 30.43%, Best Test: 29.74%
Run 10:
Highest Train: 29.79
Highest Valid: 30.43
Highest Test: 29.74
Chosen epoch: 751
Final Train: 29.79
Final Test: 29.74
All runs:
Highest Train: 30.15 ± 2.69
Highest Test: 29.96 ± 2.53
Highest Valid: 30.00 ± 2.49
  Final Train: 30.00 ± 2.83
   Final Test: 29.78 ± 2.53
Saving results to ../results/lowlabel/roman-empire/polynormer.csv
--- count_reg | lambda=0.2 ---
Namespace(aggregate='add', alpha=0.5, attention='gcn', beta=0.5, bn=False, budget_tag='2', count_reg=True, count_smoothing=1.0, cpu=False, data_dir='../data/', dataset='roman-empire', device=0, dim_inner=64, display_step=100, dropout=0.3, epochs=500, global_dropout=0.5, global_epochs=2500, global_layers=2, gnn='gcn', graph_weight=0.8, hidden_channels=64, hops=10, in_dropout=0.15, jk=False, label_num_per_class=20, lambda_val=0.2, layers=1, ln=False, local_epochs=100, local_gnn_type='GCN', local_layers=10, lr=0.001, metric='acc', mlp_epochs=500, mlp_reg=False, model='polynormer', model_dir='models/lowlabel_1178246_376', n_heads=8, num_centroids=4096, num_heads=8, oracle_reg=False, paired_seeds=True, pe_types='RWSE', penalty_transform='none', pre_linear=False, pre_ln=False, rand_split=False, rand_split_class=False, reg_start_epoch=10, reg_update_freq=5, res=False, resample_split_per_run=False, result_dir='../results/lowlabel', runs=10, save_model=True, save_result=False, seed=42, test_num=1000, tr_dropout=None, tr_layers=1, tr_weight_decay=None, train_per_class=2, train_prop=0.5, use_act=False, use_bn=False, use_graph=False, use_reg=True, use_residual=False, use_weight=False, valid_num=500, valid_per_class=0, valid_prop=0.25, weight_decay=0.0)
roman-empire
dataset roman-empire | num nodes 22662 | num edge 32927 | num node feats 300 | num classes 18
MODEL: Polynormer(
  (h_lins): ModuleList(
    (0): Linear(in_features=512, out_features=512, bias=True)
    (1): Linear(in_features=512, out_features=512, bias=True)
    (2): Linear(in_features=512, out_features=512, bias=True)
    (3): Linear(in_features=512, out_features=512, bias=True)
    (4): Linear(in_features=512, out_features=512, bias=True)
    (5): Linear(in_features=512, out_features=512, bias=True)
    (6): Linear(in_features=512, out_features=512, bias=True)
    (7): Linear(in_features=512, out_features=512, bias=True)
    (8): Linear(in_features=512, out_features=512, bias=True)
    (9): Linear(in_features=512, out_features=512, bias=True)
  )
  (local_convs): ModuleList(
    (0): GATConv(512, 64, heads=8)
    (1): GATConv(512, 64, heads=8)
    (2): GATConv(512, 64, heads=8)
    (3): GATConv(512, 64, heads=8)
    (4): GATConv(512, 64, heads=8)
    (5): GATConv(512, 64, heads=8)
    (6): GATConv(512, 64, heads=8)
    (7): GATConv(512, 64, heads=8)
    (8): GATConv(512, 64, heads=8)
    (9): GATConv(512, 64, heads=8)
  )
  (lins): ModuleList(
    (0): Linear(in_features=512, out_features=512, bias=True)
    (1): Linear(in_features=512, out_features=512, bias=True)
    (2): Linear(in_features=512, out_features=512, bias=True)
    (3): Linear(in_features=512, out_features=512, bias=True)
    (4): Linear(in_features=512, out_features=512, bias=True)
    (5): Linear(in_features=512, out_features=512, bias=True)
    (6): Linear(in_features=512, out_features=512, bias=True)
    (7): Linear(in_features=512, out_features=512, bias=True)
    (8): Linear(in_features=512, out_features=512, bias=True)
    (9): Linear(in_features=512, out_features=512, bias=True)
  )
  (lns): ModuleList(
    (0): LayerNorm((512,), eps=1e-05, elementwise_affine=True)
    (1): LayerNorm((512,), eps=1e-05, elementwise_affine=True)
    (2): LayerNorm((512,), eps=1e-05, elementwise_affine=True)
    (3): LayerNorm((512,), eps=1e-05, elementwise_affine=True)
    (4): LayerNorm((512,), eps=1e-05, elementwise_affine=True)
    (5): LayerNorm((512,), eps=1e-05, elementwise_affine=True)
    (6): LayerNorm((512,), eps=1e-05, elementwise_affine=True)
    (7): LayerNorm((512,), eps=1e-05, elementwise_affine=True)
    (8): LayerNorm((512,), eps=1e-05, elementwise_affine=True)
    (9): LayerNorm((512,), eps=1e-05, elementwise_affine=True)
  )
  (lin_in): Linear(in_features=300, out_features=512, bias=True)
  (ln): LayerNorm((512,), eps=1e-05, elementwise_affine=True)
  (global_attn): GlobalAttn(
    (h_lins): ModuleList(
      (0): Linear(in_features=512, out_features=512, bias=True)
      (1): Linear(in_features=512, out_features=512, bias=True)
    )
    (k_lins): ModuleList(
      (0): Linear(in_features=512, out_features=512, bias=True)
      (1): Linear(in_features=512, out_features=512, bias=True)
    )
    (v_lins): ModuleList(
      (0): Linear(in_features=512, out_features=512, bias=True)
      (1): Linear(in_features=512, out_features=512, bias=True)
    )
    (lns): ModuleList(
      (0): LayerNorm((512,), eps=1e-05, elementwise_affine=True)
      (1): LayerNorm((512,), eps=1e-05, elementwise_affine=True)
    )
    (lin_out): Linear(in_features=512, out_features=512, bias=True)
  )
  (pred_local): Linear(in_features=512, out_features=18, bias=True)
  (pred_global): Linear(in_features=512, out_features=18, bias=True)
)
Label budget: 2/class -> 36 train nodes
Counting co-occurrence on train-train edges (leakage-free estimator)...
Count penalty frozen (0 train-train edges).
Epoch: 00, Loss: 4.1059, Train: 4.04%, Valid: 3.69%, Test: 4.38%, Best Valid: 3.69%, Best Test: 4.38%
Switching Polynormer to global attention phase.
Epoch: 100, Loss: 3.4309, Train: 6.47%, Valid: 6.46%, Test: 6.83%, Best Valid: 28.26%, Best Test: 28.33%
Epoch: 200, Loss: 0.3220, Train: 24.91%, Valid: 25.05%, Test: 24.18%, Best Valid: 28.26%, Best Test: 28.33%
Epoch: 300, Loss: 0.0190, Train: 24.89%, Valid: 23.83%, Test: 23.84%, Best Valid: 28.26%, Best Test: 28.33%
Epoch: 400, Loss: 0.0033, Train: 24.55%, Valid: 23.99%, Test: 24.13%, Best Valid: 28.26%, Best Test: 28.33%
Epoch: 500, Loss: 0.2344, Train: 24.49%, Valid: 24.10%, Test: 23.63%, Best Valid: 28.26%, Best Test: 28.33%
Epoch: 600, Loss: 0.0075, Train: 27.18%, Valid: 26.80%, Test: 25.59%, Best Valid: 28.54%, Best Test: 28.12%
Epoch: 700, Loss: 0.0001, Train: 26.00%, Valid: 25.70%, Test: 24.89%, Best Valid: 29.30%, Best Test: 27.97%
Epoch: 800, Loss: 0.0001, Train: 27.60%, Valid: 27.20%, Test: 27.27%, Best Valid: 29.30%, Best Test: 27.97%
Epoch: 900, Loss: 0.0026, Train: 26.83%, Valid: 26.95%, Test: 26.16%, Best Valid: 29.30%, Best Test: 27.97%
Epoch: 1000, Loss: 0.1075, Train: 27.89%, Valid: 27.94%, Test: 26.97%, Best Valid: 29.30%, Best Test: 27.97%
Epoch: 1100, Loss: 0.2662, Train: 29.60%, Valid: 28.95%, Test: 28.70%, Best Valid: 30.63%, Best Test: 29.97%
Epoch: 1200, Loss: 0.0000, Train: 28.61%, Valid: 28.05%, Test: 27.34%, Best Valid: 30.73%, Best Test: 30.07%
Epoch: 1300, Loss: 0.0001, Train: 29.34%, Valid: 28.93%, Test: 28.52%, Best Valid: 30.73%, Best Test: 30.07%
Epoch: 1400, Loss: 0.0646, Train: 30.81%, Valid: 30.66%, Test: 29.83%, Best Valid: 30.73%, Best Test: 30.07%
Epoch: 1500, Loss: 0.3255, Train: 26.56%, Valid: 25.14%, Test: 25.93%, Best Valid: 31.24%, Best Test: 30.02%
Epoch: 1600, Loss: 0.0050, Train: 23.22%, Valid: 22.91%, Test: 23.03%, Best Valid: 31.24%, Best Test: 30.02%
Epoch: 1700, Loss: 0.0011, Train: 28.44%, Valid: 27.64%, Test: 27.62%, Best Valid: 31.24%, Best Test: 30.02%
Epoch: 1800, Loss: 0.1298, Train: 25.38%, Valid: 24.55%, Test: 24.51%, Best Valid: 31.24%, Best Test: 30.02%
Epoch: 1900, Loss: 0.0004, Train: 26.33%, Valid: 25.72%, Test: 25.52%, Best Valid: 31.24%, Best Test: 30.02%
Epoch: 2000, Loss: 0.0020, Train: 28.40%, Valid: 28.42%, Test: 27.66%, Best Valid: 31.24%, Best Test: 30.02%
Epoch: 2100, Loss: 0.0726, Train: 25.04%, Valid: 24.61%, Test: 24.32%, Best Valid: 31.24%, Best Test: 30.02%
Epoch: 2200, Loss: 0.0000, Train: 26.71%, Valid: 27.10%, Test: 26.05%, Best Valid: 31.24%, Best Test: 30.02%
Epoch: 2300, Loss: 0.0000, Train: 26.42%, Valid: 27.04%, Test: 25.84%, Best Valid: 31.24%, Best Test: 30.02%
Epoch: 2400, Loss: 0.0000, Train: 28.22%, Valid: 28.03%, Test: 27.62%, Best Valid: 31.24%, Best Test: 30.02%
Epoch: 2500, Loss: 0.0001, Train: 28.89%, Valid: 27.84%, Test: 27.07%, Best Valid: 31.24%, Best Test: 30.02%
Run 01:
Highest Train: 31.43
Highest Valid: 31.24
Highest Test: 30.14
Chosen epoch: 1412
Final Train: 31.30
Final Test: 30.02
Label budget: 2/class -> 36 train nodes
Counting co-occurrence on train-train edges (leakage-free estimator)...
Count penalty frozen (0 train-train edges).
Epoch: 00, Loss: 4.4085, Train: 4.47%, Valid: 4.36%, Test: 4.61%, Best Valid: 4.36%, Best Test: 4.61%
Switching Polynormer to global attention phase.
Epoch: 100, Loss: 3.4968, Train: 10.91%, Valid: 10.43%, Test: 10.77%, Best Valid: 25.00%, Best Test: 25.56%
Epoch: 200, Loss: 0.2749, Train: 19.20%, Valid: 18.02%, Test: 17.30%, Best Valid: 25.00%, Best Test: 25.56%
Epoch: 300, Loss: 0.1203, Train: 21.05%, Valid: 20.53%, Test: 19.43%, Best Valid: 25.44%, Best Test: 24.76%
Epoch: 400, Loss: 0.0025, Train: 22.06%, Valid: 20.53%, Test: 19.71%, Best Valid: 25.47%, Best Test: 24.27%
Epoch: 500, Loss: 0.0000, Train: 24.49%, Valid: 23.60%, Test: 23.40%, Best Valid: 27.27%, Best Test: 26.42%
Epoch: 600, Loss: 0.0000, Train: 23.26%, Valid: 22.35%, Test: 21.66%, Best Valid: 27.27%, Best Test: 26.42%
Epoch: 700, Loss: 0.0321, Train: 26.70%, Valid: 25.91%, Test: 25.38%, Best Valid: 27.27%, Best Test: 26.42%
Epoch: 800, Loss: 0.3587, Train: 21.71%, Valid: 20.78%, Test: 20.16%, Best Valid: 28.01%, Best Test: 27.37%
Epoch: 900, Loss: 0.0050, Train: 22.10%, Valid: 20.95%, Test: 21.37%, Best Valid: 28.01%, Best Test: 27.37%
Epoch: 1000, Loss: 0.0000, Train: 23.06%, Valid: 22.40%, Test: 21.94%, Best Valid: 28.01%, Best Test: 27.37%
Epoch: 1100, Loss: 0.0005, Train: 24.51%, Valid: 24.31%, Test: 23.77%, Best Valid: 28.01%, Best Test: 27.37%
Epoch: 1200, Loss: 0.1382, Train: 22.11%, Valid: 20.64%, Test: 21.23%, Best Valid: 28.01%, Best Test: 27.37%
Epoch: 1300, Loss: 0.0013, Train: 24.62%, Valid: 23.62%, Test: 24.14%, Best Valid: 28.01%, Best Test: 27.37%
Epoch: 1400, Loss: 0.1139, Train: 21.89%, Valid: 20.76%, Test: 20.72%, Best Valid: 28.01%, Best Test: 27.37%
Epoch: 1500, Loss: 0.0005, Train: 20.09%, Valid: 19.58%, Test: 19.52%, Best Valid: 28.01%, Best Test: 27.37%
Epoch: 1600, Loss: 0.0000, Train: 21.60%, Valid: 21.18%, Test: 20.63%, Best Valid: 28.01%, Best Test: 27.37%
Epoch: 1700, Loss: 0.0191, Train: 24.60%, Valid: 24.01%, Test: 23.70%, Best Valid: 28.01%, Best Test: 27.37%
Epoch: 1800, Loss: 0.0000, Train: 22.47%, Valid: 21.43%, Test: 21.88%, Best Valid: 28.01%, Best Test: 27.37%
Epoch: 1900, Loss: 0.0008, Train: 22.95%, Valid: 22.37%, Test: 22.45%, Best Valid: 28.01%, Best Test: 27.37%
Epoch: 2000, Loss: 0.0000, Train: 21.49%, Valid: 21.24%, Test: 21.25%, Best Valid: 28.01%, Best Test: 27.37%
Epoch: 2100, Loss: 0.0016, Train: 24.82%, Valid: 24.01%, Test: 24.55%, Best Valid: 28.01%, Best Test: 27.37%
Epoch: 2200, Loss: 0.0003, Train: 20.88%, Valid: 20.62%, Test: 20.51%, Best Valid: 28.01%, Best Test: 27.37%
Epoch: 2300, Loss: 0.0000, Train: 23.72%, Valid: 22.82%, Test: 22.57%, Best Valid: 28.01%, Best Test: 27.37%
Epoch: 2400, Loss: 0.0002, Train: 19.99%, Valid: 19.17%, Test: 18.71%, Best Valid: 28.01%, Best Test: 27.37%
Epoch: 2500, Loss: 0.0000, Train: 21.58%, Valid: 20.55%, Test: 20.24%, Best Valid: 28.01%, Best Test: 27.37%
Run 02:
Highest Train: 28.61
Highest Valid: 28.01
Highest Test: 27.43
Chosen epoch: 772
Final Train: 28.61
Final Test: 27.37
Label budget: 2/class -> 36 train nodes
Counting co-occurrence on train-train edges (leakage-free estimator)...
Count penalty frozen (0 train-train edges).
Epoch: 00, Loss: 4.1105, Train: 5.04%, Valid: 5.67%, Test: 5.24%, Best Valid: 5.67%, Best Test: 5.24%
Switching Polynormer to global attention phase.
Epoch: 100, Loss: 3.5085, Train: 4.77%, Valid: 4.77%, Test: 4.77%, Best Valid: 25.19%, Best Test: 24.48%
Epoch: 200, Loss: 0.8287, Train: 22.59%, Valid: 21.66%, Test: 21.90%, Best Valid: 25.19%, Best Test: 24.48%
Epoch: 300, Loss: 0.0656, Train: 23.27%, Valid: 21.99%, Test: 23.44%, Best Valid: 25.19%, Best Test: 24.48%
Epoch: 400, Loss: 0.1882, Train: 23.24%, Valid: 22.52%, Test: 23.31%, Best Valid: 25.53%, Best Test: 25.82%
Epoch: 500, Loss: 0.0562, Train: 21.63%, Valid: 20.65%, Test: 20.93%, Best Valid: 25.53%, Best Test: 25.82%
Epoch: 600, Loss: 0.0153, Train: 23.25%, Valid: 22.44%, Test: 22.89%, Best Valid: 25.72%, Best Test: 25.87%
Epoch: 700, Loss: 0.0230, Train: 21.16%, Valid: 20.46%, Test: 21.13%, Best Valid: 25.72%, Best Test: 25.87%
Epoch: 800, Loss: 0.0033, Train: 22.95%, Valid: 22.45%, Test: 23.01%, Best Valid: 25.72%, Best Test: 25.87%
Epoch: 900, Loss: 0.0036, Train: 25.27%, Valid: 24.41%, Test: 24.97%, Best Valid: 25.72%, Best Test: 25.87%
Epoch: 1000, Loss: 0.0000, Train: 25.36%, Valid: 24.31%, Test: 25.04%, Best Valid: 26.25%, Best Test: 26.54%
Epoch: 1100, Loss: 0.7229, Train: 15.46%, Valid: 14.39%, Test: 15.20%, Best Valid: 26.25%, Best Test: 26.54%
Epoch: 1200, Loss: 0.2947, Train: 20.47%, Valid: 19.79%, Test: 20.77%, Best Valid: 26.25%, Best Test: 26.54%
Epoch: 1300, Loss: 0.0061, Train: 18.97%, Valid: 18.20%, Test: 18.67%, Best Valid: 26.25%, Best Test: 26.54%
Epoch: 1400, Loss: 0.0000, Train: 23.47%, Valid: 22.35%, Test: 22.79%, Best Valid: 26.25%, Best Test: 26.54%
Epoch: 1500, Loss: 0.0000, Train: 23.12%, Valid: 22.12%, Test: 22.68%, Best Valid: 26.25%, Best Test: 26.54%
Epoch: 1600, Loss: 0.0000, Train: 23.18%, Valid: 22.01%, Test: 22.71%, Best Valid: 26.25%, Best Test: 26.54%
Epoch: 1700, Loss: 0.0000, Train: 23.37%, Valid: 22.10%, Test: 22.89%, Best Valid: 26.25%, Best Test: 26.54%
Epoch: 1800, Loss: 0.0000, Train: 23.34%, Valid: 22.21%, Test: 22.79%, Best Valid: 26.25%, Best Test: 26.54%
Epoch: 1900, Loss: 0.0019, Train: 23.71%, Valid: 22.28%, Test: 22.98%, Best Valid: 26.25%, Best Test: 26.54%
Epoch: 2000, Loss: 0.0000, Train: 23.74%, Valid: 22.37%, Test: 22.98%, Best Valid: 26.25%, Best Test: 26.54%
Epoch: 2100, Loss: 0.0000, Train: 24.09%, Valid: 22.65%, Test: 23.39%, Best Valid: 26.25%, Best Test: 26.54%
Epoch: 2200, Loss: 0.1522, Train: 22.93%, Valid: 22.28%, Test: 22.26%, Best Valid: 26.25%, Best Test: 26.54%
Epoch: 2300, Loss: 0.4339, Train: 22.62%, Valid: 22.75%, Test: 22.87%, Best Valid: 26.25%, Best Test: 26.54%
Epoch: 2400, Loss: 0.0066, Train: 26.79%, Valid: 26.04%, Test: 26.40%, Best Valid: 26.73%, Best Test: 26.69%
Epoch: 2500, Loss: 0.0000, Train: 23.82%, Valid: 23.00%, Test: 23.37%, Best Valid: 27.01%, Best Test: 27.04%
Run 03:
Highest Train: 27.31
Highest Valid: 27.01
Highest Test: 27.04
Chosen epoch: 2429
Final Train: 27.27
Final Test: 27.04
Label budget: 2/class -> 36 train nodes
Counting co-occurrence on train-train edges (leakage-free estimator)...
Count penalty frozen (0 train-train edges).
Epoch: 00, Loss: 4.4398, Train: 4.49%, Valid: 4.50%, Test: 4.87%, Best Valid: 4.50%, Best Test: 4.87%
Switching Polynormer to global attention phase.
Epoch: 100, Loss: 3.4992, Train: 2.54%, Valid: 2.58%, Test: 2.79%, Best Valid: 25.38%, Best Test: 24.43%
Epoch: 200, Loss: 0.5849, Train: 18.44%, Valid: 18.82%, Test: 18.02%, Best Valid: 25.38%, Best Test: 24.43%
Epoch: 300, Loss: 0.6307, Train: 20.92%, Valid: 21.06%, Test: 20.08%, Best Valid: 25.38%, Best Test: 24.43%
Epoch: 400, Loss: 0.0066, Train: 17.91%, Valid: 18.18%, Test: 18.18%, Best Valid: 25.74%, Best Test: 24.48%
Epoch: 500, Loss: 0.0078, Train: 20.63%, Valid: 20.65%, Test: 20.10%, Best Valid: 25.74%, Best Test: 24.48%
Epoch: 600, Loss: 0.1184, Train: 23.71%, Valid: 24.18%, Test: 23.81%, Best Valid: 25.74%, Best Test: 24.48%
Epoch: 700, Loss: 0.1569, Train: 20.92%, Valid: 20.65%, Test: 21.41%, Best Valid: 26.30%, Best Test: 25.82%
Epoch: 800, Loss: 0.0005, Train: 17.46%, Valid: 17.51%, Test: 17.67%, Best Valid: 26.30%, Best Test: 25.82%
Epoch: 900, Loss: 0.0051, Train: 17.93%, Valid: 18.43%, Test: 18.34%, Best Valid: 26.30%, Best Test: 25.82%
Epoch: 1000, Loss: 0.0007, Train: 20.68%, Valid: 21.29%, Test: 20.84%, Best Valid: 26.30%, Best Test: 25.82%
Epoch: 1100, Loss: 0.0000, Train: 21.34%, Valid: 21.22%, Test: 20.67%, Best Valid: 26.30%, Best Test: 25.82%
Epoch: 1200, Loss: 0.0036, Train: 22.06%, Valid: 22.26%, Test: 22.70%, Best Valid: 26.30%, Best Test: 25.82%
Epoch: 1300, Loss: 0.0012, Train: 19.12%, Valid: 18.94%, Test: 19.27%, Best Valid: 26.30%, Best Test: 25.82%
Epoch: 1400, Loss: 0.0002, Train: 22.99%, Valid: 22.28%, Test: 23.49%, Best Valid: 26.30%, Best Test: 25.82%
Epoch: 1500, Loss: 0.0014, Train: 20.47%, Valid: 20.16%, Test: 20.40%, Best Valid: 26.30%, Best Test: 25.82%
Epoch: 1600, Loss: 0.0006, Train: 23.25%, Valid: 23.41%, Test: 23.00%, Best Valid: 26.30%, Best Test: 25.82%
Epoch: 1700, Loss: 0.0001, Train: 20.48%, Valid: 21.17%, Test: 20.86%, Best Valid: 26.30%, Best Test: 25.82%
Epoch: 1800, Loss: 0.0001, Train: 21.89%, Valid: 22.01%, Test: 22.22%, Best Valid: 26.30%, Best Test: 25.82%
Epoch: 1900, Loss: 0.0000, Train: 21.81%, Valid: 21.50%, Test: 21.99%, Best Valid: 26.30%, Best Test: 25.82%
Epoch: 2000, Loss: 0.0002, Train: 21.60%, Valid: 21.85%, Test: 21.81%, Best Valid: 26.30%, Best Test: 25.82%
Epoch: 2100, Loss: 0.0000, Train: 21.54%, Valid: 21.87%, Test: 21.71%, Best Valid: 26.30%, Best Test: 25.82%
Epoch: 2200, Loss: 0.0000, Train: 21.56%, Valid: 21.85%, Test: 21.73%, Best Valid: 26.30%, Best Test: 25.82%
Epoch: 2300, Loss: 0.0042, Train: 18.30%, Valid: 18.66%, Test: 18.87%, Best Valid: 26.30%, Best Test: 25.82%
Epoch: 2400, Loss: 0.2568, Train: 11.98%, Valid: 12.18%, Test: 12.27%, Best Valid: 26.30%, Best Test: 25.82%
Epoch: 2500, Loss: 0.0186, Train: 20.47%, Valid: 20.16%, Test: 19.41%, Best Valid: 26.30%, Best Test: 25.82%
Run 04:
Highest Train: 25.52
Highest Valid: 26.30
Highest Test: 25.82
Chosen epoch: 621
Final Train: 25.52
Final Test: 25.82
Label budget: 2/class -> 36 train nodes
Counting co-occurrence on train-train edges (leakage-free estimator)...
Count penalty frozen (2 train-train edges).
Epoch: 00, Loss: 4.4702, Train: 5.87%, Valid: 6.13%, Test: 6.28%, Best Valid: 6.13%, Best Test: 6.28%
Switching Polynormer to global attention phase.
Epoch: 100, Loss: 3.5418, Train: 13.82%, Valid: 13.82%, Test: 13.84%, Best Valid: 34.83%, Best Test: 34.61%
Epoch: 200, Loss: 0.4347, Train: 28.87%, Valid: 27.66%, Test: 26.83%, Best Valid: 34.83%, Best Test: 34.61%
Epoch: 300, Loss: 0.1620, Train: 26.98%, Valid: 25.91%, Test: 25.40%, Best Valid: 34.83%, Best Test: 34.61%
Epoch: 400, Loss: 0.0069, Train: 30.26%, Valid: 30.04%, Test: 29.39%, Best Valid: 34.83%, Best Test: 34.61%
Epoch: 500, Loss: 0.0175, Train: 31.51%, Valid: 30.41%, Test: 30.18%, Best Valid: 34.83%, Best Test: 34.61%
Epoch: 600, Loss: 0.2785, Train: 33.65%, Valid: 32.96%, Test: 32.86%, Best Valid: 34.83%, Best Test: 34.61%
Epoch: 700, Loss: 0.2310, Train: 29.38%, Valid: 28.35%, Test: 28.19%, Best Valid: 34.83%, Best Test: 34.61%
Epoch: 800, Loss: 0.4756, Train: 29.71%, Valid: 28.72%, Test: 28.33%, Best Valid: 34.83%, Best Test: 34.61%
Epoch: 900, Loss: 0.0157, Train: 29.94%, Valid: 29.06%, Test: 28.63%, Best Valid: 34.83%, Best Test: 34.61%
Epoch: 1000, Loss: 0.0029, Train: 25.04%, Valid: 24.32%, Test: 24.14%, Best Valid: 34.83%, Best Test: 34.61%
Epoch: 1100, Loss: 0.0056, Train: 28.28%, Valid: 27.13%, Test: 27.23%, Best Valid: 34.83%, Best Test: 34.61%
Epoch: 1200, Loss: 0.0629, Train: 31.65%, Valid: 31.33%, Test: 31.13%, Best Valid: 34.83%, Best Test: 34.61%
Epoch: 1300, Loss: 0.0031, Train: 29.70%, Valid: 29.41%, Test: 28.72%, Best Valid: 34.83%, Best Test: 34.61%
Epoch: 1400, Loss: 0.5577, Train: 32.78%, Valid: 32.13%, Test: 31.93%, Best Valid: 34.83%, Best Test: 34.61%
Epoch: 1500, Loss: 0.1706, Train: 31.45%, Valid: 31.10%, Test: 30.87%, Best Valid: 34.83%, Best Test: 34.61%
Epoch: 1600, Loss: 0.0131, Train: 28.74%, Valid: 27.70%, Test: 27.67%, Best Valid: 34.83%, Best Test: 34.61%
Epoch: 1700, Loss: 0.1725, Train: 32.12%, Valid: 31.39%, Test: 31.20%, Best Valid: 34.83%, Best Test: 34.61%
Epoch: 1800, Loss: 0.0000, Train: 30.06%, Valid: 29.36%, Test: 29.33%, Best Valid: 34.83%, Best Test: 34.61%
Epoch: 1900, Loss: 0.0007, Train: 29.83%, Valid: 29.06%, Test: 28.31%, Best Valid: 34.83%, Best Test: 34.61%
Epoch: 2000, Loss: 0.0205, Train: 29.26%, Valid: 28.40%, Test: 28.01%, Best Valid: 34.83%, Best Test: 34.61%
Epoch: 2100, Loss: 0.0000, Train: 29.55%, Valid: 28.79%, Test: 28.26%, Best Valid: 34.83%, Best Test: 34.61%
Epoch: 2200, Loss: 0.1400, Train: 29.77%, Valid: 28.98%, Test: 28.03%, Best Valid: 34.83%, Best Test: 34.61%
Epoch: 2300, Loss: 0.0854, Train: 28.67%, Valid: 28.08%, Test: 27.41%, Best Valid: 34.83%, Best Test: 34.61%
Epoch: 2400, Loss: 0.0005, Train: 29.34%, Valid: 28.90%, Test: 28.03%, Best Valid: 34.83%, Best Test: 34.61%
Epoch: 2500, Loss: 0.0000, Train: 29.63%, Valid: 28.88%, Test: 28.27%, Best Valid: 34.83%, Best Test: 34.61%
Run 05:
Highest Train: 35.95
Highest Valid: 34.83
Highest Test: 34.65
Chosen epoch: 30
Final Train: 35.95
Final Test: 34.61
Label budget: 2/class -> 36 train nodes
Counting co-occurrence on train-train edges (leakage-free estimator)...
Count penalty frozen (2 train-train edges).
Epoch: 00, Loss: 4.3841, Train: 9.35%, Valid: 9.74%, Test: 9.00%, Best Valid: 9.74%, Best Test: 9.00%
Switching Polynormer to global attention phase.
Epoch: 100, Loss: 3.5244, Train: 13.82%, Valid: 13.82%, Test: 13.84%, Best Valid: 29.64%, Best Test: 29.47%
Epoch: 200, Loss: 0.3183, Train: 26.74%, Valid: 26.88%, Test: 26.79%, Best Valid: 29.64%, Best Test: 29.47%
Epoch: 300, Loss: 0.1986, Train: 24.48%, Valid: 24.89%, Test: 24.66%, Best Valid: 29.64%, Best Test: 29.47%
Epoch: 400, Loss: 0.0337, Train: 24.80%, Valid: 25.01%, Test: 25.24%, Best Valid: 29.64%, Best Test: 29.47%
Epoch: 500, Loss: 0.1475, Train: 23.79%, Valid: 23.95%, Test: 23.83%, Best Valid: 29.64%, Best Test: 29.47%
Epoch: 600, Loss: 0.0009, Train: 26.40%, Valid: 26.28%, Test: 26.83%, Best Valid: 29.64%, Best Test: 29.47%
Epoch: 700, Loss: 0.0027, Train: 26.46%, Valid: 26.04%, Test: 26.03%, Best Valid: 29.71%, Best Test: 30.18%
Epoch: 800, Loss: 0.6495, Train: 26.06%, Valid: 26.50%, Test: 26.14%, Best Valid: 29.71%, Best Test: 30.18%
Epoch: 900, Loss: 0.0001, Train: 25.56%, Valid: 25.17%, Test: 25.13%, Best Valid: 29.71%, Best Test: 30.18%
Epoch: 1000, Loss: 0.0178, Train: 25.94%, Valid: 25.88%, Test: 25.80%, Best Valid: 29.71%, Best Test: 30.18%
Epoch: 1100, Loss: 0.0005, Train: 26.96%, Valid: 26.69%, Test: 27.23%, Best Valid: 29.71%, Best Test: 30.18%
Epoch: 1200, Loss: 0.0000, Train: 25.89%, Valid: 25.83%, Test: 25.50%, Best Valid: 29.71%, Best Test: 30.18%
Epoch: 1300, Loss: 0.0001, Train: 26.46%, Valid: 26.48%, Test: 26.65%, Best Valid: 29.71%, Best Test: 30.18%
Epoch: 1400, Loss: 0.0000, Train: 29.63%, Valid: 29.50%, Test: 30.11%, Best Valid: 29.99%, Best Test: 30.22%
Epoch: 1500, Loss: 0.0005, Train: 27.61%, Valid: 27.86%, Test: 28.43%, Best Valid: 30.38%, Best Test: 30.43%
Epoch: 1600, Loss: 0.0000, Train: 28.81%, Valid: 29.13%, Test: 29.54%, Best Valid: 30.38%, Best Test: 30.43%
Epoch: 1700, Loss: 0.0002, Train: 23.39%, Valid: 24.08%, Test: 24.36%, Best Valid: 30.87%, Best Test: 31.33%
Epoch: 1800, Loss: 0.0074, Train: 24.62%, Valid: 24.59%, Test: 25.26%, Best Valid: 30.87%, Best Test: 31.33%
Epoch: 1900, Loss: 0.0000, Train: 27.58%, Valid: 27.64%, Test: 27.96%, Best Valid: 30.87%, Best Test: 31.33%
Epoch: 2000, Loss: 0.0000, Train: 26.30%, Valid: 26.32%, Test: 26.79%, Best Valid: 30.87%, Best Test: 31.33%
Epoch: 2100, Loss: 0.0004, Train: 24.98%, Valid: 25.42%, Test: 25.40%, Best Valid: 30.87%, Best Test: 31.33%
Epoch: 2200, Loss: 0.0000, Train: 24.60%, Valid: 25.07%, Test: 24.67%, Best Valid: 30.87%, Best Test: 31.33%
Epoch: 2300, Loss: 0.0013, Train: 25.44%, Valid: 25.38%, Test: 25.10%, Best Valid: 30.87%, Best Test: 31.33%
Epoch: 2400, Loss: 0.0000, Train: 23.72%, Valid: 23.46%, Test: 24.30%, Best Valid: 30.87%, Best Test: 31.33%
Epoch: 2500, Loss: 0.0001, Train: 23.81%, Valid: 24.02%, Test: 23.61%, Best Valid: 30.87%, Best Test: 31.33%
Run 06:
Highest Train: 31.12
Highest Valid: 30.87
Highest Test: 31.33
Chosen epoch: 1633
Final Train: 31.12
Final Test: 31.33
Label budget: 2/class -> 36 train nodes
Counting co-occurrence on train-train edges (leakage-free estimator)...
Count penalty frozen (0 train-train edges).
Epoch: 00, Loss: 4.6926, Train: 5.81%, Valid: 5.07%, Test: 5.84%, Best Valid: 5.07%, Best Test: 5.84%
Switching Polynormer to global attention phase.
Epoch: 100, Loss: 3.5020, Train: 8.67%, Valid: 9.09%, Test: 8.65%, Best Valid: 25.28%, Best Test: 25.54%
Epoch: 200, Loss: 0.0462, Train: 26.59%, Valid: 26.69%, Test: 26.93%, Best Valid: 26.69%, Best Test: 26.93%
Epoch: 300, Loss: 0.1189, Train: 20.55%, Valid: 21.55%, Test: 21.37%, Best Valid: 26.69%, Best Test: 26.93%
Epoch: 400, Loss: 0.0143, Train: 21.37%, Valid: 22.21%, Test: 21.83%, Best Valid: 26.69%, Best Test: 26.93%
Epoch: 500, Loss: 0.0984, Train: 21.83%, Valid: 22.19%, Test: 21.87%, Best Valid: 26.69%, Best Test: 26.93%
Epoch: 600, Loss: 0.0016, Train: 21.87%, Valid: 21.91%, Test: 21.36%, Best Valid: 26.69%, Best Test: 26.93%
Epoch: 700, Loss: 0.0000, Train: 19.44%, Valid: 19.66%, Test: 19.71%, Best Valid: 26.69%, Best Test: 26.93%
Epoch: 800, Loss: 1.8222, Train: 17.72%, Valid: 17.56%, Test: 18.16%, Best Valid: 26.69%, Best Test: 26.93%
Epoch: 900, Loss: 0.0143, Train: 19.23%, Valid: 19.21%, Test: 19.93%, Best Valid: 26.69%, Best Test: 26.93%
Epoch: 1000, Loss: 0.2693, Train: 19.52%, Valid: 19.77%, Test: 19.89%, Best Valid: 26.69%, Best Test: 26.93%
Epoch: 1100, Loss: 0.0000, Train: 21.88%, Valid: 21.62%, Test: 22.45%, Best Valid: 26.69%, Best Test: 26.93%
Epoch: 1200, Loss: 0.0000, Train: 23.40%, Valid: 23.57%, Test: 23.86%, Best Valid: 26.69%, Best Test: 26.93%
Epoch: 1300, Loss: 0.2545, Train: 22.30%, Valid: 22.42%, Test: 22.47%, Best Valid: 26.69%, Best Test: 26.93%
Epoch: 1400, Loss: 0.0333, Train: 21.30%, Valid: 21.39%, Test: 21.76%, Best Valid: 26.69%, Best Test: 26.93%
Epoch: 1500, Loss: 0.0101, Train: 21.60%, Valid: 21.78%, Test: 21.81%, Best Valid: 26.69%, Best Test: 26.93%
Epoch: 1600, Loss: 0.0000, Train: 20.55%, Valid: 20.60%, Test: 20.74%, Best Valid: 26.69%, Best Test: 26.93%
Epoch: 1700, Loss: 0.0045, Train: 19.08%, Valid: 19.06%, Test: 19.75%, Best Valid: 26.69%, Best Test: 26.93%
Epoch: 1800, Loss: 0.0013, Train: 20.57%, Valid: 20.65%, Test: 20.91%, Best Valid: 26.69%, Best Test: 26.93%
Epoch: 1900, Loss: 0.0003, Train: 18.38%, Valid: 18.48%, Test: 18.64%, Best Valid: 26.69%, Best Test: 26.93%
Epoch: 2000, Loss: 0.0010, Train: 22.84%, Valid: 22.54%, Test: 23.10%, Best Valid: 26.69%, Best Test: 26.93%
Epoch: 2100, Loss: 0.5894, Train: 20.86%, Valid: 20.83%, Test: 20.88%, Best Valid: 26.69%, Best Test: 26.93%
Epoch: 2200, Loss: 0.0000, Train: 19.59%, Valid: 19.82%, Test: 19.64%, Best Valid: 26.69%, Best Test: 26.93%
Epoch: 2300, Loss: 0.0000, Train: 20.46%, Valid: 20.71%, Test: 20.58%, Best Valid: 26.69%, Best Test: 26.93%
Epoch: 2400, Loss: 0.0000, Train: 20.58%, Valid: 20.81%, Test: 20.72%, Best Valid: 26.69%, Best Test: 26.93%
Epoch: 2500, Loss: 0.0000, Train: 20.39%, Valid: 20.60%, Test: 20.65%, Best Valid: 26.69%, Best Test: 26.93%
Run 07:
Highest Train: 26.77
Highest Valid: 26.69
Highest Test: 26.93
Chosen epoch: 200
Final Train: 26.59
Final Test: 26.93
Label budget: 2/class -> 36 train nodes
Counting co-occurrence on train-train edges (leakage-free estimator)...
Count penalty frozen (0 train-train edges).
Epoch: 00, Loss: 4.5129, Train: 6.34%, Valid: 6.65%, Test: 5.95%, Best Valid: 6.65%, Best Test: 5.95%
Switching Polynormer to global attention phase.
Epoch: 100, Loss: 3.4347, Train: 1.89%, Valid: 1.89%, Test: 1.89%, Best Valid: 33.26%, Best Test: 33.96%
Epoch: 200, Loss: 0.4228, Train: 30.35%, Valid: 28.93%, Test: 30.41%, Best Valid: 33.26%, Best Test: 33.96%
Epoch: 300, Loss: 0.4672, Train: 29.85%, Valid: 28.56%, Test: 29.28%, Best Valid: 33.27%, Best Test: 35.16%
Epoch: 400, Loss: 0.0125, Train: 30.50%, Valid: 29.51%, Test: 30.59%, Best Valid: 33.27%, Best Test: 35.16%
Epoch: 500, Loss: 0.2926, Train: 34.34%, Valid: 33.22%, Test: 34.98%, Best Valid: 34.37%, Best Test: 35.28%
Epoch: 600, Loss: 0.0047, Train: 32.49%, Valid: 32.11%, Test: 33.15%, Best Valid: 34.37%, Best Test: 35.28%
Epoch: 700, Loss: 0.1048, Train: 30.38%, Valid: 29.39%, Test: 30.53%, Best Valid: 34.37%, Best Test: 35.28%
Epoch: 800, Loss: 0.0411, Train: 34.16%, Valid: 33.01%, Test: 34.31%, Best Valid: 35.45%, Best Test: 36.07%
Epoch: 900, Loss: 0.0015, Train: 32.11%, Valid: 30.75%, Test: 31.64%, Best Valid: 35.45%, Best Test: 36.07%
Epoch: 1000, Loss: 0.0059, Train: 32.58%, Valid: 31.60%, Test: 32.16%, Best Valid: 35.45%, Best Test: 36.07%
Epoch: 1100, Loss: 0.0000, Train: 31.83%, Valid: 31.39%, Test: 32.02%, Best Valid: 35.45%, Best Test: 36.07%
Epoch: 1200, Loss: 0.0514, Train: 33.20%, Valid: 32.53%, Test: 32.92%, Best Valid: 35.45%, Best Test: 36.07%
Epoch: 1300, Loss: 0.0000, Train: 34.75%, Valid: 34.10%, Test: 34.43%, Best Valid: 35.45%, Best Test: 36.07%
Epoch: 1400, Loss: 0.0031, Train: 33.60%, Valid: 33.43%, Test: 33.23%, Best Valid: 35.45%, Best Test: 36.07%
Epoch: 1500, Loss: 0.4675, Train: 33.73%, Valid: 32.76%, Test: 33.96%, Best Valid: 35.45%, Best Test: 36.07%
Epoch: 1600, Loss: 0.0001, Train: 31.63%, Valid: 30.64%, Test: 32.09%, Best Valid: 35.45%, Best Test: 36.07%
Epoch: 1700, Loss: 0.0212, Train: 31.89%, Valid: 31.53%, Test: 32.53%, Best Valid: 35.45%, Best Test: 36.07%
Epoch: 1800, Loss: 0.0000, Train: 33.26%, Valid: 32.50%, Test: 32.99%, Best Valid: 35.45%, Best Test: 36.07%
Epoch: 1900, Loss: 0.0003, Train: 34.15%, Valid: 33.35%, Test: 33.89%, Best Valid: 35.45%, Best Test: 36.07%
Epoch: 2000, Loss: 0.2505, Train: 21.76%, Valid: 20.90%, Test: 21.53%, Best Valid: 35.45%, Best Test: 36.07%
Epoch: 2100, Loss: 0.0000, Train: 30.62%, Valid: 29.92%, Test: 30.27%, Best Valid: 35.45%, Best Test: 36.07%
Epoch: 2200, Loss: 0.0223, Train: 31.15%, Valid: 30.86%, Test: 31.34%, Best Valid: 35.45%, Best Test: 36.07%
Epoch: 2300, Loss: 0.0000, Train: 31.97%, Valid: 31.12%, Test: 32.62%, Best Valid: 35.45%, Best Test: 36.07%
Epoch: 2400, Loss: 0.0000, Train: 31.61%, Valid: 31.30%, Test: 32.14%, Best Valid: 35.45%, Best Test: 36.07%
Epoch: 2500, Loss: 0.0000, Train: 32.01%, Valid: 31.40%, Test: 32.21%, Best Valid: 35.45%, Best Test: 36.07%
Run 08:
Highest Train: 36.06
Highest Valid: 35.45
Highest Test: 36.23
Chosen epoch: 780
Final Train: 36.01
Final Test: 36.07
Label budget: 2/class -> 36 train nodes
Counting co-occurrence on train-train edges (leakage-free estimator)...
Count penalty frozen (0 train-train edges).
Epoch: 00, Loss: 4.2161, Train: 7.13%, Valid: 7.26%, Test: 7.15%, Best Valid: 7.26%, Best Test: 7.15%
Switching Polynormer to global attention phase.
Epoch: 100, Loss: 3.4959, Train: 2.09%, Valid: 1.92%, Test: 2.03%, Best Valid: 24.55%, Best Test: 25.38%
Epoch: 200, Loss: 0.3674, Train: 22.66%, Valid: 22.61%, Test: 23.23%, Best Valid: 24.62%, Best Test: 25.03%
Epoch: 300, Loss: 0.2382, Train: 23.39%, Valid: 23.28%, Test: 23.90%, Best Valid: 26.50%, Best Test: 26.90%
Epoch: 400, Loss: 0.0523, Train: 27.03%, Valid: 27.15%, Test: 27.21%, Best Valid: 27.15%, Best Test: 27.21%
Epoch: 500, Loss: 0.2868, Train: 23.94%, Valid: 23.57%, Test: 24.16%, Best Valid: 27.78%, Best Test: 28.10%
Epoch: 600, Loss: 0.5162, Train: 24.34%, Valid: 23.58%, Test: 25.41%, Best Valid: 28.46%, Best Test: 28.13%
Epoch: 700, Loss: 0.0001, Train: 23.59%, Valid: 22.72%, Test: 23.40%, Best Valid: 28.46%, Best Test: 28.13%
Epoch: 800, Loss: 0.0000, Train: 22.52%, Valid: 21.69%, Test: 23.16%, Best Valid: 28.46%, Best Test: 28.13%
Epoch: 900, Loss: 0.0001, Train: 23.70%, Valid: 23.00%, Test: 23.90%, Best Valid: 28.46%, Best Test: 28.13%
Epoch: 1000, Loss: 0.0000, Train: 25.88%, Valid: 25.44%, Test: 26.83%, Best Valid: 28.46%, Best Test: 28.13%
Epoch: 1100, Loss: 0.2501, Train: 23.69%, Valid: 23.46%, Test: 24.30%, Best Valid: 28.46%, Best Test: 28.13%
Epoch: 1200, Loss: 0.0023, Train: 27.86%, Valid: 27.94%, Test: 29.12%, Best Valid: 29.13%, Best Test: 30.20%
Epoch: 1300, Loss: 0.0000, Train: 29.01%, Valid: 29.18%, Test: 29.49%, Best Valid: 29.30%, Best Test: 29.44%
Epoch: 1400, Loss: 0.0000, Train: 25.16%, Valid: 24.48%, Test: 26.21%, Best Valid: 30.24%, Best Test: 31.13%
Epoch: 1500, Loss: 0.0001, Train: 25.11%, Valid: 24.68%, Test: 25.94%, Best Valid: 30.24%, Best Test: 31.13%
Epoch: 1600, Loss: 0.0084, Train: 23.22%, Valid: 22.82%, Test: 24.32%, Best Valid: 30.24%, Best Test: 31.13%
Epoch: 1700, Loss: 0.0628, Train: 24.47%, Valid: 24.62%, Test: 25.64%, Best Valid: 30.24%, Best Test: 31.13%
Epoch: 1800, Loss: 0.0000, Train: 24.61%, Valid: 24.64%, Test: 25.71%, Best Valid: 30.24%, Best Test: 31.13%
Epoch: 1900, Loss: 0.1738, Train: 18.99%, Valid: 18.04%, Test: 19.78%, Best Valid: 30.24%, Best Test: 31.13%
Epoch: 2000, Loss: 0.0392, Train: 24.93%, Valid: 24.20%, Test: 25.33%, Best Valid: 30.24%, Best Test: 31.13%
Epoch: 2100, Loss: 0.3325, Train: 22.84%, Valid: 23.20%, Test: 23.76%, Best Valid: 30.24%, Best Test: 31.13%
Epoch: 2200, Loss: 0.0000, Train: 20.47%, Valid: 20.41%, Test: 20.81%, Best Valid: 30.24%, Best Test: 31.13%
Epoch: 2300, Loss: 0.0000, Train: 21.96%, Valid: 21.52%, Test: 22.41%, Best Valid: 30.24%, Best Test: 31.13%
Epoch: 2400, Loss: 0.0000, Train: 25.26%, Valid: 24.96%, Test: 25.47%, Best Valid: 30.24%, Best Test: 31.13%
Epoch: 2500, Loss: 0.0053, Train: 26.80%, Valid: 26.99%, Test: 27.36%, Best Valid: 30.24%, Best Test: 31.13%
Run 09:
Highest Train: 30.31
Highest Valid: 30.24
Highest Test: 31.15
Chosen epoch: 1325
Final Train: 30.25
Final Test: 31.13
Label budget: 2/class -> 36 train nodes
Counting co-occurrence on train-train edges (leakage-free estimator)...
Count penalty frozen (0 train-train edges).
Epoch: 00, Loss: 4.4325, Train: 4.91%, Valid: 4.68%, Test: 5.05%, Best Valid: 4.68%, Best Test: 5.05%
Switching Polynormer to global attention phase.
Epoch: 100, Loss: 3.4857, Train: 3.76%, Valid: 3.76%, Test: 3.76%, Best Valid: 27.38%, Best Test: 26.60%
Epoch: 200, Loss: 0.5855, Train: 24.45%, Valid: 24.36%, Test: 23.24%, Best Valid: 27.38%, Best Test: 26.60%
Epoch: 300, Loss: 0.5244, Train: 28.35%, Valid: 28.42%, Test: 27.96%, Best Valid: 31.10%, Best Test: 30.74%
Epoch: 400, Loss: 0.4353, Train: 24.64%, Valid: 24.50%, Test: 23.99%, Best Valid: 31.10%, Best Test: 30.74%
Epoch: 500, Loss: 0.0825, Train: 30.29%, Valid: 30.50%, Test: 30.02%, Best Valid: 32.62%, Best Test: 32.12%
Epoch: 600, Loss: 0.0056, Train: 24.81%, Valid: 24.43%, Test: 24.04%, Best Valid: 32.62%, Best Test: 32.12%
Epoch: 700, Loss: 0.1460, Train: 27.52%, Valid: 27.80%, Test: 26.93%, Best Valid: 32.62%, Best Test: 32.12%
Epoch: 800, Loss: 0.0232, Train: 29.97%, Valid: 30.24%, Test: 30.16%, Best Valid: 32.62%, Best Test: 32.12%
Epoch: 900, Loss: 0.1589, Train: 26.43%, Valid: 26.53%, Test: 26.23%, Best Valid: 32.62%, Best Test: 32.12%
Epoch: 1000, Loss: 0.0747, Train: 26.30%, Valid: 26.87%, Test: 26.40%, Best Valid: 32.62%, Best Test: 32.12%
Epoch: 1100, Loss: 0.0001, Train: 28.24%, Valid: 29.39%, Test: 27.87%, Best Valid: 33.12%, Best Test: 31.64%
Epoch: 1200, Loss: 0.3005, Train: 27.80%, Valid: 27.50%, Test: 27.73%, Best Valid: 33.12%, Best Test: 31.64%
Epoch: 1300, Loss: 0.0988, Train: 28.91%, Valid: 29.04%, Test: 28.19%, Best Valid: 33.12%, Best Test: 31.64%
Epoch: 1400, Loss: 0.0001, Train: 28.59%, Valid: 29.23%, Test: 28.52%, Best Valid: 33.12%, Best Test: 31.64%
Epoch: 1500, Loss: 0.0000, Train: 29.91%, Valid: 30.34%, Test: 29.46%, Best Valid: 33.12%, Best Test: 31.64%
Epoch: 1600, Loss: 0.0000, Train: 24.98%, Valid: 25.42%, Test: 24.83%, Best Valid: 33.12%, Best Test: 31.64%
Epoch: 1700, Loss: 0.0089, Train: 25.73%, Valid: 26.32%, Test: 24.97%, Best Valid: 33.12%, Best Test: 31.64%
Epoch: 1800, Loss: 0.0022, Train: 25.29%, Valid: 25.98%, Test: 25.11%, Best Valid: 33.12%, Best Test: 31.64%
Epoch: 1900, Loss: 0.0000, Train: 24.84%, Valid: 25.88%, Test: 24.55%, Best Valid: 33.12%, Best Test: 31.64%
Epoch: 2000, Loss: 0.2203, Train: 27.95%, Valid: 28.16%, Test: 27.60%, Best Valid: 33.12%, Best Test: 31.64%
Epoch: 2100, Loss: 0.0356, Train: 27.38%, Valid: 27.89%, Test: 27.18%, Best Valid: 33.12%, Best Test: 31.64%
Epoch: 2200, Loss: 0.0000, Train: 25.32%, Valid: 25.61%, Test: 25.15%, Best Valid: 33.12%, Best Test: 31.64%
Epoch: 2300, Loss: 0.0000, Train: 26.33%, Valid: 25.91%, Test: 25.73%, Best Valid: 33.12%, Best Test: 31.64%
Epoch: 2400, Loss: 0.0000, Train: 26.86%, Valid: 26.95%, Test: 26.56%, Best Valid: 33.12%, Best Test: 31.64%
Epoch: 2500, Loss: 0.0688, Train: 27.38%, Valid: 27.33%, Test: 27.62%, Best Valid: 33.12%, Best Test: 31.64%
Run 10:
Highest Train: 32.60
Highest Valid: 33.12
Highest Test: 32.12
Chosen epoch: 1055
Final Train: 32.07
Final Test: 31.64
All runs:
Highest Train: 30.57 ± 3.63
Highest Test: 30.28 ± 3.49
Highest Valid: 30.38 ± 3.35
  Final Train: 30.47 ± 3.61
   Final Test: 30.20 ± 3.43
Saving results to ../results/lowlabel/roman-empire/polynormer.csv
--- count_reg | lambda=0.4 ---
Namespace(aggregate='add', alpha=0.5, attention='gcn', beta=0.5, bn=False, budget_tag='2', count_reg=True, count_smoothing=1.0, cpu=False, data_dir='../data/', dataset='roman-empire', device=0, dim_inner=64, display_step=100, dropout=0.3, epochs=500, global_dropout=0.5, global_epochs=2500, global_layers=2, gnn='gcn', graph_weight=0.8, hidden_channels=64, hops=10, in_dropout=0.15, jk=False, label_num_per_class=20, lambda_val=0.4, layers=1, ln=False, local_epochs=100, local_gnn_type='GCN', local_layers=10, lr=0.001, metric='acc', mlp_epochs=500, mlp_reg=False, model='polynormer', model_dir='models/lowlabel_1178246_376', n_heads=8, num_centroids=4096, num_heads=8, oracle_reg=False, paired_seeds=True, pe_types='RWSE', penalty_transform='none', pre_linear=False, pre_ln=False, rand_split=False, rand_split_class=False, reg_start_epoch=10, reg_update_freq=5, res=False, resample_split_per_run=False, result_dir='../results/lowlabel', runs=10, save_model=True, save_result=False, seed=42, test_num=1000, tr_dropout=None, tr_layers=1, tr_weight_decay=None, train_per_class=2, train_prop=0.5, use_act=False, use_bn=False, use_graph=False, use_reg=True, use_residual=False, use_weight=False, valid_num=500, valid_per_class=0, valid_prop=0.25, weight_decay=0.0)
roman-empire
dataset roman-empire | num nodes 22662 | num edge 32927 | num node feats 300 | num classes 18
MODEL: Polynormer(
  (h_lins): ModuleList(
    (0): Linear(in_features=512, out_features=512, bias=True)
    (1): Linear(in_features=512, out_features=512, bias=True)
    (2): Linear(in_features=512, out_features=512, bias=True)
    (3): Linear(in_features=512, out_features=512, bias=True)
    (4): Linear(in_features=512, out_features=512, bias=True)
    (5): Linear(in_features=512, out_features=512, bias=True)
    (6): Linear(in_features=512, out_features=512, bias=True)
    (7): Linear(in_features=512, out_features=512, bias=True)
    (8): Linear(in_features=512, out_features=512, bias=True)
    (9): Linear(in_features=512, out_features=512, bias=True)
  )
  (local_convs): ModuleList(
    (0): GATConv(512, 64, heads=8)
    (1): GATConv(512, 64, heads=8)
    (2): GATConv(512, 64, heads=8)
    (3): GATConv(512, 64, heads=8)
    (4): GATConv(512, 64, heads=8)
    (5): GATConv(512, 64, heads=8)
    (6): GATConv(512, 64, heads=8)
    (7): GATConv(512, 64, heads=8)
    (8): GATConv(512, 64, heads=8)
    (9): GATConv(512, 64, heads=8)
  )
  (lins): ModuleList(
    (0): Linear(in_features=512, out_features=512, bias=True)
    (1): Linear(in_features=512, out_features=512, bias=True)
    (2): Linear(in_features=512, out_features=512, bias=True)
    (3): Linear(in_features=512, out_features=512, bias=True)
    (4): Linear(in_features=512, out_features=512, bias=True)
    (5): Linear(in_features=512, out_features=512, bias=True)
    (6): Linear(in_features=512, out_features=512, bias=True)
    (7): Linear(in_features=512, out_features=512, bias=True)
    (8): Linear(in_features=512, out_features=512, bias=True)
    (9): Linear(in_features=512, out_features=512, bias=True)
  )
  (lns): ModuleList(
    (0): LayerNorm((512,), eps=1e-05, elementwise_affine=True)
    (1): LayerNorm((512,), eps=1e-05, elementwise_affine=True)
    (2): LayerNorm((512,), eps=1e-05, elementwise_affine=True)
    (3): LayerNorm((512,), eps=1e-05, elementwise_affine=True)
    (4): LayerNorm((512,), eps=1e-05, elementwise_affine=True)
    (5): LayerNorm((512,), eps=1e-05, elementwise_affine=True)
    (6): LayerNorm((512,), eps=1e-05, elementwise_affine=True)
    (7): LayerNorm((512,), eps=1e-05, elementwise_affine=True)
    (8): LayerNorm((512,), eps=1e-05, elementwise_affine=True)
    (9): LayerNorm((512,), eps=1e-05, elementwise_affine=True)
  )
  (lin_in): Linear(in_features=300, out_features=512, bias=True)
  (ln): LayerNorm((512,), eps=1e-05, elementwise_affine=True)
  (global_attn): GlobalAttn(
    (h_lins): ModuleList(
      (0): Linear(in_features=512, out_features=512, bias=True)
      (1): Linear(in_features=512, out_features=512, bias=True)
    )
    (k_lins): ModuleList(
      (0): Linear(in_features=512, out_features=512, bias=True)
      (1): Linear(in_features=512, out_features=512, bias=True)
    )
    (v_lins): ModuleList(
      (0): Linear(in_features=512, out_features=512, bias=True)
      (1): Linear(in_features=512, out_features=512, bias=True)
    )
    (lns): ModuleList(
      (0): LayerNorm((512,), eps=1e-05, elementwise_affine=True)
      (1): LayerNorm((512,), eps=1e-05, elementwise_affine=True)
    )
    (lin_out): Linear(in_features=512, out_features=512, bias=True)
  )
  (pred_local): Linear(in_features=512, out_features=18, bias=True)
  (pred_global): Linear(in_features=512, out_features=18, bias=True)
)
Label budget: 2/class -> 36 train nodes
Counting co-occurrence on train-train edges (leakage-free estimator)...
Count penalty frozen (0 train-train edges).
Epoch: 00, Loss: 4.7902, Train: 4.04%, Valid: 3.69%, Test: 4.38%, Best Valid: 3.69%, Best Test: 4.38%
Switching Polynormer to global attention phase.
Epoch: 100, Loss: 4.0359, Train: 10.84%, Valid: 10.89%, Test: 10.75%, Best Valid: 27.68%, Best Test: 26.97%
Epoch: 200, Loss: 0.1755, Train: 20.71%, Valid: 20.86%, Test: 18.85%, Best Valid: 27.68%, Best Test: 26.97%
Epoch: 300, Loss: 0.1418, Train: 25.61%, Valid: 25.49%, Test: 24.74%, Best Valid: 27.68%, Best Test: 26.97%
Epoch: 400, Loss: 0.0029, Train: 23.08%, Valid: 22.70%, Test: 22.01%, Best Valid: 27.68%, Best Test: 26.97%
Epoch: 500, Loss: 0.0174, Train: 29.10%, Valid: 29.20%, Test: 28.33%, Best Valid: 30.11%, Best Test: 30.29%
Epoch: 600, Loss: 0.0176, Train: 25.83%, Valid: 26.34%, Test: 25.26%, Best Valid: 30.11%, Best Test: 30.29%
Epoch: 700, Loss: 0.0013, Train: 24.12%, Valid: 24.27%, Test: 23.39%, Best Valid: 30.11%, Best Test: 30.29%
Epoch: 800, Loss: 0.5539, Train: 28.21%, Valid: 28.07%, Test: 26.67%, Best Valid: 30.11%, Best Test: 30.29%
Epoch: 900, Loss: 0.0004, Train: 29.87%, Valid: 29.14%, Test: 28.10%, Best Valid: 30.11%, Best Test: 30.29%
Epoch: 1000, Loss: 0.0867, Train: 28.21%, Valid: 28.65%, Test: 26.79%, Best Valid: 31.03%, Best Test: 29.63%
Epoch: 1100, Loss: 0.0000, Train: 27.35%, Valid: 27.61%, Test: 26.14%, Best Valid: 31.03%, Best Test: 29.63%
Epoch: 1200, Loss: 0.0886, Train: 27.99%, Valid: 27.73%, Test: 27.11%, Best Valid: 31.03%, Best Test: 29.63%
Epoch: 1300, Loss: 0.4072, Train: 28.19%, Valid: 27.93%, Test: 26.31%, Best Valid: 32.87%, Best Test: 32.02%
Epoch: 1400, Loss: 0.0026, Train: 30.15%, Valid: 29.66%, Test: 28.17%, Best Valid: 32.87%, Best Test: 32.02%
Epoch: 1500, Loss: 0.3455, Train: 27.60%, Valid: 27.20%, Test: 25.84%, Best Valid: 32.87%, Best Test: 32.02%
Epoch: 1600, Loss: 0.0000, Train: 26.08%, Valid: 26.16%, Test: 25.49%, Best Valid: 32.87%, Best Test: 32.02%
Epoch: 1700, Loss: 0.0000, Train: 26.44%, Valid: 25.93%, Test: 24.96%, Best Valid: 32.87%, Best Test: 32.02%
Epoch: 1800, Loss: 0.0001, Train: 24.80%, Valid: 24.20%, Test: 23.12%, Best Valid: 32.87%, Best Test: 32.02%
Epoch: 1900, Loss: 0.0000, Train: 26.84%, Valid: 25.91%, Test: 24.92%, Best Valid: 32.87%, Best Test: 32.02%
Epoch: 2000, Loss: 0.0000, Train: 24.33%, Valid: 23.83%, Test: 22.50%, Best Valid: 32.87%, Best Test: 32.02%
Epoch: 2100, Loss: 0.0002, Train: 25.91%, Valid: 25.44%, Test: 24.39%, Best Valid: 32.87%, Best Test: 32.02%
Epoch: 2200, Loss: 0.4566, Train: 27.39%, Valid: 27.17%, Test: 26.26%, Best Valid: 32.87%, Best Test: 32.02%
Epoch: 2300, Loss: 0.0000, Train: 27.80%, Valid: 27.40%, Test: 26.21%, Best Valid: 32.87%, Best Test: 32.02%
Epoch: 2400, Loss: 0.0000, Train: 28.45%, Valid: 28.37%, Test: 27.00%, Best Valid: 32.87%, Best Test: 32.02%
Epoch: 2500, Loss: 0.0000, Train: 26.07%, Valid: 25.45%, Test: 24.97%, Best Valid: 32.87%, Best Test: 32.02%
Run 01:
Highest Train: 33.06
Highest Valid: 32.87
Highest Test: 32.02
Chosen epoch: 1228
Final Train: 33.06
Final Test: 32.02
Label budget: 2/class -> 36 train nodes
Counting co-occurrence on train-train edges (leakage-free estimator)...
Count penalty frozen (0 train-train edges).
Epoch: 00, Loss: 5.1433, Train: 4.46%, Valid: 4.36%, Test: 4.61%, Best Valid: 4.36%, Best Test: 4.61%
Switching Polynormer to global attention phase.
Epoch: 100, Loss: 4.0943, Train: 13.82%, Valid: 13.82%, Test: 13.84%, Best Valid: 23.76%, Best Test: 23.35%
Epoch: 200, Loss: 0.3913, Train: 16.70%, Valid: 15.89%, Test: 15.65%, Best Valid: 23.76%, Best Test: 23.35%
Epoch: 300, Loss: 0.1037, Train: 16.94%, Valid: 15.53%, Test: 15.65%, Best Valid: 23.76%, Best Test: 23.35%
Epoch: 400, Loss: 0.0195, Train: 20.40%, Valid: 19.98%, Test: 19.31%, Best Valid: 23.76%, Best Test: 23.35%
Epoch: 500, Loss: 0.0796, Train: 21.55%, Valid: 20.86%, Test: 19.70%, Best Valid: 23.76%, Best Test: 23.35%
Epoch: 600, Loss: 0.3209, Train: 19.64%, Valid: 19.24%, Test: 18.39%, Best Valid: 23.76%, Best Test: 23.35%
Epoch: 700, Loss: 0.0375, Train: 20.42%, Valid: 19.66%, Test: 18.76%, Best Valid: 23.76%, Best Test: 23.35%
Epoch: 800, Loss: 0.0130, Train: 21.24%, Valid: 20.12%, Test: 19.75%, Best Valid: 23.76%, Best Test: 23.35%
Epoch: 900, Loss: 0.0000, Train: 21.68%, Valid: 20.53%, Test: 19.75%, Best Valid: 23.76%, Best Test: 23.35%
Epoch: 1000, Loss: 0.0010, Train: 20.11%, Valid: 19.63%, Test: 18.87%, Best Valid: 23.76%, Best Test: 23.35%
Epoch: 1100, Loss: 0.0000, Train: 19.65%, Valid: 18.91%, Test: 18.81%, Best Valid: 23.76%, Best Test: 23.35%
Epoch: 1200, Loss: 0.0000, Train: 23.67%, Valid: 23.05%, Test: 22.91%, Best Valid: 23.76%, Best Test: 23.35%
Epoch: 1300, Loss: 0.0000, Train: 24.91%, Valid: 24.01%, Test: 23.83%, Best Valid: 25.38%, Best Test: 25.15%
Epoch: 1400, Loss: 3.6455, Train: 21.83%, Valid: 21.17%, Test: 20.30%, Best Valid: 30.19%, Best Test: 30.36%
Epoch: 1500, Loss: 0.0000, Train: 21.34%, Valid: 20.25%, Test: 20.05%, Best Valid: 30.19%, Best Test: 30.36%
Epoch: 1600, Loss: 0.0006, Train: 17.82%, Valid: 17.23%, Test: 16.75%, Best Valid: 30.19%, Best Test: 30.36%
Epoch: 1700, Loss: 0.0005, Train: 18.90%, Valid: 18.50%, Test: 17.90%, Best Valid: 30.19%, Best Test: 30.36%
Epoch: 1800, Loss: 0.0002, Train: 18.76%, Valid: 18.64%, Test: 18.25%, Best Valid: 30.19%, Best Test: 30.36%
Epoch: 1900, Loss: 0.0185, Train: 18.98%, Valid: 18.34%, Test: 18.25%, Best Valid: 30.19%, Best Test: 30.36%
Epoch: 2000, Loss: 0.0415, Train: 18.64%, Valid: 17.65%, Test: 17.65%, Best Valid: 30.19%, Best Test: 30.36%
Epoch: 2100, Loss: 0.0000, Train: 18.50%, Valid: 17.93%, Test: 17.53%, Best Valid: 30.19%, Best Test: 30.36%
Epoch: 2200, Loss: 0.0000, Train: 19.42%, Valid: 19.01%, Test: 18.69%, Best Valid: 30.19%, Best Test: 30.36%
Epoch: 2300, Loss: 0.0000, Train: 19.33%, Valid: 18.85%, Test: 18.51%, Best Valid: 30.19%, Best Test: 30.36%
Epoch: 2400, Loss: 0.0000, Train: 19.55%, Valid: 19.38%, Test: 18.94%, Best Valid: 30.19%, Best Test: 30.36%
Epoch: 2500, Loss: 0.0000, Train: 18.90%, Valid: 17.97%, Test: 18.09%, Best Valid: 30.19%, Best Test: 30.36%
Run 02:
Highest Train: 31.38
Highest Valid: 30.19
Highest Test: 30.36
Chosen epoch: 1345
Final Train: 31.38
Final Test: 30.36
Label budget: 2/class -> 36 train nodes
Counting co-occurrence on train-train edges (leakage-free estimator)...
Count penalty frozen (0 train-train edges).
Epoch: 00, Loss: 4.7956, Train: 5.05%, Valid: 5.67%, Test: 5.26%, Best Valid: 5.67%, Best Test: 5.26%
Switching Polynormer to global attention phase.
Epoch: 100, Loss: 4.0492, Train: 11.06%, Valid: 11.02%, Test: 11.03%, Best Valid: 29.37%, Best Test: 28.01%
Epoch: 200, Loss: 0.9061, Train: 21.10%, Valid: 19.82%, Test: 20.33%, Best Valid: 29.37%, Best Test: 28.01%
Epoch: 300, Loss: 0.4336, Train: 20.73%, Valid: 19.68%, Test: 19.48%, Best Valid: 29.37%, Best Test: 28.01%
Epoch: 400, Loss: 0.0200, Train: 23.00%, Valid: 21.84%, Test: 21.87%, Best Valid: 29.37%, Best Test: 28.01%
Epoch: 500, Loss: 0.0259, Train: 23.16%, Valid: 22.67%, Test: 22.75%, Best Valid: 29.37%, Best Test: 28.01%
Epoch: 600, Loss: 0.1079, Train: 23.82%, Valid: 23.35%, Test: 23.16%, Best Valid: 29.37%, Best Test: 28.01%
Epoch: 700, Loss: 0.0032, Train: 25.62%, Valid: 24.73%, Test: 24.73%, Best Valid: 29.37%, Best Test: 28.01%
Epoch: 800, Loss: 0.0104, Train: 21.91%, Valid: 21.25%, Test: 21.76%, Best Valid: 29.37%, Best Test: 28.01%
Epoch: 900, Loss: 0.0082, Train: 24.83%, Valid: 24.25%, Test: 23.95%, Best Valid: 29.37%, Best Test: 28.01%
Epoch: 1000, Loss: 0.0000, Train: 26.54%, Valid: 26.73%, Test: 26.14%, Best Valid: 29.37%, Best Test: 28.01%
Epoch: 1100, Loss: 0.1584, Train: 24.14%, Valid: 24.45%, Test: 23.51%, Best Valid: 29.37%, Best Test: 28.01%
Epoch: 1200, Loss: 0.0293, Train: 21.00%, Valid: 20.64%, Test: 20.76%, Best Valid: 29.37%, Best Test: 28.01%
Epoch: 1300, Loss: 0.0001, Train: 23.24%, Valid: 22.42%, Test: 23.19%, Best Valid: 29.37%, Best Test: 28.01%
Epoch: 1400, Loss: 0.0126, Train: 24.45%, Valid: 24.38%, Test: 23.95%, Best Valid: 29.37%, Best Test: 28.01%
Epoch: 1500, Loss: 0.0479, Train: 25.98%, Valid: 26.11%, Test: 24.92%, Best Valid: 29.37%, Best Test: 28.01%
Epoch: 1600, Loss: 0.0041, Train: 24.80%, Valid: 23.71%, Test: 23.53%, Best Valid: 29.37%, Best Test: 28.01%
Epoch: 1700, Loss: 0.1543, Train: 26.81%, Valid: 26.88%, Test: 26.39%, Best Valid: 29.37%, Best Test: 28.01%
Epoch: 1800, Loss: 0.3121, Train: 21.12%, Valid: 22.05%, Test: 21.39%, Best Valid: 29.37%, Best Test: 28.01%
Epoch: 1900, Loss: 0.0171, Train: 23.27%, Valid: 22.93%, Test: 23.76%, Best Valid: 29.37%, Best Test: 28.01%
Epoch: 2000, Loss: 0.0057, Train: 21.91%, Valid: 21.78%, Test: 22.34%, Best Valid: 29.37%, Best Test: 28.01%
Epoch: 2100, Loss: 0.0015, Train: 22.98%, Valid: 23.55%, Test: 23.53%, Best Valid: 29.37%, Best Test: 28.01%
Epoch: 2200, Loss: 0.0076, Train: 23.91%, Valid: 24.89%, Test: 24.81%, Best Valid: 29.37%, Best Test: 28.01%
Epoch: 2300, Loss: 0.0000, Train: 24.36%, Valid: 25.58%, Test: 24.83%, Best Valid: 29.37%, Best Test: 28.01%
Epoch: 2400, Loss: 0.2282, Train: 18.39%, Valid: 18.71%, Test: 18.71%, Best Valid: 29.37%, Best Test: 28.01%
Epoch: 2500, Loss: 0.0000, Train: 23.05%, Valid: 22.82%, Test: 22.56%, Best Valid: 29.37%, Best Test: 28.01%
Run 03:
Highest Train: 28.57
Highest Valid: 29.37
Highest Test: 28.15
Chosen epoch: 23
Final Train: 28.57
Final Test: 28.01
Label budget: 2/class -> 36 train nodes
Counting co-occurrence on train-train edges (leakage-free estimator)...
Count penalty frozen (0 train-train edges).
Epoch: 00, Loss: 5.1798, Train: 4.48%, Valid: 4.50%, Test: 4.87%, Best Valid: 4.50%, Best Test: 4.87%
Switching Polynormer to global attention phase.
Epoch: 100, Loss: 4.0519, Train: 1.38%, Valid: 1.38%, Test: 1.38%, Best Valid: 24.29%, Best Test: 23.33%
Epoch: 200, Loss: 1.5452, Train: 17.83%, Valid: 18.64%, Test: 18.04%, Best Valid: 24.29%, Best Test: 23.33%
Epoch: 300, Loss: 0.0114, Train: 21.33%, Valid: 21.75%, Test: 21.27%, Best Valid: 27.33%, Best Test: 26.88%
Epoch: 400, Loss: 0.4282, Train: 21.70%, Valid: 22.10%, Test: 21.66%, Best Valid: 27.33%, Best Test: 26.88%
Epoch: 500, Loss: 0.3823, Train: 23.47%, Valid: 24.01%, Test: 23.33%, Best Valid: 27.33%, Best Test: 26.88%
Epoch: 600, Loss: 1.0049, Train: 23.34%, Valid: 23.50%, Test: 22.79%, Best Valid: 27.33%, Best Test: 26.88%
Epoch: 700, Loss: 0.0032, Train: 22.06%, Valid: 22.84%, Test: 22.27%, Best Valid: 27.33%, Best Test: 26.88%
Epoch: 800, Loss: 0.0009, Train: 21.69%, Valid: 21.87%, Test: 21.28%, Best Valid: 27.33%, Best Test: 26.88%
Epoch: 900, Loss: 0.1253, Train: 25.66%, Valid: 26.90%, Test: 26.28%, Best Valid: 28.68%, Best Test: 28.61%
Epoch: 1000, Loss: 0.2655, Train: 22.65%, Valid: 23.53%, Test: 23.51%, Best Valid: 30.11%, Best Test: 29.65%
Epoch: 1100, Loss: 0.2165, Train: 22.44%, Valid: 23.34%, Test: 22.91%, Best Valid: 30.11%, Best Test: 29.65%
Epoch: 1200, Loss: 0.0010, Train: 23.40%, Valid: 24.02%, Test: 23.39%, Best Valid: 30.11%, Best Test: 29.65%
Epoch: 1300, Loss: 0.6241, Train: 24.75%, Valid: 24.82%, Test: 24.78%, Best Valid: 30.11%, Best Test: 29.65%
Epoch: 1400, Loss: 0.0825, Train: 25.05%, Valid: 25.58%, Test: 25.26%, Best Valid: 30.11%, Best Test: 29.65%
Epoch: 1500, Loss: 0.3662, Train: 22.38%, Valid: 22.77%, Test: 22.52%, Best Valid: 30.11%, Best Test: 29.65%
Epoch: 1600, Loss: 0.0008, Train: 22.84%, Valid: 23.37%, Test: 23.53%, Best Valid: 30.11%, Best Test: 29.65%
Epoch: 1700, Loss: 0.0001, Train: 23.63%, Valid: 24.70%, Test: 24.09%, Best Valid: 30.11%, Best Test: 29.65%
Epoch: 1800, Loss: 0.0000, Train: 21.56%, Valid: 22.29%, Test: 22.18%, Best Valid: 30.11%, Best Test: 29.65%
Epoch: 1900, Loss: 0.0000, Train: 20.79%, Valid: 21.52%, Test: 21.64%, Best Valid: 30.11%, Best Test: 29.65%
Epoch: 2000, Loss: 0.0111, Train: 22.79%, Valid: 22.79%, Test: 22.71%, Best Valid: 30.11%, Best Test: 29.65%
Epoch: 2100, Loss: 0.0001, Train: 24.93%, Valid: 25.17%, Test: 25.03%, Best Valid: 30.11%, Best Test: 29.65%
Epoch: 2200, Loss: 0.0010, Train: 20.32%, Valid: 20.18%, Test: 20.03%, Best Valid: 30.11%, Best Test: 29.65%
Epoch: 2300, Loss: 0.0000, Train: 23.80%, Valid: 24.25%, Test: 23.74%, Best Valid: 30.11%, Best Test: 29.65%
Epoch: 2400, Loss: 0.0899, Train: 22.34%, Valid: 23.16%, Test: 22.79%, Best Valid: 30.11%, Best Test: 29.65%
Epoch: 2500, Loss: 0.1267, Train: 21.75%, Valid: 22.33%, Test: 22.06%, Best Valid: 30.11%, Best Test: 29.65%
Run 04:
Highest Train: 29.59
Highest Valid: 30.11
Highest Test: 29.65
Chosen epoch: 978
Final Train: 29.59
Final Test: 29.65
Label budget: 2/class -> 36 train nodes
Counting co-occurrence on train-train edges (leakage-free estimator)...
Count penalty frozen (2 train-train edges).
Epoch: 00, Loss: 5.2152, Train: 5.88%, Valid: 6.13%, Test: 6.28%, Best Valid: 6.13%, Best Test: 6.28%
Switching Polynormer to global attention phase.
Epoch: 100, Loss: 4.1059, Train: 4.54%, Valid: 4.25%, Test: 4.08%, Best Valid: 31.44%, Best Test: 30.74%
Epoch: 200, Loss: 0.4893, Train: 22.09%, Valid: 21.02%, Test: 21.27%, Best Valid: 31.44%, Best Test: 30.74%
Epoch: 300, Loss: 0.0073, Train: 28.46%, Valid: 27.24%, Test: 26.70%, Best Valid: 31.44%, Best Test: 30.74%
Epoch: 400, Loss: 1.4914, Train: 26.93%, Valid: 24.92%, Test: 24.90%, Best Valid: 31.79%, Best Test: 31.77%
Epoch: 500, Loss: 0.5806, Train: 28.06%, Valid: 27.03%, Test: 27.46%, Best Valid: 32.02%, Best Test: 31.98%
Epoch: 600, Loss: 0.0953, Train: 29.80%, Valid: 28.79%, Test: 28.45%, Best Valid: 32.02%, Best Test: 31.98%
Epoch: 700, Loss: 0.0215, Train: 28.20%, Valid: 27.31%, Test: 27.21%, Best Valid: 32.02%, Best Test: 31.98%
Epoch: 800, Loss: 0.0018, Train: 29.79%, Valid: 28.58%, Test: 28.24%, Best Valid: 32.02%, Best Test: 31.98%
Epoch: 900, Loss: 0.0011, Train: 31.23%, Valid: 30.41%, Test: 29.32%, Best Valid: 32.02%, Best Test: 31.98%
Epoch: 1000, Loss: 0.0001, Train: 25.03%, Valid: 24.50%, Test: 23.84%, Best Valid: 32.02%, Best Test: 31.98%
Epoch: 1100, Loss: 0.0123, Train: 28.93%, Valid: 28.42%, Test: 28.34%, Best Valid: 32.02%, Best Test: 31.98%
Epoch: 1200, Loss: 0.0006, Train: 28.36%, Valid: 27.52%, Test: 26.74%, Best Valid: 33.86%, Best Test: 34.05%
Epoch: 1300, Loss: 0.0000, Train: 28.60%, Valid: 27.36%, Test: 27.25%, Best Valid: 33.86%, Best Test: 34.05%
Epoch: 1400, Loss: 0.0003, Train: 28.94%, Valid: 27.89%, Test: 28.01%, Best Valid: 33.86%, Best Test: 34.05%
Epoch: 1500, Loss: 0.9950, Train: 29.48%, Valid: 28.19%, Test: 28.10%, Best Valid: 33.86%, Best Test: 34.05%
Epoch: 1600, Loss: 0.0029, Train: 27.65%, Valid: 26.64%, Test: 26.91%, Best Valid: 33.86%, Best Test: 34.05%
Epoch: 1700, Loss: 0.0000, Train: 29.02%, Valid: 27.78%, Test: 28.01%, Best Valid: 33.86%, Best Test: 34.05%
Epoch: 1800, Loss: 0.0139, Train: 32.36%, Valid: 31.23%, Test: 32.19%, Best Valid: 33.86%, Best Test: 34.05%
Epoch: 1900, Loss: 0.0003, Train: 24.85%, Valid: 24.24%, Test: 23.79%, Best Valid: 33.86%, Best Test: 34.05%
Epoch: 2000, Loss: 0.0000, Train: 26.59%, Valid: 25.77%, Test: 25.43%, Best Valid: 33.86%, Best Test: 34.05%
Epoch: 2100, Loss: 0.0023, Train: 32.46%, Valid: 31.56%, Test: 31.08%, Best Valid: 33.86%, Best Test: 34.05%
Epoch: 2200, Loss: 0.4002, Train: 27.44%, Valid: 26.92%, Test: 27.07%, Best Valid: 33.86%, Best Test: 34.05%
Epoch: 2300, Loss: 0.0000, Train: 29.83%, Valid: 29.00%, Test: 28.80%, Best Valid: 33.86%, Best Test: 34.05%
Epoch: 2400, Loss: 0.0009, Train: 25.66%, Valid: 24.71%, Test: 24.50%, Best Valid: 33.86%, Best Test: 34.05%
Epoch: 2500, Loss: 0.0696, Train: 30.91%, Valid: 29.06%, Test: 29.46%, Best Valid: 33.86%, Best Test: 34.05%
Run 05:
Highest Train: 34.75
Highest Valid: 33.86
Highest Test: 34.05
Chosen epoch: 1133
Final Train: 34.75
Final Test: 34.05
Label budget: 2/class -> 36 train nodes
Counting co-occurrence on train-train edges (leakage-free estimator)...
Count penalty frozen (2 train-train edges).
Epoch: 00, Loss: 5.1148, Train: 9.34%, Valid: 9.74%, Test: 9.02%, Best Valid: 9.74%, Best Test: 9.02%
Switching Polynormer to global attention phase.
Epoch: 100, Loss: 4.0282, Train: 9.44%, Valid: 9.59%, Test: 9.39%, Best Valid: 31.47%, Best Test: 30.99%
Epoch: 200, Loss: 0.2305, Train: 23.93%, Valid: 24.54%, Test: 24.25%, Best Valid: 31.47%, Best Test: 30.99%
Epoch: 300, Loss: 0.0387, Train: 28.41%, Valid: 29.11%, Test: 28.31%, Best Valid: 31.47%, Best Test: 30.99%
Epoch: 400, Loss: 0.2993, Train: 27.07%, Valid: 27.52%, Test: 27.92%, Best Valid: 31.47%, Best Test: 30.99%
Epoch: 500, Loss: 0.0487, Train: 28.01%, Valid: 28.67%, Test: 28.19%, Best Valid: 31.47%, Best Test: 30.99%
Epoch: 600, Loss: 0.4920, Train: 25.00%, Valid: 25.42%, Test: 24.94%, Best Valid: 31.47%, Best Test: 30.99%
Epoch: 700, Loss: 0.8232, Train: 27.56%, Valid: 27.96%, Test: 27.76%, Best Valid: 31.47%, Best Test: 30.99%
Epoch: 800, Loss: 0.0009, Train: 29.46%, Valid: 29.59%, Test: 29.28%, Best Valid: 31.47%, Best Test: 30.99%
Epoch: 900, Loss: 0.0000, Train: 28.06%, Valid: 28.91%, Test: 28.12%, Best Valid: 31.47%, Best Test: 30.99%
Epoch: 1000, Loss: 0.0000, Train: 29.02%, Valid: 29.67%, Test: 29.12%, Best Valid: 31.47%, Best Test: 30.99%
Epoch: 1100, Loss: 0.0000, Train: 28.65%, Valid: 28.79%, Test: 28.75%, Best Valid: 31.47%, Best Test: 30.99%
Epoch: 1200, Loss: 1.0184, Train: 28.00%, Valid: 27.96%, Test: 28.20%, Best Valid: 31.47%, Best Test: 30.99%
Epoch: 1300, Loss: 0.2206, Train: 26.94%, Valid: 27.01%, Test: 27.60%, Best Valid: 31.47%, Best Test: 30.99%
Epoch: 1400, Loss: 0.0076, Train: 27.54%, Valid: 28.31%, Test: 28.15%, Best Valid: 31.47%, Best Test: 30.99%
Epoch: 1500, Loss: 0.0006, Train: 25.25%, Valid: 26.43%, Test: 25.70%, Best Valid: 31.47%, Best Test: 30.99%
Epoch: 1600, Loss: 0.0000, Train: 24.61%, Valid: 25.24%, Test: 24.76%, Best Valid: 31.47%, Best Test: 30.99%
Epoch: 1700, Loss: 0.0001, Train: 27.82%, Valid: 28.76%, Test: 27.76%, Best Valid: 31.47%, Best Test: 30.99%
Epoch: 1800, Loss: 0.0000, Train: 26.76%, Valid: 27.06%, Test: 27.59%, Best Valid: 31.47%, Best Test: 30.99%
Epoch: 1900, Loss: 0.0190, Train: 26.17%, Valid: 25.86%, Test: 27.20%, Best Valid: 31.47%, Best Test: 30.99%
Epoch: 2000, Loss: 0.3122, Train: 24.56%, Valid: 24.43%, Test: 24.32%, Best Valid: 31.47%, Best Test: 30.99%
Epoch: 2100, Loss: 0.5924, Train: 25.05%, Valid: 25.45%, Test: 25.64%, Best Valid: 31.47%, Best Test: 30.99%
Epoch: 2200, Loss: 0.2044, Train: 24.56%, Valid: 24.78%, Test: 24.87%, Best Valid: 31.47%, Best Test: 30.99%
Epoch: 2300, Loss: 0.0005, Train: 26.52%, Valid: 26.23%, Test: 26.65%, Best Valid: 31.47%, Best Test: 30.99%
Epoch: 2400, Loss: 0.5564, Train: 27.08%, Valid: 27.26%, Test: 27.71%, Best Valid: 31.47%, Best Test: 30.99%
Epoch: 2500, Loss: 0.0000, Train: 27.44%, Valid: 27.78%, Test: 27.52%, Best Valid: 31.47%, Best Test: 30.99%
Run 06:
Highest Train: 31.02
Highest Valid: 31.47
Highest Test: 31.24
Chosen epoch: 38
Final Train: 30.41
Final Test: 30.99
Label budget: 2/class -> 36 train nodes
Counting co-occurrence on train-train edges (leakage-free estimator)...
Count penalty frozen (0 train-train edges).
Epoch: 00, Loss: 5.4748, Train: 5.81%, Valid: 5.07%, Test: 5.84%, Best Valid: 5.07%, Best Test: 5.84%
Switching Polynormer to global attention phase.
Epoch: 100, Loss: 4.1181, Train: 5.07%, Valid: 5.08%, Test: 5.08%, Best Valid: 25.91%, Best Test: 26.17%
Epoch: 200, Loss: 0.1555, Train: 22.83%, Valid: 22.56%, Test: 23.40%, Best Valid: 26.81%, Best Test: 27.02%
Epoch: 300, Loss: 0.2033, Train: 20.07%, Valid: 20.62%, Test: 21.04%, Best Valid: 26.81%, Best Test: 27.02%
Epoch: 400, Loss: 0.3160, Train: 23.00%, Valid: 22.82%, Test: 23.70%, Best Valid: 27.24%, Best Test: 27.76%
Epoch: 500, Loss: 0.0380, Train: 21.53%, Valid: 21.47%, Test: 21.69%, Best Valid: 27.24%, Best Test: 27.76%
Epoch: 600, Loss: 0.0045, Train: 22.60%, Valid: 23.09%, Test: 23.47%, Best Valid: 27.24%, Best Test: 27.76%
Epoch: 700, Loss: 0.0587, Train: 22.50%, Valid: 23.35%, Test: 23.00%, Best Valid: 27.24%, Best Test: 27.76%
Epoch: 800, Loss: 0.0003, Train: 23.71%, Valid: 24.20%, Test: 24.51%, Best Valid: 27.24%, Best Test: 27.76%
Epoch: 900, Loss: 0.0000, Train: 22.90%, Valid: 23.21%, Test: 24.34%, Best Valid: 27.24%, Best Test: 27.76%
Epoch: 1000, Loss: 0.0012, Train: 20.00%, Valid: 20.58%, Test: 20.24%, Best Valid: 27.24%, Best Test: 27.76%
Epoch: 1100, Loss: 0.0014, Train: 25.73%, Valid: 25.84%, Test: 26.33%, Best Valid: 27.36%, Best Test: 27.23%
Epoch: 1200, Loss: 0.0006, Train: 23.40%, Valid: 24.01%, Test: 24.64%, Best Valid: 27.36%, Best Test: 27.23%
Epoch: 1300, Loss: 0.0000, Train: 21.27%, Valid: 21.50%, Test: 21.81%, Best Valid: 27.36%, Best Test: 27.23%
Epoch: 1400, Loss: 0.0003, Train: 21.11%, Valid: 21.73%, Test: 22.47%, Best Valid: 27.36%, Best Test: 27.23%
Epoch: 1500, Loss: 0.0003, Train: 22.16%, Valid: 22.42%, Test: 22.52%, Best Valid: 27.36%, Best Test: 27.23%
Epoch: 1600, Loss: 0.0001, Train: 22.32%, Valid: 22.72%, Test: 22.36%, Best Valid: 27.36%, Best Test: 27.23%
Epoch: 1700, Loss: 0.0010, Train: 20.70%, Valid: 20.88%, Test: 21.21%, Best Valid: 27.36%, Best Test: 27.23%
Epoch: 1800, Loss: 0.0000, Train: 21.62%, Valid: 21.68%, Test: 21.67%, Best Valid: 27.36%, Best Test: 27.23%
Epoch: 1900, Loss: 0.0000, Train: 20.72%, Valid: 20.62%, Test: 20.56%, Best Valid: 27.36%, Best Test: 27.23%
Epoch: 2000, Loss: 0.1084, Train: 21.45%, Valid: 21.98%, Test: 22.04%, Best Valid: 27.36%, Best Test: 27.23%
Epoch: 2100, Loss: 0.0020, Train: 22.47%, Valid: 22.61%, Test: 23.35%, Best Valid: 27.36%, Best Test: 27.23%
Epoch: 2200, Loss: 0.0000, Train: 23.71%, Valid: 23.97%, Test: 24.81%, Best Valid: 27.36%, Best Test: 27.23%
Epoch: 2300, Loss: 0.0246, Train: 23.18%, Valid: 22.89%, Test: 23.19%, Best Valid: 27.36%, Best Test: 27.23%
Epoch: 2400, Loss: 0.8564, Train: 23.03%, Valid: 22.63%, Test: 23.33%, Best Valid: 27.36%, Best Test: 27.23%
Epoch: 2500, Loss: 0.2875, Train: 22.08%, Valid: 22.03%, Test: 22.87%, Best Valid: 27.36%, Best Test: 27.23%
Run 07:
Highest Train: 27.04
Highest Valid: 27.36
Highest Test: 28.13
Chosen epoch: 1094
Final Train: 26.94
Final Test: 27.23
Label budget: 2/class -> 36 train nodes
Counting co-occurrence on train-train edges (leakage-free estimator)...
Count penalty frozen (0 train-train edges).
Epoch: 00, Loss: 5.2650, Train: 6.28%, Valid: 6.69%, Test: 5.91%, Best Valid: 6.69%, Best Test: 5.91%
Switching Polynormer to global attention phase.
Epoch: 100, Loss: 4.0290, Train: 5.49%, Valid: 5.49%, Test: 5.49%, Best Valid: 32.82%, Best Test: 33.02%
Epoch: 200, Loss: 0.1938, Train: 30.78%, Valid: 30.59%, Test: 31.17%, Best Valid: 32.82%, Best Test: 33.02%
Epoch: 300, Loss: 0.2062, Train: 30.25%, Valid: 29.20%, Test: 30.32%, Best Valid: 32.82%, Best Test: 33.02%
Epoch: 400, Loss: 0.0208, Train: 25.09%, Valid: 25.56%, Test: 25.94%, Best Valid: 32.82%, Best Test: 33.02%
Epoch: 500, Loss: 0.0085, Train: 29.76%, Valid: 29.36%, Test: 30.30%, Best Valid: 34.88%, Best Test: 35.51%
Epoch: 600, Loss: 0.0673, Train: 29.28%, Valid: 28.84%, Test: 29.47%, Best Valid: 34.88%, Best Test: 35.51%
Epoch: 700, Loss: 0.0101, Train: 29.64%, Valid: 29.04%, Test: 29.95%, Best Valid: 35.23%, Best Test: 36.39%
Epoch: 800, Loss: 0.0267, Train: 33.57%, Valid: 33.19%, Test: 34.29%, Best Valid: 35.23%, Best Test: 36.39%
Epoch: 900, Loss: 0.0466, Train: 29.29%, Valid: 28.79%, Test: 30.30%, Best Valid: 36.54%, Best Test: 37.15%
Epoch: 1000, Loss: 0.0023, Train: 35.08%, Valid: 34.30%, Test: 36.15%, Best Valid: 36.54%, Best Test: 37.15%
Epoch: 1100, Loss: 0.2455, Train: 33.42%, Valid: 33.27%, Test: 34.40%, Best Valid: 36.54%, Best Test: 37.15%
Epoch: 1200, Loss: 0.0005, Train: 27.14%, Valid: 26.73%, Test: 27.92%, Best Valid: 36.54%, Best Test: 37.15%
Epoch: 1300, Loss: 0.2733, Train: 33.19%, Valid: 33.36%, Test: 34.17%, Best Valid: 36.54%, Best Test: 37.15%
Epoch: 1400, Loss: 0.6991, Train: 33.12%, Valid: 33.06%, Test: 34.20%, Best Valid: 36.54%, Best Test: 37.15%
Epoch: 1500, Loss: 0.1114, Train: 34.09%, Valid: 33.66%, Test: 34.56%, Best Valid: 36.54%, Best Test: 37.15%
Epoch: 1600, Loss: 0.0001, Train: 33.85%, Valid: 33.13%, Test: 33.97%, Best Valid: 36.54%, Best Test: 37.15%
Epoch: 1700, Loss: 0.0000, Train: 29.57%, Valid: 28.49%, Test: 30.04%, Best Valid: 36.54%, Best Test: 37.15%
Epoch: 1800, Loss: 0.0003, Train: 29.33%, Valid: 28.91%, Test: 29.70%, Best Valid: 36.54%, Best Test: 37.15%
Epoch: 1900, Loss: 0.0000, Train: 31.19%, Valid: 30.82%, Test: 31.87%, Best Valid: 36.54%, Best Test: 37.15%
Epoch: 2000, Loss: 0.0000, Train: 31.26%, Valid: 30.86%, Test: 31.86%, Best Valid: 36.54%, Best Test: 37.15%
Epoch: 2100, Loss: 0.0000, Train: 33.34%, Valid: 33.29%, Test: 34.05%, Best Valid: 36.54%, Best Test: 37.15%
Epoch: 2200, Loss: 0.0000, Train: 34.99%, Valid: 34.77%, Test: 35.49%, Best Valid: 36.54%, Best Test: 37.15%
Epoch: 2300, Loss: 0.1496, Train: 28.25%, Valid: 28.54%, Test: 28.91%, Best Valid: 36.54%, Best Test: 37.15%
Epoch: 2400, Loss: 0.7312, Train: 26.78%, Valid: 25.74%, Test: 27.34%, Best Valid: 36.54%, Best Test: 37.15%
Epoch: 2500, Loss: 0.0177, Train: 32.27%, Valid: 31.46%, Test: 32.39%, Best Valid: 36.54%, Best Test: 37.15%
Run 08:
Highest Train: 37.10
Highest Valid: 36.54
Highest Test: 38.07
Chosen epoch: 804
Final Train: 36.64
Final Test: 37.15
Label budget: 2/class -> 36 train nodes
Counting co-occurrence on train-train edges (leakage-free estimator)...
Count penalty frozen (0 train-train edges).
Epoch: 00, Loss: 4.9188, Train: 7.16%, Valid: 7.17%, Test: 7.13%, Best Valid: 7.17%, Best Test: 7.13%
Switching Polynormer to global attention phase.
Epoch: 100, Loss: 4.1259, Train: 9.68%, Valid: 9.67%, Test: 9.69%, Best Valid: 25.63%, Best Test: 25.82%
Epoch: 200, Loss: 0.3834, Train: 19.87%, Valid: 19.61%, Test: 20.88%, Best Valid: 25.63%, Best Test: 25.82%
Epoch: 300, Loss: 0.2671, Train: 22.85%, Valid: 22.51%, Test: 23.31%, Best Valid: 25.68%, Best Test: 25.70%
Epoch: 400, Loss: 0.0011, Train: 19.01%, Valid: 18.99%, Test: 19.43%, Best Valid: 25.68%, Best Test: 25.70%
Epoch: 500, Loss: 0.0578, Train: 20.20%, Valid: 19.84%, Test: 21.07%, Best Valid: 25.68%, Best Test: 25.70%
Epoch: 600, Loss: 0.4031, Train: 21.05%, Valid: 20.56%, Test: 22.31%, Best Valid: 25.68%, Best Test: 25.70%
Epoch: 700, Loss: 0.0173, Train: 22.43%, Valid: 22.05%, Test: 23.21%, Best Valid: 25.68%, Best Test: 25.70%
Epoch: 800, Loss: 0.0355, Train: 22.34%, Valid: 21.91%, Test: 22.80%, Best Valid: 25.68%, Best Test: 25.70%
Epoch: 900, Loss: 0.0003, Train: 22.61%, Valid: 21.99%, Test: 23.56%, Best Valid: 25.68%, Best Test: 25.70%
Epoch: 1000, Loss: 0.0003, Train: 24.27%, Valid: 23.58%, Test: 25.27%, Best Valid: 25.68%, Best Test: 25.70%
Epoch: 1100, Loss: 0.0658, Train: 22.82%, Valid: 22.44%, Test: 23.72%, Best Valid: 25.68%, Best Test: 25.70%
Epoch: 1200, Loss: 0.0004, Train: 23.49%, Valid: 23.51%, Test: 25.11%, Best Valid: 25.68%, Best Test: 25.70%
Epoch: 1300, Loss: 0.0000, Train: 21.03%, Valid: 20.78%, Test: 22.22%, Best Valid: 25.68%, Best Test: 25.70%
Epoch: 1400, Loss: 0.3563, Train: 20.23%, Valid: 20.46%, Test: 21.41%, Best Valid: 25.68%, Best Test: 25.70%
Epoch: 1500, Loss: 0.0085, Train: 22.79%, Valid: 22.51%, Test: 23.77%, Best Valid: 26.11%, Best Test: 26.42%
Epoch: 1600, Loss: 0.1526, Train: 23.61%, Valid: 23.02%, Test: 24.25%, Best Valid: 26.11%, Best Test: 26.42%
Epoch: 1700, Loss: 0.0179, Train: 25.23%, Valid: 24.94%, Test: 25.52%, Best Valid: 26.11%, Best Test: 26.42%
Epoch: 1800, Loss: 0.0000, Train: 24.94%, Valid: 24.80%, Test: 25.56%, Best Valid: 26.11%, Best Test: 26.42%
Epoch: 1900, Loss: 0.0003, Train: 22.41%, Valid: 22.42%, Test: 22.61%, Best Valid: 26.41%, Best Test: 26.53%
Epoch: 2000, Loss: 0.0413, Train: 17.64%, Valid: 18.23%, Test: 19.06%, Best Valid: 27.22%, Best Test: 27.29%
Epoch: 2100, Loss: 0.0000, Train: 22.28%, Valid: 21.98%, Test: 22.87%, Best Valid: 27.22%, Best Test: 27.29%
Epoch: 2200, Loss: 0.0000, Train: 22.44%, Valid: 22.15%, Test: 22.96%, Best Valid: 27.22%, Best Test: 27.29%
Epoch: 2300, Loss: 0.1639, Train: 22.09%, Valid: 21.91%, Test: 22.91%, Best Valid: 27.22%, Best Test: 27.29%
Epoch: 2400, Loss: 0.0001, Train: 20.45%, Valid: 20.58%, Test: 21.16%, Best Valid: 27.22%, Best Test: 27.29%
Epoch: 2500, Loss: 0.0045, Train: 23.36%, Valid: 23.00%, Test: 23.09%, Best Valid: 27.22%, Best Test: 27.29%
Run 09:
Highest Train: 26.87
Highest Valid: 27.22
Highest Test: 27.29
Chosen epoch: 1932
Final Train: 26.87
Final Test: 27.29
Label budget: 2/class -> 36 train nodes
Counting co-occurrence on train-train edges (leakage-free estimator)...
Count penalty frozen (0 train-train edges).
Epoch: 00, Loss: 5.1712, Train: 4.91%, Valid: 4.68%, Test: 5.03%, Best Valid: 4.68%, Best Test: 5.03%
Switching Polynormer to global attention phase.
Epoch: 100, Loss: 4.1425, Train: 2.13%, Valid: 1.99%, Test: 2.08%, Best Valid: 27.91%, Best Test: 27.73%
Epoch: 200, Loss: 0.2126, Train: 23.73%, Valid: 23.81%, Test: 23.35%, Best Valid: 28.77%, Best Test: 27.59%
Epoch: 300, Loss: 0.1615, Train: 24.52%, Valid: 25.23%, Test: 23.95%, Best Valid: 28.77%, Best Test: 27.59%
Epoch: 400, Loss: 0.0425, Train: 27.15%, Valid: 27.57%, Test: 26.74%, Best Valid: 29.41%, Best Test: 28.94%
Epoch: 500, Loss: 0.1410, Train: 27.02%, Valid: 26.94%, Test: 26.44%, Best Valid: 30.84%, Best Test: 30.69%
Epoch: 600, Loss: 0.0094, Train: 26.66%, Valid: 26.65%, Test: 26.28%, Best Valid: 30.84%, Best Test: 30.69%
Epoch: 700, Loss: 0.0006, Train: 30.53%, Valid: 30.84%, Test: 29.77%, Best Valid: 30.89%, Best Test: 29.83%
Epoch: 800, Loss: 0.0007, Train: 23.78%, Valid: 23.35%, Test: 22.54%, Best Valid: 30.89%, Best Test: 29.83%
Epoch: 900, Loss: 0.0012, Train: 27.83%, Valid: 28.49%, Test: 27.29%, Best Valid: 30.89%, Best Test: 29.83%
Epoch: 1000, Loss: 0.0004, Train: 28.54%, Valid: 29.32%, Test: 27.96%, Best Valid: 30.89%, Best Test: 29.83%
Epoch: 1100, Loss: 0.0000, Train: 29.25%, Valid: 30.38%, Test: 28.33%, Best Valid: 30.89%, Best Test: 29.83%
Epoch: 1200, Loss: 0.0019, Train: 30.07%, Valid: 30.49%, Test: 29.17%, Best Valid: 30.89%, Best Test: 29.83%
Epoch: 1300, Loss: 0.0436, Train: 25.58%, Valid: 25.63%, Test: 24.69%, Best Valid: 31.07%, Best Test: 30.39%
Epoch: 1400, Loss: 0.0001, Train: 28.47%, Valid: 28.97%, Test: 28.72%, Best Valid: 33.19%, Best Test: 32.62%
Epoch: 1500, Loss: 0.0000, Train: 26.48%, Valid: 25.95%, Test: 25.70%, Best Valid: 33.19%, Best Test: 32.62%
Epoch: 1600, Loss: 0.0009, Train: 25.94%, Valid: 26.41%, Test: 26.03%, Best Valid: 33.19%, Best Test: 32.62%
Epoch: 1700, Loss: 0.2438, Train: 25.30%, Valid: 25.60%, Test: 25.15%, Best Valid: 33.19%, Best Test: 32.62%
Epoch: 1800, Loss: 0.0014, Train: 28.11%, Valid: 28.12%, Test: 27.94%, Best Valid: 33.19%, Best Test: 32.62%
Epoch: 1900, Loss: 0.0455, Train: 31.80%, Valid: 31.86%, Test: 31.49%, Best Valid: 33.19%, Best Test: 32.62%
Epoch: 2000, Loss: 0.0000, Train: 28.79%, Valid: 29.39%, Test: 28.91%, Best Valid: 33.19%, Best Test: 32.62%
Epoch: 2100, Loss: 0.0550, Train: 27.85%, Valid: 28.00%, Test: 28.01%, Best Valid: 33.19%, Best Test: 32.62%
Epoch: 2200, Loss: 0.0000, Train: 29.26%, Valid: 29.14%, Test: 29.46%, Best Valid: 33.19%, Best Test: 32.62%
Epoch: 2300, Loss: 0.0535, Train: 25.46%, Valid: 25.44%, Test: 25.45%, Best Valid: 33.19%, Best Test: 32.62%
Epoch: 2400, Loss: 0.0102, Train: 27.44%, Valid: 26.90%, Test: 27.30%, Best Valid: 33.19%, Best Test: 32.62%
Epoch: 2500, Loss: 0.0159, Train: 19.94%, Valid: 19.93%, Test: 20.35%, Best Valid: 33.19%, Best Test: 32.62%
Run 10:
Highest Train: 33.21
Highest Valid: 33.19
Highest Test: 32.99
Chosen epoch: 1342
Final Train: 33.21
Final Test: 32.62
All runs:
Highest Train: 31.26 ± 3.34
Highest Test: 31.19 ± 3.27
Highest Valid: 31.22 ± 2.95
  Final Train: 31.14 ± 3.28
   Final Test: 30.94 ± 3.16
Saving results to ../results/lowlabel/roman-empire/polynormer.csv
--- count_reg | lambda=0.8 ---
Namespace(aggregate='add', alpha=0.5, attention='gcn', beta=0.5, bn=False, budget_tag='2', count_reg=True, count_smoothing=1.0, cpu=False, data_dir='../data/', dataset='roman-empire', device=0, dim_inner=64, display_step=100, dropout=0.3, epochs=500, global_dropout=0.5, global_epochs=2500, global_layers=2, gnn='gcn', graph_weight=0.8, hidden_channels=64, hops=10, in_dropout=0.15, jk=False, label_num_per_class=20, lambda_val=0.8, layers=1, ln=False, local_epochs=100, local_gnn_type='GCN', local_layers=10, lr=0.001, metric='acc', mlp_epochs=500, mlp_reg=False, model='polynormer', model_dir='models/lowlabel_1178246_376', n_heads=8, num_centroids=4096, num_heads=8, oracle_reg=False, paired_seeds=True, pe_types='RWSE', penalty_transform='none', pre_linear=False, pre_ln=False, rand_split=False, rand_split_class=False, reg_start_epoch=10, reg_update_freq=5, res=False, resample_split_per_run=False, result_dir='../results/lowlabel', runs=10, save_model=True, save_result=False, seed=42, test_num=1000, tr_dropout=None, tr_layers=1, tr_weight_decay=None, train_per_class=2, train_prop=0.5, use_act=False, use_bn=False, use_graph=False, use_reg=True, use_residual=False, use_weight=False, valid_num=500, valid_per_class=0, valid_prop=0.25, weight_decay=0.0)
roman-empire
dataset roman-empire | num nodes 22662 | num edge 32927 | num node feats 300 | num classes 18
MODEL: Polynormer(
  (h_lins): ModuleList(
    (0): Linear(in_features=512, out_features=512, bias=True)
    (1): Linear(in_features=512, out_features=512, bias=True)
    (2): Linear(in_features=512, out_features=512, bias=True)
    (3): Linear(in_features=512, out_features=512, bias=True)
    (4): Linear(in_features=512, out_features=512, bias=True)
    (5): Linear(in_features=512, out_features=512, bias=True)
    (6): Linear(in_features=512, out_features=512, bias=True)
    (7): Linear(in_features=512, out_features=512, bias=True)
    (8): Linear(in_features=512, out_features=512, bias=True)
    (9): Linear(in_features=512, out_features=512, bias=True)
  )
  (local_convs): ModuleList(
    (0): GATConv(512, 64, heads=8)
    (1): GATConv(512, 64, heads=8)
    (2): GATConv(512, 64, heads=8)
    (3): GATConv(512, 64, heads=8)
    (4): GATConv(512, 64, heads=8)
    (5): GATConv(512, 64, heads=8)
    (6): GATConv(512, 64, heads=8)
    (7): GATConv(512, 64, heads=8)
    (8): GATConv(512, 64, heads=8)
    (9): GATConv(512, 64, heads=8)
  )
  (lins): ModuleList(
    (0): Linear(in_features=512, out_features=512, bias=True)
    (1): Linear(in_features=512, out_features=512, bias=True)
    (2): Linear(in_features=512, out_features=512, bias=True)
    (3): Linear(in_features=512, out_features=512, bias=True)
    (4): Linear(in_features=512, out_features=512, bias=True)
    (5): Linear(in_features=512, out_features=512, bias=True)
    (6): Linear(in_features=512, out_features=512, bias=True)
    (7): Linear(in_features=512, out_features=512, bias=True)
    (8): Linear(in_features=512, out_features=512, bias=True)
    (9): Linear(in_features=512, out_features=512, bias=True)
  )
  (lns): ModuleList(
    (0): LayerNorm((512,), eps=1e-05, elementwise_affine=True)
    (1): LayerNorm((512,), eps=1e-05, elementwise_affine=True)
    (2): LayerNorm((512,), eps=1e-05, elementwise_affine=True)
    (3): LayerNorm((512,), eps=1e-05, elementwise_affine=True)
    (4): LayerNorm((512,), eps=1e-05, elementwise_affine=True)
    (5): LayerNorm((512,), eps=1e-05, elementwise_affine=True)
    (6): LayerNorm((512,), eps=1e-05, elementwise_affine=True)
    (7): LayerNorm((512,), eps=1e-05, elementwise_affine=True)
    (8): LayerNorm((512,), eps=1e-05, elementwise_affine=True)
    (9): LayerNorm((512,), eps=1e-05, elementwise_affine=True)
  )
  (lin_in): Linear(in_features=300, out_features=512, bias=True)
  (ln): LayerNorm((512,), eps=1e-05, elementwise_affine=True)
  (global_attn): GlobalAttn(
    (h_lins): ModuleList(
      (0): Linear(in_features=512, out_features=512, bias=True)
      (1): Linear(in_features=512, out_features=512, bias=True)
    )
    (k_lins): ModuleList(
      (0): Linear(in_features=512, out_features=512, bias=True)
      (1): Linear(in_features=512, out_features=512, bias=True)
    )
    (v_lins): ModuleList(
      (0): Linear(in_features=512, out_features=512, bias=True)
      (1): Linear(in_features=512, out_features=512, bias=True)
    )
    (lns): ModuleList(
      (0): LayerNorm((512,), eps=1e-05, elementwise_affine=True)
      (1): LayerNorm((512,), eps=1e-05, elementwise_affine=True)
    )
    (lin_out): Linear(in_features=512, out_features=512, bias=True)
  )
  (pred_local): Linear(in_features=512, out_features=18, bias=True)
  (pred_global): Linear(in_features=512, out_features=18, bias=True)
)
Label budget: 2/class -> 36 train nodes
Counting co-occurrence on train-train edges (leakage-free estimator)...
Count penalty frozen (0 train-train edges).
Epoch: 00, Loss: 6.1589, Train: 4.04%, Valid: 3.69%, Test: 4.38%, Best Valid: 3.69%, Best Test: 4.38%
Switching Polynormer to global attention phase.
Epoch: 100, Loss: 5.1623, Train: 13.95%, Valid: 13.96%, Test: 13.96%, Best Valid: 30.03%, Best Test: 29.10%
Epoch: 200, Loss: 0.3226, Train: 24.80%, Valid: 24.32%, Test: 23.23%, Best Valid: 30.03%, Best Test: 29.10%
Epoch: 300, Loss: 0.0844, Train: 23.80%, Valid: 22.81%, Test: 22.41%, Best Valid: 30.03%, Best Test: 29.10%
Epoch: 400, Loss: 0.0076, Train: 28.09%, Valid: 27.43%, Test: 26.97%, Best Valid: 30.15%, Best Test: 29.77%
Epoch: 500, Loss: 0.0095, Train: 25.16%, Valid: 24.62%, Test: 23.76%, Best Valid: 30.15%, Best Test: 29.77%
Epoch: 600, Loss: 1.5651, Train: 26.51%, Valid: 25.97%, Test: 25.61%, Best Valid: 30.15%, Best Test: 29.77%
Epoch: 700, Loss: 0.5921, Train: 26.47%, Valid: 25.91%, Test: 25.26%, Best Valid: 31.81%, Best Test: 31.47%
Epoch: 800, Loss: 0.0016, Train: 26.62%, Valid: 25.72%, Test: 24.85%, Best Valid: 31.81%, Best Test: 31.47%
Epoch: 900, Loss: 0.0262, Train: 28.17%, Valid: 27.26%, Test: 26.46%, Best Valid: 31.81%, Best Test: 31.47%
Epoch: 1000, Loss: 0.0020, Train: 27.53%, Valid: 27.24%, Test: 26.97%, Best Valid: 31.81%, Best Test: 31.47%
Epoch: 1100, Loss: 0.2571, Train: 28.84%, Valid: 28.07%, Test: 28.04%, Best Valid: 31.81%, Best Test: 31.47%
Epoch: 1200, Loss: 0.0150, Train: 26.66%, Valid: 25.86%, Test: 25.52%, Best Valid: 31.81%, Best Test: 31.47%
Epoch: 1300, Loss: 0.0012, Train: 28.62%, Valid: 28.14%, Test: 27.64%, Best Valid: 31.81%, Best Test: 31.47%
Epoch: 1400, Loss: 0.0000, Train: 30.69%, Valid: 30.59%, Test: 29.93%, Best Valid: 32.66%, Best Test: 31.96%
Epoch: 1500, Loss: 0.0005, Train: 28.75%, Valid: 27.63%, Test: 27.23%, Best Valid: 32.66%, Best Test: 31.96%
Epoch: 1600, Loss: 0.0271, Train: 29.23%, Valid: 28.88%, Test: 27.85%, Best Valid: 32.66%, Best Test: 31.96%
Epoch: 1700, Loss: 0.0001, Train: 30.93%, Valid: 29.83%, Test: 29.83%, Best Valid: 32.66%, Best Test: 31.96%
Epoch: 1800, Loss: 0.0000, Train: 31.62%, Valid: 30.64%, Test: 30.32%, Best Valid: 32.66%, Best Test: 31.96%
Epoch: 1900, Loss: 0.0000, Train: 31.52%, Valid: 30.54%, Test: 30.36%, Best Valid: 32.66%, Best Test: 31.96%
Epoch: 2000, Loss: 0.0000, Train: 31.51%, Valid: 30.68%, Test: 30.59%, Best Valid: 32.66%, Best Test: 31.96%
Epoch: 2100, Loss: 0.4087, Train: 27.90%, Valid: 27.73%, Test: 27.02%, Best Valid: 32.66%, Best Test: 31.96%
Epoch: 2200, Loss: 0.0300, Train: 29.12%, Valid: 28.31%, Test: 28.15%, Best Valid: 32.66%, Best Test: 31.96%
Epoch: 2300, Loss: 0.0458, Train: 29.81%, Valid: 28.77%, Test: 28.77%, Best Valid: 32.66%, Best Test: 31.96%
Epoch: 2400, Loss: 0.0007, Train: 29.12%, Valid: 27.98%, Test: 27.90%, Best Valid: 32.66%, Best Test: 31.96%
Epoch: 2500, Loss: 0.0117, Train: 29.71%, Valid: 28.63%, Test: 27.71%, Best Valid: 32.66%, Best Test: 31.96%
Run 01:
Highest Train: 33.32
Highest Valid: 32.66
Highest Test: 32.07
Chosen epoch: 1391
Final Train: 32.73
Final Test: 31.96
Label budget: 2/class -> 36 train nodes
Counting co-occurrence on train-train edges (leakage-free estimator)...
Count penalty frozen (0 train-train edges).
Epoch: 00, Loss: 6.6128, Train: 4.45%, Valid: 4.36%, Test: 4.61%, Best Valid: 4.36%, Best Test: 4.61%
Switching Polynormer to global attention phase.
Epoch: 100, Loss: 5.1854, Train: 1.62%, Valid: 1.61%, Test: 1.61%, Best Valid: 25.74%, Best Test: 26.46%
Epoch: 200, Loss: 0.0779, Train: 20.80%, Valid: 19.54%, Test: 18.94%, Best Valid: 25.74%, Best Test: 26.46%
Epoch: 300, Loss: 0.0051, Train: 20.11%, Valid: 18.46%, Test: 17.95%, Best Valid: 25.74%, Best Test: 26.46%
Epoch: 400, Loss: 0.0037, Train: 21.06%, Valid: 19.88%, Test: 19.33%, Best Valid: 25.74%, Best Test: 26.46%
Epoch: 500, Loss: 0.2415, Train: 22.47%, Valid: 21.17%, Test: 20.72%, Best Valid: 25.74%, Best Test: 26.46%
Epoch: 600, Loss: 0.0405, Train: 18.80%, Valid: 17.81%, Test: 17.00%, Best Valid: 25.74%, Best Test: 26.46%
Epoch: 700, Loss: 0.0049, Train: 22.56%, Valid: 21.32%, Test: 21.11%, Best Valid: 25.74%, Best Test: 26.46%
Epoch: 800, Loss: 0.0161, Train: 21.30%, Valid: 20.74%, Test: 19.70%, Best Valid: 25.74%, Best Test: 26.46%
Epoch: 900, Loss: 0.0190, Train: 21.89%, Valid: 21.06%, Test: 21.25%, Best Valid: 25.74%, Best Test: 26.46%
Epoch: 1000, Loss: 0.0012, Train: 22.78%, Valid: 22.19%, Test: 21.88%, Best Valid: 25.74%, Best Test: 26.46%
Epoch: 1100, Loss: 0.0015, Train: 22.37%, Valid: 21.62%, Test: 21.34%, Best Valid: 25.74%, Best Test: 26.46%
Epoch: 1200, Loss: 0.0000, Train: 22.40%, Valid: 21.18%, Test: 21.46%, Best Valid: 25.74%, Best Test: 26.46%
Epoch: 1300, Loss: 0.0143, Train: 22.40%, Valid: 21.59%, Test: 21.87%, Best Valid: 25.74%, Best Test: 26.46%
Epoch: 1400, Loss: 0.0001, Train: 20.05%, Valid: 19.01%, Test: 19.70%, Best Valid: 25.74%, Best Test: 26.46%
Epoch: 1500, Loss: 0.0000, Train: 18.73%, Valid: 17.97%, Test: 17.51%, Best Valid: 25.74%, Best Test: 26.46%
Epoch: 1600, Loss: 0.0001, Train: 23.09%, Valid: 22.51%, Test: 22.18%, Best Valid: 25.74%, Best Test: 26.46%
Epoch: 1700, Loss: 0.0055, Train: 23.72%, Valid: 23.16%, Test: 22.13%, Best Valid: 25.74%, Best Test: 26.46%
Epoch: 1800, Loss: 0.0284, Train: 21.82%, Valid: 20.41%, Test: 20.54%, Best Valid: 25.74%, Best Test: 26.46%
Epoch: 1900, Loss: 0.1399, Train: 26.41%, Valid: 25.70%, Test: 25.01%, Best Valid: 26.95%, Best Test: 26.46%
Epoch: 2000, Loss: 0.0000, Train: 21.71%, Valid: 20.94%, Test: 20.61%, Best Valid: 26.95%, Best Test: 26.46%
Epoch: 2100, Loss: 0.0000, Train: 21.93%, Valid: 21.13%, Test: 20.76%, Best Valid: 26.95%, Best Test: 26.46%
Epoch: 2200, Loss: 0.0000, Train: 23.52%, Valid: 23.00%, Test: 22.68%, Best Valid: 26.95%, Best Test: 26.46%
Epoch: 2300, Loss: 0.0000, Train: 21.29%, Valid: 20.67%, Test: 20.35%, Best Valid: 26.95%, Best Test: 26.46%
Epoch: 2400, Loss: 0.0000, Train: 22.43%, Valid: 21.69%, Test: 21.69%, Best Valid: 26.95%, Best Test: 26.46%
Epoch: 2500, Loss: 0.2822, Train: 19.68%, Valid: 18.34%, Test: 18.99%, Best Valid: 26.95%, Best Test: 26.46%
Run 02:
Highest Train: 27.37
Highest Valid: 26.95
Highest Test: 26.54
Chosen epoch: 1862
Final Train: 26.91
Final Test: 26.46
Label budget: 2/class -> 36 train nodes
Counting co-occurrence on train-train edges (leakage-free estimator)...
Count penalty frozen (0 train-train edges).
Epoch: 00, Loss: 6.1658, Train: 5.04%, Valid: 5.61%, Test: 5.17%, Best Valid: 5.61%, Best Test: 5.17%
Switching Polynormer to global attention phase.
Epoch: 100, Loss: 5.1718, Train: 10.97%, Valid: 10.98%, Test: 10.98%, Best Valid: 24.80%, Best Test: 25.15%
Epoch: 200, Loss: 0.3921, Train: 19.61%, Valid: 18.87%, Test: 19.43%, Best Valid: 24.80%, Best Test: 25.15%
Epoch: 300, Loss: 0.1116, Train: 21.74%, Valid: 21.25%, Test: 21.00%, Best Valid: 27.82%, Best Test: 27.27%
Epoch: 400, Loss: 0.0523, Train: 22.96%, Valid: 22.54%, Test: 22.45%, Best Valid: 27.82%, Best Test: 27.27%
Epoch: 500, Loss: 0.0485, Train: 21.21%, Valid: 20.83%, Test: 20.95%, Best Valid: 27.82%, Best Test: 27.27%
Epoch: 600, Loss: 0.0005, Train: 25.11%, Valid: 24.92%, Test: 24.00%, Best Valid: 27.82%, Best Test: 27.27%
Epoch: 700, Loss: 0.0001, Train: 25.85%, Valid: 25.83%, Test: 25.27%, Best Valid: 27.82%, Best Test: 27.27%
Epoch: 800, Loss: 0.0011, Train: 22.47%, Valid: 21.92%, Test: 22.27%, Best Valid: 27.82%, Best Test: 27.27%
Epoch: 900, Loss: 0.0301, Train: 23.04%, Valid: 22.89%, Test: 22.11%, Best Valid: 27.82%, Best Test: 27.27%
Epoch: 1000, Loss: 0.0017, Train: 25.83%, Valid: 25.68%, Test: 24.71%, Best Valid: 27.82%, Best Test: 27.27%
Epoch: 1100, Loss: 0.0002, Train: 26.09%, Valid: 25.54%, Test: 25.26%, Best Valid: 27.82%, Best Test: 27.27%
Epoch: 1200, Loss: 0.0012, Train: 25.40%, Valid: 25.54%, Test: 24.25%, Best Valid: 27.82%, Best Test: 27.27%
Epoch: 1300, Loss: 0.1672, Train: 21.76%, Valid: 21.73%, Test: 21.28%, Best Valid: 27.82%, Best Test: 27.27%
Epoch: 1400, Loss: 0.0006, Train: 26.74%, Valid: 26.85%, Test: 26.26%, Best Valid: 27.82%, Best Test: 27.27%
Epoch: 1500, Loss: 0.0000, Train: 26.22%, Valid: 26.39%, Test: 25.91%, Best Valid: 28.28%, Best Test: 27.04%
Epoch: 1600, Loss: 0.1498, Train: 24.55%, Valid: 24.61%, Test: 24.30%, Best Valid: 28.28%, Best Test: 27.04%
Epoch: 1700, Loss: 0.0748, Train: 27.63%, Valid: 27.96%, Test: 26.56%, Best Valid: 28.30%, Best Test: 26.79%
Epoch: 1800, Loss: 0.0003, Train: 25.16%, Valid: 25.07%, Test: 25.06%, Best Valid: 28.84%, Best Test: 27.73%
Epoch: 1900, Loss: 0.0000, Train: 27.69%, Valid: 27.29%, Test: 26.99%, Best Valid: 28.84%, Best Test: 27.73%
Epoch: 2000, Loss: 0.0000, Train: 26.90%, Valid: 26.85%, Test: 26.46%, Best Valid: 28.84%, Best Test: 27.73%
Epoch: 2100, Loss: 0.0009, Train: 25.33%, Valid: 25.10%, Test: 24.36%, Best Valid: 28.84%, Best Test: 27.73%
Epoch: 2200, Loss: 0.0000, Train: 26.47%, Valid: 27.06%, Test: 26.49%, Best Valid: 28.84%, Best Test: 27.73%
Epoch: 2300, Loss: 0.0000, Train: 23.79%, Valid: 24.22%, Test: 24.09%, Best Valid: 28.84%, Best Test: 27.73%
Epoch: 2400, Loss: 0.0034, Train: 24.61%, Valid: 24.92%, Test: 24.13%, Best Valid: 29.89%, Best Test: 29.58%
Epoch: 2500, Loss: 0.0000, Train: 26.32%, Valid: 25.44%, Test: 25.38%, Best Valid: 29.89%, Best Test: 29.58%
Run 03:
Highest Train: 30.07
Highest Valid: 29.89
Highest Test: 29.58
Chosen epoch: 2367
Final Train: 30.07
Final Test: 29.58
Label budget: 2/class -> 36 train nodes
Counting co-occurrence on train-train edges (leakage-free estimator)...
Count penalty frozen (0 train-train edges).
Epoch: 00, Loss: 6.6597, Train: 4.48%, Valid: 4.50%, Test: 4.87%, Best Valid: 4.50%, Best Test: 4.87%
Switching Polynormer to global attention phase.
Epoch: 100, Loss: 5.2475, Train: 4.97%, Valid: 4.77%, Test: 4.85%, Best Valid: 24.80%, Best Test: 24.11%
Epoch: 200, Loss: 0.4853, Train: 21.37%, Valid: 21.96%, Test: 21.00%, Best Valid: 25.24%, Best Test: 24.53%
Epoch: 300, Loss: 0.0121, Train: 23.69%, Valid: 24.06%, Test: 23.47%, Best Valid: 25.24%, Best Test: 24.53%
Epoch: 400, Loss: 0.0318, Train: 21.37%, Valid: 21.36%, Test: 20.68%, Best Valid: 25.24%, Best Test: 24.53%
Epoch: 500, Loss: 0.2280, Train: 18.88%, Valid: 18.94%, Test: 18.83%, Best Valid: 25.24%, Best Test: 24.53%
Epoch: 600, Loss: 0.0021, Train: 19.65%, Valid: 19.38%, Test: 19.43%, Best Valid: 25.24%, Best Test: 24.53%
Epoch: 700, Loss: 0.9241, Train: 22.03%, Valid: 22.37%, Test: 22.41%, Best Valid: 25.24%, Best Test: 24.53%
Epoch: 800, Loss: 0.0575, Train: 20.63%, Valid: 20.58%, Test: 20.51%, Best Valid: 25.24%, Best Test: 24.53%
Epoch: 900, Loss: 0.0033, Train: 24.23%, Valid: 24.54%, Test: 24.73%, Best Valid: 25.24%, Best Test: 24.53%
Epoch: 1000, Loss: 0.0043, Train: 18.62%, Valid: 19.01%, Test: 18.46%, Best Valid: 25.24%, Best Test: 24.53%
Epoch: 1100, Loss: 0.0000, Train: 21.95%, Valid: 21.54%, Test: 21.76%, Best Valid: 25.24%, Best Test: 24.53%
Epoch: 1200, Loss: 0.1915, Train: 18.87%, Valid: 18.91%, Test: 18.71%, Best Valid: 25.51%, Best Test: 24.76%
Epoch: 1300, Loss: 0.0017, Train: 19.42%, Valid: 18.92%, Test: 19.61%, Best Valid: 25.51%, Best Test: 24.76%
Epoch: 1400, Loss: 0.0000, Train: 19.69%, Valid: 19.79%, Test: 19.86%, Best Valid: 25.51%, Best Test: 24.76%
Epoch: 1500, Loss: 0.6454, Train: 19.42%, Valid: 20.00%, Test: 19.20%, Best Valid: 25.51%, Best Test: 24.76%
Epoch: 1600, Loss: 0.0176, Train: 18.66%, Valid: 18.64%, Test: 19.26%, Best Valid: 26.05%, Best Test: 25.52%
Epoch: 1700, Loss: 0.0000, Train: 21.72%, Valid: 21.75%, Test: 22.01%, Best Valid: 26.05%, Best Test: 25.52%
Epoch: 1800, Loss: 0.1860, Train: 20.82%, Valid: 20.60%, Test: 20.77%, Best Valid: 26.05%, Best Test: 25.52%
Epoch: 1900, Loss: 0.0000, Train: 21.83%, Valid: 21.62%, Test: 22.06%, Best Valid: 26.05%, Best Test: 25.52%
Epoch: 2000, Loss: 0.0000, Train: 21.44%, Valid: 21.85%, Test: 21.94%, Best Valid: 26.05%, Best Test: 25.52%
Epoch: 2100, Loss: 0.7881, Train: 20.14%, Valid: 20.35%, Test: 19.93%, Best Valid: 26.05%, Best Test: 25.52%
Epoch: 2200, Loss: 0.0000, Train: 21.91%, Valid: 22.42%, Test: 21.92%, Best Valid: 26.05%, Best Test: 25.52%
Epoch: 2300, Loss: 0.2037, Train: 20.20%, Valid: 21.11%, Test: 20.24%, Best Valid: 26.05%, Best Test: 25.52%
Epoch: 2400, Loss: 0.0059, Train: 16.52%, Valid: 17.03%, Test: 16.54%, Best Valid: 26.05%, Best Test: 25.52%
Epoch: 2500, Loss: 0.0000, Train: 19.91%, Valid: 20.21%, Test: 20.08%, Best Valid: 26.05%, Best Test: 25.52%
Run 04:
Highest Train: 25.50
Highest Valid: 26.05
Highest Test: 25.52
Chosen epoch: 1554
Final Train: 25.50
Final Test: 25.52
Label budget: 2/class -> 36 train nodes
Counting co-occurrence on train-train edges (leakage-free estimator)...
Count penalty frozen (2 train-train edges).
Epoch: 00, Loss: 6.7052, Train: 5.89%, Valid: 6.11%, Test: 6.28%, Best Valid: 6.11%, Best Test: 6.28%
Switching Polynormer to global attention phase.
Epoch: 100, Loss: 5.3159, Train: 13.82%, Valid: 13.82%, Test: 13.84%, Best Valid: 30.43%, Best Test: 30.69%
Epoch: 200, Loss: 0.4820, Train: 27.94%, Valid: 26.28%, Test: 26.47%, Best Valid: 30.43%, Best Test: 30.69%
Epoch: 300, Loss: 0.5225, Train: 28.29%, Valid: 27.31%, Test: 27.32%, Best Valid: 30.43%, Best Test: 30.69%
Epoch: 400, Loss: 0.0023, Train: 25.96%, Valid: 24.59%, Test: 25.04%, Best Valid: 30.43%, Best Test: 30.69%
Epoch: 500, Loss: 0.0004, Train: 26.49%, Valid: 25.35%, Test: 25.26%, Best Valid: 30.43%, Best Test: 30.69%
Epoch: 600, Loss: 0.1378, Train: 26.62%, Valid: 25.37%, Test: 25.61%, Best Valid: 30.43%, Best Test: 30.69%
Epoch: 700, Loss: 0.0193, Train: 27.99%, Valid: 27.13%, Test: 27.69%, Best Valid: 30.43%, Best Test: 30.69%
Epoch: 800, Loss: 0.0040, Train: 28.69%, Valid: 28.24%, Test: 27.80%, Best Valid: 30.43%, Best Test: 30.69%
Epoch: 900, Loss: 0.1910, Train: 30.42%, Valid: 29.85%, Test: 29.93%, Best Valid: 31.44%, Best Test: 31.34%
Epoch: 1000, Loss: 0.0035, Train: 30.29%, Valid: 28.84%, Test: 29.74%, Best Valid: 31.44%, Best Test: 31.34%
Epoch: 1100, Loss: 0.0004, Train: 27.94%, Valid: 26.50%, Test: 26.99%, Best Valid: 31.44%, Best Test: 31.34%
Epoch: 1200, Loss: 0.1720, Train: 24.60%, Valid: 24.11%, Test: 23.21%, Best Valid: 31.44%, Best Test: 31.34%
Epoch: 1300, Loss: 0.0000, Train: 28.80%, Valid: 27.91%, Test: 28.08%, Best Valid: 31.44%, Best Test: 31.34%
Epoch: 1400, Loss: 0.0008, Train: 29.29%, Valid: 28.16%, Test: 28.63%, Best Valid: 31.44%, Best Test: 31.34%
Epoch: 1500, Loss: 0.0000, Train: 29.16%, Valid: 28.17%, Test: 28.43%, Best Valid: 31.44%, Best Test: 31.34%
Epoch: 1600, Loss: 0.0001, Train: 29.21%, Valid: 28.49%, Test: 28.47%, Best Valid: 31.44%, Best Test: 31.34%
Epoch: 1700, Loss: 0.0000, Train: 29.21%, Valid: 28.42%, Test: 28.45%, Best Valid: 31.44%, Best Test: 31.34%
Epoch: 1800, Loss: 0.0002, Train: 29.30%, Valid: 28.47%, Test: 28.50%, Best Valid: 31.44%, Best Test: 31.34%
Epoch: 1900, Loss: 0.0000, Train: 29.22%, Valid: 28.58%, Test: 28.45%, Best Valid: 31.44%, Best Test: 31.34%
Epoch: 2000, Loss: 0.5194, Train: 25.78%, Valid: 24.75%, Test: 25.24%, Best Valid: 31.44%, Best Test: 31.34%
Epoch: 2100, Loss: 0.3005, Train: 25.68%, Valid: 24.85%, Test: 25.01%, Best Valid: 31.44%, Best Test: 31.34%
Epoch: 2200, Loss: 0.0000, Train: 26.79%, Valid: 25.60%, Test: 25.61%, Best Valid: 31.44%, Best Test: 31.34%
Epoch: 2300, Loss: 0.0000, Train: 26.73%, Valid: 25.42%, Test: 25.61%, Best Valid: 31.44%, Best Test: 31.34%
Epoch: 2400, Loss: 0.1433, Train: 27.82%, Valid: 26.64%, Test: 26.76%, Best Valid: 31.44%, Best Test: 31.34%
Epoch: 2500, Loss: 0.0001, Train: 29.85%, Valid: 28.77%, Test: 28.73%, Best Valid: 31.44%, Best Test: 31.34%
Run 05:
Highest Train: 32.87
Highest Valid: 31.44
Highest Test: 32.12
Chosen epoch: 840
Final Train: 32.40
Final Test: 31.34
Label budget: 2/class -> 36 train nodes
Counting co-occurrence on train-train edges (leakage-free estimator)...
Count penalty frozen (2 train-train edges).
Epoch: 00, Loss: 6.5761, Train: 9.34%, Valid: 9.74%, Test: 8.98%, Best Valid: 9.74%, Best Test: 8.98%
Switching Polynormer to global attention phase.
Epoch: 100, Loss: 5.2378, Train: 12.90%, Valid: 13.24%, Test: 12.67%, Best Valid: 27.48%, Best Test: 27.20%
Epoch: 200, Loss: 0.7139, Train: 25.51%, Valid: 25.31%, Test: 25.63%, Best Valid: 27.48%, Best Test: 27.20%
Epoch: 300, Loss: 0.1234, Train: 23.66%, Valid: 23.58%, Test: 23.47%, Best Valid: 27.48%, Best Test: 27.20%
Epoch: 400, Loss: 0.0004, Train: 23.93%, Valid: 24.20%, Test: 23.76%, Best Valid: 27.48%, Best Test: 27.20%
Epoch: 500, Loss: 0.0006, Train: 26.43%, Valid: 26.99%, Test: 27.06%, Best Valid: 28.61%, Best Test: 28.36%
Epoch: 600, Loss: 0.0004, Train: 25.33%, Valid: 24.94%, Test: 25.06%, Best Valid: 28.61%, Best Test: 28.36%
Epoch: 700, Loss: 0.0006, Train: 25.40%, Valid: 25.49%, Test: 24.71%, Best Valid: 28.61%, Best Test: 28.36%
Epoch: 800, Loss: 0.0002, Train: 26.83%, Valid: 27.11%, Test: 26.86%, Best Valid: 28.61%, Best Test: 28.36%
Epoch: 900, Loss: 0.7025, Train: 20.89%, Valid: 20.99%, Test: 20.70%, Best Valid: 28.61%, Best Test: 28.36%
Epoch: 1000, Loss: 0.0003, Train: 25.57%, Valid: 25.47%, Test: 26.03%, Best Valid: 28.91%, Best Test: 28.72%
Epoch: 1100, Loss: 0.0001, Train: 26.33%, Valid: 26.34%, Test: 26.65%, Best Valid: 28.91%, Best Test: 28.72%
Epoch: 1200, Loss: 0.0001, Train: 25.76%, Valid: 25.49%, Test: 25.61%, Best Valid: 28.91%, Best Test: 28.72%
Epoch: 1300, Loss: 0.0418, Train: 26.33%, Valid: 26.39%, Test: 26.97%, Best Valid: 30.89%, Best Test: 31.15%
Epoch: 1400, Loss: 0.0000, Train: 27.08%, Valid: 26.76%, Test: 27.57%, Best Valid: 30.89%, Best Test: 31.15%
Epoch: 1500, Loss: 0.0000, Train: 26.42%, Valid: 25.75%, Test: 26.47%, Best Valid: 30.89%, Best Test: 31.15%
Epoch: 1600, Loss: 0.0000, Train: 26.71%, Valid: 26.09%, Test: 26.93%, Best Valid: 30.89%, Best Test: 31.15%
Epoch: 1700, Loss: 0.0000, Train: 26.72%, Valid: 26.16%, Test: 27.02%, Best Valid: 30.89%, Best Test: 31.15%
Epoch: 1800, Loss: 0.0001, Train: 26.26%, Valid: 26.32%, Test: 26.40%, Best Valid: 30.89%, Best Test: 31.15%
Epoch: 1900, Loss: 0.0073, Train: 23.49%, Valid: 23.35%, Test: 23.21%, Best Valid: 30.89%, Best Test: 31.15%
Epoch: 2000, Loss: 0.2134, Train: 24.76%, Valid: 24.52%, Test: 23.91%, Best Valid: 30.89%, Best Test: 31.15%
Epoch: 2100, Loss: 0.0000, Train: 24.98%, Valid: 24.41%, Test: 25.06%, Best Valid: 30.89%, Best Test: 31.15%
Epoch: 2200, Loss: 0.0808, Train: 25.00%, Valid: 24.62%, Test: 24.25%, Best Valid: 30.89%, Best Test: 31.15%
Epoch: 2300, Loss: 0.0000, Train: 22.69%, Valid: 23.00%, Test: 22.54%, Best Valid: 30.89%, Best Test: 31.15%
Epoch: 2400, Loss: 0.0000, Train: 26.42%, Valid: 26.44%, Test: 26.69%, Best Valid: 30.89%, Best Test: 31.15%
Epoch: 2500, Loss: 0.5079, Train: 24.80%, Valid: 24.70%, Test: 25.31%, Best Valid: 30.89%, Best Test: 31.15%
Run 06:
Highest Train: 30.40
Highest Valid: 30.89
Highest Test: 31.29
Chosen epoch: 1281
Final Train: 30.14
Final Test: 31.15
Label budget: 2/class -> 36 train nodes
Counting co-occurrence on train-train edges (leakage-free estimator)...
Count penalty frozen (0 train-train edges).
Epoch: 00, Loss: 7.0390, Train: 5.81%, Valid: 5.07%, Test: 5.84%, Best Valid: 5.07%, Best Test: 5.84%
Switching Polynormer to global attention phase.
Epoch: 100, Loss: 5.2735, Train: 4.77%, Valid: 4.77%, Test: 4.77%, Best Valid: 25.28%, Best Test: 25.57%
Epoch: 200, Loss: 0.2970, Train: 21.36%, Valid: 21.89%, Test: 21.88%, Best Valid: 25.54%, Best Test: 25.22%
Epoch: 300, Loss: 0.2305, Train: 21.26%, Valid: 21.62%, Test: 21.92%, Best Valid: 25.54%, Best Test: 25.22%
Epoch: 400, Loss: 0.1971, Train: 21.87%, Valid: 22.08%, Test: 23.01%, Best Valid: 25.54%, Best Test: 25.22%
Epoch: 500, Loss: 0.6751, Train: 21.86%, Valid: 21.45%, Test: 22.64%, Best Valid: 25.54%, Best Test: 25.22%
Epoch: 600, Loss: 0.0034, Train: 22.09%, Valid: 21.98%, Test: 22.40%, Best Valid: 25.54%, Best Test: 25.22%
Epoch: 700, Loss: 0.0011, Train: 20.92%, Valid: 20.90%, Test: 21.43%, Best Valid: 25.54%, Best Test: 25.22%
Epoch: 800, Loss: 0.0000, Train: 22.42%, Valid: 22.82%, Test: 22.73%, Best Valid: 25.54%, Best Test: 25.22%
Epoch: 900, Loss: 0.0058, Train: 23.55%, Valid: 24.10%, Test: 24.30%, Best Valid: 25.54%, Best Test: 25.22%
Epoch: 1000, Loss: 0.0000, Train: 22.44%, Valid: 22.74%, Test: 22.94%, Best Valid: 25.54%, Best Test: 25.22%
Epoch: 1100, Loss: 0.1110, Train: 23.37%, Valid: 23.90%, Test: 23.84%, Best Valid: 27.04%, Best Test: 26.49%
Epoch: 1200, Loss: 0.0000, Train: 21.74%, Valid: 21.75%, Test: 21.94%, Best Valid: 27.04%, Best Test: 26.49%
Epoch: 1300, Loss: 0.0000, Train: 22.97%, Valid: 23.04%, Test: 23.37%, Best Valid: 27.04%, Best Test: 26.49%
Epoch: 1400, Loss: 0.5983, Train: 22.65%, Valid: 22.95%, Test: 23.42%, Best Valid: 27.04%, Best Test: 26.49%
Epoch: 1500, Loss: 0.0381, Train: 23.19%, Valid: 23.09%, Test: 23.23%, Best Valid: 27.04%, Best Test: 26.49%
Epoch: 1600, Loss: 0.1472, Train: 21.21%, Valid: 20.99%, Test: 21.37%, Best Valid: 27.04%, Best Test: 26.49%
Epoch: 1700, Loss: 0.0000, Train: 21.98%, Valid: 22.15%, Test: 22.52%, Best Valid: 27.04%, Best Test: 26.49%
Epoch: 1800, Loss: 0.0009, Train: 20.47%, Valid: 20.81%, Test: 21.06%, Best Valid: 27.04%, Best Test: 26.49%
Epoch: 1900, Loss: 0.0003, Train: 18.66%, Valid: 18.85%, Test: 19.03%, Best Valid: 27.04%, Best Test: 26.49%
Epoch: 2000, Loss: 0.0012, Train: 22.55%, Valid: 22.51%, Test: 22.40%, Best Valid: 27.04%, Best Test: 26.49%
Epoch: 2100, Loss: 0.0000, Train: 20.72%, Valid: 20.58%, Test: 20.58%, Best Valid: 27.04%, Best Test: 26.49%
Epoch: 2200, Loss: 0.0011, Train: 20.73%, Valid: 20.76%, Test: 20.86%, Best Valid: 27.04%, Best Test: 26.49%
Epoch: 2300, Loss: 0.0000, Train: 20.55%, Valid: 20.95%, Test: 20.81%, Best Valid: 27.04%, Best Test: 26.49%
Epoch: 2400, Loss: 0.0000, Train: 22.79%, Valid: 22.47%, Test: 23.12%, Best Valid: 27.04%, Best Test: 26.49%
Epoch: 2500, Loss: 0.0000, Train: 21.15%, Valid: 21.02%, Test: 21.67%, Best Valid: 27.04%, Best Test: 26.49%
Run 07:
Highest Train: 26.11
Highest Valid: 27.04
Highest Test: 26.49
Chosen epoch: 1081
Final Train: 26.11
Final Test: 26.49
Label budget: 2/class -> 36 train nodes
Counting co-occurrence on train-train edges (leakage-free estimator)...
Count penalty frozen (0 train-train edges).
Epoch: 00, Loss: 6.7693, Train: 6.27%, Valid: 6.76%, Test: 5.91%, Best Valid: 6.76%, Best Test: 5.91%
Switching Polynormer to global attention phase.
Epoch: 100, Loss: 5.1670, Train: 13.12%, Valid: 13.27%, Test: 13.66%, Best Valid: 29.66%, Best Test: 29.99%
Epoch: 200, Loss: 0.2778, Train: 26.69%, Valid: 25.81%, Test: 26.53%, Best Valid: 30.71%, Best Test: 31.52%
Epoch: 300, Loss: 0.3304, Train: 29.07%, Valid: 28.30%, Test: 29.14%, Best Valid: 30.71%, Best Test: 31.52%
Epoch: 400, Loss: 0.0484, Train: 29.47%, Valid: 28.46%, Test: 30.07%, Best Valid: 30.71%, Best Test: 31.52%
Epoch: 500, Loss: 0.0021, Train: 27.49%, Valid: 27.10%, Test: 28.20%, Best Valid: 30.71%, Best Test: 31.52%
Epoch: 600, Loss: 0.0105, Train: 27.55%, Valid: 26.97%, Test: 27.43%, Best Valid: 33.61%, Best Test: 34.31%
Epoch: 700, Loss: 0.0000, Train: 25.50%, Valid: 24.80%, Test: 25.63%, Best Valid: 33.61%, Best Test: 34.31%
Epoch: 800, Loss: 0.0165, Train: 28.35%, Valid: 27.89%, Test: 28.68%, Best Valid: 33.61%, Best Test: 34.31%
Epoch: 900, Loss: 0.0014, Train: 27.38%, Valid: 26.11%, Test: 27.57%, Best Valid: 33.61%, Best Test: 34.31%
Epoch: 1000, Loss: 0.0000, Train: 27.91%, Valid: 27.68%, Test: 28.49%, Best Valid: 33.61%, Best Test: 34.31%
Epoch: 1100, Loss: 0.0529, Train: 24.56%, Valid: 24.62%, Test: 24.74%, Best Valid: 33.61%, Best Test: 34.31%
Epoch: 1200, Loss: 0.0033, Train: 28.31%, Valid: 28.26%, Test: 28.40%, Best Valid: 33.61%, Best Test: 34.31%
Epoch: 1300, Loss: 0.0011, Train: 27.27%, Valid: 26.30%, Test: 27.29%, Best Valid: 33.61%, Best Test: 34.31%
Epoch: 1400, Loss: 0.0008, Train: 25.72%, Valid: 25.28%, Test: 26.07%, Best Valid: 33.61%, Best Test: 34.31%
Epoch: 1500, Loss: 0.0001, Train: 27.90%, Valid: 27.80%, Test: 27.59%, Best Valid: 33.61%, Best Test: 34.31%
Epoch: 1600, Loss: 0.0000, Train: 26.44%, Valid: 26.18%, Test: 26.61%, Best Valid: 33.61%, Best Test: 34.31%
Epoch: 1700, Loss: 0.0001, Train: 28.34%, Valid: 27.73%, Test: 28.36%, Best Valid: 33.61%, Best Test: 34.31%
Epoch: 1800, Loss: 0.0000, Train: 29.21%, Valid: 28.44%, Test: 29.30%, Best Valid: 33.61%, Best Test: 34.31%
Epoch: 1900, Loss: 0.0001, Train: 28.96%, Valid: 28.42%, Test: 29.23%, Best Valid: 33.61%, Best Test: 34.31%
Epoch: 2000, Loss: 0.0000, Train: 27.93%, Valid: 27.22%, Test: 28.08%, Best Valid: 33.61%, Best Test: 34.31%
Epoch: 2100, Loss: 0.0000, Train: 25.96%, Valid: 25.03%, Test: 25.45%, Best Valid: 33.61%, Best Test: 34.31%
Epoch: 2200, Loss: 0.0001, Train: 30.19%, Valid: 29.83%, Test: 30.09%, Best Valid: 33.61%, Best Test: 34.31%
Epoch: 2300, Loss: 0.0025, Train: 26.29%, Valid: 25.51%, Test: 26.14%, Best Valid: 33.61%, Best Test: 34.31%
Epoch: 2400, Loss: 0.0000, Train: 24.74%, Valid: 23.92%, Test: 25.01%, Best Valid: 33.61%, Best Test: 34.31%
Epoch: 2500, Loss: 0.0000, Train: 25.51%, Valid: 24.96%, Test: 25.68%, Best Valid: 33.61%, Best Test: 34.31%
Run 08:
Highest Train: 34.00
Highest Valid: 33.61
Highest Test: 34.36
Chosen epoch: 582
Final Train: 33.88
Final Test: 34.31
Label budget: 2/class -> 36 train nodes
Counting co-occurrence on train-train edges (leakage-free estimator)...
Count penalty frozen (0 train-train edges).
Epoch: 00, Loss: 6.3242, Train: 7.15%, Valid: 7.26%, Test: 7.17%, Best Valid: 7.26%, Best Test: 7.17%
Switching Polynormer to global attention phase.
Epoch: 100, Loss: 5.2825, Train: 3.17%, Valid: 3.16%, Test: 3.16%, Best Valid: 25.15%, Best Test: 25.64%
Epoch: 200, Loss: 0.7545, Train: 21.58%, Valid: 21.43%, Test: 22.10%, Best Valid: 25.15%, Best Test: 25.64%
Epoch: 300, Loss: 0.0294, Train: 19.47%, Valid: 18.83%, Test: 19.43%, Best Valid: 25.15%, Best Test: 25.64%
Epoch: 400, Loss: 0.2002, Train: 21.89%, Valid: 21.82%, Test: 22.18%, Best Valid: 25.56%, Best Test: 26.07%
Epoch: 500, Loss: 0.0129, Train: 23.45%, Valid: 22.84%, Test: 23.12%, Best Valid: 25.56%, Best Test: 26.07%
Epoch: 600, Loss: 0.1424, Train: 24.16%, Valid: 23.72%, Test: 24.14%, Best Valid: 26.07%, Best Test: 26.09%
Epoch: 700, Loss: 0.0622, Train: 23.04%, Valid: 23.00%, Test: 23.63%, Best Valid: 26.07%, Best Test: 26.09%
Epoch: 800, Loss: 0.0038, Train: 22.35%, Valid: 22.15%, Test: 22.66%, Best Valid: 26.07%, Best Test: 26.09%
Epoch: 900, Loss: 0.6576, Train: 22.47%, Valid: 22.74%, Test: 23.09%, Best Valid: 26.07%, Best Test: 26.09%
Epoch: 1000, Loss: 0.0004, Train: 22.65%, Valid: 23.00%, Test: 23.54%, Best Valid: 26.07%, Best Test: 26.09%
Epoch: 1100, Loss: 0.0500, Train: 23.02%, Valid: 22.91%, Test: 24.00%, Best Valid: 26.07%, Best Test: 26.09%
Epoch: 1200, Loss: 0.0332, Train: 24.05%, Valid: 24.45%, Test: 24.83%, Best Valid: 26.07%, Best Test: 26.09%
Epoch: 1300, Loss: 0.0012, Train: 24.86%, Valid: 25.07%, Test: 25.38%, Best Valid: 26.07%, Best Test: 26.09%
Epoch: 1400, Loss: 0.0004, Train: 25.62%, Valid: 25.45%, Test: 25.80%, Best Valid: 26.07%, Best Test: 26.09%
Epoch: 1500, Loss: 0.0009, Train: 24.62%, Valid: 24.40%, Test: 25.79%, Best Valid: 26.07%, Best Test: 26.09%
Epoch: 1600, Loss: 0.0000, Train: 27.00%, Valid: 26.78%, Test: 27.53%, Best Valid: 26.78%, Best Test: 27.53%
Epoch: 1700, Loss: 0.0000, Train: 24.27%, Valid: 24.89%, Test: 24.76%, Best Valid: 27.43%, Best Test: 28.03%
Epoch: 1800, Loss: 0.7137, Train: 25.44%, Valid: 25.23%, Test: 25.82%, Best Valid: 27.43%, Best Test: 28.03%
Epoch: 1900, Loss: 1.2025, Train: 24.74%, Valid: 24.02%, Test: 24.48%, Best Valid: 27.43%, Best Test: 28.03%
Epoch: 2000, Loss: 0.0000, Train: 27.61%, Valid: 26.97%, Test: 28.36%, Best Valid: 27.43%, Best Test: 28.03%
Epoch: 2100, Loss: 0.0006, Train: 23.48%, Valid: 23.00%, Test: 23.99%, Best Valid: 27.43%, Best Test: 28.03%
Epoch: 2200, Loss: 0.0004, Train: 26.05%, Valid: 26.44%, Test: 27.37%, Best Valid: 29.06%, Best Test: 29.19%
Epoch: 2300, Loss: 1.1034, Train: 26.45%, Valid: 26.65%, Test: 27.27%, Best Valid: 29.06%, Best Test: 29.19%
Epoch: 2400, Loss: 0.0001, Train: 26.50%, Valid: 26.83%, Test: 26.69%, Best Valid: 29.06%, Best Test: 29.19%
Epoch: 2500, Loss: 0.0000, Train: 26.67%, Valid: 26.74%, Test: 27.07%, Best Valid: 29.06%, Best Test: 29.19%
Run 09:
Highest Train: 28.98
Highest Valid: 29.06
Highest Test: 29.77
Chosen epoch: 2165
Final Train: 28.58
Final Test: 29.19
Label budget: 2/class -> 36 train nodes
Counting co-occurrence on train-train edges (leakage-free estimator)...
Count penalty frozen (0 train-train edges).
Epoch: 00, Loss: 6.6487, Train: 4.91%, Valid: 4.68%, Test: 5.05%, Best Valid: 4.68%, Best Test: 5.05%
Switching Polynormer to global attention phase.
Epoch: 100, Loss: 5.2124, Train: 1.45%, Valid: 1.47%, Test: 1.45%, Best Valid: 31.56%, Best Test: 30.94%
Epoch: 200, Loss: 0.8414, Train: 20.44%, Valid: 21.36%, Test: 20.03%, Best Valid: 31.56%, Best Test: 30.94%
Epoch: 300, Loss: 0.2464, Train: 26.16%, Valid: 26.44%, Test: 26.31%, Best Valid: 31.56%, Best Test: 30.94%
Epoch: 400, Loss: 0.2870, Train: 31.40%, Valid: 32.34%, Test: 31.38%, Best Valid: 32.71%, Best Test: 31.57%
Epoch: 500, Loss: 0.0013, Train: 25.97%, Valid: 26.55%, Test: 25.38%, Best Valid: 32.71%, Best Test: 31.57%
Epoch: 600, Loss: 0.4775, Train: 23.63%, Valid: 24.54%, Test: 23.26%, Best Valid: 32.71%, Best Test: 31.57%
Epoch: 700, Loss: 0.0851, Train: 26.39%, Valid: 26.53%, Test: 25.70%, Best Valid: 32.71%, Best Test: 31.57%
Epoch: 800, Loss: 0.0151, Train: 23.33%, Valid: 23.23%, Test: 23.07%, Best Valid: 32.71%, Best Test: 31.57%
Epoch: 900, Loss: 0.0004, Train: 21.77%, Valid: 22.15%, Test: 21.27%, Best Valid: 32.71%, Best Test: 31.57%
Epoch: 1000, Loss: 0.0437, Train: 22.67%, Valid: 23.28%, Test: 22.66%, Best Valid: 32.71%, Best Test: 31.57%
Epoch: 1100, Loss: 0.0000, Train: 24.83%, Valid: 25.67%, Test: 24.46%, Best Valid: 32.71%, Best Test: 31.57%
Epoch: 1200, Loss: 0.0009, Train: 20.92%, Valid: 21.17%, Test: 20.83%, Best Valid: 32.71%, Best Test: 31.57%
Epoch: 1300, Loss: 0.0000, Train: 23.72%, Valid: 24.54%, Test: 23.86%, Best Valid: 32.71%, Best Test: 31.57%
Epoch: 1400, Loss: 0.3331, Train: 24.20%, Valid: 25.00%, Test: 24.11%, Best Valid: 32.71%, Best Test: 31.57%
Epoch: 1500, Loss: 0.0006, Train: 26.51%, Valid: 27.01%, Test: 26.86%, Best Valid: 32.71%, Best Test: 31.57%
Epoch: 1600, Loss: 0.0251, Train: 19.67%, Valid: 19.77%, Test: 19.41%, Best Valid: 32.71%, Best Test: 31.57%
Epoch: 1700, Loss: 0.0001, Train: 24.31%, Valid: 24.87%, Test: 24.02%, Best Valid: 32.71%, Best Test: 31.57%
Epoch: 1800, Loss: 0.0819, Train: 24.90%, Valid: 25.60%, Test: 25.20%, Best Valid: 32.71%, Best Test: 31.57%
Epoch: 1900, Loss: 0.0000, Train: 24.14%, Valid: 24.08%, Test: 23.60%, Best Valid: 32.71%, Best Test: 31.57%
Epoch: 2000, Loss: 0.0000, Train: 24.45%, Valid: 25.37%, Test: 24.64%, Best Valid: 32.71%, Best Test: 31.57%
Epoch: 2100, Loss: 0.2057, Train: 23.13%, Valid: 24.02%, Test: 22.64%, Best Valid: 32.71%, Best Test: 31.57%
Epoch: 2200, Loss: 0.0000, Train: 28.81%, Valid: 29.04%, Test: 29.07%, Best Valid: 32.71%, Best Test: 31.57%
Epoch: 2300, Loss: 0.0002, Train: 26.37%, Valid: 26.37%, Test: 26.16%, Best Valid: 32.71%, Best Test: 31.57%
Epoch: 2400, Loss: 0.0003, Train: 24.94%, Valid: 25.19%, Test: 24.85%, Best Valid: 32.71%, Best Test: 31.57%
Epoch: 2500, Loss: 0.0810, Train: 25.13%, Valid: 26.09%, Test: 24.83%, Best Valid: 32.71%, Best Test: 31.57%
Run 10:
Highest Train: 31.61
Highest Valid: 32.71
Highest Test: 31.57
Chosen epoch: 399
Final Train: 31.61
Final Test: 31.57
All runs:
Highest Train: 30.02 ± 3.01
Highest Test: 29.93 ± 2.91
Highest Valid: 30.03 ± 2.68
  Final Train: 29.79 ± 2.93
   Final Test: 29.76 ± 2.85
Saving results to ../results/lowlabel/roman-empire/polynormer.csv
--- count_reg | lambda=1.6 ---
Namespace(aggregate='add', alpha=0.5, attention='gcn', beta=0.5, bn=False, budget_tag='2', count_reg=True, count_smoothing=1.0, cpu=False, data_dir='../data/', dataset='roman-empire', device=0, dim_inner=64, display_step=100, dropout=0.3, epochs=500, global_dropout=0.5, global_epochs=2500, global_layers=2, gnn='gcn', graph_weight=0.8, hidden_channels=64, hops=10, in_dropout=0.15, jk=False, label_num_per_class=20, lambda_val=1.6, layers=1, ln=False, local_epochs=100, local_gnn_type='GCN', local_layers=10, lr=0.001, metric='acc', mlp_epochs=500, mlp_reg=False, model='polynormer', model_dir='models/lowlabel_1178246_376', n_heads=8, num_centroids=4096, num_heads=8, oracle_reg=False, paired_seeds=True, pe_types='RWSE', penalty_transform='none', pre_linear=False, pre_ln=False, rand_split=False, rand_split_class=False, reg_start_epoch=10, reg_update_freq=5, res=False, resample_split_per_run=False, result_dir='../results/lowlabel', runs=10, save_model=True, save_result=False, seed=42, test_num=1000, tr_dropout=None, tr_layers=1, tr_weight_decay=None, train_per_class=2, train_prop=0.5, use_act=False, use_bn=False, use_graph=False, use_reg=True, use_residual=False, use_weight=False, valid_num=500, valid_per_class=0, valid_prop=0.25, weight_decay=0.0)
roman-empire
dataset roman-empire | num nodes 22662 | num edge 32927 | num node feats 300 | num classes 18
MODEL: Polynormer(
  (h_lins): ModuleList(
    (0): Linear(in_features=512, out_features=512, bias=True)
    (1): Linear(in_features=512, out_features=512, bias=True)
    (2): Linear(in_features=512, out_features=512, bias=True)
    (3): Linear(in_features=512, out_features=512, bias=True)
    (4): Linear(in_features=512, out_features=512, bias=True)
    (5): Linear(in_features=512, out_features=512, bias=True)
    (6): Linear(in_features=512, out_features=512, bias=True)
    (7): Linear(in_features=512, out_features=512, bias=True)
    (8): Linear(in_features=512, out_features=512, bias=True)
    (9): Linear(in_features=512, out_features=512, bias=True)
  )
  (local_convs): ModuleList(
    (0): GATConv(512, 64, heads=8)
    (1): GATConv(512, 64, heads=8)
    (2): GATConv(512, 64, heads=8)
    (3): GATConv(512, 64, heads=8)
    (4): GATConv(512, 64, heads=8)
    (5): GATConv(512, 64, heads=8)
    (6): GATConv(512, 64, heads=8)
    (7): GATConv(512, 64, heads=8)
    (8): GATConv(512, 64, heads=8)
    (9): GATConv(512, 64, heads=8)
  )
  (lins): ModuleList(
    (0): Linear(in_features=512, out_features=512, bias=True)
    (1): Linear(in_features=512, out_features=512, bias=True)
    (2): Linear(in_features=512, out_features=512, bias=True)
    (3): Linear(in_features=512, out_features=512, bias=True)
    (4): Linear(in_features=512, out_features=512, bias=True)
    (5): Linear(in_features=512, out_features=512, bias=True)
    (6): Linear(in_features=512, out_features=512, bias=True)
    (7): Linear(in_features=512, out_features=512, bias=True)
    (8): Linear(in_features=512, out_features=512, bias=True)
    (9): Linear(in_features=512, out_features=512, bias=True)
  )
  (lns): ModuleList(
    (0): LayerNorm((512,), eps=1e-05, elementwise_affine=True)
    (1): LayerNorm((512,), eps=1e-05, elementwise_affine=True)
    (2): LayerNorm((512,), eps=1e-05, elementwise_affine=True)
    (3): LayerNorm((512,), eps=1e-05, elementwise_affine=True)
    (4): LayerNorm((512,), eps=1e-05, elementwise_affine=True)
    (5): LayerNorm((512,), eps=1e-05, elementwise_affine=True)
    (6): LayerNorm((512,), eps=1e-05, elementwise_affine=True)
    (7): LayerNorm((512,), eps=1e-05, elementwise_affine=True)
    (8): LayerNorm((512,), eps=1e-05, elementwise_affine=True)
    (9): LayerNorm((512,), eps=1e-05, elementwise_affine=True)
  )
  (lin_in): Linear(in_features=300, out_features=512, bias=True)
  (ln): LayerNorm((512,), eps=1e-05, elementwise_affine=True)
  (global_attn): GlobalAttn(
    (h_lins): ModuleList(
      (0): Linear(in_features=512, out_features=512, bias=True)
      (1): Linear(in_features=512, out_features=512, bias=True)
    )
    (k_lins): ModuleList(
      (0): Linear(in_features=512, out_features=512, bias=True)
      (1): Linear(in_features=512, out_features=512, bias=True)
    )
    (v_lins): ModuleList(
      (0): Linear(in_features=512, out_features=512, bias=True)
      (1): Linear(in_features=512, out_features=512, bias=True)
    )
    (lns): ModuleList(
      (0): LayerNorm((512,), eps=1e-05, elementwise_affine=True)
      (1): LayerNorm((512,), eps=1e-05, elementwise_affine=True)
    )
    (lin_out): Linear(in_features=512, out_features=512, bias=True)
  )
  (pred_local): Linear(in_features=512, out_features=18, bias=True)
  (pred_global): Linear(in_features=512, out_features=18, bias=True)
)
Label budget: 2/class -> 36 train nodes
Counting co-occurrence on train-train edges (leakage-free estimator)...
Count penalty frozen (0 train-train edges).
Epoch: 00, Loss: 8.8962, Train: 4.05%, Valid: 3.69%, Test: 4.36%, Best Valid: 3.69%, Best Test: 4.36%
Switching Polynormer to global attention phase.
Epoch: 100, Loss: 7.4794, Train: 13.95%, Valid: 13.96%, Test: 13.96%, Best Valid: 27.91%, Best Test: 27.25%
Epoch: 200, Loss: 0.1336, Train: 18.52%, Valid: 18.27%, Test: 17.54%, Best Valid: 27.91%, Best Test: 27.25%
Epoch: 300, Loss: 0.0185, Train: 25.32%, Valid: 25.10%, Test: 24.36%, Best Valid: 27.91%, Best Test: 27.25%
Epoch: 400, Loss: 1.0519, Train: 27.08%, Valid: 26.85%, Test: 26.33%, Best Valid: 28.54%, Best Test: 27.97%
Epoch: 500, Loss: 0.0806, Train: 25.75%, Valid: 25.74%, Test: 24.67%, Best Valid: 28.54%, Best Test: 27.97%
Epoch: 600, Loss: 0.2259, Train: 28.86%, Valid: 28.61%, Test: 28.06%, Best Valid: 29.76%, Best Test: 28.06%
Epoch: 700, Loss: 0.0915, Train: 29.26%, Valid: 29.21%, Test: 28.56%, Best Valid: 30.43%, Best Test: 29.39%
Epoch: 800, Loss: 0.0002, Train: 30.50%, Valid: 29.83%, Test: 29.21%, Best Valid: 30.43%, Best Test: 29.39%
Epoch: 900, Loss: 0.0169, Train: 28.46%, Valid: 28.24%, Test: 27.50%, Best Valid: 30.43%, Best Test: 29.39%
Epoch: 1000, Loss: 0.0000, Train: 28.74%, Valid: 28.61%, Test: 27.50%, Best Valid: 30.43%, Best Test: 29.39%
Epoch: 1100, Loss: 0.0000, Train: 28.62%, Valid: 28.40%, Test: 27.44%, Best Valid: 30.43%, Best Test: 29.39%
Epoch: 1200, Loss: 0.1559, Train: 28.72%, Valid: 27.94%, Test: 27.52%, Best Valid: 30.43%, Best Test: 29.39%
Epoch: 1300, Loss: 0.0191, Train: 20.38%, Valid: 20.69%, Test: 19.47%, Best Valid: 30.43%, Best Test: 29.39%
Epoch: 1400, Loss: 1.0419, Train: 28.19%, Valid: 27.63%, Test: 26.88%, Best Valid: 30.43%, Best Test: 29.39%
Epoch: 1500, Loss: 0.0006, Train: 26.83%, Valid: 25.79%, Test: 25.52%, Best Valid: 30.43%, Best Test: 29.39%
Epoch: 1600, Loss: 0.6167, Train: 28.51%, Valid: 28.21%, Test: 27.30%, Best Valid: 30.56%, Best Test: 30.69%
Epoch: 1700, Loss: 0.0001, Train: 26.54%, Valid: 26.44%, Test: 25.89%, Best Valid: 30.56%, Best Test: 30.69%
Epoch: 1800, Loss: 0.0001, Train: 25.02%, Valid: 25.03%, Test: 23.72%, Best Valid: 30.56%, Best Test: 30.69%
Epoch: 1900, Loss: 0.0000, Train: 26.21%, Valid: 25.28%, Test: 24.97%, Best Valid: 30.56%, Best Test: 30.69%
Epoch: 2000, Loss: 0.0000, Train: 28.26%, Valid: 27.64%, Test: 26.72%, Best Valid: 30.56%, Best Test: 30.69%
Epoch: 2100, Loss: 0.0000, Train: 28.31%, Valid: 27.77%, Test: 26.83%, Best Valid: 30.56%, Best Test: 30.69%
Epoch: 2200, Loss: 0.0008, Train: 28.55%, Valid: 27.56%, Test: 26.51%, Best Valid: 30.56%, Best Test: 30.69%
Epoch: 2300, Loss: 0.0000, Train: 27.02%, Valid: 26.48%, Test: 26.28%, Best Valid: 30.56%, Best Test: 30.69%
Epoch: 2400, Loss: 0.0066, Train: 25.88%, Valid: 25.65%, Test: 25.01%, Best Valid: 30.56%, Best Test: 30.69%
Epoch: 2500, Loss: 0.0108, Train: 29.71%, Valid: 28.86%, Test: 28.77%, Best Valid: 30.56%, Best Test: 30.69%
Run 01:
Highest Train: 31.93
Highest Valid: 30.56
Highest Test: 30.69
Chosen epoch: 1552
Final Train: 31.92
Final Test: 30.69
Label budget: 2/class -> 36 train nodes
Counting co-occurrence on train-train edges (leakage-free estimator)...
Count penalty frozen (0 train-train edges).
Epoch: 00, Loss: 9.5518, Train: 4.46%, Valid: 4.36%, Test: 4.61%, Best Valid: 4.36%, Best Test: 4.61%
Switching Polynormer to global attention phase.
Epoch: 100, Loss: 7.6005, Train: 11.04%, Valid: 11.03%, Test: 11.05%, Best Valid: 23.95%, Best Test: 23.93%
Epoch: 200, Loss: 0.0155, Train: 19.12%, Valid: 17.65%, Test: 17.61%, Best Valid: 23.95%, Best Test: 23.93%
Epoch: 300, Loss: 0.1657, Train: 20.59%, Valid: 19.58%, Test: 19.45%, Best Valid: 23.95%, Best Test: 23.93%
Epoch: 400, Loss: 0.0337, Train: 22.20%, Valid: 21.48%, Test: 20.98%, Best Valid: 23.95%, Best Test: 23.93%
Epoch: 500, Loss: 0.0348, Train: 17.45%, Valid: 16.35%, Test: 16.18%, Best Valid: 27.86%, Best Test: 27.57%
Epoch: 600, Loss: 0.0005, Train: 17.92%, Valid: 17.25%, Test: 16.77%, Best Valid: 27.86%, Best Test: 27.57%
Epoch: 700, Loss: 0.0003, Train: 18.17%, Valid: 17.48%, Test: 17.30%, Best Valid: 27.86%, Best Test: 27.57%
Epoch: 800, Loss: 0.0214, Train: 17.65%, Valid: 16.42%, Test: 16.36%, Best Valid: 27.86%, Best Test: 27.57%
Epoch: 900, Loss: 0.0011, Train: 17.48%, Valid: 16.70%, Test: 16.77%, Best Valid: 27.86%, Best Test: 27.57%
Epoch: 1000, Loss: 0.7634, Train: 19.20%, Valid: 18.31%, Test: 17.54%, Best Valid: 27.86%, Best Test: 27.57%
Epoch: 1100, Loss: 0.3054, Train: 17.61%, Valid: 16.50%, Test: 16.38%, Best Valid: 27.86%, Best Test: 27.57%
Epoch: 1200, Loss: 0.6433, Train: 22.76%, Valid: 22.15%, Test: 21.69%, Best Valid: 27.86%, Best Test: 27.57%
Epoch: 1300, Loss: 0.0065, Train: 19.61%, Valid: 18.68%, Test: 18.44%, Best Valid: 27.86%, Best Test: 27.57%
Epoch: 1400, Loss: 0.0005, Train: 24.50%, Valid: 23.32%, Test: 22.82%, Best Valid: 27.86%, Best Test: 27.57%
Epoch: 1500, Loss: 0.0000, Train: 19.28%, Valid: 18.34%, Test: 18.53%, Best Valid: 27.86%, Best Test: 27.57%
Epoch: 1600, Loss: 0.0669, Train: 23.25%, Valid: 22.59%, Test: 22.26%, Best Valid: 27.86%, Best Test: 27.57%
Epoch: 1700, Loss: 0.1402, Train: 20.31%, Valid: 20.30%, Test: 19.13%, Best Valid: 27.86%, Best Test: 27.57%
Epoch: 1800, Loss: 0.0231, Train: 18.85%, Valid: 18.98%, Test: 18.28%, Best Valid: 27.86%, Best Test: 27.57%
Epoch: 1900, Loss: 0.1317, Train: 19.94%, Valid: 19.70%, Test: 19.59%, Best Valid: 27.86%, Best Test: 27.57%
Epoch: 2000, Loss: 0.0019, Train: 20.58%, Valid: 19.74%, Test: 19.82%, Best Valid: 27.86%, Best Test: 27.57%
Epoch: 2100, Loss: 0.0000, Train: 20.32%, Valid: 19.58%, Test: 19.98%, Best Valid: 27.86%, Best Test: 27.57%
Epoch: 2200, Loss: 0.0000, Train: 20.61%, Valid: 20.09%, Test: 20.30%, Best Valid: 27.86%, Best Test: 27.57%
Epoch: 2300, Loss: 0.0000, Train: 20.57%, Valid: 19.68%, Test: 20.08%, Best Valid: 27.86%, Best Test: 27.57%
Epoch: 2400, Loss: 0.0000, Train: 20.50%, Valid: 19.68%, Test: 20.05%, Best Valid: 27.86%, Best Test: 27.57%
Epoch: 2500, Loss: 0.0156, Train: 20.69%, Valid: 20.25%, Test: 20.37%, Best Valid: 27.86%, Best Test: 27.57%
Run 02:
Highest Train: 28.33
Highest Valid: 27.86
Highest Test: 27.57
Chosen epoch: 414
Final Train: 28.33
Final Test: 27.57
Label budget: 2/class -> 36 train nodes
Counting co-occurrence on train-train edges (leakage-free estimator)...
Count penalty frozen (0 train-train edges).
Epoch: 00, Loss: 8.9061, Train: 5.03%, Valid: 5.68%, Test: 5.24%, Best Valid: 5.68%, Best Test: 5.24%
Switching Polynormer to global attention phase.
Epoch: 100, Loss: 7.5484, Train: 11.04%, Valid: 11.05%, Test: 11.05%, Best Valid: 25.83%, Best Test: 25.41%
Epoch: 200, Loss: 0.8265, Train: 19.04%, Valid: 18.16%, Test: 18.90%, Best Valid: 25.83%, Best Test: 25.41%
Epoch: 300, Loss: 0.0824, Train: 20.79%, Valid: 20.04%, Test: 20.03%, Best Valid: 26.41%, Best Test: 26.51%
Epoch: 400, Loss: 0.1228, Train: 23.71%, Valid: 23.58%, Test: 23.54%, Best Valid: 28.01%, Best Test: 27.92%
Epoch: 500, Loss: 0.0165, Train: 25.62%, Valid: 25.65%, Test: 25.19%, Best Valid: 28.01%, Best Test: 27.92%
Epoch: 600, Loss: 0.0827, Train: 26.33%, Valid: 26.13%, Test: 26.23%, Best Valid: 29.09%, Best Test: 27.94%
Epoch: 700, Loss: 0.0380, Train: 23.76%, Valid: 22.56%, Test: 22.20%, Best Valid: 29.09%, Best Test: 27.94%
Epoch: 800, Loss: 0.0009, Train: 25.88%, Valid: 25.45%, Test: 25.27%, Best Valid: 29.09%, Best Test: 27.94%
Epoch: 900, Loss: 0.1223, Train: 25.48%, Valid: 24.96%, Test: 24.39%, Best Valid: 29.09%, Best Test: 27.94%
Epoch: 1000, Loss: 0.0003, Train: 23.22%, Valid: 23.09%, Test: 22.98%, Best Valid: 29.09%, Best Test: 27.94%
Epoch: 1100, Loss: 0.1211, Train: 22.96%, Valid: 22.31%, Test: 22.68%, Best Valid: 29.09%, Best Test: 27.94%
Epoch: 1200, Loss: 0.0001, Train: 27.56%, Valid: 27.54%, Test: 27.16%, Best Valid: 29.09%, Best Test: 27.94%
Epoch: 1300, Loss: 0.0004, Train: 27.84%, Valid: 27.64%, Test: 27.30%, Best Valid: 29.09%, Best Test: 27.94%
Epoch: 1400, Loss: 0.0000, Train: 27.20%, Valid: 26.90%, Test: 26.42%, Best Valid: 29.09%, Best Test: 27.94%
Epoch: 1500, Loss: 0.0214, Train: 26.46%, Valid: 25.60%, Test: 25.79%, Best Valid: 29.09%, Best Test: 27.94%
Epoch: 1600, Loss: 0.0000, Train: 27.71%, Valid: 27.20%, Test: 27.02%, Best Valid: 30.04%, Best Test: 29.39%
Epoch: 1700, Loss: 0.0003, Train: 28.96%, Valid: 29.21%, Test: 28.38%, Best Valid: 30.04%, Best Test: 29.39%
Epoch: 1800, Loss: 0.0003, Train: 27.26%, Valid: 27.77%, Test: 26.00%, Best Valid: 30.04%, Best Test: 29.39%
Epoch: 1900, Loss: 0.0180, Train: 32.46%, Valid: 31.95%, Test: 32.07%, Best Valid: 31.95%, Best Test: 32.07%
Epoch: 2000, Loss: 0.0005, Train: 24.06%, Valid: 23.20%, Test: 23.63%, Best Valid: 32.14%, Best Test: 32.28%
Epoch: 2100, Loss: 0.0001, Train: 24.46%, Valid: 23.41%, Test: 24.36%, Best Valid: 32.14%, Best Test: 32.28%
Epoch: 2200, Loss: 0.0000, Train: 27.33%, Valid: 26.39%, Test: 27.41%, Best Valid: 32.14%, Best Test: 32.28%
Epoch: 2300, Loss: 0.0000, Train: 26.72%, Valid: 25.91%, Test: 26.86%, Best Valid: 32.14%, Best Test: 32.28%
Epoch: 2400, Loss: 0.0017, Train: 27.99%, Valid: 27.52%, Test: 27.41%, Best Valid: 32.14%, Best Test: 32.28%
Epoch: 2500, Loss: 0.0001, Train: 28.31%, Valid: 27.61%, Test: 27.94%, Best Valid: 32.14%, Best Test: 32.28%
Run 03:
Highest Train: 32.63
Highest Valid: 32.14
Highest Test: 32.28
Chosen epoch: 1901
Final Train: 32.63
Final Test: 32.28
Label budget: 2/class -> 36 train nodes
Counting co-occurrence on train-train edges (leakage-free estimator)...
Count penalty frozen (0 train-train edges).
Epoch: 00, Loss: 9.6195, Train: 4.48%, Valid: 4.50%, Test: 4.87%, Best Valid: 4.50%, Best Test: 4.87%
Switching Polynormer to global attention phase.
Epoch: 100, Loss: 7.5337, Train: 1.99%, Valid: 2.01%, Test: 1.99%, Best Valid: 26.69%, Best Test: 26.00%
Epoch: 200, Loss: 1.7436, Train: 21.61%, Valid: 21.71%, Test: 21.51%, Best Valid: 26.69%, Best Test: 26.00%
Epoch: 300, Loss: 1.5138, Train: 23.37%, Valid: 24.41%, Test: 24.14%, Best Valid: 26.69%, Best Test: 26.00%
Epoch: 400, Loss: 0.3793, Train: 22.37%, Valid: 22.95%, Test: 22.64%, Best Valid: 26.69%, Best Test: 26.00%
Epoch: 500, Loss: 0.0124, Train: 23.09%, Valid: 24.08%, Test: 23.54%, Best Valid: 26.69%, Best Test: 26.00%
Epoch: 600, Loss: 0.3098, Train: 21.76%, Valid: 22.33%, Test: 22.47%, Best Valid: 26.69%, Best Test: 26.00%
Epoch: 700, Loss: 0.0569, Train: 19.42%, Valid: 20.00%, Test: 19.73%, Best Valid: 26.69%, Best Test: 26.00%
Epoch: 800, Loss: 0.0004, Train: 22.52%, Valid: 23.21%, Test: 22.20%, Best Valid: 26.69%, Best Test: 26.00%
Epoch: 900, Loss: 0.0004, Train: 21.98%, Valid: 22.17%, Test: 22.10%, Best Valid: 26.69%, Best Test: 26.00%
Epoch: 1000, Loss: 0.1262, Train: 22.05%, Valid: 22.77%, Test: 22.75%, Best Valid: 26.69%, Best Test: 26.00%
Epoch: 1100, Loss: 0.0003, Train: 22.15%, Valid: 22.44%, Test: 22.31%, Best Valid: 26.69%, Best Test: 26.00%
Epoch: 1200, Loss: 0.0014, Train: 25.50%, Valid: 26.37%, Test: 26.07%, Best Valid: 26.88%, Best Test: 26.56%
Epoch: 1300, Loss: 0.0233, Train: 24.09%, Valid: 24.15%, Test: 23.74%, Best Valid: 26.88%, Best Test: 26.56%
Epoch: 1400, Loss: 0.0085, Train: 19.55%, Valid: 19.15%, Test: 19.29%, Best Valid: 26.88%, Best Test: 26.56%
Epoch: 1500, Loss: 0.0000, Train: 21.94%, Valid: 22.65%, Test: 22.01%, Best Valid: 26.88%, Best Test: 26.56%
Epoch: 1600, Loss: 0.0000, Train: 23.69%, Valid: 24.40%, Test: 23.49%, Best Valid: 26.88%, Best Test: 26.56%
Epoch: 1700, Loss: 0.0745, Train: 25.24%, Valid: 26.16%, Test: 25.01%, Best Valid: 26.88%, Best Test: 26.56%
Epoch: 1800, Loss: 0.0001, Train: 23.93%, Valid: 24.50%, Test: 23.83%, Best Valid: 27.66%, Best Test: 27.55%
Epoch: 1900, Loss: 0.0009, Train: 25.09%, Valid: 25.17%, Test: 24.06%, Best Valid: 27.66%, Best Test: 27.55%
Epoch: 2000, Loss: 0.0000, Train: 22.38%, Valid: 22.31%, Test: 22.27%, Best Valid: 27.66%, Best Test: 27.55%
Epoch: 2100, Loss: 0.2133, Train: 22.37%, Valid: 23.23%, Test: 22.26%, Best Valid: 27.66%, Best Test: 27.55%
Epoch: 2200, Loss: 0.0797, Train: 18.60%, Valid: 19.14%, Test: 18.36%, Best Valid: 27.66%, Best Test: 27.55%
Epoch: 2300, Loss: 0.0000, Train: 23.63%, Valid: 23.69%, Test: 22.91%, Best Valid: 27.66%, Best Test: 27.55%
Epoch: 2400, Loss: 0.9363, Train: 18.75%, Valid: 18.45%, Test: 18.11%, Best Valid: 27.66%, Best Test: 27.55%
Epoch: 2500, Loss: 0.0000, Train: 17.77%, Valid: 17.42%, Test: 17.81%, Best Valid: 27.66%, Best Test: 27.55%
Run 04:
Highest Train: 26.89
Highest Valid: 27.66
Highest Test: 27.55
Chosen epoch: 1749
Final Train: 26.89
Final Test: 27.55
Label budget: 2/class -> 36 train nodes
Counting co-occurrence on train-train edges (leakage-free estimator)...
Count penalty frozen (2 train-train edges).
Epoch: 00, Loss: 9.6853, Train: 5.90%, Valid: 6.13%, Test: 6.35%, Best Valid: 6.13%, Best Test: 6.35%
Switching Polynormer to global attention phase.
Epoch: 100, Loss: 7.6577, Train: 6.09%, Valid: 6.13%, Test: 6.05%, Best Valid: 32.74%, Best Test: 32.53%
Epoch: 200, Loss: 0.0666, Train: 27.29%, Valid: 25.58%, Test: 26.03%, Best Valid: 32.74%, Best Test: 32.53%
Epoch: 300, Loss: 0.0662, Train: 29.19%, Valid: 28.84%, Test: 28.40%, Best Valid: 32.99%, Best Test: 32.40%
Epoch: 400, Loss: 0.2473, Train: 31.49%, Valid: 30.36%, Test: 30.23%, Best Valid: 32.99%, Best Test: 32.40%
Epoch: 500, Loss: 0.0026, Train: 28.09%, Valid: 27.20%, Test: 26.83%, Best Valid: 32.99%, Best Test: 32.40%
Epoch: 600, Loss: 0.0343, Train: 32.51%, Valid: 32.00%, Test: 31.34%, Best Valid: 32.99%, Best Test: 32.40%
Epoch: 700, Loss: 0.1113, Train: 29.11%, Valid: 28.23%, Test: 27.64%, Best Valid: 33.50%, Best Test: 33.18%
Epoch: 800, Loss: 0.2747, Train: 28.13%, Valid: 27.03%, Test: 26.81%, Best Valid: 35.18%, Best Test: 34.42%
Epoch: 900, Loss: 0.0073, Train: 31.70%, Valid: 30.91%, Test: 30.71%, Best Valid: 35.18%, Best Test: 34.42%
Epoch: 1000, Loss: 0.3796, Train: 31.93%, Valid: 31.03%, Test: 31.15%, Best Valid: 35.18%, Best Test: 34.42%
Epoch: 1100, Loss: 0.0208, Train: 29.15%, Valid: 27.98%, Test: 27.73%, Best Valid: 35.18%, Best Test: 34.42%
Epoch: 1200, Loss: 0.0004, Train: 31.99%, Valid: 31.14%, Test: 30.96%, Best Valid: 35.18%, Best Test: 34.42%
Epoch: 1300, Loss: 0.0002, Train: 29.28%, Valid: 28.68%, Test: 28.52%, Best Valid: 35.18%, Best Test: 34.42%
Epoch: 1400, Loss: 0.0010, Train: 31.97%, Valid: 31.12%, Test: 30.66%, Best Valid: 35.18%, Best Test: 34.42%
Epoch: 1500, Loss: 0.0336, Train: 30.60%, Valid: 29.66%, Test: 29.83%, Best Valid: 35.18%, Best Test: 34.42%
Epoch: 1600, Loss: 0.0001, Train: 32.29%, Valid: 31.88%, Test: 32.02%, Best Valid: 35.18%, Best Test: 34.42%
Epoch: 1700, Loss: 0.0138, Train: 28.18%, Valid: 27.66%, Test: 27.41%, Best Valid: 35.18%, Best Test: 34.42%
Epoch: 1800, Loss: 4.7351, Train: 30.80%, Valid: 29.71%, Test: 29.72%, Best Valid: 35.18%, Best Test: 34.42%
Epoch: 1900, Loss: 0.0397, Train: 28.82%, Valid: 27.77%, Test: 27.85%, Best Valid: 35.18%, Best Test: 34.42%
Epoch: 2000, Loss: 0.0000, Train: 27.39%, Valid: 26.30%, Test: 26.14%, Best Valid: 35.18%, Best Test: 34.42%
Epoch: 2100, Loss: 0.0000, Train: 28.16%, Valid: 26.97%, Test: 27.44%, Best Valid: 35.18%, Best Test: 34.42%
Epoch: 2200, Loss: 0.0000, Train: 27.28%, Valid: 26.57%, Test: 26.33%, Best Valid: 35.18%, Best Test: 34.42%
Epoch: 2300, Loss: 0.2634, Train: 27.38%, Valid: 26.85%, Test: 26.30%, Best Valid: 35.18%, Best Test: 34.42%
Epoch: 2400, Loss: 0.0000, Train: 27.77%, Valid: 26.76%, Test: 27.39%, Best Valid: 35.18%, Best Test: 34.42%
Epoch: 2500, Loss: 0.0328, Train: 29.94%, Valid: 28.91%, Test: 28.82%, Best Valid: 35.18%, Best Test: 34.42%
Run 05:
Highest Train: 35.51
Highest Valid: 35.18
Highest Test: 34.47
Chosen epoch: 741
Final Train: 35.51
Final Test: 34.42
Label budget: 2/class -> 36 train nodes
Counting co-occurrence on train-train edges (leakage-free estimator)...
Count penalty frozen (2 train-train edges).
Epoch: 00, Loss: 9.4988, Train: 9.35%, Valid: 9.73%, Test: 9.07%, Best Valid: 9.73%, Best Test: 9.07%
Switching Polynormer to global attention phase.
Epoch: 100, Loss: 7.4770, Train: 13.14%, Valid: 13.36%, Test: 13.41%, Best Valid: 29.66%, Best Test: 29.16%
Epoch: 200, Loss: 1.3311, Train: 22.81%, Valid: 23.32%, Test: 22.98%, Best Valid: 29.66%, Best Test: 29.16%
Epoch: 300, Loss: 0.2227, Train: 23.68%, Valid: 23.28%, Test: 23.37%, Best Valid: 30.33%, Best Test: 29.69%
Epoch: 400, Loss: 0.0028, Train: 25.69%, Valid: 26.13%, Test: 26.10%, Best Valid: 30.33%, Best Test: 29.69%
Epoch: 500, Loss: 0.0098, Train: 28.60%, Valid: 28.68%, Test: 28.57%, Best Valid: 30.33%, Best Test: 29.69%
Epoch: 600, Loss: 0.6246, Train: 28.95%, Valid: 29.32%, Test: 30.09%, Best Valid: 30.40%, Best Test: 30.57%
Epoch: 700, Loss: 0.0004, Train: 25.30%, Valid: 25.74%, Test: 25.41%, Best Valid: 30.40%, Best Test: 30.57%
Epoch: 800, Loss: 0.0031, Train: 30.60%, Valid: 30.19%, Test: 30.55%, Best Valid: 30.79%, Best Test: 31.19%
Epoch: 900, Loss: 1.9525, Train: 26.86%, Valid: 26.48%, Test: 27.04%, Best Valid: 30.79%, Best Test: 31.19%
Epoch: 1000, Loss: 0.0000, Train: 28.21%, Valid: 27.78%, Test: 28.57%, Best Valid: 30.79%, Best Test: 31.19%
Epoch: 1100, Loss: 0.8199, Train: 25.85%, Valid: 25.67%, Test: 25.38%, Best Valid: 30.79%, Best Test: 31.19%
Epoch: 1200, Loss: 1.2390, Train: 27.15%, Valid: 26.73%, Test: 27.13%, Best Valid: 30.79%, Best Test: 31.19%
Epoch: 1300, Loss: 0.0248, Train: 26.28%, Valid: 26.04%, Test: 25.98%, Best Valid: 30.79%, Best Test: 31.19%
Epoch: 1400, Loss: 0.0524, Train: 27.30%, Valid: 26.73%, Test: 27.14%, Best Valid: 30.79%, Best Test: 31.19%
Epoch: 1500, Loss: 0.3385, Train: 26.43%, Valid: 25.68%, Test: 26.21%, Best Valid: 30.79%, Best Test: 31.19%
Epoch: 1600, Loss: 0.0000, Train: 28.77%, Valid: 28.77%, Test: 28.61%, Best Valid: 30.79%, Best Test: 31.19%
Epoch: 1700, Loss: 0.0039, Train: 27.08%, Valid: 26.92%, Test: 26.97%, Best Valid: 30.79%, Best Test: 31.19%
Epoch: 1800, Loss: 0.0280, Train: 21.39%, Valid: 21.89%, Test: 21.27%, Best Valid: 30.79%, Best Test: 31.19%
Epoch: 1900, Loss: 0.0000, Train: 26.49%, Valid: 26.20%, Test: 25.96%, Best Valid: 30.79%, Best Test: 31.19%
Epoch: 2000, Loss: 0.0001, Train: 24.55%, Valid: 25.00%, Test: 24.46%, Best Valid: 30.79%, Best Test: 31.19%
Epoch: 2100, Loss: 1.0464, Train: 23.24%, Valid: 23.53%, Test: 22.86%, Best Valid: 30.79%, Best Test: 31.19%
Epoch: 2200, Loss: 0.0000, Train: 24.91%, Valid: 25.01%, Test: 25.01%, Best Valid: 30.79%, Best Test: 31.19%
Epoch: 2300, Loss: 0.0146, Train: 27.11%, Valid: 27.61%, Test: 26.83%, Best Valid: 30.79%, Best Test: 31.19%
Epoch: 2400, Loss: 0.0000, Train: 26.28%, Valid: 26.97%, Test: 26.81%, Best Valid: 30.79%, Best Test: 31.19%
Epoch: 2500, Loss: 0.0000, Train: 26.78%, Valid: 26.94%, Test: 26.53%, Best Valid: 30.79%, Best Test: 31.19%
Run 06:
Highest Train: 31.07
Highest Valid: 30.79
Highest Test: 31.19
Chosen epoch: 787
Final Train: 31.06
Final Test: 31.19
Label budget: 2/class -> 36 train nodes
Counting co-occurrence on train-train edges (leakage-free estimator)...
Count penalty frozen (0 train-train edges).
Epoch: 00, Loss: 10.1674, Train: 5.81%, Valid: 5.07%, Test: 5.84%, Best Valid: 5.07%, Best Test: 5.84%
Switching Polynormer to global attention phase.
Epoch: 100, Loss: 7.6152, Train: 4.77%, Valid: 4.77%, Test: 4.77%, Best Valid: 26.83%, Best Test: 26.67%
Epoch: 200, Loss: 3.4306, Train: 22.65%, Valid: 22.93%, Test: 23.28%, Best Valid: 26.83%, Best Test: 26.67%
Epoch: 300, Loss: 0.8655, Train: 20.85%, Valid: 20.99%, Test: 21.18%, Best Valid: 26.83%, Best Test: 26.67%
Epoch: 400, Loss: 0.6581, Train: 21.30%, Valid: 21.73%, Test: 22.17%, Best Valid: 26.83%, Best Test: 26.67%
Epoch: 500, Loss: 0.0197, Train: 23.08%, Valid: 23.18%, Test: 24.13%, Best Valid: 26.83%, Best Test: 26.67%
Epoch: 600, Loss: 0.0063, Train: 21.88%, Valid: 22.29%, Test: 23.21%, Best Valid: 26.83%, Best Test: 26.67%
Epoch: 700, Loss: 0.0000, Train: 22.13%, Valid: 22.12%, Test: 23.12%, Best Valid: 26.83%, Best Test: 26.67%
Epoch: 800, Loss: 0.7690, Train: 20.02%, Valid: 20.46%, Test: 20.08%, Best Valid: 26.83%, Best Test: 26.67%
Epoch: 900, Loss: 0.0145, Train: 20.32%, Valid: 20.62%, Test: 21.06%, Best Valid: 26.83%, Best Test: 26.67%
Epoch: 1000, Loss: 0.8917, Train: 21.79%, Valid: 22.21%, Test: 22.45%, Best Valid: 26.83%, Best Test: 26.67%
Epoch: 1100, Loss: 0.0022, Train: 22.86%, Valid: 22.98%, Test: 23.33%, Best Valid: 26.83%, Best Test: 26.67%
Epoch: 1200, Loss: 0.0000, Train: 22.94%, Valid: 22.86%, Test: 23.53%, Best Valid: 26.83%, Best Test: 26.67%
Epoch: 1300, Loss: 0.0004, Train: 20.71%, Valid: 20.72%, Test: 20.53%, Best Valid: 26.83%, Best Test: 26.67%
Epoch: 1400, Loss: 0.0658, Train: 20.99%, Valid: 21.50%, Test: 21.60%, Best Valid: 26.83%, Best Test: 26.67%
Epoch: 1500, Loss: 0.1840, Train: 23.04%, Valid: 23.44%, Test: 23.58%, Best Valid: 26.83%, Best Test: 26.67%
Epoch: 1600, Loss: 0.0062, Train: 19.83%, Valid: 20.32%, Test: 20.19%, Best Valid: 26.83%, Best Test: 26.67%
Epoch: 1700, Loss: 0.0000, Train: 22.19%, Valid: 22.15%, Test: 21.85%, Best Valid: 26.83%, Best Test: 26.67%
Epoch: 1800, Loss: 0.0000, Train: 21.59%, Valid: 21.99%, Test: 21.50%, Best Valid: 26.83%, Best Test: 26.67%
Epoch: 1900, Loss: 0.0000, Train: 21.40%, Valid: 21.92%, Test: 21.13%, Best Valid: 26.83%, Best Test: 26.67%
Epoch: 2000, Loss: 0.0011, Train: 22.20%, Valid: 22.44%, Test: 22.31%, Best Valid: 26.83%, Best Test: 26.67%
Epoch: 2100, Loss: 0.0001, Train: 22.34%, Valid: 22.68%, Test: 22.45%, Best Valid: 26.83%, Best Test: 26.67%
Epoch: 2200, Loss: 0.0000, Train: 21.99%, Valid: 22.21%, Test: 22.20%, Best Valid: 26.83%, Best Test: 26.67%
Epoch: 2300, Loss: 0.0000, Train: 22.19%, Valid: 22.38%, Test: 22.29%, Best Valid: 26.83%, Best Test: 26.67%
Epoch: 2400, Loss: 0.0000, Train: 20.33%, Valid: 20.92%, Test: 20.63%, Best Valid: 26.83%, Best Test: 26.67%
Epoch: 2500, Loss: 0.0000, Train: 20.76%, Valid: 21.54%, Test: 20.72%, Best Valid: 26.83%, Best Test: 26.67%
Run 07:
Highest Train: 26.51
Highest Valid: 26.83
Highest Test: 27.52
Chosen epoch: 19
Final Train: 26.51
Final Test: 26.67
Label budget: 2/class -> 36 train nodes
Counting co-occurrence on train-train edges (leakage-free estimator)...
Count penalty frozen (0 train-train edges).
Epoch: 00, Loss: 9.7779, Train: 6.27%, Valid: 6.69%, Test: 5.91%, Best Valid: 6.69%, Best Test: 5.91%
Switching Polynormer to global attention phase.
Epoch: 100, Loss: 7.4526, Train: 1.88%, Valid: 2.08%, Test: 2.01%, Best Valid: 29.92%, Best Test: 30.96%
Epoch: 200, Loss: 0.8815, Train: 30.53%, Valid: 29.55%, Test: 30.53%, Best Valid: 30.29%, Best Test: 30.90%
Epoch: 300, Loss: 0.1493, Train: 27.65%, Valid: 27.01%, Test: 27.23%, Best Valid: 30.29%, Best Test: 30.90%
Epoch: 400, Loss: 0.1909, Train: 29.10%, Valid: 28.68%, Test: 29.37%, Best Valid: 30.82%, Best Test: 31.94%
Epoch: 500, Loss: 0.0105, Train: 30.31%, Valid: 29.74%, Test: 30.41%, Best Valid: 31.60%, Best Test: 32.12%
Epoch: 600, Loss: 0.0158, Train: 32.16%, Valid: 31.77%, Test: 32.58%, Best Valid: 34.26%, Best Test: 34.79%
Epoch: 700, Loss: 0.0792, Train: 29.00%, Valid: 28.54%, Test: 29.69%, Best Valid: 34.26%, Best Test: 34.79%
Epoch: 800, Loss: 0.0000, Train: 32.19%, Valid: 31.30%, Test: 32.55%, Best Valid: 34.26%, Best Test: 34.79%
Epoch: 900, Loss: 0.1564, Train: 32.63%, Valid: 31.81%, Test: 32.35%, Best Valid: 34.26%, Best Test: 34.79%
Epoch: 1000, Loss: 0.1889, Train: 31.97%, Valid: 31.23%, Test: 32.39%, Best Valid: 34.26%, Best Test: 34.79%
Epoch: 1100, Loss: 0.0039, Train: 32.30%, Valid: 32.34%, Test: 32.74%, Best Valid: 34.74%, Best Test: 35.33%
Epoch: 1200, Loss: 0.0701, Train: 31.91%, Valid: 31.09%, Test: 31.86%, Best Valid: 34.74%, Best Test: 35.33%
Epoch: 1300, Loss: 0.5124, Train: 30.58%, Valid: 29.51%, Test: 30.48%, Best Valid: 35.71%, Best Test: 36.25%
Epoch: 1400, Loss: 0.0000, Train: 27.91%, Valid: 26.71%, Test: 27.74%, Best Valid: 35.71%, Best Test: 36.25%
Epoch: 1500, Loss: 0.2171, Train: 30.98%, Valid: 30.06%, Test: 31.27%, Best Valid: 35.71%, Best Test: 36.25%
Epoch: 1600, Loss: 0.0000, Train: 33.27%, Valid: 32.07%, Test: 33.18%, Best Valid: 35.71%, Best Test: 36.25%
Epoch: 1700, Loss: 0.0000, Train: 33.80%, Valid: 32.90%, Test: 33.92%, Best Valid: 35.71%, Best Test: 36.25%
Epoch: 1800, Loss: 0.0000, Train: 30.60%, Valid: 29.62%, Test: 30.90%, Best Valid: 35.71%, Best Test: 36.25%
Epoch: 1900, Loss: 0.0000, Train: 30.39%, Valid: 29.69%, Test: 30.73%, Best Valid: 35.71%, Best Test: 36.25%
Epoch: 2000, Loss: 0.1754, Train: 30.48%, Valid: 30.17%, Test: 30.25%, Best Valid: 35.71%, Best Test: 36.25%
Epoch: 2100, Loss: 0.0030, Train: 33.26%, Valid: 32.85%, Test: 33.45%, Best Valid: 35.71%, Best Test: 36.25%
Epoch: 2200, Loss: 0.0001, Train: 33.55%, Valid: 33.33%, Test: 33.50%, Best Valid: 35.71%, Best Test: 36.25%
Epoch: 2300, Loss: 0.0043, Train: 34.90%, Valid: 34.28%, Test: 34.89%, Best Valid: 35.71%, Best Test: 36.25%
Epoch: 2400, Loss: 0.0000, Train: 33.33%, Valid: 33.45%, Test: 33.29%, Best Valid: 35.71%, Best Test: 36.25%
Epoch: 2500, Loss: 0.1242, Train: 33.85%, Valid: 33.49%, Test: 33.80%, Best Valid: 35.71%, Best Test: 36.25%
Run 08:
Highest Train: 35.81
Highest Valid: 35.71
Highest Test: 36.29
Chosen epoch: 1260
Final Train: 35.81
Final Test: 36.25
Label budget: 2/class -> 36 train nodes
Counting co-occurrence on train-train edges (leakage-free estimator)...
Count penalty frozen (0 train-train edges).
Epoch: 00, Loss: 9.1349, Train: 7.15%, Valid: 7.26%, Test: 7.17%, Best Valid: 7.26%, Best Test: 7.17%
Switching Polynormer to global attention phase.
Epoch: 100, Loss: 7.6286, Train: 1.77%, Valid: 1.78%, Test: 1.78%, Best Valid: 26.67%, Best Test: 27.46%
Epoch: 200, Loss: 0.2421, Train: 23.90%, Valid: 22.82%, Test: 23.58%, Best Valid: 28.28%, Best Test: 28.89%
Epoch: 300, Loss: 0.0141, Train: 26.53%, Valid: 26.39%, Test: 25.94%, Best Valid: 28.28%, Best Test: 28.89%
Epoch: 400, Loss: 0.0020, Train: 22.10%, Valid: 22.10%, Test: 21.85%, Best Valid: 28.28%, Best Test: 28.89%
Epoch: 500, Loss: 0.0000, Train: 25.01%, Valid: 24.27%, Test: 24.74%, Best Valid: 28.28%, Best Test: 28.89%
Epoch: 600, Loss: 0.0067, Train: 25.35%, Valid: 24.57%, Test: 25.19%, Best Valid: 28.28%, Best Test: 28.89%
Epoch: 700, Loss: 0.0012, Train: 23.02%, Valid: 22.95%, Test: 23.26%, Best Valid: 28.28%, Best Test: 28.89%
Epoch: 800, Loss: 0.0000, Train: 22.73%, Valid: 22.44%, Test: 23.60%, Best Valid: 28.28%, Best Test: 28.89%
Epoch: 900, Loss: 0.2229, Train: 23.39%, Valid: 23.20%, Test: 23.88%, Best Valid: 28.28%, Best Test: 28.89%
Epoch: 1000, Loss: 0.0035, Train: 23.96%, Valid: 23.76%, Test: 24.04%, Best Valid: 28.28%, Best Test: 28.89%
Epoch: 1100, Loss: 0.0002, Train: 24.57%, Valid: 24.50%, Test: 24.78%, Best Valid: 28.28%, Best Test: 28.89%
Epoch: 1200, Loss: 0.0000, Train: 25.28%, Valid: 24.82%, Test: 25.01%, Best Valid: 28.28%, Best Test: 28.89%
Epoch: 1300, Loss: 0.1437, Train: 23.05%, Valid: 22.77%, Test: 23.51%, Best Valid: 28.28%, Best Test: 28.89%
Epoch: 1400, Loss: 0.7219, Train: 20.59%, Valid: 20.28%, Test: 20.72%, Best Valid: 28.28%, Best Test: 28.89%
Epoch: 1500, Loss: 0.0001, Train: 24.98%, Valid: 24.57%, Test: 24.85%, Best Valid: 28.28%, Best Test: 28.89%
Epoch: 1600, Loss: 0.7227, Train: 24.17%, Valid: 24.52%, Test: 24.83%, Best Valid: 28.28%, Best Test: 28.89%
Epoch: 1700, Loss: 0.0006, Train: 24.19%, Valid: 24.34%, Test: 24.66%, Best Valid: 28.28%, Best Test: 28.89%
Epoch: 1800, Loss: 0.0000, Train: 24.61%, Valid: 24.48%, Test: 24.29%, Best Valid: 28.28%, Best Test: 28.89%
Epoch: 1900, Loss: 0.0001, Train: 25.46%, Valid: 25.47%, Test: 25.47%, Best Valid: 28.28%, Best Test: 28.89%
Epoch: 2000, Loss: 0.0000, Train: 26.03%, Valid: 25.97%, Test: 25.93%, Best Valid: 28.28%, Best Test: 28.89%
Epoch: 2100, Loss: 0.0047, Train: 25.60%, Valid: 25.63%, Test: 25.75%, Best Valid: 28.28%, Best Test: 28.89%
Epoch: 2200, Loss: 0.0154, Train: 23.72%, Valid: 23.88%, Test: 24.34%, Best Valid: 28.28%, Best Test: 28.89%
Epoch: 2300, Loss: 0.1469, Train: 25.88%, Valid: 24.75%, Test: 26.19%, Best Valid: 28.28%, Best Test: 28.89%
Epoch: 2400, Loss: 0.0000, Train: 24.63%, Valid: 24.98%, Test: 24.69%, Best Valid: 28.28%, Best Test: 28.89%
Epoch: 2500, Loss: 0.0156, Train: 24.05%, Valid: 24.29%, Test: 24.55%, Best Valid: 28.28%, Best Test: 28.89%
Run 09:
Highest Train: 28.78
Highest Valid: 28.28
Highest Test: 28.89
Chosen epoch: 158
Final Train: 28.78
Final Test: 28.89
Label budget: 2/class -> 36 train nodes
Counting co-occurrence on train-train edges (leakage-free estimator)...
Count penalty frozen (0 train-train edges).
Epoch: 00, Loss: 9.6036, Train: 4.91%, Valid: 4.68%, Test: 5.03%, Best Valid: 4.68%, Best Test: 5.03%
Switching Polynormer to global attention phase.
Epoch: 100, Loss: 7.6002, Train: 5.48%, Valid: 5.47%, Test: 5.45%, Best Valid: 29.27%, Best Test: 28.79%
Epoch: 200, Loss: 0.5295, Train: 27.58%, Valid: 27.47%, Test: 27.02%, Best Valid: 32.18%, Best Test: 31.10%
Epoch: 300, Loss: 0.0012, Train: 28.42%, Valid: 28.91%, Test: 28.33%, Best Valid: 32.18%, Best Test: 31.10%
Epoch: 400, Loss: 0.0450, Train: 28.84%, Valid: 28.33%, Test: 27.89%, Best Valid: 32.18%, Best Test: 31.10%
Epoch: 500, Loss: 0.0005, Train: 27.35%, Valid: 27.84%, Test: 26.93%, Best Valid: 32.18%, Best Test: 31.10%
Epoch: 600, Loss: 0.0000, Train: 26.68%, Valid: 27.03%, Test: 26.24%, Best Valid: 32.18%, Best Test: 31.10%
Epoch: 700, Loss: 0.0001, Train: 27.75%, Valid: 28.30%, Test: 27.25%, Best Valid: 32.18%, Best Test: 31.10%
Epoch: 800, Loss: 0.0009, Train: 27.55%, Valid: 27.84%, Test: 27.39%, Best Valid: 32.18%, Best Test: 31.10%
Epoch: 900, Loss: 0.0022, Train: 27.61%, Valid: 27.87%, Test: 27.52%, Best Valid: 32.18%, Best Test: 31.10%
Epoch: 1000, Loss: 2.8273, Train: 25.87%, Valid: 25.70%, Test: 25.59%, Best Valid: 32.18%, Best Test: 31.10%
Epoch: 1100, Loss: 0.0000, Train: 24.74%, Valid: 24.64%, Test: 24.81%, Best Valid: 32.18%, Best Test: 31.10%
Epoch: 1200, Loss: 0.0000, Train: 23.78%, Valid: 24.61%, Test: 24.02%, Best Valid: 32.18%, Best Test: 31.10%
Epoch: 1300, Loss: 0.0000, Train: 23.89%, Valid: 24.75%, Test: 24.50%, Best Valid: 32.18%, Best Test: 31.10%
Epoch: 1400, Loss: 0.0333, Train: 25.28%, Valid: 26.18%, Test: 25.47%, Best Valid: 32.18%, Best Test: 31.10%
Epoch: 1500, Loss: 0.0000, Train: 23.85%, Valid: 24.82%, Test: 24.11%, Best Valid: 32.18%, Best Test: 31.10%
Epoch: 1600, Loss: 0.0003, Train: 24.13%, Valid: 24.84%, Test: 24.18%, Best Valid: 32.18%, Best Test: 31.10%
Epoch: 1700, Loss: 0.0000, Train: 24.14%, Valid: 24.64%, Test: 24.11%, Best Valid: 32.18%, Best Test: 31.10%
Epoch: 1800, Loss: 0.1099, Train: 23.40%, Valid: 23.42%, Test: 23.76%, Best Valid: 32.18%, Best Test: 31.10%
Epoch: 1900, Loss: 0.0003, Train: 23.62%, Valid: 24.08%, Test: 23.76%, Best Valid: 32.18%, Best Test: 31.10%
Epoch: 2000, Loss: 1.0889, Train: 23.10%, Valid: 23.48%, Test: 23.10%, Best Valid: 32.18%, Best Test: 31.10%
Epoch: 2100, Loss: 0.2107, Train: 23.65%, Valid: 23.85%, Test: 23.24%, Best Valid: 32.18%, Best Test: 31.10%
Epoch: 2200, Loss: 0.0019, Train: 24.60%, Valid: 24.45%, Test: 23.93%, Best Valid: 32.18%, Best Test: 31.10%
Epoch: 2300, Loss: 2.5565, Train: 26.83%, Valid: 27.36%, Test: 26.83%, Best Valid: 32.18%, Best Test: 31.10%
Epoch: 2400, Loss: 0.2034, Train: 24.20%, Valid: 24.54%, Test: 24.21%, Best Valid: 32.18%, Best Test: 31.10%
Epoch: 2500, Loss: 0.0051, Train: 23.54%, Valid: 23.58%, Test: 23.17%, Best Valid: 32.18%, Best Test: 31.10%
Run 10:
Highest Train: 31.30
Highest Valid: 32.18
Highest Test: 31.34
Chosen epoch: 171
Final Train: 31.23
Final Test: 31.10
All runs:
Highest Train: 30.88 ± 3.27
Highest Test: 30.78 ± 3.01
Highest Valid: 30.72 ± 3.12
  Final Train: 30.87 ± 3.27
   Final Test: 30.66 ± 3.10
Saving results to ../results/lowlabel/roman-empire/polynormer.csv
Low-label sweep completed.
Task 376 done.
