Sun Aug 16 10:05:59 2026       
+-----------------------------------------------------------------------------------------+
| NVIDIA-SMI 580.159.04             Driver Version: 580.159.04     CUDA Version: 13.0     |
+-----------------------------------------+------------------------+----------------------+
| GPU  Name                 Persistence-M | Bus-Id          Disp.A | Volatile Uncorr. ECC |
| Fan  Temp   Perf          Pwr:Usage/Cap |           Memory-Usage | GPU-Util  Compute M. |
|                                         |                        |               MIG M. |
|=========================================+========================+======================|
|   0  NVIDIA A100-SXM4-80GB          On  |   00000000:01:00.0 Off |                   On |
| N/A   53C    P0            290W /  500W |   50500MiB /  81920MiB |     N/A      Default |
|                                         |                        |              Enabled |
+-----------------------------------------+------------------------+----------------------+
|   1  NVIDIA A100-SXM4-80GB          On  |   00000000:41:00.0 Off |                   On |
| N/A   54C    P0            254W /  500W |   48337MiB /  81920MiB |     N/A      Default |
|                                         |                        |              Enabled |
+-----------------------------------------+------------------------+----------------------+
|   2  NVIDIA A100-SXM4-80GB          On  |   00000000:81:00.0 Off |                   On |
| N/A   64C    P0            298W /  500W |   44663MiB /  81920MiB |     N/A      Default |
|                                         |                        |              Enabled |
+-----------------------------------------+------------------------+----------------------+
|   3  NVIDIA A100-SXM4-80GB          On  |   00000000:C1:00.0 Off |                   On |
| N/A   33C    P0            109W /  500W |    1280MiB /  81920MiB |     N/A      Default |
|                                         |                        |              Enabled |
+-----------------------------------------+------------------------+----------------------+

+-----------------------------------------------------------------------------------------+
| MIG devices:                                                                            |
+------------------+----------------------------------+-----------+-----------------------+
| GPU  GI  CI  MIG |              Shared Memory-Usage |        Vol|        Shared         |
|      ID  ID  Dev |                Shared BAR1-Usage | SM     Unc| CE ENC  DEC  OFA  JPG |
|                  |                                  |        ECC|                       |
|==================+==================================+===========+=======================|
|  3    5   0   0  |              71MiB / 19968MiB    | 28      0 |  2   0    1    0    0 |
|                  |               0MiB / 12271MiB    |           |                       |
+------------------+----------------------------------+-----------+-----------------------+

+-----------------------------------------------------------------------------------------+
| Processes:                                                                              |
|  GPU   GI   CI              PID   Type   Process name                        GPU Memory |
|        ID   ID                                                               Usage      |
|=========================================================================================|
|    0   14    0          1411375      C   ...ware/symmetrix-env/bin/python       1916MiB |
|    0   13    0          1513829      C   .../conda_env/Pytorch/bin/python       1582MiB |
|    0   13    0          1530067      C   .../conda_env/Pytorch/bin/python       1582MiB |
|    0   13    0          1537209      C   .../conda_env/Pytorch/bin/python       1646MiB |
|    0   13    0          1538014      C   .../conda_env/Pytorch/bin/python       1730MiB |
|    0    1    0          1564649      C   ...nda3/envs/spot_nsf/bin/python      39834MiB |
|    0    5    0          2805323      C   python                                 1914MiB |
|    1    1    0          2588500      C   python                                37098MiB |
|    1   13    0          2745334      C   ...ware/symmetrix-env/bin/python       2768MiB |
|    1   14    0          2749991      C   ...ware/symmetrix-env/bin/python       3990MiB |
|    1    5    0          2795512      C   python                                 4138MiB |
|    2    2    0          2588498      C   python                                37100MiB |
|    2    9    0          2747978      C   ...ware/symmetrix-env/bin/python       3910MiB |
|    2   10    0          2757205      C   ...ware/symmetrix-env/bin/python        508MiB |
|    2    3    0          2800807      C   python                                 2770MiB |
+-----------------------------------------------------------------------------------------+
Matched-val cell: wikics / polynormer / budget 2 per class / group 1
python main.py --model polynormer --dataset wikics --hidden_channels 512 --local_epochs 100 --global_epochs 1000 --lr 0.001 --runs 10 --local_layers 7 --global_layers 2 --weight_decay 0.0 --dropout 0.5 --in_dropout 0.5 --num_heads 1 --save_model --device 0 --model_dir models/lowlabel_mv_1178247_45 --train_per_class 2 --valid_per_class 2 --budget_tag 2
==========================================================
Low-label sweep: python main.py --model polynormer --dataset wikics --hidden_channels 512 --local_epochs 100 --global_epochs 1000 --lr 0.001 --runs 10 --local_layers 7 --global_layers 2 --weight_decay 0.0 --dropout 0.5 --in_dropout 0.5 --num_heads 1 --save_model --device 0 --model_dir models/lowlabel_mv_1178247_45 --train_per_class 2 --valid_per_class 2 --budget_tag 2
result_dir=../results/lowlabel_mv conditions=[mlp]
==========================================================
--- mlp_reg | lambda=0.01 ---
Namespace(aggregate='add', alpha=0.5, attention='gcn', beta=-1.0, bn=False, budget_tag='2', count_reg=False, count_smoothing=1.0, cpu=False, data_dir='../data/', dataset='wikics', device=0, dim_inner=512, display_step=100, dropout=0.5, epochs=500, global_dropout=None, global_epochs=1000, global_layers=2, gnn='gcn', graph_weight=0.8, hidden_channels=512, hops=10, in_dropout=0.5, jk=False, label_num_per_class=20, lambda_val=0.01, layers=1, ln=False, local_epochs=100, local_gnn_type='GCN', local_layers=7, lr=0.001, metric='acc', mlp_epochs=500, mlp_reg=True, model='polynormer', model_dir='models/lowlabel_mv_1178247_45', n_heads=1, num_centroids=4096, num_heads=1, oracle_reg=False, paired_seeds=True, pe_types='RWSE', penalty_transform='none', pre_linear=False, pre_ln=False, rand_split=False, rand_split_class=False, reg_start_epoch=10, reg_update_freq=5, res=False, resample_split_per_run=False, result_dir='../results/lowlabel_mv', runs=10, save_model=True, save_result=False, seed=42, test_num=1000, tr_dropout=None, tr_layers=1, tr_weight_decay=None, train_per_class=2, train_prop=0.5, use_act=False, use_bn=False, use_graph=False, use_reg=True, use_residual=False, use_weight=False, valid_num=500, valid_per_class=2, valid_prop=0.25, weight_decay=0.0)
wikics
dataset wikics | num nodes 11701 | num edge 431726 | num node feats 300 | num classes 10
MODEL: Polynormer(
  (h_lins): ModuleList(
    (0): Linear(in_features=512, out_features=512, bias=True)
    (1): Linear(in_features=512, out_features=512, bias=True)
    (2): Linear(in_features=512, out_features=512, bias=True)
    (3): Linear(in_features=512, out_features=512, bias=True)
    (4): Linear(in_features=512, out_features=512, bias=True)
    (5): Linear(in_features=512, out_features=512, bias=True)
    (6): Linear(in_features=512, out_features=512, bias=True)
  )
  (local_convs): ModuleList(
    (0): GATConv(512, 512, heads=1)
    (1): GATConv(512, 512, heads=1)
    (2): GATConv(512, 512, heads=1)
    (3): GATConv(512, 512, heads=1)
    (4): GATConv(512, 512, heads=1)
    (5): GATConv(512, 512, heads=1)
    (6): GATConv(512, 512, heads=1)
  )
  (lins): ModuleList(
    (0): Linear(in_features=512, out_features=512, bias=True)
    (1): Linear(in_features=512, out_features=512, bias=True)
    (2): Linear(in_features=512, out_features=512, bias=True)
    (3): Linear(in_features=512, out_features=512, bias=True)
    (4): Linear(in_features=512, out_features=512, bias=True)
    (5): Linear(in_features=512, out_features=512, bias=True)
    (6): Linear(in_features=512, out_features=512, bias=True)
  )
  (lns): ModuleList(
    (0): LayerNorm((512,), eps=1e-05, elementwise_affine=True)
    (1): LayerNorm((512,), eps=1e-05, elementwise_affine=True)
    (2): LayerNorm((512,), eps=1e-05, elementwise_affine=True)
    (3): LayerNorm((512,), eps=1e-05, elementwise_affine=True)
    (4): LayerNorm((512,), eps=1e-05, elementwise_affine=True)
    (5): LayerNorm((512,), eps=1e-05, elementwise_affine=True)
    (6): LayerNorm((512,), eps=1e-05, elementwise_affine=True)
  )
  (lin_in): Linear(in_features=300, out_features=512, bias=True)
  (ln): LayerNorm((512,), eps=1e-05, elementwise_affine=True)
  (global_attn): GlobalAttn(
    (h_lins): ModuleList(
      (0): Linear(in_features=512, out_features=512, bias=True)
      (1): Linear(in_features=512, out_features=512, bias=True)
    )
    (k_lins): ModuleList(
      (0): Linear(in_features=512, out_features=512, bias=True)
      (1): Linear(in_features=512, out_features=512, bias=True)
    )
    (v_lins): ModuleList(
      (0): Linear(in_features=512, out_features=512, bias=True)
      (1): Linear(in_features=512, out_features=512, bias=True)
    )
    (lns): ModuleList(
      (0): LayerNorm((512,), eps=1e-05, elementwise_affine=True)
      (1): LayerNorm((512,), eps=1e-05, elementwise_affine=True)
    )
    (lin_out): Linear(in_features=512, out_features=512, bias=True)
  )
  (pred_local): Linear(in_features=512, out_features=10, bias=True)
  (pred_global): Linear(in_features=512, out_features=10, bias=True)
)
Label budget: 2/class -> 20 train nodes
Matched-budget validation: 20 valid nodes
Pre-training MLP for 500 epochs to generate co-occurrence matrix...
MLP pre-training complete. Penalty matrix frozen.
Epoch: 00, Loss: 2.7202, Train: 3.97%, Valid: 10.00%, Test: 4.05%, Best Valid: 10.00%, Best Test: 4.05%
Switching Polynormer to global attention phase.
Epoch: 100, Loss: 2.3474, Train: 14.66%, Valid: 10.00%, Test: 12.91%, Best Valid: 55.00%, Best Test: 46.74%
Epoch: 200, Loss: 0.1993, Train: 46.55%, Valid: 50.00%, Test: 44.52%, Best Valid: 65.00%, Best Test: 40.60%
Epoch: 300, Loss: 0.6043, Train: 37.41%, Valid: 45.00%, Test: 36.16%, Best Valid: 70.00%, Best Test: 37.23%
Epoch: 400, Loss: 0.0426, Train: 40.34%, Valid: 45.00%, Test: 39.22%, Best Valid: 70.00%, Best Test: 37.23%
Epoch: 500, Loss: 0.6475, Train: 42.07%, Valid: 45.00%, Test: 40.67%, Best Valid: 70.00%, Best Test: 37.23%
Epoch: 600, Loss: 0.0005, Train: 49.48%, Valid: 60.00%, Test: 46.76%, Best Valid: 70.00%, Best Test: 37.23%
Epoch: 700, Loss: 0.0070, Train: 40.86%, Valid: 50.00%, Test: 40.72%, Best Valid: 70.00%, Best Test: 37.23%
Epoch: 800, Loss: 0.0157, Train: 43.97%, Valid: 50.00%, Test: 41.88%, Best Valid: 70.00%, Best Test: 37.23%
Epoch: 900, Loss: 0.3828, Train: 39.31%, Valid: 45.00%, Test: 36.65%, Best Valid: 70.00%, Best Test: 37.23%
Epoch: 1000, Loss: 1.0574, Train: 46.03%, Valid: 50.00%, Test: 41.17%, Best Valid: 70.00%, Best Test: 37.23%
Run 01:
Highest Train: 50.00
Highest Valid: 70.00
Highest Test: 48.69
Chosen epoch: 279
Final Train: 39.48
Final Test: 37.23
Label budget: 2/class -> 20 train nodes
Matched-budget validation: 20 valid nodes
Pre-training MLP for 500 epochs to generate co-occurrence matrix...
MLP pre-training complete. Penalty matrix frozen.
Epoch: 00, Loss: 3.0149, Train: 18.62%, Valid: 10.00%, Test: 17.94%, Best Valid: 10.00%, Best Test: 17.94%
Switching Polynormer to global attention phase.
Epoch: 100, Loss: 2.2938, Train: 16.38%, Valid: 10.00%, Test: 16.23%, Best Valid: 65.00%, Best Test: 46.42%
Epoch: 200, Loss: 0.0328, Train: 47.76%, Valid: 60.00%, Test: 44.48%, Best Valid: 70.00%, Best Test: 38.11%
Epoch: 300, Loss: 0.3206, Train: 49.31%, Valid: 60.00%, Test: 49.14%, Best Valid: 70.00%, Best Test: 38.11%
Epoch: 400, Loss: 0.3399, Train: 51.55%, Valid: 65.00%, Test: 50.66%, Best Valid: 70.00%, Best Test: 38.11%
Epoch: 500, Loss: 0.2067, Train: 50.00%, Valid: 45.00%, Test: 47.31%, Best Valid: 70.00%, Best Test: 38.11%
Epoch: 600, Loss: 0.0010, Train: 56.55%, Valid: 55.00%, Test: 55.36%, Best Valid: 70.00%, Best Test: 38.11%
Epoch: 700, Loss: 0.0239, Train: 50.17%, Valid: 65.00%, Test: 48.16%, Best Valid: 75.00%, Best Test: 52.57%
Epoch: 800, Loss: 0.0006, Train: 57.93%, Valid: 65.00%, Test: 56.22%, Best Valid: 75.00%, Best Test: 52.57%
Epoch: 900, Loss: 0.0420, Train: 46.72%, Valid: 55.00%, Test: 47.70%, Best Valid: 80.00%, Best Test: 58.44%
Epoch: 1000, Loss: 0.1033, Train: 48.97%, Valid: 60.00%, Test: 48.38%, Best Valid: 80.00%, Best Test: 58.44%
Run 02:
Highest Train: 60.34
Highest Valid: 80.00
Highest Test: 58.77
Chosen epoch: 878
Final Train: 59.48
Final Test: 58.44
Label budget: 2/class -> 20 train nodes
Matched-budget validation: 20 valid nodes
Pre-training MLP for 500 epochs to generate co-occurrence matrix...
MLP pre-training complete. Penalty matrix frozen.
Epoch: 00, Loss: 2.9388, Train: 5.17%, Valid: 10.00%, Test: 5.08%, Best Valid: 10.00%, Best Test: 5.08%
Switching Polynormer to global attention phase.
Epoch: 100, Loss: 2.3115, Train: 7.41%, Valid: 10.00%, Test: 7.39%, Best Valid: 55.00%, Best Test: 45.90%
Epoch: 200, Loss: 0.2384, Train: 47.07%, Valid: 40.00%, Test: 43.97%, Best Valid: 60.00%, Best Test: 39.51%
Epoch: 300, Loss: 0.1730, Train: 44.14%, Valid: 50.00%, Test: 41.47%, Best Valid: 70.00%, Best Test: 45.24%
Epoch: 400, Loss: 0.0509, Train: 48.97%, Valid: 50.00%, Test: 46.88%, Best Valid: 70.00%, Best Test: 45.24%
Epoch: 500, Loss: 0.0040, Train: 43.28%, Valid: 45.00%, Test: 41.70%, Best Valid: 70.00%, Best Test: 45.24%
Epoch: 600, Loss: 0.0627, Train: 43.45%, Valid: 60.00%, Test: 42.69%, Best Valid: 70.00%, Best Test: 45.24%
Epoch: 700, Loss: 0.0565, Train: 36.38%, Valid: 35.00%, Test: 35.88%, Best Valid: 70.00%, Best Test: 45.24%
Epoch: 800, Loss: 0.0012, Train: 41.21%, Valid: 35.00%, Test: 37.59%, Best Valid: 70.00%, Best Test: 45.24%
Epoch: 900, Loss: 0.0050, Train: 47.24%, Valid: 50.00%, Test: 47.43%, Best Valid: 70.00%, Best Test: 45.24%
Epoch: 1000, Loss: 0.0017, Train: 42.41%, Valid: 40.00%, Test: 38.99%, Best Valid: 70.00%, Best Test: 45.24%
Run 03:
Highest Train: 54.14
Highest Valid: 70.00
Highest Test: 52.33
Chosen epoch: 251
Final Train: 46.72
Final Test: 45.24
Label budget: 2/class -> 20 train nodes
Matched-budget validation: 20 valid nodes
Pre-training MLP for 500 epochs to generate co-occurrence matrix...
MLP pre-training complete. Penalty matrix frozen.
Epoch: 00, Loss: 2.4594, Train: 15.69%, Valid: 10.00%, Test: 14.74%, Best Valid: 10.00%, Best Test: 14.74%
Switching Polynormer to global attention phase.
Epoch: 100, Loss: 2.3686, Train: 18.45%, Valid: 10.00%, Test: 18.40%, Best Valid: 45.00%, Best Test: 43.54%
Epoch: 200, Loss: 0.2523, Train: 40.86%, Valid: 20.00%, Test: 34.91%, Best Valid: 45.00%, Best Test: 43.54%
Epoch: 300, Loss: 0.3773, Train: 34.83%, Valid: 30.00%, Test: 31.28%, Best Valid: 45.00%, Best Test: 43.54%
Epoch: 400, Loss: 0.0377, Train: 40.69%, Valid: 30.00%, Test: 36.62%, Best Valid: 50.00%, Best Test: 40.26%
Epoch: 500, Loss: 0.0127, Train: 47.59%, Valid: 25.00%, Test: 42.48%, Best Valid: 50.00%, Best Test: 40.26%
Epoch: 600, Loss: 0.0007, Train: 47.59%, Valid: 35.00%, Test: 42.53%, Best Valid: 50.00%, Best Test: 40.26%
Epoch: 700, Loss: 0.0010, Train: 47.93%, Valid: 45.00%, Test: 44.38%, Best Valid: 50.00%, Best Test: 40.26%
Epoch: 800, Loss: 0.0000, Train: 42.07%, Valid: 35.00%, Test: 35.78%, Best Valid: 55.00%, Best Test: 45.10%
Epoch: 900, Loss: 1.5149, Train: 32.07%, Valid: 15.00%, Test: 27.84%, Best Valid: 55.00%, Best Test: 45.10%
Epoch: 1000, Loss: 1.5975, Train: 35.86%, Valid: 30.00%, Test: 31.78%, Best Valid: 55.00%, Best Test: 45.10%
Run 04:
Highest Train: 55.17
Highest Valid: 55.00
Highest Test: 50.44
Chosen epoch: 710
Final Train: 49.83
Final Test: 45.10
Label budget: 2/class -> 20 train nodes
Matched-budget validation: 20 valid nodes
Pre-training MLP for 500 epochs to generate co-occurrence matrix...
MLP pre-training complete. Penalty matrix frozen.
Epoch: 00, Loss: 3.0345, Train: 4.14%, Valid: 5.00%, Test: 4.93%, Best Valid: 5.00%, Best Test: 4.93%
Switching Polynormer to global attention phase.
Epoch: 100, Loss: 2.3867, Train: 6.72%, Valid: 10.00%, Test: 6.84%, Best Valid: 60.00%, Best Test: 26.51%
Epoch: 200, Loss: 0.2113, Train: 36.21%, Valid: 35.00%, Test: 33.52%, Best Valid: 60.00%, Best Test: 26.51%
Epoch: 300, Loss: 0.3336, Train: 34.66%, Valid: 40.00%, Test: 34.15%, Best Valid: 60.00%, Best Test: 26.51%
Epoch: 400, Loss: 0.6328, Train: 38.28%, Valid: 50.00%, Test: 37.66%, Best Valid: 60.00%, Best Test: 26.51%
Epoch: 500, Loss: 0.1886, Train: 39.48%, Valid: 50.00%, Test: 39.06%, Best Valid: 60.00%, Best Test: 26.51%
Epoch: 600, Loss: 0.0884, Train: 37.24%, Valid: 45.00%, Test: 37.30%, Best Valid: 60.00%, Best Test: 26.51%
Epoch: 700, Loss: 0.0116, Train: 37.59%, Valid: 40.00%, Test: 37.95%, Best Valid: 60.00%, Best Test: 26.51%
Epoch: 800, Loss: 0.0238, Train: 31.72%, Valid: 35.00%, Test: 33.20%, Best Valid: 60.00%, Best Test: 26.51%
Epoch: 900, Loss: 0.0048, Train: 36.21%, Valid: 50.00%, Test: 35.51%, Best Valid: 60.00%, Best Test: 26.51%
Epoch: 1000, Loss: 0.2446, Train: 35.86%, Valid: 45.00%, Test: 36.81%, Best Valid: 60.00%, Best Test: 26.51%
Run 05:
Highest Train: 44.66
Highest Valid: 60.00
Highest Test: 44.47
Chosen epoch: 73
Final Train: 29.14
Final Test: 26.51
Label budget: 2/class -> 20 train nodes
Matched-budget validation: 20 valid nodes
Pre-training MLP for 500 epochs to generate co-occurrence matrix...
MLP pre-training complete. Penalty matrix frozen.
Epoch: 00, Loss: 3.0470, Train: 10.34%, Valid: 10.00%, Test: 11.73%, Best Valid: 10.00%, Best Test: 11.73%
Switching Polynormer to global attention phase.
Epoch: 100, Loss: 2.3179, Train: 5.52%, Valid: 10.00%, Test: 5.64%, Best Valid: 65.00%, Best Test: 44.83%
Epoch: 200, Loss: 0.2805, Train: 47.07%, Valid: 55.00%, Test: 47.56%, Best Valid: 65.00%, Best Test: 44.83%
Epoch: 300, Loss: 0.0807, Train: 39.31%, Valid: 30.00%, Test: 38.00%, Best Valid: 65.00%, Best Test: 44.83%
Epoch: 400, Loss: 0.3935, Train: 49.66%, Valid: 50.00%, Test: 47.87%, Best Valid: 65.00%, Best Test: 44.83%
Epoch: 500, Loss: 0.0468, Train: 47.59%, Valid: 55.00%, Test: 46.90%, Best Valid: 65.00%, Best Test: 44.83%
Epoch: 600, Loss: 0.2098, Train: 48.28%, Valid: 45.00%, Test: 49.43%, Best Valid: 65.00%, Best Test: 44.83%
Epoch: 700, Loss: 0.1955, Train: 42.41%, Valid: 35.00%, Test: 42.86%, Best Valid: 65.00%, Best Test: 44.83%
Epoch: 800, Loss: 0.2184, Train: 48.45%, Valid: 45.00%, Test: 47.58%, Best Valid: 65.00%, Best Test: 44.83%
Epoch: 900, Loss: 0.0030, Train: 50.69%, Valid: 45.00%, Test: 50.32%, Best Valid: 65.00%, Best Test: 44.83%
Epoch: 1000, Loss: 0.0089, Train: 45.69%, Valid: 45.00%, Test: 44.81%, Best Valid: 65.00%, Best Test: 44.83%
Run 06:
Highest Train: 59.48
Highest Valid: 65.00
Highest Test: 57.14
Chosen epoch: 70
Final Train: 45.34
Final Test: 44.83
Label budget: 2/class -> 20 train nodes
Matched-budget validation: 20 valid nodes
Pre-training MLP for 500 epochs to generate co-occurrence matrix...
MLP pre-training complete. Penalty matrix frozen.
Epoch: 00, Loss: 2.5434, Train: 6.55%, Valid: 5.00%, Test: 7.05%, Best Valid: 5.00%, Best Test: 7.05%
Switching Polynormer to global attention phase.
Epoch: 100, Loss: 2.3206, Train: 21.72%, Valid: 15.00%, Test: 20.75%, Best Valid: 65.00%, Best Test: 61.91%
Epoch: 200, Loss: 0.2446, Train: 66.90%, Valid: 55.00%, Test: 62.27%, Best Valid: 75.00%, Best Test: 53.94%
Epoch: 300, Loss: 0.0134, Train: 71.03%, Valid: 55.00%, Test: 66.72%, Best Valid: 75.00%, Best Test: 53.94%
Epoch: 400, Loss: 0.0808, Train: 69.83%, Valid: 65.00%, Test: 64.84%, Best Valid: 75.00%, Best Test: 53.94%
Epoch: 500, Loss: 0.0839, Train: 68.62%, Valid: 60.00%, Test: 65.08%, Best Valid: 75.00%, Best Test: 53.94%
Epoch: 600, Loss: 0.4080, Train: 58.62%, Valid: 55.00%, Test: 54.66%, Best Valid: 75.00%, Best Test: 53.94%
Epoch: 700, Loss: 0.8731, Train: 44.31%, Valid: 60.00%, Test: 40.33%, Best Valid: 75.00%, Best Test: 53.94%
Epoch: 800, Loss: 0.3218, Train: 61.55%, Valid: 55.00%, Test: 55.72%, Best Valid: 75.00%, Best Test: 53.94%
Epoch: 900, Loss: 0.0830, Train: 59.14%, Valid: 55.00%, Test: 56.39%, Best Valid: 75.00%, Best Test: 53.94%
Epoch: 1000, Loss: 1.5817, Train: 23.97%, Valid: 25.00%, Test: 22.39%, Best Valid: 75.00%, Best Test: 53.94%
Run 07:
Highest Train: 74.66
Highest Valid: 75.00
Highest Test: 69.11
Chosen epoch: 137
Final Train: 60.69
Final Test: 53.94
Label budget: 2/class -> 20 train nodes
Matched-budget validation: 20 valid nodes
Pre-training MLP for 500 epochs to generate co-occurrence matrix...
MLP pre-training complete. Penalty matrix frozen.
Epoch: 00, Loss: 2.4422, Train: 7.41%, Valid: 10.00%, Test: 7.76%, Best Valid: 10.00%, Best Test: 7.76%
Switching Polynormer to global attention phase.
Epoch: 100, Loss: 2.3418, Train: 5.69%, Valid: 10.00%, Test: 5.70%, Best Valid: 65.00%, Best Test: 38.21%
Epoch: 200, Loss: 0.7605, Train: 38.79%, Valid: 35.00%, Test: 36.75%, Best Valid: 65.00%, Best Test: 38.21%
Epoch: 300, Loss: 0.1117, Train: 45.86%, Valid: 50.00%, Test: 43.01%, Best Valid: 65.00%, Best Test: 38.21%
Epoch: 400, Loss: 0.0121, Train: 43.10%, Valid: 35.00%, Test: 39.18%, Best Valid: 65.00%, Best Test: 38.21%
Epoch: 500, Loss: 0.0030, Train: 41.03%, Valid: 35.00%, Test: 39.06%, Best Valid: 65.00%, Best Test: 38.21%
Epoch: 600, Loss: 0.8964, Train: 44.48%, Valid: 50.00%, Test: 41.58%, Best Valid: 65.00%, Best Test: 38.21%
Epoch: 700, Loss: 0.0327, Train: 44.83%, Valid: 45.00%, Test: 41.59%, Best Valid: 65.00%, Best Test: 38.21%
Epoch: 800, Loss: 0.0142, Train: 41.72%, Valid: 45.00%, Test: 37.40%, Best Valid: 65.00%, Best Test: 38.21%
Epoch: 900, Loss: 0.3923, Train: 45.17%, Valid: 40.00%, Test: 42.47%, Best Valid: 65.00%, Best Test: 38.21%
Epoch: 1000, Loss: 0.0488, Train: 43.10%, Valid: 35.00%, Test: 39.88%, Best Valid: 65.00%, Best Test: 38.21%
Run 08:
Highest Train: 48.62
Highest Valid: 65.00
Highest Test: 46.88
Chosen epoch: 79
Final Train: 39.83
Final Test: 38.21
Label budget: 2/class -> 20 train nodes
Matched-budget validation: 20 valid nodes
Pre-training MLP for 500 epochs to generate co-occurrence matrix...
MLP pre-training complete. Penalty matrix frozen.
Epoch: 00, Loss: 2.8022, Train: 4.31%, Valid: 15.00%, Test: 5.93%, Best Valid: 15.00%, Best Test: 5.93%
Switching Polynormer to global attention phase.
Epoch: 100, Loss: 2.3865, Train: 9.48%, Valid: 20.00%, Test: 8.59%, Best Valid: 65.00%, Best Test: 43.60%
Epoch: 200, Loss: 0.7359, Train: 38.62%, Valid: 45.00%, Test: 39.03%, Best Valid: 65.00%, Best Test: 43.60%
Epoch: 300, Loss: 0.0009, Train: 47.41%, Valid: 55.00%, Test: 46.06%, Best Valid: 75.00%, Best Test: 49.63%
Epoch: 400, Loss: 0.0944, Train: 52.41%, Valid: 65.00%, Test: 49.85%, Best Valid: 75.00%, Best Test: 49.63%
Epoch: 500, Loss: 0.2220, Train: 43.10%, Valid: 50.00%, Test: 40.05%, Best Valid: 75.00%, Best Test: 49.63%
Epoch: 600, Loss: 0.0001, Train: 49.31%, Valid: 55.00%, Test: 46.61%, Best Valid: 75.00%, Best Test: 49.63%
Epoch: 700, Loss: 0.0002, Train: 52.76%, Valid: 65.00%, Test: 49.34%, Best Valid: 75.00%, Best Test: 49.63%
Epoch: 800, Loss: 0.0004, Train: 48.79%, Valid: 55.00%, Test: 45.72%, Best Valid: 75.00%, Best Test: 49.63%
Epoch: 900, Loss: 0.0000, Train: 53.10%, Valid: 65.00%, Test: 49.46%, Best Valid: 75.00%, Best Test: 49.63%
Epoch: 1000, Loss: 0.0084, Train: 51.21%, Valid: 55.00%, Test: 48.78%, Best Valid: 75.00%, Best Test: 49.63%
Run 09:
Highest Train: 55.86
Highest Valid: 75.00
Highest Test: 52.06
Chosen epoch: 273
Final Train: 52.07
Final Test: 49.63
Label budget: 2/class -> 20 train nodes
Matched-budget validation: 20 valid nodes
Pre-training MLP for 500 epochs to generate co-occurrence matrix...
MLP pre-training complete. Penalty matrix frozen.
Epoch: 00, Loss: 2.5867, Train: 15.52%, Valid: 10.00%, Test: 16.25%, Best Valid: 10.00%, Best Test: 16.25%
Switching Polynormer to global attention phase.
Epoch: 100, Loss: 2.2954, Train: 20.17%, Valid: 15.00%, Test: 19.39%, Best Valid: 50.00%, Best Test: 40.84%
Epoch: 200, Loss: 0.5100, Train: 45.17%, Valid: 35.00%, Test: 42.55%, Best Valid: 55.00%, Best Test: 39.61%
Epoch: 300, Loss: 0.0989, Train: 51.21%, Valid: 40.00%, Test: 48.93%, Best Valid: 55.00%, Best Test: 39.61%
Epoch: 400, Loss: 0.2601, Train: 49.48%, Valid: 30.00%, Test: 46.93%, Best Valid: 55.00%, Best Test: 39.61%
Epoch: 500, Loss: 0.1787, Train: 45.86%, Valid: 30.00%, Test: 44.84%, Best Valid: 55.00%, Best Test: 39.61%
Epoch: 600, Loss: 0.2964, Train: 48.62%, Valid: 40.00%, Test: 46.13%, Best Valid: 55.00%, Best Test: 39.61%
Epoch: 700, Loss: 0.0008, Train: 52.41%, Valid: 35.00%, Test: 47.46%, Best Valid: 55.00%, Best Test: 39.61%
Epoch: 800, Loss: 0.1371, Train: 56.21%, Valid: 50.00%, Test: 51.31%, Best Valid: 55.00%, Best Test: 39.61%
Epoch: 900, Loss: 0.1118, Train: 43.97%, Valid: 35.00%, Test: 41.61%, Best Valid: 55.00%, Best Test: 39.61%
Epoch: 1000, Loss: 0.0218, Train: 52.76%, Valid: 45.00%, Test: 49.91%, Best Valid: 55.00%, Best Test: 39.61%
Run 10:
Highest Train: 59.14
Highest Valid: 55.00
Highest Test: 54.73
Chosen epoch: 161
Final Train: 39.31
Final Test: 39.61
All runs:
Highest Train: 56.21 ± 8.24
Highest Test: 53.46 ± 7.05
Highest Valid: 67.00 ± 8.56
  Final Train: 46.19 ± 9.77
   Final Test: 43.87 ± 9.11
Saving results to ../results/lowlabel_mv/wikics/polynormer.csv
--- mlp_reg | lambda=0.05 ---
Namespace(aggregate='add', alpha=0.5, attention='gcn', beta=-1.0, bn=False, budget_tag='2', count_reg=False, count_smoothing=1.0, cpu=False, data_dir='../data/', dataset='wikics', device=0, dim_inner=512, display_step=100, dropout=0.5, epochs=500, global_dropout=None, global_epochs=1000, global_layers=2, gnn='gcn', graph_weight=0.8, hidden_channels=512, hops=10, in_dropout=0.5, jk=False, label_num_per_class=20, lambda_val=0.05, layers=1, ln=False, local_epochs=100, local_gnn_type='GCN', local_layers=7, lr=0.001, metric='acc', mlp_epochs=500, mlp_reg=True, model='polynormer', model_dir='models/lowlabel_mv_1178247_45', n_heads=1, num_centroids=4096, num_heads=1, oracle_reg=False, paired_seeds=True, pe_types='RWSE', penalty_transform='none', pre_linear=False, pre_ln=False, rand_split=False, rand_split_class=False, reg_start_epoch=10, reg_update_freq=5, res=False, resample_split_per_run=False, result_dir='../results/lowlabel_mv', runs=10, save_model=True, save_result=False, seed=42, test_num=1000, tr_dropout=None, tr_layers=1, tr_weight_decay=None, train_per_class=2, train_prop=0.5, use_act=False, use_bn=False, use_graph=False, use_reg=True, use_residual=False, use_weight=False, valid_num=500, valid_per_class=2, valid_prop=0.25, weight_decay=0.0)
wikics
dataset wikics | num nodes 11701 | num edge 431726 | num node feats 300 | num classes 10
MODEL: Polynormer(
  (h_lins): ModuleList(
    (0): Linear(in_features=512, out_features=512, bias=True)
    (1): Linear(in_features=512, out_features=512, bias=True)
    (2): Linear(in_features=512, out_features=512, bias=True)
    (3): Linear(in_features=512, out_features=512, bias=True)
    (4): Linear(in_features=512, out_features=512, bias=True)
    (5): Linear(in_features=512, out_features=512, bias=True)
    (6): Linear(in_features=512, out_features=512, bias=True)
  )
  (local_convs): ModuleList(
    (0): GATConv(512, 512, heads=1)
    (1): GATConv(512, 512, heads=1)
    (2): GATConv(512, 512, heads=1)
    (3): GATConv(512, 512, heads=1)
    (4): GATConv(512, 512, heads=1)
    (5): GATConv(512, 512, heads=1)
    (6): GATConv(512, 512, heads=1)
  )
  (lins): ModuleList(
    (0): Linear(in_features=512, out_features=512, bias=True)
    (1): Linear(in_features=512, out_features=512, bias=True)
    (2): Linear(in_features=512, out_features=512, bias=True)
    (3): Linear(in_features=512, out_features=512, bias=True)
    (4): Linear(in_features=512, out_features=512, bias=True)
    (5): Linear(in_features=512, out_features=512, bias=True)
    (6): Linear(in_features=512, out_features=512, bias=True)
  )
  (lns): ModuleList(
    (0): LayerNorm((512,), eps=1e-05, elementwise_affine=True)
    (1): LayerNorm((512,), eps=1e-05, elementwise_affine=True)
    (2): LayerNorm((512,), eps=1e-05, elementwise_affine=True)
    (3): LayerNorm((512,), eps=1e-05, elementwise_affine=True)
    (4): LayerNorm((512,), eps=1e-05, elementwise_affine=True)
    (5): LayerNorm((512,), eps=1e-05, elementwise_affine=True)
    (6): LayerNorm((512,), eps=1e-05, elementwise_affine=True)
  )
  (lin_in): Linear(in_features=300, out_features=512, bias=True)
  (ln): LayerNorm((512,), eps=1e-05, elementwise_affine=True)
  (global_attn): GlobalAttn(
    (h_lins): ModuleList(
      (0): Linear(in_features=512, out_features=512, bias=True)
      (1): Linear(in_features=512, out_features=512, bias=True)
    )
    (k_lins): ModuleList(
      (0): Linear(in_features=512, out_features=512, bias=True)
      (1): Linear(in_features=512, out_features=512, bias=True)
    )
    (v_lins): ModuleList(
      (0): Linear(in_features=512, out_features=512, bias=True)
      (1): Linear(in_features=512, out_features=512, bias=True)
    )
    (lns): ModuleList(
      (0): LayerNorm((512,), eps=1e-05, elementwise_affine=True)
      (1): LayerNorm((512,), eps=1e-05, elementwise_affine=True)
    )
    (lin_out): Linear(in_features=512, out_features=512, bias=True)
  )
  (pred_local): Linear(in_features=512, out_features=10, bias=True)
  (pred_global): Linear(in_features=512, out_features=10, bias=True)
)
Label budget: 2/class -> 20 train nodes
Matched-budget validation: 20 valid nodes
Pre-training MLP for 500 epochs to generate co-occurrence matrix...
MLP pre-training complete. Penalty matrix frozen.
Epoch: 00, Loss: 2.8280, Train: 4.14%, Valid: 10.00%, Test: 4.02%, Best Valid: 10.00%, Best Test: 4.02%
Switching Polynormer to global attention phase.
Epoch: 100, Loss: 2.4304, Train: 18.45%, Valid: 10.00%, Test: 18.40%, Best Valid: 55.00%, Best Test: 41.00%
Epoch: 200, Loss: 0.3651, Train: 38.45%, Valid: 45.00%, Test: 39.18%, Best Valid: 55.00%, Best Test: 41.00%
Epoch: 300, Loss: 0.5072, Train: 36.90%, Valid: 35.00%, Test: 34.33%, Best Valid: 65.00%, Best Test: 44.54%
Epoch: 400, Loss: 0.0504, Train: 43.45%, Valid: 60.00%, Test: 42.76%, Best Valid: 65.00%, Best Test: 44.54%
Epoch: 500, Loss: 0.0247, Train: 43.45%, Valid: 55.00%, Test: 41.46%, Best Valid: 65.00%, Best Test: 44.54%
Epoch: 600, Loss: 0.0783, Train: 44.66%, Valid: 50.00%, Test: 43.80%, Best Valid: 65.00%, Best Test: 44.54%
Epoch: 700, Loss: 0.1746, Train: 39.83%, Valid: 60.00%, Test: 37.56%, Best Valid: 65.00%, Best Test: 44.54%
Epoch: 800, Loss: 0.2969, Train: 45.86%, Valid: 50.00%, Test: 42.06%, Best Valid: 70.00%, Best Test: 43.41%
Epoch: 900, Loss: 0.0433, Train: 37.07%, Valid: 50.00%, Test: 37.66%, Best Valid: 70.00%, Best Test: 43.41%
Epoch: 1000, Loss: 0.0004, Train: 42.59%, Valid: 55.00%, Test: 40.00%, Best Valid: 70.00%, Best Test: 43.41%
Run 01:
Highest Train: 53.28
Highest Valid: 70.00
Highest Test: 52.44
Chosen epoch: 782
Final Train: 43.79
Final Test: 43.41
Label budget: 2/class -> 20 train nodes
Matched-budget validation: 20 valid nodes
Pre-training MLP for 500 epochs to generate co-occurrence matrix...
MLP pre-training complete. Penalty matrix frozen.
Epoch: 00, Loss: 3.1343, Train: 18.62%, Valid: 10.00%, Test: 18.13%, Best Valid: 10.00%, Best Test: 18.13%
Switching Polynormer to global attention phase.
Epoch: 100, Loss: 2.4367, Train: 16.55%, Valid: 10.00%, Test: 16.93%, Best Valid: 75.00%, Best Test: 43.51%
Epoch: 200, Loss: 0.5297, Train: 54.48%, Valid: 55.00%, Test: 50.85%, Best Valid: 75.00%, Best Test: 43.51%
Epoch: 300, Loss: 0.1555, Train: 57.93%, Valid: 70.00%, Test: 55.12%, Best Valid: 75.00%, Best Test: 43.51%
Epoch: 400, Loss: 0.0003, Train: 55.00%, Valid: 70.00%, Test: 54.75%, Best Valid: 75.00%, Best Test: 43.51%
Epoch: 500, Loss: 0.0020, Train: 53.97%, Valid: 65.00%, Test: 52.76%, Best Valid: 75.00%, Best Test: 43.51%
Epoch: 600, Loss: 0.0246, Train: 57.76%, Valid: 65.00%, Test: 54.51%, Best Valid: 75.00%, Best Test: 43.51%
Epoch: 700, Loss: 0.0039, Train: 58.45%, Valid: 55.00%, Test: 56.42%, Best Valid: 75.00%, Best Test: 43.51%
Epoch: 800, Loss: 0.0010, Train: 52.41%, Valid: 70.00%, Test: 51.34%, Best Valid: 75.00%, Best Test: 43.51%
Epoch: 900, Loss: 0.8140, Train: 54.83%, Valid: 60.00%, Test: 53.02%, Best Valid: 75.00%, Best Test: 43.51%
Epoch: 1000, Loss: 0.0624, Train: 48.79%, Valid: 55.00%, Test: 46.01%, Best Valid: 75.00%, Best Test: 43.51%
Run 02:
Highest Train: 61.03
Highest Valid: 75.00
Highest Test: 58.78
Chosen epoch: 96
Final Train: 45.34
Final Test: 43.51
Label budget: 2/class -> 20 train nodes
Matched-budget validation: 20 valid nodes
Pre-training MLP for 500 epochs to generate co-occurrence matrix...
MLP pre-training complete. Penalty matrix frozen.
Epoch: 00, Loss: 3.0552, Train: 5.17%, Valid: 10.00%, Test: 5.08%, Best Valid: 10.00%, Best Test: 5.08%
Switching Polynormer to global attention phase.
Epoch: 100, Loss: 2.4364, Train: 7.41%, Valid: 10.00%, Test: 7.41%, Best Valid: 60.00%, Best Test: 45.36%
Epoch: 200, Loss: 0.2173, Train: 41.38%, Valid: 45.00%, Test: 38.82%, Best Valid: 65.00%, Best Test: 41.56%
Epoch: 300, Loss: 0.4527, Train: 53.10%, Valid: 55.00%, Test: 52.97%, Best Valid: 65.00%, Best Test: 41.56%
Epoch: 400, Loss: 0.0060, Train: 52.93%, Valid: 60.00%, Test: 53.26%, Best Valid: 65.00%, Best Test: 41.56%
Epoch: 500, Loss: 0.0099, Train: 48.10%, Valid: 45.00%, Test: 46.04%, Best Valid: 70.00%, Best Test: 51.02%
Epoch: 600, Loss: 0.0004, Train: 50.17%, Valid: 40.00%, Test: 47.94%, Best Valid: 70.00%, Best Test: 51.02%
Epoch: 700, Loss: 0.0002, Train: 53.97%, Valid: 55.00%, Test: 50.42%, Best Valid: 70.00%, Best Test: 51.02%
Epoch: 800, Loss: 0.0000, Train: 47.24%, Valid: 45.00%, Test: 45.27%, Best Valid: 70.00%, Best Test: 51.02%
Epoch: 900, Loss: 0.0052, Train: 41.90%, Valid: 50.00%, Test: 40.52%, Best Valid: 70.00%, Best Test: 51.02%
Epoch: 1000, Loss: 0.0399, Train: 48.79%, Valid: 60.00%, Test: 49.00%, Best Valid: 70.00%, Best Test: 51.02%
Run 03:
Highest Train: 58.62
Highest Valid: 70.00
Highest Test: 56.85
Chosen epoch: 467
Final Train: 53.97
Final Test: 51.02
Label budget: 2/class -> 20 train nodes
Matched-budget validation: 20 valid nodes
Pre-training MLP for 500 epochs to generate co-occurrence matrix...
MLP pre-training complete. Penalty matrix frozen.
Epoch: 00, Loss: 2.5568, Train: 15.86%, Valid: 10.00%, Test: 14.66%, Best Valid: 10.00%, Best Test: 14.66%
Switching Polynormer to global attention phase.
Epoch: 100, Loss: 2.4531, Train: 22.59%, Valid: 10.00%, Test: 21.41%, Best Valid: 55.00%, Best Test: 47.05%
Epoch: 200, Loss: 0.8186, Train: 42.41%, Valid: 35.00%, Test: 38.99%, Best Valid: 55.00%, Best Test: 47.05%
Epoch: 300, Loss: 0.0027, Train: 49.48%, Valid: 40.00%, Test: 46.67%, Best Valid: 55.00%, Best Test: 47.05%
Epoch: 400, Loss: 0.0001, Train: 47.41%, Valid: 35.00%, Test: 42.47%, Best Valid: 55.00%, Best Test: 47.05%
Epoch: 500, Loss: 0.0633, Train: 50.86%, Valid: 40.00%, Test: 47.07%, Best Valid: 55.00%, Best Test: 47.05%
Epoch: 600, Loss: 0.0007, Train: 45.86%, Valid: 45.00%, Test: 41.99%, Best Valid: 55.00%, Best Test: 47.05%
Epoch: 700, Loss: 0.0117, Train: 47.93%, Valid: 35.00%, Test: 43.61%, Best Valid: 55.00%, Best Test: 47.05%
Epoch: 800, Loss: 0.0558, Train: 37.93%, Valid: 30.00%, Test: 33.52%, Best Valid: 55.00%, Best Test: 47.05%
Epoch: 900, Loss: 0.0661, Train: 51.21%, Valid: 50.00%, Test: 48.16%, Best Valid: 55.00%, Best Test: 47.05%
Epoch: 1000, Loss: 0.9720, Train: 44.66%, Valid: 40.00%, Test: 40.28%, Best Valid: 55.00%, Best Test: 47.05%
Run 04:
Highest Train: 54.48
Highest Valid: 55.00
Highest Test: 51.33
Chosen epoch: 87
Final Train: 49.83
Final Test: 47.05
Label budget: 2/class -> 20 train nodes
Matched-budget validation: 20 valid nodes
Pre-training MLP for 500 epochs to generate co-occurrence matrix...
MLP pre-training complete. Penalty matrix frozen.
Epoch: 00, Loss: 3.1547, Train: 4.31%, Valid: 5.00%, Test: 5.63%, Best Valid: 5.00%, Best Test: 5.63%
Switching Polynormer to global attention phase.
Epoch: 100, Loss: 2.4110, Train: 23.28%, Valid: 20.00%, Test: 24.00%, Best Valid: 55.00%, Best Test: 35.98%
Epoch: 200, Loss: 0.2181, Train: 34.66%, Valid: 40.00%, Test: 32.89%, Best Valid: 55.00%, Best Test: 35.98%
Epoch: 300, Loss: 0.7455, Train: 39.31%, Valid: 40.00%, Test: 38.21%, Best Valid: 70.00%, Best Test: 39.71%
Epoch: 400, Loss: 0.0517, Train: 33.62%, Valid: 55.00%, Test: 35.92%, Best Valid: 70.00%, Best Test: 39.71%
Epoch: 500, Loss: 0.0030, Train: 38.45%, Valid: 55.00%, Test: 37.59%, Best Valid: 70.00%, Best Test: 39.71%
Epoch: 600, Loss: 0.0602, Train: 36.03%, Valid: 45.00%, Test: 34.75%, Best Valid: 70.00%, Best Test: 39.71%
Epoch: 700, Loss: 0.0106, Train: 37.76%, Valid: 40.00%, Test: 36.34%, Best Valid: 70.00%, Best Test: 39.71%
Epoch: 800, Loss: 0.0033, Train: 40.86%, Valid: 40.00%, Test: 39.46%, Best Valid: 70.00%, Best Test: 39.71%
Epoch: 900, Loss: 0.0008, Train: 37.41%, Valid: 35.00%, Test: 36.79%, Best Valid: 70.00%, Best Test: 39.71%
Epoch: 1000, Loss: 0.0747, Train: 34.66%, Valid: 40.00%, Test: 33.21%, Best Valid: 70.00%, Best Test: 39.71%
Run 05:
Highest Train: 45.69
Highest Valid: 70.00
Highest Test: 44.33
Chosen epoch: 266
Final Train: 39.66
Final Test: 39.71
Label budget: 2/class -> 20 train nodes
Matched-budget validation: 20 valid nodes
Pre-training MLP for 500 epochs to generate co-occurrence matrix...
MLP pre-training complete. Penalty matrix frozen.
Epoch: 00, Loss: 3.1677, Train: 9.83%, Valid: 10.00%, Test: 11.87%, Best Valid: 10.00%, Best Test: 11.87%
Switching Polynormer to global attention phase.
Epoch: 100, Loss: 2.4471, Train: 4.14%, Valid: 10.00%, Test: 4.21%, Best Valid: 60.00%, Best Test: 44.26%
Epoch: 200, Loss: 0.5927, Train: 58.28%, Valid: 65.00%, Test: 56.37%, Best Valid: 70.00%, Best Test: 50.64%
Epoch: 300, Loss: 0.4178, Train: 49.14%, Valid: 60.00%, Test: 50.73%, Best Valid: 70.00%, Best Test: 50.64%
Epoch: 400, Loss: 0.0010, Train: 57.76%, Valid: 45.00%, Test: 56.37%, Best Valid: 70.00%, Best Test: 50.64%
Epoch: 500, Loss: 0.5238, Train: 52.41%, Valid: 55.00%, Test: 52.93%, Best Valid: 70.00%, Best Test: 50.64%
Epoch: 600, Loss: 0.4732, Train: 54.83%, Valid: 45.00%, Test: 53.82%, Best Valid: 70.00%, Best Test: 50.64%
Epoch: 700, Loss: 0.0027, Train: 59.14%, Valid: 60.00%, Test: 56.40%, Best Valid: 70.00%, Best Test: 50.64%
Epoch: 800, Loss: 0.0211, Train: 56.38%, Valid: 45.00%, Test: 54.54%, Best Valid: 70.00%, Best Test: 50.64%
Epoch: 900, Loss: 0.7173, Train: 53.62%, Valid: 55.00%, Test: 52.35%, Best Valid: 70.00%, Best Test: 50.64%
Epoch: 1000, Loss: 0.1808, Train: 53.62%, Valid: 55.00%, Test: 52.85%, Best Valid: 70.00%, Best Test: 50.64%
Run 06:
Highest Train: 61.90
Highest Valid: 70.00
Highest Test: 59.69
Chosen epoch: 143
Final Train: 52.24
Final Test: 50.64
Label budget: 2/class -> 20 train nodes
Matched-budget validation: 20 valid nodes
Pre-training MLP for 500 epochs to generate co-occurrence matrix...
MLP pre-training complete. Penalty matrix frozen.
Epoch: 00, Loss: 2.6442, Train: 6.55%, Valid: 5.00%, Test: 7.08%, Best Valid: 5.00%, Best Test: 7.08%
Switching Polynormer to global attention phase.
Epoch: 100, Loss: 2.4681, Train: 22.93%, Valid: 10.00%, Test: 22.90%, Best Valid: 55.00%, Best Test: 55.89%
Epoch: 200, Loss: 0.4291, Train: 61.21%, Valid: 40.00%, Test: 57.94%, Best Valid: 60.00%, Best Test: 56.05%
Epoch: 300, Loss: 0.0371, Train: 64.31%, Valid: 45.00%, Test: 61.76%, Best Valid: 60.00%, Best Test: 56.05%
Epoch: 400, Loss: 0.0849, Train: 63.79%, Valid: 55.00%, Test: 57.02%, Best Valid: 70.00%, Best Test: 54.44%
Epoch: 500, Loss: 0.0276, Train: 61.72%, Valid: 50.00%, Test: 56.97%, Best Valid: 70.00%, Best Test: 54.44%
Epoch: 600, Loss: 0.4061, Train: 62.76%, Valid: 60.00%, Test: 59.65%, Best Valid: 70.00%, Best Test: 54.44%
Epoch: 700, Loss: 0.0076, Train: 66.90%, Valid: 50.00%, Test: 60.25%, Best Valid: 70.00%, Best Test: 54.44%
Epoch: 800, Loss: 0.0002, Train: 63.28%, Valid: 60.00%, Test: 57.62%, Best Valid: 70.00%, Best Test: 54.44%
Epoch: 900, Loss: 1.2109, Train: 61.90%, Valid: 70.00%, Test: 56.35%, Best Valid: 70.00%, Best Test: 54.44%
Epoch: 1000, Loss: 1.2299, Train: 56.90%, Valid: 50.00%, Test: 55.19%, Best Valid: 75.00%, Best Test: 57.57%
Run 07:
Highest Train: 69.83
Highest Valid: 75.00
Highest Test: 65.59
Chosen epoch: 901
Final Train: 62.59
Final Test: 57.57
Label budget: 2/class -> 20 train nodes
Matched-budget validation: 20 valid nodes
Pre-training MLP for 500 epochs to generate co-occurrence matrix...
MLP pre-training complete. Penalty matrix frozen.
Epoch: 00, Loss: 2.5389, Train: 7.59%, Valid: 10.00%, Test: 8.02%, Best Valid: 10.00%, Best Test: 8.02%
Switching Polynormer to global attention phase.
Epoch: 100, Loss: 2.4737, Train: 12.24%, Valid: 10.00%, Test: 10.89%, Best Valid: 55.00%, Best Test: 38.65%
Epoch: 200, Loss: 1.4898, Train: 40.52%, Valid: 40.00%, Test: 39.44%, Best Valid: 55.00%, Best Test: 38.65%
Epoch: 300, Loss: 0.1901, Train: 41.90%, Valid: 30.00%, Test: 39.17%, Best Valid: 55.00%, Best Test: 38.65%
Epoch: 400, Loss: 0.0140, Train: 43.97%, Valid: 50.00%, Test: 41.47%, Best Valid: 55.00%, Best Test: 38.65%
Epoch: 500, Loss: 0.0057, Train: 41.21%, Valid: 55.00%, Test: 39.01%, Best Valid: 55.00%, Best Test: 38.65%
Epoch: 600, Loss: 0.4069, Train: 37.76%, Valid: 40.00%, Test: 36.34%, Best Valid: 55.00%, Best Test: 38.65%
Epoch: 700, Loss: 0.0019, Train: 33.10%, Valid: 35.00%, Test: 30.85%, Best Valid: 55.00%, Best Test: 38.65%
Epoch: 800, Loss: 0.7440, Train: 46.90%, Valid: 40.00%, Test: 42.41%, Best Valid: 55.00%, Best Test: 38.65%
Epoch: 900, Loss: 0.0196, Train: 39.31%, Valid: 40.00%, Test: 38.53%, Best Valid: 55.00%, Best Test: 38.65%
Epoch: 1000, Loss: 0.2268, Train: 42.24%, Valid: 35.00%, Test: 41.97%, Best Valid: 60.00%, Best Test: 45.56%
Run 08:
Highest Train: 49.48
Highest Valid: 60.00
Highest Test: 48.38
Chosen epoch: 909
Final Train: 46.72
Final Test: 45.56
Label budget: 2/class -> 20 train nodes
Matched-budget validation: 20 valid nodes
Pre-training MLP for 500 epochs to generate co-occurrence matrix...
MLP pre-training complete. Penalty matrix frozen.
Epoch: 00, Loss: 2.9131, Train: 4.31%, Valid: 15.00%, Test: 5.85%, Best Valid: 15.00%, Best Test: 5.85%
Switching Polynormer to global attention phase.
Epoch: 100, Loss: 2.4285, Train: 12.59%, Valid: 20.00%, Test: 12.84%, Best Valid: 60.00%, Best Test: 43.89%
Epoch: 200, Loss: 1.5401, Train: 40.69%, Valid: 45.00%, Test: 40.91%, Best Valid: 65.00%, Best Test: 42.18%
Epoch: 300, Loss: 0.0199, Train: 49.14%, Valid: 55.00%, Test: 45.82%, Best Valid: 65.00%, Best Test: 42.18%
Epoch: 400, Loss: 0.1316, Train: 48.79%, Valid: 55.00%, Test: 45.27%, Best Valid: 65.00%, Best Test: 42.18%
Epoch: 500, Loss: 0.2315, Train: 43.45%, Valid: 45.00%, Test: 41.27%, Best Valid: 65.00%, Best Test: 42.18%
Epoch: 600, Loss: 0.0021, Train: 44.48%, Valid: 60.00%, Test: 41.42%, Best Valid: 65.00%, Best Test: 42.18%
Epoch: 700, Loss: 0.3941, Train: 42.93%, Valid: 45.00%, Test: 39.52%, Best Valid: 65.00%, Best Test: 42.18%
Epoch: 800, Loss: 0.0082, Train: 49.83%, Valid: 55.00%, Test: 46.81%, Best Valid: 65.00%, Best Test: 42.18%
Epoch: 900, Loss: 0.0024, Train: 53.79%, Valid: 60.00%, Test: 51.68%, Best Valid: 65.00%, Best Test: 42.18%
Epoch: 1000, Loss: 0.5564, Train: 49.14%, Valid: 45.00%, Test: 48.16%, Best Valid: 70.00%, Best Test: 50.95%
Run 09:
Highest Train: 59.48
Highest Valid: 75.00
Highest Test: 55.74
Chosen epoch: 1078
Final Train: 58.28
Final Test: 55.14
Label budget: 2/class -> 20 train nodes
Matched-budget validation: 20 valid nodes
Pre-training MLP for 500 epochs to generate co-occurrence matrix...
MLP pre-training complete. Penalty matrix frozen.
Epoch: 00, Loss: 2.6892, Train: 17.07%, Valid: 10.00%, Test: 17.00%, Best Valid: 10.00%, Best Test: 17.00%
Switching Polynormer to global attention phase.
Epoch: 100, Loss: 2.3848, Train: 22.93%, Valid: 10.00%, Test: 22.90%, Best Valid: 45.00%, Best Test: 52.81%
Epoch: 200, Loss: 0.7792, Train: 39.48%, Valid: 45.00%, Test: 39.68%, Best Valid: 55.00%, Best Test: 48.37%
Epoch: 300, Loss: 0.1238, Train: 42.59%, Valid: 30.00%, Test: 38.75%, Best Valid: 55.00%, Best Test: 48.37%
Epoch: 400, Loss: 0.8899, Train: 44.48%, Valid: 40.00%, Test: 42.79%, Best Valid: 55.00%, Best Test: 48.37%
Epoch: 500, Loss: 0.0073, Train: 49.31%, Valid: 40.00%, Test: 47.90%, Best Valid: 55.00%, Best Test: 48.37%
Epoch: 600, Loss: 0.3474, Train: 51.03%, Valid: 40.00%, Test: 50.04%, Best Valid: 55.00%, Best Test: 48.37%
Epoch: 700, Loss: 0.0616, Train: 51.72%, Valid: 40.00%, Test: 49.29%, Best Valid: 55.00%, Best Test: 48.37%
Epoch: 800, Loss: 0.0019, Train: 40.00%, Valid: 30.00%, Test: 36.77%, Best Valid: 55.00%, Best Test: 48.37%
Epoch: 900, Loss: 0.0027, Train: 53.97%, Valid: 45.00%, Test: 51.62%, Best Valid: 55.00%, Best Test: 48.37%
Epoch: 1000, Loss: 0.1469, Train: 39.31%, Valid: 25.00%, Test: 37.56%, Best Valid: 55.00%, Best Test: 48.37%
Run 10:
Highest Train: 58.79
Highest Valid: 55.00
Highest Test: 54.10
Chosen epoch: 168
Final Train: 50.17
Final Test: 48.37
All runs:
Highest Train: 57.26 ± 6.84
Highest Test: 54.72 ± 6.06
Highest Valid: 67.50 ± 7.91
  Final Train: 50.26 ± 6.87
   Final Test: 48.20 ± 5.53
Saving results to ../results/lowlabel_mv/wikics/polynormer.csv
--- mlp_reg | lambda=0.1 ---
Namespace(aggregate='add', alpha=0.5, attention='gcn', beta=-1.0, bn=False, budget_tag='2', count_reg=False, count_smoothing=1.0, cpu=False, data_dir='../data/', dataset='wikics', device=0, dim_inner=512, display_step=100, dropout=0.5, epochs=500, global_dropout=None, global_epochs=1000, global_layers=2, gnn='gcn', graph_weight=0.8, hidden_channels=512, hops=10, in_dropout=0.5, jk=False, label_num_per_class=20, lambda_val=0.1, layers=1, ln=False, local_epochs=100, local_gnn_type='GCN', local_layers=7, lr=0.001, metric='acc', mlp_epochs=500, mlp_reg=True, model='polynormer', model_dir='models/lowlabel_mv_1178247_45', n_heads=1, num_centroids=4096, num_heads=1, oracle_reg=False, paired_seeds=True, pe_types='RWSE', penalty_transform='none', pre_linear=False, pre_ln=False, rand_split=False, rand_split_class=False, reg_start_epoch=10, reg_update_freq=5, res=False, resample_split_per_run=False, result_dir='../results/lowlabel_mv', runs=10, save_model=True, save_result=False, seed=42, test_num=1000, tr_dropout=None, tr_layers=1, tr_weight_decay=None, train_per_class=2, train_prop=0.5, use_act=False, use_bn=False, use_graph=False, use_reg=True, use_residual=False, use_weight=False, valid_num=500, valid_per_class=2, valid_prop=0.25, weight_decay=0.0)
wikics
dataset wikics | num nodes 11701 | num edge 431726 | num node feats 300 | num classes 10
MODEL: Polynormer(
  (h_lins): ModuleList(
    (0): Linear(in_features=512, out_features=512, bias=True)
    (1): Linear(in_features=512, out_features=512, bias=True)
    (2): Linear(in_features=512, out_features=512, bias=True)
    (3): Linear(in_features=512, out_features=512, bias=True)
    (4): Linear(in_features=512, out_features=512, bias=True)
    (5): Linear(in_features=512, out_features=512, bias=True)
    (6): Linear(in_features=512, out_features=512, bias=True)
  )
  (local_convs): ModuleList(
    (0): GATConv(512, 512, heads=1)
    (1): GATConv(512, 512, heads=1)
    (2): GATConv(512, 512, heads=1)
    (3): GATConv(512, 512, heads=1)
    (4): GATConv(512, 512, heads=1)
    (5): GATConv(512, 512, heads=1)
    (6): GATConv(512, 512, heads=1)
  )
  (lins): ModuleList(
    (0): Linear(in_features=512, out_features=512, bias=True)
    (1): Linear(in_features=512, out_features=512, bias=True)
    (2): Linear(in_features=512, out_features=512, bias=True)
    (3): Linear(in_features=512, out_features=512, bias=True)
    (4): Linear(in_features=512, out_features=512, bias=True)
    (5): Linear(in_features=512, out_features=512, bias=True)
    (6): Linear(in_features=512, out_features=512, bias=True)
  )
  (lns): ModuleList(
    (0): LayerNorm((512,), eps=1e-05, elementwise_affine=True)
    (1): LayerNorm((512,), eps=1e-05, elementwise_affine=True)
    (2): LayerNorm((512,), eps=1e-05, elementwise_affine=True)
    (3): LayerNorm((512,), eps=1e-05, elementwise_affine=True)
    (4): LayerNorm((512,), eps=1e-05, elementwise_affine=True)
    (5): LayerNorm((512,), eps=1e-05, elementwise_affine=True)
    (6): LayerNorm((512,), eps=1e-05, elementwise_affine=True)
  )
  (lin_in): Linear(in_features=300, out_features=512, bias=True)
  (ln): LayerNorm((512,), eps=1e-05, elementwise_affine=True)
  (global_attn): GlobalAttn(
    (h_lins): ModuleList(
      (0): Linear(in_features=512, out_features=512, bias=True)
      (1): Linear(in_features=512, out_features=512, bias=True)
    )
    (k_lins): ModuleList(
      (0): Linear(in_features=512, out_features=512, bias=True)
      (1): Linear(in_features=512, out_features=512, bias=True)
    )
    (v_lins): ModuleList(
      (0): Linear(in_features=512, out_features=512, bias=True)
      (1): Linear(in_features=512, out_features=512, bias=True)
    )
    (lns): ModuleList(
      (0): LayerNorm((512,), eps=1e-05, elementwise_affine=True)
      (1): LayerNorm((512,), eps=1e-05, elementwise_affine=True)
    )
    (lin_out): Linear(in_features=512, out_features=512, bias=True)
  )
  (pred_local): Linear(in_features=512, out_features=10, bias=True)
  (pred_global): Linear(in_features=512, out_features=10, bias=True)
)
Label budget: 2/class -> 20 train nodes
Matched-budget validation: 20 valid nodes
Pre-training MLP for 500 epochs to generate co-occurrence matrix...
MLP pre-training complete. Penalty matrix frozen.
Epoch: 00, Loss: 2.9626, Train: 4.66%, Valid: 10.00%, Test: 4.09%, Best Valid: 10.00%, Best Test: 4.09%
Switching Polynormer to global attention phase.
Epoch: 100, Loss: 2.5797, Train: 6.72%, Valid: 10.00%, Test: 6.67%, Best Valid: 60.00%, Best Test: 41.10%
Epoch: 200, Loss: 0.7757, Train: 28.62%, Valid: 40.00%, Test: 27.62%, Best Valid: 65.00%, Best Test: 38.29%
Epoch: 300, Loss: 0.0235, Train: 40.17%, Valid: 50.00%, Test: 38.43%, Best Valid: 65.00%, Best Test: 38.29%
Epoch: 400, Loss: 0.3445, Train: 45.69%, Valid: 65.00%, Test: 44.98%, Best Valid: 70.00%, Best Test: 42.18%
Epoch: 500, Loss: 0.4700, Train: 38.10%, Valid: 40.00%, Test: 38.57%, Best Valid: 75.00%, Best Test: 48.76%
Epoch: 600, Loss: 0.2790, Train: 45.69%, Valid: 60.00%, Test: 44.98%, Best Valid: 75.00%, Best Test: 48.76%
Epoch: 700, Loss: 0.0464, Train: 44.48%, Valid: 55.00%, Test: 43.17%, Best Valid: 75.00%, Best Test: 48.76%
Epoch: 800, Loss: 0.0575, Train: 45.34%, Valid: 55.00%, Test: 44.91%, Best Valid: 75.00%, Best Test: 48.76%
Epoch: 900, Loss: 0.1210, Train: 37.76%, Valid: 45.00%, Test: 38.55%, Best Valid: 75.00%, Best Test: 48.76%
Epoch: 1000, Loss: 0.0015, Train: 46.21%, Valid: 50.00%, Test: 44.88%, Best Valid: 75.00%, Best Test: 48.76%
Run 01:
Highest Train: 51.72
Highest Valid: 75.00
Highest Test: 49.48
Chosen epoch: 404
Final Train: 50.86
Final Test: 48.76
Label budget: 2/class -> 20 train nodes
Matched-budget validation: 20 valid nodes
Pre-training MLP for 500 epochs to generate co-occurrence matrix...
MLP pre-training complete. Penalty matrix frozen.
Epoch: 00, Loss: 3.2836, Train: 18.97%, Valid: 10.00%, Test: 18.15%, Best Valid: 10.00%, Best Test: 18.15%
Switching Polynormer to global attention phase.
Epoch: 100, Loss: 2.5079, Train: 16.55%, Valid: 10.00%, Test: 16.52%, Best Valid: 60.00%, Best Test: 37.37%
Epoch: 200, Loss: 0.2387, Train: 45.34%, Valid: 50.00%, Test: 44.45%, Best Valid: 60.00%, Best Test: 37.37%
Epoch: 300, Loss: 0.3542, Train: 42.24%, Valid: 45.00%, Test: 39.49%, Best Valid: 65.00%, Best Test: 44.72%
Epoch: 400, Loss: 0.2636, Train: 46.38%, Valid: 60.00%, Test: 42.79%, Best Valid: 70.00%, Best Test: 43.10%
Epoch: 500, Loss: 0.0034, Train: 54.83%, Valid: 55.00%, Test: 51.09%, Best Valid: 70.00%, Best Test: 43.10%
Epoch: 600, Loss: 0.2240, Train: 47.76%, Valid: 65.00%, Test: 44.26%, Best Valid: 70.00%, Best Test: 43.10%
Epoch: 700, Loss: 0.0488, Train: 46.72%, Valid: 50.00%, Test: 44.11%, Best Valid: 70.00%, Best Test: 43.10%
Epoch: 800, Loss: 0.0028, Train: 49.31%, Valid: 45.00%, Test: 47.32%, Best Valid: 70.00%, Best Test: 43.10%
Epoch: 900, Loss: 0.2067, Train: 46.55%, Valid: 60.00%, Test: 44.21%, Best Valid: 75.00%, Best Test: 43.27%
Epoch: 1000, Loss: 0.0004, Train: 52.24%, Valid: 70.00%, Test: 50.35%, Best Valid: 75.00%, Best Test: 43.27%
Run 02:
Highest Train: 57.41
Highest Valid: 75.00
Highest Test: 53.99
Chosen epoch: 880
Final Train: 47.07
Final Test: 43.27
Label budget: 2/class -> 20 train nodes
Matched-budget validation: 20 valid nodes
Pre-training MLP for 500 epochs to generate co-occurrence matrix...
MLP pre-training complete. Penalty matrix frozen.
Epoch: 00, Loss: 3.2007, Train: 5.17%, Valid: 10.00%, Test: 5.06%, Best Valid: 10.00%, Best Test: 5.06%
Switching Polynormer to global attention phase.
Epoch: 100, Loss: 2.5796, Train: 15.86%, Valid: 20.00%, Test: 16.45%, Best Valid: 55.00%, Best Test: 36.92%
Epoch: 200, Loss: 1.0704, Train: 41.90%, Valid: 40.00%, Test: 42.71%, Best Valid: 55.00%, Best Test: 36.92%
Epoch: 300, Loss: 0.4725, Train: 50.69%, Valid: 60.00%, Test: 45.96%, Best Valid: 70.00%, Best Test: 52.23%
Epoch: 400, Loss: 0.0486, Train: 47.59%, Valid: 50.00%, Test: 45.87%, Best Valid: 70.00%, Best Test: 52.23%
Epoch: 500, Loss: 0.4652, Train: 47.41%, Valid: 60.00%, Test: 46.69%, Best Valid: 75.00%, Best Test: 54.57%
Epoch: 600, Loss: 0.0124, Train: 50.52%, Valid: 55.00%, Test: 49.62%, Best Valid: 75.00%, Best Test: 54.57%
Epoch: 700, Loss: 0.4126, Train: 47.93%, Valid: 50.00%, Test: 46.86%, Best Valid: 75.00%, Best Test: 54.57%
Epoch: 800, Loss: 0.3399, Train: 40.69%, Valid: 45.00%, Test: 38.74%, Best Valid: 75.00%, Best Test: 54.57%
Epoch: 900, Loss: 0.0700, Train: 50.34%, Valid: 45.00%, Test: 47.46%, Best Valid: 75.00%, Best Test: 54.57%
Epoch: 1000, Loss: 0.9095, Train: 48.79%, Valid: 50.00%, Test: 43.92%, Best Valid: 75.00%, Best Test: 54.57%
Run 03:
Highest Train: 59.14
Highest Valid: 75.00
Highest Test: 56.58
Chosen epoch: 492
Final Train: 58.10
Final Test: 54.57
Label budget: 2/class -> 20 train nodes
Matched-budget validation: 20 valid nodes
Pre-training MLP for 500 epochs to generate co-occurrence matrix...
MLP pre-training complete. Penalty matrix frozen.
Epoch: 00, Loss: 2.6785, Train: 15.00%, Valid: 10.00%, Test: 14.28%, Best Valid: 10.00%, Best Test: 14.28%
Switching Polynormer to global attention phase.
Epoch: 100, Loss: 2.6011, Train: 7.24%, Valid: 10.00%, Test: 7.03%, Best Valid: 45.00%, Best Test: 31.38%
Epoch: 200, Loss: 1.0660, Train: 38.97%, Valid: 35.00%, Test: 36.14%, Best Valid: 50.00%, Best Test: 43.87%
Epoch: 300, Loss: 0.5846, Train: 36.72%, Valid: 35.00%, Test: 33.11%, Best Valid: 55.00%, Best Test: 49.87%
Epoch: 400, Loss: 0.0617, Train: 41.38%, Valid: 35.00%, Test: 36.99%, Best Valid: 55.00%, Best Test: 49.87%
Epoch: 500, Loss: 0.0058, Train: 51.38%, Valid: 45.00%, Test: 46.55%, Best Valid: 55.00%, Best Test: 49.87%
Epoch: 600, Loss: 0.7864, Train: 37.59%, Valid: 25.00%, Test: 33.57%, Best Valid: 55.00%, Best Test: 49.87%
Epoch: 700, Loss: 0.0009, Train: 45.52%, Valid: 40.00%, Test: 42.12%, Best Valid: 55.00%, Best Test: 49.87%
Epoch: 800, Loss: 0.0109, Train: 43.28%, Valid: 35.00%, Test: 37.59%, Best Valid: 55.00%, Best Test: 49.87%
Epoch: 900, Loss: 0.0771, Train: 43.97%, Valid: 30.00%, Test: 39.15%, Best Valid: 55.00%, Best Test: 49.87%
Epoch: 1000, Loss: 0.3174, Train: 46.72%, Valid: 35.00%, Test: 40.89%, Best Valid: 55.00%, Best Test: 49.87%
Run 04:
Highest Train: 54.31
Highest Valid: 55.00
Highest Test: 50.04
Chosen epoch: 270
Final Train: 52.93
Final Test: 49.87
Label budget: 2/class -> 20 train nodes
Matched-budget validation: 20 valid nodes
Pre-training MLP for 500 epochs to generate co-occurrence matrix...
MLP pre-training complete. Penalty matrix frozen.
Epoch: 00, Loss: 3.3049, Train: 4.48%, Valid: 5.00%, Test: 6.40%, Best Valid: 5.00%, Best Test: 6.40%
Switching Polynormer to global attention phase.
Epoch: 100, Loss: 2.5679, Train: 18.97%, Valid: 15.00%, Test: 20.03%, Best Valid: 60.00%, Best Test: 35.09%
Epoch: 200, Loss: 0.1709, Train: 38.62%, Valid: 55.00%, Test: 36.99%, Best Valid: 65.00%, Best Test: 33.01%
Epoch: 300, Loss: 0.1524, Train: 42.07%, Valid: 55.00%, Test: 40.00%, Best Valid: 75.00%, Best Test: 40.64%
Epoch: 400, Loss: 0.1155, Train: 38.28%, Valid: 55.00%, Test: 35.90%, Best Valid: 75.00%, Best Test: 40.64%
Epoch: 500, Loss: 0.7546, Train: 33.28%, Valid: 45.00%, Test: 32.60%, Best Valid: 75.00%, Best Test: 40.64%
Epoch: 600, Loss: 0.4211, Train: 36.72%, Valid: 50.00%, Test: 36.45%, Best Valid: 75.00%, Best Test: 40.64%
Epoch: 700, Loss: 0.0421, Train: 37.24%, Valid: 65.00%, Test: 35.20%, Best Valid: 75.00%, Best Test: 40.64%
Epoch: 800, Loss: 0.1033, Train: 30.86%, Valid: 45.00%, Test: 33.20%, Best Valid: 75.00%, Best Test: 40.64%
Epoch: 900, Loss: 0.2435, Train: 35.17%, Valid: 35.00%, Test: 32.36%, Best Valid: 75.00%, Best Test: 40.64%
Epoch: 1000, Loss: 2.0938, Train: 31.03%, Valid: 30.00%, Test: 29.04%, Best Valid: 75.00%, Best Test: 40.64%
Run 05:
Highest Train: 46.03
Highest Valid: 75.00
Highest Test: 44.93
Chosen epoch: 288
Final Train: 41.90
Final Test: 40.64
Label budget: 2/class -> 20 train nodes
Matched-budget validation: 20 valid nodes
Pre-training MLP for 500 epochs to generate co-occurrence matrix...
MLP pre-training complete. Penalty matrix frozen.
Epoch: 00, Loss: 3.3185, Train: 9.83%, Valid: 10.00%, Test: 12.01%, Best Valid: 10.00%, Best Test: 12.01%
Switching Polynormer to global attention phase.
Epoch: 100, Loss: 2.5446, Train: 2.41%, Valid: 10.00%, Test: 3.75%, Best Valid: 60.00%, Best Test: 39.97%
Epoch: 200, Loss: 1.6276, Train: 36.72%, Valid: 35.00%, Test: 35.64%, Best Valid: 65.00%, Best Test: 43.99%
Epoch: 300, Loss: 0.0053, Train: 61.90%, Valid: 55.00%, Test: 59.57%, Best Valid: 65.00%, Best Test: 43.99%
Epoch: 400, Loss: 0.0085, Train: 50.52%, Valid: 40.00%, Test: 49.00%, Best Valid: 65.00%, Best Test: 43.99%
Epoch: 500, Loss: 0.0112, Train: 53.10%, Valid: 40.00%, Test: 52.37%, Best Valid: 65.00%, Best Test: 43.99%
Epoch: 600, Loss: 0.0407, Train: 46.21%, Valid: 50.00%, Test: 46.18%, Best Valid: 65.00%, Best Test: 43.99%
Epoch: 700, Loss: 0.4547, Train: 45.17%, Valid: 35.00%, Test: 45.15%, Best Valid: 65.00%, Best Test: 43.99%
Epoch: 800, Loss: 0.0020, Train: 60.52%, Valid: 55.00%, Test: 58.65%, Best Valid: 65.00%, Best Test: 43.99%
Epoch: 900, Loss: 0.0762, Train: 55.52%, Valid: 50.00%, Test: 53.98%, Best Valid: 65.00%, Best Test: 43.99%
Epoch: 1000, Loss: 0.4067, Train: 55.17%, Valid: 50.00%, Test: 55.28%, Best Valid: 65.00%, Best Test: 43.99%
Run 06:
Highest Train: 64.31
Highest Valid: 65.00
Highest Test: 61.40
Chosen epoch: 129
Final Train: 46.72
Final Test: 43.99
Label budget: 2/class -> 20 train nodes
Matched-budget validation: 20 valid nodes
Pre-training MLP for 500 epochs to generate co-occurrence matrix...
MLP pre-training complete. Penalty matrix frozen.
Epoch: 00, Loss: 2.7701, Train: 6.90%, Valid: 5.00%, Test: 7.30%, Best Valid: 5.00%, Best Test: 7.30%
Switching Polynormer to global attention phase.
Epoch: 100, Loss: 2.5186, Train: 2.41%, Valid: 10.00%, Test: 2.51%, Best Valid: 60.00%, Best Test: 46.47%
Epoch: 200, Loss: 0.4501, Train: 65.69%, Valid: 55.00%, Test: 59.50%, Best Valid: 65.00%, Best Test: 52.92%
Epoch: 300, Loss: 0.0564, Train: 57.07%, Valid: 55.00%, Test: 54.42%, Best Valid: 65.00%, Best Test: 52.92%
Epoch: 400, Loss: 0.2341, Train: 53.97%, Valid: 45.00%, Test: 51.77%, Best Valid: 65.00%, Best Test: 52.92%
Epoch: 500, Loss: 0.1047, Train: 57.24%, Valid: 55.00%, Test: 55.16%, Best Valid: 65.00%, Best Test: 52.92%
Epoch: 600, Loss: 0.1262, Train: 61.55%, Valid: 45.00%, Test: 56.82%, Best Valid: 65.00%, Best Test: 52.92%
Epoch: 700, Loss: 0.0813, Train: 63.10%, Valid: 50.00%, Test: 59.16%, Best Valid: 70.00%, Best Test: 50.50%
Epoch: 800, Loss: 0.0192, Train: 62.41%, Valid: 60.00%, Test: 57.40%, Best Valid: 70.00%, Best Test: 50.50%
Epoch: 900, Loss: 0.0136, Train: 54.31%, Valid: 60.00%, Test: 52.66%, Best Valid: 70.00%, Best Test: 50.50%
Epoch: 1000, Loss: 0.0005, Train: 65.17%, Valid: 55.00%, Test: 60.08%, Best Valid: 70.00%, Best Test: 50.50%
Run 07:
Highest Train: 69.66
Highest Valid: 70.00
Highest Test: 64.36
Chosen epoch: 649
Final Train: 54.14
Final Test: 50.50
Label budget: 2/class -> 20 train nodes
Matched-budget validation: 20 valid nodes
Pre-training MLP for 500 epochs to generate co-occurrence matrix...
MLP pre-training complete. Penalty matrix frozen.
Epoch: 00, Loss: 2.6599, Train: 8.62%, Valid: 10.00%, Test: 8.18%, Best Valid: 10.00%, Best Test: 8.18%
Switching Polynormer to global attention phase.
Epoch: 100, Loss: 2.5628, Train: 15.52%, Valid: 10.00%, Test: 14.79%, Best Valid: 55.00%, Best Test: 28.87%
Epoch: 200, Loss: 1.4285, Train: 40.52%, Valid: 35.00%, Test: 40.19%, Best Valid: 55.00%, Best Test: 28.87%
Epoch: 300, Loss: 0.5286, Train: 36.90%, Valid: 30.00%, Test: 36.51%, Best Valid: 55.00%, Best Test: 28.87%
Epoch: 400, Loss: 0.2374, Train: 46.38%, Valid: 40.00%, Test: 42.96%, Best Valid: 55.00%, Best Test: 28.87%
Epoch: 500, Loss: 0.0927, Train: 41.72%, Valid: 40.00%, Test: 41.13%, Best Valid: 55.00%, Best Test: 28.87%
Epoch: 600, Loss: 0.0308, Train: 44.14%, Valid: 50.00%, Test: 42.60%, Best Valid: 55.00%, Best Test: 28.87%
Epoch: 700, Loss: 0.0067, Train: 44.14%, Valid: 40.00%, Test: 43.27%, Best Valid: 55.00%, Best Test: 28.87%
Epoch: 800, Loss: 0.0383, Train: 39.48%, Valid: 45.00%, Test: 35.86%, Best Valid: 55.00%, Best Test: 28.87%
Epoch: 900, Loss: 0.0000, Train: 46.55%, Valid: 40.00%, Test: 44.19%, Best Valid: 60.00%, Best Test: 42.38%
Epoch: 1000, Loss: 0.0004, Train: 48.62%, Valid: 40.00%, Test: 46.40%, Best Valid: 60.00%, Best Test: 42.38%
Run 08:
Highest Train: 50.34
Highest Valid: 60.00
Highest Test: 47.92
Chosen epoch: 810
Final Train: 43.62
Final Test: 42.38
Label budget: 2/class -> 20 train nodes
Matched-budget validation: 20 valid nodes
Pre-training MLP for 500 epochs to generate co-occurrence matrix...
MLP pre-training complete. Penalty matrix frozen.
Epoch: 00, Loss: 3.0519, Train: 4.66%, Valid: 15.00%, Test: 5.81%, Best Valid: 15.00%, Best Test: 5.81%
Switching Polynormer to global attention phase.
Epoch: 100, Loss: 2.5757, Train: 16.72%, Valid: 10.00%, Test: 15.63%, Best Valid: 65.00%, Best Test: 48.93%
Epoch: 200, Loss: 0.7369, Train: 45.00%, Valid: 55.00%, Test: 44.66%, Best Valid: 65.00%, Best Test: 48.93%
Epoch: 300, Loss: 0.0056, Train: 52.24%, Valid: 60.00%, Test: 48.69%, Best Valid: 65.00%, Best Test: 48.93%
Epoch: 400, Loss: 0.0323, Train: 51.03%, Valid: 55.00%, Test: 48.09%, Best Valid: 70.00%, Best Test: 47.77%
Epoch: 500, Loss: 0.1380, Train: 42.07%, Valid: 45.00%, Test: 39.37%, Best Valid: 70.00%, Best Test: 47.77%
Epoch: 600, Loss: 0.0454, Train: 47.07%, Valid: 50.00%, Test: 43.30%, Best Valid: 70.00%, Best Test: 47.77%
Epoch: 700, Loss: 0.2014, Train: 41.90%, Valid: 50.00%, Test: 38.89%, Best Valid: 70.00%, Best Test: 47.77%
Epoch: 800, Loss: 0.0009, Train: 50.34%, Valid: 70.00%, Test: 47.97%, Best Valid: 70.00%, Best Test: 47.77%
Epoch: 900, Loss: 0.1354, Train: 42.59%, Valid: 55.00%, Test: 38.72%, Best Valid: 70.00%, Best Test: 47.77%
Epoch: 1000, Loss: 0.2473, Train: 42.24%, Valid: 65.00%, Test: 37.99%, Best Valid: 70.00%, Best Test: 47.77%
Run 09:
Highest Train: 59.48
Highest Valid: 70.00
Highest Test: 53.82
Chosen epoch: 377
Final Train: 48.45
Final Test: 47.77
Label budget: 2/class -> 20 train nodes
Matched-budget validation: 20 valid nodes
Pre-training MLP for 500 epochs to generate co-occurrence matrix...
MLP pre-training complete. Penalty matrix frozen.
Epoch: 00, Loss: 2.8172, Train: 17.41%, Valid: 10.00%, Test: 17.34%, Best Valid: 10.00%, Best Test: 17.34%
Switching Polynormer to global attention phase.
Epoch: 100, Loss: 2.4840, Train: 5.34%, Valid: 5.00%, Test: 5.44%, Best Valid: 50.00%, Best Test: 39.83%
Epoch: 200, Loss: 0.6908, Train: 40.34%, Valid: 45.00%, Test: 40.40%, Best Valid: 55.00%, Best Test: 34.17%
Epoch: 300, Loss: 0.5338, Train: 42.07%, Valid: 35.00%, Test: 40.26%, Best Valid: 55.00%, Best Test: 34.17%
Epoch: 400, Loss: 0.3056, Train: 37.93%, Valid: 25.00%, Test: 37.34%, Best Valid: 55.00%, Best Test: 34.17%
Epoch: 500, Loss: 0.6412, Train: 45.00%, Valid: 35.00%, Test: 41.25%, Best Valid: 55.00%, Best Test: 34.17%
Epoch: 600, Loss: 0.3236, Train: 46.03%, Valid: 40.00%, Test: 43.70%, Best Valid: 55.00%, Best Test: 34.17%
Epoch: 700, Loss: 0.1699, Train: 49.66%, Valid: 45.00%, Test: 47.34%, Best Valid: 55.00%, Best Test: 34.17%
Epoch: 800, Loss: 0.0453, Train: 48.10%, Valid: 35.00%, Test: 42.96%, Best Valid: 55.00%, Best Test: 34.17%
Epoch: 900, Loss: 0.6453, Train: 44.48%, Valid: 35.00%, Test: 41.12%, Best Valid: 55.00%, Best Test: 34.17%
Epoch: 1000, Loss: 0.6095, Train: 40.52%, Valid: 30.00%, Test: 37.22%, Best Valid: 55.00%, Best Test: 34.17%
Run 10:
Highest Train: 54.14
Highest Valid: 55.00
Highest Test: 50.85
Chosen epoch: 159
Final Train: 35.34
Final Test: 34.17
All runs:
Highest Train: 56.66 ± 6.92
Highest Test: 53.34 ± 6.05
Highest Valid: 67.50 ± 8.25
  Final Train: 47.91 ± 6.60
   Final Test: 45.59 ± 5.88
Saving results to ../results/lowlabel_mv/wikics/polynormer.csv
--- mlp_reg | lambda=0.2 ---
Namespace(aggregate='add', alpha=0.5, attention='gcn', beta=-1.0, bn=False, budget_tag='2', count_reg=False, count_smoothing=1.0, cpu=False, data_dir='../data/', dataset='wikics', device=0, dim_inner=512, display_step=100, dropout=0.5, epochs=500, global_dropout=None, global_epochs=1000, global_layers=2, gnn='gcn', graph_weight=0.8, hidden_channels=512, hops=10, in_dropout=0.5, jk=False, label_num_per_class=20, lambda_val=0.2, layers=1, ln=False, local_epochs=100, local_gnn_type='GCN', local_layers=7, lr=0.001, metric='acc', mlp_epochs=500, mlp_reg=True, model='polynormer', model_dir='models/lowlabel_mv_1178247_45', n_heads=1, num_centroids=4096, num_heads=1, oracle_reg=False, paired_seeds=True, pe_types='RWSE', penalty_transform='none', pre_linear=False, pre_ln=False, rand_split=False, rand_split_class=False, reg_start_epoch=10, reg_update_freq=5, res=False, resample_split_per_run=False, result_dir='../results/lowlabel_mv', runs=10, save_model=True, save_result=False, seed=42, test_num=1000, tr_dropout=None, tr_layers=1, tr_weight_decay=None, train_per_class=2, train_prop=0.5, use_act=False, use_bn=False, use_graph=False, use_reg=True, use_residual=False, use_weight=False, valid_num=500, valid_per_class=2, valid_prop=0.25, weight_decay=0.0)
wikics
dataset wikics | num nodes 11701 | num edge 431726 | num node feats 300 | num classes 10
MODEL: Polynormer(
  (h_lins): ModuleList(
    (0): Linear(in_features=512, out_features=512, bias=True)
    (1): Linear(in_features=512, out_features=512, bias=True)
    (2): Linear(in_features=512, out_features=512, bias=True)
    (3): Linear(in_features=512, out_features=512, bias=True)
    (4): Linear(in_features=512, out_features=512, bias=True)
    (5): Linear(in_features=512, out_features=512, bias=True)
    (6): Linear(in_features=512, out_features=512, bias=True)
  )
  (local_convs): ModuleList(
    (0): GATConv(512, 512, heads=1)
    (1): GATConv(512, 512, heads=1)
    (2): GATConv(512, 512, heads=1)
    (3): GATConv(512, 512, heads=1)
    (4): GATConv(512, 512, heads=1)
    (5): GATConv(512, 512, heads=1)
    (6): GATConv(512, 512, heads=1)
  )
  (lins): ModuleList(
    (0): Linear(in_features=512, out_features=512, bias=True)
    (1): Linear(in_features=512, out_features=512, bias=True)
    (2): Linear(in_features=512, out_features=512, bias=True)
    (3): Linear(in_features=512, out_features=512, bias=True)
    (4): Linear(in_features=512, out_features=512, bias=True)
    (5): Linear(in_features=512, out_features=512, bias=True)
    (6): Linear(in_features=512, out_features=512, bias=True)
  )
  (lns): ModuleList(
    (0): LayerNorm((512,), eps=1e-05, elementwise_affine=True)
    (1): LayerNorm((512,), eps=1e-05, elementwise_affine=True)
    (2): LayerNorm((512,), eps=1e-05, elementwise_affine=True)
    (3): LayerNorm((512,), eps=1e-05, elementwise_affine=True)
    (4): LayerNorm((512,), eps=1e-05, elementwise_affine=True)
    (5): LayerNorm((512,), eps=1e-05, elementwise_affine=True)
    (6): LayerNorm((512,), eps=1e-05, elementwise_affine=True)
  )
  (lin_in): Linear(in_features=300, out_features=512, bias=True)
  (ln): LayerNorm((512,), eps=1e-05, elementwise_affine=True)
  (global_attn): GlobalAttn(
    (h_lins): ModuleList(
      (0): Linear(in_features=512, out_features=512, bias=True)
      (1): Linear(in_features=512, out_features=512, bias=True)
    )
    (k_lins): ModuleList(
      (0): Linear(in_features=512, out_features=512, bias=True)
      (1): Linear(in_features=512, out_features=512, bias=True)
    )
    (v_lins): ModuleList(
      (0): Linear(in_features=512, out_features=512, bias=True)
      (1): Linear(in_features=512, out_features=512, bias=True)
    )
    (lns): ModuleList(
      (0): LayerNorm((512,), eps=1e-05, elementwise_affine=True)
      (1): LayerNorm((512,), eps=1e-05, elementwise_affine=True)
    )
    (lin_out): Linear(in_features=512, out_features=512, bias=True)
  )
  (pred_local): Linear(in_features=512, out_features=10, bias=True)
  (pred_global): Linear(in_features=512, out_features=10, bias=True)
)
Label budget: 2/class -> 20 train nodes
Matched-budget validation: 20 valid nodes
Pre-training MLP for 500 epochs to generate co-occurrence matrix...
MLP pre-training complete. Penalty matrix frozen.
Epoch: 00, Loss: 3.2320, Train: 4.31%, Valid: 10.00%, Test: 4.04%, Best Valid: 10.00%, Best Test: 4.04%
Switching Polynormer to global attention phase.
Epoch: 100, Loss: 2.7785, Train: 6.72%, Valid: 10.00%, Test: 6.67%, Best Valid: 60.00%, Best Test: 41.44%
Epoch: 200, Loss: 0.6356, Train: 38.45%, Valid: 50.00%, Test: 38.00%, Best Valid: 60.00%, Best Test: 41.44%
Epoch: 300, Loss: 0.2022, Train: 38.10%, Valid: 50.00%, Test: 34.87%, Best Valid: 65.00%, Best Test: 43.22%
Epoch: 400, Loss: 0.0378, Train: 41.38%, Valid: 55.00%, Test: 41.12%, Best Valid: 70.00%, Best Test: 42.79%
Epoch: 500, Loss: 0.1958, Train: 40.52%, Valid: 40.00%, Test: 37.73%, Best Valid: 70.00%, Best Test: 42.79%
Epoch: 600, Loss: 0.0092, Train: 45.34%, Valid: 50.00%, Test: 43.30%, Best Valid: 70.00%, Best Test: 42.79%
Epoch: 700, Loss: 0.0679, Train: 35.34%, Valid: 45.00%, Test: 34.27%, Best Valid: 70.00%, Best Test: 42.79%
Epoch: 800, Loss: 0.0546, Train: 40.69%, Valid: 55.00%, Test: 41.35%, Best Valid: 70.00%, Best Test: 42.79%
Epoch: 900, Loss: 0.3195, Train: 38.28%, Valid: 50.00%, Test: 36.89%, Best Valid: 70.00%, Best Test: 42.79%
Epoch: 1000, Loss: 1.1561, Train: 37.24%, Valid: 45.00%, Test: 35.76%, Best Valid: 70.00%, Best Test: 42.79%
Run 01:
Highest Train: 47.76
Highest Valid: 70.00
Highest Test: 46.47
Chosen epoch: 307
Final Train: 45.69
Final Test: 42.79
Label budget: 2/class -> 20 train nodes
Matched-budget validation: 20 valid nodes
Pre-training MLP for 500 epochs to generate co-occurrence matrix...
MLP pre-training complete. Penalty matrix frozen.
Epoch: 00, Loss: 3.5821, Train: 18.97%, Valid: 10.00%, Test: 18.01%, Best Valid: 10.00%, Best Test: 18.01%
Switching Polynormer to global attention phase.
Epoch: 100, Loss: 2.7656, Train: 18.45%, Valid: 10.00%, Test: 18.40%, Best Valid: 65.00%, Best Test: 41.32%
Epoch: 200, Loss: 0.2930, Train: 50.86%, Valid: 55.00%, Test: 48.83%, Best Valid: 65.00%, Best Test: 41.32%
Epoch: 300, Loss: 0.4365, Train: 52.24%, Valid: 70.00%, Test: 50.61%, Best Valid: 80.00%, Best Test: 52.21%
Epoch: 400, Loss: 0.0904, Train: 55.86%, Valid: 55.00%, Test: 55.98%, Best Valid: 80.00%, Best Test: 52.21%
Epoch: 500, Loss: 0.1486, Train: 48.45%, Valid: 50.00%, Test: 47.07%, Best Valid: 80.00%, Best Test: 52.21%
Epoch: 600, Loss: 0.1185, Train: 51.21%, Valid: 55.00%, Test: 49.03%, Best Valid: 80.00%, Best Test: 52.21%
Epoch: 700, Loss: 0.0019, Train: 58.45%, Valid: 55.00%, Test: 54.99%, Best Valid: 80.00%, Best Test: 52.21%
Epoch: 800, Loss: 0.0038, Train: 51.55%, Valid: 55.00%, Test: 52.03%, Best Valid: 80.00%, Best Test: 52.21%
Epoch: 900, Loss: 0.0031, Train: 51.90%, Valid: 55.00%, Test: 48.16%, Best Valid: 80.00%, Best Test: 52.21%
Epoch: 1000, Loss: 0.0007, Train: 50.34%, Valid: 55.00%, Test: 47.44%, Best Valid: 80.00%, Best Test: 52.21%
Run 02:
Highest Train: 61.72
Highest Valid: 80.00
Highest Test: 59.36
Chosen epoch: 225
Final Train: 56.03
Final Test: 52.21
Label budget: 2/class -> 20 train nodes
Matched-budget validation: 20 valid nodes
Pre-training MLP for 500 epochs to generate co-occurrence matrix...
MLP pre-training complete. Penalty matrix frozen.
Epoch: 00, Loss: 3.4917, Train: 5.17%, Valid: 10.00%, Test: 5.15%, Best Valid: 10.00%, Best Test: 5.15%
Switching Polynormer to global attention phase.
Epoch: 100, Loss: 2.7760, Train: 22.93%, Valid: 10.00%, Test: 22.90%, Best Valid: 60.00%, Best Test: 33.06%
Epoch: 200, Loss: 0.8742, Train: 46.38%, Valid: 50.00%, Test: 44.33%, Best Valid: 60.00%, Best Test: 33.06%
Epoch: 300, Loss: 0.1281, Train: 47.07%, Valid: 45.00%, Test: 44.89%, Best Valid: 70.00%, Best Test: 53.50%
Epoch: 400, Loss: 0.4584, Train: 54.14%, Valid: 65.00%, Test: 53.17%, Best Valid: 75.00%, Best Test: 56.54%
Epoch: 500, Loss: 0.1827, Train: 55.86%, Valid: 55.00%, Test: 52.44%, Best Valid: 75.00%, Best Test: 56.54%
Epoch: 600, Loss: 0.4435, Train: 43.10%, Valid: 35.00%, Test: 41.25%, Best Valid: 75.00%, Best Test: 56.54%
Epoch: 700, Loss: 0.0559, Train: 45.69%, Valid: 55.00%, Test: 43.36%, Best Valid: 75.00%, Best Test: 56.54%
Epoch: 800, Loss: 0.6228, Train: 44.83%, Valid: 55.00%, Test: 45.99%, Best Valid: 75.00%, Best Test: 56.54%
Epoch: 900, Loss: 0.0000, Train: 43.62%, Valid: 55.00%, Test: 41.87%, Best Valid: 75.00%, Best Test: 56.54%
Epoch: 1000, Loss: 0.0000, Train: 48.28%, Valid: 45.00%, Test: 45.82%, Best Valid: 75.00%, Best Test: 56.54%
Run 03:
Highest Train: 57.93
Highest Valid: 75.00
Highest Test: 57.19
Chosen epoch: 394
Final Train: 56.21
Final Test: 56.54
Label budget: 2/class -> 20 train nodes
Matched-budget validation: 20 valid nodes
Pre-training MLP for 500 epochs to generate co-occurrence matrix...
MLP pre-training complete. Penalty matrix frozen.
Epoch: 00, Loss: 2.9220, Train: 14.31%, Valid: 10.00%, Test: 13.82%, Best Valid: 10.00%, Best Test: 13.82%
Switching Polynormer to global attention phase.
Epoch: 100, Loss: 2.8963, Train: 22.93%, Valid: 10.00%, Test: 22.90%, Best Valid: 50.00%, Best Test: 42.19%
Epoch: 200, Loss: 0.9476, Train: 43.62%, Valid: 30.00%, Test: 38.12%, Best Valid: 50.00%, Best Test: 42.19%
Epoch: 300, Loss: 0.3301, Train: 46.21%, Valid: 35.00%, Test: 42.43%, Best Valid: 50.00%, Best Test: 42.19%
Epoch: 400, Loss: 0.2111, Train: 46.90%, Valid: 35.00%, Test: 43.49%, Best Valid: 50.00%, Best Test: 42.19%
Epoch: 500, Loss: 0.0861, Train: 42.93%, Valid: 25.00%, Test: 40.98%, Best Valid: 50.00%, Best Test: 42.19%
Epoch: 600, Loss: 0.2685, Train: 43.62%, Valid: 30.00%, Test: 38.75%, Best Valid: 50.00%, Best Test: 42.19%
Epoch: 700, Loss: 0.0009, Train: 46.90%, Valid: 20.00%, Test: 43.66%, Best Valid: 50.00%, Best Test: 42.19%
Epoch: 800, Loss: 0.0735, Train: 48.45%, Valid: 35.00%, Test: 42.30%, Best Valid: 50.00%, Best Test: 42.19%
Epoch: 900, Loss: 0.0121, Train: 44.48%, Valid: 35.00%, Test: 40.79%, Best Valid: 50.00%, Best Test: 42.19%
Epoch: 1000, Loss: 0.0273, Train: 50.00%, Valid: 30.00%, Test: 47.63%, Best Valid: 50.00%, Best Test: 42.19%
Run 04:
Highest Train: 56.72
Highest Valid: 50.00
Highest Test: 52.37
Chosen epoch: 68
Final Train: 43.79
Final Test: 42.19
Label budget: 2/class -> 20 train nodes
Matched-budget validation: 20 valid nodes
Pre-training MLP for 500 epochs to generate co-occurrence matrix...
MLP pre-training complete. Penalty matrix frozen.
Epoch: 00, Loss: 3.6053, Train: 6.72%, Valid: 5.00%, Test: 8.45%, Best Valid: 5.00%, Best Test: 8.45%
Switching Polynormer to global attention phase.
Epoch: 100, Loss: 2.7340, Train: 18.45%, Valid: 15.00%, Test: 18.23%, Best Valid: 55.00%, Best Test: 37.64%
Epoch: 200, Loss: 0.4152, Train: 31.03%, Valid: 40.00%, Test: 30.79%, Best Valid: 60.00%, Best Test: 38.75%
Epoch: 300, Loss: 1.1565, Train: 45.17%, Valid: 45.00%, Test: 42.19%, Best Valid: 60.00%, Best Test: 38.75%
Epoch: 400, Loss: 0.2167, Train: 42.24%, Valid: 35.00%, Test: 40.76%, Best Valid: 60.00%, Best Test: 38.75%
Epoch: 500, Loss: 0.1510, Train: 40.86%, Valid: 45.00%, Test: 38.75%, Best Valid: 60.00%, Best Test: 38.75%
Epoch: 600, Loss: 0.0005, Train: 43.62%, Valid: 55.00%, Test: 40.28%, Best Valid: 65.00%, Best Test: 38.58%
Epoch: 700, Loss: 0.0001, Train: 40.17%, Valid: 45.00%, Test: 37.47%, Best Valid: 65.00%, Best Test: 38.58%
Epoch: 800, Loss: 0.0053, Train: 42.24%, Valid: 40.00%, Test: 38.16%, Best Valid: 70.00%, Best Test: 41.75%
Epoch: 900, Loss: 0.0671, Train: 39.14%, Valid: 50.00%, Test: 37.52%, Best Valid: 70.00%, Best Test: 41.75%
Epoch: 1000, Loss: 0.0125, Train: 40.86%, Valid: 50.00%, Test: 39.80%, Best Valid: 70.00%, Best Test: 41.75%
Run 05:
Highest Train: 47.93
Highest Valid: 70.00
Highest Test: 45.70
Chosen epoch: 771
Final Train: 43.10
Final Test: 41.75
Label budget: 2/class -> 20 train nodes
Matched-budget validation: 20 valid nodes
Pre-training MLP for 500 epochs to generate co-occurrence matrix...
MLP pre-training complete. Penalty matrix frozen.
Epoch: 00, Loss: 3.6202, Train: 10.00%, Valid: 10.00%, Test: 12.30%, Best Valid: 10.00%, Best Test: 12.30%
Switching Polynormer to global attention phase.
Epoch: 100, Loss: 2.8013, Train: 16.55%, Valid: 10.00%, Test: 16.52%, Best Valid: 65.00%, Best Test: 53.82%
Epoch: 200, Loss: 1.1436, Train: 49.31%, Valid: 50.00%, Test: 49.09%, Best Valid: 65.00%, Best Test: 53.82%
Epoch: 300, Loss: 0.0839, Train: 57.07%, Valid: 50.00%, Test: 55.24%, Best Valid: 70.00%, Best Test: 46.26%
Epoch: 400, Loss: 0.0009, Train: 53.10%, Valid: 55.00%, Test: 51.82%, Best Valid: 70.00%, Best Test: 46.26%
Epoch: 500, Loss: 0.0078, Train: 50.86%, Valid: 55.00%, Test: 51.21%, Best Valid: 70.00%, Best Test: 46.26%
Epoch: 600, Loss: 0.0022, Train: 57.76%, Valid: 60.00%, Test: 55.82%, Best Valid: 70.00%, Best Test: 46.26%
Epoch: 700, Loss: 0.2562, Train: 45.17%, Valid: 40.00%, Test: 46.59%, Best Valid: 70.00%, Best Test: 46.26%
Epoch: 800, Loss: 0.2375, Train: 57.76%, Valid: 60.00%, Test: 58.44%, Best Valid: 70.00%, Best Test: 46.26%
Epoch: 900, Loss: 0.0099, Train: 50.34%, Valid: 50.00%, Test: 49.73%, Best Valid: 70.00%, Best Test: 46.26%
Epoch: 1000, Loss: 0.0038, Train: 55.00%, Valid: 55.00%, Test: 54.23%, Best Valid: 70.00%, Best Test: 46.26%
Run 06:
Highest Train: 63.45
Highest Valid: 70.00
Highest Test: 63.42
Chosen epoch: 251
Final Train: 49.66
Final Test: 46.26
Label budget: 2/class -> 20 train nodes
Matched-budget validation: 20 valid nodes
Pre-training MLP for 500 epochs to generate co-occurrence matrix...
MLP pre-training complete. Penalty matrix frozen.
Epoch: 00, Loss: 3.0219, Train: 6.72%, Valid: 5.00%, Test: 7.70%, Best Valid: 5.00%, Best Test: 7.70%
Switching Polynormer to global attention phase.
Epoch: 100, Loss: 2.7999, Train: 30.00%, Valid: 25.00%, Test: 29.23%, Best Valid: 60.00%, Best Test: 57.17%
Epoch: 200, Loss: 0.3351, Train: 60.69%, Valid: 40.00%, Test: 58.77%, Best Valid: 65.00%, Best Test: 56.46%
Epoch: 300, Loss: 0.0142, Train: 55.17%, Valid: 50.00%, Test: 52.92%, Best Valid: 65.00%, Best Test: 56.46%
Epoch: 400, Loss: 0.0017, Train: 62.76%, Valid: 65.00%, Test: 59.23%, Best Valid: 65.00%, Best Test: 56.46%
Epoch: 500, Loss: 0.0001, Train: 64.14%, Valid: 60.00%, Test: 59.12%, Best Valid: 65.00%, Best Test: 56.46%
Epoch: 600, Loss: 0.0003, Train: 64.66%, Valid: 65.00%, Test: 60.06%, Best Valid: 70.00%, Best Test: 64.85%
Epoch: 700, Loss: 0.1103, Train: 64.48%, Valid: 70.00%, Test: 61.02%, Best Valid: 70.00%, Best Test: 64.85%
Epoch: 800, Loss: 0.7252, Train: 59.48%, Valid: 55.00%, Test: 58.82%, Best Valid: 70.00%, Best Test: 64.85%
Epoch: 900, Loss: 1.3607, Train: 60.69%, Valid: 50.00%, Test: 58.01%, Best Valid: 70.00%, Best Test: 64.85%
Epoch: 1000, Loss: 0.0168, Train: 66.21%, Valid: 50.00%, Test: 64.31%, Best Valid: 70.00%, Best Test: 64.85%
Run 07:
Highest Train: 70.00
Highest Valid: 70.00
Highest Test: 66.82
Chosen epoch: 572
Final Train: 66.90
Final Test: 64.85
Label budget: 2/class -> 20 train nodes
Matched-budget validation: 20 valid nodes
Pre-training MLP for 500 epochs to generate co-occurrence matrix...
MLP pre-training complete. Penalty matrix frozen.
Epoch: 00, Loss: 2.9017, Train: 10.00%, Valid: 10.00%, Test: 9.34%, Best Valid: 10.00%, Best Test: 9.34%
Switching Polynormer to global attention phase.
Epoch: 100, Loss: 2.8084, Train: 12.24%, Valid: 10.00%, Test: 12.18%, Best Valid: 45.00%, Best Test: 37.73%
Epoch: 200, Loss: 1.6532, Train: 28.97%, Valid: 20.00%, Test: 30.73%, Best Valid: 50.00%, Best Test: 20.93%
Epoch: 300, Loss: 0.6342, Train: 39.31%, Valid: 35.00%, Test: 39.39%, Best Valid: 50.00%, Best Test: 20.93%
Epoch: 400, Loss: 0.1814, Train: 40.52%, Valid: 45.00%, Test: 41.08%, Best Valid: 50.00%, Best Test: 20.93%
Epoch: 500, Loss: 0.5895, Train: 47.41%, Valid: 40.00%, Test: 44.91%, Best Valid: 50.00%, Best Test: 20.93%
Epoch: 600, Loss: 0.4316, Train: 46.21%, Valid: 40.00%, Test: 44.69%, Best Valid: 50.00%, Best Test: 20.93%
Epoch: 700, Loss: 0.0159, Train: 44.48%, Valid: 30.00%, Test: 41.90%, Best Valid: 55.00%, Best Test: 40.52%
Epoch: 800, Loss: 0.0541, Train: 42.76%, Valid: 35.00%, Test: 41.71%, Best Valid: 55.00%, Best Test: 40.52%
Epoch: 900, Loss: 0.0037, Train: 39.48%, Valid: 40.00%, Test: 40.26%, Best Valid: 55.00%, Best Test: 40.52%
Epoch: 1000, Loss: 0.0009, Train: 43.79%, Valid: 35.00%, Test: 40.82%, Best Valid: 55.00%, Best Test: 40.52%
Run 08:
Highest Train: 49.66
Highest Valid: 55.00
Highest Test: 47.67
Chosen epoch: 604
Final Train: 40.69
Final Test: 40.52
Label budget: 2/class -> 20 train nodes
Matched-budget validation: 20 valid nodes
Pre-training MLP for 500 epochs to generate co-occurrence matrix...
MLP pre-training complete. Penalty matrix frozen.
Epoch: 00, Loss: 3.3293, Train: 4.48%, Valid: 15.00%, Test: 5.87%, Best Valid: 15.00%, Best Test: 5.87%
Switching Polynormer to global attention phase.
Epoch: 100, Loss: 2.8436, Train: 7.41%, Valid: 10.00%, Test: 7.39%, Best Valid: 65.00%, Best Test: 42.72%
Epoch: 200, Loss: 0.1417, Train: 47.59%, Valid: 60.00%, Test: 45.29%, Best Valid: 70.00%, Best Test: 45.99%
Epoch: 300, Loss: 0.2017, Train: 42.41%, Valid: 50.00%, Test: 37.75%, Best Valid: 75.00%, Best Test: 50.15%
Epoch: 400, Loss: 0.1325, Train: 49.66%, Valid: 50.00%, Test: 45.63%, Best Valid: 75.00%, Best Test: 50.15%
Epoch: 500, Loss: 0.0095, Train: 50.69%, Valid: 50.00%, Test: 46.04%, Best Valid: 75.00%, Best Test: 50.15%
Epoch: 600, Loss: 0.0809, Train: 45.86%, Valid: 55.00%, Test: 43.85%, Best Valid: 75.00%, Best Test: 50.15%
Epoch: 700, Loss: 0.1429, Train: 46.90%, Valid: 55.00%, Test: 44.26%, Best Valid: 75.00%, Best Test: 50.15%
Epoch: 800, Loss: 0.0227, Train: 47.59%, Valid: 60.00%, Test: 43.54%, Best Valid: 75.00%, Best Test: 50.15%
Epoch: 900, Loss: 0.5028, Train: 54.83%, Valid: 55.00%, Test: 51.39%, Best Valid: 75.00%, Best Test: 50.15%
Epoch: 1000, Loss: 0.1869, Train: 52.93%, Valid: 55.00%, Test: 48.52%, Best Valid: 75.00%, Best Test: 50.15%
Run 09:
Highest Train: 57.93
Highest Valid: 75.00
Highest Test: 53.79
Chosen epoch: 218
Final Train: 54.83
Final Test: 50.15
Label budget: 2/class -> 20 train nodes
Matched-budget validation: 20 valid nodes
Pre-training MLP for 500 epochs to generate co-occurrence matrix...
MLP pre-training complete. Penalty matrix frozen.
Epoch: 00, Loss: 3.0733, Train: 18.45%, Valid: 15.00%, Test: 18.08%, Best Valid: 15.00%, Best Test: 18.08%
Switching Polynormer to global attention phase.
Epoch: 100, Loss: 2.7443, Train: 9.48%, Valid: 0.00%, Test: 11.32%, Best Valid: 45.00%, Best Test: 44.42%
Epoch: 200, Loss: 0.4821, Train: 48.10%, Valid: 35.00%, Test: 45.08%, Best Valid: 55.00%, Best Test: 33.03%
Epoch: 300, Loss: 0.4797, Train: 42.93%, Valid: 40.00%, Test: 42.36%, Best Valid: 55.00%, Best Test: 33.03%
Epoch: 400, Loss: 0.1583, Train: 49.14%, Valid: 35.00%, Test: 46.19%, Best Valid: 60.00%, Best Test: 49.94%
Epoch: 500, Loss: 0.0972, Train: 53.97%, Valid: 40.00%, Test: 49.31%, Best Valid: 60.00%, Best Test: 49.94%
Epoch: 600, Loss: 0.1813, Train: 51.03%, Valid: 45.00%, Test: 47.82%, Best Valid: 60.00%, Best Test: 49.94%
Epoch: 700, Loss: 0.2795, Train: 45.00%, Valid: 35.00%, Test: 41.37%, Best Valid: 60.00%, Best Test: 49.94%
Epoch: 800, Loss: 0.4827, Train: 38.97%, Valid: 50.00%, Test: 37.16%, Best Valid: 60.00%, Best Test: 49.94%
Epoch: 900, Loss: 0.0127, Train: 43.28%, Valid: 55.00%, Test: 41.18%, Best Valid: 60.00%, Best Test: 49.94%
Epoch: 1000, Loss: 0.0008, Train: 44.48%, Valid: 40.00%, Test: 42.69%, Best Valid: 60.00%, Best Test: 49.94%
Run 10:
Highest Train: 58.97
Highest Valid: 60.00
Highest Test: 53.84
Chosen epoch: 366
Final Train: 52.93
Final Test: 49.94
All runs:
Highest Train: 57.21 ± 7.15
Highest Test: 54.66 ± 7.12
Highest Valid: 67.50 ± 9.50
  Final Train: 50.98 ± 7.99
   Final Test: 48.72 ± 7.72
Saving results to ../results/lowlabel_mv/wikics/polynormer.csv
--- mlp_reg | lambda=0.4 ---
Namespace(aggregate='add', alpha=0.5, attention='gcn', beta=-1.0, bn=False, budget_tag='2', count_reg=False, count_smoothing=1.0, cpu=False, data_dir='../data/', dataset='wikics', device=0, dim_inner=512, display_step=100, dropout=0.5, epochs=500, global_dropout=None, global_epochs=1000, global_layers=2, gnn='gcn', graph_weight=0.8, hidden_channels=512, hops=10, in_dropout=0.5, jk=False, label_num_per_class=20, lambda_val=0.4, layers=1, ln=False, local_epochs=100, local_gnn_type='GCN', local_layers=7, lr=0.001, metric='acc', mlp_epochs=500, mlp_reg=True, model='polynormer', model_dir='models/lowlabel_mv_1178247_45', n_heads=1, num_centroids=4096, num_heads=1, oracle_reg=False, paired_seeds=True, pe_types='RWSE', penalty_transform='none', pre_linear=False, pre_ln=False, rand_split=False, rand_split_class=False, reg_start_epoch=10, reg_update_freq=5, res=False, resample_split_per_run=False, result_dir='../results/lowlabel_mv', runs=10, save_model=True, save_result=False, seed=42, test_num=1000, tr_dropout=None, tr_layers=1, tr_weight_decay=None, train_per_class=2, train_prop=0.5, use_act=False, use_bn=False, use_graph=False, use_reg=True, use_residual=False, use_weight=False, valid_num=500, valid_per_class=2, valid_prop=0.25, weight_decay=0.0)
wikics
dataset wikics | num nodes 11701 | num edge 431726 | num node feats 300 | num classes 10
MODEL: Polynormer(
  (h_lins): ModuleList(
    (0): Linear(in_features=512, out_features=512, bias=True)
    (1): Linear(in_features=512, out_features=512, bias=True)
    (2): Linear(in_features=512, out_features=512, bias=True)
    (3): Linear(in_features=512, out_features=512, bias=True)
    (4): Linear(in_features=512, out_features=512, bias=True)
    (5): Linear(in_features=512, out_features=512, bias=True)
    (6): Linear(in_features=512, out_features=512, bias=True)
  )
  (local_convs): ModuleList(
    (0): GATConv(512, 512, heads=1)
    (1): GATConv(512, 512, heads=1)
    (2): GATConv(512, 512, heads=1)
    (3): GATConv(512, 512, heads=1)
    (4): GATConv(512, 512, heads=1)
    (5): GATConv(512, 512, heads=1)
    (6): GATConv(512, 512, heads=1)
  )
  (lins): ModuleList(
    (0): Linear(in_features=512, out_features=512, bias=True)
    (1): Linear(in_features=512, out_features=512, bias=True)
    (2): Linear(in_features=512, out_features=512, bias=True)
    (3): Linear(in_features=512, out_features=512, bias=True)
    (4): Linear(in_features=512, out_features=512, bias=True)
    (5): Linear(in_features=512, out_features=512, bias=True)
    (6): Linear(in_features=512, out_features=512, bias=True)
  )
  (lns): ModuleList(
    (0): LayerNorm((512,), eps=1e-05, elementwise_affine=True)
    (1): LayerNorm((512,), eps=1e-05, elementwise_affine=True)
    (2): LayerNorm((512,), eps=1e-05, elementwise_affine=True)
    (3): LayerNorm((512,), eps=1e-05, elementwise_affine=True)
    (4): LayerNorm((512,), eps=1e-05, elementwise_affine=True)
    (5): LayerNorm((512,), eps=1e-05, elementwise_affine=True)
    (6): LayerNorm((512,), eps=1e-05, elementwise_affine=True)
  )
  (lin_in): Linear(in_features=300, out_features=512, bias=True)
  (ln): LayerNorm((512,), eps=1e-05, elementwise_affine=True)
  (global_attn): GlobalAttn(
    (h_lins): ModuleList(
      (0): Linear(in_features=512, out_features=512, bias=True)
      (1): Linear(in_features=512, out_features=512, bias=True)
    )
    (k_lins): ModuleList(
      (0): Linear(in_features=512, out_features=512, bias=True)
      (1): Linear(in_features=512, out_features=512, bias=True)
    )
    (v_lins): ModuleList(
      (0): Linear(in_features=512, out_features=512, bias=True)
      (1): Linear(in_features=512, out_features=512, bias=True)
    )
    (lns): ModuleList(
      (0): LayerNorm((512,), eps=1e-05, elementwise_affine=True)
      (1): LayerNorm((512,), eps=1e-05, elementwise_affine=True)
    )
    (lin_out): Linear(in_features=512, out_features=512, bias=True)
  )
  (pred_local): Linear(in_features=512, out_features=10, bias=True)
  (pred_global): Linear(in_features=512, out_features=10, bias=True)
)
Label budget: 2/class -> 20 train nodes
Matched-budget validation: 20 valid nodes
Pre-training MLP for 500 epochs to generate co-occurrence matrix...
MLP pre-training complete. Penalty matrix frozen.
Epoch: 00, Loss: 3.7706, Train: 4.48%, Valid: 10.00%, Test: 4.09%, Best Valid: 10.00%, Best Test: 4.09%
Switching Polynormer to global attention phase.
Epoch: 100, Loss: 3.2840, Train: 6.72%, Valid: 10.00%, Test: 6.67%, Best Valid: 60.00%, Best Test: 43.87%
Epoch: 200, Loss: 0.8109, Train: 39.66%, Valid: 55.00%, Test: 36.31%, Best Valid: 65.00%, Best Test: 39.46%
Epoch: 300, Loss: 0.0976, Train: 43.97%, Valid: 50.00%, Test: 42.86%, Best Valid: 65.00%, Best Test: 39.46%
Epoch: 400, Loss: 0.3120, Train: 42.24%, Valid: 55.00%, Test: 41.05%, Best Valid: 65.00%, Best Test: 39.46%
Epoch: 500, Loss: 0.0016, Train: 41.03%, Valid: 45.00%, Test: 40.65%, Best Valid: 65.00%, Best Test: 39.46%
Epoch: 600, Loss: 0.0074, Train: 46.03%, Valid: 50.00%, Test: 43.05%, Best Valid: 65.00%, Best Test: 39.46%
Epoch: 700, Loss: 0.0020, Train: 44.83%, Valid: 55.00%, Test: 44.59%, Best Valid: 70.00%, Best Test: 45.96%
Epoch: 800, Loss: 0.1725, Train: 44.83%, Valid: 40.00%, Test: 41.51%, Best Valid: 70.00%, Best Test: 45.96%
Epoch: 900, Loss: 0.0168, Train: 41.38%, Valid: 40.00%, Test: 40.45%, Best Valid: 70.00%, Best Test: 45.96%
Epoch: 1000, Loss: 0.0164, Train: 45.52%, Valid: 45.00%, Test: 44.79%, Best Valid: 70.00%, Best Test: 45.96%
Run 01:
Highest Train: 48.97
Highest Valid: 70.00
Highest Test: 48.79
Chosen epoch: 693
Final Train: 45.52
Final Test: 45.96
Label budget: 2/class -> 20 train nodes
Matched-budget validation: 20 valid nodes
Pre-training MLP for 500 epochs to generate co-occurrence matrix...
MLP pre-training complete. Penalty matrix frozen.
Epoch: 00, Loss: 4.1791, Train: 18.45%, Valid: 10.00%, Test: 18.01%, Best Valid: 10.00%, Best Test: 18.01%
Switching Polynormer to global attention phase.
Epoch: 100, Loss: 3.2338, Train: 16.55%, Valid: 10.00%, Test: 16.52%, Best Valid: 65.00%, Best Test: 44.81%
Epoch: 200, Loss: 0.5664, Train: 37.24%, Valid: 55.00%, Test: 36.16%, Best Valid: 75.00%, Best Test: 46.42%
Epoch: 300, Loss: 0.2801, Train: 47.24%, Valid: 50.00%, Test: 45.34%, Best Valid: 75.00%, Best Test: 46.42%
Epoch: 400, Loss: 0.3055, Train: 41.38%, Valid: 45.00%, Test: 38.22%, Best Valid: 75.00%, Best Test: 46.42%
Epoch: 500, Loss: 0.1220, Train: 48.62%, Valid: 50.00%, Test: 44.76%, Best Valid: 75.00%, Best Test: 46.42%
Epoch: 600, Loss: 0.1751, Train: 50.34%, Valid: 65.00%, Test: 48.45%, Best Valid: 75.00%, Best Test: 46.42%
Epoch: 700, Loss: 0.3483, Train: 52.41%, Valid: 55.00%, Test: 49.89%, Best Valid: 75.00%, Best Test: 46.42%
Epoch: 800, Loss: 0.0790, Train: 46.72%, Valid: 65.00%, Test: 46.95%, Best Valid: 75.00%, Best Test: 46.42%
Epoch: 900, Loss: 0.0022, Train: 53.45%, Valid: 55.00%, Test: 49.94%, Best Valid: 75.00%, Best Test: 46.42%
Epoch: 1000, Loss: 0.0383, Train: 52.24%, Valid: 60.00%, Test: 50.21%, Best Valid: 75.00%, Best Test: 46.42%
Run 02:
Highest Train: 57.24
Highest Valid: 75.00
Highest Test: 55.04
Chosen epoch: 193
Final Train: 48.45
Final Test: 46.42
Label budget: 2/class -> 20 train nodes
Matched-budget validation: 20 valid nodes
Pre-training MLP for 500 epochs to generate co-occurrence matrix...
MLP pre-training complete. Penalty matrix frozen.
Epoch: 00, Loss: 4.0736, Train: 5.52%, Valid: 10.00%, Test: 5.17%, Best Valid: 10.00%, Best Test: 5.17%
Switching Polynormer to global attention phase.
Epoch: 100, Loss: 3.2026, Train: 12.24%, Valid: 10.00%, Test: 12.18%, Best Valid: 55.00%, Best Test: 40.47%
Epoch: 200, Loss: 0.6260, Train: 45.52%, Valid: 55.00%, Test: 46.57%, Best Valid: 55.00%, Best Test: 40.47%
Epoch: 300, Loss: 0.1936, Train: 46.03%, Valid: 50.00%, Test: 44.38%, Best Valid: 60.00%, Best Test: 42.52%
Epoch: 400, Loss: 0.2634, Train: 43.28%, Valid: 50.00%, Test: 41.78%, Best Valid: 60.00%, Best Test: 42.52%
Epoch: 500, Loss: 0.0001, Train: 46.03%, Valid: 55.00%, Test: 44.14%, Best Valid: 60.00%, Best Test: 42.52%
Epoch: 600, Loss: 0.0773, Train: 46.90%, Valid: 40.00%, Test: 42.79%, Best Valid: 65.00%, Best Test: 39.52%
Epoch: 700, Loss: 0.0295, Train: 51.72%, Valid: 60.00%, Test: 48.91%, Best Valid: 65.00%, Best Test: 39.52%
Epoch: 800, Loss: 0.0013, Train: 41.03%, Valid: 40.00%, Test: 42.06%, Best Valid: 65.00%, Best Test: 39.52%
Epoch: 900, Loss: 0.0024, Train: 35.86%, Valid: 40.00%, Test: 34.86%, Best Valid: 65.00%, Best Test: 39.52%
Epoch: 1000, Loss: 0.2364, Train: 37.59%, Valid: 50.00%, Test: 40.64%, Best Valid: 65.00%, Best Test: 39.52%
Run 03:
Highest Train: 54.83
Highest Valid: 70.00
Highest Test: 52.52
Chosen epoch: 1062
Final Train: 48.97
Final Test: 49.02
Label budget: 2/class -> 20 train nodes
Matched-budget validation: 20 valid nodes
Pre-training MLP for 500 epochs to generate co-occurrence matrix...
MLP pre-training complete. Penalty matrix frozen.
Epoch: 00, Loss: 3.4090, Train: 13.45%, Valid: 10.00%, Test: 12.78%, Best Valid: 10.00%, Best Test: 12.78%
Switching Polynormer to global attention phase.
Epoch: 100, Loss: 3.3375, Train: 26.21%, Valid: 20.00%, Test: 26.29%, Best Valid: 50.00%, Best Test: 42.50%
Epoch: 200, Loss: 1.3315, Train: 34.83%, Valid: 35.00%, Test: 29.45%, Best Valid: 50.00%, Best Test: 42.50%
Epoch: 300, Loss: 0.1941, Train: 47.93%, Valid: 35.00%, Test: 42.33%, Best Valid: 50.00%, Best Test: 42.50%
Epoch: 400, Loss: 0.2146, Train: 45.34%, Valid: 40.00%, Test: 41.29%, Best Valid: 65.00%, Best Test: 44.16%
Epoch: 500, Loss: 0.5919, Train: 43.28%, Valid: 35.00%, Test: 37.08%, Best Valid: 65.00%, Best Test: 44.16%
Epoch: 600, Loss: 0.0941, Train: 40.52%, Valid: 30.00%, Test: 35.56%, Best Valid: 65.00%, Best Test: 44.16%
Epoch: 700, Loss: 1.0182, Train: 45.34%, Valid: 40.00%, Test: 40.21%, Best Valid: 65.00%, Best Test: 44.16%
Epoch: 800, Loss: 0.1432, Train: 42.93%, Valid: 50.00%, Test: 38.17%, Best Valid: 65.00%, Best Test: 44.16%
Epoch: 900, Loss: 0.5952, Train: 37.41%, Valid: 50.00%, Test: 32.43%, Best Valid: 65.00%, Best Test: 44.16%
Epoch: 1000, Loss: 2.6324, Train: 29.83%, Valid: 45.00%, Test: 26.22%, Best Valid: 65.00%, Best Test: 44.16%
Run 04:
Highest Train: 55.00
Highest Valid: 65.00
Highest Test: 51.55
Chosen epoch: 323
Final Train: 47.76
Final Test: 44.16
Label budget: 2/class -> 20 train nodes
Matched-budget validation: 20 valid nodes
Pre-training MLP for 500 epochs to generate co-occurrence matrix...
MLP pre-training complete. Penalty matrix frozen.
Epoch: 00, Loss: 4.2062, Train: 11.21%, Valid: 0.00%, Test: 11.58%, Best Valid: 0.00%, Best Test: 11.58%
Switching Polynormer to global attention phase.
Epoch: 100, Loss: 3.2295, Train: 12.41%, Valid: 10.00%, Test: 12.18%, Best Valid: 60.00%, Best Test: 38.58%
Epoch: 200, Loss: 0.9440, Train: 35.00%, Valid: 50.00%, Test: 32.89%, Best Valid: 65.00%, Best Test: 42.48%
Epoch: 300, Loss: 0.3115, Train: 42.59%, Valid: 60.00%, Test: 41.37%, Best Valid: 65.00%, Best Test: 42.48%
Epoch: 400, Loss: 0.6680, Train: 43.10%, Valid: 40.00%, Test: 42.09%, Best Valid: 65.00%, Best Test: 42.48%
Epoch: 500, Loss: 0.0009, Train: 40.69%, Valid: 55.00%, Test: 39.52%, Best Valid: 65.00%, Best Test: 42.48%
Epoch: 600, Loss: 0.0156, Train: 41.21%, Valid: 50.00%, Test: 40.33%, Best Valid: 70.00%, Best Test: 41.15%
Epoch: 700, Loss: 0.3903, Train: 43.97%, Valid: 55.00%, Test: 41.95%, Best Valid: 70.00%, Best Test: 41.15%
Epoch: 800, Loss: 0.4429, Train: 37.24%, Valid: 60.00%, Test: 37.97%, Best Valid: 70.00%, Best Test: 41.15%
Epoch: 900, Loss: 0.0601, Train: 39.83%, Valid: 50.00%, Test: 38.70%, Best Valid: 70.00%, Best Test: 41.15%
Epoch: 1000, Loss: 0.5009, Train: 37.07%, Valid: 50.00%, Test: 36.16%, Best Valid: 70.00%, Best Test: 41.15%
Run 05:
Highest Train: 47.76
Highest Valid: 70.00
Highest Test: 46.26
Chosen epoch: 504
Final Train: 42.24
Final Test: 41.15
Label budget: 2/class -> 20 train nodes
Matched-budget validation: 20 valid nodes
Pre-training MLP for 500 epochs to generate co-occurrence matrix...
MLP pre-training complete. Penalty matrix frozen.
Epoch: 00, Loss: 4.2236, Train: 10.00%, Valid: 10.00%, Test: 12.38%, Best Valid: 10.00%, Best Test: 12.38%
Switching Polynormer to global attention phase.
Epoch: 100, Loss: 3.2296, Train: 16.55%, Valid: 10.00%, Test: 16.52%, Best Valid: 65.00%, Best Test: 47.39%
Epoch: 200, Loss: 1.2240, Train: 48.45%, Valid: 55.00%, Test: 44.64%, Best Valid: 75.00%, Best Test: 39.94%
Epoch: 300, Loss: 0.3263, Train: 57.59%, Valid: 55.00%, Test: 54.46%, Best Valid: 75.00%, Best Test: 39.94%
Epoch: 400, Loss: 0.0445, Train: 52.41%, Valid: 55.00%, Test: 51.26%, Best Valid: 75.00%, Best Test: 39.94%
Epoch: 500, Loss: 0.0412, Train: 61.03%, Valid: 60.00%, Test: 58.61%, Best Valid: 75.00%, Best Test: 39.94%
Epoch: 600, Loss: 0.0016, Train: 54.83%, Valid: 50.00%, Test: 53.74%, Best Valid: 75.00%, Best Test: 39.94%
Epoch: 700, Loss: 0.0047, Train: 53.97%, Valid: 50.00%, Test: 54.56%, Best Valid: 75.00%, Best Test: 39.94%
Epoch: 800, Loss: 0.0851, Train: 54.14%, Valid: 35.00%, Test: 52.11%, Best Valid: 75.00%, Best Test: 39.94%
Epoch: 900, Loss: 0.0755, Train: 61.90%, Valid: 60.00%, Test: 59.69%, Best Valid: 75.00%, Best Test: 39.94%
Epoch: 1000, Loss: 0.2776, Train: 55.86%, Valid: 60.00%, Test: 53.87%, Best Valid: 75.00%, Best Test: 39.94%
Run 06:
Highest Train: 65.00
Highest Valid: 75.00
Highest Test: 61.83
Chosen epoch: 140
Final Train: 41.03
Final Test: 39.94
Label budget: 2/class -> 20 train nodes
Matched-budget validation: 20 valid nodes
Pre-training MLP for 500 epochs to generate co-occurrence matrix...
MLP pre-training complete. Penalty matrix frozen.
Epoch: 00, Loss: 3.5255, Train: 6.90%, Valid: 5.00%, Test: 7.94%, Best Valid: 5.00%, Best Test: 7.94%
Switching Polynormer to global attention phase.
Epoch: 100, Loss: 3.2315, Train: 7.24%, Valid: 10.00%, Test: 7.29%, Best Valid: 60.00%, Best Test: 56.10%
Epoch: 200, Loss: 1.2242, Train: 58.28%, Valid: 45.00%, Test: 52.42%, Best Valid: 60.00%, Best Test: 56.10%
Epoch: 300, Loss: 0.1381, Train: 63.62%, Valid: 50.00%, Test: 58.99%, Best Valid: 70.00%, Best Test: 49.63%
Epoch: 400, Loss: 0.3666, Train: 55.69%, Valid: 55.00%, Test: 53.38%, Best Valid: 70.00%, Best Test: 49.63%
Epoch: 500, Loss: 0.1193, Train: 54.48%, Valid: 50.00%, Test: 49.55%, Best Valid: 70.00%, Best Test: 49.63%
Epoch: 600, Loss: 0.2779, Train: 65.34%, Valid: 55.00%, Test: 60.37%, Best Valid: 70.00%, Best Test: 49.63%
Epoch: 700, Loss: 0.5890, Train: 50.69%, Valid: 55.00%, Test: 46.64%, Best Valid: 70.00%, Best Test: 49.63%
Epoch: 800, Loss: 0.0756, Train: 65.00%, Valid: 50.00%, Test: 60.99%, Best Valid: 70.00%, Best Test: 49.63%
Epoch: 900, Loss: 0.0706, Train: 58.10%, Valid: 55.00%, Test: 56.18%, Best Valid: 70.00%, Best Test: 49.63%
Epoch: 1000, Loss: 0.0001, Train: 62.93%, Valid: 60.00%, Test: 57.29%, Best Valid: 70.00%, Best Test: 49.63%
Run 07:
Highest Train: 69.66
Highest Valid: 70.00
Highest Test: 65.23
Chosen epoch: 262
Final Train: 55.52
Final Test: 49.63
Label budget: 2/class -> 20 train nodes
Matched-budget validation: 20 valid nodes
Pre-training MLP for 500 epochs to generate co-occurrence matrix...
MLP pre-training complete. Penalty matrix frozen.
Epoch: 00, Loss: 3.3853, Train: 13.62%, Valid: 10.00%, Test: 12.33%, Best Valid: 10.00%, Best Test: 12.33%
Switching Polynormer to global attention phase.
Epoch: 100, Loss: 3.2929, Train: 18.45%, Valid: 10.00%, Test: 18.40%, Best Valid: 55.00%, Best Test: 42.38%
Epoch: 200, Loss: 0.7766, Train: 38.97%, Valid: 30.00%, Test: 35.76%, Best Valid: 55.00%, Best Test: 42.38%
Epoch: 300, Loss: 0.3226, Train: 48.79%, Valid: 45.00%, Test: 47.17%, Best Valid: 55.00%, Best Test: 42.38%
Epoch: 400, Loss: 0.2908, Train: 44.83%, Valid: 40.00%, Test: 43.75%, Best Valid: 55.00%, Best Test: 42.38%
Epoch: 500, Loss: 0.0014, Train: 45.86%, Valid: 40.00%, Test: 45.90%, Best Valid: 55.00%, Best Test: 42.38%
Epoch: 600, Loss: 0.0746, Train: 44.14%, Valid: 35.00%, Test: 43.71%, Best Valid: 55.00%, Best Test: 42.38%
Epoch: 700, Loss: 0.0054, Train: 43.28%, Valid: 50.00%, Test: 41.94%, Best Valid: 60.00%, Best Test: 38.74%
Epoch: 800, Loss: 0.0222, Train: 41.55%, Valid: 45.00%, Test: 38.98%, Best Valid: 65.00%, Best Test: 42.67%
Epoch: 900, Loss: 0.1780, Train: 38.45%, Valid: 40.00%, Test: 38.04%, Best Valid: 65.00%, Best Test: 42.67%
Epoch: 1000, Loss: 0.6365, Train: 32.41%, Valid: 45.00%, Test: 31.73%, Best Valid: 65.00%, Best Test: 42.67%
Run 08:
Highest Train: 52.59
Highest Valid: 65.00
Highest Test: 49.39
Chosen epoch: 758
Final Train: 44.48
Final Test: 42.67
Label budget: 2/class -> 20 train nodes
Matched-budget validation: 20 valid nodes
Pre-training MLP for 500 epochs to generate co-occurrence matrix...
MLP pre-training complete. Penalty matrix frozen.
Epoch: 00, Loss: 3.8842, Train: 5.17%, Valid: 15.00%, Test: 6.65%, Best Valid: 15.00%, Best Test: 6.65%
Switching Polynormer to global attention phase.
Epoch: 100, Loss: 3.2886, Train: 7.41%, Valid: 10.00%, Test: 7.39%, Best Valid: 65.00%, Best Test: 48.42%
Epoch: 200, Loss: 0.0871, Train: 46.21%, Valid: 55.00%, Test: 43.63%, Best Valid: 70.00%, Best Test: 48.14%
Epoch: 300, Loss: 0.5691, Train: 47.59%, Valid: 50.00%, Test: 46.59%, Best Valid: 70.00%, Best Test: 48.14%
Epoch: 400, Loss: 0.1400, Train: 49.66%, Valid: 60.00%, Test: 48.26%, Best Valid: 70.00%, Best Test: 48.14%
Epoch: 500, Loss: 0.5863, Train: 43.28%, Valid: 45.00%, Test: 41.27%, Best Valid: 70.00%, Best Test: 48.14%
Epoch: 600, Loss: 0.0005, Train: 51.21%, Valid: 40.00%, Test: 48.78%, Best Valid: 70.00%, Best Test: 48.14%
Epoch: 700, Loss: 0.5386, Train: 48.62%, Valid: 50.00%, Test: 47.22%, Best Valid: 70.00%, Best Test: 48.14%
Epoch: 800, Loss: 0.0006, Train: 47.07%, Valid: 55.00%, Test: 46.69%, Best Valid: 70.00%, Best Test: 48.14%
Epoch: 900, Loss: 0.0001, Train: 50.52%, Valid: 55.00%, Test: 47.72%, Best Valid: 70.00%, Best Test: 48.14%
Epoch: 1000, Loss: 0.0019, Train: 46.72%, Valid: 50.00%, Test: 42.96%, Best Valid: 70.00%, Best Test: 48.14%
Run 09:
Highest Train: 58.62
Highest Valid: 70.00
Highest Test: 54.76
Chosen epoch: 135
Final Train: 51.90
Final Test: 48.14
Label budget: 2/class -> 20 train nodes
Matched-budget validation: 20 valid nodes
Pre-training MLP for 500 epochs to generate co-occurrence matrix...
MLP pre-training complete. Penalty matrix frozen.
Epoch: 00, Loss: 3.5856, Train: 18.97%, Valid: 15.00%, Test: 18.98%, Best Valid: 15.00%, Best Test: 18.98%
Switching Polynormer to global attention phase.
Epoch: 100, Loss: 3.2062, Train: 18.45%, Valid: 10.00%, Test: 18.40%, Best Valid: 45.00%, Best Test: 47.24%
Epoch: 200, Loss: 1.3854, Train: 32.24%, Valid: 30.00%, Test: 31.18%, Best Valid: 45.00%, Best Test: 47.24%
Epoch: 300, Loss: 0.2793, Train: 38.28%, Valid: 30.00%, Test: 38.94%, Best Valid: 45.00%, Best Test: 47.24%
Epoch: 400, Loss: 0.3254, Train: 50.34%, Valid: 35.00%, Test: 49.34%, Best Valid: 50.00%, Best Test: 49.46%
Epoch: 500, Loss: 0.1648, Train: 40.86%, Valid: 30.00%, Test: 43.49%, Best Valid: 50.00%, Best Test: 49.46%
Epoch: 600, Loss: 0.2812, Train: 48.45%, Valid: 30.00%, Test: 48.45%, Best Valid: 50.00%, Best Test: 49.46%
Epoch: 700, Loss: 0.8199, Train: 46.55%, Valid: 40.00%, Test: 46.31%, Best Valid: 50.00%, Best Test: 49.46%
Epoch: 800, Loss: 0.1463, Train: 44.48%, Valid: 45.00%, Test: 43.87%, Best Valid: 55.00%, Best Test: 51.87%
Epoch: 900, Loss: 0.0168, Train: 49.66%, Valid: 45.00%, Test: 46.37%, Best Valid: 55.00%, Best Test: 51.87%
Epoch: 1000, Loss: 0.2246, Train: 52.24%, Valid: 30.00%, Test: 49.15%, Best Valid: 55.00%, Best Test: 51.87%
Run 10:
Highest Train: 57.76
Highest Valid: 55.00
Highest Test: 54.99
Chosen epoch: 705
Final Train: 50.52
Final Test: 51.87
All runs:
Highest Train: 56.74 ± 6.71
Highest Test: 54.04 ± 5.83
Highest Valid: 68.50 ± 5.80
  Final Train: 47.64 ± 4.45
   Final Test: 45.90 ± 3.89
Saving results to ../results/lowlabel_mv/wikics/polynormer.csv
--- mlp_reg | lambda=0.8 ---
Namespace(aggregate='add', alpha=0.5, attention='gcn', beta=-1.0, bn=False, budget_tag='2', count_reg=False, count_smoothing=1.0, cpu=False, data_dir='../data/', dataset='wikics', device=0, dim_inner=512, display_step=100, dropout=0.5, epochs=500, global_dropout=None, global_epochs=1000, global_layers=2, gnn='gcn', graph_weight=0.8, hidden_channels=512, hops=10, in_dropout=0.5, jk=False, label_num_per_class=20, lambda_val=0.8, layers=1, ln=False, local_epochs=100, local_gnn_type='GCN', local_layers=7, lr=0.001, metric='acc', mlp_epochs=500, mlp_reg=True, model='polynormer', model_dir='models/lowlabel_mv_1178247_45', n_heads=1, num_centroids=4096, num_heads=1, oracle_reg=False, paired_seeds=True, pe_types='RWSE', penalty_transform='none', pre_linear=False, pre_ln=False, rand_split=False, rand_split_class=False, reg_start_epoch=10, reg_update_freq=5, res=False, resample_split_per_run=False, result_dir='../results/lowlabel_mv', runs=10, save_model=True, save_result=False, seed=42, test_num=1000, tr_dropout=None, tr_layers=1, tr_weight_decay=None, train_per_class=2, train_prop=0.5, use_act=False, use_bn=False, use_graph=False, use_reg=True, use_residual=False, use_weight=False, valid_num=500, valid_per_class=2, valid_prop=0.25, weight_decay=0.0)
wikics
dataset wikics | num nodes 11701 | num edge 431726 | num node feats 300 | num classes 10
MODEL: Polynormer(
  (h_lins): ModuleList(
    (0): Linear(in_features=512, out_features=512, bias=True)
    (1): Linear(in_features=512, out_features=512, bias=True)
    (2): Linear(in_features=512, out_features=512, bias=True)
    (3): Linear(in_features=512, out_features=512, bias=True)
    (4): Linear(in_features=512, out_features=512, bias=True)
    (5): Linear(in_features=512, out_features=512, bias=True)
    (6): Linear(in_features=512, out_features=512, bias=True)
  )
  (local_convs): ModuleList(
    (0): GATConv(512, 512, heads=1)
    (1): GATConv(512, 512, heads=1)
    (2): GATConv(512, 512, heads=1)
    (3): GATConv(512, 512, heads=1)
    (4): GATConv(512, 512, heads=1)
    (5): GATConv(512, 512, heads=1)
    (6): GATConv(512, 512, heads=1)
  )
  (lins): ModuleList(
    (0): Linear(in_features=512, out_features=512, bias=True)
    (1): Linear(in_features=512, out_features=512, bias=True)
    (2): Linear(in_features=512, out_features=512, bias=True)
    (3): Linear(in_features=512, out_features=512, bias=True)
    (4): Linear(in_features=512, out_features=512, bias=True)
    (5): Linear(in_features=512, out_features=512, bias=True)
    (6): Linear(in_features=512, out_features=512, bias=True)
  )
  (lns): ModuleList(
    (0): LayerNorm((512,), eps=1e-05, elementwise_affine=True)
    (1): LayerNorm((512,), eps=1e-05, elementwise_affine=True)
    (2): LayerNorm((512,), eps=1e-05, elementwise_affine=True)
    (3): LayerNorm((512,), eps=1e-05, elementwise_affine=True)
    (4): LayerNorm((512,), eps=1e-05, elementwise_affine=True)
    (5): LayerNorm((512,), eps=1e-05, elementwise_affine=True)
    (6): LayerNorm((512,), eps=1e-05, elementwise_affine=True)
  )
  (lin_in): Linear(in_features=300, out_features=512, bias=True)
  (ln): LayerNorm((512,), eps=1e-05, elementwise_affine=True)
  (global_attn): GlobalAttn(
    (h_lins): ModuleList(
      (0): Linear(in_features=512, out_features=512, bias=True)
      (1): Linear(in_features=512, out_features=512, bias=True)
    )
    (k_lins): ModuleList(
      (0): Linear(in_features=512, out_features=512, bias=True)
      (1): Linear(in_features=512, out_features=512, bias=True)
    )
    (v_lins): ModuleList(
      (0): Linear(in_features=512, out_features=512, bias=True)
      (1): Linear(in_features=512, out_features=512, bias=True)
    )
    (lns): ModuleList(
      (0): LayerNorm((512,), eps=1e-05, elementwise_affine=True)
      (1): LayerNorm((512,), eps=1e-05, elementwise_affine=True)
    )
    (lin_out): Linear(in_features=512, out_features=512, bias=True)
  )
  (pred_local): Linear(in_features=512, out_features=10, bias=True)
  (pred_global): Linear(in_features=512, out_features=10, bias=True)
)
Label budget: 2/class -> 20 train nodes
Matched-budget validation: 20 valid nodes
Pre-training MLP for 500 epochs to generate co-occurrence matrix...
MLP pre-training complete. Penalty matrix frozen.
Epoch: 00, Loss: 4.8479, Train: 4.48%, Valid: 5.00%, Test: 4.28%, Best Valid: 5.00%, Best Test: 4.28%
Switching Polynormer to global attention phase.
Epoch: 100, Loss: 4.1795, Train: 6.72%, Valid: 10.00%, Test: 6.67%, Best Valid: 65.00%, Best Test: 41.46%
Epoch: 200, Loss: 0.7497, Train: 39.83%, Valid: 45.00%, Test: 39.30%, Best Valid: 70.00%, Best Test: 42.86%
Epoch: 300, Loss: 0.2913, Train: 40.17%, Valid: 50.00%, Test: 39.37%, Best Valid: 70.00%, Best Test: 42.86%
Epoch: 400, Loss: 0.6726, Train: 50.52%, Valid: 40.00%, Test: 46.25%, Best Valid: 70.00%, Best Test: 42.86%
Epoch: 500, Loss: 0.0209, Train: 51.90%, Valid: 55.00%, Test: 48.76%, Best Valid: 70.00%, Best Test: 42.86%
Epoch: 600, Loss: 0.1553, Train: 50.86%, Valid: 65.00%, Test: 48.44%, Best Valid: 75.00%, Best Test: 51.05%
Epoch: 700, Loss: 0.4193, Train: 47.93%, Valid: 50.00%, Test: 44.13%, Best Valid: 75.00%, Best Test: 51.05%
Epoch: 800, Loss: 0.0400, Train: 45.34%, Valid: 50.00%, Test: 44.79%, Best Valid: 75.00%, Best Test: 51.05%
Epoch: 900, Loss: 0.2372, Train: 48.45%, Valid: 55.00%, Test: 45.31%, Best Valid: 75.00%, Best Test: 51.05%
Epoch: 1000, Loss: 0.1254, Train: 42.07%, Valid: 60.00%, Test: 38.94%, Best Valid: 75.00%, Best Test: 51.05%
Run 01:
Highest Train: 55.00
Highest Valid: 75.00
Highest Test: 53.55
Chosen epoch: 578
Final Train: 52.59
Final Test: 51.05
Label budget: 2/class -> 20 train nodes
Matched-budget validation: 20 valid nodes
Pre-training MLP for 500 epochs to generate co-occurrence matrix...
MLP pre-training complete. Penalty matrix frozen.
Epoch: 00, Loss: 5.3731, Train: 18.28%, Valid: 10.00%, Test: 17.79%, Best Valid: 10.00%, Best Test: 17.79%
Switching Polynormer to global attention phase.
Epoch: 100, Loss: 4.1036, Train: 16.55%, Valid: 10.00%, Test: 16.54%, Best Valid: 60.00%, Best Test: 47.68%
Epoch: 200, Loss: 0.6747, Train: 49.48%, Valid: 50.00%, Test: 48.02%, Best Valid: 60.00%, Best Test: 47.68%
Epoch: 300, Loss: 0.7664, Train: 48.97%, Valid: 50.00%, Test: 46.14%, Best Valid: 70.00%, Best Test: 48.93%
Epoch: 400, Loss: 0.0148, Train: 51.55%, Valid: 50.00%, Test: 48.71%, Best Valid: 70.00%, Best Test: 48.93%
Epoch: 500, Loss: 0.3311, Train: 57.41%, Valid: 55.00%, Test: 54.37%, Best Valid: 70.00%, Best Test: 48.93%
Epoch: 600, Loss: 0.6003, Train: 45.34%, Valid: 45.00%, Test: 44.11%, Best Valid: 75.00%, Best Test: 50.66%
Epoch: 700, Loss: 0.0872, Train: 52.59%, Valid: 55.00%, Test: 49.94%, Best Valid: 75.00%, Best Test: 50.66%
Epoch: 800, Loss: 0.0866, Train: 54.66%, Valid: 55.00%, Test: 55.14%, Best Valid: 75.00%, Best Test: 50.66%
Epoch: 900, Loss: 0.0196, Train: 49.31%, Valid: 55.00%, Test: 48.44%, Best Valid: 75.00%, Best Test: 50.66%
Epoch: 1000, Loss: 0.0178, Train: 52.41%, Valid: 55.00%, Test: 51.00%, Best Valid: 75.00%, Best Test: 50.66%
Run 02:
Highest Train: 62.24
Highest Valid: 75.00
Highest Test: 58.12
Chosen epoch: 558
Final Train: 51.55
Final Test: 50.66
Label budget: 2/class -> 20 train nodes
Matched-budget validation: 20 valid nodes
Pre-training MLP for 500 epochs to generate co-occurrence matrix...
MLP pre-training complete. Penalty matrix frozen.
Epoch: 00, Loss: 5.2375, Train: 5.52%, Valid: 10.00%, Test: 5.18%, Best Valid: 10.00%, Best Test: 5.18%
Switching Polynormer to global attention phase.
Epoch: 100, Loss: 4.2193, Train: 12.24%, Valid: 10.00%, Test: 12.18%, Best Valid: 55.00%, Best Test: 32.46%
Epoch: 200, Loss: 1.4740, Train: 41.55%, Valid: 50.00%, Test: 38.84%, Best Valid: 55.00%, Best Test: 32.46%
Epoch: 300, Loss: 0.9772, Train: 34.83%, Valid: 45.00%, Test: 31.42%, Best Valid: 60.00%, Best Test: 34.09%
Epoch: 400, Loss: 0.2727, Train: 37.93%, Valid: 55.00%, Test: 36.29%, Best Valid: 75.00%, Best Test: 42.98%
Epoch: 500, Loss: 0.0131, Train: 37.93%, Valid: 50.00%, Test: 36.79%, Best Valid: 75.00%, Best Test: 42.98%
Epoch: 600, Loss: 0.0017, Train: 43.45%, Valid: 50.00%, Test: 40.19%, Best Valid: 75.00%, Best Test: 42.98%
Epoch: 700, Loss: 0.9103, Train: 30.00%, Valid: 45.00%, Test: 31.64%, Best Valid: 75.00%, Best Test: 42.98%
Epoch: 800, Loss: 0.0056, Train: 52.59%, Valid: 60.00%, Test: 49.09%, Best Valid: 75.00%, Best Test: 42.98%
Epoch: 900, Loss: 0.1092, Train: 36.38%, Valid: 45.00%, Test: 36.34%, Best Valid: 75.00%, Best Test: 42.98%
Epoch: 1000, Loss: 0.2435, Train: 50.34%, Valid: 60.00%, Test: 47.90%, Best Valid: 75.00%, Best Test: 42.98%
Run 03:
Highest Train: 57.41
Highest Valid: 75.00
Highest Test: 56.15
Chosen epoch: 333
Final Train: 45.34
Final Test: 42.98
Label budget: 2/class -> 20 train nodes
Matched-budget validation: 20 valid nodes
Pre-training MLP for 500 epochs to generate co-occurrence matrix...
MLP pre-training complete. Penalty matrix frozen.
Epoch: 00, Loss: 4.3830, Train: 12.41%, Valid: 10.00%, Test: 10.74%, Best Valid: 10.00%, Best Test: 10.74%
Switching Polynormer to global attention phase.
Epoch: 100, Loss: 4.2253, Train: 14.14%, Valid: 10.00%, Test: 15.14%, Best Valid: 40.00%, Best Test: 28.77%
Epoch: 200, Loss: 0.8426, Train: 31.21%, Valid: 30.00%, Test: 29.01%, Best Valid: 45.00%, Best Test: 27.50%
Epoch: 300, Loss: 0.1355, Train: 30.34%, Valid: 35.00%, Test: 25.83%, Best Valid: 45.00%, Best Test: 27.50%
Epoch: 400, Loss: 0.4945, Train: 42.41%, Valid: 35.00%, Test: 38.02%, Best Valid: 45.00%, Best Test: 27.50%
Epoch: 500, Loss: 0.1249, Train: 37.59%, Valid: 40.00%, Test: 35.28%, Best Valid: 45.00%, Best Test: 27.50%
Epoch: 600, Loss: 0.0276, Train: 40.17%, Valid: 25.00%, Test: 36.53%, Best Valid: 45.00%, Best Test: 27.50%
Epoch: 700, Loss: 1.0854, Train: 39.31%, Valid: 40.00%, Test: 37.13%, Best Valid: 50.00%, Best Test: 40.04%
Epoch: 800, Loss: 0.0763, Train: 44.31%, Valid: 40.00%, Test: 38.69%, Best Valid: 50.00%, Best Test: 40.04%
Epoch: 900, Loss: 0.2142, Train: 44.14%, Valid: 30.00%, Test: 39.03%, Best Valid: 50.00%, Best Test: 40.04%
Epoch: 1000, Loss: 2.4785, Train: 40.00%, Valid: 40.00%, Test: 35.73%, Best Valid: 50.00%, Best Test: 40.04%
Run 04:
Highest Train: 50.52
Highest Valid: 50.00
Highest Test: 46.30
Chosen epoch: 671
Final Train: 45.69
Final Test: 40.04
Label budget: 2/class -> 20 train nodes
Matched-budget validation: 20 valid nodes
Pre-training MLP for 500 epochs to generate co-occurrence matrix...
MLP pre-training complete. Penalty matrix frozen.
Epoch: 00, Loss: 5.4080, Train: 11.72%, Valid: 5.00%, Test: 13.75%, Best Valid: 5.00%, Best Test: 13.75%
Switching Polynormer to global attention phase.
Epoch: 100, Loss: 4.1603, Train: 12.24%, Valid: 10.00%, Test: 12.18%, Best Valid: 60.00%, Best Test: 36.39%
Epoch: 200, Loss: 1.0954, Train: 47.41%, Valid: 45.00%, Test: 45.48%, Best Valid: 60.00%, Best Test: 36.39%
Epoch: 300, Loss: 1.6785, Train: 32.59%, Valid: 35.00%, Test: 31.73%, Best Valid: 60.00%, Best Test: 36.39%
Epoch: 400, Loss: 0.3508, Train: 47.41%, Valid: 45.00%, Test: 45.99%, Best Valid: 60.00%, Best Test: 36.39%
Epoch: 500, Loss: 0.1048, Train: 42.59%, Valid: 40.00%, Test: 38.16%, Best Valid: 60.00%, Best Test: 36.39%
Epoch: 600, Loss: 1.6710, Train: 38.45%, Valid: 30.00%, Test: 36.98%, Best Valid: 60.00%, Best Test: 36.39%
Epoch: 700, Loss: 0.4531, Train: 41.38%, Valid: 30.00%, Test: 39.51%, Best Valid: 60.00%, Best Test: 36.39%
Epoch: 800, Loss: 0.8097, Train: 39.31%, Valid: 45.00%, Test: 37.03%, Best Valid: 60.00%, Best Test: 36.39%
Epoch: 900, Loss: 1.9627, Train: 34.14%, Valid: 35.00%, Test: 32.56%, Best Valid: 60.00%, Best Test: 36.39%
Epoch: 1000, Loss: 2.0183, Train: 32.24%, Valid: 35.00%, Test: 30.03%, Best Valid: 60.00%, Best Test: 36.39%
Run 05:
Highest Train: 51.03
Highest Valid: 60.00
Highest Test: 50.23
Chosen epoch: 66
Final Train: 38.45
Final Test: 36.39
Label budget: 2/class -> 20 train nodes
Matched-budget validation: 20 valid nodes
Pre-training MLP for 500 epochs to generate co-occurrence matrix...
MLP pre-training complete. Penalty matrix frozen.
Epoch: 00, Loss: 5.4304, Train: 11.55%, Valid: 10.00%, Test: 12.90%, Best Valid: 10.00%, Best Test: 12.90%
Switching Polynormer to global attention phase.
Epoch: 100, Loss: 4.2049, Train: 18.45%, Valid: 10.00%, Test: 18.40%, Best Valid: 50.00%, Best Test: 34.56%
Epoch: 200, Loss: 1.0368, Train: 41.55%, Valid: 55.00%, Test: 40.67%, Best Valid: 60.00%, Best Test: 37.54%
Epoch: 300, Loss: 0.7037, Train: 41.55%, Valid: 50.00%, Test: 41.44%, Best Valid: 60.00%, Best Test: 37.54%
Epoch: 400, Loss: 0.4929, Train: 45.69%, Valid: 55.00%, Test: 43.78%, Best Valid: 65.00%, Best Test: 40.84%
Epoch: 500, Loss: 0.7501, Train: 39.66%, Valid: 50.00%, Test: 38.38%, Best Valid: 65.00%, Best Test: 40.84%
Epoch: 600, Loss: 0.0350, Train: 49.48%, Valid: 55.00%, Test: 50.71%, Best Valid: 65.00%, Best Test: 40.84%
Epoch: 700, Loss: 0.0005, Train: 46.55%, Valid: 55.00%, Test: 45.96%, Best Valid: 65.00%, Best Test: 40.84%
Epoch: 800, Loss: 0.4353, Train: 52.76%, Valid: 55.00%, Test: 51.60%, Best Valid: 65.00%, Best Test: 40.84%
Epoch: 900, Loss: 0.0000, Train: 48.62%, Valid: 55.00%, Test: 46.93%, Best Valid: 65.00%, Best Test: 40.84%
Epoch: 1000, Loss: 0.0019, Train: 49.83%, Valid: 50.00%, Test: 48.16%, Best Valid: 65.00%, Best Test: 40.84%
Run 06:
Highest Train: 57.07
Highest Valid: 65.00
Highest Test: 55.14
Chosen epoch: 380
Final Train: 42.07
Final Test: 40.84
Label budget: 2/class -> 20 train nodes
Matched-budget validation: 20 valid nodes
Pre-training MLP for 500 epochs to generate co-occurrence matrix...
MLP pre-training complete. Penalty matrix frozen.
Epoch: 00, Loss: 4.5328, Train: 7.41%, Valid: 5.00%, Test: 9.01%, Best Valid: 5.00%, Best Test: 9.01%
Switching Polynormer to global attention phase.
Epoch: 100, Loss: 4.1720, Train: 25.52%, Valid: 10.00%, Test: 25.35%, Best Valid: 40.00%, Best Test: 45.05%
Epoch: 200, Loss: 0.9842, Train: 61.03%, Valid: 40.00%, Test: 56.80%, Best Valid: 55.00%, Best Test: 41.65%
Epoch: 300, Loss: 0.6786, Train: 54.66%, Valid: 40.00%, Test: 49.82%, Best Valid: 60.00%, Best Test: 55.43%
Epoch: 400, Loss: 0.3636, Train: 55.52%, Valid: 40.00%, Test: 53.86%, Best Valid: 60.00%, Best Test: 55.43%
Epoch: 500, Loss: 1.2358, Train: 59.31%, Valid: 45.00%, Test: 55.98%, Best Valid: 65.00%, Best Test: 50.80%
Epoch: 600, Loss: 0.6353, Train: 60.69%, Valid: 45.00%, Test: 55.22%, Best Valid: 65.00%, Best Test: 50.80%
Epoch: 700, Loss: 0.0909, Train: 63.10%, Valid: 60.00%, Test: 57.35%, Best Valid: 65.00%, Best Test: 50.80%
Epoch: 800, Loss: 0.3205, Train: 53.79%, Valid: 60.00%, Test: 49.32%, Best Valid: 65.00%, Best Test: 50.80%
Epoch: 900, Loss: 0.8514, Train: 47.59%, Valid: 40.00%, Test: 44.66%, Best Valid: 65.00%, Best Test: 50.80%
Epoch: 1000, Loss: 1.2534, Train: 60.00%, Valid: 50.00%, Test: 55.72%, Best Valid: 65.00%, Best Test: 50.80%
Run 07:
Highest Train: 67.76
Highest Valid: 65.00
Highest Test: 61.64
Chosen epoch: 431
Final Train: 55.00
Final Test: 50.80
Label budget: 2/class -> 20 train nodes
Matched-budget validation: 20 valid nodes
Pre-training MLP for 500 epochs to generate co-occurrence matrix...
MLP pre-training complete. Penalty matrix frozen.
Epoch: 00, Loss: 4.3525, Train: 22.59%, Valid: 10.00%, Test: 20.75%, Best Valid: 10.00%, Best Test: 20.75%
Switching Polynormer to global attention phase.
Epoch: 100, Loss: 4.2396, Train: 18.45%, Valid: 10.00%, Test: 18.40%, Best Valid: 50.00%, Best Test: 24.71%
Epoch: 200, Loss: 2.3791, Train: 26.21%, Valid: 30.00%, Test: 27.48%, Best Valid: 50.00%, Best Test: 24.71%
Epoch: 300, Loss: 0.4211, Train: 35.34%, Valid: 35.00%, Test: 33.97%, Best Valid: 50.00%, Best Test: 24.71%
Epoch: 400, Loss: 1.3982, Train: 44.66%, Valid: 35.00%, Test: 40.96%, Best Valid: 50.00%, Best Test: 24.71%
Epoch: 500, Loss: 0.7547, Train: 44.31%, Valid: 25.00%, Test: 39.75%, Best Valid: 50.00%, Best Test: 24.71%
Epoch: 600, Loss: 0.3846, Train: 45.00%, Valid: 30.00%, Test: 42.79%, Best Valid: 50.00%, Best Test: 24.71%
Epoch: 700, Loss: 1.8081, Train: 35.00%, Valid: 20.00%, Test: 33.91%, Best Valid: 50.00%, Best Test: 24.71%
Epoch: 800, Loss: 1.1757, Train: 35.52%, Valid: 20.00%, Test: 32.46%, Best Valid: 50.00%, Best Test: 24.71%
Epoch: 900, Loss: 0.7260, Train: 40.69%, Valid: 30.00%, Test: 39.29%, Best Valid: 50.00%, Best Test: 24.71%
Epoch: 1000, Loss: 1.0699, Train: 25.00%, Valid: 30.00%, Test: 24.94%, Best Valid: 50.00%, Best Test: 24.71%
Run 08:
Highest Train: 46.72
Highest Valid: 50.00
Highest Test: 44.54
Chosen epoch: 69
Final Train: 27.24
Final Test: 24.71
Label budget: 2/class -> 20 train nodes
Matched-budget validation: 20 valid nodes
Pre-training MLP for 500 epochs to generate co-occurrence matrix...
MLP pre-training complete. Penalty matrix frozen.
Epoch: 00, Loss: 4.9939, Train: 5.52%, Valid: 0.00%, Test: 6.29%, Best Valid: 0.00%, Best Test: 6.29%
Switching Polynormer to global attention phase.
Epoch: 100, Loss: 4.2723, Train: 12.24%, Valid: 10.00%, Test: 12.18%, Best Valid: 60.00%, Best Test: 41.97%
Epoch: 200, Loss: 0.6232, Train: 29.31%, Valid: 45.00%, Test: 30.20%, Best Valid: 65.00%, Best Test: 41.53%
Epoch: 300, Loss: 0.4562, Train: 44.14%, Valid: 55.00%, Test: 40.04%, Best Valid: 65.00%, Best Test: 41.53%
Epoch: 400, Loss: 0.2226, Train: 42.59%, Valid: 50.00%, Test: 40.79%, Best Valid: 65.00%, Best Test: 41.53%
Epoch: 500, Loss: 1.2698, Train: 33.79%, Valid: 40.00%, Test: 32.41%, Best Valid: 65.00%, Best Test: 41.53%
Epoch: 600, Loss: 0.1197, Train: 51.03%, Valid: 55.00%, Test: 45.51%, Best Valid: 65.00%, Best Test: 41.53%
Epoch: 700, Loss: 0.5791, Train: 40.17%, Valid: 55.00%, Test: 36.34%, Best Valid: 65.00%, Best Test: 41.53%
Epoch: 800, Loss: 0.0816, Train: 47.07%, Valid: 45.00%, Test: 43.77%, Best Valid: 65.00%, Best Test: 41.53%
Epoch: 900, Loss: 0.3596, Train: 50.00%, Valid: 50.00%, Test: 45.75%, Best Valid: 65.00%, Best Test: 41.53%
Epoch: 1000, Loss: 0.5256, Train: 33.45%, Valid: 35.00%, Test: 31.49%, Best Valid: 65.00%, Best Test: 41.53%
Run 09:
Highest Train: 51.72
Highest Valid: 65.00
Highest Test: 47.61
Chosen epoch: 183
Final Train: 44.66
Final Test: 41.53
Label budget: 2/class -> 20 train nodes
Matched-budget validation: 20 valid nodes
Pre-training MLP for 500 epochs to generate co-occurrence matrix...
MLP pre-training complete. Penalty matrix frozen.
Epoch: 00, Loss: 4.6100, Train: 18.45%, Valid: 10.00%, Test: 18.54%, Best Valid: 10.00%, Best Test: 18.54%
Switching Polynormer to global attention phase.
Epoch: 100, Loss: 4.0810, Train: 18.45%, Valid: 10.00%, Test: 18.40%, Best Valid: 50.00%, Best Test: 48.01%
Epoch: 200, Loss: 0.8254, Train: 49.66%, Valid: 40.00%, Test: 49.29%, Best Valid: 55.00%, Best Test: 53.29%
Epoch: 300, Loss: 1.0631, Train: 48.10%, Valid: 50.00%, Test: 44.96%, Best Valid: 55.00%, Best Test: 53.29%
Epoch: 400, Loss: 0.3259, Train: 50.00%, Valid: 40.00%, Test: 49.27%, Best Valid: 55.00%, Best Test: 53.29%
Epoch: 500, Loss: 0.0287, Train: 50.00%, Valid: 35.00%, Test: 47.44%, Best Valid: 55.00%, Best Test: 53.29%
Epoch: 600, Loss: 0.0183, Train: 47.07%, Valid: 35.00%, Test: 46.01%, Best Valid: 55.00%, Best Test: 53.29%
Epoch: 700, Loss: 0.1006, Train: 42.24%, Valid: 45.00%, Test: 42.69%, Best Valid: 55.00%, Best Test: 53.29%
Epoch: 800, Loss: 0.0522, Train: 41.03%, Valid: 45.00%, Test: 42.26%, Best Valid: 55.00%, Best Test: 53.29%
Epoch: 900, Loss: 0.3742, Train: 49.66%, Valid: 35.00%, Test: 48.97%, Best Valid: 55.00%, Best Test: 53.29%
Epoch: 1000, Loss: 0.0935, Train: 47.59%, Valid: 35.00%, Test: 48.35%, Best Valid: 55.00%, Best Test: 53.29%
Run 10:
Highest Train: 56.55
Highest Valid: 55.00
Highest Test: 53.29
Chosen epoch: 182
Final Train: 54.83
Final Test: 53.29
All runs:
Highest Train: 55.60 ± 6.14
Highest Test: 52.66 ± 5.45
Highest Valid: 63.50 ± 9.73
  Final Train: 45.74 ± 8.56
   Final Test: 43.23 ± 8.71
Saving results to ../results/lowlabel_mv/wikics/polynormer.csv
--- mlp_reg | lambda=1.6 ---
Namespace(aggregate='add', alpha=0.5, attention='gcn', beta=-1.0, bn=False, budget_tag='2', count_reg=False, count_smoothing=1.0, cpu=False, data_dir='../data/', dataset='wikics', device=0, dim_inner=512, display_step=100, dropout=0.5, epochs=500, global_dropout=None, global_epochs=1000, global_layers=2, gnn='gcn', graph_weight=0.8, hidden_channels=512, hops=10, in_dropout=0.5, jk=False, label_num_per_class=20, lambda_val=1.6, layers=1, ln=False, local_epochs=100, local_gnn_type='GCN', local_layers=7, lr=0.001, metric='acc', mlp_epochs=500, mlp_reg=True, model='polynormer', model_dir='models/lowlabel_mv_1178247_45', n_heads=1, num_centroids=4096, num_heads=1, oracle_reg=False, paired_seeds=True, pe_types='RWSE', penalty_transform='none', pre_linear=False, pre_ln=False, rand_split=False, rand_split_class=False, reg_start_epoch=10, reg_update_freq=5, res=False, resample_split_per_run=False, result_dir='../results/lowlabel_mv', runs=10, save_model=True, save_result=False, seed=42, test_num=1000, tr_dropout=None, tr_layers=1, tr_weight_decay=None, train_per_class=2, train_prop=0.5, use_act=False, use_bn=False, use_graph=False, use_reg=True, use_residual=False, use_weight=False, valid_num=500, valid_per_class=2, valid_prop=0.25, weight_decay=0.0)
wikics
dataset wikics | num nodes 11701 | num edge 431726 | num node feats 300 | num classes 10
MODEL: Polynormer(
  (h_lins): ModuleList(
    (0): Linear(in_features=512, out_features=512, bias=True)
    (1): Linear(in_features=512, out_features=512, bias=True)
    (2): Linear(in_features=512, out_features=512, bias=True)
    (3): Linear(in_features=512, out_features=512, bias=True)
    (4): Linear(in_features=512, out_features=512, bias=True)
    (5): Linear(in_features=512, out_features=512, bias=True)
    (6): Linear(in_features=512, out_features=512, bias=True)
  )
  (local_convs): ModuleList(
    (0): GATConv(512, 512, heads=1)
    (1): GATConv(512, 512, heads=1)
    (2): GATConv(512, 512, heads=1)
    (3): GATConv(512, 512, heads=1)
    (4): GATConv(512, 512, heads=1)
    (5): GATConv(512, 512, heads=1)
    (6): GATConv(512, 512, heads=1)
  )
  (lins): ModuleList(
    (0): Linear(in_features=512, out_features=512, bias=True)
    (1): Linear(in_features=512, out_features=512, bias=True)
    (2): Linear(in_features=512, out_features=512, bias=True)
    (3): Linear(in_features=512, out_features=512, bias=True)
    (4): Linear(in_features=512, out_features=512, bias=True)
    (5): Linear(in_features=512, out_features=512, bias=True)
    (6): Linear(in_features=512, out_features=512, bias=True)
  )
  (lns): ModuleList(
    (0): LayerNorm((512,), eps=1e-05, elementwise_affine=True)
    (1): LayerNorm((512,), eps=1e-05, elementwise_affine=True)
    (2): LayerNorm((512,), eps=1e-05, elementwise_affine=True)
    (3): LayerNorm((512,), eps=1e-05, elementwise_affine=True)
    (4): LayerNorm((512,), eps=1e-05, elementwise_affine=True)
    (5): LayerNorm((512,), eps=1e-05, elementwise_affine=True)
    (6): LayerNorm((512,), eps=1e-05, elementwise_affine=True)
  )
  (lin_in): Linear(in_features=300, out_features=512, bias=True)
  (ln): LayerNorm((512,), eps=1e-05, elementwise_affine=True)
  (global_attn): GlobalAttn(
    (h_lins): ModuleList(
      (0): Linear(in_features=512, out_features=512, bias=True)
      (1): Linear(in_features=512, out_features=512, bias=True)
    )
    (k_lins): ModuleList(
      (0): Linear(in_features=512, out_features=512, bias=True)
      (1): Linear(in_features=512, out_features=512, bias=True)
    )
    (v_lins): ModuleList(
      (0): Linear(in_features=512, out_features=512, bias=True)
      (1): Linear(in_features=512, out_features=512, bias=True)
    )
    (lns): ModuleList(
      (0): LayerNorm((512,), eps=1e-05, elementwise_affine=True)
      (1): LayerNorm((512,), eps=1e-05, elementwise_affine=True)
    )
    (lin_out): Linear(in_features=512, out_features=512, bias=True)
  )
  (pred_local): Linear(in_features=512, out_features=10, bias=True)
  (pred_global): Linear(in_features=512, out_features=10, bias=True)
)
Label budget: 2/class -> 20 train nodes
Matched-budget validation: 20 valid nodes
Pre-training MLP for 500 epochs to generate co-occurrence matrix...
MLP pre-training complete. Penalty matrix frozen.
Epoch: 00, Loss: 7.0026, Train: 4.31%, Valid: 10.00%, Test: 4.74%, Best Valid: 10.00%, Best Test: 4.74%
Switching Polynormer to global attention phase.
Epoch: 100, Loss: 6.1121, Train: 6.72%, Valid: 10.00%, Test: 6.67%, Best Valid: 50.00%, Best Test: 29.18%
Epoch: 200, Loss: 1.6716, Train: 29.48%, Valid: 40.00%, Test: 28.17%, Best Valid: 55.00%, Best Test: 35.25%
Epoch: 300, Loss: 0.5597, Train: 25.00%, Valid: 40.00%, Test: 24.15%, Best Valid: 55.00%, Best Test: 35.25%
Epoch: 400, Loss: 0.3766, Train: 39.14%, Valid: 45.00%, Test: 36.36%, Best Valid: 60.00%, Best Test: 35.37%
Epoch: 500, Loss: 0.0268, Train: 34.14%, Valid: 45.00%, Test: 32.27%, Best Valid: 60.00%, Best Test: 35.37%
Epoch: 600, Loss: 0.0042, Train: 38.10%, Valid: 55.00%, Test: 36.39%, Best Valid: 60.00%, Best Test: 35.37%
Epoch: 700, Loss: 0.0391, Train: 37.24%, Valid: 40.00%, Test: 33.81%, Best Valid: 70.00%, Best Test: 40.28%
Epoch: 800, Loss: 0.0008, Train: 46.90%, Valid: 55.00%, Test: 43.97%, Best Valid: 70.00%, Best Test: 40.28%
Epoch: 900, Loss: 0.0000, Train: 42.76%, Valid: 60.00%, Test: 38.75%, Best Valid: 70.00%, Best Test: 40.28%
Epoch: 1000, Loss: 2.2007, Train: 35.69%, Valid: 35.00%, Test: 33.45%, Best Valid: 70.00%, Best Test: 40.28%
Run 01:
Highest Train: 47.07
Highest Valid: 70.00
Highest Test: 44.09
Chosen epoch: 607
Final Train: 42.07
Final Test: 40.28
Label budget: 2/class -> 20 train nodes
Matched-budget validation: 20 valid nodes
Pre-training MLP for 500 epochs to generate co-occurrence matrix...
MLP pre-training complete. Penalty matrix frozen.
Epoch: 00, Loss: 7.7612, Train: 16.38%, Valid: 5.00%, Test: 16.40%, Best Valid: 5.00%, Best Test: 16.40%
Switching Polynormer to global attention phase.
Epoch: 100, Loss: 6.0239, Train: 16.55%, Valid: 10.00%, Test: 16.52%, Best Valid: 70.00%, Best Test: 44.31%
Epoch: 200, Loss: 2.5520, Train: 34.83%, Valid: 40.00%, Test: 35.69%, Best Valid: 70.00%, Best Test: 44.31%
Epoch: 300, Loss: 0.9484, Train: 36.90%, Valid: 45.00%, Test: 34.27%, Best Valid: 70.00%, Best Test: 44.31%
Epoch: 400, Loss: 0.7686, Train: 37.93%, Valid: 65.00%, Test: 37.08%, Best Valid: 70.00%, Best Test: 44.31%
Epoch: 500, Loss: 0.1293, Train: 33.45%, Valid: 45.00%, Test: 32.00%, Best Valid: 70.00%, Best Test: 44.31%
Epoch: 600, Loss: 0.0217, Train: 43.79%, Valid: 65.00%, Test: 41.80%, Best Valid: 70.00%, Best Test: 44.31%
Epoch: 700, Loss: 1.6507, Train: 42.07%, Valid: 55.00%, Test: 40.16%, Best Valid: 70.00%, Best Test: 44.31%
Epoch: 800, Loss: 0.3349, Train: 45.00%, Valid: 60.00%, Test: 41.99%, Best Valid: 70.00%, Best Test: 44.31%
Epoch: 900, Loss: 0.0612, Train: 39.83%, Valid: 65.00%, Test: 38.17%, Best Valid: 70.00%, Best Test: 44.31%
Epoch: 1000, Loss: 0.1159, Train: 38.62%, Valid: 60.00%, Test: 35.35%, Best Valid: 70.00%, Best Test: 44.31%
Run 02:
Highest Train: 50.17
Highest Valid: 70.00
Highest Test: 47.94
Chosen epoch: 83
Final Train: 47.07
Final Test: 44.31
Label budget: 2/class -> 20 train nodes
Matched-budget validation: 20 valid nodes
Pre-training MLP for 500 epochs to generate co-occurrence matrix...
MLP pre-training complete. Penalty matrix frozen.
Epoch: 00, Loss: 7.5653, Train: 5.52%, Valid: 10.00%, Test: 5.25%, Best Valid: 10.00%, Best Test: 5.25%
Switching Polynormer to global attention phase.
Epoch: 100, Loss: 5.9124, Train: 12.24%, Valid: 10.00%, Test: 12.18%, Best Valid: 55.00%, Best Test: 36.41%
Epoch: 200, Loss: 0.4068, Train: 47.07%, Valid: 35.00%, Test: 43.20%, Best Valid: 55.00%, Best Test: 36.41%
Epoch: 300, Loss: 2.2012, Train: 46.03%, Valid: 40.00%, Test: 45.36%, Best Valid: 60.00%, Best Test: 40.45%
Epoch: 400, Loss: 0.6863, Train: 39.31%, Valid: 40.00%, Test: 36.70%, Best Valid: 60.00%, Best Test: 40.45%
Epoch: 500, Loss: 0.2144, Train: 44.48%, Valid: 50.00%, Test: 41.13%, Best Valid: 60.00%, Best Test: 40.45%
Epoch: 600, Loss: 0.0050, Train: 41.38%, Valid: 30.00%, Test: 38.26%, Best Valid: 60.00%, Best Test: 40.45%
Epoch: 700, Loss: 0.7234, Train: 39.31%, Valid: 50.00%, Test: 37.39%, Best Valid: 60.00%, Best Test: 40.45%
Epoch: 800, Loss: 0.5228, Train: 42.07%, Valid: 60.00%, Test: 40.24%, Best Valid: 65.00%, Best Test: 39.63%
Epoch: 900, Loss: 1.1854, Train: 44.48%, Valid: 35.00%, Test: 42.83%, Best Valid: 65.00%, Best Test: 39.63%
Epoch: 1000, Loss: 0.0088, Train: 35.52%, Valid: 40.00%, Test: 34.87%, Best Valid: 65.00%, Best Test: 39.63%
Run 03:
Highest Train: 52.76
Highest Valid: 65.00
Highest Test: 49.89
Chosen epoch: 789
Final Train: 37.24
Final Test: 39.63
Label budget: 2/class -> 20 train nodes
Matched-budget validation: 20 valid nodes
Pre-training MLP for 500 epochs to generate co-occurrence matrix...
MLP pre-training complete. Penalty matrix frozen.
Epoch: 00, Loss: 6.3310, Train: 15.17%, Valid: 10.00%, Test: 16.13%, Best Valid: 10.00%, Best Test: 16.13%
Switching Polynormer to global attention phase.
Epoch: 100, Loss: 6.1107, Train: 18.45%, Valid: 10.00%, Test: 18.40%, Best Valid: 45.00%, Best Test: 38.11%
Epoch: 200, Loss: 3.4955, Train: 22.07%, Valid: 20.00%, Test: 17.74%, Best Valid: 45.00%, Best Test: 38.11%
Epoch: 300, Loss: 0.4916, Train: 30.52%, Valid: 30.00%, Test: 25.88%, Best Valid: 45.00%, Best Test: 38.11%
Epoch: 400, Loss: 0.6803, Train: 30.34%, Valid: 35.00%, Test: 26.90%, Best Valid: 45.00%, Best Test: 38.11%
Epoch: 500, Loss: 0.1773, Train: 35.17%, Valid: 25.00%, Test: 29.50%, Best Valid: 45.00%, Best Test: 38.11%
Epoch: 600, Loss: 0.2808, Train: 31.90%, Valid: 30.00%, Test: 29.26%, Best Valid: 45.00%, Best Test: 38.11%
Epoch: 700, Loss: 1.6240, Train: 26.03%, Valid: 40.00%, Test: 22.83%, Best Valid: 45.00%, Best Test: 38.11%
Epoch: 800, Loss: 0.1500, Train: 37.93%, Valid: 35.00%, Test: 34.27%, Best Valid: 50.00%, Best Test: 37.01%
Epoch: 900, Loss: 0.6643, Train: 35.52%, Valid: 45.00%, Test: 33.40%, Best Valid: 55.00%, Best Test: 37.71%
Epoch: 1000, Loss: 1.3687, Train: 31.55%, Valid: 40.00%, Test: 27.88%, Best Valid: 55.00%, Best Test: 37.71%
Run 04:
Highest Train: 45.86
Highest Valid: 55.00
Highest Test: 41.15
Chosen epoch: 818
Final Train: 42.59
Final Test: 37.71
Label budget: 2/class -> 20 train nodes
Matched-budget validation: 20 valid nodes
Pre-training MLP for 500 epochs to generate co-occurrence matrix...
MLP pre-training complete. Penalty matrix frozen.
Epoch: 00, Loss: 7.8115, Train: 13.79%, Valid: 5.00%, Test: 14.96%, Best Valid: 5.00%, Best Test: 14.96%
Switching Polynormer to global attention phase.
Epoch: 100, Loss: 6.1196, Train: 12.24%, Valid: 10.00%, Test: 12.18%, Best Valid: 50.00%, Best Test: 38.02%
Epoch: 200, Loss: 1.6627, Train: 34.48%, Valid: 35.00%, Test: 31.37%, Best Valid: 50.00%, Best Test: 38.02%
Epoch: 300, Loss: 0.6330, Train: 44.14%, Valid: 50.00%, Test: 42.43%, Best Valid: 50.00%, Best Test: 38.02%
Epoch: 400, Loss: 1.2347, Train: 38.97%, Valid: 40.00%, Test: 37.49%, Best Valid: 60.00%, Best Test: 43.60%
Epoch: 500, Loss: 0.0025, Train: 38.79%, Valid: 25.00%, Test: 35.32%, Best Valid: 60.00%, Best Test: 43.60%
Epoch: 600, Loss: 0.2276, Train: 36.55%, Valid: 40.00%, Test: 34.09%, Best Valid: 60.00%, Best Test: 43.60%
Epoch: 700, Loss: 0.0058, Train: 43.97%, Valid: 40.00%, Test: 40.93%, Best Valid: 60.00%, Best Test: 43.60%
Epoch: 800, Loss: 0.2693, Train: 40.52%, Valid: 45.00%, Test: 39.32%, Best Valid: 60.00%, Best Test: 43.60%
Epoch: 900, Loss: 0.8353, Train: 37.41%, Valid: 45.00%, Test: 33.54%, Best Valid: 60.00%, Best Test: 43.60%
Epoch: 1000, Loss: 2.2540, Train: 43.79%, Valid: 40.00%, Test: 40.02%, Best Valid: 60.00%, Best Test: 43.60%
Run 05:
Highest Train: 47.93
Highest Valid: 60.00
Highest Test: 44.91
Chosen epoch: 361
Final Train: 45.00
Final Test: 43.60
Label budget: 2/class -> 20 train nodes
Matched-budget validation: 20 valid nodes
Pre-training MLP for 500 epochs to generate co-occurrence matrix...
MLP pre-training complete. Penalty matrix frozen.
Epoch: 00, Loss: 7.8438, Train: 12.93%, Valid: 20.00%, Test: 15.07%, Best Valid: 20.00%, Best Test: 15.07%
Switching Polynormer to global attention phase.
Epoch: 100, Loss: 5.9656, Train: 18.10%, Valid: 10.00%, Test: 18.54%, Best Valid: 50.00%, Best Test: 34.29%
Epoch: 200, Loss: 2.4526, Train: 34.83%, Valid: 45.00%, Test: 34.29%, Best Valid: 60.00%, Best Test: 37.66%
Epoch: 300, Loss: 0.1321, Train: 33.97%, Valid: 35.00%, Test: 34.41%, Best Valid: 65.00%, Best Test: 40.94%
Epoch: 400, Loss: 0.2484, Train: 42.93%, Valid: 45.00%, Test: 42.67%, Best Valid: 65.00%, Best Test: 40.94%
Epoch: 500, Loss: 1.8384, Train: 39.48%, Valid: 45.00%, Test: 37.68%, Best Valid: 65.00%, Best Test: 40.94%
Epoch: 600, Loss: 0.0052, Train: 37.76%, Valid: 50.00%, Test: 36.72%, Best Valid: 65.00%, Best Test: 40.94%
Epoch: 700, Loss: 1.3842, Train: 40.52%, Valid: 50.00%, Test: 39.42%, Best Valid: 65.00%, Best Test: 40.94%
Epoch: 800, Loss: 0.0003, Train: 44.14%, Valid: 50.00%, Test: 42.48%, Best Valid: 65.00%, Best Test: 40.94%
Epoch: 900, Loss: 0.0008, Train: 40.52%, Valid: 45.00%, Test: 38.12%, Best Valid: 65.00%, Best Test: 40.94%
Epoch: 1000, Loss: 0.0000, Train: 38.45%, Valid: 50.00%, Test: 36.87%, Best Valid: 65.00%, Best Test: 40.94%
Run 06:
Highest Train: 50.34
Highest Valid: 65.00
Highest Test: 47.12
Chosen epoch: 206
Final Train: 42.24
Final Test: 40.94
Label budget: 2/class -> 20 train nodes
Matched-budget validation: 20 valid nodes
Pre-training MLP for 500 epochs to generate co-occurrence matrix...
MLP pre-training complete. Penalty matrix frozen.
Epoch: 00, Loss: 6.5474, Train: 11.90%, Valid: 5.00%, Test: 12.50%, Best Valid: 5.00%, Best Test: 12.50%
Switching Polynormer to global attention phase.
Epoch: 100, Loss: 5.9515, Train: 18.45%, Valid: 10.00%, Test: 18.40%, Best Valid: 40.00%, Best Test: 39.17%
Epoch: 200, Loss: 3.7940, Train: 27.07%, Valid: 20.00%, Test: 24.73%, Best Valid: 45.00%, Best Test: 40.81%
Epoch: 300, Loss: 1.7823, Train: 36.72%, Valid: 30.00%, Test: 33.95%, Best Valid: 45.00%, Best Test: 40.81%
Epoch: 400, Loss: 0.6423, Train: 33.62%, Valid: 30.00%, Test: 31.97%, Best Valid: 50.00%, Best Test: 32.87%
Epoch: 500, Loss: 0.4930, Train: 30.86%, Valid: 25.00%, Test: 29.02%, Best Valid: 50.00%, Best Test: 32.87%
Epoch: 600, Loss: 0.9842, Train: 33.28%, Valid: 30.00%, Test: 30.08%, Best Valid: 50.00%, Best Test: 32.87%
Epoch: 700, Loss: 1.5932, Train: 39.31%, Valid: 25.00%, Test: 35.42%, Best Valid: 50.00%, Best Test: 32.87%
Epoch: 800, Loss: 0.0234, Train: 50.52%, Valid: 35.00%, Test: 46.67%, Best Valid: 50.00%, Best Test: 32.87%
Epoch: 900, Loss: 0.1700, Train: 47.41%, Valid: 45.00%, Test: 42.89%, Best Valid: 50.00%, Best Test: 32.87%
Epoch: 1000, Loss: 0.8835, Train: 41.55%, Valid: 30.00%, Test: 38.48%, Best Valid: 50.00%, Best Test: 32.87%
Run 07:
Highest Train: 54.14
Highest Valid: 50.00
Highest Test: 49.97
Chosen epoch: 333
Final Train: 33.62
Final Test: 32.87
Label budget: 2/class -> 20 train nodes
Matched-budget validation: 20 valid nodes
Pre-training MLP for 500 epochs to generate co-occurrence matrix...
MLP pre-training complete. Penalty matrix frozen.
Epoch: 00, Loss: 6.2869, Train: 22.76%, Valid: 10.00%, Test: 23.31%, Best Valid: 10.00%, Best Test: 23.31%
Switching Polynormer to global attention phase.
Epoch: 100, Loss: 6.1492, Train: 16.55%, Valid: 10.00%, Test: 16.52%, Best Valid: 35.00%, Best Test: 19.92%
Epoch: 200, Loss: 5.1517, Train: 21.21%, Valid: 25.00%, Test: 20.75%, Best Valid: 35.00%, Best Test: 19.92%
Epoch: 300, Loss: 2.3847, Train: 34.83%, Valid: 30.00%, Test: 32.97%, Best Valid: 40.00%, Best Test: 24.54%
Epoch: 400, Loss: 0.8532, Train: 37.76%, Valid: 30.00%, Test: 36.38%, Best Valid: 40.00%, Best Test: 24.54%
Epoch: 500, Loss: 0.7970, Train: 38.79%, Valid: 40.00%, Test: 32.31%, Best Valid: 45.00%, Best Test: 31.43%
Epoch: 600, Loss: 0.1421, Train: 40.52%, Valid: 40.00%, Test: 36.26%, Best Valid: 50.00%, Best Test: 34.91%
Epoch: 700, Loss: 0.0397, Train: 44.31%, Valid: 50.00%, Test: 40.52%, Best Valid: 50.00%, Best Test: 34.91%
Epoch: 800, Loss: 0.8642, Train: 41.90%, Valid: 30.00%, Test: 37.46%, Best Valid: 50.00%, Best Test: 34.91%
Epoch: 900, Loss: 1.1262, Train: 39.31%, Valid: 35.00%, Test: 34.94%, Best Valid: 50.00%, Best Test: 34.91%
Epoch: 1000, Loss: 0.3471, Train: 42.24%, Valid: 40.00%, Test: 36.34%, Best Valid: 50.00%, Best Test: 34.91%
Run 08:
Highest Train: 45.86
Highest Valid: 50.00
Highest Test: 42.18
Chosen epoch: 508
Final Train: 38.97
Final Test: 34.91
Label budget: 2/class -> 20 train nodes
Matched-budget validation: 20 valid nodes
Pre-training MLP for 500 epochs to generate co-occurrence matrix...
MLP pre-training complete. Penalty matrix frozen.
Epoch: 00, Loss: 7.2135, Train: 4.31%, Valid: 5.00%, Test: 5.23%, Best Valid: 5.00%, Best Test: 5.23%
Switching Polynormer to global attention phase.
Epoch: 100, Loss: 5.9969, Train: 12.24%, Valid: 10.00%, Test: 12.18%, Best Valid: 40.00%, Best Test: 26.00%
Epoch: 200, Loss: 1.1007, Train: 22.93%, Valid: 40.00%, Test: 20.78%, Best Valid: 45.00%, Best Test: 26.92%
Epoch: 300, Loss: 0.3108, Train: 26.55%, Valid: 30.00%, Test: 23.17%, Best Valid: 50.00%, Best Test: 29.19%
Epoch: 400, Loss: 0.5005, Train: 36.90%, Valid: 40.00%, Test: 34.05%, Best Valid: 50.00%, Best Test: 29.19%
Epoch: 500, Loss: 4.3405, Train: 30.34%, Valid: 35.00%, Test: 27.11%, Best Valid: 50.00%, Best Test: 29.19%
Epoch: 600, Loss: 0.7328, Train: 23.45%, Valid: 35.00%, Test: 22.34%, Best Valid: 50.00%, Best Test: 29.19%
Epoch: 700, Loss: 1.5014, Train: 28.28%, Valid: 40.00%, Test: 27.36%, Best Valid: 50.00%, Best Test: 29.19%
Epoch: 800, Loss: 1.5347, Train: 32.76%, Valid: 20.00%, Test: 30.67%, Best Valid: 50.00%, Best Test: 29.19%
Epoch: 900, Loss: 0.7718, Train: 35.00%, Valid: 30.00%, Test: 33.42%, Best Valid: 50.00%, Best Test: 29.19%
Epoch: 1000, Loss: 2.4012, Train: 36.72%, Valid: 40.00%, Test: 32.68%, Best Valid: 50.00%, Best Test: 29.19%
Run 09:
Highest Train: 41.38
Highest Valid: 50.00
Highest Test: 38.87
Chosen epoch: 228
Final Train: 31.03
Final Test: 29.19
Label budget: 2/class -> 20 train nodes
Matched-budget validation: 20 valid nodes
Pre-training MLP for 500 epochs to generate co-occurrence matrix...
MLP pre-training complete. Penalty matrix frozen.
Epoch: 00, Loss: 6.6589, Train: 16.21%, Valid: 10.00%, Test: 16.32%, Best Valid: 10.00%, Best Test: 16.32%
Switching Polynormer to global attention phase.
Epoch: 100, Loss: 5.9928, Train: 18.45%, Valid: 10.00%, Test: 18.40%, Best Valid: 40.00%, Best Test: 40.38%
Epoch: 200, Loss: 2.6178, Train: 27.07%, Valid: 25.00%, Test: 25.18%, Best Valid: 40.00%, Best Test: 40.38%
Epoch: 300, Loss: 1.0332, Train: 34.66%, Valid: 30.00%, Test: 31.25%, Best Valid: 40.00%, Best Test: 40.38%
Epoch: 400, Loss: 0.1537, Train: 37.59%, Valid: 40.00%, Test: 34.03%, Best Valid: 45.00%, Best Test: 35.66%
Epoch: 500, Loss: 0.5654, Train: 38.79%, Valid: 35.00%, Test: 33.98%, Best Valid: 50.00%, Best Test: 38.65%
Epoch: 600, Loss: 0.1771, Train: 39.31%, Valid: 25.00%, Test: 34.41%, Best Valid: 50.00%, Best Test: 38.65%
Epoch: 700, Loss: 0.3522, Train: 38.62%, Valid: 40.00%, Test: 34.62%, Best Valid: 50.00%, Best Test: 38.65%
Epoch: 800, Loss: 0.1592, Train: 41.38%, Valid: 30.00%, Test: 38.21%, Best Valid: 50.00%, Best Test: 38.65%
Epoch: 900, Loss: 0.0695, Train: 37.76%, Valid: 35.00%, Test: 35.95%, Best Valid: 50.00%, Best Test: 38.65%
Epoch: 1000, Loss: 0.0978, Train: 41.55%, Valid: 40.00%, Test: 37.15%, Best Valid: 55.00%, Best Test: 39.37%
Run 10:
Highest Train: 51.21
Highest Valid: 55.00
Highest Test: 47.17
Chosen epoch: 975
Final Train: 42.76
Final Test: 39.37
All runs:
Highest Train: 48.67 ± 3.80
Highest Test: 45.33 ± 3.75
Highest Valid: 59.00 ± 8.10
  Final Train: 40.26 ± 5.03
   Final Test: 38.28 ± 4.74
Saving results to ../results/lowlabel_mv/wikics/polynormer.csv
Low-label sweep completed.
Task 45 done.
