Fri Aug  7 09:38:34 2026       
+-----------------------------------------------------------------------------------------+
| NVIDIA-SMI 580.159.04             Driver Version: 580.159.04     CUDA Version: 13.0     |
+-----------------------------------------+------------------------+----------------------+
| GPU  Name                 Persistence-M | Bus-Id          Disp.A | Volatile Uncorr. ECC |
| Fan  Temp   Perf          Pwr:Usage/Cap |           Memory-Usage | GPU-Util  Compute M. |
|                                         |                        |               MIG M. |
|=========================================+========================+======================|
|   0  NVIDIA A100-SXM4-80GB          On  |   00000000:01:00.0 Off |                   On |
| N/A   45C    P0            178W /  500W |   31001MiB /  81920MiB |     N/A      Default |
|                                         |                        |              Enabled |
+-----------------------------------------+------------------------+----------------------+
|   1  NVIDIA A100-SXM4-80GB          On  |   00000000:41:00.0 Off |                   On |
| N/A   46C    P0            205W /  500W |   39197MiB /  81920MiB |     N/A      Default |
|                                         |                        |              Enabled |
+-----------------------------------------+------------------------+----------------------+
|   2  NVIDIA A100-SXM4-80GB          On  |   00000000:81:00.0 Off |                   On |
| N/A   50C    P0            186W /  500W |   32005MiB /  81920MiB |     N/A      Default |
|                                         |                        |              Enabled |
+-----------------------------------------+------------------------+----------------------+
|   3  NVIDIA A100-SXM4-80GB          On  |   00000000:C1:00.0 Off |                   On |
| N/A   27C    P0             49W /  500W |     249MiB /  81920MiB |     N/A      Default |
|                                         |                        |              Enabled |
+-----------------------------------------+------------------------+----------------------+

+-----------------------------------------------------------------------------------------+
| MIG devices:                                                                            |
+------------------+----------------------------------+-----------+-----------------------+
| GPU  GI  CI  MIG |              Shared Memory-Usage |        Vol|        Shared         |
|      ID  ID  Dev |                Shared BAR1-Usage | SM     Unc| CE ENC  DEC  OFA  JPG |
|                  |                                  |        ECC|                       |
|==================+==================================+===========+=======================|
|  3    5   0   0  |              71MiB / 19968MiB    | 28      0 |  2   0    1    0    0 |
|                  |               0MiB / 12271MiB    |           |                       |
+------------------+----------------------------------+-----------+-----------------------+

+-----------------------------------------------------------------------------------------+
| Processes:                                                                              |
|  GPU   GI   CI              PID   Type   Process name                        GPU Memory |
|        ID   ID                                                               Usage      |
|=========================================================================================|
|    0    1    0           802667      C   ....conda/envs/lmflow/bin/python      28664MiB |
|    0   14    0           826223      C   ...ware/symmetrix-env/bin/python        722MiB |
|    0   13    0           826227      C   ...ware/symmetrix-env/bin/python        754MiB |
|    0    5    0          1105830      C   ...envs/torch-cuda-mm/bin/python        580MiB |
|    1    2    0           802657      C   ....conda/envs/lmflow/bin/python      30596MiB |
|    1   10    0           826220      C   ...ware/symmetrix-env/bin/python        880MiB |
|    1    9    0           826222      C   ...ware/symmetrix-env/bin/python        880MiB |
|    1    3    0          1081266      C   python                                 6528MiB |
|    2    2    0           802664      C   ....conda/envs/lmflow/bin/python      29104MiB |
|    2    9    0           826228      C   ...ware/symmetrix-env/bin/python        962MiB |
|    2   10    0           826229      C   ...ware/symmetrix-env/bin/python       1046MiB |
|    2    3    0          1104128      C   ...envs/torch-cuda-mm/bin/python        580MiB |
+-----------------------------------------------------------------------------------------+
Cell: coauthor-cs / polynormer / budget 5 per class / group 4
python main.py --model polynormer --dataset coauthor-cs --hidden_channels 64 --local_epochs 100 --global_epochs 1500 --lr 0.001 --runs 10 --local_layers 5 --global_layers 2 --weight_decay 5e-4 --dropout 0.3 --in_dropout 0.1 --num_heads 8 --save_model --device 0 --model_dir models/lowlabel_1161133_234 --train_per_class 5 --budget_tag 5
==========================================================
Low-label sweep: python main.py --model polynormer --dataset coauthor-cs --hidden_channels 64 --local_epochs 100 --global_epochs 1500 --lr 0.001 --runs 10 --local_layers 5 --global_layers 2 --weight_decay 5e-4 --dropout 0.3 --in_dropout 0.1 --num_heads 8 --save_model --device 0 --model_dir models/lowlabel_1161133_234 --train_per_class 5 --budget_tag 5
result_dir=../results/lowlabel conditions=[shuffle]
==========================================================
--- mlp_reg/shuffle placebo | lambda=0.01 ---
Namespace(aggregate='add', alpha=0.5, attention='gcn', beta=-1.0, bn=False, budget_tag='5', count_reg=False, count_smoothing=1.0, cpu=False, data_dir='../data/', dataset='coauthor-cs', device=0, dim_inner=64, display_step=100, dropout=0.3, epochs=500, global_dropout=None, global_epochs=1500, global_layers=2, gnn='gcn', graph_weight=0.8, hidden_channels=64, hops=10, in_dropout=0.1, jk=False, label_num_per_class=20, lambda_val=0.01, layers=1, ln=False, local_epochs=100, local_gnn_type='GCN', local_layers=5, lr=0.001, metric='acc', mlp_epochs=500, mlp_reg=True, model='polynormer', model_dir='models/lowlabel_1161133_234', n_heads=8, num_centroids=4096, num_heads=8, oracle_reg=False, paired_seeds=True, pe_types='RWSE', penalty_transform='shuffle', pre_linear=False, pre_ln=False, rand_split=False, rand_split_class=False, reg_start_epoch=10, reg_update_freq=5, res=False, resample_split_per_run=False, result_dir='../results/lowlabel', runs=10, save_model=True, save_result=False, seed=42, test_num=1000, tr_dropout=None, tr_layers=1, tr_weight_decay=None, train_per_class=5, train_prop=0.5, use_act=False, use_bn=False, use_graph=False, use_reg=True, use_residual=False, use_weight=False, valid_num=500, valid_per_class=0, valid_prop=0.25, weight_decay=0.0005)
coauthor-cs
dataset coauthor-cs | num nodes 18333 | num edge 163788 | num node feats 6805 | num classes 15
MODEL: Polynormer(
  (h_lins): ModuleList(
    (0): Linear(in_features=512, out_features=512, bias=True)
    (1): Linear(in_features=512, out_features=512, bias=True)
    (2): Linear(in_features=512, out_features=512, bias=True)
    (3): Linear(in_features=512, out_features=512, bias=True)
    (4): Linear(in_features=512, out_features=512, bias=True)
  )
  (local_convs): ModuleList(
    (0): GATConv(512, 64, heads=8)
    (1): GATConv(512, 64, heads=8)
    (2): GATConv(512, 64, heads=8)
    (3): GATConv(512, 64, heads=8)
    (4): GATConv(512, 64, heads=8)
  )
  (lins): ModuleList(
    (0): Linear(in_features=512, out_features=512, bias=True)
    (1): Linear(in_features=512, out_features=512, bias=True)
    (2): Linear(in_features=512, out_features=512, bias=True)
    (3): Linear(in_features=512, out_features=512, bias=True)
    (4): Linear(in_features=512, out_features=512, bias=True)
  )
  (lns): ModuleList(
    (0): LayerNorm((512,), eps=1e-05, elementwise_affine=True)
    (1): LayerNorm((512,), eps=1e-05, elementwise_affine=True)
    (2): LayerNorm((512,), eps=1e-05, elementwise_affine=True)
    (3): LayerNorm((512,), eps=1e-05, elementwise_affine=True)
    (4): LayerNorm((512,), eps=1e-05, elementwise_affine=True)
  )
  (lin_in): Linear(in_features=6805, out_features=512, bias=True)
  (ln): LayerNorm((512,), eps=1e-05, elementwise_affine=True)
  (global_attn): GlobalAttn(
    (h_lins): ModuleList(
      (0): Linear(in_features=512, out_features=512, bias=True)
      (1): Linear(in_features=512, out_features=512, bias=True)
    )
    (k_lins): ModuleList(
      (0): Linear(in_features=512, out_features=512, bias=True)
      (1): Linear(in_features=512, out_features=512, bias=True)
    )
    (v_lins): ModuleList(
      (0): Linear(in_features=512, out_features=512, bias=True)
      (1): Linear(in_features=512, out_features=512, bias=True)
    )
    (lns): ModuleList(
      (0): LayerNorm((512,), eps=1e-05, elementwise_affine=True)
      (1): LayerNorm((512,), eps=1e-05, elementwise_affine=True)
    )
    (lin_out): Linear(in_features=512, out_features=512, bias=True)
  )
  (pred_local): Linear(in_features=512, out_features=15, bias=True)
  (pred_global): Linear(in_features=512, out_features=15, bias=True)
)
Label budget: 5/class -> 75 train nodes
Pre-training MLP for 500 epochs to generate co-occurrence matrix...
Penalty transform 'shuffle': rel Frobenius dist to original = 0.0693, off-diag CV of original penalty = 0.0333
MLP pre-training complete. Penalty matrix frozen.
Epoch: 00, Loss: 2.8726, Train: 12.29%, Valid: 11.97%, Test: 10.96%, Best Valid: 11.97%, Best Test: 10.96%
Switching Polynormer to global attention phase.
Epoch: 100, Loss: 2.7335, Train: 4.53%, Valid: 4.01%, Test: 4.12%, Best Valid: 88.52%, Best Test: 90.05%
Epoch: 200, Loss: 0.0002, Train: 84.58%, Valid: 83.06%, Test: 84.95%, Best Valid: 88.52%, Best Test: 90.05%
Epoch: 300, Loss: 0.0008, Train: 84.70%, Valid: 83.82%, Test: 85.44%, Best Valid: 88.52%, Best Test: 90.05%
Epoch: 400, Loss: 0.0003, Train: 86.42%, Valid: 85.35%, Test: 87.08%, Best Valid: 88.52%, Best Test: 90.05%
Epoch: 500, Loss: 0.0004, Train: 86.75%, Valid: 85.68%, Test: 86.83%, Best Valid: 88.52%, Best Test: 90.05%
Epoch: 600, Loss: 0.0020, Train: 86.20%, Valid: 85.52%, Test: 86.64%, Best Valid: 89.39%, Best Test: 89.75%
Epoch: 700, Loss: 0.0096, Train: 84.73%, Valid: 84.21%, Test: 84.49%, Best Valid: 89.39%, Best Test: 89.75%
Epoch: 800, Loss: 0.1142, Train: 83.92%, Valid: 83.44%, Test: 84.30%, Best Valid: 89.39%, Best Test: 89.75%
Epoch: 900, Loss: 0.0037, Train: 80.31%, Valid: 79.62%, Test: 80.78%, Best Valid: 89.39%, Best Test: 89.75%
Epoch: 1000, Loss: 0.0094, Train: 82.21%, Valid: 80.82%, Test: 82.17%, Best Valid: 89.39%, Best Test: 89.75%
Epoch: 1100, Loss: 0.0003, Train: 85.00%, Valid: 83.33%, Test: 84.08%, Best Valid: 89.39%, Best Test: 89.75%
Epoch: 1200, Loss: 0.0005, Train: 87.76%, Valid: 86.47%, Test: 87.02%, Best Valid: 89.39%, Best Test: 89.75%
Epoch: 1300, Loss: 0.0006, Train: 82.76%, Valid: 81.72%, Test: 81.84%, Best Valid: 89.39%, Best Test: 89.75%
Epoch: 1400, Loss: 0.0013, Train: 78.13%, Valid: 76.51%, Test: 76.44%, Best Valid: 89.39%, Best Test: 89.75%
Epoch: 1500, Loss: 0.0128, Train: 80.12%, Valid: 79.90%, Test: 80.10%, Best Valid: 89.39%, Best Test: 89.75%
Run 01:
Highest Train: 89.87
Highest Valid: 89.39
Highest Test: 90.24
Chosen epoch: 575
Final Train: 89.81
Final Test: 89.75
Label budget: 5/class -> 75 train nodes
Pre-training MLP for 500 epochs to generate co-occurrence matrix...
Penalty transform 'shuffle': rel Frobenius dist to original = 0.0626, off-diag CV of original penalty = 0.0351
MLP pre-training complete. Penalty matrix frozen.
Epoch: 00, Loss: 2.8590, Train: 10.26%, Valid: 9.33%, Test: 9.79%, Best Valid: 9.33%, Best Test: 9.79%
Switching Polynormer to global attention phase.
Epoch: 100, Loss: 2.7351, Train: 7.68%, Valid: 7.26%, Test: 7.72%, Best Valid: 86.58%, Best Test: 87.35%
Epoch: 200, Loss: 0.4664, Train: 77.66%, Valid: 77.30%, Test: 77.18%, Best Valid: 86.58%, Best Test: 87.35%
Epoch: 300, Loss: 0.0045, Train: 81.23%, Valid: 80.55%, Test: 80.83%, Best Valid: 86.58%, Best Test: 87.35%
Epoch: 400, Loss: 0.1404, Train: 82.52%, Valid: 82.11%, Test: 81.65%, Best Valid: 86.58%, Best Test: 87.35%
Epoch: 500, Loss: 0.0002, Train: 78.78%, Valid: 78.86%, Test: 79.44%, Best Valid: 86.58%, Best Test: 87.35%
Epoch: 600, Loss: 0.0034, Train: 79.93%, Valid: 80.31%, Test: 79.61%, Best Valid: 86.58%, Best Test: 87.35%
Epoch: 700, Loss: 0.0016, Train: 79.97%, Valid: 80.09%, Test: 79.83%, Best Valid: 86.58%, Best Test: 87.35%
Epoch: 800, Loss: 0.0003, Train: 78.63%, Valid: 79.30%, Test: 78.84%, Best Valid: 86.58%, Best Test: 87.35%
Epoch: 900, Loss: 0.0017, Train: 80.07%, Valid: 80.41%, Test: 79.31%, Best Valid: 86.58%, Best Test: 87.35%
Epoch: 1000, Loss: 0.4404, Train: 71.95%, Valid: 70.49%, Test: 72.60%, Best Valid: 86.58%, Best Test: 87.35%
Epoch: 1100, Loss: 0.0006, Train: 76.46%, Valid: 76.98%, Test: 76.66%, Best Valid: 86.58%, Best Test: 87.35%
Epoch: 1200, Loss: 0.0033, Train: 83.91%, Valid: 83.42%, Test: 84.30%, Best Valid: 86.58%, Best Test: 87.35%
Epoch: 1300, Loss: 0.0001, Train: 80.57%, Valid: 80.17%, Test: 80.67%, Best Valid: 86.58%, Best Test: 87.35%
Epoch: 1400, Loss: 0.0002, Train: 80.83%, Valid: 80.47%, Test: 81.11%, Best Valid: 86.58%, Best Test: 87.35%
Epoch: 1500, Loss: 0.0004, Train: 80.27%, Valid: 79.41%, Test: 80.02%, Best Valid: 86.58%, Best Test: 87.35%
Run 02:
Highest Train: 87.48
Highest Valid: 86.58
Highest Test: 87.43
Chosen epoch: 42
Final Train: 87.26
Final Test: 87.35
Label budget: 5/class -> 75 train nodes
Pre-training MLP for 500 epochs to generate co-occurrence matrix...
Penalty transform 'shuffle': rel Frobenius dist to original = 0.0729, off-diag CV of original penalty = 0.0423
MLP pre-training complete. Penalty matrix frozen.
Epoch: 00, Loss: 2.8761, Train: 2.37%, Valid: 2.51%, Test: 2.07%, Best Valid: 2.51%, Best Test: 2.07%
Switching Polynormer to global attention phase.
Epoch: 100, Loss: 2.7350, Train: 2.37%, Valid: 2.51%, Test: 2.07%, Best Valid: 89.66%, Best Test: 91.60%
Epoch: 200, Loss: 0.1639, Train: 71.78%, Valid: 70.35%, Test: 73.42%, Best Valid: 89.66%, Best Test: 91.60%
Epoch: 300, Loss: 0.1207, Train: 83.49%, Valid: 81.94%, Test: 82.28%, Best Valid: 89.66%, Best Test: 91.60%
Epoch: 400, Loss: 0.0002, Train: 83.66%, Valid: 82.84%, Test: 85.14%, Best Valid: 89.66%, Best Test: 91.60%
Epoch: 500, Loss: 0.0003, Train: 83.83%, Valid: 82.87%, Test: 85.41%, Best Valid: 89.66%, Best Test: 91.60%
Epoch: 600, Loss: 0.0048, Train: 83.38%, Valid: 83.31%, Test: 83.64%, Best Valid: 89.66%, Best Test: 91.60%
Epoch: 700, Loss: 0.0002, Train: 84.17%, Valid: 83.77%, Test: 85.20%, Best Valid: 89.66%, Best Test: 91.60%
Epoch: 800, Loss: 0.0061, Train: 81.34%, Valid: 80.03%, Test: 81.38%, Best Valid: 89.66%, Best Test: 91.60%
Epoch: 900, Loss: 0.0047, Train: 77.28%, Valid: 76.95%, Test: 78.82%, Best Valid: 89.66%, Best Test: 91.60%
Epoch: 1000, Loss: 0.0001, Train: 83.09%, Valid: 82.32%, Test: 82.69%, Best Valid: 89.66%, Best Test: 91.60%
Epoch: 1100, Loss: 0.0005, Train: 82.80%, Valid: 82.21%, Test: 83.15%, Best Valid: 89.66%, Best Test: 91.60%
Epoch: 1200, Loss: 0.0014, Train: 83.05%, Valid: 82.68%, Test: 84.24%, Best Valid: 89.66%, Best Test: 91.60%
Epoch: 1300, Loss: 0.0002, Train: 82.23%, Valid: 81.83%, Test: 83.70%, Best Valid: 89.66%, Best Test: 91.60%
Epoch: 1400, Loss: 0.0008, Train: 83.26%, Valid: 82.46%, Test: 84.11%, Best Valid: 89.66%, Best Test: 91.60%
Epoch: 1500, Loss: 0.0003, Train: 84.93%, Valid: 84.02%, Test: 85.71%, Best Valid: 89.66%, Best Test: 91.60%
Run 03:
Highest Train: 89.99
Highest Valid: 89.66
Highest Test: 91.60
Chosen epoch: 35
Final Train: 89.94
Final Test: 91.60
Label budget: 5/class -> 75 train nodes
Pre-training MLP for 500 epochs to generate co-occurrence matrix...
Penalty transform 'shuffle': rel Frobenius dist to original = 0.0619, off-diag CV of original penalty = 0.0288
MLP pre-training complete. Penalty matrix frozen.
Epoch: 00, Loss: 2.9099, Train: 12.29%, Valid: 11.97%, Test: 10.96%, Best Valid: 11.97%, Best Test: 10.96%
Switching Polynormer to global attention phase.
Epoch: 100, Loss: 2.7348, Train: 11.11%, Valid: 10.91%, Test: 11.21%, Best Valid: 86.14%, Best Test: 87.00%
Epoch: 200, Loss: 0.0610, Train: 80.47%, Valid: 80.01%, Test: 81.82%, Best Valid: 86.14%, Best Test: 87.00%
Epoch: 300, Loss: 0.0879, Train: 83.03%, Valid: 81.91%, Test: 83.64%, Best Valid: 86.14%, Best Test: 87.00%
Epoch: 400, Loss: 0.0576, Train: 83.33%, Valid: 82.05%, Test: 84.43%, Best Valid: 86.14%, Best Test: 87.00%
Epoch: 500, Loss: 0.0021, Train: 72.40%, Valid: 71.71%, Test: 73.96%, Best Valid: 86.14%, Best Test: 87.00%
Epoch: 600, Loss: 0.0004, Train: 73.48%, Valid: 72.31%, Test: 74.13%, Best Valid: 86.14%, Best Test: 87.00%
Epoch: 700, Loss: 0.0084, Train: 69.85%, Valid: 69.01%, Test: 71.78%, Best Valid: 86.14%, Best Test: 87.00%
Epoch: 800, Loss: 0.0001, Train: 81.17%, Valid: 80.58%, Test: 82.22%, Best Valid: 86.14%, Best Test: 87.00%
Epoch: 900, Loss: 0.0003, Train: 78.13%, Valid: 77.85%, Test: 79.85%, Best Valid: 86.14%, Best Test: 87.00%
Epoch: 1000, Loss: 0.0007, Train: 78.93%, Valid: 78.56%, Test: 80.10%, Best Valid: 86.14%, Best Test: 87.00%
Epoch: 1100, Loss: 0.0002, Train: 81.08%, Valid: 80.63%, Test: 82.42%, Best Valid: 86.14%, Best Test: 87.00%
Epoch: 1200, Loss: 0.0008, Train: 88.06%, Valid: 86.55%, Test: 88.33%, Best Valid: 86.74%, Best Test: 88.33%
Epoch: 1300, Loss: 0.0003, Train: 81.93%, Valid: 80.01%, Test: 82.74%, Best Valid: 86.74%, Best Test: 88.33%
Epoch: 1400, Loss: 0.0003, Train: 84.60%, Valid: 83.55%, Test: 85.63%, Best Valid: 86.74%, Best Test: 88.33%
Epoch: 1500, Loss: 0.0158, Train: 69.86%, Valid: 68.47%, Test: 71.16%, Best Valid: 86.74%, Best Test: 88.33%
Run 04:
Highest Train: 88.12
Highest Valid: 86.74
Highest Test: 88.36
Chosen epoch: 1193
Final Train: 88.12
Final Test: 88.33
Label budget: 5/class -> 75 train nodes
Pre-training MLP for 500 epochs to generate co-occurrence matrix...
Penalty transform 'shuffle': rel Frobenius dist to original = 0.0584, off-diag CV of original penalty = 0.0320
MLP pre-training complete. Penalty matrix frozen.
Epoch: 00, Loss: 2.9699, Train: 12.30%, Valid: 12.03%, Test: 10.96%, Best Valid: 12.03%, Best Test: 10.96%
Switching Polynormer to global attention phase.
Epoch: 100, Loss: 2.7359, Train: 3.88%, Valid: 3.57%, Test: 4.09%, Best Valid: 82.30%, Best Test: 84.65%
Epoch: 200, Loss: 0.1775, Train: 75.32%, Valid: 73.73%, Test: 75.60%, Best Valid: 82.30%, Best Test: 84.65%
Epoch: 300, Loss: 0.0329, Train: 66.57%, Valid: 64.51%, Test: 66.71%, Best Valid: 82.30%, Best Test: 84.65%
Epoch: 400, Loss: 0.0150, Train: 76.93%, Valid: 74.85%, Test: 76.53%, Best Valid: 82.30%, Best Test: 84.65%
Epoch: 500, Loss: 0.0080, Train: 71.77%, Valid: 69.75%, Test: 72.03%, Best Valid: 82.30%, Best Test: 84.65%
Epoch: 600, Loss: 0.0000, Train: 77.00%, Valid: 75.72%, Test: 77.81%, Best Valid: 82.30%, Best Test: 84.65%
Epoch: 700, Loss: 0.0002, Train: 73.75%, Valid: 72.26%, Test: 73.64%, Best Valid: 82.30%, Best Test: 84.65%
Epoch: 800, Loss: 0.1227, Train: 73.32%, Valid: 72.07%, Test: 73.15%, Best Valid: 82.30%, Best Test: 84.65%
Epoch: 900, Loss: 0.0032, Train: 65.74%, Valid: 62.71%, Test: 65.84%, Best Valid: 82.30%, Best Test: 84.65%
Epoch: 1000, Loss: 0.0002, Train: 73.19%, Valid: 71.41%, Test: 73.53%, Best Valid: 82.30%, Best Test: 84.65%
Epoch: 1100, Loss: 0.0005, Train: 75.81%, Valid: 73.81%, Test: 75.60%, Best Valid: 82.30%, Best Test: 84.65%
Epoch: 1200, Loss: 0.0153, Train: 77.32%, Valid: 75.31%, Test: 76.83%, Best Valid: 82.30%, Best Test: 84.65%
Epoch: 1300, Loss: 0.0050, Train: 76.90%, Valid: 75.29%, Test: 77.24%, Best Valid: 82.30%, Best Test: 84.65%
Epoch: 1400, Loss: 0.0003, Train: 78.39%, Valid: 77.22%, Test: 79.39%, Best Valid: 82.30%, Best Test: 84.65%
Epoch: 1500, Loss: 0.0001, Train: 77.15%, Valid: 76.51%, Test: 78.35%, Best Valid: 82.30%, Best Test: 84.65%
Run 05:
Highest Train: 83.95
Highest Valid: 82.30
Highest Test: 84.95
Chosen epoch: 26
Final Train: 83.95
Final Test: 84.65
Label budget: 5/class -> 75 train nodes
Pre-training MLP for 500 epochs to generate co-occurrence matrix...
Penalty transform 'shuffle': rel Frobenius dist to original = 0.0719, off-diag CV of original penalty = 0.0421
MLP pre-training complete. Penalty matrix frozen.
Epoch: 00, Loss: 2.9126, Train: 2.67%, Valid: 2.65%, Test: 2.29%, Best Valid: 2.65%, Best Test: 2.29%
Switching Polynormer to global attention phase.
Epoch: 100, Loss: 2.7351, Train: 11.11%, Valid: 10.91%, Test: 11.21%, Best Valid: 87.29%, Best Test: 88.82%
Epoch: 200, Loss: 0.2055, Train: 74.68%, Valid: 73.76%, Test: 73.20%, Best Valid: 87.29%, Best Test: 88.82%
Epoch: 300, Loss: 0.0207, Train: 77.91%, Valid: 78.59%, Test: 78.05%, Best Valid: 87.29%, Best Test: 88.82%
Epoch: 400, Loss: 0.0001, Train: 82.81%, Valid: 81.53%, Test: 82.25%, Best Valid: 87.29%, Best Test: 88.82%
Epoch: 500, Loss: 0.0001, Train: 81.40%, Valid: 80.01%, Test: 82.28%, Best Valid: 87.29%, Best Test: 88.82%
Epoch: 600, Loss: 0.0007, Train: 79.02%, Valid: 78.15%, Test: 80.34%, Best Valid: 87.29%, Best Test: 88.82%
Epoch: 700, Loss: 0.0060, Train: 80.76%, Valid: 79.21%, Test: 81.90%, Best Valid: 87.29%, Best Test: 88.82%
Epoch: 800, Loss: 0.1251, Train: 75.10%, Valid: 72.89%, Test: 75.46%, Best Valid: 87.29%, Best Test: 88.82%
Epoch: 900, Loss: 0.0009, Train: 69.92%, Valid: 68.03%, Test: 70.15%, Best Valid: 87.29%, Best Test: 88.82%
Epoch: 1000, Loss: 0.0009, Train: 79.84%, Valid: 78.61%, Test: 79.74%, Best Valid: 87.29%, Best Test: 88.82%
Epoch: 1100, Loss: 0.0001, Train: 81.33%, Valid: 80.17%, Test: 81.79%, Best Valid: 87.29%, Best Test: 88.82%
Epoch: 1200, Loss: 0.0446, Train: 77.49%, Valid: 76.60%, Test: 77.21%, Best Valid: 87.29%, Best Test: 88.82%
Epoch: 1300, Loss: 0.1094, Train: 81.15%, Valid: 79.65%, Test: 80.92%, Best Valid: 87.29%, Best Test: 88.82%
Epoch: 1400, Loss: 0.0003, Train: 80.84%, Valid: 80.01%, Test: 81.90%, Best Valid: 87.29%, Best Test: 88.82%
Epoch: 1500, Loss: 0.0003, Train: 79.73%, Valid: 79.02%, Test: 80.59%, Best Valid: 87.29%, Best Test: 88.82%
Run 06:
Highest Train: 88.17
Highest Valid: 87.29
Highest Test: 89.04
Chosen epoch: 54
Final Train: 88.14
Final Test: 88.82
Label budget: 5/class -> 75 train nodes
Pre-training MLP for 500 epochs to generate co-occurrence matrix...
Penalty transform 'shuffle': rel Frobenius dist to original = 0.0587, off-diag CV of original penalty = 0.0260
MLP pre-training complete. Penalty matrix frozen.
Epoch: 00, Loss: 2.8876, Train: 8.03%, Valid: 7.69%, Test: 7.61%, Best Valid: 7.69%, Best Test: 7.61%
Switching Polynormer to global attention phase.
Epoch: 100, Loss: 2.7351, Train: 7.68%, Valid: 7.26%, Test: 7.72%, Best Valid: 87.86%, Best Test: 89.26%
Epoch: 200, Loss: 1.0044, Train: 73.82%, Valid: 73.46%, Test: 74.10%, Best Valid: 87.86%, Best Test: 89.26%
Epoch: 300, Loss: 0.0019, Train: 81.93%, Valid: 81.31%, Test: 81.87%, Best Valid: 87.86%, Best Test: 89.26%
Epoch: 400, Loss: 0.0720, Train: 79.21%, Valid: 78.72%, Test: 78.35%, Best Valid: 87.86%, Best Test: 89.26%
Epoch: 500, Loss: 0.0054, Train: 80.23%, Valid: 79.27%, Test: 81.30%, Best Valid: 87.86%, Best Test: 89.26%
Epoch: 600, Loss: 0.0045, Train: 85.97%, Valid: 84.92%, Test: 86.40%, Best Valid: 87.86%, Best Test: 89.26%
Epoch: 700, Loss: 0.0004, Train: 78.99%, Valid: 78.31%, Test: 80.29%, Best Valid: 87.86%, Best Test: 89.26%
Epoch: 800, Loss: 0.0166, Train: 80.41%, Valid: 79.92%, Test: 81.32%, Best Valid: 87.86%, Best Test: 89.26%
Epoch: 900, Loss: 0.0027, Train: 84.45%, Valid: 83.31%, Test: 84.35%, Best Valid: 87.86%, Best Test: 89.26%
Epoch: 1000, Loss: 0.0341, Train: 76.82%, Valid: 75.72%, Test: 77.34%, Best Valid: 87.86%, Best Test: 89.26%
Epoch: 1100, Loss: 0.0111, Train: 83.85%, Valid: 82.54%, Test: 82.85%, Best Valid: 87.86%, Best Test: 89.26%
Epoch: 1200, Loss: 0.0002, Train: 88.29%, Valid: 87.15%, Test: 87.81%, Best Valid: 87.86%, Best Test: 89.26%
Epoch: 1300, Loss: 0.0009, Train: 87.77%, Valid: 86.33%, Test: 87.08%, Best Valid: 87.86%, Best Test: 89.26%
Epoch: 1400, Loss: 0.0004, Train: 83.98%, Valid: 83.22%, Test: 83.62%, Best Valid: 87.86%, Best Test: 89.26%
Epoch: 1500, Loss: 0.0385, Train: 76.56%, Valid: 75.86%, Test: 77.15%, Best Valid: 87.86%, Best Test: 89.26%
Run 07:
Highest Train: 89.14
Highest Valid: 87.86
Highest Test: 89.69
Chosen epoch: 51
Final Train: 88.95
Final Test: 89.26
Label budget: 5/class -> 75 train nodes
Pre-training MLP for 500 epochs to generate co-occurrence matrix...
Penalty transform 'shuffle': rel Frobenius dist to original = 0.0707, off-diag CV of original penalty = 0.0361
MLP pre-training complete. Penalty matrix frozen.
Epoch: 00, Loss: 2.9951, Train: 6.70%, Valid: 5.97%, Test: 6.08%, Best Valid: 5.97%, Best Test: 6.08%
Switching Polynormer to global attention phase.
Epoch: 100, Loss: 2.7352, Train: 2.45%, Valid: 1.91%, Test: 2.18%, Best Valid: 89.33%, Best Test: 89.86%
Epoch: 200, Loss: 0.1004, Train: 79.58%, Valid: 78.51%, Test: 79.55%, Best Valid: 89.33%, Best Test: 89.86%
Epoch: 300, Loss: 0.0004, Train: 86.14%, Valid: 84.56%, Test: 85.58%, Best Valid: 89.33%, Best Test: 89.86%
Epoch: 400, Loss: 0.0002, Train: 84.58%, Valid: 83.06%, Test: 83.91%, Best Valid: 89.33%, Best Test: 89.86%
Epoch: 500, Loss: 0.0075, Train: 82.23%, Valid: 81.31%, Test: 81.79%, Best Valid: 89.33%, Best Test: 89.86%
Epoch: 600, Loss: 0.0046, Train: 82.57%, Valid: 81.70%, Test: 81.57%, Best Valid: 89.33%, Best Test: 89.86%
Epoch: 700, Loss: 0.0002, Train: 80.40%, Valid: 79.30%, Test: 79.93%, Best Valid: 89.33%, Best Test: 89.86%
Epoch: 800, Loss: 0.0004, Train: 77.33%, Valid: 76.00%, Test: 76.42%, Best Valid: 89.33%, Best Test: 89.86%
Epoch: 900, Loss: 0.0005, Train: 82.45%, Valid: 81.51%, Test: 82.33%, Best Valid: 89.33%, Best Test: 89.86%
Epoch: 1000, Loss: 0.0008, Train: 84.60%, Valid: 83.28%, Test: 83.78%, Best Valid: 89.33%, Best Test: 89.86%
Epoch: 1100, Loss: 0.0009, Train: 82.87%, Valid: 82.11%, Test: 82.82%, Best Valid: 89.33%, Best Test: 89.86%
Epoch: 1200, Loss: 0.0002, Train: 82.05%, Valid: 80.99%, Test: 82.03%, Best Valid: 89.33%, Best Test: 89.86%
Epoch: 1300, Loss: 0.0070, Train: 84.45%, Valid: 83.31%, Test: 84.13%, Best Valid: 89.33%, Best Test: 89.86%
Epoch: 1400, Loss: 0.0002, Train: 86.53%, Valid: 85.54%, Test: 85.85%, Best Valid: 89.33%, Best Test: 89.86%
Epoch: 1500, Loss: 0.0388, Train: 81.08%, Valid: 81.64%, Test: 81.32%, Best Valid: 89.33%, Best Test: 89.86%
Run 08:
Highest Train: 90.24
Highest Valid: 89.33
Highest Test: 90.08
Chosen epoch: 36
Final Train: 90.18
Final Test: 89.86
Label budget: 5/class -> 75 train nodes
Pre-training MLP for 500 epochs to generate co-occurrence matrix...
Penalty transform 'shuffle': rel Frobenius dist to original = 0.0569, off-diag CV of original penalty = 0.0294
MLP pre-training complete. Penalty matrix frozen.
Epoch: 00, Loss: 2.9416, Train: 0.67%, Valid: 0.57%, Test: 0.65%, Best Valid: 0.57%, Best Test: 0.65%
Switching Polynormer to global attention phase.
Epoch: 100, Loss: 2.7351, Train: 11.01%, Valid: 11.29%, Test: 11.59%, Best Valid: 89.09%, Best Test: 89.53%
Epoch: 200, Loss: 0.6631, Train: 60.79%, Valid: 58.92%, Test: 60.36%, Best Valid: 89.09%, Best Test: 89.53%
Epoch: 300, Loss: 0.5306, Train: 67.49%, Valid: 65.98%, Test: 67.28%, Best Valid: 89.09%, Best Test: 89.53%
Epoch: 400, Loss: 0.0018, Train: 81.52%, Valid: 79.98%, Test: 81.73%, Best Valid: 89.09%, Best Test: 89.53%
Epoch: 500, Loss: 0.0003, Train: 81.82%, Valid: 80.14%, Test: 82.01%, Best Valid: 89.09%, Best Test: 89.53%
Epoch: 600, Loss: 0.0939, Train: 72.42%, Valid: 70.40%, Test: 72.82%, Best Valid: 89.09%, Best Test: 89.53%
Epoch: 700, Loss: 0.0109, Train: 84.49%, Valid: 83.82%, Test: 83.59%, Best Valid: 89.09%, Best Test: 89.53%
Epoch: 800, Loss: 0.0182, Train: 79.43%, Valid: 79.38%, Test: 80.18%, Best Valid: 89.09%, Best Test: 89.53%
Epoch: 900, Loss: 0.0001, Train: 85.97%, Valid: 84.89%, Test: 85.88%, Best Valid: 89.09%, Best Test: 89.53%
Epoch: 1000, Loss: 0.0108, Train: 81.18%, Valid: 80.82%, Test: 82.14%, Best Valid: 89.09%, Best Test: 89.53%
Epoch: 1100, Loss: 0.0018, Train: 80.99%, Valid: 79.81%, Test: 81.87%, Best Valid: 89.09%, Best Test: 89.53%
Epoch: 1200, Loss: 0.0011, Train: 84.33%, Valid: 83.69%, Test: 83.62%, Best Valid: 89.09%, Best Test: 89.53%
Epoch: 1300, Loss: 0.0002, Train: 83.77%, Valid: 82.87%, Test: 83.97%, Best Valid: 89.09%, Best Test: 89.53%
Epoch: 1400, Loss: 0.0002, Train: 83.55%, Valid: 82.46%, Test: 83.59%, Best Valid: 89.09%, Best Test: 89.53%
Epoch: 1500, Loss: 0.0016, Train: 73.57%, Valid: 72.67%, Test: 75.25%, Best Valid: 89.09%, Best Test: 89.53%
Run 09:
Highest Train: 89.48
Highest Valid: 89.09
Highest Test: 89.83
Chosen epoch: 95
Final Train: 89.27
Final Test: 89.53
Label budget: 5/class -> 75 train nodes
Pre-training MLP for 500 epochs to generate co-occurrence matrix...
Penalty transform 'shuffle': rel Frobenius dist to original = 0.0674, off-diag CV of original penalty = 0.0337
MLP pre-training complete. Penalty matrix frozen.
Epoch: 00, Loss: 2.9287, Train: 7.64%, Valid: 7.17%, Test: 7.72%, Best Valid: 7.17%, Best Test: 7.72%
Switching Polynormer to global attention phase.
Epoch: 100, Loss: 2.7351, Train: 2.37%, Valid: 2.51%, Test: 2.07%, Best Valid: 88.52%, Best Test: 89.39%
Epoch: 200, Loss: 0.1844, Train: 67.91%, Valid: 66.69%, Test: 67.42%, Best Valid: 88.52%, Best Test: 89.39%
Epoch: 300, Loss: 0.0261, Train: 83.43%, Valid: 82.08%, Test: 83.51%, Best Valid: 88.52%, Best Test: 89.39%
Epoch: 400, Loss: 0.0379, Train: 73.66%, Valid: 70.92%, Test: 73.09%, Best Valid: 88.52%, Best Test: 89.39%
Epoch: 500, Loss: 0.0006, Train: 82.37%, Valid: 80.66%, Test: 81.65%, Best Valid: 88.52%, Best Test: 89.39%
Epoch: 600, Loss: 0.0026, Train: 80.73%, Valid: 79.68%, Test: 80.13%, Best Valid: 88.52%, Best Test: 89.39%
Epoch: 700, Loss: 0.0009, Train: 82.62%, Valid: 81.78%, Test: 82.55%, Best Valid: 88.52%, Best Test: 89.39%
Epoch: 800, Loss: 0.0240, Train: 75.37%, Valid: 75.53%, Test: 75.30%, Best Valid: 88.52%, Best Test: 89.39%
Epoch: 900, Loss: 0.0021, Train: 80.32%, Valid: 79.30%, Test: 80.48%, Best Valid: 88.52%, Best Test: 89.39%
Epoch: 1000, Loss: 0.0278, Train: 71.74%, Valid: 70.27%, Test: 70.88%, Best Valid: 88.52%, Best Test: 89.39%
Epoch: 1100, Loss: 0.0010, Train: 79.95%, Valid: 77.82%, Test: 80.29%, Best Valid: 88.52%, Best Test: 89.39%
Epoch: 1200, Loss: 0.0205, Train: 85.86%, Valid: 84.56%, Test: 86.18%, Best Valid: 88.52%, Best Test: 89.39%
Epoch: 1300, Loss: 0.0011, Train: 81.05%, Valid: 79.76%, Test: 81.32%, Best Valid: 88.52%, Best Test: 89.39%
Epoch: 1400, Loss: 0.0002, Train: 80.60%, Valid: 80.06%, Test: 80.70%, Best Valid: 88.52%, Best Test: 89.39%
Epoch: 1500, Loss: 0.0011, Train: 84.27%, Valid: 83.42%, Test: 84.81%, Best Valid: 88.52%, Best Test: 89.39%
Run 10:
Highest Train: 89.67
Highest Valid: 88.52
Highest Test: 90.19
Chosen epoch: 47
Final Train: 89.02
Final Test: 89.39
All runs:
Highest Train: 88.61 ± 1.88
Highest Test: 89.14 ± 1.86
Highest Valid: 87.68 ± 2.20
  Final Train: 88.46 ± 1.83
   Final Test: 88.85 ± 1.84
Saving results to ../results/lowlabel/coauthor-cs/polynormer.csv
--- mlp_reg/shuffle placebo | lambda=0.05 ---
Namespace(aggregate='add', alpha=0.5, attention='gcn', beta=-1.0, bn=False, budget_tag='5', count_reg=False, count_smoothing=1.0, cpu=False, data_dir='../data/', dataset='coauthor-cs', device=0, dim_inner=64, display_step=100, dropout=0.3, epochs=500, global_dropout=None, global_epochs=1500, global_layers=2, gnn='gcn', graph_weight=0.8, hidden_channels=64, hops=10, in_dropout=0.1, jk=False, label_num_per_class=20, lambda_val=0.05, layers=1, ln=False, local_epochs=100, local_gnn_type='GCN', local_layers=5, lr=0.001, metric='acc', mlp_epochs=500, mlp_reg=True, model='polynormer', model_dir='models/lowlabel_1161133_234', n_heads=8, num_centroids=4096, num_heads=8, oracle_reg=False, paired_seeds=True, pe_types='RWSE', penalty_transform='shuffle', pre_linear=False, pre_ln=False, rand_split=False, rand_split_class=False, reg_start_epoch=10, reg_update_freq=5, res=False, resample_split_per_run=False, result_dir='../results/lowlabel', runs=10, save_model=True, save_result=False, seed=42, test_num=1000, tr_dropout=None, tr_layers=1, tr_weight_decay=None, train_per_class=5, train_prop=0.5, use_act=False, use_bn=False, use_graph=False, use_reg=True, use_residual=False, use_weight=False, valid_num=500, valid_per_class=0, valid_prop=0.25, weight_decay=0.0005)
coauthor-cs
dataset coauthor-cs | num nodes 18333 | num edge 163788 | num node feats 6805 | num classes 15
MODEL: Polynormer(
  (h_lins): ModuleList(
    (0): Linear(in_features=512, out_features=512, bias=True)
    (1): Linear(in_features=512, out_features=512, bias=True)
    (2): Linear(in_features=512, out_features=512, bias=True)
    (3): Linear(in_features=512, out_features=512, bias=True)
    (4): Linear(in_features=512, out_features=512, bias=True)
  )
  (local_convs): ModuleList(
    (0): GATConv(512, 64, heads=8)
    (1): GATConv(512, 64, heads=8)
    (2): GATConv(512, 64, heads=8)
    (3): GATConv(512, 64, heads=8)
    (4): GATConv(512, 64, heads=8)
  )
  (lins): ModuleList(
    (0): Linear(in_features=512, out_features=512, bias=True)
    (1): Linear(in_features=512, out_features=512, bias=True)
    (2): Linear(in_features=512, out_features=512, bias=True)
    (3): Linear(in_features=512, out_features=512, bias=True)
    (4): Linear(in_features=512, out_features=512, bias=True)
  )
  (lns): ModuleList(
    (0): LayerNorm((512,), eps=1e-05, elementwise_affine=True)
    (1): LayerNorm((512,), eps=1e-05, elementwise_affine=True)
    (2): LayerNorm((512,), eps=1e-05, elementwise_affine=True)
    (3): LayerNorm((512,), eps=1e-05, elementwise_affine=True)
    (4): LayerNorm((512,), eps=1e-05, elementwise_affine=True)
  )
  (lin_in): Linear(in_features=6805, out_features=512, bias=True)
  (ln): LayerNorm((512,), eps=1e-05, elementwise_affine=True)
  (global_attn): GlobalAttn(
    (h_lins): ModuleList(
      (0): Linear(in_features=512, out_features=512, bias=True)
      (1): Linear(in_features=512, out_features=512, bias=True)
    )
    (k_lins): ModuleList(
      (0): Linear(in_features=512, out_features=512, bias=True)
      (1): Linear(in_features=512, out_features=512, bias=True)
    )
    (v_lins): ModuleList(
      (0): Linear(in_features=512, out_features=512, bias=True)
      (1): Linear(in_features=512, out_features=512, bias=True)
    )
    (lns): ModuleList(
      (0): LayerNorm((512,), eps=1e-05, elementwise_affine=True)
      (1): LayerNorm((512,), eps=1e-05, elementwise_affine=True)
    )
    (lin_out): Linear(in_features=512, out_features=512, bias=True)
  )
  (pred_local): Linear(in_features=512, out_features=15, bias=True)
  (pred_global): Linear(in_features=512, out_features=15, bias=True)
)
Label budget: 5/class -> 75 train nodes
Pre-training MLP for 500 epochs to generate co-occurrence matrix...
Penalty transform 'shuffle': rel Frobenius dist to original = 0.0693, off-diag CV of original penalty = 0.0333
MLP pre-training complete. Penalty matrix frozen.
Epoch: 00, Loss: 2.9863, Train: 12.29%, Valid: 11.97%, Test: 10.96%, Best Valid: 11.97%, Best Test: 10.96%
Switching Polynormer to global attention phase.
Epoch: 100, Loss: 2.8474, Train: 15.17%, Valid: 14.78%, Test: 15.13%, Best Valid: 88.95%, Best Test: 90.49%
Epoch: 200, Loss: 0.0008, Train: 87.04%, Valid: 86.47%, Test: 86.37%, Best Valid: 88.95%, Best Test: 90.49%
Epoch: 300, Loss: 0.0010, Train: 86.79%, Valid: 85.98%, Test: 86.37%, Best Valid: 88.95%, Best Test: 90.49%
Epoch: 400, Loss: 0.0007, Train: 87.59%, Valid: 86.82%, Test: 88.22%, Best Valid: 88.95%, Best Test: 90.49%
Epoch: 500, Loss: 0.0006, Train: 87.46%, Valid: 86.50%, Test: 87.40%, Best Valid: 88.95%, Best Test: 90.49%
Epoch: 600, Loss: 0.0249, Train: 83.69%, Valid: 83.44%, Test: 83.04%, Best Valid: 88.95%, Best Test: 90.49%
Epoch: 700, Loss: 0.0001, Train: 85.43%, Valid: 84.67%, Test: 85.14%, Best Valid: 88.95%, Best Test: 90.49%
Epoch: 800, Loss: 0.0004, Train: 86.49%, Valid: 85.43%, Test: 86.29%, Best Valid: 88.95%, Best Test: 90.49%
Epoch: 900, Loss: 0.0003, Train: 86.68%, Valid: 85.62%, Test: 86.89%, Best Valid: 88.95%, Best Test: 90.49%
Epoch: 1000, Loss: 0.0002, Train: 82.80%, Valid: 81.91%, Test: 82.42%, Best Valid: 88.95%, Best Test: 90.49%
Epoch: 1100, Loss: 0.0014, Train: 77.18%, Valid: 76.43%, Test: 76.50%, Best Valid: 88.95%, Best Test: 90.49%
Epoch: 1200, Loss: 0.0002, Train: 86.04%, Valid: 85.22%, Test: 85.85%, Best Valid: 88.95%, Best Test: 90.49%
Epoch: 1300, Loss: 0.0005, Train: 85.72%, Valid: 84.45%, Test: 85.58%, Best Valid: 88.95%, Best Test: 90.49%
Epoch: 1400, Loss: 0.0010, Train: 84.83%, Valid: 84.23%, Test: 84.71%, Best Valid: 88.95%, Best Test: 90.49%
Epoch: 1500, Loss: 0.0110, Train: 80.21%, Valid: 79.00%, Test: 80.32%, Best Valid: 88.95%, Best Test: 90.49%
Run 01:
Highest Train: 89.66
Highest Valid: 88.95
Highest Test: 90.57
Chosen epoch: 97
Final Train: 89.59
Final Test: 90.49
Label budget: 5/class -> 75 train nodes
Pre-training MLP for 500 epochs to generate co-occurrence matrix...
Penalty transform 'shuffle': rel Frobenius dist to original = 0.0626, off-diag CV of original penalty = 0.0351
MLP pre-training complete. Penalty matrix frozen.
Epoch: 00, Loss: 2.9723, Train: 10.30%, Valid: 9.30%, Test: 9.71%, Best Valid: 9.30%, Best Test: 9.71%
Switching Polynormer to global attention phase.
Epoch: 100, Loss: 2.8434, Train: 7.68%, Valid: 7.26%, Test: 7.72%, Best Valid: 87.18%, Best Test: 87.68%
Epoch: 200, Loss: 0.4697, Train: 71.62%, Valid: 71.93%, Test: 72.08%, Best Valid: 87.18%, Best Test: 87.68%
Epoch: 300, Loss: 0.2648, Train: 78.72%, Valid: 78.12%, Test: 78.84%, Best Valid: 87.18%, Best Test: 87.68%
Epoch: 400, Loss: 0.1284, Train: 82.67%, Valid: 82.98%, Test: 82.82%, Best Valid: 87.18%, Best Test: 87.68%
Epoch: 500, Loss: 0.0021, Train: 80.29%, Valid: 80.03%, Test: 80.26%, Best Valid: 87.18%, Best Test: 87.68%
Epoch: 600, Loss: 0.0048, Train: 77.62%, Valid: 77.33%, Test: 76.88%, Best Valid: 87.18%, Best Test: 87.68%
Epoch: 700, Loss: 0.0044, Train: 82.11%, Valid: 81.61%, Test: 81.35%, Best Valid: 87.18%, Best Test: 87.68%
Epoch: 800, Loss: 0.0016, Train: 79.83%, Valid: 79.87%, Test: 80.26%, Best Valid: 87.18%, Best Test: 87.68%
Epoch: 900, Loss: 0.0019, Train: 81.34%, Valid: 81.48%, Test: 81.65%, Best Valid: 87.18%, Best Test: 87.68%
Epoch: 1000, Loss: 0.0003, Train: 79.45%, Valid: 79.81%, Test: 80.26%, Best Valid: 87.18%, Best Test: 87.68%
Epoch: 1100, Loss: 0.0022, Train: 82.41%, Valid: 81.31%, Test: 81.65%, Best Valid: 87.18%, Best Test: 87.68%
Epoch: 1200, Loss: 0.0013, Train: 80.89%, Valid: 80.85%, Test: 80.37%, Best Valid: 87.18%, Best Test: 87.68%
Epoch: 1300, Loss: 0.0016, Train: 81.78%, Valid: 81.31%, Test: 81.52%, Best Valid: 87.18%, Best Test: 87.68%
Epoch: 1400, Loss: 0.0008, Train: 79.66%, Valid: 79.16%, Test: 78.93%, Best Valid: 87.18%, Best Test: 87.68%
Epoch: 1500, Loss: 0.0003, Train: 80.86%, Valid: 79.90%, Test: 80.64%, Best Valid: 87.18%, Best Test: 87.68%
Run 02:
Highest Train: 87.59
Highest Valid: 87.18
Highest Test: 87.70
Chosen epoch: 42
Final Train: 87.43
Final Test: 87.68
Label budget: 5/class -> 75 train nodes
Pre-training MLP for 500 epochs to generate co-occurrence matrix...
Penalty transform 'shuffle': rel Frobenius dist to original = 0.0729, off-diag CV of original penalty = 0.0423
MLP pre-training complete. Penalty matrix frozen.
Epoch: 00, Loss: 2.9901, Train: 2.37%, Valid: 2.51%, Test: 2.07%, Best Valid: 2.51%, Best Test: 2.07%
Switching Polynormer to global attention phase.
Epoch: 100, Loss: 2.8435, Train: 3.88%, Valid: 3.57%, Test: 4.09%, Best Valid: 88.76%, Best Test: 90.59%
Epoch: 200, Loss: 0.3390, Train: 72.86%, Valid: 72.39%, Test: 73.01%, Best Valid: 88.76%, Best Test: 90.59%
Epoch: 300, Loss: 0.1069, Train: 77.28%, Valid: 75.37%, Test: 77.24%, Best Valid: 88.76%, Best Test: 90.59%
Epoch: 400, Loss: 0.0023, Train: 84.49%, Valid: 83.09%, Test: 84.19%, Best Valid: 88.76%, Best Test: 90.59%
Epoch: 500, Loss: 0.0002, Train: 85.66%, Valid: 84.64%, Test: 85.82%, Best Valid: 88.76%, Best Test: 90.59%
Epoch: 600, Loss: 0.0005, Train: 84.57%, Valid: 82.71%, Test: 85.33%, Best Valid: 88.76%, Best Test: 90.59%
Epoch: 700, Loss: 0.0037, Train: 84.93%, Valid: 84.04%, Test: 86.42%, Best Valid: 88.76%, Best Test: 90.59%
Epoch: 800, Loss: 0.0020, Train: 82.42%, Valid: 81.56%, Test: 83.21%, Best Valid: 88.76%, Best Test: 90.59%
Epoch: 900, Loss: 0.0015, Train: 86.84%, Valid: 85.65%, Test: 88.06%, Best Valid: 88.76%, Best Test: 90.59%
Epoch: 1000, Loss: 0.0095, Train: 82.62%, Valid: 80.93%, Test: 82.96%, Best Valid: 88.76%, Best Test: 90.59%
Epoch: 1100, Loss: 0.0062, Train: 80.62%, Valid: 78.18%, Test: 81.30%, Best Valid: 88.76%, Best Test: 90.59%
Epoch: 1200, Loss: 0.0079, Train: 83.19%, Valid: 81.23%, Test: 83.37%, Best Valid: 88.76%, Best Test: 90.59%
Epoch: 1300, Loss: 0.0465, Train: 78.78%, Valid: 77.14%, Test: 78.98%, Best Valid: 88.76%, Best Test: 90.59%
Epoch: 1400, Loss: 0.0008, Train: 84.13%, Valid: 82.76%, Test: 85.63%, Best Valid: 88.76%, Best Test: 90.59%
Epoch: 1500, Loss: 0.0001, Train: 85.37%, Valid: 83.88%, Test: 85.85%, Best Valid: 88.76%, Best Test: 90.59%
Run 03:
Highest Train: 89.54
Highest Valid: 88.76
Highest Test: 90.59
Chosen epoch: 98
Final Train: 89.51
Final Test: 90.59
Label budget: 5/class -> 75 train nodes
Pre-training MLP for 500 epochs to generate co-occurrence matrix...
Penalty transform 'shuffle': rel Frobenius dist to original = 0.0619, off-diag CV of original penalty = 0.0288
MLP pre-training complete. Penalty matrix frozen.
Epoch: 00, Loss: 3.0252, Train: 12.29%, Valid: 11.97%, Test: 10.96%, Best Valid: 11.97%, Best Test: 10.96%
Switching Polynormer to global attention phase.
Epoch: 100, Loss: 2.8433, Train: 11.11%, Valid: 10.91%, Test: 11.21%, Best Valid: 86.55%, Best Test: 87.84%
Epoch: 200, Loss: 0.0622, Train: 81.86%, Valid: 81.59%, Test: 82.69%, Best Valid: 86.55%, Best Test: 87.84%
Epoch: 300, Loss: 0.0042, Train: 84.12%, Valid: 82.71%, Test: 84.43%, Best Valid: 86.55%, Best Test: 87.84%
Epoch: 400, Loss: 0.0037, Train: 76.78%, Valid: 74.71%, Test: 77.51%, Best Valid: 86.55%, Best Test: 87.84%
Epoch: 500, Loss: 0.0012, Train: 79.48%, Valid: 77.55%, Test: 79.47%, Best Valid: 86.55%, Best Test: 87.84%
Epoch: 600, Loss: 0.5199, Train: 84.50%, Valid: 83.99%, Test: 85.03%, Best Valid: 86.55%, Best Test: 87.84%
Epoch: 700, Loss: 0.0013, Train: 78.48%, Valid: 76.54%, Test: 78.65%, Best Valid: 86.55%, Best Test: 87.84%
Epoch: 800, Loss: 0.0293, Train: 75.99%, Valid: 73.98%, Test: 76.72%, Best Valid: 86.55%, Best Test: 87.84%
Epoch: 900, Loss: 0.0165, Train: 68.13%, Valid: 65.77%, Test: 68.87%, Best Valid: 86.55%, Best Test: 87.84%
Epoch: 1000, Loss: 0.0321, Train: 69.69%, Valid: 68.60%, Test: 70.26%, Best Valid: 86.55%, Best Test: 87.84%
Epoch: 1100, Loss: 0.0171, Train: 75.29%, Valid: 74.14%, Test: 75.55%, Best Valid: 86.55%, Best Test: 87.84%
Epoch: 1200, Loss: 0.0003, Train: 77.33%, Valid: 75.72%, Test: 77.59%, Best Valid: 86.55%, Best Test: 87.84%
Epoch: 1300, Loss: 0.0093, Train: 65.10%, Valid: 62.90%, Test: 64.94%, Best Valid: 86.55%, Best Test: 87.84%
Epoch: 1400, Loss: 0.0008, Train: 75.08%, Valid: 72.37%, Test: 74.97%, Best Valid: 86.55%, Best Test: 87.84%
Epoch: 1500, Loss: 0.0061, Train: 62.51%, Valid: 60.56%, Test: 63.36%, Best Valid: 86.55%, Best Test: 87.84%
Run 04:
Highest Train: 87.29
Highest Valid: 86.55
Highest Test: 87.84
Chosen epoch: 34
Final Train: 87.29
Final Test: 87.84
Label budget: 5/class -> 75 train nodes
Pre-training MLP for 500 epochs to generate co-occurrence matrix...
Penalty transform 'shuffle': rel Frobenius dist to original = 0.0584, off-diag CV of original penalty = 0.0320
MLP pre-training complete. Penalty matrix frozen.
Epoch: 00, Loss: 3.0875, Train: 12.30%, Valid: 12.03%, Test: 10.96%, Best Valid: 12.03%, Best Test: 10.96%
Switching Polynormer to global attention phase.
Epoch: 100, Loss: 2.8435, Train: 22.05%, Valid: 23.92%, Test: 22.74%, Best Valid: 80.80%, Best Test: 83.40%
Epoch: 200, Loss: 0.2640, Train: 61.76%, Valid: 59.57%, Test: 61.94%, Best Valid: 80.80%, Best Test: 83.40%
Epoch: 300, Loss: 0.0488, Train: 63.62%, Valid: 60.94%, Test: 62.95%, Best Valid: 81.15%, Best Test: 83.07%
Epoch: 400, Loss: 0.0082, Train: 76.56%, Valid: 74.85%, Test: 75.74%, Best Valid: 81.15%, Best Test: 83.07%
Epoch: 500, Loss: 0.1086, Train: 77.10%, Valid: 75.45%, Test: 77.64%, Best Valid: 85.46%, Best Test: 86.61%
Epoch: 600, Loss: 0.0021, Train: 83.92%, Valid: 83.20%, Test: 84.57%, Best Valid: 85.46%, Best Test: 86.61%
Epoch: 700, Loss: 0.0000, Train: 84.13%, Valid: 84.04%, Test: 85.03%, Best Valid: 85.46%, Best Test: 86.61%
Epoch: 800, Loss: 0.0000, Train: 84.72%, Valid: 84.32%, Test: 85.22%, Best Valid: 85.46%, Best Test: 86.61%
Epoch: 900, Loss: 0.0168, Train: 85.01%, Valid: 84.21%, Test: 85.03%, Best Valid: 85.46%, Best Test: 86.61%
Epoch: 1000, Loss: 0.0001, Train: 82.82%, Valid: 81.21%, Test: 82.55%, Best Valid: 85.68%, Best Test: 86.50%
Epoch: 1100, Loss: 0.0001, Train: 84.91%, Valid: 83.03%, Test: 84.60%, Best Valid: 85.68%, Best Test: 86.50%
Epoch: 1200, Loss: 0.0233, Train: 82.32%, Valid: 82.08%, Test: 83.56%, Best Valid: 86.36%, Best Test: 86.86%
Epoch: 1300, Loss: 0.0009, Train: 82.69%, Valid: 82.60%, Test: 83.94%, Best Valid: 86.36%, Best Test: 86.86%
Epoch: 1400, Loss: 0.0003, Train: 83.20%, Valid: 82.00%, Test: 84.62%, Best Valid: 86.36%, Best Test: 86.86%
Epoch: 1500, Loss: 0.0003, Train: 82.67%, Valid: 81.81%, Test: 83.86%, Best Valid: 86.36%, Best Test: 86.86%
Run 05:
Highest Train: 87.14
Highest Valid: 86.36
Highest Test: 86.89
Chosen epoch: 1192
Final Train: 87.14
Final Test: 86.86
Label budget: 5/class -> 75 train nodes
Pre-training MLP for 500 epochs to generate co-occurrence matrix...
Penalty transform 'shuffle': rel Frobenius dist to original = 0.0719, off-diag CV of original penalty = 0.0421
MLP pre-training complete. Penalty matrix frozen.
Epoch: 00, Loss: 3.0280, Train: 2.61%, Valid: 2.56%, Test: 2.18%, Best Valid: 2.56%, Best Test: 2.18%
Switching Polynormer to global attention phase.
Epoch: 100, Loss: 2.8435, Train: 22.05%, Valid: 23.92%, Test: 22.74%, Best Valid: 86.96%, Best Test: 88.06%
Epoch: 200, Loss: 0.2466, Train: 75.03%, Valid: 74.71%, Test: 76.44%, Best Valid: 86.96%, Best Test: 88.06%
Epoch: 300, Loss: 0.0051, Train: 72.92%, Valid: 73.13%, Test: 74.59%, Best Valid: 86.96%, Best Test: 88.06%
Epoch: 400, Loss: 0.0006, Train: 84.78%, Valid: 83.72%, Test: 85.50%, Best Valid: 86.96%, Best Test: 88.06%
Epoch: 500, Loss: 0.0002, Train: 84.72%, Valid: 84.04%, Test: 85.50%, Best Valid: 86.96%, Best Test: 88.06%
Epoch: 600, Loss: 0.0156, Train: 83.34%, Valid: 82.49%, Test: 83.59%, Best Valid: 86.96%, Best Test: 88.06%
Epoch: 700, Loss: 0.0386, Train: 76.23%, Valid: 76.16%, Test: 77.40%, Best Valid: 86.96%, Best Test: 88.06%
Epoch: 800, Loss: 0.0002, Train: 84.61%, Valid: 84.18%, Test: 84.79%, Best Valid: 86.96%, Best Test: 88.06%
Epoch: 900, Loss: 0.0004, Train: 83.94%, Valid: 83.44%, Test: 84.00%, Best Valid: 86.96%, Best Test: 88.06%
Epoch: 1000, Loss: 0.0025, Train: 81.55%, Valid: 80.82%, Test: 81.98%, Best Valid: 86.96%, Best Test: 88.06%
Epoch: 1100, Loss: 0.0005, Train: 82.86%, Valid: 82.57%, Test: 83.10%, Best Valid: 86.96%, Best Test: 88.06%
Epoch: 1200, Loss: 0.0080, Train: 82.54%, Valid: 81.97%, Test: 82.74%, Best Valid: 86.96%, Best Test: 88.06%
Epoch: 1300, Loss: 0.1216, Train: 81.11%, Valid: 79.27%, Test: 80.78%, Best Valid: 86.96%, Best Test: 88.06%
Epoch: 1400, Loss: 0.0002, Train: 83.31%, Valid: 82.02%, Test: 82.91%, Best Valid: 86.96%, Best Test: 88.06%
Epoch: 1500, Loss: 0.0028, Train: 85.31%, Valid: 84.37%, Test: 85.82%, Best Valid: 86.96%, Best Test: 88.06%
Run 06:
Highest Train: 87.77
Highest Valid: 86.96
Highest Test: 88.09
Chosen epoch: 81
Final Train: 87.67
Final Test: 88.06
Label budget: 5/class -> 75 train nodes
Pre-training MLP for 500 epochs to generate co-occurrence matrix...
Penalty transform 'shuffle': rel Frobenius dist to original = 0.0587, off-diag CV of original penalty = 0.0260
MLP pre-training complete. Penalty matrix frozen.
Epoch: 00, Loss: 3.0020, Train: 8.03%, Valid: 7.69%, Test: 7.61%, Best Valid: 7.69%, Best Test: 7.61%
Switching Polynormer to global attention phase.
Epoch: 100, Loss: 2.8434, Train: 11.11%, Valid: 10.91%, Test: 11.21%, Best Valid: 87.92%, Best Test: 89.31%
Epoch: 200, Loss: 0.2289, Train: 75.21%, Valid: 73.38%, Test: 74.18%, Best Valid: 87.92%, Best Test: 89.31%
Epoch: 300, Loss: 0.0003, Train: 87.33%, Valid: 85.62%, Test: 87.13%, Best Valid: 87.92%, Best Test: 89.31%
Epoch: 400, Loss: 0.0002, Train: 87.26%, Valid: 85.62%, Test: 87.21%, Best Valid: 87.92%, Best Test: 89.31%
Epoch: 500, Loss: 0.0162, Train: 84.90%, Valid: 84.40%, Test: 85.69%, Best Valid: 87.92%, Best Test: 89.31%
Epoch: 600, Loss: 0.0019, Train: 79.75%, Valid: 79.79%, Test: 79.74%, Best Valid: 87.92%, Best Test: 89.31%
Epoch: 700, Loss: 0.0003, Train: 83.33%, Valid: 82.57%, Test: 84.16%, Best Valid: 87.92%, Best Test: 89.31%
Epoch: 800, Loss: 0.0005, Train: 83.94%, Valid: 83.55%, Test: 84.35%, Best Valid: 87.92%, Best Test: 89.31%
Epoch: 900, Loss: 0.0107, Train: 82.93%, Valid: 81.91%, Test: 82.93%, Best Valid: 87.92%, Best Test: 89.31%
Epoch: 1000, Loss: 0.1474, Train: 82.00%, Valid: 80.17%, Test: 82.63%, Best Valid: 87.92%, Best Test: 89.31%
Epoch: 1100, Loss: 0.0012, Train: 83.38%, Valid: 82.27%, Test: 83.04%, Best Valid: 87.92%, Best Test: 89.31%
Epoch: 1200, Loss: 0.0086, Train: 80.83%, Valid: 79.60%, Test: 80.45%, Best Valid: 87.92%, Best Test: 89.31%
Epoch: 1300, Loss: 0.0028, Train: 80.55%, Valid: 79.49%, Test: 80.26%, Best Valid: 87.92%, Best Test: 89.31%
Epoch: 1400, Loss: 0.0004, Train: 78.37%, Valid: 76.30%, Test: 79.03%, Best Valid: 87.92%, Best Test: 89.31%
Epoch: 1500, Loss: 0.0025, Train: 82.39%, Valid: 81.97%, Test: 83.29%, Best Valid: 87.92%, Best Test: 89.31%
Run 07:
Highest Train: 89.19
Highest Valid: 87.92
Highest Test: 89.53
Chosen epoch: 56
Final Train: 89.19
Final Test: 89.31
Label budget: 5/class -> 75 train nodes
Pre-training MLP for 500 epochs to generate co-occurrence matrix...
Penalty transform 'shuffle': rel Frobenius dist to original = 0.0707, off-diag CV of original penalty = 0.0361
MLP pre-training complete. Penalty matrix frozen.
Epoch: 00, Loss: 3.1137, Train: 6.60%, Valid: 5.89%, Test: 5.97%, Best Valid: 5.89%, Best Test: 5.97%
Switching Polynormer to global attention phase.
Epoch: 100, Loss: 2.8435, Train: 11.11%, Valid: 10.91%, Test: 11.21%, Best Valid: 88.98%, Best Test: 89.83%
Epoch: 200, Loss: 0.1855, Train: 81.84%, Valid: 80.61%, Test: 81.95%, Best Valid: 88.98%, Best Test: 89.83%
Epoch: 300, Loss: 0.0538, Train: 79.53%, Valid: 77.47%, Test: 78.03%, Best Valid: 88.98%, Best Test: 89.83%
Epoch: 400, Loss: 0.0479, Train: 82.98%, Valid: 82.27%, Test: 84.19%, Best Valid: 88.98%, Best Test: 89.83%
Epoch: 500, Loss: 0.0012, Train: 81.67%, Valid: 80.44%, Test: 81.92%, Best Valid: 88.98%, Best Test: 89.83%
Epoch: 600, Loss: 0.0001, Train: 83.13%, Valid: 81.04%, Test: 83.37%, Best Valid: 88.98%, Best Test: 89.83%
Epoch: 700, Loss: 0.0048, Train: 82.79%, Valid: 81.48%, Test: 82.91%, Best Valid: 88.98%, Best Test: 89.83%
Epoch: 800, Loss: 0.0003, Train: 86.85%, Valid: 85.41%, Test: 86.61%, Best Valid: 88.98%, Best Test: 89.83%
Epoch: 900, Loss: 0.0003, Train: 86.14%, Valid: 84.72%, Test: 85.58%, Best Valid: 88.98%, Best Test: 89.83%
Epoch: 1000, Loss: 0.0017, Train: 85.48%, Valid: 83.80%, Test: 85.06%, Best Valid: 88.98%, Best Test: 89.83%
Epoch: 1100, Loss: 0.0004, Train: 86.06%, Valid: 84.59%, Test: 85.82%, Best Valid: 88.98%, Best Test: 89.83%
Epoch: 1200, Loss: 0.0080, Train: 82.43%, Valid: 81.29%, Test: 82.47%, Best Valid: 88.98%, Best Test: 89.83%
Epoch: 1300, Loss: 0.1151, Train: 71.94%, Valid: 69.56%, Test: 70.45%, Best Valid: 88.98%, Best Test: 89.83%
Epoch: 1400, Loss: 0.0018, Train: 85.68%, Valid: 84.56%, Test: 85.41%, Best Valid: 88.98%, Best Test: 89.83%
Epoch: 1500, Loss: 0.0326, Train: 82.61%, Valid: 81.89%, Test: 82.39%, Best Valid: 88.98%, Best Test: 89.83%
Run 08:
Highest Train: 90.21
Highest Valid: 88.98
Highest Test: 90.10
Chosen epoch: 69
Final Train: 89.99
Final Test: 89.83
Label budget: 5/class -> 75 train nodes
Pre-training MLP for 500 epochs to generate co-occurrence matrix...
Penalty transform 'shuffle': rel Frobenius dist to original = 0.0569, off-diag CV of original penalty = 0.0294
MLP pre-training complete. Penalty matrix frozen.
Epoch: 00, Loss: 3.0581, Train: 0.71%, Valid: 0.60%, Test: 0.71%, Best Valid: 0.60%, Best Test: 0.71%
Switching Polynormer to global attention phase.
Epoch: 100, Loss: 2.8435, Train: 22.05%, Valid: 23.92%, Test: 22.74%, Best Valid: 89.36%, Best Test: 90.19%
Epoch: 200, Loss: 0.2175, Train: 79.66%, Valid: 79.11%, Test: 80.73%, Best Valid: 89.36%, Best Test: 90.19%
Epoch: 300, Loss: 0.4587, Train: 84.72%, Valid: 83.66%, Test: 85.28%, Best Valid: 89.36%, Best Test: 90.19%
Epoch: 400, Loss: 0.0003, Train: 88.65%, Valid: 88.49%, Test: 89.07%, Best Valid: 89.36%, Best Test: 90.19%
Epoch: 500, Loss: 0.0164, Train: 85.48%, Valid: 84.67%, Test: 86.42%, Best Valid: 89.36%, Best Test: 90.19%
Epoch: 600, Loss: 0.0001, Train: 87.94%, Valid: 87.18%, Test: 88.50%, Best Valid: 89.36%, Best Test: 90.19%
Epoch: 700, Loss: 0.0370, Train: 82.05%, Valid: 81.10%, Test: 81.71%, Best Valid: 89.36%, Best Test: 90.19%
Epoch: 800, Loss: 0.0046, Train: 85.40%, Valid: 83.80%, Test: 85.88%, Best Valid: 89.36%, Best Test: 90.19%
Epoch: 900, Loss: 0.0004, Train: 86.80%, Valid: 85.02%, Test: 87.30%, Best Valid: 89.36%, Best Test: 90.19%
Epoch: 1000, Loss: 0.0007, Train: 85.12%, Valid: 83.47%, Test: 85.47%, Best Valid: 89.36%, Best Test: 90.19%
Epoch: 1100, Loss: 0.0037, Train: 84.88%, Valid: 83.31%, Test: 84.76%, Best Valid: 89.36%, Best Test: 90.19%
Epoch: 1200, Loss: 0.0001, Train: 82.56%, Valid: 81.12%, Test: 82.74%, Best Valid: 89.36%, Best Test: 90.19%
Epoch: 1300, Loss: 0.0003, Train: 83.43%, Valid: 81.59%, Test: 83.81%, Best Valid: 89.36%, Best Test: 90.19%
Epoch: 1400, Loss: 0.0115, Train: 87.02%, Valid: 85.57%, Test: 87.79%, Best Valid: 89.36%, Best Test: 90.19%
Epoch: 1500, Loss: 0.0723, Train: 83.31%, Valid: 82.54%, Test: 83.78%, Best Valid: 89.36%, Best Test: 90.19%
Run 09:
Highest Train: 89.88
Highest Valid: 89.36
Highest Test: 90.43
Chosen epoch: 67
Final Train: 89.88
Final Test: 90.19
Label budget: 5/class -> 75 train nodes
Pre-training MLP for 500 epochs to generate co-occurrence matrix...
Penalty transform 'shuffle': rel Frobenius dist to original = 0.0674, off-diag CV of original penalty = 0.0337
MLP pre-training complete. Penalty matrix frozen.
Epoch: 00, Loss: 3.0447, Train: 7.64%, Valid: 7.17%, Test: 7.72%, Best Valid: 7.17%, Best Test: 7.72%
Switching Polynormer to global attention phase.
Epoch: 100, Loss: 2.8435, Train: 22.05%, Valid: 23.92%, Test: 22.74%, Best Valid: 88.95%, Best Test: 89.83%
Epoch: 200, Loss: 0.0176, Train: 85.78%, Valid: 84.64%, Test: 85.11%, Best Valid: 88.95%, Best Test: 89.83%
Epoch: 300, Loss: 0.0005, Train: 85.24%, Valid: 84.37%, Test: 85.63%, Best Valid: 88.95%, Best Test: 89.83%
Epoch: 400, Loss: 0.0861, Train: 73.60%, Valid: 71.28%, Test: 73.85%, Best Valid: 88.95%, Best Test: 89.83%
Epoch: 500, Loss: 0.0041, Train: 84.09%, Valid: 83.14%, Test: 83.94%, Best Valid: 88.95%, Best Test: 89.83%
Epoch: 600, Loss: 0.0016, Train: 81.41%, Valid: 80.25%, Test: 81.38%, Best Valid: 88.95%, Best Test: 89.83%
Epoch: 700, Loss: 0.1438, Train: 80.86%, Valid: 80.44%, Test: 80.53%, Best Valid: 88.95%, Best Test: 89.83%
Epoch: 800, Loss: 0.0004, Train: 82.25%, Valid: 81.51%, Test: 82.77%, Best Valid: 88.95%, Best Test: 89.83%
Epoch: 900, Loss: 0.1719, Train: 78.69%, Valid: 76.30%, Test: 77.73%, Best Valid: 88.95%, Best Test: 89.83%
Epoch: 1000, Loss: 0.0021, Train: 84.25%, Valid: 83.39%, Test: 84.41%, Best Valid: 88.95%, Best Test: 89.83%
Epoch: 1100, Loss: 0.0151, Train: 84.91%, Valid: 84.12%, Test: 84.81%, Best Valid: 88.95%, Best Test: 89.83%
Epoch: 1200, Loss: 0.0002, Train: 82.89%, Valid: 82.13%, Test: 83.02%, Best Valid: 88.95%, Best Test: 89.83%
Epoch: 1300, Loss: 0.0003, Train: 84.87%, Valid: 83.55%, Test: 84.11%, Best Valid: 88.95%, Best Test: 89.83%
Epoch: 1400, Loss: 0.0006, Train: 86.83%, Valid: 85.71%, Test: 86.59%, Best Valid: 88.95%, Best Test: 89.83%
Epoch: 1500, Loss: 0.0008, Train: 86.97%, Valid: 85.71%, Test: 86.18%, Best Valid: 88.95%, Best Test: 89.83%
Run 10:
Highest Train: 89.94
Highest Valid: 88.95
Highest Test: 89.83
Chosen epoch: 55
Final Train: 89.94
Final Test: 89.83
All runs:
Highest Train: 88.82 ± 1.22
Highest Test: 89.16 ± 1.39
Highest Valid: 88.00 ± 1.14
  Final Train: 88.76 ± 1.22
   Final Test: 89.07 ± 1.34
Saving results to ../results/lowlabel/coauthor-cs/polynormer.csv
--- mlp_reg/shuffle placebo | lambda=0.1 ---
Namespace(aggregate='add', alpha=0.5, attention='gcn', beta=-1.0, bn=False, budget_tag='5', count_reg=False, count_smoothing=1.0, cpu=False, data_dir='../data/', dataset='coauthor-cs', device=0, dim_inner=64, display_step=100, dropout=0.3, epochs=500, global_dropout=None, global_epochs=1500, global_layers=2, gnn='gcn', graph_weight=0.8, hidden_channels=64, hops=10, in_dropout=0.1, jk=False, label_num_per_class=20, lambda_val=0.1, layers=1, ln=False, local_epochs=100, local_gnn_type='GCN', local_layers=5, lr=0.001, metric='acc', mlp_epochs=500, mlp_reg=True, model='polynormer', model_dir='models/lowlabel_1161133_234', n_heads=8, num_centroids=4096, num_heads=8, oracle_reg=False, paired_seeds=True, pe_types='RWSE', penalty_transform='shuffle', pre_linear=False, pre_ln=False, rand_split=False, rand_split_class=False, reg_start_epoch=10, reg_update_freq=5, res=False, resample_split_per_run=False, result_dir='../results/lowlabel', runs=10, save_model=True, save_result=False, seed=42, test_num=1000, tr_dropout=None, tr_layers=1, tr_weight_decay=None, train_per_class=5, train_prop=0.5, use_act=False, use_bn=False, use_graph=False, use_reg=True, use_residual=False, use_weight=False, valid_num=500, valid_per_class=0, valid_prop=0.25, weight_decay=0.0005)
coauthor-cs
dataset coauthor-cs | num nodes 18333 | num edge 163788 | num node feats 6805 | num classes 15
MODEL: Polynormer(
  (h_lins): ModuleList(
    (0): Linear(in_features=512, out_features=512, bias=True)
    (1): Linear(in_features=512, out_features=512, bias=True)
    (2): Linear(in_features=512, out_features=512, bias=True)
    (3): Linear(in_features=512, out_features=512, bias=True)
    (4): Linear(in_features=512, out_features=512, bias=True)
  )
  (local_convs): ModuleList(
    (0): GATConv(512, 64, heads=8)
    (1): GATConv(512, 64, heads=8)
    (2): GATConv(512, 64, heads=8)
    (3): GATConv(512, 64, heads=8)
    (4): GATConv(512, 64, heads=8)
  )
  (lins): ModuleList(
    (0): Linear(in_features=512, out_features=512, bias=True)
    (1): Linear(in_features=512, out_features=512, bias=True)
    (2): Linear(in_features=512, out_features=512, bias=True)
    (3): Linear(in_features=512, out_features=512, bias=True)
    (4): Linear(in_features=512, out_features=512, bias=True)
  )
  (lns): ModuleList(
    (0): LayerNorm((512,), eps=1e-05, elementwise_affine=True)
    (1): LayerNorm((512,), eps=1e-05, elementwise_affine=True)
    (2): LayerNorm((512,), eps=1e-05, elementwise_affine=True)
    (3): LayerNorm((512,), eps=1e-05, elementwise_affine=True)
    (4): LayerNorm((512,), eps=1e-05, elementwise_affine=True)
  )
  (lin_in): Linear(in_features=6805, out_features=512, bias=True)
  (ln): LayerNorm((512,), eps=1e-05, elementwise_affine=True)
  (global_attn): GlobalAttn(
    (h_lins): ModuleList(
      (0): Linear(in_features=512, out_features=512, bias=True)
      (1): Linear(in_features=512, out_features=512, bias=True)
    )
    (k_lins): ModuleList(
      (0): Linear(in_features=512, out_features=512, bias=True)
      (1): Linear(in_features=512, out_features=512, bias=True)
    )
    (v_lins): ModuleList(
      (0): Linear(in_features=512, out_features=512, bias=True)
      (1): Linear(in_features=512, out_features=512, bias=True)
    )
    (lns): ModuleList(
      (0): LayerNorm((512,), eps=1e-05, elementwise_affine=True)
      (1): LayerNorm((512,), eps=1e-05, elementwise_affine=True)
    )
    (lin_out): Linear(in_features=512, out_features=512, bias=True)
  )
  (pred_local): Linear(in_features=512, out_features=15, bias=True)
  (pred_global): Linear(in_features=512, out_features=15, bias=True)
)
Label budget: 5/class -> 75 train nodes
Pre-training MLP for 500 epochs to generate co-occurrence matrix...
Penalty transform 'shuffle': rel Frobenius dist to original = 0.0693, off-diag CV of original penalty = 0.0333
MLP pre-training complete. Penalty matrix frozen.
Epoch: 00, Loss: 3.1285, Train: 12.29%, Valid: 11.97%, Test: 10.96%, Best Valid: 11.97%, Best Test: 10.96%
Switching Polynormer to global attention phase.
Epoch: 100, Loss: 2.9961, Train: 4.73%, Valid: 4.28%, Test: 4.25%, Best Valid: 89.06%, Best Test: 90.19%
Epoch: 200, Loss: 0.0008, Train: 86.87%, Valid: 85.41%, Test: 86.89%, Best Valid: 89.06%, Best Test: 90.19%
Epoch: 300, Loss: 0.0006, Train: 87.67%, Valid: 86.66%, Test: 87.70%, Best Valid: 89.06%, Best Test: 90.19%
Epoch: 400, Loss: 0.0003, Train: 87.25%, Valid: 86.12%, Test: 87.57%, Best Valid: 89.06%, Best Test: 90.19%
Epoch: 500, Loss: 0.0006, Train: 87.85%, Valid: 86.82%, Test: 88.30%, Best Valid: 89.06%, Best Test: 90.19%
Epoch: 600, Loss: 0.0278, Train: 84.93%, Valid: 83.12%, Test: 83.97%, Best Valid: 89.06%, Best Test: 90.19%
Epoch: 700, Loss: 0.0034, Train: 77.44%, Valid: 76.02%, Test: 78.00%, Best Valid: 89.06%, Best Test: 90.19%
Epoch: 800, Loss: 0.0105, Train: 85.04%, Valid: 83.93%, Test: 85.22%, Best Valid: 89.06%, Best Test: 90.19%
Epoch: 900, Loss: 0.0001, Train: 89.31%, Valid: 88.79%, Test: 89.20%, Best Valid: 89.06%, Best Test: 90.19%
Epoch: 1000, Loss: 0.0015, Train: 79.29%, Valid: 79.51%, Test: 79.28%, Best Valid: 89.06%, Best Test: 90.19%
Epoch: 1100, Loss: 0.0009, Train: 85.58%, Valid: 84.83%, Test: 85.36%, Best Valid: 89.06%, Best Test: 90.19%
Epoch: 1200, Loss: 0.0009, Train: 82.29%, Valid: 81.94%, Test: 82.96%, Best Valid: 89.06%, Best Test: 90.19%
Epoch: 1300, Loss: 0.0007, Train: 82.49%, Valid: 80.85%, Test: 81.68%, Best Valid: 89.06%, Best Test: 90.19%
Epoch: 1400, Loss: 0.0002, Train: 86.84%, Valid: 86.28%, Test: 86.75%, Best Valid: 89.06%, Best Test: 90.19%
Epoch: 1500, Loss: 0.0003, Train: 85.81%, Valid: 85.38%, Test: 85.85%, Best Valid: 89.06%, Best Test: 90.19%
Run 01:
Highest Train: 89.96
Highest Valid: 89.06
Highest Test: 90.40
Chosen epoch: 96
Final Train: 89.96
Final Test: 90.19
Label budget: 5/class -> 75 train nodes
Pre-training MLP for 500 epochs to generate co-occurrence matrix...
Penalty transform 'shuffle': rel Frobenius dist to original = 0.0626, off-diag CV of original penalty = 0.0351
MLP pre-training complete. Penalty matrix frozen.
Epoch: 00, Loss: 3.1138, Train: 10.26%, Valid: 9.30%, Test: 9.68%, Best Valid: 9.30%, Best Test: 9.68%
Switching Polynormer to global attention phase.
Epoch: 100, Loss: 2.9789, Train: 11.01%, Valid: 11.29%, Test: 11.59%, Best Valid: 86.91%, Best Test: 87.19%
Epoch: 200, Loss: 0.2110, Train: 64.91%, Valid: 64.21%, Test: 65.57%, Best Valid: 86.91%, Best Test: 87.19%
Epoch: 300, Loss: 0.0596, Train: 66.50%, Valid: 67.59%, Test: 68.16%, Best Valid: 86.91%, Best Test: 87.19%
Epoch: 400, Loss: 0.0510, Train: 77.36%, Valid: 76.70%, Test: 77.43%, Best Valid: 86.91%, Best Test: 87.19%
Epoch: 500, Loss: 0.0002, Train: 80.09%, Valid: 80.28%, Test: 81.73%, Best Valid: 86.91%, Best Test: 87.19%
Epoch: 600, Loss: 0.0002, Train: 82.66%, Valid: 82.35%, Test: 84.21%, Best Valid: 86.91%, Best Test: 87.19%
Epoch: 700, Loss: 0.0052, Train: 79.09%, Valid: 79.60%, Test: 79.80%, Best Valid: 86.91%, Best Test: 87.19%
Epoch: 800, Loss: 0.0003, Train: 81.58%, Valid: 81.26%, Test: 81.98%, Best Valid: 86.91%, Best Test: 87.19%
Epoch: 900, Loss: 0.0003, Train: 82.88%, Valid: 82.90%, Test: 83.32%, Best Valid: 86.91%, Best Test: 87.19%
Epoch: 1000, Loss: 0.0023, Train: 84.29%, Valid: 83.82%, Test: 84.43%, Best Valid: 86.91%, Best Test: 87.19%
Epoch: 1100, Loss: 0.0003, Train: 82.33%, Valid: 81.75%, Test: 82.28%, Best Valid: 86.91%, Best Test: 87.19%
Epoch: 1200, Loss: 0.0003, Train: 81.39%, Valid: 81.23%, Test: 81.08%, Best Valid: 86.91%, Best Test: 87.19%
Epoch: 1300, Loss: 0.0011, Train: 81.64%, Valid: 81.07%, Test: 81.73%, Best Valid: 86.91%, Best Test: 87.19%
Epoch: 1400, Loss: 0.0769, Train: 85.56%, Valid: 84.72%, Test: 85.71%, Best Valid: 86.91%, Best Test: 87.19%
Epoch: 1500, Loss: 0.0001, Train: 79.52%, Valid: 79.62%, Test: 80.81%, Best Valid: 86.91%, Best Test: 87.19%
Run 02:
Highest Train: 87.41
Highest Valid: 86.91
Highest Test: 87.38
Chosen epoch: 62
Final Train: 87.34
Final Test: 87.19
Label budget: 5/class -> 75 train nodes
Pre-training MLP for 500 epochs to generate co-occurrence matrix...
Penalty transform 'shuffle': rel Frobenius dist to original = 0.0729, off-diag CV of original penalty = 0.0423
MLP pre-training complete. Penalty matrix frozen.
Epoch: 00, Loss: 3.1324, Train: 2.37%, Valid: 2.51%, Test: 2.07%, Best Valid: 2.51%, Best Test: 2.07%
Switching Polynormer to global attention phase.
Epoch: 100, Loss: 2.9789, Train: 3.88%, Valid: 3.57%, Test: 4.09%, Best Valid: 89.01%, Best Test: 90.54%
Epoch: 200, Loss: 0.2239, Train: 67.92%, Valid: 66.09%, Test: 69.47%, Best Valid: 89.01%, Best Test: 90.54%
Epoch: 300, Loss: 0.0019, Train: 76.86%, Valid: 75.20%, Test: 76.66%, Best Valid: 89.01%, Best Test: 90.54%
Epoch: 400, Loss: 0.0362, Train: 81.96%, Valid: 81.45%, Test: 82.31%, Best Valid: 89.01%, Best Test: 90.54%
Epoch: 500, Loss: 0.0003, Train: 82.11%, Valid: 80.66%, Test: 82.31%, Best Valid: 89.01%, Best Test: 90.54%
Epoch: 600, Loss: 0.0098, Train: 81.05%, Valid: 79.35%, Test: 80.53%, Best Valid: 89.01%, Best Test: 90.54%
Epoch: 700, Loss: 0.0100, Train: 67.62%, Valid: 65.17%, Test: 67.64%, Best Valid: 89.01%, Best Test: 90.54%
Epoch: 800, Loss: 0.0005, Train: 77.19%, Valid: 74.88%, Test: 77.94%, Best Valid: 89.01%, Best Test: 90.54%
Epoch: 900, Loss: 0.0063, Train: 73.66%, Valid: 71.99%, Test: 74.37%, Best Valid: 89.01%, Best Test: 90.54%
Epoch: 1000, Loss: 0.0026, Train: 79.05%, Valid: 76.84%, Test: 78.79%, Best Valid: 89.01%, Best Test: 90.54%
Epoch: 1100, Loss: 0.0004, Train: 78.77%, Valid: 76.13%, Test: 78.49%, Best Valid: 89.01%, Best Test: 90.54%
Epoch: 1200, Loss: 0.0009, Train: 75.77%, Valid: 73.49%, Test: 76.28%, Best Valid: 89.01%, Best Test: 90.54%
Epoch: 1300, Loss: 1.0726, Train: 76.55%, Valid: 75.72%, Test: 76.42%, Best Valid: 89.01%, Best Test: 90.54%
Epoch: 1400, Loss: 0.1238, Train: 67.58%, Valid: 67.10%, Test: 69.41%, Best Valid: 89.01%, Best Test: 90.54%
Epoch: 1500, Loss: 0.0058, Train: 74.03%, Valid: 71.63%, Test: 73.83%, Best Valid: 89.01%, Best Test: 90.54%
Run 03:
Highest Train: 89.44
Highest Valid: 89.01
Highest Test: 90.54
Chosen epoch: 99
Final Train: 89.44
Final Test: 90.54
Label budget: 5/class -> 75 train nodes
Pre-training MLP for 500 epochs to generate co-occurrence matrix...
Penalty transform 'shuffle': rel Frobenius dist to original = 0.0619, off-diag CV of original penalty = 0.0288
MLP pre-training complete. Penalty matrix frozen.
Epoch: 00, Loss: 3.1692, Train: 12.29%, Valid: 11.97%, Test: 10.96%, Best Valid: 11.97%, Best Test: 10.96%
Switching Polynormer to global attention phase.
Epoch: 100, Loss: 2.9779, Train: 2.37%, Valid: 2.51%, Test: 2.07%, Best Valid: 86.09%, Best Test: 86.86%
Epoch: 200, Loss: 0.0271, Train: 75.47%, Valid: 74.66%, Test: 76.12%, Best Valid: 86.09%, Best Test: 86.86%
Epoch: 300, Loss: 0.0012, Train: 76.81%, Valid: 75.75%, Test: 76.69%, Best Valid: 86.09%, Best Test: 86.86%
Epoch: 400, Loss: 0.0002, Train: 83.37%, Valid: 81.72%, Test: 83.89%, Best Valid: 86.09%, Best Test: 86.86%
Epoch: 500, Loss: 0.0278, Train: 80.66%, Valid: 79.98%, Test: 81.41%, Best Valid: 86.09%, Best Test: 86.86%
Epoch: 600, Loss: 0.0002, Train: 82.40%, Valid: 81.26%, Test: 82.42%, Best Valid: 86.09%, Best Test: 86.86%
Epoch: 700, Loss: 0.0001, Train: 83.42%, Valid: 82.35%, Test: 83.86%, Best Valid: 86.09%, Best Test: 86.86%
Epoch: 800, Loss: 0.4847, Train: 82.07%, Valid: 80.91%, Test: 81.92%, Best Valid: 86.09%, Best Test: 86.86%
Epoch: 900, Loss: 0.0003, Train: 83.91%, Valid: 83.63%, Test: 84.43%, Best Valid: 86.09%, Best Test: 86.86%
Epoch: 1000, Loss: 0.0001, Train: 84.04%, Valid: 83.12%, Test: 84.87%, Best Valid: 86.09%, Best Test: 86.86%
Epoch: 1100, Loss: 0.0004, Train: 83.61%, Valid: 82.60%, Test: 84.16%, Best Valid: 86.09%, Best Test: 86.86%
Epoch: 1200, Loss: 0.0004, Train: 84.10%, Valid: 83.06%, Test: 84.57%, Best Valid: 86.09%, Best Test: 86.86%
Epoch: 1300, Loss: 0.0300, Train: 81.09%, Valid: 79.49%, Test: 80.67%, Best Valid: 86.09%, Best Test: 86.86%
Epoch: 1400, Loss: 0.0004, Train: 71.16%, Valid: 70.62%, Test: 72.55%, Best Valid: 86.09%, Best Test: 86.86%
Epoch: 1500, Loss: 0.0759, Train: 73.32%, Valid: 72.31%, Test: 74.45%, Best Valid: 86.09%, Best Test: 86.86%
Run 04:
Highest Train: 86.74
Highest Valid: 86.09
Highest Test: 87.40
Chosen epoch: 23
Final Train: 86.44
Final Test: 86.86
Label budget: 5/class -> 75 train nodes
Pre-training MLP for 500 epochs to generate co-occurrence matrix...
Penalty transform 'shuffle': rel Frobenius dist to original = 0.0584, off-diag CV of original penalty = 0.0320
MLP pre-training complete. Penalty matrix frozen.
Epoch: 00, Loss: 3.2346, Train: 12.30%, Valid: 12.03%, Test: 10.96%, Best Valid: 12.03%, Best Test: 10.96%
Switching Polynormer to global attention phase.
Epoch: 100, Loss: 2.9794, Train: 0.67%, Valid: 0.55%, Test: 0.65%, Best Valid: 84.04%, Best Test: 86.59%
Epoch: 200, Loss: 0.3722, Train: 71.62%, Valid: 70.19%, Test: 72.36%, Best Valid: 84.04%, Best Test: 86.59%
Epoch: 300, Loss: 2.0959, Train: 62.91%, Valid: 60.53%, Test: 63.20%, Best Valid: 84.04%, Best Test: 86.59%
Epoch: 400, Loss: 0.0036, Train: 81.08%, Valid: 80.33%, Test: 81.24%, Best Valid: 84.04%, Best Test: 86.59%
Epoch: 500, Loss: 0.0018, Train: 78.46%, Valid: 76.81%, Test: 78.65%, Best Valid: 84.04%, Best Test: 86.59%
Epoch: 600, Loss: 0.0003, Train: 78.29%, Valid: 76.32%, Test: 79.17%, Best Valid: 84.04%, Best Test: 86.59%
Epoch: 700, Loss: 0.0001, Train: 78.23%, Valid: 76.84%, Test: 79.47%, Best Valid: 84.04%, Best Test: 86.59%
Epoch: 800, Loss: 0.0004, Train: 78.79%, Valid: 77.09%, Test: 79.93%, Best Valid: 84.04%, Best Test: 86.59%
Epoch: 900, Loss: 0.0004, Train: 79.51%, Valid: 77.71%, Test: 80.59%, Best Valid: 84.04%, Best Test: 86.59%
Epoch: 1000, Loss: 0.0097, Train: 72.43%, Valid: 71.22%, Test: 73.66%, Best Valid: 84.04%, Best Test: 86.59%
Epoch: 1100, Loss: 0.0005, Train: 77.90%, Valid: 76.32%, Test: 79.36%, Best Valid: 84.04%, Best Test: 86.59%
Epoch: 1200, Loss: 0.0006, Train: 77.60%, Valid: 75.83%, Test: 79.42%, Best Valid: 84.04%, Best Test: 86.59%
Epoch: 1300, Loss: 0.0070, Train: 77.62%, Valid: 76.32%, Test: 79.88%, Best Valid: 84.04%, Best Test: 86.59%
Epoch: 1400, Loss: 0.0004, Train: 82.26%, Valid: 80.66%, Test: 83.02%, Best Valid: 84.04%, Best Test: 86.59%
Epoch: 1500, Loss: 0.0495, Train: 78.83%, Valid: 76.73%, Test: 79.66%, Best Valid: 84.04%, Best Test: 86.59%
Run 05:
Highest Train: 85.93
Highest Valid: 84.04
Highest Test: 86.59
Chosen epoch: 26
Final Train: 85.93
Final Test: 86.59
Label budget: 5/class -> 75 train nodes
Pre-training MLP for 500 epochs to generate co-occurrence matrix...
Penalty transform 'shuffle': rel Frobenius dist to original = 0.0719, off-diag CV of original penalty = 0.0421
MLP pre-training complete. Penalty matrix frozen.
Epoch: 00, Loss: 3.1722, Train: 2.58%, Valid: 2.65%, Test: 2.21%, Best Valid: 2.65%, Best Test: 2.21%
Switching Polynormer to global attention phase.
Epoch: 100, Loss: 2.9789, Train: 22.05%, Valid: 23.92%, Test: 22.74%, Best Valid: 86.31%, Best Test: 88.06%
Epoch: 200, Loss: 0.1438, Train: 69.88%, Valid: 68.44%, Test: 68.46%, Best Valid: 86.31%, Best Test: 88.06%
Epoch: 300, Loss: 0.0004, Train: 79.26%, Valid: 77.80%, Test: 79.06%, Best Valid: 86.31%, Best Test: 88.06%
Epoch: 400, Loss: 0.0134, Train: 79.42%, Valid: 77.11%, Test: 79.58%, Best Valid: 86.31%, Best Test: 88.06%
Epoch: 500, Loss: 0.0002, Train: 84.06%, Valid: 82.41%, Test: 83.83%, Best Valid: 86.31%, Best Test: 88.06%
Epoch: 600, Loss: 0.0939, Train: 79.98%, Valid: 78.04%, Test: 80.07%, Best Valid: 86.47%, Best Test: 87.08%
Epoch: 700, Loss: 0.0004, Train: 82.99%, Valid: 81.78%, Test: 83.18%, Best Valid: 86.47%, Best Test: 87.08%
Epoch: 800, Loss: 0.0026, Train: 81.41%, Valid: 80.01%, Test: 81.92%, Best Valid: 86.47%, Best Test: 87.08%
Epoch: 900, Loss: 0.0004, Train: 82.36%, Valid: 81.01%, Test: 82.06%, Best Valid: 86.47%, Best Test: 87.08%
Epoch: 1000, Loss: 0.0004, Train: 82.33%, Valid: 80.61%, Test: 81.13%, Best Valid: 86.47%, Best Test: 87.08%
Epoch: 1100, Loss: 0.0011, Train: 87.24%, Valid: 85.71%, Test: 87.08%, Best Valid: 86.47%, Best Test: 87.08%
Epoch: 1200, Loss: 0.0005, Train: 86.72%, Valid: 85.00%, Test: 86.67%, Best Valid: 86.47%, Best Test: 87.08%
Epoch: 1300, Loss: 0.0005, Train: 86.08%, Valid: 84.12%, Test: 86.31%, Best Valid: 86.58%, Best Test: 88.58%
Epoch: 1400, Loss: 0.0097, Train: 82.74%, Valid: 80.96%, Test: 82.85%, Best Valid: 86.58%, Best Test: 88.58%
Epoch: 1500, Loss: 0.0014, Train: 84.31%, Valid: 83.01%, Test: 84.87%, Best Valid: 86.58%, Best Test: 88.58%
Run 06:
Highest Train: 88.10
Highest Valid: 86.58
Highest Test: 88.93
Chosen epoch: 1220
Final Train: 87.76
Final Test: 88.58
Label budget: 5/class -> 75 train nodes
Pre-training MLP for 500 epochs to generate co-occurrence matrix...
Penalty transform 'shuffle': rel Frobenius dist to original = 0.0587, off-diag CV of original penalty = 0.0260
MLP pre-training complete. Penalty matrix frozen.
Epoch: 00, Loss: 3.1449, Train: 8.03%, Valid: 7.69%, Test: 7.61%, Best Valid: 7.69%, Best Test: 7.61%
Switching Polynormer to global attention phase.
Epoch: 100, Loss: 2.9787, Train: 2.55%, Valid: 2.15%, Test: 2.81%, Best Valid: 86.28%, Best Test: 88.17%
Epoch: 200, Loss: 0.2536, Train: 80.82%, Valid: 79.41%, Test: 80.73%, Best Valid: 86.28%, Best Test: 88.17%
Epoch: 300, Loss: 0.1003, Train: 73.46%, Valid: 71.09%, Test: 73.99%, Best Valid: 86.28%, Best Test: 88.17%
Epoch: 400, Loss: 0.0073, Train: 76.14%, Valid: 75.53%, Test: 77.21%, Best Valid: 86.28%, Best Test: 88.17%
Epoch: 500, Loss: 0.0113, Train: 78.56%, Valid: 77.80%, Test: 78.60%, Best Valid: 86.28%, Best Test: 88.17%
Epoch: 600, Loss: 0.0033, Train: 78.69%, Valid: 77.91%, Test: 79.50%, Best Valid: 86.28%, Best Test: 88.17%
Epoch: 700, Loss: 0.0016, Train: 84.54%, Valid: 83.50%, Test: 84.13%, Best Valid: 86.28%, Best Test: 88.17%
Epoch: 800, Loss: 0.0553, Train: 74.90%, Valid: 74.47%, Test: 75.22%, Best Valid: 86.28%, Best Test: 88.17%
Epoch: 900, Loss: 0.0012, Train: 84.80%, Valid: 84.42%, Test: 85.03%, Best Valid: 86.28%, Best Test: 88.17%
Epoch: 1000, Loss: 0.0025, Train: 80.25%, Valid: 79.87%, Test: 79.80%, Best Valid: 86.28%, Best Test: 88.17%
Epoch: 1100, Loss: 0.0042, Train: 83.41%, Valid: 82.65%, Test: 83.70%, Best Valid: 86.28%, Best Test: 88.17%
Epoch: 1200, Loss: 0.0068, Train: 85.34%, Valid: 84.62%, Test: 85.77%, Best Valid: 87.23%, Best Test: 88.74%
Epoch: 1300, Loss: 0.0019, Train: 83.56%, Valid: 82.76%, Test: 83.51%, Best Valid: 87.23%, Best Test: 88.74%
Epoch: 1400, Loss: 0.0006, Train: 85.80%, Valid: 84.67%, Test: 85.71%, Best Valid: 87.23%, Best Test: 88.74%
Epoch: 1500, Loss: 0.0002, Train: 84.90%, Valid: 84.10%, Test: 85.28%, Best Valid: 87.23%, Best Test: 88.74%
Run 07:
Highest Train: 88.46
Highest Valid: 87.23
Highest Test: 88.74
Chosen epoch: 1113
Final Train: 88.46
Final Test: 88.74
Label budget: 5/class -> 75 train nodes
Pre-training MLP for 500 epochs to generate co-occurrence matrix...
Penalty transform 'shuffle': rel Frobenius dist to original = 0.0707, off-diag CV of original penalty = 0.0361
MLP pre-training complete. Penalty matrix frozen.
Epoch: 00, Loss: 3.2620, Train: 6.49%, Valid: 5.81%, Test: 5.89%, Best Valid: 5.81%, Best Test: 5.89%
Switching Polynormer to global attention phase.
Epoch: 100, Loss: 2.9789, Train: 22.05%, Valid: 23.92%, Test: 22.74%, Best Valid: 88.76%, Best Test: 89.56%
Epoch: 200, Loss: 0.1727, Train: 52.65%, Valid: 50.38%, Test: 51.20%, Best Valid: 88.76%, Best Test: 89.56%
Epoch: 300, Loss: 0.0014, Train: 82.53%, Valid: 81.61%, Test: 81.52%, Best Valid: 88.76%, Best Test: 89.56%
Epoch: 400, Loss: 0.0029, Train: 81.40%, Valid: 79.71%, Test: 79.69%, Best Valid: 88.76%, Best Test: 89.56%
Epoch: 500, Loss: 0.0214, Train: 85.44%, Valid: 84.34%, Test: 85.01%, Best Valid: 88.76%, Best Test: 89.56%
Epoch: 600, Loss: 0.0033, Train: 77.09%, Valid: 75.91%, Test: 77.34%, Best Valid: 88.76%, Best Test: 89.56%
Epoch: 700, Loss: 0.1533, Train: 78.72%, Valid: 76.98%, Test: 77.94%, Best Valid: 88.76%, Best Test: 89.56%
Epoch: 800, Loss: 0.0119, Train: 74.32%, Valid: 72.56%, Test: 73.15%, Best Valid: 88.76%, Best Test: 89.56%
Epoch: 900, Loss: 0.0005, Train: 83.91%, Valid: 82.24%, Test: 83.29%, Best Valid: 88.76%, Best Test: 89.56%
Epoch: 1000, Loss: 0.0032, Train: 82.70%, Valid: 81.86%, Test: 81.43%, Best Valid: 88.76%, Best Test: 89.56%
Epoch: 1100, Loss: 0.0023, Train: 83.86%, Valid: 82.43%, Test: 82.72%, Best Valid: 88.76%, Best Test: 89.56%
Epoch: 1200, Loss: 0.0007, Train: 83.32%, Valid: 83.14%, Test: 83.26%, Best Valid: 88.76%, Best Test: 89.56%
Epoch: 1300, Loss: 0.0017, Train: 79.98%, Valid: 77.77%, Test: 78.44%, Best Valid: 88.76%, Best Test: 89.56%
Epoch: 1400, Loss: 0.0004, Train: 82.11%, Valid: 80.66%, Test: 81.54%, Best Valid: 88.76%, Best Test: 89.56%
Epoch: 1500, Loss: 0.0001, Train: 82.44%, Valid: 81.12%, Test: 81.95%, Best Valid: 88.76%, Best Test: 89.56%
Run 08:
Highest Train: 89.54
Highest Valid: 88.76
Highest Test: 89.56
Chosen epoch: 70
Final Train: 89.54
Final Test: 89.56
Label budget: 5/class -> 75 train nodes
Pre-training MLP for 500 epochs to generate co-occurrence matrix...
Penalty transform 'shuffle': rel Frobenius dist to original = 0.0569, off-diag CV of original penalty = 0.0294
MLP pre-training complete. Penalty matrix frozen.
Epoch: 00, Loss: 3.2037, Train: 0.74%, Valid: 0.63%, Test: 0.74%, Best Valid: 0.63%, Best Test: 0.74%
Switching Polynormer to global attention phase.
Epoch: 100, Loss: 2.9789, Train: 1.99%, Valid: 2.07%, Test: 2.07%, Best Valid: 88.60%, Best Test: 90.08%
Epoch: 200, Loss: 0.0349, Train: 75.15%, Valid: 74.44%, Test: 76.31%, Best Valid: 88.60%, Best Test: 90.08%
Epoch: 300, Loss: 0.0279, Train: 83.02%, Valid: 81.45%, Test: 82.72%, Best Valid: 88.60%, Best Test: 90.08%
Epoch: 400, Loss: 0.0189, Train: 82.36%, Valid: 81.12%, Test: 82.82%, Best Valid: 88.60%, Best Test: 90.08%
Epoch: 500, Loss: 0.0163, Train: 86.34%, Valid: 86.14%, Test: 86.56%, Best Valid: 88.60%, Best Test: 90.08%
Epoch: 600, Loss: 0.0002, Train: 84.58%, Valid: 84.26%, Test: 85.01%, Best Valid: 88.60%, Best Test: 90.08%
Epoch: 700, Loss: 0.0359, Train: 79.41%, Valid: 78.83%, Test: 79.39%, Best Valid: 88.60%, Best Test: 90.08%
Epoch: 800, Loss: 0.2423, Train: 80.57%, Valid: 79.76%, Test: 80.94%, Best Valid: 88.60%, Best Test: 90.08%
Epoch: 900, Loss: 0.0043, Train: 83.34%, Valid: 82.11%, Test: 83.51%, Best Valid: 88.60%, Best Test: 90.08%
Epoch: 1000, Loss: 0.0033, Train: 76.04%, Valid: 75.10%, Test: 76.85%, Best Valid: 88.60%, Best Test: 90.08%
Epoch: 1100, Loss: 0.0298, Train: 81.70%, Valid: 80.14%, Test: 82.58%, Best Valid: 88.60%, Best Test: 90.08%
Epoch: 1200, Loss: 0.0181, Train: 69.56%, Valid: 68.47%, Test: 69.87%, Best Valid: 88.60%, Best Test: 90.08%
Epoch: 1300, Loss: 0.0013, Train: 80.35%, Valid: 79.65%, Test: 80.83%, Best Valid: 88.60%, Best Test: 90.08%
Epoch: 1400, Loss: 0.0016, Train: 83.40%, Valid: 82.60%, Test: 82.85%, Best Valid: 88.60%, Best Test: 90.08%
Epoch: 1500, Loss: 0.1464, Train: 86.18%, Valid: 84.78%, Test: 85.61%, Best Valid: 88.60%, Best Test: 90.08%
Run 09:
Highest Train: 89.47
Highest Valid: 88.60
Highest Test: 90.08
Chosen epoch: 25
Final Train: 89.47
Final Test: 90.08
Label budget: 5/class -> 75 train nodes
Pre-training MLP for 500 epochs to generate co-occurrence matrix...
Penalty transform 'shuffle': rel Frobenius dist to original = 0.0674, off-diag CV of original penalty = 0.0337
MLP pre-training complete. Penalty matrix frozen.
Epoch: 00, Loss: 3.1897, Train: 7.64%, Valid: 7.17%, Test: 7.72%, Best Valid: 7.17%, Best Test: 7.72%
Switching Polynormer to global attention phase.
Epoch: 100, Loss: 2.9789, Train: 22.05%, Valid: 23.92%, Test: 22.74%, Best Valid: 88.79%, Best Test: 90.51%
Epoch: 200, Loss: 0.2286, Train: 76.60%, Valid: 76.16%, Test: 75.98%, Best Valid: 88.79%, Best Test: 90.51%
Epoch: 300, Loss: 0.2771, Train: 81.61%, Valid: 81.01%, Test: 80.67%, Best Valid: 88.79%, Best Test: 90.51%
Epoch: 400, Loss: 0.0202, Train: 86.47%, Valid: 85.27%, Test: 86.50%, Best Valid: 88.79%, Best Test: 90.51%
Epoch: 500, Loss: 0.0001, Train: 83.06%, Valid: 81.89%, Test: 82.31%, Best Valid: 88.79%, Best Test: 90.51%
Epoch: 600, Loss: 0.0127, Train: 81.37%, Valid: 80.61%, Test: 82.55%, Best Valid: 88.79%, Best Test: 90.51%
Epoch: 700, Loss: 0.0002, Train: 84.05%, Valid: 83.09%, Test: 84.21%, Best Valid: 88.79%, Best Test: 90.51%
Epoch: 800, Loss: 0.0014, Train: 86.04%, Valid: 85.60%, Test: 86.29%, Best Valid: 88.79%, Best Test: 90.51%
Epoch: 900, Loss: 0.0007, Train: 86.37%, Valid: 85.84%, Test: 86.59%, Best Valid: 88.79%, Best Test: 90.51%
Epoch: 1000, Loss: 0.0295, Train: 82.24%, Valid: 80.66%, Test: 81.52%, Best Valid: 88.79%, Best Test: 90.51%
Epoch: 1100, Loss: 0.0183, Train: 78.93%, Valid: 78.83%, Test: 79.50%, Best Valid: 88.79%, Best Test: 90.51%
Epoch: 1200, Loss: 0.0014, Train: 85.28%, Valid: 83.85%, Test: 85.61%, Best Valid: 88.79%, Best Test: 90.51%
Epoch: 1300, Loss: 0.0122, Train: 83.33%, Valid: 82.27%, Test: 83.40%, Best Valid: 88.79%, Best Test: 90.51%
Epoch: 1400, Loss: 0.0001, Train: 84.89%, Valid: 83.82%, Test: 84.81%, Best Valid: 88.79%, Best Test: 90.51%
Epoch: 1500, Loss: 0.0005, Train: 84.93%, Valid: 83.44%, Test: 84.27%, Best Valid: 88.79%, Best Test: 90.51%
Run 10:
Highest Train: 89.99
Highest Valid: 88.79
Highest Test: 90.59
Chosen epoch: 49
Final Train: 89.88
Final Test: 90.51
All runs:
Highest Train: 88.50 ± 1.43
Highest Test: 89.02 ± 1.47
Highest Valid: 87.51 ± 1.65
  Final Train: 88.42 ± 1.48
   Final Test: 88.88 ± 1.54
Saving results to ../results/lowlabel/coauthor-cs/polynormer.csv
--- mlp_reg/shuffle placebo | lambda=0.2 ---
Namespace(aggregate='add', alpha=0.5, attention='gcn', beta=-1.0, bn=False, budget_tag='5', count_reg=False, count_smoothing=1.0, cpu=False, data_dir='../data/', dataset='coauthor-cs', device=0, dim_inner=64, display_step=100, dropout=0.3, epochs=500, global_dropout=None, global_epochs=1500, global_layers=2, gnn='gcn', graph_weight=0.8, hidden_channels=64, hops=10, in_dropout=0.1, jk=False, label_num_per_class=20, lambda_val=0.2, layers=1, ln=False, local_epochs=100, local_gnn_type='GCN', local_layers=5, lr=0.001, metric='acc', mlp_epochs=500, mlp_reg=True, model='polynormer', model_dir='models/lowlabel_1161133_234', n_heads=8, num_centroids=4096, num_heads=8, oracle_reg=False, paired_seeds=True, pe_types='RWSE', penalty_transform='shuffle', pre_linear=False, pre_ln=False, rand_split=False, rand_split_class=False, reg_start_epoch=10, reg_update_freq=5, res=False, resample_split_per_run=False, result_dir='../results/lowlabel', runs=10, save_model=True, save_result=False, seed=42, test_num=1000, tr_dropout=None, tr_layers=1, tr_weight_decay=None, train_per_class=5, train_prop=0.5, use_act=False, use_bn=False, use_graph=False, use_reg=True, use_residual=False, use_weight=False, valid_num=500, valid_per_class=0, valid_prop=0.25, weight_decay=0.0005)
coauthor-cs
dataset coauthor-cs | num nodes 18333 | num edge 163788 | num node feats 6805 | num classes 15
MODEL: Polynormer(
  (h_lins): ModuleList(
    (0): Linear(in_features=512, out_features=512, bias=True)
    (1): Linear(in_features=512, out_features=512, bias=True)
    (2): Linear(in_features=512, out_features=512, bias=True)
    (3): Linear(in_features=512, out_features=512, bias=True)
    (4): Linear(in_features=512, out_features=512, bias=True)
  )
  (local_convs): ModuleList(
    (0): GATConv(512, 64, heads=8)
    (1): GATConv(512, 64, heads=8)
    (2): GATConv(512, 64, heads=8)
    (3): GATConv(512, 64, heads=8)
    (4): GATConv(512, 64, heads=8)
  )
  (lins): ModuleList(
    (0): Linear(in_features=512, out_features=512, bias=True)
    (1): Linear(in_features=512, out_features=512, bias=True)
    (2): Linear(in_features=512, out_features=512, bias=True)
    (3): Linear(in_features=512, out_features=512, bias=True)
    (4): Linear(in_features=512, out_features=512, bias=True)
  )
  (lns): ModuleList(
    (0): LayerNorm((512,), eps=1e-05, elementwise_affine=True)
    (1): LayerNorm((512,), eps=1e-05, elementwise_affine=True)
    (2): LayerNorm((512,), eps=1e-05, elementwise_affine=True)
    (3): LayerNorm((512,), eps=1e-05, elementwise_affine=True)
    (4): LayerNorm((512,), eps=1e-05, elementwise_affine=True)
  )
  (lin_in): Linear(in_features=6805, out_features=512, bias=True)
  (ln): LayerNorm((512,), eps=1e-05, elementwise_affine=True)
  (global_attn): GlobalAttn(
    (h_lins): ModuleList(
      (0): Linear(in_features=512, out_features=512, bias=True)
      (1): Linear(in_features=512, out_features=512, bias=True)
    )
    (k_lins): ModuleList(
      (0): Linear(in_features=512, out_features=512, bias=True)
      (1): Linear(in_features=512, out_features=512, bias=True)
    )
    (v_lins): ModuleList(
      (0): Linear(in_features=512, out_features=512, bias=True)
      (1): Linear(in_features=512, out_features=512, bias=True)
    )
    (lns): ModuleList(
      (0): LayerNorm((512,), eps=1e-05, elementwise_affine=True)
      (1): LayerNorm((512,), eps=1e-05, elementwise_affine=True)
    )
    (lin_out): Linear(in_features=512, out_features=512, bias=True)
  )
  (pred_local): Linear(in_features=512, out_features=15, bias=True)
  (pred_global): Linear(in_features=512, out_features=15, bias=True)
)
Label budget: 5/class -> 75 train nodes
Pre-training MLP for 500 epochs to generate co-occurrence matrix...
Penalty transform 'shuffle': rel Frobenius dist to original = 0.0693, off-diag CV of original penalty = 0.0333
MLP pre-training complete. Penalty matrix frozen.
Epoch: 00, Loss: 3.4129, Train: 12.30%, Valid: 11.97%, Test: 10.96%, Best Valid: 11.97%, Best Test: 10.96%
Switching Polynormer to global attention phase.
Epoch: 100, Loss: 3.2635, Train: 11.98%, Valid: 11.43%, Test: 11.89%, Best Valid: 89.09%, Best Test: 90.13%
Epoch: 200, Loss: 0.0006, Train: 82.50%, Valid: 82.11%, Test: 82.96%, Best Valid: 89.09%, Best Test: 90.13%
Epoch: 300, Loss: 0.0004, Train: 82.36%, Valid: 81.61%, Test: 82.93%, Best Valid: 89.09%, Best Test: 90.13%
Epoch: 400, Loss: 0.0027, Train: 87.19%, Valid: 86.06%, Test: 86.61%, Best Valid: 89.09%, Best Test: 90.13%
Epoch: 500, Loss: 0.0022, Train: 86.08%, Valid: 85.87%, Test: 86.23%, Best Valid: 89.09%, Best Test: 90.13%
Epoch: 600, Loss: 0.0003, Train: 85.87%, Valid: 86.09%, Test: 85.91%, Best Valid: 89.09%, Best Test: 90.13%
Epoch: 700, Loss: 0.0021, Train: 85.95%, Valid: 86.09%, Test: 86.18%, Best Valid: 89.09%, Best Test: 90.13%
Epoch: 800, Loss: 0.0012, Train: 82.66%, Valid: 81.29%, Test: 82.44%, Best Valid: 89.09%, Best Test: 90.13%
Epoch: 900, Loss: 0.0357, Train: 85.97%, Valid: 84.89%, Test: 86.83%, Best Valid: 89.09%, Best Test: 90.13%
Epoch: 1000, Loss: 0.0004, Train: 79.80%, Valid: 78.78%, Test: 78.87%, Best Valid: 89.09%, Best Test: 90.13%
Epoch: 1100, Loss: 0.0003, Train: 84.43%, Valid: 83.17%, Test: 83.97%, Best Valid: 89.09%, Best Test: 90.13%
Epoch: 1200, Loss: 0.0003, Train: 82.72%, Valid: 81.15%, Test: 81.92%, Best Valid: 89.09%, Best Test: 90.13%
Epoch: 1300, Loss: 0.0557, Train: 81.89%, Valid: 82.13%, Test: 82.52%, Best Valid: 89.09%, Best Test: 90.13%
Epoch: 1400, Loss: 0.0702, Train: 82.52%, Valid: 81.42%, Test: 83.34%, Best Valid: 89.09%, Best Test: 90.13%
Epoch: 1500, Loss: 0.0005, Train: 83.99%, Valid: 82.90%, Test: 84.79%, Best Valid: 89.09%, Best Test: 90.13%
Run 01:
Highest Train: 89.79
Highest Valid: 89.09
Highest Test: 90.19
Chosen epoch: 97
Final Train: 89.79
Final Test: 90.13
Label budget: 5/class -> 75 train nodes
Pre-training MLP for 500 epochs to generate co-occurrence matrix...
Penalty transform 'shuffle': rel Frobenius dist to original = 0.0626, off-diag CV of original penalty = 0.0351
MLP pre-training complete. Penalty matrix frozen.
Epoch: 00, Loss: 3.3969, Train: 10.46%, Valid: 9.52%, Test: 10.39%, Best Valid: 9.52%, Best Test: 10.39%
Switching Polynormer to global attention phase.
Epoch: 100, Loss: 3.2497, Train: 11.11%, Valid: 10.91%, Test: 11.21%, Best Valid: 86.85%, Best Test: 86.86%
Epoch: 200, Loss: 0.3525, Train: 74.36%, Valid: 73.79%, Test: 74.29%, Best Valid: 86.85%, Best Test: 86.86%
Epoch: 300, Loss: 0.0070, Train: 81.33%, Valid: 80.39%, Test: 82.01%, Best Valid: 86.85%, Best Test: 86.86%
Epoch: 400, Loss: 0.0017, Train: 74.82%, Valid: 74.82%, Test: 74.67%, Best Valid: 86.85%, Best Test: 86.86%
Epoch: 500, Loss: 0.2701, Train: 80.42%, Valid: 79.30%, Test: 80.07%, Best Valid: 86.85%, Best Test: 86.86%
Epoch: 600, Loss: 0.0003, Train: 82.46%, Valid: 82.05%, Test: 82.44%, Best Valid: 86.85%, Best Test: 86.86%
Epoch: 700, Loss: 0.0004, Train: 83.27%, Valid: 82.32%, Test: 82.55%, Best Valid: 86.85%, Best Test: 86.86%
Epoch: 800, Loss: 0.3248, Train: 83.49%, Valid: 82.30%, Test: 82.72%, Best Valid: 86.85%, Best Test: 86.86%
Epoch: 900, Loss: 0.0007, Train: 83.29%, Valid: 83.03%, Test: 83.15%, Best Valid: 86.85%, Best Test: 86.86%
Epoch: 1000, Loss: 0.0819, Train: 76.57%, Valid: 75.70%, Test: 76.74%, Best Valid: 86.85%, Best Test: 86.86%
Epoch: 1100, Loss: 0.0004, Train: 81.61%, Valid: 81.70%, Test: 81.46%, Best Valid: 86.85%, Best Test: 86.86%
Epoch: 1200, Loss: 0.0003, Train: 82.33%, Valid: 81.86%, Test: 82.47%, Best Valid: 86.85%, Best Test: 86.86%
Epoch: 1300, Loss: 0.3168, Train: 79.53%, Valid: 79.79%, Test: 80.26%, Best Valid: 86.85%, Best Test: 86.86%
Epoch: 1400, Loss: 0.0583, Train: 77.97%, Valid: 77.55%, Test: 78.90%, Best Valid: 86.85%, Best Test: 86.86%
Epoch: 1500, Loss: 0.0019, Train: 79.52%, Valid: 79.19%, Test: 80.51%, Best Valid: 86.85%, Best Test: 86.86%
Run 02:
Highest Train: 87.11
Highest Valid: 86.85
Highest Test: 86.86
Chosen epoch: 28
Final Train: 87.11
Final Test: 86.86
Label budget: 5/class -> 75 train nodes
Pre-training MLP for 500 epochs to generate co-occurrence matrix...
Penalty transform 'shuffle': rel Frobenius dist to original = 0.0729, off-diag CV of original penalty = 0.0423
MLP pre-training complete. Penalty matrix frozen.
Epoch: 00, Loss: 3.4172, Train: 2.37%, Valid: 2.51%, Test: 2.07%, Best Valid: 2.51%, Best Test: 2.07%
Switching Polynormer to global attention phase.
Epoch: 100, Loss: 3.2495, Train: 2.37%, Valid: 2.51%, Test: 2.07%, Best Valid: 89.12%, Best Test: 89.99%
Epoch: 200, Loss: 0.3061, Train: 76.66%, Valid: 75.20%, Test: 77.48%, Best Valid: 89.12%, Best Test: 89.99%
Epoch: 300, Loss: 0.2585, Train: 82.71%, Valid: 81.18%, Test: 83.59%, Best Valid: 89.12%, Best Test: 89.99%
Epoch: 400, Loss: 0.0017, Train: 77.77%, Valid: 77.33%, Test: 78.11%, Best Valid: 89.12%, Best Test: 89.99%
Epoch: 500, Loss: 1.6753, Train: 69.97%, Valid: 69.69%, Test: 71.13%, Best Valid: 89.12%, Best Test: 89.99%
Epoch: 600, Loss: 0.0090, Train: 82.56%, Valid: 82.16%, Test: 84.13%, Best Valid: 89.12%, Best Test: 89.99%
Epoch: 700, Loss: 0.0360, Train: 84.30%, Valid: 83.17%, Test: 83.75%, Best Valid: 89.12%, Best Test: 89.99%
Epoch: 800, Loss: 0.0008, Train: 86.47%, Valid: 85.62%, Test: 87.16%, Best Valid: 89.12%, Best Test: 89.99%
Epoch: 900, Loss: 0.0017, Train: 76.61%, Valid: 76.16%, Test: 77.32%, Best Valid: 89.12%, Best Test: 89.99%
Epoch: 1000, Loss: 0.0004, Train: 85.36%, Valid: 83.96%, Test: 85.61%, Best Valid: 89.12%, Best Test: 89.99%
Epoch: 1100, Loss: 0.0015, Train: 84.06%, Valid: 82.68%, Test: 84.32%, Best Valid: 89.12%, Best Test: 89.99%
Epoch: 1200, Loss: 0.0072, Train: 84.41%, Valid: 83.22%, Test: 85.31%, Best Valid: 89.12%, Best Test: 89.99%
Epoch: 1300, Loss: 0.0004, Train: 84.17%, Valid: 82.79%, Test: 84.13%, Best Valid: 89.12%, Best Test: 89.99%
Epoch: 1400, Loss: 0.0003, Train: 82.69%, Valid: 81.42%, Test: 82.96%, Best Valid: 89.12%, Best Test: 89.99%
Epoch: 1500, Loss: 0.0005, Train: 80.26%, Valid: 79.16%, Test: 81.54%, Best Valid: 89.12%, Best Test: 89.99%
Run 03:
Highest Train: 89.97
Highest Valid: 89.12
Highest Test: 90.89
Chosen epoch: 35
Final Train: 88.88
Final Test: 89.99
Label budget: 5/class -> 75 train nodes
Pre-training MLP for 500 epochs to generate co-occurrence matrix...
Penalty transform 'shuffle': rel Frobenius dist to original = 0.0619, off-diag CV of original penalty = 0.0288
MLP pre-training complete. Penalty matrix frozen.
Epoch: 00, Loss: 3.4573, Train: 12.29%, Valid: 11.97%, Test: 10.96%, Best Valid: 11.97%, Best Test: 10.96%
Switching Polynormer to global attention phase.
Epoch: 100, Loss: 3.2494, Train: 8.03%, Valid: 7.69%, Test: 7.61%, Best Valid: 86.03%, Best Test: 87.90%
Epoch: 200, Loss: 0.0232, Train: 77.73%, Valid: 76.08%, Test: 77.89%, Best Valid: 86.03%, Best Test: 87.90%
Epoch: 300, Loss: 0.0101, Train: 78.18%, Valid: 78.42%, Test: 79.23%, Best Valid: 86.03%, Best Test: 87.90%
Epoch: 400, Loss: 0.0002, Train: 77.83%, Valid: 77.11%, Test: 78.41%, Best Valid: 86.03%, Best Test: 87.90%
Epoch: 500, Loss: 0.0003, Train: 81.66%, Valid: 82.08%, Test: 82.82%, Best Valid: 86.03%, Best Test: 87.90%
Epoch: 600, Loss: 0.0004, Train: 82.42%, Valid: 82.62%, Test: 83.04%, Best Valid: 86.03%, Best Test: 87.90%
Epoch: 700, Loss: 0.1198, Train: 80.86%, Valid: 80.77%, Test: 81.79%, Best Valid: 86.03%, Best Test: 87.90%
Epoch: 800, Loss: 0.0002, Train: 81.37%, Valid: 80.69%, Test: 82.69%, Best Valid: 86.03%, Best Test: 87.90%
Epoch: 900, Loss: 0.0009, Train: 75.34%, Valid: 73.87%, Test: 76.01%, Best Valid: 86.03%, Best Test: 87.90%
Epoch: 1000, Loss: 0.0004, Train: 78.13%, Valid: 76.32%, Test: 78.82%, Best Valid: 86.03%, Best Test: 87.90%
Epoch: 1100, Loss: 0.0003, Train: 79.04%, Valid: 77.71%, Test: 79.74%, Best Valid: 86.03%, Best Test: 87.90%
Epoch: 1200, Loss: 0.0009, Train: 78.76%, Valid: 78.01%, Test: 79.93%, Best Valid: 86.03%, Best Test: 87.90%
Epoch: 1300, Loss: 0.0004, Train: 78.73%, Valid: 77.11%, Test: 79.66%, Best Valid: 86.03%, Best Test: 87.90%
Epoch: 1400, Loss: 0.0057, Train: 65.87%, Valid: 65.19%, Test: 67.45%, Best Valid: 86.03%, Best Test: 87.90%
Epoch: 1500, Loss: 0.0239, Train: 82.30%, Valid: 81.81%, Test: 83.32%, Best Valid: 86.03%, Best Test: 87.90%
Run 04:
Highest Train: 86.77
Highest Valid: 86.03
Highest Test: 87.90
Chosen epoch: 34
Final Train: 86.64
Final Test: 87.90
Label budget: 5/class -> 75 train nodes
Pre-training MLP for 500 epochs to generate co-occurrence matrix...
Penalty transform 'shuffle': rel Frobenius dist to original = 0.0584, off-diag CV of original penalty = 0.0320
MLP pre-training complete. Penalty matrix frozen.
Epoch: 00, Loss: 3.5286, Train: 12.31%, Valid: 12.06%, Test: 10.96%, Best Valid: 12.06%, Best Test: 10.96%
Switching Polynormer to global attention phase.
Epoch: 100, Loss: 3.2497, Train: 22.05%, Valid: 23.92%, Test: 22.74%, Best Valid: 81.56%, Best Test: 83.89%
Epoch: 200, Loss: 0.1169, Train: 75.43%, Valid: 73.95%, Test: 75.14%, Best Valid: 81.56%, Best Test: 83.89%
Epoch: 300, Loss: 0.0210, Train: 71.60%, Valid: 70.51%, Test: 71.81%, Best Valid: 81.56%, Best Test: 83.89%
Epoch: 400, Loss: 0.0052, Train: 75.53%, Valid: 73.38%, Test: 76.17%, Best Valid: 82.57%, Best Test: 83.40%
Epoch: 500, Loss: 0.0225, Train: 82.61%, Valid: 81.75%, Test: 83.42%, Best Valid: 83.31%, Best Test: 84.51%
Epoch: 600, Loss: 0.0013, Train: 79.73%, Valid: 78.37%, Test: 80.67%, Best Valid: 83.31%, Best Test: 84.51%
Epoch: 700, Loss: 0.0012, Train: 79.68%, Valid: 78.07%, Test: 80.23%, Best Valid: 83.31%, Best Test: 84.51%
Epoch: 800, Loss: 0.0026, Train: 76.64%, Valid: 74.80%, Test: 76.23%, Best Valid: 83.31%, Best Test: 84.51%
Epoch: 900, Loss: 0.0003, Train: 76.53%, Valid: 74.22%, Test: 75.30%, Best Valid: 83.31%, Best Test: 84.51%
Epoch: 1000, Loss: 0.0002, Train: 79.29%, Valid: 77.63%, Test: 79.28%, Best Valid: 83.31%, Best Test: 84.51%
Epoch: 1100, Loss: 0.0003, Train: 79.19%, Valid: 77.30%, Test: 79.31%, Best Valid: 83.31%, Best Test: 84.51%
Epoch: 1200, Loss: 0.0002, Train: 79.33%, Valid: 77.36%, Test: 79.47%, Best Valid: 83.31%, Best Test: 84.51%
Epoch: 1300, Loss: 0.0003, Train: 78.55%, Valid: 76.05%, Test: 77.73%, Best Valid: 83.31%, Best Test: 84.51%
Epoch: 1400, Loss: 0.1517, Train: 68.27%, Valid: 67.35%, Test: 67.99%, Best Valid: 83.31%, Best Test: 84.51%
Epoch: 1500, Loss: 0.0048, Train: 81.41%, Valid: 78.91%, Test: 81.65%, Best Valid: 83.31%, Best Test: 84.51%
Run 05:
Highest Train: 85.48
Highest Valid: 84.62
Highest Test: 85.91
Chosen epoch: 1598
Final Train: 85.28
Final Test: 85.71
Label budget: 5/class -> 75 train nodes
Pre-training MLP for 500 epochs to generate co-occurrence matrix...
Penalty transform 'shuffle': rel Frobenius dist to original = 0.0719, off-diag CV of original penalty = 0.0421
MLP pre-training complete. Penalty matrix frozen.
Epoch: 00, Loss: 3.4605, Train: 2.48%, Valid: 2.54%, Test: 2.13%, Best Valid: 2.54%, Best Test: 2.13%
Switching Polynormer to global attention phase.
Epoch: 100, Loss: 3.2497, Train: 11.11%, Valid: 10.91%, Test: 11.21%, Best Valid: 86.85%, Best Test: 89.26%
Epoch: 200, Loss: 0.0535, Train: 83.13%, Valid: 82.68%, Test: 83.18%, Best Valid: 86.85%, Best Test: 89.26%
Epoch: 300, Loss: 0.0058, Train: 79.50%, Valid: 78.34%, Test: 79.06%, Best Valid: 86.85%, Best Test: 89.26%
Epoch: 400, Loss: 0.0145, Train: 83.31%, Valid: 82.52%, Test: 83.10%, Best Valid: 86.85%, Best Test: 89.26%
Epoch: 500, Loss: 0.0001, Train: 83.63%, Valid: 82.08%, Test: 84.35%, Best Valid: 86.85%, Best Test: 89.26%
Epoch: 600, Loss: 0.0001, Train: 84.10%, Valid: 82.68%, Test: 84.02%, Best Valid: 86.85%, Best Test: 89.26%
Epoch: 700, Loss: 0.0002, Train: 84.13%, Valid: 83.06%, Test: 84.35%, Best Valid: 86.85%, Best Test: 89.26%
Epoch: 800, Loss: 0.0003, Train: 84.77%, Valid: 83.12%, Test: 84.32%, Best Valid: 86.85%, Best Test: 89.26%
Epoch: 900, Loss: 0.0006, Train: 86.35%, Valid: 84.75%, Test: 87.21%, Best Valid: 86.85%, Best Test: 89.26%
Epoch: 1000, Loss: 0.3329, Train: 65.61%, Valid: 63.15%, Test: 63.88%, Best Valid: 86.85%, Best Test: 89.26%
Epoch: 1100, Loss: 0.0146, Train: 80.20%, Valid: 79.27%, Test: 79.85%, Best Valid: 86.85%, Best Test: 89.26%
Epoch: 1200, Loss: 0.0003, Train: 83.35%, Valid: 81.81%, Test: 83.02%, Best Valid: 86.85%, Best Test: 89.26%
Epoch: 1300, Loss: 0.0072, Train: 63.05%, Valid: 61.32%, Test: 63.28%, Best Valid: 86.85%, Best Test: 89.26%
Epoch: 1400, Loss: 0.0005, Train: 84.75%, Valid: 83.33%, Test: 84.57%, Best Valid: 86.85%, Best Test: 89.26%
Epoch: 1500, Loss: 0.0003, Train: 79.28%, Valid: 78.70%, Test: 80.43%, Best Valid: 86.85%, Best Test: 89.26%
Run 06:
Highest Train: 87.99
Highest Valid: 86.85
Highest Test: 89.26
Chosen epoch: 47
Final Train: 87.99
Final Test: 89.26
Label budget: 5/class -> 75 train nodes
Pre-training MLP for 500 epochs to generate co-occurrence matrix...
Penalty transform 'shuffle': rel Frobenius dist to original = 0.0587, off-diag CV of original penalty = 0.0260
MLP pre-training complete. Penalty matrix frozen.
Epoch: 00, Loss: 3.4308, Train: 8.03%, Valid: 7.69%, Test: 7.61%, Best Valid: 7.69%, Best Test: 7.61%
Switching Polynormer to global attention phase.
Epoch: 100, Loss: 3.2497, Train: 11.11%, Valid: 10.91%, Test: 11.21%, Best Valid: 88.79%, Best Test: 90.24%
Epoch: 200, Loss: 0.7518, Train: 66.69%, Valid: 65.66%, Test: 67.20%, Best Valid: 88.79%, Best Test: 90.24%
Epoch: 300, Loss: 0.0321, Train: 77.37%, Valid: 76.98%, Test: 78.19%, Best Valid: 88.79%, Best Test: 90.24%
Epoch: 400, Loss: 0.4508, Train: 78.87%, Valid: 77.71%, Test: 78.82%, Best Valid: 88.79%, Best Test: 90.24%
Epoch: 500, Loss: 0.0008, Train: 83.05%, Valid: 82.32%, Test: 82.77%, Best Valid: 88.79%, Best Test: 90.24%
Epoch: 600, Loss: 0.0002, Train: 81.86%, Valid: 81.72%, Test: 81.30%, Best Valid: 88.79%, Best Test: 90.24%
Epoch: 700, Loss: 0.0007, Train: 85.15%, Valid: 84.10%, Test: 85.39%, Best Valid: 88.79%, Best Test: 90.24%
Epoch: 800, Loss: 0.0028, Train: 79.57%, Valid: 77.96%, Test: 78.24%, Best Valid: 88.79%, Best Test: 90.24%
Epoch: 900, Loss: 0.0002, Train: 84.07%, Valid: 82.87%, Test: 83.34%, Best Valid: 88.79%, Best Test: 90.24%
Epoch: 1000, Loss: 0.0004, Train: 85.72%, Valid: 84.78%, Test: 85.17%, Best Valid: 88.79%, Best Test: 90.24%
Epoch: 1100, Loss: 0.0081, Train: 84.27%, Valid: 83.47%, Test: 84.24%, Best Valid: 88.79%, Best Test: 90.24%
Epoch: 1200, Loss: 0.2036, Train: 83.65%, Valid: 82.49%, Test: 83.62%, Best Valid: 88.79%, Best Test: 90.24%
Epoch: 1300, Loss: 0.0097, Train: 83.22%, Valid: 82.43%, Test: 83.32%, Best Valid: 88.79%, Best Test: 90.24%
Epoch: 1400, Loss: 0.0245, Train: 84.99%, Valid: 84.07%, Test: 85.28%, Best Valid: 88.79%, Best Test: 90.24%
Epoch: 1500, Loss: 0.0001, Train: 87.53%, Valid: 85.76%, Test: 87.30%, Best Valid: 88.79%, Best Test: 90.24%
Run 07:
Highest Train: 89.85
Highest Valid: 88.79
Highest Test: 90.24
Chosen epoch: 50
Final Train: 89.76
Final Test: 90.24
Label budget: 5/class -> 75 train nodes
Pre-training MLP for 500 epochs to generate co-occurrence matrix...
Penalty transform 'shuffle': rel Frobenius dist to original = 0.0707, off-diag CV of original penalty = 0.0361
MLP pre-training complete. Penalty matrix frozen.
Epoch: 00, Loss: 3.5585, Train: 6.67%, Valid: 6.06%, Test: 6.08%, Best Valid: 6.06%, Best Test: 6.08%
Switching Polynormer to global attention phase.
Epoch: 100, Loss: 3.2497, Train: 11.11%, Valid: 10.91%, Test: 11.21%, Best Valid: 89.50%, Best Test: 90.21%
Epoch: 200, Loss: 0.2801, Train: 83.65%, Valid: 81.37%, Test: 83.32%, Best Valid: 89.50%, Best Test: 90.21%
Epoch: 300, Loss: 0.0698, Train: 83.59%, Valid: 81.89%, Test: 82.96%, Best Valid: 89.50%, Best Test: 90.21%
Epoch: 400, Loss: 0.0731, Train: 79.42%, Valid: 78.07%, Test: 79.63%, Best Valid: 89.50%, Best Test: 90.21%
Epoch: 500, Loss: 0.0002, Train: 82.91%, Valid: 81.18%, Test: 82.50%, Best Valid: 89.50%, Best Test: 90.21%
Epoch: 600, Loss: 0.0002, Train: 80.83%, Valid: 79.38%, Test: 80.86%, Best Valid: 89.50%, Best Test: 90.21%
Epoch: 700, Loss: 0.0005, Train: 81.05%, Valid: 78.94%, Test: 80.70%, Best Valid: 89.50%, Best Test: 90.21%
Epoch: 800, Loss: 0.0061, Train: 72.24%, Valid: 70.89%, Test: 71.13%, Best Valid: 89.50%, Best Test: 90.21%
Epoch: 900, Loss: 0.0190, Train: 73.35%, Valid: 71.88%, Test: 73.34%, Best Valid: 89.50%, Best Test: 90.21%
Epoch: 1000, Loss: 0.0004, Train: 82.38%, Valid: 81.61%, Test: 82.50%, Best Valid: 89.50%, Best Test: 90.21%
Epoch: 1100, Loss: 0.0002, Train: 82.64%, Valid: 82.00%, Test: 82.96%, Best Valid: 89.50%, Best Test: 90.21%
Epoch: 1200, Loss: 0.1877, Train: 79.24%, Valid: 77.30%, Test: 78.74%, Best Valid: 89.50%, Best Test: 90.21%
Epoch: 1300, Loss: 0.0013, Train: 81.83%, Valid: 79.79%, Test: 81.76%, Best Valid: 89.50%, Best Test: 90.21%
Epoch: 1400, Loss: 0.0031, Train: 80.31%, Valid: 77.93%, Test: 79.93%, Best Valid: 89.50%, Best Test: 90.21%
Epoch: 1500, Loss: 0.0004, Train: 82.85%, Valid: 80.58%, Test: 83.04%, Best Valid: 89.50%, Best Test: 90.21%
Run 08:
Highest Train: 90.33
Highest Valid: 89.50
Highest Test: 90.21
Chosen epoch: 66
Final Train: 90.10
Final Test: 90.21
Label budget: 5/class -> 75 train nodes
Pre-training MLP for 500 epochs to generate co-occurrence matrix...
Penalty transform 'shuffle': rel Frobenius dist to original = 0.0569, off-diag CV of original penalty = 0.0294
MLP pre-training complete. Penalty matrix frozen.
Epoch: 00, Loss: 3.4950, Train: 0.84%, Valid: 0.71%, Test: 0.82%, Best Valid: 0.71%, Best Test: 0.82%
Switching Polynormer to global attention phase.
Epoch: 100, Loss: 3.2497, Train: 22.05%, Valid: 23.92%, Test: 22.74%, Best Valid: 89.20%, Best Test: 90.57%
Epoch: 200, Loss: 0.5190, Train: 74.19%, Valid: 74.03%, Test: 74.05%, Best Valid: 89.20%, Best Test: 90.57%
Epoch: 300, Loss: 0.0065, Train: 82.38%, Valid: 82.21%, Test: 83.42%, Best Valid: 89.20%, Best Test: 90.57%
Epoch: 400, Loss: 0.0072, Train: 81.22%, Valid: 80.80%, Test: 80.48%, Best Valid: 89.20%, Best Test: 90.57%
Epoch: 500, Loss: 0.0032, Train: 83.44%, Valid: 83.80%, Test: 84.11%, Best Valid: 89.20%, Best Test: 90.57%
Epoch: 600, Loss: 0.0738, Train: 79.33%, Valid: 79.00%, Test: 80.83%, Best Valid: 89.20%, Best Test: 90.57%
Epoch: 700, Loss: 0.0027, Train: 84.91%, Valid: 84.29%, Test: 84.79%, Best Valid: 89.20%, Best Test: 90.57%
Epoch: 800, Loss: 0.0003, Train: 86.52%, Valid: 85.84%, Test: 86.29%, Best Valid: 89.20%, Best Test: 90.57%
Epoch: 900, Loss: 0.0004, Train: 86.67%, Valid: 85.79%, Test: 86.21%, Best Valid: 89.20%, Best Test: 90.57%
Epoch: 1000, Loss: 0.1070, Train: 85.28%, Valid: 84.10%, Test: 84.60%, Best Valid: 89.20%, Best Test: 90.57%
Epoch: 1100, Loss: 0.0062, Train: 83.14%, Valid: 82.98%, Test: 83.83%, Best Valid: 89.20%, Best Test: 90.57%
Epoch: 1200, Loss: 0.0025, Train: 85.31%, Valid: 83.55%, Test: 85.20%, Best Valid: 89.20%, Best Test: 90.57%
Epoch: 1300, Loss: 0.0693, Train: 81.58%, Valid: 80.52%, Test: 81.24%, Best Valid: 89.20%, Best Test: 90.57%
Epoch: 1400, Loss: 0.1967, Train: 84.83%, Valid: 83.74%, Test: 85.63%, Best Valid: 89.20%, Best Test: 90.57%
Epoch: 1500, Loss: 0.0028, Train: 85.15%, Valid: 84.56%, Test: 86.37%, Best Valid: 89.20%, Best Test: 90.57%
Run 09:
Highest Train: 89.68
Highest Valid: 89.20
Highest Test: 90.57
Chosen epoch: 95
Final Train: 89.68
Final Test: 90.57
Label budget: 5/class -> 75 train nodes
Pre-training MLP for 500 epochs to generate co-occurrence matrix...
Penalty transform 'shuffle': rel Frobenius dist to original = 0.0674, off-diag CV of original penalty = 0.0337
MLP pre-training complete. Penalty matrix frozen.
Epoch: 00, Loss: 3.4796, Train: 7.64%, Valid: 7.17%, Test: 7.72%, Best Valid: 7.17%, Best Test: 7.72%
Switching Polynormer to global attention phase.
Epoch: 100, Loss: 3.2497, Train: 22.05%, Valid: 23.92%, Test: 22.74%, Best Valid: 89.23%, Best Test: 90.32%
Epoch: 200, Loss: 0.0904, Train: 76.17%, Valid: 74.58%, Test: 75.14%, Best Valid: 89.23%, Best Test: 90.32%
Epoch: 300, Loss: 0.0948, Train: 81.56%, Valid: 80.25%, Test: 80.48%, Best Valid: 89.23%, Best Test: 90.32%
Epoch: 400, Loss: 0.0009, Train: 84.63%, Valid: 84.40%, Test: 84.62%, Best Valid: 89.23%, Best Test: 90.32%
Epoch: 500, Loss: 0.0009, Train: 83.08%, Valid: 81.64%, Test: 83.10%, Best Valid: 89.23%, Best Test: 90.32%
Epoch: 600, Loss: 0.0448, Train: 78.83%, Valid: 77.88%, Test: 79.33%, Best Valid: 89.23%, Best Test: 90.32%
Epoch: 700, Loss: 0.0030, Train: 74.52%, Valid: 74.03%, Test: 75.25%, Best Valid: 89.23%, Best Test: 90.32%
Epoch: 800, Loss: 0.0076, Train: 75.32%, Valid: 74.39%, Test: 76.06%, Best Valid: 89.23%, Best Test: 90.32%
Epoch: 900, Loss: 0.0044, Train: 75.48%, Valid: 73.98%, Test: 76.55%, Best Valid: 89.23%, Best Test: 90.32%
Epoch: 1000, Loss: 0.0006, Train: 79.90%, Valid: 78.51%, Test: 80.48%, Best Valid: 89.23%, Best Test: 90.32%
Epoch: 1100, Loss: 0.0005, Train: 78.41%, Valid: 77.25%, Test: 79.55%, Best Valid: 89.23%, Best Test: 90.32%
Epoch: 1200, Loss: 0.0069, Train: 80.76%, Valid: 79.68%, Test: 80.45%, Best Valid: 89.23%, Best Test: 90.32%
Epoch: 1300, Loss: 0.0020, Train: 84.12%, Valid: 82.60%, Test: 84.02%, Best Valid: 89.23%, Best Test: 90.32%
Epoch: 1400, Loss: 0.0005, Train: 84.74%, Valid: 84.04%, Test: 85.55%, Best Valid: 89.23%, Best Test: 90.32%
Epoch: 1500, Loss: 0.0099, Train: 83.16%, Valid: 82.13%, Test: 83.70%, Best Valid: 89.23%, Best Test: 90.32%
Run 10:
Highest Train: 90.27
Highest Valid: 89.23
Highest Test: 90.54
Chosen epoch: 50
Final Train: 90.11
Final Test: 90.32
All runs:
Highest Train: 88.72 ± 1.74
Highest Test: 89.26 ± 1.75
Highest Valid: 87.93 ± 1.70
  Final Train: 88.53 ± 1.70
   Final Test: 89.12 ± 1.70
Saving results to ../results/lowlabel/coauthor-cs/polynormer.csv
--- mlp_reg/shuffle placebo | lambda=0.4 ---
Namespace(aggregate='add', alpha=0.5, attention='gcn', beta=-1.0, bn=False, budget_tag='5', count_reg=False, count_smoothing=1.0, cpu=False, data_dir='../data/', dataset='coauthor-cs', device=0, dim_inner=64, display_step=100, dropout=0.3, epochs=500, global_dropout=None, global_epochs=1500, global_layers=2, gnn='gcn', graph_weight=0.8, hidden_channels=64, hops=10, in_dropout=0.1, jk=False, label_num_per_class=20, lambda_val=0.4, layers=1, ln=False, local_epochs=100, local_gnn_type='GCN', local_layers=5, lr=0.001, metric='acc', mlp_epochs=500, mlp_reg=True, model='polynormer', model_dir='models/lowlabel_1161133_234', n_heads=8, num_centroids=4096, num_heads=8, oracle_reg=False, paired_seeds=True, pe_types='RWSE', penalty_transform='shuffle', pre_linear=False, pre_ln=False, rand_split=False, rand_split_class=False, reg_start_epoch=10, reg_update_freq=5, res=False, resample_split_per_run=False, result_dir='../results/lowlabel', runs=10, save_model=True, save_result=False, seed=42, test_num=1000, tr_dropout=None, tr_layers=1, tr_weight_decay=None, train_per_class=5, train_prop=0.5, use_act=False, use_bn=False, use_graph=False, use_reg=True, use_residual=False, use_weight=False, valid_num=500, valid_per_class=0, valid_prop=0.25, weight_decay=0.0005)
coauthor-cs
dataset coauthor-cs | num nodes 18333 | num edge 163788 | num node feats 6805 | num classes 15
MODEL: Polynormer(
  (h_lins): ModuleList(
    (0): Linear(in_features=512, out_features=512, bias=True)
    (1): Linear(in_features=512, out_features=512, bias=True)
    (2): Linear(in_features=512, out_features=512, bias=True)
    (3): Linear(in_features=512, out_features=512, bias=True)
    (4): Linear(in_features=512, out_features=512, bias=True)
  )
  (local_convs): ModuleList(
    (0): GATConv(512, 64, heads=8)
    (1): GATConv(512, 64, heads=8)
    (2): GATConv(512, 64, heads=8)
    (3): GATConv(512, 64, heads=8)
    (4): GATConv(512, 64, heads=8)
  )
  (lins): ModuleList(
    (0): Linear(in_features=512, out_features=512, bias=True)
    (1): Linear(in_features=512, out_features=512, bias=True)
    (2): Linear(in_features=512, out_features=512, bias=True)
    (3): Linear(in_features=512, out_features=512, bias=True)
    (4): Linear(in_features=512, out_features=512, bias=True)
  )
  (lns): ModuleList(
    (0): LayerNorm((512,), eps=1e-05, elementwise_affine=True)
    (1): LayerNorm((512,), eps=1e-05, elementwise_affine=True)
    (2): LayerNorm((512,), eps=1e-05, elementwise_affine=True)
    (3): LayerNorm((512,), eps=1e-05, elementwise_affine=True)
    (4): LayerNorm((512,), eps=1e-05, elementwise_affine=True)
  )
  (lin_in): Linear(in_features=6805, out_features=512, bias=True)
  (ln): LayerNorm((512,), eps=1e-05, elementwise_affine=True)
  (global_attn): GlobalAttn(
    (h_lins): ModuleList(
      (0): Linear(in_features=512, out_features=512, bias=True)
      (1): Linear(in_features=512, out_features=512, bias=True)
    )
    (k_lins): ModuleList(
      (0): Linear(in_features=512, out_features=512, bias=True)
      (1): Linear(in_features=512, out_features=512, bias=True)
    )
    (v_lins): ModuleList(
      (0): Linear(in_features=512, out_features=512, bias=True)
      (1): Linear(in_features=512, out_features=512, bias=True)
    )
    (lns): ModuleList(
      (0): LayerNorm((512,), eps=1e-05, elementwise_affine=True)
      (1): LayerNorm((512,), eps=1e-05, elementwise_affine=True)
    )
    (lin_out): Linear(in_features=512, out_features=512, bias=True)
  )
  (pred_local): Linear(in_features=512, out_features=15, bias=True)
  (pred_global): Linear(in_features=512, out_features=15, bias=True)
)
Label budget: 5/class -> 75 train nodes
Pre-training MLP for 500 epochs to generate co-occurrence matrix...
Penalty transform 'shuffle': rel Frobenius dist to original = 0.0693, off-diag CV of original penalty = 0.0333
MLP pre-training complete. Penalty matrix frozen.
Epoch: 00, Loss: 3.9818, Train: 12.29%, Valid: 11.97%, Test: 10.96%, Best Valid: 11.97%, Best Test: 10.96%
Switching Polynormer to global attention phase.
Epoch: 100, Loss: 3.8180, Train: 25.29%, Valid: 25.04%, Test: 25.19%, Best Valid: 88.54%, Best Test: 89.42%
Epoch: 200, Loss: 0.0002, Train: 85.54%, Valid: 84.48%, Test: 84.92%, Best Valid: 88.54%, Best Test: 89.42%
Epoch: 300, Loss: 0.0004, Train: 87.36%, Valid: 86.63%, Test: 86.45%, Best Valid: 88.54%, Best Test: 89.42%
Epoch: 400, Loss: 0.0030, Train: 86.22%, Valid: 85.73%, Test: 85.77%, Best Valid: 88.54%, Best Test: 89.42%
Epoch: 500, Loss: 0.0753, Train: 83.02%, Valid: 81.61%, Test: 82.39%, Best Valid: 88.54%, Best Test: 89.42%
Epoch: 600, Loss: 0.0008, Train: 83.61%, Valid: 82.62%, Test: 82.36%, Best Valid: 88.54%, Best Test: 89.42%
Epoch: 700, Loss: 0.0039, Train: 80.93%, Valid: 80.25%, Test: 80.75%, Best Valid: 88.54%, Best Test: 89.42%
Epoch: 800, Loss: 0.2045, Train: 87.21%, Valid: 86.80%, Test: 87.35%, Best Valid: 88.54%, Best Test: 89.42%
Epoch: 900, Loss: 0.0002, Train: 87.98%, Valid: 87.64%, Test: 87.54%, Best Valid: 88.63%, Best Test: 88.28%
Epoch: 1000, Loss: 0.0085, Train: 88.47%, Valid: 87.83%, Test: 88.30%, Best Valid: 88.63%, Best Test: 88.28%
Epoch: 1100, Loss: 0.0010, Train: 85.57%, Valid: 84.78%, Test: 85.41%, Best Valid: 88.63%, Best Test: 88.28%
Epoch: 1200, Loss: 0.0017, Train: 81.17%, Valid: 80.55%, Test: 81.95%, Best Valid: 88.63%, Best Test: 88.28%
Epoch: 1300, Loss: 0.0004, Train: 85.75%, Valid: 84.92%, Test: 86.10%, Best Valid: 88.63%, Best Test: 88.28%
Epoch: 1400, Loss: 0.0447, Train: 83.85%, Valid: 83.28%, Test: 84.11%, Best Valid: 88.63%, Best Test: 88.28%
Epoch: 1500, Loss: 0.0004, Train: 85.78%, Valid: 84.75%, Test: 85.20%, Best Valid: 88.63%, Best Test: 88.28%
Run 01:
Highest Train: 89.67
Highest Valid: 88.63
Highest Test: 90.05
Chosen epoch: 811
Final Train: 88.74
Final Test: 88.28
Label budget: 5/class -> 75 train nodes
Pre-training MLP for 500 epochs to generate co-occurrence matrix...
Penalty transform 'shuffle': rel Frobenius dist to original = 0.0626, off-diag CV of original penalty = 0.0351
MLP pre-training complete. Penalty matrix frozen.
Epoch: 00, Loss: 3.9630, Train: 10.29%, Valid: 9.19%, Test: 10.14%, Best Valid: 9.19%, Best Test: 10.14%
Switching Polynormer to global attention phase.
Epoch: 100, Loss: 3.7913, Train: 11.11%, Valid: 10.91%, Test: 11.21%, Best Valid: 86.09%, Best Test: 86.29%
Epoch: 200, Loss: 0.2962, Train: 74.56%, Valid: 73.79%, Test: 73.85%, Best Valid: 86.09%, Best Test: 86.29%
Epoch: 300, Loss: 0.0390, Train: 78.66%, Valid: 78.53%, Test: 77.86%, Best Valid: 86.09%, Best Test: 86.29%
Epoch: 400, Loss: 0.0940, Train: 74.37%, Valid: 73.76%, Test: 74.56%, Best Valid: 86.09%, Best Test: 86.29%
Epoch: 500, Loss: 0.0355, Train: 81.35%, Valid: 80.74%, Test: 81.90%, Best Valid: 86.09%, Best Test: 86.29%
Epoch: 600, Loss: 0.0005, Train: 85.77%, Valid: 84.67%, Test: 85.47%, Best Valid: 86.09%, Best Test: 86.29%
Epoch: 700, Loss: 0.0077, Train: 76.93%, Valid: 76.90%, Test: 76.77%, Best Valid: 86.09%, Best Test: 86.29%
Epoch: 800, Loss: 0.0027, Train: 79.71%, Valid: 79.19%, Test: 79.17%, Best Valid: 86.09%, Best Test: 86.29%
Epoch: 900, Loss: 0.1420, Train: 59.83%, Valid: 59.85%, Test: 60.96%, Best Valid: 86.09%, Best Test: 86.29%
Epoch: 1000, Loss: 0.0010, Train: 78.54%, Valid: 77.91%, Test: 79.50%, Best Valid: 86.09%, Best Test: 86.29%
Epoch: 1100, Loss: 0.0007, Train: 77.11%, Valid: 76.08%, Test: 77.70%, Best Valid: 86.09%, Best Test: 86.29%
Epoch: 1200, Loss: 0.0078, Train: 81.00%, Valid: 80.82%, Test: 81.49%, Best Valid: 86.09%, Best Test: 86.29%
Epoch: 1300, Loss: 0.0004, Train: 78.60%, Valid: 79.30%, Test: 79.06%, Best Valid: 86.09%, Best Test: 86.29%
Epoch: 1400, Loss: 0.0006, Train: 82.77%, Valid: 82.11%, Test: 82.85%, Best Valid: 86.09%, Best Test: 86.29%
Epoch: 1500, Loss: 0.0004, Train: 80.46%, Valid: 79.51%, Test: 80.15%, Best Valid: 86.09%, Best Test: 86.29%
Run 02:
Highest Train: 86.84
Highest Valid: 86.09
Highest Test: 86.29
Chosen epoch: 99
Final Train: 86.84
Final Test: 86.29
Label budget: 5/class -> 75 train nodes
Pre-training MLP for 500 epochs to generate co-occurrence matrix...
Penalty transform 'shuffle': rel Frobenius dist to original = 0.0729, off-diag CV of original penalty = 0.0423
MLP pre-training complete. Penalty matrix frozen.
Epoch: 00, Loss: 3.9867, Train: 2.37%, Valid: 2.51%, Test: 2.07%, Best Valid: 2.51%, Best Test: 2.07%
Switching Polynormer to global attention phase.
Epoch: 100, Loss: 3.7913, Train: 3.88%, Valid: 3.57%, Test: 4.09%, Best Valid: 89.28%, Best Test: 90.70%
Epoch: 200, Loss: 0.0730, Train: 70.87%, Valid: 69.89%, Test: 72.38%, Best Valid: 89.28%, Best Test: 90.70%
Epoch: 300, Loss: 0.0043, Train: 80.06%, Valid: 79.00%, Test: 81.19%, Best Valid: 89.28%, Best Test: 90.70%
Epoch: 400, Loss: 0.0026, Train: 76.14%, Valid: 74.33%, Test: 76.85%, Best Valid: 89.28%, Best Test: 90.70%
Epoch: 500, Loss: 0.0068, Train: 77.65%, Valid: 76.02%, Test: 77.92%, Best Valid: 89.28%, Best Test: 90.70%
Epoch: 600, Loss: 0.0001, Train: 74.69%, Valid: 74.14%, Test: 74.84%, Best Valid: 89.28%, Best Test: 90.70%
Epoch: 700, Loss: 0.0009, Train: 76.73%, Valid: 74.71%, Test: 77.45%, Best Valid: 89.28%, Best Test: 90.70%
Epoch: 800, Loss: 0.0004, Train: 80.03%, Valid: 77.71%, Test: 80.48%, Best Valid: 89.28%, Best Test: 90.70%
Epoch: 900, Loss: 0.0024, Train: 83.20%, Valid: 81.61%, Test: 83.75%, Best Valid: 89.28%, Best Test: 90.70%
Epoch: 1000, Loss: 0.0002, Train: 83.11%, Valid: 81.42%, Test: 84.27%, Best Valid: 89.28%, Best Test: 90.70%
Epoch: 1100, Loss: 0.0011, Train: 82.08%, Valid: 81.01%, Test: 82.50%, Best Valid: 89.28%, Best Test: 90.70%
Epoch: 1200, Loss: 0.0009, Train: 82.22%, Valid: 80.88%, Test: 83.23%, Best Valid: 89.28%, Best Test: 90.70%
Epoch: 1300, Loss: 0.0014, Train: 77.54%, Valid: 75.20%, Test: 78.14%, Best Valid: 89.28%, Best Test: 90.70%
Epoch: 1400, Loss: 0.0005, Train: 83.91%, Valid: 82.30%, Test: 84.81%, Best Valid: 89.28%, Best Test: 90.70%
Epoch: 1500, Loss: 0.0004, Train: 83.44%, Valid: 81.89%, Test: 84.02%, Best Valid: 89.28%, Best Test: 90.70%
Run 03:
Highest Train: 89.82
Highest Valid: 89.28
Highest Test: 90.73
Chosen epoch: 97
Final Train: 89.81
Final Test: 90.70
Label budget: 5/class -> 75 train nodes
Pre-training MLP for 500 epochs to generate co-occurrence matrix...
Penalty transform 'shuffle': rel Frobenius dist to original = 0.0619, off-diag CV of original penalty = 0.0288
MLP pre-training complete. Penalty matrix frozen.
Epoch: 00, Loss: 4.0335, Train: 12.29%, Valid: 11.97%, Test: 10.96%, Best Valid: 11.97%, Best Test: 10.96%
Switching Polynormer to global attention phase.
Epoch: 100, Loss: 3.7895, Train: 8.03%, Valid: 7.69%, Test: 7.61%, Best Valid: 86.82%, Best Test: 87.32%
Epoch: 200, Loss: 1.5232, Train: 76.20%, Valid: 75.59%, Test: 76.25%, Best Valid: 86.82%, Best Test: 87.32%
Epoch: 300, Loss: 0.0007, Train: 73.36%, Valid: 71.93%, Test: 74.26%, Best Valid: 86.82%, Best Test: 87.32%
Epoch: 400, Loss: 0.0906, Train: 65.01%, Valid: 62.90%, Test: 65.38%, Best Valid: 86.82%, Best Test: 87.32%
Epoch: 500, Loss: 0.0008, Train: 78.84%, Valid: 77.50%, Test: 79.47%, Best Valid: 86.82%, Best Test: 87.32%
Epoch: 600, Loss: 0.0005, Train: 79.58%, Valid: 77.63%, Test: 80.18%, Best Valid: 86.82%, Best Test: 87.32%
Epoch: 700, Loss: 0.0006, Train: 77.55%, Valid: 75.70%, Test: 78.76%, Best Valid: 86.82%, Best Test: 87.32%
Epoch: 800, Loss: 0.0797, Train: 66.12%, Valid: 64.51%, Test: 66.96%, Best Valid: 86.82%, Best Test: 87.32%
Epoch: 900, Loss: 0.0003, Train: 82.24%, Valid: 80.39%, Test: 82.33%, Best Valid: 86.82%, Best Test: 87.32%
Epoch: 1000, Loss: 0.0003, Train: 81.24%, Valid: 79.49%, Test: 81.19%, Best Valid: 86.82%, Best Test: 87.32%
Epoch: 1100, Loss: 0.0011, Train: 78.96%, Valid: 77.55%, Test: 79.44%, Best Valid: 86.82%, Best Test: 87.32%
Epoch: 1200, Loss: 0.0012, Train: 78.21%, Valid: 76.19%, Test: 78.87%, Best Valid: 86.82%, Best Test: 87.32%
Epoch: 1300, Loss: 0.1354, Train: 76.39%, Valid: 75.29%, Test: 76.47%, Best Valid: 86.82%, Best Test: 87.32%
Epoch: 1400, Loss: 0.0030, Train: 77.61%, Valid: 75.34%, Test: 77.34%, Best Valid: 86.82%, Best Test: 87.32%
Epoch: 1500, Loss: 0.0003, Train: 79.05%, Valid: 77.85%, Test: 79.06%, Best Valid: 86.82%, Best Test: 87.32%
Run 04:
Highest Train: 87.74
Highest Valid: 86.82
Highest Test: 87.32
Chosen epoch: 24
Final Train: 87.74
Final Test: 87.32
Label budget: 5/class -> 75 train nodes
Pre-training MLP for 500 epochs to generate co-occurrence matrix...
Penalty transform 'shuffle': rel Frobenius dist to original = 0.0584, off-diag CV of original penalty = 0.0320
MLP pre-training complete. Penalty matrix frozen.
Epoch: 00, Loss: 4.1167, Train: 12.33%, Valid: 12.08%, Test: 10.96%, Best Valid: 12.08%, Best Test: 10.96%
Switching Polynormer to global attention phase.
Epoch: 100, Loss: 3.7913, Train: 22.05%, Valid: 23.92%, Test: 22.74%, Best Valid: 82.11%, Best Test: 84.54%
Epoch: 200, Loss: 0.4097, Train: 59.32%, Valid: 55.86%, Test: 57.99%, Best Valid: 82.11%, Best Test: 84.54%
Epoch: 300, Loss: 0.0374, Train: 69.76%, Valid: 67.29%, Test: 69.93%, Best Valid: 82.11%, Best Test: 84.54%
Epoch: 400, Loss: 0.0047, Train: 80.13%, Valid: 77.55%, Test: 80.15%, Best Valid: 82.11%, Best Test: 84.54%
Epoch: 500, Loss: 0.0038, Train: 79.06%, Valid: 76.87%, Test: 79.17%, Best Valid: 82.11%, Best Test: 84.54%
Epoch: 600, Loss: 0.0011, Train: 83.33%, Valid: 81.48%, Test: 83.51%, Best Valid: 82.11%, Best Test: 84.54%
Epoch: 700, Loss: 0.0003, Train: 79.56%, Valid: 78.12%, Test: 80.78%, Best Valid: 82.11%, Best Test: 84.54%
Epoch: 800, Loss: 0.0148, Train: 81.13%, Valid: 78.91%, Test: 80.97%, Best Valid: 82.11%, Best Test: 84.54%
Epoch: 900, Loss: 0.0006, Train: 80.85%, Valid: 79.62%, Test: 81.35%, Best Valid: 82.11%, Best Test: 84.54%
Epoch: 1000, Loss: 0.3372, Train: 77.33%, Valid: 75.61%, Test: 76.94%, Best Valid: 82.11%, Best Test: 84.54%
Epoch: 1100, Loss: 0.0022, Train: 75.13%, Valid: 73.43%, Test: 75.16%, Best Valid: 82.11%, Best Test: 84.54%
Epoch: 1200, Loss: 0.1278, Train: 75.33%, Valid: 73.57%, Test: 75.57%, Best Valid: 82.11%, Best Test: 84.54%
Epoch: 1300, Loss: 0.0002, Train: 65.22%, Valid: 63.42%, Test: 66.03%, Best Valid: 82.11%, Best Test: 84.54%
Epoch: 1400, Loss: 0.0736, Train: 68.70%, Valid: 66.26%, Test: 68.48%, Best Valid: 82.11%, Best Test: 84.54%
Epoch: 1500, Loss: 0.0009, Train: 73.85%, Valid: 72.67%, Test: 75.00%, Best Valid: 82.11%, Best Test: 84.54%
Run 05:
Highest Train: 83.73
Highest Valid: 83.47
Highest Test: 85.11
Chosen epoch: 1581
Final Train: 83.70
Final Test: 85.11
Label budget: 5/class -> 75 train nodes
Pre-training MLP for 500 epochs to generate co-occurrence matrix...
Penalty transform 'shuffle': rel Frobenius dist to original = 0.0719, off-diag CV of original penalty = 0.0421
MLP pre-training complete. Penalty matrix frozen.
Epoch: 00, Loss: 4.0373, Train: 2.37%, Valid: 2.51%, Test: 2.10%, Best Valid: 2.51%, Best Test: 2.10%
Switching Polynormer to global attention phase.
Epoch: 100, Loss: 3.7913, Train: 11.11%, Valid: 10.91%, Test: 11.21%, Best Valid: 86.14%, Best Test: 88.09%
Epoch: 200, Loss: 0.2622, Train: 74.97%, Valid: 74.17%, Test: 76.12%, Best Valid: 86.14%, Best Test: 88.09%
Epoch: 300, Loss: 0.0015, Train: 85.22%, Valid: 84.02%, Test: 84.79%, Best Valid: 86.14%, Best Test: 88.09%
Epoch: 400, Loss: 0.0005, Train: 84.99%, Valid: 83.01%, Test: 84.43%, Best Valid: 86.14%, Best Test: 88.09%
Epoch: 500, Loss: 0.4533, Train: 78.49%, Valid: 76.00%, Test: 78.30%, Best Valid: 86.14%, Best Test: 88.09%
Epoch: 600, Loss: 0.2089, Train: 81.63%, Valid: 80.85%, Test: 81.90%, Best Valid: 86.14%, Best Test: 88.09%
Epoch: 700, Loss: 0.0040, Train: 84.13%, Valid: 82.49%, Test: 84.08%, Best Valid: 86.14%, Best Test: 88.09%
Epoch: 800, Loss: 0.0007, Train: 83.82%, Valid: 81.45%, Test: 84.27%, Best Valid: 86.14%, Best Test: 88.09%
Epoch: 900, Loss: 0.0005, Train: 84.22%, Valid: 82.38%, Test: 84.24%, Best Valid: 86.14%, Best Test: 88.09%
Epoch: 1000, Loss: 0.0236, Train: 77.63%, Valid: 76.21%, Test: 77.70%, Best Valid: 86.14%, Best Test: 88.09%
Epoch: 1100, Loss: 0.0022, Train: 84.81%, Valid: 83.63%, Test: 85.06%, Best Valid: 86.14%, Best Test: 88.09%
Epoch: 1200, Loss: 0.0124, Train: 80.53%, Valid: 79.05%, Test: 81.38%, Best Valid: 86.14%, Best Test: 88.09%
Epoch: 1300, Loss: 0.0002, Train: 78.71%, Valid: 77.61%, Test: 78.60%, Best Valid: 86.14%, Best Test: 88.09%
Epoch: 1400, Loss: 0.0189, Train: 83.33%, Valid: 82.16%, Test: 83.37%, Best Valid: 86.14%, Best Test: 88.09%
Epoch: 1500, Loss: 0.0342, Train: 78.99%, Valid: 78.51%, Test: 78.60%, Best Valid: 86.14%, Best Test: 88.09%
Run 06:
Highest Train: 87.24
Highest Valid: 86.14
Highest Test: 88.09
Chosen epoch: 44
Final Train: 87.24
Final Test: 88.09
Label budget: 5/class -> 75 train nodes
Pre-training MLP for 500 epochs to generate co-occurrence matrix...
Penalty transform 'shuffle': rel Frobenius dist to original = 0.0587, off-diag CV of original penalty = 0.0260
MLP pre-training complete. Penalty matrix frozen.
Epoch: 00, Loss: 4.0026, Train: 8.03%, Valid: 7.69%, Test: 7.61%, Best Valid: 7.69%, Best Test: 7.61%
Switching Polynormer to global attention phase.
Epoch: 100, Loss: 3.7913, Train: 4.60%, Valid: 4.80%, Test: 5.29%, Best Valid: 88.60%, Best Test: 89.97%
Epoch: 200, Loss: 0.1605, Train: 74.07%, Valid: 73.27%, Test: 74.73%, Best Valid: 88.60%, Best Test: 89.97%
Epoch: 300, Loss: 0.0028, Train: 79.89%, Valid: 77.88%, Test: 80.13%, Best Valid: 88.60%, Best Test: 89.97%
Epoch: 400, Loss: 0.0314, Train: 77.64%, Valid: 75.91%, Test: 76.47%, Best Valid: 88.60%, Best Test: 89.97%
Epoch: 500, Loss: 0.0004, Train: 83.58%, Valid: 82.49%, Test: 83.53%, Best Valid: 88.60%, Best Test: 89.97%
Epoch: 600, Loss: 0.0277, Train: 80.79%, Valid: 79.95%, Test: 81.00%, Best Valid: 88.60%, Best Test: 89.97%
Epoch: 700, Loss: 0.0004, Train: 84.90%, Valid: 83.96%, Test: 84.76%, Best Valid: 88.60%, Best Test: 89.97%
Epoch: 800, Loss: 0.0007, Train: 81.51%, Valid: 80.20%, Test: 81.41%, Best Valid: 88.60%, Best Test: 89.97%
Epoch: 900, Loss: 0.0288, Train: 82.48%, Valid: 80.91%, Test: 82.01%, Best Valid: 88.60%, Best Test: 89.97%
Epoch: 1000, Loss: 0.0008, Train: 83.13%, Valid: 82.41%, Test: 82.99%, Best Valid: 88.60%, Best Test: 89.97%
Epoch: 1100, Loss: 0.0004, Train: 84.18%, Valid: 83.44%, Test: 84.30%, Best Valid: 88.60%, Best Test: 89.97%
Epoch: 1200, Loss: 0.0004, Train: 84.27%, Valid: 83.28%, Test: 84.19%, Best Valid: 88.60%, Best Test: 89.97%
Epoch: 1300, Loss: 0.1009, Train: 85.03%, Valid: 84.10%, Test: 85.14%, Best Valid: 88.60%, Best Test: 89.97%
Epoch: 1400, Loss: 0.0037, Train: 80.53%, Valid: 78.89%, Test: 81.27%, Best Valid: 88.60%, Best Test: 89.97%
Epoch: 1500, Loss: 0.0012, Train: 80.76%, Valid: 80.03%, Test: 81.03%, Best Valid: 88.60%, Best Test: 89.97%
Run 07:
Highest Train: 89.79
Highest Valid: 88.60
Highest Test: 90.19
Chosen epoch: 66
Final Train: 89.35
Final Test: 89.97
Label budget: 5/class -> 75 train nodes
Pre-training MLP for 500 epochs to generate co-occurrence matrix...
Penalty transform 'shuffle': rel Frobenius dist to original = 0.0707, off-diag CV of original penalty = 0.0361
MLP pre-training complete. Penalty matrix frozen.
Epoch: 00, Loss: 4.1516, Train: 6.45%, Valid: 5.84%, Test: 5.86%, Best Valid: 5.84%, Best Test: 5.86%
Switching Polynormer to global attention phase.
Epoch: 100, Loss: 3.7913, Train: 22.05%, Valid: 23.92%, Test: 22.74%, Best Valid: 88.79%, Best Test: 88.96%
Epoch: 200, Loss: 0.1760, Train: 74.02%, Valid: 72.48%, Test: 74.05%, Best Valid: 88.79%, Best Test: 88.96%
Epoch: 300, Loss: 0.0460, Train: 82.25%, Valid: 80.31%, Test: 81.84%, Best Valid: 88.79%, Best Test: 88.96%
Epoch: 400, Loss: 0.0163, Train: 73.72%, Valid: 71.74%, Test: 73.61%, Best Valid: 88.79%, Best Test: 88.96%
Epoch: 500, Loss: 0.0019, Train: 81.38%, Valid: 80.01%, Test: 81.19%, Best Valid: 88.79%, Best Test: 88.96%
Epoch: 600, Loss: 0.0011, Train: 81.08%, Valid: 78.21%, Test: 80.51%, Best Valid: 88.79%, Best Test: 88.96%
Epoch: 700, Loss: 0.0003, Train: 82.78%, Valid: 81.21%, Test: 82.47%, Best Valid: 88.79%, Best Test: 88.96%
Epoch: 800, Loss: 0.1229, Train: 69.45%, Valid: 67.95%, Test: 68.40%, Best Valid: 88.79%, Best Test: 88.96%
Epoch: 900, Loss: 0.0138, Train: 81.46%, Valid: 80.50%, Test: 81.62%, Best Valid: 88.79%, Best Test: 88.96%
Epoch: 1000, Loss: 0.0049, Train: 83.96%, Valid: 83.72%, Test: 84.27%, Best Valid: 88.79%, Best Test: 88.96%
Epoch: 1100, Loss: 0.0003, Train: 84.39%, Valid: 82.62%, Test: 83.83%, Best Valid: 88.79%, Best Test: 88.96%
Epoch: 1200, Loss: 0.0151, Train: 80.48%, Valid: 78.94%, Test: 80.02%, Best Valid: 88.79%, Best Test: 88.96%
Epoch: 1300, Loss: 0.0152, Train: 83.29%, Valid: 81.48%, Test: 82.63%, Best Valid: 88.79%, Best Test: 88.96%
Epoch: 1400, Loss: 0.0011, Train: 85.94%, Valid: 84.29%, Test: 85.20%, Best Valid: 88.79%, Best Test: 88.96%
Epoch: 1500, Loss: 0.0001, Train: 84.53%, Valid: 82.82%, Test: 83.78%, Best Valid: 88.79%, Best Test: 88.96%
Run 08:
Highest Train: 89.37
Highest Valid: 88.79
Highest Test: 89.45
Chosen epoch: 94
Final Train: 89.34
Final Test: 88.96
Label budget: 5/class -> 75 train nodes
Pre-training MLP for 500 epochs to generate co-occurrence matrix...
Penalty transform 'shuffle': rel Frobenius dist to original = 0.0569, off-diag CV of original penalty = 0.0294
MLP pre-training complete. Penalty matrix frozen.
Epoch: 00, Loss: 4.0775, Train: 1.82%, Valid: 1.80%, Test: 1.83%, Best Valid: 1.80%, Best Test: 1.83%
Switching Polynormer to global attention phase.
Epoch: 100, Loss: 3.7911, Train: 1.99%, Valid: 2.07%, Test: 2.07%, Best Valid: 89.69%, Best Test: 90.62%
Epoch: 200, Loss: 0.5404, Train: 65.85%, Valid: 64.48%, Test: 65.35%, Best Valid: 89.69%, Best Test: 90.62%
Epoch: 300, Loss: 0.2358, Train: 70.87%, Valid: 69.20%, Test: 70.28%, Best Valid: 89.69%, Best Test: 90.62%
Epoch: 400, Loss: 0.0241, Train: 79.59%, Valid: 79.30%, Test: 80.07%, Best Valid: 89.69%, Best Test: 90.62%
Epoch: 500, Loss: 0.0106, Train: 83.93%, Valid: 82.49%, Test: 83.53%, Best Valid: 89.69%, Best Test: 90.62%
Epoch: 600, Loss: 0.1263, Train: 80.86%, Valid: 79.27%, Test: 81.24%, Best Valid: 89.69%, Best Test: 90.62%
Epoch: 700, Loss: 0.0137, Train: 68.72%, Valid: 68.09%, Test: 70.09%, Best Valid: 89.69%, Best Test: 90.62%
Epoch: 800, Loss: 0.0474, Train: 74.48%, Valid: 74.25%, Test: 73.94%, Best Valid: 89.69%, Best Test: 90.62%
Epoch: 900, Loss: 0.0040, Train: 83.42%, Valid: 82.82%, Test: 83.78%, Best Valid: 89.69%, Best Test: 90.62%
Epoch: 1000, Loss: 0.0009, Train: 79.62%, Valid: 77.85%, Test: 79.31%, Best Valid: 89.69%, Best Test: 90.62%
Epoch: 1100, Loss: 0.0003, Train: 82.52%, Valid: 80.91%, Test: 82.55%, Best Valid: 89.69%, Best Test: 90.62%
Epoch: 1200, Loss: 0.0005, Train: 84.12%, Valid: 82.41%, Test: 84.19%, Best Valid: 89.69%, Best Test: 90.62%
Epoch: 1300, Loss: 0.0005, Train: 84.03%, Valid: 82.21%, Test: 83.91%, Best Valid: 89.69%, Best Test: 90.62%
Epoch: 1400, Loss: 0.0124, Train: 82.85%, Valid: 80.44%, Test: 83.40%, Best Valid: 89.69%, Best Test: 90.62%
Epoch: 1500, Loss: 0.0111, Train: 81.21%, Valid: 80.58%, Test: 82.14%, Best Valid: 89.69%, Best Test: 90.62%
Run 09:
Highest Train: 90.15
Highest Valid: 89.69
Highest Test: 90.62
Chosen epoch: 40
Final Train: 90.15
Final Test: 90.62
Label budget: 5/class -> 75 train nodes
Pre-training MLP for 500 epochs to generate co-occurrence matrix...
Penalty transform 'shuffle': rel Frobenius dist to original = 0.0674, off-diag CV of original penalty = 0.0337
MLP pre-training complete. Penalty matrix frozen.
Epoch: 00, Loss: 4.0596, Train: 7.65%, Valid: 7.17%, Test: 7.72%, Best Valid: 7.17%, Best Test: 7.72%
Switching Polynormer to global attention phase.
Epoch: 100, Loss: 3.7913, Train: 3.88%, Valid: 3.57%, Test: 4.09%, Best Valid: 88.46%, Best Test: 89.20%
Epoch: 200, Loss: 0.2643, Train: 83.53%, Valid: 82.54%, Test: 83.64%, Best Valid: 88.46%, Best Test: 89.20%
Epoch: 300, Loss: 0.0296, Train: 78.55%, Valid: 77.30%, Test: 79.12%, Best Valid: 88.46%, Best Test: 89.20%
Epoch: 400, Loss: 0.0018, Train: 82.31%, Valid: 81.01%, Test: 82.06%, Best Valid: 88.46%, Best Test: 89.20%
Epoch: 500, Loss: 0.0004, Train: 85.25%, Valid: 84.07%, Test: 84.38%, Best Valid: 88.46%, Best Test: 89.20%
Epoch: 600, Loss: 0.0005, Train: 82.40%, Valid: 82.38%, Test: 81.79%, Best Valid: 88.46%, Best Test: 89.20%
Epoch: 700, Loss: 0.0398, Train: 80.10%, Valid: 78.70%, Test: 79.80%, Best Valid: 88.46%, Best Test: 89.20%
Epoch: 800, Loss: 0.0015, Train: 80.03%, Valid: 79.71%, Test: 81.00%, Best Valid: 88.46%, Best Test: 89.20%
Epoch: 900, Loss: 0.0189, Train: 77.27%, Valid: 75.31%, Test: 76.77%, Best Valid: 88.46%, Best Test: 89.20%
Epoch: 1000, Loss: 0.0022, Train: 81.83%, Valid: 80.93%, Test: 81.54%, Best Valid: 88.46%, Best Test: 89.20%
Epoch: 1100, Loss: 0.0003, Train: 80.72%, Valid: 79.98%, Test: 80.67%, Best Valid: 88.46%, Best Test: 89.20%
Epoch: 1200, Loss: 0.0005, Train: 78.03%, Valid: 77.39%, Test: 78.65%, Best Valid: 88.46%, Best Test: 89.20%
Epoch: 1300, Loss: 0.0004, Train: 81.29%, Valid: 81.01%, Test: 81.43%, Best Valid: 88.46%, Best Test: 89.20%
Epoch: 1400, Loss: 0.0005, Train: 81.53%, Valid: 81.37%, Test: 81.11%, Best Valid: 88.46%, Best Test: 89.20%
Epoch: 1500, Loss: 0.0259, Train: 77.77%, Valid: 76.02%, Test: 77.07%, Best Valid: 88.46%, Best Test: 89.20%
Run 10:
Highest Train: 89.56
Highest Valid: 88.46
Highest Test: 89.99
Chosen epoch: 99
Final Train: 89.47
Final Test: 89.20
All runs:
Highest Train: 88.39 ± 2.03
Highest Test: 88.78 ± 1.97
Highest Valid: 87.60 ± 1.93
  Final Train: 88.24 ± 1.95
   Final Test: 88.45 ± 1.83
Saving results to ../results/lowlabel/coauthor-cs/polynormer.csv
--- mlp_reg/shuffle placebo | lambda=0.8 ---
Namespace(aggregate='add', alpha=0.5, attention='gcn', beta=-1.0, bn=False, budget_tag='5', count_reg=False, count_smoothing=1.0, cpu=False, data_dir='../data/', dataset='coauthor-cs', device=0, dim_inner=64, display_step=100, dropout=0.3, epochs=500, global_dropout=None, global_epochs=1500, global_layers=2, gnn='gcn', graph_weight=0.8, hidden_channels=64, hops=10, in_dropout=0.1, jk=False, label_num_per_class=20, lambda_val=0.8, layers=1, ln=False, local_epochs=100, local_gnn_type='GCN', local_layers=5, lr=0.001, metric='acc', mlp_epochs=500, mlp_reg=True, model='polynormer', model_dir='models/lowlabel_1161133_234', n_heads=8, num_centroids=4096, num_heads=8, oracle_reg=False, paired_seeds=True, pe_types='RWSE', penalty_transform='shuffle', pre_linear=False, pre_ln=False, rand_split=False, rand_split_class=False, reg_start_epoch=10, reg_update_freq=5, res=False, resample_split_per_run=False, result_dir='../results/lowlabel', runs=10, save_model=True, save_result=False, seed=42, test_num=1000, tr_dropout=None, tr_layers=1, tr_weight_decay=None, train_per_class=5, train_prop=0.5, use_act=False, use_bn=False, use_graph=False, use_reg=True, use_residual=False, use_weight=False, valid_num=500, valid_per_class=0, valid_prop=0.25, weight_decay=0.0005)
coauthor-cs
dataset coauthor-cs | num nodes 18333 | num edge 163788 | num node feats 6805 | num classes 15
MODEL: Polynormer(
  (h_lins): ModuleList(
    (0): Linear(in_features=512, out_features=512, bias=True)
    (1): Linear(in_features=512, out_features=512, bias=True)
    (2): Linear(in_features=512, out_features=512, bias=True)
    (3): Linear(in_features=512, out_features=512, bias=True)
    (4): Linear(in_features=512, out_features=512, bias=True)
  )
  (local_convs): ModuleList(
    (0): GATConv(512, 64, heads=8)
    (1): GATConv(512, 64, heads=8)
    (2): GATConv(512, 64, heads=8)
    (3): GATConv(512, 64, heads=8)
    (4): GATConv(512, 64, heads=8)
  )
  (lins): ModuleList(
    (0): Linear(in_features=512, out_features=512, bias=True)
    (1): Linear(in_features=512, out_features=512, bias=True)
    (2): Linear(in_features=512, out_features=512, bias=True)
    (3): Linear(in_features=512, out_features=512, bias=True)
    (4): Linear(in_features=512, out_features=512, bias=True)
  )
  (lns): ModuleList(
    (0): LayerNorm((512,), eps=1e-05, elementwise_affine=True)
    (1): LayerNorm((512,), eps=1e-05, elementwise_affine=True)
    (2): LayerNorm((512,), eps=1e-05, elementwise_affine=True)
    (3): LayerNorm((512,), eps=1e-05, elementwise_affine=True)
    (4): LayerNorm((512,), eps=1e-05, elementwise_affine=True)
  )
  (lin_in): Linear(in_features=6805, out_features=512, bias=True)
  (ln): LayerNorm((512,), eps=1e-05, elementwise_affine=True)
  (global_attn): GlobalAttn(
    (h_lins): ModuleList(
      (0): Linear(in_features=512, out_features=512, bias=True)
      (1): Linear(in_features=512, out_features=512, bias=True)
    )
    (k_lins): ModuleList(
      (0): Linear(in_features=512, out_features=512, bias=True)
      (1): Linear(in_features=512, out_features=512, bias=True)
    )
    (v_lins): ModuleList(
      (0): Linear(in_features=512, out_features=512, bias=True)
      (1): Linear(in_features=512, out_features=512, bias=True)
    )
    (lns): ModuleList(
      (0): LayerNorm((512,), eps=1e-05, elementwise_affine=True)
      (1): LayerNorm((512,), eps=1e-05, elementwise_affine=True)
    )
    (lin_out): Linear(in_features=512, out_features=512, bias=True)
  )
  (pred_local): Linear(in_features=512, out_features=15, bias=True)
  (pred_global): Linear(in_features=512, out_features=15, bias=True)
)
Label budget: 5/class -> 75 train nodes
Pre-training MLP for 500 epochs to generate co-occurrence matrix...
Penalty transform 'shuffle': rel Frobenius dist to original = 0.0693, off-diag CV of original penalty = 0.0333
MLP pre-training complete. Penalty matrix frozen.
Epoch: 00, Loss: 5.1194, Train: 12.30%, Valid: 11.97%, Test: 10.99%, Best Valid: 11.97%, Best Test: 10.99%
Switching Polynormer to global attention phase.
Epoch: 100, Loss: 4.8847, Train: 4.93%, Valid: 4.39%, Test: 4.53%, Best Valid: 89.01%, Best Test: 89.67%
Epoch: 200, Loss: 0.0011, Train: 86.19%, Valid: 84.97%, Test: 85.99%, Best Valid: 89.01%, Best Test: 89.67%
Epoch: 300, Loss: 0.0035, Train: 86.51%, Valid: 85.16%, Test: 85.99%, Best Valid: 89.01%, Best Test: 89.67%
Epoch: 400, Loss: 0.0007, Train: 84.52%, Valid: 83.17%, Test: 83.70%, Best Valid: 89.01%, Best Test: 89.67%
Epoch: 500, Loss: 0.0097, Train: 85.24%, Valid: 84.26%, Test: 85.71%, Best Valid: 89.01%, Best Test: 89.67%
Epoch: 600, Loss: 0.0005, Train: 86.52%, Valid: 85.38%, Test: 86.59%, Best Valid: 89.01%, Best Test: 89.67%
Epoch: 700, Loss: 0.0010, Train: 86.93%, Valid: 86.47%, Test: 86.83%, Best Valid: 89.01%, Best Test: 89.67%
Epoch: 800, Loss: 0.0133, Train: 82.37%, Valid: 82.24%, Test: 82.20%, Best Valid: 89.01%, Best Test: 89.67%
Epoch: 900, Loss: 0.0045, Train: 81.54%, Valid: 81.04%, Test: 81.57%, Best Valid: 89.01%, Best Test: 89.67%
Epoch: 1000, Loss: 0.0037, Train: 77.83%, Valid: 76.68%, Test: 77.13%, Best Valid: 89.01%, Best Test: 89.67%
Epoch: 1100, Loss: 0.0004, Train: 82.49%, Valid: 82.60%, Test: 82.61%, Best Valid: 89.01%, Best Test: 89.67%
Epoch: 1200, Loss: 0.0008, Train: 85.52%, Valid: 85.49%, Test: 85.66%, Best Valid: 89.01%, Best Test: 89.67%
Epoch: 1300, Loss: 0.1206, Train: 87.75%, Valid: 86.82%, Test: 88.22%, Best Valid: 89.01%, Best Test: 89.67%
Epoch: 1400, Loss: 0.2422, Train: 85.59%, Valid: 84.10%, Test: 84.79%, Best Valid: 89.01%, Best Test: 89.67%
Epoch: 1500, Loss: 0.0550, Train: 85.44%, Valid: 84.64%, Test: 84.79%, Best Valid: 89.01%, Best Test: 89.67%
Run 01:
Highest Train: 89.76
Highest Valid: 89.01
Highest Test: 90.29
Chosen epoch: 97
Final Train: 89.37
Final Test: 89.67
Label budget: 5/class -> 75 train nodes
Pre-training MLP for 500 epochs to generate co-occurrence matrix...
Penalty transform 'shuffle': rel Frobenius dist to original = 0.0626, off-diag CV of original penalty = 0.0351
MLP pre-training complete. Penalty matrix frozen.
Epoch: 00, Loss: 5.0953, Train: 9.65%, Valid: 8.87%, Test: 10.01%, Best Valid: 8.87%, Best Test: 10.01%
Switching Polynormer to global attention phase.
Epoch: 100, Loss: 4.8745, Train: 3.88%, Valid: 3.57%, Test: 4.09%, Best Valid: 86.47%, Best Test: 86.86%
Epoch: 200, Loss: 0.6361, Train: 68.85%, Valid: 68.39%, Test: 68.57%, Best Valid: 86.47%, Best Test: 86.86%
Epoch: 300, Loss: 0.0338, Train: 79.74%, Valid: 79.02%, Test: 79.36%, Best Valid: 86.47%, Best Test: 86.86%
Epoch: 400, Loss: 0.0322, Train: 80.39%, Valid: 80.96%, Test: 81.32%, Best Valid: 86.47%, Best Test: 86.86%
Epoch: 500, Loss: 0.0194, Train: 77.20%, Valid: 77.44%, Test: 78.35%, Best Valid: 86.47%, Best Test: 86.86%
Epoch: 600, Loss: 0.0024, Train: 78.93%, Valid: 78.59%, Test: 78.90%, Best Valid: 86.47%, Best Test: 86.86%
Epoch: 700, Loss: 0.0020, Train: 75.92%, Valid: 75.83%, Test: 77.29%, Best Valid: 86.47%, Best Test: 86.86%
Epoch: 800, Loss: 0.0006, Train: 77.37%, Valid: 77.41%, Test: 78.00%, Best Valid: 86.47%, Best Test: 86.86%
Epoch: 900, Loss: 0.0021, Train: 83.35%, Valid: 83.28%, Test: 84.30%, Best Valid: 86.47%, Best Test: 86.86%
Epoch: 1000, Loss: 0.0922, Train: 83.66%, Valid: 83.52%, Test: 84.57%, Best Valid: 86.47%, Best Test: 86.86%
Epoch: 1100, Loss: 0.0006, Train: 82.77%, Valid: 83.01%, Test: 83.02%, Best Valid: 86.47%, Best Test: 86.86%
Epoch: 1200, Loss: 0.2656, Train: 82.15%, Valid: 82.02%, Test: 82.03%, Best Valid: 86.47%, Best Test: 86.86%
Epoch: 1300, Loss: 0.0923, Train: 79.89%, Valid: 79.16%, Test: 79.77%, Best Valid: 86.47%, Best Test: 86.86%
Epoch: 1400, Loss: 0.0003, Train: 76.60%, Valid: 76.43%, Test: 77.21%, Best Valid: 86.93%, Best Test: 86.31%
Epoch: 1500, Loss: 0.0001, Train: 78.27%, Valid: 77.50%, Test: 78.87%, Best Valid: 86.93%, Best Test: 86.31%
Run 02:
Highest Train: 86.99
Highest Valid: 86.93
Highest Test: 86.89
Chosen epoch: 1326
Final Train: 86.82
Final Test: 86.31
Label budget: 5/class -> 75 train nodes
Pre-training MLP for 500 epochs to generate co-occurrence matrix...
Penalty transform 'shuffle': rel Frobenius dist to original = 0.0729, off-diag CV of original penalty = 0.0423
MLP pre-training complete. Penalty matrix frozen.
Epoch: 00, Loss: 5.1258, Train: 2.37%, Valid: 2.51%, Test: 2.07%, Best Valid: 2.51%, Best Test: 2.07%
Switching Polynormer to global attention phase.
Epoch: 100, Loss: 4.8745, Train: 5.16%, Valid: 4.88%, Test: 4.83%, Best Valid: 88.71%, Best Test: 89.94%
Epoch: 200, Loss: 0.5287, Train: 79.36%, Valid: 77.77%, Test: 79.20%, Best Valid: 88.71%, Best Test: 89.94%
Epoch: 300, Loss: 0.0177, Train: 84.25%, Valid: 82.13%, Test: 85.47%, Best Valid: 88.71%, Best Test: 89.94%
Epoch: 400, Loss: 0.0262, Train: 86.04%, Valid: 84.59%, Test: 86.61%, Best Valid: 88.71%, Best Test: 89.94%
Epoch: 500, Loss: 0.0003, Train: 84.94%, Valid: 83.77%, Test: 86.10%, Best Valid: 88.71%, Best Test: 89.94%
Epoch: 600, Loss: 0.3611, Train: 83.31%, Valid: 82.76%, Test: 84.13%, Best Valid: 88.71%, Best Test: 89.94%
Epoch: 700, Loss: 0.0042, Train: 85.77%, Valid: 85.54%, Test: 86.21%, Best Valid: 88.71%, Best Test: 89.94%
Epoch: 800, Loss: 0.0003, Train: 86.12%, Valid: 85.35%, Test: 87.13%, Best Valid: 88.71%, Best Test: 89.94%
Epoch: 900, Loss: 0.0007, Train: 85.09%, Valid: 84.59%, Test: 86.26%, Best Valid: 88.71%, Best Test: 89.94%
Epoch: 1000, Loss: 0.0084, Train: 83.68%, Valid: 82.60%, Test: 84.43%, Best Valid: 88.71%, Best Test: 89.94%
Epoch: 1100, Loss: 0.0027, Train: 87.44%, Valid: 86.09%, Test: 87.27%, Best Valid: 88.71%, Best Test: 89.94%
Epoch: 1200, Loss: 0.0036, Train: 86.22%, Valid: 85.05%, Test: 86.94%, Best Valid: 88.71%, Best Test: 89.94%
Epoch: 1300, Loss: 0.0939, Train: 83.60%, Valid: 82.90%, Test: 85.36%, Best Valid: 88.71%, Best Test: 89.94%
Epoch: 1400, Loss: 0.0154, Train: 79.03%, Valid: 78.86%, Test: 80.89%, Best Valid: 88.71%, Best Test: 89.94%
Epoch: 1500, Loss: 0.0007, Train: 83.48%, Valid: 82.19%, Test: 85.36%, Best Valid: 88.71%, Best Test: 89.94%
Run 03:
Highest Train: 89.38
Highest Valid: 88.71
Highest Test: 90.46
Chosen epoch: 49
Final Train: 89.05
Final Test: 89.94
Label budget: 5/class -> 75 train nodes
Pre-training MLP for 500 epochs to generate co-occurrence matrix...
Penalty transform 'shuffle': rel Frobenius dist to original = 0.0619, off-diag CV of original penalty = 0.0288
MLP pre-training complete. Penalty matrix frozen.
Epoch: 00, Loss: 5.1860, Train: 12.29%, Valid: 11.97%, Test: 10.96%, Best Valid: 11.97%, Best Test: 10.96%
Switching Polynormer to global attention phase.
Epoch: 100, Loss: 4.8739, Train: 11.11%, Valid: 10.91%, Test: 11.21%, Best Valid: 85.82%, Best Test: 87.40%
Epoch: 200, Loss: 0.9242, Train: 72.51%, Valid: 71.44%, Test: 73.75%, Best Valid: 85.82%, Best Test: 87.40%
Epoch: 300, Loss: 0.0080, Train: 81.87%, Valid: 80.25%, Test: 82.20%, Best Valid: 85.82%, Best Test: 87.40%
Epoch: 400, Loss: 0.0953, Train: 68.70%, Valid: 68.06%, Test: 68.95%, Best Valid: 85.82%, Best Test: 87.40%
Epoch: 500, Loss: 0.0008, Train: 76.62%, Valid: 76.54%, Test: 76.88%, Best Valid: 85.82%, Best Test: 87.40%
Epoch: 600, Loss: 0.0003, Train: 77.55%, Valid: 76.98%, Test: 78.46%, Best Valid: 85.82%, Best Test: 87.40%
Epoch: 700, Loss: 0.0154, Train: 80.97%, Valid: 80.09%, Test: 81.54%, Best Valid: 85.82%, Best Test: 87.40%
Epoch: 800, Loss: 0.0012, Train: 79.05%, Valid: 78.78%, Test: 80.07%, Best Valid: 85.82%, Best Test: 87.40%
Epoch: 900, Loss: 0.0003, Train: 73.96%, Valid: 72.75%, Test: 74.40%, Best Valid: 85.82%, Best Test: 87.40%
Epoch: 1000, Loss: 0.0196, Train: 66.15%, Valid: 65.52%, Test: 67.75%, Best Valid: 86.52%, Best Test: 86.72%
Epoch: 1100, Loss: 0.0180, Train: 76.14%, Valid: 74.63%, Test: 76.12%, Best Valid: 86.52%, Best Test: 86.72%
Epoch: 1200, Loss: 0.0023, Train: 81.57%, Valid: 81.10%, Test: 82.47%, Best Valid: 86.52%, Best Test: 86.72%
Epoch: 1300, Loss: 0.0006, Train: 79.03%, Valid: 77.99%, Test: 79.20%, Best Valid: 86.52%, Best Test: 86.72%
Epoch: 1400, Loss: 0.0011, Train: 74.15%, Valid: 72.80%, Test: 75.03%, Best Valid: 86.52%, Best Test: 86.72%
Epoch: 1500, Loss: 0.0205, Train: 72.31%, Valid: 70.40%, Test: 73.20%, Best Valid: 86.52%, Best Test: 86.72%
Run 04:
Highest Train: 87.07
Highest Valid: 86.52
Highest Test: 87.49
Chosen epoch: 952
Final Train: 86.33
Final Test: 86.72
Label budget: 5/class -> 75 train nodes
Pre-training MLP for 500 epochs to generate co-occurrence matrix...
Penalty transform 'shuffle': rel Frobenius dist to original = 0.0584, off-diag CV of original penalty = 0.0320
MLP pre-training complete. Penalty matrix frozen.
Epoch: 00, Loss: 5.2929, Train: 12.35%, Valid: 12.08%, Test: 10.96%, Best Valid: 12.08%, Best Test: 10.96%
Switching Polynormer to global attention phase.
Epoch: 100, Loss: 4.8745, Train: 2.37%, Valid: 2.51%, Test: 2.07%, Best Valid: 82.41%, Best Test: 84.95%
Epoch: 200, Loss: 0.6744, Train: 59.52%, Valid: 59.03%, Test: 59.13%, Best Valid: 82.41%, Best Test: 84.95%
Epoch: 300, Loss: 0.0314, Train: 72.03%, Valid: 71.14%, Test: 73.64%, Best Valid: 82.41%, Best Test: 84.95%
Epoch: 400, Loss: 0.0430, Train: 75.72%, Valid: 74.77%, Test: 75.41%, Best Valid: 82.41%, Best Test: 84.95%
Epoch: 500, Loss: 0.0902, Train: 73.23%, Valid: 71.71%, Test: 73.09%, Best Valid: 82.41%, Best Test: 84.95%
Epoch: 600, Loss: 0.1418, Train: 67.18%, Valid: 66.42%, Test: 67.91%, Best Valid: 82.41%, Best Test: 84.95%
Epoch: 700, Loss: 0.0004, Train: 73.53%, Valid: 72.59%, Test: 74.35%, Best Valid: 82.41%, Best Test: 84.95%
Epoch: 800, Loss: 0.1328, Train: 73.77%, Valid: 73.13%, Test: 74.73%, Best Valid: 82.41%, Best Test: 84.95%
Epoch: 900, Loss: 0.0104, Train: 67.31%, Valid: 65.93%, Test: 68.38%, Best Valid: 82.41%, Best Test: 84.95%
Epoch: 1000, Loss: 0.0025, Train: 67.62%, Valid: 66.37%, Test: 68.87%, Best Valid: 82.41%, Best Test: 84.95%
Epoch: 1100, Loss: 0.0070, Train: 71.59%, Valid: 71.14%, Test: 73.23%, Best Valid: 82.41%, Best Test: 84.95%
Epoch: 1200, Loss: 0.0125, Train: 73.72%, Valid: 73.62%, Test: 75.60%, Best Valid: 82.41%, Best Test: 84.95%
Epoch: 1300, Loss: 0.0013, Train: 76.49%, Valid: 76.16%, Test: 76.91%, Best Valid: 82.41%, Best Test: 84.95%
Epoch: 1400, Loss: 0.0064, Train: 67.12%, Valid: 66.75%, Test: 68.02%, Best Valid: 82.41%, Best Test: 84.95%
Epoch: 1500, Loss: 0.0032, Train: 74.99%, Valid: 73.43%, Test: 74.65%, Best Valid: 82.41%, Best Test: 84.95%
Run 05:
Highest Train: 83.78
Highest Valid: 82.41
Highest Test: 84.95
Chosen epoch: 75
Final Train: 83.41
Final Test: 84.95
Label budget: 5/class -> 75 train nodes
Pre-training MLP for 500 epochs to generate co-occurrence matrix...
Penalty transform 'shuffle': rel Frobenius dist to original = 0.0719, off-diag CV of original penalty = 0.0421
MLP pre-training complete. Penalty matrix frozen.
Epoch: 00, Loss: 5.1908, Train: 2.37%, Valid: 2.51%, Test: 2.07%, Best Valid: 2.51%, Best Test: 2.07%
Switching Polynormer to global attention phase.
Epoch: 100, Loss: 4.8745, Train: 22.05%, Valid: 23.92%, Test: 22.74%, Best Valid: 86.69%, Best Test: 88.55%
Epoch: 200, Loss: 0.8990, Train: 58.73%, Valid: 58.48%, Test: 59.08%, Best Valid: 86.69%, Best Test: 88.55%
Epoch: 300, Loss: 0.2060, Train: 65.72%, Valid: 66.61%, Test: 65.57%, Best Valid: 86.69%, Best Test: 88.55%
Epoch: 400, Loss: 0.0454, Train: 70.42%, Valid: 68.88%, Test: 69.98%, Best Valid: 86.69%, Best Test: 88.55%
Epoch: 500, Loss: 0.0285, Train: 79.73%, Valid: 78.07%, Test: 79.44%, Best Valid: 86.69%, Best Test: 88.55%
Epoch: 600, Loss: 0.0154, Train: 77.03%, Valid: 76.13%, Test: 77.78%, Best Valid: 86.69%, Best Test: 88.55%
Epoch: 700, Loss: 0.0468, Train: 60.57%, Valid: 59.77%, Test: 61.45%, Best Valid: 86.69%, Best Test: 88.55%
Epoch: 800, Loss: 0.0038, Train: 77.22%, Valid: 76.68%, Test: 77.62%, Best Valid: 86.69%, Best Test: 88.55%
Epoch: 900, Loss: 0.0065, Train: 84.21%, Valid: 83.03%, Test: 83.89%, Best Valid: 86.69%, Best Test: 88.55%
Epoch: 1000, Loss: 0.0044, Train: 81.25%, Valid: 80.22%, Test: 81.57%, Best Valid: 86.69%, Best Test: 88.55%
Epoch: 1100, Loss: 0.0189, Train: 77.51%, Valid: 76.60%, Test: 78.05%, Best Valid: 86.69%, Best Test: 88.55%
Epoch: 1200, Loss: 0.0012, Train: 78.29%, Valid: 77.00%, Test: 77.73%, Best Valid: 86.69%, Best Test: 88.55%
Epoch: 1300, Loss: 0.0294, Train: 72.44%, Valid: 69.37%, Test: 72.30%, Best Valid: 86.69%, Best Test: 88.55%
Epoch: 1400, Loss: 0.0062, Train: 74.01%, Valid: 72.97%, Test: 73.80%, Best Valid: 86.69%, Best Test: 88.55%
Epoch: 1500, Loss: 0.0005, Train: 83.39%, Valid: 82.05%, Test: 83.45%, Best Valid: 86.69%, Best Test: 88.55%
Run 06:
Highest Train: 87.86
Highest Valid: 86.69
Highest Test: 88.63
Chosen epoch: 96
Final Train: 87.70
Final Test: 88.55
Label budget: 5/class -> 75 train nodes
Pre-training MLP for 500 epochs to generate co-occurrence matrix...
Penalty transform 'shuffle': rel Frobenius dist to original = 0.0587, off-diag CV of original penalty = 0.0260
MLP pre-training complete. Penalty matrix frozen.
Epoch: 00, Loss: 5.1463, Train: 8.03%, Valid: 7.69%, Test: 7.61%, Best Valid: 7.69%, Best Test: 7.61%
Switching Polynormer to global attention phase.
Epoch: 100, Loss: 4.8745, Train: 4.60%, Valid: 4.80%, Test: 5.29%, Best Valid: 88.27%, Best Test: 89.50%
Epoch: 200, Loss: 0.2240, Train: 71.85%, Valid: 70.73%, Test: 72.66%, Best Valid: 88.27%, Best Test: 89.50%
Epoch: 300, Loss: 0.1097, Train: 66.18%, Valid: 64.73%, Test: 65.92%, Best Valid: 88.27%, Best Test: 89.50%
Epoch: 400, Loss: 0.0251, Train: 84.79%, Valid: 83.52%, Test: 85.31%, Best Valid: 88.27%, Best Test: 89.50%
Epoch: 500, Loss: 0.0629, Train: 78.77%, Valid: 77.30%, Test: 78.63%, Best Valid: 88.27%, Best Test: 89.50%
Epoch: 600, Loss: 0.2085, Train: 78.69%, Valid: 77.66%, Test: 78.82%, Best Valid: 88.27%, Best Test: 89.50%
Epoch: 700, Loss: 0.0011, Train: 84.65%, Valid: 83.72%, Test: 84.71%, Best Valid: 88.27%, Best Test: 89.50%
Epoch: 800, Loss: 0.0005, Train: 83.09%, Valid: 82.24%, Test: 83.04%, Best Valid: 88.27%, Best Test: 89.50%
Epoch: 900, Loss: 0.0021, Train: 82.67%, Valid: 81.21%, Test: 82.50%, Best Valid: 88.27%, Best Test: 89.50%
Epoch: 1000, Loss: 0.0004, Train: 83.19%, Valid: 82.32%, Test: 83.72%, Best Valid: 88.27%, Best Test: 89.50%
Epoch: 1100, Loss: 0.0019, Train: 80.04%, Valid: 79.30%, Test: 80.13%, Best Valid: 88.27%, Best Test: 89.50%
Epoch: 1200, Loss: 0.0006, Train: 83.16%, Valid: 82.35%, Test: 83.10%, Best Valid: 88.27%, Best Test: 89.50%
Epoch: 1300, Loss: 0.0066, Train: 71.56%, Valid: 69.39%, Test: 71.35%, Best Valid: 88.27%, Best Test: 89.50%
Epoch: 1400, Loss: 0.0200, Train: 84.19%, Valid: 83.42%, Test: 83.72%, Best Valid: 88.27%, Best Test: 89.50%
Epoch: 1500, Loss: 0.0007, Train: 84.67%, Valid: 83.91%, Test: 84.65%, Best Valid: 88.27%, Best Test: 89.50%
Run 07:
Highest Train: 89.32
Highest Valid: 88.27
Highest Test: 89.69
Chosen epoch: 86
Final Train: 89.31
Final Test: 89.50
Label budget: 5/class -> 75 train nodes
Pre-training MLP for 500 epochs to generate co-occurrence matrix...
Penalty transform 'shuffle': rel Frobenius dist to original = 0.0707, off-diag CV of original penalty = 0.0361
MLP pre-training complete. Penalty matrix frozen.
Epoch: 00, Loss: 5.3378, Train: 5.28%, Valid: 4.88%, Test: 4.93%, Best Valid: 4.88%, Best Test: 4.93%
Switching Polynormer to global attention phase.
Epoch: 100, Loss: 4.8745, Train: 22.05%, Valid: 23.92%, Test: 22.74%, Best Valid: 89.36%, Best Test: 89.94%
Epoch: 200, Loss: 0.1829, Train: 81.01%, Valid: 79.65%, Test: 80.89%, Best Valid: 89.36%, Best Test: 89.94%
Epoch: 300, Loss: 0.0023, Train: 83.17%, Valid: 82.62%, Test: 82.66%, Best Valid: 89.36%, Best Test: 89.94%
Epoch: 400, Loss: 0.0091, Train: 86.77%, Valid: 86.28%, Test: 87.02%, Best Valid: 89.36%, Best Test: 89.94%
Epoch: 500, Loss: 0.0005, Train: 85.06%, Valid: 84.26%, Test: 85.20%, Best Valid: 89.36%, Best Test: 89.94%
Epoch: 600, Loss: 0.0214, Train: 80.13%, Valid: 79.27%, Test: 79.69%, Best Valid: 89.36%, Best Test: 89.94%
Epoch: 700, Loss: 0.0080, Train: 85.64%, Valid: 84.92%, Test: 85.36%, Best Valid: 89.36%, Best Test: 89.94%
Epoch: 800, Loss: 0.0146, Train: 83.48%, Valid: 82.24%, Test: 82.44%, Best Valid: 89.36%, Best Test: 89.94%
Epoch: 900, Loss: 0.0042, Train: 86.48%, Valid: 85.30%, Test: 85.91%, Best Valid: 89.36%, Best Test: 89.94%
Epoch: 1000, Loss: 0.0009, Train: 84.24%, Valid: 83.69%, Test: 84.43%, Best Valid: 89.36%, Best Test: 89.94%
Epoch: 1100, Loss: 0.0007, Train: 84.53%, Valid: 82.54%, Test: 83.86%, Best Valid: 89.36%, Best Test: 89.94%
Epoch: 1200, Loss: 0.2759, Train: 78.23%, Valid: 77.69%, Test: 78.60%, Best Valid: 89.36%, Best Test: 89.94%
Epoch: 1300, Loss: 0.0006, Train: 82.18%, Valid: 81.15%, Test: 82.17%, Best Valid: 89.36%, Best Test: 89.94%
Epoch: 1400, Loss: 0.0008, Train: 81.09%, Valid: 80.74%, Test: 81.03%, Best Valid: 89.36%, Best Test: 89.94%
Epoch: 1500, Loss: 0.0011, Train: 83.29%, Valid: 82.87%, Test: 82.80%, Best Valid: 89.36%, Best Test: 89.94%
Run 08:
Highest Train: 90.15
Highest Valid: 89.36
Highest Test: 89.94
Chosen epoch: 99
Final Train: 90.04
Final Test: 89.94
Label budget: 5/class -> 75 train nodes
Pre-training MLP for 500 epochs to generate co-occurrence matrix...
Penalty transform 'shuffle': rel Frobenius dist to original = 0.0569, off-diag CV of original penalty = 0.0294
MLP pre-training complete. Penalty matrix frozen.
Epoch: 00, Loss: 5.2425, Train: 8.07%, Valid: 7.42%, Test: 8.02%, Best Valid: 7.42%, Best Test: 8.02%
Switching Polynormer to global attention phase.
Epoch: 100, Loss: 4.8745, Train: 22.05%, Valid: 23.92%, Test: 22.74%, Best Valid: 90.21%, Best Test: 91.36%
Epoch: 200, Loss: 1.1558, Train: 60.95%, Valid: 60.56%, Test: 62.00%, Best Valid: 90.21%, Best Test: 91.36%
Epoch: 300, Loss: 0.2006, Train: 84.72%, Valid: 84.37%, Test: 86.10%, Best Valid: 90.21%, Best Test: 91.36%
Epoch: 400, Loss: 0.0229, Train: 83.03%, Valid: 82.35%, Test: 83.89%, Best Valid: 90.21%, Best Test: 91.36%
Epoch: 500, Loss: 0.0009, Train: 84.65%, Valid: 84.45%, Test: 85.55%, Best Valid: 90.21%, Best Test: 91.36%
Epoch: 600, Loss: 0.0158, Train: 82.30%, Valid: 82.13%, Test: 82.82%, Best Valid: 90.21%, Best Test: 91.36%
Epoch: 700, Loss: 0.0037, Train: 81.96%, Valid: 81.70%, Test: 82.01%, Best Valid: 90.21%, Best Test: 91.36%
Epoch: 800, Loss: 0.0004, Train: 85.83%, Valid: 85.24%, Test: 85.28%, Best Valid: 90.21%, Best Test: 91.36%
Epoch: 900, Loss: 0.0026, Train: 79.41%, Valid: 78.53%, Test: 79.58%, Best Valid: 90.21%, Best Test: 91.36%
Epoch: 1000, Loss: 0.0019, Train: 79.70%, Valid: 79.41%, Test: 80.51%, Best Valid: 90.21%, Best Test: 91.36%
Epoch: 1100, Loss: 0.0002, Train: 77.45%, Valid: 76.92%, Test: 78.33%, Best Valid: 90.21%, Best Test: 91.36%
Epoch: 1200, Loss: 0.0028, Train: 82.43%, Valid: 81.59%, Test: 82.88%, Best Valid: 90.21%, Best Test: 91.36%
Epoch: 1300, Loss: 0.0127, Train: 73.02%, Valid: 72.86%, Test: 73.17%, Best Valid: 90.21%, Best Test: 91.36%
Epoch: 1400, Loss: 0.3519, Train: 77.40%, Valid: 76.27%, Test: 77.48%, Best Valid: 90.21%, Best Test: 91.36%
Epoch: 1500, Loss: 0.0005, Train: 83.87%, Valid: 82.57%, Test: 84.08%, Best Valid: 90.21%, Best Test: 91.36%
Run 09:
Highest Train: 90.58
Highest Valid: 90.21
Highest Test: 91.74
Chosen epoch: 79
Final Train: 90.50
Final Test: 91.36
Label budget: 5/class -> 75 train nodes
Pre-training MLP for 500 epochs to generate co-occurrence matrix...
Penalty transform 'shuffle': rel Frobenius dist to original = 0.0674, off-diag CV of original penalty = 0.0337
MLP pre-training complete. Penalty matrix frozen.
Epoch: 00, Loss: 5.2194, Train: 7.65%, Valid: 7.17%, Test: 7.72%, Best Valid: 7.17%, Best Test: 7.72%
Switching Polynormer to global attention phase.
Epoch: 100, Loss: 4.8740, Train: 4.15%, Valid: 4.50%, Test: 4.20%, Best Valid: 87.86%, Best Test: 88.60%
Epoch: 200, Loss: 0.2344, Train: 74.89%, Valid: 73.05%, Test: 75.76%, Best Valid: 87.86%, Best Test: 88.60%
Epoch: 300, Loss: 0.3295, Train: 78.81%, Valid: 78.18%, Test: 78.22%, Best Valid: 87.86%, Best Test: 88.60%
Epoch: 400, Loss: 0.0355, Train: 86.83%, Valid: 85.27%, Test: 86.72%, Best Valid: 87.86%, Best Test: 88.60%
Epoch: 500, Loss: 0.1344, Train: 64.28%, Valid: 62.68%, Test: 66.19%, Best Valid: 87.86%, Best Test: 88.60%
Epoch: 600, Loss: 0.0066, Train: 79.45%, Valid: 79.76%, Test: 80.04%, Best Valid: 87.86%, Best Test: 88.60%
Epoch: 700, Loss: 0.0021, Train: 82.70%, Valid: 81.91%, Test: 82.20%, Best Valid: 87.86%, Best Test: 88.60%
Epoch: 800, Loss: 0.0005, Train: 82.61%, Valid: 82.11%, Test: 82.93%, Best Valid: 87.86%, Best Test: 88.60%
Epoch: 900, Loss: 0.0013, Train: 78.97%, Valid: 78.18%, Test: 79.23%, Best Valid: 87.86%, Best Test: 88.60%
Epoch: 1000, Loss: 0.0006, Train: 81.92%, Valid: 80.99%, Test: 81.76%, Best Valid: 87.86%, Best Test: 88.60%
Epoch: 1100, Loss: 0.0012, Train: 79.95%, Valid: 78.83%, Test: 79.44%, Best Valid: 87.86%, Best Test: 88.60%
Epoch: 1200, Loss: 0.0132, Train: 75.53%, Valid: 75.34%, Test: 77.02%, Best Valid: 87.86%, Best Test: 88.60%
Epoch: 1300, Loss: 0.0007, Train: 84.92%, Valid: 84.94%, Test: 84.62%, Best Valid: 87.86%, Best Test: 88.60%
Epoch: 1400, Loss: 0.0033, Train: 82.71%, Valid: 82.82%, Test: 82.39%, Best Valid: 87.86%, Best Test: 88.60%
Epoch: 1500, Loss: 0.0034, Train: 85.21%, Valid: 84.12%, Test: 84.16%, Best Valid: 87.86%, Best Test: 88.60%
Run 10:
Highest Train: 89.04
Highest Valid: 87.86
Highest Test: 89.45
Chosen epoch: 28
Final Train: 88.80
Final Test: 88.60
All runs:
Highest Train: 88.39 ± 2.04
Highest Test: 88.95 ± 2.00
Highest Valid: 87.60 ± 2.19
  Final Train: 88.13 ± 2.13
   Final Test: 88.56 ± 1.98
Saving results to ../results/lowlabel/coauthor-cs/polynormer.csv
--- mlp_reg/shuffle placebo | lambda=1.6 ---
Namespace(aggregate='add', alpha=0.5, attention='gcn', beta=-1.0, bn=False, budget_tag='5', count_reg=False, count_smoothing=1.0, cpu=False, data_dir='../data/', dataset='coauthor-cs', device=0, dim_inner=64, display_step=100, dropout=0.3, epochs=500, global_dropout=None, global_epochs=1500, global_layers=2, gnn='gcn', graph_weight=0.8, hidden_channels=64, hops=10, in_dropout=0.1, jk=False, label_num_per_class=20, lambda_val=1.6, layers=1, ln=False, local_epochs=100, local_gnn_type='GCN', local_layers=5, lr=0.001, metric='acc', mlp_epochs=500, mlp_reg=True, model='polynormer', model_dir='models/lowlabel_1161133_234', n_heads=8, num_centroids=4096, num_heads=8, oracle_reg=False, paired_seeds=True, pe_types='RWSE', penalty_transform='shuffle', pre_linear=False, pre_ln=False, rand_split=False, rand_split_class=False, reg_start_epoch=10, reg_update_freq=5, res=False, resample_split_per_run=False, result_dir='../results/lowlabel', runs=10, save_model=True, save_result=False, seed=42, test_num=1000, tr_dropout=None, tr_layers=1, tr_weight_decay=None, train_per_class=5, train_prop=0.5, use_act=False, use_bn=False, use_graph=False, use_reg=True, use_residual=False, use_weight=False, valid_num=500, valid_per_class=0, valid_prop=0.25, weight_decay=0.0005)
coauthor-cs
dataset coauthor-cs | num nodes 18333 | num edge 163788 | num node feats 6805 | num classes 15
MODEL: Polynormer(
  (h_lins): ModuleList(
    (0): Linear(in_features=512, out_features=512, bias=True)
    (1): Linear(in_features=512, out_features=512, bias=True)
    (2): Linear(in_features=512, out_features=512, bias=True)
    (3): Linear(in_features=512, out_features=512, bias=True)
    (4): Linear(in_features=512, out_features=512, bias=True)
  )
  (local_convs): ModuleList(
    (0): GATConv(512, 64, heads=8)
    (1): GATConv(512, 64, heads=8)
    (2): GATConv(512, 64, heads=8)
    (3): GATConv(512, 64, heads=8)
    (4): GATConv(512, 64, heads=8)
  )
  (lins): ModuleList(
    (0): Linear(in_features=512, out_features=512, bias=True)
    (1): Linear(in_features=512, out_features=512, bias=True)
    (2): Linear(in_features=512, out_features=512, bias=True)
    (3): Linear(in_features=512, out_features=512, bias=True)
    (4): Linear(in_features=512, out_features=512, bias=True)
  )
  (lns): ModuleList(
    (0): LayerNorm((512,), eps=1e-05, elementwise_affine=True)
    (1): LayerNorm((512,), eps=1e-05, elementwise_affine=True)
    (2): LayerNorm((512,), eps=1e-05, elementwise_affine=True)
    (3): LayerNorm((512,), eps=1e-05, elementwise_affine=True)
    (4): LayerNorm((512,), eps=1e-05, elementwise_affine=True)
  )
  (lin_in): Linear(in_features=6805, out_features=512, bias=True)
  (ln): LayerNorm((512,), eps=1e-05, elementwise_affine=True)
  (global_attn): GlobalAttn(
    (h_lins): ModuleList(
      (0): Linear(in_features=512, out_features=512, bias=True)
      (1): Linear(in_features=512, out_features=512, bias=True)
    )
    (k_lins): ModuleList(
      (0): Linear(in_features=512, out_features=512, bias=True)
      (1): Linear(in_features=512, out_features=512, bias=True)
    )
    (v_lins): ModuleList(
      (0): Linear(in_features=512, out_features=512, bias=True)
      (1): Linear(in_features=512, out_features=512, bias=True)
    )
    (lns): ModuleList(
      (0): LayerNorm((512,), eps=1e-05, elementwise_affine=True)
      (1): LayerNorm((512,), eps=1e-05, elementwise_affine=True)
    )
    (lin_out): Linear(in_features=512, out_features=512, bias=True)
  )
  (pred_local): Linear(in_features=512, out_features=15, bias=True)
  (pred_global): Linear(in_features=512, out_features=15, bias=True)
)
Label budget: 5/class -> 75 train nodes
Pre-training MLP for 500 epochs to generate co-occurrence matrix...
Penalty transform 'shuffle': rel Frobenius dist to original = 0.0693, off-diag CV of original penalty = 0.0333
MLP pre-training complete. Penalty matrix frozen.
Epoch: 00, Loss: 7.3947, Train: 11.95%, Valid: 11.48%, Test: 10.52%, Best Valid: 11.48%, Best Test: 10.52%
Switching Polynormer to global attention phase.
Epoch: 100, Loss: 7.0861, Train: 8.30%, Valid: 7.50%, Test: 7.88%, Best Valid: 89.25%, Best Test: 90.38%
Epoch: 200, Loss: 0.0014, Train: 83.43%, Valid: 82.76%, Test: 84.16%, Best Valid: 89.25%, Best Test: 90.38%
Epoch: 300, Loss: 0.0002, Train: 84.70%, Valid: 83.36%, Test: 84.73%, Best Valid: 89.25%, Best Test: 90.38%
Epoch: 400, Loss: 0.0462, Train: 74.27%, Valid: 73.19%, Test: 73.69%, Best Valid: 89.25%, Best Test: 90.38%
Epoch: 500, Loss: 0.0003, Train: 89.04%, Valid: 88.30%, Test: 88.88%, Best Valid: 89.25%, Best Test: 90.38%
Epoch: 600, Loss: 0.0016, Train: 86.60%, Valid: 85.62%, Test: 85.41%, Best Valid: 89.25%, Best Test: 90.38%
Epoch: 700, Loss: 0.0005, Train: 86.54%, Valid: 85.49%, Test: 85.22%, Best Valid: 89.25%, Best Test: 90.38%
Epoch: 800, Loss: 0.0046, Train: 86.55%, Valid: 85.08%, Test: 86.01%, Best Valid: 89.25%, Best Test: 90.38%
Epoch: 900, Loss: 0.1395, Train: 84.45%, Valid: 83.85%, Test: 84.65%, Best Valid: 89.25%, Best Test: 90.38%
Epoch: 1000, Loss: 0.0064, Train: 83.97%, Valid: 83.36%, Test: 84.38%, Best Valid: 89.25%, Best Test: 90.38%
Epoch: 1100, Loss: 0.0006, Train: 80.37%, Valid: 78.83%, Test: 79.99%, Best Valid: 89.25%, Best Test: 90.38%
Epoch: 1200, Loss: 0.0089, Train: 83.64%, Valid: 82.11%, Test: 82.74%, Best Valid: 89.25%, Best Test: 90.38%
Epoch: 1300, Loss: 0.5309, Train: 82.21%, Valid: 81.04%, Test: 80.97%, Best Valid: 89.25%, Best Test: 90.38%
Epoch: 1400, Loss: 0.0005, Train: 82.65%, Valid: 81.61%, Test: 82.74%, Best Valid: 89.25%, Best Test: 90.38%
Epoch: 1500, Loss: 0.0005, Train: 83.40%, Valid: 82.65%, Test: 83.53%, Best Valid: 89.25%, Best Test: 90.38%
Run 01:
Highest Train: 89.54
Highest Valid: 89.25
Highest Test: 90.46
Chosen epoch: 47
Final Train: 89.40
Final Test: 90.38
Label budget: 5/class -> 75 train nodes
Pre-training MLP for 500 epochs to generate co-occurrence matrix...
Penalty transform 'shuffle': rel Frobenius dist to original = 0.0626, off-diag CV of original penalty = 0.0351
MLP pre-training complete. Penalty matrix frozen.
Epoch: 00, Loss: 7.3599, Train: 9.22%, Valid: 9.19%, Test: 9.62%, Best Valid: 9.19%, Best Test: 9.62%
Switching Polynormer to global attention phase.
Epoch: 100, Loss: 7.0409, Train: 11.01%, Valid: 11.29%, Test: 11.59%, Best Valid: 86.20%, Best Test: 86.37%
Epoch: 200, Loss: 0.8689, Train: 74.01%, Valid: 73.08%, Test: 73.58%, Best Valid: 86.20%, Best Test: 86.37%
Epoch: 300, Loss: 0.3233, Train: 70.50%, Valid: 69.83%, Test: 69.98%, Best Valid: 86.20%, Best Test: 86.37%
Epoch: 400, Loss: 0.1724, Train: 76.03%, Valid: 74.66%, Test: 75.05%, Best Valid: 86.20%, Best Test: 86.37%
Epoch: 500, Loss: 0.0003, Train: 69.70%, Valid: 67.95%, Test: 69.77%, Best Valid: 86.20%, Best Test: 86.37%
Epoch: 600, Loss: 0.0003, Train: 82.72%, Valid: 81.97%, Test: 82.36%, Best Valid: 86.20%, Best Test: 86.37%
Epoch: 700, Loss: 0.0118, Train: 74.46%, Valid: 72.83%, Test: 74.40%, Best Valid: 86.20%, Best Test: 86.37%
Epoch: 800, Loss: 0.2027, Train: 73.75%, Valid: 75.07%, Test: 74.35%, Best Valid: 86.20%, Best Test: 86.37%
Epoch: 900, Loss: 0.0152, Train: 67.27%, Valid: 64.92%, Test: 67.80%, Best Valid: 86.20%, Best Test: 86.37%
Epoch: 1000, Loss: 0.0012, Train: 73.18%, Valid: 72.07%, Test: 73.72%, Best Valid: 86.20%, Best Test: 86.37%
Epoch: 1100, Loss: 0.0007, Train: 81.87%, Valid: 81.10%, Test: 81.90%, Best Valid: 86.20%, Best Test: 86.37%
Epoch: 1200, Loss: 0.4589, Train: 74.14%, Valid: 72.29%, Test: 73.01%, Best Valid: 86.20%, Best Test: 86.37%
Epoch: 1300, Loss: 0.1002, Train: 77.93%, Valid: 77.55%, Test: 77.59%, Best Valid: 86.20%, Best Test: 86.37%
Epoch: 1400, Loss: 0.0001, Train: 78.09%, Valid: 77.14%, Test: 78.22%, Best Valid: 86.20%, Best Test: 86.37%
Epoch: 1500, Loss: 0.0135, Train: 74.06%, Valid: 72.23%, Test: 73.61%, Best Valid: 86.20%, Best Test: 86.37%
Run 02:
Highest Train: 86.56
Highest Valid: 86.20
Highest Test: 86.45
Chosen epoch: 71
Final Train: 86.49
Final Test: 86.37
Label budget: 5/class -> 75 train nodes
Pre-training MLP for 500 epochs to generate co-occurrence matrix...
Penalty transform 'shuffle': rel Frobenius dist to original = 0.0729, off-diag CV of original penalty = 0.0423
MLP pre-training complete. Penalty matrix frozen.
Epoch: 00, Loss: 7.4039, Train: 2.37%, Valid: 2.51%, Test: 2.07%, Best Valid: 2.51%, Best Test: 2.07%
Switching Polynormer to global attention phase.
Epoch: 100, Loss: 7.0409, Train: 5.16%, Valid: 4.88%, Test: 4.83%, Best Valid: 89.50%, Best Test: 90.38%
Epoch: 200, Loss: 0.5980, Train: 77.23%, Valid: 75.40%, Test: 77.86%, Best Valid: 89.50%, Best Test: 90.38%
Epoch: 300, Loss: 0.3170, Train: 81.38%, Valid: 79.43%, Test: 81.13%, Best Valid: 89.50%, Best Test: 90.38%
Epoch: 400, Loss: 0.0271, Train: 77.46%, Valid: 75.83%, Test: 79.80%, Best Valid: 89.50%, Best Test: 90.38%
Epoch: 500, Loss: 0.0002, Train: 81.15%, Valid: 80.58%, Test: 82.33%, Best Valid: 89.50%, Best Test: 90.38%
Epoch: 600, Loss: 0.0091, Train: 83.03%, Valid: 82.57%, Test: 83.64%, Best Valid: 89.50%, Best Test: 90.38%
Epoch: 700, Loss: 0.0217, Train: 81.21%, Valid: 80.22%, Test: 81.22%, Best Valid: 89.50%, Best Test: 90.38%
Epoch: 800, Loss: 0.0019, Train: 87.31%, Valid: 85.71%, Test: 87.00%, Best Valid: 89.50%, Best Test: 90.38%
Epoch: 900, Loss: 0.0013, Train: 86.51%, Valid: 85.27%, Test: 86.40%, Best Valid: 89.50%, Best Test: 90.38%
Epoch: 1000, Loss: 0.0018, Train: 84.90%, Valid: 84.10%, Test: 85.80%, Best Valid: 89.50%, Best Test: 90.38%
Epoch: 1100, Loss: 0.0010, Train: 86.25%, Valid: 85.49%, Test: 87.35%, Best Valid: 89.50%, Best Test: 90.38%
Epoch: 1200, Loss: 0.0171, Train: 85.36%, Valid: 83.99%, Test: 85.80%, Best Valid: 89.50%, Best Test: 90.38%
Epoch: 1300, Loss: 0.0029, Train: 79.56%, Valid: 78.31%, Test: 80.64%, Best Valid: 89.50%, Best Test: 90.38%
Epoch: 1400, Loss: 0.0051, Train: 83.95%, Valid: 82.84%, Test: 85.39%, Best Valid: 89.50%, Best Test: 90.38%
Epoch: 1500, Loss: 0.0004, Train: 84.68%, Valid: 84.02%, Test: 85.03%, Best Valid: 89.50%, Best Test: 90.38%
Run 03:
Highest Train: 90.15
Highest Valid: 89.50
Highest Test: 90.79
Chosen epoch: 49
Final Train: 89.84
Final Test: 90.38
Label budget: 5/class -> 75 train nodes
Pre-training MLP for 500 epochs to generate co-occurrence matrix...
Penalty transform 'shuffle': rel Frobenius dist to original = 0.0619, off-diag CV of original penalty = 0.0288
MLP pre-training complete. Penalty matrix frozen.
Epoch: 00, Loss: 7.4909, Train: 12.29%, Valid: 11.97%, Test: 10.96%, Best Valid: 11.97%, Best Test: 10.96%
Switching Polynormer to global attention phase.
Epoch: 100, Loss: 7.0386, Train: 2.37%, Valid: 2.51%, Test: 2.07%, Best Valid: 85.57%, Best Test: 87.13%
Epoch: 200, Loss: 0.0926, Train: 80.96%, Valid: 79.60%, Test: 81.11%, Best Valid: 85.57%, Best Test: 87.13%
Epoch: 300, Loss: 0.0075, Train: 80.59%, Valid: 78.72%, Test: 81.13%, Best Valid: 85.57%, Best Test: 87.13%
Epoch: 400, Loss: 0.0017, Train: 62.89%, Valid: 61.51%, Test: 63.77%, Best Valid: 85.57%, Best Test: 87.13%
Epoch: 500, Loss: 0.0124, Train: 78.07%, Valid: 78.40%, Test: 78.57%, Best Valid: 85.57%, Best Test: 87.13%
Epoch: 600, Loss: 0.0034, Train: 81.36%, Valid: 81.23%, Test: 82.77%, Best Valid: 85.57%, Best Test: 87.13%
Epoch: 700, Loss: 0.0486, Train: 80.42%, Valid: 80.09%, Test: 82.14%, Best Valid: 85.57%, Best Test: 87.13%
Epoch: 800, Loss: 0.0002, Train: 80.58%, Valid: 79.13%, Test: 81.03%, Best Valid: 85.57%, Best Test: 87.13%
Epoch: 900, Loss: 0.2258, Train: 76.17%, Valid: 74.50%, Test: 76.39%, Best Valid: 85.57%, Best Test: 87.13%
Epoch: 1000, Loss: 0.0441, Train: 83.53%, Valid: 82.32%, Test: 83.51%, Best Valid: 85.57%, Best Test: 87.13%
Epoch: 1100, Loss: 0.0034, Train: 74.42%, Valid: 72.29%, Test: 75.35%, Best Valid: 85.57%, Best Test: 87.13%
Epoch: 1200, Loss: 0.0445, Train: 81.23%, Valid: 80.31%, Test: 81.13%, Best Valid: 85.57%, Best Test: 87.13%
Epoch: 1300, Loss: 0.0002, Train: 84.89%, Valid: 84.51%, Test: 86.31%, Best Valid: 85.57%, Best Test: 87.13%
Epoch: 1400, Loss: 0.0003, Train: 84.82%, Valid: 84.23%, Test: 85.69%, Best Valid: 85.57%, Best Test: 87.13%
Epoch: 1500, Loss: 0.0010, Train: 84.37%, Valid: 83.74%, Test: 85.17%, Best Valid: 85.57%, Best Test: 87.13%
Run 04:
Highest Train: 86.67
Highest Valid: 85.57
Highest Test: 87.13
Chosen epoch: 23
Final Train: 86.38
Final Test: 87.13
Label budget: 5/class -> 75 train nodes
Pre-training MLP for 500 epochs to generate co-occurrence matrix...
Penalty transform 'shuffle': rel Frobenius dist to original = 0.0584, off-diag CV of original penalty = 0.0320
MLP pre-training complete. Penalty matrix frozen.
Epoch: 00, Loss: 7.6453, Train: 12.40%, Valid: 12.14%, Test: 11.10%, Best Valid: 12.14%, Best Test: 11.10%
Switching Polynormer to global attention phase.
Epoch: 100, Loss: 7.0409, Train: 2.37%, Valid: 2.51%, Test: 2.07%, Best Valid: 81.86%, Best Test: 83.94%
Epoch: 200, Loss: 0.5618, Train: 74.96%, Valid: 71.96%, Test: 74.40%, Best Valid: 81.86%, Best Test: 83.94%
Epoch: 300, Loss: 0.2472, Train: 66.32%, Valid: 63.94%, Test: 66.96%, Best Valid: 81.86%, Best Test: 83.94%
Epoch: 400, Loss: 0.0651, Train: 64.60%, Valid: 62.03%, Test: 65.05%, Best Valid: 81.86%, Best Test: 83.94%
Epoch: 500, Loss: 0.0018, Train: 80.10%, Valid: 77.80%, Test: 80.23%, Best Valid: 81.86%, Best Test: 83.94%
Epoch: 600, Loss: 0.0050, Train: 76.23%, Valid: 74.36%, Test: 77.40%, Best Valid: 81.86%, Best Test: 83.94%
Epoch: 700, Loss: 0.0187, Train: 75.93%, Valid: 74.22%, Test: 76.66%, Best Valid: 81.86%, Best Test: 83.94%
Epoch: 800, Loss: 0.0374, Train: 78.35%, Valid: 76.70%, Test: 78.68%, Best Valid: 81.86%, Best Test: 83.94%
Epoch: 900, Loss: 0.0021, Train: 75.59%, Valid: 73.92%, Test: 75.79%, Best Valid: 81.86%, Best Test: 83.94%
Epoch: 1000, Loss: 0.0008, Train: 77.80%, Valid: 75.67%, Test: 77.67%, Best Valid: 81.86%, Best Test: 83.94%
Epoch: 1100, Loss: 0.0721, Train: 80.17%, Valid: 78.31%, Test: 80.34%, Best Valid: 81.86%, Best Test: 83.94%
Epoch: 1200, Loss: 0.0042, Train: 75.66%, Valid: 73.87%, Test: 75.60%, Best Valid: 81.86%, Best Test: 83.94%
Epoch: 1300, Loss: 0.0103, Train: 76.91%, Valid: 74.44%, Test: 75.93%, Best Valid: 81.86%, Best Test: 83.94%
Epoch: 1400, Loss: 0.0013, Train: 78.72%, Valid: 77.03%, Test: 79.33%, Best Valid: 81.86%, Best Test: 83.94%
Epoch: 1500, Loss: 0.4965, Train: 62.29%, Valid: 60.34%, Test: 63.25%, Best Valid: 81.86%, Best Test: 83.94%
Run 05:
Highest Train: 83.28
Highest Valid: 81.86
Highest Test: 84.24
Chosen epoch: 67
Final Train: 83.28
Final Test: 83.94
Label budget: 5/class -> 75 train nodes
Pre-training MLP for 500 epochs to generate co-occurrence matrix...
Penalty transform 'shuffle': rel Frobenius dist to original = 0.0719, off-diag CV of original penalty = 0.0421
MLP pre-training complete. Penalty matrix frozen.
Epoch: 00, Loss: 7.4978, Train: 2.37%, Valid: 2.51%, Test: 2.07%, Best Valid: 2.51%, Best Test: 2.07%
Switching Polynormer to global attention phase.
Epoch: 100, Loss: 7.0409, Train: 2.37%, Valid: 2.51%, Test: 2.07%, Best Valid: 87.18%, Best Test: 88.30%
Epoch: 200, Loss: 1.5288, Train: 78.83%, Valid: 77.55%, Test: 78.33%, Best Valid: 87.18%, Best Test: 88.30%
Epoch: 300, Loss: 0.0020, Train: 85.44%, Valid: 84.10%, Test: 85.71%, Best Valid: 87.18%, Best Test: 88.30%
Epoch: 400, Loss: 0.1180, Train: 77.45%, Valid: 76.87%, Test: 78.27%, Best Valid: 87.18%, Best Test: 88.30%
Epoch: 500, Loss: 0.0015, Train: 82.83%, Valid: 82.16%, Test: 83.18%, Best Valid: 87.18%, Best Test: 88.30%
Epoch: 600, Loss: 0.0146, Train: 81.44%, Valid: 80.17%, Test: 80.78%, Best Valid: 87.18%, Best Test: 88.30%
Epoch: 700, Loss: 0.0006, Train: 83.60%, Valid: 82.35%, Test: 83.29%, Best Valid: 87.18%, Best Test: 88.30%
Epoch: 800, Loss: 0.0009, Train: 79.97%, Valid: 78.75%, Test: 79.88%, Best Valid: 87.18%, Best Test: 88.30%
Epoch: 900, Loss: 0.4371, Train: 78.61%, Valid: 77.06%, Test: 78.87%, Best Valid: 87.18%, Best Test: 88.30%
Epoch: 1000, Loss: 0.0025, Train: 81.56%, Valid: 80.14%, Test: 81.27%, Best Valid: 87.18%, Best Test: 88.30%
Epoch: 1100, Loss: 0.0006, Train: 81.37%, Valid: 79.92%, Test: 81.24%, Best Valid: 87.18%, Best Test: 88.30%
Epoch: 1200, Loss: 0.0094, Train: 82.05%, Valid: 80.74%, Test: 81.49%, Best Valid: 87.18%, Best Test: 88.30%
Epoch: 1300, Loss: 0.0062, Train: 82.48%, Valid: 81.21%, Test: 82.66%, Best Valid: 87.18%, Best Test: 88.30%
Epoch: 1400, Loss: 0.0028, Train: 84.03%, Valid: 83.61%, Test: 84.32%, Best Valid: 87.18%, Best Test: 88.30%
Epoch: 1500, Loss: 0.0082, Train: 82.74%, Valid: 81.48%, Test: 83.51%, Best Valid: 87.18%, Best Test: 88.30%
Run 06:
Highest Train: 88.08
Highest Valid: 87.18
Highest Test: 88.77
Chosen epoch: 52
Final Train: 87.89
Final Test: 88.30
Label budget: 5/class -> 75 train nodes
Pre-training MLP for 500 epochs to generate co-occurrence matrix...
Penalty transform 'shuffle': rel Frobenius dist to original = 0.0587, off-diag CV of original penalty = 0.0260
MLP pre-training complete. Penalty matrix frozen.
Epoch: 00, Loss: 7.4335, Train: 8.03%, Valid: 7.69%, Test: 7.61%, Best Valid: 7.69%, Best Test: 7.61%
Switching Polynormer to global attention phase.
Epoch: 100, Loss: 7.0409, Train: 4.60%, Valid: 4.80%, Test: 5.29%, Best Valid: 88.73%, Best Test: 90.05%
Epoch: 200, Loss: 0.1286, Train: 71.14%, Valid: 70.24%, Test: 70.69%, Best Valid: 88.73%, Best Test: 90.05%
Epoch: 300, Loss: 0.8450, Train: 77.80%, Valid: 76.35%, Test: 77.07%, Best Valid: 88.73%, Best Test: 90.05%
Epoch: 400, Loss: 0.0086, Train: 65.95%, Valid: 63.09%, Test: 65.29%, Best Valid: 88.73%, Best Test: 90.05%
Epoch: 500, Loss: 0.0953, Train: 76.68%, Valid: 75.86%, Test: 77.70%, Best Valid: 88.73%, Best Test: 90.05%
Epoch: 600, Loss: 0.2393, Train: 77.11%, Valid: 76.60%, Test: 76.77%, Best Valid: 88.73%, Best Test: 90.05%
Epoch: 700, Loss: 0.0006, Train: 85.36%, Valid: 84.48%, Test: 84.98%, Best Valid: 88.73%, Best Test: 90.05%
Epoch: 800, Loss: 0.0010, Train: 84.01%, Valid: 83.47%, Test: 83.62%, Best Valid: 88.73%, Best Test: 90.05%
Epoch: 900, Loss: 0.0028, Train: 84.32%, Valid: 83.01%, Test: 84.00%, Best Valid: 88.73%, Best Test: 90.05%
Epoch: 1000, Loss: 0.0116, Train: 86.59%, Valid: 85.24%, Test: 87.00%, Best Valid: 88.73%, Best Test: 90.05%
Epoch: 1100, Loss: 0.0007, Train: 87.27%, Valid: 85.62%, Test: 87.54%, Best Valid: 88.73%, Best Test: 90.05%
Epoch: 1200, Loss: 0.0088, Train: 83.53%, Valid: 83.09%, Test: 83.70%, Best Valid: 88.73%, Best Test: 90.05%
Epoch: 1300, Loss: 0.0009, Train: 83.84%, Valid: 82.62%, Test: 84.54%, Best Valid: 88.73%, Best Test: 90.05%
Epoch: 1400, Loss: 0.0011, Train: 82.25%, Valid: 80.85%, Test: 82.12%, Best Valid: 88.73%, Best Test: 90.05%
Epoch: 1500, Loss: 0.0005, Train: 82.61%, Valid: 80.50%, Test: 82.12%, Best Valid: 88.73%, Best Test: 90.05%
Run 07:
Highest Train: 89.60
Highest Valid: 88.73
Highest Test: 90.05
Chosen epoch: 99
Final Train: 89.54
Final Test: 90.05
Label budget: 5/class -> 75 train nodes
Pre-training MLP for 500 epochs to generate co-occurrence matrix...
Penalty transform 'shuffle': rel Frobenius dist to original = 0.0707, off-diag CV of original penalty = 0.0361
MLP pre-training complete. Penalty matrix frozen.
Epoch: 00, Loss: 7.7101, Train: 6.49%, Valid: 6.36%, Test: 6.65%, Best Valid: 6.36%, Best Test: 6.65%
Switching Polynormer to global attention phase.
Epoch: 100, Loss: 7.0413, Train: 2.45%, Valid: 1.91%, Test: 2.18%, Best Valid: 89.01%, Best Test: 89.48%
Epoch: 200, Loss: 0.8662, Train: 63.29%, Valid: 61.40%, Test: 60.39%, Best Valid: 89.01%, Best Test: 89.48%
Epoch: 300, Loss: 0.0208, Train: 84.23%, Valid: 83.61%, Test: 84.16%, Best Valid: 89.01%, Best Test: 89.48%
Epoch: 400, Loss: 0.0092, Train: 78.90%, Valid: 77.41%, Test: 78.22%, Best Valid: 89.01%, Best Test: 89.48%
Epoch: 500, Loss: 0.0006, Train: 84.82%, Valid: 83.39%, Test: 84.00%, Best Valid: 89.01%, Best Test: 89.48%
Epoch: 600, Loss: 0.0005, Train: 84.96%, Valid: 83.50%, Test: 84.08%, Best Valid: 89.01%, Best Test: 89.48%
Epoch: 700, Loss: 0.0463, Train: 81.45%, Valid: 79.46%, Test: 81.11%, Best Valid: 89.01%, Best Test: 89.48%
Epoch: 800, Loss: 0.0048, Train: 81.97%, Valid: 80.36%, Test: 81.11%, Best Valid: 89.01%, Best Test: 89.48%
Epoch: 900, Loss: 0.0004, Train: 85.95%, Valid: 84.37%, Test: 85.17%, Best Valid: 89.01%, Best Test: 89.48%
Epoch: 1000, Loss: 0.0006, Train: 85.70%, Valid: 84.12%, Test: 84.79%, Best Valid: 89.01%, Best Test: 89.48%
Epoch: 1100, Loss: 0.0027, Train: 83.08%, Valid: 81.72%, Test: 83.45%, Best Valid: 89.01%, Best Test: 89.48%
Epoch: 1200, Loss: 0.0009, Train: 85.14%, Valid: 83.99%, Test: 85.44%, Best Valid: 89.01%, Best Test: 89.48%
Epoch: 1300, Loss: 0.0050, Train: 85.57%, Valid: 84.10%, Test: 85.17%, Best Valid: 89.01%, Best Test: 89.48%
Epoch: 1400, Loss: 0.0556, Train: 83.50%, Valid: 81.70%, Test: 82.61%, Best Valid: 89.01%, Best Test: 89.48%
Epoch: 1500, Loss: 0.0005, Train: 85.71%, Valid: 84.10%, Test: 85.55%, Best Valid: 89.01%, Best Test: 89.48%
Run 08:
Highest Train: 90.07
Highest Valid: 89.01
Highest Test: 89.48
Chosen epoch: 34
Final Train: 90.04
Final Test: 89.48
Label budget: 5/class -> 75 train nodes
Pre-training MLP for 500 epochs to generate co-occurrence matrix...
Penalty transform 'shuffle': rel Frobenius dist to original = 0.0569, off-diag CV of original penalty = 0.0294
MLP pre-training complete. Penalty matrix frozen.
Epoch: 00, Loss: 7.5724, Train: 11.46%, Valid: 11.21%, Test: 11.70%, Best Valid: 11.21%, Best Test: 11.70%
Switching Polynormer to global attention phase.
Epoch: 100, Loss: 7.0409, Train: 11.11%, Valid: 10.91%, Test: 11.21%, Best Valid: 89.01%, Best Test: 89.61%
Epoch: 200, Loss: 0.8532, Train: 66.95%, Valid: 66.12%, Test: 67.42%, Best Valid: 89.01%, Best Test: 89.61%
Epoch: 300, Loss: 0.0465, Train: 76.68%, Valid: 75.26%, Test: 76.91%, Best Valid: 89.01%, Best Test: 89.61%
Epoch: 400, Loss: 0.2080, Train: 74.50%, Valid: 74.11%, Test: 73.64%, Best Valid: 89.01%, Best Test: 89.61%
Epoch: 500, Loss: 0.0013, Train: 83.56%, Valid: 82.41%, Test: 83.21%, Best Valid: 89.01%, Best Test: 89.61%
Epoch: 600, Loss: 0.0616, Train: 84.76%, Valid: 84.48%, Test: 85.11%, Best Valid: 89.01%, Best Test: 89.61%
Epoch: 700, Loss: 0.0013, Train: 80.11%, Valid: 79.71%, Test: 80.29%, Best Valid: 89.01%, Best Test: 89.61%
Epoch: 800, Loss: 0.0482, Train: 83.07%, Valid: 81.21%, Test: 82.03%, Best Valid: 89.01%, Best Test: 89.61%
Epoch: 900, Loss: 0.0370, Train: 87.74%, Valid: 86.99%, Test: 87.54%, Best Valid: 89.01%, Best Test: 89.61%
Epoch: 1000, Loss: 0.0366, Train: 85.54%, Valid: 84.48%, Test: 84.87%, Best Valid: 89.01%, Best Test: 89.61%
Epoch: 1100, Loss: 0.0040, Train: 84.42%, Valid: 83.61%, Test: 84.90%, Best Valid: 89.01%, Best Test: 89.61%
Epoch: 1200, Loss: 0.0016, Train: 86.08%, Valid: 85.08%, Test: 86.56%, Best Valid: 89.01%, Best Test: 89.61%
Epoch: 1300, Loss: 0.0016, Train: 81.36%, Valid: 80.06%, Test: 81.60%, Best Valid: 89.01%, Best Test: 89.61%
Epoch: 1400, Loss: 0.0008, Train: 83.45%, Valid: 82.57%, Test: 84.21%, Best Valid: 89.01%, Best Test: 89.61%
Epoch: 1500, Loss: 0.0017, Train: 85.79%, Valid: 85.02%, Test: 86.04%, Best Valid: 89.01%, Best Test: 89.61%
Run 09:
Highest Train: 89.48
Highest Valid: 89.01
Highest Test: 89.97
Chosen epoch: 60
Final Train: 89.48
Final Test: 89.61
Label budget: 5/class -> 75 train nodes
Pre-training MLP for 500 epochs to generate co-occurrence matrix...
Penalty transform 'shuffle': rel Frobenius dist to original = 0.0674, off-diag CV of original penalty = 0.0337
MLP pre-training complete. Penalty matrix frozen.
Epoch: 00, Loss: 7.5392, Train: 7.65%, Valid: 7.17%, Test: 7.72%, Best Valid: 7.17%, Best Test: 7.72%
Switching Polynormer to global attention phase.
Epoch: 100, Loss: 7.0409, Train: 11.11%, Valid: 10.91%, Test: 11.21%, Best Valid: 88.79%, Best Test: 90.32%
Epoch: 200, Loss: 1.3941, Train: 65.55%, Valid: 64.32%, Test: 66.58%, Best Valid: 88.79%, Best Test: 90.32%
Epoch: 300, Loss: 0.0592, Train: 79.47%, Valid: 77.91%, Test: 79.31%, Best Valid: 88.79%, Best Test: 90.32%
Epoch: 400, Loss: 0.3655, Train: 58.07%, Valid: 56.60%, Test: 56.87%, Best Valid: 88.79%, Best Test: 90.32%
Epoch: 500, Loss: 0.0088, Train: 82.35%, Valid: 81.64%, Test: 82.36%, Best Valid: 88.79%, Best Test: 90.32%
Epoch: 600, Loss: 0.0021, Train: 81.13%, Valid: 80.28%, Test: 80.86%, Best Valid: 88.79%, Best Test: 90.32%
Epoch: 700, Loss: 0.1364, Train: 81.17%, Valid: 80.82%, Test: 80.56%, Best Valid: 88.79%, Best Test: 90.32%
Epoch: 800, Loss: 0.0099, Train: 74.75%, Valid: 74.63%, Test: 74.56%, Best Valid: 88.79%, Best Test: 90.32%
Epoch: 900, Loss: 0.0020, Train: 82.64%, Valid: 81.89%, Test: 82.69%, Best Valid: 88.79%, Best Test: 90.32%
Epoch: 1000, Loss: 0.0008, Train: 82.46%, Valid: 81.40%, Test: 82.01%, Best Valid: 88.79%, Best Test: 90.32%
Epoch: 1100, Loss: 0.0009, Train: 83.82%, Valid: 82.79%, Test: 83.26%, Best Valid: 88.79%, Best Test: 90.32%
Epoch: 1200, Loss: 0.0009, Train: 82.70%, Valid: 81.56%, Test: 81.95%, Best Valid: 88.79%, Best Test: 90.32%
Epoch: 1300, Loss: 0.0376, Train: 75.89%, Valid: 75.26%, Test: 75.85%, Best Valid: 88.79%, Best Test: 90.32%
Epoch: 1400, Loss: 0.0013, Train: 84.86%, Valid: 83.96%, Test: 83.45%, Best Valid: 88.79%, Best Test: 90.32%
Epoch: 1500, Loss: 0.0006, Train: 80.82%, Valid: 79.68%, Test: 79.74%, Best Valid: 88.79%, Best Test: 90.32%
Run 10:
Highest Train: 89.97
Highest Valid: 88.79
Highest Test: 90.40
Chosen epoch: 81
Final Train: 89.97
Final Test: 90.32
All runs:
Highest Train: 88.34 ± 2.23
Highest Test: 88.77 ± 2.15
Highest Valid: 87.51 ± 2.41
  Final Train: 88.23 ± 2.23
   Final Test: 88.60 ± 2.16
Saving results to ../results/lowlabel/coauthor-cs/polynormer.csv
Low-label sweep completed.
Task 234 done.
