==========================================================
Placebo sweep | Task 34
Job: 1108495 | Date: Thu Jul 16 05:33:16 PM EDT 2026 | Host: n0001
==========================================================
Thu Jul 16 17:33:22 2026       
+-----------------------------------------------------------------------------------------+
| NVIDIA-SMI 580.159.04             Driver Version: 580.159.04     CUDA Version: 13.0     |
+-----------------------------------------+------------------------+----------------------+
| GPU  Name                 Persistence-M | Bus-Id          Disp.A | Volatile Uncorr. ECC |
| Fan  Temp   Perf          Pwr:Usage/Cap |           Memory-Usage | GPU-Util  Compute M. |
|                                         |                        |               MIG M. |
|=========================================+========================+======================|
|   0  NVIDIA A100-SXM4-80GB          On  |   00000000:01:00.0 Off |                   On |
| N/A   35C    P0            109W /  500W |    2596MiB /  81920MiB |     N/A      Default |
|                                         |                        |              Enabled |
+-----------------------------------------+------------------------+----------------------+
|   1  NVIDIA A100-SXM4-80GB          On  |   00000000:41:00.0 Off |                   On |
| N/A   31C    P0             77W /  500W |    3988MiB /  81920MiB |     N/A      Default |
|                                         |                        |              Enabled |
+-----------------------------------------+------------------------+----------------------+
|   2  NVIDIA A100-SXM4-80GB          On  |   00000000:81:00.0 Off |                   On |
| N/A   30C    P0             50W /  500W |     249MiB /  81920MiB |     N/A      Default |
|                                         |                        |              Enabled |
+-----------------------------------------+------------------------+----------------------+
|   3  NVIDIA A100-SXM4-80GB          On  |   00000000:C1:00.0 Off |                   On |
| N/A   31C    P0            103W /  500W |    2572MiB /  81920MiB |     N/A      Default |
|                                         |                        |              Enabled |
+-----------------------------------------+------------------------+----------------------+

+-----------------------------------------------------------------------------------------+
| MIG devices:                                                                            |
+------------------+----------------------------------+-----------+-----------------------+
| GPU  GI  CI  MIG |              Shared Memory-Usage |        Vol|        Shared         |
|      ID  ID  Dev |                Shared BAR1-Usage | SM     Unc| CE ENC  DEC  OFA  JPG |
|                  |                                  |        ECC|                       |
|==================+==================================+===========+=======================|
|  0    5   0   0  |              71MiB / 19968MiB    | 28      0 |  2   0    1    0    0 |
|                  |               0MiB / 12271MiB    |           |                       |
+------------------+----------------------------------+-----------+-----------------------+

+-----------------------------------------------------------------------------------------+
| Processes:                                                                              |
|  GPU   GI   CI              PID   Type   Process name                        GPU Memory |
|        ID   ID                                                               Usage      |
|=========================================================================================|
|    1   14    0           256193      C   ...ftware/ase-new-env/bin/python       1836MiB |
|    1   13    0           256194      C   ...ftware/ase-new-env/bin/python       1888MiB |
|    3   14    0           538775      C   python                                 2308MiB |
+-----------------------------------------------------------------------------------------+
1.12.1
True
==========================================================
Condition sweep: python main.py --gnn sage --dataset amazon-ratings --hidden_channels 512 --epochs 2500 --lr 0.001 --local_layers 9 --weight_decay 0.0 --dropout 0.5 --device 0 --runs 10 --bn --res
result_dir=results/placebo transforms=[none] oracle=0 baseline=0
==========================================================
--- mlp_reg | transform=none | lambda=0.01 | mlp_epochs=10 ---
Namespace(bn=True, cpu=False, data_dir='./data/', dataset='amazon-ratings', device=0, display_step=100, dropout=0.5, epochs=2500, gnn='sage', hidden_channels=512, jk=False, label_num_per_class=20, lambda_val=0.01, ln=False, local_layers=9, lr=0.001, metric='acc', mlp_epochs=10, mlp_reg=True, model='MPNN', model_dir='models', num_heads=1, oracle_reg=False, paired_seeds=True, penalty_transform='none', pre_linear=False, pre_ln=False, rand_split=False, rand_split_class=False, reg_start_epoch=10, reg_update_freq=5, res=True, result_dir='results/placebo', runs=10, save_model=False, seed=42, test_num=1000, train_prop=0.5, use_reg=True, valid_num=500, valid_prop=0.25, weight_decay=0.0)
amazon-ratings
dataset amazon-ratings | num nodes 24492 | num edge 93050 | num node feats 300 | num classes 5
MODEL: MPNNs(
  (h_lins): ModuleList()
  (local_convs): ModuleList(
    (0): SAGEConv(300, 512, aggr=mean)
    (1): SAGEConv(512, 512, aggr=mean)
    (2): SAGEConv(512, 512, aggr=mean)
    (3): SAGEConv(512, 512, aggr=mean)
    (4): SAGEConv(512, 512, aggr=mean)
    (5): SAGEConv(512, 512, aggr=mean)
    (6): SAGEConv(512, 512, aggr=mean)
    (7): SAGEConv(512, 512, aggr=mean)
    (8): SAGEConv(512, 512, aggr=mean)
  )
  (lins): ModuleList(
    (0): Linear(in_features=300, out_features=512, bias=True)
    (1): Linear(in_features=512, out_features=512, bias=True)
    (2): Linear(in_features=512, out_features=512, bias=True)
    (3): Linear(in_features=512, out_features=512, bias=True)
    (4): Linear(in_features=512, out_features=512, bias=True)
    (5): Linear(in_features=512, out_features=512, bias=True)
    (6): Linear(in_features=512, out_features=512, bias=True)
    (7): Linear(in_features=512, out_features=512, bias=True)
    (8): Linear(in_features=512, out_features=512, bias=True)
  )
  (lns): ModuleList(
    (0): LayerNorm((512,), eps=1e-05, elementwise_affine=True)
    (1): LayerNorm((512,), eps=1e-05, elementwise_affine=True)
    (2): LayerNorm((512,), eps=1e-05, elementwise_affine=True)
    (3): LayerNorm((512,), eps=1e-05, elementwise_affine=True)
    (4): LayerNorm((512,), eps=1e-05, elementwise_affine=True)
    (5): LayerNorm((512,), eps=1e-05, elementwise_affine=True)
    (6): LayerNorm((512,), eps=1e-05, elementwise_affine=True)
    (7): LayerNorm((512,), eps=1e-05, elementwise_affine=True)
    (8): LayerNorm((512,), eps=1e-05, elementwise_affine=True)
  )
  (bns): ModuleList(
    (0): BatchNorm1d(512, eps=1e-05, momentum=0.1, affine=True, track_running_stats=True)
    (1): BatchNorm1d(512, eps=1e-05, momentum=0.1, affine=True, track_running_stats=True)
    (2): BatchNorm1d(512, eps=1e-05, momentum=0.1, affine=True, track_running_stats=True)
    (3): BatchNorm1d(512, eps=1e-05, momentum=0.1, affine=True, track_running_stats=True)
    (4): BatchNorm1d(512, eps=1e-05, momentum=0.1, affine=True, track_running_stats=True)
    (5): BatchNorm1d(512, eps=1e-05, momentum=0.1, affine=True, track_running_stats=True)
    (6): BatchNorm1d(512, eps=1e-05, momentum=0.1, affine=True, track_running_stats=True)
    (7): BatchNorm1d(512, eps=1e-05, momentum=0.1, affine=True, track_running_stats=True)
    (8): BatchNorm1d(512, eps=1e-05, momentum=0.1, affine=True, track_running_stats=True)
  )
  (lin_in): Linear(in_features=300, out_features=512, bias=True)
  (pred_local): Linear(in_features=512, out_features=5, bias=True)
)
Pre-training MLP for 10 epochs to generate co-occurrence matrix...
MLP pre-training complete. Penalty matrix frozen.
Epoch: 00, Loss: 1.7114, Train: 36.79%, Valid: 36.78%, Test: 36.80%, Best Valid: 36.78%, Best Test: 36.80%
Epoch: 100, Loss: 1.1069, Train: 50.70%, Valid: 43.51%, Test: 44.08%, Best Valid: 44.70%, Best Test: 45.19%
Epoch: 200, Loss: 0.7984, Train: 67.17%, Valid: 47.15%, Test: 47.31%, Best Valid: 48.55%, Best Test: 48.95%
Epoch: 300, Loss: 0.4767, Train: 91.73%, Valid: 50.66%, Test: 51.02%, Best Valid: 51.28%, Best Test: 51.72%
Epoch: 400, Loss: 0.3079, Train: 96.37%, Valid: 51.74%, Test: 52.59%, Best Valid: 52.69%, Best Test: 53.06%
Epoch: 500, Loss: 0.2115, Train: 98.32%, Valid: 53.14%, Test: 53.36%, Best Valid: 53.78%, Best Test: 54.25%
Epoch: 600, Loss: 0.1600, Train: 99.09%, Valid: 53.96%, Test: 54.68%, Best Valid: 54.45%, Best Test: 54.61%
Epoch: 700, Loss: 0.1139, Train: 99.42%, Valid: 53.67%, Test: 54.76%, Best Valid: 54.45%, Best Test: 54.61%
Epoch: 800, Loss: 0.1001, Train: 99.43%, Valid: 53.99%, Test: 54.79%, Best Valid: 54.83%, Best Test: 55.15%
Epoch: 900, Loss: 0.0751, Train: 99.69%, Valid: 54.60%, Test: 55.01%, Best Valid: 54.92%, Best Test: 54.99%
Epoch: 1000, Loss: 0.0671, Train: 99.73%, Valid: 54.40%, Test: 54.56%, Best Valid: 55.04%, Best Test: 55.22%
Epoch: 1100, Loss: 0.0555, Train: 99.75%, Valid: 54.25%, Test: 54.97%, Best Valid: 55.04%, Best Test: 55.22%
Epoch: 1200, Loss: 0.0528, Train: 99.82%, Valid: 54.83%, Test: 55.22%, Best Valid: 55.15%, Best Test: 55.50%
Epoch: 1300, Loss: 0.0525, Train: 99.81%, Valid: 54.53%, Test: 54.60%, Best Valid: 55.30%, Best Test: 55.69%
Epoch: 1400, Loss: 0.0424, Train: 99.84%, Valid: 54.66%, Test: 55.27%, Best Valid: 55.30%, Best Test: 55.69%
Epoch: 1500, Loss: 0.0374, Train: 99.87%, Valid: 54.34%, Test: 55.22%, Best Valid: 55.30%, Best Test: 55.69%
Epoch: 1600, Loss: 0.0365, Train: 99.84%, Valid: 54.19%, Test: 55.48%, Best Valid: 55.30%, Best Test: 55.69%
Epoch: 1700, Loss: 0.0353, Train: 99.86%, Valid: 54.58%, Test: 55.23%, Best Valid: 55.30%, Best Test: 55.69%
Epoch: 1800, Loss: 0.0315, Train: 99.86%, Valid: 54.14%, Test: 55.41%, Best Valid: 55.30%, Best Test: 55.69%
Epoch: 1900, Loss: 0.0290, Train: 99.87%, Valid: 54.61%, Test: 55.07%, Best Valid: 55.30%, Best Test: 55.69%
Epoch: 2000, Loss: 0.0234, Train: 99.86%, Valid: 54.84%, Test: 55.64%, Best Valid: 55.38%, Best Test: 55.38%
Epoch: 2100, Loss: 0.0307, Train: 99.87%, Valid: 54.24%, Test: 54.94%, Best Valid: 55.38%, Best Test: 55.38%
Epoch: 2200, Loss: 0.0238, Train: 99.86%, Valid: 54.39%, Test: 55.14%, Best Valid: 55.38%, Best Test: 55.38%
Epoch: 2300, Loss: 0.0234, Train: 99.87%, Valid: 54.81%, Test: 55.46%, Best Valid: 55.38%, Best Test: 55.38%
Epoch: 2400, Loss: 0.0240, Train: 99.88%, Valid: 54.50%, Test: 55.02%, Best Valid: 55.38%, Best Test: 55.38%
Run 01:
Highest Train: 99.89
Highest Valid: 55.38
Highest Test: 56.08
Chosen epoch: 1982
Final Train: 99.88
Final Test: 55.38
Pre-training MLP for 10 epochs to generate co-occurrence matrix...
MLP pre-training complete. Penalty matrix frozen.
Epoch: 00, Loss: 1.7395, Train: 36.79%, Valid: 36.78%, Test: 36.80%, Best Valid: 36.78%, Best Test: 36.80%
Epoch: 100, Loss: 1.1031, Train: 49.44%, Valid: 43.20%, Test: 43.79%, Best Valid: 45.01%, Best Test: 44.32%
Epoch: 200, Loss: 0.7964, Train: 73.81%, Valid: 49.50%, Test: 49.86%, Best Valid: 49.50%, Best Test: 49.86%
Epoch: 300, Loss: 0.4585, Train: 91.14%, Valid: 53.01%, Test: 52.77%, Best Valid: 53.01%, Best Test: 52.77%
Epoch: 400, Loss: 0.2923, Train: 96.31%, Valid: 53.91%, Test: 54.61%, Best Valid: 54.29%, Best Test: 54.76%
Epoch: 500, Loss: 0.1900, Train: 98.67%, Valid: 53.86%, Test: 55.01%, Best Valid: 54.76%, Best Test: 55.45%
Epoch: 600, Loss: 0.1420, Train: 99.31%, Valid: 54.34%, Test: 55.15%, Best Valid: 55.22%, Best Test: 55.28%
Epoch: 700, Loss: 0.1065, Train: 99.67%, Valid: 54.19%, Test: 54.58%, Best Valid: 55.22%, Best Test: 55.28%
Epoch: 800, Loss: 0.0962, Train: 99.76%, Valid: 54.66%, Test: 55.01%, Best Valid: 55.33%, Best Test: 55.27%
Epoch: 900, Loss: 0.0743, Train: 99.83%, Valid: 54.39%, Test: 54.88%, Best Valid: 55.33%, Best Test: 55.27%
Epoch: 1000, Loss: 0.0679, Train: 99.84%, Valid: 54.70%, Test: 55.14%, Best Valid: 55.33%, Best Test: 55.27%
Epoch: 1100, Loss: 0.0492, Train: 99.82%, Valid: 54.89%, Test: 55.28%, Best Valid: 55.37%, Best Test: 54.91%
Epoch: 1200, Loss: 0.0489, Train: 99.87%, Valid: 54.76%, Test: 54.78%, Best Valid: 55.37%, Best Test: 54.91%
Epoch: 1300, Loss: 0.0434, Train: 99.87%, Valid: 54.76%, Test: 55.40%, Best Valid: 55.37%, Best Test: 54.91%
Epoch: 1400, Loss: 0.0428, Train: 99.87%, Valid: 55.41%, Test: 55.07%, Best Valid: 55.66%, Best Test: 54.84%
Epoch: 1500, Loss: 0.0374, Train: 99.86%, Valid: 54.86%, Test: 54.89%, Best Valid: 55.76%, Best Test: 55.35%
Epoch: 1600, Loss: 0.0319, Train: 99.89%, Valid: 55.74%, Test: 55.74%, Best Valid: 55.76%, Best Test: 55.35%
Epoch: 1700, Loss: 0.0352, Train: 99.89%, Valid: 55.05%, Test: 54.65%, Best Valid: 55.76%, Best Test: 55.35%
Epoch: 1800, Loss: 0.0263, Train: 99.90%, Valid: 54.91%, Test: 55.84%, Best Valid: 55.76%, Best Test: 55.35%
Epoch: 1900, Loss: 0.0293, Train: 99.89%, Valid: 54.47%, Test: 55.64%, Best Valid: 55.76%, Best Test: 55.35%
Epoch: 2000, Loss: 0.0221, Train: 99.90%, Valid: 54.71%, Test: 54.65%, Best Valid: 55.76%, Best Test: 55.35%
Epoch: 2100, Loss: 0.0255, Train: 99.90%, Valid: 54.74%, Test: 55.41%, Best Valid: 55.76%, Best Test: 55.35%
Epoch: 2200, Loss: 0.0275, Train: 99.91%, Valid: 55.09%, Test: 55.33%, Best Valid: 55.76%, Best Test: 55.35%
Epoch: 2300, Loss: 0.0232, Train: 99.91%, Valid: 55.28%, Test: 55.56%, Best Valid: 55.76%, Best Test: 55.35%
Epoch: 2400, Loss: 0.0233, Train: 99.91%, Valid: 54.79%, Test: 55.19%, Best Valid: 55.76%, Best Test: 55.35%
Run 02:
Highest Train: 99.93
Highest Valid: 55.79
Highest Test: 56.15
Chosen epoch: 2491
Final Train: 99.91
Final Test: 55.40
Pre-training MLP for 10 epochs to generate co-occurrence matrix...
MLP pre-training complete. Penalty matrix frozen.
Epoch: 00, Loss: 1.7411, Train: 36.79%, Valid: 36.78%, Test: 36.80%, Best Valid: 36.78%, Best Test: 36.80%
Epoch: 100, Loss: 1.0889, Train: 46.44%, Valid: 40.72%, Test: 41.17%, Best Valid: 43.07%, Best Test: 42.48%
Epoch: 200, Loss: 0.7687, Train: 65.59%, Valid: 47.38%, Test: 46.87%, Best Valid: 48.47%, Best Test: 47.97%
Epoch: 300, Loss: 0.4449, Train: 86.90%, Valid: 51.82%, Test: 51.10%, Best Valid: 52.52%, Best Test: 52.23%
Epoch: 400, Loss: 0.2773, Train: 96.79%, Valid: 54.06%, Test: 53.86%, Best Valid: 54.19%, Best Test: 53.76%
Epoch: 500, Loss: 0.1898, Train: 98.44%, Valid: 54.60%, Test: 54.30%, Best Valid: 55.17%, Best Test: 54.01%
Epoch: 600, Loss: 0.1363, Train: 99.34%, Valid: 54.56%, Test: 54.53%, Best Valid: 55.32%, Best Test: 54.76%
Epoch: 700, Loss: 0.1083, Train: 99.62%, Valid: 55.10%, Test: 55.02%, Best Valid: 55.81%, Best Test: 54.66%
Epoch: 800, Loss: 0.0842, Train: 99.71%, Valid: 54.58%, Test: 54.55%, Best Valid: 55.81%, Best Test: 54.66%
Epoch: 900, Loss: 0.0721, Train: 99.78%, Valid: 54.35%, Test: 54.91%, Best Valid: 55.85%, Best Test: 54.65%
Epoch: 1000, Loss: 0.0624, Train: 99.80%, Valid: 55.35%, Test: 54.65%, Best Valid: 56.08%, Best Test: 55.17%
Epoch: 1100, Loss: 0.0541, Train: 99.87%, Valid: 55.32%, Test: 55.05%, Best Valid: 56.08%, Best Test: 55.17%
Epoch: 1200, Loss: 0.0475, Train: 99.85%, Valid: 55.33%, Test: 55.23%, Best Valid: 56.10%, Best Test: 55.33%
Epoch: 1300, Loss: 0.0427, Train: 99.89%, Valid: 55.53%, Test: 55.66%, Best Valid: 56.10%, Best Test: 55.33%
Epoch: 1400, Loss: 0.0418, Train: 99.87%, Valid: 55.51%, Test: 54.84%, Best Valid: 56.17%, Best Test: 55.33%
Epoch: 1500, Loss: 0.0376, Train: 99.88%, Valid: 55.33%, Test: 54.94%, Best Valid: 56.17%, Best Test: 55.33%
Epoch: 1600, Loss: 0.0305, Train: 99.89%, Valid: 55.56%, Test: 55.54%, Best Valid: 56.17%, Best Test: 55.33%
Epoch: 1700, Loss: 0.0330, Train: 99.89%, Valid: 55.43%, Test: 55.33%, Best Valid: 56.17%, Best Test: 55.33%
Epoch: 1800, Loss: 0.0350, Train: 99.89%, Valid: 55.51%, Test: 55.71%, Best Valid: 56.17%, Best Test: 55.33%
Epoch: 1900, Loss: 0.0261, Train: 99.89%, Valid: 55.20%, Test: 55.32%, Best Valid: 56.17%, Best Test: 55.33%
Epoch: 2000, Loss: 0.0279, Train: 99.89%, Valid: 55.04%, Test: 55.25%, Best Valid: 56.17%, Best Test: 55.33%
Epoch: 2100, Loss: 0.0255, Train: 99.91%, Valid: 55.38%, Test: 55.28%, Best Valid: 56.17%, Best Test: 55.33%
Epoch: 2200, Loss: 0.0241, Train: 99.91%, Valid: 55.69%, Test: 55.53%, Best Valid: 56.17%, Best Test: 55.33%
Epoch: 2300, Loss: 0.0266, Train: 99.92%, Valid: 55.09%, Test: 55.50%, Best Valid: 56.21%, Best Test: 55.89%
Epoch: 2400, Loss: 0.0215, Train: 99.89%, Valid: 55.10%, Test: 55.59%, Best Valid: 56.21%, Best Test: 55.89%
Run 03:
Highest Train: 99.93
Highest Valid: 56.21
Highest Test: 56.15
Chosen epoch: 2273
Final Train: 99.91
Final Test: 55.89
Pre-training MLP for 10 epochs to generate co-occurrence matrix...
MLP pre-training complete. Penalty matrix frozen.
Epoch: 00, Loss: 1.8931, Train: 26.78%, Valid: 26.78%, Test: 26.78%, Best Valid: 26.78%, Best Test: 26.78%
Epoch: 100, Loss: 1.0879, Train: 48.65%, Valid: 41.52%, Test: 41.48%, Best Valid: 44.63%, Best Test: 44.08%
Epoch: 200, Loss: 0.7706, Train: 71.88%, Valid: 47.02%, Test: 47.12%, Best Valid: 47.98%, Best Test: 47.80%
Epoch: 300, Loss: 0.4727, Train: 89.99%, Valid: 50.87%, Test: 50.06%, Best Valid: 51.43%, Best Test: 51.45%
Epoch: 400, Loss: 0.2794, Train: 95.66%, Valid: 51.94%, Test: 51.61%, Best Valid: 53.23%, Best Test: 53.37%
Epoch: 500, Loss: 0.1933, Train: 98.72%, Valid: 54.56%, Test: 53.47%, Best Valid: 54.56%, Best Test: 53.47%
Epoch: 600, Loss: 0.1355, Train: 99.26%, Valid: 53.85%, Test: 53.26%, Best Valid: 54.96%, Best Test: 54.12%
Epoch: 700, Loss: 0.1040, Train: 99.69%, Valid: 54.24%, Test: 53.80%, Best Valid: 54.96%, Best Test: 54.12%
Epoch: 800, Loss: 0.0848, Train: 99.77%, Valid: 54.73%, Test: 53.90%, Best Valid: 55.17%, Best Test: 53.80%
Epoch: 900, Loss: 0.0708, Train: 99.83%, Valid: 54.91%, Test: 54.65%, Best Valid: 55.30%, Best Test: 54.61%
Epoch: 1000, Loss: 0.0611, Train: 99.82%, Valid: 54.61%, Test: 54.35%, Best Valid: 55.32%, Best Test: 54.48%
Epoch: 1100, Loss: 0.0496, Train: 99.82%, Valid: 54.35%, Test: 54.56%, Best Valid: 55.33%, Best Test: 54.65%
Epoch: 1200, Loss: 0.0472, Train: 99.85%, Valid: 54.73%, Test: 54.91%, Best Valid: 55.33%, Best Test: 54.65%
Epoch: 1300, Loss: 0.0472, Train: 99.84%, Valid: 54.50%, Test: 54.24%, Best Valid: 55.33%, Best Test: 54.65%
Epoch: 1400, Loss: 0.0364, Train: 99.85%, Valid: 54.84%, Test: 54.74%, Best Valid: 55.33%, Best Test: 54.65%
Epoch: 1500, Loss: 0.0391, Train: 99.84%, Valid: 54.39%, Test: 54.12%, Best Valid: 55.71%, Best Test: 55.27%
Epoch: 1600, Loss: 0.0343, Train: 99.87%, Valid: 55.09%, Test: 55.14%, Best Valid: 55.71%, Best Test: 55.27%
Epoch: 1700, Loss: 0.0276, Train: 99.86%, Valid: 54.55%, Test: 54.35%, Best Valid: 55.71%, Best Test: 55.27%
Epoch: 1800, Loss: 0.0329, Train: 99.87%, Valid: 55.30%, Test: 54.84%, Best Valid: 55.71%, Best Test: 55.27%
Epoch: 1900, Loss: 0.0296, Train: 99.87%, Valid: 54.79%, Test: 54.92%, Best Valid: 55.71%, Best Test: 55.27%
Epoch: 2000, Loss: 0.0284, Train: 99.87%, Valid: 54.81%, Test: 54.92%, Best Valid: 55.71%, Best Test: 55.27%
Epoch: 2100, Loss: 0.0286, Train: 99.85%, Valid: 54.68%, Test: 54.12%, Best Valid: 55.71%, Best Test: 55.27%
Epoch: 2200, Loss: 0.0203, Train: 99.88%, Valid: 54.74%, Test: 54.52%, Best Valid: 55.71%, Best Test: 55.27%
Epoch: 2300, Loss: 0.0222, Train: 99.88%, Valid: 55.17%, Test: 54.86%, Best Valid: 55.71%, Best Test: 55.27%
Epoch: 2400, Loss: 0.0211, Train: 99.86%, Valid: 54.74%, Test: 54.68%, Best Valid: 55.71%, Best Test: 55.27%
Run 04:
Highest Train: 99.90
Highest Valid: 55.71
Highest Test: 55.50
Chosen epoch: 1457
Final Train: 99.87
Final Test: 55.27
Pre-training MLP for 10 epochs to generate co-occurrence matrix...
MLP pre-training complete. Penalty matrix frozen.
Epoch: 00, Loss: 1.7727, Train: 23.18%, Valid: 23.19%, Test: 23.17%, Best Valid: 23.19%, Best Test: 23.17%
Epoch: 100, Loss: 1.1079, Train: 48.85%, Valid: 43.07%, Test: 42.50%, Best Valid: 45.81%, Best Test: 44.90%
Epoch: 200, Loss: 0.7984, Train: 70.78%, Valid: 48.46%, Test: 48.02%, Best Valid: 49.35%, Best Test: 48.91%
Epoch: 300, Loss: 0.4746, Train: 92.08%, Valid: 51.80%, Test: 52.02%, Best Valid: 52.57%, Best Test: 51.98%
Epoch: 400, Loss: 0.2862, Train: 96.83%, Valid: 53.80%, Test: 53.63%, Best Valid: 54.30%, Best Test: 53.23%
Epoch: 500, Loss: 0.2025, Train: 98.67%, Valid: 54.12%, Test: 53.11%, Best Valid: 55.23%, Best Test: 53.96%
Epoch: 600, Loss: 0.1449, Train: 99.22%, Valid: 54.97%, Test: 54.71%, Best Valid: 55.32%, Best Test: 54.78%
Epoch: 700, Loss: 0.1070, Train: 99.57%, Valid: 54.68%, Test: 54.35%, Best Valid: 55.50%, Best Test: 55.35%
Epoch: 800, Loss: 0.0896, Train: 99.72%, Valid: 54.96%, Test: 54.12%, Best Valid: 55.85%, Best Test: 54.96%
Epoch: 900, Loss: 0.0715, Train: 99.79%, Valid: 55.51%, Test: 54.70%, Best Valid: 55.85%, Best Test: 54.96%
Epoch: 1000, Loss: 0.0702, Train: 99.82%, Valid: 54.37%, Test: 53.67%, Best Valid: 55.85%, Best Test: 54.96%
Epoch: 1100, Loss: 0.0567, Train: 99.86%, Valid: 54.97%, Test: 54.60%, Best Valid: 55.85%, Best Test: 54.96%
Epoch: 1200, Loss: 0.0500, Train: 99.84%, Valid: 55.64%, Test: 54.88%, Best Valid: 55.87%, Best Test: 54.92%
Epoch: 1300, Loss: 0.0400, Train: 99.87%, Valid: 55.07%, Test: 54.24%, Best Valid: 55.87%, Best Test: 54.92%
Epoch: 1400, Loss: 0.0377, Train: 99.88%, Valid: 55.30%, Test: 54.91%, Best Valid: 55.94%, Best Test: 55.38%
Epoch: 1500, Loss: 0.0356, Train: 99.91%, Valid: 54.78%, Test: 54.83%, Best Valid: 56.00%, Best Test: 55.23%
Epoch: 1600, Loss: 0.0407, Train: 99.91%, Valid: 55.56%, Test: 55.43%, Best Valid: 56.00%, Best Test: 55.23%
Epoch: 1700, Loss: 0.0344, Train: 99.89%, Valid: 55.05%, Test: 54.86%, Best Valid: 56.00%, Best Test: 55.23%
Epoch: 1800, Loss: 0.0365, Train: 99.91%, Valid: 54.97%, Test: 54.45%, Best Valid: 56.00%, Best Test: 55.23%
Epoch: 1900, Loss: 0.0261, Train: 99.90%, Valid: 55.43%, Test: 54.65%, Best Valid: 56.00%, Best Test: 55.23%
Epoch: 2000, Loss: 0.0274, Train: 99.91%, Valid: 55.23%, Test: 55.20%, Best Valid: 56.00%, Best Test: 55.23%
Epoch: 2100, Loss: 0.0280, Train: 99.91%, Valid: 55.37%, Test: 55.02%, Best Valid: 56.00%, Best Test: 55.23%
Epoch: 2200, Loss: 0.0226, Train: 99.91%, Valid: 55.33%, Test: 55.23%, Best Valid: 56.00%, Best Test: 55.23%
Epoch: 2300, Loss: 0.0231, Train: 99.90%, Valid: 55.32%, Test: 54.66%, Best Valid: 56.03%, Best Test: 54.86%
Epoch: 2400, Loss: 0.0222, Train: 99.91%, Valid: 55.37%, Test: 54.84%, Best Valid: 56.03%, Best Test: 54.86%
Run 05:
Highest Train: 99.93
Highest Valid: 56.03
Highest Test: 56.33
Chosen epoch: 2267
Final Train: 99.91
Final Test: 54.86
Pre-training MLP for 10 epochs to generate co-occurrence matrix...
MLP pre-training complete. Penalty matrix frozen.
Epoch: 00, Loss: 1.6993, Train: 4.33%, Valid: 4.33%, Test: 4.34%, Best Valid: 4.33%, Best Test: 4.34%
Epoch: 100, Loss: 1.1005, Train: 54.36%, Valid: 45.71%, Test: 45.58%, Best Valid: 45.71%, Best Test: 45.58%
Epoch: 200, Loss: 0.8000, Train: 70.87%, Valid: 47.61%, Test: 48.65%, Best Valid: 49.01%, Best Test: 48.69%
Epoch: 300, Loss: 0.4686, Train: 91.22%, Valid: 52.05%, Test: 51.97%, Best Valid: 52.39%, Best Test: 51.77%
Epoch: 400, Loss: 0.2863, Train: 96.50%, Valid: 53.29%, Test: 53.23%, Best Valid: 53.73%, Best Test: 53.32%
Epoch: 500, Loss: 0.2062, Train: 98.30%, Valid: 53.18%, Test: 53.68%, Best Valid: 54.06%, Best Test: 53.60%
Epoch: 600, Loss: 0.1511, Train: 99.21%, Valid: 53.76%, Test: 54.27%, Best Valid: 54.55%, Best Test: 54.14%
Epoch: 700, Loss: 0.1157, Train: 99.52%, Valid: 54.43%, Test: 54.29%, Best Valid: 54.79%, Best Test: 54.22%
Epoch: 800, Loss: 0.0890, Train: 99.59%, Valid: 54.50%, Test: 54.19%, Best Valid: 54.79%, Best Test: 54.22%
Epoch: 900, Loss: 0.0782, Train: 99.68%, Valid: 53.88%, Test: 54.63%, Best Valid: 54.79%, Best Test: 54.22%
Epoch: 1000, Loss: 0.0663, Train: 99.72%, Valid: 54.86%, Test: 54.65%, Best Valid: 54.88%, Best Test: 54.60%
Epoch: 1100, Loss: 0.0532, Train: 99.76%, Valid: 54.61%, Test: 54.52%, Best Valid: 55.20%, Best Test: 55.12%
Epoch: 1200, Loss: 0.0521, Train: 99.80%, Valid: 54.68%, Test: 54.56%, Best Valid: 55.20%, Best Test: 55.12%
Epoch: 1300, Loss: 0.0449, Train: 99.80%, Valid: 54.63%, Test: 54.65%, Best Valid: 55.25%, Best Test: 54.74%
Epoch: 1400, Loss: 0.0390, Train: 99.82%, Valid: 54.84%, Test: 55.09%, Best Valid: 55.25%, Best Test: 54.74%
Epoch: 1500, Loss: 0.0367, Train: 99.84%, Valid: 55.09%, Test: 55.02%, Best Valid: 55.27%, Best Test: 55.17%
Epoch: 1600, Loss: 0.0349, Train: 99.84%, Valid: 55.22%, Test: 55.17%, Best Valid: 55.27%, Best Test: 55.17%
Epoch: 1700, Loss: 0.0298, Train: 99.84%, Valid: 54.70%, Test: 55.10%, Best Valid: 55.27%, Best Test: 55.17%
Epoch: 1800, Loss: 0.0311, Train: 99.84%, Valid: 54.83%, Test: 54.78%, Best Valid: 55.27%, Best Test: 55.17%
Epoch: 1900, Loss: 0.0289, Train: 99.83%, Valid: 54.48%, Test: 54.89%, Best Valid: 55.27%, Best Test: 55.17%
Epoch: 2000, Loss: 0.0271, Train: 99.84%, Valid: 54.89%, Test: 55.51%, Best Valid: 55.27%, Best Test: 55.17%
Epoch: 2100, Loss: 0.0292, Train: 99.84%, Valid: 54.66%, Test: 54.86%, Best Valid: 55.45%, Best Test: 55.51%
Epoch: 2200, Loss: 0.0267, Train: 99.84%, Valid: 54.86%, Test: 55.07%, Best Valid: 55.45%, Best Test: 55.51%
Epoch: 2300, Loss: 0.0259, Train: 99.85%, Valid: 54.63%, Test: 55.12%, Best Valid: 55.45%, Best Test: 55.51%
Epoch: 2400, Loss: 0.0233, Train: 99.84%, Valid: 54.71%, Test: 55.54%, Best Valid: 55.59%, Best Test: 55.28%
Run 06:
Highest Train: 99.88
Highest Valid: 55.59
Highest Test: 56.25
Chosen epoch: 2328
Final Train: 99.84
Final Test: 55.28
Pre-training MLP for 10 epochs to generate co-occurrence matrix...
MLP pre-training complete. Penalty matrix frozen.
Epoch: 00, Loss: 1.8378, Train: 36.79%, Valid: 36.78%, Test: 36.80%, Best Valid: 36.78%, Best Test: 36.80%
Epoch: 100, Loss: 1.1102, Train: 39.80%, Valid: 36.11%, Test: 37.25%, Best Valid: 43.69%, Best Test: 43.08%
Epoch: 200, Loss: 0.7872, Train: 73.48%, Valid: 50.01%, Test: 49.57%, Best Valid: 50.01%, Best Test: 49.57%
Epoch: 300, Loss: 0.4832, Train: 87.42%, Valid: 50.61%, Test: 49.49%, Best Valid: 52.82%, Best Test: 51.17%
Epoch: 400, Loss: 0.3060, Train: 95.84%, Valid: 53.52%, Test: 52.03%, Best Valid: 54.37%, Best Test: 53.50%
Epoch: 500, Loss: 0.2017, Train: 98.60%, Valid: 54.58%, Test: 53.62%, Best Valid: 54.92%, Best Test: 53.72%
Epoch: 600, Loss: 0.1401, Train: 99.33%, Valid: 54.50%, Test: 53.96%, Best Valid: 55.69%, Best Test: 54.52%
Epoch: 700, Loss: 0.1115, Train: 99.58%, Valid: 54.83%, Test: 53.75%, Best Valid: 55.69%, Best Test: 54.52%
Epoch: 800, Loss: 0.0801, Train: 99.71%, Valid: 54.99%, Test: 54.14%, Best Valid: 55.82%, Best Test: 54.58%
Epoch: 900, Loss: 0.0617, Train: 99.77%, Valid: 55.25%, Test: 54.76%, Best Valid: 55.97%, Best Test: 54.79%
Epoch: 1000, Loss: 0.0620, Train: 99.81%, Valid: 55.12%, Test: 54.21%, Best Valid: 55.97%, Best Test: 54.79%
Epoch: 1100, Loss: 0.0579, Train: 99.78%, Valid: 55.15%, Test: 54.73%, Best Valid: 56.30%, Best Test: 55.15%
Epoch: 1200, Loss: 0.0531, Train: 99.83%, Valid: 56.00%, Test: 55.05%, Best Valid: 56.30%, Best Test: 55.15%
Epoch: 1300, Loss: 0.0419, Train: 99.83%, Valid: 54.91%, Test: 54.60%, Best Valid: 56.30%, Best Test: 55.15%
Epoch: 1400, Loss: 0.0400, Train: 99.86%, Valid: 55.50%, Test: 54.53%, Best Valid: 56.30%, Best Test: 55.15%
Epoch: 1500, Loss: 0.0426, Train: 99.89%, Valid: 55.66%, Test: 54.76%, Best Valid: 56.30%, Best Test: 55.15%
Epoch: 1600, Loss: 0.0299, Train: 99.86%, Valid: 55.43%, Test: 54.71%, Best Valid: 56.30%, Best Test: 55.15%
Epoch: 1700, Loss: 0.0341, Train: 99.88%, Valid: 55.58%, Test: 54.83%, Best Valid: 56.30%, Best Test: 55.15%
Epoch: 1800, Loss: 0.0339, Train: 99.90%, Valid: 55.43%, Test: 55.02%, Best Valid: 56.30%, Best Test: 55.15%
Epoch: 1900, Loss: 0.0309, Train: 99.88%, Valid: 55.68%, Test: 54.65%, Best Valid: 56.31%, Best Test: 54.91%
Epoch: 2000, Loss: 0.0242, Train: 99.89%, Valid: 55.38%, Test: 55.09%, Best Valid: 56.31%, Best Test: 54.91%
Epoch: 2100, Loss: 0.0283, Train: 99.89%, Valid: 55.99%, Test: 55.74%, Best Valid: 56.31%, Best Test: 54.91%
Epoch: 2200, Loss: 0.0231, Train: 99.89%, Valid: 55.48%, Test: 55.02%, Best Valid: 56.31%, Best Test: 54.91%
Epoch: 2300, Loss: 0.0221, Train: 99.87%, Valid: 55.77%, Test: 54.88%, Best Valid: 56.31%, Best Test: 54.91%
Epoch: 2400, Loss: 0.0232, Train: 99.89%, Valid: 55.76%, Test: 55.19%, Best Valid: 56.31%, Best Test: 54.91%
Run 07:
Highest Train: 99.93
Highest Valid: 56.31
Highest Test: 55.99
Chosen epoch: 1885
Final Train: 99.89
Final Test: 54.91
Pre-training MLP for 10 epochs to generate co-occurrence matrix...
MLP pre-training complete. Penalty matrix frozen.
Epoch: 00, Loss: 1.7764, Train: 23.18%, Valid: 23.19%, Test: 23.17%, Best Valid: 23.19%, Best Test: 23.17%
Epoch: 100, Loss: 1.1137, Train: 48.04%, Valid: 42.66%, Test: 42.95%, Best Valid: 43.66%, Best Test: 44.60%
Epoch: 200, Loss: 0.8027, Train: 69.61%, Valid: 47.66%, Test: 48.06%, Best Valid: 47.93%, Best Test: 48.13%
Epoch: 300, Loss: 0.4767, Train: 90.97%, Valid: 50.74%, Test: 51.02%, Best Valid: 51.59%, Best Test: 50.47%
Epoch: 400, Loss: 0.2925, Train: 97.08%, Valid: 53.00%, Test: 53.13%, Best Valid: 53.03%, Best Test: 52.39%
Epoch: 500, Loss: 0.1992, Train: 98.50%, Valid: 53.23%, Test: 53.55%, Best Valid: 53.93%, Best Test: 53.14%
Epoch: 600, Loss: 0.1353, Train: 99.26%, Valid: 53.45%, Test: 53.50%, Best Valid: 53.93%, Best Test: 53.14%
Epoch: 700, Loss: 0.1057, Train: 99.54%, Valid: 53.13%, Test: 53.44%, Best Valid: 54.14%, Best Test: 54.52%
Epoch: 800, Loss: 0.0914, Train: 99.64%, Valid: 54.37%, Test: 54.71%, Best Valid: 54.55%, Best Test: 54.29%
Epoch: 900, Loss: 0.0735, Train: 99.71%, Valid: 54.11%, Test: 54.27%, Best Valid: 54.56%, Best Test: 54.19%
Epoch: 1000, Loss: 0.0640, Train: 99.73%, Valid: 53.83%, Test: 53.91%, Best Valid: 54.56%, Best Test: 54.19%
Epoch: 1100, Loss: 0.0528, Train: 99.76%, Valid: 53.94%, Test: 54.45%, Best Valid: 54.56%, Best Test: 54.19%
Epoch: 1200, Loss: 0.0489, Train: 99.81%, Valid: 53.24%, Test: 54.16%, Best Valid: 54.65%, Best Test: 54.56%
Epoch: 1300, Loss: 0.0466, Train: 99.80%, Valid: 53.39%, Test: 54.53%, Best Valid: 54.65%, Best Test: 54.56%
Epoch: 1400, Loss: 0.0391, Train: 99.81%, Valid: 53.81%, Test: 54.63%, Best Valid: 54.65%, Best Test: 54.56%
Epoch: 1500, Loss: 0.0424, Train: 99.83%, Valid: 54.11%, Test: 54.79%, Best Valid: 54.65%, Best Test: 54.56%
Epoch: 1600, Loss: 0.0358, Train: 99.80%, Valid: 53.81%, Test: 54.43%, Best Valid: 54.86%, Best Test: 55.09%
Epoch: 1700, Loss: 0.0314, Train: 99.83%, Valid: 54.09%, Test: 54.63%, Best Valid: 54.86%, Best Test: 55.09%
Epoch: 1800, Loss: 0.0302, Train: 99.84%, Valid: 54.01%, Test: 54.61%, Best Valid: 54.86%, Best Test: 55.09%
Epoch: 1900, Loss: 0.0286, Train: 99.84%, Valid: 54.12%, Test: 54.58%, Best Valid: 54.86%, Best Test: 55.09%
Epoch: 2000, Loss: 0.0276, Train: 99.84%, Valid: 54.16%, Test: 54.71%, Best Valid: 54.86%, Best Test: 55.09%
Epoch: 2100, Loss: 0.0278, Train: 99.84%, Valid: 53.57%, Test: 54.32%, Best Valid: 54.86%, Best Test: 55.09%
Epoch: 2200, Loss: 0.0227, Train: 99.84%, Valid: 53.47%, Test: 54.11%, Best Valid: 54.86%, Best Test: 55.09%
Epoch: 2300, Loss: 0.0250, Train: 99.85%, Valid: 53.68%, Test: 54.16%, Best Valid: 54.86%, Best Test: 55.09%
Epoch: 2400, Loss: 0.0256, Train: 99.84%, Valid: 54.19%, Test: 54.56%, Best Valid: 54.86%, Best Test: 55.09%
Run 08:
Highest Train: 99.89
Highest Valid: 55.01
Highest Test: 55.45
Chosen epoch: 2441
Final Train: 99.85
Final Test: 55.07
Pre-training MLP for 10 epochs to generate co-occurrence matrix...
MLP pre-training complete. Penalty matrix frozen.
Epoch: 00, Loss: 1.7517, Train: 23.42%, Valid: 23.27%, Test: 23.27%, Best Valid: 23.27%, Best Test: 23.27%
Epoch: 100, Loss: 1.1028, Train: 47.70%, Valid: 42.72%, Test: 42.05%, Best Valid: 43.69%, Best Test: 44.00%
Epoch: 200, Loss: 0.7841, Train: 72.00%, Valid: 48.75%, Test: 48.60%, Best Valid: 49.31%, Best Test: 48.51%
Epoch: 300, Loss: 0.4725, Train: 86.83%, Valid: 50.58%, Test: 50.22%, Best Valid: 52.03%, Best Test: 51.25%
Epoch: 400, Loss: 0.2981, Train: 95.89%, Valid: 52.87%, Test: 52.54%, Best Valid: 53.54%, Best Test: 53.29%
Epoch: 500, Loss: 0.2132, Train: 98.41%, Valid: 53.37%, Test: 53.37%, Best Valid: 54.07%, Best Test: 53.63%
Epoch: 600, Loss: 0.1433, Train: 99.27%, Valid: 53.65%, Test: 53.60%, Best Valid: 54.48%, Best Test: 53.98%
Epoch: 700, Loss: 0.1159, Train: 99.53%, Valid: 53.11%, Test: 52.85%, Best Valid: 54.60%, Best Test: 53.62%
Epoch: 800, Loss: 0.0883, Train: 99.68%, Valid: 53.19%, Test: 53.65%, Best Valid: 54.60%, Best Test: 53.62%
Epoch: 900, Loss: 0.0689, Train: 99.75%, Valid: 53.72%, Test: 53.72%, Best Valid: 54.84%, Best Test: 53.54%
Epoch: 1000, Loss: 0.0681, Train: 99.80%, Valid: 53.44%, Test: 53.99%, Best Valid: 54.84%, Best Test: 53.54%
Epoch: 1100, Loss: 0.0559, Train: 99.78%, Valid: 53.91%, Test: 54.63%, Best Valid: 54.84%, Best Test: 53.54%
Epoch: 1200, Loss: 0.0488, Train: 99.85%, Valid: 54.30%, Test: 54.14%, Best Valid: 54.84%, Best Test: 53.54%
Epoch: 1300, Loss: 0.0437, Train: 99.84%, Valid: 53.88%, Test: 53.98%, Best Valid: 54.84%, Best Test: 53.54%
Epoch: 1400, Loss: 0.0400, Train: 99.86%, Valid: 54.39%, Test: 54.12%, Best Valid: 54.84%, Best Test: 53.54%
Epoch: 1500, Loss: 0.0412, Train: 99.87%, Valid: 54.52%, Test: 54.04%, Best Valid: 54.91%, Best Test: 54.32%
Epoch: 1600, Loss: 0.0399, Train: 99.86%, Valid: 54.58%, Test: 54.14%, Best Valid: 54.91%, Best Test: 54.32%
Epoch: 1700, Loss: 0.0353, Train: 99.87%, Valid: 54.37%, Test: 54.27%, Best Valid: 54.91%, Best Test: 54.32%
Epoch: 1800, Loss: 0.0314, Train: 99.88%, Valid: 54.11%, Test: 54.60%, Best Valid: 55.14%, Best Test: 54.34%
Epoch: 1900, Loss: 0.0317, Train: 99.89%, Valid: 54.27%, Test: 54.27%, Best Valid: 55.14%, Best Test: 54.34%
Epoch: 2000, Loss: 0.0240, Train: 99.89%, Valid: 54.58%, Test: 54.29%, Best Valid: 55.14%, Best Test: 54.34%
Epoch: 2100, Loss: 0.0271, Train: 99.89%, Valid: 54.09%, Test: 54.37%, Best Valid: 55.14%, Best Test: 54.34%
Epoch: 2200, Loss: 0.0246, Train: 99.91%, Valid: 55.02%, Test: 54.24%, Best Valid: 55.23%, Best Test: 54.30%
Epoch: 2300, Loss: 0.0221, Train: 99.91%, Valid: 54.92%, Test: 53.83%, Best Valid: 55.23%, Best Test: 54.30%
Epoch: 2400, Loss: 0.0208, Train: 99.89%, Valid: 54.14%, Test: 53.83%, Best Valid: 55.23%, Best Test: 54.30%
Run 09:
Highest Train: 99.93
Highest Valid: 55.46
Highest Test: 55.37
Chosen epoch: 2479
Final Train: 99.89
Final Test: 54.76
Pre-training MLP for 10 epochs to generate co-occurrence matrix...
MLP pre-training complete. Penalty matrix frozen.
Epoch: 00, Loss: 1.7471, Train: 36.79%, Valid: 36.78%, Test: 36.80%, Best Valid: 36.78%, Best Test: 36.80%
Epoch: 100, Loss: 1.1050, Train: 52.85%, Valid: 46.48%, Test: 45.19%, Best Valid: 46.48%, Best Test: 45.19%
Epoch: 200, Loss: 0.7849, Train: 72.13%, Valid: 49.67%, Test: 48.78%, Best Valid: 49.67%, Best Test: 48.78%
Epoch: 300, Loss: 0.4856, Train: 89.25%, Valid: 52.39%, Test: 52.77%, Best Valid: 52.82%, Best Test: 52.57%
Epoch: 400, Loss: 0.3038, Train: 96.33%, Valid: 53.00%, Test: 53.67%, Best Valid: 53.45%, Best Test: 53.23%
Epoch: 500, Loss: 0.2071, Train: 98.26%, Valid: 53.34%, Test: 53.52%, Best Valid: 54.01%, Best Test: 54.03%
Epoch: 600, Loss: 0.1606, Train: 99.13%, Valid: 54.04%, Test: 54.61%, Best Valid: 54.42%, Best Test: 54.73%
Epoch: 700, Loss: 0.1149, Train: 99.52%, Valid: 54.04%, Test: 54.78%, Best Valid: 54.99%, Best Test: 55.50%
Epoch: 800, Loss: 0.0934, Train: 99.69%, Valid: 54.35%, Test: 55.01%, Best Valid: 54.99%, Best Test: 55.50%
Epoch: 900, Loss: 0.0809, Train: 99.72%, Valid: 54.78%, Test: 54.56%, Best Valid: 54.99%, Best Test: 55.50%
Epoch: 1000, Loss: 0.0561, Train: 99.78%, Valid: 54.43%, Test: 55.09%, Best Valid: 55.38%, Best Test: 55.01%
Epoch: 1100, Loss: 0.0560, Train: 99.80%, Valid: 54.66%, Test: 54.99%, Best Valid: 55.38%, Best Test: 55.01%
Epoch: 1200, Loss: 0.0497, Train: 99.86%, Valid: 54.48%, Test: 54.45%, Best Valid: 55.38%, Best Test: 55.01%
Epoch: 1300, Loss: 0.0392, Train: 99.84%, Valid: 54.89%, Test: 54.94%, Best Valid: 55.38%, Best Test: 55.01%
Epoch: 1400, Loss: 0.0423, Train: 99.84%, Valid: 55.20%, Test: 55.46%, Best Valid: 55.46%, Best Test: 55.48%
Epoch: 1500, Loss: 0.0403, Train: 99.88%, Valid: 54.88%, Test: 55.17%, Best Valid: 55.46%, Best Test: 55.48%
Epoch: 1600, Loss: 0.0301, Train: 99.86%, Valid: 55.05%, Test: 55.32%, Best Valid: 55.46%, Best Test: 55.48%
Epoch: 1700, Loss: 0.0362, Train: 99.88%, Valid: 54.92%, Test: 55.66%, Best Valid: 55.66%, Best Test: 55.17%
Epoch: 1800, Loss: 0.0296, Train: 99.90%, Valid: 55.61%, Test: 54.78%, Best Valid: 55.74%, Best Test: 55.05%
Epoch: 1900, Loss: 0.0296, Train: 99.89%, Valid: 54.78%, Test: 54.91%, Best Valid: 55.74%, Best Test: 55.05%
Epoch: 2000, Loss: 0.0318, Train: 99.89%, Valid: 54.92%, Test: 54.66%, Best Valid: 55.74%, Best Test: 55.05%
Epoch: 2100, Loss: 0.0275, Train: 99.92%, Valid: 54.65%, Test: 55.27%, Best Valid: 55.74%, Best Test: 55.05%
Epoch: 2200, Loss: 0.0286, Train: 99.90%, Valid: 54.63%, Test: 55.35%, Best Valid: 55.74%, Best Test: 55.05%
Epoch: 2300, Loss: 0.0243, Train: 99.91%, Valid: 54.88%, Test: 54.83%, Best Valid: 55.74%, Best Test: 55.05%
Epoch: 2400, Loss: 0.0258, Train: 99.92%, Valid: 55.27%, Test: 55.30%, Best Valid: 55.74%, Best Test: 55.05%
Run 10:
Highest Train: 99.93
Highest Valid: 55.89
Highest Test: 55.97
Chosen epoch: 2415
Final Train: 99.91
Final Test: 55.38
All runs:
Highest Train: 99.91 ± 0.02
Highest Test: 55.92 ± 0.35
Highest Valid: 55.74 ± 0.40
  Final Train: 99.89 ± 0.02
   Final Test: 55.22 ± 0.33
Saving results to results/placebo/amazon-ratings/MPNN_sage.csv
--- mlp_reg | transform=none | lambda=0.05 | mlp_epochs=10 ---
Namespace(bn=True, cpu=False, data_dir='./data/', dataset='amazon-ratings', device=0, display_step=100, dropout=0.5, epochs=2500, gnn='sage', hidden_channels=512, jk=False, label_num_per_class=20, lambda_val=0.05, ln=False, local_layers=9, lr=0.001, metric='acc', mlp_epochs=10, mlp_reg=True, model='MPNN', model_dir='models', num_heads=1, oracle_reg=False, paired_seeds=True, penalty_transform='none', pre_linear=False, pre_ln=False, rand_split=False, rand_split_class=False, reg_start_epoch=10, reg_update_freq=5, res=True, result_dir='results/placebo', runs=10, save_model=False, seed=42, test_num=1000, train_prop=0.5, use_reg=True, valid_num=500, valid_prop=0.25, weight_decay=0.0)
amazon-ratings
dataset amazon-ratings | num nodes 24492 | num edge 93050 | num node feats 300 | num classes 5
MODEL: MPNNs(
  (h_lins): ModuleList()
  (local_convs): ModuleList(
    (0): SAGEConv(300, 512, aggr=mean)
    (1): SAGEConv(512, 512, aggr=mean)
    (2): SAGEConv(512, 512, aggr=mean)
    (3): SAGEConv(512, 512, aggr=mean)
    (4): SAGEConv(512, 512, aggr=mean)
    (5): SAGEConv(512, 512, aggr=mean)
    (6): SAGEConv(512, 512, aggr=mean)
    (7): SAGEConv(512, 512, aggr=mean)
    (8): SAGEConv(512, 512, aggr=mean)
  )
  (lins): ModuleList(
    (0): Linear(in_features=300, out_features=512, bias=True)
    (1): Linear(in_features=512, out_features=512, bias=True)
    (2): Linear(in_features=512, out_features=512, bias=True)
    (3): Linear(in_features=512, out_features=512, bias=True)
    (4): Linear(in_features=512, out_features=512, bias=True)
    (5): Linear(in_features=512, out_features=512, bias=True)
    (6): Linear(in_features=512, out_features=512, bias=True)
    (7): Linear(in_features=512, out_features=512, bias=True)
    (8): Linear(in_features=512, out_features=512, bias=True)
  )
  (lns): ModuleList(
    (0): LayerNorm((512,), eps=1e-05, elementwise_affine=True)
    (1): LayerNorm((512,), eps=1e-05, elementwise_affine=True)
    (2): LayerNorm((512,), eps=1e-05, elementwise_affine=True)
    (3): LayerNorm((512,), eps=1e-05, elementwise_affine=True)
    (4): LayerNorm((512,), eps=1e-05, elementwise_affine=True)
    (5): LayerNorm((512,), eps=1e-05, elementwise_affine=True)
    (6): LayerNorm((512,), eps=1e-05, elementwise_affine=True)
    (7): LayerNorm((512,), eps=1e-05, elementwise_affine=True)
    (8): LayerNorm((512,), eps=1e-05, elementwise_affine=True)
  )
  (bns): ModuleList(
    (0): BatchNorm1d(512, eps=1e-05, momentum=0.1, affine=True, track_running_stats=True)
    (1): BatchNorm1d(512, eps=1e-05, momentum=0.1, affine=True, track_running_stats=True)
    (2): BatchNorm1d(512, eps=1e-05, momentum=0.1, affine=True, track_running_stats=True)
    (3): BatchNorm1d(512, eps=1e-05, momentum=0.1, affine=True, track_running_stats=True)
    (4): BatchNorm1d(512, eps=1e-05, momentum=0.1, affine=True, track_running_stats=True)
    (5): BatchNorm1d(512, eps=1e-05, momentum=0.1, affine=True, track_running_stats=True)
    (6): BatchNorm1d(512, eps=1e-05, momentum=0.1, affine=True, track_running_stats=True)
    (7): BatchNorm1d(512, eps=1e-05, momentum=0.1, affine=True, track_running_stats=True)
    (8): BatchNorm1d(512, eps=1e-05, momentum=0.1, affine=True, track_running_stats=True)
  )
  (lin_in): Linear(in_features=300, out_features=512, bias=True)
  (pred_local): Linear(in_features=512, out_features=5, bias=True)
)
Pre-training MLP for 10 epochs to generate co-occurrence matrix...
MLP pre-training complete. Penalty matrix frozen.
Epoch: 00, Loss: 1.7791, Train: 36.78%, Valid: 36.78%, Test: 36.80%, Best Valid: 36.78%, Best Test: 36.80%
Epoch: 100, Loss: 1.1455, Train: 51.83%, Valid: 44.70%, Test: 44.75%, Best Valid: 44.70%, Best Test: 44.75%
Epoch: 200, Loss: 0.8296, Train: 70.90%, Valid: 48.31%, Test: 48.15%, Best Valid: 48.60%, Best Test: 48.64%
Epoch: 300, Loss: 0.4913, Train: 90.92%, Valid: 51.22%, Test: 52.07%, Best Valid: 51.49%, Best Test: 51.15%
Epoch: 400, Loss: 0.3160, Train: 96.54%, Valid: 52.49%, Test: 53.81%, Best Valid: 52.85%, Best Test: 53.23%
Epoch: 500, Loss: 0.2187, Train: 98.26%, Valid: 53.34%, Test: 53.62%, Best Valid: 53.86%, Best Test: 54.61%
Epoch: 600, Loss: 0.1676, Train: 99.05%, Valid: 53.85%, Test: 54.53%, Best Valid: 54.39%, Best Test: 54.63%
Epoch: 700, Loss: 0.1177, Train: 99.42%, Valid: 53.98%, Test: 55.10%, Best Valid: 54.63%, Best Test: 54.83%
Epoch: 800, Loss: 0.1025, Train: 99.60%, Valid: 53.91%, Test: 54.39%, Best Valid: 54.74%, Best Test: 55.30%
Epoch: 900, Loss: 0.0784, Train: 99.67%, Valid: 53.96%, Test: 54.96%, Best Valid: 54.74%, Best Test: 55.30%
Epoch: 1000, Loss: 0.0715, Train: 99.79%, Valid: 54.16%, Test: 54.84%, Best Valid: 54.81%, Best Test: 55.22%
Epoch: 1100, Loss: 0.0623, Train: 99.80%, Valid: 54.68%, Test: 54.74%, Best Valid: 54.81%, Best Test: 55.22%
Epoch: 1200, Loss: 0.0538, Train: 99.79%, Valid: 54.61%, Test: 55.28%, Best Valid: 54.84%, Best Test: 54.73%
Epoch: 1300, Loss: 0.0522, Train: 99.84%, Valid: 54.45%, Test: 54.84%, Best Valid: 54.92%, Best Test: 55.02%
Epoch: 1400, Loss: 0.0444, Train: 99.84%, Valid: 54.27%, Test: 55.05%, Best Valid: 55.07%, Best Test: 55.02%
Epoch: 1500, Loss: 0.0376, Train: 99.85%, Valid: 54.52%, Test: 54.99%, Best Valid: 55.19%, Best Test: 55.51%
Epoch: 1600, Loss: 0.0354, Train: 99.85%, Valid: 54.14%, Test: 55.33%, Best Valid: 55.19%, Best Test: 55.51%
Epoch: 1700, Loss: 0.0319, Train: 99.84%, Valid: 54.81%, Test: 55.37%, Best Valid: 55.19%, Best Test: 55.51%
Epoch: 1800, Loss: 0.0339, Train: 99.86%, Valid: 54.56%, Test: 55.22%, Best Valid: 55.19%, Best Test: 55.51%
Epoch: 1900, Loss: 0.0323, Train: 99.87%, Valid: 54.58%, Test: 55.04%, Best Valid: 55.19%, Best Test: 55.51%
Epoch: 2000, Loss: 0.0293, Train: 99.87%, Valid: 55.09%, Test: 55.05%, Best Valid: 55.33%, Best Test: 55.19%
Epoch: 2100, Loss: 0.0299, Train: 99.88%, Valid: 54.84%, Test: 55.25%, Best Valid: 55.33%, Best Test: 55.19%
Epoch: 2200, Loss: 0.0253, Train: 99.88%, Valid: 54.97%, Test: 55.27%, Best Valid: 55.79%, Best Test: 55.89%
Epoch: 2300, Loss: 0.0318, Train: 99.87%, Valid: 54.92%, Test: 54.74%, Best Valid: 55.79%, Best Test: 55.89%
Epoch: 2400, Loss: 0.0244, Train: 99.86%, Valid: 54.84%, Test: 55.50%, Best Valid: 55.79%, Best Test: 55.89%
Run 01:
Highest Train: 99.89
Highest Valid: 55.79
Highest Test: 55.92
Chosen epoch: 2145
Final Train: 99.86
Final Test: 55.89
Pre-training MLP for 10 epochs to generate co-occurrence matrix...
MLP pre-training complete. Penalty matrix frozen.
Epoch: 00, Loss: 1.8084, Train: 36.79%, Valid: 36.78%, Test: 36.80%, Best Valid: 36.78%, Best Test: 36.80%
Epoch: 100, Loss: 1.1443, Train: 50.44%, Valid: 43.36%, Test: 43.80%, Best Valid: 45.52%, Best Test: 45.79%
Epoch: 200, Loss: 0.8395, Train: 71.08%, Valid: 48.78%, Test: 48.36%, Best Valid: 48.78%, Best Test: 48.36%
Epoch: 300, Loss: 0.4879, Train: 90.63%, Valid: 52.00%, Test: 52.43%, Best Valid: 52.02%, Best Test: 52.34%
Epoch: 400, Loss: 0.3199, Train: 96.91%, Valid: 53.93%, Test: 53.98%, Best Valid: 53.93%, Best Test: 53.98%
Epoch: 500, Loss: 0.2121, Train: 98.82%, Valid: 54.61%, Test: 54.86%, Best Valid: 54.79%, Best Test: 55.01%
Epoch: 600, Loss: 0.1578, Train: 99.32%, Valid: 54.53%, Test: 55.02%, Best Valid: 55.17%, Best Test: 55.15%
Epoch: 700, Loss: 0.1164, Train: 99.56%, Valid: 54.79%, Test: 55.07%, Best Valid: 55.17%, Best Test: 55.15%
Epoch: 800, Loss: 0.0912, Train: 99.76%, Valid: 54.42%, Test: 55.20%, Best Valid: 55.50%, Best Test: 55.56%
Epoch: 900, Loss: 0.0796, Train: 99.78%, Valid: 54.40%, Test: 55.09%, Best Valid: 55.50%, Best Test: 55.56%
Epoch: 1000, Loss: 0.0647, Train: 99.87%, Valid: 54.84%, Test: 55.28%, Best Valid: 55.50%, Best Test: 55.56%
Epoch: 1100, Loss: 0.0595, Train: 99.85%, Valid: 55.10%, Test: 55.56%, Best Valid: 55.51%, Best Test: 55.71%
Epoch: 1200, Loss: 0.0535, Train: 99.84%, Valid: 54.91%, Test: 54.86%, Best Valid: 55.61%, Best Test: 55.41%
Epoch: 1300, Loss: 0.0464, Train: 99.85%, Valid: 54.52%, Test: 55.17%, Best Valid: 55.61%, Best Test: 55.41%
Epoch: 1400, Loss: 0.0486, Train: 99.87%, Valid: 54.79%, Test: 55.64%, Best Valid: 55.61%, Best Test: 55.41%
Epoch: 1500, Loss: 0.0427, Train: 99.89%, Valid: 54.96%, Test: 55.14%, Best Valid: 55.68%, Best Test: 55.14%
Epoch: 1600, Loss: 0.0399, Train: 99.89%, Valid: 55.19%, Test: 55.50%, Best Valid: 55.81%, Best Test: 55.45%
Epoch: 1700, Loss: 0.0345, Train: 99.89%, Valid: 55.02%, Test: 55.46%, Best Valid: 55.81%, Best Test: 55.45%
Epoch: 1800, Loss: 0.0288, Train: 99.89%, Valid: 55.30%, Test: 55.51%, Best Valid: 55.81%, Best Test: 55.45%
Epoch: 1900, Loss: 0.0290, Train: 99.90%, Valid: 55.07%, Test: 55.58%, Best Valid: 55.81%, Best Test: 55.45%
Epoch: 2000, Loss: 0.0243, Train: 99.92%, Valid: 54.50%, Test: 55.33%, Best Valid: 55.81%, Best Test: 55.45%
Epoch: 2100, Loss: 0.0232, Train: 99.90%, Valid: 54.70%, Test: 55.37%, Best Valid: 55.81%, Best Test: 55.45%
Epoch: 2200, Loss: 0.0242, Train: 99.93%, Valid: 55.02%, Test: 55.43%, Best Valid: 55.81%, Best Test: 55.45%
Epoch: 2300, Loss: 0.0233, Train: 99.92%, Valid: 55.23%, Test: 54.99%, Best Valid: 55.81%, Best Test: 55.45%
Epoch: 2400, Loss: 0.0275, Train: 99.93%, Valid: 55.30%, Test: 55.81%, Best Valid: 55.99%, Best Test: 55.51%
Run 02:
Highest Train: 99.94
Highest Valid: 55.99
Highest Test: 56.07
Chosen epoch: 2374
Final Train: 99.93
Final Test: 55.51
Pre-training MLP for 10 epochs to generate co-occurrence matrix...
MLP pre-training complete. Penalty matrix frozen.
Epoch: 00, Loss: 1.8101, Train: 36.79%, Valid: 36.78%, Test: 36.80%, Best Valid: 36.78%, Best Test: 36.80%
Epoch: 100, Loss: 1.1237, Train: 48.02%, Valid: 41.68%, Test: 41.29%, Best Valid: 42.82%, Best Test: 42.15%
Epoch: 200, Loss: 0.7931, Train: 68.99%, Valid: 47.48%, Test: 46.68%, Best Valid: 48.51%, Best Test: 47.66%
Epoch: 300, Loss: 0.4700, Train: 88.35%, Valid: 51.46%, Test: 51.04%, Best Valid: 52.83%, Best Test: 51.97%
Epoch: 400, Loss: 0.2928, Train: 96.86%, Valid: 53.94%, Test: 53.34%, Best Valid: 54.70%, Best Test: 53.65%
Epoch: 500, Loss: 0.2035, Train: 98.75%, Valid: 54.40%, Test: 53.47%, Best Valid: 55.20%, Best Test: 54.11%
Epoch: 600, Loss: 0.1408, Train: 99.25%, Valid: 54.34%, Test: 53.88%, Best Valid: 55.79%, Best Test: 54.11%
Epoch: 700, Loss: 0.1204, Train: 99.68%, Valid: 54.81%, Test: 54.37%, Best Valid: 56.21%, Best Test: 54.48%
Epoch: 800, Loss: 0.0907, Train: 99.71%, Valid: 55.46%, Test: 55.02%, Best Valid: 56.21%, Best Test: 54.48%
Epoch: 900, Loss: 0.0731, Train: 99.77%, Valid: 54.83%, Test: 54.73%, Best Valid: 56.21%, Best Test: 54.48%
Epoch: 1000, Loss: 0.0707, Train: 99.84%, Valid: 55.61%, Test: 54.92%, Best Valid: 56.21%, Best Test: 54.48%
Epoch: 1100, Loss: 0.0588, Train: 99.82%, Valid: 55.41%, Test: 54.92%, Best Valid: 56.49%, Best Test: 55.10%
Epoch: 1200, Loss: 0.0462, Train: 99.84%, Valid: 55.74%, Test: 54.74%, Best Valid: 56.49%, Best Test: 55.10%
Epoch: 1300, Loss: 0.0492, Train: 99.85%, Valid: 55.64%, Test: 54.99%, Best Valid: 56.61%, Best Test: 55.25%
Epoch: 1400, Loss: 0.0405, Train: 99.87%, Valid: 55.94%, Test: 54.92%, Best Valid: 56.66%, Best Test: 55.10%
Epoch: 1500, Loss: 0.0446, Train: 99.85%, Valid: 55.46%, Test: 54.19%, Best Valid: 56.66%, Best Test: 55.10%
Epoch: 1600, Loss: 0.0327, Train: 99.88%, Valid: 55.89%, Test: 55.02%, Best Valid: 56.66%, Best Test: 55.10%
Epoch: 1700, Loss: 0.0309, Train: 99.88%, Valid: 55.51%, Test: 54.58%, Best Valid: 56.66%, Best Test: 55.10%
Epoch: 1800, Loss: 0.0322, Train: 99.89%, Valid: 55.54%, Test: 55.23%, Best Valid: 56.66%, Best Test: 55.10%
Epoch: 1900, Loss: 0.0269, Train: 99.89%, Valid: 55.90%, Test: 54.73%, Best Valid: 56.66%, Best Test: 55.10%
Epoch: 2000, Loss: 0.0245, Train: 99.90%, Valid: 55.09%, Test: 54.88%, Best Valid: 56.66%, Best Test: 55.10%
Epoch: 2100, Loss: 0.0272, Train: 99.89%, Valid: 55.41%, Test: 54.63%, Best Valid: 56.66%, Best Test: 55.10%
Epoch: 2200, Loss: 0.0249, Train: 99.91%, Valid: 55.09%, Test: 54.73%, Best Valid: 56.66%, Best Test: 55.10%
Epoch: 2300, Loss: 0.0303, Train: 99.91%, Valid: 55.27%, Test: 54.96%, Best Valid: 56.66%, Best Test: 55.10%
Epoch: 2400, Loss: 0.0210, Train: 99.91%, Valid: 55.35%, Test: 54.60%, Best Valid: 56.66%, Best Test: 55.10%
Run 03:
Highest Train: 99.93
Highest Valid: 56.66
Highest Test: 55.61
Chosen epoch: 1345
Final Train: 99.86
Final Test: 55.10
Pre-training MLP for 10 epochs to generate co-occurrence matrix...
MLP pre-training complete. Penalty matrix frozen.
Epoch: 00, Loss: 1.9681, Train: 26.78%, Valid: 26.78%, Test: 26.78%, Best Valid: 26.78%, Best Test: 26.78%
Epoch: 100, Loss: 1.1310, Train: 50.68%, Valid: 42.97%, Test: 43.54%, Best Valid: 43.72%, Best Test: 43.36%
Epoch: 200, Loss: 0.7888, Train: 69.68%, Valid: 46.68%, Test: 46.19%, Best Valid: 48.69%, Best Test: 47.59%
Epoch: 300, Loss: 0.4847, Train: 92.19%, Valid: 50.91%, Test: 50.82%, Best Valid: 52.13%, Best Test: 51.38%
Epoch: 400, Loss: 0.2933, Train: 96.55%, Valid: 52.49%, Test: 52.60%, Best Valid: 53.86%, Best Test: 52.98%
Epoch: 500, Loss: 0.1972, Train: 98.53%, Valid: 54.56%, Test: 53.24%, Best Valid: 54.76%, Best Test: 53.42%
Epoch: 600, Loss: 0.1511, Train: 99.49%, Valid: 54.79%, Test: 54.30%, Best Valid: 55.22%, Best Test: 54.25%
Epoch: 700, Loss: 0.1073, Train: 99.67%, Valid: 54.14%, Test: 53.99%, Best Valid: 55.59%, Best Test: 54.53%
Epoch: 800, Loss: 0.0901, Train: 99.74%, Valid: 54.39%, Test: 53.93%, Best Valid: 55.59%, Best Test: 54.53%
Epoch: 900, Loss: 0.0697, Train: 99.80%, Valid: 54.65%, Test: 53.86%, Best Valid: 55.59%, Best Test: 54.53%
Epoch: 1000, Loss: 0.0593, Train: 99.83%, Valid: 54.81%, Test: 54.07%, Best Valid: 55.59%, Best Test: 54.53%
Epoch: 1100, Loss: 0.0625, Train: 99.83%, Valid: 55.32%, Test: 54.55%, Best Valid: 55.59%, Best Test: 54.53%
Epoch: 1200, Loss: 0.0486, Train: 99.85%, Valid: 55.15%, Test: 54.73%, Best Valid: 55.59%, Best Test: 54.53%
Epoch: 1300, Loss: 0.0473, Train: 99.87%, Valid: 54.40%, Test: 53.90%, Best Valid: 55.59%, Best Test: 54.53%
Epoch: 1400, Loss: 0.0404, Train: 99.85%, Valid: 54.73%, Test: 54.24%, Best Valid: 55.59%, Best Test: 54.53%
Epoch: 1500, Loss: 0.0345, Train: 99.86%, Valid: 54.88%, Test: 53.99%, Best Valid: 55.85%, Best Test: 54.83%
Epoch: 1600, Loss: 0.0329, Train: 99.87%, Valid: 55.05%, Test: 54.96%, Best Valid: 55.85%, Best Test: 54.83%
Epoch: 1700, Loss: 0.0287, Train: 99.88%, Valid: 54.92%, Test: 54.42%, Best Valid: 55.85%, Best Test: 54.83%
Epoch: 1800, Loss: 0.0292, Train: 99.87%, Valid: 55.01%, Test: 54.43%, Best Valid: 55.85%, Best Test: 54.83%
Epoch: 1900, Loss: 0.0299, Train: 99.88%, Valid: 55.40%, Test: 54.83%, Best Valid: 55.85%, Best Test: 54.83%
Epoch: 2000, Loss: 0.0281, Train: 99.88%, Valid: 55.51%, Test: 54.99%, Best Valid: 55.85%, Best Test: 54.83%
Epoch: 2100, Loss: 0.0275, Train: 99.87%, Valid: 54.78%, Test: 54.07%, Best Valid: 55.85%, Best Test: 54.83%
Epoch: 2200, Loss: 0.0260, Train: 99.88%, Valid: 55.48%, Test: 54.81%, Best Valid: 55.85%, Best Test: 54.83%
Epoch: 2300, Loss: 0.0222, Train: 99.87%, Valid: 55.25%, Test: 54.39%, Best Valid: 55.85%, Best Test: 54.83%
Epoch: 2400, Loss: 0.0227, Train: 99.89%, Valid: 55.51%, Test: 54.37%, Best Valid: 55.85%, Best Test: 54.83%
Run 04:
Highest Train: 99.92
Highest Valid: 55.85
Highest Test: 55.40
Chosen epoch: 1473
Final Train: 99.86
Final Test: 54.83
Pre-training MLP for 10 epochs to generate co-occurrence matrix...
MLP pre-training complete. Penalty matrix frozen.
Epoch: 00, Loss: 1.8429, Train: 23.18%, Valid: 23.19%, Test: 23.17%, Best Valid: 23.19%, Best Test: 23.17%
Epoch: 100, Loss: 1.1463, Train: 46.12%, Valid: 41.89%, Test: 40.49%, Best Valid: 45.34%, Best Test: 44.60%
Epoch: 200, Loss: 0.8408, Train: 68.75%, Valid: 48.80%, Test: 47.87%, Best Valid: 49.18%, Best Test: 48.36%
Epoch: 300, Loss: 0.5116, Train: 91.87%, Valid: 52.33%, Test: 51.92%, Best Valid: 52.72%, Best Test: 52.13%
Epoch: 400, Loss: 0.3096, Train: 96.90%, Valid: 53.81%, Test: 53.29%, Best Valid: 54.45%, Best Test: 53.19%
Epoch: 500, Loss: 0.2083, Train: 98.65%, Valid: 54.19%, Test: 53.67%, Best Valid: 54.71%, Best Test: 53.93%
Epoch: 600, Loss: 0.1512, Train: 99.39%, Valid: 54.58%, Test: 54.71%, Best Valid: 55.23%, Best Test: 53.91%
Epoch: 700, Loss: 0.1253, Train: 99.59%, Valid: 54.30%, Test: 53.76%, Best Valid: 55.23%, Best Test: 53.91%
Epoch: 800, Loss: 0.0896, Train: 99.68%, Valid: 54.96%, Test: 55.27%, Best Valid: 55.50%, Best Test: 54.21%
Epoch: 900, Loss: 0.0774, Train: 99.79%, Valid: 54.71%, Test: 54.66%, Best Valid: 55.66%, Best Test: 56.00%
Epoch: 1000, Loss: 0.0660, Train: 99.82%, Valid: 54.70%, Test: 55.23%, Best Valid: 55.66%, Best Test: 56.00%
Epoch: 1100, Loss: 0.0638, Train: 99.87%, Valid: 55.35%, Test: 54.92%, Best Valid: 55.71%, Best Test: 55.14%
Epoch: 1200, Loss: 0.0517, Train: 99.87%, Valid: 55.33%, Test: 55.28%, Best Valid: 55.89%, Best Test: 55.64%
Epoch: 1300, Loss: 0.0454, Train: 99.87%, Valid: 55.27%, Test: 55.14%, Best Valid: 55.89%, Best Test: 55.64%
Epoch: 1400, Loss: 0.0470, Train: 99.89%, Valid: 55.04%, Test: 55.17%, Best Valid: 55.89%, Best Test: 55.64%
Epoch: 1500, Loss: 0.0412, Train: 99.89%, Valid: 55.10%, Test: 54.97%, Best Valid: 55.89%, Best Test: 55.64%
Epoch: 1600, Loss: 0.0322, Train: 99.91%, Valid: 55.20%, Test: 55.22%, Best Valid: 55.89%, Best Test: 55.64%
Epoch: 1700, Loss: 0.0304, Train: 99.91%, Valid: 55.37%, Test: 54.78%, Best Valid: 56.02%, Best Test: 55.69%
Epoch: 1800, Loss: 0.0287, Train: 99.91%, Valid: 55.71%, Test: 55.50%, Best Valid: 56.30%, Best Test: 55.74%
Epoch: 1900, Loss: 0.0312, Train: 99.89%, Valid: 55.71%, Test: 55.69%, Best Valid: 56.30%, Best Test: 55.74%
Epoch: 2000, Loss: 0.0275, Train: 99.91%, Valid: 55.12%, Test: 55.17%, Best Valid: 56.30%, Best Test: 55.74%
Epoch: 2100, Loss: 0.0296, Train: 99.92%, Valid: 55.40%, Test: 55.09%, Best Valid: 56.30%, Best Test: 55.74%
Epoch: 2200, Loss: 0.0233, Train: 99.93%, Valid: 55.37%, Test: 54.97%, Best Valid: 56.30%, Best Test: 55.74%
Epoch: 2300, Loss: 0.0260, Train: 99.91%, Valid: 55.71%, Test: 54.96%, Best Valid: 56.30%, Best Test: 55.74%
Epoch: 2400, Loss: 0.0261, Train: 99.92%, Valid: 55.61%, Test: 55.69%, Best Valid: 56.30%, Best Test: 55.74%
Run 05:
Highest Train: 99.93
Highest Valid: 56.30
Highest Test: 56.18
Chosen epoch: 1793
Final Train: 99.91
Final Test: 55.74
Pre-training MLP for 10 epochs to generate co-occurrence matrix...
MLP pre-training complete. Penalty matrix frozen.
Epoch: 00, Loss: 1.7666, Train: 4.33%, Valid: 4.33%, Test: 4.34%, Best Valid: 4.33%, Best Test: 4.34%
Epoch: 100, Loss: 1.1439, Train: 53.76%, Valid: 46.25%, Test: 46.09%, Best Valid: 46.25%, Best Test: 46.09%
Epoch: 200, Loss: 0.8301, Train: 68.97%, Valid: 48.08%, Test: 48.15%, Best Valid: 49.09%, Best Test: 48.55%
Epoch: 300, Loss: 0.4821, Train: 91.01%, Valid: 51.95%, Test: 51.69%, Best Valid: 52.62%, Best Test: 52.49%
Epoch: 400, Loss: 0.2987, Train: 96.16%, Valid: 53.45%, Test: 53.57%, Best Valid: 53.47%, Best Test: 52.65%
Epoch: 500, Loss: 0.2069, Train: 98.44%, Valid: 53.39%, Test: 53.44%, Best Valid: 54.04%, Best Test: 53.37%
Epoch: 600, Loss: 0.1503, Train: 99.21%, Valid: 53.47%, Test: 53.94%, Best Valid: 54.61%, Best Test: 53.57%
Epoch: 700, Loss: 0.1232, Train: 99.51%, Valid: 54.07%, Test: 53.83%, Best Valid: 55.20%, Best Test: 53.50%
Epoch: 800, Loss: 0.0864, Train: 99.58%, Valid: 54.30%, Test: 54.66%, Best Valid: 55.20%, Best Test: 53.50%
Epoch: 900, Loss: 0.0803, Train: 99.62%, Valid: 54.12%, Test: 54.29%, Best Valid: 55.20%, Best Test: 53.50%
Epoch: 1000, Loss: 0.0640, Train: 99.73%, Valid: 54.71%, Test: 54.45%, Best Valid: 55.20%, Best Test: 53.50%
Epoch: 1100, Loss: 0.0632, Train: 99.76%, Valid: 54.79%, Test: 53.65%, Best Valid: 55.20%, Best Test: 53.50%
Epoch: 1200, Loss: 0.0577, Train: 99.80%, Valid: 54.88%, Test: 54.63%, Best Valid: 55.20%, Best Test: 53.50%
Epoch: 1300, Loss: 0.0497, Train: 99.80%, Valid: 54.56%, Test: 54.21%, Best Valid: 55.20%, Best Test: 53.50%
Epoch: 1400, Loss: 0.0478, Train: 99.80%, Valid: 54.92%, Test: 54.68%, Best Valid: 55.37%, Best Test: 54.47%
Epoch: 1500, Loss: 0.0414, Train: 99.82%, Valid: 55.27%, Test: 54.81%, Best Valid: 55.37%, Best Test: 54.47%
Epoch: 1600, Loss: 0.0352, Train: 99.83%, Valid: 55.20%, Test: 54.40%, Best Valid: 55.37%, Best Test: 54.47%
Epoch: 1700, Loss: 0.0338, Train: 99.80%, Valid: 55.27%, Test: 54.96%, Best Valid: 55.37%, Best Test: 54.47%
Epoch: 1800, Loss: 0.0291, Train: 99.82%, Valid: 54.88%, Test: 55.01%, Best Valid: 55.53%, Best Test: 54.99%
Epoch: 1900, Loss: 0.0303, Train: 99.83%, Valid: 54.78%, Test: 55.68%, Best Valid: 55.53%, Best Test: 54.99%
Epoch: 2000, Loss: 0.0320, Train: 99.85%, Valid: 54.89%, Test: 55.02%, Best Valid: 55.53%, Best Test: 54.99%
Epoch: 2100, Loss: 0.0323, Train: 99.84%, Valid: 54.92%, Test: 55.30%, Best Valid: 55.53%, Best Test: 54.99%
Epoch: 2200, Loss: 0.0282, Train: 99.84%, Valid: 54.61%, Test: 55.22%, Best Valid: 55.53%, Best Test: 54.99%
Epoch: 2300, Loss: 0.0234, Train: 99.84%, Valid: 54.76%, Test: 54.50%, Best Valid: 55.53%, Best Test: 54.99%
Epoch: 2400, Loss: 0.0244, Train: 99.85%, Valid: 55.10%, Test: 55.04%, Best Valid: 55.53%, Best Test: 54.99%
Run 06:
Highest Train: 99.89
Highest Valid: 55.53
Highest Test: 55.79
Chosen epoch: 1701
Final Train: 99.80
Final Test: 54.99
Pre-training MLP for 10 epochs to generate co-occurrence matrix...
MLP pre-training complete. Penalty matrix frozen.
Epoch: 00, Loss: 1.9106, Train: 36.79%, Valid: 36.78%, Test: 36.80%, Best Valid: 36.78%, Best Test: 36.80%
Epoch: 100, Loss: 1.1453, Train: 46.01%, Valid: 40.86%, Test: 42.68%, Best Valid: 44.13%, Best Test: 44.91%
Epoch: 200, Loss: 0.8291, Train: 70.21%, Valid: 49.49%, Test: 48.24%, Best Valid: 49.58%, Best Test: 48.31%
Epoch: 300, Loss: 0.5101, Train: 86.69%, Valid: 51.17%, Test: 50.42%, Best Valid: 52.60%, Best Test: 50.96%
Epoch: 400, Loss: 0.3191, Train: 96.25%, Valid: 53.65%, Test: 52.70%, Best Valid: 54.34%, Best Test: 52.92%
Epoch: 500, Loss: 0.2262, Train: 98.70%, Valid: 54.92%, Test: 53.24%, Best Valid: 55.07%, Best Test: 53.96%
Epoch: 600, Loss: 0.1574, Train: 99.22%, Valid: 55.20%, Test: 54.63%, Best Valid: 55.51%, Best Test: 54.55%
Epoch: 700, Loss: 0.1202, Train: 99.47%, Valid: 54.94%, Test: 54.04%, Best Valid: 55.74%, Best Test: 55.12%
Epoch: 800, Loss: 0.0873, Train: 99.67%, Valid: 55.04%, Test: 54.35%, Best Valid: 55.90%, Best Test: 55.10%
Epoch: 900, Loss: 0.0755, Train: 99.75%, Valid: 55.25%, Test: 54.52%, Best Valid: 55.92%, Best Test: 55.10%
Epoch: 1000, Loss: 0.0677, Train: 99.81%, Valid: 55.40%, Test: 54.78%, Best Valid: 55.92%, Best Test: 55.10%
Epoch: 1100, Loss: 0.0571, Train: 99.82%, Valid: 56.12%, Test: 54.99%, Best Valid: 56.26%, Best Test: 54.78%
Epoch: 1200, Loss: 0.0474, Train: 99.85%, Valid: 55.76%, Test: 55.10%, Best Valid: 56.26%, Best Test: 54.78%
Epoch: 1300, Loss: 0.0463, Train: 99.83%, Valid: 55.59%, Test: 55.30%, Best Valid: 56.26%, Best Test: 54.78%
Epoch: 1400, Loss: 0.0424, Train: 99.85%, Valid: 56.15%, Test: 55.20%, Best Valid: 56.26%, Best Test: 54.78%
Epoch: 1500, Loss: 0.0359, Train: 99.87%, Valid: 55.19%, Test: 54.61%, Best Valid: 56.36%, Best Test: 55.35%
Epoch: 1600, Loss: 0.0402, Train: 99.87%, Valid: 55.77%, Test: 55.37%, Best Valid: 56.36%, Best Test: 55.35%
Epoch: 1700, Loss: 0.0310, Train: 99.87%, Valid: 55.66%, Test: 54.84%, Best Valid: 56.36%, Best Test: 55.35%
Epoch: 1800, Loss: 0.0299, Train: 99.86%, Valid: 56.07%, Test: 55.09%, Best Valid: 56.49%, Best Test: 55.04%
Epoch: 1900, Loss: 0.0272, Train: 99.87%, Valid: 55.66%, Test: 55.01%, Best Valid: 56.49%, Best Test: 55.04%
Epoch: 2000, Loss: 0.0279, Train: 99.87%, Valid: 55.63%, Test: 54.99%, Best Valid: 56.49%, Best Test: 55.04%
Epoch: 2100, Loss: 0.0319, Train: 99.86%, Valid: 56.07%, Test: 55.66%, Best Valid: 56.49%, Best Test: 55.04%
Epoch: 2200, Loss: 0.0291, Train: 99.89%, Valid: 55.72%, Test: 55.32%, Best Valid: 56.59%, Best Test: 55.40%
Epoch: 2300, Loss: 0.0250, Train: 99.87%, Valid: 55.84%, Test: 54.94%, Best Valid: 56.59%, Best Test: 55.40%
Epoch: 2400, Loss: 0.0279, Train: 99.89%, Valid: 56.05%, Test: 55.33%, Best Valid: 56.59%, Best Test: 55.40%
Run 07:
Highest Train: 99.92
Highest Valid: 56.59
Highest Test: 56.33
Chosen epoch: 2124
Final Train: 99.88
Final Test: 55.40
Pre-training MLP for 10 epochs to generate co-occurrence matrix...
MLP pre-training complete. Penalty matrix frozen.
Epoch: 00, Loss: 1.8467, Train: 23.18%, Valid: 23.19%, Test: 23.17%, Best Valid: 23.19%, Best Test: 23.17%
Epoch: 100, Loss: 1.1532, Train: 49.90%, Valid: 43.98%, Test: 43.87%, Best Valid: 44.29%, Best Test: 44.77%
Epoch: 200, Loss: 0.8267, Train: 69.55%, Valid: 48.24%, Test: 48.31%, Best Valid: 48.82%, Best Test: 49.19%
Epoch: 300, Loss: 0.5055, Train: 88.54%, Valid: 51.28%, Test: 50.86%, Best Valid: 51.79%, Best Test: 51.46%
Epoch: 400, Loss: 0.3053, Train: 97.15%, Valid: 52.38%, Test: 52.29%, Best Valid: 53.42%, Best Test: 52.98%
Epoch: 500, Loss: 0.2102, Train: 98.57%, Valid: 53.13%, Test: 53.37%, Best Valid: 53.42%, Best Test: 52.98%
Epoch: 600, Loss: 0.1532, Train: 99.27%, Valid: 53.24%, Test: 53.58%, Best Valid: 53.94%, Best Test: 54.11%
Epoch: 700, Loss: 0.1173, Train: 99.44%, Valid: 54.24%, Test: 53.62%, Best Valid: 54.52%, Best Test: 54.17%
Epoch: 800, Loss: 0.0953, Train: 99.67%, Valid: 54.09%, Test: 54.34%, Best Valid: 54.63%, Best Test: 53.86%
Epoch: 900, Loss: 0.0785, Train: 99.74%, Valid: 54.22%, Test: 54.29%, Best Valid: 54.63%, Best Test: 53.86%
Epoch: 1000, Loss: 0.0650, Train: 99.74%, Valid: 54.03%, Test: 54.30%, Best Valid: 54.63%, Best Test: 53.86%
Epoch: 1100, Loss: 0.0562, Train: 99.77%, Valid: 54.03%, Test: 54.45%, Best Valid: 54.63%, Best Test: 53.86%
Epoch: 1200, Loss: 0.0519, Train: 99.79%, Valid: 53.98%, Test: 54.40%, Best Valid: 54.63%, Best Test: 53.86%
Epoch: 1300, Loss: 0.0462, Train: 99.82%, Valid: 53.91%, Test: 54.45%, Best Valid: 54.63%, Best Test: 53.86%
Epoch: 1400, Loss: 0.0460, Train: 99.82%, Valid: 53.98%, Test: 54.58%, Best Valid: 54.63%, Best Test: 53.86%
Epoch: 1500, Loss: 0.0406, Train: 99.84%, Valid: 54.45%, Test: 54.84%, Best Valid: 54.63%, Best Test: 53.86%
Epoch: 1600, Loss: 0.0373, Train: 99.84%, Valid: 53.68%, Test: 54.50%, Best Valid: 54.63%, Best Test: 53.86%
Epoch: 1700, Loss: 0.0338, Train: 99.85%, Valid: 53.78%, Test: 54.19%, Best Valid: 54.63%, Best Test: 53.86%
Epoch: 1800, Loss: 0.0286, Train: 99.84%, Valid: 53.99%, Test: 54.73%, Best Valid: 54.63%, Best Test: 53.86%
Epoch: 1900, Loss: 0.0301, Train: 99.85%, Valid: 53.75%, Test: 54.27%, Best Valid: 54.65%, Best Test: 54.89%
Epoch: 2000, Loss: 0.0311, Train: 99.85%, Valid: 54.32%, Test: 54.43%, Best Valid: 54.70%, Best Test: 54.35%
Epoch: 2100, Loss: 0.0299, Train: 99.85%, Valid: 54.14%, Test: 54.11%, Best Valid: 54.70%, Best Test: 54.35%
Epoch: 2200, Loss: 0.0256, Train: 99.85%, Valid: 54.01%, Test: 54.37%, Best Valid: 54.94%, Best Test: 54.73%
Epoch: 2300, Loss: 0.0251, Train: 99.84%, Valid: 53.86%, Test: 54.70%, Best Valid: 54.94%, Best Test: 54.73%
Epoch: 2400, Loss: 0.0235, Train: 99.85%, Valid: 54.48%, Test: 54.56%, Best Valid: 54.94%, Best Test: 54.73%
Run 08:
Highest Train: 99.90
Highest Valid: 54.94
Highest Test: 55.40
Chosen epoch: 2114
Final Train: 99.85
Final Test: 54.73
Pre-training MLP for 10 epochs to generate co-occurrence matrix...
MLP pre-training complete. Penalty matrix frozen.
Epoch: 00, Loss: 1.8210, Train: 23.40%, Valid: 23.31%, Test: 23.26%, Best Valid: 23.31%, Best Test: 23.26%
Epoch: 100, Loss: 1.1462, Train: 46.03%, Valid: 41.48%, Test: 41.70%, Best Valid: 44.31%, Best Test: 44.93%
Epoch: 200, Loss: 0.8229, Train: 70.41%, Valid: 48.20%, Test: 47.93%, Best Valid: 48.82%, Best Test: 47.62%
Epoch: 300, Loss: 0.4963, Train: 89.70%, Valid: 51.77%, Test: 50.48%, Best Valid: 52.74%, Best Test: 51.43%
Epoch: 400, Loss: 0.3032, Train: 96.06%, Valid: 52.57%, Test: 52.20%, Best Valid: 53.52%, Best Test: 52.62%
Epoch: 500, Loss: 0.2113, Train: 96.52%, Valid: 52.13%, Test: 51.53%, Best Valid: 54.40%, Best Test: 53.44%
Epoch: 600, Loss: 0.1500, Train: 99.24%, Valid: 53.54%, Test: 53.32%, Best Valid: 54.42%, Best Test: 53.78%
Epoch: 700, Loss: 0.1123, Train: 99.52%, Valid: 54.16%, Test: 53.91%, Best Valid: 54.60%, Best Test: 54.39%
Epoch: 800, Loss: 0.0929, Train: 99.71%, Valid: 54.22%, Test: 54.04%, Best Valid: 54.68%, Best Test: 53.70%
Epoch: 900, Loss: 0.0718, Train: 99.71%, Valid: 54.11%, Test: 53.60%, Best Valid: 54.74%, Best Test: 54.40%
Epoch: 1000, Loss: 0.0626, Train: 99.80%, Valid: 54.47%, Test: 53.47%, Best Valid: 54.83%, Best Test: 53.98%
Epoch: 1100, Loss: 0.0625, Train: 99.80%, Valid: 54.43%, Test: 53.98%, Best Valid: 55.14%, Best Test: 54.78%
Epoch: 1200, Loss: 0.0523, Train: 99.84%, Valid: 54.42%, Test: 54.27%, Best Valid: 55.23%, Best Test: 54.76%
Epoch: 1300, Loss: 0.0429, Train: 99.84%, Valid: 54.17%, Test: 53.44%, Best Valid: 55.25%, Best Test: 53.94%
Epoch: 1400, Loss: 0.0463, Train: 99.85%, Valid: 55.17%, Test: 54.60%, Best Valid: 55.32%, Best Test: 54.84%
Epoch: 1500, Loss: 0.0396, Train: 99.85%, Valid: 54.79%, Test: 54.03%, Best Valid: 55.32%, Best Test: 54.84%
Epoch: 1600, Loss: 0.0369, Train: 99.85%, Valid: 55.10%, Test: 54.74%, Best Valid: 55.32%, Best Test: 54.84%
Epoch: 1700, Loss: 0.0342, Train: 99.88%, Valid: 54.53%, Test: 54.45%, Best Valid: 55.41%, Best Test: 54.88%
Epoch: 1800, Loss: 0.0363, Train: 99.85%, Valid: 54.68%, Test: 54.55%, Best Valid: 55.56%, Best Test: 54.21%
Epoch: 1900, Loss: 0.0291, Train: 99.89%, Valid: 54.94%, Test: 54.07%, Best Valid: 55.56%, Best Test: 54.21%
Epoch: 2000, Loss: 0.0272, Train: 99.90%, Valid: 55.10%, Test: 54.40%, Best Valid: 55.56%, Best Test: 54.21%
Epoch: 2100, Loss: 0.0287, Train: 99.91%, Valid: 55.02%, Test: 54.53%, Best Valid: 55.56%, Best Test: 54.21%
Epoch: 2200, Loss: 0.0278, Train: 99.92%, Valid: 54.03%, Test: 54.14%, Best Valid: 55.56%, Best Test: 54.21%
Epoch: 2300, Loss: 0.0293, Train: 99.92%, Valid: 54.92%, Test: 54.55%, Best Valid: 55.56%, Best Test: 54.21%
Epoch: 2400, Loss: 0.0264, Train: 99.90%, Valid: 54.79%, Test: 54.07%, Best Valid: 55.56%, Best Test: 54.21%
Run 09:
Highest Train: 99.92
Highest Valid: 55.56
Highest Test: 55.07
Chosen epoch: 1714
Final Train: 99.86
Final Test: 54.21
Pre-training MLP for 10 epochs to generate co-occurrence matrix...
MLP pre-training complete. Penalty matrix frozen.
Epoch: 00, Loss: 1.8163, Train: 36.79%, Valid: 36.78%, Test: 36.80%, Best Valid: 36.78%, Best Test: 36.80%
Epoch: 100, Loss: 1.1456, Train: 51.41%, Valid: 44.73%, Test: 44.21%, Best Valid: 44.86%, Best Test: 45.03%
Epoch: 200, Loss: 0.8089, Train: 73.69%, Valid: 49.27%, Test: 49.19%, Best Valid: 49.83%, Best Test: 49.83%
Epoch: 300, Loss: 0.4886, Train: 90.91%, Valid: 52.00%, Test: 52.62%, Best Valid: 52.00%, Best Test: 52.62%
Epoch: 400, Loss: 0.3117, Train: 96.34%, Valid: 53.52%, Test: 54.06%, Best Valid: 53.63%, Best Test: 53.83%
Epoch: 500, Loss: 0.2186, Train: 98.34%, Valid: 53.37%, Test: 53.76%, Best Valid: 54.34%, Best Test: 54.58%
Epoch: 600, Loss: 0.1644, Train: 99.16%, Valid: 54.39%, Test: 54.56%, Best Valid: 54.99%, Best Test: 55.17%
Epoch: 700, Loss: 0.1234, Train: 99.56%, Valid: 54.86%, Test: 54.84%, Best Valid: 55.33%, Best Test: 55.45%
Epoch: 800, Loss: 0.0968, Train: 99.68%, Valid: 55.15%, Test: 55.23%, Best Valid: 55.46%, Best Test: 56.02%
Epoch: 900, Loss: 0.0807, Train: 99.72%, Valid: 54.61%, Test: 55.50%, Best Valid: 55.46%, Best Test: 56.02%
Epoch: 1000, Loss: 0.0763, Train: 99.79%, Valid: 54.74%, Test: 55.45%, Best Valid: 55.53%, Best Test: 55.54%
Epoch: 1100, Loss: 0.0617, Train: 99.79%, Valid: 54.92%, Test: 56.07%, Best Valid: 55.53%, Best Test: 55.54%
Epoch: 1200, Loss: 0.0535, Train: 99.84%, Valid: 55.27%, Test: 55.76%, Best Valid: 55.53%, Best Test: 55.54%
Epoch: 1300, Loss: 0.0532, Train: 99.87%, Valid: 55.32%, Test: 55.81%, Best Valid: 55.87%, Best Test: 55.68%
Epoch: 1400, Loss: 0.0532, Train: 99.84%, Valid: 54.97%, Test: 55.66%, Best Valid: 55.87%, Best Test: 55.68%
Epoch: 1500, Loss: 0.0370, Train: 99.83%, Valid: 54.83%, Test: 56.00%, Best Valid: 55.87%, Best Test: 55.68%
Epoch: 1600, Loss: 0.0371, Train: 99.89%, Valid: 55.02%, Test: 55.77%, Best Valid: 55.87%, Best Test: 55.68%
Epoch: 1700, Loss: 0.0434, Train: 99.87%, Valid: 55.25%, Test: 55.85%, Best Valid: 55.87%, Best Test: 55.68%
Epoch: 1800, Loss: 0.0341, Train: 99.84%, Valid: 55.32%, Test: 55.54%, Best Valid: 55.87%, Best Test: 55.68%
Epoch: 1900, Loss: 0.0277, Train: 99.89%, Valid: 55.76%, Test: 56.39%, Best Valid: 55.87%, Best Test: 55.68%
Epoch: 2000, Loss: 0.0364, Train: 99.87%, Valid: 55.23%, Test: 55.38%, Best Valid: 55.87%, Best Test: 55.68%
Epoch: 2100, Loss: 0.0227, Train: 99.91%, Valid: 55.23%, Test: 55.51%, Best Valid: 55.94%, Best Test: 55.90%
Epoch: 2200, Loss: 0.0239, Train: 99.89%, Valid: 55.23%, Test: 56.39%, Best Valid: 55.94%, Best Test: 55.90%
Epoch: 2300, Loss: 0.0248, Train: 99.90%, Valid: 55.61%, Test: 56.49%, Best Valid: 55.94%, Best Test: 55.90%
Epoch: 2400, Loss: 0.0313, Train: 99.89%, Valid: 55.95%, Test: 56.23%, Best Valid: 56.08%, Best Test: 56.12%
Run 10:
Highest Train: 99.92
Highest Valid: 56.08
Highest Test: 56.62
Chosen epoch: 2399
Final Train: 99.89
Final Test: 56.12
All runs:
Highest Train: 99.92 ± 0.02
Highest Test: 55.84 ± 0.48
Highest Valid: 55.93 ± 0.52
  Final Train: 99.87 ± 0.03
   Final Test: 55.25 ± 0.59
Saving results to results/placebo/amazon-ratings/MPNN_sage.csv
--- mlp_reg | transform=none | lambda=0.1 | mlp_epochs=10 ---
Namespace(bn=True, cpu=False, data_dir='./data/', dataset='amazon-ratings', device=0, display_step=100, dropout=0.5, epochs=2500, gnn='sage', hidden_channels=512, jk=False, label_num_per_class=20, lambda_val=0.1, ln=False, local_layers=9, lr=0.001, metric='acc', mlp_epochs=10, mlp_reg=True, model='MPNN', model_dir='models', num_heads=1, oracle_reg=False, paired_seeds=True, penalty_transform='none', pre_linear=False, pre_ln=False, rand_split=False, rand_split_class=False, reg_start_epoch=10, reg_update_freq=5, res=True, result_dir='results/placebo', runs=10, save_model=False, seed=42, test_num=1000, train_prop=0.5, use_reg=True, valid_num=500, valid_prop=0.25, weight_decay=0.0)
amazon-ratings
dataset amazon-ratings | num nodes 24492 | num edge 93050 | num node feats 300 | num classes 5
MODEL: MPNNs(
  (h_lins): ModuleList()
  (local_convs): ModuleList(
    (0): SAGEConv(300, 512, aggr=mean)
    (1): SAGEConv(512, 512, aggr=mean)
    (2): SAGEConv(512, 512, aggr=mean)
    (3): SAGEConv(512, 512, aggr=mean)
    (4): SAGEConv(512, 512, aggr=mean)
    (5): SAGEConv(512, 512, aggr=mean)
    (6): SAGEConv(512, 512, aggr=mean)
    (7): SAGEConv(512, 512, aggr=mean)
    (8): SAGEConv(512, 512, aggr=mean)
  )
  (lins): ModuleList(
    (0): Linear(in_features=300, out_features=512, bias=True)
    (1): Linear(in_features=512, out_features=512, bias=True)
    (2): Linear(in_features=512, out_features=512, bias=True)
    (3): Linear(in_features=512, out_features=512, bias=True)
    (4): Linear(in_features=512, out_features=512, bias=True)
    (5): Linear(in_features=512, out_features=512, bias=True)
    (6): Linear(in_features=512, out_features=512, bias=True)
    (7): Linear(in_features=512, out_features=512, bias=True)
    (8): Linear(in_features=512, out_features=512, bias=True)
  )
  (lns): ModuleList(
    (0): LayerNorm((512,), eps=1e-05, elementwise_affine=True)
    (1): LayerNorm((512,), eps=1e-05, elementwise_affine=True)
    (2): LayerNorm((512,), eps=1e-05, elementwise_affine=True)
    (3): LayerNorm((512,), eps=1e-05, elementwise_affine=True)
    (4): LayerNorm((512,), eps=1e-05, elementwise_affine=True)
    (5): LayerNorm((512,), eps=1e-05, elementwise_affine=True)
    (6): LayerNorm((512,), eps=1e-05, elementwise_affine=True)
    (7): LayerNorm((512,), eps=1e-05, elementwise_affine=True)
    (8): LayerNorm((512,), eps=1e-05, elementwise_affine=True)
  )
  (bns): ModuleList(
    (0): BatchNorm1d(512, eps=1e-05, momentum=0.1, affine=True, track_running_stats=True)
    (1): BatchNorm1d(512, eps=1e-05, momentum=0.1, affine=True, track_running_stats=True)
    (2): BatchNorm1d(512, eps=1e-05, momentum=0.1, affine=True, track_running_stats=True)
    (3): BatchNorm1d(512, eps=1e-05, momentum=0.1, affine=True, track_running_stats=True)
    (4): BatchNorm1d(512, eps=1e-05, momentum=0.1, affine=True, track_running_stats=True)
    (5): BatchNorm1d(512, eps=1e-05, momentum=0.1, affine=True, track_running_stats=True)
    (6): BatchNorm1d(512, eps=1e-05, momentum=0.1, affine=True, track_running_stats=True)
    (7): BatchNorm1d(512, eps=1e-05, momentum=0.1, affine=True, track_running_stats=True)
    (8): BatchNorm1d(512, eps=1e-05, momentum=0.1, affine=True, track_running_stats=True)
  )
  (lin_in): Linear(in_features=300, out_features=512, bias=True)
  (pred_local): Linear(in_features=512, out_features=5, bias=True)
)
Pre-training MLP for 10 epochs to generate co-occurrence matrix...
MLP pre-training complete. Penalty matrix frozen.
Epoch: 00, Loss: 1.8639, Train: 36.76%, Valid: 36.78%, Test: 36.80%, Best Valid: 36.78%, Best Test: 36.80%
Epoch: 100, Loss: 1.2028, Train: 53.18%, Valid: 45.57%, Test: 45.63%, Best Valid: 45.57%, Best Test: 45.63%
Epoch: 200, Loss: 0.8770, Train: 71.66%, Valid: 49.37%, Test: 49.39%, Best Valid: 49.37%, Best Test: 49.39%
Epoch: 300, Loss: 0.5117, Train: 88.71%, Valid: 52.02%, Test: 51.74%, Best Valid: 52.02%, Best Test: 51.74%
Epoch: 400, Loss: 0.3367, Train: 96.16%, Valid: 53.06%, Test: 53.37%, Best Valid: 53.08%, Best Test: 52.64%
Epoch: 500, Loss: 0.2294, Train: 98.33%, Valid: 53.85%, Test: 53.85%, Best Valid: 54.25%, Best Test: 54.01%
Epoch: 600, Loss: 0.1528, Train: 99.18%, Valid: 53.94%, Test: 54.53%, Best Valid: 54.55%, Best Test: 54.40%
Epoch: 700, Loss: 0.1269, Train: 99.40%, Valid: 53.57%, Test: 54.73%, Best Valid: 54.55%, Best Test: 54.40%
Epoch: 800, Loss: 0.0898, Train: 99.67%, Valid: 53.94%, Test: 54.70%, Best Valid: 54.55%, Best Test: 54.40%
Epoch: 900, Loss: 0.0835, Train: 99.76%, Valid: 53.91%, Test: 54.66%, Best Valid: 54.83%, Best Test: 54.61%
Epoch: 1000, Loss: 0.0691, Train: 99.72%, Valid: 54.35%, Test: 55.20%, Best Valid: 54.83%, Best Test: 54.61%
Epoch: 1100, Loss: 0.0615, Train: 99.80%, Valid: 53.85%, Test: 54.78%, Best Valid: 54.83%, Best Test: 54.61%
Epoch: 1200, Loss: 0.0538, Train: 99.84%, Valid: 54.83%, Test: 55.01%, Best Valid: 54.83%, Best Test: 54.61%
Epoch: 1300, Loss: 0.0488, Train: 99.85%, Valid: 54.50%, Test: 54.73%, Best Valid: 54.86%, Best Test: 54.89%
Epoch: 1400, Loss: 0.0429, Train: 99.85%, Valid: 54.60%, Test: 54.99%, Best Valid: 55.09%, Best Test: 55.38%
Epoch: 1500, Loss: 0.0425, Train: 99.84%, Valid: 54.56%, Test: 55.28%, Best Valid: 55.09%, Best Test: 55.38%
Epoch: 1600, Loss: 0.0394, Train: 99.87%, Valid: 54.47%, Test: 55.50%, Best Valid: 55.12%, Best Test: 55.19%
Epoch: 1700, Loss: 0.0374, Train: 99.88%, Valid: 55.10%, Test: 55.15%, Best Valid: 55.30%, Best Test: 55.25%
Epoch: 1800, Loss: 0.0344, Train: 99.87%, Valid: 54.61%, Test: 55.35%, Best Valid: 55.30%, Best Test: 55.25%
Epoch: 1900, Loss: 0.0318, Train: 99.89%, Valid: 54.86%, Test: 55.48%, Best Valid: 55.30%, Best Test: 55.25%
Epoch: 2000, Loss: 0.0268, Train: 99.87%, Valid: 54.84%, Test: 55.58%, Best Valid: 55.33%, Best Test: 55.66%
Epoch: 2100, Loss: 0.0285, Train: 99.86%, Valid: 54.48%, Test: 55.32%, Best Valid: 55.33%, Best Test: 55.66%
Epoch: 2200, Loss: 0.0243, Train: 99.88%, Valid: 54.35%, Test: 55.30%, Best Valid: 55.33%, Best Test: 55.66%
Epoch: 2300, Loss: 0.0243, Train: 99.88%, Valid: 54.79%, Test: 55.33%, Best Valid: 55.33%, Best Test: 55.66%
Epoch: 2400, Loss: 0.0271, Train: 99.88%, Valid: 54.29%, Test: 55.07%, Best Valid: 55.33%, Best Test: 55.66%
Run 01:
Highest Train: 99.89
Highest Valid: 55.33
Highest Test: 55.84
Chosen epoch: 1951
Final Train: 99.87
Final Test: 55.66
Pre-training MLP for 10 epochs to generate co-occurrence matrix...
MLP pre-training complete. Penalty matrix frozen.
Epoch: 00, Loss: 1.8945, Train: 36.79%, Valid: 36.78%, Test: 36.80%, Best Valid: 36.78%, Best Test: 36.80%
Epoch: 100, Loss: 1.1977, Train: 51.94%, Valid: 44.19%, Test: 44.42%, Best Valid: 45.57%, Best Test: 46.19%
Epoch: 200, Loss: 0.8657, Train: 72.10%, Valid: 49.42%, Test: 48.95%, Best Valid: 49.42%, Best Test: 48.95%
Epoch: 300, Loss: 0.5000, Train: 91.87%, Valid: 52.82%, Test: 52.78%, Best Valid: 52.82%, Best Test: 52.78%
Epoch: 400, Loss: 0.3268, Train: 96.59%, Valid: 54.45%, Test: 54.19%, Best Valid: 54.45%, Best Test: 54.19%
Epoch: 500, Loss: 0.2105, Train: 98.69%, Valid: 54.81%, Test: 54.37%, Best Valid: 54.86%, Best Test: 53.94%
Epoch: 600, Loss: 0.1577, Train: 99.44%, Valid: 54.83%, Test: 54.94%, Best Valid: 55.14%, Best Test: 54.99%
Epoch: 700, Loss: 0.1170, Train: 99.72%, Valid: 55.05%, Test: 54.50%, Best Valid: 55.38%, Best Test: 55.17%
Epoch: 800, Loss: 0.0940, Train: 99.78%, Valid: 55.02%, Test: 54.78%, Best Valid: 55.69%, Best Test: 54.81%
Epoch: 900, Loss: 0.0740, Train: 99.82%, Valid: 55.17%, Test: 54.96%, Best Valid: 55.69%, Best Test: 54.81%
Epoch: 1000, Loss: 0.0733, Train: 99.81%, Valid: 54.79%, Test: 55.19%, Best Valid: 55.84%, Best Test: 54.83%
Epoch: 1100, Loss: 0.0580, Train: 99.85%, Valid: 55.40%, Test: 54.43%, Best Valid: 55.84%, Best Test: 54.83%
Epoch: 1200, Loss: 0.0490, Train: 99.84%, Valid: 54.92%, Test: 54.25%, Best Valid: 55.90%, Best Test: 54.81%
Epoch: 1300, Loss: 0.0445, Train: 99.86%, Valid: 54.83%, Test: 55.04%, Best Valid: 55.90%, Best Test: 54.81%
Epoch: 1400, Loss: 0.0431, Train: 99.86%, Valid: 55.48%, Test: 54.86%, Best Valid: 55.90%, Best Test: 54.81%
Epoch: 1500, Loss: 0.0377, Train: 99.85%, Valid: 55.40%, Test: 55.14%, Best Valid: 56.05%, Best Test: 55.43%
Epoch: 1600, Loss: 0.0364, Train: 99.89%, Valid: 56.02%, Test: 55.27%, Best Valid: 56.05%, Best Test: 55.43%
Epoch: 1700, Loss: 0.0414, Train: 99.89%, Valid: 55.51%, Test: 54.63%, Best Valid: 56.28%, Best Test: 54.99%
Epoch: 1800, Loss: 0.0340, Train: 99.89%, Valid: 55.30%, Test: 54.78%, Best Valid: 56.28%, Best Test: 54.99%
Epoch: 1900, Loss: 0.0301, Train: 99.90%, Valid: 55.53%, Test: 55.05%, Best Valid: 56.28%, Best Test: 54.99%
Epoch: 2000, Loss: 0.0311, Train: 99.90%, Valid: 55.25%, Test: 54.74%, Best Valid: 56.28%, Best Test: 54.99%
Epoch: 2100, Loss: 0.0258, Train: 99.90%, Valid: 55.38%, Test: 55.19%, Best Valid: 56.28%, Best Test: 54.99%
Epoch: 2200, Loss: 0.0302, Train: 99.91%, Valid: 55.01%, Test: 54.94%, Best Valid: 56.28%, Best Test: 54.99%
Epoch: 2300, Loss: 0.0274, Train: 99.91%, Valid: 55.40%, Test: 55.40%, Best Valid: 56.28%, Best Test: 54.99%
Epoch: 2400, Loss: 0.0207, Train: 99.92%, Valid: 54.86%, Test: 55.15%, Best Valid: 56.28%, Best Test: 54.99%
Run 02:
Highest Train: 99.93
Highest Valid: 56.28
Highest Test: 55.84
Chosen epoch: 1628
Final Train: 99.89
Final Test: 54.99
Pre-training MLP for 10 epochs to generate co-occurrence matrix...
MLP pre-training complete. Penalty matrix frozen.
Epoch: 00, Loss: 1.8963, Train: 36.79%, Valid: 36.78%, Test: 36.80%, Best Valid: 36.78%, Best Test: 36.80%
Epoch: 100, Loss: 1.1788, Train: 47.69%, Valid: 41.47%, Test: 41.34%, Best Valid: 41.47%, Best Test: 41.34%
Epoch: 200, Loss: 0.8317, Train: 64.06%, Valid: 45.65%, Test: 44.55%, Best Valid: 49.52%, Best Test: 48.44%
Epoch: 300, Loss: 0.4992, Train: 87.53%, Valid: 51.35%, Test: 50.86%, Best Valid: 52.78%, Best Test: 51.95%
Epoch: 400, Loss: 0.3032, Train: 95.94%, Valid: 54.14%, Test: 53.37%, Best Valid: 54.29%, Best Test: 53.50%
Epoch: 500, Loss: 0.2207, Train: 98.71%, Valid: 53.93%, Test: 54.27%, Best Valid: 54.61%, Best Test: 54.19%
Epoch: 600, Loss: 0.1503, Train: 99.39%, Valid: 54.19%, Test: 54.58%, Best Valid: 54.97%, Best Test: 54.65%
Epoch: 700, Loss: 0.1151, Train: 99.58%, Valid: 54.07%, Test: 54.55%, Best Valid: 54.99%, Best Test: 54.84%
Epoch: 800, Loss: 0.0935, Train: 99.73%, Valid: 55.01%, Test: 54.47%, Best Valid: 55.33%, Best Test: 55.28%
Epoch: 900, Loss: 0.0786, Train: 99.75%, Valid: 54.29%, Test: 54.89%, Best Valid: 55.33%, Best Test: 55.28%
Epoch: 1000, Loss: 0.0690, Train: 99.80%, Valid: 55.25%, Test: 55.23%, Best Valid: 55.53%, Best Test: 55.54%
Epoch: 1100, Loss: 0.0541, Train: 99.83%, Valid: 55.22%, Test: 54.79%, Best Valid: 55.79%, Best Test: 55.10%
Epoch: 1200, Loss: 0.0530, Train: 99.85%, Valid: 55.53%, Test: 55.46%, Best Valid: 55.79%, Best Test: 55.10%
Epoch: 1300, Loss: 0.0481, Train: 99.88%, Valid: 55.41%, Test: 55.38%, Best Valid: 56.07%, Best Test: 55.12%
Epoch: 1400, Loss: 0.0445, Train: 99.87%, Valid: 55.23%, Test: 55.09%, Best Valid: 56.07%, Best Test: 55.12%
Epoch: 1500, Loss: 0.0398, Train: 99.90%, Valid: 55.01%, Test: 55.02%, Best Valid: 56.07%, Best Test: 55.12%
Epoch: 1600, Loss: 0.0397, Train: 99.89%, Valid: 54.92%, Test: 55.19%, Best Valid: 56.07%, Best Test: 55.12%
Epoch: 1700, Loss: 0.0369, Train: 99.91%, Valid: 54.68%, Test: 55.15%, Best Valid: 56.07%, Best Test: 55.12%
Epoch: 1800, Loss: 0.0314, Train: 99.90%, Valid: 54.60%, Test: 55.09%, Best Valid: 56.07%, Best Test: 55.12%
Epoch: 1900, Loss: 0.0342, Train: 99.89%, Valid: 55.15%, Test: 55.04%, Best Valid: 56.07%, Best Test: 55.12%
Epoch: 2000, Loss: 0.0289, Train: 99.91%, Valid: 54.84%, Test: 54.78%, Best Valid: 56.07%, Best Test: 55.12%
Epoch: 2100, Loss: 0.0287, Train: 99.90%, Valid: 55.01%, Test: 55.07%, Best Valid: 56.07%, Best Test: 55.12%
Epoch: 2200, Loss: 0.0303, Train: 99.93%, Valid: 54.63%, Test: 55.35%, Best Valid: 56.07%, Best Test: 55.12%
Epoch: 2300, Loss: 0.0287, Train: 99.89%, Valid: 54.53%, Test: 55.27%, Best Valid: 56.07%, Best Test: 55.12%
Epoch: 2400, Loss: 0.0212, Train: 99.92%, Valid: 54.70%, Test: 55.04%, Best Valid: 56.07%, Best Test: 55.12%
Run 03:
Highest Train: 99.93
Highest Valid: 56.07
Highest Test: 55.85
Chosen epoch: 1261
Final Train: 99.87
Final Test: 55.12
Pre-training MLP for 10 epochs to generate co-occurrence matrix...
MLP pre-training complete. Penalty matrix frozen.
Epoch: 00, Loss: 2.0618, Train: 26.78%, Valid: 26.78%, Test: 26.78%, Best Valid: 26.78%, Best Test: 26.78%
Epoch: 100, Loss: 1.1865, Train: 50.74%, Valid: 43.13%, Test: 42.81%, Best Valid: 44.90%, Best Test: 44.49%
Epoch: 200, Loss: 0.8300, Train: 74.42%, Valid: 48.13%, Test: 47.84%, Best Valid: 48.16%, Best Test: 48.23%
Epoch: 300, Loss: 0.4977, Train: 91.85%, Valid: 51.54%, Test: 51.67%, Best Valid: 51.54%, Best Test: 51.67%
Epoch: 400, Loss: 0.3026, Train: 96.70%, Valid: 52.75%, Test: 52.13%, Best Valid: 53.58%, Best Test: 53.27%
Epoch: 500, Loss: 0.2070, Train: 98.59%, Valid: 54.22%, Test: 53.37%, Best Valid: 54.39%, Best Test: 53.73%
Epoch: 600, Loss: 0.1429, Train: 99.56%, Valid: 53.50%, Test: 53.65%, Best Valid: 54.68%, Best Test: 53.94%
Epoch: 700, Loss: 0.1146, Train: 99.71%, Valid: 53.96%, Test: 53.70%, Best Valid: 55.05%, Best Test: 53.91%
Epoch: 800, Loss: 0.0950, Train: 99.80%, Valid: 54.55%, Test: 53.98%, Best Valid: 55.15%, Best Test: 54.16%
Epoch: 900, Loss: 0.0764, Train: 99.80%, Valid: 54.52%, Test: 54.35%, Best Valid: 55.15%, Best Test: 54.16%
Epoch: 1000, Loss: 0.0662, Train: 99.84%, Valid: 54.14%, Test: 53.57%, Best Valid: 55.15%, Best Test: 54.16%
Epoch: 1100, Loss: 0.0557, Train: 99.84%, Valid: 54.47%, Test: 54.50%, Best Valid: 55.40%, Best Test: 54.25%
Epoch: 1200, Loss: 0.0514, Train: 99.84%, Valid: 54.22%, Test: 53.99%, Best Valid: 55.40%, Best Test: 54.25%
Epoch: 1300, Loss: 0.0514, Train: 99.84%, Valid: 55.05%, Test: 54.71%, Best Valid: 55.43%, Best Test: 54.27%
Epoch: 1400, Loss: 0.0410, Train: 99.85%, Valid: 54.91%, Test: 54.56%, Best Valid: 55.54%, Best Test: 54.47%
Epoch: 1500, Loss: 0.0385, Train: 99.84%, Valid: 54.81%, Test: 54.70%, Best Valid: 55.54%, Best Test: 54.47%
Epoch: 1600, Loss: 0.0344, Train: 99.85%, Valid: 54.91%, Test: 54.29%, Best Valid: 55.74%, Best Test: 54.53%
Epoch: 1700, Loss: 0.0338, Train: 99.87%, Valid: 54.86%, Test: 54.58%, Best Valid: 55.74%, Best Test: 54.53%
Epoch: 1800, Loss: 0.0328, Train: 99.87%, Valid: 54.89%, Test: 54.53%, Best Valid: 55.74%, Best Test: 54.53%
Epoch: 1900, Loss: 0.0319, Train: 99.87%, Valid: 54.94%, Test: 54.71%, Best Valid: 55.74%, Best Test: 54.53%
Epoch: 2000, Loss: 0.0334, Train: 99.87%, Valid: 55.53%, Test: 54.58%, Best Valid: 55.74%, Best Test: 54.53%
Epoch: 2100, Loss: 0.0237, Train: 99.88%, Valid: 54.88%, Test: 54.76%, Best Valid: 55.74%, Best Test: 54.53%
Epoch: 2200, Loss: 0.0282, Train: 99.87%, Valid: 54.89%, Test: 54.24%, Best Valid: 55.74%, Best Test: 54.53%
Epoch: 2300, Loss: 0.0234, Train: 99.87%, Valid: 54.79%, Test: 54.48%, Best Valid: 55.74%, Best Test: 54.53%
Epoch: 2400, Loss: 0.0275, Train: 99.87%, Valid: 55.22%, Test: 54.45%, Best Valid: 55.74%, Best Test: 54.53%
Run 04:
Highest Train: 99.89
Highest Valid: 55.74
Highest Test: 55.22
Chosen epoch: 1546
Final Train: 99.84
Final Test: 54.53
Pre-training MLP for 10 epochs to generate co-occurrence matrix...
MLP pre-training complete. Penalty matrix frozen.
Epoch: 00, Loss: 1.9306, Train: 23.18%, Valid: 23.19%, Test: 23.17%, Best Valid: 23.19%, Best Test: 23.17%
Epoch: 100, Loss: 1.1971, Train: 46.82%, Valid: 41.61%, Test: 40.34%, Best Valid: 45.42%, Best Test: 44.80%
Epoch: 200, Loss: 0.8583, Train: 67.46%, Valid: 49.06%, Test: 48.16%, Best Valid: 49.89%, Best Test: 49.37%
Epoch: 300, Loss: 0.5209, Train: 89.94%, Valid: 52.36%, Test: 51.63%, Best Valid: 53.08%, Best Test: 51.71%
Epoch: 400, Loss: 0.3156, Train: 96.67%, Valid: 53.90%, Test: 53.67%, Best Valid: 54.63%, Best Test: 53.70%
Epoch: 500, Loss: 0.2229, Train: 98.28%, Valid: 54.35%, Test: 53.58%, Best Valid: 54.92%, Best Test: 54.40%
Epoch: 600, Loss: 0.1588, Train: 99.21%, Valid: 54.16%, Test: 54.22%, Best Valid: 55.05%, Best Test: 54.71%
Epoch: 700, Loss: 0.1212, Train: 99.49%, Valid: 54.91%, Test: 54.79%, Best Valid: 55.25%, Best Test: 55.01%
Epoch: 800, Loss: 0.1073, Train: 99.66%, Valid: 54.86%, Test: 55.32%, Best Valid: 55.30%, Best Test: 55.09%
Epoch: 900, Loss: 0.0858, Train: 99.72%, Valid: 54.21%, Test: 54.96%, Best Valid: 55.38%, Best Test: 55.19%
Epoch: 1000, Loss: 0.0696, Train: 99.80%, Valid: 54.81%, Test: 54.97%, Best Valid: 55.66%, Best Test: 55.53%
Epoch: 1100, Loss: 0.0588, Train: 99.77%, Valid: 54.89%, Test: 55.28%, Best Valid: 55.66%, Best Test: 55.53%
Epoch: 1200, Loss: 0.0605, Train: 99.85%, Valid: 54.97%, Test: 55.07%, Best Valid: 55.66%, Best Test: 55.53%
Epoch: 1300, Loss: 0.0516, Train: 99.86%, Valid: 55.01%, Test: 55.82%, Best Valid: 55.66%, Best Test: 55.53%
Epoch: 1400, Loss: 0.0430, Train: 99.86%, Valid: 54.94%, Test: 54.84%, Best Valid: 55.66%, Best Test: 55.53%
Epoch: 1500, Loss: 0.0401, Train: 99.90%, Valid: 55.17%, Test: 55.02%, Best Valid: 55.66%, Best Test: 55.53%
Epoch: 1600, Loss: 0.0446, Train: 99.89%, Valid: 55.43%, Test: 55.46%, Best Valid: 55.72%, Best Test: 55.37%
Epoch: 1700, Loss: 0.0369, Train: 99.92%, Valid: 55.27%, Test: 55.51%, Best Valid: 55.72%, Best Test: 55.37%
Epoch: 1800, Loss: 0.0334, Train: 99.92%, Valid: 55.54%, Test: 56.00%, Best Valid: 55.72%, Best Test: 55.37%
Epoch: 1900, Loss: 0.0336, Train: 99.89%, Valid: 55.14%, Test: 55.71%, Best Valid: 55.89%, Best Test: 56.00%
Epoch: 2000, Loss: 0.0295, Train: 99.91%, Valid: 55.43%, Test: 55.72%, Best Valid: 55.89%, Best Test: 56.00%
Epoch: 2100, Loss: 0.0294, Train: 99.92%, Valid: 54.99%, Test: 55.72%, Best Valid: 55.89%, Best Test: 56.00%
Epoch: 2200, Loss: 0.0230, Train: 99.92%, Valid: 54.91%, Test: 55.68%, Best Valid: 55.89%, Best Test: 56.00%
Epoch: 2300, Loss: 0.0234, Train: 99.92%, Valid: 55.58%, Test: 55.56%, Best Valid: 56.03%, Best Test: 55.59%
Epoch: 2400, Loss: 0.0220, Train: 99.92%, Valid: 55.09%, Test: 55.17%, Best Valid: 56.03%, Best Test: 55.59%
Run 05:
Highest Train: 99.93
Highest Valid: 56.03
Highest Test: 56.41
Chosen epoch: 2291
Final Train: 99.93
Final Test: 55.59
Pre-training MLP for 10 epochs to generate co-occurrence matrix...
MLP pre-training complete. Penalty matrix frozen.
Epoch: 00, Loss: 1.8507, Train: 4.33%, Valid: 4.33%, Test: 4.34%, Best Valid: 4.33%, Best Test: 4.34%
Epoch: 100, Loss: 1.1951, Train: 54.74%, Valid: 46.59%, Test: 46.86%, Best Valid: 46.59%, Best Test: 46.86%
Epoch: 200, Loss: 0.8617, Train: 68.34%, Valid: 47.31%, Test: 47.98%, Best Valid: 48.90%, Best Test: 49.27%
Epoch: 300, Loss: 0.4993, Train: 90.67%, Valid: 52.60%, Test: 53.16%, Best Valid: 52.60%, Best Test: 53.16%
Epoch: 400, Loss: 0.3141, Train: 97.40%, Valid: 53.16%, Test: 54.25%, Best Valid: 53.44%, Best Test: 53.37%
Epoch: 500, Loss: 0.2204, Train: 98.62%, Valid: 53.50%, Test: 53.99%, Best Valid: 54.14%, Best Test: 55.04%
Epoch: 600, Loss: 0.1557, Train: 99.15%, Valid: 53.78%, Test: 54.88%, Best Valid: 54.37%, Best Test: 54.50%
Epoch: 700, Loss: 0.1235, Train: 99.51%, Valid: 54.06%, Test: 54.48%, Best Valid: 54.58%, Best Test: 55.05%
Epoch: 800, Loss: 0.1023, Train: 99.61%, Valid: 54.22%, Test: 54.68%, Best Valid: 54.71%, Best Test: 55.02%
Epoch: 900, Loss: 0.0770, Train: 99.67%, Valid: 53.88%, Test: 55.05%, Best Valid: 54.94%, Best Test: 55.30%
Epoch: 1000, Loss: 0.0694, Train: 99.74%, Valid: 54.48%, Test: 55.68%, Best Valid: 54.94%, Best Test: 55.30%
Epoch: 1100, Loss: 0.0602, Train: 99.79%, Valid: 54.45%, Test: 55.43%, Best Valid: 54.94%, Best Test: 55.30%
Epoch: 1200, Loss: 0.0577, Train: 99.79%, Valid: 54.55%, Test: 55.41%, Best Valid: 55.07%, Best Test: 55.14%
Epoch: 1300, Loss: 0.0549, Train: 99.82%, Valid: 54.47%, Test: 55.15%, Best Valid: 55.07%, Best Test: 55.14%
Epoch: 1400, Loss: 0.0466, Train: 99.82%, Valid: 54.71%, Test: 55.37%, Best Valid: 55.07%, Best Test: 55.14%
Epoch: 1500, Loss: 0.0368, Train: 99.84%, Valid: 54.55%, Test: 55.79%, Best Valid: 55.07%, Best Test: 55.14%
Epoch: 1600, Loss: 0.0473, Train: 99.83%, Valid: 54.27%, Test: 55.82%, Best Valid: 55.09%, Best Test: 55.58%
Epoch: 1700, Loss: 0.0379, Train: 99.83%, Valid: 55.02%, Test: 55.46%, Best Valid: 55.25%, Best Test: 55.61%
Epoch: 1800, Loss: 0.0348, Train: 99.84%, Valid: 54.63%, Test: 55.58%, Best Valid: 55.35%, Best Test: 55.28%
Epoch: 1900, Loss: 0.0359, Train: 99.87%, Valid: 54.74%, Test: 55.79%, Best Valid: 55.35%, Best Test: 55.28%
Epoch: 2000, Loss: 0.0283, Train: 99.84%, Valid: 55.01%, Test: 55.63%, Best Valid: 55.35%, Best Test: 55.28%
Epoch: 2100, Loss: 0.0270, Train: 99.84%, Valid: 54.52%, Test: 55.14%, Best Valid: 55.35%, Best Test: 55.28%
Epoch: 2200, Loss: 0.0290, Train: 99.84%, Valid: 54.91%, Test: 55.41%, Best Valid: 55.35%, Best Test: 55.28%
Epoch: 2300, Loss: 0.0301, Train: 99.84%, Valid: 54.60%, Test: 55.89%, Best Valid: 55.35%, Best Test: 55.28%
Epoch: 2400, Loss: 0.0281, Train: 99.84%, Valid: 55.33%, Test: 56.10%, Best Valid: 55.35%, Best Test: 55.28%
Run 06:
Highest Train: 99.88
Highest Valid: 55.35
Highest Test: 56.38
Chosen epoch: 1705
Final Train: 99.84
Final Test: 55.28
Pre-training MLP for 10 epochs to generate co-occurrence matrix...
MLP pre-training complete. Penalty matrix frozen.
Epoch: 00, Loss: 2.0016, Train: 36.79%, Valid: 36.78%, Test: 36.80%, Best Valid: 36.78%, Best Test: 36.80%
Epoch: 100, Loss: 1.1952, Train: 48.87%, Valid: 42.76%, Test: 43.52%, Best Valid: 43.12%, Best Test: 43.80%
Epoch: 200, Loss: 0.8538, Train: 74.47%, Valid: 49.68%, Test: 49.63%, Best Valid: 49.81%, Best Test: 49.58%
Epoch: 300, Loss: 0.5236, Train: 90.49%, Valid: 51.53%, Test: 51.40%, Best Valid: 52.31%, Best Test: 51.77%
Epoch: 400, Loss: 0.3214, Train: 96.55%, Valid: 53.18%, Test: 51.94%, Best Valid: 54.09%, Best Test: 53.27%
Epoch: 500, Loss: 0.2143, Train: 98.67%, Valid: 54.24%, Test: 54.45%, Best Valid: 54.47%, Best Test: 54.14%
Epoch: 600, Loss: 0.1670, Train: 99.28%, Valid: 54.70%, Test: 54.68%, Best Valid: 54.76%, Best Test: 54.17%
Epoch: 700, Loss: 0.1270, Train: 99.47%, Valid: 54.84%, Test: 54.40%, Best Valid: 55.14%, Best Test: 54.63%
Epoch: 800, Loss: 0.1022, Train: 99.61%, Valid: 54.48%, Test: 53.93%, Best Valid: 55.38%, Best Test: 54.89%
Epoch: 900, Loss: 0.0791, Train: 99.74%, Valid: 54.58%, Test: 54.37%, Best Valid: 55.38%, Best Test: 54.89%
Epoch: 1000, Loss: 0.0711, Train: 99.80%, Valid: 54.99%, Test: 54.30%, Best Valid: 55.38%, Best Test: 54.89%
Epoch: 1100, Loss: 0.0582, Train: 99.81%, Valid: 54.81%, Test: 54.42%, Best Valid: 55.38%, Best Test: 54.89%
Epoch: 1200, Loss: 0.0580, Train: 99.83%, Valid: 54.71%, Test: 54.79%, Best Valid: 55.53%, Best Test: 55.28%
Epoch: 1300, Loss: 0.0500, Train: 99.85%, Valid: 54.83%, Test: 54.86%, Best Valid: 55.63%, Best Test: 55.53%
Epoch: 1400, Loss: 0.0449, Train: 99.84%, Valid: 54.61%, Test: 54.92%, Best Valid: 55.63%, Best Test: 55.53%
Epoch: 1500, Loss: 0.0472, Train: 99.85%, Valid: 54.97%, Test: 55.41%, Best Valid: 55.63%, Best Test: 55.53%
Epoch: 1600, Loss: 0.0368, Train: 99.85%, Valid: 55.27%, Test: 55.38%, Best Valid: 55.63%, Best Test: 55.53%
Epoch: 1700, Loss: 0.0381, Train: 99.87%, Valid: 54.63%, Test: 55.20%, Best Valid: 55.63%, Best Test: 55.53%
Epoch: 1800, Loss: 0.0337, Train: 99.87%, Valid: 54.84%, Test: 55.37%, Best Valid: 55.63%, Best Test: 55.53%
Epoch: 1900, Loss: 0.0335, Train: 99.88%, Valid: 55.20%, Test: 55.37%, Best Valid: 55.63%, Best Test: 55.53%
Epoch: 2000, Loss: 0.0334, Train: 99.88%, Valid: 55.48%, Test: 55.05%, Best Valid: 55.63%, Best Test: 55.53%
Epoch: 2100, Loss: 0.0302, Train: 99.88%, Valid: 54.65%, Test: 54.42%, Best Valid: 55.68%, Best Test: 55.17%
Epoch: 2200, Loss: 0.0275, Train: 99.87%, Valid: 54.86%, Test: 55.12%, Best Valid: 55.68%, Best Test: 55.17%
Epoch: 2300, Loss: 0.0206, Train: 99.88%, Valid: 54.66%, Test: 54.94%, Best Valid: 55.68%, Best Test: 55.17%
Epoch: 2400, Loss: 0.0249, Train: 99.89%, Valid: 54.70%, Test: 55.51%, Best Valid: 55.68%, Best Test: 55.17%
Run 07:
Highest Train: 99.92
Highest Valid: 55.68
Highest Test: 55.97
Chosen epoch: 2007
Final Train: 99.88
Final Test: 55.17
Pre-training MLP for 10 epochs to generate co-occurrence matrix...
MLP pre-training complete. Penalty matrix frozen.
Epoch: 00, Loss: 1.9347, Train: 23.18%, Valid: 23.19%, Test: 23.17%, Best Valid: 23.19%, Best Test: 23.17%
Epoch: 100, Loss: 1.2052, Train: 48.58%, Valid: 43.31%, Test: 43.26%, Best Valid: 44.54%, Best Test: 44.78%
Epoch: 200, Loss: 0.8740, Train: 69.36%, Valid: 47.89%, Test: 48.62%, Best Valid: 48.36%, Best Test: 49.55%
Epoch: 300, Loss: 0.5229, Train: 91.45%, Valid: 51.79%, Test: 51.51%, Best Valid: 52.25%, Best Test: 51.82%
Epoch: 400, Loss: 0.3131, Train: 96.64%, Valid: 53.01%, Test: 52.46%, Best Valid: 53.08%, Best Test: 52.82%
Epoch: 500, Loss: 0.1984, Train: 98.84%, Valid: 53.76%, Test: 53.88%, Best Valid: 53.76%, Best Test: 53.88%
Epoch: 600, Loss: 0.1646, Train: 99.30%, Valid: 53.41%, Test: 53.78%, Best Valid: 54.06%, Best Test: 53.73%
Epoch: 700, Loss: 0.1153, Train: 99.56%, Valid: 53.31%, Test: 54.12%, Best Valid: 54.06%, Best Test: 53.73%
Epoch: 800, Loss: 0.0892, Train: 99.71%, Valid: 53.58%, Test: 53.72%, Best Valid: 54.37%, Best Test: 53.98%
Epoch: 900, Loss: 0.0785, Train: 99.74%, Valid: 53.36%, Test: 53.85%, Best Valid: 54.37%, Best Test: 53.98%
Epoch: 1000, Loss: 0.0691, Train: 99.75%, Valid: 53.18%, Test: 54.37%, Best Valid: 54.37%, Best Test: 53.98%
Epoch: 1100, Loss: 0.0609, Train: 99.80%, Valid: 53.09%, Test: 53.50%, Best Valid: 54.48%, Best Test: 54.16%
Epoch: 1200, Loss: 0.0584, Train: 99.83%, Valid: 53.72%, Test: 54.01%, Best Valid: 54.48%, Best Test: 54.16%
Epoch: 1300, Loss: 0.0482, Train: 99.84%, Valid: 53.80%, Test: 53.90%, Best Valid: 54.48%, Best Test: 54.16%
Epoch: 1400, Loss: 0.0446, Train: 99.84%, Valid: 53.91%, Test: 54.06%, Best Valid: 54.48%, Best Test: 54.16%
Epoch: 1500, Loss: 0.0408, Train: 99.85%, Valid: 53.96%, Test: 54.24%, Best Valid: 54.52%, Best Test: 53.98%
Epoch: 1600, Loss: 0.0378, Train: 99.85%, Valid: 53.63%, Test: 54.07%, Best Valid: 54.63%, Best Test: 55.02%
Epoch: 1700, Loss: 0.0358, Train: 99.85%, Valid: 53.55%, Test: 54.55%, Best Valid: 54.63%, Best Test: 55.02%
Epoch: 1800, Loss: 0.0355, Train: 99.85%, Valid: 53.94%, Test: 54.39%, Best Valid: 54.63%, Best Test: 55.02%
Epoch: 1900, Loss: 0.0251, Train: 99.84%, Valid: 54.61%, Test: 54.70%, Best Valid: 54.84%, Best Test: 54.70%
Epoch: 2000, Loss: 0.0318, Train: 99.85%, Valid: 54.12%, Test: 54.14%, Best Valid: 54.84%, Best Test: 54.70%
Epoch: 2100, Loss: 0.0256, Train: 99.85%, Valid: 53.91%, Test: 54.34%, Best Valid: 54.84%, Best Test: 54.70%
Epoch: 2200, Loss: 0.0286, Train: 99.85%, Valid: 53.55%, Test: 54.35%, Best Valid: 54.84%, Best Test: 54.70%
Epoch: 2300, Loss: 0.0258, Train: 99.85%, Valid: 54.27%, Test: 54.43%, Best Valid: 54.84%, Best Test: 54.70%
Epoch: 2400, Loss: 0.0242, Train: 99.84%, Valid: 54.35%, Test: 54.68%, Best Valid: 54.84%, Best Test: 54.70%
Run 08:
Highest Train: 99.89
Highest Valid: 54.92
Highest Test: 55.30
Chosen epoch: 2499
Final Train: 99.85
Final Test: 54.89
Pre-training MLP for 10 epochs to generate co-occurrence matrix...
MLP pre-training complete. Penalty matrix frozen.
Epoch: 00, Loss: 1.9078, Train: 23.49%, Valid: 23.34%, Test: 23.45%, Best Valid: 23.34%, Best Test: 23.45%
Epoch: 100, Loss: 1.1999, Train: 51.33%, Valid: 44.78%, Test: 44.67%, Best Valid: 44.78%, Best Test: 44.67%
Epoch: 200, Loss: 0.8600, Train: 69.49%, Valid: 47.53%, Test: 47.82%, Best Valid: 48.83%, Best Test: 48.83%
Epoch: 300, Loss: 0.5098, Train: 90.85%, Valid: 51.10%, Test: 50.45%, Best Valid: 52.18%, Best Test: 50.97%
Epoch: 400, Loss: 0.3221, Train: 96.16%, Valid: 52.02%, Test: 52.25%, Best Valid: 53.42%, Best Test: 52.60%
Epoch: 500, Loss: 0.2247, Train: 98.20%, Valid: 52.70%, Test: 52.33%, Best Valid: 54.09%, Best Test: 53.03%
Epoch: 600, Loss: 0.1629, Train: 99.13%, Valid: 53.55%, Test: 52.93%, Best Valid: 54.25%, Best Test: 53.14%
Epoch: 700, Loss: 0.1266, Train: 99.57%, Valid: 53.26%, Test: 53.24%, Best Valid: 54.70%, Best Test: 53.62%
Epoch: 800, Loss: 0.0995, Train: 99.59%, Valid: 54.09%, Test: 53.83%, Best Valid: 54.79%, Best Test: 53.70%
Epoch: 900, Loss: 0.0817, Train: 99.69%, Valid: 54.30%, Test: 53.70%, Best Valid: 54.83%, Best Test: 53.80%
Epoch: 1000, Loss: 0.0672, Train: 99.80%, Valid: 53.60%, Test: 53.44%, Best Valid: 54.83%, Best Test: 53.80%
Epoch: 1100, Loss: 0.0631, Train: 99.80%, Valid: 53.98%, Test: 53.60%, Best Valid: 54.83%, Best Test: 53.80%
Epoch: 1200, Loss: 0.0578, Train: 99.83%, Valid: 54.88%, Test: 53.67%, Best Valid: 54.94%, Best Test: 53.47%
Epoch: 1300, Loss: 0.0472, Train: 99.86%, Valid: 54.81%, Test: 53.31%, Best Valid: 55.01%, Best Test: 53.60%
Epoch: 1400, Loss: 0.0431, Train: 99.84%, Valid: 54.76%, Test: 54.19%, Best Valid: 55.22%, Best Test: 53.19%
Epoch: 1500, Loss: 0.0429, Train: 99.86%, Valid: 54.79%, Test: 53.93%, Best Valid: 55.22%, Best Test: 53.19%
Epoch: 1600, Loss: 0.0376, Train: 99.88%, Valid: 54.79%, Test: 53.62%, Best Valid: 55.22%, Best Test: 53.19%
Epoch: 1700, Loss: 0.0383, Train: 99.87%, Valid: 54.66%, Test: 54.01%, Best Valid: 55.22%, Best Test: 53.19%
Epoch: 1800, Loss: 0.0375, Train: 99.87%, Valid: 54.63%, Test: 53.99%, Best Valid: 55.22%, Best Test: 53.19%
Epoch: 1900, Loss: 0.0304, Train: 99.88%, Valid: 54.71%, Test: 53.45%, Best Valid: 55.27%, Best Test: 54.03%
Epoch: 2000, Loss: 0.0318, Train: 99.87%, Valid: 54.11%, Test: 53.63%, Best Valid: 55.27%, Best Test: 54.03%
Epoch: 2100, Loss: 0.0306, Train: 99.89%, Valid: 54.96%, Test: 53.98%, Best Valid: 55.27%, Best Test: 54.03%
Epoch: 2200, Loss: 0.0257, Train: 99.89%, Valid: 54.42%, Test: 53.80%, Best Valid: 55.32%, Best Test: 53.93%
Epoch: 2300, Loss: 0.0260, Train: 99.89%, Valid: 54.70%, Test: 54.12%, Best Valid: 55.32%, Best Test: 53.93%
Epoch: 2400, Loss: 0.0251, Train: 99.92%, Valid: 54.71%, Test: 53.47%, Best Valid: 55.32%, Best Test: 53.93%
Run 09:
Highest Train: 99.92
Highest Valid: 55.32
Highest Test: 54.58
Chosen epoch: 2103
Final Train: 99.89
Final Test: 53.93
Pre-training MLP for 10 epochs to generate co-occurrence matrix...
MLP pre-training complete. Penalty matrix frozen.
Epoch: 00, Loss: 1.9028, Train: 36.79%, Valid: 36.78%, Test: 36.80%, Best Valid: 36.78%, Best Test: 36.80%
Epoch: 100, Loss: 1.1924, Train: 51.37%, Valid: 45.81%, Test: 44.10%, Best Valid: 45.81%, Best Test: 44.10%
Epoch: 200, Loss: 0.8436, Train: 70.79%, Valid: 48.39%, Test: 48.39%, Best Valid: 49.34%, Best Test: 49.53%
Epoch: 300, Loss: 0.5046, Train: 90.78%, Valid: 51.36%, Test: 52.28%, Best Valid: 51.72%, Best Test: 52.59%
Epoch: 400, Loss: 0.3258, Train: 96.28%, Valid: 51.95%, Test: 52.75%, Best Valid: 53.41%, Best Test: 53.65%
Epoch: 500, Loss: 0.2200, Train: 98.15%, Valid: 53.08%, Test: 53.23%, Best Valid: 54.25%, Best Test: 54.47%
Epoch: 600, Loss: 0.1646, Train: 99.27%, Valid: 53.85%, Test: 54.19%, Best Valid: 54.66%, Best Test: 54.73%
Epoch: 700, Loss: 0.1204, Train: 99.51%, Valid: 54.66%, Test: 54.63%, Best Valid: 55.12%, Best Test: 54.71%
Epoch: 800, Loss: 0.0904, Train: 99.70%, Valid: 54.60%, Test: 54.76%, Best Valid: 55.25%, Best Test: 54.83%
Epoch: 900, Loss: 0.0865, Train: 99.76%, Valid: 54.91%, Test: 54.94%, Best Valid: 55.25%, Best Test: 54.83%
Epoch: 1000, Loss: 0.0730, Train: 99.78%, Valid: 54.78%, Test: 54.99%, Best Valid: 55.43%, Best Test: 54.63%
Epoch: 1100, Loss: 0.0611, Train: 99.79%, Valid: 54.43%, Test: 54.63%, Best Valid: 55.43%, Best Test: 54.63%
Epoch: 1200, Loss: 0.0602, Train: 99.82%, Valid: 54.88%, Test: 54.88%, Best Valid: 55.43%, Best Test: 54.63%
Epoch: 1300, Loss: 0.0485, Train: 99.83%, Valid: 55.04%, Test: 55.27%, Best Valid: 55.43%, Best Test: 54.63%
Epoch: 1400, Loss: 0.0406, Train: 99.84%, Valid: 55.04%, Test: 54.60%, Best Valid: 55.59%, Best Test: 54.24%
Epoch: 1500, Loss: 0.0401, Train: 99.88%, Valid: 55.10%, Test: 54.58%, Best Valid: 55.59%, Best Test: 54.24%
Epoch: 1600, Loss: 0.0334, Train: 99.87%, Valid: 54.81%, Test: 54.74%, Best Valid: 55.59%, Best Test: 54.24%
Epoch: 1700, Loss: 0.0358, Train: 99.89%, Valid: 55.04%, Test: 55.33%, Best Valid: 55.59%, Best Test: 54.24%
Epoch: 1800, Loss: 0.0303, Train: 99.89%, Valid: 55.15%, Test: 54.99%, Best Valid: 55.59%, Best Test: 54.24%
Epoch: 1900, Loss: 0.0261, Train: 99.90%, Valid: 54.71%, Test: 55.14%, Best Valid: 55.59%, Best Test: 54.24%
Epoch: 2000, Loss: 0.0283, Train: 99.93%, Valid: 54.52%, Test: 55.56%, Best Valid: 55.59%, Best Test: 54.24%
Epoch: 2100, Loss: 0.0268, Train: 99.89%, Valid: 54.76%, Test: 55.12%, Best Valid: 55.59%, Best Test: 54.24%
Epoch: 2200, Loss: 0.0261, Train: 99.90%, Valid: 54.66%, Test: 54.63%, Best Valid: 55.64%, Best Test: 55.37%
Epoch: 2300, Loss: 0.0294, Train: 99.91%, Valid: 55.35%, Test: 55.53%, Best Valid: 55.68%, Best Test: 55.48%
Epoch: 2400, Loss: 0.0296, Train: 99.91%, Valid: 55.41%, Test: 55.59%, Best Valid: 55.85%, Best Test: 55.33%
Run 10:
Highest Train: 99.93
Highest Valid: 55.85
Highest Test: 56.02
Chosen epoch: 2336
Final Train: 99.92
Final Test: 55.33
All runs:
Highest Train: 99.91 ± 0.02
Highest Test: 55.74 ± 0.56
Highest Valid: 55.66 ± 0.42
  Final Train: 99.88 ± 0.03
   Final Test: 55.05 ± 0.51
Saving results to results/placebo/amazon-ratings/MPNN_sage.csv
--- mlp_reg | transform=none | lambda=0.2 | mlp_epochs=10 ---
Namespace(bn=True, cpu=False, data_dir='./data/', dataset='amazon-ratings', device=0, display_step=100, dropout=0.5, epochs=2500, gnn='sage', hidden_channels=512, jk=False, label_num_per_class=20, lambda_val=0.2, ln=False, local_layers=9, lr=0.001, metric='acc', mlp_epochs=10, mlp_reg=True, model='MPNN', model_dir='models', num_heads=1, oracle_reg=False, paired_seeds=True, penalty_transform='none', pre_linear=False, pre_ln=False, rand_split=False, rand_split_class=False, reg_start_epoch=10, reg_update_freq=5, res=True, result_dir='results/placebo', runs=10, save_model=False, seed=42, test_num=1000, train_prop=0.5, use_reg=True, valid_num=500, valid_prop=0.25, weight_decay=0.0)
amazon-ratings
dataset amazon-ratings | num nodes 24492 | num edge 93050 | num node feats 300 | num classes 5
MODEL: MPNNs(
  (h_lins): ModuleList()
  (local_convs): ModuleList(
    (0): SAGEConv(300, 512, aggr=mean)
    (1): SAGEConv(512, 512, aggr=mean)
    (2): SAGEConv(512, 512, aggr=mean)
    (3): SAGEConv(512, 512, aggr=mean)
    (4): SAGEConv(512, 512, aggr=mean)
    (5): SAGEConv(512, 512, aggr=mean)
    (6): SAGEConv(512, 512, aggr=mean)
    (7): SAGEConv(512, 512, aggr=mean)
    (8): SAGEConv(512, 512, aggr=mean)
  )
  (lins): ModuleList(
    (0): Linear(in_features=300, out_features=512, bias=True)
    (1): Linear(in_features=512, out_features=512, bias=True)
    (2): Linear(in_features=512, out_features=512, bias=True)
    (3): Linear(in_features=512, out_features=512, bias=True)
    (4): Linear(in_features=512, out_features=512, bias=True)
    (5): Linear(in_features=512, out_features=512, bias=True)
    (6): Linear(in_features=512, out_features=512, bias=True)
    (7): Linear(in_features=512, out_features=512, bias=True)
    (8): Linear(in_features=512, out_features=512, bias=True)
  )
  (lns): ModuleList(
    (0): LayerNorm((512,), eps=1e-05, elementwise_affine=True)
    (1): LayerNorm((512,), eps=1e-05, elementwise_affine=True)
    (2): LayerNorm((512,), eps=1e-05, elementwise_affine=True)
    (3): LayerNorm((512,), eps=1e-05, elementwise_affine=True)
    (4): LayerNorm((512,), eps=1e-05, elementwise_affine=True)
    (5): LayerNorm((512,), eps=1e-05, elementwise_affine=True)
    (6): LayerNorm((512,), eps=1e-05, elementwise_affine=True)
    (7): LayerNorm((512,), eps=1e-05, elementwise_affine=True)
    (8): LayerNorm((512,), eps=1e-05, elementwise_affine=True)
  )
  (bns): ModuleList(
    (0): BatchNorm1d(512, eps=1e-05, momentum=0.1, affine=True, track_running_stats=True)
    (1): BatchNorm1d(512, eps=1e-05, momentum=0.1, affine=True, track_running_stats=True)
    (2): BatchNorm1d(512, eps=1e-05, momentum=0.1, affine=True, track_running_stats=True)
    (3): BatchNorm1d(512, eps=1e-05, momentum=0.1, affine=True, track_running_stats=True)
    (4): BatchNorm1d(512, eps=1e-05, momentum=0.1, affine=True, track_running_stats=True)
    (5): BatchNorm1d(512, eps=1e-05, momentum=0.1, affine=True, track_running_stats=True)
    (6): BatchNorm1d(512, eps=1e-05, momentum=0.1, affine=True, track_running_stats=True)
    (7): BatchNorm1d(512, eps=1e-05, momentum=0.1, affine=True, track_running_stats=True)
    (8): BatchNorm1d(512, eps=1e-05, momentum=0.1, affine=True, track_running_stats=True)
  )
  (lin_in): Linear(in_features=300, out_features=512, bias=True)
  (pred_local): Linear(in_features=512, out_features=5, bias=True)
)
Pre-training MLP for 10 epochs to generate co-occurrence matrix...
MLP pre-training complete. Penalty matrix frozen.
Epoch: 00, Loss: 2.0333, Train: 36.70%, Valid: 36.73%, Test: 36.70%, Best Valid: 36.73%, Best Test: 36.70%
Epoch: 100, Loss: 1.3196, Train: 52.80%, Valid: 45.55%, Test: 46.04%, Best Valid: 45.55%, Best Test: 46.04%
Epoch: 200, Loss: 0.9472, Train: 67.06%, Valid: 47.28%, Test: 47.66%, Best Valid: 48.91%, Best Test: 47.95%
Epoch: 300, Loss: 0.5741, Train: 90.71%, Valid: 50.86%, Test: 51.45%, Best Valid: 51.38%, Best Test: 51.64%
Epoch: 400, Loss: 0.3648, Train: 96.45%, Valid: 52.51%, Test: 53.49%, Best Valid: 53.01%, Best Test: 53.41%
Epoch: 500, Loss: 0.2383, Train: 98.38%, Valid: 53.65%, Test: 54.70%, Best Valid: 53.83%, Best Test: 54.42%
Epoch: 600, Loss: 0.1886, Train: 99.04%, Valid: 53.37%, Test: 54.68%, Best Valid: 54.52%, Best Test: 54.53%
Epoch: 700, Loss: 0.1333, Train: 99.44%, Valid: 54.52%, Test: 54.76%, Best Valid: 54.84%, Best Test: 54.68%
Epoch: 800, Loss: 0.1083, Train: 99.58%, Valid: 53.90%, Test: 54.78%, Best Valid: 54.84%, Best Test: 54.68%
Epoch: 900, Loss: 0.0928, Train: 99.63%, Valid: 54.39%, Test: 54.99%, Best Valid: 54.84%, Best Test: 54.68%
Epoch: 1000, Loss: 0.0757, Train: 99.67%, Valid: 53.85%, Test: 54.97%, Best Valid: 54.99%, Best Test: 55.25%
Epoch: 1100, Loss: 0.0720, Train: 99.77%, Valid: 53.93%, Test: 55.04%, Best Valid: 54.99%, Best Test: 55.25%
Epoch: 1200, Loss: 0.0634, Train: 99.78%, Valid: 54.58%, Test: 55.02%, Best Valid: 55.05%, Best Test: 55.15%
Epoch: 1300, Loss: 0.0624, Train: 99.84%, Valid: 54.27%, Test: 54.73%, Best Valid: 55.09%, Best Test: 55.10%
Epoch: 1400, Loss: 0.0502, Train: 99.83%, Valid: 54.94%, Test: 55.41%, Best Valid: 55.12%, Best Test: 55.27%
Epoch: 1500, Loss: 0.0447, Train: 99.85%, Valid: 54.61%, Test: 54.88%, Best Valid: 55.33%, Best Test: 55.68%
Epoch: 1600, Loss: 0.0406, Train: 99.87%, Valid: 54.81%, Test: 54.83%, Best Valid: 55.33%, Best Test: 55.68%
Epoch: 1700, Loss: 0.0424, Train: 99.85%, Valid: 54.73%, Test: 55.15%, Best Valid: 55.33%, Best Test: 55.68%
Epoch: 1800, Loss: 0.0393, Train: 99.87%, Valid: 54.94%, Test: 55.20%, Best Valid: 55.33%, Best Test: 55.68%
Epoch: 1900, Loss: 0.0351, Train: 99.88%, Valid: 54.70%, Test: 55.17%, Best Valid: 55.38%, Best Test: 55.38%
Epoch: 2000, Loss: 0.0317, Train: 99.87%, Valid: 54.68%, Test: 55.38%, Best Valid: 55.38%, Best Test: 55.38%
Epoch: 2100, Loss: 0.0335, Train: 99.87%, Valid: 54.63%, Test: 55.72%, Best Valid: 55.45%, Best Test: 55.76%
Epoch: 2200, Loss: 0.0355, Train: 99.86%, Valid: 55.41%, Test: 55.89%, Best Valid: 55.45%, Best Test: 55.76%
Epoch: 2300, Loss: 0.0279, Train: 99.88%, Valid: 54.81%, Test: 55.56%, Best Valid: 55.48%, Best Test: 55.79%
Epoch: 2400, Loss: 0.0290, Train: 99.88%, Valid: 55.12%, Test: 55.14%, Best Valid: 55.48%, Best Test: 55.79%
Run 01:
Highest Train: 99.89
Highest Valid: 55.51
Highest Test: 56.25
Chosen epoch: 2408
Final Train: 99.88
Final Test: 55.23
Pre-training MLP for 10 epochs to generate co-occurrence matrix...
MLP pre-training complete. Penalty matrix frozen.
Epoch: 00, Loss: 2.0667, Train: 36.79%, Valid: 36.78%, Test: 36.80%, Best Valid: 36.78%, Best Test: 36.80%
Epoch: 100, Loss: 1.3005, Train: 51.76%, Valid: 44.21%, Test: 45.55%, Best Valid: 44.72%, Best Test: 45.04%
Epoch: 200, Loss: 0.9448, Train: 70.81%, Valid: 48.44%, Test: 48.82%, Best Valid: 49.22%, Best Test: 49.78%
Epoch: 300, Loss: 0.5493, Train: 90.89%, Valid: 52.80%, Test: 53.83%, Best Valid: 52.80%, Best Test: 53.83%
Epoch: 400, Loss: 0.3621, Train: 97.17%, Valid: 53.70%, Test: 53.73%, Best Valid: 54.27%, Best Test: 54.21%
Epoch: 500, Loss: 0.2259, Train: 98.99%, Valid: 54.24%, Test: 55.27%, Best Valid: 54.83%, Best Test: 55.09%
Epoch: 600, Loss: 0.1693, Train: 99.26%, Valid: 54.56%, Test: 55.53%, Best Valid: 55.32%, Best Test: 55.90%
Epoch: 700, Loss: 0.1329, Train: 99.71%, Valid: 54.45%, Test: 55.58%, Best Valid: 55.37%, Best Test: 55.58%
Epoch: 800, Loss: 0.1079, Train: 99.79%, Valid: 55.22%, Test: 55.71%, Best Valid: 55.56%, Best Test: 56.23%
Epoch: 900, Loss: 0.0757, Train: 99.84%, Valid: 55.07%, Test: 55.45%, Best Valid: 55.56%, Best Test: 56.23%
Epoch: 1000, Loss: 0.0810, Train: 99.84%, Valid: 54.91%, Test: 55.79%, Best Valid: 55.56%, Best Test: 56.23%
Epoch: 1100, Loss: 0.0611, Train: 99.85%, Valid: 55.59%, Test: 55.99%, Best Valid: 55.59%, Best Test: 55.99%
Epoch: 1200, Loss: 0.0602, Train: 99.83%, Valid: 55.53%, Test: 55.54%, Best Valid: 55.84%, Best Test: 55.77%
Epoch: 1300, Loss: 0.0523, Train: 99.84%, Valid: 55.45%, Test: 55.72%, Best Valid: 55.84%, Best Test: 55.77%
Epoch: 1400, Loss: 0.0499, Train: 99.86%, Valid: 55.37%, Test: 55.63%, Best Valid: 56.07%, Best Test: 55.77%
Epoch: 1500, Loss: 0.0463, Train: 99.86%, Valid: 55.69%, Test: 55.22%, Best Valid: 56.17%, Best Test: 55.76%
Epoch: 1600, Loss: 0.0449, Train: 99.88%, Valid: 56.00%, Test: 55.99%, Best Valid: 56.17%, Best Test: 55.76%
Epoch: 1700, Loss: 0.0335, Train: 99.88%, Valid: 55.37%, Test: 55.81%, Best Valid: 56.17%, Best Test: 55.76%
Epoch: 1800, Loss: 0.0372, Train: 99.89%, Valid: 55.82%, Test: 56.23%, Best Valid: 56.17%, Best Test: 55.76%
Epoch: 1900, Loss: 0.0376, Train: 99.90%, Valid: 54.99%, Test: 56.12%, Best Valid: 56.17%, Best Test: 55.76%
Epoch: 2000, Loss: 0.0315, Train: 99.90%, Valid: 55.43%, Test: 55.74%, Best Valid: 56.17%, Best Test: 55.76%
Epoch: 2100, Loss: 0.0307, Train: 99.89%, Valid: 55.58%, Test: 55.84%, Best Valid: 56.17%, Best Test: 55.76%
Epoch: 2200, Loss: 0.0330, Train: 99.90%, Valid: 55.37%, Test: 56.21%, Best Valid: 56.17%, Best Test: 55.76%
Epoch: 2300, Loss: 0.0263, Train: 99.89%, Valid: 56.00%, Test: 56.75%, Best Valid: 56.17%, Best Test: 55.76%
Epoch: 2400, Loss: 0.0277, Train: 99.92%, Valid: 56.08%, Test: 55.84%, Best Valid: 56.20%, Best Test: 56.34%
Run 02:
Highest Train: 99.93
Highest Valid: 56.20
Highest Test: 56.75
Chosen epoch: 2341
Final Train: 99.89
Final Test: 56.34
Pre-training MLP for 10 epochs to generate co-occurrence matrix...
MLP pre-training complete. Penalty matrix frozen.
Epoch: 00, Loss: 2.0687, Train: 36.79%, Valid: 36.78%, Test: 36.80%, Best Valid: 36.78%, Best Test: 36.80%
Epoch: 100, Loss: 1.2908, Train: 46.63%, Valid: 40.99%, Test: 40.76%, Best Valid: 43.59%, Best Test: 43.59%
Epoch: 200, Loss: 0.9088, Train: 65.58%, Valid: 46.81%, Test: 45.14%, Best Valid: 48.55%, Best Test: 47.69%
Epoch: 300, Loss: 0.5330, Train: 90.80%, Valid: 52.15%, Test: 51.63%, Best Valid: 52.54%, Best Test: 51.95%
Epoch: 400, Loss: 0.3250, Train: 97.07%, Valid: 53.90%, Test: 53.47%, Best Valid: 54.66%, Best Test: 53.36%
Epoch: 500, Loss: 0.2411, Train: 98.41%, Valid: 54.01%, Test: 54.03%, Best Valid: 55.09%, Best Test: 53.86%
Epoch: 600, Loss: 0.1779, Train: 99.31%, Valid: 54.88%, Test: 53.90%, Best Valid: 55.68%, Best Test: 54.09%
Epoch: 700, Loss: 0.1322, Train: 99.67%, Valid: 54.65%, Test: 54.39%, Best Valid: 55.69%, Best Test: 54.56%
Epoch: 800, Loss: 0.1042, Train: 99.69%, Valid: 54.94%, Test: 54.55%, Best Valid: 55.69%, Best Test: 54.56%
Epoch: 900, Loss: 0.0887, Train: 99.76%, Valid: 54.92%, Test: 54.94%, Best Valid: 55.69%, Best Test: 54.56%
Epoch: 1000, Loss: 0.0702, Train: 99.82%, Valid: 54.65%, Test: 54.17%, Best Valid: 55.69%, Best Test: 54.56%
Epoch: 1100, Loss: 0.0614, Train: 99.84%, Valid: 55.14%, Test: 54.14%, Best Valid: 55.82%, Best Test: 55.07%
Epoch: 1200, Loss: 0.0587, Train: 99.86%, Valid: 55.22%, Test: 54.56%, Best Valid: 55.82%, Best Test: 55.07%
Epoch: 1300, Loss: 0.0507, Train: 99.87%, Valid: 54.91%, Test: 54.52%, Best Valid: 55.82%, Best Test: 55.07%
Epoch: 1400, Loss: 0.0428, Train: 99.86%, Valid: 55.27%, Test: 54.56%, Best Valid: 55.82%, Best Test: 55.07%
Epoch: 1500, Loss: 0.0453, Train: 99.88%, Valid: 55.05%, Test: 54.73%, Best Valid: 55.82%, Best Test: 55.07%
Epoch: 1600, Loss: 0.0421, Train: 99.89%, Valid: 54.94%, Test: 54.91%, Best Valid: 55.82%, Best Test: 55.07%
Epoch: 1700, Loss: 0.0424, Train: 99.87%, Valid: 55.28%, Test: 55.35%, Best Valid: 55.82%, Best Test: 55.07%
Epoch: 1800, Loss: 0.0372, Train: 99.88%, Valid: 55.22%, Test: 54.48%, Best Valid: 55.90%, Best Test: 54.60%
Epoch: 1900, Loss: 0.0388, Train: 99.89%, Valid: 55.35%, Test: 54.68%, Best Valid: 55.99%, Best Test: 54.63%
Epoch: 2000, Loss: 0.0313, Train: 99.92%, Valid: 55.10%, Test: 54.40%, Best Valid: 55.99%, Best Test: 54.63%
Epoch: 2100, Loss: 0.0289, Train: 99.89%, Valid: 55.07%, Test: 54.40%, Best Valid: 55.99%, Best Test: 54.63%
Epoch: 2200, Loss: 0.0294, Train: 99.92%, Valid: 55.23%, Test: 55.20%, Best Valid: 55.99%, Best Test: 54.63%
Epoch: 2300, Loss: 0.0268, Train: 99.89%, Valid: 55.35%, Test: 54.45%, Best Valid: 56.03%, Best Test: 55.07%
Epoch: 2400, Loss: 0.0273, Train: 99.89%, Valid: 55.12%, Test: 55.30%, Best Valid: 56.03%, Best Test: 55.07%
Run 03:
Highest Train: 99.93
Highest Valid: 56.15
Highest Test: 55.51
Chosen epoch: 2497
Final Train: 99.90
Final Test: 54.94
Pre-training MLP for 10 epochs to generate co-occurrence matrix...
MLP pre-training complete. Penalty matrix frozen.
Epoch: 00, Loss: 2.2492, Train: 26.78%, Valid: 26.78%, Test: 26.78%, Best Valid: 26.78%, Best Test: 26.78%
Epoch: 100, Loss: 1.3004, Train: 52.39%, Valid: 44.50%, Test: 44.34%, Best Valid: 44.50%, Best Test: 44.34%
Epoch: 200, Loss: 0.9197, Train: 71.50%, Valid: 47.97%, Test: 47.02%, Best Valid: 48.26%, Best Test: 47.85%
Epoch: 300, Loss: 0.5565, Train: 90.49%, Valid: 51.45%, Test: 51.41%, Best Valid: 51.58%, Best Test: 50.71%
Epoch: 400, Loss: 0.3483, Train: 96.84%, Valid: 52.70%, Test: 52.31%, Best Valid: 53.52%, Best Test: 53.19%
Epoch: 500, Loss: 0.2234, Train: 98.67%, Valid: 54.30%, Test: 53.23%, Best Valid: 54.30%, Best Test: 53.23%
Epoch: 600, Loss: 0.1528, Train: 99.54%, Valid: 53.13%, Test: 52.92%, Best Valid: 54.60%, Best Test: 53.93%
Epoch: 700, Loss: 0.1233, Train: 99.71%, Valid: 54.22%, Test: 53.93%, Best Valid: 54.60%, Best Test: 53.93%
Epoch: 800, Loss: 0.1051, Train: 99.75%, Valid: 54.32%, Test: 53.13%, Best Valid: 54.70%, Best Test: 54.07%
Epoch: 900, Loss: 0.0854, Train: 99.80%, Valid: 54.63%, Test: 53.90%, Best Valid: 54.70%, Best Test: 54.07%
Epoch: 1000, Loss: 0.0701, Train: 99.82%, Valid: 53.75%, Test: 53.14%, Best Valid: 54.81%, Best Test: 54.83%
Epoch: 1100, Loss: 0.0628, Train: 99.84%, Valid: 54.25%, Test: 54.01%, Best Valid: 54.86%, Best Test: 54.09%
Epoch: 1200, Loss: 0.0576, Train: 99.84%, Valid: 55.10%, Test: 54.63%, Best Valid: 55.10%, Best Test: 54.63%
Epoch: 1300, Loss: 0.0533, Train: 99.85%, Valid: 54.40%, Test: 54.22%, Best Valid: 55.10%, Best Test: 54.63%
Epoch: 1400, Loss: 0.0474, Train: 99.85%, Valid: 53.70%, Test: 53.75%, Best Valid: 55.10%, Best Test: 54.63%
Epoch: 1500, Loss: 0.0420, Train: 99.87%, Valid: 54.29%, Test: 54.34%, Best Valid: 55.10%, Best Test: 54.63%
Epoch: 1600, Loss: 0.0431, Train: 99.87%, Valid: 54.29%, Test: 53.98%, Best Valid: 55.10%, Best Test: 54.63%
Epoch: 1700, Loss: 0.0419, Train: 99.87%, Valid: 54.65%, Test: 54.68%, Best Valid: 55.10%, Best Test: 54.63%
Epoch: 1800, Loss: 0.0345, Train: 99.87%, Valid: 54.30%, Test: 53.86%, Best Valid: 55.10%, Best Test: 54.63%
Epoch: 1900, Loss: 0.0372, Train: 99.87%, Valid: 54.42%, Test: 54.17%, Best Valid: 55.10%, Best Test: 54.63%
Epoch: 2000, Loss: 0.0362, Train: 99.87%, Valid: 54.50%, Test: 54.17%, Best Valid: 55.10%, Best Test: 54.63%
Epoch: 2100, Loss: 0.0340, Train: 99.87%, Valid: 54.52%, Test: 54.27%, Best Valid: 55.10%, Best Test: 54.63%
Epoch: 2200, Loss: 0.0302, Train: 99.89%, Valid: 54.63%, Test: 54.01%, Best Valid: 55.23%, Best Test: 54.60%
Epoch: 2300, Loss: 0.0294, Train: 99.87%, Valid: 54.73%, Test: 54.19%, Best Valid: 55.28%, Best Test: 54.45%
Epoch: 2400, Loss: 0.0284, Train: 99.87%, Valid: 54.92%, Test: 54.07%, Best Valid: 55.28%, Best Test: 54.45%
Run 04:
Highest Train: 99.90
Highest Valid: 55.38
Highest Test: 55.02
Chosen epoch: 2438
Final Train: 99.87
Final Test: 54.35
Pre-training MLP for 10 epochs to generate co-occurrence matrix...
MLP pre-training complete. Penalty matrix frozen.
Epoch: 00, Loss: 2.1061, Train: 23.18%, Valid: 23.19%, Test: 23.17%, Best Valid: 23.19%, Best Test: 23.17%
Epoch: 100, Loss: 1.3080, Train: 44.41%, Valid: 40.55%, Test: 39.05%, Best Valid: 44.60%, Best Test: 43.44%
Epoch: 200, Loss: 0.9504, Train: 66.80%, Valid: 48.08%, Test: 46.79%, Best Valid: 49.35%, Best Test: 48.70%
Epoch: 300, Loss: 0.5745, Train: 90.55%, Valid: 53.14%, Test: 51.94%, Best Valid: 53.23%, Best Test: 51.76%
Epoch: 400, Loss: 0.3480, Train: 95.56%, Valid: 53.36%, Test: 52.65%, Best Valid: 54.24%, Best Test: 53.67%
Epoch: 500, Loss: 0.2458, Train: 98.12%, Valid: 54.03%, Test: 54.03%, Best Valid: 54.84%, Best Test: 54.45%
Epoch: 600, Loss: 0.1766, Train: 99.22%, Valid: 54.07%, Test: 54.47%, Best Valid: 55.09%, Best Test: 55.10%
Epoch: 700, Loss: 0.1433, Train: 99.52%, Valid: 54.12%, Test: 54.34%, Best Valid: 55.51%, Best Test: 54.70%
Epoch: 800, Loss: 0.1175, Train: 99.70%, Valid: 54.97%, Test: 55.19%, Best Valid: 55.63%, Best Test: 55.14%
Epoch: 900, Loss: 0.0920, Train: 99.75%, Valid: 54.35%, Test: 54.58%, Best Valid: 55.63%, Best Test: 55.14%
Epoch: 1000, Loss: 0.0794, Train: 99.83%, Valid: 54.60%, Test: 54.55%, Best Valid: 55.63%, Best Test: 55.14%
Epoch: 1100, Loss: 0.0729, Train: 99.84%, Valid: 55.20%, Test: 55.15%, Best Valid: 55.68%, Best Test: 55.17%
Epoch: 1200, Loss: 0.0611, Train: 99.86%, Valid: 55.07%, Test: 55.09%, Best Valid: 55.68%, Best Test: 55.17%
Epoch: 1300, Loss: 0.0507, Train: 99.91%, Valid: 54.94%, Test: 55.64%, Best Valid: 55.68%, Best Test: 55.17%
Epoch: 1400, Loss: 0.0535, Train: 99.89%, Valid: 55.46%, Test: 55.76%, Best Valid: 55.74%, Best Test: 55.84%
Epoch: 1500, Loss: 0.0432, Train: 99.91%, Valid: 55.04%, Test: 55.51%, Best Valid: 55.74%, Best Test: 55.84%
Epoch: 1600, Loss: 0.0426, Train: 99.91%, Valid: 55.54%, Test: 55.84%, Best Valid: 55.74%, Best Test: 55.84%
Epoch: 1700, Loss: 0.0384, Train: 99.91%, Valid: 54.92%, Test: 55.12%, Best Valid: 55.74%, Best Test: 55.84%
Epoch: 1800, Loss: 0.0385, Train: 99.91%, Valid: 55.59%, Test: 55.32%, Best Valid: 55.74%, Best Test: 55.84%
Epoch: 1900, Loss: 0.0334, Train: 99.91%, Valid: 55.33%, Test: 56.02%, Best Valid: 55.74%, Best Test: 55.84%
Epoch: 2000, Loss: 0.0300, Train: 99.92%, Valid: 55.28%, Test: 56.07%, Best Valid: 55.89%, Best Test: 56.17%
Epoch: 2100, Loss: 0.0285, Train: 99.92%, Valid: 55.22%, Test: 55.94%, Best Valid: 56.03%, Best Test: 55.84%
Epoch: 2200, Loss: 0.0329, Train: 99.92%, Valid: 55.56%, Test: 55.97%, Best Valid: 56.03%, Best Test: 55.84%
Epoch: 2300, Loss: 0.0292, Train: 99.92%, Valid: 55.58%, Test: 56.48%, Best Valid: 56.03%, Best Test: 55.84%
Epoch: 2400, Loss: 0.0271, Train: 99.92%, Valid: 55.61%, Test: 55.99%, Best Valid: 56.03%, Best Test: 55.84%
Run 05:
Highest Train: 99.93
Highest Valid: 56.03
Highest Test: 56.57
Chosen epoch: 2025
Final Train: 99.92
Final Test: 55.84
Pre-training MLP for 10 epochs to generate co-occurrence matrix...
MLP pre-training complete. Penalty matrix frozen.
Epoch: 00, Loss: 2.0189, Train: 4.33%, Valid: 4.33%, Test: 4.34%, Best Valid: 4.33%, Best Test: 4.34%
Epoch: 100, Loss: 1.3063, Train: 53.94%, Valid: 46.63%, Test: 46.55%, Best Valid: 46.63%, Best Test: 46.55%
Epoch: 200, Loss: 0.9447, Train: 66.63%, Valid: 47.57%, Test: 47.61%, Best Valid: 48.83%, Best Test: 49.35%
Epoch: 300, Loss: 0.5420, Train: 87.88%, Valid: 52.23%, Test: 52.00%, Best Valid: 52.28%, Best Test: 52.16%
Epoch: 400, Loss: 0.3449, Train: 96.02%, Valid: 52.90%, Test: 53.34%, Best Valid: 53.34%, Best Test: 52.62%
Epoch: 500, Loss: 0.2375, Train: 98.65%, Valid: 54.03%, Test: 53.60%, Best Valid: 54.22%, Best Test: 54.01%
Epoch: 600, Loss: 0.1772, Train: 99.13%, Valid: 53.62%, Test: 53.44%, Best Valid: 54.88%, Best Test: 54.14%
Epoch: 700, Loss: 0.1471, Train: 99.53%, Valid: 54.43%, Test: 54.14%, Best Valid: 54.88%, Best Test: 54.14%
Epoch: 800, Loss: 0.1085, Train: 99.59%, Valid: 54.37%, Test: 54.83%, Best Valid: 54.96%, Best Test: 54.53%
Epoch: 900, Loss: 0.0943, Train: 99.67%, Valid: 54.68%, Test: 54.81%, Best Valid: 55.22%, Best Test: 54.21%
Epoch: 1000, Loss: 0.0747, Train: 99.71%, Valid: 55.09%, Test: 54.65%, Best Valid: 55.22%, Best Test: 54.21%
Epoch: 1100, Loss: 0.0697, Train: 99.77%, Valid: 54.76%, Test: 55.10%, Best Valid: 55.58%, Best Test: 54.74%
Epoch: 1200, Loss: 0.0652, Train: 99.78%, Valid: 54.66%, Test: 54.34%, Best Valid: 55.58%, Best Test: 54.74%
Epoch: 1300, Loss: 0.0512, Train: 99.80%, Valid: 54.83%, Test: 54.61%, Best Valid: 55.58%, Best Test: 54.74%
Epoch: 1400, Loss: 0.0538, Train: 99.81%, Valid: 55.23%, Test: 54.97%, Best Valid: 55.59%, Best Test: 54.91%
Epoch: 1500, Loss: 0.0459, Train: 99.84%, Valid: 55.15%, Test: 55.02%, Best Valid: 55.59%, Best Test: 54.91%
Epoch: 1600, Loss: 0.0414, Train: 99.80%, Valid: 55.27%, Test: 54.99%, Best Valid: 55.63%, Best Test: 55.51%
Epoch: 1700, Loss: 0.0379, Train: 99.84%, Valid: 54.65%, Test: 55.09%, Best Valid: 55.63%, Best Test: 55.51%
Epoch: 1800, Loss: 0.0333, Train: 99.82%, Valid: 55.27%, Test: 54.94%, Best Valid: 55.63%, Best Test: 55.51%
Epoch: 1900, Loss: 0.0371, Train: 99.85%, Valid: 55.53%, Test: 55.46%, Best Valid: 55.63%, Best Test: 55.51%
Epoch: 2000, Loss: 0.0410, Train: 99.84%, Valid: 55.15%, Test: 55.89%, Best Valid: 55.72%, Best Test: 55.48%
Epoch: 2100, Loss: 0.0316, Train: 99.84%, Valid: 55.37%, Test: 55.46%, Best Valid: 55.87%, Best Test: 55.41%
Epoch: 2200, Loss: 0.0325, Train: 99.84%, Valid: 55.50%, Test: 55.48%, Best Valid: 55.87%, Best Test: 55.41%
Epoch: 2300, Loss: 0.0291, Train: 99.84%, Valid: 55.50%, Test: 55.56%, Best Valid: 55.87%, Best Test: 55.41%
Epoch: 2400, Loss: 0.0296, Train: 99.84%, Valid: 55.30%, Test: 55.59%, Best Valid: 55.87%, Best Test: 55.41%
Run 06:
Highest Train: 99.87
Highest Valid: 55.87
Highest Test: 56.15
Chosen epoch: 2018
Final Train: 99.84
Final Test: 55.41
Pre-training MLP for 10 epochs to generate co-occurrence matrix...
MLP pre-training complete. Penalty matrix frozen.
Epoch: 00, Loss: 2.1836, Train: 36.79%, Valid: 36.78%, Test: 36.80%, Best Valid: 36.78%, Best Test: 36.80%
Epoch: 100, Loss: 1.3090, Train: 48.63%, Valid: 41.84%, Test: 43.02%, Best Valid: 42.23%, Best Test: 43.15%
Epoch: 200, Loss: 0.9362, Train: 73.13%, Valid: 48.73%, Test: 48.18%, Best Valid: 48.91%, Best Test: 48.59%
Epoch: 300, Loss: 0.5680, Train: 91.22%, Valid: 52.11%, Test: 51.48%, Best Valid: 52.62%, Best Test: 51.20%
Epoch: 400, Loss: 0.3557, Train: 94.69%, Valid: 52.31%, Test: 51.95%, Best Valid: 54.39%, Best Test: 52.34%
Epoch: 500, Loss: 0.2388, Train: 98.72%, Valid: 54.63%, Test: 53.80%, Best Valid: 54.63%, Best Test: 53.72%
Epoch: 600, Loss: 0.1790, Train: 99.24%, Valid: 54.52%, Test: 54.37%, Best Valid: 55.38%, Best Test: 54.61%
Epoch: 700, Loss: 0.1219, Train: 99.53%, Valid: 54.89%, Test: 54.53%, Best Valid: 55.38%, Best Test: 54.61%
Epoch: 800, Loss: 0.1039, Train: 99.70%, Valid: 54.60%, Test: 54.97%, Best Valid: 55.48%, Best Test: 54.83%
Epoch: 900, Loss: 0.0871, Train: 99.71%, Valid: 54.86%, Test: 55.37%, Best Valid: 55.79%, Best Test: 55.23%
Epoch: 1000, Loss: 0.0759, Train: 99.82%, Valid: 55.27%, Test: 54.56%, Best Valid: 55.84%, Best Test: 55.53%
Epoch: 1100, Loss: 0.0720, Train: 99.79%, Valid: 54.63%, Test: 54.55%, Best Valid: 55.84%, Best Test: 55.53%
Epoch: 1200, Loss: 0.0656, Train: 99.84%, Valid: 55.50%, Test: 55.79%, Best Valid: 55.84%, Best Test: 55.53%
Epoch: 1300, Loss: 0.0525, Train: 99.80%, Valid: 55.28%, Test: 55.17%, Best Valid: 55.84%, Best Test: 55.53%
Epoch: 1400, Loss: 0.0454, Train: 99.84%, Valid: 54.91%, Test: 55.40%, Best Valid: 55.84%, Best Test: 55.53%
Epoch: 1500, Loss: 0.0524, Train: 99.86%, Valid: 54.86%, Test: 54.92%, Best Valid: 55.84%, Best Test: 55.53%
Epoch: 1600, Loss: 0.0430, Train: 99.85%, Valid: 55.63%, Test: 55.82%, Best Valid: 55.84%, Best Test: 55.53%
Epoch: 1700, Loss: 0.0362, Train: 99.87%, Valid: 54.55%, Test: 55.22%, Best Valid: 55.84%, Best Test: 55.53%
Epoch: 1800, Loss: 0.0344, Train: 99.86%, Valid: 55.10%, Test: 55.27%, Best Valid: 55.84%, Best Test: 55.53%
Epoch: 1900, Loss: 0.0302, Train: 99.86%, Valid: 55.61%, Test: 55.72%, Best Valid: 55.84%, Best Test: 55.53%
Epoch: 2000, Loss: 0.0371, Train: 99.85%, Valid: 54.79%, Test: 55.27%, Best Valid: 55.84%, Best Test: 55.53%
Epoch: 2100, Loss: 0.0316, Train: 99.86%, Valid: 55.32%, Test: 54.94%, Best Valid: 55.84%, Best Test: 55.53%
Epoch: 2200, Loss: 0.0348, Train: 99.89%, Valid: 55.35%, Test: 55.64%, Best Valid: 55.84%, Best Test: 55.53%
Epoch: 2300, Loss: 0.0300, Train: 99.89%, Valid: 55.19%, Test: 56.03%, Best Valid: 55.84%, Best Test: 55.53%
Epoch: 2400, Loss: 0.0296, Train: 99.88%, Valid: 55.09%, Test: 55.05%, Best Valid: 56.13%, Best Test: 55.76%
Run 07:
Highest Train: 99.91
Highest Valid: 56.13
Highest Test: 56.20
Chosen epoch: 2366
Final Train: 99.89
Final Test: 55.76
Pre-training MLP for 10 epochs to generate co-occurrence matrix...
MLP pre-training complete. Penalty matrix frozen.
Epoch: 00, Loss: 2.1106, Train: 23.18%, Valid: 23.19%, Test: 23.17%, Best Valid: 23.19%, Best Test: 23.17%
Epoch: 100, Loss: 1.3192, Train: 49.10%, Valid: 43.15%, Test: 42.97%, Best Valid: 43.74%, Best Test: 44.15%
Epoch: 200, Loss: 0.9650, Train: 71.70%, Valid: 48.82%, Test: 48.70%, Best Valid: 48.82%, Best Test: 48.70%
Epoch: 300, Loss: 0.5742, Train: 90.30%, Valid: 51.59%, Test: 50.33%, Best Valid: 51.95%, Best Test: 50.97%
Epoch: 400, Loss: 0.3407, Train: 97.15%, Valid: 52.92%, Test: 52.29%, Best Valid: 53.31%, Best Test: 52.28%
Epoch: 500, Loss: 0.2328, Train: 98.95%, Valid: 52.72%, Test: 52.72%, Best Valid: 53.73%, Best Test: 53.42%
Epoch: 600, Loss: 0.1786, Train: 99.30%, Valid: 53.41%, Test: 53.27%, Best Valid: 53.83%, Best Test: 53.86%
Epoch: 700, Loss: 0.1295, Train: 99.57%, Valid: 53.65%, Test: 53.98%, Best Valid: 54.30%, Best Test: 53.34%
Epoch: 800, Loss: 0.1044, Train: 99.70%, Valid: 53.54%, Test: 53.94%, Best Valid: 54.42%, Best Test: 53.72%
Epoch: 900, Loss: 0.0867, Train: 99.74%, Valid: 53.39%, Test: 53.94%, Best Valid: 54.58%, Best Test: 54.06%
Epoch: 1000, Loss: 0.0701, Train: 99.75%, Valid: 53.34%, Test: 53.73%, Best Valid: 54.58%, Best Test: 54.06%
Epoch: 1100, Loss: 0.0636, Train: 99.79%, Valid: 53.45%, Test: 53.83%, Best Valid: 54.58%, Best Test: 54.06%
Epoch: 1200, Loss: 0.0608, Train: 99.82%, Valid: 54.19%, Test: 54.11%, Best Valid: 54.58%, Best Test: 54.06%
Epoch: 1300, Loss: 0.0545, Train: 99.82%, Valid: 53.99%, Test: 53.44%, Best Valid: 54.58%, Best Test: 54.06%
Epoch: 1400, Loss: 0.0484, Train: 99.84%, Valid: 54.22%, Test: 53.99%, Best Valid: 54.58%, Best Test: 54.06%
Epoch: 1500, Loss: 0.0429, Train: 99.84%, Valid: 53.50%, Test: 53.91%, Best Valid: 54.58%, Best Test: 54.06%
Epoch: 1600, Loss: 0.0408, Train: 99.84%, Valid: 54.21%, Test: 54.21%, Best Valid: 54.58%, Best Test: 54.06%
Epoch: 1700, Loss: 0.0384, Train: 99.85%, Valid: 54.21%, Test: 54.11%, Best Valid: 54.70%, Best Test: 54.16%
Epoch: 1800, Loss: 0.0389, Train: 99.85%, Valid: 54.27%, Test: 53.88%, Best Valid: 54.70%, Best Test: 54.16%
Epoch: 1900, Loss: 0.0346, Train: 99.85%, Valid: 54.06%, Test: 54.34%, Best Valid: 54.70%, Best Test: 54.16%
Epoch: 2000, Loss: 0.0331, Train: 99.85%, Valid: 54.06%, Test: 53.98%, Best Valid: 54.70%, Best Test: 54.16%
Epoch: 2100, Loss: 0.0338, Train: 99.85%, Valid: 53.93%, Test: 54.17%, Best Valid: 54.70%, Best Test: 54.16%
Epoch: 2200, Loss: 0.0285, Train: 99.85%, Valid: 53.90%, Test: 54.32%, Best Valid: 54.70%, Best Test: 54.16%
Epoch: 2300, Loss: 0.0305, Train: 99.85%, Valid: 53.63%, Test: 54.17%, Best Valid: 54.70%, Best Test: 54.16%
Epoch: 2400, Loss: 0.0286, Train: 99.85%, Valid: 54.39%, Test: 54.30%, Best Valid: 54.70%, Best Test: 54.16%
Run 08:
Highest Train: 99.89
Highest Valid: 54.70
Highest Test: 55.09
Chosen epoch: 1604
Final Train: 99.84
Final Test: 54.16
Pre-training MLP for 10 epochs to generate co-occurrence matrix...
MLP pre-training complete. Penalty matrix frozen.
Epoch: 00, Loss: 2.0812, Train: 23.40%, Valid: 23.26%, Test: 23.27%, Best Valid: 23.26%, Best Test: 23.27%
Epoch: 100, Loss: 1.3002, Train: 43.92%, Valid: 40.29%, Test: 40.11%, Best Valid: 45.35%, Best Test: 45.09%
Epoch: 200, Loss: 0.9232, Train: 72.16%, Valid: 49.29%, Test: 48.91%, Best Valid: 49.29%, Best Test: 48.91%
Epoch: 300, Loss: 0.5495, Train: 89.38%, Valid: 50.92%, Test: 51.10%, Best Valid: 52.59%, Best Test: 51.98%
Epoch: 400, Loss: 0.3497, Train: 95.68%, Valid: 53.99%, Test: 53.75%, Best Valid: 53.99%, Best Test: 53.75%
Epoch: 500, Loss: 0.2439, Train: 98.43%, Valid: 53.65%, Test: 53.67%, Best Valid: 54.53%, Best Test: 53.36%
Epoch: 600, Loss: 0.1712, Train: 99.23%, Valid: 54.27%, Test: 53.78%, Best Valid: 55.07%, Best Test: 53.98%
Epoch: 700, Loss: 0.1420, Train: 99.48%, Valid: 54.68%, Test: 53.93%, Best Valid: 55.14%, Best Test: 53.83%
Epoch: 800, Loss: 0.1109, Train: 99.68%, Valid: 54.68%, Test: 53.88%, Best Valid: 55.14%, Best Test: 53.83%
Epoch: 900, Loss: 0.0828, Train: 99.76%, Valid: 54.47%, Test: 53.96%, Best Valid: 55.41%, Best Test: 53.80%
Epoch: 1000, Loss: 0.0796, Train: 99.76%, Valid: 54.68%, Test: 54.19%, Best Valid: 55.41%, Best Test: 53.80%
Epoch: 1100, Loss: 0.0626, Train: 99.82%, Valid: 54.88%, Test: 54.04%, Best Valid: 55.61%, Best Test: 54.30%
Epoch: 1200, Loss: 0.0596, Train: 99.83%, Valid: 54.56%, Test: 53.98%, Best Valid: 55.61%, Best Test: 54.30%
Epoch: 1300, Loss: 0.0576, Train: 99.83%, Valid: 55.15%, Test: 54.14%, Best Valid: 55.61%, Best Test: 54.30%
Epoch: 1400, Loss: 0.0488, Train: 99.87%, Valid: 54.91%, Test: 54.37%, Best Valid: 55.61%, Best Test: 54.30%
Epoch: 1500, Loss: 0.0432, Train: 99.86%, Valid: 55.61%, Test: 54.06%, Best Valid: 55.61%, Best Test: 54.30%
Epoch: 1600, Loss: 0.0429, Train: 99.86%, Valid: 55.19%, Test: 54.01%, Best Valid: 55.72%, Best Test: 53.94%
Epoch: 1700, Loss: 0.0405, Train: 99.88%, Valid: 55.14%, Test: 53.88%, Best Valid: 55.72%, Best Test: 53.94%
Epoch: 1800, Loss: 0.0412, Train: 99.89%, Valid: 55.09%, Test: 54.48%, Best Valid: 55.72%, Best Test: 53.94%
Epoch: 1900, Loss: 0.0346, Train: 99.88%, Valid: 55.22%, Test: 53.85%, Best Valid: 55.72%, Best Test: 53.94%
Epoch: 2000, Loss: 0.0352, Train: 99.91%, Valid: 55.32%, Test: 54.27%, Best Valid: 55.97%, Best Test: 54.25%
Epoch: 2100, Loss: 0.0275, Train: 99.90%, Valid: 55.05%, Test: 54.52%, Best Valid: 56.13%, Best Test: 54.43%
Epoch: 2200, Loss: 0.0273, Train: 99.89%, Valid: 55.35%, Test: 54.07%, Best Valid: 56.13%, Best Test: 54.43%
Epoch: 2300, Loss: 0.0271, Train: 99.90%, Valid: 55.51%, Test: 54.07%, Best Valid: 56.13%, Best Test: 54.43%
Epoch: 2400, Loss: 0.0260, Train: 99.91%, Valid: 54.92%, Test: 53.62%, Best Valid: 56.13%, Best Test: 54.43%
Run 09:
Highest Train: 99.93
Highest Valid: 56.13
Highest Test: 54.78
Chosen epoch: 2088
Final Train: 99.89
Final Test: 54.43
Pre-training MLP for 10 epochs to generate co-occurrence matrix...
MLP pre-training complete. Penalty matrix frozen.
Epoch: 00, Loss: 2.0758, Train: 36.79%, Valid: 36.78%, Test: 36.80%, Best Valid: 36.78%, Best Test: 36.80%
Epoch: 100, Loss: 1.3077, Train: 50.22%, Valid: 44.19%, Test: 44.41%, Best Valid: 45.83%, Best Test: 45.71%
Epoch: 200, Loss: 0.9106, Train: 73.35%, Valid: 49.47%, Test: 49.01%, Best Valid: 49.47%, Best Test: 49.01%
Epoch: 300, Loss: 0.5602, Train: 90.41%, Valid: 51.82%, Test: 52.41%, Best Valid: 52.11%, Best Test: 52.67%
Epoch: 400, Loss: 0.3477, Train: 95.81%, Valid: 52.82%, Test: 53.05%, Best Valid: 53.19%, Best Test: 53.37%
Epoch: 500, Loss: 0.2516, Train: 98.05%, Valid: 53.65%, Test: 54.11%, Best Valid: 54.03%, Best Test: 53.96%
Epoch: 600, Loss: 0.1858, Train: 99.15%, Valid: 54.04%, Test: 54.66%, Best Valid: 54.78%, Best Test: 55.12%
Epoch: 700, Loss: 0.1289, Train: 99.53%, Valid: 54.83%, Test: 55.05%, Best Valid: 55.09%, Best Test: 55.10%
Epoch: 800, Loss: 0.1091, Train: 99.58%, Valid: 55.28%, Test: 55.05%, Best Valid: 55.28%, Best Test: 55.05%
Epoch: 900, Loss: 0.0881, Train: 99.77%, Valid: 54.81%, Test: 55.58%, Best Valid: 55.28%, Best Test: 55.05%
Epoch: 1000, Loss: 0.0751, Train: 99.79%, Valid: 55.25%, Test: 55.66%, Best Valid: 55.38%, Best Test: 55.77%
Epoch: 1100, Loss: 0.0632, Train: 99.79%, Valid: 54.88%, Test: 55.46%, Best Valid: 55.54%, Best Test: 55.74%
Epoch: 1200, Loss: 0.0639, Train: 99.81%, Valid: 55.05%, Test: 55.54%, Best Valid: 55.69%, Best Test: 55.76%
Epoch: 1300, Loss: 0.0542, Train: 99.83%, Valid: 54.97%, Test: 55.53%, Best Valid: 55.69%, Best Test: 55.76%
Epoch: 1400, Loss: 0.0497, Train: 99.84%, Valid: 55.40%, Test: 55.50%, Best Valid: 55.69%, Best Test: 55.76%
Epoch: 1500, Loss: 0.0439, Train: 99.82%, Valid: 55.22%, Test: 55.54%, Best Valid: 55.69%, Best Test: 55.76%
Epoch: 1600, Loss: 0.0402, Train: 99.86%, Valid: 55.05%, Test: 55.92%, Best Valid: 55.74%, Best Test: 55.72%
Epoch: 1700, Loss: 0.0449, Train: 99.85%, Valid: 54.66%, Test: 55.10%, Best Valid: 55.82%, Best Test: 55.72%
Epoch: 1800, Loss: 0.0329, Train: 99.87%, Valid: 54.60%, Test: 55.59%, Best Valid: 55.82%, Best Test: 55.72%
Epoch: 1900, Loss: 0.0324, Train: 99.86%, Valid: 55.35%, Test: 55.28%, Best Valid: 55.82%, Best Test: 55.72%
Epoch: 2000, Loss: 0.0230, Train: 99.90%, Valid: 55.38%, Test: 55.25%, Best Valid: 55.97%, Best Test: 55.85%
Epoch: 2100, Loss: 0.0276, Train: 99.90%, Valid: 55.56%, Test: 55.69%, Best Valid: 56.00%, Best Test: 55.63%
Epoch: 2200, Loss: 0.0347, Train: 99.90%, Valid: 55.17%, Test: 55.38%, Best Valid: 56.00%, Best Test: 55.63%
Epoch: 2300, Loss: 0.0267, Train: 99.90%, Valid: 55.27%, Test: 55.89%, Best Valid: 56.00%, Best Test: 55.63%
Epoch: 2400, Loss: 0.0233, Train: 99.89%, Valid: 55.43%, Test: 55.79%, Best Valid: 56.00%, Best Test: 55.63%
Run 10:
Highest Train: 99.93
Highest Valid: 56.02
Highest Test: 56.44
Chosen epoch: 2438
Final Train: 99.89
Final Test: 55.43
All runs:
Highest Train: 99.91 ± 0.02
Highest Test: 55.88 ± 0.71
Highest Valid: 55.81 ± 0.48
  Final Train: 99.88 ± 0.03
   Final Test: 55.19 ± 0.71
Saving results to results/placebo/amazon-ratings/MPNN_sage.csv
--- mlp_reg | transform=none | lambda=0.4 | mlp_epochs=10 ---
Namespace(bn=True, cpu=False, data_dir='./data/', dataset='amazon-ratings', device=0, display_step=100, dropout=0.5, epochs=2500, gnn='sage', hidden_channels=512, jk=False, label_num_per_class=20, lambda_val=0.4, ln=False, local_layers=9, lr=0.001, metric='acc', mlp_epochs=10, mlp_reg=True, model='MPNN', model_dir='models', num_heads=1, oracle_reg=False, paired_seeds=True, penalty_transform='none', pre_linear=False, pre_ln=False, rand_split=False, rand_split_class=False, reg_start_epoch=10, reg_update_freq=5, res=True, result_dir='results/placebo', runs=10, save_model=False, seed=42, test_num=1000, train_prop=0.5, use_reg=True, valid_num=500, valid_prop=0.25, weight_decay=0.0)
amazon-ratings
dataset amazon-ratings | num nodes 24492 | num edge 93050 | num node feats 300 | num classes 5
MODEL: MPNNs(
  (h_lins): ModuleList()
  (local_convs): ModuleList(
    (0): SAGEConv(300, 512, aggr=mean)
    (1): SAGEConv(512, 512, aggr=mean)
    (2): SAGEConv(512, 512, aggr=mean)
    (3): SAGEConv(512, 512, aggr=mean)
    (4): SAGEConv(512, 512, aggr=mean)
    (5): SAGEConv(512, 512, aggr=mean)
    (6): SAGEConv(512, 512, aggr=mean)
    (7): SAGEConv(512, 512, aggr=mean)
    (8): SAGEConv(512, 512, aggr=mean)
  )
  (lins): ModuleList(
    (0): Linear(in_features=300, out_features=512, bias=True)
    (1): Linear(in_features=512, out_features=512, bias=True)
    (2): Linear(in_features=512, out_features=512, bias=True)
    (3): Linear(in_features=512, out_features=512, bias=True)
    (4): Linear(in_features=512, out_features=512, bias=True)
    (5): Linear(in_features=512, out_features=512, bias=True)
    (6): Linear(in_features=512, out_features=512, bias=True)
    (7): Linear(in_features=512, out_features=512, bias=True)
    (8): Linear(in_features=512, out_features=512, bias=True)
  )
  (lns): ModuleList(
    (0): LayerNorm((512,), eps=1e-05, elementwise_affine=True)
    (1): LayerNorm((512,), eps=1e-05, elementwise_affine=True)
    (2): LayerNorm((512,), eps=1e-05, elementwise_affine=True)
    (3): LayerNorm((512,), eps=1e-05, elementwise_affine=True)
    (4): LayerNorm((512,), eps=1e-05, elementwise_affine=True)
    (5): LayerNorm((512,), eps=1e-05, elementwise_affine=True)
    (6): LayerNorm((512,), eps=1e-05, elementwise_affine=True)
    (7): LayerNorm((512,), eps=1e-05, elementwise_affine=True)
    (8): LayerNorm((512,), eps=1e-05, elementwise_affine=True)
  )
  (bns): ModuleList(
    (0): BatchNorm1d(512, eps=1e-05, momentum=0.1, affine=True, track_running_stats=True)
    (1): BatchNorm1d(512, eps=1e-05, momentum=0.1, affine=True, track_running_stats=True)
    (2): BatchNorm1d(512, eps=1e-05, momentum=0.1, affine=True, track_running_stats=True)
    (3): BatchNorm1d(512, eps=1e-05, momentum=0.1, affine=True, track_running_stats=True)
    (4): BatchNorm1d(512, eps=1e-05, momentum=0.1, affine=True, track_running_stats=True)
    (5): BatchNorm1d(512, eps=1e-05, momentum=0.1, affine=True, track_running_stats=True)
    (6): BatchNorm1d(512, eps=1e-05, momentum=0.1, affine=True, track_running_stats=True)
    (7): BatchNorm1d(512, eps=1e-05, momentum=0.1, affine=True, track_running_stats=True)
    (8): BatchNorm1d(512, eps=1e-05, momentum=0.1, affine=True, track_running_stats=True)
  )
  (lin_in): Linear(in_features=300, out_features=512, bias=True)
  (pred_local): Linear(in_features=512, out_features=5, bias=True)
)
Pre-training MLP for 10 epochs to generate co-occurrence matrix...
MLP pre-training complete. Penalty matrix frozen.
Epoch: 00, Loss: 2.3722, Train: 34.75%, Valid: 34.71%, Test: 34.69%, Best Valid: 34.71%, Best Test: 34.69%
Epoch: 100, Loss: 1.5254, Train: 52.01%, Valid: 45.48%, Test: 45.42%, Best Valid: 45.48%, Best Test: 45.42%
Epoch: 200, Loss: 1.1102, Train: 70.13%, Valid: 47.85%, Test: 47.98%, Best Valid: 49.16%, Best Test: 48.36%
Epoch: 300, Loss: 0.6722, Train: 89.18%, Valid: 51.22%, Test: 52.16%, Best Valid: 51.74%, Best Test: 51.82%
Epoch: 400, Loss: 0.4192, Train: 95.48%, Valid: 52.44%, Test: 53.50%, Best Valid: 53.01%, Best Test: 53.36%
Epoch: 500, Loss: 0.2835, Train: 97.97%, Valid: 53.65%, Test: 54.56%, Best Valid: 53.90%, Best Test: 54.58%
Epoch: 600, Loss: 0.2069, Train: 99.01%, Valid: 53.70%, Test: 54.70%, Best Valid: 54.34%, Best Test: 55.37%
Epoch: 700, Loss: 0.1545, Train: 99.43%, Valid: 53.81%, Test: 55.09%, Best Valid: 54.56%, Best Test: 55.04%
Epoch: 800, Loss: 0.1172, Train: 99.56%, Valid: 53.62%, Test: 54.99%, Best Valid: 54.66%, Best Test: 54.68%
Epoch: 900, Loss: 0.1065, Train: 99.64%, Valid: 53.99%, Test: 54.94%, Best Valid: 54.92%, Best Test: 55.38%
Epoch: 1000, Loss: 0.0981, Train: 99.71%, Valid: 53.99%, Test: 55.22%, Best Valid: 54.92%, Best Test: 55.38%
Epoch: 1100, Loss: 0.0821, Train: 99.80%, Valid: 54.04%, Test: 55.87%, Best Valid: 54.92%, Best Test: 55.38%
Epoch: 1200, Loss: 0.0660, Train: 99.86%, Valid: 54.14%, Test: 55.41%, Best Valid: 54.92%, Best Test: 55.38%
Epoch: 1300, Loss: 0.0606, Train: 99.85%, Valid: 54.42%, Test: 55.38%, Best Valid: 54.92%, Best Test: 55.38%
Epoch: 1400, Loss: 0.0585, Train: 99.87%, Valid: 54.19%, Test: 55.72%, Best Valid: 54.92%, Best Test: 55.38%
Epoch: 1500, Loss: 0.0558, Train: 99.86%, Valid: 54.30%, Test: 55.28%, Best Valid: 54.92%, Best Test: 55.38%
Epoch: 1600, Loss: 0.0430, Train: 99.86%, Valid: 54.25%, Test: 55.64%, Best Valid: 54.97%, Best Test: 55.38%
Epoch: 1700, Loss: 0.0434, Train: 99.87%, Valid: 54.19%, Test: 55.35%, Best Valid: 54.97%, Best Test: 55.38%
Epoch: 1800, Loss: 0.0463, Train: 99.88%, Valid: 54.60%, Test: 55.84%, Best Valid: 55.12%, Best Test: 55.19%
Epoch: 1900, Loss: 0.0423, Train: 99.88%, Valid: 54.17%, Test: 55.48%, Best Valid: 55.12%, Best Test: 55.19%
Epoch: 2000, Loss: 0.0372, Train: 99.87%, Valid: 54.71%, Test: 55.17%, Best Valid: 55.12%, Best Test: 55.19%
Epoch: 2100, Loss: 0.0386, Train: 99.89%, Valid: 54.32%, Test: 55.54%, Best Valid: 55.12%, Best Test: 55.19%
Epoch: 2200, Loss: 0.0329, Train: 99.87%, Valid: 54.76%, Test: 55.61%, Best Valid: 55.12%, Best Test: 55.19%
Epoch: 2300, Loss: 0.0376, Train: 99.88%, Valid: 54.60%, Test: 55.69%, Best Valid: 55.12%, Best Test: 55.19%
Epoch: 2400, Loss: 0.0335, Train: 99.88%, Valid: 54.17%, Test: 55.69%, Best Valid: 55.12%, Best Test: 55.19%
Run 01:
Highest Train: 99.89
Highest Valid: 55.12
Highest Test: 56.34
Chosen epoch: 1773
Final Train: 99.86
Final Test: 55.19
Pre-training MLP for 10 epochs to generate co-occurrence matrix...
MLP pre-training complete. Penalty matrix frozen.
Epoch: 00, Loss: 2.4112, Train: 36.79%, Valid: 36.78%, Test: 36.80%, Best Valid: 36.78%, Best Test: 36.80%
Epoch: 100, Loss: 1.5281, Train: 50.96%, Valid: 43.87%, Test: 44.16%, Best Valid: 45.45%, Best Test: 46.38%
Epoch: 200, Loss: 1.1113, Train: 72.60%, Valid: 49.49%, Test: 50.11%, Best Valid: 49.49%, Best Test: 50.11%
Epoch: 300, Loss: 0.6548, Train: 90.84%, Valid: 52.85%, Test: 52.52%, Best Valid: 52.85%, Best Test: 52.52%
Epoch: 400, Loss: 0.4054, Train: 96.34%, Valid: 54.09%, Test: 53.94%, Best Valid: 54.76%, Best Test: 54.83%
Epoch: 500, Loss: 0.2767, Train: 98.80%, Valid: 54.99%, Test: 55.15%, Best Valid: 55.12%, Best Test: 54.50%
Epoch: 600, Loss: 0.1976, Train: 99.46%, Valid: 54.74%, Test: 55.38%, Best Valid: 55.32%, Best Test: 55.07%
Epoch: 700, Loss: 0.1550, Train: 99.68%, Valid: 55.09%, Test: 55.05%, Best Valid: 55.79%, Best Test: 55.59%
Epoch: 800, Loss: 0.1183, Train: 99.76%, Valid: 54.88%, Test: 54.79%, Best Valid: 55.79%, Best Test: 55.59%
Epoch: 900, Loss: 0.0995, Train: 99.84%, Valid: 54.89%, Test: 54.79%, Best Valid: 55.87%, Best Test: 55.61%
Epoch: 1000, Loss: 0.0878, Train: 99.84%, Valid: 54.74%, Test: 55.69%, Best Valid: 55.87%, Best Test: 55.61%
Epoch: 1100, Loss: 0.0669, Train: 99.87%, Valid: 54.89%, Test: 55.64%, Best Valid: 55.87%, Best Test: 55.61%
Epoch: 1200, Loss: 0.0771, Train: 99.86%, Valid: 55.09%, Test: 55.05%, Best Valid: 55.87%, Best Test: 55.61%
Epoch: 1300, Loss: 0.0589, Train: 99.85%, Valid: 55.27%, Test: 55.50%, Best Valid: 55.87%, Best Test: 55.61%
Epoch: 1400, Loss: 0.0581, Train: 99.87%, Valid: 54.88%, Test: 55.66%, Best Valid: 55.92%, Best Test: 55.66%
Epoch: 1500, Loss: 0.0491, Train: 99.88%, Valid: 55.17%, Test: 55.35%, Best Valid: 55.92%, Best Test: 55.66%
Epoch: 1600, Loss: 0.0485, Train: 99.88%, Valid: 54.97%, Test: 55.71%, Best Valid: 55.92%, Best Test: 55.66%
Epoch: 1700, Loss: 0.0407, Train: 99.88%, Valid: 55.59%, Test: 55.32%, Best Valid: 55.99%, Best Test: 55.15%
Epoch: 1800, Loss: 0.0487, Train: 99.89%, Valid: 55.05%, Test: 55.28%, Best Valid: 55.99%, Best Test: 55.15%
Epoch: 1900, Loss: 0.0426, Train: 99.91%, Valid: 55.66%, Test: 55.63%, Best Valid: 55.99%, Best Test: 55.15%
Epoch: 2000, Loss: 0.0402, Train: 99.90%, Valid: 55.22%, Test: 55.07%, Best Valid: 55.99%, Best Test: 55.15%
Epoch: 2100, Loss: 0.0380, Train: 99.90%, Valid: 55.38%, Test: 55.97%, Best Valid: 55.99%, Best Test: 55.15%
Epoch: 2200, Loss: 0.0345, Train: 99.92%, Valid: 55.50%, Test: 55.82%, Best Valid: 55.99%, Best Test: 55.15%
Epoch: 2300, Loss: 0.0325, Train: 99.93%, Valid: 55.33%, Test: 55.37%, Best Valid: 55.99%, Best Test: 55.15%
Epoch: 2400, Loss: 0.0316, Train: 99.92%, Valid: 55.23%, Test: 55.46%, Best Valid: 55.99%, Best Test: 55.15%
Run 02:
Highest Train: 99.93
Highest Valid: 56.05
Highest Test: 56.39
Chosen epoch: 2431
Final Train: 99.91
Final Test: 55.77
Pre-training MLP for 10 epochs to generate co-occurrence matrix...
MLP pre-training complete. Penalty matrix frozen.
Epoch: 00, Loss: 2.4134, Train: 36.79%, Valid: 36.78%, Test: 36.80%, Best Valid: 36.78%, Best Test: 36.80%
Epoch: 100, Loss: 1.5071, Train: 44.68%, Valid: 39.93%, Test: 39.82%, Best Valid: 42.41%, Best Test: 41.71%
Epoch: 200, Loss: 1.0623, Train: 70.28%, Valid: 48.91%, Test: 48.64%, Best Valid: 48.91%, Best Test: 48.64%
Epoch: 300, Loss: 0.6574, Train: 86.83%, Valid: 50.91%, Test: 50.71%, Best Valid: 52.67%, Best Test: 52.20%
Epoch: 400, Loss: 0.4042, Train: 96.49%, Valid: 53.60%, Test: 53.31%, Best Valid: 54.30%, Best Test: 54.06%
Epoch: 500, Loss: 0.2939, Train: 98.13%, Valid: 53.85%, Test: 53.18%, Best Valid: 55.25%, Best Test: 54.84%
Epoch: 600, Loss: 0.2017, Train: 99.09%, Valid: 54.79%, Test: 53.86%, Best Valid: 55.56%, Best Test: 54.50%
Epoch: 700, Loss: 0.1537, Train: 99.49%, Valid: 55.51%, Test: 54.52%, Best Valid: 55.56%, Best Test: 54.50%
Epoch: 800, Loss: 0.1159, Train: 99.67%, Valid: 55.58%, Test: 54.48%, Best Valid: 55.81%, Best Test: 54.74%
Epoch: 900, Loss: 0.0968, Train: 99.75%, Valid: 54.84%, Test: 54.53%, Best Valid: 55.95%, Best Test: 54.86%
Epoch: 1000, Loss: 0.0889, Train: 99.78%, Valid: 55.79%, Test: 54.42%, Best Valid: 55.95%, Best Test: 54.86%
Epoch: 1100, Loss: 0.0797, Train: 99.82%, Valid: 55.84%, Test: 54.94%, Best Valid: 55.95%, Best Test: 54.86%
Epoch: 1200, Loss: 0.0748, Train: 99.83%, Valid: 55.48%, Test: 54.25%, Best Valid: 55.95%, Best Test: 54.86%
Epoch: 1300, Loss: 0.0643, Train: 99.86%, Valid: 55.35%, Test: 53.90%, Best Valid: 56.08%, Best Test: 54.60%
Epoch: 1400, Loss: 0.0633, Train: 99.87%, Valid: 55.61%, Test: 54.29%, Best Valid: 56.08%, Best Test: 54.60%
Epoch: 1500, Loss: 0.0540, Train: 99.87%, Valid: 55.51%, Test: 54.61%, Best Valid: 56.08%, Best Test: 54.60%
Epoch: 1600, Loss: 0.0494, Train: 99.88%, Valid: 55.32%, Test: 54.56%, Best Valid: 56.08%, Best Test: 54.60%
Epoch: 1700, Loss: 0.0445, Train: 99.88%, Valid: 55.54%, Test: 55.05%, Best Valid: 56.08%, Best Test: 54.60%
Epoch: 1800, Loss: 0.0421, Train: 99.87%, Valid: 55.61%, Test: 54.70%, Best Valid: 56.12%, Best Test: 55.37%
Epoch: 1900, Loss: 0.0403, Train: 99.88%, Valid: 55.71%, Test: 54.78%, Best Valid: 56.17%, Best Test: 54.79%
Epoch: 2000, Loss: 0.0377, Train: 99.87%, Valid: 55.23%, Test: 54.50%, Best Valid: 56.17%, Best Test: 54.79%
Epoch: 2100, Loss: 0.0359, Train: 99.88%, Valid: 55.19%, Test: 54.63%, Best Valid: 56.17%, Best Test: 54.79%
Epoch: 2200, Loss: 0.0290, Train: 99.89%, Valid: 55.50%, Test: 54.78%, Best Valid: 56.17%, Best Test: 54.79%
Epoch: 2300, Loss: 0.0360, Train: 99.90%, Valid: 55.79%, Test: 54.74%, Best Valid: 56.17%, Best Test: 54.79%
Epoch: 2400, Loss: 0.0306, Train: 99.89%, Valid: 55.72%, Test: 55.28%, Best Valid: 56.31%, Best Test: 54.96%
Run 03:
Highest Train: 99.92
Highest Valid: 56.31
Highest Test: 55.76
Chosen epoch: 2330
Final Train: 99.89
Final Test: 54.96
Pre-training MLP for 10 epochs to generate co-occurrence matrix...
MLP pre-training complete. Penalty matrix frozen.
Epoch: 00, Loss: 2.6241, Train: 26.78%, Valid: 26.78%, Test: 26.78%, Best Valid: 26.78%, Best Test: 26.78%
Epoch: 100, Loss: 1.5090, Train: 48.69%, Valid: 41.61%, Test: 41.97%, Best Valid: 44.19%, Best Test: 43.23%
Epoch: 200, Loss: 1.0723, Train: 68.97%, Valid: 46.89%, Test: 45.91%, Best Valid: 48.42%, Best Test: 47.57%
Epoch: 300, Loss: 0.6504, Train: 91.13%, Valid: 51.27%, Test: 50.42%, Best Valid: 52.11%, Best Test: 50.81%
Epoch: 400, Loss: 0.3939, Train: 97.73%, Valid: 53.29%, Test: 53.31%, Best Valid: 53.62%, Best Test: 53.57%
Epoch: 500, Loss: 0.2754, Train: 98.93%, Valid: 53.86%, Test: 53.47%, Best Valid: 54.25%, Best Test: 53.21%
Epoch: 600, Loss: 0.1809, Train: 99.28%, Valid: 53.81%, Test: 53.34%, Best Valid: 54.74%, Best Test: 54.48%
Epoch: 700, Loss: 0.1454, Train: 99.61%, Valid: 54.27%, Test: 53.76%, Best Valid: 54.84%, Best Test: 54.35%
Epoch: 800, Loss: 0.1198, Train: 99.76%, Valid: 54.42%, Test: 53.88%, Best Valid: 55.09%, Best Test: 54.22%
Epoch: 900, Loss: 0.1013, Train: 99.80%, Valid: 53.99%, Test: 53.67%, Best Valid: 55.14%, Best Test: 54.29%
Epoch: 1000, Loss: 0.0846, Train: 99.81%, Valid: 54.52%, Test: 54.53%, Best Valid: 55.32%, Best Test: 54.42%
Epoch: 1100, Loss: 0.0694, Train: 99.82%, Valid: 54.58%, Test: 53.90%, Best Valid: 55.32%, Best Test: 54.42%
Epoch: 1200, Loss: 0.0690, Train: 99.84%, Valid: 54.61%, Test: 53.94%, Best Valid: 55.63%, Best Test: 54.83%
Epoch: 1300, Loss: 0.0687, Train: 99.81%, Valid: 54.66%, Test: 54.11%, Best Valid: 55.63%, Best Test: 54.83%
Epoch: 1400, Loss: 0.0516, Train: 99.84%, Valid: 54.96%, Test: 54.92%, Best Valid: 55.63%, Best Test: 54.83%
Epoch: 1500, Loss: 0.0562, Train: 99.88%, Valid: 54.53%, Test: 54.52%, Best Valid: 55.63%, Best Test: 54.83%
Epoch: 1600, Loss: 0.0505, Train: 99.88%, Valid: 54.27%, Test: 54.19%, Best Valid: 55.63%, Best Test: 54.83%
Epoch: 1700, Loss: 0.0453, Train: 99.87%, Valid: 55.28%, Test: 54.65%, Best Valid: 55.63%, Best Test: 54.83%
Epoch: 1800, Loss: 0.0411, Train: 99.87%, Valid: 54.22%, Test: 54.27%, Best Valid: 55.82%, Best Test: 54.56%
Epoch: 1900, Loss: 0.0404, Train: 99.87%, Valid: 54.58%, Test: 54.32%, Best Valid: 55.82%, Best Test: 54.56%
Epoch: 2000, Loss: 0.0400, Train: 99.88%, Valid: 54.92%, Test: 54.37%, Best Valid: 55.82%, Best Test: 54.56%
Epoch: 2100, Loss: 0.0400, Train: 99.88%, Valid: 54.50%, Test: 54.61%, Best Valid: 55.82%, Best Test: 54.56%
Epoch: 2200, Loss: 0.0366, Train: 99.88%, Valid: 55.30%, Test: 54.30%, Best Valid: 55.82%, Best Test: 54.56%
Epoch: 2300, Loss: 0.0341, Train: 99.87%, Valid: 55.32%, Test: 55.01%, Best Valid: 55.82%, Best Test: 54.56%
Epoch: 2400, Loss: 0.0309, Train: 99.88%, Valid: 55.19%, Test: 54.76%, Best Valid: 55.82%, Best Test: 54.56%
Run 04:
Highest Train: 99.89
Highest Valid: 55.82
Highest Test: 55.20
Chosen epoch: 1728
Final Train: 99.87
Final Test: 54.56
Pre-training MLP for 10 epochs to generate co-occurrence matrix...
MLP pre-training complete. Penalty matrix frozen.
Epoch: 00, Loss: 2.4572, Train: 23.18%, Valid: 23.19%, Test: 23.17%, Best Valid: 23.19%, Best Test: 23.17%
Epoch: 100, Loss: 1.5272, Train: 47.74%, Valid: 41.81%, Test: 40.19%, Best Valid: 44.46%, Best Test: 43.07%
Epoch: 200, Loss: 1.0900, Train: 69.86%, Valid: 49.42%, Test: 48.82%, Best Valid: 49.42%, Best Test: 48.82%
Epoch: 300, Loss: 0.6531, Train: 92.79%, Valid: 53.32%, Test: 51.92%, Best Valid: 53.32%, Best Test: 51.92%
Epoch: 400, Loss: 0.4015, Train: 96.86%, Valid: 53.00%, Test: 52.98%, Best Valid: 54.29%, Best Test: 53.88%
Epoch: 500, Loss: 0.2819, Train: 98.16%, Valid: 53.80%, Test: 53.09%, Best Valid: 55.30%, Best Test: 54.06%
Epoch: 600, Loss: 0.2157, Train: 99.37%, Valid: 54.71%, Test: 54.48%, Best Valid: 55.30%, Best Test: 54.06%
Epoch: 700, Loss: 0.1682, Train: 99.52%, Valid: 55.28%, Test: 54.65%, Best Valid: 55.43%, Best Test: 54.19%
Epoch: 800, Loss: 0.1251, Train: 99.67%, Valid: 54.99%, Test: 54.76%, Best Valid: 55.56%, Best Test: 54.91%
Epoch: 900, Loss: 0.1179, Train: 99.75%, Valid: 55.23%, Test: 54.40%, Best Valid: 55.56%, Best Test: 54.91%
Epoch: 1000, Loss: 0.0932, Train: 99.77%, Valid: 54.84%, Test: 54.37%, Best Valid: 55.66%, Best Test: 54.60%
Epoch: 1100, Loss: 0.0855, Train: 99.84%, Valid: 54.83%, Test: 54.42%, Best Valid: 55.69%, Best Test: 55.45%
Epoch: 1200, Loss: 0.0722, Train: 99.85%, Valid: 55.22%, Test: 54.55%, Best Valid: 55.94%, Best Test: 54.53%
Epoch: 1300, Loss: 0.0660, Train: 99.86%, Valid: 55.50%, Test: 54.63%, Best Valid: 56.00%, Best Test: 54.55%
Epoch: 1400, Loss: 0.0619, Train: 99.86%, Valid: 55.77%, Test: 54.70%, Best Valid: 56.00%, Best Test: 54.55%
Epoch: 1500, Loss: 0.0548, Train: 99.88%, Valid: 55.50%, Test: 55.41%, Best Valid: 56.10%, Best Test: 55.10%
Epoch: 1600, Loss: 0.0444, Train: 99.89%, Valid: 55.33%, Test: 54.52%, Best Valid: 56.10%, Best Test: 55.10%
Epoch: 1700, Loss: 0.0422, Train: 99.90%, Valid: 55.68%, Test: 54.94%, Best Valid: 56.10%, Best Test: 55.10%
Epoch: 1800, Loss: 0.0457, Train: 99.90%, Valid: 55.76%, Test: 55.20%, Best Valid: 56.10%, Best Test: 55.10%
Epoch: 1900, Loss: 0.0403, Train: 99.91%, Valid: 55.58%, Test: 54.45%, Best Valid: 56.10%, Best Test: 55.10%
Epoch: 2000, Loss: 0.0387, Train: 99.90%, Valid: 55.41%, Test: 55.15%, Best Valid: 56.10%, Best Test: 55.10%
Epoch: 2100, Loss: 0.0345, Train: 99.91%, Valid: 55.71%, Test: 54.97%, Best Valid: 56.10%, Best Test: 55.10%
Epoch: 2200, Loss: 0.0353, Train: 99.91%, Valid: 55.40%, Test: 54.66%, Best Valid: 56.10%, Best Test: 55.10%
Epoch: 2300, Loss: 0.0307, Train: 99.92%, Valid: 55.28%, Test: 55.17%, Best Valid: 56.10%, Best Test: 55.10%
Epoch: 2400, Loss: 0.0299, Train: 99.92%, Valid: 55.82%, Test: 54.65%, Best Valid: 56.10%, Best Test: 55.10%
Run 05:
Highest Train: 99.93
Highest Valid: 56.31
Highest Test: 55.82
Chosen epoch: 2497
Final Train: 99.92
Final Test: 55.02
Pre-training MLP for 10 epochs to generate co-occurrence matrix...
MLP pre-training complete. Penalty matrix frozen.
Epoch: 00, Loss: 2.3554, Train: 4.33%, Valid: 4.33%, Test: 4.34%, Best Valid: 4.33%, Best Test: 4.34%
Epoch: 100, Loss: 1.5309, Train: 54.04%, Valid: 46.42%, Test: 46.30%, Best Valid: 46.42%, Best Test: 46.30%
Epoch: 200, Loss: 1.1194, Train: 71.07%, Valid: 49.06%, Test: 48.95%, Best Valid: 49.06%, Best Test: 48.95%
Epoch: 300, Loss: 0.6520, Train: 90.94%, Valid: 52.39%, Test: 52.41%, Best Valid: 52.95%, Best Test: 52.65%
Epoch: 400, Loss: 0.4077, Train: 96.63%, Valid: 53.78%, Test: 53.85%, Best Valid: 53.85%, Best Test: 53.60%
Epoch: 500, Loss: 0.2778, Train: 98.13%, Valid: 53.91%, Test: 54.09%, Best Valid: 54.76%, Best Test: 54.66%
Epoch: 600, Loss: 0.1943, Train: 99.25%, Valid: 54.24%, Test: 54.52%, Best Valid: 54.94%, Best Test: 54.86%
Epoch: 700, Loss: 0.1753, Train: 99.50%, Valid: 54.97%, Test: 54.58%, Best Valid: 55.14%, Best Test: 55.10%
Epoch: 800, Loss: 0.1278, Train: 99.60%, Valid: 54.81%, Test: 54.99%, Best Valid: 55.14%, Best Test: 55.10%
Epoch: 900, Loss: 0.1070, Train: 99.71%, Valid: 54.81%, Test: 54.74%, Best Valid: 55.23%, Best Test: 54.66%
Epoch: 1000, Loss: 0.0886, Train: 99.74%, Valid: 55.01%, Test: 55.17%, Best Valid: 55.23%, Best Test: 54.66%
Epoch: 1100, Loss: 0.0755, Train: 99.75%, Valid: 54.50%, Test: 54.65%, Best Valid: 55.23%, Best Test: 54.66%
Epoch: 1200, Loss: 0.0725, Train: 99.79%, Valid: 55.17%, Test: 54.91%, Best Valid: 55.32%, Best Test: 54.88%
Epoch: 1300, Loss: 0.0621, Train: 99.78%, Valid: 54.70%, Test: 55.19%, Best Valid: 55.50%, Best Test: 54.94%
Epoch: 1400, Loss: 0.0554, Train: 99.82%, Valid: 54.66%, Test: 54.92%, Best Valid: 55.50%, Best Test: 54.94%
Epoch: 1500, Loss: 0.0543, Train: 99.81%, Valid: 55.02%, Test: 54.97%, Best Valid: 55.50%, Best Test: 54.94%
Epoch: 1600, Loss: 0.0479, Train: 99.83%, Valid: 55.07%, Test: 55.46%, Best Valid: 55.50%, Best Test: 54.94%
Epoch: 1700, Loss: 0.0485, Train: 99.82%, Valid: 55.04%, Test: 54.92%, Best Valid: 55.53%, Best Test: 54.48%
Epoch: 1800, Loss: 0.0443, Train: 99.82%, Valid: 54.88%, Test: 55.05%, Best Valid: 55.53%, Best Test: 54.48%
Epoch: 1900, Loss: 0.0509, Train: 99.84%, Valid: 55.04%, Test: 55.12%, Best Valid: 55.53%, Best Test: 54.48%
Epoch: 2000, Loss: 0.0379, Train: 99.84%, Valid: 54.55%, Test: 54.97%, Best Valid: 55.53%, Best Test: 54.48%
Epoch: 2100, Loss: 0.0380, Train: 99.82%, Valid: 55.19%, Test: 54.71%, Best Valid: 55.77%, Best Test: 55.01%
Epoch: 2200, Loss: 0.0404, Train: 99.84%, Valid: 54.99%, Test: 54.78%, Best Valid: 55.77%, Best Test: 55.01%
Epoch: 2300, Loss: 0.0349, Train: 99.84%, Valid: 54.27%, Test: 54.97%, Best Valid: 55.77%, Best Test: 55.01%
Epoch: 2400, Loss: 0.0334, Train: 99.84%, Valid: 55.25%, Test: 54.84%, Best Valid: 55.77%, Best Test: 55.01%
Run 06:
Highest Train: 99.86
Highest Valid: 55.77
Highest Test: 55.71
Chosen epoch: 2030
Final Train: 99.82
Final Test: 55.01
Pre-training MLP for 10 epochs to generate co-occurrence matrix...
MLP pre-training complete. Penalty matrix frozen.
Epoch: 00, Loss: 2.5475, Train: 36.79%, Valid: 36.78%, Test: 36.80%, Best Valid: 36.78%, Best Test: 36.80%
Epoch: 100, Loss: 1.5256, Train: 45.83%, Valid: 41.21%, Test: 41.74%, Best Valid: 44.11%, Best Test: 45.21%
Epoch: 200, Loss: 1.0917, Train: 73.06%, Valid: 48.44%, Test: 48.52%, Best Valid: 49.31%, Best Test: 49.31%
Epoch: 300, Loss: 0.6760, Train: 89.06%, Valid: 52.07%, Test: 51.71%, Best Valid: 52.07%, Best Test: 51.71%
Epoch: 400, Loss: 0.4249, Train: 95.31%, Valid: 52.88%, Test: 52.36%, Best Valid: 53.76%, Best Test: 53.24%
Epoch: 500, Loss: 0.2884, Train: 98.45%, Valid: 54.11%, Test: 53.57%, Best Valid: 54.94%, Best Test: 54.04%
Epoch: 600, Loss: 0.2007, Train: 99.31%, Valid: 54.50%, Test: 54.45%, Best Valid: 55.09%, Best Test: 54.58%
Epoch: 700, Loss: 0.1645, Train: 99.40%, Valid: 54.14%, Test: 54.35%, Best Valid: 55.14%, Best Test: 55.12%
Epoch: 800, Loss: 0.1165, Train: 99.67%, Valid: 54.97%, Test: 54.83%, Best Valid: 55.20%, Best Test: 55.38%
Epoch: 900, Loss: 0.0984, Train: 99.72%, Valid: 54.91%, Test: 55.32%, Best Valid: 55.68%, Best Test: 55.05%
Epoch: 1000, Loss: 0.0873, Train: 99.79%, Valid: 54.48%, Test: 54.56%, Best Valid: 55.68%, Best Test: 55.05%
Epoch: 1100, Loss: 0.0777, Train: 99.80%, Valid: 54.81%, Test: 55.04%, Best Valid: 55.68%, Best Test: 55.05%
Epoch: 1200, Loss: 0.0696, Train: 99.84%, Valid: 54.35%, Test: 54.06%, Best Valid: 55.68%, Best Test: 55.05%
Epoch: 1300, Loss: 0.0644, Train: 99.84%, Valid: 55.01%, Test: 54.94%, Best Valid: 55.68%, Best Test: 55.05%
Epoch: 1400, Loss: 0.0578, Train: 99.86%, Valid: 55.17%, Test: 55.15%, Best Valid: 55.68%, Best Test: 55.05%
Epoch: 1500, Loss: 0.0536, Train: 99.88%, Valid: 55.07%, Test: 54.97%, Best Valid: 56.23%, Best Test: 55.53%
Epoch: 1600, Loss: 0.0489, Train: 99.84%, Valid: 54.81%, Test: 54.94%, Best Valid: 56.23%, Best Test: 55.53%
Epoch: 1700, Loss: 0.0470, Train: 99.86%, Valid: 55.68%, Test: 55.54%, Best Valid: 56.23%, Best Test: 55.53%
Epoch: 1800, Loss: 0.0443, Train: 99.86%, Valid: 55.25%, Test: 55.05%, Best Valid: 56.23%, Best Test: 55.53%
Epoch: 1900, Loss: 0.0436, Train: 99.87%, Valid: 55.51%, Test: 55.76%, Best Valid: 56.23%, Best Test: 55.53%
Epoch: 2000, Loss: 0.0406, Train: 99.85%, Valid: 54.94%, Test: 55.14%, Best Valid: 56.23%, Best Test: 55.53%
Epoch: 2100, Loss: 0.0413, Train: 99.87%, Valid: 55.33%, Test: 55.22%, Best Valid: 56.23%, Best Test: 55.53%
Epoch: 2200, Loss: 0.0361, Train: 99.89%, Valid: 55.05%, Test: 55.12%, Best Valid: 56.23%, Best Test: 55.53%
Epoch: 2300, Loss: 0.0292, Train: 99.89%, Valid: 55.53%, Test: 55.30%, Best Valid: 56.23%, Best Test: 55.53%
Epoch: 2400, Loss: 0.0300, Train: 99.89%, Valid: 55.30%, Test: 54.86%, Best Valid: 56.23%, Best Test: 55.53%
Run 07:
Highest Train: 99.91
Highest Valid: 56.23
Highest Test: 56.08
Chosen epoch: 1476
Final Train: 99.85
Final Test: 55.53
Pre-training MLP for 10 epochs to generate co-occurrence matrix...
MLP pre-training complete. Penalty matrix frozen.
Epoch: 00, Loss: 2.4623, Train: 23.18%, Valid: 23.19%, Test: 23.17%, Best Valid: 23.19%, Best Test: 23.17%
Epoch: 100, Loss: 1.5380, Train: 48.69%, Valid: 42.89%, Test: 43.43%, Best Valid: 44.60%, Best Test: 44.62%
Epoch: 200, Loss: 1.1083, Train: 68.57%, Valid: 48.26%, Test: 48.60%, Best Valid: 48.83%, Best Test: 48.88%
Epoch: 300, Loss: 0.6708, Train: 89.82%, Valid: 51.17%, Test: 50.92%, Best Valid: 51.72%, Best Test: 50.86%
Epoch: 400, Loss: 0.4063, Train: 97.13%, Valid: 53.16%, Test: 52.88%, Best Valid: 53.31%, Best Test: 52.88%
Epoch: 500, Loss: 0.2617, Train: 98.78%, Valid: 53.41%, Test: 53.86%, Best Valid: 53.88%, Best Test: 54.24%
Epoch: 600, Loss: 0.2041, Train: 99.37%, Valid: 53.34%, Test: 53.75%, Best Valid: 54.30%, Best Test: 54.04%
Epoch: 700, Loss: 0.1533, Train: 99.53%, Valid: 53.88%, Test: 53.55%, Best Valid: 54.37%, Best Test: 54.45%
Epoch: 800, Loss: 0.1251, Train: 99.66%, Valid: 54.22%, Test: 54.01%, Best Valid: 54.55%, Best Test: 54.21%
Epoch: 900, Loss: 0.1031, Train: 99.69%, Valid: 54.04%, Test: 54.58%, Best Valid: 54.55%, Best Test: 54.21%
Epoch: 1000, Loss: 0.0855, Train: 99.76%, Valid: 53.08%, Test: 54.06%, Best Valid: 54.55%, Best Test: 54.21%
Epoch: 1100, Loss: 0.0761, Train: 99.76%, Valid: 54.27%, Test: 54.34%, Best Valid: 54.58%, Best Test: 54.30%
Epoch: 1200, Loss: 0.0698, Train: 99.80%, Valid: 53.99%, Test: 54.17%, Best Valid: 54.58%, Best Test: 54.30%
Epoch: 1300, Loss: 0.0631, Train: 99.82%, Valid: 53.52%, Test: 54.42%, Best Valid: 54.86%, Best Test: 54.61%
Epoch: 1400, Loss: 0.0576, Train: 99.84%, Valid: 53.78%, Test: 54.12%, Best Valid: 54.86%, Best Test: 54.61%
Epoch: 1500, Loss: 0.0568, Train: 99.84%, Valid: 54.21%, Test: 54.21%, Best Valid: 54.86%, Best Test: 54.61%
Epoch: 1600, Loss: 0.0473, Train: 99.84%, Valid: 54.03%, Test: 54.52%, Best Valid: 54.86%, Best Test: 54.61%
Epoch: 1700, Loss: 0.0416, Train: 99.85%, Valid: 54.21%, Test: 54.73%, Best Valid: 54.86%, Best Test: 54.61%
Epoch: 1800, Loss: 0.0444, Train: 99.84%, Valid: 53.60%, Test: 54.52%, Best Valid: 54.86%, Best Test: 54.61%
Epoch: 1900, Loss: 0.0371, Train: 99.85%, Valid: 53.78%, Test: 54.11%, Best Valid: 54.86%, Best Test: 54.61%
Epoch: 2000, Loss: 0.0421, Train: 99.85%, Valid: 54.48%, Test: 54.70%, Best Valid: 54.86%, Best Test: 54.61%
Epoch: 2100, Loss: 0.0359, Train: 99.85%, Valid: 54.42%, Test: 54.71%, Best Valid: 54.86%, Best Test: 54.61%
Epoch: 2200, Loss: 0.0330, Train: 99.85%, Valid: 54.32%, Test: 54.37%, Best Valid: 54.86%, Best Test: 54.61%
Epoch: 2300, Loss: 0.0453, Train: 99.85%, Valid: 54.29%, Test: 55.20%, Best Valid: 54.86%, Best Test: 54.61%
Epoch: 2400, Loss: 0.0316, Train: 99.85%, Valid: 54.27%, Test: 55.28%, Best Valid: 54.91%, Best Test: 55.38%
Run 08:
Highest Train: 99.86
Highest Valid: 54.91
Highest Test: 55.48
Chosen epoch: 2395
Final Train: 99.85
Final Test: 55.38
Pre-training MLP for 10 epochs to generate co-occurrence matrix...
MLP pre-training complete. Penalty matrix frozen.
Epoch: 00, Loss: 2.4280, Train: 25.01%, Valid: 24.33%, Test: 24.82%, Best Valid: 24.33%, Best Test: 24.82%
Epoch: 100, Loss: 1.5235, Train: 47.21%, Valid: 42.51%, Test: 41.83%, Best Valid: 45.57%, Best Test: 45.79%
Epoch: 200, Loss: 1.0832, Train: 69.85%, Valid: 48.16%, Test: 47.69%, Best Valid: 49.94%, Best Test: 48.52%
Epoch: 300, Loss: 0.6696, Train: 88.45%, Valid: 51.72%, Test: 50.07%, Best Valid: 52.87%, Best Test: 51.12%
Epoch: 400, Loss: 0.3982, Train: 96.32%, Valid: 53.18%, Test: 53.13%, Best Valid: 53.75%, Best Test: 53.41%
Epoch: 500, Loss: 0.2844, Train: 98.24%, Valid: 54.07%, Test: 52.62%, Best Valid: 54.50%, Best Test: 53.00%
Epoch: 600, Loss: 0.1964, Train: 99.15%, Valid: 54.42%, Test: 53.58%, Best Valid: 54.92%, Best Test: 53.78%
Epoch: 700, Loss: 0.1668, Train: 99.52%, Valid: 54.09%, Test: 53.60%, Best Valid: 55.02%, Best Test: 54.30%
Epoch: 800, Loss: 0.1327, Train: 99.67%, Valid: 54.43%, Test: 54.29%, Best Valid: 55.02%, Best Test: 54.30%
Epoch: 900, Loss: 0.1137, Train: 99.71%, Valid: 54.19%, Test: 54.27%, Best Valid: 55.32%, Best Test: 54.30%
Epoch: 1000, Loss: 0.0890, Train: 99.78%, Valid: 54.84%, Test: 53.68%, Best Valid: 55.32%, Best Test: 54.30%
Epoch: 1100, Loss: 0.0758, Train: 99.84%, Valid: 54.89%, Test: 54.04%, Best Valid: 55.74%, Best Test: 54.55%
Epoch: 1200, Loss: 0.0713, Train: 99.83%, Valid: 54.97%, Test: 54.14%, Best Valid: 55.74%, Best Test: 54.55%
Epoch: 1300, Loss: 0.0707, Train: 99.81%, Valid: 54.81%, Test: 54.76%, Best Valid: 55.74%, Best Test: 54.55%
Epoch: 1400, Loss: 0.0671, Train: 99.84%, Valid: 55.19%, Test: 54.71%, Best Valid: 55.74%, Best Test: 54.55%
Epoch: 1500, Loss: 0.0555, Train: 99.84%, Valid: 54.22%, Test: 54.17%, Best Valid: 55.74%, Best Test: 54.55%
Epoch: 1600, Loss: 0.0493, Train: 99.85%, Valid: 55.17%, Test: 54.39%, Best Valid: 55.74%, Best Test: 54.55%
Epoch: 1700, Loss: 0.0431, Train: 99.87%, Valid: 54.52%, Test: 54.07%, Best Valid: 55.74%, Best Test: 54.55%
Epoch: 1800, Loss: 0.0497, Train: 99.88%, Valid: 55.19%, Test: 54.42%, Best Valid: 55.74%, Best Test: 54.55%
Epoch: 1900, Loss: 0.0420, Train: 99.88%, Valid: 54.84%, Test: 54.30%, Best Valid: 55.74%, Best Test: 54.55%
Epoch: 2000, Loss: 0.0369, Train: 99.89%, Valid: 54.61%, Test: 54.14%, Best Valid: 55.74%, Best Test: 54.55%
Epoch: 2100, Loss: 0.0400, Train: 99.90%, Valid: 54.25%, Test: 53.98%, Best Valid: 55.74%, Best Test: 54.55%
Epoch: 2200, Loss: 0.0341, Train: 99.90%, Valid: 55.07%, Test: 54.11%, Best Valid: 55.74%, Best Test: 54.55%
Epoch: 2300, Loss: 0.0398, Train: 99.91%, Valid: 54.66%, Test: 54.12%, Best Valid: 55.74%, Best Test: 54.55%
Epoch: 2400, Loss: 0.0369, Train: 99.91%, Valid: 54.68%, Test: 54.61%, Best Valid: 55.74%, Best Test: 54.55%
Run 09:
Highest Train: 99.93
Highest Valid: 55.74
Highest Test: 55.15
Chosen epoch: 1047
Final Train: 99.78
Final Test: 54.55
Pre-training MLP for 10 epochs to generate co-occurrence matrix...
MLP pre-training complete. Penalty matrix frozen.
Epoch: 00, Loss: 2.4217, Train: 36.79%, Valid: 36.78%, Test: 36.80%, Best Valid: 36.78%, Best Test: 36.80%
Epoch: 100, Loss: 1.5300, Train: 50.00%, Valid: 44.55%, Test: 43.51%, Best Valid: 45.88%, Best Test: 45.83%
Epoch: 200, Loss: 1.0583, Train: 73.44%, Valid: 49.45%, Test: 49.26%, Best Valid: 49.45%, Best Test: 49.26%
Epoch: 300, Loss: 0.6416, Train: 92.00%, Valid: 51.46%, Test: 51.64%, Best Valid: 51.98%, Best Test: 52.18%
Epoch: 400, Loss: 0.4127, Train: 95.93%, Valid: 52.82%, Test: 52.98%, Best Valid: 53.68%, Best Test: 54.14%
Epoch: 500, Loss: 0.2907, Train: 98.64%, Valid: 54.07%, Test: 54.52%, Best Valid: 54.19%, Best Test: 55.19%
Epoch: 600, Loss: 0.2116, Train: 99.05%, Valid: 54.19%, Test: 55.01%, Best Valid: 54.68%, Best Test: 54.53%
Epoch: 700, Loss: 0.1577, Train: 99.31%, Valid: 54.39%, Test: 54.91%, Best Valid: 55.01%, Best Test: 55.37%
Epoch: 800, Loss: 0.1330, Train: 99.73%, Valid: 54.66%, Test: 55.28%, Best Valid: 55.22%, Best Test: 55.22%
Epoch: 900, Loss: 0.0976, Train: 99.76%, Valid: 54.99%, Test: 55.53%, Best Valid: 55.43%, Best Test: 55.45%
Epoch: 1000, Loss: 0.0914, Train: 99.79%, Valid: 54.74%, Test: 55.15%, Best Valid: 55.50%, Best Test: 55.37%
Epoch: 1100, Loss: 0.0814, Train: 99.80%, Valid: 54.88%, Test: 55.32%, Best Valid: 55.90%, Best Test: 55.43%
Epoch: 1200, Loss: 0.0670, Train: 99.84%, Valid: 54.94%, Test: 55.28%, Best Valid: 55.90%, Best Test: 55.43%
Epoch: 1300, Loss: 0.0741, Train: 99.84%, Valid: 54.76%, Test: 55.68%, Best Valid: 55.90%, Best Test: 55.43%
Epoch: 1400, Loss: 0.0540, Train: 99.84%, Valid: 54.94%, Test: 55.68%, Best Valid: 55.90%, Best Test: 55.43%
Epoch: 1500, Loss: 0.0602, Train: 99.84%, Valid: 54.60%, Test: 55.27%, Best Valid: 55.90%, Best Test: 55.43%
Epoch: 1600, Loss: 0.0453, Train: 99.90%, Valid: 54.74%, Test: 55.53%, Best Valid: 55.90%, Best Test: 55.43%
Epoch: 1700, Loss: 0.0493, Train: 99.89%, Valid: 54.73%, Test: 56.02%, Best Valid: 55.90%, Best Test: 55.43%
Epoch: 1800, Loss: 0.0465, Train: 99.89%, Valid: 54.83%, Test: 55.40%, Best Valid: 55.90%, Best Test: 55.43%
Epoch: 1900, Loss: 0.0435, Train: 99.86%, Valid: 55.01%, Test: 55.68%, Best Valid: 55.90%, Best Test: 55.43%
Epoch: 2000, Loss: 0.0416, Train: 99.90%, Valid: 54.73%, Test: 56.17%, Best Valid: 55.90%, Best Test: 55.43%
Epoch: 2100, Loss: 0.0328, Train: 99.92%, Valid: 55.20%, Test: 55.72%, Best Valid: 55.90%, Best Test: 55.43%
Epoch: 2200, Loss: 0.0376, Train: 99.89%, Valid: 55.01%, Test: 55.95%, Best Valid: 55.90%, Best Test: 55.43%
Epoch: 2300, Loss: 0.0365, Train: 99.90%, Valid: 54.73%, Test: 56.07%, Best Valid: 55.90%, Best Test: 55.43%
Epoch: 2400, Loss: 0.0330, Train: 99.91%, Valid: 54.71%, Test: 55.90%, Best Valid: 55.90%, Best Test: 55.43%
Run 10:
Highest Train: 99.93
Highest Valid: 55.90
Highest Test: 56.49
Chosen epoch: 1092
Final Train: 99.80
Final Test: 55.43
All runs:
Highest Train: 99.90 ± 0.03
Highest Test: 55.84 ± 0.48
Highest Valid: 55.82 ± 0.48
  Final Train: 99.86 ± 0.05
   Final Test: 55.14 ± 0.40
Saving results to results/placebo/amazon-ratings/MPNN_sage.csv
Condition sweep completed.
Task 34 done.
