Sun Jul 26 03:23:49 2026       
+-----------------------------------------------------------------------------------------+
| NVIDIA-SMI 580.159.04             Driver Version: 580.159.04     CUDA Version: 13.0     |
+-----------------------------------------+------------------------+----------------------+
| GPU  Name                 Persistence-M | Bus-Id          Disp.A | Volatile Uncorr. ECC |
| Fan  Temp   Perf          Pwr:Usage/Cap |           Memory-Usage | GPU-Util  Compute M. |
|                                         |                        |               MIG M. |
|=========================================+========================+======================|
|   0  NVIDIA A100-SXM4-80GB          On  |   00000000:01:00.0 Off |                   On |
| N/A   26C    P0             52W /  500W |     249MiB /  81920MiB |     N/A      Default |
|                                         |                        |              Enabled |
+-----------------------------------------+------------------------+----------------------+
|   1  NVIDIA A100-SXM4-80GB          On  |   00000000:41:00.0 Off |                   On |
| N/A   33C    P0            128W /  500W |   11523MiB /  81920MiB |     N/A      Default |
|                                         |                        |              Enabled |
+-----------------------------------------+------------------------+----------------------+
|   2  NVIDIA A100-SXM4-80GB          On  |   00000000:81:00.0 Off |                   On |
| N/A   28C    P0             51W /  500W |     249MiB /  81920MiB |     N/A      Default |
|                                         |                        |              Enabled |
+-----------------------------------------+------------------------+----------------------+
|   3  NVIDIA A100-SXM4-80GB          On  |   00000000:C1:00.0 Off |                   On |
| N/A   24C    P0             51W /  500W |     249MiB /  81920MiB |     N/A      Default |
|                                         |                        |              Enabled |
+-----------------------------------------+------------------------+----------------------+

+-----------------------------------------------------------------------------------------+
| MIG devices:                                                                            |
+------------------+----------------------------------+-----------+-----------------------+
| GPU  GI  CI  MIG |              Shared Memory-Usage |        Vol|        Shared         |
|      ID  ID  Dev |                Shared BAR1-Usage | SM     Unc| CE ENC  DEC  OFA  JPG |
|                  |                                  |        ECC|                       |
|==================+==================================+===========+=======================|
|  3    5   0   0  |              71MiB / 19968MiB    | 28      0 |  2   0    1    0    0 |
|                  |               0MiB / 12271MiB    |           |                       |
+------------------+----------------------------------+-----------+-----------------------+

+-----------------------------------------------------------------------------------------+
| Processes:                                                                              |
|  GPU   GI   CI              PID   Type   Process name                        GPU Memory |
|        ID   ID                                                               Usage      |
|=========================================================================================|
|    1    5    0           717949      C   python                                11266MiB |
+-----------------------------------------------------------------------------------------+
Reg sweep (search winner): polynormer / citeseer | group 0
python main.py --model polynormer --dataset citeseer --lr 0.001 --hidden_channels 64 --dropout 0.5 --weight_decay 0.0005 --num_heads 8 --runs 10 --device 0 --result_dir results_tuned --model_dir models/gt_reg_s_1108501_4 --paired_seeds --rand_split_class --valid_num 500 --test_num 1000 --seed 123 --local_layers 7 --global_layers 2 --local_epochs 100 --global_epochs 1000 --beta -1.0 --in_dropout 0.2 --save_model
==========================================================
Condition sweep: python main.py --model polynormer --dataset citeseer --lr 0.001 --hidden_channels 64 --dropout 0.5 --weight_decay 0.0005 --num_heads 8 --runs 10 --device 0 --result_dir results_tuned --model_dir models/gt_reg_s_1108501_4 --paired_seeds --rand_split_class --valid_num 500 --test_num 1000 --seed 123 --local_layers 7 --global_layers 2 --local_epochs 100 --global_epochs 1000 --beta -1.0 --in_dropout 0.2 --save_model
result_dir=results_tuned transforms=[none] oracle=0 baseline=0
==========================================================
--- mlp_reg | transform=none | lambda=0.01 | mlp_epochs=500 ---
Namespace(aggregate='add', alpha=0.5, attention='gcn', beta=-1.0, bn=False, cpu=False, data_dir='../data/', dataset='citeseer', device=0, dim_inner=64, display_step=100, dropout=0.5, epochs=500, global_dropout=None, global_epochs=1000, global_layers=2, gnn='gcn', graph_weight=0.8, hidden_channels=64, hops=10, in_dropout=0.2, jk=False, label_num_per_class=20, lambda_val=0.01, layers=1, ln=False, local_epochs=100, local_gnn_type='GCN', local_layers=7, lr=0.001, metric='acc', mlp_epochs=500, mlp_reg=True, model='polynormer', model_dir='models/gt_reg_s_1108501_4', n_heads=8, num_centroids=4096, num_heads=8, oracle_reg=False, paired_seeds=True, pe_types='RWSE', penalty_transform='none', pre_linear=False, pre_ln=False, rand_split=False, rand_split_class=True, reg_start_epoch=10, reg_update_freq=5, res=False, result_dir='results_tuned', runs=10, save_model=True, save_result=False, seed=123, test_num=1000, tr_dropout=None, tr_layers=1, tr_weight_decay=None, train_prop=0.5, use_act=False, use_bn=False, use_graph=False, use_reg=True, use_residual=False, use_weight=False, valid_num=500, valid_prop=0.25, weight_decay=0.0005)
citeseer
Num nodes: 3327
train:torch.Size([120]), valid:torch.Size([500]), test:torch.Size([1000])
dataset citeseer | num nodes 3327 | num edge 9104 | num node feats 3703 | num classes 6
MODEL: Polynormer(
  (h_lins): ModuleList(
    (0): Linear(in_features=512, out_features=512, bias=True)
    (1): Linear(in_features=512, out_features=512, bias=True)
    (2): Linear(in_features=512, out_features=512, bias=True)
    (3): Linear(in_features=512, out_features=512, bias=True)
    (4): Linear(in_features=512, out_features=512, bias=True)
    (5): Linear(in_features=512, out_features=512, bias=True)
    (6): Linear(in_features=512, out_features=512, bias=True)
  )
  (local_convs): ModuleList(
    (0): GATConv(512, 64, heads=8)
    (1): GATConv(512, 64, heads=8)
    (2): GATConv(512, 64, heads=8)
    (3): GATConv(512, 64, heads=8)
    (4): GATConv(512, 64, heads=8)
    (5): GATConv(512, 64, heads=8)
    (6): GATConv(512, 64, heads=8)
  )
  (lins): ModuleList(
    (0): Linear(in_features=512, out_features=512, bias=True)
    (1): Linear(in_features=512, out_features=512, bias=True)
    (2): Linear(in_features=512, out_features=512, bias=True)
    (3): Linear(in_features=512, out_features=512, bias=True)
    (4): Linear(in_features=512, out_features=512, bias=True)
    (5): Linear(in_features=512, out_features=512, bias=True)
    (6): Linear(in_features=512, out_features=512, bias=True)
  )
  (lns): ModuleList(
    (0): LayerNorm((512,), eps=1e-05, elementwise_affine=True)
    (1): LayerNorm((512,), eps=1e-05, elementwise_affine=True)
    (2): LayerNorm((512,), eps=1e-05, elementwise_affine=True)
    (3): LayerNorm((512,), eps=1e-05, elementwise_affine=True)
    (4): LayerNorm((512,), eps=1e-05, elementwise_affine=True)
    (5): LayerNorm((512,), eps=1e-05, elementwise_affine=True)
    (6): LayerNorm((512,), eps=1e-05, elementwise_affine=True)
  )
  (lin_in): Linear(in_features=3703, out_features=512, bias=True)
  (ln): LayerNorm((512,), eps=1e-05, elementwise_affine=True)
  (global_attn): GlobalAttn(
    (h_lins): ModuleList(
      (0): Linear(in_features=512, out_features=512, bias=True)
      (1): Linear(in_features=512, out_features=512, bias=True)
    )
    (k_lins): ModuleList(
      (0): Linear(in_features=512, out_features=512, bias=True)
      (1): Linear(in_features=512, out_features=512, bias=True)
    )
    (v_lins): ModuleList(
      (0): Linear(in_features=512, out_features=512, bias=True)
      (1): Linear(in_features=512, out_features=512, bias=True)
    )
    (lns): ModuleList(
      (0): LayerNorm((512,), eps=1e-05, elementwise_affine=True)
      (1): LayerNorm((512,), eps=1e-05, elementwise_affine=True)
    )
    (lin_out): Linear(in_features=512, out_features=512, bias=True)
  )
  (pred_local): Linear(in_features=512, out_features=6, bias=True)
  (pred_global): Linear(in_features=512, out_features=6, bias=True)
)
Pre-training MLP for 500 epochs to generate co-occurrence matrix...
MLP pre-training complete. Penalty matrix frozen.
Epoch: 00, Loss: 2.2294, Train: 18.33%, Valid: 17.00%, Test: 13.70%, Best Valid: 17.00%, Best Test: 13.70%
Switching Polynormer to global attention phase.
Epoch: 100, Loss: 1.8294, Train: 22.50%, Valid: 16.00%, Test: 18.30%, Best Valid: 64.40%, Best Test: 67.90%
Epoch: 200, Loss: 0.0393, Train: 100.00%, Valid: 54.20%, Test: 58.80%, Best Valid: 64.40%, Best Test: 67.90%
Epoch: 300, Loss: 0.0016, Train: 100.00%, Valid: 58.80%, Test: 63.30%, Best Valid: 64.40%, Best Test: 67.90%
Epoch: 400, Loss: 0.0007, Train: 100.00%, Valid: 54.60%, Test: 58.90%, Best Valid: 64.40%, Best Test: 67.90%
Epoch: 500, Loss: 0.0001, Train: 100.00%, Valid: 59.00%, Test: 61.50%, Best Valid: 64.40%, Best Test: 67.90%
Epoch: 600, Loss: 0.0004, Train: 100.00%, Valid: 55.40%, Test: 60.70%, Best Valid: 64.40%, Best Test: 67.90%
Epoch: 700, Loss: 0.0055, Train: 100.00%, Valid: 60.00%, Test: 62.60%, Best Valid: 64.40%, Best Test: 67.90%
Epoch: 800, Loss: 0.0007, Train: 100.00%, Valid: 55.60%, Test: 56.90%, Best Valid: 64.40%, Best Test: 67.90%
Epoch: 900, Loss: 0.0004, Train: 100.00%, Valid: 51.60%, Test: 52.90%, Best Valid: 64.40%, Best Test: 67.90%
Epoch: 1000, Loss: 0.0129, Train: 100.00%, Valid: 58.20%, Test: 60.80%, Best Valid: 64.40%, Best Test: 67.90%
Run 01:
Highest Train: 100.00
Highest Valid: 64.40
Highest Test: 69.20
Chosen epoch: 70
Final Train: 100.00
Final Test: 67.90
Pre-training MLP for 500 epochs to generate co-occurrence matrix...
MLP pre-training complete. Penalty matrix frozen.
Epoch: 00, Loss: 2.3387, Train: 23.33%, Valid: 17.60%, Test: 19.00%, Best Valid: 17.60%, Best Test: 19.00%
Switching Polynormer to global attention phase.
Epoch: 100, Loss: 1.8097, Train: 16.67%, Valid: 7.80%, Test: 7.20%, Best Valid: 67.00%, Best Test: 68.20%
Epoch: 200, Loss: 0.0003, Train: 100.00%, Valid: 63.00%, Test: 65.80%, Best Valid: 67.00%, Best Test: 68.20%
Epoch: 300, Loss: 0.0000, Train: 100.00%, Valid: 61.40%, Test: 62.70%, Best Valid: 67.00%, Best Test: 68.20%
Epoch: 400, Loss: 0.0006, Train: 100.00%, Valid: 59.20%, Test: 63.40%, Best Valid: 67.00%, Best Test: 68.20%
Epoch: 500, Loss: 0.0015, Train: 100.00%, Valid: 56.40%, Test: 59.80%, Best Valid: 67.00%, Best Test: 68.20%
Epoch: 600, Loss: 0.0001, Train: 100.00%, Valid: 58.80%, Test: 63.30%, Best Valid: 67.00%, Best Test: 68.20%
Epoch: 700, Loss: 0.0005, Train: 100.00%, Valid: 58.00%, Test: 62.00%, Best Valid: 67.00%, Best Test: 68.20%
Epoch: 800, Loss: 0.0003, Train: 100.00%, Valid: 58.20%, Test: 61.60%, Best Valid: 67.00%, Best Test: 68.20%
Epoch: 900, Loss: 0.0004, Train: 100.00%, Valid: 60.20%, Test: 62.80%, Best Valid: 67.00%, Best Test: 68.20%
Epoch: 1000, Loss: 0.0002, Train: 100.00%, Valid: 58.00%, Test: 56.50%, Best Valid: 67.00%, Best Test: 68.20%
Run 02:
Highest Train: 100.00
Highest Valid: 67.00
Highest Test: 69.10
Chosen epoch: 51
Final Train: 100.00
Final Test: 68.20
Pre-training MLP for 500 epochs to generate co-occurrence matrix...
MLP pre-training complete. Penalty matrix frozen.
Epoch: 00, Loss: 2.1392, Train: 24.17%, Valid: 20.00%, Test: 17.40%, Best Valid: 20.00%, Best Test: 17.40%
Switching Polynormer to global attention phase.
Epoch: 100, Loss: 1.8097, Train: 16.67%, Valid: 20.60%, Test: 20.10%, Best Valid: 67.20%, Best Test: 70.40%
Epoch: 200, Loss: 0.0065, Train: 100.00%, Valid: 53.80%, Test: 57.00%, Best Valid: 67.20%, Best Test: 70.40%
Epoch: 300, Loss: 0.0007, Train: 100.00%, Valid: 61.40%, Test: 61.70%, Best Valid: 67.20%, Best Test: 70.40%
Epoch: 400, Loss: 0.0014, Train: 100.00%, Valid: 60.20%, Test: 63.20%, Best Valid: 67.20%, Best Test: 70.40%
Epoch: 500, Loss: 0.0003, Train: 100.00%, Valid: 61.60%, Test: 64.60%, Best Valid: 67.20%, Best Test: 70.40%
Epoch: 600, Loss: 0.0222, Train: 100.00%, Valid: 64.20%, Test: 64.60%, Best Valid: 67.20%, Best Test: 70.40%
Epoch: 700, Loss: 0.0003, Train: 100.00%, Valid: 62.80%, Test: 64.90%, Best Valid: 67.20%, Best Test: 70.40%
Epoch: 800, Loss: 0.0012, Train: 100.00%, Valid: 62.00%, Test: 64.80%, Best Valid: 67.20%, Best Test: 70.40%
Epoch: 900, Loss: 0.0933, Train: 100.00%, Valid: 60.20%, Test: 61.00%, Best Valid: 67.20%, Best Test: 70.40%
Epoch: 1000, Loss: 0.0013, Train: 100.00%, Valid: 57.00%, Test: 61.20%, Best Valid: 67.20%, Best Test: 70.40%
Run 03:
Highest Train: 100.00
Highest Valid: 67.20
Highest Test: 70.50
Chosen epoch: 65
Final Train: 100.00
Final Test: 70.40
Pre-training MLP for 500 epochs to generate co-occurrence matrix...
MLP pre-training complete. Penalty matrix frozen.
Epoch: 00, Loss: 2.1764, Train: 19.17%, Valid: 17.80%, Test: 18.40%, Best Valid: 17.80%, Best Test: 18.40%
Switching Polynormer to global attention phase.
Epoch: 100, Loss: 1.8097, Train: 16.67%, Valid: 16.00%, Test: 18.10%, Best Valid: 66.80%, Best Test: 68.90%
Epoch: 200, Loss: 0.0046, Train: 100.00%, Valid: 59.00%, Test: 64.30%, Best Valid: 66.80%, Best Test: 68.90%
Epoch: 300, Loss: 0.0003, Train: 100.00%, Valid: 54.00%, Test: 60.30%, Best Valid: 66.80%, Best Test: 68.90%
Epoch: 400, Loss: 0.0004, Train: 100.00%, Valid: 56.20%, Test: 59.80%, Best Valid: 66.80%, Best Test: 68.90%
Epoch: 500, Loss: 0.0014, Train: 100.00%, Valid: 56.00%, Test: 57.80%, Best Valid: 66.80%, Best Test: 68.90%
Epoch: 600, Loss: 0.0005, Train: 100.00%, Valid: 57.80%, Test: 60.90%, Best Valid: 66.80%, Best Test: 68.90%
Epoch: 700, Loss: 0.0080, Train: 100.00%, Valid: 58.20%, Test: 61.40%, Best Valid: 66.80%, Best Test: 68.90%
Epoch: 800, Loss: 0.0051, Train: 100.00%, Valid: 51.60%, Test: 53.40%, Best Valid: 66.80%, Best Test: 68.90%
Epoch: 900, Loss: 0.0024, Train: 100.00%, Valid: 54.20%, Test: 58.40%, Best Valid: 66.80%, Best Test: 68.90%
Epoch: 1000, Loss: 0.0003, Train: 100.00%, Valid: 52.60%, Test: 57.40%, Best Valid: 66.80%, Best Test: 68.90%
Run 04:
Highest Train: 100.00
Highest Valid: 66.80
Highest Test: 69.40
Chosen epoch: 54
Final Train: 100.00
Final Test: 68.90
Pre-training MLP for 500 epochs to generate co-occurrence matrix...
MLP pre-training complete. Penalty matrix frozen.
Epoch: 00, Loss: 2.3107, Train: 15.83%, Valid: 15.80%, Test: 16.40%, Best Valid: 15.80%, Best Test: 16.40%
Switching Polynormer to global attention phase.
Epoch: 100, Loss: 1.8097, Train: 16.67%, Valid: 7.80%, Test: 7.20%, Best Valid: 68.40%, Best Test: 68.90%
Epoch: 200, Loss: 0.0175, Train: 100.00%, Valid: 61.80%, Test: 62.40%, Best Valid: 68.40%, Best Test: 68.90%
Epoch: 300, Loss: 0.0004, Train: 100.00%, Valid: 56.60%, Test: 58.10%, Best Valid: 68.40%, Best Test: 68.90%
Epoch: 400, Loss: 0.0004, Train: 100.00%, Valid: 57.80%, Test: 59.60%, Best Valid: 68.40%, Best Test: 68.90%
Epoch: 500, Loss: 0.0050, Train: 100.00%, Valid: 57.20%, Test: 59.20%, Best Valid: 68.40%, Best Test: 68.90%
Epoch: 600, Loss: 0.0018, Train: 100.00%, Valid: 58.40%, Test: 60.00%, Best Valid: 68.40%, Best Test: 68.90%
Epoch: 700, Loss: 0.0004, Train: 100.00%, Valid: 53.80%, Test: 54.80%, Best Valid: 68.40%, Best Test: 68.90%
Epoch: 800, Loss: 0.0012, Train: 100.00%, Valid: 56.20%, Test: 58.70%, Best Valid: 68.40%, Best Test: 68.90%
Epoch: 900, Loss: 0.0007, Train: 100.00%, Valid: 58.00%, Test: 59.00%, Best Valid: 68.40%, Best Test: 68.90%
Epoch: 1000, Loss: 0.0002, Train: 100.00%, Valid: 56.40%, Test: 58.90%, Best Valid: 68.40%, Best Test: 68.90%
Run 05:
Highest Train: 100.00
Highest Valid: 68.40
Highest Test: 69.60
Chosen epoch: 74
Final Train: 100.00
Final Test: 68.90
Pre-training MLP for 500 epochs to generate co-occurrence matrix...
MLP pre-training complete. Penalty matrix frozen.
Epoch: 00, Loss: 2.4893, Train: 20.00%, Valid: 16.60%, Test: 18.20%, Best Valid: 16.60%, Best Test: 18.20%
Switching Polynormer to global attention phase.
Epoch: 100, Loss: 1.8097, Train: 16.67%, Valid: 20.60%, Test: 20.10%, Best Valid: 65.80%, Best Test: 67.60%
Epoch: 200, Loss: 0.0428, Train: 100.00%, Valid: 62.00%, Test: 63.00%, Best Valid: 65.80%, Best Test: 67.60%
Epoch: 300, Loss: 0.0048, Train: 99.17%, Valid: 57.20%, Test: 58.90%, Best Valid: 65.80%, Best Test: 67.60%
Epoch: 400, Loss: 0.0007, Train: 100.00%, Valid: 58.20%, Test: 60.80%, Best Valid: 65.80%, Best Test: 67.60%
Epoch: 500, Loss: 0.0003, Train: 100.00%, Valid: 60.40%, Test: 60.20%, Best Valid: 65.80%, Best Test: 67.60%
Epoch: 600, Loss: 0.0007, Train: 100.00%, Valid: 59.40%, Test: 61.50%, Best Valid: 65.80%, Best Test: 67.60%
Epoch: 700, Loss: 0.0004, Train: 100.00%, Valid: 57.60%, Test: 58.40%, Best Valid: 65.80%, Best Test: 67.60%
Epoch: 800, Loss: 0.0002, Train: 100.00%, Valid: 58.20%, Test: 59.00%, Best Valid: 65.80%, Best Test: 67.60%
Epoch: 900, Loss: 0.0003, Train: 100.00%, Valid: 58.40%, Test: 59.20%, Best Valid: 65.80%, Best Test: 67.60%
Epoch: 1000, Loss: 0.0014, Train: 100.00%, Valid: 58.20%, Test: 60.20%, Best Valid: 65.80%, Best Test: 67.60%
Run 06:
Highest Train: 100.00
Highest Valid: 65.80
Highest Test: 67.90
Chosen epoch: 56
Final Train: 100.00
Final Test: 67.60
Pre-training MLP for 500 epochs to generate co-occurrence matrix...
MLP pre-training complete. Penalty matrix frozen.
Epoch: 00, Loss: 2.2839, Train: 15.00%, Valid: 21.00%, Test: 16.50%, Best Valid: 21.00%, Best Test: 16.50%
Switching Polynormer to global attention phase.
Epoch: 100, Loss: 1.8097, Train: 16.67%, Valid: 16.80%, Test: 16.70%, Best Valid: 68.40%, Best Test: 68.50%
Epoch: 200, Loss: 0.0518, Train: 100.00%, Valid: 62.80%, Test: 64.50%, Best Valid: 68.40%, Best Test: 68.50%
Epoch: 300, Loss: 0.0118, Train: 100.00%, Valid: 63.60%, Test: 64.60%, Best Valid: 68.40%, Best Test: 68.50%
Epoch: 400, Loss: 0.0085, Train: 100.00%, Valid: 55.00%, Test: 56.10%, Best Valid: 68.40%, Best Test: 68.50%
Epoch: 500, Loss: 0.0003, Train: 100.00%, Valid: 62.60%, Test: 61.50%, Best Valid: 68.40%, Best Test: 68.50%
Epoch: 600, Loss: 0.0004, Train: 100.00%, Valid: 61.60%, Test: 61.50%, Best Valid: 68.40%, Best Test: 68.50%
Epoch: 700, Loss: 0.0004, Train: 100.00%, Valid: 62.60%, Test: 62.50%, Best Valid: 68.40%, Best Test: 68.50%
Epoch: 800, Loss: 0.0005, Train: 100.00%, Valid: 59.80%, Test: 59.30%, Best Valid: 68.40%, Best Test: 68.50%
Epoch: 900, Loss: 0.0006, Train: 100.00%, Valid: 61.00%, Test: 60.00%, Best Valid: 68.40%, Best Test: 68.50%
Epoch: 1000, Loss: 0.0002, Train: 100.00%, Valid: 58.20%, Test: 58.70%, Best Valid: 68.40%, Best Test: 68.50%
Run 07:
Highest Train: 100.00
Highest Valid: 68.40
Highest Test: 69.10
Chosen epoch: 55
Final Train: 100.00
Final Test: 68.50
Pre-training MLP for 500 epochs to generate co-occurrence matrix...
MLP pre-training complete. Penalty matrix frozen.
Epoch: 00, Loss: 2.2655, Train: 25.00%, Valid: 19.20%, Test: 19.70%, Best Valid: 19.20%, Best Test: 19.70%
Switching Polynormer to global attention phase.
Epoch: 100, Loss: 1.8097, Train: 16.67%, Valid: 22.40%, Test: 22.80%, Best Valid: 67.80%, Best Test: 72.30%
Epoch: 200, Loss: 0.0126, Train: 100.00%, Valid: 62.00%, Test: 64.60%, Best Valid: 67.80%, Best Test: 72.30%
Epoch: 300, Loss: 0.0001, Train: 100.00%, Valid: 60.40%, Test: 65.70%, Best Valid: 67.80%, Best Test: 72.30%
Epoch: 400, Loss: 0.0002, Train: 100.00%, Valid: 65.20%, Test: 67.00%, Best Valid: 67.80%, Best Test: 72.30%
Epoch: 500, Loss: 0.0004, Train: 100.00%, Valid: 62.80%, Test: 66.70%, Best Valid: 67.80%, Best Test: 72.30%
Epoch: 600, Loss: 0.0005, Train: 100.00%, Valid: 60.20%, Test: 64.80%, Best Valid: 67.80%, Best Test: 72.30%
Epoch: 700, Loss: 0.0002, Train: 100.00%, Valid: 60.00%, Test: 64.00%, Best Valid: 67.80%, Best Test: 72.30%
Epoch: 800, Loss: 0.0004, Train: 100.00%, Valid: 60.80%, Test: 64.20%, Best Valid: 67.80%, Best Test: 72.30%
Epoch: 900, Loss: 0.0002, Train: 100.00%, Valid: 60.20%, Test: 64.30%, Best Valid: 67.80%, Best Test: 72.30%
Epoch: 1000, Loss: 0.0001, Train: 100.00%, Valid: 61.20%, Test: 65.10%, Best Valid: 67.80%, Best Test: 72.30%
Run 08:
Highest Train: 100.00
Highest Valid: 67.80
Highest Test: 72.30
Chosen epoch: 52
Final Train: 100.00
Final Test: 72.30
Pre-training MLP for 500 epochs to generate co-occurrence matrix...
MLP pre-training complete. Penalty matrix frozen.
Epoch: 00, Loss: 2.0967, Train: 20.00%, Valid: 13.00%, Test: 18.20%, Best Valid: 13.00%, Best Test: 18.20%
Switching Polynormer to global attention phase.
Epoch: 100, Loss: 1.8097, Train: 16.67%, Valid: 16.00%, Test: 18.10%, Best Valid: 65.60%, Best Test: 69.50%
Epoch: 200, Loss: 0.0900, Train: 100.00%, Valid: 58.20%, Test: 61.90%, Best Valid: 65.60%, Best Test: 69.50%
Epoch: 300, Loss: 0.0388, Train: 100.00%, Valid: 60.40%, Test: 63.60%, Best Valid: 65.60%, Best Test: 69.50%
Epoch: 400, Loss: 0.0002, Train: 100.00%, Valid: 60.80%, Test: 65.90%, Best Valid: 65.60%, Best Test: 69.50%
Epoch: 500, Loss: 0.0002, Train: 100.00%, Valid: 59.80%, Test: 63.40%, Best Valid: 65.60%, Best Test: 69.50%
Epoch: 600, Loss: 0.0006, Train: 100.00%, Valid: 59.20%, Test: 63.00%, Best Valid: 65.60%, Best Test: 69.50%
Epoch: 700, Loss: 0.0009, Train: 100.00%, Valid: 59.40%, Test: 64.70%, Best Valid: 65.60%, Best Test: 69.50%
Epoch: 800, Loss: 0.0012, Train: 100.00%, Valid: 58.60%, Test: 65.30%, Best Valid: 65.60%, Best Test: 69.50%
Epoch: 900, Loss: 0.0004, Train: 100.00%, Valid: 60.40%, Test: 66.20%, Best Valid: 65.60%, Best Test: 69.50%
Epoch: 1000, Loss: 0.0012, Train: 100.00%, Valid: 60.20%, Test: 65.10%, Best Valid: 65.60%, Best Test: 69.50%
Run 09:
Highest Train: 100.00
Highest Valid: 65.60
Highest Test: 70.00
Chosen epoch: 60
Final Train: 100.00
Final Test: 69.50
Pre-training MLP for 500 epochs to generate co-occurrence matrix...
MLP pre-training complete. Penalty matrix frozen.
Epoch: 00, Loss: 2.2039, Train: 17.50%, Valid: 18.40%, Test: 19.90%, Best Valid: 18.40%, Best Test: 19.90%
Switching Polynormer to global attention phase.
Epoch: 100, Loss: 1.8097, Train: 16.67%, Valid: 7.80%, Test: 7.20%, Best Valid: 63.00%, Best Test: 66.90%
Epoch: 200, Loss: 0.0029, Train: 100.00%, Valid: 59.20%, Test: 61.20%, Best Valid: 63.00%, Best Test: 66.90%
Epoch: 300, Loss: 0.0011, Train: 100.00%, Valid: 61.40%, Test: 61.40%, Best Valid: 63.00%, Best Test: 66.90%
Epoch: 400, Loss: 0.0003, Train: 100.00%, Valid: 58.40%, Test: 59.60%, Best Valid: 63.00%, Best Test: 66.90%
Epoch: 500, Loss: 0.0002, Train: 100.00%, Valid: 60.20%, Test: 58.70%, Best Valid: 63.00%, Best Test: 66.90%
Epoch: 600, Loss: 0.0014, Train: 100.00%, Valid: 58.60%, Test: 59.50%, Best Valid: 63.00%, Best Test: 66.90%
Epoch: 700, Loss: 0.0823, Train: 100.00%, Valid: 56.20%, Test: 61.10%, Best Valid: 63.00%, Best Test: 66.90%
Epoch: 800, Loss: 0.0010, Train: 100.00%, Valid: 52.40%, Test: 55.10%, Best Valid: 63.00%, Best Test: 66.90%
Epoch: 900, Loss: 0.0003, Train: 100.00%, Valid: 55.40%, Test: 59.00%, Best Valid: 63.00%, Best Test: 66.90%
Epoch: 1000, Loss: 0.0011, Train: 100.00%, Valid: 57.80%, Test: 58.80%, Best Valid: 63.00%, Best Test: 66.90%
Run 10:
Highest Train: 100.00
Highest Valid: 63.00
Highest Test: 68.40
Chosen epoch: 65
Final Train: 100.00
Final Test: 66.90
All runs:
Highest Train: 100.00 ± 0.00
Highest Test: 69.55 ± 1.21
Highest Valid: 66.44 ± 1.75
  Final Train: 100.00 ± 0.00
   Final Test: 68.91 ± 1.55
Saving results to results_tuned/citeseer/polynormer.csv
--- mlp_reg | transform=none | lambda=0.05 | mlp_epochs=500 ---
Namespace(aggregate='add', alpha=0.5, attention='gcn', beta=-1.0, bn=False, cpu=False, data_dir='../data/', dataset='citeseer', device=0, dim_inner=64, display_step=100, dropout=0.5, epochs=500, global_dropout=None, global_epochs=1000, global_layers=2, gnn='gcn', graph_weight=0.8, hidden_channels=64, hops=10, in_dropout=0.2, jk=False, label_num_per_class=20, lambda_val=0.05, layers=1, ln=False, local_epochs=100, local_gnn_type='GCN', local_layers=7, lr=0.001, metric='acc', mlp_epochs=500, mlp_reg=True, model='polynormer', model_dir='models/gt_reg_s_1108501_4', n_heads=8, num_centroids=4096, num_heads=8, oracle_reg=False, paired_seeds=True, pe_types='RWSE', penalty_transform='none', pre_linear=False, pre_ln=False, rand_split=False, rand_split_class=True, reg_start_epoch=10, reg_update_freq=5, res=False, result_dir='results_tuned', runs=10, save_model=True, save_result=False, seed=123, test_num=1000, tr_dropout=None, tr_layers=1, tr_weight_decay=None, train_prop=0.5, use_act=False, use_bn=False, use_graph=False, use_reg=True, use_residual=False, use_weight=False, valid_num=500, valid_prop=0.25, weight_decay=0.0005)
citeseer
Num nodes: 3327
train:torch.Size([120]), valid:torch.Size([500]), test:torch.Size([1000])
dataset citeseer | num nodes 3327 | num edge 9104 | num node feats 3703 | num classes 6
MODEL: Polynormer(
  (h_lins): ModuleList(
    (0): Linear(in_features=512, out_features=512, bias=True)
    (1): Linear(in_features=512, out_features=512, bias=True)
    (2): Linear(in_features=512, out_features=512, bias=True)
    (3): Linear(in_features=512, out_features=512, bias=True)
    (4): Linear(in_features=512, out_features=512, bias=True)
    (5): Linear(in_features=512, out_features=512, bias=True)
    (6): Linear(in_features=512, out_features=512, bias=True)
  )
  (local_convs): ModuleList(
    (0): GATConv(512, 64, heads=8)
    (1): GATConv(512, 64, heads=8)
    (2): GATConv(512, 64, heads=8)
    (3): GATConv(512, 64, heads=8)
    (4): GATConv(512, 64, heads=8)
    (5): GATConv(512, 64, heads=8)
    (6): GATConv(512, 64, heads=8)
  )
  (lins): ModuleList(
    (0): Linear(in_features=512, out_features=512, bias=True)
    (1): Linear(in_features=512, out_features=512, bias=True)
    (2): Linear(in_features=512, out_features=512, bias=True)
    (3): Linear(in_features=512, out_features=512, bias=True)
    (4): Linear(in_features=512, out_features=512, bias=True)
    (5): Linear(in_features=512, out_features=512, bias=True)
    (6): Linear(in_features=512, out_features=512, bias=True)
  )
  (lns): ModuleList(
    (0): LayerNorm((512,), eps=1e-05, elementwise_affine=True)
    (1): LayerNorm((512,), eps=1e-05, elementwise_affine=True)
    (2): LayerNorm((512,), eps=1e-05, elementwise_affine=True)
    (3): LayerNorm((512,), eps=1e-05, elementwise_affine=True)
    (4): LayerNorm((512,), eps=1e-05, elementwise_affine=True)
    (5): LayerNorm((512,), eps=1e-05, elementwise_affine=True)
    (6): LayerNorm((512,), eps=1e-05, elementwise_affine=True)
  )
  (lin_in): Linear(in_features=3703, out_features=512, bias=True)
  (ln): LayerNorm((512,), eps=1e-05, elementwise_affine=True)
  (global_attn): GlobalAttn(
    (h_lins): ModuleList(
      (0): Linear(in_features=512, out_features=512, bias=True)
      (1): Linear(in_features=512, out_features=512, bias=True)
    )
    (k_lins): ModuleList(
      (0): Linear(in_features=512, out_features=512, bias=True)
      (1): Linear(in_features=512, out_features=512, bias=True)
    )
    (v_lins): ModuleList(
      (0): Linear(in_features=512, out_features=512, bias=True)
      (1): Linear(in_features=512, out_features=512, bias=True)
    )
    (lns): ModuleList(
      (0): LayerNorm((512,), eps=1e-05, elementwise_affine=True)
      (1): LayerNorm((512,), eps=1e-05, elementwise_affine=True)
    )
    (lin_out): Linear(in_features=512, out_features=512, bias=True)
  )
  (pred_local): Linear(in_features=512, out_features=6, bias=True)
  (pred_global): Linear(in_features=512, out_features=6, bias=True)
)
Pre-training MLP for 500 epochs to generate co-occurrence matrix...
MLP pre-training complete. Penalty matrix frozen.
Epoch: 00, Loss: 2.3177, Train: 19.17%, Valid: 17.40%, Test: 13.70%, Best Valid: 17.40%, Best Test: 13.70%
Switching Polynormer to global attention phase.
Epoch: 100, Loss: 1.8852, Train: 50.00%, Valid: 41.00%, Test: 44.20%, Best Valid: 63.20%, Best Test: 65.80%
Epoch: 200, Loss: 0.0001, Train: 100.00%, Valid: 58.60%, Test: 63.20%, Best Valid: 63.40%, Best Test: 67.20%
Epoch: 300, Loss: 0.0001, Train: 100.00%, Valid: 56.80%, Test: 60.80%, Best Valid: 64.20%, Best Test: 64.50%
Epoch: 400, Loss: 0.0000, Train: 100.00%, Valid: 54.40%, Test: 57.00%, Best Valid: 64.20%, Best Test: 64.50%
Epoch: 500, Loss: 0.0001, Train: 100.00%, Valid: 58.80%, Test: 59.00%, Best Valid: 64.20%, Best Test: 64.50%
Epoch: 600, Loss: 0.0001, Train: 100.00%, Valid: 54.00%, Test: 59.50%, Best Valid: 64.20%, Best Test: 64.50%
Epoch: 700, Loss: 0.0039, Train: 100.00%, Valid: 51.60%, Test: 55.20%, Best Valid: 64.20%, Best Test: 64.50%
Epoch: 800, Loss: 0.0002, Train: 100.00%, Valid: 55.20%, Test: 57.10%, Best Valid: 64.20%, Best Test: 64.50%
Epoch: 900, Loss: 0.0087, Train: 100.00%, Valid: 54.20%, Test: 55.60%, Best Valid: 64.20%, Best Test: 64.50%
Epoch: 1000, Loss: 0.0000, Train: 100.00%, Valid: 51.00%, Test: 56.50%, Best Valid: 64.20%, Best Test: 64.50%
Run 01:
Highest Train: 100.00
Highest Valid: 64.20
Highest Test: 67.90
Chosen epoch: 233
Final Train: 100.00
Final Test: 64.50
Pre-training MLP for 500 epochs to generate co-occurrence matrix...
MLP pre-training complete. Penalty matrix frozen.
Epoch: 00, Loss: 2.4313, Train: 23.33%, Valid: 17.20%, Test: 18.50%, Best Valid: 17.20%, Best Test: 18.50%
Switching Polynormer to global attention phase.
Epoch: 100, Loss: 1.8813, Train: 16.67%, Valid: 7.80%, Test: 7.20%, Best Valid: 65.80%, Best Test: 69.60%
Epoch: 200, Loss: 0.0069, Train: 100.00%, Valid: 57.60%, Test: 57.80%, Best Valid: 65.80%, Best Test: 69.60%
Epoch: 300, Loss: 0.0024, Train: 100.00%, Valid: 57.60%, Test: 61.10%, Best Valid: 65.80%, Best Test: 69.60%
Epoch: 400, Loss: 0.0014, Train: 100.00%, Valid: 58.40%, Test: 61.40%, Best Valid: 65.80%, Best Test: 69.60%
Epoch: 500, Loss: 0.0003, Train: 100.00%, Valid: 61.00%, Test: 60.60%, Best Valid: 65.80%, Best Test: 69.60%
Epoch: 600, Loss: 0.0011, Train: 100.00%, Valid: 59.80%, Test: 61.80%, Best Valid: 65.80%, Best Test: 69.60%
Epoch: 700, Loss: 0.0003, Train: 100.00%, Valid: 58.40%, Test: 61.50%, Best Valid: 65.80%, Best Test: 69.60%
Epoch: 800, Loss: 0.0278, Train: 100.00%, Valid: 59.00%, Test: 60.40%, Best Valid: 65.80%, Best Test: 69.60%
Epoch: 900, Loss: 0.0004, Train: 100.00%, Valid: 60.00%, Test: 61.30%, Best Valid: 65.80%, Best Test: 69.60%
Epoch: 1000, Loss: 0.0002, Train: 100.00%, Valid: 61.20%, Test: 62.30%, Best Valid: 65.80%, Best Test: 69.60%
Run 02:
Highest Train: 100.00
Highest Valid: 65.80
Highest Test: 71.00
Chosen epoch: 48
Final Train: 100.00
Final Test: 69.60
Pre-training MLP for 500 epochs to generate co-occurrence matrix...
MLP pre-training complete. Penalty matrix frozen.
Epoch: 00, Loss: 2.2239, Train: 23.33%, Valid: 20.00%, Test: 17.90%, Best Valid: 20.00%, Best Test: 17.90%
Switching Polynormer to global attention phase.
Epoch: 100, Loss: 1.8814, Train: 16.67%, Valid: 16.00%, Test: 18.10%, Best Valid: 67.60%, Best Test: 70.10%
Epoch: 200, Loss: 0.0042, Train: 100.00%, Valid: 57.20%, Test: 59.20%, Best Valid: 67.60%, Best Test: 70.10%
Epoch: 300, Loss: 0.0017, Train: 100.00%, Valid: 59.00%, Test: 61.50%, Best Valid: 67.60%, Best Test: 70.10%
Epoch: 400, Loss: 0.0010, Train: 100.00%, Valid: 59.40%, Test: 61.70%, Best Valid: 67.60%, Best Test: 70.10%
Epoch: 500, Loss: 0.0030, Train: 100.00%, Valid: 56.80%, Test: 58.80%, Best Valid: 67.60%, Best Test: 70.10%
Epoch: 600, Loss: 0.0012, Train: 100.00%, Valid: 56.00%, Test: 59.80%, Best Valid: 67.60%, Best Test: 70.10%
Epoch: 700, Loss: 0.0004, Train: 100.00%, Valid: 57.00%, Test: 60.60%, Best Valid: 67.60%, Best Test: 70.10%
Epoch: 800, Loss: 0.0004, Train: 100.00%, Valid: 55.60%, Test: 59.80%, Best Valid: 67.60%, Best Test: 70.10%
Epoch: 900, Loss: 0.0007, Train: 100.00%, Valid: 58.00%, Test: 60.80%, Best Valid: 67.60%, Best Test: 70.10%
Epoch: 1000, Loss: 0.0007, Train: 100.00%, Valid: 58.80%, Test: 61.90%, Best Valid: 67.60%, Best Test: 70.10%
Run 03:
Highest Train: 100.00
Highest Valid: 67.60
Highest Test: 70.40
Chosen epoch: 58
Final Train: 99.17
Final Test: 70.10
Pre-training MLP for 500 epochs to generate co-occurrence matrix...
MLP pre-training complete. Penalty matrix frozen.
Epoch: 00, Loss: 2.2626, Train: 20.00%, Valid: 17.60%, Test: 18.70%, Best Valid: 17.60%, Best Test: 18.70%
Switching Polynormer to global attention phase.
Epoch: 100, Loss: 1.8813, Train: 16.67%, Valid: 7.80%, Test: 7.20%, Best Valid: 66.20%, Best Test: 67.70%
Epoch: 200, Loss: 0.0163, Train: 100.00%, Valid: 59.80%, Test: 60.90%, Best Valid: 66.20%, Best Test: 67.70%
Epoch: 300, Loss: 0.0032, Train: 100.00%, Valid: 64.60%, Test: 66.60%, Best Valid: 66.20%, Best Test: 67.70%
Epoch: 400, Loss: 0.0001, Train: 100.00%, Valid: 63.20%, Test: 63.60%, Best Valid: 66.20%, Best Test: 67.70%
Epoch: 500, Loss: 0.0136, Train: 100.00%, Valid: 61.80%, Test: 62.10%, Best Valid: 66.20%, Best Test: 67.70%
Epoch: 600, Loss: 0.0001, Train: 100.00%, Valid: 61.20%, Test: 64.30%, Best Valid: 66.20%, Best Test: 67.70%
Epoch: 700, Loss: 0.0002, Train: 100.00%, Valid: 61.80%, Test: 63.90%, Best Valid: 66.20%, Best Test: 67.70%
Epoch: 800, Loss: 0.0004, Train: 100.00%, Valid: 60.60%, Test: 59.60%, Best Valid: 66.20%, Best Test: 67.70%
Epoch: 900, Loss: 0.0006, Train: 100.00%, Valid: 62.20%, Test: 62.20%, Best Valid: 66.20%, Best Test: 67.70%
Epoch: 1000, Loss: 0.0005, Train: 100.00%, Valid: 55.40%, Test: 58.20%, Best Valid: 66.20%, Best Test: 67.70%
Run 04:
Highest Train: 100.00
Highest Valid: 66.20
Highest Test: 68.30
Chosen epoch: 86
Final Train: 100.00
Final Test: 67.70
Pre-training MLP for 500 epochs to generate co-occurrence matrix...
MLP pre-training complete. Penalty matrix frozen.
Epoch: 00, Loss: 2.4022, Train: 15.83%, Valid: 15.80%, Test: 16.80%, Best Valid: 15.80%, Best Test: 16.80%
Switching Polynormer to global attention phase.
Epoch: 100, Loss: 1.8813, Train: 16.67%, Valid: 22.40%, Test: 22.80%, Best Valid: 67.00%, Best Test: 67.50%
Epoch: 200, Loss: 0.0068, Train: 100.00%, Valid: 60.00%, Test: 63.00%, Best Valid: 67.00%, Best Test: 67.50%
Epoch: 300, Loss: 0.0002, Train: 100.00%, Valid: 58.60%, Test: 60.60%, Best Valid: 67.00%, Best Test: 67.50%
Epoch: 400, Loss: 0.0016, Train: 100.00%, Valid: 54.40%, Test: 57.70%, Best Valid: 67.00%, Best Test: 67.50%
Epoch: 500, Loss: 0.0179, Train: 100.00%, Valid: 58.60%, Test: 61.30%, Best Valid: 67.00%, Best Test: 67.50%
Epoch: 600, Loss: 0.0003, Train: 100.00%, Valid: 58.20%, Test: 62.20%, Best Valid: 67.00%, Best Test: 67.50%
Epoch: 700, Loss: 0.0009, Train: 100.00%, Valid: 60.60%, Test: 61.50%, Best Valid: 67.00%, Best Test: 67.50%
Epoch: 800, Loss: 0.0001, Train: 100.00%, Valid: 57.60%, Test: 62.50%, Best Valid: 67.00%, Best Test: 67.50%
Epoch: 900, Loss: 0.0002, Train: 100.00%, Valid: 57.20%, Test: 63.00%, Best Valid: 67.00%, Best Test: 67.50%
Epoch: 1000, Loss: 0.0002, Train: 100.00%, Valid: 55.60%, Test: 59.10%, Best Valid: 67.00%, Best Test: 67.50%
Run 05:
Highest Train: 100.00
Highest Valid: 67.00
Highest Test: 68.10
Chosen epoch: 41
Final Train: 99.17
Final Test: 67.50
Pre-training MLP for 500 epochs to generate co-occurrence matrix...
MLP pre-training complete. Penalty matrix frozen.
Epoch: 00, Loss: 2.5878, Train: 20.00%, Valid: 17.00%, Test: 18.40%, Best Valid: 17.00%, Best Test: 18.40%
Switching Polynormer to global attention phase.
Epoch: 100, Loss: 1.8813, Train: 16.67%, Valid: 20.60%, Test: 20.10%, Best Valid: 66.40%, Best Test: 69.00%
Epoch: 200, Loss: 0.0037, Train: 100.00%, Valid: 57.60%, Test: 59.80%, Best Valid: 66.40%, Best Test: 69.00%
Epoch: 300, Loss: 0.0441, Train: 100.00%, Valid: 61.20%, Test: 61.70%, Best Valid: 66.40%, Best Test: 69.00%
Epoch: 400, Loss: 0.0000, Train: 100.00%, Valid: 57.40%, Test: 58.20%, Best Valid: 66.40%, Best Test: 69.00%
Epoch: 500, Loss: 0.0003, Train: 100.00%, Valid: 58.40%, Test: 57.10%, Best Valid: 66.40%, Best Test: 69.00%
Epoch: 600, Loss: 0.0011, Train: 100.00%, Valid: 58.40%, Test: 56.40%, Best Valid: 66.40%, Best Test: 69.00%
Epoch: 700, Loss: 0.0007, Train: 100.00%, Valid: 60.40%, Test: 58.40%, Best Valid: 66.40%, Best Test: 69.00%
Epoch: 800, Loss: 0.0006, Train: 100.00%, Valid: 60.40%, Test: 59.70%, Best Valid: 66.40%, Best Test: 69.00%
Epoch: 900, Loss: 0.0004, Train: 100.00%, Valid: 59.00%, Test: 59.00%, Best Valid: 66.40%, Best Test: 69.00%
Epoch: 1000, Loss: 0.0005, Train: 100.00%, Valid: 58.80%, Test: 59.50%, Best Valid: 66.40%, Best Test: 69.00%
Run 06:
Highest Train: 100.00
Highest Valid: 66.40
Highest Test: 69.20
Chosen epoch: 66
Final Train: 100.00
Final Test: 69.00
Pre-training MLP for 500 epochs to generate co-occurrence matrix...
MLP pre-training complete. Penalty matrix frozen.
Epoch: 00, Loss: 2.3743, Train: 15.00%, Valid: 21.00%, Test: 15.90%, Best Valid: 21.00%, Best Test: 15.90%
Switching Polynormer to global attention phase.
Epoch: 100, Loss: 1.8813, Train: 16.67%, Valid: 7.80%, Test: 7.20%, Best Valid: 67.20%, Best Test: 69.70%
Epoch: 200, Loss: 0.0039, Train: 100.00%, Valid: 60.20%, Test: 63.70%, Best Valid: 67.20%, Best Test: 69.70%
Epoch: 300, Loss: 0.0018, Train: 100.00%, Valid: 62.40%, Test: 66.00%, Best Valid: 67.20%, Best Test: 69.70%
Epoch: 400, Loss: 0.0002, Train: 100.00%, Valid: 60.40%, Test: 62.80%, Best Valid: 67.20%, Best Test: 69.70%
Epoch: 500, Loss: 0.0027, Train: 100.00%, Valid: 55.00%, Test: 60.60%, Best Valid: 67.20%, Best Test: 69.70%
Epoch: 600, Loss: 0.0012, Train: 100.00%, Valid: 59.40%, Test: 61.00%, Best Valid: 67.20%, Best Test: 69.70%
Epoch: 700, Loss: 0.0008, Train: 100.00%, Valid: 59.00%, Test: 59.20%, Best Valid: 67.20%, Best Test: 69.70%
Epoch: 800, Loss: 0.0005, Train: 100.00%, Valid: 57.60%, Test: 57.70%, Best Valid: 67.20%, Best Test: 69.70%
Epoch: 900, Loss: 0.0058, Train: 100.00%, Valid: 59.20%, Test: 58.70%, Best Valid: 67.20%, Best Test: 69.70%
Epoch: 1000, Loss: 0.0015, Train: 100.00%, Valid: 57.80%, Test: 60.10%, Best Valid: 67.20%, Best Test: 69.70%
Run 07:
Highest Train: 100.00
Highest Valid: 67.20
Highest Test: 69.70
Chosen epoch: 66
Final Train: 100.00
Final Test: 69.70
Pre-training MLP for 500 epochs to generate co-occurrence matrix...
MLP pre-training complete. Penalty matrix frozen.
Epoch: 00, Loss: 2.3552, Train: 25.00%, Valid: 20.20%, Test: 19.80%, Best Valid: 20.20%, Best Test: 19.80%
Switching Polynormer to global attention phase.
Epoch: 100, Loss: 1.8813, Train: 16.67%, Valid: 22.40%, Test: 22.80%, Best Valid: 67.00%, Best Test: 70.10%
Epoch: 200, Loss: 0.0320, Train: 100.00%, Valid: 60.60%, Test: 64.40%, Best Valid: 67.00%, Best Test: 70.10%
Epoch: 300, Loss: 0.0766, Train: 100.00%, Valid: 62.40%, Test: 63.70%, Best Valid: 67.00%, Best Test: 70.10%
Epoch: 400, Loss: 0.0002, Train: 100.00%, Valid: 65.60%, Test: 68.30%, Best Valid: 67.00%, Best Test: 70.10%
Epoch: 500, Loss: 0.0004, Train: 100.00%, Valid: 64.60%, Test: 65.00%, Best Valid: 67.00%, Best Test: 70.10%
Epoch: 600, Loss: 0.0003, Train: 100.00%, Valid: 57.40%, Test: 61.10%, Best Valid: 67.00%, Best Test: 70.10%
Epoch: 700, Loss: 0.0003, Train: 100.00%, Valid: 56.80%, Test: 60.30%, Best Valid: 67.00%, Best Test: 70.10%
Epoch: 800, Loss: 0.0154, Train: 100.00%, Valid: 61.00%, Test: 61.20%, Best Valid: 67.00%, Best Test: 70.10%
Epoch: 900, Loss: 0.0008, Train: 100.00%, Valid: 59.00%, Test: 62.90%, Best Valid: 67.00%, Best Test: 70.10%
Epoch: 1000, Loss: 0.0003, Train: 100.00%, Valid: 54.20%, Test: 56.30%, Best Valid: 67.00%, Best Test: 70.10%
Run 08:
Highest Train: 100.00
Highest Valid: 67.00
Highest Test: 70.60
Chosen epoch: 56
Final Train: 100.00
Final Test: 70.10
Pre-training MLP for 500 epochs to generate co-occurrence matrix...
MLP pre-training complete. Penalty matrix frozen.
Epoch: 00, Loss: 2.1798, Train: 20.00%, Valid: 13.20%, Test: 18.10%, Best Valid: 13.20%, Best Test: 18.10%
Switching Polynormer to global attention phase.
Epoch: 100, Loss: 1.8813, Train: 16.67%, Valid: 16.00%, Test: 18.10%, Best Valid: 66.80%, Best Test: 68.50%
Epoch: 200, Loss: 0.0154, Train: 100.00%, Valid: 58.60%, Test: 61.70%, Best Valid: 66.80%, Best Test: 68.50%
Epoch: 300, Loss: 0.0003, Train: 100.00%, Valid: 60.20%, Test: 60.70%, Best Valid: 66.80%, Best Test: 68.50%
Epoch: 400, Loss: 0.0269, Train: 100.00%, Valid: 57.40%, Test: 57.20%, Best Valid: 66.80%, Best Test: 68.50%
Epoch: 500, Loss: 0.0002, Train: 100.00%, Valid: 52.20%, Test: 56.80%, Best Valid: 66.80%, Best Test: 68.50%
Epoch: 600, Loss: 0.0004, Train: 100.00%, Valid: 55.60%, Test: 55.40%, Best Valid: 66.80%, Best Test: 68.50%
Epoch: 700, Loss: 0.0007, Train: 100.00%, Valid: 56.20%, Test: 54.50%, Best Valid: 66.80%, Best Test: 68.50%
Epoch: 800, Loss: 0.0002, Train: 100.00%, Valid: 59.80%, Test: 60.00%, Best Valid: 66.80%, Best Test: 68.50%
Epoch: 900, Loss: 0.0023, Train: 100.00%, Valid: 59.80%, Test: 60.70%, Best Valid: 66.80%, Best Test: 68.50%
Epoch: 1000, Loss: 0.0003, Train: 100.00%, Valid: 60.40%, Test: 59.80%, Best Valid: 66.80%, Best Test: 68.50%
Run 09:
Highest Train: 100.00
Highest Valid: 66.80
Highest Test: 68.90
Chosen epoch: 57
Final Train: 100.00
Final Test: 68.50
Pre-training MLP for 500 epochs to generate co-occurrence matrix...
MLP pre-training complete. Penalty matrix frozen.
Epoch: 00, Loss: 2.2912, Train: 18.33%, Valid: 17.40%, Test: 20.30%, Best Valid: 17.40%, Best Test: 20.30%
Switching Polynormer to global attention phase.
Epoch: 100, Loss: 1.8813, Train: 16.67%, Valid: 7.80%, Test: 7.20%, Best Valid: 65.60%, Best Test: 69.60%
Epoch: 200, Loss: 0.0605, Train: 100.00%, Valid: 60.40%, Test: 62.60%, Best Valid: 65.60%, Best Test: 69.60%
Epoch: 300, Loss: 0.0120, Train: 100.00%, Valid: 60.20%, Test: 60.70%, Best Valid: 66.00%, Best Test: 65.30%
Epoch: 400, Loss: 0.0003, Train: 100.00%, Valid: 49.20%, Test: 52.40%, Best Valid: 66.00%, Best Test: 65.30%
Epoch: 500, Loss: 0.0002, Train: 100.00%, Valid: 55.60%, Test: 56.50%, Best Valid: 66.00%, Best Test: 65.30%
Epoch: 600, Loss: 0.0003, Train: 100.00%, Valid: 55.40%, Test: 57.90%, Best Valid: 66.00%, Best Test: 65.30%
Epoch: 700, Loss: 0.0001, Train: 100.00%, Valid: 55.40%, Test: 59.20%, Best Valid: 66.00%, Best Test: 65.30%
Epoch: 800, Loss: 0.0003, Train: 100.00%, Valid: 55.60%, Test: 59.80%, Best Valid: 66.00%, Best Test: 65.30%
Epoch: 900, Loss: 0.0003, Train: 100.00%, Valid: 60.40%, Test: 60.10%, Best Valid: 66.00%, Best Test: 65.30%
Epoch: 1000, Loss: 0.0743, Train: 100.00%, Valid: 49.20%, Test: 52.10%, Best Valid: 66.00%, Best Test: 65.30%
Run 10:
Highest Train: 100.00
Highest Valid: 66.00
Highest Test: 69.70
Chosen epoch: 278
Final Train: 100.00
Final Test: 65.30
All runs:
Highest Train: 100.00 ± 0.00
Highest Test: 69.38 ± 1.09
Highest Valid: 66.42 ± 0.96
  Final Train: 99.83 ± 0.35
   Final Test: 68.20 ± 1.97
Saving results to results_tuned/citeseer/polynormer.csv
--- mlp_reg | transform=none | lambda=0.1 | mlp_epochs=500 ---
Namespace(aggregate='add', alpha=0.5, attention='gcn', beta=-1.0, bn=False, cpu=False, data_dir='../data/', dataset='citeseer', device=0, dim_inner=64, display_step=100, dropout=0.5, epochs=500, global_dropout=None, global_epochs=1000, global_layers=2, gnn='gcn', graph_weight=0.8, hidden_channels=64, hops=10, in_dropout=0.2, jk=False, label_num_per_class=20, lambda_val=0.1, layers=1, ln=False, local_epochs=100, local_gnn_type='GCN', local_layers=7, lr=0.001, metric='acc', mlp_epochs=500, mlp_reg=True, model='polynormer', model_dir='models/gt_reg_s_1108501_4', n_heads=8, num_centroids=4096, num_heads=8, oracle_reg=False, paired_seeds=True, pe_types='RWSE', penalty_transform='none', pre_linear=False, pre_ln=False, rand_split=False, rand_split_class=True, reg_start_epoch=10, reg_update_freq=5, res=False, result_dir='results_tuned', runs=10, save_model=True, save_result=False, seed=123, test_num=1000, tr_dropout=None, tr_layers=1, tr_weight_decay=None, train_prop=0.5, use_act=False, use_bn=False, use_graph=False, use_reg=True, use_residual=False, use_weight=False, valid_num=500, valid_prop=0.25, weight_decay=0.0005)
citeseer
Num nodes: 3327
train:torch.Size([120]), valid:torch.Size([500]), test:torch.Size([1000])
dataset citeseer | num nodes 3327 | num edge 9104 | num node feats 3703 | num classes 6
MODEL: Polynormer(
  (h_lins): ModuleList(
    (0): Linear(in_features=512, out_features=512, bias=True)
    (1): Linear(in_features=512, out_features=512, bias=True)
    (2): Linear(in_features=512, out_features=512, bias=True)
    (3): Linear(in_features=512, out_features=512, bias=True)
    (4): Linear(in_features=512, out_features=512, bias=True)
    (5): Linear(in_features=512, out_features=512, bias=True)
    (6): Linear(in_features=512, out_features=512, bias=True)
  )
  (local_convs): ModuleList(
    (0): GATConv(512, 64, heads=8)
    (1): GATConv(512, 64, heads=8)
    (2): GATConv(512, 64, heads=8)
    (3): GATConv(512, 64, heads=8)
    (4): GATConv(512, 64, heads=8)
    (5): GATConv(512, 64, heads=8)
    (6): GATConv(512, 64, heads=8)
  )
  (lins): ModuleList(
    (0): Linear(in_features=512, out_features=512, bias=True)
    (1): Linear(in_features=512, out_features=512, bias=True)
    (2): Linear(in_features=512, out_features=512, bias=True)
    (3): Linear(in_features=512, out_features=512, bias=True)
    (4): Linear(in_features=512, out_features=512, bias=True)
    (5): Linear(in_features=512, out_features=512, bias=True)
    (6): Linear(in_features=512, out_features=512, bias=True)
  )
  (lns): ModuleList(
    (0): LayerNorm((512,), eps=1e-05, elementwise_affine=True)
    (1): LayerNorm((512,), eps=1e-05, elementwise_affine=True)
    (2): LayerNorm((512,), eps=1e-05, elementwise_affine=True)
    (3): LayerNorm((512,), eps=1e-05, elementwise_affine=True)
    (4): LayerNorm((512,), eps=1e-05, elementwise_affine=True)
    (5): LayerNorm((512,), eps=1e-05, elementwise_affine=True)
    (6): LayerNorm((512,), eps=1e-05, elementwise_affine=True)
  )
  (lin_in): Linear(in_features=3703, out_features=512, bias=True)
  (ln): LayerNorm((512,), eps=1e-05, elementwise_affine=True)
  (global_attn): GlobalAttn(
    (h_lins): ModuleList(
      (0): Linear(in_features=512, out_features=512, bias=True)
      (1): Linear(in_features=512, out_features=512, bias=True)
    )
    (k_lins): ModuleList(
      (0): Linear(in_features=512, out_features=512, bias=True)
      (1): Linear(in_features=512, out_features=512, bias=True)
    )
    (v_lins): ModuleList(
      (0): Linear(in_features=512, out_features=512, bias=True)
      (1): Linear(in_features=512, out_features=512, bias=True)
    )
    (lns): ModuleList(
      (0): LayerNorm((512,), eps=1e-05, elementwise_affine=True)
      (1): LayerNorm((512,), eps=1e-05, elementwise_affine=True)
    )
    (lin_out): Linear(in_features=512, out_features=512, bias=True)
  )
  (pred_local): Linear(in_features=512, out_features=6, bias=True)
  (pred_global): Linear(in_features=512, out_features=6, bias=True)
)
Pre-training MLP for 500 epochs to generate co-occurrence matrix...
MLP pre-training complete. Penalty matrix frozen.
Epoch: 00, Loss: 2.4280, Train: 18.33%, Valid: 17.80%, Test: 13.70%, Best Valid: 17.80%, Best Test: 13.70%
Switching Polynormer to global attention phase.
Epoch: 100, Loss: 2.0010, Train: 16.67%, Valid: 20.60%, Test: 20.10%, Best Valid: 64.60%, Best Test: 68.20%
Epoch: 200, Loss: 0.0133, Train: 100.00%, Valid: 61.40%, Test: 63.70%, Best Valid: 66.00%, Best Test: 68.80%
Epoch: 300, Loss: 0.0001, Train: 100.00%, Valid: 60.40%, Test: 61.30%, Best Valid: 66.00%, Best Test: 68.80%
Epoch: 400, Loss: 0.0004, Train: 100.00%, Valid: 58.80%, Test: 61.70%, Best Valid: 66.00%, Best Test: 68.80%
Epoch: 500, Loss: 0.0003, Train: 100.00%, Valid: 59.40%, Test: 62.10%, Best Valid: 66.00%, Best Test: 68.80%
Epoch: 600, Loss: 0.0006, Train: 100.00%, Valid: 60.60%, Test: 61.50%, Best Valid: 66.00%, Best Test: 68.80%
Epoch: 700, Loss: 0.0003, Train: 100.00%, Valid: 58.20%, Test: 59.00%, Best Valid: 66.00%, Best Test: 68.80%
Epoch: 800, Loss: 0.0002, Train: 100.00%, Valid: 56.20%, Test: 59.50%, Best Valid: 66.00%, Best Test: 68.80%
Epoch: 900, Loss: 0.0035, Train: 100.00%, Valid: 60.80%, Test: 63.00%, Best Valid: 66.00%, Best Test: 68.80%
Epoch: 1000, Loss: 0.0001, Train: 100.00%, Valid: 57.60%, Test: 58.30%, Best Valid: 66.00%, Best Test: 68.80%
Run 01:
Highest Train: 100.00
Highest Valid: 66.00
Highest Test: 69.10
Chosen epoch: 120
Final Train: 100.00
Final Test: 68.80
Pre-training MLP for 500 epochs to generate co-occurrence matrix...
MLP pre-training complete. Penalty matrix frozen.
Epoch: 00, Loss: 2.5471, Train: 22.50%, Valid: 16.60%, Test: 18.50%, Best Valid: 16.60%, Best Test: 18.50%
Switching Polynormer to global attention phase.
Epoch: 100, Loss: 1.9709, Train: 16.67%, Valid: 20.60%, Test: 20.10%, Best Valid: 67.60%, Best Test: 69.00%
Epoch: 200, Loss: 0.0760, Train: 100.00%, Valid: 60.60%, Test: 61.00%, Best Valid: 67.60%, Best Test: 69.00%
Epoch: 300, Loss: 0.0014, Train: 100.00%, Valid: 59.00%, Test: 60.50%, Best Valid: 67.60%, Best Test: 69.00%
Epoch: 400, Loss: 0.0003, Train: 100.00%, Valid: 60.80%, Test: 62.40%, Best Valid: 67.60%, Best Test: 69.00%
Epoch: 500, Loss: 0.0027, Train: 100.00%, Valid: 58.00%, Test: 55.60%, Best Valid: 67.60%, Best Test: 69.00%
Epoch: 600, Loss: 0.0009, Train: 100.00%, Valid: 59.80%, Test: 63.20%, Best Valid: 67.60%, Best Test: 69.00%
Epoch: 700, Loss: 0.0006, Train: 100.00%, Valid: 52.40%, Test: 55.60%, Best Valid: 67.60%, Best Test: 69.00%
Epoch: 800, Loss: 0.0005, Train: 100.00%, Valid: 58.20%, Test: 60.10%, Best Valid: 67.60%, Best Test: 69.00%
Epoch: 900, Loss: 0.0005, Train: 100.00%, Valid: 59.20%, Test: 60.80%, Best Valid: 67.60%, Best Test: 69.00%
Epoch: 1000, Loss: 0.0008, Train: 100.00%, Valid: 58.20%, Test: 61.30%, Best Valid: 67.60%, Best Test: 69.00%
Run 02:
Highest Train: 100.00
Highest Valid: 67.60
Highest Test: 70.50
Chosen epoch: 69
Final Train: 100.00
Final Test: 69.00
Pre-training MLP for 500 epochs to generate co-occurrence matrix...
MLP pre-training complete. Penalty matrix frozen.
Epoch: 00, Loss: 2.3298, Train: 23.33%, Valid: 19.20%, Test: 17.80%, Best Valid: 19.20%, Best Test: 17.80%
Switching Polynormer to global attention phase.
Epoch: 100, Loss: 1.9709, Train: 16.67%, Valid: 20.60%, Test: 20.10%, Best Valid: 67.40%, Best Test: 72.10%
Epoch: 200, Loss: 0.0299, Train: 100.00%, Valid: 61.00%, Test: 67.10%, Best Valid: 67.40%, Best Test: 72.10%
Epoch: 300, Loss: 0.0001, Train: 100.00%, Valid: 61.80%, Test: 67.80%, Best Valid: 67.40%, Best Test: 72.10%
Epoch: 400, Loss: 0.0001, Train: 100.00%, Valid: 60.40%, Test: 65.50%, Best Valid: 67.40%, Best Test: 72.10%
Epoch: 500, Loss: 0.0008, Train: 100.00%, Valid: 56.60%, Test: 61.70%, Best Valid: 67.40%, Best Test: 72.10%
Epoch: 600, Loss: 0.0002, Train: 100.00%, Valid: 56.40%, Test: 61.60%, Best Valid: 67.40%, Best Test: 72.10%
Epoch: 700, Loss: 0.0003, Train: 100.00%, Valid: 55.80%, Test: 60.10%, Best Valid: 67.40%, Best Test: 72.10%
Epoch: 800, Loss: 0.0007, Train: 100.00%, Valid: 55.20%, Test: 58.10%, Best Valid: 67.40%, Best Test: 72.10%
Epoch: 900, Loss: 0.0009, Train: 100.00%, Valid: 56.60%, Test: 61.00%, Best Valid: 67.40%, Best Test: 72.10%
Epoch: 1000, Loss: 0.0001, Train: 100.00%, Valid: 56.20%, Test: 60.20%, Best Valid: 67.40%, Best Test: 72.10%
Run 03:
Highest Train: 100.00
Highest Valid: 67.40
Highest Test: 73.00
Chosen epoch: 82
Final Train: 100.00
Final Test: 72.10
Pre-training MLP for 500 epochs to generate co-occurrence matrix...
MLP pre-training complete. Penalty matrix frozen.
Epoch: 00, Loss: 2.3703, Train: 20.83%, Valid: 17.60%, Test: 18.10%, Best Valid: 17.60%, Best Test: 18.10%
Switching Polynormer to global attention phase.
Epoch: 100, Loss: 1.9709, Train: 16.67%, Valid: 16.40%, Test: 15.10%, Best Valid: 65.20%, Best Test: 67.40%
Epoch: 200, Loss: 0.0091, Train: 100.00%, Valid: 59.60%, Test: 61.50%, Best Valid: 65.20%, Best Test: 67.40%
Epoch: 300, Loss: 0.0046, Train: 100.00%, Valid: 51.80%, Test: 52.50%, Best Valid: 65.20%, Best Test: 67.40%
Epoch: 400, Loss: 0.0003, Train: 100.00%, Valid: 60.40%, Test: 62.20%, Best Valid: 65.20%, Best Test: 67.40%
Epoch: 500, Loss: 0.0005, Train: 100.00%, Valid: 61.40%, Test: 65.00%, Best Valid: 65.20%, Best Test: 67.40%
Epoch: 600, Loss: 0.0005, Train: 100.00%, Valid: 58.80%, Test: 61.80%, Best Valid: 65.20%, Best Test: 67.40%
Epoch: 700, Loss: 0.0007, Train: 100.00%, Valid: 59.60%, Test: 60.50%, Best Valid: 65.20%, Best Test: 67.40%
Epoch: 800, Loss: 0.0004, Train: 100.00%, Valid: 58.00%, Test: 62.20%, Best Valid: 65.20%, Best Test: 67.40%
Epoch: 900, Loss: 0.1033, Train: 100.00%, Valid: 58.80%, Test: 60.80%, Best Valid: 65.20%, Best Test: 67.40%
Epoch: 1000, Loss: 0.0003, Train: 100.00%, Valid: 50.60%, Test: 54.70%, Best Valid: 65.20%, Best Test: 67.40%
Run 04:
Highest Train: 100.00
Highest Valid: 65.20
Highest Test: 68.10
Chosen epoch: 56
Final Train: 100.00
Final Test: 67.40
Pre-training MLP for 500 epochs to generate co-occurrence matrix...
MLP pre-training complete. Penalty matrix frozen.
Epoch: 00, Loss: 2.5166, Train: 15.83%, Valid: 17.20%, Test: 16.90%, Best Valid: 17.20%, Best Test: 16.90%
Switching Polynormer to global attention phase.
Epoch: 100, Loss: 1.9709, Train: 16.67%, Valid: 7.80%, Test: 7.20%, Best Valid: 66.00%, Best Test: 68.40%
Epoch: 200, Loss: 0.0666, Train: 100.00%, Valid: 61.60%, Test: 63.50%, Best Valid: 66.00%, Best Test: 68.40%
Epoch: 300, Loss: 0.0017, Train: 100.00%, Valid: 63.20%, Test: 64.80%, Best Valid: 66.00%, Best Test: 68.40%
Epoch: 400, Loss: 0.0012, Train: 100.00%, Valid: 59.60%, Test: 63.30%, Best Valid: 66.00%, Best Test: 68.40%
Epoch: 500, Loss: 0.0319, Train: 100.00%, Valid: 56.20%, Test: 57.80%, Best Valid: 66.00%, Best Test: 68.40%
Epoch: 600, Loss: 0.0040, Train: 100.00%, Valid: 57.80%, Test: 61.30%, Best Valid: 66.00%, Best Test: 68.40%
Epoch: 700, Loss: 0.0007, Train: 100.00%, Valid: 58.40%, Test: 58.90%, Best Valid: 66.00%, Best Test: 68.40%
Epoch: 800, Loss: 0.0005, Train: 100.00%, Valid: 58.00%, Test: 59.20%, Best Valid: 66.00%, Best Test: 68.40%
Epoch: 900, Loss: 0.0005, Train: 100.00%, Valid: 59.40%, Test: 58.90%, Best Valid: 66.00%, Best Test: 68.40%
Epoch: 1000, Loss: 0.0006, Train: 100.00%, Valid: 60.60%, Test: 60.30%, Best Valid: 66.00%, Best Test: 68.40%
Run 05:
Highest Train: 100.00
Highest Valid: 66.00
Highest Test: 69.40
Chosen epoch: 46
Final Train: 99.17
Final Test: 68.40
Pre-training MLP for 500 epochs to generate co-occurrence matrix...
MLP pre-training complete. Penalty matrix frozen.
Epoch: 00, Loss: 2.7111, Train: 21.67%, Valid: 16.40%, Test: 17.80%, Best Valid: 16.40%, Best Test: 17.80%
Switching Polynormer to global attention phase.
Epoch: 100, Loss: 1.9709, Train: 16.67%, Valid: 20.60%, Test: 20.10%, Best Valid: 66.80%, Best Test: 68.30%
Epoch: 200, Loss: 0.0041, Train: 100.00%, Valid: 57.80%, Test: 63.10%, Best Valid: 66.80%, Best Test: 68.30%
Epoch: 300, Loss: 0.0006, Train: 100.00%, Valid: 62.00%, Test: 65.50%, Best Valid: 66.80%, Best Test: 68.30%
Epoch: 400, Loss: 0.0004, Train: 100.00%, Valid: 56.40%, Test: 62.50%, Best Valid: 66.80%, Best Test: 68.30%
Epoch: 500, Loss: 0.0002, Train: 100.00%, Valid: 60.00%, Test: 65.00%, Best Valid: 66.80%, Best Test: 68.30%
Epoch: 600, Loss: 0.0013, Train: 100.00%, Valid: 61.40%, Test: 63.80%, Best Valid: 66.80%, Best Test: 68.30%
Epoch: 700, Loss: 0.0009, Train: 100.00%, Valid: 59.20%, Test: 63.60%, Best Valid: 66.80%, Best Test: 68.30%
Epoch: 800, Loss: 0.0016, Train: 100.00%, Valid: 59.60%, Test: 64.80%, Best Valid: 66.80%, Best Test: 68.30%
Epoch: 900, Loss: 0.0009, Train: 100.00%, Valid: 58.80%, Test: 63.80%, Best Valid: 66.80%, Best Test: 68.30%
Epoch: 1000, Loss: 0.0005, Train: 100.00%, Valid: 59.20%, Test: 63.20%, Best Valid: 66.80%, Best Test: 68.30%
Run 06:
Highest Train: 100.00
Highest Valid: 66.80
Highest Test: 69.40
Chosen epoch: 75
Final Train: 100.00
Final Test: 68.30
Pre-training MLP for 500 epochs to generate co-occurrence matrix...
MLP pre-training complete. Penalty matrix frozen.
Epoch: 00, Loss: 2.4874, Train: 15.00%, Valid: 21.20%, Test: 16.10%, Best Valid: 21.20%, Best Test: 16.10%
Switching Polynormer to global attention phase.
Epoch: 100, Loss: 1.9709, Train: 16.67%, Valid: 7.80%, Test: 7.20%, Best Valid: 67.80%, Best Test: 69.50%
Epoch: 200, Loss: 0.0029, Train: 100.00%, Valid: 63.60%, Test: 63.20%, Best Valid: 67.80%, Best Test: 69.50%
Epoch: 300, Loss: 0.0476, Train: 100.00%, Valid: 57.80%, Test: 57.00%, Best Valid: 67.80%, Best Test: 69.50%
Epoch: 400, Loss: 0.0012, Train: 100.00%, Valid: 61.60%, Test: 61.70%, Best Valid: 67.80%, Best Test: 69.50%
Epoch: 500, Loss: 0.0002, Train: 100.00%, Valid: 60.20%, Test: 62.40%, Best Valid: 67.80%, Best Test: 69.50%
Epoch: 600, Loss: 0.0002, Train: 100.00%, Valid: 60.60%, Test: 63.20%, Best Valid: 67.80%, Best Test: 69.50%
Epoch: 700, Loss: 0.0002, Train: 100.00%, Valid: 58.00%, Test: 60.50%, Best Valid: 67.80%, Best Test: 69.50%
Epoch: 800, Loss: 0.0004, Train: 100.00%, Valid: 60.60%, Test: 63.50%, Best Valid: 67.80%, Best Test: 69.50%
Epoch: 900, Loss: 0.0055, Train: 100.00%, Valid: 60.40%, Test: 60.50%, Best Valid: 67.80%, Best Test: 69.50%
Epoch: 1000, Loss: 0.0018, Train: 100.00%, Valid: 58.60%, Test: 58.10%, Best Valid: 67.80%, Best Test: 69.50%
Run 07:
Highest Train: 100.00
Highest Valid: 67.80
Highest Test: 70.20
Chosen epoch: 88
Final Train: 100.00
Final Test: 69.50
Pre-training MLP for 500 epochs to generate co-occurrence matrix...
MLP pre-training complete. Penalty matrix frozen.
Epoch: 00, Loss: 2.4673, Train: 25.00%, Valid: 19.60%, Test: 20.30%, Best Valid: 19.60%, Best Test: 20.30%
Switching Polynormer to global attention phase.
Epoch: 100, Loss: 1.9709, Train: 16.67%, Valid: 22.40%, Test: 22.80%, Best Valid: 67.40%, Best Test: 69.90%
Epoch: 200, Loss: 0.0507, Train: 100.00%, Valid: 64.40%, Test: 66.40%, Best Valid: 67.40%, Best Test: 69.90%
Epoch: 300, Loss: 0.0001, Train: 100.00%, Valid: 63.60%, Test: 67.30%, Best Valid: 67.40%, Best Test: 69.90%
Epoch: 400, Loss: 0.0006, Train: 100.00%, Valid: 60.40%, Test: 65.10%, Best Valid: 67.40%, Best Test: 69.90%
Epoch: 500, Loss: 0.0003, Train: 100.00%, Valid: 61.40%, Test: 66.20%, Best Valid: 67.40%, Best Test: 69.90%
Epoch: 600, Loss: 0.0012, Train: 100.00%, Valid: 58.40%, Test: 63.50%, Best Valid: 67.40%, Best Test: 69.90%
Epoch: 700, Loss: 0.0003, Train: 100.00%, Valid: 58.80%, Test: 64.60%, Best Valid: 67.40%, Best Test: 69.90%
Epoch: 800, Loss: 0.0002, Train: 100.00%, Valid: 59.60%, Test: 63.50%, Best Valid: 67.40%, Best Test: 69.90%
Epoch: 900, Loss: 0.0010, Train: 100.00%, Valid: 56.80%, Test: 60.30%, Best Valid: 67.40%, Best Test: 69.90%
Epoch: 1000, Loss: 0.0003, Train: 100.00%, Valid: 55.00%, Test: 57.40%, Best Valid: 67.40%, Best Test: 69.90%
Run 08:
Highest Train: 100.00
Highest Valid: 67.40
Highest Test: 70.70
Chosen epoch: 49
Final Train: 100.00
Final Test: 69.90
Pre-training MLP for 500 epochs to generate co-occurrence matrix...
MLP pre-training complete. Penalty matrix frozen.
Epoch: 00, Loss: 2.2836, Train: 20.00%, Valid: 13.60%, Test: 18.10%, Best Valid: 13.60%, Best Test: 18.10%
Switching Polynormer to global attention phase.
Epoch: 100, Loss: 1.9709, Train: 16.67%, Valid: 20.60%, Test: 20.10%, Best Valid: 66.60%, Best Test: 69.50%
Epoch: 200, Loss: 0.0461, Train: 100.00%, Valid: 59.60%, Test: 65.40%, Best Valid: 66.60%, Best Test: 69.50%
Epoch: 300, Loss: 0.1043, Train: 100.00%, Valid: 63.80%, Test: 64.90%, Best Valid: 66.60%, Best Test: 69.50%
Epoch: 400, Loss: 0.0064, Train: 100.00%, Valid: 62.60%, Test: 63.80%, Best Valid: 66.60%, Best Test: 69.50%
Epoch: 500, Loss: 0.0004, Train: 100.00%, Valid: 59.60%, Test: 63.10%, Best Valid: 66.60%, Best Test: 69.50%
Epoch: 600, Loss: 0.0269, Train: 100.00%, Valid: 62.20%, Test: 63.20%, Best Valid: 66.60%, Best Test: 69.50%
Epoch: 700, Loss: 0.0002, Train: 100.00%, Valid: 60.80%, Test: 62.80%, Best Valid: 66.60%, Best Test: 69.50%
Epoch: 800, Loss: 0.0689, Train: 100.00%, Valid: 58.00%, Test: 61.80%, Best Valid: 66.60%, Best Test: 69.50%
Epoch: 900, Loss: 0.0081, Train: 100.00%, Valid: 56.80%, Test: 60.60%, Best Valid: 66.60%, Best Test: 69.50%
Epoch: 1000, Loss: 0.0017, Train: 100.00%, Valid: 55.00%, Test: 57.70%, Best Valid: 66.60%, Best Test: 69.50%
Run 09:
Highest Train: 100.00
Highest Valid: 66.60
Highest Test: 69.80
Chosen epoch: 45
Final Train: 100.00
Final Test: 69.50
Pre-training MLP for 500 epochs to generate co-occurrence matrix...
MLP pre-training complete. Penalty matrix frozen.
Epoch: 00, Loss: 2.4003, Train: 17.50%, Valid: 16.80%, Test: 20.10%, Best Valid: 16.80%, Best Test: 20.10%
Switching Polynormer to global attention phase.
Epoch: 100, Loss: 1.9709, Train: 16.67%, Valid: 7.80%, Test: 7.20%, Best Valid: 67.20%, Best Test: 69.30%
Epoch: 200, Loss: 0.0506, Train: 100.00%, Valid: 60.80%, Test: 64.50%, Best Valid: 67.20%, Best Test: 69.30%
Epoch: 300, Loss: 0.0007, Train: 100.00%, Valid: 62.40%, Test: 63.00%, Best Valid: 67.20%, Best Test: 69.30%
Epoch: 400, Loss: 0.0006, Train: 100.00%, Valid: 59.80%, Test: 60.50%, Best Valid: 67.20%, Best Test: 69.30%
Epoch: 500, Loss: 0.0007, Train: 100.00%, Valid: 57.60%, Test: 59.10%, Best Valid: 67.20%, Best Test: 69.30%
Epoch: 600, Loss: 0.0002, Train: 100.00%, Valid: 61.20%, Test: 63.80%, Best Valid: 67.20%, Best Test: 69.30%
Epoch: 700, Loss: 0.0035, Train: 100.00%, Valid: 55.40%, Test: 55.60%, Best Valid: 67.20%, Best Test: 69.30%
Epoch: 800, Loss: 0.0015, Train: 100.00%, Valid: 54.80%, Test: 54.80%, Best Valid: 67.20%, Best Test: 69.30%
Epoch: 900, Loss: 0.0011, Train: 100.00%, Valid: 47.40%, Test: 49.60%, Best Valid: 67.20%, Best Test: 69.30%
Epoch: 1000, Loss: 0.0001, Train: 100.00%, Valid: 50.00%, Test: 52.50%, Best Valid: 67.20%, Best Test: 69.30%
Run 10:
Highest Train: 100.00
Highest Valid: 67.20
Highest Test: 69.80
Chosen epoch: 77
Final Train: 100.00
Final Test: 69.30
All runs:
Highest Train: 100.00 ± 0.00
Highest Test: 70.00 ± 1.29
Highest Valid: 66.80 ± 0.84
  Final Train: 99.92 ± 0.26
   Final Test: 69.22 ± 1.25
Saving results to results_tuned/citeseer/polynormer.csv
--- mlp_reg | transform=none | lambda=0.2 | mlp_epochs=500 ---
Namespace(aggregate='add', alpha=0.5, attention='gcn', beta=-1.0, bn=False, cpu=False, data_dir='../data/', dataset='citeseer', device=0, dim_inner=64, display_step=100, dropout=0.5, epochs=500, global_dropout=None, global_epochs=1000, global_layers=2, gnn='gcn', graph_weight=0.8, hidden_channels=64, hops=10, in_dropout=0.2, jk=False, label_num_per_class=20, lambda_val=0.2, layers=1, ln=False, local_epochs=100, local_gnn_type='GCN', local_layers=7, lr=0.001, metric='acc', mlp_epochs=500, mlp_reg=True, model='polynormer', model_dir='models/gt_reg_s_1108501_4', n_heads=8, num_centroids=4096, num_heads=8, oracle_reg=False, paired_seeds=True, pe_types='RWSE', penalty_transform='none', pre_linear=False, pre_ln=False, rand_split=False, rand_split_class=True, reg_start_epoch=10, reg_update_freq=5, res=False, result_dir='results_tuned', runs=10, save_model=True, save_result=False, seed=123, test_num=1000, tr_dropout=None, tr_layers=1, tr_weight_decay=None, train_prop=0.5, use_act=False, use_bn=False, use_graph=False, use_reg=True, use_residual=False, use_weight=False, valid_num=500, valid_prop=0.25, weight_decay=0.0005)
citeseer
Num nodes: 3327
train:torch.Size([120]), valid:torch.Size([500]), test:torch.Size([1000])
dataset citeseer | num nodes 3327 | num edge 9104 | num node feats 3703 | num classes 6
MODEL: Polynormer(
  (h_lins): ModuleList(
    (0): Linear(in_features=512, out_features=512, bias=True)
    (1): Linear(in_features=512, out_features=512, bias=True)
    (2): Linear(in_features=512, out_features=512, bias=True)
    (3): Linear(in_features=512, out_features=512, bias=True)
    (4): Linear(in_features=512, out_features=512, bias=True)
    (5): Linear(in_features=512, out_features=512, bias=True)
    (6): Linear(in_features=512, out_features=512, bias=True)
  )
  (local_convs): ModuleList(
    (0): GATConv(512, 64, heads=8)
    (1): GATConv(512, 64, heads=8)
    (2): GATConv(512, 64, heads=8)
    (3): GATConv(512, 64, heads=8)
    (4): GATConv(512, 64, heads=8)
    (5): GATConv(512, 64, heads=8)
    (6): GATConv(512, 64, heads=8)
  )
  (lins): ModuleList(
    (0): Linear(in_features=512, out_features=512, bias=True)
    (1): Linear(in_features=512, out_features=512, bias=True)
    (2): Linear(in_features=512, out_features=512, bias=True)
    (3): Linear(in_features=512, out_features=512, bias=True)
    (4): Linear(in_features=512, out_features=512, bias=True)
    (5): Linear(in_features=512, out_features=512, bias=True)
    (6): Linear(in_features=512, out_features=512, bias=True)
  )
  (lns): ModuleList(
    (0): LayerNorm((512,), eps=1e-05, elementwise_affine=True)
    (1): LayerNorm((512,), eps=1e-05, elementwise_affine=True)
    (2): LayerNorm((512,), eps=1e-05, elementwise_affine=True)
    (3): LayerNorm((512,), eps=1e-05, elementwise_affine=True)
    (4): LayerNorm((512,), eps=1e-05, elementwise_affine=True)
    (5): LayerNorm((512,), eps=1e-05, elementwise_affine=True)
    (6): LayerNorm((512,), eps=1e-05, elementwise_affine=True)
  )
  (lin_in): Linear(in_features=3703, out_features=512, bias=True)
  (ln): LayerNorm((512,), eps=1e-05, elementwise_affine=True)
  (global_attn): GlobalAttn(
    (h_lins): ModuleList(
      (0): Linear(in_features=512, out_features=512, bias=True)
      (1): Linear(in_features=512, out_features=512, bias=True)
    )
    (k_lins): ModuleList(
      (0): Linear(in_features=512, out_features=512, bias=True)
      (1): Linear(in_features=512, out_features=512, bias=True)
    )
    (v_lins): ModuleList(
      (0): Linear(in_features=512, out_features=512, bias=True)
      (1): Linear(in_features=512, out_features=512, bias=True)
    )
    (lns): ModuleList(
      (0): LayerNorm((512,), eps=1e-05, elementwise_affine=True)
      (1): LayerNorm((512,), eps=1e-05, elementwise_affine=True)
    )
    (lin_out): Linear(in_features=512, out_features=512, bias=True)
  )
  (pred_local): Linear(in_features=512, out_features=6, bias=True)
  (pred_global): Linear(in_features=512, out_features=6, bias=True)
)
Pre-training MLP for 500 epochs to generate co-occurrence matrix...
MLP pre-training complete. Penalty matrix frozen.
Epoch: 00, Loss: 2.6488, Train: 16.67%, Valid: 17.00%, Test: 13.90%, Best Valid: 17.00%, Best Test: 13.90%
Switching Polynormer to global attention phase.
Epoch: 100, Loss: 2.1600, Train: 30.00%, Valid: 25.40%, Test: 26.10%, Best Valid: 64.80%, Best Test: 67.60%
Epoch: 200, Loss: 0.0001, Train: 100.00%, Valid: 58.80%, Test: 61.90%, Best Valid: 65.80%, Best Test: 69.40%
Epoch: 300, Loss: 0.0134, Train: 100.00%, Valid: 53.40%, Test: 58.90%, Best Valid: 65.80%, Best Test: 69.40%
Epoch: 400, Loss: 0.0002, Train: 100.00%, Valid: 54.00%, Test: 55.80%, Best Valid: 65.80%, Best Test: 69.40%
Epoch: 500, Loss: 0.0001, Train: 100.00%, Valid: 57.40%, Test: 61.00%, Best Valid: 65.80%, Best Test: 69.40%
Epoch: 600, Loss: 0.0028, Train: 100.00%, Valid: 58.20%, Test: 61.00%, Best Valid: 65.80%, Best Test: 69.40%
Epoch: 700, Loss: 0.0009, Train: 100.00%, Valid: 57.00%, Test: 61.40%, Best Valid: 65.80%, Best Test: 69.40%
Epoch: 800, Loss: 0.0009, Train: 100.00%, Valid: 53.20%, Test: 56.80%, Best Valid: 65.80%, Best Test: 69.40%
Epoch: 900, Loss: 0.0325, Train: 100.00%, Valid: 55.40%, Test: 58.20%, Best Valid: 65.80%, Best Test: 69.40%
Epoch: 1000, Loss: 0.0573, Train: 100.00%, Valid: 54.40%, Test: 58.20%, Best Valid: 65.80%, Best Test: 69.40%
Run 01:
Highest Train: 100.00
Highest Valid: 65.80
Highest Test: 69.40
Chosen epoch: 126
Final Train: 100.00
Final Test: 69.40
Pre-training MLP for 500 epochs to generate co-occurrence matrix...
MLP pre-training complete. Penalty matrix frozen.
Epoch: 00, Loss: 2.7786, Train: 22.50%, Valid: 16.80%, Test: 18.60%, Best Valid: 16.80%, Best Test: 18.60%
Switching Polynormer to global attention phase.
Epoch: 100, Loss: 2.1501, Train: 16.67%, Valid: 20.60%, Test: 20.10%, Best Valid: 67.20%, Best Test: 68.50%
Epoch: 200, Loss: 0.0094, Train: 100.00%, Valid: 60.40%, Test: 62.40%, Best Valid: 67.20%, Best Test: 68.50%
Epoch: 300, Loss: 0.0054, Train: 100.00%, Valid: 58.00%, Test: 59.80%, Best Valid: 67.20%, Best Test: 68.50%
Epoch: 400, Loss: 0.0000, Train: 100.00%, Valid: 57.60%, Test: 59.30%, Best Valid: 67.20%, Best Test: 68.50%
Epoch: 500, Loss: 0.0001, Train: 100.00%, Valid: 56.20%, Test: 57.00%, Best Valid: 67.20%, Best Test: 68.50%
Epoch: 600, Loss: 0.1598, Train: 100.00%, Valid: 52.60%, Test: 54.50%, Best Valid: 67.20%, Best Test: 68.50%
Epoch: 700, Loss: 0.0961, Train: 100.00%, Valid: 55.80%, Test: 58.90%, Best Valid: 67.20%, Best Test: 68.50%
Epoch: 800, Loss: 0.0040, Train: 100.00%, Valid: 60.60%, Test: 60.00%, Best Valid: 67.20%, Best Test: 68.50%
Epoch: 900, Loss: 0.0008, Train: 100.00%, Valid: 61.00%, Test: 60.00%, Best Valid: 67.20%, Best Test: 68.50%
Epoch: 1000, Loss: 0.0006, Train: 100.00%, Valid: 58.00%, Test: 53.70%, Best Valid: 67.20%, Best Test: 68.50%
Run 02:
Highest Train: 100.00
Highest Valid: 67.20
Highest Test: 70.00
Chosen epoch: 97
Final Train: 100.00
Final Test: 68.50
Pre-training MLP for 500 epochs to generate co-occurrence matrix...
MLP pre-training complete. Penalty matrix frozen.
Epoch: 00, Loss: 2.5416, Train: 22.50%, Valid: 19.00%, Test: 18.00%, Best Valid: 19.00%, Best Test: 18.00%
Switching Polynormer to global attention phase.
Epoch: 100, Loss: 2.1501, Train: 16.67%, Valid: 16.00%, Test: 18.10%, Best Valid: 65.40%, Best Test: 68.60%
Epoch: 200, Loss: 0.2778, Train: 100.00%, Valid: 64.00%, Test: 65.80%, Best Valid: 66.60%, Best Test: 69.20%
Epoch: 300, Loss: 0.0106, Train: 100.00%, Valid: 60.40%, Test: 60.00%, Best Valid: 66.60%, Best Test: 69.20%
Epoch: 400, Loss: 0.0003, Train: 100.00%, Valid: 57.60%, Test: 61.30%, Best Valid: 66.60%, Best Test: 69.20%
Epoch: 500, Loss: 0.0155, Train: 100.00%, Valid: 59.80%, Test: 62.30%, Best Valid: 66.60%, Best Test: 69.20%
Epoch: 600, Loss: 0.0002, Train: 100.00%, Valid: 58.60%, Test: 62.40%, Best Valid: 66.60%, Best Test: 69.20%
Epoch: 700, Loss: 0.0008, Train: 100.00%, Valid: 59.80%, Test: 64.70%, Best Valid: 66.60%, Best Test: 69.20%
Epoch: 800, Loss: 0.0004, Train: 100.00%, Valid: 59.60%, Test: 63.30%, Best Valid: 66.60%, Best Test: 69.20%
Epoch: 900, Loss: 0.0007, Train: 100.00%, Valid: 59.20%, Test: 63.00%, Best Valid: 66.60%, Best Test: 69.20%
Epoch: 1000, Loss: 0.0611, Train: 100.00%, Valid: 59.60%, Test: 60.50%, Best Valid: 66.60%, Best Test: 69.20%
Run 03:
Highest Train: 100.00
Highest Valid: 66.60
Highest Test: 69.50
Chosen epoch: 195
Final Train: 100.00
Final Test: 69.20
Pre-training MLP for 500 epochs to generate co-occurrence matrix...
MLP pre-training complete. Penalty matrix frozen.
Epoch: 00, Loss: 2.5858, Train: 20.83%, Valid: 17.40%, Test: 17.90%, Best Valid: 17.40%, Best Test: 17.90%
Switching Polynormer to global attention phase.
Epoch: 100, Loss: 2.1501, Train: 16.67%, Valid: 7.80%, Test: 7.20%, Best Valid: 64.80%, Best Test: 68.30%
Epoch: 200, Loss: 0.0502, Train: 100.00%, Valid: 60.00%, Test: 61.70%, Best Valid: 64.80%, Best Test: 68.30%
Epoch: 300, Loss: 0.0010, Train: 100.00%, Valid: 54.20%, Test: 57.90%, Best Valid: 64.80%, Best Test: 68.30%
Epoch: 400, Loss: 0.0001, Train: 100.00%, Valid: 55.00%, Test: 58.80%, Best Valid: 64.80%, Best Test: 68.30%
Epoch: 500, Loss: 0.0004, Train: 100.00%, Valid: 54.00%, Test: 58.10%, Best Valid: 64.80%, Best Test: 68.30%
Epoch: 600, Loss: 0.0006, Train: 100.00%, Valid: 54.20%, Test: 58.30%, Best Valid: 64.80%, Best Test: 68.30%
Epoch: 700, Loss: 0.0003, Train: 100.00%, Valid: 57.20%, Test: 60.80%, Best Valid: 64.80%, Best Test: 68.30%
Epoch: 800, Loss: 0.0015, Train: 100.00%, Valid: 53.80%, Test: 58.70%, Best Valid: 64.80%, Best Test: 68.30%
Epoch: 900, Loss: 0.0005, Train: 100.00%, Valid: 55.60%, Test: 58.90%, Best Valid: 64.80%, Best Test: 68.30%
Epoch: 1000, Loss: 0.0004, Train: 100.00%, Valid: 57.40%, Test: 61.90%, Best Valid: 64.80%, Best Test: 68.30%
Run 04:
Highest Train: 100.00
Highest Valid: 64.80
Highest Test: 68.70
Chosen epoch: 90
Final Train: 100.00
Final Test: 68.30
Pre-training MLP for 500 epochs to generate co-occurrence matrix...
MLP pre-training complete. Penalty matrix frozen.
Epoch: 00, Loss: 2.7454, Train: 16.67%, Valid: 17.20%, Test: 16.00%, Best Valid: 17.20%, Best Test: 16.00%
Switching Polynormer to global attention phase.
Epoch: 100, Loss: 2.1501, Train: 16.67%, Valid: 20.60%, Test: 20.10%, Best Valid: 67.00%, Best Test: 67.40%
Epoch: 200, Loss: 0.0055, Train: 100.00%, Valid: 60.00%, Test: 62.80%, Best Valid: 67.00%, Best Test: 67.40%
Epoch: 300, Loss: 0.0024, Train: 100.00%, Valid: 61.20%, Test: 65.00%, Best Valid: 67.00%, Best Test: 67.40%
Epoch: 400, Loss: 0.0006, Train: 100.00%, Valid: 60.20%, Test: 63.50%, Best Valid: 67.00%, Best Test: 67.40%
Epoch: 500, Loss: 0.0003, Train: 100.00%, Valid: 59.60%, Test: 62.40%, Best Valid: 67.00%, Best Test: 67.40%
Epoch: 600, Loss: 0.0009, Train: 100.00%, Valid: 56.20%, Test: 58.00%, Best Valid: 67.00%, Best Test: 67.40%
Epoch: 700, Loss: 0.0542, Train: 100.00%, Valid: 57.20%, Test: 59.70%, Best Valid: 67.00%, Best Test: 67.40%
Epoch: 800, Loss: 0.0004, Train: 100.00%, Valid: 56.60%, Test: 58.60%, Best Valid: 67.00%, Best Test: 67.40%
Epoch: 900, Loss: 0.0022, Train: 100.00%, Valid: 53.80%, Test: 55.20%, Best Valid: 67.00%, Best Test: 67.40%
Epoch: 1000, Loss: 0.0031, Train: 100.00%, Valid: 57.20%, Test: 57.80%, Best Valid: 67.00%, Best Test: 67.40%
Run 05:
Highest Train: 100.00
Highest Valid: 67.00
Highest Test: 69.60
Chosen epoch: 92
Final Train: 100.00
Final Test: 67.40
Pre-training MLP for 500 epochs to generate co-occurrence matrix...
MLP pre-training complete. Penalty matrix frozen.
Epoch: 00, Loss: 2.9575, Train: 21.67%, Valid: 16.80%, Test: 17.80%, Best Valid: 16.80%, Best Test: 17.80%
Switching Polynormer to global attention phase.
Epoch: 100, Loss: 2.1501, Train: 16.67%, Valid: 16.00%, Test: 18.10%, Best Valid: 63.80%, Best Test: 67.10%
Epoch: 200, Loss: 0.0406, Train: 100.00%, Valid: 59.60%, Test: 66.30%, Best Valid: 64.60%, Best Test: 68.20%
Epoch: 300, Loss: 0.0025, Train: 100.00%, Valid: 57.00%, Test: 60.00%, Best Valid: 64.60%, Best Test: 68.20%
Epoch: 400, Loss: 0.0139, Train: 100.00%, Valid: 55.20%, Test: 57.90%, Best Valid: 64.60%, Best Test: 68.20%
Epoch: 500, Loss: 0.0026, Train: 100.00%, Valid: 57.20%, Test: 57.70%, Best Valid: 64.60%, Best Test: 68.20%
Epoch: 600, Loss: 0.0008, Train: 100.00%, Valid: 58.20%, Test: 59.20%, Best Valid: 64.60%, Best Test: 68.20%
Epoch: 700, Loss: 0.0022, Train: 100.00%, Valid: 58.20%, Test: 59.10%, Best Valid: 64.60%, Best Test: 68.20%
Epoch: 800, Loss: 0.0006, Train: 100.00%, Valid: 57.60%, Test: 59.90%, Best Valid: 64.60%, Best Test: 68.20%
Epoch: 900, Loss: 0.0003, Train: 100.00%, Valid: 58.60%, Test: 60.70%, Best Valid: 64.60%, Best Test: 68.20%
Epoch: 1000, Loss: 0.0006, Train: 100.00%, Valid: 55.20%, Test: 59.30%, Best Valid: 64.60%, Best Test: 68.20%
Run 06:
Highest Train: 100.00
Highest Valid: 64.60
Highest Test: 68.30
Chosen epoch: 172
Final Train: 100.00
Final Test: 68.20
Pre-training MLP for 500 epochs to generate co-occurrence matrix...
MLP pre-training complete. Penalty matrix frozen.
Epoch: 00, Loss: 2.7135, Train: 14.17%, Valid: 21.20%, Test: 16.40%, Best Valid: 21.20%, Best Test: 16.40%
Switching Polynormer to global attention phase.
Epoch: 100, Loss: 2.1501, Train: 16.67%, Valid: 20.60%, Test: 20.10%, Best Valid: 68.20%, Best Test: 69.90%
Epoch: 200, Loss: 0.0449, Train: 100.00%, Valid: 61.80%, Test: 64.30%, Best Valid: 68.20%, Best Test: 69.90%
Epoch: 300, Loss: 0.0001, Train: 100.00%, Valid: 62.00%, Test: 62.60%, Best Valid: 68.20%, Best Test: 69.90%
Epoch: 400, Loss: 0.0002, Train: 100.00%, Valid: 59.80%, Test: 63.30%, Best Valid: 68.20%, Best Test: 69.90%
Epoch: 500, Loss: 0.0002, Train: 100.00%, Valid: 61.40%, Test: 64.60%, Best Valid: 68.20%, Best Test: 69.90%
Epoch: 600, Loss: 0.0006, Train: 100.00%, Valid: 60.00%, Test: 64.00%, Best Valid: 68.20%, Best Test: 69.90%
Epoch: 700, Loss: 0.0004, Train: 100.00%, Valid: 61.00%, Test: 62.90%, Best Valid: 68.20%, Best Test: 69.90%
Epoch: 800, Loss: 0.0194, Train: 100.00%, Valid: 58.60%, Test: 60.60%, Best Valid: 68.20%, Best Test: 69.90%
Epoch: 900, Loss: 0.0058, Train: 100.00%, Valid: 55.20%, Test: 57.20%, Best Valid: 68.20%, Best Test: 69.90%
Epoch: 1000, Loss: 0.0875, Train: 100.00%, Valid: 49.80%, Test: 51.10%, Best Valid: 68.20%, Best Test: 69.90%
Run 07:
Highest Train: 100.00
Highest Valid: 68.20
Highest Test: 69.90
Chosen epoch: 98
Final Train: 100.00
Final Test: 69.90
Pre-training MLP for 500 epochs to generate co-occurrence matrix...
MLP pre-training complete. Penalty matrix frozen.
Epoch: 00, Loss: 2.6916, Train: 25.00%, Valid: 21.40%, Test: 20.30%, Best Valid: 21.40%, Best Test: 20.30%
Switching Polynormer to global attention phase.
Epoch: 100, Loss: 2.1501, Train: 16.67%, Valid: 22.40%, Test: 22.80%, Best Valid: 66.80%, Best Test: 71.40%
Epoch: 200, Loss: 0.0315, Train: 100.00%, Valid: 61.60%, Test: 64.20%, Best Valid: 66.80%, Best Test: 71.40%
Epoch: 300, Loss: 0.0030, Train: 100.00%, Valid: 61.00%, Test: 63.90%, Best Valid: 66.80%, Best Test: 71.40%
Epoch: 400, Loss: 0.0004, Train: 100.00%, Valid: 56.60%, Test: 59.50%, Best Valid: 66.80%, Best Test: 71.40%
Epoch: 500, Loss: 0.0005, Train: 100.00%, Valid: 57.40%, Test: 58.20%, Best Valid: 66.80%, Best Test: 71.40%
Epoch: 600, Loss: 0.0058, Train: 100.00%, Valid: 59.60%, Test: 63.40%, Best Valid: 66.80%, Best Test: 71.40%
Epoch: 700, Loss: 0.0007, Train: 100.00%, Valid: 59.20%, Test: 60.80%, Best Valid: 66.80%, Best Test: 71.40%
Epoch: 800, Loss: 0.0003, Train: 100.00%, Valid: 59.60%, Test: 61.00%, Best Valid: 66.80%, Best Test: 71.40%
Epoch: 900, Loss: 0.0007, Train: 100.00%, Valid: 59.40%, Test: 58.00%, Best Valid: 66.80%, Best Test: 71.40%
Epoch: 1000, Loss: 0.0009, Train: 100.00%, Valid: 56.60%, Test: 58.60%, Best Valid: 66.80%, Best Test: 71.40%
Run 08:
Highest Train: 100.00
Highest Valid: 66.80
Highest Test: 71.50
Chosen epoch: 54
Final Train: 100.00
Final Test: 71.40
Pre-training MLP for 500 epochs to generate co-occurrence matrix...
MLP pre-training complete. Penalty matrix frozen.
Epoch: 00, Loss: 2.4912, Train: 20.00%, Valid: 14.20%, Test: 18.20%, Best Valid: 14.20%, Best Test: 18.20%
Switching Polynormer to global attention phase.
Epoch: 100, Loss: 2.1501, Train: 16.67%, Valid: 16.00%, Test: 18.10%, Best Valid: 64.20%, Best Test: 67.20%
Epoch: 200, Loss: 0.0015, Train: 100.00%, Valid: 56.80%, Test: 58.40%, Best Valid: 64.80%, Best Test: 64.00%
Epoch: 300, Loss: 0.0009, Train: 100.00%, Valid: 56.60%, Test: 60.60%, Best Valid: 64.80%, Best Test: 64.00%
Epoch: 400, Loss: 0.0040, Train: 100.00%, Valid: 58.40%, Test: 60.30%, Best Valid: 64.80%, Best Test: 64.00%
Epoch: 500, Loss: 0.0008, Train: 100.00%, Valid: 53.80%, Test: 58.20%, Best Valid: 64.80%, Best Test: 64.00%
Epoch: 600, Loss: 0.0014, Train: 100.00%, Valid: 59.80%, Test: 63.80%, Best Valid: 64.80%, Best Test: 64.00%
Epoch: 700, Loss: 0.0005, Train: 100.00%, Valid: 58.60%, Test: 61.10%, Best Valid: 64.80%, Best Test: 64.00%
Epoch: 800, Loss: 0.0018, Train: 100.00%, Valid: 58.20%, Test: 59.60%, Best Valid: 64.80%, Best Test: 64.00%
Epoch: 900, Loss: 0.0008, Train: 100.00%, Valid: 59.60%, Test: 61.20%, Best Valid: 64.80%, Best Test: 64.00%
Epoch: 1000, Loss: 0.0024, Train: 100.00%, Valid: 53.00%, Test: 54.40%, Best Valid: 64.80%, Best Test: 64.00%
Run 09:
Highest Train: 100.00
Highest Valid: 64.80
Highest Test: 68.40
Chosen epoch: 163
Final Train: 100.00
Final Test: 64.00
Pre-training MLP for 500 epochs to generate co-occurrence matrix...
MLP pre-training complete. Penalty matrix frozen.
Epoch: 00, Loss: 2.6185, Train: 18.33%, Valid: 17.80%, Test: 20.10%, Best Valid: 17.80%, Best Test: 20.10%
Switching Polynormer to global attention phase.
Epoch: 100, Loss: 2.1501, Train: 16.67%, Valid: 7.80%, Test: 7.20%, Best Valid: 67.20%, Best Test: 69.10%
Epoch: 200, Loss: 0.0856, Train: 100.00%, Valid: 59.00%, Test: 61.40%, Best Valid: 67.20%, Best Test: 69.10%
Epoch: 300, Loss: 0.0001, Train: 100.00%, Valid: 61.80%, Test: 65.10%, Best Valid: 67.20%, Best Test: 69.10%
Epoch: 400, Loss: 0.0197, Train: 100.00%, Valid: 54.80%, Test: 58.90%, Best Valid: 67.20%, Best Test: 69.10%
Epoch: 500, Loss: 0.0045, Train: 100.00%, Valid: 60.00%, Test: 64.10%, Best Valid: 67.20%, Best Test: 69.10%
Epoch: 600, Loss: 0.0006, Train: 100.00%, Valid: 57.20%, Test: 63.50%, Best Valid: 67.20%, Best Test: 69.10%
Epoch: 700, Loss: 0.0016, Train: 100.00%, Valid: 56.60%, Test: 61.90%, Best Valid: 67.20%, Best Test: 69.10%
Epoch: 800, Loss: 0.0003, Train: 100.00%, Valid: 56.80%, Test: 59.50%, Best Valid: 67.20%, Best Test: 69.10%
Epoch: 900, Loss: 0.0005, Train: 100.00%, Valid: 60.80%, Test: 63.30%, Best Valid: 67.20%, Best Test: 69.10%
Epoch: 1000, Loss: 0.0162, Train: 100.00%, Valid: 55.00%, Test: 59.20%, Best Valid: 67.20%, Best Test: 69.10%
Run 10:
Highest Train: 100.00
Highest Valid: 67.20
Highest Test: 69.70
Chosen epoch: 79
Final Train: 100.00
Final Test: 69.10
All runs:
Highest Train: 100.00 ± 0.00
Highest Test: 69.50 ± 0.93
Highest Valid: 66.30 ± 1.23
  Final Train: 100.00 ± 0.00
   Final Test: 68.54 ± 1.93
Saving results to results_tuned/citeseer/polynormer.csv
--- mlp_reg | transform=none | lambda=0.4 | mlp_epochs=500 ---
Namespace(aggregate='add', alpha=0.5, attention='gcn', beta=-1.0, bn=False, cpu=False, data_dir='../data/', dataset='citeseer', device=0, dim_inner=64, display_step=100, dropout=0.5, epochs=500, global_dropout=None, global_epochs=1000, global_layers=2, gnn='gcn', graph_weight=0.8, hidden_channels=64, hops=10, in_dropout=0.2, jk=False, label_num_per_class=20, lambda_val=0.4, layers=1, ln=False, local_epochs=100, local_gnn_type='GCN', local_layers=7, lr=0.001, metric='acc', mlp_epochs=500, mlp_reg=True, model='polynormer', model_dir='models/gt_reg_s_1108501_4', n_heads=8, num_centroids=4096, num_heads=8, oracle_reg=False, paired_seeds=True, pe_types='RWSE', penalty_transform='none', pre_linear=False, pre_ln=False, rand_split=False, rand_split_class=True, reg_start_epoch=10, reg_update_freq=5, res=False, result_dir='results_tuned', runs=10, save_model=True, save_result=False, seed=123, test_num=1000, tr_dropout=None, tr_layers=1, tr_weight_decay=None, train_prop=0.5, use_act=False, use_bn=False, use_graph=False, use_reg=True, use_residual=False, use_weight=False, valid_num=500, valid_prop=0.25, weight_decay=0.0005)
citeseer
Num nodes: 3327
train:torch.Size([120]), valid:torch.Size([500]), test:torch.Size([1000])
dataset citeseer | num nodes 3327 | num edge 9104 | num node feats 3703 | num classes 6
MODEL: Polynormer(
  (h_lins): ModuleList(
    (0): Linear(in_features=512, out_features=512, bias=True)
    (1): Linear(in_features=512, out_features=512, bias=True)
    (2): Linear(in_features=512, out_features=512, bias=True)
    (3): Linear(in_features=512, out_features=512, bias=True)
    (4): Linear(in_features=512, out_features=512, bias=True)
    (5): Linear(in_features=512, out_features=512, bias=True)
    (6): Linear(in_features=512, out_features=512, bias=True)
  )
  (local_convs): ModuleList(
    (0): GATConv(512, 64, heads=8)
    (1): GATConv(512, 64, heads=8)
    (2): GATConv(512, 64, heads=8)
    (3): GATConv(512, 64, heads=8)
    (4): GATConv(512, 64, heads=8)
    (5): GATConv(512, 64, heads=8)
    (6): GATConv(512, 64, heads=8)
  )
  (lins): ModuleList(
    (0): Linear(in_features=512, out_features=512, bias=True)
    (1): Linear(in_features=512, out_features=512, bias=True)
    (2): Linear(in_features=512, out_features=512, bias=True)
    (3): Linear(in_features=512, out_features=512, bias=True)
    (4): Linear(in_features=512, out_features=512, bias=True)
    (5): Linear(in_features=512, out_features=512, bias=True)
    (6): Linear(in_features=512, out_features=512, bias=True)
  )
  (lns): ModuleList(
    (0): LayerNorm((512,), eps=1e-05, elementwise_affine=True)
    (1): LayerNorm((512,), eps=1e-05, elementwise_affine=True)
    (2): LayerNorm((512,), eps=1e-05, elementwise_affine=True)
    (3): LayerNorm((512,), eps=1e-05, elementwise_affine=True)
    (4): LayerNorm((512,), eps=1e-05, elementwise_affine=True)
    (5): LayerNorm((512,), eps=1e-05, elementwise_affine=True)
    (6): LayerNorm((512,), eps=1e-05, elementwise_affine=True)
  )
  (lin_in): Linear(in_features=3703, out_features=512, bias=True)
  (ln): LayerNorm((512,), eps=1e-05, elementwise_affine=True)
  (global_attn): GlobalAttn(
    (h_lins): ModuleList(
      (0): Linear(in_features=512, out_features=512, bias=True)
      (1): Linear(in_features=512, out_features=512, bias=True)
    )
    (k_lins): ModuleList(
      (0): Linear(in_features=512, out_features=512, bias=True)
      (1): Linear(in_features=512, out_features=512, bias=True)
    )
    (v_lins): ModuleList(
      (0): Linear(in_features=512, out_features=512, bias=True)
      (1): Linear(in_features=512, out_features=512, bias=True)
    )
    (lns): ModuleList(
      (0): LayerNorm((512,), eps=1e-05, elementwise_affine=True)
      (1): LayerNorm((512,), eps=1e-05, elementwise_affine=True)
    )
    (lin_out): Linear(in_features=512, out_features=512, bias=True)
  )
  (pred_local): Linear(in_features=512, out_features=6, bias=True)
  (pred_global): Linear(in_features=512, out_features=6, bias=True)
)
Pre-training MLP for 500 epochs to generate co-occurrence matrix...
MLP pre-training complete. Penalty matrix frozen.
Epoch: 00, Loss: 3.0902, Train: 16.67%, Valid: 16.60%, Test: 14.10%, Best Valid: 16.60%, Best Test: 14.10%
Switching Polynormer to global attention phase.
Epoch: 100, Loss: 2.5349, Train: 50.83%, Valid: 38.80%, Test: 40.40%, Best Valid: 63.40%, Best Test: 68.90%
Epoch: 200, Loss: 0.0015, Train: 100.00%, Valid: 57.60%, Test: 59.80%, Best Valid: 65.40%, Best Test: 68.10%
Epoch: 300, Loss: 0.0002, Train: 100.00%, Valid: 60.40%, Test: 60.50%, Best Valid: 65.40%, Best Test: 68.10%
Epoch: 400, Loss: 0.0001, Train: 100.00%, Valid: 55.00%, Test: 57.10%, Best Valid: 65.40%, Best Test: 68.10%
Epoch: 500, Loss: 0.0007, Train: 100.00%, Valid: 63.00%, Test: 60.50%, Best Valid: 65.40%, Best Test: 68.10%
Epoch: 600, Loss: 0.0001, Train: 100.00%, Valid: 60.00%, Test: 60.80%, Best Valid: 65.40%, Best Test: 68.10%
Epoch: 700, Loss: 0.0002, Train: 100.00%, Valid: 61.60%, Test: 61.50%, Best Valid: 65.40%, Best Test: 68.10%
Epoch: 800, Loss: 0.0001, Train: 100.00%, Valid: 63.40%, Test: 60.90%, Best Valid: 65.40%, Best Test: 68.10%
Epoch: 900, Loss: 0.0004, Train: 100.00%, Valid: 63.80%, Test: 61.00%, Best Valid: 65.40%, Best Test: 68.10%
Epoch: 1000, Loss: 0.0010, Train: 100.00%, Valid: 62.20%, Test: 61.60%, Best Valid: 65.40%, Best Test: 68.10%
Run 01:
Highest Train: 100.00
Highest Valid: 65.40
Highest Test: 69.40
Chosen epoch: 122
Final Train: 100.00
Final Test: 68.10
Pre-training MLP for 500 epochs to generate co-occurrence matrix...
MLP pre-training complete. Penalty matrix frozen.
Epoch: 00, Loss: 3.2418, Train: 22.50%, Valid: 16.40%, Test: 19.40%, Best Valid: 16.40%, Best Test: 19.40%
Switching Polynormer to global attention phase.
Epoch: 100, Loss: 2.5085, Train: 16.67%, Valid: 7.80%, Test: 7.20%, Best Valid: 65.60%, Best Test: 69.20%
Epoch: 200, Loss: 0.1079, Train: 100.00%, Valid: 59.40%, Test: 61.60%, Best Valid: 65.60%, Best Test: 69.20%
Epoch: 300, Loss: 0.0006, Train: 100.00%, Valid: 59.60%, Test: 60.50%, Best Valid: 65.60%, Best Test: 69.20%
Epoch: 400, Loss: 0.0002, Train: 100.00%, Valid: 62.40%, Test: 64.50%, Best Valid: 65.60%, Best Test: 69.20%
Epoch: 500, Loss: 0.0006, Train: 100.00%, Valid: 59.20%, Test: 63.10%, Best Valid: 65.60%, Best Test: 69.20%
Epoch: 600, Loss: 0.0011, Train: 100.00%, Valid: 58.80%, Test: 62.70%, Best Valid: 65.60%, Best Test: 69.20%
Epoch: 700, Loss: 0.0041, Train: 100.00%, Valid: 60.80%, Test: 64.40%, Best Valid: 65.60%, Best Test: 69.20%
Epoch: 800, Loss: 0.0060, Train: 100.00%, Valid: 57.80%, Test: 60.50%, Best Valid: 65.60%, Best Test: 69.20%
Epoch: 900, Loss: 0.0015, Train: 100.00%, Valid: 55.00%, Test: 56.60%, Best Valid: 65.60%, Best Test: 69.20%
Epoch: 1000, Loss: 0.0020, Train: 100.00%, Valid: 56.60%, Test: 62.50%, Best Valid: 65.60%, Best Test: 69.20%
Run 02:
Highest Train: 100.00
Highest Valid: 65.60
Highest Test: 69.90
Chosen epoch: 46
Final Train: 100.00
Final Test: 69.20
Pre-training MLP for 500 epochs to generate co-occurrence matrix...
MLP pre-training complete. Penalty matrix frozen.
Epoch: 00, Loss: 2.9652, Train: 22.50%, Valid: 17.80%, Test: 18.20%, Best Valid: 17.80%, Best Test: 18.20%
Switching Polynormer to global attention phase.
Epoch: 100, Loss: 2.5085, Train: 16.67%, Valid: 20.60%, Test: 20.10%, Best Valid: 67.20%, Best Test: 69.50%
Epoch: 200, Loss: 0.0297, Train: 100.00%, Valid: 59.20%, Test: 62.40%, Best Valid: 67.20%, Best Test: 69.50%
Epoch: 300, Loss: 0.0021, Train: 100.00%, Valid: 62.60%, Test: 63.30%, Best Valid: 67.20%, Best Test: 69.50%
Epoch: 400, Loss: 0.0004, Train: 100.00%, Valid: 63.80%, Test: 65.00%, Best Valid: 67.20%, Best Test: 69.50%
Epoch: 500, Loss: 0.0003, Train: 100.00%, Valid: 60.00%, Test: 60.30%, Best Valid: 67.20%, Best Test: 69.50%
Epoch: 600, Loss: 0.0002, Train: 100.00%, Valid: 63.00%, Test: 65.70%, Best Valid: 67.20%, Best Test: 69.50%
Epoch: 700, Loss: 0.0010, Train: 100.00%, Valid: 61.80%, Test: 65.00%, Best Valid: 67.20%, Best Test: 69.50%
Epoch: 800, Loss: 0.0019, Train: 100.00%, Valid: 55.20%, Test: 59.20%, Best Valid: 67.20%, Best Test: 69.50%
Epoch: 900, Loss: 0.0013, Train: 100.00%, Valid: 62.00%, Test: 61.80%, Best Valid: 67.20%, Best Test: 69.50%
Epoch: 1000, Loss: 0.0002, Train: 100.00%, Valid: 54.40%, Test: 56.00%, Best Valid: 67.20%, Best Test: 69.50%
Run 03:
Highest Train: 100.00
Highest Valid: 67.20
Highest Test: 70.00
Chosen epoch: 68
Final Train: 100.00
Final Test: 69.50
Pre-training MLP for 500 epochs to generate co-occurrence matrix...
MLP pre-training complete. Penalty matrix frozen.
Epoch: 00, Loss: 3.0168, Train: 20.00%, Valid: 17.80%, Test: 18.00%, Best Valid: 17.80%, Best Test: 18.00%
Switching Polynormer to global attention phase.
Epoch: 100, Loss: 2.5085, Train: 16.67%, Valid: 16.40%, Test: 15.10%, Best Valid: 64.00%, Best Test: 67.80%
Epoch: 200, Loss: 0.0211, Train: 100.00%, Valid: 57.20%, Test: 60.20%, Best Valid: 64.00%, Best Test: 67.80%
Epoch: 300, Loss: 0.0032, Train: 100.00%, Valid: 60.00%, Test: 61.40%, Best Valid: 64.00%, Best Test: 67.80%
Epoch: 400, Loss: 0.0005, Train: 100.00%, Valid: 61.20%, Test: 62.00%, Best Valid: 64.00%, Best Test: 67.80%
Epoch: 500, Loss: 0.0004, Train: 100.00%, Valid: 61.60%, Test: 62.50%, Best Valid: 64.00%, Best Test: 67.80%
Epoch: 600, Loss: 0.0043, Train: 100.00%, Valid: 55.60%, Test: 58.80%, Best Valid: 64.00%, Best Test: 67.80%
Epoch: 700, Loss: 0.0019, Train: 100.00%, Valid: 53.40%, Test: 58.60%, Best Valid: 64.00%, Best Test: 67.80%
Epoch: 800, Loss: 0.0024, Train: 100.00%, Valid: 51.40%, Test: 53.20%, Best Valid: 64.00%, Best Test: 67.80%
Epoch: 900, Loss: 0.0002, Train: 100.00%, Valid: 57.80%, Test: 60.50%, Best Valid: 64.00%, Best Test: 67.80%
Epoch: 1000, Loss: 0.0007, Train: 100.00%, Valid: 52.20%, Test: 56.80%, Best Valid: 64.00%, Best Test: 67.80%
Run 04:
Highest Train: 100.00
Highest Valid: 64.00
Highest Test: 68.20
Chosen epoch: 55
Final Train: 100.00
Final Test: 67.80
Pre-training MLP for 500 epochs to generate co-occurrence matrix...
MLP pre-training complete. Penalty matrix frozen.
Epoch: 00, Loss: 3.2029, Train: 17.50%, Valid: 18.00%, Test: 15.80%, Best Valid: 18.00%, Best Test: 15.80%
Switching Polynormer to global attention phase.
Epoch: 100, Loss: 2.5085, Train: 16.67%, Valid: 22.40%, Test: 22.80%, Best Valid: 67.00%, Best Test: 69.30%
Epoch: 200, Loss: 0.0547, Train: 100.00%, Valid: 59.80%, Test: 61.30%, Best Valid: 67.00%, Best Test: 69.30%
Epoch: 300, Loss: 0.0044, Train: 100.00%, Valid: 58.20%, Test: 59.90%, Best Valid: 67.00%, Best Test: 69.30%
Epoch: 400, Loss: 0.0009, Train: 100.00%, Valid: 61.00%, Test: 61.80%, Best Valid: 67.00%, Best Test: 69.30%
Epoch: 500, Loss: 0.0002, Train: 100.00%, Valid: 61.60%, Test: 61.60%, Best Valid: 67.00%, Best Test: 69.30%
Epoch: 600, Loss: 0.0009, Train: 100.00%, Valid: 61.20%, Test: 60.90%, Best Valid: 67.00%, Best Test: 69.30%
Epoch: 700, Loss: 0.0013, Train: 100.00%, Valid: 58.00%, Test: 62.10%, Best Valid: 67.00%, Best Test: 69.30%
Epoch: 800, Loss: 0.0018, Train: 100.00%, Valid: 57.80%, Test: 61.50%, Best Valid: 67.00%, Best Test: 69.30%
Epoch: 900, Loss: 0.0009, Train: 100.00%, Valid: 63.00%, Test: 64.50%, Best Valid: 67.00%, Best Test: 69.30%
Epoch: 1000, Loss: 0.0020, Train: 100.00%, Valid: 58.00%, Test: 58.30%, Best Valid: 67.00%, Best Test: 69.30%
Run 05:
Highest Train: 100.00
Highest Valid: 67.00
Highest Test: 71.00
Chosen epoch: 41
Final Train: 99.17
Final Test: 69.30
Pre-training MLP for 500 epochs to generate co-occurrence matrix...
MLP pre-training complete. Penalty matrix frozen.
Epoch: 00, Loss: 3.4504, Train: 23.33%, Valid: 17.00%, Test: 17.30%, Best Valid: 17.00%, Best Test: 17.30%
Switching Polynormer to global attention phase.
Epoch: 100, Loss: 2.5085, Train: 16.67%, Valid: 20.60%, Test: 20.10%, Best Valid: 66.20%, Best Test: 70.30%
Epoch: 200, Loss: 0.0564, Train: 100.00%, Valid: 63.80%, Test: 65.80%, Best Valid: 66.20%, Best Test: 70.30%
Epoch: 300, Loss: 0.0012, Train: 100.00%, Valid: 61.20%, Test: 61.40%, Best Valid: 66.20%, Best Test: 70.30%
Epoch: 400, Loss: 0.0003, Train: 100.00%, Valid: 60.20%, Test: 63.50%, Best Valid: 66.20%, Best Test: 70.30%
Epoch: 500, Loss: 0.0008, Train: 100.00%, Valid: 62.20%, Test: 65.00%, Best Valid: 66.20%, Best Test: 70.30%
Epoch: 600, Loss: 0.0001, Train: 100.00%, Valid: 60.00%, Test: 66.50%, Best Valid: 66.20%, Best Test: 70.30%
Epoch: 700, Loss: 0.0004, Train: 100.00%, Valid: 61.00%, Test: 66.90%, Best Valid: 66.20%, Best Test: 70.30%
Epoch: 800, Loss: 0.0011, Train: 100.00%, Valid: 61.60%, Test: 64.10%, Best Valid: 66.20%, Best Test: 70.30%
Epoch: 900, Loss: 0.0002, Train: 100.00%, Valid: 62.20%, Test: 64.50%, Best Valid: 66.20%, Best Test: 70.30%
Epoch: 1000, Loss: 0.0006, Train: 100.00%, Valid: 62.60%, Test: 64.40%, Best Valid: 66.20%, Best Test: 70.30%
Run 06:
Highest Train: 100.00
Highest Valid: 66.20
Highest Test: 70.70
Chosen epoch: 68
Final Train: 100.00
Final Test: 70.30
Pre-training MLP for 500 epochs to generate co-occurrence matrix...
MLP pre-training complete. Penalty matrix frozen.
Epoch: 00, Loss: 3.1658, Train: 13.33%, Valid: 20.80%, Test: 15.60%, Best Valid: 20.80%, Best Test: 15.60%
Switching Polynormer to global attention phase.
Epoch: 100, Loss: 2.5085, Train: 16.67%, Valid: 20.60%, Test: 20.10%, Best Valid: 65.80%, Best Test: 67.10%
Epoch: 200, Loss: 0.0017, Train: 100.00%, Valid: 60.20%, Test: 62.80%, Best Valid: 66.00%, Best Test: 66.50%
Epoch: 300, Loss: 0.0016, Train: 100.00%, Valid: 65.20%, Test: 66.30%, Best Valid: 66.60%, Best Test: 67.20%
Epoch: 400, Loss: 0.0006, Train: 100.00%, Valid: 65.40%, Test: 66.00%, Best Valid: 66.60%, Best Test: 67.20%
Epoch: 500, Loss: 0.0004, Train: 100.00%, Valid: 65.60%, Test: 66.90%, Best Valid: 66.60%, Best Test: 67.20%
Epoch: 600, Loss: 0.0008, Train: 100.00%, Valid: 66.20%, Test: 66.70%, Best Valid: 66.60%, Best Test: 67.20%
Epoch: 700, Loss: 0.0011, Train: 100.00%, Valid: 63.20%, Test: 64.20%, Best Valid: 66.60%, Best Test: 67.20%
Epoch: 800, Loss: 0.0012, Train: 100.00%, Valid: 63.60%, Test: 65.70%, Best Valid: 66.60%, Best Test: 67.20%
Epoch: 900, Loss: 0.0004, Train: 100.00%, Valid: 64.40%, Test: 65.20%, Best Valid: 66.60%, Best Test: 67.20%
Epoch: 1000, Loss: 0.0004, Train: 100.00%, Valid: 63.60%, Test: 65.20%, Best Valid: 66.60%, Best Test: 67.20%
Run 07:
Highest Train: 100.00
Highest Valid: 66.60
Highest Test: 68.10
Chosen epoch: 218
Final Train: 100.00
Final Test: 67.20
Pre-training MLP for 500 epochs to generate co-occurrence matrix...
MLP pre-training complete. Penalty matrix frozen.
Epoch: 00, Loss: 3.1403, Train: 24.17%, Valid: 21.80%, Test: 20.20%, Best Valid: 21.80%, Best Test: 20.20%
Switching Polynormer to global attention phase.
Epoch: 100, Loss: 2.5085, Train: 16.67%, Valid: 22.40%, Test: 22.80%, Best Valid: 66.80%, Best Test: 70.70%
Epoch: 200, Loss: 0.0058, Train: 100.00%, Valid: 63.20%, Test: 66.00%, Best Valid: 66.80%, Best Test: 70.70%
Epoch: 300, Loss: 0.0001, Train: 100.00%, Valid: 62.40%, Test: 64.90%, Best Valid: 66.80%, Best Test: 70.70%
Epoch: 400, Loss: 0.0174, Train: 100.00%, Valid: 61.80%, Test: 65.90%, Best Valid: 66.80%, Best Test: 70.70%
Epoch: 500, Loss: 0.0007, Train: 100.00%, Valid: 62.00%, Test: 65.60%, Best Valid: 66.80%, Best Test: 70.70%
Epoch: 600, Loss: 0.0068, Train: 100.00%, Valid: 60.20%, Test: 62.90%, Best Valid: 66.80%, Best Test: 70.70%
Epoch: 700, Loss: 0.0005, Train: 100.00%, Valid: 57.40%, Test: 62.90%, Best Valid: 66.80%, Best Test: 70.70%
Epoch: 800, Loss: 0.0016, Train: 100.00%, Valid: 60.20%, Test: 62.40%, Best Valid: 66.80%, Best Test: 70.70%
Epoch: 900, Loss: 0.0002, Train: 100.00%, Valid: 54.60%, Test: 60.10%, Best Valid: 66.80%, Best Test: 70.70%
Epoch: 1000, Loss: 0.0007, Train: 100.00%, Valid: 58.60%, Test: 60.90%, Best Valid: 66.80%, Best Test: 70.70%
Run 08:
Highest Train: 100.00
Highest Valid: 66.80
Highest Test: 71.40
Chosen epoch: 50
Final Train: 100.00
Final Test: 70.70
Pre-training MLP for 500 epochs to generate co-occurrence matrix...
MLP pre-training complete. Penalty matrix frozen.
Epoch: 00, Loss: 2.9064, Train: 20.00%, Valid: 13.80%, Test: 18.10%, Best Valid: 13.80%, Best Test: 18.10%
Switching Polynormer to global attention phase.
Epoch: 100, Loss: 2.5085, Train: 16.67%, Valid: 16.00%, Test: 18.10%, Best Valid: 66.20%, Best Test: 67.30%
Epoch: 200, Loss: 0.0187, Train: 100.00%, Valid: 46.60%, Test: 49.90%, Best Valid: 66.20%, Best Test: 67.30%
Epoch: 300, Loss: 0.0124, Train: 100.00%, Valid: 53.00%, Test: 56.60%, Best Valid: 66.20%, Best Test: 67.30%
Epoch: 400, Loss: 0.0202, Train: 100.00%, Valid: 57.60%, Test: 59.90%, Best Valid: 66.20%, Best Test: 67.30%
Epoch: 500, Loss: 0.0017, Train: 100.00%, Valid: 56.40%, Test: 59.70%, Best Valid: 66.20%, Best Test: 67.30%
Epoch: 600, Loss: 0.0021, Train: 100.00%, Valid: 59.00%, Test: 61.40%, Best Valid: 66.20%, Best Test: 67.30%
Epoch: 700, Loss: 0.0002, Train: 100.00%, Valid: 59.40%, Test: 60.60%, Best Valid: 66.20%, Best Test: 67.30%
Epoch: 800, Loss: 0.0056, Train: 100.00%, Valid: 55.40%, Test: 59.10%, Best Valid: 66.20%, Best Test: 67.30%
Epoch: 900, Loss: 0.0058, Train: 100.00%, Valid: 53.00%, Test: 58.10%, Best Valid: 66.20%, Best Test: 67.30%
Epoch: 1000, Loss: 0.0106, Train: 100.00%, Valid: 59.00%, Test: 61.20%, Best Valid: 66.20%, Best Test: 67.30%
Run 09:
Highest Train: 100.00
Highest Valid: 66.20
Highest Test: 68.90
Chosen epoch: 73
Final Train: 100.00
Final Test: 67.30
Pre-training MLP for 500 epochs to generate co-occurrence matrix...
MLP pre-training complete. Penalty matrix frozen.
Epoch: 00, Loss: 3.0549, Train: 18.33%, Valid: 17.80%, Test: 20.10%, Best Valid: 17.80%, Best Test: 20.10%
Switching Polynormer to global attention phase.
Epoch: 100, Loss: 2.5085, Train: 16.67%, Valid: 7.80%, Test: 7.20%, Best Valid: 67.00%, Best Test: 69.90%
Epoch: 200, Loss: 0.0001, Train: 100.00%, Valid: 60.00%, Test: 62.50%, Best Valid: 67.00%, Best Test: 69.90%
Epoch: 300, Loss: 0.0013, Train: 100.00%, Valid: 59.80%, Test: 62.40%, Best Valid: 67.00%, Best Test: 69.90%
Epoch: 400, Loss: 0.0007, Train: 100.00%, Valid: 60.40%, Test: 63.10%, Best Valid: 67.00%, Best Test: 69.90%
Epoch: 500, Loss: 0.0003, Train: 100.00%, Valid: 59.80%, Test: 62.70%, Best Valid: 67.00%, Best Test: 69.90%
Epoch: 600, Loss: 0.0010, Train: 100.00%, Valid: 59.00%, Test: 63.00%, Best Valid: 67.00%, Best Test: 69.90%
Epoch: 700, Loss: 0.0003, Train: 100.00%, Valid: 59.60%, Test: 62.70%, Best Valid: 67.00%, Best Test: 69.90%
Epoch: 800, Loss: 0.0007, Train: 100.00%, Valid: 56.80%, Test: 59.90%, Best Valid: 67.00%, Best Test: 69.90%
Epoch: 900, Loss: 0.0003, Train: 100.00%, Valid: 57.40%, Test: 60.60%, Best Valid: 67.00%, Best Test: 69.90%
Epoch: 1000, Loss: 0.0004, Train: 100.00%, Valid: 58.20%, Test: 59.60%, Best Valid: 67.00%, Best Test: 69.90%
Run 10:
Highest Train: 100.00
Highest Valid: 67.00
Highest Test: 70.00
Chosen epoch: 62
Final Train: 100.00
Final Test: 69.90
All runs:
Highest Train: 100.00 ± 0.00
Highest Test: 69.76 ± 1.12
Highest Valid: 66.20 ± 0.98
  Final Train: 99.92 ± 0.26
   Final Test: 68.93 ± 1.25
Saving results to results_tuned/citeseer/polynormer.csv
Condition sweep completed.
Task 4 done.
