Sat Jul 18 20:05:02 2026       
+-----------------------------------------------------------------------------------------+
| NVIDIA-SMI 580.159.04             Driver Version: 580.159.04     CUDA Version: 13.0     |
+-----------------------------------------+------------------------+----------------------+
| GPU  Name                 Persistence-M | Bus-Id          Disp.A | Volatile Uncorr. ECC |
| Fan  Temp   Perf          Pwr:Usage/Cap |           Memory-Usage | GPU-Util  Compute M. |
|                                         |                        |               MIG M. |
|=========================================+========================+======================|
|   0  NVIDIA A100-SXM4-80GB          On  |   00000000:01:00.0 Off |                   On |
| N/A   36C    P0            100W /  500W |    1535MiB /  81920MiB |     N/A      Default |
|                                         |                        |              Enabled |
+-----------------------------------------+------------------------+----------------------+
|   1  NVIDIA A100-SXM4-80GB          On  |   00000000:41:00.0 Off |                   On |
| N/A   39C    P0            195W /  500W |    9024MiB /  81920MiB |     N/A      Default |
|                                         |                        |              Enabled |
+-----------------------------------------+------------------------+----------------------+
|   2  NVIDIA A100-SXM4-80GB          On  |   00000000:81:00.0 Off |                   On |
| N/A   34C    P0             50W /  500W |     249MiB /  81920MiB |     N/A      Default |
|                                         |                        |              Enabled |
+-----------------------------------------+------------------------+----------------------+
|   3  NVIDIA A100-SXM4-80GB          On  |   00000000:C1:00.0 Off |                   On |
| N/A   34C    P0            132W /  500W |    5085MiB /  81920MiB |     N/A      Default |
|                                         |                        |              Enabled |
+-----------------------------------------+------------------------+----------------------+

+-----------------------------------------------------------------------------------------+
| MIG devices:                                                                            |
+------------------+----------------------------------+-----------+-----------------------+
| GPU  GI  CI  MIG |              Shared Memory-Usage |        Vol|        Shared         |
|      ID  ID  Dev |                Shared BAR1-Usage | SM     Unc| CE ENC  DEC  OFA  JPG |
|                  |                                  |        ECC|                       |
|==================+==================================+===========+=======================|
|  2    3   0   0  |              71MiB / 19968MiB    | 28      0 |  2   0    1    0    0 |
|                  |               0MiB / 12271MiB    |           |                       |
+------------------+----------------------------------+-----------+-----------------------+

+-----------------------------------------------------------------------------------------+
| Processes:                                                                              |
|  GPU   GI   CI              PID   Type   Process name                        GPU Memory |
|        ID   ID                                                               Usage      |
|=========================================================================================|
|    0    5    0          1674978      C   python                                 1278MiB |
|    1    5    0          1674978      C   python                                 1152MiB |
|    1    1    0          1778493      C   python                                 7606MiB |
|    3    5    0          1733696      C   python                                 4828MiB |
+-----------------------------------------------------------------------------------------+
Searching: sgformer / questions
Namespace(aggregate='add', alpha=0.5, attention='gcn', beta=-1.0, bn=False, cpu=False, data_dir='../data/', dataset='questions', device=0, dim_inner=64, display_step=100, dropout=0.3, epochs=1000, global_dropout=None, global_epochs=0, global_layers=2, gnn='gcn', graph_weight=0.5, hidden_channels=64, hops=10, in_dropout=0.0, jk=False, label_num_per_class=20, lambda_val=0.5, layers=2, ln=False, local_epochs=0, local_gnn_type='GCN', local_layers=7, lr=0.001, metric='rocauc', mlp_epochs=500, mlp_reg=False, model='sgformer', model_dir='models', n_heads=1, num_centroids=4096, num_heads=1, oracle_reg=False, paired_seeds=False, pe_types='RWSE', penalty_transform='none', pre_linear=False, pre_ln=False, rand_split=False, rand_split_class=False, reg_start_epoch=10, reg_update_freq=5, res=False, result_dir='gt_search/results', runs=3, save_model=False, save_result=False, seed=42, test_num=1000, tr_dropout=None, tr_layers=1, tr_weight_decay=None, train_prop=0.5, use_act=False, use_bn=True, use_graph=True, use_reg=False, use_residual=True, use_weight=False, valid_num=500, valid_prop=0.25, weight_decay=0.0005)
questions
dataset questions | num nodes 48921 | num edge 153540 | num node feats 301 | num classes 2
MODEL: SGFormer(
  (trans_conv): TransConv(
    (convs): ModuleList(
      (0): TransConvLayer(
        (Wk): Linear(in_features=64, out_features=64, bias=True)
        (Wq): Linear(in_features=64, out_features=64, bias=True)
      )
    )
    (fcs): ModuleList(
      (0): Linear(in_features=301, out_features=64, bias=True)
    )
    (bns): ModuleList(
      (0): LayerNorm((64,), eps=1e-05, elementwise_affine=True)
      (1): LayerNorm((64,), eps=1e-05, elementwise_affine=True)
    )
  )
  (gnn): GCN(
    (convs): ModuleList(
      (0): GCNConv(301, 64)
      (1): GCNConv(64, 64)
    )
    (bns): ModuleList(
      (0): BatchNorm1d(64, eps=1e-05, momentum=0.1, affine=True, track_running_stats=True)
    )
  )
  (fc): Linear(in_features=64, out_features=2, bias=True)
)
Epoch: 00, Loss: 0.9140, Train: 54.59%, Valid: 52.24%, Test: 54.35%, Best Valid: 52.24%, Best Test: 54.35%
Epoch: 100, Loss: 0.1351, Train: 63.02%, Valid: 61.23%, Test: 59.03%, Best Valid: 61.23%, Best Test: 59.03%
Epoch: 200, Loss: 0.1195, Train: 77.71%, Valid: 71.16%, Test: 67.44%, Best Valid: 71.16%, Best Test: 67.46%
Epoch: 300, Loss: 0.1073, Train: 85.14%, Valid: 74.04%, Test: 69.90%, Best Valid: 74.32%, Best Test: 70.44%
Epoch: 400, Loss: 0.0950, Train: 90.13%, Valid: 74.78%, Test: 70.79%, Best Valid: 75.30%, Best Test: 71.74%
Epoch: 500, Loss: 0.0809, Train: 93.80%, Valid: 75.06%, Test: 72.15%, Best Valid: 75.67%, Best Test: 72.87%
Epoch: 600, Loss: 0.0678, Train: 96.30%, Valid: 74.59%, Test: 71.97%, Best Valid: 75.67%, Best Test: 72.87%
Epoch: 700, Loss: 0.0586, Train: 97.73%, Valid: 74.31%, Test: 71.51%, Best Valid: 75.72%, Best Test: 74.41%
Epoch: 800, Loss: 0.0475, Train: 98.67%, Valid: 73.85%, Test: 70.52%, Best Valid: 75.72%, Best Test: 74.41%
Epoch: 900, Loss: 0.0422, Train: 98.95%, Valid: 75.41%, Test: 72.88%, Best Valid: 75.72%, Best Test: 74.41%
Run 01:
Highest Train: 99.37
Highest Valid: 75.72
Highest Test: 74.41
Chosen epoch: 638
Final Train: 96.90
Final Test: 74.41
Epoch: 00, Loss: 0.6348, Train: 43.31%, Valid: 38.49%, Test: 39.79%, Best Valid: 38.49%, Best Test: 39.79%
Epoch: 100, Loss: 0.1319, Train: 67.25%, Valid: 65.42%, Test: 61.39%, Best Valid: 65.42%, Best Test: 61.39%
Epoch: 200, Loss: 0.1180, Train: 79.01%, Valid: 70.61%, Test: 68.35%, Best Valid: 70.61%, Best Test: 68.35%
Epoch: 300, Loss: 0.1039, Train: 85.77%, Valid: 72.84%, Test: 71.02%, Best Valid: 73.37%, Best Test: 71.52%
Epoch: 400, Loss: 0.0879, Train: 90.59%, Valid: 72.76%, Test: 71.35%, Best Valid: 74.96%, Best Test: 73.48%
Epoch: 500, Loss: 0.0744, Train: 95.40%, Valid: 75.25%, Test: 74.69%, Best Valid: 76.08%, Best Test: 75.36%
Epoch: 600, Loss: 0.0627, Train: 97.40%, Valid: 74.54%, Test: 74.44%, Best Valid: 76.67%, Best Test: 76.78%
Epoch: 700, Loss: 0.0534, Train: 98.39%, Valid: 75.50%, Test: 75.83%, Best Valid: 76.67%, Best Test: 76.78%
Epoch: 800, Loss: 0.0443, Train: 99.07%, Valid: 73.05%, Test: 72.61%, Best Valid: 76.67%, Best Test: 76.78%
Epoch: 900, Loss: 0.0386, Train: 99.19%, Valid: 73.95%, Test: 74.32%, Best Valid: 76.67%, Best Test: 76.78%
Run 02:
Highest Train: 99.49
Highest Valid: 76.67
Highest Test: 76.88
Chosen epoch: 528
Final Train: 95.81
Final Test: 76.78
Epoch: 00, Loss: 0.5648, Train: 57.72%, Valid: 58.81%, Test: 59.45%, Best Valid: 58.81%, Best Test: 59.45%
Epoch: 100, Loss: 0.1327, Train: 66.61%, Valid: 63.53%, Test: 64.89%, Best Valid: 63.53%, Best Test: 64.89%
Epoch: 200, Loss: 0.1147, Train: 79.65%, Valid: 71.48%, Test: 71.30%, Best Valid: 71.99%, Best Test: 71.67%
Epoch: 300, Loss: 0.0980, Train: 88.54%, Valid: 74.83%, Test: 74.78%, Best Valid: 75.51%, Best Test: 75.16%
Epoch: 400, Loss: 0.0796, Train: 94.36%, Valid: 74.99%, Test: 75.82%, Best Valid: 77.28%, Best Test: 77.06%
Epoch: 500, Loss: 0.0656, Train: 96.96%, Valid: 76.63%, Test: 77.14%, Best Valid: 77.62%, Best Test: 77.39%
Epoch: 600, Loss: 0.0545, Train: 98.22%, Valid: 75.39%, Test: 76.31%, Best Valid: 77.62%, Best Test: 77.39%
Epoch: 700, Loss: 0.0440, Train: 98.87%, Valid: 74.38%, Test: 75.30%, Best Valid: 77.62%, Best Test: 77.39%
Epoch: 800, Loss: 0.0377, Train: 99.23%, Valid: 73.42%, Test: 74.35%, Best Valid: 77.62%, Best Test: 77.39%
Epoch: 900, Loss: 0.0335, Train: 99.25%, Valid: 73.86%, Test: 74.97%, Best Valid: 77.62%, Best Test: 77.39%
Run 03:
Highest Train: 99.50
Highest Valid: 77.62
Highest Test: 77.47
Chosen epoch: 404
Final Train: 94.74
Final Test: 77.39
All runs:
Highest Train: 99.45 ± 0.07
Highest Test: 76.25 ± 1.63
Highest Valid: 76.67 ± 0.95
  Final Train: 95.81 ± 1.08
   Final Test: 76.19 ± 1.57
Saving results to gt_search/results/questions/sgformer.csv
Namespace(aggregate='add', alpha=0.5, attention='gcn', beta=-1.0, bn=False, cpu=False, data_dir='../data/', dataset='questions', device=0, dim_inner=64, display_step=100, dropout=0.3, epochs=1000, global_dropout=None, global_epochs=0, global_layers=2, gnn='gcn', graph_weight=0.8, hidden_channels=64, hops=10, in_dropout=0.0, jk=False, label_num_per_class=20, lambda_val=0.5, layers=2, ln=False, local_epochs=0, local_gnn_type='GCN', local_layers=7, lr=0.001, metric='rocauc', mlp_epochs=500, mlp_reg=False, model='sgformer', model_dir='models', n_heads=1, num_centroids=4096, num_heads=1, oracle_reg=False, paired_seeds=False, pe_types='RWSE', penalty_transform='none', pre_linear=False, pre_ln=False, rand_split=False, rand_split_class=False, reg_start_epoch=10, reg_update_freq=5, res=False, result_dir='gt_search/results', runs=3, save_model=False, save_result=False, seed=42, test_num=1000, tr_dropout=None, tr_layers=1, tr_weight_decay=None, train_prop=0.5, use_act=False, use_bn=True, use_graph=True, use_reg=False, use_residual=True, use_weight=False, valid_num=500, valid_prop=0.25, weight_decay=0.0005)
questions
dataset questions | num nodes 48921 | num edge 153540 | num node feats 301 | num classes 2
MODEL: SGFormer(
  (trans_conv): TransConv(
    (convs): ModuleList(
      (0): TransConvLayer(
        (Wk): Linear(in_features=64, out_features=64, bias=True)
        (Wq): Linear(in_features=64, out_features=64, bias=True)
      )
    )
    (fcs): ModuleList(
      (0): Linear(in_features=301, out_features=64, bias=True)
    )
    (bns): ModuleList(
      (0): LayerNorm((64,), eps=1e-05, elementwise_affine=True)
      (1): LayerNorm((64,), eps=1e-05, elementwise_affine=True)
    )
  )
  (gnn): GCN(
    (convs): ModuleList(
      (0): GCNConv(301, 64)
      (1): GCNConv(64, 64)
    )
    (bns): ModuleList(
      (0): BatchNorm1d(64, eps=1e-05, momentum=0.1, affine=True, track_running_stats=True)
    )
  )
  (fc): Linear(in_features=64, out_features=2, bias=True)
)
Epoch: 00, Loss: 0.8973, Train: 54.98%, Valid: 52.41%, Test: 54.78%, Best Valid: 52.41%, Best Test: 54.78%
Epoch: 100, Loss: 0.1467, Train: 60.85%, Valid: 59.79%, Test: 56.78%, Best Valid: 59.79%, Best Test: 56.78%
Epoch: 200, Loss: 0.1267, Train: 75.27%, Valid: 67.84%, Test: 63.97%, Best Valid: 67.87%, Best Test: 63.97%
Epoch: 300, Loss: 0.1123, Train: 82.13%, Valid: 69.89%, Test: 65.68%, Best Valid: 70.18%, Best Test: 65.94%
Epoch: 400, Loss: 0.0980, Train: 88.66%, Valid: 71.38%, Test: 67.06%, Best Valid: 72.00%, Best Test: 67.73%
Epoch: 500, Loss: 0.0812, Train: 93.14%, Valid: 71.78%, Test: 67.42%, Best Valid: 73.38%, Best Test: 69.58%
Epoch: 600, Loss: 0.0666, Train: 96.71%, Valid: 72.65%, Test: 68.78%, Best Valid: 74.47%, Best Test: 72.20%
Epoch: 700, Loss: 0.0587, Train: 97.97%, Valid: 71.75%, Test: 68.04%, Best Valid: 74.57%, Best Test: 72.43%
Epoch: 800, Loss: 0.0502, Train: 99.02%, Valid: 71.91%, Test: 68.52%, Best Valid: 74.57%, Best Test: 72.43%
Epoch: 900, Loss: 0.0455, Train: 99.30%, Valid: 72.30%, Test: 69.33%, Best Valid: 74.57%, Best Test: 72.43%
Run 01:
Highest Train: 99.53
Highest Valid: 74.57
Highest Test: 72.87
Chosen epoch: 696
Final Train: 98.06
Final Test: 72.43
Epoch: 00, Loss: 0.6176, Train: 41.89%, Valid: 36.93%, Test: 38.08%, Best Valid: 36.93%, Best Test: 38.08%
Epoch: 100, Loss: 0.1399, Train: 66.47%, Valid: 63.54%, Test: 59.39%, Best Valid: 63.54%, Best Test: 59.39%
Epoch: 200, Loss: 0.1226, Train: 78.11%, Valid: 68.61%, Test: 65.60%, Best Valid: 68.68%, Best Test: 65.63%
Epoch: 300, Loss: 0.1076, Train: 84.61%, Valid: 70.07%, Test: 67.61%, Best Valid: 70.25%, Best Test: 67.77%
Epoch: 400, Loss: 0.0898, Train: 90.56%, Valid: 72.12%, Test: 69.45%, Best Valid: 72.87%, Best Test: 70.12%
Epoch: 500, Loss: 0.0743, Train: 94.99%, Valid: 72.41%, Test: 70.07%, Best Valid: 74.45%, Best Test: 72.08%
Epoch: 600, Loss: 0.0619, Train: 97.82%, Valid: 73.67%, Test: 71.92%, Best Valid: 76.08%, Best Test: 74.39%
Epoch: 700, Loss: 0.0526, Train: 98.84%, Valid: 73.88%, Test: 73.36%, Best Valid: 76.34%, Best Test: 75.16%
Epoch: 800, Loss: 0.0462, Train: 99.30%, Valid: 73.56%, Test: 73.00%, Best Valid: 76.34%, Best Test: 75.16%
Epoch: 900, Loss: 0.0431, Train: 99.49%, Valid: 72.50%, Test: 71.01%, Best Valid: 76.34%, Best Test: 75.16%
Run 02:
Highest Train: 99.65
Highest Valid: 76.34
Highest Test: 75.38
Chosen epoch: 681
Final Train: 98.04
Final Test: 75.16
Epoch: 00, Loss: 0.6024, Train: 56.44%, Valid: 57.46%, Test: 58.28%, Best Valid: 57.46%, Best Test: 58.28%
Epoch: 100, Loss: 0.1440, Train: 63.75%, Valid: 60.11%, Test: 61.58%, Best Valid: 60.11%, Best Test: 61.58%
Epoch: 200, Loss: 0.1233, Train: 76.73%, Valid: 67.49%, Test: 67.40%, Best Valid: 67.49%, Best Test: 67.40%
Epoch: 300, Loss: 0.1041, Train: 85.76%, Valid: 69.77%, Test: 69.95%, Best Valid: 69.99%, Best Test: 70.26%
Epoch: 400, Loss: 0.0806, Train: 93.47%, Valid: 70.63%, Test: 71.63%, Best Valid: 73.02%, Best Test: 73.25%
Epoch: 500, Loss: 0.0640, Train: 97.67%, Valid: 74.27%, Test: 74.06%, Best Valid: 74.83%, Best Test: 74.77%
Epoch: 600, Loss: 0.0544, Train: 98.74%, Valid: 70.78%, Test: 71.81%, Best Valid: 75.15%, Best Test: 75.16%
Epoch: 700, Loss: 0.0472, Train: 99.24%, Valid: 70.89%, Test: 72.18%, Best Valid: 75.15%, Best Test: 75.16%
Epoch: 800, Loss: 0.0422, Train: 99.34%, Valid: 72.14%, Test: 72.56%, Best Valid: 75.15%, Best Test: 75.16%
Epoch: 900, Loss: 0.0391, Train: 99.53%, Valid: 69.98%, Test: 71.32%, Best Valid: 75.15%, Best Test: 75.16%
Run 03:
Highest Train: 99.72
Highest Valid: 75.15
Highest Test: 75.16
Chosen epoch: 502
Final Train: 97.47
Final Test: 75.16
All runs:
Highest Train: 99.63 ± 0.09
Highest Test: 74.47 ± 1.39
Highest Valid: 75.35 ± 0.90
  Final Train: 97.86 ± 0.34
   Final Test: 74.25 ± 1.58
Saving results to gt_search/results/questions/sgformer.csv
Namespace(aggregate='add', alpha=0.5, attention='gcn', beta=-1.0, bn=False, cpu=False, data_dir='../data/', dataset='questions', device=0, dim_inner=64, display_step=100, dropout=0.5, epochs=1000, global_dropout=None, global_epochs=0, global_layers=2, gnn='gcn', graph_weight=0.5, hidden_channels=64, hops=10, in_dropout=0.0, jk=False, label_num_per_class=20, lambda_val=0.5, layers=2, ln=False, local_epochs=0, local_gnn_type='GCN', local_layers=7, lr=0.001, metric='rocauc', mlp_epochs=500, mlp_reg=False, model='sgformer', model_dir='models', n_heads=1, num_centroids=4096, num_heads=1, oracle_reg=False, paired_seeds=False, pe_types='RWSE', penalty_transform='none', pre_linear=False, pre_ln=False, rand_split=False, rand_split_class=False, reg_start_epoch=10, reg_update_freq=5, res=False, result_dir='gt_search/results', runs=3, save_model=False, save_result=False, seed=42, test_num=1000, tr_dropout=None, tr_layers=1, tr_weight_decay=None, train_prop=0.5, use_act=False, use_bn=True, use_graph=True, use_reg=False, use_residual=True, use_weight=False, valid_num=500, valid_prop=0.25, weight_decay=0.0005)
questions
dataset questions | num nodes 48921 | num edge 153540 | num node feats 301 | num classes 2
MODEL: SGFormer(
  (trans_conv): TransConv(
    (convs): ModuleList(
      (0): TransConvLayer(
        (Wk): Linear(in_features=64, out_features=64, bias=True)
        (Wq): Linear(in_features=64, out_features=64, bias=True)
      )
    )
    (fcs): ModuleList(
      (0): Linear(in_features=301, out_features=64, bias=True)
    )
    (bns): ModuleList(
      (0): LayerNorm((64,), eps=1e-05, elementwise_affine=True)
      (1): LayerNorm((64,), eps=1e-05, elementwise_affine=True)
    )
  )
  (gnn): GCN(
    (convs): ModuleList(
      (0): GCNConv(301, 64)
      (1): GCNConv(64, 64)
    )
    (bns): ModuleList(
      (0): BatchNorm1d(64, eps=1e-05, momentum=0.1, affine=True, track_running_stats=True)
    )
  )
  (fc): Linear(in_features=64, out_features=2, bias=True)
)
Epoch: 00, Loss: 0.8937, Train: 54.53%, Valid: 52.18%, Test: 54.35%, Best Valid: 52.18%, Best Test: 54.35%
Epoch: 100, Loss: 0.1420, Train: 61.73%, Valid: 60.37%, Test: 57.95%, Best Valid: 60.37%, Best Test: 57.95%
Epoch: 200, Loss: 0.1233, Train: 76.73%, Valid: 70.00%, Test: 66.29%, Best Valid: 70.11%, Best Test: 66.38%
Epoch: 300, Loss: 0.1118, Train: 83.38%, Valid: 72.41%, Test: 68.01%, Best Valid: 72.93%, Best Test: 68.70%
Epoch: 400, Loss: 0.1005, Train: 88.10%, Valid: 73.53%, Test: 68.97%, Best Valid: 74.31%, Best Test: 70.29%
Epoch: 500, Loss: 0.0896, Train: 92.17%, Valid: 74.19%, Test: 70.31%, Best Valid: 75.16%, Best Test: 72.10%
Epoch: 600, Loss: 0.0792, Train: 94.47%, Valid: 73.71%, Test: 70.20%, Best Valid: 75.16%, Best Test: 72.10%
Epoch: 700, Loss: 0.0711, Train: 96.18%, Valid: 74.11%, Test: 71.04%, Best Valid: 75.16%, Best Test: 72.70%
Epoch: 800, Loss: 0.0663, Train: 97.28%, Valid: 74.95%, Test: 72.62%, Best Valid: 75.47%, Best Test: 73.00%
Epoch: 900, Loss: 0.0612, Train: 97.83%, Valid: 73.74%, Test: 69.93%, Best Valid: 75.47%, Best Test: 73.00%
Run 01:
Highest Train: 98.34
Highest Valid: 75.47
Highest Test: 73.19
Chosen epoch: 797
Final Train: 97.14
Final Test: 73.00
Epoch: 00, Loss: 0.6456, Train: 43.34%, Valid: 38.52%, Test: 39.83%, Best Valid: 38.52%, Best Test: 39.83%
Epoch: 100, Loss: 0.1375, Train: 65.73%, Valid: 63.89%, Test: 59.85%, Best Valid: 63.89%, Best Test: 59.85%
Epoch: 200, Loss: 0.1228, Train: 77.98%, Valid: 69.89%, Test: 67.33%, Best Valid: 69.89%, Best Test: 67.33%
Epoch: 300, Loss: 0.1116, Train: 83.17%, Valid: 71.19%, Test: 68.99%, Best Valid: 71.66%, Best Test: 69.51%
Epoch: 400, Loss: 0.0987, Train: 87.69%, Valid: 72.63%, Test: 70.85%, Best Valid: 73.62%, Best Test: 71.68%
Epoch: 500, Loss: 0.0890, Train: 91.82%, Valid: 73.43%, Test: 72.08%, Best Valid: 74.68%, Best Test: 73.19%
Epoch: 600, Loss: 0.0804, Train: 94.66%, Valid: 74.74%, Test: 73.89%, Best Valid: 75.49%, Best Test: 74.29%
Epoch: 700, Loss: 0.0741, Train: 96.32%, Valid: 74.93%, Test: 74.99%, Best Valid: 75.65%, Best Test: 75.47%
Epoch: 800, Loss: 0.0673, Train: 97.40%, Valid: 74.66%, Test: 74.58%, Best Valid: 76.06%, Best Test: 75.94%
Epoch: 900, Loss: 0.0633, Train: 98.05%, Valid: 75.48%, Test: 75.15%, Best Valid: 76.06%, Best Test: 75.94%
Run 02:
Highest Train: 98.47
Highest Valid: 76.40
Highest Test: 75.95
Chosen epoch: 982
Final Train: 98.38
Final Test: 75.71
Epoch: 00, Loss: 0.5888, Train: 57.73%, Valid: 58.84%, Test: 59.47%, Best Valid: 58.84%, Best Test: 59.47%
Epoch: 100, Loss: 0.1393, Train: 64.78%, Valid: 61.45%, Test: 63.06%, Best Valid: 61.45%, Best Test: 63.06%
Epoch: 200, Loss: 0.1219, Train: 77.65%, Valid: 69.46%, Test: 69.68%, Best Valid: 69.55%, Best Test: 69.65%
Epoch: 300, Loss: 0.1089, Train: 84.69%, Valid: 71.88%, Test: 72.41%, Best Valid: 72.70%, Best Test: 72.76%
Epoch: 400, Loss: 0.0942, Train: 90.94%, Valid: 73.96%, Test: 74.47%, Best Valid: 74.71%, Best Test: 74.91%
Epoch: 500, Loss: 0.0807, Train: 94.58%, Valid: 74.84%, Test: 75.45%, Best Valid: 76.24%, Best Test: 76.21%
Epoch: 600, Loss: 0.0746, Train: 96.25%, Valid: 75.79%, Test: 76.04%, Best Valid: 76.24%, Best Test: 76.21%
Epoch: 700, Loss: 0.0681, Train: 97.11%, Valid: 75.53%, Test: 76.23%, Best Valid: 76.24%, Best Test: 76.21%
Epoch: 800, Loss: 0.0621, Train: 97.82%, Valid: 75.10%, Test: 75.74%, Best Valid: 76.24%, Best Test: 76.21%
Epoch: 900, Loss: 0.0574, Train: 98.27%, Valid: 74.27%, Test: 76.05%, Best Valid: 76.24%, Best Test: 76.21%
Run 03:
Highest Train: 98.70
Highest Valid: 76.24
Highest Test: 76.57
Chosen epoch: 471
Final Train: 94.06
Final Test: 76.21
All runs:
Highest Train: 98.51 ± 0.18
Highest Test: 75.24 ± 1.80
Highest Valid: 76.03 ± 0.50
  Final Train: 96.52 ± 2.23
   Final Test: 74.97 ± 1.72
Saving results to gt_search/results/questions/sgformer.csv
Namespace(aggregate='add', alpha=0.5, attention='gcn', beta=-1.0, bn=False, cpu=False, data_dir='../data/', dataset='questions', device=0, dim_inner=64, display_step=100, dropout=0.5, epochs=1000, global_dropout=None, global_epochs=0, global_layers=2, gnn='gcn', graph_weight=0.8, hidden_channels=64, hops=10, in_dropout=0.0, jk=False, label_num_per_class=20, lambda_val=0.5, layers=2, ln=False, local_epochs=0, local_gnn_type='GCN', local_layers=7, lr=0.001, metric='rocauc', mlp_epochs=500, mlp_reg=False, model='sgformer', model_dir='models', n_heads=1, num_centroids=4096, num_heads=1, oracle_reg=False, paired_seeds=False, pe_types='RWSE', penalty_transform='none', pre_linear=False, pre_ln=False, rand_split=False, rand_split_class=False, reg_start_epoch=10, reg_update_freq=5, res=False, result_dir='gt_search/results', runs=3, save_model=False, save_result=False, seed=42, test_num=1000, tr_dropout=None, tr_layers=1, tr_weight_decay=None, train_prop=0.5, use_act=False, use_bn=True, use_graph=True, use_reg=False, use_residual=True, use_weight=False, valid_num=500, valid_prop=0.25, weight_decay=0.0005)
questions
dataset questions | num nodes 48921 | num edge 153540 | num node feats 301 | num classes 2
MODEL: SGFormer(
  (trans_conv): TransConv(
    (convs): ModuleList(
      (0): TransConvLayer(
        (Wk): Linear(in_features=64, out_features=64, bias=True)
        (Wq): Linear(in_features=64, out_features=64, bias=True)
      )
    )
    (fcs): ModuleList(
      (0): Linear(in_features=301, out_features=64, bias=True)
    )
    (bns): ModuleList(
      (0): LayerNorm((64,), eps=1e-05, elementwise_affine=True)
      (1): LayerNorm((64,), eps=1e-05, elementwise_affine=True)
    )
  )
  (gnn): GCN(
    (convs): ModuleList(
      (0): GCNConv(301, 64)
      (1): GCNConv(64, 64)
    )
    (bns): ModuleList(
      (0): BatchNorm1d(64, eps=1e-05, momentum=0.1, affine=True, track_running_stats=True)
    )
  )
  (fc): Linear(in_features=64, out_features=2, bias=True)
)
Epoch: 00, Loss: 0.8876, Train: 55.00%, Valid: 52.44%, Test: 54.78%, Best Valid: 52.44%, Best Test: 54.78%
Epoch: 100, Loss: 0.1515, Train: 60.31%, Valid: 59.46%, Test: 56.50%, Best Valid: 59.46%, Best Test: 56.50%
Epoch: 200, Loss: 0.1304, Train: 74.04%, Valid: 67.07%, Test: 63.17%, Best Valid: 67.49%, Best Test: 63.56%
Epoch: 300, Loss: 0.1187, Train: 80.12%, Valid: 68.64%, Test: 64.70%, Best Valid: 69.15%, Best Test: 65.23%
Epoch: 400, Loss: 0.1058, Train: 86.06%, Valid: 70.33%, Test: 66.14%, Best Valid: 70.75%, Best Test: 66.36%
Epoch: 500, Loss: 0.0936, Train: 90.81%, Valid: 71.86%, Test: 67.62%, Best Valid: 72.92%, Best Test: 69.00%
Epoch: 600, Loss: 0.0813, Train: 94.39%, Valid: 72.23%, Test: 68.08%, Best Valid: 73.60%, Best Test: 69.87%
Epoch: 700, Loss: 0.0728, Train: 96.57%, Valid: 72.84%, Test: 69.20%, Best Valid: 74.28%, Best Test: 71.45%
Epoch: 800, Loss: 0.0671, Train: 97.88%, Valid: 73.48%, Test: 70.00%, Best Valid: 74.47%, Best Test: 71.88%
Epoch: 900, Loss: 0.0627, Train: 98.30%, Valid: 73.23%, Test: 69.94%, Best Valid: 74.48%, Best Test: 72.16%
Run 01:
Highest Train: 98.72
Highest Valid: 74.48
Highest Test: 72.16
Chosen epoch: 869
Final Train: 97.90
Final Test: 72.16
Epoch: 00, Loss: 0.6216, Train: 41.87%, Valid: 36.92%, Test: 38.06%, Best Valid: 36.92%, Best Test: 38.06%
Epoch: 100, Loss: 0.1440, Train: 65.62%, Valid: 62.85%, Test: 58.72%, Best Valid: 62.85%, Best Test: 58.72%
Epoch: 200, Loss: 0.1266, Train: 77.02%, Valid: 68.23%, Test: 64.92%, Best Valid: 68.33%, Best Test: 64.99%
Epoch: 300, Loss: 0.1142, Train: 82.41%, Valid: 68.92%, Test: 66.56%, Best Valid: 69.40%, Best Test: 67.02%
Epoch: 400, Loss: 0.1008, Train: 87.14%, Valid: 70.49%, Test: 67.64%, Best Valid: 71.74%, Best Test: 69.01%
Epoch: 500, Loss: 0.0895, Train: 92.10%, Valid: 72.07%, Test: 69.38%, Best Valid: 73.09%, Best Test: 70.50%
Epoch: 600, Loss: 0.0799, Train: 95.67%, Valid: 73.68%, Test: 71.44%, Best Valid: 74.21%, Best Test: 71.73%
Epoch: 700, Loss: 0.0730, Train: 97.04%, Valid: 73.41%, Test: 71.24%, Best Valid: 74.76%, Best Test: 73.17%
Epoch: 800, Loss: 0.0671, Train: 97.99%, Valid: 73.79%, Test: 72.17%, Best Valid: 75.84%, Best Test: 74.54%
Epoch: 900, Loss: 0.0643, Train: 98.56%, Valid: 72.65%, Test: 71.37%, Best Valid: 75.84%, Best Test: 74.54%
Run 02:
Highest Train: 98.94
Highest Valid: 75.84
Highest Test: 74.54
Chosen epoch: 743
Final Train: 97.45
Final Test: 74.54
Epoch: 00, Loss: 0.6119, Train: 56.43%, Valid: 57.43%, Test: 58.26%, Best Valid: 57.43%, Best Test: 58.26%
Epoch: 100, Loss: 0.1482, Train: 62.86%, Valid: 59.11%, Test: 60.82%, Best Valid: 59.11%, Best Test: 60.82%
Epoch: 200, Loss: 0.1287, Train: 75.10%, Valid: 66.49%, Test: 66.55%, Best Valid: 66.64%, Best Test: 66.66%
Epoch: 300, Loss: 0.1134, Train: 82.94%, Valid: 68.45%, Test: 68.97%, Best Valid: 69.05%, Best Test: 69.39%
Epoch: 400, Loss: 0.0962, Train: 89.94%, Valid: 70.44%, Test: 71.38%, Best Valid: 71.55%, Best Test: 72.00%
Epoch: 500, Loss: 0.0808, Train: 94.30%, Valid: 70.54%, Test: 71.55%, Best Valid: 73.91%, Best Test: 73.46%
Epoch: 600, Loss: 0.0725, Train: 97.29%, Valid: 72.63%, Test: 72.69%, Best Valid: 74.59%, Best Test: 74.20%
Epoch: 700, Loss: 0.0680, Train: 98.19%, Valid: 72.98%, Test: 73.62%, Best Valid: 74.82%, Best Test: 74.78%
Epoch: 800, Loss: 0.0611, Train: 98.54%, Valid: 72.81%, Test: 73.36%, Best Valid: 74.82%, Best Test: 74.78%
Epoch: 900, Loss: 0.0567, Train: 99.02%, Valid: 72.15%, Test: 72.74%, Best Valid: 74.82%, Best Test: 74.78%
Run 03:
Highest Train: 99.27
Highest Valid: 74.82
Highest Test: 74.78
Chosen epoch: 633
Final Train: 97.42
Final Test: 74.78
All runs:
Highest Train: 98.98 ± 0.28
Highest Test: 73.82 ± 1.45
Highest Valid: 75.05 ± 0.71
  Final Train: 97.59 ± 0.27
   Final Test: 73.82 ± 1.45
Saving results to gt_search/results/questions/sgformer.csv
Namespace(aggregate='add', alpha=0.5, attention='gcn', beta=-1.0, bn=False, cpu=False, data_dir='../data/', dataset='questions', device=0, dim_inner=64, display_step=100, dropout=0.7, epochs=1000, global_dropout=None, global_epochs=0, global_layers=2, gnn='gcn', graph_weight=0.5, hidden_channels=64, hops=10, in_dropout=0.0, jk=False, label_num_per_class=20, lambda_val=0.5, layers=2, ln=False, local_epochs=0, local_gnn_type='GCN', local_layers=7, lr=0.001, metric='rocauc', mlp_epochs=500, mlp_reg=False, model='sgformer', model_dir='models', n_heads=1, num_centroids=4096, num_heads=1, oracle_reg=False, paired_seeds=False, pe_types='RWSE', penalty_transform='none', pre_linear=False, pre_ln=False, rand_split=False, rand_split_class=False, reg_start_epoch=10, reg_update_freq=5, res=False, result_dir='gt_search/results', runs=3, save_model=False, save_result=False, seed=42, test_num=1000, tr_dropout=None, tr_layers=1, tr_weight_decay=None, train_prop=0.5, use_act=False, use_bn=True, use_graph=True, use_reg=False, use_residual=True, use_weight=False, valid_num=500, valid_prop=0.25, weight_decay=0.0005)
questions
dataset questions | num nodes 48921 | num edge 153540 | num node feats 301 | num classes 2
MODEL: SGFormer(
  (trans_conv): TransConv(
    (convs): ModuleList(
      (0): TransConvLayer(
        (Wk): Linear(in_features=64, out_features=64, bias=True)
        (Wq): Linear(in_features=64, out_features=64, bias=True)
      )
    )
    (fcs): ModuleList(
      (0): Linear(in_features=301, out_features=64, bias=True)
    )
    (bns): ModuleList(
      (0): LayerNorm((64,), eps=1e-05, elementwise_affine=True)
      (1): LayerNorm((64,), eps=1e-05, elementwise_affine=True)
    )
  )
  (gnn): GCN(
    (convs): ModuleList(
      (0): GCNConv(301, 64)
      (1): GCNConv(64, 64)
    )
    (bns): ModuleList(
      (0): BatchNorm1d(64, eps=1e-05, momentum=0.1, affine=True, track_running_stats=True)
    )
  )
  (fc): Linear(in_features=64, out_features=2, bias=True)
)
Epoch: 00, Loss: 0.8771, Train: 54.52%, Valid: 52.19%, Test: 54.31%, Best Valid: 52.19%, Best Test: 54.31%
Epoch: 100, Loss: 0.1527, Train: 59.96%, Valid: 59.11%, Test: 56.54%, Best Valid: 59.11%, Best Test: 56.54%
Epoch: 200, Loss: 0.1340, Train: 74.05%, Valid: 67.76%, Test: 64.19%, Best Valid: 67.99%, Best Test: 64.42%
Epoch: 300, Loss: 0.1226, Train: 80.18%, Valid: 70.19%, Test: 66.18%, Best Valid: 70.33%, Best Test: 66.44%
Epoch: 400, Loss: 0.1146, Train: 83.96%, Valid: 71.48%, Test: 67.24%, Best Valid: 72.02%, Best Test: 67.99%
Epoch: 500, Loss: 0.1062, Train: 87.60%, Valid: 72.48%, Test: 68.52%, Best Valid: 72.84%, Best Test: 69.03%
Epoch: 600, Loss: 0.1012, Train: 90.26%, Valid: 73.25%, Test: 69.30%, Best Valid: 73.88%, Best Test: 70.49%
Epoch: 700, Loss: 0.0940, Train: 92.45%, Valid: 74.49%, Test: 71.68%, Best Valid: 74.49%, Best Test: 71.68%
Epoch: 800, Loss: 0.0894, Train: 93.52%, Valid: 73.87%, Test: 70.60%, Best Valid: 74.69%, Best Test: 72.10%
Epoch: 900, Loss: 0.0873, Train: 94.40%, Valid: 74.03%, Test: 70.99%, Best Valid: 74.98%, Best Test: 72.51%
Run 01:
Highest Train: 95.40
Highest Valid: 74.98
Highest Test: 72.53
Chosen epoch: 884
Final Train: 94.73
Final Test: 72.51
Epoch: 00, Loss: 0.6633, Train: 43.40%, Valid: 38.48%, Test: 39.79%, Best Valid: 38.48%, Best Test: 39.79%
Epoch: 100, Loss: 0.1463, Train: 63.79%, Valid: 62.08%, Test: 58.07%, Best Valid: 62.08%, Best Test: 58.07%
Epoch: 200, Loss: 0.1301, Train: 75.27%, Valid: 67.87%, Test: 64.82%, Best Valid: 68.14%, Best Test: 64.96%
Epoch: 300, Loss: 0.1217, Train: 80.14%, Valid: 69.32%, Test: 67.25%, Best Valid: 69.33%, Best Test: 67.27%
Epoch: 400, Loss: 0.1133, Train: 83.77%, Valid: 71.08%, Test: 69.04%, Best Valid: 71.66%, Best Test: 69.69%
Epoch: 500, Loss: 0.1066, Train: 86.88%, Valid: 72.39%, Test: 70.61%, Best Valid: 73.18%, Best Test: 71.09%
Epoch: 600, Loss: 0.0993, Train: 89.69%, Valid: 73.62%, Test: 72.20%, Best Valid: 73.70%, Best Test: 71.98%
Epoch: 700, Loss: 0.0964, Train: 91.64%, Valid: 74.06%, Test: 72.43%, Best Valid: 74.52%, Best Test: 72.76%
Epoch: 800, Loss: 0.0938, Train: 92.73%, Valid: 74.01%, Test: 72.67%, Best Valid: 74.83%, Best Test: 73.57%
Epoch: 900, Loss: 0.0908, Train: 94.07%, Valid: 74.56%, Test: 73.43%, Best Valid: 75.32%, Best Test: 74.18%
Run 02:
Highest Train: 94.90
Highest Valid: 75.32
Highest Test: 74.29
Chosen epoch: 871
Final Train: 93.99
Final Test: 74.18
Epoch: 00, Loss: 0.6264, Train: 57.67%, Valid: 58.76%, Test: 59.43%, Best Valid: 58.76%, Best Test: 59.43%
Epoch: 100, Loss: 0.1496, Train: 62.88%, Valid: 59.21%, Test: 61.18%, Best Valid: 59.21%, Best Test: 61.18%
Epoch: 200, Loss: 0.1309, Train: 74.63%, Valid: 67.03%, Test: 67.47%, Best Valid: 67.25%, Best Test: 67.64%
Epoch: 300, Loss: 0.1217, Train: 80.43%, Valid: 69.45%, Test: 69.57%, Best Valid: 69.89%, Best Test: 69.96%
Epoch: 400, Loss: 0.1100, Train: 85.38%, Valid: 71.64%, Test: 72.07%, Best Valid: 71.70%, Best Test: 72.04%
Epoch: 500, Loss: 0.1040, Train: 88.91%, Valid: 73.17%, Test: 73.62%, Best Valid: 73.65%, Best Test: 73.93%
Epoch: 600, Loss: 0.1004, Train: 90.91%, Valid: 73.94%, Test: 74.26%, Best Valid: 74.45%, Best Test: 74.27%
Epoch: 700, Loss: 0.0933, Train: 92.62%, Valid: 74.24%, Test: 74.78%, Best Valid: 75.40%, Best Test: 75.10%
Epoch: 800, Loss: 0.0913, Train: 93.58%, Valid: 73.59%, Test: 74.32%, Best Valid: 75.60%, Best Test: 75.78%
Epoch: 900, Loss: 0.0872, Train: 94.77%, Valid: 74.05%, Test: 75.13%, Best Valid: 75.72%, Best Test: 75.78%
Run 03:
Highest Train: 95.77
Highest Valid: 75.72
Highest Test: 75.98
Chosen epoch: 806
Final Train: 94.18
Final Test: 75.78
All runs:
Highest Train: 95.36 ± 0.44
Highest Test: 74.27 ± 1.73
Highest Valid: 75.34 ± 0.37
  Final Train: 94.30 ± 0.38
   Final Test: 74.16 ± 1.64
Saving results to gt_search/results/questions/sgformer.csv
Namespace(aggregate='add', alpha=0.5, attention='gcn', beta=-1.0, bn=False, cpu=False, data_dir='../data/', dataset='questions', device=0, dim_inner=64, display_step=100, dropout=0.7, epochs=1000, global_dropout=None, global_epochs=0, global_layers=2, gnn='gcn', graph_weight=0.8, hidden_channels=64, hops=10, in_dropout=0.0, jk=False, label_num_per_class=20, lambda_val=0.5, layers=2, ln=False, local_epochs=0, local_gnn_type='GCN', local_layers=7, lr=0.001, metric='rocauc', mlp_epochs=500, mlp_reg=False, model='sgformer', model_dir='models', n_heads=1, num_centroids=4096, num_heads=1, oracle_reg=False, paired_seeds=False, pe_types='RWSE', penalty_transform='none', pre_linear=False, pre_ln=False, rand_split=False, rand_split_class=False, reg_start_epoch=10, reg_update_freq=5, res=False, result_dir='gt_search/results', runs=3, save_model=False, save_result=False, seed=42, test_num=1000, tr_dropout=None, tr_layers=1, tr_weight_decay=None, train_prop=0.5, use_act=False, use_bn=True, use_graph=True, use_reg=False, use_residual=True, use_weight=False, valid_num=500, valid_prop=0.25, weight_decay=0.0005)
questions
dataset questions | num nodes 48921 | num edge 153540 | num node feats 301 | num classes 2
MODEL: SGFormer(
  (trans_conv): TransConv(
    (convs): ModuleList(
      (0): TransConvLayer(
        (Wk): Linear(in_features=64, out_features=64, bias=True)
        (Wq): Linear(in_features=64, out_features=64, bias=True)
      )
    )
    (fcs): ModuleList(
      (0): Linear(in_features=301, out_features=64, bias=True)
    )
    (bns): ModuleList(
      (0): LayerNorm((64,), eps=1e-05, elementwise_affine=True)
      (1): LayerNorm((64,), eps=1e-05, elementwise_affine=True)
    )
  )
  (gnn): GCN(
    (convs): ModuleList(
      (0): GCNConv(301, 64)
      (1): GCNConv(64, 64)
    )
    (bns): ModuleList(
      (0): BatchNorm1d(64, eps=1e-05, momentum=0.1, affine=True, track_running_stats=True)
    )
  )
  (fc): Linear(in_features=64, out_features=2, bias=True)
)
Epoch: 00, Loss: 0.8775, Train: 55.00%, Valid: 52.41%, Test: 54.78%, Best Valid: 52.41%, Best Test: 54.78%
Epoch: 100, Loss: 0.1579, Train: 59.49%, Valid: 58.92%, Test: 55.90%, Best Valid: 58.92%, Best Test: 55.90%
Epoch: 200, Loss: 0.1383, Train: 72.48%, Valid: 66.24%, Test: 62.31%, Best Valid: 66.45%, Best Test: 62.53%
Epoch: 300, Loss: 0.1272, Train: 78.32%, Valid: 67.93%, Test: 64.24%, Best Valid: 68.01%, Best Test: 64.39%
Epoch: 400, Loss: 0.1165, Train: 81.87%, Valid: 68.59%, Test: 64.56%, Best Valid: 70.17%, Best Test: 65.98%
Epoch: 500, Loss: 0.1072, Train: 86.82%, Valid: 70.95%, Test: 66.48%, Best Valid: 71.50%, Best Test: 67.34%
Epoch: 600, Loss: 0.1010, Train: 90.12%, Valid: 72.06%, Test: 67.60%, Best Valid: 72.78%, Best Test: 68.51%
Epoch: 700, Loss: 0.0952, Train: 93.41%, Valid: 73.60%, Test: 69.88%, Best Valid: 73.65%, Best Test: 69.96%
Epoch: 800, Loss: 0.0901, Train: 94.32%, Valid: 73.06%, Test: 68.26%, Best Valid: 74.04%, Best Test: 70.58%
Epoch: 900, Loss: 0.0861, Train: 95.43%, Valid: 73.50%, Test: 69.90%, Best Valid: 74.51%, Best Test: 71.05%
Run 01:
Highest Train: 96.33
Highest Valid: 74.60
Highest Test: 71.54
Chosen epoch: 921
Final Train: 95.82
Final Test: 71.54
Epoch: 00, Loss: 0.6260, Train: 41.93%, Valid: 36.97%, Test: 38.11%, Best Valid: 36.97%, Best Test: 38.11%
Epoch: 100, Loss: 0.1493, Train: 64.52%, Valid: 61.96%, Test: 57.89%, Best Valid: 61.96%, Best Test: 57.89%
Epoch: 200, Loss: 0.1321, Train: 75.49%, Valid: 67.53%, Test: 64.08%, Best Valid: 67.53%, Best Test: 64.08%
Epoch: 300, Loss: 0.1225, Train: 80.39%, Valid: 68.71%, Test: 66.24%, Best Valid: 69.05%, Best Test: 66.63%
Epoch: 400, Loss: 0.1132, Train: 84.06%, Valid: 69.81%, Test: 67.22%, Best Valid: 70.39%, Best Test: 67.95%
Epoch: 500, Loss: 0.1044, Train: 87.62%, Valid: 71.03%, Test: 68.59%, Best Valid: 72.05%, Best Test: 69.51%
Epoch: 600, Loss: 0.0972, Train: 91.72%, Valid: 73.21%, Test: 71.12%, Best Valid: 73.21%, Best Test: 71.12%
Epoch: 700, Loss: 0.0926, Train: 93.17%, Valid: 73.28%, Test: 70.81%, Best Valid: 74.04%, Best Test: 71.88%
Epoch: 800, Loss: 0.0898, Train: 94.38%, Valid: 73.12%, Test: 70.94%, Best Valid: 74.11%, Best Test: 71.77%
Epoch: 900, Loss: 0.0881, Train: 95.86%, Valid: 73.51%, Test: 71.51%, Best Valid: 74.11%, Best Test: 71.77%
Run 02:
Highest Train: 96.54
Highest Valid: 74.11
Highest Test: 72.50
Chosen epoch: 703
Final Train: 93.98
Final Test: 71.77
Epoch: 00, Loss: 0.6299, Train: 56.40%, Valid: 57.41%, Test: 58.24%, Best Valid: 57.41%, Best Test: 58.24%
Epoch: 100, Loss: 0.1553, Train: 61.83%, Valid: 58.08%, Test: 59.99%, Best Valid: 58.08%, Best Test: 59.99%
Epoch: 200, Loss: 0.1357, Train: 72.94%, Valid: 65.05%, Test: 65.34%, Best Valid: 65.48%, Best Test: 65.70%
Epoch: 300, Loss: 0.1238, Train: 79.66%, Valid: 67.23%, Test: 67.81%, Best Valid: 67.58%, Best Test: 68.08%
Epoch: 400, Loss: 0.1117, Train: 84.90%, Valid: 69.50%, Test: 70.18%, Best Valid: 69.74%, Best Test: 70.24%
Epoch: 500, Loss: 0.1020, Train: 89.23%, Valid: 71.07%, Test: 71.94%, Best Valid: 72.35%, Best Test: 72.57%
Epoch: 600, Loss: 0.0971, Train: 91.83%, Valid: 71.23%, Test: 72.45%, Best Valid: 73.63%, Best Test: 73.69%
Epoch: 700, Loss: 0.0901, Train: 94.46%, Valid: 72.65%, Test: 73.38%, Best Valid: 74.50%, Best Test: 74.53%
Epoch: 800, Loss: 0.0870, Train: 95.49%, Valid: 72.61%, Test: 73.41%, Best Valid: 74.76%, Best Test: 74.43%
Epoch: 900, Loss: 0.0837, Train: 96.69%, Valid: 72.94%, Test: 73.78%, Best Valid: 74.76%, Best Test: 74.43%
Run 03:
Highest Train: 97.24
Highest Valid: 74.76
Highest Test: 74.76
Chosen epoch: 786
Final Train: 95.64
Final Test: 74.43
All runs:
Highest Train: 96.71 ± 0.48
Highest Test: 72.94 ± 1.65
Highest Valid: 74.49 ± 0.34
  Final Train: 95.15 ± 1.01
   Final Test: 72.58 ± 1.60
Saving results to gt_search/results/questions/sgformer.csv
Namespace(aggregate='add', alpha=0.5, attention='gcn', beta=-1.0, bn=False, cpu=False, data_dir='../data/', dataset='questions', device=0, dim_inner=256, display_step=100, dropout=0.3, epochs=1000, global_dropout=None, global_epochs=0, global_layers=2, gnn='gcn', graph_weight=0.5, hidden_channels=256, hops=10, in_dropout=0.0, jk=False, label_num_per_class=20, lambda_val=0.5, layers=2, ln=False, local_epochs=0, local_gnn_type='GCN', local_layers=7, lr=0.001, metric='rocauc', mlp_epochs=500, mlp_reg=False, model='sgformer', model_dir='models', n_heads=1, num_centroids=4096, num_heads=1, oracle_reg=False, paired_seeds=False, pe_types='RWSE', penalty_transform='none', pre_linear=False, pre_ln=False, rand_split=False, rand_split_class=False, reg_start_epoch=10, reg_update_freq=5, res=False, result_dir='gt_search/results', runs=3, save_model=False, save_result=False, seed=42, test_num=1000, tr_dropout=None, tr_layers=1, tr_weight_decay=None, train_prop=0.5, use_act=False, use_bn=True, use_graph=True, use_reg=False, use_residual=True, use_weight=False, valid_num=500, valid_prop=0.25, weight_decay=0.0005)
questions
dataset questions | num nodes 48921 | num edge 153540 | num node feats 301 | num classes 2
MODEL: SGFormer(
  (trans_conv): TransConv(
    (convs): ModuleList(
      (0): TransConvLayer(
        (Wk): Linear(in_features=256, out_features=256, bias=True)
        (Wq): Linear(in_features=256, out_features=256, bias=True)
      )
    )
    (fcs): ModuleList(
      (0): Linear(in_features=301, out_features=256, bias=True)
    )
    (bns): ModuleList(
      (0): LayerNorm((256,), eps=1e-05, elementwise_affine=True)
      (1): LayerNorm((256,), eps=1e-05, elementwise_affine=True)
    )
  )
  (gnn): GCN(
    (convs): ModuleList(
      (0): GCNConv(301, 256)
      (1): GCNConv(256, 256)
    )
    (bns): ModuleList(
      (0): BatchNorm1d(256, eps=1e-05, momentum=0.1, affine=True, track_running_stats=True)
    )
  )
  (fc): Linear(in_features=256, out_features=2, bias=True)
)
Epoch: 00, Loss: 0.7676, Train: 52.66%, Valid: 53.74%, Test: 54.11%, Best Valid: 53.74%, Best Test: 54.11%
Epoch: 100, Loss: 0.1189, Train: 76.57%, Valid: 72.15%, Test: 68.86%, Best Valid: 72.15%, Best Test: 68.86%
Epoch: 200, Loss: 0.0870, Train: 91.77%, Valid: 75.11%, Test: 72.48%, Best Valid: 76.54%, Best Test: 75.42%
Epoch: 300, Loss: 0.0623, Train: 97.25%, Valid: 74.18%, Test: 71.94%, Best Valid: 76.54%, Best Test: 75.42%
Epoch: 400, Loss: 0.0408, Train: 98.97%, Valid: 72.84%, Test: 69.41%, Best Valid: 76.54%, Best Test: 75.42%
Epoch: 500, Loss: 0.0311, Train: 99.01%, Valid: 74.05%, Test: 73.23%, Best Valid: 76.54%, Best Test: 75.42%
Epoch: 600, Loss: 0.0288, Train: 99.55%, Valid: 72.76%, Test: 69.65%, Best Valid: 76.54%, Best Test: 75.42%
Epoch: 700, Loss: 0.0301, Train: 99.55%, Valid: 73.41%, Test: 72.10%, Best Valid: 76.54%, Best Test: 75.42%
Epoch: 800, Loss: 0.0187, Train: 99.65%, Valid: 72.75%, Test: 70.62%, Best Valid: 76.54%, Best Test: 75.42%
Epoch: 900, Loss: 0.0168, Train: 99.70%, Valid: 72.52%, Test: 70.24%, Best Valid: 76.54%, Best Test: 75.42%
Run 01:
Highest Train: 99.83
Highest Valid: 76.54
Highest Test: 75.42
Chosen epoch: 186
Final Train: 90.87
Final Test: 75.42
Epoch: 00, Loss: 0.8382, Train: 58.35%, Valid: 56.94%, Test: 57.38%, Best Valid: 56.94%, Best Test: 57.38%
Epoch: 100, Loss: 0.1227, Train: 74.41%, Valid: 70.46%, Test: 67.32%, Best Valid: 70.46%, Best Test: 67.32%
Epoch: 200, Loss: 0.0951, Train: 89.10%, Valid: 76.35%, Test: 74.50%, Best Valid: 77.04%, Best Test: 74.56%
Epoch: 300, Loss: 0.0671, Train: 96.41%, Valid: 76.76%, Test: 76.40%, Best Valid: 77.90%, Best Test: 77.41%
Epoch: 400, Loss: 0.0444, Train: 98.74%, Valid: 76.26%, Test: 76.35%, Best Valid: 77.90%, Best Test: 77.41%
Epoch: 500, Loss: 0.0338, Train: 99.20%, Valid: 75.79%, Test: 76.09%, Best Valid: 77.90%, Best Test: 77.41%
Epoch: 600, Loss: 0.0264, Train: 99.60%, Valid: 73.18%, Test: 73.11%, Best Valid: 77.90%, Best Test: 77.41%
Epoch: 700, Loss: 0.0218, Train: 99.67%, Valid: 73.63%, Test: 74.29%, Best Valid: 77.90%, Best Test: 77.41%
Epoch: 800, Loss: 0.0201, Train: 99.65%, Valid: 74.73%, Test: 75.37%, Best Valid: 77.90%, Best Test: 77.41%
Epoch: 900, Loss: 0.0188, Train: 99.70%, Valid: 74.68%, Test: 75.24%, Best Valid: 77.90%, Best Test: 77.41%
Run 02:
Highest Train: 99.92
Highest Valid: 77.90
Highest Test: 77.67
Chosen epoch: 256
Final Train: 94.09
Final Test: 77.41
Epoch: 00, Loss: 0.8317, Train: 43.33%, Valid: 40.87%, Test: 41.98%, Best Valid: 40.87%, Best Test: 41.98%
Epoch: 100, Loss: 0.1215, Train: 74.29%, Valid: 69.09%, Test: 69.26%, Best Valid: 69.09%, Best Test: 69.26%
Epoch: 200, Loss: 0.0910, Train: 90.94%, Valid: 76.79%, Test: 75.35%, Best Valid: 77.25%, Best Test: 75.90%
Epoch: 300, Loss: 0.0615, Train: 97.32%, Valid: 76.55%, Test: 76.25%, Best Valid: 77.51%, Best Test: 76.47%
Epoch: 400, Loss: 0.0469, Train: 97.82%, Valid: 76.07%, Test: 76.77%, Best Valid: 77.51%, Best Test: 76.47%
Epoch: 500, Loss: 0.0354, Train: 99.31%, Valid: 73.86%, Test: 74.13%, Best Valid: 77.51%, Best Test: 76.47%
Epoch: 600, Loss: 0.0304, Train: 99.32%, Valid: 72.37%, Test: 73.10%, Best Valid: 77.51%, Best Test: 76.47%
Epoch: 700, Loss: 0.0230, Train: 99.67%, Valid: 70.77%, Test: 72.25%, Best Valid: 77.51%, Best Test: 76.47%
Epoch: 800, Loss: 0.0180, Train: 99.68%, Valid: 72.21%, Test: 73.86%, Best Valid: 77.51%, Best Test: 76.47%
Epoch: 900, Loss: 0.0166, Train: 99.73%, Valid: 71.72%, Test: 73.71%, Best Valid: 77.51%, Best Test: 76.47%
Run 03:
Highest Train: 99.81
Highest Valid: 77.51
Highest Test: 76.77
Chosen epoch: 249
Final Train: 94.97
Final Test: 76.47
All runs:
Highest Train: 99.85 ± 0.06
Highest Test: 76.62 ± 1.14
Highest Valid: 77.32 ± 0.70
  Final Train: 93.31 ± 2.16
   Final Test: 76.43 ± 1.00
Saving results to gt_search/results/questions/sgformer.csv
Namespace(aggregate='add', alpha=0.5, attention='gcn', beta=-1.0, bn=False, cpu=False, data_dir='../data/', dataset='questions', device=0, dim_inner=256, display_step=100, dropout=0.3, epochs=1000, global_dropout=None, global_epochs=0, global_layers=2, gnn='gcn', graph_weight=0.8, hidden_channels=256, hops=10, in_dropout=0.0, jk=False, label_num_per_class=20, lambda_val=0.5, layers=2, ln=False, local_epochs=0, local_gnn_type='GCN', local_layers=7, lr=0.001, metric='rocauc', mlp_epochs=500, mlp_reg=False, model='sgformer', model_dir='models', n_heads=1, num_centroids=4096, num_heads=1, oracle_reg=False, paired_seeds=False, pe_types='RWSE', penalty_transform='none', pre_linear=False, pre_ln=False, rand_split=False, rand_split_class=False, reg_start_epoch=10, reg_update_freq=5, res=False, result_dir='gt_search/results', runs=3, save_model=False, save_result=False, seed=42, test_num=1000, tr_dropout=None, tr_layers=1, tr_weight_decay=None, train_prop=0.5, use_act=False, use_bn=True, use_graph=True, use_reg=False, use_residual=True, use_weight=False, valid_num=500, valid_prop=0.25, weight_decay=0.0005)
questions
dataset questions | num nodes 48921 | num edge 153540 | num node feats 301 | num classes 2
MODEL: SGFormer(
  (trans_conv): TransConv(
    (convs): ModuleList(
      (0): TransConvLayer(
        (Wk): Linear(in_features=256, out_features=256, bias=True)
        (Wq): Linear(in_features=256, out_features=256, bias=True)
      )
    )
    (fcs): ModuleList(
      (0): Linear(in_features=301, out_features=256, bias=True)
    )
    (bns): ModuleList(
      (0): LayerNorm((256,), eps=1e-05, elementwise_affine=True)
      (1): LayerNorm((256,), eps=1e-05, elementwise_affine=True)
    )
  )
  (gnn): GCN(
    (convs): ModuleList(
      (0): GCNConv(301, 256)
      (1): GCNConv(256, 256)
    )
    (bns): ModuleList(
      (0): BatchNorm1d(256, eps=1e-05, momentum=0.1, affine=True, track_running_stats=True)
    )
  )
  (fc): Linear(in_features=256, out_features=2, bias=True)
)
Epoch: 00, Loss: 0.7382, Train: 50.59%, Valid: 51.62%, Test: 51.65%, Best Valid: 51.62%, Best Test: 51.65%
Epoch: 100, Loss: 0.1302, Train: 72.85%, Valid: 68.15%, Test: 64.11%, Best Valid: 68.15%, Best Test: 64.11%
Epoch: 200, Loss: 0.0943, Train: 91.24%, Valid: 72.98%, Test: 68.78%, Best Valid: 73.78%, Best Test: 70.15%
Epoch: 300, Loss: 0.0548, Train: 98.16%, Valid: 72.85%, Test: 69.51%, Best Valid: 74.93%, Best Test: 72.42%
Epoch: 400, Loss: 0.0394, Train: 99.30%, Valid: 72.25%, Test: 70.08%, Best Valid: 74.93%, Best Test: 72.42%
Epoch: 500, Loss: 0.0302, Train: 99.68%, Valid: 70.90%, Test: 67.81%, Best Valid: 74.93%, Best Test: 72.42%
Epoch: 600, Loss: 0.0281, Train: 99.60%, Valid: 71.79%, Test: 70.01%, Best Valid: 74.93%, Best Test: 72.42%
Epoch: 700, Loss: 0.0244, Train: 99.59%, Valid: 72.23%, Test: 70.92%, Best Valid: 74.93%, Best Test: 72.42%
Epoch: 800, Loss: 0.0210, Train: 99.86%, Valid: 70.76%, Test: 67.17%, Best Valid: 74.93%, Best Test: 72.42%
Epoch: 900, Loss: 0.0185, Train: 99.82%, Valid: 71.26%, Test: 68.59%, Best Valid: 74.93%, Best Test: 72.42%
Run 01:
Highest Train: 99.91
Highest Valid: 74.93
Highest Test: 72.78
Chosen epoch: 226
Final Train: 94.76
Final Test: 72.42
Epoch: 00, Loss: 0.7600, Train: 55.79%, Valid: 54.54%, Test: 53.96%, Best Valid: 54.54%, Best Test: 53.96%
Epoch: 100, Loss: 0.1310, Train: 73.06%, Valid: 67.62%, Test: 63.41%, Best Valid: 67.62%, Best Test: 63.41%
Epoch: 200, Loss: 0.0993, Train: 87.48%, Valid: 71.67%, Test: 69.34%, Best Valid: 72.46%, Best Test: 70.12%
Epoch: 300, Loss: 0.0628, Train: 97.68%, Valid: 74.54%, Test: 72.80%, Best Valid: 76.33%, Best Test: 74.65%
Epoch: 400, Loss: 0.0421, Train: 98.87%, Valid: 71.19%, Test: 69.72%, Best Valid: 76.33%, Best Test: 74.65%
Epoch: 500, Loss: 0.0314, Train: 99.57%, Valid: 71.38%, Test: 70.03%, Best Valid: 76.33%, Best Test: 74.65%
Epoch: 600, Loss: 0.0284, Train: 99.72%, Valid: 73.59%, Test: 72.43%, Best Valid: 76.33%, Best Test: 74.65%
Epoch: 700, Loss: 0.0247, Train: 99.65%, Valid: 74.09%, Test: 73.41%, Best Valid: 76.33%, Best Test: 74.65%
Epoch: 800, Loss: 0.0275, Train: 99.65%, Valid: 74.34%, Test: 73.88%, Best Valid: 76.33%, Best Test: 74.65%
Epoch: 900, Loss: 0.0208, Train: 99.82%, Valid: 73.59%, Test: 72.83%, Best Valid: 76.33%, Best Test: 74.65%
Run 02:
Highest Train: 99.91
Highest Valid: 76.33
Highest Test: 75.49
Chosen epoch: 290
Final Train: 97.16
Final Test: 74.65
Epoch: 00, Loss: 0.8192, Train: 42.56%, Valid: 39.98%, Test: 41.50%, Best Valid: 39.98%, Best Test: 41.50%
Epoch: 100, Loss: 0.1334, Train: 71.13%, Valid: 65.55%, Test: 65.83%, Best Valid: 65.55%, Best Test: 65.83%
Epoch: 200, Loss: 0.0996, Train: 85.21%, Valid: 68.80%, Test: 69.37%, Best Valid: 71.99%, Best Test: 72.07%
Epoch: 300, Loss: 0.0599, Train: 97.59%, Valid: 74.37%, Test: 75.37%, Best Valid: 74.95%, Best Test: 75.62%
Epoch: 400, Loss: 0.0464, Train: 98.98%, Valid: 69.40%, Test: 69.17%, Best Valid: 74.95%, Best Test: 75.62%
Epoch: 500, Loss: 0.0351, Train: 99.47%, Valid: 72.78%, Test: 73.32%, Best Valid: 74.95%, Best Test: 75.62%
Epoch: 600, Loss: 0.0279, Train: 99.31%, Valid: 69.02%, Test: 69.36%, Best Valid: 74.95%, Best Test: 75.62%
Epoch: 700, Loss: 0.0233, Train: 99.78%, Valid: 71.66%, Test: 72.06%, Best Valid: 74.95%, Best Test: 75.62%
Epoch: 800, Loss: 0.0236, Train: 99.73%, Valid: 72.76%, Test: 73.46%, Best Valid: 74.95%, Best Test: 75.62%
Epoch: 900, Loss: 0.0226, Train: 98.02%, Valid: 65.37%, Test: 65.88%, Best Valid: 74.95%, Best Test: 75.62%
Run 03:
Highest Train: 99.88
Highest Valid: 74.95
Highest Test: 75.62
Chosen epoch: 288
Final Train: 97.13
Final Test: 75.62
All runs:
Highest Train: 99.90 ± 0.01
Highest Test: 74.63 ± 1.61
Highest Valid: 75.40 ± 0.80
  Final Train: 96.35 ± 1.38
   Final Test: 74.23 ± 1.64
Saving results to gt_search/results/questions/sgformer.csv
Namespace(aggregate='add', alpha=0.5, attention='gcn', beta=-1.0, bn=False, cpu=False, data_dir='../data/', dataset='questions', device=0, dim_inner=256, display_step=100, dropout=0.5, epochs=1000, global_dropout=None, global_epochs=0, global_layers=2, gnn='gcn', graph_weight=0.5, hidden_channels=256, hops=10, in_dropout=0.0, jk=False, label_num_per_class=20, lambda_val=0.5, layers=2, ln=False, local_epochs=0, local_gnn_type='GCN', local_layers=7, lr=0.001, metric='rocauc', mlp_epochs=500, mlp_reg=False, model='sgformer', model_dir='models', n_heads=1, num_centroids=4096, num_heads=1, oracle_reg=False, paired_seeds=False, pe_types='RWSE', penalty_transform='none', pre_linear=False, pre_ln=False, rand_split=False, rand_split_class=False, reg_start_epoch=10, reg_update_freq=5, res=False, result_dir='gt_search/results', runs=3, save_model=False, save_result=False, seed=42, test_num=1000, tr_dropout=None, tr_layers=1, tr_weight_decay=None, train_prop=0.5, use_act=False, use_bn=True, use_graph=True, use_reg=False, use_residual=True, use_weight=False, valid_num=500, valid_prop=0.25, weight_decay=0.0005)
questions
dataset questions | num nodes 48921 | num edge 153540 | num node feats 301 | num classes 2
MODEL: SGFormer(
  (trans_conv): TransConv(
    (convs): ModuleList(
      (0): TransConvLayer(
        (Wk): Linear(in_features=256, out_features=256, bias=True)
        (Wq): Linear(in_features=256, out_features=256, bias=True)
      )
    )
    (fcs): ModuleList(
      (0): Linear(in_features=301, out_features=256, bias=True)
    )
    (bns): ModuleList(
      (0): LayerNorm((256,), eps=1e-05, elementwise_affine=True)
      (1): LayerNorm((256,), eps=1e-05, elementwise_affine=True)
    )
  )
  (gnn): GCN(
    (convs): ModuleList(
      (0): GCNConv(301, 256)
      (1): GCNConv(256, 256)
    )
    (bns): ModuleList(
      (0): BatchNorm1d(256, eps=1e-05, momentum=0.1, affine=True, track_running_stats=True)
    )
  )
  (fc): Linear(in_features=256, out_features=2, bias=True)
)
Epoch: 00, Loss: 0.7639, Train: 52.62%, Valid: 53.68%, Test: 54.12%, Best Valid: 53.68%, Best Test: 54.12%
Epoch: 100, Loss: 0.1231, Train: 74.72%, Valid: 70.68%, Test: 66.96%, Best Valid: 70.68%, Best Test: 66.96%
Epoch: 200, Loss: 0.0934, Train: 91.09%, Valid: 75.28%, Test: 73.01%, Best Valid: 75.32%, Best Test: 72.90%
Epoch: 300, Loss: 0.0695, Train: 95.88%, Valid: 73.78%, Test: 71.05%, Best Valid: 75.74%, Best Test: 74.57%
Epoch: 400, Loss: 0.0502, Train: 98.24%, Valid: 74.32%, Test: 72.57%, Best Valid: 75.74%, Best Test: 74.57%
Epoch: 500, Loss: 0.0466, Train: 98.31%, Valid: 74.54%, Test: 73.91%, Best Valid: 75.74%, Best Test: 74.57%
Epoch: 600, Loss: 0.0363, Train: 99.24%, Valid: 73.81%, Test: 71.44%, Best Valid: 75.74%, Best Test: 74.57%
Epoch: 700, Loss: 0.0317, Train: 99.34%, Valid: 72.94%, Test: 69.99%, Best Valid: 75.74%, Best Test: 74.57%
Epoch: 800, Loss: 0.0290, Train: 99.38%, Valid: 73.95%, Test: 71.72%, Best Valid: 75.74%, Best Test: 74.57%
Epoch: 900, Loss: 0.0276, Train: 99.41%, Valid: 73.00%, Test: 69.99%, Best Valid: 75.74%, Best Test: 74.57%
Run 01:
Highest Train: 99.62
Highest Valid: 75.74
Highest Test: 74.73
Chosen epoch: 229
Final Train: 93.01
Final Test: 74.57
Epoch: 00, Loss: 0.8216, Train: 58.33%, Valid: 56.85%, Test: 57.44%, Best Valid: 56.85%, Best Test: 57.44%
Epoch: 100, Loss: 0.1262, Train: 73.17%, Valid: 68.79%, Test: 65.51%, Best Valid: 68.79%, Best Test: 65.51%
Epoch: 200, Loss: 0.1023, Train: 87.14%, Valid: 75.14%, Test: 72.61%, Best Valid: 75.22%, Best Test: 72.57%
Epoch: 300, Loss: 0.0759, Train: 93.60%, Valid: 72.50%, Test: 70.22%, Best Valid: 77.94%, Best Test: 77.06%
Epoch: 400, Loss: 0.0548, Train: 97.96%, Valid: 74.81%, Test: 73.85%, Best Valid: 77.94%, Best Test: 77.06%
Epoch: 500, Loss: 0.0462, Train: 98.84%, Valid: 73.97%, Test: 74.38%, Best Valid: 77.94%, Best Test: 77.06%
Epoch: 600, Loss: 0.0384, Train: 99.20%, Valid: 74.81%, Test: 74.64%, Best Valid: 77.94%, Best Test: 77.06%
Epoch: 700, Loss: 0.0360, Train: 99.47%, Valid: 72.73%, Test: 72.57%, Best Valid: 77.94%, Best Test: 77.06%
Epoch: 800, Loss: 0.0310, Train: 99.33%, Valid: 75.50%, Test: 75.95%, Best Valid: 77.94%, Best Test: 77.06%
Epoch: 900, Loss: 0.0280, Train: 99.49%, Valid: 75.03%, Test: 74.99%, Best Valid: 77.94%, Best Test: 77.06%
Run 02:
Highest Train: 99.73
Highest Valid: 77.94
Highest Test: 77.09
Chosen epoch: 295
Final Train: 94.63
Final Test: 77.06
Epoch: 00, Loss: 0.8272, Train: 43.36%, Valid: 40.92%, Test: 42.04%, Best Valid: 40.92%, Best Test: 42.04%
Epoch: 100, Loss: 0.1261, Train: 72.61%, Valid: 67.24%, Test: 67.61%, Best Valid: 67.24%, Best Test: 67.61%
Epoch: 200, Loss: 0.0980, Train: 89.59%, Valid: 75.61%, Test: 74.61%, Best Valid: 76.25%, Best Test: 75.10%
Epoch: 300, Loss: 0.0723, Train: 96.23%, Valid: 73.66%, Test: 73.89%, Best Valid: 76.93%, Best Test: 76.33%
Epoch: 400, Loss: 0.0534, Train: 98.26%, Valid: 75.08%, Test: 75.34%, Best Valid: 76.93%, Best Test: 76.33%
Epoch: 500, Loss: 0.0420, Train: 98.94%, Valid: 74.33%, Test: 74.72%, Best Valid: 76.93%, Best Test: 76.33%
Epoch: 600, Loss: 0.0373, Train: 99.03%, Valid: 70.00%, Test: 71.49%, Best Valid: 76.93%, Best Test: 76.33%
Epoch: 700, Loss: 0.0326, Train: 99.09%, Valid: 74.18%, Test: 75.43%, Best Valid: 76.93%, Best Test: 76.33%
Epoch: 800, Loss: 0.0308, Train: 99.36%, Valid: 73.43%, Test: 74.80%, Best Valid: 76.93%, Best Test: 76.33%
Epoch: 900, Loss: 0.0271, Train: 99.40%, Valid: 73.44%, Test: 74.94%, Best Valid: 76.93%, Best Test: 76.33%
Run 03:
Highest Train: 99.63
Highest Valid: 76.93
Highest Test: 76.41
Chosen epoch: 277
Final Train: 95.41
Final Test: 76.33
All runs:
Highest Train: 99.66 ± 0.06
Highest Test: 76.07 ± 1.22
Highest Valid: 76.87 ± 1.10
  Final Train: 94.35 ± 1.22
   Final Test: 75.98 ± 1.28
Saving results to gt_search/results/questions/sgformer.csv
Namespace(aggregate='add', alpha=0.5, attention='gcn', beta=-1.0, bn=False, cpu=False, data_dir='../data/', dataset='questions', device=0, dim_inner=256, display_step=100, dropout=0.5, epochs=1000, global_dropout=None, global_epochs=0, global_layers=2, gnn='gcn', graph_weight=0.8, hidden_channels=256, hops=10, in_dropout=0.0, jk=False, label_num_per_class=20, lambda_val=0.5, layers=2, ln=False, local_epochs=0, local_gnn_type='GCN', local_layers=7, lr=0.001, metric='rocauc', mlp_epochs=500, mlp_reg=False, model='sgformer', model_dir='models', n_heads=1, num_centroids=4096, num_heads=1, oracle_reg=False, paired_seeds=False, pe_types='RWSE', penalty_transform='none', pre_linear=False, pre_ln=False, rand_split=False, rand_split_class=False, reg_start_epoch=10, reg_update_freq=5, res=False, result_dir='gt_search/results', runs=3, save_model=False, save_result=False, seed=42, test_num=1000, tr_dropout=None, tr_layers=1, tr_weight_decay=None, train_prop=0.5, use_act=False, use_bn=True, use_graph=True, use_reg=False, use_residual=True, use_weight=False, valid_num=500, valid_prop=0.25, weight_decay=0.0005)
questions
dataset questions | num nodes 48921 | num edge 153540 | num node feats 301 | num classes 2
MODEL: SGFormer(
  (trans_conv): TransConv(
    (convs): ModuleList(
      (0): TransConvLayer(
        (Wk): Linear(in_features=256, out_features=256, bias=True)
        (Wq): Linear(in_features=256, out_features=256, bias=True)
      )
    )
    (fcs): ModuleList(
      (0): Linear(in_features=301, out_features=256, bias=True)
    )
    (bns): ModuleList(
      (0): LayerNorm((256,), eps=1e-05, elementwise_affine=True)
      (1): LayerNorm((256,), eps=1e-05, elementwise_affine=True)
    )
  )
  (gnn): GCN(
    (convs): ModuleList(
      (0): GCNConv(301, 256)
      (1): GCNConv(256, 256)
    )
    (bns): ModuleList(
      (0): BatchNorm1d(256, eps=1e-05, momentum=0.1, affine=True, track_running_stats=True)
    )
  )
  (fc): Linear(in_features=256, out_features=2, bias=True)
)
Epoch: 00, Loss: 0.7356, Train: 50.63%, Valid: 51.60%, Test: 51.67%, Best Valid: 51.60%, Best Test: 51.67%
Epoch: 100, Loss: 0.1333, Train: 71.93%, Valid: 67.35%, Test: 63.39%, Best Valid: 67.36%, Best Test: 63.40%
Epoch: 200, Loss: 0.1017, Train: 87.72%, Valid: 71.51%, Test: 66.98%, Best Valid: 72.09%, Best Test: 67.59%
Epoch: 300, Loss: 0.0651, Train: 96.73%, Valid: 72.62%, Test: 68.24%, Best Valid: 74.09%, Best Test: 70.82%
Epoch: 400, Loss: 0.0498, Train: 98.60%, Valid: 72.58%, Test: 68.49%, Best Valid: 74.48%, Best Test: 72.62%
Epoch: 500, Loss: 0.0415, Train: 99.18%, Valid: 72.61%, Test: 69.02%, Best Valid: 74.48%, Best Test: 72.62%
Epoch: 600, Loss: 0.0366, Train: 99.39%, Valid: 72.73%, Test: 70.16%, Best Valid: 74.48%, Best Test: 72.62%
Epoch: 700, Loss: 0.0343, Train: 99.00%, Valid: 69.07%, Test: 64.78%, Best Valid: 74.48%, Best Test: 72.62%
Epoch: 800, Loss: 0.0317, Train: 99.35%, Valid: 72.79%, Test: 70.54%, Best Valid: 74.48%, Best Test: 72.62%
Epoch: 900, Loss: 0.0280, Train: 99.64%, Valid: 72.77%, Test: 70.08%, Best Valid: 74.48%, Best Test: 72.62%
Run 01:
Highest Train: 99.83
Highest Valid: 74.48
Highest Test: 72.62
Chosen epoch: 303
Final Train: 96.92
Final Test: 72.62
Epoch: 00, Loss: 0.7537, Train: 55.69%, Valid: 54.56%, Test: 53.92%, Best Valid: 54.56%, Best Test: 53.92%
Epoch: 100, Loss: 0.1340, Train: 72.63%, Valid: 67.26%, Test: 62.88%, Best Valid: 67.26%, Best Test: 62.88%
Epoch: 200, Loss: 0.1068, Train: 85.26%, Valid: 70.73%, Test: 68.27%, Best Valid: 70.73%, Best Test: 68.27%
Epoch: 300, Loss: 0.0740, Train: 94.03%, Valid: 71.49%, Test: 68.31%, Best Valid: 74.75%, Best Test: 72.35%
Epoch: 400, Loss: 0.0533, Train: 98.41%, Valid: 72.67%, Test: 70.99%, Best Valid: 75.59%, Best Test: 73.93%
Epoch: 500, Loss: 0.0451, Train: 98.48%, Valid: 71.17%, Test: 69.35%, Best Valid: 75.59%, Best Test: 73.93%
Epoch: 600, Loss: 0.0369, Train: 99.48%, Valid: 73.57%, Test: 72.79%, Best Valid: 75.59%, Best Test: 73.93%
Epoch: 700, Loss: 0.0350, Train: 99.56%, Valid: 73.46%, Test: 72.81%, Best Valid: 75.59%, Best Test: 73.93%
Epoch: 800, Loss: 0.0327, Train: 99.60%, Valid: 70.86%, Test: 69.24%, Best Valid: 75.59%, Best Test: 73.93%
Epoch: 900, Loss: 0.0302, Train: 99.58%, Valid: 73.49%, Test: 72.97%, Best Valid: 75.59%, Best Test: 73.93%
Run 02:
Highest Train: 99.82
Highest Valid: 75.59
Highest Test: 75.40
Chosen epoch: 343
Final Train: 97.55
Final Test: 73.93
Epoch: 00, Loss: 0.8189, Train: 42.53%, Valid: 39.96%, Test: 41.47%, Best Valid: 39.96%, Best Test: 41.47%
Epoch: 100, Loss: 0.1367, Train: 70.41%, Valid: 64.78%, Test: 65.18%, Best Valid: 64.78%, Best Test: 65.18%
Epoch: 200, Loss: 0.1092, Train: 84.20%, Valid: 69.59%, Test: 69.70%, Best Valid: 70.06%, Best Test: 70.19%
Epoch: 300, Loss: 0.0727, Train: 96.65%, Valid: 73.58%, Test: 74.09%, Best Valid: 74.48%, Best Test: 74.68%
Epoch: 400, Loss: 0.0510, Train: 98.27%, Valid: 70.40%, Test: 71.41%, Best Valid: 74.54%, Best Test: 74.54%
Epoch: 500, Loss: 0.0436, Train: 98.81%, Valid: 68.60%, Test: 69.20%, Best Valid: 74.58%, Best Test: 75.06%
Epoch: 600, Loss: 0.0374, Train: 99.04%, Valid: 69.17%, Test: 70.00%, Best Valid: 74.63%, Best Test: 75.40%
Epoch: 700, Loss: 0.0337, Train: 99.60%, Valid: 70.65%, Test: 71.43%, Best Valid: 74.63%, Best Test: 75.40%
Epoch: 800, Loss: 0.0348, Train: 99.12%, Valid: 73.31%, Test: 74.28%, Best Valid: 74.63%, Best Test: 75.40%
Epoch: 900, Loss: 0.0297, Train: 99.69%, Valid: 72.03%, Test: 72.09%, Best Valid: 74.63%, Best Test: 75.40%
Run 03:
Highest Train: 99.81
Highest Valid: 74.63
Highest Test: 75.40
Chosen epoch: 558
Final Train: 98.89
Final Test: 75.40
All runs:
Highest Train: 99.82 ± 0.01
Highest Test: 74.47 ± 1.61
Highest Valid: 74.90 ± 0.60
  Final Train: 97.79 ± 1.01
   Final Test: 73.98 ± 1.40
Saving results to gt_search/results/questions/sgformer.csv
Namespace(aggregate='add', alpha=0.5, attention='gcn', beta=-1.0, bn=False, cpu=False, data_dir='../data/', dataset='questions', device=0, dim_inner=256, display_step=100, dropout=0.7, epochs=1000, global_dropout=None, global_epochs=0, global_layers=2, gnn='gcn', graph_weight=0.5, hidden_channels=256, hops=10, in_dropout=0.0, jk=False, label_num_per_class=20, lambda_val=0.5, layers=2, ln=False, local_epochs=0, local_gnn_type='GCN', local_layers=7, lr=0.001, metric='rocauc', mlp_epochs=500, mlp_reg=False, model='sgformer', model_dir='models', n_heads=1, num_centroids=4096, num_heads=1, oracle_reg=False, paired_seeds=False, pe_types='RWSE', penalty_transform='none', pre_linear=False, pre_ln=False, rand_split=False, rand_split_class=False, reg_start_epoch=10, reg_update_freq=5, res=False, result_dir='gt_search/results', runs=3, save_model=False, save_result=False, seed=42, test_num=1000, tr_dropout=None, tr_layers=1, tr_weight_decay=None, train_prop=0.5, use_act=False, use_bn=True, use_graph=True, use_reg=False, use_residual=True, use_weight=False, valid_num=500, valid_prop=0.25, weight_decay=0.0005)
questions
dataset questions | num nodes 48921 | num edge 153540 | num node feats 301 | num classes 2
MODEL: SGFormer(
  (trans_conv): TransConv(
    (convs): ModuleList(
      (0): TransConvLayer(
        (Wk): Linear(in_features=256, out_features=256, bias=True)
        (Wq): Linear(in_features=256, out_features=256, bias=True)
      )
    )
    (fcs): ModuleList(
      (0): Linear(in_features=301, out_features=256, bias=True)
    )
    (bns): ModuleList(
      (0): LayerNorm((256,), eps=1e-05, elementwise_affine=True)
      (1): LayerNorm((256,), eps=1e-05, elementwise_affine=True)
    )
  )
  (gnn): GCN(
    (convs): ModuleList(
      (0): GCNConv(301, 256)
      (1): GCNConv(256, 256)
    )
    (bns): ModuleList(
      (0): BatchNorm1d(256, eps=1e-05, momentum=0.1, affine=True, track_running_stats=True)
    )
  )
  (fc): Linear(in_features=256, out_features=2, bias=True)
)
Epoch: 00, Loss: 0.7692, Train: 52.64%, Valid: 53.65%, Test: 54.13%, Best Valid: 53.65%, Best Test: 54.13%
Epoch: 100, Loss: 0.1299, Train: 72.39%, Valid: 68.43%, Test: 64.64%, Best Valid: 68.48%, Best Test: 64.68%
Epoch: 200, Loss: 0.1050, Train: 86.87%, Valid: 73.22%, Test: 69.35%, Best Valid: 73.48%, Best Test: 69.68%
Epoch: 300, Loss: 0.0850, Train: 93.33%, Valid: 73.20%, Test: 70.22%, Best Valid: 74.93%, Best Test: 73.53%
Epoch: 400, Loss: 0.0695, Train: 95.84%, Valid: 74.69%, Test: 72.57%, Best Valid: 75.10%, Best Test: 73.62%
Epoch: 500, Loss: 0.0621, Train: 97.01%, Valid: 73.64%, Test: 70.53%, Best Valid: 75.10%, Best Test: 73.62%
Epoch: 600, Loss: 0.0597, Train: 97.74%, Valid: 74.22%, Test: 71.98%, Best Valid: 75.10%, Best Test: 73.62%
Epoch: 700, Loss: 0.0538, Train: 98.02%, Valid: 74.43%, Test: 72.81%, Best Valid: 75.10%, Best Test: 73.62%
Epoch: 800, Loss: 0.0536, Train: 98.40%, Valid: 74.15%, Test: 71.45%, Best Valid: 75.10%, Best Test: 73.62%
Epoch: 900, Loss: 0.0511, Train: 98.70%, Valid: 74.11%, Test: 71.73%, Best Valid: 75.10%, Best Test: 73.62%
Run 01:
Highest Train: 98.96
Highest Valid: 75.10
Highest Test: 73.90
Chosen epoch: 397
Final Train: 95.95
Final Test: 73.62
Epoch: 00, Loss: 0.8091, Train: 58.35%, Valid: 56.84%, Test: 57.47%, Best Valid: 56.84%, Best Test: 57.47%
Epoch: 100, Loss: 0.1332, Train: 71.96%, Valid: 67.55%, Test: 63.75%, Best Valid: 67.55%, Best Test: 63.75%
Epoch: 200, Loss: 0.1122, Train: 82.29%, Valid: 71.15%, Test: 68.81%, Best Valid: 71.87%, Best Test: 69.48%
Epoch: 300, Loss: 0.0902, Train: 91.65%, Valid: 74.92%, Test: 72.74%, Best Valid: 75.66%, Best Test: 73.78%
Epoch: 400, Loss: 0.0767, Train: 95.14%, Valid: 73.99%, Test: 72.00%, Best Valid: 76.74%, Best Test: 75.61%
Epoch: 500, Loss: 0.0685, Train: 97.02%, Valid: 74.81%, Test: 74.56%, Best Valid: 76.89%, Best Test: 75.97%
Epoch: 600, Loss: 0.0623, Train: 97.58%, Valid: 74.19%, Test: 73.84%, Best Valid: 76.89%, Best Test: 75.97%
Epoch: 700, Loss: 0.0587, Train: 98.12%, Valid: 75.10%, Test: 75.42%, Best Valid: 76.89%, Best Test: 75.97%
Epoch: 800, Loss: 0.0541, Train: 98.33%, Valid: 75.95%, Test: 76.07%, Best Valid: 76.89%, Best Test: 75.97%
Epoch: 900, Loss: 0.0504, Train: 98.64%, Valid: 72.53%, Test: 71.57%, Best Valid: 76.89%, Best Test: 75.97%
Run 02:
Highest Train: 99.01
Highest Valid: 76.89
Highest Test: 76.39
Chosen epoch: 435
Final Train: 95.99
Final Test: 75.97
Epoch: 00, Loss: 0.8253, Train: 43.32%, Valid: 40.85%, Test: 42.04%, Best Valid: 40.85%, Best Test: 42.04%
Epoch: 100, Loss: 0.1334, Train: 70.36%, Valid: 65.01%, Test: 65.65%, Best Valid: 65.01%, Best Test: 65.65%
Epoch: 200, Loss: 0.1117, Train: 83.29%, Valid: 71.69%, Test: 71.55%, Best Valid: 71.69%, Best Test: 71.55%
Epoch: 300, Loss: 0.0894, Train: 92.70%, Valid: 75.03%, Test: 74.16%, Best Valid: 75.58%, Best Test: 74.55%
Epoch: 400, Loss: 0.0734, Train: 94.80%, Valid: 71.64%, Test: 72.77%, Best Valid: 76.27%, Best Test: 75.57%
Epoch: 500, Loss: 0.0650, Train: 96.88%, Valid: 73.58%, Test: 73.91%, Best Valid: 76.27%, Best Test: 75.57%
Epoch: 600, Loss: 0.0594, Train: 97.74%, Valid: 73.78%, Test: 74.56%, Best Valid: 76.27%, Best Test: 75.57%
Epoch: 700, Loss: 0.0540, Train: 98.14%, Valid: 72.75%, Test: 73.57%, Best Valid: 76.27%, Best Test: 75.57%
Epoch: 800, Loss: 0.0542, Train: 98.47%, Valid: 74.48%, Test: 75.16%, Best Valid: 76.27%, Best Test: 75.57%
Epoch: 900, Loss: 0.0487, Train: 98.48%, Valid: 74.50%, Test: 75.33%, Best Valid: 76.27%, Best Test: 75.57%
Run 03:
Highest Train: 98.94
Highest Valid: 76.27
Highest Test: 76.10
Chosen epoch: 357
Final Train: 94.89
Final Test: 75.57
All runs:
Highest Train: 98.97 ± 0.04
Highest Test: 75.46 ± 1.36
Highest Valid: 76.09 ± 0.91
  Final Train: 95.61 ± 0.62
   Final Test: 75.05 ± 1.26
Saving results to gt_search/results/questions/sgformer.csv
Namespace(aggregate='add', alpha=0.5, attention='gcn', beta=-1.0, bn=False, cpu=False, data_dir='../data/', dataset='questions', device=0, dim_inner=256, display_step=100, dropout=0.7, epochs=1000, global_dropout=None, global_epochs=0, global_layers=2, gnn='gcn', graph_weight=0.8, hidden_channels=256, hops=10, in_dropout=0.0, jk=False, label_num_per_class=20, lambda_val=0.5, layers=2, ln=False, local_epochs=0, local_gnn_type='GCN', local_layers=7, lr=0.001, metric='rocauc', mlp_epochs=500, mlp_reg=False, model='sgformer', model_dir='models', n_heads=1, num_centroids=4096, num_heads=1, oracle_reg=False, paired_seeds=False, pe_types='RWSE', penalty_transform='none', pre_linear=False, pre_ln=False, rand_split=False, rand_split_class=False, reg_start_epoch=10, reg_update_freq=5, res=False, result_dir='gt_search/results', runs=3, save_model=False, save_result=False, seed=42, test_num=1000, tr_dropout=None, tr_layers=1, tr_weight_decay=None, train_prop=0.5, use_act=False, use_bn=True, use_graph=True, use_reg=False, use_residual=True, use_weight=False, valid_num=500, valid_prop=0.25, weight_decay=0.0005)
questions
dataset questions | num nodes 48921 | num edge 153540 | num node feats 301 | num classes 2
MODEL: SGFormer(
  (trans_conv): TransConv(
    (convs): ModuleList(
      (0): TransConvLayer(
        (Wk): Linear(in_features=256, out_features=256, bias=True)
        (Wq): Linear(in_features=256, out_features=256, bias=True)
      )
    )
    (fcs): ModuleList(
      (0): Linear(in_features=301, out_features=256, bias=True)
    )
    (bns): ModuleList(
      (0): LayerNorm((256,), eps=1e-05, elementwise_affine=True)
      (1): LayerNorm((256,), eps=1e-05, elementwise_affine=True)
    )
  )
  (gnn): GCN(
    (convs): ModuleList(
      (0): GCNConv(301, 256)
      (1): GCNConv(256, 256)
    )
    (bns): ModuleList(
      (0): BatchNorm1d(256, eps=1e-05, momentum=0.1, affine=True, track_running_stats=True)
    )
  )
  (fc): Linear(in_features=256, out_features=2, bias=True)
)
Epoch: 00, Loss: 0.7384, Train: 50.82%, Valid: 51.75%, Test: 51.94%, Best Valid: 51.75%, Best Test: 51.94%
Epoch: 100, Loss: 0.1376, Train: 70.79%, Valid: 66.55%, Test: 62.66%, Best Valid: 66.61%, Best Test: 62.71%
Epoch: 200, Loss: 0.1128, Train: 83.72%, Valid: 70.53%, Test: 66.08%, Best Valid: 70.72%, Best Test: 66.22%
Epoch: 300, Loss: 0.0838, Train: 93.47%, Valid: 71.23%, Test: 66.77%, Best Valid: 73.50%, Best Test: 69.63%
Epoch: 400, Loss: 0.0669, Train: 96.69%, Valid: 72.19%, Test: 67.34%, Best Valid: 74.62%, Best Test: 72.06%
Epoch: 500, Loss: 0.0607, Train: 98.00%, Valid: 72.20%, Test: 67.78%, Best Valid: 74.62%, Best Test: 72.06%
Epoch: 600, Loss: 0.0558, Train: 98.32%, Valid: 73.66%, Test: 70.73%, Best Valid: 74.62%, Best Test: 72.06%
Epoch: 700, Loss: 0.0501, Train: 98.72%, Valid: 71.57%, Test: 67.01%, Best Valid: 74.62%, Best Test: 72.06%
Epoch: 800, Loss: 0.0500, Train: 99.01%, Valid: 72.13%, Test: 68.08%, Best Valid: 74.62%, Best Test: 72.06%
Epoch: 900, Loss: 0.0499, Train: 99.09%, Valid: 71.19%, Test: 66.68%, Best Valid: 74.62%, Best Test: 72.06%
Run 01:
Highest Train: 99.32
Highest Valid: 74.62
Highest Test: 72.14
Chosen epoch: 395
Final Train: 96.94
Final Test: 72.06
Epoch: 00, Loss: 0.7507, Train: 55.74%, Valid: 54.49%, Test: 53.91%, Best Valid: 54.49%, Best Test: 53.91%
Epoch: 100, Loss: 0.1387, Train: 71.77%, Valid: 66.66%, Test: 62.14%, Best Valid: 66.66%, Best Test: 62.14%
Epoch: 200, Loss: 0.1175, Train: 81.50%, Valid: 69.08%, Test: 66.41%, Best Valid: 69.42%, Best Test: 66.70%
Epoch: 300, Loss: 0.0927, Train: 90.10%, Valid: 70.89%, Test: 67.84%, Best Valid: 73.22%, Best Test: 70.63%
Epoch: 400, Loss: 0.0742, Train: 96.41%, Valid: 73.12%, Test: 70.96%, Best Valid: 75.98%, Best Test: 74.25%
Epoch: 500, Loss: 0.0638, Train: 97.88%, Valid: 74.27%, Test: 73.51%, Best Valid: 75.98%, Best Test: 74.25%
Epoch: 600, Loss: 0.0604, Train: 98.26%, Valid: 72.16%, Test: 70.44%, Best Valid: 75.98%, Best Test: 74.25%
Epoch: 700, Loss: 0.0611, Train: 98.62%, Valid: 74.48%, Test: 74.10%, Best Valid: 75.98%, Best Test: 74.25%
Epoch: 800, Loss: 0.0518, Train: 99.05%, Valid: 72.86%, Test: 71.73%, Best Valid: 75.98%, Best Test: 74.25%
Epoch: 900, Loss: 0.0503, Train: 98.84%, Valid: 70.91%, Test: 69.57%, Best Valid: 75.98%, Best Test: 74.25%
Run 02:
Highest Train: 99.38
Highest Valid: 75.98
Highest Test: 74.76
Chosen epoch: 366
Final Train: 95.95
Final Test: 74.25
Epoch: 00, Loss: 0.8180, Train: 42.44%, Valid: 39.87%, Test: 41.43%, Best Valid: 39.87%, Best Test: 41.43%
Epoch: 100, Loss: 0.1411, Train: 69.39%, Valid: 63.93%, Test: 64.36%, Best Valid: 63.93%, Best Test: 64.36%
Epoch: 200, Loss: 0.1194, Train: 81.04%, Valid: 68.34%, Test: 68.77%, Best Valid: 68.34%, Best Test: 68.77%
Epoch: 300, Loss: 0.0918, Train: 92.53%, Valid: 72.13%, Test: 72.63%, Best Valid: 72.50%, Best Test: 72.80%
Epoch: 400, Loss: 0.0712, Train: 96.67%, Valid: 72.16%, Test: 72.61%, Best Valid: 74.37%, Best Test: 74.45%
Epoch: 500, Loss: 0.0666, Train: 97.95%, Valid: 74.15%, Test: 74.06%, Best Valid: 74.82%, Best Test: 74.73%
Epoch: 600, Loss: 0.0573, Train: 98.42%, Valid: 72.11%, Test: 72.78%, Best Valid: 74.88%, Best Test: 75.01%
Epoch: 700, Loss: 0.0540, Train: 98.71%, Valid: 72.96%, Test: 73.07%, Best Valid: 74.88%, Best Test: 75.01%
Epoch: 800, Loss: 0.0528, Train: 98.88%, Valid: 70.95%, Test: 71.33%, Best Valid: 74.88%, Best Test: 75.01%
Epoch: 900, Loss: 0.0488, Train: 99.01%, Valid: 73.14%, Test: 73.03%, Best Valid: 74.88%, Best Test: 75.01%
Run 03:
Highest Train: 99.30
Highest Valid: 74.88
Highest Test: 75.01
Chosen epoch: 540
Final Train: 97.66
Final Test: 75.01
All runs:
Highest Train: 99.33 ± 0.04
Highest Test: 73.97 ± 1.59
Highest Valid: 75.16 ± 0.72
  Final Train: 96.85 ± 0.86
   Final Test: 73.77 ± 1.53
Saving results to gt_search/results/questions/sgformer.csv
Namespace(aggregate='add', alpha=0.5, attention='gcn', beta=-1.0, bn=False, cpu=False, data_dir='../data/', dataset='questions', device=0, dim_inner=64, display_step=100, dropout=0.3, epochs=1000, global_dropout=None, global_epochs=0, global_layers=2, gnn='gcn', graph_weight=0.5, hidden_channels=64, hops=10, in_dropout=0.0, jk=False, label_num_per_class=20, lambda_val=0.5, layers=3, ln=False, local_epochs=0, local_gnn_type='GCN', local_layers=7, lr=0.001, metric='rocauc', mlp_epochs=500, mlp_reg=False, model='sgformer', model_dir='models', n_heads=1, num_centroids=4096, num_heads=1, oracle_reg=False, paired_seeds=False, pe_types='RWSE', penalty_transform='none', pre_linear=False, pre_ln=False, rand_split=False, rand_split_class=False, reg_start_epoch=10, reg_update_freq=5, res=False, result_dir='gt_search/results', runs=3, save_model=False, save_result=False, seed=42, test_num=1000, tr_dropout=None, tr_layers=1, tr_weight_decay=None, train_prop=0.5, use_act=False, use_bn=True, use_graph=True, use_reg=False, use_residual=True, use_weight=False, valid_num=500, valid_prop=0.25, weight_decay=0.0005)
questions
dataset questions | num nodes 48921 | num edge 153540 | num node feats 301 | num classes 2
MODEL: SGFormer(
  (trans_conv): TransConv(
    (convs): ModuleList(
      (0): TransConvLayer(
        (Wk): Linear(in_features=64, out_features=64, bias=True)
        (Wq): Linear(in_features=64, out_features=64, bias=True)
      )
    )
    (fcs): ModuleList(
      (0): Linear(in_features=301, out_features=64, bias=True)
    )
    (bns): ModuleList(
      (0): LayerNorm((64,), eps=1e-05, elementwise_affine=True)
      (1): LayerNorm((64,), eps=1e-05, elementwise_affine=True)
    )
  )
  (gnn): GCN(
    (convs): ModuleList(
      (0): GCNConv(301, 64)
      (1): GCNConv(64, 64)
      (2): GCNConv(64, 64)
    )
    (bns): ModuleList(
      (0): BatchNorm1d(64, eps=1e-05, momentum=0.1, affine=True, track_running_stats=True)
      (1): BatchNorm1d(64, eps=1e-05, momentum=0.1, affine=True, track_running_stats=True)
    )
  )
  (fc): Linear(in_features=64, out_features=2, bias=True)
)
Epoch: 00, Loss: 0.7418, Train: 52.09%, Valid: 53.44%, Test: 52.36%, Best Valid: 53.44%, Best Test: 52.36%
Epoch: 100, Loss: 0.1244, Train: 72.12%, Valid: 63.35%, Test: 61.33%, Best Valid: 63.35%, Best Test: 61.33%
Epoch: 200, Loss: 0.0945, Train: 85.47%, Valid: 65.43%, Test: 60.92%, Best Valid: 72.07%, Best Test: 67.54%
Epoch: 300, Loss: 0.0727, Train: 97.15%, Valid: 74.68%, Test: 69.45%, Best Valid: 75.33%, Best Test: 71.76%
Epoch: 400, Loss: 0.0598, Train: 98.58%, Valid: 72.76%, Test: 68.76%, Best Valid: 75.33%, Best Test: 71.76%
Epoch: 500, Loss: 0.0469, Train: 96.70%, Valid: 66.39%, Test: 62.42%, Best Valid: 75.33%, Best Test: 71.76%
Epoch: 600, Loss: 0.0399, Train: 99.51%, Valid: 70.21%, Test: 65.63%, Best Valid: 75.33%, Best Test: 71.76%
Epoch: 700, Loss: 0.0362, Train: 99.64%, Valid: 72.53%, Test: 68.14%, Best Valid: 75.33%, Best Test: 71.76%
Epoch: 800, Loss: 0.0303, Train: 99.72%, Valid: 70.70%, Test: 66.12%, Best Valid: 75.33%, Best Test: 71.76%
Epoch: 900, Loss: 0.0271, Train: 99.85%, Valid: 70.80%, Test: 66.09%, Best Valid: 75.33%, Best Test: 71.76%
Run 01:
Highest Train: 99.90
Highest Valid: 75.33
Highest Test: 72.41
Chosen epoch: 218
Final Train: 94.57
Final Test: 71.76
Epoch: 00, Loss: 0.6540, Train: 50.22%, Valid: 52.47%, Test: 51.07%, Best Valid: 52.47%, Best Test: 51.07%
Epoch: 100, Loss: 0.1237, Train: 71.62%, Valid: 64.86%, Test: 61.11%, Best Valid: 65.15%, Best Test: 61.32%
Epoch: 200, Loss: 0.0971, Train: 89.42%, Valid: 71.00%, Test: 67.91%, Best Valid: 71.96%, Best Test: 69.26%
Epoch: 300, Loss: 0.0708, Train: 93.00%, Valid: 67.76%, Test: 62.80%, Best Valid: 77.28%, Best Test: 75.26%
Epoch: 400, Loss: 0.0535, Train: 98.58%, Valid: 71.46%, Test: 68.64%, Best Valid: 77.28%, Best Test: 75.26%
Epoch: 500, Loss: 0.0424, Train: 99.38%, Valid: 71.31%, Test: 68.81%, Best Valid: 77.28%, Best Test: 75.26%
Epoch: 600, Loss: 0.0375, Train: 99.65%, Valid: 70.59%, Test: 69.37%, Best Valid: 77.28%, Best Test: 75.26%
Epoch: 700, Loss: 0.0312, Train: 99.76%, Valid: 71.75%, Test: 70.56%, Best Valid: 77.28%, Best Test: 75.26%
Epoch: 800, Loss: 0.0254, Train: 99.76%, Valid: 73.13%, Test: 71.62%, Best Valid: 77.28%, Best Test: 75.26%
Epoch: 900, Loss: 0.0239, Train: 99.86%, Valid: 71.70%, Test: 69.15%, Best Valid: 77.28%, Best Test: 75.26%
Run 02:
Highest Train: 99.89
Highest Valid: 77.28
Highest Test: 75.60
Chosen epoch: 291
Final Train: 96.09
Final Test: 75.26
Epoch: 00, Loss: 0.7530, Train: 50.89%, Valid: 52.94%, Test: 49.56%, Best Valid: 52.94%, Best Test: 49.56%
Epoch: 100, Loss: 0.1248, Train: 71.78%, Valid: 62.88%, Test: 64.90%, Best Valid: 63.11%, Best Test: 65.20%
Epoch: 200, Loss: 0.0944, Train: 89.75%, Valid: 68.77%, Test: 70.41%, Best Valid: 70.86%, Best Test: 72.09%
Epoch: 300, Loss: 0.0703, Train: 94.92%, Valid: 67.30%, Test: 69.02%, Best Valid: 75.05%, Best Test: 74.36%
Epoch: 400, Loss: 0.0579, Train: 98.50%, Valid: 73.57%, Test: 73.62%, Best Valid: 75.05%, Best Test: 74.36%
Epoch: 500, Loss: 0.0484, Train: 96.62%, Valid: 64.08%, Test: 66.53%, Best Valid: 75.05%, Best Test: 74.36%
Epoch: 600, Loss: 0.0405, Train: 98.39%, Valid: 66.43%, Test: 68.52%, Best Valid: 75.05%, Best Test: 74.36%
Epoch: 700, Loss: 0.0353, Train: 99.64%, Valid: 71.26%, Test: 72.05%, Best Valid: 75.05%, Best Test: 74.36%
Epoch: 800, Loss: 0.0291, Train: 99.69%, Valid: 71.25%, Test: 73.11%, Best Valid: 75.05%, Best Test: 74.36%
Epoch: 900, Loss: 0.0267, Train: 99.76%, Valid: 71.47%, Test: 72.75%, Best Valid: 75.05%, Best Test: 74.36%
Run 03:
Highest Train: 99.88
Highest Valid: 75.05
Highest Test: 74.95
Chosen epoch: 246
Final Train: 96.05
Final Test: 74.36
All runs:
Highest Train: 99.89 ± 0.01
Highest Test: 74.32 ± 1.68
Highest Valid: 75.88 ± 1.22
  Final Train: 95.57 ± 0.87
   Final Test: 73.79 ± 1.82
Saving results to gt_search/results/questions/sgformer.csv
Namespace(aggregate='add', alpha=0.5, attention='gcn', beta=-1.0, bn=False, cpu=False, data_dir='../data/', dataset='questions', device=0, dim_inner=64, display_step=100, dropout=0.3, epochs=1000, global_dropout=None, global_epochs=0, global_layers=2, gnn='gcn', graph_weight=0.8, hidden_channels=64, hops=10, in_dropout=0.0, jk=False, label_num_per_class=20, lambda_val=0.5, layers=3, ln=False, local_epochs=0, local_gnn_type='GCN', local_layers=7, lr=0.001, metric='rocauc', mlp_epochs=500, mlp_reg=False, model='sgformer', model_dir='models', n_heads=1, num_centroids=4096, num_heads=1, oracle_reg=False, paired_seeds=False, pe_types='RWSE', penalty_transform='none', pre_linear=False, pre_ln=False, rand_split=False, rand_split_class=False, reg_start_epoch=10, reg_update_freq=5, res=False, result_dir='gt_search/results', runs=3, save_model=False, save_result=False, seed=42, test_num=1000, tr_dropout=None, tr_layers=1, tr_weight_decay=None, train_prop=0.5, use_act=False, use_bn=True, use_graph=True, use_reg=False, use_residual=True, use_weight=False, valid_num=500, valid_prop=0.25, weight_decay=0.0005)
questions
dataset questions | num nodes 48921 | num edge 153540 | num node feats 301 | num classes 2
MODEL: SGFormer(
  (trans_conv): TransConv(
    (convs): ModuleList(
      (0): TransConvLayer(
        (Wk): Linear(in_features=64, out_features=64, bias=True)
        (Wq): Linear(in_features=64, out_features=64, bias=True)
      )
    )
    (fcs): ModuleList(
      (0): Linear(in_features=301, out_features=64, bias=True)
    )
    (bns): ModuleList(
      (0): LayerNorm((64,), eps=1e-05, elementwise_affine=True)
      (1): LayerNorm((64,), eps=1e-05, elementwise_affine=True)
    )
  )
  (gnn): GCN(
    (convs): ModuleList(
      (0): GCNConv(301, 64)
      (1): GCNConv(64, 64)
      (2): GCNConv(64, 64)
    )
    (bns): ModuleList(
      (0): BatchNorm1d(64, eps=1e-05, momentum=0.1, affine=True, track_running_stats=True)
      (1): BatchNorm1d(64, eps=1e-05, momentum=0.1, affine=True, track_running_stats=True)
    )
  )
  (fc): Linear(in_features=64, out_features=2, bias=True)
)
Epoch: 00, Loss: 0.6931, Train: 52.22%, Valid: 53.76%, Test: 52.63%, Best Valid: 53.76%, Best Test: 52.63%
Epoch: 100, Loss: 0.1308, Train: 70.47%, Valid: 61.93%, Test: 59.68%, Best Valid: 61.95%, Best Test: 59.82%
Epoch: 200, Loss: 0.1021, Train: 86.44%, Valid: 66.69%, Test: 62.92%, Best Valid: 67.93%, Best Test: 63.82%
Epoch: 300, Loss: 0.0787, Train: 95.39%, Valid: 69.84%, Test: 64.90%, Best Valid: 71.90%, Best Test: 66.98%
Epoch: 400, Loss: 0.0636, Train: 97.87%, Valid: 70.58%, Test: 65.67%, Best Valid: 73.36%, Best Test: 69.26%
Epoch: 500, Loss: 0.0509, Train: 98.16%, Valid: 68.37%, Test: 63.82%, Best Valid: 73.36%, Best Test: 69.26%
Epoch: 600, Loss: 0.0445, Train: 99.58%, Valid: 70.44%, Test: 65.18%, Best Valid: 73.36%, Best Test: 69.26%
Epoch: 700, Loss: 0.0387, Train: 99.68%, Valid: 70.73%, Test: 65.39%, Best Valid: 73.36%, Best Test: 69.26%
Epoch: 800, Loss: 0.0357, Train: 99.42%, Valid: 68.87%, Test: 62.27%, Best Valid: 73.41%, Best Test: 68.89%
Epoch: 900, Loss: 0.0324, Train: 99.75%, Valid: 72.12%, Test: 66.43%, Best Valid: 73.41%, Best Test: 68.89%
Run 01:
Highest Train: 99.88
Highest Valid: 73.41
Highest Test: 69.72
Chosen epoch: 725
Final Train: 99.35
Final Test: 68.89
Epoch: 00, Loss: 0.6758, Train: 49.54%, Valid: 52.02%, Test: 50.12%, Best Valid: 52.02%, Best Test: 50.12%
Epoch: 100, Loss: 0.1312, Train: 69.05%, Valid: 62.64%, Test: 59.08%, Best Valid: 62.77%, Best Test: 59.06%
Epoch: 200, Loss: 0.1044, Train: 84.55%, Valid: 66.73%, Test: 63.33%, Best Valid: 68.68%, Best Test: 65.15%
Epoch: 300, Loss: 0.0811, Train: 93.41%, Valid: 68.83%, Test: 65.11%, Best Valid: 71.64%, Best Test: 68.45%
Epoch: 400, Loss: 0.0629, Train: 98.10%, Valid: 70.64%, Test: 68.50%, Best Valid: 73.87%, Best Test: 71.95%
Epoch: 500, Loss: 0.0524, Train: 98.41%, Valid: 69.03%, Test: 66.24%, Best Valid: 73.87%, Best Test: 71.95%
Epoch: 600, Loss: 0.0448, Train: 99.34%, Valid: 69.81%, Test: 67.79%, Best Valid: 73.87%, Best Test: 71.95%
Epoch: 700, Loss: 0.0418, Train: 99.61%, Valid: 71.13%, Test: 69.49%, Best Valid: 73.87%, Best Test: 71.95%
Epoch: 800, Loss: 0.0365, Train: 99.72%, Valid: 70.01%, Test: 68.72%, Best Valid: 73.87%, Best Test: 71.95%
Epoch: 900, Loss: 0.0356, Train: 99.81%, Valid: 68.76%, Test: 67.22%, Best Valid: 73.87%, Best Test: 71.95%
Run 02:
Highest Train: 99.88
Highest Valid: 73.87
Highest Test: 72.17
Chosen epoch: 339
Final Train: 97.32
Final Test: 71.95
Epoch: 00, Loss: 0.6749, Train: 50.49%, Valid: 52.67%, Test: 49.37%, Best Valid: 52.67%, Best Test: 49.37%
Epoch: 100, Loss: 0.1310, Train: 70.01%, Valid: 61.15%, Test: 62.32%, Best Valid: 61.17%, Best Test: 62.33%
Epoch: 200, Loss: 0.0996, Train: 88.91%, Valid: 67.64%, Test: 68.81%, Best Valid: 67.64%, Best Test: 68.81%
Epoch: 300, Loss: 0.0754, Train: 93.37%, Valid: 66.86%, Test: 67.18%, Best Valid: 70.97%, Best Test: 71.86%
Epoch: 400, Loss: 0.0616, Train: 96.35%, Valid: 66.33%, Test: 68.38%, Best Valid: 73.17%, Best Test: 72.69%
Epoch: 500, Loss: 0.0515, Train: 96.28%, Valid: 63.68%, Test: 66.09%, Best Valid: 73.17%, Best Test: 72.69%
Epoch: 600, Loss: 0.0435, Train: 99.26%, Valid: 66.04%, Test: 68.40%, Best Valid: 73.17%, Best Test: 72.69%
Epoch: 700, Loss: 0.0389, Train: 99.57%, Valid: 69.76%, Test: 70.85%, Best Valid: 73.17%, Best Test: 72.69%
Epoch: 800, Loss: 0.0354, Train: 99.71%, Valid: 68.76%, Test: 70.19%, Best Valid: 73.17%, Best Test: 72.69%
Epoch: 900, Loss: 0.0327, Train: 99.75%, Valid: 68.42%, Test: 70.09%, Best Valid: 73.17%, Best Test: 72.69%
Run 03:
Highest Train: 99.88
Highest Valid: 73.17
Highest Test: 73.73
Chosen epoch: 312
Final Train: 96.93
Final Test: 72.69
All runs:
Highest Train: 99.88 ± 0.00
Highest Test: 71.87 ± 2.02
Highest Valid: 73.48 ± 0.36
  Final Train: 97.86 ± 1.30
   Final Test: 71.17 ± 2.01
Saving results to gt_search/results/questions/sgformer.csv
Namespace(aggregate='add', alpha=0.5, attention='gcn', beta=-1.0, bn=False, cpu=False, data_dir='../data/', dataset='questions', device=0, dim_inner=64, display_step=100, dropout=0.5, epochs=1000, global_dropout=None, global_epochs=0, global_layers=2, gnn='gcn', graph_weight=0.5, hidden_channels=64, hops=10, in_dropout=0.0, jk=False, label_num_per_class=20, lambda_val=0.5, layers=3, ln=False, local_epochs=0, local_gnn_type='GCN', local_layers=7, lr=0.001, metric='rocauc', mlp_epochs=500, mlp_reg=False, model='sgformer', model_dir='models', n_heads=1, num_centroids=4096, num_heads=1, oracle_reg=False, paired_seeds=False, pe_types='RWSE', penalty_transform='none', pre_linear=False, pre_ln=False, rand_split=False, rand_split_class=False, reg_start_epoch=10, reg_update_freq=5, res=False, result_dir='gt_search/results', runs=3, save_model=False, save_result=False, seed=42, test_num=1000, tr_dropout=None, tr_layers=1, tr_weight_decay=None, train_prop=0.5, use_act=False, use_bn=True, use_graph=True, use_reg=False, use_residual=True, use_weight=False, valid_num=500, valid_prop=0.25, weight_decay=0.0005)
questions
dataset questions | num nodes 48921 | num edge 153540 | num node feats 301 | num classes 2
MODEL: SGFormer(
  (trans_conv): TransConv(
    (convs): ModuleList(
      (0): TransConvLayer(
        (Wk): Linear(in_features=64, out_features=64, bias=True)
        (Wq): Linear(in_features=64, out_features=64, bias=True)
      )
    )
    (fcs): ModuleList(
      (0): Linear(in_features=301, out_features=64, bias=True)
    )
    (bns): ModuleList(
      (0): LayerNorm((64,), eps=1e-05, elementwise_affine=True)
      (1): LayerNorm((64,), eps=1e-05, elementwise_affine=True)
    )
  )
  (gnn): GCN(
    (convs): ModuleList(
      (0): GCNConv(301, 64)
      (1): GCNConv(64, 64)
      (2): GCNConv(64, 64)
    )
    (bns): ModuleList(
      (0): BatchNorm1d(64, eps=1e-05, momentum=0.1, affine=True, track_running_stats=True)
      (1): BatchNorm1d(64, eps=1e-05, momentum=0.1, affine=True, track_running_stats=True)
    )
  )
  (fc): Linear(in_features=64, out_features=2, bias=True)
)
Epoch: 00, Loss: 0.7389, Train: 52.07%, Valid: 53.44%, Test: 52.39%, Best Valid: 53.44%, Best Test: 52.39%
Epoch: 100, Loss: 0.1324, Train: 68.97%, Valid: 61.21%, Test: 59.41%, Best Valid: 61.21%, Best Test: 59.41%
Epoch: 200, Loss: 0.1114, Train: 85.12%, Valid: 69.38%, Test: 65.66%, Best Valid: 69.72%, Best Test: 66.33%
Epoch: 300, Loss: 0.0942, Train: 93.45%, Valid: 73.03%, Test: 68.22%, Best Valid: 74.14%, Best Test: 70.24%
Epoch: 400, Loss: 0.0790, Train: 95.03%, Valid: 70.22%, Test: 64.78%, Best Valid: 74.45%, Best Test: 70.50%
Epoch: 500, Loss: 0.0698, Train: 97.63%, Valid: 72.68%, Test: 68.14%, Best Valid: 74.45%, Best Test: 70.50%
Epoch: 600, Loss: 0.0597, Train: 98.33%, Valid: 72.93%, Test: 68.52%, Best Valid: 74.64%, Best Test: 71.07%
Epoch: 700, Loss: 0.0583, Train: 98.77%, Valid: 72.12%, Test: 68.26%, Best Valid: 74.64%, Best Test: 71.07%
Epoch: 800, Loss: 0.0550, Train: 98.64%, Valid: 70.58%, Test: 66.05%, Best Valid: 74.64%, Best Test: 71.07%
Epoch: 900, Loss: 0.0533, Train: 99.13%, Valid: 71.89%, Test: 67.59%, Best Valid: 74.64%, Best Test: 71.07%
Run 01:
Highest Train: 99.39
Highest Valid: 74.64
Highest Test: 71.66
Chosen epoch: 570
Final Train: 97.93
Final Test: 71.07
Epoch: 00, Loss: 0.6702, Train: 50.16%, Valid: 52.46%, Test: 51.01%, Best Valid: 52.46%, Best Test: 51.01%
Epoch: 100, Loss: 0.1314, Train: 68.35%, Valid: 62.82%, Test: 58.99%, Best Valid: 63.02%, Best Test: 59.05%
Epoch: 200, Loss: 0.1103, Train: 84.37%, Valid: 68.93%, Test: 66.20%, Best Valid: 70.59%, Best Test: 68.09%
Epoch: 300, Loss: 0.0920, Train: 92.70%, Valid: 72.48%, Test: 70.12%, Best Valid: 74.19%, Best Test: 72.30%
Epoch: 400, Loss: 0.0761, Train: 96.92%, Valid: 72.75%, Test: 70.55%, Best Valid: 75.44%, Best Test: 73.93%
Epoch: 500, Loss: 0.0638, Train: 98.01%, Valid: 73.93%, Test: 73.20%, Best Valid: 75.58%, Best Test: 74.73%
Epoch: 600, Loss: 0.0607, Train: 98.59%, Valid: 72.24%, Test: 71.41%, Best Valid: 75.58%, Best Test: 74.73%
Epoch: 700, Loss: 0.0544, Train: 99.02%, Valid: 72.40%, Test: 70.79%, Best Valid: 75.58%, Best Test: 74.73%
Epoch: 800, Loss: 0.0532, Train: 99.15%, Valid: 73.32%, Test: 73.00%, Best Valid: 75.58%, Best Test: 74.73%
Epoch: 900, Loss: 0.0483, Train: 99.21%, Valid: 74.25%, Test: 73.59%, Best Valid: 75.58%, Best Test: 74.73%
Run 02:
Highest Train: 99.56
Highest Valid: 75.58
Highest Test: 75.64
Chosen epoch: 418
Final Train: 96.94
Final Test: 74.73
Epoch: 00, Loss: 0.7421, Train: 50.97%, Valid: 52.93%, Test: 49.62%, Best Valid: 52.93%, Best Test: 49.62%
Epoch: 100, Loss: 0.1328, Train: 69.18%, Valid: 60.57%, Test: 62.64%, Best Valid: 60.64%, Best Test: 62.69%
Epoch: 200, Loss: 0.1123, Train: 84.51%, Valid: 67.13%, Test: 69.09%, Best Valid: 69.27%, Best Test: 71.22%
Epoch: 300, Loss: 0.0928, Train: 92.77%, Valid: 70.17%, Test: 71.37%, Best Valid: 74.53%, Best Test: 74.80%
Epoch: 400, Loss: 0.0811, Train: 96.40%, Valid: 71.55%, Test: 73.31%, Best Valid: 74.53%, Best Test: 74.80%
Epoch: 500, Loss: 0.0698, Train: 98.03%, Valid: 72.76%, Test: 73.64%, Best Valid: 75.20%, Best Test: 74.91%
Epoch: 600, Loss: 0.0627, Train: 98.17%, Valid: 69.22%, Test: 71.62%, Best Valid: 75.20%, Best Test: 74.91%
Epoch: 700, Loss: 0.0578, Train: 98.77%, Valid: 71.07%, Test: 73.36%, Best Valid: 75.20%, Best Test: 74.91%
Epoch: 800, Loss: 0.0532, Train: 99.02%, Valid: 71.90%, Test: 73.77%, Best Valid: 75.20%, Best Test: 74.91%
Epoch: 900, Loss: 0.0494, Train: 99.38%, Valid: 69.99%, Test: 72.40%, Best Valid: 75.20%, Best Test: 74.91%
Run 03:
Highest Train: 99.48
Highest Valid: 75.20
Highest Test: 74.97
Chosen epoch: 456
Final Train: 97.30
Final Test: 74.91
All runs:
Highest Train: 99.48 ± 0.08
Highest Test: 74.09 ± 2.13
Highest Valid: 75.14 ± 0.47
  Final Train: 97.39 ± 0.50
   Final Test: 73.57 ± 2.17
Saving results to gt_search/results/questions/sgformer.csv
Namespace(aggregate='add', alpha=0.5, attention='gcn', beta=-1.0, bn=False, cpu=False, data_dir='../data/', dataset='questions', device=0, dim_inner=64, display_step=100, dropout=0.5, epochs=1000, global_dropout=None, global_epochs=0, global_layers=2, gnn='gcn', graph_weight=0.8, hidden_channels=64, hops=10, in_dropout=0.0, jk=False, label_num_per_class=20, lambda_val=0.5, layers=3, ln=False, local_epochs=0, local_gnn_type='GCN', local_layers=7, lr=0.001, metric='rocauc', mlp_epochs=500, mlp_reg=False, model='sgformer', model_dir='models', n_heads=1, num_centroids=4096, num_heads=1, oracle_reg=False, paired_seeds=False, pe_types='RWSE', penalty_transform='none', pre_linear=False, pre_ln=False, rand_split=False, rand_split_class=False, reg_start_epoch=10, reg_update_freq=5, res=False, result_dir='gt_search/results', runs=3, save_model=False, save_result=False, seed=42, test_num=1000, tr_dropout=None, tr_layers=1, tr_weight_decay=None, train_prop=0.5, use_act=False, use_bn=True, use_graph=True, use_reg=False, use_residual=True, use_weight=False, valid_num=500, valid_prop=0.25, weight_decay=0.0005)
questions
dataset questions | num nodes 48921 | num edge 153540 | num node feats 301 | num classes 2
MODEL: SGFormer(
  (trans_conv): TransConv(
    (convs): ModuleList(
      (0): TransConvLayer(
        (Wk): Linear(in_features=64, out_features=64, bias=True)
        (Wq): Linear(in_features=64, out_features=64, bias=True)
      )
    )
    (fcs): ModuleList(
      (0): Linear(in_features=301, out_features=64, bias=True)
    )
    (bns): ModuleList(
      (0): LayerNorm((64,), eps=1e-05, elementwise_affine=True)
      (1): LayerNorm((64,), eps=1e-05, elementwise_affine=True)
    )
  )
  (gnn): GCN(
    (convs): ModuleList(
      (0): GCNConv(301, 64)
      (1): GCNConv(64, 64)
      (2): GCNConv(64, 64)
    )
    (bns): ModuleList(
      (0): BatchNorm1d(64, eps=1e-05, momentum=0.1, affine=True, track_running_stats=True)
      (1): BatchNorm1d(64, eps=1e-05, momentum=0.1, affine=True, track_running_stats=True)
    )
  )
  (fc): Linear(in_features=64, out_features=2, bias=True)
)
Epoch: 00, Loss: 0.6930, Train: 52.14%, Valid: 53.75%, Test: 52.61%, Best Valid: 53.75%, Best Test: 52.61%
Epoch: 100, Loss: 0.1379, Train: 68.29%, Valid: 60.77%, Test: 58.86%, Best Valid: 60.83%, Best Test: 59.24%
Epoch: 200, Loss: 0.1180, Train: 80.74%, Valid: 64.94%, Test: 61.83%, Best Valid: 67.17%, Best Test: 63.77%
Epoch: 300, Loss: 0.0986, Train: 91.54%, Valid: 69.83%, Test: 65.05%, Best Valid: 71.84%, Best Test: 67.61%
Epoch: 400, Loss: 0.0845, Train: 93.92%, Valid: 69.68%, Test: 64.80%, Best Valid: 72.67%, Best Test: 67.41%
Epoch: 500, Loss: 0.0750, Train: 96.95%, Valid: 71.82%, Test: 66.53%, Best Valid: 73.18%, Best Test: 68.25%
Epoch: 600, Loss: 0.0663, Train: 98.30%, Valid: 70.78%, Test: 64.85%, Best Valid: 74.27%, Best Test: 68.79%
Epoch: 700, Loss: 0.0620, Train: 98.75%, Valid: 71.48%, Test: 64.77%, Best Valid: 74.27%, Best Test: 68.79%
Epoch: 800, Loss: 0.0599, Train: 99.00%, Valid: 71.04%, Test: 65.53%, Best Valid: 74.27%, Best Test: 68.79%
Epoch: 900, Loss: 0.0569, Train: 99.32%, Valid: 70.98%, Test: 64.71%, Best Valid: 74.27%, Best Test: 68.79%
Run 01:
Highest Train: 99.47
Highest Valid: 74.27
Highest Test: 70.15
Chosen epoch: 570
Final Train: 98.03
Final Test: 68.79
Epoch: 00, Loss: 0.6817, Train: 49.54%, Valid: 52.02%, Test: 50.12%, Best Valid: 52.02%, Best Test: 50.12%
Epoch: 100, Loss: 0.1382, Train: 66.93%, Valid: 61.56%, Test: 57.99%, Best Valid: 61.56%, Best Test: 57.99%
Epoch: 200, Loss: 0.1170, Train: 80.51%, Valid: 65.83%, Test: 63.54%, Best Valid: 67.24%, Best Test: 64.49%
Epoch: 300, Loss: 0.1002, Train: 89.98%, Valid: 70.27%, Test: 67.03%, Best Valid: 71.19%, Best Test: 68.26%
Epoch: 400, Loss: 0.0854, Train: 94.32%, Valid: 69.19%, Test: 66.44%, Best Valid: 72.31%, Best Test: 70.24%
Epoch: 500, Loss: 0.0739, Train: 96.54%, Valid: 69.91%, Test: 67.92%, Best Valid: 73.02%, Best Test: 71.88%
Epoch: 600, Loss: 0.0683, Train: 98.11%, Valid: 70.50%, Test: 69.40%, Best Valid: 73.40%, Best Test: 73.66%
Epoch: 700, Loss: 0.0638, Train: 98.78%, Valid: 70.59%, Test: 70.94%, Best Valid: 73.56%, Best Test: 74.10%
Epoch: 800, Loss: 0.0608, Train: 99.09%, Valid: 69.71%, Test: 68.99%, Best Valid: 73.56%, Best Test: 74.10%
Epoch: 900, Loss: 0.0587, Train: 99.11%, Valid: 71.46%, Test: 72.10%, Best Valid: 73.56%, Best Test: 74.10%
Run 02:
Highest Train: 99.44
Highest Valid: 73.56
Highest Test: 74.23
Chosen epoch: 689
Final Train: 97.59
Final Test: 74.10
Epoch: 00, Loss: 0.6723, Train: 50.49%, Valid: 52.68%, Test: 49.40%, Best Valid: 52.68%, Best Test: 49.40%
Epoch: 100, Loss: 0.1387, Train: 67.73%, Valid: 59.83%, Test: 61.20%, Best Valid: 59.86%, Best Test: 61.22%
Epoch: 200, Loss: 0.1155, Train: 81.87%, Valid: 64.32%, Test: 65.95%, Best Valid: 65.69%, Best Test: 67.65%
Epoch: 300, Loss: 0.0961, Train: 92.09%, Valid: 69.02%, Test: 69.99%, Best Valid: 70.48%, Best Test: 71.36%
Epoch: 400, Loss: 0.0823, Train: 95.64%, Valid: 69.57%, Test: 70.64%, Best Valid: 71.94%, Best Test: 72.30%
Epoch: 500, Loss: 0.0715, Train: 97.67%, Valid: 70.67%, Test: 71.64%, Best Valid: 72.66%, Best Test: 73.42%
Epoch: 600, Loss: 0.0658, Train: 97.56%, Valid: 67.55%, Test: 68.37%, Best Valid: 72.66%, Best Test: 73.42%
Epoch: 700, Loss: 0.0605, Train: 98.99%, Valid: 70.40%, Test: 70.38%, Best Valid: 73.62%, Best Test: 72.51%
Epoch: 800, Loss: 0.0568, Train: 98.96%, Valid: 72.50%, Test: 71.98%, Best Valid: 74.11%, Best Test: 72.69%
Epoch: 900, Loss: 0.0540, Train: 99.36%, Valid: 70.32%, Test: 70.34%, Best Valid: 74.11%, Best Test: 72.69%
Run 03:
Highest Train: 99.55
Highest Valid: 74.11
Highest Test: 73.51
Chosen epoch: 772
Final Train: 98.33
Final Test: 72.69
All runs:
Highest Train: 99.49 ± 0.05
Highest Test: 72.63 ± 2.18
Highest Valid: 73.98 ± 0.38
  Final Train: 97.98 ± 0.38
   Final Test: 71.86 ± 2.75
Saving results to gt_search/results/questions/sgformer.csv
Namespace(aggregate='add', alpha=0.5, attention='gcn', beta=-1.0, bn=False, cpu=False, data_dir='../data/', dataset='questions', device=0, dim_inner=64, display_step=100, dropout=0.7, epochs=1000, global_dropout=None, global_epochs=0, global_layers=2, gnn='gcn', graph_weight=0.5, hidden_channels=64, hops=10, in_dropout=0.0, jk=False, label_num_per_class=20, lambda_val=0.5, layers=3, ln=False, local_epochs=0, local_gnn_type='GCN', local_layers=7, lr=0.001, metric='rocauc', mlp_epochs=500, mlp_reg=False, model='sgformer', model_dir='models', n_heads=1, num_centroids=4096, num_heads=1, oracle_reg=False, paired_seeds=False, pe_types='RWSE', penalty_transform='none', pre_linear=False, pre_ln=False, rand_split=False, rand_split_class=False, reg_start_epoch=10, reg_update_freq=5, res=False, result_dir='gt_search/results', runs=3, save_model=False, save_result=False, seed=42, test_num=1000, tr_dropout=None, tr_layers=1, tr_weight_decay=None, train_prop=0.5, use_act=False, use_bn=True, use_graph=True, use_reg=False, use_residual=True, use_weight=False, valid_num=500, valid_prop=0.25, weight_decay=0.0005)
questions
dataset questions | num nodes 48921 | num edge 153540 | num node feats 301 | num classes 2
MODEL: SGFormer(
  (trans_conv): TransConv(
    (convs): ModuleList(
      (0): TransConvLayer(
        (Wk): Linear(in_features=64, out_features=64, bias=True)
        (Wq): Linear(in_features=64, out_features=64, bias=True)
      )
    )
    (fcs): ModuleList(
      (0): Linear(in_features=301, out_features=64, bias=True)
    )
    (bns): ModuleList(
      (0): LayerNorm((64,), eps=1e-05, elementwise_affine=True)
      (1): LayerNorm((64,), eps=1e-05, elementwise_affine=True)
    )
  )
  (gnn): GCN(
    (convs): ModuleList(
      (0): GCNConv(301, 64)
      (1): GCNConv(64, 64)
      (2): GCNConv(64, 64)
    )
    (bns): ModuleList(
      (0): BatchNorm1d(64, eps=1e-05, momentum=0.1, affine=True, track_running_stats=True)
      (1): BatchNorm1d(64, eps=1e-05, momentum=0.1, affine=True, track_running_stats=True)
    )
  )
  (fc): Linear(in_features=64, out_features=2, bias=True)
)
Epoch: 00, Loss: 0.7459, Train: 51.98%, Valid: 53.49%, Test: 52.48%, Best Valid: 53.49%, Best Test: 52.48%
Epoch: 100, Loss: 0.1443, Train: 65.16%, Valid: 58.82%, Test: 57.54%, Best Valid: 58.82%, Best Test: 57.54%
Epoch: 200, Loss: 0.1267, Train: 76.24%, Valid: 64.74%, Test: 62.48%, Best Valid: 65.60%, Best Test: 63.48%
Epoch: 300, Loss: 0.1159, Train: 87.51%, Valid: 71.76%, Test: 68.51%, Best Valid: 72.00%, Best Test: 68.76%
Epoch: 400, Loss: 0.1067, Train: 90.68%, Valid: 72.27%, Test: 68.53%, Best Valid: 73.14%, Best Test: 69.39%
Epoch: 500, Loss: 0.0979, Train: 92.78%, Valid: 73.71%, Test: 70.24%, Best Valid: 74.06%, Best Test: 70.01%
Epoch: 600, Loss: 0.0901, Train: 93.70%, Valid: 72.81%, Test: 68.88%, Best Valid: 74.18%, Best Test: 70.15%
Epoch: 700, Loss: 0.0902, Train: 94.48%, Valid: 71.54%, Test: 67.12%, Best Valid: 74.59%, Best Test: 70.58%
Epoch: 800, Loss: 0.0868, Train: 95.46%, Valid: 72.70%, Test: 68.28%, Best Valid: 74.59%, Best Test: 70.58%
Epoch: 900, Loss: 0.0844, Train: 96.12%, Valid: 73.41%, Test: 69.17%, Best Valid: 74.67%, Best Test: 70.61%
Run 01:
Highest Train: 96.65
Highest Valid: 74.77
Highest Test: 70.61
Chosen epoch: 962
Final Train: 96.33
Final Test: 69.66
Epoch: 00, Loss: 0.6985, Train: 50.09%, Valid: 52.36%, Test: 50.86%, Best Valid: 52.36%, Best Test: 50.86%
Epoch: 100, Loss: 0.1452, Train: 64.96%, Valid: 60.79%, Test: 57.28%, Best Valid: 60.79%, Best Test: 57.28%
Epoch: 200, Loss: 0.1275, Train: 78.54%, Valid: 67.27%, Test: 64.69%, Best Valid: 67.27%, Best Test: 64.69%
Epoch: 300, Loss: 0.1163, Train: 86.86%, Valid: 71.99%, Test: 70.51%, Best Valid: 71.99%, Best Test: 70.51%
Epoch: 400, Loss: 0.1058, Train: 90.94%, Valid: 73.51%, Test: 72.02%, Best Valid: 73.51%, Best Test: 72.02%
Epoch: 500, Loss: 0.0963, Train: 92.91%, Valid: 72.82%, Test: 72.02%, Best Valid: 73.85%, Best Test: 72.53%
Epoch: 600, Loss: 0.0913, Train: 94.34%, Valid: 72.68%, Test: 71.90%, Best Valid: 73.85%, Best Test: 72.53%
Epoch: 700, Loss: 0.0877, Train: 95.47%, Valid: 72.76%, Test: 71.90%, Best Valid: 73.85%, Best Test: 72.53%
Epoch: 800, Loss: 0.0849, Train: 96.19%, Valid: 72.12%, Test: 71.76%, Best Valid: 73.85%, Best Test: 72.53%
Epoch: 900, Loss: 0.0852, Train: 96.40%, Valid: 72.58%, Test: 72.53%, Best Valid: 73.85%, Best Test: 72.53%
Run 02:
Highest Train: 97.03
Highest Valid: 73.85
Highest Test: 73.93
Chosen epoch: 470
Final Train: 92.58
Final Test: 72.53
Epoch: 00, Loss: 0.7353, Train: 51.23%, Valid: 53.29%, Test: 49.71%, Best Valid: 53.29%, Best Test: 49.71%
Epoch: 100, Loss: 0.1457, Train: 65.33%, Valid: 57.22%, Test: 59.71%, Best Valid: 57.22%, Best Test: 59.71%
Epoch: 200, Loss: 0.1281, Train: 77.16%, Valid: 63.82%, Test: 65.94%, Best Valid: 63.87%, Best Test: 66.49%
Epoch: 300, Loss: 0.1181, Train: 83.82%, Valid: 67.91%, Test: 69.77%, Best Valid: 68.64%, Best Test: 70.43%
Epoch: 400, Loss: 0.1093, Train: 89.75%, Valid: 71.88%, Test: 73.03%, Best Valid: 73.38%, Best Test: 73.73%
Epoch: 500, Loss: 0.0999, Train: 91.45%, Valid: 72.28%, Test: 73.93%, Best Valid: 73.38%, Best Test: 73.73%
Epoch: 600, Loss: 0.0974, Train: 93.28%, Valid: 72.29%, Test: 73.44%, Best Valid: 73.38%, Best Test: 73.73%
Epoch: 700, Loss: 0.0941, Train: 94.50%, Valid: 71.69%, Test: 73.59%, Best Valid: 73.38%, Best Test: 73.73%
Epoch: 800, Loss: 0.0917, Train: 94.58%, Valid: 71.51%, Test: 73.34%, Best Valid: 73.38%, Best Test: 73.73%
Epoch: 900, Loss: 0.0887, Train: 95.33%, Valid: 71.27%, Test: 73.44%, Best Valid: 73.38%, Best Test: 73.73%
Run 03:
Highest Train: 96.13
Highest Valid: 73.38
Highest Test: 74.55
Chosen epoch: 384
Final Train: 89.44
Final Test: 73.73
All runs:
Highest Train: 96.60 ± 0.45
Highest Test: 73.03 ± 2.12
Highest Valid: 74.00 ± 0.71
  Final Train: 92.79 ± 3.45
   Final Test: 71.97 ± 2.09
Saving results to gt_search/results/questions/sgformer.csv
Namespace(aggregate='add', alpha=0.5, attention='gcn', beta=-1.0, bn=False, cpu=False, data_dir='../data/', dataset='questions', device=0, dim_inner=64, display_step=100, dropout=0.7, epochs=1000, global_dropout=None, global_epochs=0, global_layers=2, gnn='gcn', graph_weight=0.8, hidden_channels=64, hops=10, in_dropout=0.0, jk=False, label_num_per_class=20, lambda_val=0.5, layers=3, ln=False, local_epochs=0, local_gnn_type='GCN', local_layers=7, lr=0.001, metric='rocauc', mlp_epochs=500, mlp_reg=False, model='sgformer', model_dir='models', n_heads=1, num_centroids=4096, num_heads=1, oracle_reg=False, paired_seeds=False, pe_types='RWSE', penalty_transform='none', pre_linear=False, pre_ln=False, rand_split=False, rand_split_class=False, reg_start_epoch=10, reg_update_freq=5, res=False, result_dir='gt_search/results', runs=3, save_model=False, save_result=False, seed=42, test_num=1000, tr_dropout=None, tr_layers=1, tr_weight_decay=None, train_prop=0.5, use_act=False, use_bn=True, use_graph=True, use_reg=False, use_residual=True, use_weight=False, valid_num=500, valid_prop=0.25, weight_decay=0.0005)
questions
dataset questions | num nodes 48921 | num edge 153540 | num node feats 301 | num classes 2
MODEL: SGFormer(
  (trans_conv): TransConv(
    (convs): ModuleList(
      (0): TransConvLayer(
        (Wk): Linear(in_features=64, out_features=64, bias=True)
        (Wq): Linear(in_features=64, out_features=64, bias=True)
      )
    )
    (fcs): ModuleList(
      (0): Linear(in_features=301, out_features=64, bias=True)
    )
    (bns): ModuleList(
      (0): LayerNorm((64,), eps=1e-05, elementwise_affine=True)
      (1): LayerNorm((64,), eps=1e-05, elementwise_affine=True)
    )
  )
  (gnn): GCN(
    (convs): ModuleList(
      (0): GCNConv(301, 64)
      (1): GCNConv(64, 64)
      (2): GCNConv(64, 64)
    )
    (bns): ModuleList(
      (0): BatchNorm1d(64, eps=1e-05, momentum=0.1, affine=True, track_running_stats=True)
      (1): BatchNorm1d(64, eps=1e-05, momentum=0.1, affine=True, track_running_stats=True)
    )
  )
  (fc): Linear(in_features=64, out_features=2, bias=True)
)
Epoch: 00, Loss: 0.6981, Train: 52.08%, Valid: 53.69%, Test: 52.58%, Best Valid: 53.69%, Best Test: 52.58%
Epoch: 100, Loss: 0.1488, Train: 65.33%, Valid: 59.23%, Test: 57.97%, Best Valid: 59.23%, Best Test: 57.97%
Epoch: 200, Loss: 0.1325, Train: 75.75%, Valid: 64.29%, Test: 62.29%, Best Valid: 64.29%, Best Test: 62.29%
Epoch: 300, Loss: 0.1184, Train: 84.60%, Valid: 68.10%, Test: 64.93%, Best Valid: 68.47%, Best Test: 65.32%
Epoch: 400, Loss: 0.1084, Train: 90.18%, Valid: 70.50%, Test: 66.89%, Best Valid: 71.20%, Best Test: 67.70%
Epoch: 500, Loss: 0.1002, Train: 93.61%, Valid: 72.55%, Test: 69.27%, Best Valid: 72.68%, Best Test: 68.93%
Epoch: 600, Loss: 0.0940, Train: 94.44%, Valid: 72.05%, Test: 68.00%, Best Valid: 73.26%, Best Test: 69.52%
Epoch: 700, Loss: 0.0908, Train: 95.08%, Valid: 71.62%, Test: 66.98%, Best Valid: 73.91%, Best Test: 69.59%
Epoch: 800, Loss: 0.0901, Train: 95.43%, Valid: 71.72%, Test: 66.57%, Best Valid: 74.25%, Best Test: 70.30%
Epoch: 900, Loss: 0.0867, Train: 96.56%, Valid: 73.49%, Test: 68.98%, Best Valid: 74.25%, Best Test: 70.30%
Run 01:
Highest Train: 96.99
Highest Valid: 74.25
Highest Test: 70.37
Chosen epoch: 796
Final Train: 95.91
Final Test: 70.30
Epoch: 00, Loss: 0.6939, Train: 49.50%, Valid: 51.97%, Test: 50.03%, Best Valid: 51.97%, Best Test: 50.03%
Epoch: 100, Loss: 0.1494, Train: 64.65%, Valid: 60.82%, Test: 57.06%, Best Valid: 60.82%, Best Test: 57.06%
Epoch: 200, Loss: 0.1316, Train: 75.17%, Valid: 64.88%, Test: 62.65%, Best Valid: 65.44%, Best Test: 62.93%
Epoch: 300, Loss: 0.1197, Train: 84.64%, Valid: 69.21%, Test: 67.77%, Best Valid: 69.21%, Best Test: 67.77%
Epoch: 400, Loss: 0.1092, Train: 90.34%, Valid: 71.62%, Test: 70.05%, Best Valid: 71.62%, Best Test: 70.05%
Epoch: 500, Loss: 0.1002, Train: 93.26%, Valid: 72.19%, Test: 71.31%, Best Valid: 73.14%, Best Test: 71.50%
Epoch: 600, Loss: 0.0961, Train: 93.85%, Valid: 70.54%, Test: 69.65%, Best Valid: 73.14%, Best Test: 71.50%
Epoch: 700, Loss: 0.0921, Train: 95.70%, Valid: 71.63%, Test: 71.89%, Best Valid: 73.14%, Best Test: 71.50%
Epoch: 800, Loss: 0.0895, Train: 96.27%, Valid: 70.40%, Test: 70.96%, Best Valid: 73.14%, Best Test: 71.50%
Epoch: 900, Loss: 0.0885, Train: 97.00%, Valid: 71.60%, Test: 72.30%, Best Valid: 73.14%, Best Test: 71.50%
Run 02:
Highest Train: 97.25
Highest Valid: 73.14
Highest Test: 73.41
Chosen epoch: 457
Final Train: 92.54
Final Test: 71.50
Epoch: 00, Loss: 0.6721, Train: 50.67%, Valid: 52.81%, Test: 49.51%, Best Valid: 52.81%, Best Test: 49.51%
Epoch: 100, Loss: 0.1492, Train: 64.87%, Valid: 57.73%, Test: 59.60%, Best Valid: 57.73%, Best Test: 59.60%
Epoch: 200, Loss: 0.1316, Train: 76.05%, Valid: 62.56%, Test: 64.53%, Best Valid: 62.56%, Best Test: 64.53%
Epoch: 300, Loss: 0.1192, Train: 82.44%, Valid: 65.80%, Test: 67.56%, Best Valid: 67.63%, Best Test: 69.18%
Epoch: 400, Loss: 0.1087, Train: 89.57%, Valid: 69.40%, Test: 71.00%, Best Valid: 71.50%, Best Test: 72.23%
Epoch: 500, Loss: 0.0970, Train: 92.95%, Valid: 71.27%, Test: 72.29%, Best Valid: 71.93%, Best Test: 72.76%
Epoch: 600, Loss: 0.0960, Train: 94.67%, Valid: 71.59%, Test: 72.73%, Best Valid: 72.73%, Best Test: 72.80%
Epoch: 700, Loss: 0.0908, Train: 95.70%, Valid: 72.30%, Test: 72.40%, Best Valid: 73.10%, Best Test: 73.17%
Epoch: 800, Loss: 0.0911, Train: 96.42%, Valid: 72.30%, Test: 72.58%, Best Valid: 73.85%, Best Test: 73.64%
Epoch: 900, Loss: 0.0872, Train: 96.74%, Valid: 71.57%, Test: 72.52%, Best Valid: 73.85%, Best Test: 73.64%
Run 03:
Highest Train: 97.18
Highest Valid: 73.85
Highest Test: 73.65
Chosen epoch: 757
Final Train: 95.93
Final Test: 73.64
All runs:
Highest Train: 97.14 ± 0.13
Highest Test: 72.48 ± 1.83
Highest Valid: 73.75 ± 0.56
  Final Train: 94.79 ± 1.95
   Final Test: 71.81 ± 1.69
Saving results to gt_search/results/questions/sgformer.csv
Namespace(aggregate='add', alpha=0.5, attention='gcn', beta=-1.0, bn=False, cpu=False, data_dir='../data/', dataset='questions', device=0, dim_inner=256, display_step=100, dropout=0.3, epochs=1000, global_dropout=None, global_epochs=0, global_layers=2, gnn='gcn', graph_weight=0.5, hidden_channels=256, hops=10, in_dropout=0.0, jk=False, label_num_per_class=20, lambda_val=0.5, layers=3, ln=False, local_epochs=0, local_gnn_type='GCN', local_layers=7, lr=0.001, metric='rocauc', mlp_epochs=500, mlp_reg=False, model='sgformer', model_dir='models', n_heads=1, num_centroids=4096, num_heads=1, oracle_reg=False, paired_seeds=False, pe_types='RWSE', penalty_transform='none', pre_linear=False, pre_ln=False, rand_split=False, rand_split_class=False, reg_start_epoch=10, reg_update_freq=5, res=False, result_dir='gt_search/results', runs=3, save_model=False, save_result=False, seed=42, test_num=1000, tr_dropout=None, tr_layers=1, tr_weight_decay=None, train_prop=0.5, use_act=False, use_bn=True, use_graph=True, use_reg=False, use_residual=True, use_weight=False, valid_num=500, valid_prop=0.25, weight_decay=0.0005)
questions
dataset questions | num nodes 48921 | num edge 153540 | num node feats 301 | num classes 2
MODEL: SGFormer(
  (trans_conv): TransConv(
    (convs): ModuleList(
      (0): TransConvLayer(
        (Wk): Linear(in_features=256, out_features=256, bias=True)
        (Wq): Linear(in_features=256, out_features=256, bias=True)
      )
    )
    (fcs): ModuleList(
      (0): Linear(in_features=301, out_features=256, bias=True)
    )
    (bns): ModuleList(
      (0): LayerNorm((256,), eps=1e-05, elementwise_affine=True)
      (1): LayerNorm((256,), eps=1e-05, elementwise_affine=True)
    )
  )
  (gnn): GCN(
    (convs): ModuleList(
      (0): GCNConv(301, 256)
      (1): GCNConv(256, 256)
      (2): GCNConv(256, 256)
    )
    (bns): ModuleList(
      (0): BatchNorm1d(256, eps=1e-05, momentum=0.1, affine=True, track_running_stats=True)
      (1): BatchNorm1d(256, eps=1e-05, momentum=0.1, affine=True, track_running_stats=True)
    )
  )
  (fc): Linear(in_features=256, out_features=2, bias=True)
)
Epoch: 00, Loss: 0.7730, Train: 46.27%, Valid: 48.57%, Test: 46.38%, Best Valid: 48.57%, Best Test: 46.38%
Epoch: 100, Loss: 0.0979, Train: 85.65%, Valid: 70.35%, Test: 65.62%, Best Valid: 70.35%, Best Test: 65.62%
Epoch: 200, Loss: 0.0506, Train: 95.63%, Valid: 67.32%, Test: 61.88%, Best Valid: 75.78%, Best Test: 72.85%
Epoch: 300, Loss: 0.0343, Train: 99.13%, Valid: 67.76%, Test: 62.59%, Best Valid: 75.78%, Best Test: 72.85%
Epoch: 400, Loss: 0.0227, Train: 99.77%, Valid: 68.95%, Test: 63.63%, Best Valid: 75.78%, Best Test: 72.85%
Epoch: 500, Loss: 0.0187, Train: 99.85%, Valid: 71.40%, Test: 66.91%, Best Valid: 75.78%, Best Test: 72.85%
Epoch: 600, Loss: 0.0149, Train: 99.05%, Valid: 66.81%, Test: 61.45%, Best Valid: 75.78%, Best Test: 72.85%
Epoch: 700, Loss: 0.0145, Train: 99.89%, Valid: 68.10%, Test: 63.04%, Best Valid: 75.78%, Best Test: 72.85%
Epoch: 800, Loss: 0.0155, Train: 99.93%, Valid: 66.23%, Test: 61.69%, Best Valid: 75.78%, Best Test: 72.85%
Epoch: 900, Loss: 0.0127, Train: 99.78%, Valid: 72.33%, Test: 69.82%, Best Valid: 75.78%, Best Test: 72.85%
Run 01:
Highest Train: 99.98
Highest Valid: 75.78
Highest Test: 73.30
Chosen epoch: 125
Final Train: 94.67
Final Test: 72.85
Epoch: 00, Loss: 0.8201, Train: 49.65%, Valid: 51.49%, Test: 50.28%, Best Valid: 51.49%, Best Test: 50.28%
Epoch: 100, Loss: 0.1026, Train: 82.90%, Valid: 68.84%, Test: 65.88%, Best Valid: 68.84%, Best Test: 65.88%
Epoch: 200, Loss: 0.0570, Train: 97.43%, Valid: 76.70%, Test: 74.56%, Best Valid: 76.89%, Best Test: 75.25%
Epoch: 300, Loss: 0.0381, Train: 99.04%, Valid: 69.99%, Test: 66.90%, Best Valid: 76.89%, Best Test: 75.25%
Epoch: 400, Loss: 0.0258, Train: 99.72%, Valid: 70.85%, Test: 69.47%, Best Valid: 76.89%, Best Test: 75.25%
Epoch: 500, Loss: 0.0273, Train: 99.53%, Valid: 70.47%, Test: 70.10%, Best Valid: 76.89%, Best Test: 75.25%
Epoch: 600, Loss: 0.0182, Train: 99.83%, Valid: 71.91%, Test: 70.35%, Best Valid: 76.89%, Best Test: 75.25%
Epoch: 700, Loss: 0.0133, Train: 99.94%, Valid: 69.17%, Test: 66.80%, Best Valid: 76.89%, Best Test: 75.25%
Epoch: 800, Loss: 0.0121, Train: 99.51%, Valid: 65.75%, Test: 63.09%, Best Valid: 76.89%, Best Test: 75.25%
Epoch: 900, Loss: 0.0120, Train: 99.91%, Valid: 72.41%, Test: 71.46%, Best Valid: 76.89%, Best Test: 75.25%
Run 02:
Highest Train: 99.98
Highest Valid: 76.89
Highest Test: 75.67
Chosen epoch: 140
Final Train: 95.10
Final Test: 75.25
Epoch: 00, Loss: 0.7950, Train: 46.17%, Valid: 46.74%, Test: 45.67%, Best Valid: 46.74%, Best Test: 45.67%
Epoch: 100, Loss: 0.0975, Train: 79.80%, Valid: 62.89%, Test: 62.55%, Best Valid: 65.97%, Best Test: 65.57%
Epoch: 200, Loss: 0.0537, Train: 98.28%, Valid: 69.78%, Test: 68.75%, Best Valid: 74.88%, Best Test: 73.32%
Epoch: 300, Loss: 0.0356, Train: 99.43%, Valid: 66.84%, Test: 67.07%, Best Valid: 74.88%, Best Test: 73.32%
Epoch: 400, Loss: 0.0271, Train: 99.65%, Valid: 66.26%, Test: 66.74%, Best Valid: 74.88%, Best Test: 73.32%
Epoch: 500, Loss: 0.0234, Train: 99.50%, Valid: 71.26%, Test: 70.19%, Best Valid: 74.88%, Best Test: 73.32%
Epoch: 600, Loss: 0.0169, Train: 99.79%, Valid: 69.25%, Test: 69.54%, Best Valid: 74.88%, Best Test: 73.32%
Epoch: 700, Loss: 0.0160, Train: 99.86%, Valid: 66.68%, Test: 67.75%, Best Valid: 74.88%, Best Test: 73.32%
Epoch: 800, Loss: 0.0122, Train: 99.92%, Valid: 66.40%, Test: 67.08%, Best Valid: 74.88%, Best Test: 73.32%
Epoch: 900, Loss: 0.0126, Train: 99.88%, Valid: 69.83%, Test: 70.25%, Best Valid: 74.88%, Best Test: 73.32%
Run 03:
Highest Train: 99.98
Highest Valid: 74.88
Highest Test: 74.29
Chosen epoch: 140
Final Train: 95.93
Final Test: 73.32
All runs:
Highest Train: 99.98 ± 0.00
Highest Test: 74.42 ± 1.19
Highest Valid: 75.85 ± 1.01
  Final Train: 95.24 ± 0.64
   Final Test: 73.81 ± 1.27
Saving results to gt_search/results/questions/sgformer.csv
Namespace(aggregate='add', alpha=0.5, attention='gcn', beta=-1.0, bn=False, cpu=False, data_dir='../data/', dataset='questions', device=0, dim_inner=256, display_step=100, dropout=0.3, epochs=1000, global_dropout=None, global_epochs=0, global_layers=2, gnn='gcn', graph_weight=0.8, hidden_channels=256, hops=10, in_dropout=0.0, jk=False, label_num_per_class=20, lambda_val=0.5, layers=3, ln=False, local_epochs=0, local_gnn_type='GCN', local_layers=7, lr=0.001, metric='rocauc', mlp_epochs=500, mlp_reg=False, model='sgformer', model_dir='models', n_heads=1, num_centroids=4096, num_heads=1, oracle_reg=False, paired_seeds=False, pe_types='RWSE', penalty_transform='none', pre_linear=False, pre_ln=False, rand_split=False, rand_split_class=False, reg_start_epoch=10, reg_update_freq=5, res=False, result_dir='gt_search/results', runs=3, save_model=False, save_result=False, seed=42, test_num=1000, tr_dropout=None, tr_layers=1, tr_weight_decay=None, train_prop=0.5, use_act=False, use_bn=True, use_graph=True, use_reg=False, use_residual=True, use_weight=False, valid_num=500, valid_prop=0.25, weight_decay=0.0005)
questions
dataset questions | num nodes 48921 | num edge 153540 | num node feats 301 | num classes 2
MODEL: SGFormer(
  (trans_conv): TransConv(
    (convs): ModuleList(
      (0): TransConvLayer(
        (Wk): Linear(in_features=256, out_features=256, bias=True)
        (Wq): Linear(in_features=256, out_features=256, bias=True)
      )
    )
    (fcs): ModuleList(
      (0): Linear(in_features=301, out_features=256, bias=True)
    )
    (bns): ModuleList(
      (0): LayerNorm((256,), eps=1e-05, elementwise_affine=True)
      (1): LayerNorm((256,), eps=1e-05, elementwise_affine=True)
    )
  )
  (gnn): GCN(
    (convs): ModuleList(
      (0): GCNConv(301, 256)
      (1): GCNConv(256, 256)
      (2): GCNConv(256, 256)
    )
    (bns): ModuleList(
      (0): BatchNorm1d(256, eps=1e-05, momentum=0.1, affine=True, track_running_stats=True)
      (1): BatchNorm1d(256, eps=1e-05, momentum=0.1, affine=True, track_running_stats=True)
    )
  )
  (fc): Linear(in_features=256, out_features=2, bias=True)
)
Epoch: 00, Loss: 0.7904, Train: 44.94%, Valid: 47.37%, Test: 45.10%, Best Valid: 47.37%, Best Test: 45.10%
Epoch: 100, Loss: 0.1048, Train: 78.25%, Valid: 63.62%, Test: 59.83%, Best Valid: 64.55%, Best Test: 61.01%
Epoch: 200, Loss: 0.0572, Train: 91.71%, Valid: 64.25%, Test: 57.79%, Best Valid: 71.88%, Best Test: 66.47%
Epoch: 300, Loss: 0.0380, Train: 98.93%, Valid: 67.87%, Test: 62.51%, Best Valid: 73.85%, Best Test: 70.78%
Epoch: 400, Loss: 0.0279, Train: 99.68%, Valid: 67.60%, Test: 62.05%, Best Valid: 73.85%, Best Test: 70.78%
Epoch: 500, Loss: 0.0221, Train: 99.01%, Valid: 65.99%, Test: 60.95%, Best Valid: 73.85%, Best Test: 70.78%
Epoch: 600, Loss: 0.0222, Train: 99.75%, Valid: 69.87%, Test: 65.00%, Best Valid: 73.85%, Best Test: 70.78%
Epoch: 700, Loss: 0.0156, Train: 99.83%, Valid: 71.41%, Test: 67.04%, Best Valid: 73.85%, Best Test: 70.78%
Epoch: 800, Loss: 0.0158, Train: 99.93%, Valid: 69.57%, Test: 64.44%, Best Valid: 73.85%, Best Test: 70.78%
Epoch: 900, Loss: 0.0154, Train: 99.95%, Valid: 69.52%, Test: 65.18%, Best Valid: 73.85%, Best Test: 70.78%
Run 01:
Highest Train: 99.98
Highest Valid: 73.85
Highest Test: 71.32
Chosen epoch: 279
Final Train: 97.59
Final Test: 70.78
Epoch: 00, Loss: 0.7835, Train: 48.74%, Valid: 50.44%, Test: 48.98%, Best Valid: 50.44%, Best Test: 48.98%
Epoch: 100, Loss: 0.1058, Train: 79.75%, Valid: 65.31%, Test: 62.76%, Best Valid: 66.49%, Best Test: 63.78%
Epoch: 200, Loss: 0.0579, Train: 96.69%, Valid: 69.48%, Test: 65.43%, Best Valid: 73.99%, Best Test: 73.11%
Epoch: 300, Loss: 0.0402, Train: 99.47%, Valid: 69.93%, Test: 67.27%, Best Valid: 74.93%, Best Test: 73.05%
Epoch: 400, Loss: 0.0301, Train: 98.71%, Valid: 72.88%, Test: 72.41%, Best Valid: 74.93%, Best Test: 73.05%
Epoch: 500, Loss: 0.0251, Train: 98.68%, Valid: 65.34%, Test: 62.52%, Best Valid: 74.93%, Best Test: 73.05%
Epoch: 600, Loss: 0.0206, Train: 99.90%, Valid: 69.50%, Test: 67.44%, Best Valid: 74.93%, Best Test: 73.05%
Epoch: 700, Loss: 0.0225, Train: 99.87%, Valid: 70.28%, Test: 68.88%, Best Valid: 74.93%, Best Test: 73.05%
Epoch: 800, Loss: 0.0158, Train: 99.96%, Valid: 68.54%, Test: 66.11%, Best Valid: 74.93%, Best Test: 73.05%
Epoch: 900, Loss: 0.0139, Train: 99.95%, Valid: 69.44%, Test: 67.36%, Best Valid: 74.93%, Best Test: 73.05%
Run 02:
Highest Train: 99.98
Highest Valid: 74.93
Highest Test: 73.58
Chosen epoch: 241
Final Train: 97.01
Final Test: 73.05
Epoch: 00, Loss: 0.7291, Train: 45.52%, Valid: 45.97%, Test: 44.98%, Best Valid: 45.97%, Best Test: 44.98%
Epoch: 100, Loss: 0.1020, Train: 80.10%, Valid: 62.81%, Test: 62.17%, Best Valid: 63.75%, Best Test: 63.10%
Epoch: 200, Loss: 0.0534, Train: 91.93%, Valid: 60.65%, Test: 60.84%, Best Valid: 72.13%, Best Test: 72.61%
Epoch: 300, Loss: 0.0362, Train: 99.38%, Valid: 65.28%, Test: 66.19%, Best Valid: 72.13%, Best Test: 72.61%
Epoch: 400, Loss: 0.0271, Train: 99.55%, Valid: 64.88%, Test: 64.99%, Best Valid: 72.13%, Best Test: 72.61%
Epoch: 500, Loss: 0.0211, Train: 99.88%, Valid: 66.36%, Test: 65.86%, Best Valid: 72.13%, Best Test: 72.61%
Epoch: 600, Loss: 0.0203, Train: 99.84%, Valid: 67.13%, Test: 68.87%, Best Valid: 72.13%, Best Test: 72.61%
Epoch: 700, Loss: 0.0161, Train: 99.93%, Valid: 65.85%, Test: 65.78%, Best Valid: 72.13%, Best Test: 72.61%
Epoch: 800, Loss: 0.0200, Train: 99.74%, Valid: 67.63%, Test: 68.62%, Best Valid: 72.13%, Best Test: 72.61%
Epoch: 900, Loss: 0.0164, Train: 99.90%, Valid: 67.69%, Test: 68.30%, Best Valid: 72.33%, Best Test: 70.85%
Run 03:
Highest Train: 99.97
Highest Valid: 72.84
Highest Test: 73.37
Chosen epoch: 948
Final Train: 98.26
Final Test: 71.63
All runs:
Highest Train: 99.98 ± 0.00
Highest Test: 72.76 ± 1.25
Highest Valid: 73.87 ± 1.05
  Final Train: 97.62 ± 0.63
   Final Test: 71.82 ± 1.15
Saving results to gt_search/results/questions/sgformer.csv
Namespace(aggregate='add', alpha=0.5, attention='gcn', beta=-1.0, bn=False, cpu=False, data_dir='../data/', dataset='questions', device=0, dim_inner=256, display_step=100, dropout=0.5, epochs=1000, global_dropout=None, global_epochs=0, global_layers=2, gnn='gcn', graph_weight=0.5, hidden_channels=256, hops=10, in_dropout=0.0, jk=False, label_num_per_class=20, lambda_val=0.5, layers=3, ln=False, local_epochs=0, local_gnn_type='GCN', local_layers=7, lr=0.001, metric='rocauc', mlp_epochs=500, mlp_reg=False, model='sgformer', model_dir='models', n_heads=1, num_centroids=4096, num_heads=1, oracle_reg=False, paired_seeds=False, pe_types='RWSE', penalty_transform='none', pre_linear=False, pre_ln=False, rand_split=False, rand_split_class=False, reg_start_epoch=10, reg_update_freq=5, res=False, result_dir='gt_search/results', runs=3, save_model=False, save_result=False, seed=42, test_num=1000, tr_dropout=None, tr_layers=1, tr_weight_decay=None, train_prop=0.5, use_act=False, use_bn=True, use_graph=True, use_reg=False, use_residual=True, use_weight=False, valid_num=500, valid_prop=0.25, weight_decay=0.0005)
questions
dataset questions | num nodes 48921 | num edge 153540 | num node feats 301 | num classes 2
MODEL: SGFormer(
  (trans_conv): TransConv(
    (convs): ModuleList(
      (0): TransConvLayer(
        (Wk): Linear(in_features=256, out_features=256, bias=True)
        (Wq): Linear(in_features=256, out_features=256, bias=True)
      )
    )
    (fcs): ModuleList(
      (0): Linear(in_features=301, out_features=256, bias=True)
    )
    (bns): ModuleList(
      (0): LayerNorm((256,), eps=1e-05, elementwise_affine=True)
      (1): LayerNorm((256,), eps=1e-05, elementwise_affine=True)
    )
  )
  (gnn): GCN(
    (convs): ModuleList(
      (0): GCNConv(301, 256)
      (1): GCNConv(256, 256)
      (2): GCNConv(256, 256)
    )
    (bns): ModuleList(
      (0): BatchNorm1d(256, eps=1e-05, momentum=0.1, affine=True, track_running_stats=True)
      (1): BatchNorm1d(256, eps=1e-05, momentum=0.1, affine=True, track_running_stats=True)
    )
  )
  (fc): Linear(in_features=256, out_features=2, bias=True)
)
Epoch: 00, Loss: 0.7781, Train: 46.33%, Valid: 48.57%, Test: 46.43%, Best Valid: 48.57%, Best Test: 46.43%
Epoch: 100, Loss: 0.1094, Train: 78.55%, Valid: 66.30%, Test: 62.60%, Best Valid: 67.67%, Best Test: 64.00%
Epoch: 200, Loss: 0.0673, Train: 97.62%, Valid: 74.25%, Test: 69.44%, Best Valid: 75.88%, Best Test: 72.83%
Epoch: 300, Loss: 0.0485, Train: 98.76%, Valid: 71.36%, Test: 66.21%, Best Valid: 75.88%, Best Test: 72.83%
Epoch: 400, Loss: 0.0393, Train: 99.04%, Valid: 73.85%, Test: 69.27%, Best Valid: 75.88%, Best Test: 72.83%
Epoch: 500, Loss: 0.0299, Train: 99.67%, Valid: 69.29%, Test: 64.36%, Best Valid: 75.88%, Best Test: 72.83%
Epoch: 600, Loss: 0.0279, Train: 99.66%, Valid: 72.58%, Test: 66.97%, Best Valid: 75.88%, Best Test: 72.83%
Epoch: 700, Loss: 0.0225, Train: 99.82%, Valid: 70.10%, Test: 65.19%, Best Valid: 75.88%, Best Test: 72.83%
Epoch: 800, Loss: 0.0228, Train: 99.75%, Valid: 70.57%, Test: 66.64%, Best Valid: 75.88%, Best Test: 72.83%
Epoch: 900, Loss: 0.0205, Train: 99.79%, Valid: 72.18%, Test: 67.46%, Best Valid: 75.88%, Best Test: 72.83%
Run 01:
Highest Train: 99.91
Highest Valid: 75.88
Highest Test: 72.83
Chosen epoch: 185
Final Train: 96.15
Final Test: 72.83
Epoch: 00, Loss: 0.8133, Train: 49.64%, Valid: 51.55%, Test: 50.33%, Best Valid: 51.55%, Best Test: 50.33%
Epoch: 100, Loss: 0.1112, Train: 80.04%, Valid: 67.52%, Test: 64.86%, Best Valid: 67.52%, Best Test: 64.86%
Epoch: 200, Loss: 0.0732, Train: 96.67%, Valid: 74.98%, Test: 73.37%, Best Valid: 77.10%, Best Test: 75.13%
Epoch: 300, Loss: 0.0533, Train: 98.74%, Valid: 72.02%, Test: 69.81%, Best Valid: 77.10%, Best Test: 75.13%
Epoch: 400, Loss: 0.0416, Train: 99.30%, Valid: 72.75%, Test: 71.40%, Best Valid: 77.10%, Best Test: 75.13%
Epoch: 500, Loss: 0.0329, Train: 99.49%, Valid: 73.41%, Test: 72.30%, Best Valid: 77.10%, Best Test: 75.13%
Epoch: 600, Loss: 0.0293, Train: 99.34%, Valid: 73.40%, Test: 73.57%, Best Valid: 77.10%, Best Test: 75.13%
Epoch: 700, Loss: 0.0259, Train: 99.69%, Valid: 71.17%, Test: 71.07%, Best Valid: 77.10%, Best Test: 75.13%
Epoch: 800, Loss: 0.0251, Train: 99.79%, Valid: 71.41%, Test: 71.58%, Best Valid: 77.10%, Best Test: 75.13%
Epoch: 900, Loss: 0.0226, Train: 99.70%, Valid: 68.78%, Test: 67.92%, Best Valid: 77.10%, Best Test: 75.13%
Run 02:
Highest Train: 99.92
Highest Valid: 77.10
Highest Test: 75.72
Chosen epoch: 189
Final Train: 96.16
Final Test: 75.13
Epoch: 00, Loss: 0.7805, Train: 46.19%, Valid: 46.75%, Test: 45.66%, Best Valid: 46.75%, Best Test: 45.66%
Epoch: 100, Loss: 0.1068, Train: 79.35%, Valid: 64.40%, Test: 64.80%, Best Valid: 64.44%, Best Test: 64.63%
Epoch: 200, Loss: 0.0671, Train: 97.49%, Valid: 72.17%, Test: 72.84%, Best Valid: 74.78%, Best Test: 74.48%
Epoch: 300, Loss: 0.0494, Train: 96.54%, Valid: 65.01%, Test: 66.05%, Best Valid: 75.04%, Best Test: 74.54%
Epoch: 400, Loss: 0.0393, Train: 99.50%, Valid: 68.75%, Test: 70.07%, Best Valid: 75.04%, Best Test: 74.54%
Epoch: 500, Loss: 0.0345, Train: 99.45%, Valid: 70.10%, Test: 70.42%, Best Valid: 75.04%, Best Test: 74.54%
Epoch: 600, Loss: 0.0312, Train: 99.31%, Valid: 71.44%, Test: 72.41%, Best Valid: 75.04%, Best Test: 74.54%
Epoch: 700, Loss: 0.0255, Train: 99.72%, Valid: 69.12%, Test: 70.09%, Best Valid: 75.04%, Best Test: 74.54%
Epoch: 800, Loss: 0.0247, Train: 99.78%, Valid: 70.78%, Test: 70.44%, Best Valid: 75.04%, Best Test: 74.54%
Epoch: 900, Loss: 0.0222, Train: 99.85%, Valid: 68.99%, Test: 70.09%, Best Valid: 75.04%, Best Test: 74.54%
Run 03:
Highest Train: 99.90
Highest Valid: 75.04
Highest Test: 74.55
Chosen epoch: 249
Final Train: 97.05
Final Test: 74.54
All runs:
Highest Train: 99.91 ± 0.01
Highest Test: 74.37 ± 1.45
Highest Valid: 76.01 ± 1.03
  Final Train: 96.45 ± 0.52
   Final Test: 74.17 ± 1.20
Saving results to gt_search/results/questions/sgformer.csv
Namespace(aggregate='add', alpha=0.5, attention='gcn', beta=-1.0, bn=False, cpu=False, data_dir='../data/', dataset='questions', device=0, dim_inner=256, display_step=100, dropout=0.5, epochs=1000, global_dropout=None, global_epochs=0, global_layers=2, gnn='gcn', graph_weight=0.8, hidden_channels=256, hops=10, in_dropout=0.0, jk=False, label_num_per_class=20, lambda_val=0.5, layers=3, ln=False, local_epochs=0, local_gnn_type='GCN', local_layers=7, lr=0.001, metric='rocauc', mlp_epochs=500, mlp_reg=False, model='sgformer', model_dir='models', n_heads=1, num_centroids=4096, num_heads=1, oracle_reg=False, paired_seeds=False, pe_types='RWSE', penalty_transform='none', pre_linear=False, pre_ln=False, rand_split=False, rand_split_class=False, reg_start_epoch=10, reg_update_freq=5, res=False, result_dir='gt_search/results', runs=3, save_model=False, save_result=False, seed=42, test_num=1000, tr_dropout=None, tr_layers=1, tr_weight_decay=None, train_prop=0.5, use_act=False, use_bn=True, use_graph=True, use_reg=False, use_residual=True, use_weight=False, valid_num=500, valid_prop=0.25, weight_decay=0.0005)
questions
dataset questions | num nodes 48921 | num edge 153540 | num node feats 301 | num classes 2
MODEL: SGFormer(
  (trans_conv): TransConv(
    (convs): ModuleList(
      (0): TransConvLayer(
        (Wk): Linear(in_features=256, out_features=256, bias=True)
        (Wq): Linear(in_features=256, out_features=256, bias=True)
      )
    )
    (fcs): ModuleList(
      (0): Linear(in_features=301, out_features=256, bias=True)
    )
    (bns): ModuleList(
      (0): LayerNorm((256,), eps=1e-05, elementwise_affine=True)
      (1): LayerNorm((256,), eps=1e-05, elementwise_affine=True)
    )
  )
  (gnn): GCN(
    (convs): ModuleList(
      (0): GCNConv(301, 256)
      (1): GCNConv(256, 256)
      (2): GCNConv(256, 256)
    )
    (bns): ModuleList(
      (0): BatchNorm1d(256, eps=1e-05, momentum=0.1, affine=True, track_running_stats=True)
      (1): BatchNorm1d(256, eps=1e-05, momentum=0.1, affine=True, track_running_stats=True)
    )
  )
  (fc): Linear(in_features=256, out_features=2, bias=True)
)
Epoch: 00, Loss: 0.7903, Train: 44.77%, Valid: 47.22%, Test: 44.96%, Best Valid: 47.22%, Best Test: 44.96%
Epoch: 100, Loss: 0.1164, Train: 76.67%, Valid: 64.54%, Test: 61.26%, Best Valid: 64.82%, Best Test: 61.76%
Epoch: 200, Loss: 0.0770, Train: 93.35%, Valid: 66.79%, Test: 60.94%, Best Valid: 71.98%, Best Test: 66.24%
Epoch: 300, Loss: 0.0574, Train: 98.72%, Valid: 72.10%, Test: 66.71%, Best Valid: 74.27%, Best Test: 70.32%
Epoch: 400, Loss: 0.0416, Train: 99.24%, Valid: 67.65%, Test: 62.50%, Best Valid: 74.27%, Best Test: 70.32%
Epoch: 500, Loss: 0.0321, Train: 99.65%, Valid: 70.22%, Test: 65.37%, Best Valid: 74.27%, Best Test: 70.32%
Epoch: 600, Loss: 0.0307, Train: 99.05%, Valid: 73.59%, Test: 69.83%, Best Valid: 74.27%, Best Test: 70.32%
Epoch: 700, Loss: 0.0268, Train: 99.86%, Valid: 67.96%, Test: 63.29%, Best Valid: 74.27%, Best Test: 70.32%
Epoch: 800, Loss: 0.0279, Train: 99.77%, Valid: 69.53%, Test: 64.39%, Best Valid: 74.27%, Best Test: 70.32%
Epoch: 900, Loss: 0.0238, Train: 99.76%, Valid: 70.64%, Test: 66.69%, Best Valid: 74.27%, Best Test: 70.32%
Run 01:
Highest Train: 99.93
Highest Valid: 74.27
Highest Test: 70.33
Chosen epoch: 271
Final Train: 98.05
Final Test: 70.32
Epoch: 00, Loss: 0.7803, Train: 48.75%, Valid: 50.45%, Test: 48.98%, Best Valid: 50.45%, Best Test: 48.98%
Epoch: 100, Loss: 0.1157, Train: 77.32%, Valid: 64.80%, Test: 62.53%, Best Valid: 65.09%, Best Test: 62.84%
Epoch: 200, Loss: 0.0754, Train: 96.22%, Valid: 71.92%, Test: 68.51%, Best Valid: 73.90%, Best Test: 72.68%
Epoch: 300, Loss: 0.0548, Train: 98.28%, Valid: 70.18%, Test: 67.00%, Best Valid: 74.38%, Best Test: 72.58%
Epoch: 400, Loss: 0.0436, Train: 99.46%, Valid: 69.57%, Test: 67.95%, Best Valid: 75.05%, Best Test: 73.75%
Epoch: 500, Loss: 0.0351, Train: 99.37%, Valid: 67.32%, Test: 65.27%, Best Valid: 75.05%, Best Test: 73.75%
Epoch: 600, Loss: 0.0319, Train: 99.76%, Valid: 69.71%, Test: 67.92%, Best Valid: 75.05%, Best Test: 73.75%
Epoch: 700, Loss: 0.0305, Train: 99.85%, Valid: 69.24%, Test: 68.00%, Best Valid: 75.05%, Best Test: 73.75%
Epoch: 800, Loss: 0.0268, Train: 99.80%, Valid: 71.01%, Test: 69.18%, Best Valid: 75.05%, Best Test: 73.75%
Epoch: 900, Loss: 0.0278, Train: 99.85%, Valid: 70.20%, Test: 69.50%, Best Valid: 75.05%, Best Test: 73.75%
Run 02:
Highest Train: 99.93
Highest Valid: 75.05
Highest Test: 73.75
Chosen epoch: 383
Final Train: 96.73
Final Test: 73.75
Epoch: 00, Loss: 0.7245, Train: 45.43%, Valid: 45.83%, Test: 44.87%, Best Valid: 45.83%, Best Test: 44.87%
Epoch: 100, Loss: 0.1134, Train: 77.59%, Valid: 62.97%, Test: 62.91%, Best Valid: 63.11%, Best Test: 62.94%
Epoch: 200, Loss: 0.0720, Train: 94.77%, Valid: 65.63%, Test: 66.08%, Best Valid: 69.94%, Best Test: 71.07%
Epoch: 300, Loss: 0.0516, Train: 98.85%, Valid: 67.52%, Test: 68.70%, Best Valid: 71.95%, Best Test: 72.88%
Epoch: 400, Loss: 0.0406, Train: 99.28%, Valid: 65.18%, Test: 66.53%, Best Valid: 71.95%, Best Test: 72.88%
Epoch: 500, Loss: 0.0355, Train: 99.69%, Valid: 67.51%, Test: 66.93%, Best Valid: 71.95%, Best Test: 72.88%
Epoch: 600, Loss: 0.0340, Train: 99.66%, Valid: 67.15%, Test: 68.27%, Best Valid: 72.63%, Best Test: 72.29%
Epoch: 700, Loss: 0.0300, Train: 99.86%, Valid: 65.22%, Test: 65.77%, Best Valid: 72.63%, Best Test: 72.29%
Epoch: 800, Loss: 0.0311, Train: 99.54%, Valid: 62.94%, Test: 64.01%, Best Valid: 72.63%, Best Test: 72.29%
Epoch: 900, Loss: 0.0290, Train: 99.61%, Valid: 70.29%, Test: 69.27%, Best Valid: 72.63%, Best Test: 72.29%
Run 03:
Highest Train: 99.91
Highest Valid: 72.63
Highest Test: 72.88
Chosen epoch: 525
Final Train: 97.91
Final Test: 72.29
All runs:
Highest Train: 99.92 ± 0.01
Highest Test: 72.32 ± 1.78
Highest Valid: 73.99 ± 1.24
  Final Train: 97.57 ± 0.73
   Final Test: 72.12 ± 1.73
Saving results to gt_search/results/questions/sgformer.csv
Namespace(aggregate='add', alpha=0.5, attention='gcn', beta=-1.0, bn=False, cpu=False, data_dir='../data/', dataset='questions', device=0, dim_inner=256, display_step=100, dropout=0.7, epochs=1000, global_dropout=None, global_epochs=0, global_layers=2, gnn='gcn', graph_weight=0.5, hidden_channels=256, hops=10, in_dropout=0.0, jk=False, label_num_per_class=20, lambda_val=0.5, layers=3, ln=False, local_epochs=0, local_gnn_type='GCN', local_layers=7, lr=0.001, metric='rocauc', mlp_epochs=500, mlp_reg=False, model='sgformer', model_dir='models', n_heads=1, num_centroids=4096, num_heads=1, oracle_reg=False, paired_seeds=False, pe_types='RWSE', penalty_transform='none', pre_linear=False, pre_ln=False, rand_split=False, rand_split_class=False, reg_start_epoch=10, reg_update_freq=5, res=False, result_dir='gt_search/results', runs=3, save_model=False, save_result=False, seed=42, test_num=1000, tr_dropout=None, tr_layers=1, tr_weight_decay=None, train_prop=0.5, use_act=False, use_bn=True, use_graph=True, use_reg=False, use_residual=True, use_weight=False, valid_num=500, valid_prop=0.25, weight_decay=0.0005)
questions
dataset questions | num nodes 48921 | num edge 153540 | num node feats 301 | num classes 2
MODEL: SGFormer(
  (trans_conv): TransConv(
    (convs): ModuleList(
      (0): TransConvLayer(
        (Wk): Linear(in_features=256, out_features=256, bias=True)
        (Wq): Linear(in_features=256, out_features=256, bias=True)
      )
    )
    (fcs): ModuleList(
      (0): Linear(in_features=301, out_features=256, bias=True)
    )
    (bns): ModuleList(
      (0): LayerNorm((256,), eps=1e-05, elementwise_affine=True)
      (1): LayerNorm((256,), eps=1e-05, elementwise_affine=True)
    )
  )
  (gnn): GCN(
    (convs): ModuleList(
      (0): GCNConv(301, 256)
      (1): GCNConv(256, 256)
      (2): GCNConv(256, 256)
    )
    (bns): ModuleList(
      (0): BatchNorm1d(256, eps=1e-05, momentum=0.1, affine=True, track_running_stats=True)
      (1): BatchNorm1d(256, eps=1e-05, momentum=0.1, affine=True, track_running_stats=True)
    )
  )
  (fc): Linear(in_features=256, out_features=2, bias=True)
)
Epoch: 00, Loss: 0.7893, Train: 46.01%, Valid: 48.38%, Test: 46.29%, Best Valid: 48.38%, Best Test: 46.29%
Epoch: 100, Loss: 0.1219, Train: 74.96%, Valid: 65.33%, Test: 62.28%, Best Valid: 66.06%, Best Test: 63.29%
Epoch: 200, Loss: 0.0935, Train: 91.87%, Valid: 72.42%, Test: 68.14%, Best Valid: 75.30%, Best Test: 71.04%
Epoch: 300, Loss: 0.0741, Train: 96.20%, Valid: 75.49%, Test: 70.67%, Best Valid: 76.46%, Best Test: 72.91%
Epoch: 400, Loss: 0.0649, Train: 97.64%, Valid: 72.81%, Test: 67.06%, Best Valid: 76.46%, Best Test: 72.91%
Epoch: 500, Loss: 0.0599, Train: 97.77%, Valid: 74.79%, Test: 70.68%, Best Valid: 76.46%, Best Test: 72.91%
Epoch: 600, Loss: 0.0543, Train: 98.02%, Valid: 70.48%, Test: 64.14%, Best Valid: 76.46%, Best Test: 72.91%
Epoch: 700, Loss: 0.0507, Train: 98.69%, Valid: 74.08%, Test: 70.15%, Best Valid: 76.46%, Best Test: 72.91%
Epoch: 800, Loss: 0.0477, Train: 98.42%, Valid: 75.22%, Test: 70.46%, Best Valid: 76.46%, Best Test: 72.91%
Epoch: 900, Loss: 0.0487, Train: 99.19%, Valid: 70.47%, Test: 66.21%, Best Valid: 76.46%, Best Test: 72.91%
Run 01:
Highest Train: 99.45
Highest Valid: 76.46
Highest Test: 72.91
Chosen epoch: 237
Final Train: 94.80
Final Test: 72.91
Epoch: 00, Loss: 0.8151, Train: 49.68%, Valid: 51.62%, Test: 50.35%, Best Valid: 51.62%, Best Test: 50.35%
Epoch: 100, Loss: 0.1231, Train: 74.92%, Valid: 64.89%, Test: 62.61%, Best Valid: 64.89%, Best Test: 62.61%
Epoch: 200, Loss: 0.0962, Train: 92.54%, Valid: 72.24%, Test: 70.51%, Best Valid: 73.42%, Best Test: 72.38%
Epoch: 300, Loss: 0.0813, Train: 96.12%, Valid: 73.21%, Test: 71.41%, Best Valid: 75.98%, Best Test: 74.88%
Epoch: 400, Loss: 0.0682, Train: 97.33%, Valid: 73.27%, Test: 71.74%, Best Valid: 76.52%, Best Test: 75.22%
Epoch: 500, Loss: 0.0644, Train: 97.61%, Valid: 70.98%, Test: 68.91%, Best Valid: 76.52%, Best Test: 75.22%
Epoch: 600, Loss: 0.0614, Train: 98.31%, Valid: 72.48%, Test: 71.08%, Best Valid: 76.52%, Best Test: 75.22%
Epoch: 700, Loss: 0.0564, Train: 98.51%, Valid: 73.58%, Test: 73.98%, Best Valid: 76.52%, Best Test: 75.22%
Epoch: 800, Loss: 0.0523, Train: 98.27%, Valid: 70.23%, Test: 68.04%, Best Valid: 76.52%, Best Test: 75.22%
Epoch: 900, Loss: 0.0539, Train: 99.01%, Valid: 72.52%, Test: 71.78%, Best Valid: 76.52%, Best Test: 75.22%
Run 02:
Highest Train: 99.27
Highest Valid: 76.52
Highest Test: 75.22
Chosen epoch: 307
Final Train: 95.66
Final Test: 75.22
Epoch: 00, Loss: 0.7749, Train: 46.16%, Valid: 46.75%, Test: 45.59%, Best Valid: 46.75%, Best Test: 45.59%
Epoch: 100, Loss: 0.1211, Train: 74.66%, Valid: 62.93%, Test: 64.05%, Best Valid: 63.01%, Best Test: 64.13%
Epoch: 200, Loss: 0.0944, Train: 92.88%, Valid: 72.04%, Test: 73.16%, Best Valid: 72.10%, Best Test: 72.63%
Epoch: 300, Loss: 0.0785, Train: 95.92%, Valid: 70.36%, Test: 70.18%, Best Valid: 75.70%, Best Test: 74.22%
Epoch: 400, Loss: 0.0688, Train: 97.62%, Valid: 71.99%, Test: 72.42%, Best Valid: 75.70%, Best Test: 74.22%
Epoch: 500, Loss: 0.0605, Train: 98.40%, Valid: 71.99%, Test: 72.77%, Best Valid: 75.70%, Best Test: 74.22%
Epoch: 600, Loss: 0.0580, Train: 98.47%, Valid: 73.34%, Test: 73.09%, Best Valid: 75.70%, Best Test: 74.22%
Epoch: 700, Loss: 0.0550, Train: 98.89%, Valid: 71.10%, Test: 71.25%, Best Valid: 75.70%, Best Test: 74.22%
Epoch: 800, Loss: 0.0523, Train: 98.80%, Valid: 73.18%, Test: 73.21%, Best Valid: 76.13%, Best Test: 75.42%
Epoch: 900, Loss: 0.0505, Train: 99.22%, Valid: 70.54%, Test: 71.21%, Best Valid: 76.13%, Best Test: 75.42%
Run 03:
Highest Train: 99.42
Highest Valid: 76.13
Highest Test: 75.61
Chosen epoch: 759
Final Train: 97.84
Final Test: 75.42
All runs:
Highest Train: 99.38 ± 0.10
Highest Test: 74.58 ± 1.46
Highest Valid: 76.37 ± 0.21
  Final Train: 96.10 ± 1.57
   Final Test: 74.52 ± 1.39
Saving results to gt_search/results/questions/sgformer.csv
Namespace(aggregate='add', alpha=0.5, attention='gcn', beta=-1.0, bn=False, cpu=False, data_dir='../data/', dataset='questions', device=0, dim_inner=256, display_step=100, dropout=0.7, epochs=1000, global_dropout=None, global_epochs=0, global_layers=2, gnn='gcn', graph_weight=0.8, hidden_channels=256, hops=10, in_dropout=0.0, jk=False, label_num_per_class=20, lambda_val=0.5, layers=3, ln=False, local_epochs=0, local_gnn_type='GCN', local_layers=7, lr=0.001, metric='rocauc', mlp_epochs=500, mlp_reg=False, model='sgformer', model_dir='models', n_heads=1, num_centroids=4096, num_heads=1, oracle_reg=False, paired_seeds=False, pe_types='RWSE', penalty_transform='none', pre_linear=False, pre_ln=False, rand_split=False, rand_split_class=False, reg_start_epoch=10, reg_update_freq=5, res=False, result_dir='gt_search/results', runs=3, save_model=False, save_result=False, seed=42, test_num=1000, tr_dropout=None, tr_layers=1, tr_weight_decay=None, train_prop=0.5, use_act=False, use_bn=True, use_graph=True, use_reg=False, use_residual=True, use_weight=False, valid_num=500, valid_prop=0.25, weight_decay=0.0005)
questions
dataset questions | num nodes 48921 | num edge 153540 | num node feats 301 | num classes 2
MODEL: SGFormer(
  (trans_conv): TransConv(
    (convs): ModuleList(
      (0): TransConvLayer(
        (Wk): Linear(in_features=256, out_features=256, bias=True)
        (Wq): Linear(in_features=256, out_features=256, bias=True)
      )
    )
    (fcs): ModuleList(
      (0): Linear(in_features=301, out_features=256, bias=True)
    )
    (bns): ModuleList(
      (0): LayerNorm((256,), eps=1e-05, elementwise_affine=True)
      (1): LayerNorm((256,), eps=1e-05, elementwise_affine=True)
    )
  )
  (gnn): GCN(
    (convs): ModuleList(
      (0): GCNConv(301, 256)
      (1): GCNConv(256, 256)
      (2): GCNConv(256, 256)
    )
    (bns): ModuleList(
      (0): BatchNorm1d(256, eps=1e-05, momentum=0.1, affine=True, track_running_stats=True)
      (1): BatchNorm1d(256, eps=1e-05, momentum=0.1, affine=True, track_running_stats=True)
    )
  )
  (fc): Linear(in_features=256, out_features=2, bias=True)
)
Epoch: 00, Loss: 0.7930, Train: 44.72%, Valid: 47.20%, Test: 44.97%, Best Valid: 47.20%, Best Test: 44.97%
Epoch: 100, Loss: 0.1280, Train: 72.42%, Valid: 63.38%, Test: 61.07%, Best Valid: 63.46%, Best Test: 61.36%
Epoch: 200, Loss: 0.1007, Train: 89.85%, Valid: 69.73%, Test: 65.64%, Best Valid: 70.80%, Best Test: 65.81%
Epoch: 300, Loss: 0.0793, Train: 94.28%, Valid: 70.62%, Test: 63.90%, Best Valid: 74.41%, Best Test: 69.36%
Epoch: 400, Loss: 0.0679, Train: 97.87%, Valid: 73.66%, Test: 67.16%, Best Valid: 75.27%, Best Test: 69.60%
Epoch: 500, Loss: 0.0605, Train: 98.12%, Valid: 74.32%, Test: 68.82%, Best Valid: 75.27%, Best Test: 69.60%
Epoch: 600, Loss: 0.0567, Train: 98.70%, Valid: 73.04%, Test: 65.86%, Best Valid: 75.27%, Best Test: 69.60%
Epoch: 700, Loss: 0.0536, Train: 98.96%, Valid: 71.75%, Test: 64.48%, Best Valid: 75.27%, Best Test: 69.60%
Epoch: 800, Loss: 0.0520, Train: 98.67%, Valid: 74.02%, Test: 68.52%, Best Valid: 75.27%, Best Test: 69.60%
Epoch: 900, Loss: 0.0511, Train: 99.40%, Valid: 72.23%, Test: 66.20%, Best Valid: 75.27%, Best Test: 69.60%
Run 01:
Highest Train: 99.51
Highest Valid: 75.27
Highest Test: 71.24
Chosen epoch: 361
Final Train: 97.52
Final Test: 69.60
Epoch: 00, Loss: 0.7801, Train: 48.76%, Valid: 50.44%, Test: 48.97%, Best Valid: 50.44%, Best Test: 48.97%
Epoch: 100, Loss: 0.1280, Train: 73.30%, Valid: 64.20%, Test: 61.74%, Best Valid: 64.37%, Best Test: 61.88%
Epoch: 200, Loss: 0.0998, Train: 89.38%, Valid: 68.58%, Test: 66.44%, Best Valid: 70.22%, Best Test: 68.14%
Epoch: 300, Loss: 0.0802, Train: 95.95%, Valid: 71.38%, Test: 69.20%, Best Valid: 74.03%, Best Test: 72.27%
Epoch: 400, Loss: 0.0696, Train: 97.66%, Valid: 73.51%, Test: 72.56%, Best Valid: 75.46%, Best Test: 74.22%
Epoch: 500, Loss: 0.0633, Train: 98.39%, Valid: 72.91%, Test: 71.56%, Best Valid: 75.46%, Best Test: 74.22%
Epoch: 600, Loss: 0.0574, Train: 98.33%, Valid: 73.46%, Test: 72.84%, Best Valid: 75.46%, Best Test: 74.22%
Epoch: 700, Loss: 0.0559, Train: 98.88%, Valid: 71.70%, Test: 71.26%, Best Valid: 75.46%, Best Test: 74.22%
Epoch: 800, Loss: 0.0508, Train: 98.54%, Valid: 68.61%, Test: 67.75%, Best Valid: 75.46%, Best Test: 74.22%
Epoch: 900, Loss: 0.0531, Train: 99.43%, Valid: 70.19%, Test: 68.54%, Best Valid: 75.46%, Best Test: 74.22%
Run 02:
Highest Train: 99.53
Highest Valid: 75.46
Highest Test: 74.50
Chosen epoch: 384
Final Train: 96.82
Final Test: 74.22
Epoch: 00, Loss: 0.7238, Train: 45.44%, Valid: 45.79%, Test: 44.87%, Best Valid: 45.79%, Best Test: 44.87%
Epoch: 100, Loss: 0.1270, Train: 72.81%, Valid: 61.83%, Test: 62.50%, Best Valid: 61.91%, Best Test: 62.52%
Epoch: 200, Loss: 0.0973, Train: 91.68%, Valid: 69.24%, Test: 70.17%, Best Valid: 69.51%, Best Test: 70.49%
Epoch: 300, Loss: 0.0786, Train: 95.71%, Valid: 69.59%, Test: 71.13%, Best Valid: 71.72%, Best Test: 72.33%
Epoch: 400, Loss: 0.0678, Train: 98.00%, Valid: 70.77%, Test: 70.64%, Best Valid: 74.05%, Best Test: 74.01%
Epoch: 500, Loss: 0.0631, Train: 98.66%, Valid: 71.10%, Test: 71.28%, Best Valid: 74.24%, Best Test: 72.54%
Epoch: 600, Loss: 0.0581, Train: 98.46%, Valid: 71.82%, Test: 72.64%, Best Valid: 74.82%, Best Test: 74.15%
Epoch: 700, Loss: 0.0560, Train: 98.57%, Valid: 72.80%, Test: 72.94%, Best Valid: 74.82%, Best Test: 74.15%
Epoch: 800, Loss: 0.0552, Train: 99.08%, Valid: 70.89%, Test: 71.18%, Best Valid: 74.82%, Best Test: 74.15%
Epoch: 900, Loss: 0.0530, Train: 99.30%, Valid: 70.74%, Test: 70.90%, Best Valid: 74.82%, Best Test: 74.15%
Run 03:
Highest Train: 99.46
Highest Valid: 74.82
Highest Test: 74.15
Chosen epoch: 587
Final Train: 97.68
Final Test: 74.15
All runs:
Highest Train: 99.50 ± 0.03
Highest Test: 73.30 ± 1.79
Highest Valid: 75.19 ± 0.33
  Final Train: 97.34 ± 0.45
   Final Test: 72.66 ± 2.65
Saving results to gt_search/results/questions/sgformer.csv
Search done: sgformer / questions. Select with: python analyze_gt_search.py
